function,dimension,run,checkpoint,error
F182013,10,0,0.01,"[971.3545099296487, 0.10892176628112793]"
F182013,10,0,0.1,"[331.6767504634456, 0.7549135684967041]"
F182013,10,0,0.2,"[189.30252568967933, 1.4723963737487793]"
F182013,10,0,0.3,"[221.46007184751284, 2.1885809898376465]"
F182013,10,0,0.4,"[407.56857698228475, 2.9073405265808105]"
F182013,10,0,0.5,"[298.0004692646637, 3.6267592906951904]"
F182013,10,0,0.6,"[227.26910997760626, 4.344733238220215]"
F182013,10,0,0.7,"[188.50439438888657, 5.0650389194488525]"
F182013,10,0,0.8,"[218.1401705099688, 5.784337043762207]"
F182013,10,0,0.9,"[171.77277083875504, 6.509669303894043]"
F182013,10,0,1.0,"[134.1449403909494, 7.231261253356934]"
F182013,10,1,0.01,"[1549.305109154456, 0.1092064380645752]"
F182013,10,1,0.1,"[427.9327130646966, 0.7548480033874512]"
F182013,10,1,0.2,"[356.12722347, 1.473156452178955]"
F182013,10,1,0.3,"[359.82107139763457, 2.190492630004883]"
F182013,10,1,0.4,"[357.8988606939563, 2.9102680683135986]"
F182013,10,1,0.5,"[292.33862531808336, 3.6297247409820557]"
F182013,10,1,0.6,"[342.7570992276477, 4.447613000869751]"
F182013,10,1,0.7,"[259.9103191373755, 5.193929433822632]"
F182013,10,1,0.8,"[239.05618564361544, 5.939676284790039]"
F182013,10,1,0.9,"[150.66741466187443, 6.659684658050537]"
F182013,10,1,1.0,"[247.1100326664631, 7.383419752120972]"
F182013,10,2,0.01,"[656.4876751329211, 0.07182598114013672]"
F182013,10,2,0.1,"[389.6842996946367, 0.7101166248321533]"
F182013,10,2,0.2,"[324.11134267711464, 1.422605276107788]"
F182013,10,2,0.3,"[395.842939245078, 2.1340811252593994]"
F182013,10,2,0.4,"[275.4400480074074, 2.8459577560424805]"
F182013,10,2,0.5,"[187.54194568062724, 3.598553419113159]"
F182013,10,2,0.6,"[230.87567719239496, 4.363191604614258]"
F182013,10,2,0.7,"[303.02153247601245, 5.129360198974609]"
F182013,10,2,0.8,"[148.4499958103188, 5.8421173095703125]"
F182013,10,2,0.9,"[147.37761118150024, 6.5530407428741455]"
F182013,10,2,1.0,"[241.45132283788428, 7.266530513763428]"
F182013,10,3,0.01,"[1338.858018719347, 0.0722043514251709]"
F182013,10,3,0.1,"[298.807374536456, 0.712472677230835]"
F182013,10,3,0.2,"[569.4733937411186, 1.4260649681091309]"
F182013,10,3,0.3,"[275.16359897375355, 2.137181520462036]"
F182013,10,3,0.4,"[359.3000549582023, 2.851621389389038]"
F182013,10,3,0.5,"[372.14763104667816, 3.6158719062805176]"
F182013,10,3,0.6,"[300.4770757462941, 4.423436641693115]"
F182013,10,3,0.7,"[403.0671016685442, 5.138733386993408]"
F182013,10,3,0.8,"[230.21131462106496, 5.995992422103882]"
F182013,10,3,0.9,"[331.9957630527623, 6.711972951889038]"
F182013,10,3,1.0,"[337.49162951062453, 7.466402053833008]"
F182013,10,4,0.01,"[2322.975191487984, 0.07184839248657227]"
F182013,10,4,0.1,"[347.99284160183663, 0.7109253406524658]"
F182013,10,4,0.2,"[234.047782492142, 1.4327356815338135]"
F182013,10,4,0.3,"[289.47907935272974, 2.270382881164551]"
F182013,10,4,0.4,"[179.83415119663346, 2.9843227863311768]"
F182013,10,4,0.5,"[274.29057615171246, 3.695443630218506]"
F182013,10,4,0.6,"[197.8186611833852, 4.407454013824463]"
F182013,10,4,0.7,"[271.6503846449317, 5.1211512088775635]"
F182013,10,4,0.8,"[218.81113282137858, 5.881044387817383]"
F182013,10,4,0.9,"[212.97262828842793, 6.5934157371521]"
F182013,10,4,1.0,"[269.95508767090405, 7.339792251586914]"
F182013,10,5,0.01,"[1178.9294266392344, 0.07178521156311035]"
F182013,10,5,0.1,"[439.10070710126274, 0.7079076766967773]"
F182013,10,5,0.2,"[397.10564912477525, 1.4158344268798828]"
F182013,10,5,0.3,"[232.83087024902738, 2.1239216327667236]"
F182013,10,5,0.4,"[183.66761251249227, 2.8309404850006104]"
F182013,10,5,0.5,"[316.06677869042824, 3.5376946926116943]"
F182013,10,5,0.6,"[298.3534495489016, 4.247499227523804]"
F182013,10,5,0.7,"[149.38137740226784, 4.959364175796509]"
F182013,10,5,0.8,"[200.63768691339305, 5.671841621398926]"
F182013,10,5,0.9,"[223.39358507323414, 6.379881858825684]"
F182013,10,5,1.0,"[242.92217954069883, 7.086735725402832]"
F182013,10,6,0.01,"[582.6369944011494, 0.10883331298828125]"
F182013,10,6,0.1,"[652.0528516742293, 0.7475924491882324]"
F182013,10,6,0.2,"[313.24944187555366, 1.4591178894042969]"
F182013,10,6,0.3,"[309.77055101923656, 2.4243099689483643]"
F182013,10,6,0.4,"[293.9125742469955, 3.134573459625244]"
F182013,10,6,0.5,"[135.10939405517445, 3.846726655960083]"
F182013,10,6,0.6,"[302.73104815281647, 4.557658672332764]"
F182013,10,6,0.7,"[186.90543346271988, 5.2691569328308105]"
F182013,10,6,0.8,"[210.7031258268139, 5.981668710708618]"
F182013,10,6,0.9,"[333.57608432905647, 6.695666074752808]"
F182013,10,6,1.0,"[203.52710917806178, 7.410003185272217]"
F182013,10,7,0.01,"[1049.6295119791598, 0.08804035186767578]"
F182013,10,7,0.1,"[284.23672808183505, 0.7254440784454346]"
F182013,10,7,0.2,"[213.5241652350544, 1.434800148010254]"
F182013,10,7,0.3,"[274.8059133781928, 2.143615484237671]"
F182013,10,7,0.4,"[322.9454986862711, 2.855268716812134]"
F182013,10,7,0.5,"[158.4172368880703, 3.5655627250671387]"
F182013,10,7,0.6,"[241.0290545555049, 4.328300952911377]"
F182013,10,7,0.7,"[192.16964087501697, 5.041192531585693]"
F182013,10,7,0.8,"[310.1250032941871, 5.806509256362915]"
F182013,10,7,0.9,"[173.71739621956317, 6.519746780395508]"
F182013,10,7,1.0,"[234.77042598221738, 7.232008695602417]"
F182013,10,8,0.01,"[1379.348757265449, 0.09142684936523438]"
F182013,10,8,0.1,"[619.5968841860107, 0.7338371276855469]"
F182013,10,8,0.2,"[313.9495711335014, 1.4471635818481445]"
F182013,10,8,0.3,"[506.48136150186826, 2.287716865539551]"
F182013,10,8,0.4,"[226.6591732413881, 3.0018162727355957]"
F182013,10,8,0.5,"[230.14745836696352, 3.7137391567230225]"
F182013,10,8,0.6,"[229.1504495429524, 4.427580833435059]"
F182013,10,8,0.7,"[299.14442507705394, 5.27305793762207]"
F182013,10,8,0.8,"[197.28722130466963, 6.000796556472778]"
F182013,10,8,0.9,"[174.7112451301989, 6.7149364948272705]"
F182013,10,8,1.0,"[231.73871709891353, 7.429513931274414]"
F182013,10,9,0.01,"[943.4583519168009, 0.07248735427856445]"
F182013,10,9,0.1,"[251.13842964769128, 0.7152009010314941]"
F182013,10,9,0.2,"[482.0666950507041, 1.86629319190979]"
F182013,10,9,0.3,"[432.9677431877027, 2.5947558879852295]"
F182013,10,9,0.4,"[319.822073803579, 3.3119068145751953]"
F182013,10,9,0.5,"[210.84689250952442, 4.067684650421143]"
F182013,10,9,0.6,"[224.94752812015577, 5.414119005203247]"
F182013,10,9,0.7,"[308.5583319059182, 6.172763347625732]"
F182013,10,9,0.8,"[189.4108623902398, 6.8925793170928955]"
F182013,10,9,0.9,"[298.1267986005307, 7.613362550735474]"
F182013,10,9,1.0,"[201.2790290183127, 8.330011129379272]"
F182013,10,10,0.01,"[1274.492191685996, 0.07242345809936523]"
F182013,10,10,0.1,"[336.38810528777947, 0.7163071632385254]"
F182013,10,10,0.2,"[173.5456883291613, 1.6476271152496338]"
F182013,10,10,0.3,"[162.2067132111514, 2.3652679920196533]"
F182013,10,10,0.4,"[172.98343578594643, 3.21535587310791]"
F182013,10,10,0.5,"[289.02618497343565, 4.172082901000977]"
F182013,10,10,0.6,"[366.97029450816956, 5.175607204437256]"
F182013,10,10,0.7,"[223.63075506054417, 5.8980653285980225]"
F182013,10,10,0.8,"[182.87149218239517, 6.6734678745269775]"
F182013,10,10,0.9,"[192.40873998205302, 7.393510341644287]"
F182013,10,10,1.0,"[204.48554783222835, 8.111833333969116]"
F182013,10,11,0.01,"[1066.2196360423627, 0.10056328773498535]"
F182013,10,11,0.1,"[582.0101293293103, 0.7358913421630859]"
F182013,10,11,0.2,"[258.0128157868502, 1.4435079097747803]"
F182013,10,11,0.3,"[263.1042263460091, 2.151031970977783]"
F182013,10,11,0.4,"[266.06519083668263, 2.859973192214966]"
F182013,10,11,0.5,"[353.38439766765634, 3.5677719116210938]"
F182013,10,11,0.6,"[312.2822593846388, 4.277091979980469]"
F182013,10,11,0.7,"[306.87267990640544, 5.031047105789185]"
F182013,10,11,0.8,"[262.3548042482131, 5.7460198402404785]"
F182013,10,11,0.9,"[244.12024441184735, 6.4633283615112305]"
F182013,10,11,1.0,"[297.4545769725132, 7.1753668785095215]"
F182013,10,12,0.01,"[1052.2100357398692, 0.07556414604187012]"
F182013,10,12,0.1,"[214.00877637361862, 0.7512845993041992]"
F182013,10,12,0.2,"[349.18964738548414, 1.4716072082519531]"
F182013,10,12,0.3,"[269.02572072750183, 2.1919822692871094]"
F182013,10,12,0.4,"[266.07220593952206, 2.9131999015808105]"
F182013,10,12,0.5,"[180.50236009585717, 3.6339995861053467]"
F182013,10,12,0.6,"[137.7515659896892, 4.355026960372925]"
F182013,10,12,0.7,"[246.05476635977232, 5.0786731243133545]"
F182013,10,12,0.8,"[225.54070251680582, 5.799921989440918]"
F182013,10,12,0.9,"[234.95158666833208, 6.522645711898804]"
F182013,10,12,1.0,"[222.4826361196475, 7.244146108627319]"
F182013,10,13,0.01,"[1510.4779828622404, 0.0861504077911377]"
F182013,10,13,0.1,"[359.2707266105069, 0.7231450080871582]"
F182013,10,13,0.2,"[308.4809217047484, 1.4344170093536377]"
F182013,10,13,0.3,"[394.6336156136715, 2.1445095539093018]"
F182013,10,13,0.4,"[308.92927015236273, 2.857245445251465]"
F182013,10,13,0.5,"[329.87703509086737, 3.899320125579834]"
F182013,10,13,0.6,"[198.156003852852, 4.612128973007202]"
F182013,10,13,0.7,"[206.67900346837268, 5.326826333999634]"
F182013,10,13,0.8,"[197.13762863905868, 6.041322231292725]"
F182013,10,13,0.9,"[258.7954731335125, 6.757022857666016]"
F182013,10,13,1.0,"[370.7899870849694, 7.472577333450317]"
F182013,10,14,0.01,"[633.8012862994351, 0.0951223373413086]"
F182013,10,14,0.1,"[393.2849163060225, 0.7349920272827148]"
F182013,10,14,0.2,"[495.88562920980667, 1.446437120437622]"
F182013,10,14,0.3,"[324.0691076325222, 2.158074378967285]"
F182013,10,14,0.4,"[242.9927689940739, 2.8725147247314453]"
F182013,10,14,0.5,"[148.2409578915299, 3.5866925716400146]"
F182013,10,14,0.6,"[214.23827542715208, 4.300729751586914]"
F182013,10,14,0.7,"[229.81958545527596, 5.016094446182251]"
F182013,10,14,0.8,"[291.48096736054185, 5.729980230331421]"
F182013,10,14,0.9,"[180.0542332540117, 6.443496942520142]"
F182013,10,14,1.0,"[268.6066939635723, 7.158370494842529]"
F182013,10,15,0.01,"[917.4461078781076, 0.09317231178283691]"
F182013,10,15,0.1,"[527.7082093652025, 0.7329225540161133]"
F182013,10,15,0.2,"[241.8489413423148, 1.4472267627716064]"
F182013,10,15,0.3,"[346.4390707220241, 2.158658504486084]"
F182013,10,15,0.4,"[169.67394598089254, 2.871792793273926]"
F182013,10,15,0.5,"[409.8460679208639, 3.585768699645996]"
F182013,10,15,0.6,"[187.64119620406495, 4.300084829330444]"
F182013,10,15,0.7,"[277.0350005326436, 5.015383720397949]"
F182013,10,15,0.8,"[299.3978574752182, 5.7304723262786865]"
F182013,10,15,0.9,"[209.9513039391477, 6.447234153747559]"
F182013,10,15,1.0,"[318.5195046787587, 7.164079666137695]"
F182013,10,16,0.01,"[1712.552111766051, 0.10844945907592773]"
F182013,10,16,0.1,"[322.8919774537328, 0.7510747909545898]"
F182013,10,16,0.2,"[358.07852085512434, 1.4660122394561768]"
F182013,10,16,0.3,"[287.04983338164595, 2.1807796955108643]"
F182013,10,16,0.4,"[341.56477715153903, 2.8964602947235107]"
F182013,10,16,0.5,"[169.4307093422624, 3.6107306480407715]"
F182013,10,16,0.6,"[193.6636703383183, 4.325082302093506]"
F182013,10,16,0.7,"[192.57425678909067, 5.0421833992004395]"
F182013,10,16,0.8,"[281.44220956118113, 5.766810655593872]"
F182013,10,16,0.9,"[363.84001417534387, 6.482876300811768]"
F182013,10,16,1.0,"[143.63878766723292, 7.199748277664185]"
F182013,10,17,0.01,"[664.1594883567859, 0.07184171676635742]"
F182013,10,17,0.1,"[301.8434728359654, 0.7082951068878174]"
F182013,10,17,0.2,"[317.4225441780278, 1.4198386669158936]"
F182013,10,17,0.3,"[150.472477406219, 2.1284258365631104]"
F182013,10,17,0.4,"[230.30446611943785, 2.8387303352355957]"
F182013,10,17,0.5,"[338.73606513854713, 3.549088478088379]"
F182013,10,17,0.6,"[194.8074996238454, 4.258469581604004]"
F182013,10,17,0.7,"[484.3736329632518, 4.971130847930908]"
F182013,10,17,0.8,"[178.78738832431054, 6.0513060092926025]"
F182013,10,17,0.9,"[161.2510311754985, 6.762869358062744]"
F182013,10,17,1.0,"[174.3396389613606, 7.473763465881348]"
F182013,10,18,0.01,"[908.4790337088464, 0.09827327728271484]"
F182013,10,18,0.1,"[605.0396814291206, 0.744816780090332]"
F182013,10,18,0.2,"[527.4892710753452, 1.458686351776123]"
F182013,10,18,0.3,"[208.36740437592118, 2.170905351638794]"
F182013,10,18,0.4,"[169.8271614488758, 2.885190963745117]"
F182013,10,18,0.5,"[391.5778465659781, 3.5990002155303955]"
F182013,10,18,0.6,"[213.1296929641968, 4.312973499298096]"
F182013,10,18,0.7,"[235.3266598443704, 5.030052661895752]"
F182013,10,18,0.8,"[207.63322328008405, 6.136172294616699]"
F182013,10,18,0.9,"[331.84049642696687, 6.851025819778442]"
F182013,10,18,1.0,"[208.70899412382346, 7.565750360488892]"
F182013,10,19,0.01,"[1177.1345789166658, 0.08478856086730957]"
F182013,10,19,0.1,"[581.35439194386, 0.7216715812683105]"
F182013,10,19,0.2,"[431.4177333173177, 1.4286582469940186]"
F182013,10,19,0.3,"[356.1494818882454, 2.1369943618774414]"
F182013,10,19,0.4,"[285.8734732518427, 2.8467440605163574]"
F182013,10,19,0.5,"[181.95123509161192, 3.5562994480133057]"
F182013,10,19,0.6,"[282.2619994654916, 4.2659711837768555]"
F182013,10,19,0.7,"[184.19713225067858, 4.978538513183594]"
F182013,10,19,0.8,"[232.8614430690253, 5.690807580947876]"
F182013,10,19,0.9,"[176.4596258854299, 6.402268886566162]"
F182013,10,19,1.0,"[211.29039286676698, 7.126793622970581]"
F182013,10,20,0.01,"[959.5843117389518, 0.07269501686096191]"
F182013,10,20,0.1,"[365.3913887538208, 0.7149186134338379]"
F182013,10,20,0.2,"[369.68649936066777, 1.4284627437591553]"
F182013,10,20,0.3,"[241.223264512573, 2.1400017738342285]"
F182013,10,20,0.4,"[370.5234032884457, 2.8542640209198]"
F182013,10,20,0.5,"[252.07980138058292, 4.272504806518555]"
F182013,10,20,0.6,"[171.42304751927986, 5.3230321407318115]"
F182013,10,20,0.7,"[201.02274961133298, 6.129558563232422]"
F182013,10,20,0.8,"[139.41813919468564, 6.844958782196045]"
F182013,10,20,0.9,"[185.89068593217098, 7.560739040374756]"
F182013,10,20,1.0,"[261.0775254017958, 8.275267839431763]"
F182013,10,21,0.01,"[1626.61477174062, 0.07191658020019531]"
F182013,10,21,0.1,"[347.54897384261926, 0.7085599899291992]"
F182013,10,21,0.2,"[288.1025334814626, 1.419783592224121]"
F182013,10,21,0.3,"[390.37500686090914, 2.1273090839385986]"
F182013,10,21,0.4,"[255.80761335208604, 2.8375349044799805]"
F182013,10,21,0.5,"[269.56340941732014, 3.547450304031372]"
F182013,10,21,0.6,"[327.28920653464934, 4.258310794830322]"
F182013,10,21,0.7,"[218.93472813693074, 4.970837354660034]"
F182013,10,21,0.8,"[421.82862013454076, 5.682783126831055]"
F182013,10,21,0.9,"[260.4070152675862, 6.393295764923096]"
F182013,10,21,1.0,"[208.0808602292118, 7.1037561893463135]"
F182013,10,22,0.01,"[576.213472393573, 0.07767462730407715]"
F182013,10,22,0.1,"[581.3113382971165, 0.7209391593933105]"
F182013,10,22,0.2,"[230.0456821198477, 1.4368417263031006]"
F182013,10,22,0.3,"[256.2821674034178, 2.150857925415039]"
F182013,10,22,0.4,"[271.3231162862704, 2.86750864982605]"
F182013,10,22,0.5,"[308.71598021998943, 3.582343578338623]"
F182013,10,22,0.6,"[258.64911533421036, 4.297369003295898]"
F182013,10,22,0.7,"[206.0222796425777, 5.0152318477630615]"
F182013,10,22,0.8,"[265.0824373530804, 5.73105525970459]"
F182013,10,22,0.9,"[271.87125917638787, 6.446322202682495]"
F182013,10,22,1.0,"[273.04559617216466, 7.162039756774902]"
F182013,10,23,0.01,"[595.8274019479508, 0.07244443893432617]"
F182013,10,23,0.1,"[323.0136683334372, 0.715390682220459]"
F182013,10,23,0.2,"[213.3067700649642, 1.4300734996795654]"
F182013,10,23,0.3,"[258.8849088365332, 2.1443052291870117]"
F182013,10,23,0.4,"[243.9121835902131, 2.8592417240142822]"
F182013,10,23,0.5,"[265.73241358414725, 3.903102159500122]"
F182013,10,23,0.6,"[185.25212143043007, 4.619130373001099]"
F182013,10,23,0.7,"[163.21602911207242, 5.404460430145264]"
F182013,10,23,0.8,"[195.3967705258956, 6.117565393447876]"
F182013,10,23,0.9,"[192.81136784573255, 6.83221960067749]"
F182013,10,23,1.0,"[205.03029344084803, 7.546621561050415]"
F182013,10,24,0.01,"[1316.4370558510884, 0.0830678939819336]"
F182013,10,24,0.1,"[558.648197726407, 0.7221524715423584]"
F182013,10,24,0.2,"[140.79582308921476, 1.4346797466278076]"
F182013,10,24,0.3,"[305.59182301111696, 2.1463332176208496]"
F182013,10,24,0.4,"[262.05419209506977, 2.858931064605713]"
F182013,10,24,0.5,"[349.6324120124714, 3.971222400665283]"
F182013,10,24,0.6,"[266.71868064284354, 4.685428857803345]"
F182013,10,24,0.7,"[256.76961176398095, 5.492419719696045]"
F182013,10,24,0.8,"[263.76122581662025, 6.208870887756348]"
F182013,10,24,0.9,"[242.32550971117007, 6.923283576965332]"
F182013,10,24,1.0,"[232.7845120676867, 7.6390886306762695]"
F182013,10,25,0.01,"[851.6178894488444, 0.08828473091125488]"
F182013,10,25,0.1,"[365.22102147264627, 0.7274959087371826]"
F182013,10,25,0.2,"[347.5457095624454, 1.4417133331298828]"
F182013,10,25,0.3,"[379.84336188335396, 2.1538915634155273]"
F182013,10,25,0.4,"[290.62266178064885, 2.866745948791504]"
F182013,10,25,0.5,"[368.4756112615662, 3.5800395011901855]"
F182013,10,25,0.6,"[353.73688245731046, 4.293715238571167]"
F182013,10,25,0.7,"[234.65126673791224, 5.008861541748047]"
F182013,10,25,0.8,"[230.03209452297097, 5.7242207527160645]"
F182013,10,25,0.9,"[129.09703347031325, 6.438662767410278]"
F182013,10,25,1.0,"[172.26062165735766, 7.154776096343994]"
F182013,10,26,0.01,"[876.6368221009698, 0.07140088081359863]"
F182013,10,26,0.1,"[681.7773785760482, 0.7052254676818848]"
F182013,10,26,0.2,"[299.9746211533418, 1.4110844135284424]"
F182013,10,26,0.3,"[267.9546255977814, 2.116694211959839]"
F182013,10,26,0.4,"[342.2577334259572, 2.825075149536133]"
F182013,10,26,0.5,"[538.6688618903061, 3.532961368560791]"
F182013,10,26,0.6,"[200.94461432006972, 4.241025447845459]"
F182013,10,26,0.7,"[201.91788786663585, 4.951387882232666]"
F182013,10,26,0.8,"[173.21140146340485, 5.661421537399292]"
F182013,10,26,0.9,"[234.89911765077727, 6.370790481567383]"
F182013,10,26,1.0,"[238.03510616599146, 7.08084511756897]"
F182013,10,27,0.01,"[641.801974867986, 0.07181215286254883]"
F182013,10,27,0.1,"[376.982629005224, 0.7059507369995117]"
F182013,10,27,0.2,"[305.23763419126647, 1.4117493629455566]"
F182013,10,27,0.3,"[306.78305158039143, 2.1160502433776855]"
F182013,10,27,0.4,"[292.64772771949674, 2.823484182357788]"
F182013,10,27,0.5,"[236.8104075773672, 3.531022310256958]"
F182013,10,27,0.6,"[237.69501497093552, 4.239576816558838]"
F182013,10,27,0.7,"[153.41573227917547, 4.950164794921875]"
F182013,10,27,0.8,"[247.23384040244014, 5.661051988601685]"
F182013,10,27,0.9,"[167.69398703420347, 6.371283531188965]"
F182013,10,27,1.0,"[353.5525442862514, 7.080714464187622]"
F182013,10,28,0.01,"[546.2979531515443, 0.07238483428955078]"
F182013,10,28,0.1,"[411.16832701912426, 0.7134072780609131]"
F182013,10,28,0.2,"[322.5827952945781, 1.4269092082977295]"
F182013,10,28,0.3,"[203.50570894596126, 2.1394731998443604]"
F182013,10,28,0.4,"[155.00104543347663, 2.8545656204223633]"
F182013,10,28,0.5,"[328.1670531946312, 3.5694212913513184]"
F182013,10,28,0.6,"[176.46740841315977, 4.283219575881958]"
F182013,10,28,0.7,"[294.38674474318054, 4.998982906341553]"
F182013,10,28,0.8,"[177.70718083198835, 5.7142369747161865]"
F182013,10,28,0.9,"[202.93075429357157, 6.4281182289123535]"
F182013,10,28,1.0,"[217.62466869740297, 7.143523693084717]"
F182013,10,29,0.01,"[732.1240669788808, 0.07211589813232422]"
F182013,10,29,0.1,"[572.2005072581808, 0.7132408618927002]"
F182013,10,29,0.2,"[250.23635158267098, 1.426905632019043]"
F182013,10,29,0.3,"[218.5897012898714, 2.140187978744507]"
F182013,10,29,0.4,"[386.9100508287779, 2.855421543121338]"
F182013,10,29,0.5,"[257.18546262364987, 3.5687384605407715]"
F182013,10,29,0.6,"[248.84469516503964, 4.281727313995361]"
F182013,10,29,0.7,"[213.66459843610357, 4.996582746505737]"
F182013,10,29,0.8,"[213.1815759412251, 5.710413932800293]"
F182013,10,29,0.9,"[191.0982883055467, 6.424555778503418]"
F182013,10,29,1.0,"[256.93786338989787, 7.138764381408691]"
F182013,10,30,0.01,"[614.293342278486, 0.08885812759399414]"
F182013,10,30,0.1,"[380.10111777708187, 0.7215585708618164]"
F182013,10,30,0.2,"[357.39476904772425, 1.4243018627166748]"
F182013,10,30,0.3,"[152.49649399360976, 2.1247713565826416]"
F182013,10,30,0.4,"[240.2442638457751, 2.82733154296875]"
F182013,10,30,0.5,"[294.8281987265443, 3.529568910598755]"
F182013,10,30,0.6,"[155.99519396976757, 4.231698989868164]"
F182013,10,30,0.7,"[363.6141977380628, 4.935631275177002]"
F182013,10,30,0.8,"[263.0762605142294, 5.6398701667785645]"
F182013,10,30,0.9,"[250.8245085096314, 6.34487247467041]"
F182013,10,30,1.0,"[192.97541694151778, 7.049760103225708]"
F182013,10,31,0.01,"[1441.954798842214, 0.08802127838134766]"
F182013,10,31,0.1,"[565.0605122316779, 0.8516302108764648]"
F182013,10,31,0.2,"[782.1303470283319, 1.6956310272216797]"
F182013,10,31,0.3,"[291.47317523857396, 2.5424859523773193]"
F182013,10,31,0.4,"[225.81189478878946, 3.3876898288726807]"
F182013,10,31,0.5,"[269.8077065866953, 4.231738328933716]"
F182013,10,31,0.6,"[159.84438499993882, 5.077495813369751]"
F182013,10,31,0.7,"[373.23047330009695, 5.923939943313599]"
F182013,10,31,0.8,"[215.65896722440368, 6.7739481925964355]"
F182013,10,31,0.9,"[282.9288556871977, 7.622152805328369]"
F182013,10,31,1.0,"[219.51391941359202, 8.469311475753784]"
F182013,10,32,0.01,"[649.2671248036986, 0.0870213508605957]"
F182013,10,32,0.1,"[606.408534114454, 0.7215583324432373]"
F182013,10,32,0.2,"[247.988632227808, 1.4284100532531738]"
F182013,10,32,0.3,"[247.61151177497186, 2.1344356536865234]"
F182013,10,32,0.4,"[218.11037524190647, 2.8429553508758545]"
F182013,10,32,0.5,"[435.01979478625856, 3.55041766166687]"
F182013,10,32,0.6,"[603.2235788338744, 4.258920669555664]"
F182013,10,32,0.7,"[309.70074505206026, 4.969738245010376]"
F182013,10,32,0.8,"[428.10037229853424, 5.680202484130859]"
F182013,10,32,0.9,"[205.1867562835215, 6.390097141265869]"
F182013,10,32,1.0,"[176.82843797227747, 7.099256753921509]"
F182013,10,33,0.01,"[1411.6200575059534, 0.0822298526763916]"
F182013,10,33,0.1,"[338.89547181088756, 0.7142167091369629]"
F182013,10,33,0.2,"[349.1335506246428, 1.4160852432250977]"
F182013,10,33,0.3,"[376.81977529976837, 2.1170969009399414]"
F182013,10,33,0.4,"[277.56597794969593, 2.820735216140747]"
F182013,10,33,0.5,"[207.36707881142365, 3.5239062309265137]"
F182013,10,33,0.6,"[227.44011819942716, 4.226327657699585]"
F182013,10,33,0.7,"[144.67251831401154, 4.930620431900024]"
F182013,10,33,0.8,"[220.6384747836977, 5.634195804595947]"
F182013,10,33,0.9,"[177.7142524324795, 6.414885997772217]"
F182013,10,33,1.0,"[234.73602544394817, 7.120020627975464]"
F182013,10,34,0.01,"[502.22903110028426, 0.08773636817932129]"
F182013,10,34,0.1,"[268.83452033863887, 0.7121751308441162]"
F182013,10,34,0.2,"[373.21677600255987, 1.404808759689331]"
F182013,10,34,0.3,"[237.23328996222233, 2.0970797538757324]"
F182013,10,34,0.4,"[362.27006446713415, 2.791236400604248]"
F182013,10,34,0.5,"[344.4768891348889, 3.531073808670044]"
F182013,10,34,0.6,"[258.740987167512, 4.226292371749878]"
F182013,10,34,0.7,"[256.5066617140976, 4.92309308052063]"
F182013,10,34,0.8,"[295.673801384021, 5.621028184890747]"
F182013,10,34,0.9,"[180.9257220580688, 6.319666147232056]"
F182013,10,34,1.0,"[183.8017400965607, 7.0182201862335205]"
F182013,10,35,0.01,"[1007.0642158845535, 0.08289432525634766]"
F182013,10,35,0.1,"[629.3762879872043, 0.7236769199371338]"
F182013,10,35,0.2,"[510.0559237128134, 1.43570876121521]"
F182013,10,35,0.3,"[326.00550977560556, 2.1456217765808105]"
F182013,10,35,0.4,"[280.1640184742222, 2.8571226596832275]"
F182013,10,35,0.5,"[203.43175997946696, 3.568312644958496]"
F182013,10,35,0.6,"[244.9914228560308, 4.280664682388306]"
F182013,10,35,0.7,"[362.4097461688684, 4.994800806045532]"
F182013,10,35,0.8,"[313.30930474173476, 5.708165884017944]"
F182013,10,35,0.9,"[194.8527575911976, 6.490195274353027]"
F182013,10,35,1.0,"[165.8481893587749, 7.204521179199219]"
F182013,10,36,0.01,"[1076.2603257889982, 0.07116460800170898]"
F182013,10,36,0.1,"[219.4071595643304, 0.7024695873260498]"
F182013,10,36,0.2,"[253.0678419153851, 1.4045813083648682]"
F182013,10,36,0.3,"[210.3680283250576, 2.1049978733062744]"
F182013,10,36,0.4,"[251.42097475984292, 2.8065879344940186]"
F182013,10,36,0.5,"[522.7767502616603, 3.5079357624053955]"
F182013,10,36,0.6,"[267.6551461660425, 4.209941864013672]"
F182013,10,36,0.7,"[139.64966410818647, 4.912928819656372]"
F182013,10,36,0.8,"[174.92400127283327, 5.615881681442261]"
F182013,10,36,0.9,"[228.533191125327, 6.318523406982422]"
F182013,10,36,1.0,"[112.35058674323932, 7.021202564239502]"
F182013,10,37,0.01,"[1675.1030599876285, 0.07052254676818848]"
F182013,10,37,0.1,"[493.6623601917289, 0.6944966316223145]"
F182013,10,37,0.2,"[538.2377641168997, 1.387831687927246]"
F182013,10,37,0.3,"[318.6862411355546, 2.0798778533935547]"
F182013,10,37,0.4,"[232.01108823047866, 2.774001121520996]"
F182013,10,37,0.5,"[244.15490076142737, 3.467496633529663]"
F182013,10,37,0.6,"[196.2465899136804, 4.16043758392334]"
F182013,10,37,0.7,"[314.3049924153779, 4.855178594589233]"
F182013,10,37,0.8,"[405.7803059989227, 5.551970720291138]"
F182013,10,37,0.9,"[263.7438808389236, 6.24961256980896]"
F182013,10,37,1.0,"[168.63340595446016, 6.9468793869018555]"
F182013,10,38,0.01,"[909.4793320126291, 0.08551859855651855]"
F182013,10,38,0.1,"[381.3733145065428, 0.7154147624969482]"
F182013,10,38,0.2,"[263.12170531817446, 1.4169156551361084]"
F182013,10,38,0.3,"[289.61562730452465, 2.1158459186553955]"
F182013,10,38,0.4,"[285.709476793621, 2.8167214393615723]"
F182013,10,38,0.5,"[187.65385672146954, 3.51763916015625]"
F182013,10,38,0.6,"[213.6789355899257, 4.218351125717163]"
F182013,10,38,0.7,"[384.211053657314, 4.920941114425659]"
F182013,10,38,0.8,"[280.36075490576604, 5.624408960342407]"
F182013,10,38,0.9,"[283.16808347820495, 6.3256494998931885]"
F182013,10,38,1.0,"[254.99004662752418, 7.030815124511719]"
F182013,10,39,0.01,"[938.864235117539, 0.08561849594116211]"
F182013,10,39,0.1,"[499.0439781805168, 0.7283835411071777]"
F182013,10,39,0.2,"[202.90982572018333, 1.443378210067749]"
F182013,10,39,0.3,"[367.8540100728952, 2.155933380126953]"
F182013,10,39,0.4,"[306.52075065958957, 2.8711838722229004]"
F182013,10,39,0.5,"[243.77074410762498, 3.586074113845825]"
F182013,10,39,0.6,"[379.4659188386685, 4.300363540649414]"
F182013,10,39,0.7,"[235.20853435183972, 5.016364812850952]"
F182013,10,39,0.8,"[132.61069882004028, 5.73244047164917]"
F182013,10,39,0.9,"[260.63022675725836, 6.4515604972839355]"
F182013,10,39,1.0,"[207.90823931326145, 7.170297145843506]"
F182013,10,40,0.01,"[1314.4867758254345, 0.0788271427154541]"
F182013,10,40,0.1,"[917.3114892775266, 0.7160618305206299]"
F182013,10,40,0.2,"[305.2679008124145, 1.4185211658477783]"
F182013,10,40,0.3,"[191.39486801562293, 2.1190261840820312]"
F182013,10,40,0.4,"[200.94876096314806, 2.8222672939300537]"
F182013,10,40,0.5,"[151.67956806513212, 3.5252368450164795]"
F182013,10,40,0.6,"[269.58977284248067, 4.227870464324951]"
F182013,10,40,0.7,"[246.7101454373484, 4.9317522048950195]"
F182013,10,40,0.8,"[214.73585333750702, 5.636704444885254]"
F182013,10,40,0.9,"[208.33018199137177, 6.342980623245239]"
F182013,10,40,1.0,"[220.7521533685441, 7.050969839096069]"
F182013,10,41,0.01,"[435.8970564060322, 0.07089567184448242]"
F182013,10,41,0.1,"[496.2277095010421, 0.699110746383667]"
F182013,10,41,0.2,"[199.69997670286125, 1.397900104522705]"
F182013,10,41,0.3,"[240.5095904547336, 2.0946407318115234]"
F182013,10,41,0.4,"[218.56380747784397, 2.7936763763427734]"
F182013,10,41,0.5,"[292.8892446401836, 3.490705966949463]"
F182013,10,41,0.6,"[247.17033562358347, 4.188862085342407]"
F182013,10,41,0.7,"[360.1198904591872, 4.8898091316223145]"
F182013,10,41,0.8,"[189.6310697284614, 5.590012311935425]"
F182013,10,41,0.9,"[296.9291587129196, 6.290202856063843]"
F182013,10,41,1.0,"[217.3764080044141, 6.990356206893921]"
F182013,10,42,0.01,"[937.1659631278385, 0.07956218719482422]"
F182013,10,42,0.1,"[206.9538710161653, 0.7115387916564941]"
F182013,10,42,0.2,"[420.2486402737038, 1.4153013229370117]"
F182013,10,42,0.3,"[285.55884917673984, 2.1187517642974854]"
F182013,10,42,0.4,"[246.36626827875853, 2.8237509727478027]"
F182013,10,42,0.5,"[236.70421936888556, 3.531852960586548]"
F182013,10,42,0.6,"[216.5104958426806, 4.2363128662109375]"
F182013,10,42,0.7,"[205.3119454568223, 4.941265344619751]"
F182013,10,42,0.8,"[246.42906195142712, 5.650940656661987]"
F182013,10,42,0.9,"[193.2052029301667, 6.426056146621704]"
F182013,10,42,1.0,"[200.83784952475696, 7.1278979778289795]"
F182013,10,43,0.01,"[1062.655955740582, 0.07892751693725586]"
F182013,10,43,0.1,"[348.9372972630988, 0.7057802677154541]"
F182013,10,43,0.2,"[325.595378097672, 1.4014074802398682]"
F182013,10,43,0.3,"[284.54259702724744, 2.0965890884399414]"
F182013,10,43,0.4,"[358.7842052393705, 2.8237950801849365]"
F182013,10,43,0.5,"[244.0958134706534, 3.8663113117218018]"
F182013,10,43,0.6,"[260.5761304384721, 4.5755157470703125]"
F182013,10,43,0.7,"[255.45591754553186, 5.272632598876953]"
F182013,10,43,0.8,"[221.2209320695116, 5.9713215827941895]"
F182013,10,43,0.9,"[357.63797099064607, 6.668270826339722]"
F182013,10,43,1.0,"[229.14925855690092, 7.364670038223267]"
F182013,10,44,0.01,"[544.0274219025197, 0.0819709300994873]"
F182013,10,44,0.1,"[591.9146728013026, 0.7106537818908691]"
F182013,10,44,0.2,"[414.3253968150659, 1.4108788967132568]"
F182013,10,44,0.3,"[394.8640308619931, 2.109919548034668]"
F182013,10,44,0.4,"[228.8509571138743, 2.8110415935516357]"
F182013,10,44,0.5,"[206.4725703679012, 3.5120418071746826]"
F182013,10,44,0.6,"[164.84755286098823, 4.213331937789917]"
F182013,10,44,0.7,"[197.00362598091408, 4.9162678718566895]"
F182013,10,44,0.8,"[318.31138492092384, 5.618875741958618]"
F182013,10,44,0.9,"[164.04624559989816, 6.319584369659424]"
F182013,10,44,1.0,"[248.60638068167225, 7.0199058055877686]"
F182013,10,45,0.01,"[647.582972504661, 0.08671379089355469]"
F182013,10,45,0.1,"[599.5089427485514, 0.7150919437408447]"
F182013,10,45,0.2,"[414.123465907649, 1.4128849506378174]"
F182013,10,45,0.3,"[172.64751333595825, 2.1114847660064697]"
F182013,10,45,0.4,"[251.8964961605709, 2.8122782707214355]"
F182013,10,45,0.5,"[289.51053675077515, 3.5261456966400146]"
F182013,10,45,0.6,"[328.72683642891457, 4.241002321243286]"
F182013,10,45,0.7,"[247.7839327307073, 4.943367004394531]"
F182013,10,45,0.8,"[237.42817040441503, 5.949148893356323]"
F182013,10,45,0.9,"[236.29154552374473, 6.668370723724365]"
F182013,10,45,1.0,"[270.3909751616028, 7.374291181564331]"
F182013,10,46,0.01,"[1293.292183007245, 0.0710139274597168]"
F182013,10,46,0.1,"[352.0614878297524, 0.6995322704315186]"
F182013,10,46,0.2,"[509.2688730629501, 1.4012882709503174]"
F182013,10,46,0.3,"[472.395548043379, 2.1008191108703613]"
F182013,10,46,0.4,"[244.09136655014845, 2.8035621643066406]"
F182013,10,46,0.5,"[291.3582880979718, 3.5055177211761475]"
F182013,10,46,0.6,"[271.7624907557424, 4.207468032836914]"
F182013,10,46,0.7,"[231.10663255687473, 4.910969257354736]"
F182013,10,46,0.8,"[241.07800838066328, 5.61443018913269]"
F182013,10,46,0.9,"[298.07527741693616, 6.3161070346832275]"
F182013,10,46,1.0,"[124.88316483262577, 7.017939567565918]"
F182013,10,47,0.01,"[752.2687742568573, 0.07919764518737793]"
F182013,10,47,0.1,"[622.0139232890837, 0.7075357437133789]"
F182013,10,47,0.2,"[380.69124472757835, 1.407932996749878]"
F182013,10,47,0.3,"[576.0212213295474, 2.1090734004974365]"
F182013,10,47,0.4,"[244.87082648529883, 2.812300205230713]"
F182013,10,47,0.5,"[435.94112765500984, 3.5166571140289307]"
F182013,10,47,0.6,"[198.28617193025332, 4.219519376754761]"
F182013,10,47,0.7,"[170.58888966550546, 4.922539710998535]"
F182013,10,47,0.8,"[208.44422414507312, 5.6243956089019775]"
F182013,10,47,0.9,"[181.94130567659033, 6.3260414600372314]"
F182013,10,47,1.0,"[133.5345448155, 7.0305681228637695]"
F182013,10,48,0.01,"[1738.73008300717, 0.12926554679870605]"
F182013,10,48,0.1,"[258.00389361264615, 0.7575404644012451]"
F182013,10,48,0.2,"[346.36114002590307, 1.4555714130401611]"
F182013,10,48,0.3,"[312.96337843594324, 2.1541731357574463]"
F182013,10,48,0.4,"[174.05400298065092, 2.8522322177886963]"
F182013,10,48,0.5,"[262.2239107797127, 3.548375129699707]"
F182013,10,48,0.6,"[240.34373689319273, 4.245159149169922]"
F182013,10,48,0.7,"[384.59022674770813, 4.942287921905518]"
F182013,10,48,0.8,"[296.67668667347266, 5.639214277267456]"
F182013,10,48,0.9,"[231.14228076762026, 6.335482120513916]"
F182013,10,48,1.0,"[205.40238213832401, 7.03397274017334]"
F182013,10,49,0.01,"[974.8458674422843, 0.07001280784606934]"
F182013,10,49,0.1,"[527.6128067502532, 0.6925914287567139]"
F182013,10,49,0.2,"[314.8220842905931, 1.3834567070007324]"
F182013,10,49,0.3,"[243.79795284697866, 2.075474977493286]"
F182013,10,49,0.4,"[197.17651528506804, 2.769981622695923]"
F182013,10,49,0.5,"[317.9970473869116, 3.4637465476989746]"
F182013,10,49,0.6,"[192.00584528090633, 4.157552242279053]"
F182013,10,49,0.7,"[169.94470970427187, 4.852132797241211]"
F182013,10,49,0.8,"[149.98424472831277, 5.544898271560669]"
F182013,10,49,0.9,"[134.99445095205044, 6.23779296875]"
F182013,10,49,1.0,"[222.52144636663138, 6.933292388916016]"
F182013,10,50,0.01,"[1572.5420534253076, 0.07008767127990723]"
F182013,10,50,0.1,"[281.91157918950853, 0.6922585964202881]"
F182013,10,50,0.2,"[322.9735193728684, 1.381277322769165]"
F182013,10,50,0.3,"[413.63027718418084, 2.070617198944092]"
F182013,10,50,0.4,"[228.78043915837316, 2.762911796569824]"
F182013,10,50,0.5,"[120.66381158960439, 3.454180955886841]"
F182013,10,50,0.6,"[153.19758862970878, 4.146025896072388]"
F182013,10,50,0.7,"[237.44296104227158, 4.837296724319458]"
F182013,10,50,0.8,"[203.15190294244007, 5.527587175369263]"
F182013,10,50,0.9,"[219.7443818800391, 6.218462944030762]"
F182013,10,50,1.0,"[192.11883878640617, 6.911839723587036]"
F182013,30,0,0.01,"[2300.6234046895156, 0.21917128562927246]"
F182013,30,0,0.1,"[1355.097986593798, 2.1900768280029297]"
F182013,30,0,0.2,"[1159.2433879097641, 4.3772711753845215]"
F182013,30,0,0.3,"[677.0217022677527, 6.568274974822998]"
F182013,30,0,0.4,"[706.3005017520572, 8.758273839950562]"
F182013,30,0,0.5,"[827.1078199121507, 10.956655502319336]"
F182013,30,0,0.6,"[1030.9530066565728, 13.141013622283936]"
F182013,30,0,0.7,"[619.5175570453241, 15.343087434768677]"
F182013,30,0,0.8,"[1101.7129504955287, 17.54109501838684]"
F182013,30,0,0.9,"[532.6752697682552, 19.730310440063477]"
F182013,30,0,1.0,"[573.4623710750665, 21.911890029907227]"
F182013,30,1,0.01,"[2828.118473631897, 0.21837711334228516]"
F182013,30,1,0.1,"[1169.1788566919195, 2.173907995223999]"
F182013,30,1,0.2,"[846.1024649136252, 4.344783067703247]"
F182013,30,1,0.3,"[929.869207541951, 6.520665645599365]"
F182013,30,1,0.4,"[806.7988844762176, 8.6937997341156]"
F182013,30,1,0.5,"[753.9291591406413, 10.867315530776978]"
F182013,30,1,0.6,"[555.6315271475524, 13.036012887954712]"
F182013,30,1,0.7,"[743.5679538624836, 15.211228132247925]"
F182013,30,1,0.8,"[684.7258359415596, 17.38907742500305]"
F182013,30,1,0.9,"[665.0713979477844, 19.566598653793335]"
F182013,30,1,1.0,"[557.5541481446436, 21.73777723312378]"
F182013,30,2,0.01,"[2422.9511158279224, 0.21971821784973145]"
F182013,30,2,0.1,"[1171.2796493050605, 2.193509101867676]"
F182013,30,2,0.2,"[958.2321584935632, 4.390127420425415]"
F182013,30,2,0.3,"[671.4684501409199, 6.5888707637786865]"
F182013,30,2,0.4,"[657.114657443713, 8.78422737121582]"
F182013,30,2,0.5,"[644.1297639569839, 10.984244108200073]"
F182013,30,2,0.6,"[857.7045666890517, 13.177669286727905]"
F182013,30,2,0.7,"[522.4517959846403, 15.375372648239136]"
F182013,30,2,0.8,"[591.7745278159841, 17.57382845878601]"
F182013,30,2,0.9,"[537.6711399158435, 19.767666339874268]"
F182013,30,2,1.0,"[641.2952119576664, 21.95599055290222]"
F182013,30,3,0.01,"[2583.3584936343623, 0.21901321411132812]"
F182013,30,3,0.1,"[1265.7457458701351, 2.1802549362182617]"
F182013,30,3,0.2,"[1124.5334565584903, 4.360057830810547]"
F182013,30,3,0.3,"[726.1394636001428, 6.539501190185547]"
F182013,30,3,0.4,"[630.1467908905811, 8.712669372558594]"
F182013,30,3,0.5,"[641.4505101536292, 10.891923904418945]"
F182013,30,3,0.6,"[566.4896436063324, 13.071393013000488]"
F182013,30,3,0.7,"[676.7400852326878, 15.252791404724121]"
F182013,30,3,0.8,"[723.8014337794032, 17.432307958602905]"
F182013,30,3,0.9,"[564.7013279084747, 19.61226725578308]"
F182013,30,3,1.0,"[717.4542303334733, 21.78692364692688]"
F182013,30,4,0.01,"[3737.7475580766168, 0.2198350429534912]"
F182013,30,4,0.1,"[1441.2781474035492, 2.195366859436035]"
F182013,30,4,0.2,"[965.2062636311957, 4.387608051300049]"
F182013,30,4,0.3,"[752.9508481190496, 6.574683904647827]"
F182013,30,4,0.4,"[960.6985384404006, 8.764947652816772]"
F182013,30,4,0.5,"[806.6053344800307, 10.975355386734009]"
F182013,30,4,0.6,"[680.8771371147689, 13.16554570198059]"
F182013,30,4,0.7,"[648.0130422468487, 15.35320234298706]"
F182013,30,4,0.8,"[716.3644035341472, 17.542064905166626]"
F182013,30,4,0.9,"[577.694576023972, 19.729283809661865]"
F182013,30,4,1.0,"[594.933822949293, 21.90862727165222]"
F182013,30,5,0.01,"[3058.8820920597836, 0.2221510410308838]"
F182013,30,5,0.1,"[1843.3909038375123, 2.1993610858917236]"
F182013,30,5,0.2,"[816.0988738815447, 4.382318496704102]"
F182013,30,5,0.3,"[1081.623584362313, 6.568809747695923]"
F182013,30,5,0.4,"[787.4627255903729, 8.752986907958984]"
F182013,30,5,0.5,"[815.6816341491626, 10.94012975692749]"
F182013,30,5,0.6,"[639.0974947075308, 13.121911525726318]"
F182013,30,5,0.7,"[610.4735008195094, 15.306424379348755]"
F182013,30,5,0.8,"[531.2563225919241, 17.49205994606018]"
F182013,30,5,0.9,"[693.959635465307, 19.675476789474487]"
F182013,30,5,1.0,"[793.0698089599971, 21.856091260910034]"
F182013,30,6,0.01,"[3048.776043928516, 0.21846604347229004]"
F182013,30,6,0.1,"[1608.4131797557845, 2.1816020011901855]"
F182013,30,6,0.2,"[805.8957544859923, 4.357532739639282]"
F182013,30,6,0.3,"[926.3498387592231, 6.535589218139648]"
F182013,30,6,0.4,"[577.443480056811, 8.71022343635559]"
F182013,30,6,0.5,"[690.711197399253, 10.886142492294312]"
F182013,30,6,0.6,"[629.3661078900225, 13.059816360473633]"
F182013,30,6,0.7,"[505.84168423629967, 15.239207029342651]"
F182013,30,6,0.8,"[764.1595314810852, 17.41869068145752]"
F182013,30,6,0.9,"[789.5327277154192, 19.598655939102173]"
F182013,30,6,1.0,"[789.9469035084232, 21.77022933959961]"
F182013,30,7,0.01,"[3061.706824911694, 0.22069716453552246]"
F182013,30,7,0.1,"[1230.9091646435922, 2.202099084854126]"
F182013,30,7,0.2,"[853.2697242326203, 4.399304628372192]"
F182013,30,7,0.3,"[1055.0091161229284, 6.597553014755249]"
F182013,30,7,0.4,"[957.8794566777422, 8.795870780944824]"
F182013,30,7,0.5,"[1055.1728683791985, 10.99303388595581]"
F182013,30,7,0.6,"[1080.477310739707, 13.190987348556519]"
F182013,30,7,0.7,"[712.6999361306841, 15.389644622802734]"
F182013,30,7,0.8,"[707.0856550937331, 17.58945631980896]"
F182013,30,7,0.9,"[580.4698191162404, 19.785893201828003]"
F182013,30,7,1.0,"[629.433074304115, 21.972015380859375]"
F182013,30,8,0.01,"[3050.0721339327456, 0.2197403907775879]"
F182013,30,8,0.1,"[1045.7682453176665, 2.1914279460906982]"
F182013,30,8,0.2,"[1136.500126085167, 4.384270191192627]"
F182013,30,8,0.3,"[765.0015595900231, 6.580460548400879]"
F182013,30,8,0.4,"[749.095054069544, 8.773311376571655]"
F182013,30,8,0.5,"[683.6135114261047, 10.96422266960144]"
F182013,30,8,0.6,"[673.6945055386618, 13.149736881256104]"
F182013,30,8,0.7,"[780.5633898700494, 15.344493389129639]"
F182013,30,8,0.8,"[865.3284309894811, 17.538491249084473]"
F182013,30,8,0.9,"[576.7264834320339, 19.74049997329712]"
F182013,30,8,1.0,"[578.928216988947, 21.924038410186768]"
F182013,30,9,0.01,"[3274.9215506241185, 0.2538278102874756]"
F182013,30,9,0.1,"[1549.4447015895576, 2.2173919677734375]"
F182013,30,9,0.2,"[1149.3205281243918, 4.400071620941162]"
F182013,30,9,0.3,"[984.542579661532, 6.593633651733398]"
F182013,30,9,0.4,"[1115.45611661356, 8.775367736816406]"
F182013,30,9,0.5,"[695.4691687763459, 10.96281909942627]"
F182013,30,9,0.6,"[640.1794634737068, 13.144982099533081]"
F182013,30,9,0.7,"[748.5100784006556, 15.332334041595459]"
F182013,30,9,0.8,"[486.29883333535486, 17.522470235824585]"
F182013,30,9,0.9,"[544.8713611796364, 19.706997394561768]"
F182013,30,9,1.0,"[474.2358615933359, 21.882193088531494]"
F182013,30,10,0.01,"[2593.3126070212884, 0.2204580307006836]"
F182013,30,10,0.1,"[1519.7033143408357, 2.197686195373535]"
F182013,30,10,0.2,"[853.2583801098358, 4.396243333816528]"
F182013,30,10,0.3,"[648.0675032139766, 6.591384172439575]"
F182013,30,10,0.4,"[1025.9884015955697, 8.782915592193604]"
F182013,30,10,0.5,"[740.7335516735238, 10.981149435043335]"
F182013,30,10,0.6,"[735.1377992735397, 13.17560887336731]"
F182013,30,10,0.7,"[547.567287045804, 15.37270212173462]"
F182013,30,10,0.8,"[698.4710645740688, 17.56424641609192]"
F182013,30,10,0.9,"[580.9446879174327, 19.76033926010132]"
F182013,30,10,1.0,"[647.6000442786592, 21.954912424087524]"
F182013,30,11,0.01,"[2849.923302134247, 0.21790122985839844]"
F182013,30,11,0.1,"[984.4411264344849, 2.1736412048339844]"
F182013,30,11,0.2,"[780.8614107853969, 4.347305774688721]"
F182013,30,11,0.3,"[804.9611338568247, 6.5233235359191895]"
F182013,30,11,0.4,"[913.5170654371109, 8.69730806350708]"
F182013,30,11,0.5,"[584.712231610341, 10.870574235916138]"
F182013,30,11,0.6,"[775.4230002111594, 13.038002967834473]"
F182013,30,11,0.7,"[549.4654485607575, 15.213613510131836]"
F182013,30,11,0.8,"[747.5355242612725, 17.386948347091675]"
F182013,30,11,0.9,"[558.8324848900801, 19.555985927581787]"
F182013,30,11,1.0,"[626.7162053930197, 21.751729488372803]"
F182013,30,12,0.01,"[3348.04251545577, 0.23091459274291992]"
F182013,30,12,0.1,"[1119.669814710725, 2.2019102573394775]"
F182013,30,12,0.2,"[879.8714941324888, 4.404525518417358]"
F182013,30,12,0.3,"[717.5982242003229, 6.598073720932007]"
F182013,30,12,0.4,"[799.9384318866857, 8.79206109046936]"
F182013,30,12,0.5,"[649.6552443218138, 10.984130144119263]"
F182013,30,12,0.6,"[595.6244090582837, 13.17384958267212]"
F182013,30,12,0.7,"[610.1921427010889, 15.369686841964722]"
F182013,30,12,0.8,"[626.9174552826116, 17.56613063812256]"
F182013,30,12,0.9,"[652.2774336774405, 19.759861707687378]"
F182013,30,12,1.0,"[460.1806129159378, 21.946088790893555]"
F182013,30,13,0.01,"[2938.0357453944107, 0.22012567520141602]"
F182013,30,13,0.1,"[1132.5405009032938, 2.1895408630371094]"
F182013,30,13,0.2,"[984.7116609313443, 4.377685308456421]"
F182013,30,13,0.3,"[945.9802389284741, 6.564823150634766]"
F182013,30,13,0.4,"[740.7232298189169, 8.744645833969116]"
F182013,30,13,0.5,"[930.090539330821, 10.93216061592102]"
F182013,30,13,0.6,"[691.5644631375228, 13.115922689437866]"
F182013,30,13,0.7,"[737.6734301221268, 15.303575277328491]"
F182013,30,13,0.8,"[626.8336089705306, 17.48560643196106]"
F182013,30,13,0.9,"[746.9403164045737, 19.671905040740967]"
F182013,30,13,1.0,"[630.4608507056514, 21.858892917633057]"
F182013,30,14,0.01,"[3371.8188577273436, 0.2187347412109375]"
F182013,30,14,0.1,"[830.3732432760185, 2.1776535511016846]"
F182013,30,14,0.2,"[1041.5787988178004, 4.3514556884765625]"
F182013,30,14,0.3,"[734.853942698649, 6.524899959564209]"
F182013,30,14,0.4,"[680.9335537343889, 8.69414210319519]"
F182013,30,14,0.5,"[698.9662482180604, 10.86672830581665]"
F182013,30,14,0.6,"[719.5016492922402, 13.034435749053955]"
F182013,30,14,0.7,"[681.4732744129001, 15.206190824508667]"
F182013,30,14,0.8,"[630.9563986288858, 17.377144813537598]"
F182013,30,14,0.9,"[572.3775391875836, 19.547339916229248]"
F182013,30,14,1.0,"[720.906016505287, 21.714029550552368]"
F182013,30,15,0.01,"[3209.400273968192, 0.2188403606414795]"
F182013,30,15,0.1,"[1250.5741848669286, 2.1850876808166504]"
F182013,30,15,0.2,"[826.733087366998, 4.366293907165527]"
F182013,30,15,0.3,"[988.6101568449444, 6.546565294265747]"
F182013,30,15,0.4,"[608.9436084992662, 8.721175909042358]"
F182013,30,15,0.5,"[567.7880191786802, 10.9015212059021]"
F182013,30,15,0.6,"[760.0640726304907, 13.078943014144897]"
F182013,30,15,0.7,"[711.0178971115256, 15.256839990615845]"
F182013,30,15,0.8,"[620.3376697830937, 17.43665599822998]"
F182013,30,15,0.9,"[590.9195342825992, 19.618221521377563]"
F182013,30,15,1.0,"[621.5261302496848, 21.79594087600708]"
F182013,30,16,0.01,"[2727.532838067021, 0.2186579704284668]"
F182013,30,16,0.1,"[1264.2957101552063, 2.1835649013519287]"
F182013,30,16,0.2,"[897.5994730890345, 4.37179970741272]"
F182013,30,16,0.3,"[1212.663208048592, 6.552051067352295]"
F182013,30,16,0.4,"[563.8714133814352, 8.72895622253418]"
F182013,30,16,0.5,"[725.828205927186, 10.909391164779663]"
F182013,30,16,0.6,"[664.5282238927007, 13.08639645576477]"
F182013,30,16,0.7,"[627.7219788047555, 15.26433277130127]"
F182013,30,16,0.8,"[462.3939012414628, 17.4439377784729]"
F182013,30,16,0.9,"[673.2591616379798, 19.6169855594635]"
F182013,30,16,1.0,"[562.9611201005531, 21.787296295166016]"
F182013,30,17,0.01,"[4286.016282480138, 0.2196791172027588]"
F182013,30,17,0.1,"[990.0371672117244, 2.1909453868865967]"
F182013,30,17,0.2,"[885.3661059597976, 4.373443603515625]"
F182013,30,17,0.3,"[787.8480711640195, 6.55707311630249]"
F182013,30,17,0.4,"[799.7942238240948, 8.737339496612549]"
F182013,30,17,0.5,"[763.0472989308234, 10.919621706008911]"
F182013,30,17,0.6,"[827.322845566568, 13.094855308532715]"
F182013,30,17,0.7,"[745.6907441852254, 15.274195194244385]"
F182013,30,17,0.8,"[638.6529678789198, 17.45488214492798]"
F182013,30,17,0.9,"[795.8734388264322, 19.63279891014099]"
F182013,30,17,1.0,"[675.7535709604688, 21.805155515670776]"
F182013,30,18,0.01,"[2847.425195805639, 0.26941943168640137]"
F182013,30,18,0.1,"[902.3364496084127, 2.2194674015045166]"
F182013,30,18,0.2,"[1281.5077495500473, 4.38489294052124]"
F182013,30,18,0.3,"[730.0756192348363, 6.551347255706787]"
F182013,30,18,0.4,"[791.3422841232662, 8.717016458511353]"
F182013,30,18,0.5,"[528.8806249801496, 10.884518384933472]"
F182013,30,18,0.6,"[736.8074455367757, 13.043609857559204]"
F182013,30,18,0.7,"[598.2362875189301, 15.204605340957642]"
F182013,30,18,0.8,"[723.9743234451869, 17.364521741867065]"
F182013,30,18,0.9,"[594.736681153217, 19.528197288513184]"
F182013,30,18,1.0,"[469.3235075843436, 21.68933606147766]"
F182013,30,19,0.01,"[2480.4255368142312, 0.22000598907470703]"
F182013,30,19,0.1,"[1293.5145750034137, 2.191887855529785]"
F182013,30,19,0.2,"[757.5637252789563, 4.379134654998779]"
F182013,30,19,0.3,"[1238.6048993456702, 6.571775197982788]"
F182013,30,19,0.4,"[730.5303924006284, 8.759632587432861]"
F182013,30,19,0.5,"[670.2891499527166, 10.950454473495483]"
F182013,30,19,0.6,"[575.4788379300959, 13.138419389724731]"
F182013,30,19,0.7,"[604.9497986699241, 15.328969478607178]"
F182013,30,19,0.8,"[736.0191610709355, 17.520613193511963]"
F182013,30,19,0.9,"[457.0668166987624, 19.706225156784058]"
F182013,30,19,1.0,"[427.08202877464475, 21.883919954299927]"
F182013,30,20,0.01,"[3371.4873685612133, 0.21843981742858887]"
F182013,30,20,0.1,"[992.049121667166, 2.176748275756836]"
F182013,30,20,0.2,"[911.9340597653697, 4.349988222122192]"
F182013,30,20,0.3,"[979.2479714057085, 6.525701284408569]"
F182013,30,20,0.4,"[597.3341215342446, 8.700871467590332]"
F182013,30,20,0.5,"[614.2214184392724, 10.895795345306396]"
F182013,30,20,0.6,"[1001.0542472343614, 13.071844100952148]"
F182013,30,20,0.7,"[840.9683558552622, 15.244360446929932]"
F182013,30,20,0.8,"[724.5595791087844, 17.4176287651062]"
F182013,30,20,0.9,"[594.4648286904304, 19.588541984558105]"
F182013,30,20,1.0,"[466.78471515851993, 21.759586811065674]"
F182013,30,21,0.01,"[2796.0936262767536, 0.21854472160339355]"
F182013,30,21,0.1,"[1337.3027994638037, 2.170241594314575]"
F182013,30,21,0.2,"[915.22598664515, 4.335983991622925]"
F182013,30,21,0.3,"[1155.9244380152713, 6.5012407302856445]"
F182013,30,21,0.4,"[963.6569492842441, 8.665024042129517]"
F182013,30,21,0.5,"[471.19624701614475, 10.830967664718628]"
F182013,30,21,0.6,"[724.853738269906, 12.991531610488892]"
F182013,30,21,0.7,"[995.3143634331489, 15.155482769012451]"
F182013,30,21,0.8,"[522.069427434752, 17.320146083831787]"
F182013,30,21,0.9,"[605.1595508265989, 19.485764026641846]"
F182013,30,21,1.0,"[810.8152896640579, 21.648407220840454]"
F182013,30,22,0.01,"[3761.3237563422, 0.22680354118347168]"
F182013,30,22,0.1,"[1011.7530136444761, 2.1825876235961914]"
F182013,30,22,0.2,"[879.5942710083323, 4.352400064468384]"
F182013,30,22,0.3,"[1097.9953625112585, 6.523741006851196]"
F182013,30,22,0.4,"[822.7451853745072, 8.689989566802979]"
F182013,30,22,0.5,"[753.6408996045834, 10.857152700424194]"
F182013,30,22,0.6,"[563.3693607647834, 13.018645763397217]"
F182013,30,22,0.7,"[726.1917880669928, 15.183294534683228]"
F182013,30,22,0.8,"[694.9357083662123, 17.346388578414917]"
F182013,30,22,0.9,"[750.8061732893254, 19.510656118392944]"
F182013,30,22,1.0,"[623.9413265688576, 21.671892404556274]"
F182013,30,23,0.01,"[2300.008074500766, 0.2203967571258545]"
F182013,30,23,0.1,"[1225.8338355142741, 2.1947689056396484]"
F182013,30,23,0.2,"[932.1159821260551, 4.3858397006988525]"
F182013,30,23,0.3,"[965.6319101265731, 6.575197696685791]"
F182013,30,23,0.4,"[854.7781948363454, 8.763550758361816]"
F182013,30,23,0.5,"[733.2466261958684, 10.953534126281738]"
F182013,30,23,0.6,"[770.4948140352196, 13.142490148544312]"
F182013,30,23,0.7,"[640.8745376089123, 15.329192399978638]"
F182013,30,23,0.8,"[561.2986525013378, 17.518977642059326]"
F182013,30,23,0.9,"[979.5494057698181, 19.70648694038391]"
F182013,30,23,1.0,"[552.3893084976239, 21.89392352104187]"
F182013,30,24,0.01,"[3246.184977113966, 0.2187793254852295]"
F182013,30,24,0.1,"[702.8291397058956, 2.1846985816955566]"
F182013,30,24,0.2,"[1353.5473703362693, 4.365820407867432]"
F182013,30,24,0.3,"[952.6426024484699, 6.545877456665039]"
F182013,30,24,0.4,"[715.7909466081578, 8.722178220748901]"
F182013,30,24,0.5,"[615.992199603809, 10.906607627868652]"
F182013,30,24,0.6,"[639.5517168662482, 13.085877895355225]"
F182013,30,24,0.7,"[694.5647788751853, 15.266364812850952]"
F182013,30,24,0.8,"[989.224345992282, 17.449417114257812]"
F182013,30,24,0.9,"[465.69751763085094, 19.62867760658264]"
F182013,30,24,1.0,"[595.8270813934149, 21.802642822265625]"
F182013,30,25,0.01,"[4747.23188234034, 0.21912121772766113]"
F182013,30,25,0.1,"[1361.7132382447353, 2.1890292167663574]"
F182013,30,25,0.2,"[999.809195487232, 4.379646062850952]"
F182013,30,25,0.3,"[789.7616634474871, 6.567257404327393]"
F182013,30,25,0.4,"[821.5011756827603, 8.751043319702148]"
F182013,30,25,0.5,"[908.830515389629, 10.942712783813477]"
F182013,30,25,0.6,"[861.9392886171659, 13.126413822174072]"
F182013,30,25,0.7,"[794.2819038447337, 15.313381910324097]"
F182013,30,25,0.8,"[651.0282928284842, 17.500630378723145]"
F182013,30,25,0.9,"[753.8220448408551, 19.68486714363098]"
F182013,30,25,1.0,"[882.487766980312, 21.86514401435852]"
F182013,30,26,0.01,"[3410.955562542873, 0.24575281143188477]"
F182013,30,26,0.1,"[1283.9373200209818, 2.219951868057251]"
F182013,30,26,0.2,"[773.8190135158077, 4.412444591522217]"
F182013,30,26,0.3,"[771.6252983935296, 6.6073668003082275]"
F182013,30,26,0.4,"[667.0610495066367, 8.800754070281982]"
F182013,30,26,0.5,"[847.9014996136032, 10.99457859992981]"
F182013,30,26,0.6,"[989.5133941948859, 13.182228565216064]"
F182013,30,26,0.7,"[699.0605879267412, 15.375937700271606]"
F182013,30,26,0.8,"[592.4727988141049, 17.571218729019165]"
F182013,30,26,0.9,"[515.0512280486231, 19.764260053634644]"
F182013,30,26,1.0,"[546.7495373872022, 21.95298743247986]"
F182013,30,27,0.01,"[2169.2438942399976, 0.21814393997192383]"
F182013,30,27,0.1,"[1335.4402697133107, 2.1695797443389893]"
F182013,30,27,0.2,"[1366.8226225687001, 4.338193655014038]"
F182013,30,27,0.3,"[1302.6724647078058, 6.508429288864136]"
F182013,30,27,0.4,"[622.7385607499027, 8.682708978652954]"
F182013,30,27,0.5,"[937.9710647393574, 10.85366439819336]"
F182013,30,27,0.6,"[876.639481066381, 13.015517473220825]"
F182013,30,27,0.7,"[581.8402982532577, 15.186419486999512]"
F182013,30,27,0.8,"[572.0665124060131, 17.35728907585144]"
F182013,30,27,0.9,"[523.2479120325635, 19.52103090286255]"
F182013,30,27,1.0,"[809.8762145003009, 21.683040857315063]"
F182013,30,28,0.01,"[2596.3852309942704, 0.24808335304260254]"
F182013,30,28,0.1,"[1653.1255308367827, 2.195269823074341]"
F182013,30,28,0.2,"[735.8367172789103, 4.359102249145508]"
F182013,30,28,0.3,"[714.8073996743747, 6.530660390853882]"
F182013,30,28,0.4,"[772.5664172557613, 8.699129581451416]"
F182013,30,28,0.5,"[613.1839400196557, 10.898215293884277]"
F182013,30,28,0.6,"[744.1258958083124, 13.061758995056152]"
F182013,30,28,0.7,"[461.9428704680083, 15.233480453491211]"
F182013,30,28,0.8,"[497.1620013961008, 17.405492782592773]"
F182013,30,28,0.9,"[573.9563989201271, 19.5755295753479]"
F182013,30,28,1.0,"[627.890540788256, 21.75275492668152]"
F182013,30,29,0.01,"[3467.922711658566, 0.24239492416381836]"
F182013,30,29,0.1,"[1276.7722989218119, 2.1927356719970703]"
F182013,30,29,0.2,"[1063.579923797561, 4.36839747428894]"
F182013,30,29,0.3,"[799.4552172361628, 6.536041498184204]"
F182013,30,29,0.4,"[573.9835662245057, 8.706891775131226]"
F182013,30,29,0.5,"[875.9876234651397, 10.8841872215271]"
F182013,30,29,0.6,"[641.7603685549495, 13.078677654266357]"
F182013,30,29,0.7,"[833.7681318224522, 15.249169111251831]"
F182013,30,29,0.8,"[866.0120506724693, 17.420703411102295]"
F182013,30,29,0.9,"[590.0794246398839, 19.592800617218018]"
F182013,30,29,1.0,"[529.357372169698, 21.758538961410522]"
F182013,30,30,0.01,"[3045.5774288797948, 0.2694692611694336]"
F182013,30,30,0.1,"[1209.9374307589003, 2.236074447631836]"
F182013,30,30,0.2,"[1403.6122676173609, 4.421696424484253]"
F182013,30,30,0.3,"[1305.6981784261573, 6.606817722320557]"
F182013,30,30,0.4,"[865.5323964025085, 8.78567361831665]"
F182013,30,30,0.5,"[729.400268358416, 10.971264839172363]"
F182013,30,30,0.6,"[696.5070410210058, 13.152788400650024]"
F182013,30,30,0.7,"[718.5403147868028, 15.332691192626953]"
F182013,30,30,0.8,"[560.2046246780646, 17.51368546485901]"
F182013,30,30,0.9,"[619.7547088363717, 19.693647861480713]"
F182013,30,30,1.0,"[838.5692040968188, 21.870519161224365]"
F182013,30,31,0.01,"[3296.942788153446, 0.2851893901824951]"
F182013,30,31,0.1,"[1602.7177933049463, 2.2738730907440186]"
F182013,30,31,0.2,"[956.8736458757246, 4.462187767028809]"
F182013,30,31,0.3,"[669.0136317892225, 6.653405427932739]"
F182013,30,31,0.4,"[769.0945317969818, 8.84009313583374]"
F182013,30,31,0.5,"[728.0656881066848, 11.030358791351318]"
F182013,30,31,0.6,"[534.3621714541611, 13.215331792831421]"
F182013,30,31,0.7,"[1043.3950409974873, 15.40284276008606]"
F182013,30,31,0.8,"[708.2818467941124, 17.594136953353882]"
F182013,30,31,0.9,"[705.1690711352257, 19.78183627128601]"
F182013,30,31,1.0,"[490.8517950364653, 21.9613938331604]"
F182013,30,32,0.01,"[2202.0774061062666, 0.23685574531555176]"
F182013,30,32,0.1,"[1528.1987403042947, 2.2057135105133057]"
F182013,30,32,0.2,"[830.8856271930113, 4.394184589385986]"
F182013,30,32,0.3,"[647.3736376372478, 6.585156202316284]"
F182013,30,32,0.4,"[856.4486693488604, 8.776679277420044]"
F182013,30,32,0.5,"[765.8157521770631, 10.966053009033203]"
F182013,30,32,0.6,"[744.5828930152668, 13.150545120239258]"
F182013,30,32,0.7,"[708.2701440097094, 15.344233512878418]"
F182013,30,32,0.8,"[696.3903000689495, 17.536835193634033]"
F182013,30,32,0.9,"[551.8928701182771, 19.727070569992065]"
F182013,30,32,1.0,"[582.5709793291126, 21.909021377563477]"
F182013,30,33,0.01,"[2338.48747321641, 0.21950793266296387]"
F182013,30,33,0.1,"[1100.4197836311032, 2.1910226345062256]"
F182013,30,33,0.2,"[884.1362824825271, 4.384292364120483]"
F182013,30,33,0.3,"[836.6625322408963, 6.5769641399383545]"
F182013,30,33,0.4,"[530.8182167507451, 8.769664525985718]"
F182013,30,33,0.5,"[803.8698620244907, 10.963740825653076]"
F182013,30,33,0.6,"[852.7535147762596, 13.150982856750488]"
F182013,30,33,0.7,"[529.153868424886, 15.347778797149658]"
F182013,30,33,0.8,"[650.1205502028117, 17.541446685791016]"
F182013,30,33,0.9,"[633.531244803751, 19.730332851409912]"
F182013,30,33,1.0,"[544.7538290172952, 21.911216974258423]"
F182013,30,34,0.01,"[2982.318496226259, 0.21884942054748535]"
F182013,30,34,0.1,"[1613.6999019034176, 2.1859235763549805]"
F182013,30,34,0.2,"[763.4243589105149, 4.369935989379883]"
F182013,30,34,0.3,"[885.2981485028463, 6.555494546890259]"
F182013,30,34,0.4,"[650.9695184350337, 8.73755669593811]"
F182013,30,34,0.5,"[726.9005017225375, 10.920015335083008]"
F182013,30,34,0.6,"[682.803276894836, 13.103058576583862]"
F182013,30,34,0.7,"[699.6398048408589, 15.291075944900513]"
F182013,30,34,0.8,"[607.313146383691, 17.47897171974182]"
F182013,30,34,0.9,"[696.1335620432169, 19.661737203598022]"
F182013,30,34,1.0,"[653.6388533338384, 21.83827519416809]"
F182013,30,35,0.01,"[3679.208876997611, 0.32492589950561523]"
F182013,30,35,0.1,"[1328.1276198092828, 2.286024570465088]"
F182013,30,35,0.2,"[953.994370008375, 4.464580535888672]"
F182013,30,35,0.3,"[626.8342680841752, 6.642669916152954]"
F182013,30,35,0.4,"[941.5683977023834, 8.818971157073975]"
F182013,30,35,0.5,"[1099.7893804717628, 10.995002746582031]"
F182013,30,35,0.6,"[737.1201934780513, 13.167958498001099]"
F182013,30,35,0.7,"[468.90479281967396, 15.367290735244751]"
F182013,30,35,0.8,"[723.7332272402664, 17.5474112033844]"
F182013,30,35,0.9,"[576.7288730125364, 19.724934101104736]"
F182013,30,35,1.0,"[887.0193720635466, 21.892679452896118]"
F182013,30,36,0.01,"[3756.1868914312345, 0.21981191635131836]"
F182013,30,36,0.1,"[1300.6983779804577, 2.196394205093384]"
F182013,30,36,0.2,"[1393.9449653122647, 4.391878366470337]"
F182013,30,36,0.3,"[953.8438709569787, 6.606342315673828]"
F182013,30,36,0.4,"[824.7591476315429, 8.796398162841797]"
F182013,30,36,0.5,"[837.7638281062582, 10.986841917037964]"
F182013,30,36,0.6,"[750.4605033933424, 13.178022384643555]"
F182013,30,36,0.7,"[625.822871077266, 15.371614933013916]"
F182013,30,36,0.8,"[601.3738954538019, 17.567539930343628]"
F182013,30,36,0.9,"[536.8208811229417, 19.760823726654053]"
F182013,30,36,1.0,"[510.36902322783885, 21.942854404449463]"
F182013,30,37,0.01,"[3433.836272378344, 0.2965977191925049]"
F182013,30,37,0.1,"[1097.1439044315855, 2.2589590549468994]"
F182013,30,37,0.2,"[774.037662936491, 4.437953472137451]"
F182013,30,37,0.3,"[896.2117420691081, 6.619430065155029]"
F182013,30,37,0.4,"[740.5465982246769, 8.797957420349121]"
F182013,30,37,0.5,"[948.9973225159547, 10.978070974349976]"
F182013,30,37,0.6,"[820.0665290213865, 13.159810781478882]"
F182013,30,37,0.7,"[575.3367546032794, 15.342994689941406]"
F182013,30,37,0.8,"[684.3481122281221, 17.526498794555664]"
F182013,30,37,0.9,"[697.9210976661029, 19.708895444869995]"
F182013,30,37,1.0,"[475.49017633863707, 21.879514455795288]"
F182013,30,38,0.01,"[3996.4798776414136, 0.22852110862731934]"
F182013,30,38,0.1,"[1114.758318565352, 2.1927073001861572]"
F182013,30,38,0.2,"[1047.304055858148, 4.374663591384888]"
F182013,30,38,0.3,"[1044.5458165637074, 6.560534477233887]"
F182013,30,38,0.4,"[613.5270248244542, 8.74675989151001]"
F182013,30,38,0.5,"[635.994499035578, 10.931795120239258]"
F182013,30,38,0.6,"[669.2711275305828, 13.109680652618408]"
F182013,30,38,0.7,"[1173.9817619468822, 15.293834447860718]"
F182013,30,38,0.8,"[641.1252010260532, 17.47776436805725]"
F182013,30,38,0.9,"[707.3301745158612, 19.659979343414307]"
F182013,30,38,1.0,"[493.1570007008893, 21.83307671546936]"
F182013,30,39,0.01,"[3371.344549969675, 0.28392720222473145]"
F182013,30,39,0.1,"[1278.7986972611554, 2.23671817779541]"
F182013,30,39,0.2,"[973.9130821058784, 4.401454448699951]"
F182013,30,39,0.3,"[823.5309492786319, 6.5708935260772705]"
F182013,30,39,0.4,"[999.097333248837, 8.73834753036499]"
F182013,30,39,0.5,"[587.389437342004, 10.90564751625061]"
F182013,30,39,0.6,"[926.1912821594087, 13.069777488708496]"
F182013,30,39,0.7,"[522.4330169357177, 15.241231203079224]"
F182013,30,39,0.8,"[657.7139304823472, 17.4128897190094]"
F182013,30,39,0.9,"[638.3388988464615, 19.582284450531006]"
F182013,30,39,1.0,"[506.6919730569756, 21.74250602722168]"
F182013,30,40,0.01,"[2520.0132617635313, 0.21788692474365234]"
F182013,30,40,0.1,"[915.2095596764134, 2.178236246109009]"
F182013,30,40,0.2,"[793.8477702696832, 4.346538543701172]"
F182013,30,40,0.3,"[814.1339061518227, 6.514117956161499]"
F182013,30,40,0.4,"[725.4967878275243, 8.679239749908447]"
F182013,30,40,0.5,"[667.192960517591, 10.84459376335144]"
F182013,30,40,0.6,"[848.9741325034756, 13.006476879119873]"
F182013,30,40,0.7,"[660.5703531614411, 15.175763607025146]"
F182013,30,40,0.8,"[658.1124698534838, 17.345542907714844]"
F182013,30,40,0.9,"[687.3330567399353, 19.51456904411316]"
F182013,30,40,1.0,"[842.456985834046, 21.674909353256226]"
F182013,30,41,0.01,"[2404.9238507363234, 0.2195596694946289]"
F182013,30,41,0.1,"[974.7371555118098, 2.189283609390259]"
F182013,30,41,0.2,"[929.5977047863341, 4.375310897827148]"
F182013,30,41,0.3,"[723.6756713950585, 6.5604329109191895]"
F182013,30,41,0.4,"[673.4992419252676, 8.743537425994873]"
F182013,30,41,0.5,"[766.8941827626202, 10.925035953521729]"
F182013,30,41,0.6,"[756.6127577393818, 13.109937906265259]"
F182013,30,41,0.7,"[517.380656319509, 15.29395341873169]"
F182013,30,41,0.8,"[543.7056793896527, 17.480770587921143]"
F182013,30,41,0.9,"[656.24821830063, 19.665274381637573]"
F182013,30,41,1.0,"[745.6681851915816, 21.83744788169861]"
F182013,30,42,0.01,"[4107.565756769958, 0.30520009994506836]"
F182013,30,42,0.1,"[990.5460028583068, 2.285382032394409]"
F182013,30,42,0.2,"[702.6477583368041, 4.470616340637207]"
F182013,30,42,0.3,"[755.4240545100124, 6.65511417388916]"
F182013,30,42,0.4,"[746.9763172540438, 8.837724447250366]"
F182013,30,42,0.5,"[860.7580349509394, 11.019841432571411]"
F182013,30,42,0.6,"[654.5101060813895, 13.204046487808228]"
F182013,30,42,0.7,"[520.3273143644678, 15.387885808944702]"
F182013,30,42,0.8,"[824.9310979050649, 17.574315071105957]"
F182013,30,42,0.9,"[434.5431264677417, 19.759819507598877]"
F182013,30,42,1.0,"[520.3627563250656, 21.93274474143982]"
F182013,30,43,0.01,"[3005.173756095659, 0.3358755111694336]"
F182013,30,43,0.1,"[791.2271413781511, 2.329893112182617]"
F182013,30,43,0.2,"[1017.4613292583481, 4.547330141067505]"
F182013,30,43,0.3,"[1251.1411374214003, 6.776781320571899]"
F182013,30,43,0.4,"[620.9192209428352, 8.986752986907959]"
F182013,30,43,0.5,"[553.6487261562103, 11.206511735916138]"
F182013,30,43,0.6,"[697.3180810038925, 13.422774314880371]"
F182013,30,43,0.7,"[573.1630335147881, 15.641606092453003]"
F182013,30,43,0.8,"[879.6982703515735, 17.851574897766113]"
F182013,30,43,0.9,"[676.5554743149889, 20.066949367523193]"
F182013,30,43,1.0,"[607.4542815431458, 22.292762279510498]"
F182013,30,44,0.01,"[3956.6482912198308, 0.2259206771850586]"
F182013,30,44,0.1,"[1286.0623854696423, 2.2210171222686768]"
F182013,30,44,0.2,"[781.4033497144467, 4.437669992446899]"
F182013,30,44,0.3,"[799.1284321853445, 6.655543327331543]"
F182013,30,44,0.4,"[629.4947738896024, 8.866996049880981]"
F182013,30,44,0.5,"[480.5832438695729, 11.079951763153076]"
F182013,30,44,0.6,"[693.705844694759, 13.289763450622559]"
F182013,30,44,0.7,"[908.2163104822357, 15.504256010055542]"
F182013,30,44,0.8,"[680.5825441654008, 17.71722912788391]"
F182013,30,44,0.9,"[535.0392898056527, 19.927965879440308]"
F182013,30,44,1.0,"[586.6848345700996, 22.137237310409546]"
F182013,30,45,0.01,"[2735.961005688767, 0.2213428020477295]"
F182013,30,45,0.1,"[966.3914864122125, 2.208035469055176]"
F182013,30,45,0.2,"[1026.6415823504806, 4.415307283401489]"
F182013,30,45,0.3,"[1062.3199680278694, 6.619231700897217]"
F182013,30,45,0.4,"[678.3306585955306, 8.825631380081177]"
F182013,30,45,0.5,"[565.9565843790066, 11.03651738166809]"
F182013,30,45,0.6,"[806.919934173166, 13.241218090057373]"
F182013,30,45,0.7,"[693.4766476603718, 15.44987154006958]"
F182013,30,45,0.8,"[586.9621775395151, 17.65904474258423]"
F182013,30,45,0.9,"[524.7428238476838, 19.861129999160767]"
F182013,30,45,1.0,"[674.74312415555, 22.058934926986694]"
F182013,30,46,0.01,"[2172.9469069781835, 0.3383362293243408]"
F182013,30,46,0.1,"[1470.2027298229802, 2.6882503032684326]"
F182013,30,46,0.2,"[800.7816407120922, 5.300714015960693]"
F182013,30,46,0.3,"[1377.9486323363965, 7.90543007850647]"
F182013,30,46,0.4,"[664.8202295162343, 10.503581523895264]"
F182013,30,46,0.5,"[960.5353195062248, 13.112917423248291]"
F182013,30,46,0.6,"[750.932184034757, 15.725198984146118]"
F182013,30,46,0.7,"[733.1640102932943, 18.344585418701172]"
F182013,30,46,0.8,"[592.9656583898311, 20.962405920028687]"
F182013,30,46,0.9,"[722.9690963184385, 23.30757188796997]"
F182013,30,46,1.0,"[492.7420630592751, 25.47893261909485]"
F182013,30,47,0.01,"[1637.4975324722272, 0.22010517120361328]"
F182013,30,47,0.1,"[1052.3704518314053, 2.1964399814605713]"
F182013,30,47,0.2,"[778.4470171319974, 4.391033172607422]"
F182013,30,47,0.3,"[840.7698433217083, 6.597558498382568]"
F182013,30,47,0.4,"[691.8719820710944, 8.793482303619385]"
F182013,30,47,0.5,"[666.297785567323, 10.986412286758423]"
F182013,30,47,0.6,"[836.9131889894106, 13.175726413726807]"
F182013,30,47,0.7,"[739.702932108994, 15.364811897277832]"
F182013,30,47,0.8,"[771.7465994053414, 17.553344249725342]"
F182013,30,47,0.9,"[611.0847602499645, 19.745453596115112]"
F182013,30,47,1.0,"[530.6810693854578, 21.937654733657837]"
F182013,30,48,0.01,"[4215.451540828309, 0.21721220016479492]"
F182013,30,48,0.1,"[1384.350489021116, 2.1597845554351807]"
F182013,30,48,0.2,"[1004.2948925507089, 4.318021059036255]"
F182013,30,48,0.3,"[928.3043456105722, 6.477719783782959]"
F182013,30,48,0.4,"[703.4425032749764, 8.635319948196411]"
F182013,30,48,0.5,"[757.3294145557497, 10.797898292541504]"
F182013,30,48,0.6,"[812.6728092784829, 12.96143364906311]"
F182013,30,48,0.7,"[732.639813955338, 15.127379655838013]"
F182013,30,48,0.8,"[522.1846577684028, 17.2914776802063]"
F182013,30,48,0.9,"[777.6103689004813, 19.456159353256226]"
F182013,30,48,1.0,"[477.8533786857379, 21.61958932876587]"
F182013,30,49,0.01,"[3073.899378869821, 0.2170412540435791]"
F182013,30,49,0.1,"[1333.4354667030939, 2.1569223403930664]"
F182013,30,49,0.2,"[1044.3640192659177, 4.308582305908203]"
F182013,30,49,0.3,"[773.8730157647228, 6.462450742721558]"
F182013,30,49,0.4,"[815.8644310827328, 8.61512017250061]"
F182013,30,49,0.5,"[671.444268674792, 10.774333000183105]"
F182013,30,49,0.6,"[631.3518457071148, 12.972308874130249]"
F182013,30,49,0.7,"[900.8562672523753, 15.130620002746582]"
F182013,30,49,0.8,"[628.8535130913399, 17.286095142364502]"
F182013,30,49,0.9,"[551.4372060389536, 19.442926168441772]"
F182013,30,49,1.0,"[739.260093333487, 21.5992112159729]"
F182013,30,50,0.01,"[1764.2731952167014, 0.2187802791595459]"
F182013,30,50,0.1,"[1274.025478641797, 2.183150291442871]"
F182013,30,50,0.2,"[1033.0837579385177, 4.363522529602051]"
F182013,30,50,0.3,"[730.6724295857373, 6.544748544692993]"
F182013,30,50,0.4,"[736.6551196487742, 8.725831031799316]"
F182013,30,50,0.5,"[1005.7710601044378, 10.910919666290283]"
F182013,30,50,0.6,"[642.9572659509658, 13.097615242004395]"
F182013,30,50,0.7,"[471.25599934589354, 15.287236213684082]"
F182013,30,50,0.8,"[641.3881730854553, 17.473001718521118]"
F182013,30,50,0.9,"[584.1658771325979, 19.657814741134644]"
F182013,30,50,1.0,"[652.1723910122412, 21.842594861984253]"
F182013,50,0,0.01,"[3967.0313958484103, 0.4446108341217041]"
F182013,50,0,0.1,"[2104.0630147648044, 4.120567798614502]"
F182013,50,0,0.2,"[1811.1599291772654, 8.194499492645264]"
F182013,50,0,0.3,"[1565.1062405855462, 12.260642766952515]"
F182013,50,0,0.4,"[1105.3549442228912, 16.33602476119995]"
F182013,50,0,0.5,"[1474.6430659726248, 20.4087495803833]"
F182013,50,0,0.6,"[1453.2152938907511, 24.482443809509277]"
F182013,50,0,0.7,"[1013.7854483690712, 28.553932428359985]"
F182013,50,0,0.8,"[1218.6997966936103, 32.63017964363098]"
F182013,50,0,0.9,"[840.0862748528257, 36.704811811447144]"
F182013,50,0,1.0,"[1230.1346455806229, 40.780330181121826]"
F182013,50,1,0.01,"[4572.783549827515, 0.41248440742492676]"
F182013,50,1,0.1,"[1621.0822236739455, 4.086223602294922]"
F182013,50,1,0.2,"[1804.1106669830688, 8.150737285614014]"
F182013,50,1,0.3,"[1594.8916464133374, 12.213006734848022]"
F182013,50,1,0.4,"[1364.2544340972022, 16.286462545394897]"
F182013,50,1,0.5,"[1279.1273948638586, 20.360726356506348]"
F182013,50,1,0.6,"[1356.2060432891221, 24.430222511291504]"
F182013,50,1,0.7,"[1127.9852214782463, 28.491907358169556]"
F182013,50,1,0.8,"[1292.2477196915531, 32.55694317817688]"
F182013,50,1,0.9,"[1198.528200611182, 36.62704586982727]"
F182013,50,1,1.0,"[1120.4917956408494, 40.696552991867065]"
F182013,50,2,0.01,"[6772.6194465737635, 0.41087794303894043]"
F182013,50,2,0.1,"[2404.5194170561213, 4.059339761734009]"
F182013,50,2,0.2,"[1802.3834547751349, 8.11268949508667]"
F182013,50,2,0.3,"[1314.3026160561594, 12.164695978164673]"
F182013,50,2,0.4,"[1216.5425594771575, 16.22755241394043]"
F182013,50,2,0.5,"[1472.127032851851, 20.28234314918518]"
F182013,50,2,0.6,"[960.748136012935, 24.339866399765015]"
F182013,50,2,0.7,"[944.5292553982858, 28.39008617401123]"
F182013,50,2,0.8,"[937.1704498195545, 32.44721746444702]"
F182013,50,2,0.9,"[1001.0984204756376, 36.509082555770874]"
F182013,50,2,1.0,"[1010.4485516073569, 40.57071352005005]"
F182013,50,3,0.01,"[4098.550081370747, 0.40970659255981445]"
F182013,50,3,0.1,"[2150.2471068842174, 4.067619800567627]"
F182013,50,3,0.2,"[1904.7996313435606, 8.12776803970337]"
F182013,50,3,0.3,"[1423.1668241277443, 12.17677927017212]"
F182013,50,3,0.4,"[1183.329778213652, 16.234545469284058]"
F182013,50,3,0.5,"[1064.9931918134598, 20.29386258125305]"
F182013,50,3,0.6,"[1118.7373076529348, 24.357185125350952]"
F182013,50,3,0.7,"[1085.0828759698684, 28.419800996780396]"
F182013,50,3,0.8,"[974.5949098207354, 32.482494592666626]"
F182013,50,3,0.9,"[948.5976816440061, 36.54467511177063]"
F182013,50,3,1.0,"[963.3671677783891, 40.6097366809845]"
F182013,50,4,0.01,"[4148.4929757853415, 0.42981529235839844]"
F182013,50,4,0.1,"[2308.2381470784003, 4.089420795440674]"
F182013,50,4,0.2,"[1748.9486184459115, 8.14014983177185]"
F182013,50,4,0.3,"[1633.558517029434, 12.180835247039795]"
F182013,50,4,0.4,"[1198.1665590291452, 16.24691677093506]"
F182013,50,4,0.5,"[926.1470494606301, 20.30541968345642]"
F182013,50,4,0.6,"[1347.3369249902714, 24.37555694580078]"
F182013,50,4,0.7,"[1185.1382575348337, 28.417435884475708]"
F182013,50,4,0.8,"[1182.15780207757, 32.46521711349487]"
F182013,50,4,0.9,"[1297.7936734170094, 36.516396045684814]"
F182013,50,4,1.0,"[969.452633852243, 40.57698154449463]"
F182013,50,5,0.01,"[4328.248749632059, 0.41248512268066406]"
F182013,50,5,0.1,"[1711.3930247051067, 4.086064577102661]"
F182013,50,5,0.2,"[2229.9864201850764, 8.1518394947052]"
F182013,50,5,0.3,"[1546.3858942545417, 12.235955238342285]"
F182013,50,5,0.4,"[1229.015980361184, 16.314780473709106]"
F182013,50,5,0.5,"[1103.9881883856453, 20.38581895828247]"
F182013,50,5,0.6,"[1063.8610742962996, 24.458972215652466]"
F182013,50,5,0.7,"[1072.454430983847, 28.523006200790405]"
F182013,50,5,0.8,"[1005.1611602465559, 32.592758655548096]"
F182013,50,5,0.9,"[973.8824424820377, 36.672651529312134]"
F182013,50,5,1.0,"[859.754045638947, 40.755321979522705]"
F182013,50,6,0.01,"[4656.275499374027, 0.41230225563049316]"
F182013,50,6,0.1,"[2219.2694044158925, 4.075415372848511]"
F182013,50,6,0.2,"[1707.7747021816845, 8.145135402679443]"
F182013,50,6,0.3,"[1362.112563068279, 12.210107564926147]"
F182013,50,6,0.4,"[1563.600984804756, 16.284593105316162]"
F182013,50,6,0.5,"[1356.5014343462883, 20.35409712791443]"
F182013,50,6,0.6,"[1212.4892906552684, 24.433350563049316]"
F182013,50,6,0.7,"[1181.7459501909213, 28.499975442886353]"
F182013,50,6,0.8,"[1194.1836009156968, 32.5742666721344]"
F182013,50,6,0.9,"[1051.0075415757597, 36.65576672554016]"
F182013,50,6,1.0,"[970.3361823500582, 40.737667083740234]"
F182013,50,7,0.01,"[7274.947331195066, 0.411776065826416]"
F182013,50,7,0.1,"[2111.2157543868916, 4.074787139892578]"
F182013,50,7,0.2,"[2031.3857184949065, 8.144872426986694]"
F182013,50,7,0.3,"[1591.3451981201133, 12.21860384941101]"
F182013,50,7,0.4,"[1019.7545278480056, 16.299907207489014]"
F182013,50,7,0.5,"[1104.2350195193749, 20.375951528549194]"
F182013,50,7,0.6,"[1412.350978774075, 24.46079730987549]"
F182013,50,7,0.7,"[1075.163801680524, 28.533600091934204]"
F182013,50,7,0.8,"[956.5928947532095, 32.611918210983276]"
F182013,50,7,0.9,"[1065.9690984391264, 36.69030261039734]"
F182013,50,7,1.0,"[1093.9339971048128, 40.77680969238281]"
F182013,50,8,0.01,"[3709.1228753359374, 0.40971946716308594]"
F182013,50,8,0.1,"[1506.9798404647868, 4.05431604385376]"
F182013,50,8,0.2,"[1374.1336920196136, 8.106112003326416]"
F182013,50,8,0.3,"[1418.070735734423, 12.155331134796143]"
F182013,50,8,0.4,"[1151.2021361090929, 16.213947296142578]"
F182013,50,8,0.5,"[1353.97799173488, 20.266876459121704]"
F182013,50,8,0.6,"[1295.497346657071, 24.324569940567017]"
F182013,50,8,0.7,"[978.1081812218792, 28.377607822418213]"
F182013,50,8,0.8,"[929.6369015994769, 32.432573556900024]"
F182013,50,8,0.9,"[841.3606262707317, 36.49269700050354]"
F182013,50,8,1.0,"[1062.3804519581854, 40.55847764015198]"
F182013,50,9,0.01,"[5515.376965659616, 0.4123702049255371]"
F182013,50,9,0.1,"[2974.8892708848516, 4.076174736022949]"
F182013,50,9,0.2,"[1436.4797746305915, 8.149903535842896]"
F182013,50,9,0.3,"[1750.6044776241934, 12.230595827102661]"
F182013,50,9,0.4,"[1494.7585302092862, 16.314104318618774]"
F182013,50,9,0.5,"[1093.2778921047075, 20.391673803329468]"
F182013,50,9,0.6,"[1533.598978662444, 24.478172063827515]"
F182013,50,9,0.7,"[1147.403612635362, 28.563973665237427]"
F182013,50,9,0.8,"[1001.3459855120213, 32.65123915672302]"
F182013,50,9,0.9,"[1224.6456776677687, 36.735652685165405]"
F182013,50,9,1.0,"[1171.0642756264378, 40.82540702819824]"
F182013,50,10,0.01,"[4209.090870288777, 0.41024184226989746]"
F182013,50,10,0.1,"[2815.077078174375, 4.0647196769714355]"
F182013,50,10,0.2,"[1607.1637073593274, 8.126673698425293]"
F182013,50,10,0.3,"[1444.4999458503123, 12.189146280288696]"
F182013,50,10,0.4,"[916.4215983291633, 16.259427785873413]"
F182013,50,10,0.5,"[1154.0545521295344, 20.32389736175537]"
F182013,50,10,0.6,"[1144.8479522608955, 24.38907790184021]"
F182013,50,10,0.7,"[1008.0305036179047, 28.447651863098145]"
F182013,50,10,0.8,"[969.8763369507942, 32.51226735115051]"
F182013,50,10,0.9,"[1078.8573942269068, 36.57676148414612]"
F182013,50,10,1.0,"[1235.7860820678707, 40.6399462223053]"
F182013,50,11,0.01,"[6354.257916295539, 0.4106600284576416]"
F182013,50,11,0.1,"[3078.822819082733, 4.062978267669678]"
F182013,50,11,0.2,"[1409.8741087922476, 8.120224475860596]"
F182013,50,11,0.3,"[1524.7578409410362, 12.17666220664978]"
F182013,50,11,0.4,"[1444.9845374107454, 16.244001150131226]"
F182013,50,11,0.5,"[1563.7355103830077, 20.313969135284424]"
F182013,50,11,0.6,"[1355.5573852910024, 24.37701439857483]"
F182013,50,11,0.7,"[1227.875980459548, 28.434672594070435]"
F182013,50,11,0.8,"[1089.774062638945, 32.49748873710632]"
F182013,50,11,0.9,"[1218.0513571610493, 36.56524610519409]"
F182013,50,11,1.0,"[876.1371284262186, 40.63526773452759]"
F182013,50,12,0.01,"[6003.6672534759045, 0.41077518463134766]"
F182013,50,12,0.1,"[2001.6927901229537, 4.070995569229126]"
F182013,50,12,0.2,"[1578.2608649716915, 8.1387460231781]"
F182013,50,12,0.3,"[1699.7103601672225, 12.198302507400513]"
F182013,50,12,0.4,"[1261.3318000855293, 16.332499504089355]"
F182013,50,12,0.5,"[1107.3374722507624, 20.3954975605011]"
F182013,50,12,0.6,"[949.3980871518004, 24.47385287284851]"
F182013,50,12,0.7,"[1292.4321655952658, 28.540127277374268]"
F182013,50,12,0.8,"[1177.8339476043375, 32.610660552978516]"
F182013,50,12,0.9,"[1202.5673219933417, 36.68284249305725]"
F182013,50,12,1.0,"[1077.8530616405344, 40.75256037712097]"
F182013,50,13,0.01,"[3829.3886295692846, 0.41223692893981934]"
F182013,50,13,0.1,"[2286.260381490896, 4.077823162078857]"
F182013,50,13,0.2,"[1496.3172239814535, 8.14585542678833]"
F182013,50,13,0.3,"[1370.9472047830054, 12.214264392852783]"
F182013,50,13,0.4,"[1376.7803600578259, 16.28571629524231]"
F182013,50,13,0.5,"[1327.432914760645, 20.342065811157227]"
F182013,50,13,0.6,"[1036.906384993859, 24.404134035110474]"
F182013,50,13,0.7,"[1036.2883526577652, 28.46066403388977]"
F182013,50,13,0.8,"[1347.6435048007556, 32.52554273605347]"
F182013,50,13,0.9,"[1029.0215196470335, 36.59577131271362]"
F182013,50,13,1.0,"[970.2268563528107, 40.66969299316406]"
F182013,50,14,0.01,"[4531.648745681587, 0.4109773635864258]"
F182013,50,14,0.1,"[1919.81136385455, 4.080424070358276]"
F182013,50,14,0.2,"[1310.7627718993847, 8.152971506118774]"
F182013,50,14,0.3,"[1246.2512332960391, 12.221619844436646]"
F182013,50,14,0.4,"[1311.3093561248713, 16.29261541366577]"
F182013,50,14,0.5,"[1128.48998168348, 20.366819143295288]"
F182013,50,14,0.6,"[1045.4791931648087, 24.43710422515869]"
F182013,50,14,0.7,"[1206.8206155919506, 28.505772829055786]"
F182013,50,14,0.8,"[1277.688466053371, 32.58958339691162]"
F182013,50,14,0.9,"[967.1204358330349, 36.662566900253296]"
F182013,50,14,1.0,"[1099.04321884831, 40.73633313179016]"
F182013,50,15,0.01,"[3540.0466717955, 0.4106271266937256]"
F182013,50,15,0.1,"[1791.2689273552237, 4.06693434715271]"
F182013,50,15,0.2,"[1829.4140380992758, 8.128220558166504]"
F182013,50,15,0.3,"[1434.9039312402558, 12.188147783279419]"
F182013,50,15,0.4,"[1383.21746057062, 16.26124620437622]"
F182013,50,15,0.5,"[1229.9509699819243, 20.326271057128906]"
F182013,50,15,0.6,"[1180.0816204329342, 24.389986515045166]"
F182013,50,15,0.7,"[1025.2653485427631, 28.45554828643799]"
F182013,50,15,0.8,"[941.4719648825248, 32.51705026626587]"
F182013,50,15,0.9,"[946.4201090252006, 36.5856876373291]"
F182013,50,15,1.0,"[1096.133601907266, 40.6588830947876]"
F182013,50,16,0.01,"[5482.263483746079, 0.4609487056732178]"
F182013,50,16,0.1,"[2082.716187128073, 4.121001720428467]"
F182013,50,16,0.2,"[1736.8091505452653, 8.190674304962158]"
F182013,50,16,0.3,"[1373.8417650410038, 12.2525053024292]"
F182013,50,16,0.4,"[1231.1400271748334, 16.323927879333496]"
F182013,50,16,0.5,"[1290.983532720175, 20.385130167007446]"
F182013,50,16,0.6,"[1056.815079348843, 24.453954935073853]"
F182013,50,16,0.7,"[1089.8687833420993, 28.514395475387573]"
F182013,50,16,0.8,"[1087.562891198626, 32.57337975502014]"
F182013,50,16,0.9,"[1136.9714776116848, 36.63695669174194]"
F182013,50,16,1.0,"[785.4474018018509, 40.69985008239746]"
F182013,50,17,0.01,"[3892.5864301881265, 0.41272616386413574]"
F182013,50,17,0.1,"[2228.615867508976, 4.0709288120269775]"
F182013,50,17,0.2,"[1790.7491402648175, 8.129730701446533]"
F182013,50,17,0.3,"[1222.3023247069736, 12.188568592071533]"
F182013,50,17,0.4,"[1244.5371950631147, 16.25460910797119]"
F182013,50,17,0.5,"[1048.8753038881491, 20.312342882156372]"
F182013,50,17,0.6,"[1164.7780674939036, 24.36848521232605]"
F182013,50,17,0.7,"[1167.1526361595556, 28.418701171875]"
F182013,50,17,0.8,"[1269.5488782769442, 32.477110147476196]"
F182013,50,17,0.9,"[1066.231609108566, 36.53723740577698]"
F182013,50,17,1.0,"[1266.1317446618946, 40.59804058074951]"
F182013,50,18,0.01,"[3472.82673787763, 0.4081294536590576]"
F182013,50,18,0.1,"[1717.3706064479125, 4.050252199172974]"
F182013,50,18,0.2,"[1854.8149919287043, 8.090227127075195]"
F182013,50,18,0.3,"[1463.594247576878, 12.125698328018188]"
F182013,50,18,0.4,"[1146.334296365721, 16.18005681037903]"
F182013,50,18,0.5,"[1098.2520554088107, 20.213753700256348]"
F182013,50,18,0.6,"[981.231249631122, 24.282423734664917]"
F182013,50,18,0.7,"[897.4459005395229, 28.315045595169067]"
F182013,50,18,0.8,"[815.7726818208889, 32.358442068099976]"
F182013,50,18,0.9,"[915.4136002932853, 36.40572381019592]"
F182013,50,18,1.0,"[924.3583790110076, 40.452855825424194]"
F182013,50,19,0.01,"[4695.133876616571, 0.4073295593261719]"
F182013,50,19,0.1,"[1734.71149545034, 4.044672250747681]"
F182013,50,19,0.2,"[1698.4776542746476, 8.091464281082153]"
F182013,50,19,0.3,"[1057.2591350102996, 12.136622667312622]"
F182013,50,19,0.4,"[1355.2204390517513, 16.18594479560852]"
F182013,50,19,0.5,"[1348.2578972371925, 20.231250524520874]"
F182013,50,19,0.6,"[1349.4161738877092, 24.27891778945923]"
F182013,50,19,0.7,"[1339.1268044796377, 28.32326650619507]"
F182013,50,19,0.8,"[1286.6966654051048, 32.372313022613525]"
F182013,50,19,0.9,"[962.3021760777206, 36.42006206512451]"
F182013,50,19,1.0,"[1048.0534212784482, 40.464189529418945]"
F182013,50,20,0.01,"[3323.3923949956456, 0.40840649604797363]"
F182013,50,20,0.1,"[2332.5022544429667, 4.045328378677368]"
F182013,50,20,0.2,"[1702.4704383424123, 8.091115713119507]"
F182013,50,20,0.3,"[1460.9949139614966, 12.125195503234863]"
F182013,50,20,0.4,"[1208.7532764009093, 16.171427488327026]"
F182013,50,20,0.5,"[1036.2193380288522, 20.2187762260437]"
F182013,50,20,0.6,"[1649.918369370026, 24.267695426940918]"
F182013,50,20,0.7,"[1262.3936482292138, 28.310715436935425]"
F182013,50,20,0.8,"[1050.413401567196, 32.35780572891235]"
F182013,50,20,0.9,"[1083.328350087901, 36.39950656890869]"
F182013,50,20,1.0,"[1130.6308631935235, 40.44088888168335]"
F182013,50,21,0.01,"[3968.205236158623, 0.4078500270843506]"
F182013,50,21,0.1,"[1819.3241367086202, 4.065394878387451]"
F182013,50,21,0.2,"[1423.7416604580067, 8.095519781112671]"
F182013,50,21,0.3,"[1383.3881016775315, 12.132865190505981]"
F182013,50,21,0.4,"[1295.6136980571137, 16.191513776779175]"
F182013,50,21,0.5,"[1070.0680238271088, 20.224626779556274]"
F182013,50,21,0.6,"[1236.4381969405463, 24.266526460647583]"
F182013,50,21,0.7,"[1095.0481310043035, 28.30436658859253]"
F182013,50,21,0.8,"[1046.0073861362148, 32.34661674499512]"
F182013,50,21,0.9,"[1024.5894963084438, 36.396904945373535]"
F182013,50,21,1.0,"[1036.9742353580373, 40.43873333930969]"
F182013,50,22,0.01,"[4385.819776536353, 0.407987117767334]"
F182013,50,22,0.1,"[1512.8545350135719, 4.039031505584717]"
F182013,50,22,0.2,"[1673.7062552866555, 8.080087900161743]"
F182013,50,22,0.3,"[1455.1373537841082, 12.128609657287598]"
F182013,50,22,0.4,"[1131.773761197636, 16.17720127105713]"
F182013,50,22,0.5,"[1146.885557300659, 20.221354961395264]"
F182013,50,22,0.6,"[1129.2928534195703, 24.280064821243286]"
F182013,50,22,0.7,"[1043.6016775919052, 28.321407318115234]"
F182013,50,22,0.8,"[1104.5894959866855, 32.37026238441467]"
F182013,50,22,0.9,"[1218.4404559212521, 36.42567706108093]"
F182013,50,22,1.0,"[1042.8711534012612, 40.47606539726257]"
F182013,50,23,0.01,"[4986.25317686329, 0.4099235534667969]"
F182013,50,23,0.1,"[1777.2661285226059, 4.089446067810059]"
F182013,50,23,0.2,"[2043.9128724232032, 8.17179012298584]"
F182013,50,23,0.3,"[1077.4774778826863, 12.260076999664307]"
F182013,50,23,0.4,"[1088.5945646168689, 16.35775136947632]"
F182013,50,23,0.5,"[1179.4260666903292, 20.419201612472534]"
F182013,50,23,0.6,"[1127.2741229052767, 24.484359741210938]"
F182013,50,23,0.7,"[868.0836729325374, 28.5639066696167]"
F182013,50,23,0.8,"[1002.8947936253765, 32.63044881820679]"
F182013,50,23,0.9,"[1089.7597165926595, 36.71392464637756]"
F182013,50,23,1.0,"[1073.87721530749, 40.77392840385437]"
F182013,50,24,0.01,"[4986.25317686329, 0.4105417728424072]"
F182013,50,24,0.1,"[1777.2661285226059, 4.063480854034424]"
F182013,50,24,0.2,"[2043.9128724232032, 8.099549531936646]"
F182013,50,24,0.3,"[1077.4774778826863, 12.134134292602539]"
F182013,50,24,0.4,"[1088.5945646168689, 16.172594785690308]"
F182013,50,24,0.5,"[1179.4260666903292, 20.20146870613098]"
F182013,50,24,0.6,"[1127.2741229052767, 24.25300431251526]"
F182013,50,24,0.7,"[868.0836729325374, 28.311583757400513]"
F182013,50,24,0.8,"[1002.8947936253765, 32.34740328788757]"
F182013,50,24,0.9,"[1089.7597165926595, 36.39032793045044]"
F182013,50,24,1.0,"[1073.87721530749, 40.430442571640015]"
F182013,50,25,0.01,"[4672.319914720012, 0.4148433208465576]"
F182013,50,25,0.1,"[1959.908971598461, 4.0824196338653564]"
F182013,50,25,0.2,"[1706.5033094376704, 8.154637336730957]"
F182013,50,25,0.3,"[1466.9149412515342, 12.22704267501831]"
F182013,50,25,0.4,"[1517.9611381630043, 16.308379650115967]"
F182013,50,25,0.5,"[1288.6060869506625, 20.383368492126465]"
F182013,50,25,0.6,"[992.9285179618262, 24.466240406036377]"
F182013,50,25,0.7,"[1261.9907588289716, 28.539864778518677]"
F182013,50,25,0.8,"[1060.4737321198259, 32.62443971633911]"
F182013,50,25,0.9,"[1018.9660656667529, 36.703399896621704]"
F182013,50,25,1.0,"[931.296169691833, 40.793956995010376]"
F182013,50,26,0.01,"[3687.813459592562, 0.5037903785705566]"
F182013,50,26,0.1,"[1456.7495170888021, 4.166754722595215]"
F182013,50,26,0.2,"[1537.751009988013, 8.229453802108765]"
F182013,50,26,0.3,"[1192.5476220652702, 12.292724847793579]"
F182013,50,26,0.4,"[1250.3380348736864, 16.354907751083374]"
F182013,50,26,0.5,"[1109.3594362226836, 20.410786151885986]"
F182013,50,26,0.6,"[1255.594218027891, 24.471617698669434]"
F182013,50,26,0.7,"[1148.18667566277, 28.522594690322876]"
F182013,50,26,0.8,"[1030.2227840112782, 32.58160161972046]"
F182013,50,26,0.9,"[1095.419489104941, 36.645474433898926]"
F182013,50,26,1.0,"[1113.8020119841844, 40.70459198951721]"
F182013,50,27,0.01,"[5131.421376996625, 0.42288756370544434]"
F182013,50,27,0.1,"[1765.1231265442648, 4.076750993728638]"
F182013,50,27,0.2,"[1516.8005093483503, 8.135125875473022]"
F182013,50,27,0.3,"[1358.1190463537873, 12.193880319595337]"
F182013,50,27,0.4,"[1545.8824031572315, 16.26051640510559]"
F182013,50,27,0.5,"[1296.287773750389, 20.32771062850952]"
F182013,50,27,0.6,"[1113.2867161961312, 24.400514364242554]"
F182013,50,27,0.7,"[826.0928858213861, 28.471972942352295]"
F182013,50,27,0.8,"[1093.578210759133, 32.540781021118164]"
F182013,50,27,0.9,"[1021.4825518738962, 36.6013343334198]"
F182013,50,27,1.0,"[1008.082312420876, 40.66396903991699]"
F182013,50,28,0.01,"[4729.71295142909, 0.409282922744751]"
F182013,50,28,0.1,"[2863.454906240405, 4.048663854598999]"
F182013,50,28,0.2,"[1178.5281922116399, 8.104633808135986]"
F182013,50,28,0.3,"[1655.788440477675, 12.157912492752075]"
F182013,50,28,0.4,"[1101.4600601477755, 16.231882572174072]"
F182013,50,28,0.5,"[1086.563083162379, 20.289681911468506]"
F182013,50,28,0.6,"[1140.5910155138872, 24.347330570220947]"
F182013,50,28,0.7,"[1193.982682789945, 28.40355086326599]"
F182013,50,28,0.8,"[1095.7366116270282, 32.46134543418884]"
F182013,50,28,0.9,"[964.3262936547571, 36.51516914367676]"
F182013,50,28,1.0,"[1393.5651207949427, 40.57393407821655]"
F182013,50,29,0.01,"[5242.613462104865, 0.42846131324768066]"
F182013,50,29,0.1,"[2256.8266598386685, 4.059982538223267]"
F182013,50,29,0.2,"[2056.297481446669, 8.093406200408936]"
F182013,50,29,0.3,"[1426.5034023915323, 12.124246835708618]"
F182013,50,29,0.4,"[1062.7709867418819, 16.16546392440796]"
F182013,50,29,0.5,"[1534.522071390815, 20.194571495056152]"
F182013,50,29,0.6,"[1061.8255346496867, 24.229617595672607]"
F182013,50,29,0.7,"[1149.5820093088955, 28.256630420684814]"
F182013,50,29,0.8,"[807.0260790682873, 32.29408383369446]"
F182013,50,29,0.9,"[1086.9675753617043, 36.335174322128296]"
F182013,50,29,1.0,"[939.9473954150424, 40.3759605884552]"
F182013,50,30,0.01,"[4496.3723954480665, 0.41611194610595703]"
F182013,50,30,0.1,"[1873.5892570478545, 4.044947624206543]"
F182013,50,30,0.2,"[1746.9197453744537, 8.084110021591187]"
F182013,50,30,0.3,"[1436.829050650508, 12.122864007949829]"
F182013,50,30,0.4,"[1171.7069428662812, 16.167759656906128]"
F182013,50,30,0.5,"[1232.685884685478, 20.1969153881073]"
F182013,50,30,0.6,"[1242.5914489843658, 24.226001977920532]"
F182013,50,30,0.7,"[1087.5064792967798, 28.25226926803589]"
F182013,50,30,0.8,"[1362.412294212629, 32.28579807281494]"
F182013,50,30,0.9,"[1163.9251814239242, 36.31432223320007]"
F182013,50,30,1.0,"[1058.4139554263431, 40.35425639152527]"
F182013,50,31,0.01,"[3810.656787562133, 0.4184846878051758]"
F182013,50,31,0.1,"[1901.470474812102, 4.055483102798462]"
F182013,50,31,0.2,"[1720.7288705761007, 8.111317157745361]"
F182013,50,31,0.3,"[1597.2395949782926, 12.163307428359985]"
F182013,50,31,0.4,"[1744.4638470038617, 16.230528354644775]"
F182013,50,31,0.5,"[1203.0049950188186, 20.285088777542114]"
F182013,50,31,0.6,"[1161.2775405118452, 24.346815586090088]"
F182013,50,31,0.7,"[948.4649879820811, 28.393627882003784]"
F182013,50,31,0.8,"[1062.5976914240155, 32.456039905548096]"
F182013,50,31,0.9,"[1191.1193831425371, 36.50906991958618]"
F182013,50,31,1.0,"[952.7838657421478, 40.57903170585632]"
F182013,50,32,0.01,"[4723.110365895637, 0.41135525703430176]"
F182013,50,32,0.1,"[1564.004598515447, 4.073680639266968]"
F182013,50,32,0.2,"[2141.7909940966283, 8.146188259124756]"
F182013,50,32,0.3,"[1309.0282590933105, 12.223016262054443]"
F182013,50,32,0.4,"[1256.190077533371, 16.29775595664978]"
F182013,50,32,0.5,"[1597.3514793129168, 20.364080667495728]"
F182013,50,32,0.6,"[1187.5094988552955, 24.43467688560486]"
F182013,50,32,0.7,"[1191.539724713332, 28.49760937690735]"
F182013,50,32,0.8,"[982.9207365470284, 32.5702166557312]"
F182013,50,32,0.9,"[1027.3930920581652, 36.6402473449707]"
F182013,50,32,1.0,"[859.3130361543372, 40.70615887641907]"
F182013,50,33,0.01,"[3686.482825328695, 0.47487711906433105]"
F182013,50,33,0.1,"[2100.6288670583162, 4.151162147521973]"
F182013,50,33,0.2,"[1841.1863003488606, 8.23519492149353]"
F182013,50,33,0.3,"[1340.7806511650506, 12.318962335586548]"
F182013,50,33,0.4,"[1124.3283218133597, 16.41260576248169]"
F182013,50,33,0.5,"[862.3223855669328, 20.505988121032715]"
F182013,50,33,0.6,"[1016.4270255226807, 24.60577082633972]"
F182013,50,33,0.7,"[1534.2851239005902, 28.697981357574463]"
F182013,50,33,0.8,"[1072.3955725377964, 32.79184865951538]"
F182013,50,33,0.9,"[1049.0780193831217, 36.87500739097595]"
F182013,50,33,1.0,"[1001.1709486802456, 40.959784746170044]"
F182013,50,34,0.01,"[3570.1400510928806, 0.4072859287261963]"
F182013,50,34,0.1,"[2119.130231116006, 4.029706001281738]"
F182013,50,34,0.2,"[1501.6241378166023, 8.05554747581482]"
F182013,50,34,0.3,"[1201.0174972513912, 12.08152151107788]"
F182013,50,34,0.4,"[1388.5442169976718, 16.125339031219482]"
F182013,50,34,0.5,"[1190.6767756349268, 20.164121627807617]"
F182013,50,34,0.6,"[1436.9542496804784, 24.205745935440063]"
F182013,50,34,0.7,"[1318.1677818253993, 28.24515652656555]"
F182013,50,34,0.8,"[976.3042928919235, 32.28749346733093]"
F182013,50,34,0.9,"[835.7769542103222, 36.324962854385376]"
F182013,50,34,1.0,"[851.019593674022, 40.36397886276245]"
F182013,50,35,0.01,"[5005.190740794406, 0.4102139472961426]"
F182013,50,35,0.1,"[2518.8171633860657, 4.0657641887664795]"
F182013,50,35,0.2,"[1430.190959610399, 8.140997648239136]"
F182013,50,35,0.3,"[1290.8051474065394, 12.200435161590576]"
F182013,50,35,0.4,"[1133.44714368519, 16.256133317947388]"
F182013,50,35,0.5,"[1370.043241045759, 20.306321144104004]"
F182013,50,35,0.6,"[977.4136623584695, 24.36013913154602]"
F182013,50,35,0.7,"[819.9603068724191, 28.413270711898804]"
F182013,50,35,0.8,"[1234.3894422369697, 32.47407078742981]"
F182013,50,35,0.9,"[1432.4883123786103, 36.52965998649597]"
F182013,50,35,1.0,"[1066.1776298239565, 40.58424925804138]"
F182013,50,36,0.01,"[4255.0861520401795, 0.4708845615386963]"
F182013,50,36,0.1,"[2234.1580831329084, 4.115249395370483]"
F182013,50,36,0.2,"[1394.9620118400287, 8.161638975143433]"
F182013,50,36,0.3,"[1336.2249287364866, 12.208217859268188]"
F182013,50,36,0.4,"[1326.378735716968, 16.258838176727295]"
F182013,50,36,0.5,"[1088.013498578368, 20.30337929725647]"
F182013,50,36,0.6,"[871.3218462129439, 24.352301836013794]"
F182013,50,36,0.7,"[1042.8216208781782, 28.388360023498535]"
F182013,50,36,0.8,"[989.5300266423949, 32.429407358169556]"
F182013,50,36,0.9,"[1017.9755809371268, 36.46329665184021]"
F182013,50,36,1.0,"[959.4820646245025, 40.506263732910156]"
F182013,50,37,0.01,"[5698.556490199657, 0.527540922164917]"
F182013,50,37,0.1,"[1621.7214366615137, 4.1615259647369385]"
F182013,50,37,0.2,"[1767.7110373396117, 8.20209288597107]"
F182013,50,37,0.3,"[1440.4710386834845, 12.285773754119873]"
F182013,50,37,0.4,"[996.2238209041934, 16.33862042427063]"
F182013,50,37,0.5,"[1360.7524811441322, 20.376946687698364]"
F182013,50,37,0.6,"[1091.2859909107206, 24.420345067977905]"
F182013,50,37,0.7,"[1163.0340748169142, 28.44982886314392]"
F182013,50,37,0.8,"[1067.5961052329562, 32.49271321296692]"
F182013,50,37,0.9,"[1122.6509217828402, 36.52847146987915]"
F182013,50,37,1.0,"[939.0070155351941, 40.576343297958374]"
F182013,50,38,0.01,"[4574.380065500044, 0.43008971214294434]"
F182013,50,38,0.1,"[1801.642316719865, 4.096202850341797]"
F182013,50,38,0.2,"[1410.9062925674157, 8.170037508010864]"
F182013,50,38,0.3,"[1410.6659423846181, 12.26728367805481]"
F182013,50,38,0.4,"[1344.8923179453568, 16.364076614379883]"
F182013,50,38,0.5,"[1305.4894271897613, 20.445420742034912]"
F182013,50,38,0.6,"[1399.883333490345, 24.52833652496338]"
F182013,50,38,0.7,"[1205.720667371986, 28.598833799362183]"
F182013,50,38,0.8,"[1040.5292959723993, 32.67784523963928]"
F182013,50,38,0.9,"[832.7031580102519, 36.76718807220459]"
F182013,50,38,1.0,"[938.2153522419321, 40.85742449760437]"
F182013,50,39,0.01,"[4362.091036905484, 0.4861459732055664]"
F182013,50,39,0.1,"[1763.7090452869124, 4.16483473777771]"
F182013,50,39,0.2,"[1354.289173948036, 8.260666608810425]"
F182013,50,39,0.3,"[1766.9393652126782, 12.35722017288208]"
F182013,50,39,0.4,"[1426.3145880493676, 16.468793630599976]"
F182013,50,39,0.5,"[1221.0632794114936, 20.569010019302368]"
F182013,50,39,0.6,"[1368.2730404395118, 24.669432878494263]"
F182013,50,39,0.7,"[1176.100300091802, 28.761735677719116]"
F182013,50,39,0.8,"[850.4734524739424, 32.8626754283905]"
F182013,50,39,0.9,"[1018.0573979778501, 36.95972657203674]"
F182013,50,39,1.0,"[1112.8508732015762, 41.06571435928345]"
F182013,50,40,0.01,"[5798.826971969708, 0.480867862701416]"
F182013,50,40,0.1,"[2450.9728280017443, 4.754503488540649]"
F182013,50,40,0.2,"[1615.4558492757687, 9.507503271102905]"
F182013,50,40,0.3,"[1078.4691498049192, 14.271667003631592]"
F182013,50,40,0.4,"[1382.6268095333262, 19.028402090072632]"
F182013,50,40,0.5,"[1172.0774519547524, 23.783949375152588]"
F182013,50,40,0.6,"[991.7417806830574, 28.542283296585083]"
F182013,50,40,0.7,"[1067.1549567251175, 33.28866767883301]"
F182013,50,40,0.8,"[929.3119894459503, 38.04135084152222]"
F182013,50,40,0.9,"[900.8890583591196, 42.45291543006897]"
F182013,50,40,1.0,"[1107.7255732731542, 46.50717067718506]"
F182013,50,41,0.01,"[4897.908804581603, 0.4150960445404053]"
F182013,50,41,0.1,"[1725.594542769606, 4.082505941390991]"
F182013,50,41,0.2,"[1203.2364112844402, 8.150408267974854]"
F182013,50,41,0.3,"[1274.9376224489943, 12.219649076461792]"
F182013,50,41,0.4,"[1778.6408969521426, 16.295223712921143]"
F182013,50,41,0.5,"[1488.6615630748825, 20.36132526397705]"
F182013,50,41,0.6,"[1153.9824415443886, 24.431467533111572]"
F182013,50,41,0.7,"[1193.5419769623832, 28.495525121688843]"
F182013,50,41,0.8,"[988.6876645407372, 32.564372062683105]"
F182013,50,41,0.9,"[848.2402247000566, 36.64301347732544]"
F182013,50,41,1.0,"[946.5203467902502, 40.71869206428528]"
F182013,50,42,0.01,"[3577.438555116694, 0.4265923500061035]"
F182013,50,42,0.1,"[2210.355648758465, 4.0858142375946045]"
F182013,50,42,0.2,"[2178.7450184313157, 8.153459072113037]"
F182013,50,42,0.3,"[1583.7892835855212, 12.214013814926147]"
F182013,50,42,0.4,"[1143.6763982445916, 16.330118417739868]"
F182013,50,42,0.5,"[1271.8218648298302, 20.396674156188965]"
F182013,50,42,0.6,"[1106.1831798194253, 24.469698905944824]"
F182013,50,42,0.7,"[1389.86464079852, 28.536508560180664]"
F182013,50,42,0.8,"[900.0408029481573, 32.60610508918762]"
F182013,50,42,0.9,"[1044.955551217839, 36.67383432388306]"
F182013,50,42,1.0,"[1120.1237913100222, 40.74550795555115]"
F182013,50,43,0.01,"[5036.673077927704, 0.4595303535461426]"
F182013,50,43,0.1,"[1838.2404669266352, 4.113269567489624]"
F182013,50,43,0.2,"[1405.8258173198506, 8.175783634185791]"
F182013,50,43,0.3,"[1318.872740777485, 12.241458654403687]"
F182013,50,43,0.4,"[1274.739834393308, 16.310771942138672]"
F182013,50,43,0.5,"[1184.9902767798944, 20.3762686252594]"
F182013,50,43,0.6,"[1178.6588706181676, 24.434211015701294]"
F182013,50,43,0.7,"[894.7621439730292, 28.481696844100952]"
F182013,50,43,0.8,"[1108.756546068932, 32.535513162612915]"
F182013,50,43,0.9,"[1016.5476940384592, 36.600390911102295]"
F182013,50,43,1.0,"[1119.6552697629922, 40.66186499595642]"
F182013,50,44,0.01,"[5869.160025479948, 0.46979761123657227]"
F182013,50,44,0.1,"[2418.0573307463474, 4.109303712844849]"
F182013,50,44,0.2,"[1738.217042153069, 8.146846532821655]"
F182013,50,44,0.3,"[1242.8567029713902, 12.187941551208496]"
F182013,50,44,0.4,"[1361.186846068335, 16.237828731536865]"
F182013,50,44,0.5,"[1044.687072483815, 20.273601293563843]"
F182013,50,44,0.6,"[973.649613774955, 24.31718635559082]"
F182013,50,44,0.7,"[1232.9068163381723, 28.356754064559937]"
F182013,50,44,0.8,"[1015.7105201021129, 32.41030716896057]"
F182013,50,44,0.9,"[1080.2618238752602, 36.4667809009552]"
F182013,50,44,1.0,"[960.2855804795079, 40.51959776878357]"
F182013,50,45,0.01,"[5509.870799870409, 0.40944910049438477]"
F182013,50,45,0.1,"[2009.1371452579351, 4.063352346420288]"
F182013,50,45,0.2,"[1894.0438542545412, 8.126247882843018]"
F182013,50,45,0.3,"[1660.4579078356337, 12.183908224105835]"
F182013,50,45,0.4,"[1373.7899451410212, 16.252832651138306]"
F182013,50,45,0.5,"[1277.4557874751629, 20.311013221740723]"
F182013,50,45,0.6,"[1227.7384084088442, 24.37662649154663]"
F182013,50,45,0.7,"[1330.718445861241, 28.4317684173584]"
F182013,50,45,0.8,"[973.6829355306045, 32.490280866622925]"
F182013,50,45,0.9,"[973.3102421079743, 36.55558490753174]"
F182013,50,45,1.0,"[1027.705495408928, 40.61927771568298]"
F182013,50,46,0.01,"[4309.127278358746, 0.4080824851989746]"
F182013,50,46,0.1,"[1823.3171439323155, 4.055335998535156]"
F182013,50,46,0.2,"[1695.6517260315422, 8.108941316604614]"
F182013,50,46,0.3,"[1298.0798983309064, 12.154714822769165]"
F182013,50,46,0.4,"[1111.9808993584293, 16.21782159805298]"
F182013,50,46,0.5,"[1332.7999539670027, 20.275449514389038]"
F182013,50,46,0.6,"[1085.6854880012447, 24.344834566116333]"
F182013,50,46,0.7,"[1161.258327370345, 28.403477907180786]"
F182013,50,46,0.8,"[1101.8894509024312, 32.466078996658325]"
F182013,50,46,0.9,"[972.866855723024, 36.526439905166626]"
F182013,50,46,1.0,"[1219.8794507574748, 40.582220792770386]"
F182013,50,47,0.01,"[3998.4161053232574, 0.4762156009674072]"
F182013,50,47,0.1,"[2229.328501965859, 4.118181228637695]"
F182013,50,47,0.2,"[1150.7305807860907, 8.164553880691528]"
F182013,50,47,0.3,"[1760.8535537350172, 12.206543207168579]"
F182013,50,47,0.4,"[1242.604745108125, 16.27636694908142]"
F182013,50,47,0.5,"[1054.1119078583192, 20.31549310684204]"
F182013,50,47,0.6,"[1363.0412809676664, 24.359402418136597]"
F182013,50,47,0.7,"[899.9285023138593, 28.401551485061646]"
F182013,50,47,0.8,"[1240.283052092639, 32.445998191833496]"
F182013,50,47,0.9,"[1017.6558906049245, 36.49289011955261]"
F182013,50,47,1.0,"[1013.7129408538619, 40.551398515701294]"
F182013,50,48,0.01,"[4125.0442950305205, 0.40865635871887207]"
F182013,50,48,0.1,"[1626.3637968648254, 4.032992124557495]"
F182013,50,48,0.2,"[1387.204602958022, 8.062282085418701]"
F182013,50,48,0.3,"[1407.7243857758642, 12.089472532272339]"
F182013,50,48,0.4,"[1069.3543950428416, 16.132568359375]"
F182013,50,48,0.5,"[1749.3619289568414, 20.172070264816284]"
F182013,50,48,0.6,"[969.3390972331554, 24.214656352996826]"
F182013,50,48,0.7,"[875.705659915353, 28.252151489257812]"
F182013,50,48,0.8,"[1005.5275604298181, 32.29383301734924]"
F182013,50,48,0.9,"[976.2716667396926, 36.325488567352295]"
F182013,50,48,1.0,"[1087.0859943735913, 40.36184573173523]"
F182013,50,49,0.01,"[4692.076948411219, 0.40518641471862793]"
F182013,50,49,0.1,"[2131.3453147794125, 4.0025999546051025]"
F182013,50,49,0.2,"[1457.3738865564806, 8.002002000808716]"
F182013,50,49,0.3,"[1345.6024015969424, 12.005555629730225]"
F182013,50,49,0.4,"[1292.5758694037868, 16.03072237968445]"
F182013,50,49,0.5,"[1171.5357917683998, 20.051547050476074]"
F182013,50,49,0.6,"[1030.0860601615773, 24.079164505004883]"
F182013,50,49,0.7,"[928.3168359656602, 28.09585738182068]"
F182013,50,49,0.8,"[1164.4217418597473, 32.121395111083984]"
F182013,50,49,0.9,"[946.8597298265881, 36.13944697380066]"
F182013,50,49,1.0,"[1351.6594512272522, 40.162190675735474]"
F182013,50,50,0.01,"[4524.644179328079, 0.41290926933288574]"
F182013,50,50,0.1,"[2152.1464212311676, 4.097047567367554]"
F182013,50,50,0.2,"[1514.4280972062443, 8.187540769577026]"
F182013,50,50,0.3,"[1150.596068608609, 12.273998498916626]"
F182013,50,50,0.4,"[1396.5779653758686, 16.36536478996277]"
F182013,50,50,0.5,"[1183.44074456556, 20.45574164390564]"
F182013,50,50,0.6,"[1112.4349599794268, 24.552440881729126]"
F182013,50,50,0.7,"[1115.6888249271644, 28.632388591766357]"
F182013,50,50,0.8,"[1103.2029951487543, 32.72440814971924]"
F182013,50,50,0.9,"[918.1760799200974, 36.81571888923645]"
F182013,50,50,1.0,"[1159.9096334121698, 40.909093141555786]"
