function,dimension,run,checkpoint,error
F172013,10,0,0.01,"[2109.738264220432, 0.0543673038482666]"
F172013,10,0,0.1,"[2317.0438385330176, 0.5338759422302246]"
F172013,10,0,0.2,"[2670.6189735022463, 1.0695586204528809]"
F172013,10,0,0.3,"[2740.2675518509727, 1.6027421951293945]"
F172013,10,0,0.4,"[2762.7521290276795, 2.1357901096343994]"
F172013,10,0,0.5,"[2731.506931677346, 2.6697211265563965]"
F172013,10,0,0.6,"[2885.6339320853217, 3.2062325477600098]"
F172013,10,0,0.7,"[3024.562087649378, 3.741459608078003]"
F172013,10,0,0.8,"[3045.909516681766, 4.276842832565308]"
F172013,10,0,0.9,"[3034.229232300842, 4.811416149139404]"
F172013,10,0,1.0,"[3034.8000738704413, 5.393052339553833]"
F172013,10,1,0.01,"[2111.82974192231, 0.05423450469970703]"
F172013,10,1,0.1,"[1918.030690913482, 0.5337023735046387]"
F172013,10,1,0.2,"[1994.6819683073227, 1.0686726570129395]"
F172013,10,1,0.3,"[1927.6398165275004, 1.6030778884887695]"
F172013,10,1,0.4,"[1839.0459690067328, 2.1384310722351074]"
F172013,10,1,0.5,"[1817.8344921596436, 2.6721439361572266]"
F172013,10,1,0.6,"[1830.411620346743, 3.2099103927612305]"
F172013,10,1,0.7,"[1999.4867789221348, 3.7442593574523926]"
F172013,10,1,0.8,"[1906.194983630291, 4.279780387878418]"
F172013,10,1,0.9,"[1813.5693809341465, 4.813555717468262]"
F172013,10,1,1.0,"[1801.1418464106537, 5.418377876281738]"
F172013,10,2,0.01,"[1855.1434140008632, 0.054724931716918945]"
F172013,10,2,0.1,"[1727.6342718507858, 0.5377099514007568]"
F172013,10,2,0.2,"[1775.0412407999538, 1.0767524242401123]"
F172013,10,2,0.3,"[1689.384230009626, 1.634840726852417]"
F172013,10,2,0.4,"[1671.0742201150022, 2.1742026805877686]"
F172013,10,2,0.5,"[1660.4395006770053, 2.707977294921875]"
F172013,10,2,0.6,"[1811.1425846831162, 3.2456555366516113]"
F172013,10,2,0.7,"[1801.1280050474297, 3.8868954181671143]"
F172013,10,2,0.8,"[1788.7963213485473, 4.536006212234497]"
F172013,10,2,0.9,"[1661.879925839241, 5.1534810066223145]"
F172013,10,2,1.0,"[1674.2417296694928, 5.689193487167358]"
F172013,10,3,0.01,"[1936.3002714047334, 0.05452561378479004]"
F172013,10,3,0.1,"[2166.5736660345265, 0.5349602699279785]"
F172013,10,3,0.2,"[2395.474523206745, 1.0708403587341309]"
F172013,10,3,0.3,"[2757.782821952917, 1.6052539348602295]"
F172013,10,3,0.4,"[2739.083556123878, 2.1401267051696777]"
F172013,10,3,0.5,"[2741.746191394724, 2.67462420463562]"
F172013,10,3,0.6,"[2740.52296596445, 3.210486888885498]"
F172013,10,3,0.7,"[2967.2373193894805, 3.746415615081787]"
F172013,10,3,0.8,"[3048.4904115522268, 4.282994031906128]"
F172013,10,3,0.9,"[3051.6612851567447, 4.818112850189209]"
F172013,10,3,1.0,"[3054.1103026781666, 5.355403423309326]"
F172013,10,4,0.01,"[1902.2559757870208, 0.054311275482177734]"
F172013,10,4,0.1,"[1864.5666584969276, 0.5359230041503906]"
F172013,10,4,0.2,"[2065.0120571885454, 1.0709619522094727]"
F172013,10,4,0.3,"[2310.1113290198837, 1.6050093173980713]"
F172013,10,4,0.4,"[2302.2911145857347, 2.1401889324188232]"
F172013,10,4,0.5,"[2294.4311522490707, 2.6748924255371094]"
F172013,10,4,0.6,"[2439.7756757749034, 3.213015079498291]"
F172013,10,4,0.7,"[2478.308406195017, 3.7503464221954346]"
F172013,10,4,0.8,"[2361.6941473307384, 4.287682771682739]"
F172013,10,4,0.9,"[2309.793575659294, 4.824039936065674]"
F172013,10,4,1.0,"[2288.1807722115414, 5.362781047821045]"
F172013,10,5,0.01,"[1359.733969619691, 0.05484724044799805]"
F172013,10,5,0.1,"[1325.5801803432373, 0.5393807888031006]"
F172013,10,5,0.2,"[1413.0050236434847, 1.0794336795806885]"
F172013,10,5,0.3,"[1907.5132090366228, 1.6160407066345215]"
F172013,10,5,0.4,"[1519.0845251327687, 2.1554219722747803]"
F172013,10,5,0.5,"[1434.297984353064, 2.694206714630127]"
F172013,10,5,0.6,"[1533.06923634522, 3.2357378005981445]"
F172013,10,5,0.7,"[1784.0424650936739, 3.8758745193481445]"
F172013,10,5,0.8,"[1760.9080774068652, 4.455278635025024]"
F172013,10,5,0.9,"[1752.2288804248174, 5.0524091720581055]"
F172013,10,5,1.0,"[1747.9928194191295, 5.605092287063599]"
F172013,10,6,0.01,"[1284.8548522517872, 0.05471324920654297]"
F172013,10,6,0.1,"[1321.9002916448503, 0.538748025894165]"
F172013,10,6,0.2,"[1448.329960014589, 1.077160120010376]"
F172013,10,6,0.3,"[1441.6395743456358, 1.613999366760254]"
F172013,10,6,0.4,"[1300.7434822209311, 2.1558644771575928]"
F172013,10,6,0.5,"[1279.7395179623952, 2.6921558380126953]"
F172013,10,6,0.6,"[1306.129155602901, 3.2312204837799072]"
F172013,10,6,0.7,"[1742.075553795236, 3.7698819637298584]"
F172013,10,6,0.8,"[1388.9970734739657, 4.308912038803101]"
F172013,10,6,0.9,"[1311.484011082897, 4.847609758377075]"
F172013,10,6,1.0,"[1294.8510204141085, 5.387758255004883]"
F172013,10,7,0.01,"[2004.0035571451344, 0.05446457862854004]"
F172013,10,7,0.1,"[1838.6976210738117, 0.534207820892334]"
F172013,10,7,0.2,"[1918.245169851387, 1.0901505947113037]"
F172013,10,7,0.3,"[1871.787590565582, 1.6224641799926758]"
F172013,10,7,0.4,"[1728.3221432781706, 2.1556220054626465]"
F172013,10,7,0.5,"[1735.1666907419512, 2.6896233558654785]"
F172013,10,7,0.6,"[1911.8720526665993, 3.2529397010803223]"
F172013,10,7,0.7,"[1901.979384589842, 3.9641716480255127]"
F172013,10,7,0.8,"[1768.682563726149, 4.499953508377075]"
F172013,10,7,0.9,"[1720.6819526148045, 5.034370183944702]"
F172013,10,7,1.0,"[1692.1960593708473, 5.570954322814941]"
F172013,10,8,0.01,"[2357.8021055533977, 0.054225921630859375]"
F172013,10,8,0.1,"[2064.5758937111445, 0.5344395637512207]"
F172013,10,8,0.2,"[2358.60453733906, 1.068406105041504]"
F172013,10,8,0.3,"[2467.5819383558182, 1.6003739833831787]"
F172013,10,8,0.4,"[2462.990825619655, 2.132908582687378]"
F172013,10,8,0.5,"[2425.607418302412, 2.665719985961914]"
F172013,10,8,0.6,"[2586.1170414295348, 3.1999828815460205]"
F172013,10,8,0.7,"[2558.1622360936276, 3.7327463626861572]"
F172013,10,8,0.8,"[2569.237580474472, 4.266509056091309]"
F172013,10,8,0.9,"[2419.224076912373, 4.800596475601196]"
F172013,10,8,1.0,"[2432.7081799210614, 5.338111639022827]"
F172013,10,9,0.01,"[1561.5547680539319, 0.05449199676513672]"
F172013,10,9,0.1,"[1727.4613668264208, 0.5371239185333252]"
F172013,10,9,0.2,"[1993.0260851816479, 1.071916103363037]"
F172013,10,9,0.3,"[1971.2830276449904, 1.6102001667022705]"
F172013,10,9,0.4,"[1734.4242936956446, 2.145505666732788]"
F172013,10,9,0.5,"[1711.030304595105, 2.6804699897766113]"
F172013,10,9,0.6,"[1760.9765920132359, 3.2168917655944824]"
F172013,10,9,0.7,"[1799.6143678977742, 3.75048828125]"
F172013,10,9,0.8,"[1830.351628794826, 4.283880233764648]"
F172013,10,9,0.9,"[1711.7460263828207, 4.816986322402954]"
F172013,10,9,1.0,"[1720.2847586149715, 5.353581190109253]"
F172013,10,10,0.01,"[1800.1377014930877, 0.05480694770812988]"
F172013,10,10,0.1,"[1704.112917437224, 0.538022518157959]"
F172013,10,10,0.2,"[2117.7913649386223, 1.076932430267334]"
F172013,10,10,0.3,"[1910.292591509915, 1.614316463470459]"
F172013,10,10,0.4,"[1708.4104758164701, 2.1526148319244385]"
F172013,10,10,0.5,"[1676.5938429730127, 2.6892809867858887]"
F172013,10,10,0.6,"[1682.9018032034264, 3.229459762573242]"
F172013,10,10,0.7,"[1765.3682059681169, 3.8686509132385254]"
F172013,10,10,0.8,"[1784.5884015269066, 4.408572673797607]"
F172013,10,10,0.9,"[1673.8200877714037, 4.946235418319702]"
F172013,10,10,1.0,"[1693.7325420151724, 5.486326217651367]"
F172013,10,11,0.01,"[1307.3439294092195, 0.054406166076660156]"
F172013,10,11,0.1,"[1490.7528843916596, 0.5357956886291504]"
F172013,10,11,0.2,"[1783.3640051590428, 1.0708787441253662]"
F172013,10,11,0.3,"[1473.5610030740086, 1.6064276695251465]"
F172013,10,11,0.4,"[1452.4136448871916, 2.1446499824523926]"
F172013,10,11,0.5,"[1429.9999366994766, 2.705472469329834]"
F172013,10,11,0.6,"[1528.362446298357, 3.2398881912231445]"
F172013,10,11,0.7,"[1479.2040878923856, 3.7766034603118896]"
F172013,10,11,0.8,"[1526.267222189796, 4.313227891921997]"
F172013,10,11,0.9,"[1449.1755736852963, 4.849322557449341]"
F172013,10,11,1.0,"[1467.4000845733185, 5.385991811752319]"
F172013,10,12,0.01,"[1821.8926031399337, 0.05434608459472656]"
F172013,10,12,0.1,"[1888.736094973773, 0.5335292816162109]"
F172013,10,12,0.2,"[2202.3782184599554, 1.06467604637146]"
F172013,10,12,0.3,"[2507.6872990684506, 1.5952050685882568]"
F172013,10,12,0.4,"[2516.22990851587, 2.12556529045105]"
F172013,10,12,0.5,"[2506.282311800244, 2.6550042629241943]"
F172013,10,12,0.6,"[2534.8530640649674, 3.197481870651245]"
F172013,10,12,0.7,"[2751.190038262578, 4.263461589813232]"
F172013,10,12,0.8,"[2827.254758441606, 4.7936389446258545]"
F172013,10,12,0.9,"[2820.959004205132, 5.323344945907593]"
F172013,10,12,1.0,"[2815.905494829715, 5.854472398757935]"
F172013,10,13,0.01,"[2237.5363309655695, 0.05403709411621094]"
F172013,10,13,0.1,"[2215.904572922112, 0.5331199169158936]"
F172013,10,13,0.2,"[2414.488449418721, 1.0650572776794434]"
F172013,10,13,0.3,"[2507.7891691665427, 1.5987274646759033]"
F172013,10,13,0.4,"[2131.703050184343, 2.1303675174713135]"
F172013,10,13,0.5,"[2101.837865508372, 2.6624321937561035]"
F172013,10,13,0.6,"[2094.806477496904, 3.1952626705169678]"
F172013,10,13,0.7,"[2222.203879674486, 3.7278356552124023]"
F172013,10,13,0.8,"[2426.3300584755625, 4.339876413345337]"
F172013,10,13,0.9,"[2421.9795669644864, 4.984885931015015]"
F172013,10,13,1.0,"[2423.031275828619, 5.518107175827026]"
F172013,10,14,0.01,"[1756.0626851476718, 0.054494380950927734]"
F172013,10,14,0.1,"[1854.816428320536, 0.5351731777191162]"
F172013,10,14,0.2,"[1791.9091117504104, 1.0689327716827393]"
F172013,10,14,0.3,"[2013.586222508452, 1.600879430770874]"
F172013,10,14,0.4,"[1643.965111238382, 2.1338117122650146]"
F172013,10,14,0.5,"[1625.2363233906842, 2.6667020320892334]"
F172013,10,14,0.6,"[1768.569363982083, 3.2003228664398193]"
F172013,10,14,0.7,"[1615.5230843707504, 3.733060121536255]"
F172013,10,14,0.8,"[1721.4637218710584, 4.267025470733643]"
F172013,10,14,0.9,"[1599.478343412526, 4.800712585449219]"
F172013,10,14,1.0,"[1604.5395634647732, 5.336945295333862]"
F172013,10,15,0.01,"[1442.0472985484205, 0.05446195602416992]"
F172013,10,15,0.1,"[1388.4573446305556, 0.5351202487945557]"
F172013,10,15,0.2,"[1780.6044998936495, 1.0709867477416992]"
F172013,10,15,0.3,"[2175.328090273138, 1.604302167892456]"
F172013,10,15,0.4,"[2182.1113669539513, 2.1460373401641846]"
F172013,10,15,0.5,"[2153.1961213001077, 2.6819775104522705]"
F172013,10,15,0.6,"[2179.3615164147436, 3.2190418243408203]"
F172013,10,15,0.7,"[2356.7057734808272, 3.7541537284851074]"
F172013,10,15,0.8,"[2489.0017900373387, 4.289493799209595]"
F172013,10,15,0.9,"[2481.5273011981126, 4.823617935180664]"
F172013,10,15,1.0,"[2476.332380023613, 5.361697435379028]"
F172013,10,16,0.01,"[1944.5663393236719, 0.054613590240478516]"
F172013,10,16,0.1,"[2003.5458253615634, 0.538069486618042]"
F172013,10,16,0.2,"[2431.692380846738, 1.0765480995178223]"
F172013,10,16,0.3,"[2502.221747384728, 1.6119837760925293]"
F172013,10,16,0.4,"[2611.6541568653447, 2.149792432785034]"
F172013,10,16,0.5,"[2473.235566680972, 2.686448574066162]"
F172013,10,16,0.6,"[2478.9822791878446, 3.274301528930664]"
F172013,10,16,0.7,"[2440.9784692678463, 3.812096118927002]"
F172013,10,16,0.8,"[2608.03306485474, 4.349653005599976]"
F172013,10,16,0.9,"[2454.9335516098104, 4.884751796722412]"
F172013,10,16,1.0,"[2470.374434585047, 5.424065589904785]"
F172013,10,17,0.01,"[1569.7856733852277, 0.05417609214782715]"
F172013,10,17,0.1,"[1664.9800351489046, 0.5335309505462646]"
F172013,10,17,0.2,"[1620.4806637864099, 1.0688953399658203]"
F172013,10,17,0.3,"[1494.4985974240196, 1.6006252765655518]"
F172013,10,17,0.4,"[1466.7985293054203, 2.1335926055908203]"
F172013,10,17,0.5,"[1455.5923517229976, 2.6668202877044678]"
F172013,10,17,0.6,"[1504.5298990707297, 3.211930990219116]"
F172013,10,17,0.7,"[1700.874131586642, 3.746108293533325]"
F172013,10,17,0.8,"[1750.647948746091, 4.279778003692627]"
F172013,10,17,0.9,"[1751.923360048108, 4.813104152679443]"
F172013,10,17,1.0,"[1756.6416968044168, 5.350485324859619]"
F172013,10,18,0.01,"[2237.712207597822, 0.05429863929748535]"
F172013,10,18,0.1,"[1875.7915662133755, 0.5333652496337891]"
F172013,10,18,0.2,"[1983.938906373346, 1.066629409790039]"
F172013,10,18,0.3,"[2232.859555586135, 1.5962607860565186]"
F172013,10,18,0.4,"[1862.240492223833, 2.126955509185791]"
F172013,10,18,0.5,"[1780.2735564813875, 2.6568446159362793]"
F172013,10,18,0.6,"[1775.608259654843, 3.3326330184936523]"
F172013,10,18,0.7,"[1818.81114859631, 3.8631978034973145]"
F172013,10,18,0.8,"[1865.4247867251606, 4.393802881240845]"
F172013,10,18,0.9,"[1777.683618765801, 4.923548698425293]"
F172013,10,18,1.0,"[1784.7526204556734, 5.456666469573975]"
F172013,10,19,0.01,"[2133.27280117444, 0.05371904373168945]"
F172013,10,19,0.1,"[2020.2687301706374, 0.5303690433502197]"
F172013,10,19,0.2,"[2079.1729345475064, 1.0610027313232422]"
F172013,10,19,0.3,"[1972.4346058598512, 1.59098482131958]"
F172013,10,19,0.4,"[1982.1023153655615, 2.122474431991577]"
F172013,10,19,0.5,"[1917.4368626195555, 2.653687000274658]"
F172013,10,19,0.6,"[1931.8813333080766, 3.1857316493988037]"
F172013,10,19,0.7,"[2247.3836600228906, 3.7498514652252197]"
F172013,10,19,0.8,"[2258.524462969156, 4.280697584152222]"
F172013,10,19,0.9,"[2255.402451789987, 4.809556722640991]"
F172013,10,19,1.0,"[2235.9663073713577, 5.340425491333008]"
F172013,10,20,0.01,"[2237.519102477752, 0.05410909652709961]"
F172013,10,20,0.1,"[1767.2835187297378, 0.5325160026550293]"
F172013,10,20,0.2,"[1893.9480516275162, 1.0650718212127686]"
F172013,10,20,0.3,"[2204.2271472187576, 1.597229242324829]"
F172013,10,20,0.4,"[2176.4545604759633, 2.145942449569702]"
F172013,10,20,0.5,"[2140.3809631666695, 2.858189344406128]"
F172013,10,20,0.6,"[2271.653222557233, 3.4089205265045166]"
F172013,10,20,0.7,"[2482.293675489554, 3.9471490383148193]"
F172013,10,20,0.8,"[2519.666575188011, 4.479584455490112]"
F172013,10,20,0.9,"[2502.3852150814914, 5.010745286941528]"
F172013,10,20,1.0,"[2515.090224847056, 5.559531927108765]"
F172013,10,21,0.01,"[1299.1916112388571, 0.054815053939819336]"
F172013,10,21,0.1,"[1352.9122124915905, 0.537604570388794]"
F172013,10,21,0.2,"[1858.8664685050016, 1.0744283199310303]"
F172013,10,21,0.3,"[1559.656512479757, 1.6113555431365967]"
F172013,10,21,0.4,"[1338.5397797780179, 2.149665594100952]"
F172013,10,21,0.5,"[1279.3934736442852, 2.68636155128479]"
F172013,10,21,0.6,"[1581.2310294512656, 3.2356767654418945]"
F172013,10,21,0.7,"[1600.270450122201, 3.8437047004699707]"
F172013,10,21,0.8,"[1594.2033087356683, 4.380133390426636]"
F172013,10,21,0.9,"[1331.038492795383, 4.916851043701172]"
F172013,10,21,1.0,"[1278.362122722785, 5.454742908477783]"
F172013,10,22,0.01,"[2218.4159617665478, 0.06597900390625]"
F172013,10,22,0.1,"[2194.0040893978357, 0.650216817855835]"
F172013,10,22,0.2,"[2483.001556440084, 1.245365858078003]"
F172013,10,22,0.3,"[2626.355184053982, 1.8056466579437256]"
F172013,10,22,0.4,"[2636.2288507991348, 2.3432259559631348]"
F172013,10,22,0.5,"[2634.671696469646, 2.879686117172241]"
F172013,10,22,0.6,"[2921.4625020384847, 3.4183804988861084]"
F172013,10,22,0.7,"[2917.7034725680837, 3.955350399017334]"
F172013,10,22,0.8,"[2928.303164022725, 4.492585897445679]"
F172013,10,22,0.9,"[2918.12484803985, 5.029594898223877]"
F172013,10,22,1.0,"[2918.2584182888786, 5.565383434295654]"
F172013,10,23,0.01,"[2147.0322396188144, 0.05424332618713379]"
F172013,10,23,0.1,"[2185.960476749183, 0.5330507755279541]"
F172013,10,23,0.2,"[2513.414814958147, 1.0658586025238037]"
F172013,10,23,0.3,"[2961.5563789412727, 1.5982849597930908]"
F172013,10,23,0.4,"[2652.2150694640295, 2.1300511360168457]"
F172013,10,23,0.5,"[2634.296631115116, 2.661546468734741]"
F172013,10,23,0.6,"[2741.856176639272, 3.1945888996124268]"
F172013,10,23,0.7,"[2772.5028800483005, 3.728631019592285]"
F172013,10,23,0.8,"[2676.3031335157293, 4.26232385635376]"
F172013,10,23,0.9,"[2632.8383101815025, 4.79520058631897]"
F172013,10,23,1.0,"[2638.6878882030037, 5.32914924621582]"
F172013,10,24,0.01,"[1725.7689389464147, 0.05462813377380371]"
F172013,10,24,0.1,"[1643.589784742101, 0.5354621410369873]"
F172013,10,24,0.2,"[1744.7219704239326, 1.070084810256958]"
F172013,10,24,0.3,"[1598.6778288537826, 1.6031816005706787]"
F172013,10,24,0.4,"[1487.810142472176, 2.1365182399749756]"
F172013,10,24,0.5,"[1482.7823327829178, 2.670596122741699]"
F172013,10,24,0.6,"[1561.0881107491923, 3.2049036026000977]"
F172013,10,24,0.7,"[1592.4238825134235, 3.738243341445923]"
F172013,10,24,0.8,"[1516.0058245708979, 4.2734949588775635]"
F172013,10,24,0.9,"[1611.6057153945944, 4.8292553424835205]"
F172013,10,24,1.0,"[1751.5163453459622, 5.364307641983032]"
F172013,10,25,0.01,"[1849.0638437534462, 0.05451369285583496]"
F172013,10,25,0.1,"[1943.102298873795, 0.5359659194946289]"
F172013,10,25,0.2,"[2073.0109328865638, 1.0724961757659912]"
F172013,10,25,0.3,"[2396.3253066366387, 1.6067140102386475]"
F172013,10,25,0.4,"[2411.834825525741, 2.14127516746521]"
F172013,10,25,0.5,"[2389.316402164493, 2.6737003326416016]"
F172013,10,25,0.6,"[2473.9660765964964, 3.2214958667755127]"
F172013,10,25,0.7,"[2545.2527171602474, 3.7560102939605713]"
F172013,10,25,0.8,"[2444.6693771749015, 4.291598081588745]"
F172013,10,25,0.9,"[2366.810095430126, 4.825586557388306]"
F172013,10,25,1.0,"[2368.4945753983197, 5.4006733894348145]"
F172013,10,26,0.01,"[2118.034255463694, 0.0545499324798584]"
F172013,10,26,0.1,"[1946.0987223408051, 0.5363187789916992]"
F172013,10,26,0.2,"[1922.6020042181776, 1.0723068714141846]"
F172013,10,26,0.3,"[1973.3528876941123, 1.6094517707824707]"
F172013,10,26,0.4,"[1696.336731096133, 2.1453895568847656]"
F172013,10,26,0.5,"[1766.8536652325397, 2.6801633834838867]"
F172013,10,26,0.6,"[1649.8604684274433, 3.2414724826812744]"
F172013,10,26,0.7,"[1735.4322741682215, 4.147344589233398]"
F172013,10,26,0.8,"[1822.1504261169966, 4.684139013290405]"
F172013,10,26,0.9,"[1939.9301913257787, 5.294283151626587]"
F172013,10,26,1.0,"[1929.7250032217498, 5.829943418502808]"
F172013,10,27,0.01,"[2118.185401800022, 0.05417680740356445]"
F172013,10,27,0.1,"[2018.6627911550904, 0.5339429378509521]"
F172013,10,27,0.2,"[1998.0511043789456, 1.0915744304656982]"
F172013,10,27,0.3,"[1867.412811053763, 1.6515519618988037]"
F172013,10,27,0.4,"[1850.0678663715162, 2.3764002323150635]"
F172013,10,27,0.5,"[2153.2564564306645, 2.9424829483032227]"
F172013,10,27,0.6,"[2135.7478351838895, 3.4780406951904297]"
F172013,10,27,0.7,"[2463.5841856127417, 4.012221336364746]"
F172013,10,27,0.8,"[2474.3017645108976, 4.546513557434082]"
F172013,10,27,0.9,"[2471.9516241689507, 5.079956769943237]"
F172013,10,27,1.0,"[2452.653229002812, 5.617022514343262]"
F172013,10,28,0.01,"[1961.5895960822018, 0.05454516410827637]"
F172013,10,28,0.1,"[1982.4760156084321, 0.5369582176208496]"
F172013,10,28,0.2,"[2105.2518698816143, 1.0724658966064453]"
F172013,10,28,0.3,"[2337.634244681164, 1.6075267791748047]"
F172013,10,28,0.4,"[1938.2514401297126, 2.142659902572632]"
F172013,10,28,0.5,"[1967.184035039816, 2.67682147026062]"
F172013,10,28,0.6,"[2088.6101146841156, 3.2124245166778564]"
F172013,10,28,0.7,"[2090.9158063318737, 3.748385429382324]"
F172013,10,28,0.8,"[2007.5935492443023, 4.283714771270752]"
F172013,10,28,0.9,"[1898.6243866272284, 4.818387031555176]"
F172013,10,28,1.0,"[1928.6636053745979, 5.355791330337524]"
F172013,10,29,0.01,"[2314.5393369699855, 0.05409955978393555]"
F172013,10,29,0.1,"[2199.807068329621, 0.5314373970031738]"
F172013,10,29,0.2,"[2279.55780559497, 1.0647833347320557]"
F172013,10,29,0.3,"[2569.7399179745303, 1.5948128700256348]"
F172013,10,29,0.4,"[2177.8155501057645, 2.1251699924468994]"
F172013,10,29,0.5,"[2169.1836011169903, 2.655109167098999]"
F172013,10,29,0.6,"[2145.4979849098722, 3.1862659454345703]"
F172013,10,29,0.7,"[2211.3524291103345, 3.7187321186065674]"
F172013,10,29,0.8,"[2144.026308474995, 4.251190185546875]"
F172013,10,29,0.9,"[2117.5275855437776, 4.782794713973999]"
F172013,10,29,1.0,"[2124.6511464908062, 5.315171957015991]"
F172013,10,30,0.01,"[1858.2342819057749, 0.05475664138793945]"
F172013,10,30,0.1,"[2195.182968108779, 0.5383636951446533]"
F172013,10,30,0.2,"[2067.9927869946423, 1.0747601985931396]"
F172013,10,30,0.3,"[2399.7328915777907, 1.6100726127624512]"
F172013,10,30,0.4,"[2310.6028978967224, 2.147326946258545]"
F172013,10,30,0.5,"[2321.715936200158, 2.682163953781128]"
F172013,10,30,0.6,"[2322.82369676836, 3.2206623554229736]"
F172013,10,30,0.7,"[2445.191946134071, 3.7568094730377197]"
F172013,10,30,0.8,"[2386.8591614462784, 4.293035984039307]"
F172013,10,30,0.9,"[2299.550932420239, 4.828770637512207]"
F172013,10,30,1.0,"[2287.5172377689823, 5.36701774597168]"
F172013,10,31,0.01,"[1937.62521354805, 0.05414986610412598]"
F172013,10,31,0.1,"[1873.144170028845, 0.5321249961853027]"
F172013,10,31,0.2,"[2025.3807156057992, 1.0642704963684082]"
F172013,10,31,0.3,"[2147.6835997735307, 1.5981969833374023]"
F172013,10,31,0.4,"[1879.9095213302944, 2.131990671157837]"
F172013,10,31,0.5,"[1922.7049914527593, 2.6653332710266113]"
F172013,10,31,0.6,"[2071.290134635193, 3.199221134185791]"
F172013,10,31,0.7,"[2037.1050074558716, 3.732137680053711]"
F172013,10,31,0.8,"[1947.3549039099898, 4.271486282348633]"
F172013,10,31,0.9,"[1871.7865205191274, 4.8035547733306885]"
F172013,10,31,1.0,"[1870.0191917934176, 5.339192628860474]"
F172013,10,32,0.01,"[2153.3519021053125, 0.0543668270111084]"
F172013,10,32,0.1,"[1834.4901600359544, 0.5336706638336182]"
F172013,10,32,0.2,"[1918.8317198934192, 1.0670750141143799]"
F172013,10,32,0.3,"[1687.6793354533124, 1.598473310470581]"
F172013,10,32,0.4,"[1727.5025792076897, 2.1300158500671387]"
F172013,10,32,0.5,"[1655.7225742232479, 2.6624367237091064]"
F172013,10,32,0.6,"[1815.3674890490574, 3.1961731910705566]"
F172013,10,32,0.7,"[1749.912993418232, 3.729114055633545]"
F172013,10,32,0.8,"[1750.3359918476535, 4.262419700622559]"
F172013,10,32,0.9,"[1635.935892189057, 4.794865369796753]"
F172013,10,32,1.0,"[1633.0605808918472, 5.346738815307617]"
F172013,10,33,0.01,"[2553.4544149540866, 0.0535736083984375]"
F172013,10,33,0.1,"[2486.4599390984854, 0.5257487297058105]"
F172013,10,33,0.2,"[2661.4758539667646, 1.0528984069824219]"
F172013,10,33,0.3,"[2378.3728392867833, 1.5758998394012451]"
F172013,10,33,0.4,"[2403.2461467532785, 2.1002984046936035]"
F172013,10,33,0.5,"[2366.1559509681097, 2.6260178089141846]"
F172013,10,33,0.6,"[2358.1906282744503, 3.1539764404296875]"
F172013,10,33,0.7,"[2706.3751788855775, 3.680894613265991]"
F172013,10,33,0.8,"[2687.6344085340393, 4.207434415817261]"
F172013,10,33,0.9,"[2698.6981867716877, 4.733630657196045]"
F172013,10,33,1.0,"[2695.1891978527497, 5.269615650177002]"
F172013,10,34,0.01,"[1967.0031534645568, 0.053582191467285156]"
F172013,10,34,0.1,"[1731.1444273716186, 0.5261759757995605]"
F172013,10,34,0.2,"[1784.6872494925315, 1.0672740936279297]"
F172013,10,34,0.3,"[1718.6891211898444, 1.7042200565338135]"
F172013,10,34,0.4,"[1670.4163000058115, 2.3422296047210693]"
F172013,10,34,0.5,"[1686.9464201740407, 2.9809041023254395]"
F172013,10,34,0.6,"[2006.252350334728, 3.509971857070923]"
F172013,10,34,0.7,"[2017.2110922831303, 4.03560996055603]"
F172013,10,34,0.8,"[2009.3610690506935, 4.560932397842407]"
F172013,10,34,0.9,"[1999.4654310500568, 5.08597207069397]"
F172013,10,34,1.0,"[2013.0242086847884, 5.6113362312316895]"
F172013,10,35,0.01,"[2294.4994871926815, 0.05407238006591797]"
F172013,10,35,0.1,"[2233.506424050483, 0.533381462097168]"
F172013,10,35,0.2,"[2725.1059073916917, 1.0663814544677734]"
F172013,10,35,0.3,"[2772.624676902577, 1.599482774734497]"
F172013,10,35,0.4,"[2746.665835330119, 2.132673978805542]"
F172013,10,35,0.5,"[2733.9267617165924, 2.6659533977508545]"
F172013,10,35,0.6,"[2714.845929145112, 3.1993491649627686]"
F172013,10,35,0.7,"[2838.7499038254255, 3.7336513996124268]"
F172013,10,35,0.8,"[3034.4161285135788, 4.268888711929321]"
F172013,10,35,0.9,"[3045.205505857804, 4.8032066822052]"
F172013,10,35,1.0,"[3041.364330733926, 5.338993310928345]"
F172013,10,36,0.01,"[2002.9599244950123, 0.05375242233276367]"
F172013,10,36,0.1,"[2018.2971563469237, 0.5270657539367676]"
F172013,10,36,0.2,"[2306.0503951244837, 1.052910327911377]"
F172013,10,36,0.3,"[2494.9029312185135, 1.5795300006866455]"
F172013,10,36,0.4,"[2453.112275426844, 2.106733560562134]"
F172013,10,36,0.5,"[2445.36012269682, 2.634176731109619]"
F172013,10,36,0.6,"[2501.8469045955726, 3.1739933490753174]"
F172013,10,36,0.7,"[2603.697901488564, 3.699038028717041]"
F172013,10,36,0.8,"[2455.9280603408115, 4.224700927734375]"
F172013,10,36,0.9,"[2429.2906765451758, 4.749607801437378]"
F172013,10,36,1.0,"[2443.435957623934, 5.277925968170166]"
F172013,10,37,0.01,"[1886.8275950426778, 0.05870342254638672]"
F172013,10,37,0.1,"[2144.6684073985853, 0.5351617336273193]"
F172013,10,37,0.2,"[2497.1618751929313, 1.0687861442565918]"
F172013,10,37,0.3,"[2271.2109995598803, 1.5989408493041992]"
F172013,10,37,0.4,"[2080.8280237113163, 2.320523977279663]"
F172013,10,37,0.5,"[2085.265948923057, 3.018057346343994]"
F172013,10,37,0.6,"[2193.2399165420393, 3.572211265563965]"
F172013,10,37,0.7,"[2274.752432663841, 4.101592779159546]"
F172013,10,37,0.8,"[2213.0345603543196, 4.631694555282593]"
F172013,10,37,0.9,"[2077.489926799363, 5.159746408462524]"
F172013,10,37,1.0,"[2116.6068731986593, 5.692068099975586]"
F172013,10,38,0.01,"[1907.1936785268185, 0.05387282371520996]"
F172013,10,38,0.1,"[1855.6432422724552, 0.5300078392028809]"
F172013,10,38,0.2,"[2307.464920064192, 1.0608134269714355]"
F172013,10,38,0.3,"[2746.182229047736, 1.588252305984497]"
F172013,10,38,0.4,"[2578.372098523808, 2.1164917945861816]"
F172013,10,38,0.5,"[2618.44732377439, 2.64359450340271]"
F172013,10,38,0.6,"[2751.009101438444, 3.1734261512756348]"
F172013,10,38,0.7,"[2647.3928312619882, 3.7003657817840576]"
F172013,10,38,0.8,"[2746.4784575905246, 4.228230953216553]"
F172013,10,38,0.9,"[2589.1978310586524, 4.754778861999512]"
F172013,10,38,1.0,"[2588.4160923796035, 5.283004522323608]"
F172013,10,39,0.01,"[1965.3003195495548, 0.05472588539123535]"
F172013,10,39,0.1,"[1898.1970766449285, 0.5371723175048828]"
F172013,10,39,0.2,"[2154.853022023544, 1.0754749774932861]"
F172013,10,39,0.3,"[2346.000225611641, 1.6113042831420898]"
F172013,10,39,0.4,"[2335.1262435889676, 2.147169351577759]"
F172013,10,39,0.5,"[2329.2022305432474, 2.6831867694854736]"
F172013,10,39,0.6,"[2479.92408983437, 3.2186877727508545]"
F172013,10,39,0.7,"[2376.8381074449976, 3.754582643508911]"
F172013,10,39,0.8,"[2396.1338269028674, 4.291334629058838]"
F172013,10,39,0.9,"[2331.0596190344727, 4.827437877655029]"
F172013,10,39,1.0,"[2327.631915452389, 5.366053581237793]"
F172013,10,40,0.01,"[2530.893177634695, 0.05370163917541504]"
F172013,10,40,0.1,"[2278.8692461147866, 0.5263080596923828]"
F172013,10,40,0.2,"[2332.4952327238757, 1.05226469039917]"
F172013,10,40,0.3,"[2648.166652540778, 1.5755252838134766]"
F172013,10,40,0.4,"[2677.5528414382043, 2.0997817516326904]"
F172013,10,40,0.5,"[2652.7097951908136, 2.624376058578491]"
F172013,10,40,0.6,"[2706.732259746349, 3.1482961177825928]"
F172013,10,40,0.7,"[2922.5475044893374, 3.6758155822753906]"
F172013,10,40,0.8,"[2997.4626371225413, 4.20225715637207]"
F172013,10,40,0.9,"[2984.747365430446, 4.727429628372192]"
F172013,10,40,1.0,"[2985.506355467806, 5.252892017364502]"
F172013,10,41,0.01,"[2629.740939336206, 0.0540308952331543]"
F172013,10,41,0.1,"[2632.805730146671, 0.5293819904327393]"
F172013,10,41,0.2,"[2934.218665773395, 1.0586330890655518]"
F172013,10,41,0.3,"[2578.0142977893524, 1.5866730213165283]"
F172013,10,41,0.4,"[2533.996004037859, 2.115255117416382]"
F172013,10,41,0.5,"[2504.2341971690244, 2.740569591522217]"
F172013,10,41,0.6,"[2605.2447713668394, 3.2684695720672607]"
F172013,10,41,0.7,"[2817.4944614600054, 3.794358491897583]"
F172013,10,41,0.8,"[2828.8945350150148, 4.321818113327026]"
F172013,10,41,0.9,"[2843.3031670210094, 4.849873304367065]"
F172013,10,41,1.0,"[2820.147908625149, 5.494851112365723]"
F172013,10,42,0.01,"[1996.9890721278998, 0.05413174629211426]"
F172013,10,42,0.1,"[1990.5243644802385, 0.5335745811462402]"
F172013,10,42,0.2,"[1990.5293309527442, 1.0632588863372803]"
F172013,10,42,0.3,"[2109.262976529099, 1.5910735130310059]"
F172013,10,42,0.4,"[1823.3413666970746, 2.1187233924865723]"
F172013,10,42,0.5,"[1763.8344247529722, 2.649120330810547]"
F172013,10,42,0.6,"[1809.9811651359819, 3.1772186756134033]"
F172013,10,42,0.7,"[1755.1232142985718, 3.70573091506958]"
F172013,10,42,0.8,"[1870.6868465926964, 4.240779161453247]"
F172013,10,42,0.9,"[1793.1094886458477, 4.817232131958008]"
F172013,10,42,1.0,"[1776.6400806714832, 5.371110200881958]"
F172013,10,43,0.01,"[2511.3181586614455, 0.05406808853149414]"
F172013,10,43,0.1,"[2319.801555026154, 0.5303094387054443]"
F172013,10,43,0.2,"[2499.548290901, 1.0571575164794922]"
F172013,10,43,0.3,"[2793.230468546782, 1.5828063488006592]"
F172013,10,43,0.4,"[2764.167604477172, 2.108464241027832]"
F172013,10,43,0.5,"[2740.9374574227236, 2.633556604385376]"
F172013,10,43,0.6,"[2865.45843553772, 3.1597280502319336]"
F172013,10,43,0.7,"[3000.732533514155, 3.6855244636535645]"
F172013,10,43,0.8,"[3066.2844384705727, 4.211353302001953]"
F172013,10,43,0.9,"[3083.3600531162033, 4.736568450927734]"
F172013,10,43,1.0,"[3079.3386670270284, 5.263569355010986]"
F172013,10,44,0.01,"[1534.9012832814708, 0.05414414405822754]"
F172013,10,44,0.1,"[1447.392276420265, 0.5461726188659668]"
F172013,10,44,0.2,"[1755.0369537698543, 1.0736415386199951]"
F172013,10,44,0.3,"[1498.3214006104845, 1.6011602878570557]"
F172013,10,44,0.4,"[1402.487715179249, 2.128429651260376]"
F172013,10,44,0.5,"[1401.0447078050943, 2.6539559364318848]"
F172013,10,44,0.6,"[1425.4769540350862, 3.1812584400177]"
F172013,10,44,0.7,"[1530.164529667918, 3.708495855331421]"
F172013,10,44,0.8,"[1439.4187394417188, 4.238158226013184]"
F172013,10,44,0.9,"[1386.3798878356704, 4.785893201828003]"
F172013,10,44,1.0,"[1378.955715232488, 5.3152782917022705]"
F172013,10,45,0.01,"[1375.7620820438572, 0.05389857292175293]"
F172013,10,45,0.1,"[1707.0463004514627, 0.5282535552978516]"
F172013,10,45,0.2,"[1893.3952016950052, 1.0570316314697266]"
F172013,10,45,0.3,"[2498.2320292500444, 1.5811831951141357]"
F172013,10,45,0.4,"[2190.958386971918, 2.105414390563965]"
F172013,10,45,0.5,"[2177.6171800192583, 2.6443076133728027]"
F172013,10,45,0.6,"[2184.7049157733786, 3.1680543422698975]"
F172013,10,45,0.7,"[2351.9411289835407, 3.6931612491607666]"
F172013,10,45,0.8,"[2298.8855193335175, 4.404099702835083]"
F172013,10,45,0.9,"[2178.417096978442, 4.929946660995483]"
F172013,10,45,1.0,"[2181.617470448464, 5.4823079109191895]"
F172013,10,46,0.01,"[1840.318623598173, 0.05390214920043945]"
F172013,10,46,0.1,"[1782.0614994804077, 0.5262007713317871]"
F172013,10,46,0.2,"[2018.5458773466416, 1.0516407489776611]"
F172013,10,46,0.3,"[2137.661054772895, 1.5751259326934814]"
F172013,10,46,0.4,"[1799.9248511581018, 2.0984044075012207]"
F172013,10,46,0.5,"[1838.1277709313727, 2.622265338897705]"
F172013,10,46,0.6,"[2008.3909105784896, 3.2585649490356445]"
F172013,10,46,0.7,"[1842.098955036383, 3.819952964782715]"
F172013,10,46,0.8,"[1978.5679110274477, 4.345852375030518]"
F172013,10,46,0.9,"[1957.2167403532862, 4.8702073097229]"
F172013,10,46,1.0,"[1847.8488942595504, 5.492969036102295]"
F172013,10,47,0.01,"[2274.6603697200444, 0.05364489555358887]"
F172013,10,47,0.1,"[2353.657857694523, 0.5265414714813232]"
F172013,10,47,0.2,"[2440.5206028783387, 1.053851842880249]"
F172013,10,47,0.3,"[2840.481753966952, 1.581833839416504]"
F172013,10,47,0.4,"[2839.605880814556, 2.1109116077423096]"
F172013,10,47,0.5,"[2851.9856039315446, 2.638216018676758]"
F172013,10,47,0.6,"[2983.0388212576872, 3.1670098304748535]"
F172013,10,47,0.7,"[2995.2726881878016, 3.7811880111694336]"
F172013,10,47,0.8,"[2899.3891925015296, 4.34824275970459]"
F172013,10,47,0.9,"[2829.567930614739, 4.874239921569824]"
F172013,10,47,1.0,"[2824.588204888339, 5.402350664138794]"
F172013,10,48,0.01,"[1877.4750338902845, 0.05282425880432129]"
F172013,10,48,0.1,"[1849.3012312089468, 0.5216708183288574]"
F172013,10,48,0.2,"[1993.1598103137749, 1.0439226627349854]"
F172013,10,48,0.3,"[2371.801670022795, 1.5646491050720215]"
F172013,10,48,0.4,"[2234.2640365921798, 2.08780574798584]"
F172013,10,48,0.5,"[2238.4315629098837, 2.611053705215454]"
F172013,10,48,0.6,"[2260.065856087345, 3.133201837539673]"
F172013,10,48,0.7,"[2558.712607153956, 3.655829668045044]"
F172013,10,48,0.8,"[2559.0492586813525, 4.1770853996276855]"
F172013,10,48,0.9,"[2570.6716980591773, 4.6985578536987305]"
F172013,10,48,1.0,"[2566.9844418549073, 5.221282005310059]"
F172013,10,49,0.01,"[2169.1520255872656, 0.05341792106628418]"
F172013,10,49,0.1,"[2278.916663760584, 0.5266485214233398]"
F172013,10,49,0.2,"[2427.4350433578015, 1.0532557964324951]"
F172013,10,49,0.3,"[2287.9709375949474, 1.5784564018249512]"
F172013,10,49,0.4,"[2284.6815236908587, 2.1048295497894287]"
F172013,10,49,0.5,"[2308.0813874470055, 2.631821393966675]"
F172013,10,49,0.6,"[2565.172066292304, 3.1584341526031494]"
F172013,10,49,0.7,"[2608.914661083793, 3.684462547302246]"
F172013,10,49,0.8,"[2603.5758808706137, 4.20925760269165]"
F172013,10,49,0.9,"[2602.3274815394866, 4.7337117195129395]"
F172013,10,49,1.0,"[2582.9853105723414, 5.259540557861328]"
F172013,10,50,0.01,"[1257.9299993709915, 0.06648969650268555]"
F172013,10,50,0.1,"[975.9132231307833, 0.5399129390716553]"
F172013,10,50,0.2,"[1215.5592271441121, 1.0651836395263672]"
F172013,10,50,0.3,"[1204.8613119312429, 1.5893645286560059]"
F172013,10,50,0.4,"[931.6419004162535, 2.116187572479248]"
F172013,10,50,0.5,"[984.8963333849883, 2.642900228500366]"
F172013,10,50,0.6,"[1231.800570750353, 3.1683197021484375]"
F172013,10,50,0.7,"[1313.9438534767726, 3.692427158355713]"
F172013,10,50,0.8,"[1225.4719154970883, 4.217555046081543]"
F172013,10,50,0.9,"[1102.2459009835527, 4.74141001701355]"
F172013,10,50,1.0,"[1023.2678744565023, 5.265403747558594]"
F172013,30,0,0.01,"[4836.7300338434, 0.16082978248596191]"
F172013,30,0,0.1,"[4991.145419822952, 1.736112356185913]"
F172013,30,0,0.2,"[5058.167621123443, 3.678189277648926]"
F172013,30,0,0.3,"[4883.368183464934, 5.622947692871094]"
F172013,30,0,0.4,"[5009.655512386481, 7.294335603713989]"
F172013,30,0,0.5,"[5118.461455126286, 8.897036790847778]"
F172013,30,0,0.6,"[5165.172763174827, 10.49674916267395]"
F172013,30,0,0.7,"[4804.390720197131, 12.102524757385254]"
F172013,30,0,0.8,"[4606.482891180262, 13.698485851287842]"
F172013,30,0,0.9,"[4576.826823799644, 15.293016910552979]"
F172013,30,0,1.0,"[4533.775166370213, 16.884891510009766]"
F172013,30,1,0.01,"[5100.73432571177, 0.15972280502319336]"
F172013,30,1,0.1,"[5185.005578479138, 1.5951449871063232]"
F172013,30,1,0.2,"[5314.8029865932895, 3.1850125789642334]"
F172013,30,1,0.3,"[5246.716338828847, 4.775357961654663]"
F172013,30,1,0.4,"[5707.285374206443, 6.36147141456604]"
F172013,30,1,0.5,"[5335.895854881184, 7.954658031463623]"
F172013,30,1,0.6,"[5480.189871362065, 9.540318965911865]"
F172013,30,1,0.7,"[5314.407599706733, 11.130635023117065]"
F172013,30,1,0.8,"[5107.784147031657, 12.713800430297852]"
F172013,30,1,0.9,"[5139.033705687047, 14.299362182617188]"
F172013,30,1,1.0,"[5140.7722913314365, 15.886797904968262]"
F172013,30,2,0.01,"[4842.681271544815, 0.15767502784729004]"
F172013,30,2,0.1,"[4828.141551124751, 1.5694150924682617]"
F172013,30,2,0.2,"[4844.014214401966, 3.139861583709717]"
F172013,30,2,0.3,"[4602.858483988122, 4.708514213562012]"
F172013,30,2,0.4,"[4621.137508714698, 6.282664775848389]"
F172013,30,2,0.5,"[4673.984564367913, 7.851754426956177]"
F172013,30,2,0.6,"[4911.0276213182515, 9.41893219947815]"
F172013,30,2,0.7,"[4762.178568887668, 10.98667860031128]"
F172013,30,2,0.8,"[4768.698163421426, 12.55094599723816]"
F172013,30,2,0.9,"[4739.316315158996, 14.117180585861206]"
F172013,30,2,1.0,"[4787.244314293463, 15.678244352340698]"
F172013,30,3,0.01,"[4270.408722025247, 0.15934157371520996]"
F172013,30,3,0.1,"[4734.496804032652, 1.58038330078125]"
F172013,30,3,0.2,"[5259.719897006112, 3.1602845191955566]"
F172013,30,3,0.3,"[5321.726015864502, 4.742162466049194]"
F172013,30,3,0.4,"[4888.931709216795, 6.324981927871704]"
F172013,30,3,0.5,"[5221.697391285683, 7.9079766273498535]"
F172013,30,3,0.6,"[5017.712529083254, 9.486921072006226]"
F172013,30,3,0.7,"[5302.979691939649, 11.071374893188477]"
F172013,30,3,0.8,"[4912.09378396132, 12.644540071487427]"
F172013,30,3,0.9,"[4872.867033934779, 14.225465774536133]"
F172013,30,3,1.0,"[4895.199699855246, 15.799534320831299]"
F172013,30,4,0.01,"[3956.6944216353313, 0.15773725509643555]"
F172013,30,4,0.1,"[4673.108190675465, 1.5755724906921387]"
F172013,30,4,0.2,"[4888.543204838279, 3.150534152984619]"
F172013,30,4,0.3,"[4483.161617974415, 4.727944374084473]"
F172013,30,4,0.4,"[4288.363445961815, 6.306535243988037]"
F172013,30,4,0.5,"[4438.843411163054, 7.885763645172119]"
F172013,30,4,0.6,"[4469.671680079857, 9.462483167648315]"
F172013,30,4,0.7,"[4423.391266437374, 11.042883157730103]"
F172013,30,4,0.8,"[4202.403477924655, 12.619972467422485]"
F172013,30,4,0.9,"[4180.916381983546, 14.202355861663818]"
F172013,30,4,1.0,"[4151.46329123933, 15.769629716873169]"
F172013,30,5,0.01,"[4958.745540720104, 0.15796613693237305]"
F172013,30,5,0.1,"[4707.706359560942, 1.5715084075927734]"
F172013,30,5,0.2,"[4858.1247063145065, 3.1416852474212646]"
F172013,30,5,0.3,"[5328.293158505658, 4.712252855300903]"
F172013,30,5,0.4,"[4859.671289402706, 6.2832746505737305]"
F172013,30,5,0.5,"[4936.519915959312, 7.855576992034912]"
F172013,30,5,0.6,"[5045.97332675803, 9.426279306411743]"
F172013,30,5,0.7,"[5131.416716182608, 11.000755310058594]"
F172013,30,5,0.8,"[4729.281333106731, 12.57362961769104]"
F172013,30,5,0.9,"[4709.619289074361, 14.148930788040161]"
F172013,30,5,1.0,"[4723.500892029989, 15.72047209739685]"
F172013,30,6,0.01,"[4535.304520862289, 0.1585245132446289]"
F172013,30,6,0.1,"[5083.847936439839, 1.5774974822998047]"
F172013,30,6,0.2,"[5422.207500364414, 3.1522533893585205]"
F172013,30,6,0.3,"[5315.732506215572, 4.72488260269165]"
F172013,30,6,0.4,"[5063.203444423716, 6.299394130706787]"
F172013,30,6,0.5,"[5051.805729617698, 7.872279167175293]"
F172013,30,6,0.6,"[5183.992646847734, 9.441284894943237]"
F172013,30,6,0.7,"[5041.129278381964, 11.01817512512207]"
F172013,30,6,0.8,"[4938.242697898708, 12.593433618545532]"
F172013,30,6,0.9,"[4869.7488259819975, 14.171355485916138]"
F172013,30,6,1.0,"[4849.509274668178, 15.743264436721802]"
F172013,30,7,0.01,"[5537.672144129202, 0.1577625274658203]"
F172013,30,7,0.1,"[5333.242022611926, 1.5759954452514648]"
F172013,30,7,0.2,"[5755.816030889126, 3.159604072570801]"
F172013,30,7,0.3,"[5510.853840372416, 4.7381932735443115]"
F172013,30,7,0.4,"[5406.78115148495, 6.322918653488159]"
F172013,30,7,0.5,"[5408.945768224965, 7.899178504943848]"
F172013,30,7,0.6,"[5697.137059435755, 9.475454330444336]"
F172013,30,7,0.7,"[5402.885114424783, 11.05617880821228]"
F172013,30,7,0.8,"[5226.898429074659, 12.63070559501648]"
F172013,30,7,0.9,"[5168.961935233082, 14.204675674438477]"
F172013,30,7,1.0,"[5189.019461710758, 15.774406909942627]"
F172013,30,8,0.01,"[3661.04742194981, 0.15955615043640137]"
F172013,30,8,0.1,"[3234.882601553022, 1.5905134677886963]"
F172013,30,8,0.2,"[3205.8636392009707, 3.1692025661468506]"
F172013,30,8,0.3,"[3177.7631694582474, 4.748288631439209]"
F172013,30,8,0.4,"[3220.6227556660183, 6.331205606460571]"
F172013,30,8,0.5,"[3539.283793542899, 7.909126043319702]"
F172013,30,8,0.6,"[3155.023088414943, 9.484802722930908]"
F172013,30,8,0.7,"[3623.348489380592, 11.062806367874146]"
F172013,30,8,0.8,"[3463.368607531436, 12.636632680892944]"
F172013,30,8,0.9,"[3435.915003683389, 14.213561773300171]"
F172013,30,8,1.0,"[3404.9048777599974, 15.792545318603516]"
F172013,30,9,0.01,"[3929.0866469634893, 0.1582472324371338]"
F172013,30,9,0.1,"[3666.9883597569087, 1.577080488204956]"
F172013,30,9,0.2,"[3695.3159440943314, 3.151399612426758]"
F172013,30,9,0.3,"[3657.215896874906, 4.726970195770264]"
F172013,30,9,0.4,"[3619.7278130192512, 6.302188873291016]"
F172013,30,9,0.5,"[3458.8304877238097, 7.875340700149536]"
F172013,30,9,0.6,"[3857.0941672662793, 9.447592735290527]"
F172013,30,9,0.7,"[3385.9730114495505, 11.025002717971802]"
F172013,30,9,0.8,"[3240.219612291692, 12.599143028259277]"
F172013,30,9,0.9,"[3227.1514839799866, 14.170165538787842]"
F172013,30,9,1.0,"[3314.6450718094843, 15.742464065551758]"
F172013,30,10,0.01,"[5018.510149394262, 0.15788483619689941]"
F172013,30,10,0.1,"[5224.0060775193115, 1.571105718612671]"
F172013,30,10,0.2,"[5636.6243481755955, 3.1364059448242188]"
F172013,30,10,0.3,"[6420.92470481496, 4.698307037353516]"
F172013,30,10,0.4,"[5899.091438315404, 6.263878107070923]"
F172013,30,10,0.5,"[6083.489828448999, 7.8294453620910645]"
F172013,30,10,0.6,"[6094.930187421159, 9.388352394104004]"
F172013,30,10,0.7,"[5833.131088182547, 10.95553731918335]"
F172013,30,10,0.8,"[5568.704272840105, 12.522895097732544]"
F172013,30,10,0.9,"[5492.102574678747, 14.092329025268555]"
F172013,30,10,1.0,"[5521.833298516114, 15.656229019165039]"
F172013,30,11,0.01,"[3319.6270616083625, 0.18002533912658691]"
F172013,30,11,0.1,"[2836.4811573037623, 1.5952777862548828]"
F172013,30,11,0.2,"[2938.973147179985, 3.165583372116089]"
F172013,30,11,0.3,"[3081.579839108175, 4.740139007568359]"
F172013,30,11,0.4,"[2623.6638845258003, 6.315208196640015]"
F172013,30,11,0.5,"[2617.662862802863, 7.885655879974365]"
F172013,30,11,0.6,"[2690.696663767694, 9.453147888183594]"
F172013,30,11,0.7,"[2508.4027980287974, 11.024526119232178]"
F172013,30,11,0.8,"[2514.3317958850757, 12.592848539352417]"
F172013,30,11,0.9,"[2472.8345298463814, 14.163933992385864]"
F172013,30,11,1.0,"[2540.442166057251, 15.734705924987793]"
F172013,30,12,0.01,"[4285.568606367166, 0.1596229076385498]"
F172013,30,12,0.1,"[4626.607087313687, 1.5887458324432373]"
F172013,30,12,0.2,"[5018.525608077298, 3.182544469833374]"
F172013,30,12,0.3,"[5020.804658295294, 4.772721529006958]"
F172013,30,12,0.4,"[4679.187737119248, 6.361548185348511]"
F172013,30,12,0.5,"[5194.887853680717, 7.955005645751953]"
F172013,30,12,0.6,"[4934.20351771973, 9.548027038574219]"
F172013,30,12,0.7,"[4715.665740368387, 11.142372131347656]"
F172013,30,12,0.8,"[4489.109969253988, 12.732786655426025]"
F172013,30,12,0.9,"[4520.0821802706305, 14.321821689605713]"
F172013,30,12,1.0,"[4508.439803871676, 15.904704570770264]"
F172013,30,13,0.01,"[4409.631087554402, 0.18946361541748047]"
F172013,30,13,0.1,"[4736.7054105868865, 1.6021554470062256]"
F172013,30,13,0.2,"[5359.5597599805715, 3.1636428833007812]"
F172013,30,13,0.3,"[4497.065788191744, 4.727205276489258]"
F172013,30,13,0.4,"[5334.6922552528395, 6.289602994918823]"
F172013,30,13,0.5,"[4709.686074887077, 7.85636043548584]"
F172013,30,13,0.6,"[4705.525845543169, 9.412711381912231]"
F172013,30,13,0.7,"[4555.125627627333, 10.97547459602356]"
F172013,30,13,0.8,"[4345.764322962476, 12.532819271087646]"
F172013,30,13,0.9,"[4631.411083647806, 14.090913534164429]"
F172013,30,13,1.0,"[4595.368309946385, 15.651333093643188]"
F172013,30,14,0.01,"[4606.5351489474615, 0.15711355209350586]"
F172013,30,14,0.1,"[4766.84317526086, 1.5635521411895752]"
F172013,30,14,0.2,"[4277.304359032525, 3.1233139038085938]"
F172013,30,14,0.3,"[4661.8334716743575, 4.681098461151123]"
F172013,30,14,0.4,"[4602.561894760162, 6.250164747238159]"
F172013,30,14,0.5,"[5197.768187578357, 7.813094615936279]"
F172013,30,14,0.6,"[4513.943070925619, 9.374439001083374]"
F172013,30,14,0.7,"[4040.093081420264, 10.933843851089478]"
F172013,30,14,0.8,"[4265.211097475828, 12.491691589355469]"
F172013,30,14,0.9,"[4204.12621874709, 14.051682710647583]"
F172013,30,14,1.0,"[4243.89640752028, 15.607383489608765]"
F172013,30,15,0.01,"[5674.8147849608295, 0.15650033950805664]"
F172013,30,15,0.1,"[5893.188512075586, 1.561875581741333]"
F172013,30,15,0.2,"[6324.72962645063, 3.1214592456817627]"
F172013,30,15,0.3,"[6363.838667669953, 4.680634260177612]"
F172013,30,15,0.4,"[6240.511896145419, 6.242422819137573]"
F172013,30,15,0.5,"[6486.672308600896, 7.806985139846802]"
F172013,30,15,0.6,"[6085.570152878466, 9.369295358657837]"
F172013,30,15,0.7,"[6025.093107881845, 10.934869527816772]"
F172013,30,15,0.8,"[5780.404670856338, 12.499966621398926]"
F172013,30,15,0.9,"[5701.004641623373, 14.067453145980835]"
F172013,30,15,1.0,"[5735.174831722421, 15.63011622428894]"
F172013,30,16,0.01,"[4598.853744452359, 0.15764617919921875]"
F172013,30,16,0.1,"[4510.305605530754, 1.5734734535217285]"
F172013,30,16,0.2,"[4991.847297625794, 3.140150308609009]"
F172013,30,16,0.3,"[4690.627790214539, 4.704226970672607]"
F172013,30,16,0.4,"[4993.063622755953, 6.268648147583008]"
F172013,30,16,0.5,"[4933.423744605576, 7.834634304046631]"
F172013,30,16,0.6,"[4883.934734278672, 9.397924900054932]"
F172013,30,16,0.7,"[5038.324140193453, 10.959961175918579]"
F172013,30,16,0.8,"[4735.512596821045, 12.52055811882019]"
F172013,30,16,0.9,"[4750.038049513804, 14.086151361465454]"
F172013,30,16,1.0,"[4755.269038812206, 15.653985977172852]"
F172013,30,17,0.01,"[5088.372669765775, 0.15674924850463867]"
F172013,30,17,0.1,"[5403.722557081326, 1.563197374343872]"
F172013,30,17,0.2,"[5625.62043475913, 3.1273577213287354]"
F172013,30,17,0.3,"[5529.114503330129, 4.689640522003174]"
F172013,30,17,0.4,"[5403.978615299508, 6.259181261062622]"
F172013,30,17,0.5,"[5433.301682709827, 7.822670936584473]"
F172013,30,17,0.6,"[5481.490339011555, 9.387202978134155]"
F172013,30,17,0.7,"[5546.140529818479, 10.95220685005188]"
F172013,30,17,0.8,"[5136.574414537807, 12.514194965362549]"
F172013,30,17,0.9,"[5068.171582313254, 14.078768491744995]"
F172013,30,17,1.0,"[5090.110756811566, 15.63926887512207]"
F172013,30,18,0.01,"[4985.47334035228, 0.1576249599456787]"
F172013,30,18,0.1,"[5314.726345725912, 1.5679879188537598]"
F172013,30,18,0.2,"[5476.019971929113, 3.1313133239746094]"
F172013,30,18,0.3,"[5140.043307057877, 4.696164846420288]"
F172013,30,18,0.4,"[4921.734860692562, 6.264163017272949]"
F172013,30,18,0.5,"[5533.424265243343, 7.834179639816284]"
F172013,30,18,0.6,"[5038.673582316981, 9.39959979057312]"
F172013,30,18,0.7,"[4749.784381130984, 10.97013235092163]"
F172013,30,18,0.8,"[4548.744882925067, 12.53731107711792]"
F172013,30,18,0.9,"[4532.164365993898, 14.107253074645996]"
F172013,30,18,1.0,"[4465.501542037791, 15.672995805740356]"
F172013,30,19,0.01,"[5024.571426136335, 0.15855932235717773]"
F172013,30,19,0.1,"[5042.16119308039, 1.5800721645355225]"
F172013,30,19,0.2,"[5359.01765387402, 3.1555655002593994]"
F172013,30,19,0.3,"[4941.018615236091, 4.733634948730469]"
F172013,30,19,0.4,"[5428.326717979638, 6.3131327629089355]"
F172013,30,19,0.5,"[5839.513856133993, 7.892428874969482]"
F172013,30,19,0.6,"[5489.666321813381, 9.464224576950073]"
F172013,30,19,0.7,"[5542.795800130657, 11.039764165878296]"
F172013,30,19,0.8,"[5119.417757701733, 12.609310865402222]"
F172013,30,19,0.9,"[5130.4963739605155, 14.184056520462036]"
F172013,30,19,1.0,"[5105.317637215201, 15.756890535354614]"
F172013,30,20,0.01,"[6027.422497227234, 0.15764284133911133]"
F172013,30,20,0.1,"[5460.437161790847, 1.5690224170684814]"
F172013,30,20,0.2,"[5695.897884670647, 3.135727643966675]"
F172013,30,20,0.3,"[5462.125863946928, 4.699817657470703]"
F172013,30,20,0.4,"[5333.631125195208, 6.2731773853302]"
F172013,30,20,0.5,"[6146.339205727569, 7.840954542160034]"
F172013,30,20,0.6,"[5605.8656808191445, 9.407545566558838]"
F172013,30,20,0.7,"[5575.161645620445, 11.002034902572632]"
F172013,30,20,0.8,"[5074.022137641363, 12.565400838851929]"
F172013,30,20,0.9,"[5065.092706539521, 14.130058526992798]"
F172013,30,20,1.0,"[5033.238024240851, 15.690103530883789]"
F172013,30,21,0.01,"[3282.3002502059967, 0.17069339752197266]"
F172013,30,21,0.1,"[3795.69493608139, 1.595909595489502]"
F172013,30,21,0.2,"[3652.6444974816886, 3.177327871322632]"
F172013,30,21,0.3,"[3464.5076774925096, 4.755544662475586]"
F172013,30,21,0.4,"[3530.9168575467843, 6.327546834945679]"
F172013,30,21,0.5,"[3131.6760447898773, 7.894617080688477]"
F172013,30,21,0.6,"[3900.37334702678, 9.460316181182861]"
F172013,30,21,0.7,"[3902.3212492522034, 11.027844190597534]"
F172013,30,21,0.8,"[3590.7729150721643, 12.59427809715271]"
F172013,30,21,0.9,"[3591.877553317274, 14.160875797271729]"
F172013,30,21,1.0,"[3565.198799377319, 15.72875452041626]"
F172013,30,22,0.01,"[4907.7259298208, 0.15720105171203613]"
F172013,30,22,0.1,"[5437.046872783115, 1.570591926574707]"
F172013,30,22,0.2,"[5382.257906543558, 3.1347200870513916]"
F172013,30,22,0.3,"[5095.753086406671, 4.701501846313477]"
F172013,30,22,0.4,"[4992.650413434063, 6.340943336486816]"
F172013,30,22,0.5,"[5790.047089682063, 8.259995937347412]"
F172013,30,22,0.6,"[5428.993954603371, 10.198633193969727]"
F172013,30,22,0.7,"[5357.481354552686, 12.114736080169678]"
F172013,30,22,0.8,"[4916.9952642927, 14.021752834320068]"
F172013,30,22,0.9,"[4953.8872988495, 15.892439603805542]"
F172013,30,22,1.0,"[4908.042871576085, 17.553625106811523]"
F172013,30,23,0.01,"[6103.430570086026, 0.15925312042236328]"
F172013,30,23,0.1,"[5898.6269145766755, 1.5904080867767334]"
F172013,30,23,0.2,"[5932.962196150383, 3.1752023696899414]"
F172013,30,23,0.3,"[5859.540930667354, 4.764740705490112]"
F172013,30,23,0.4,"[5599.730163297102, 6.354729890823364]"
F172013,30,23,0.5,"[6238.759402575941, 7.946847438812256]"
F172013,30,23,0.6,"[6077.424114221242, 9.534660577774048]"
F172013,30,23,0.7,"[5807.663081088743, 11.124714374542236]"
F172013,30,23,0.8,"[5555.821661128946, 12.711874723434448]"
F172013,30,23,0.9,"[5573.024120973942, 14.301273822784424]"
F172013,30,23,1.0,"[5527.29217470107, 15.883414506912231]"
F172013,30,24,0.01,"[3731.0605949435726, 0.15958285331726074]"
F172013,30,24,0.1,"[3480.853019867328, 1.5954515933990479]"
F172013,30,24,0.2,"[3618.353022747883, 3.1894426345825195]"
F172013,30,24,0.3,"[3665.9425992911692, 4.784533739089966]"
F172013,30,24,0.4,"[3224.0434437443337, 6.381968021392822]"
F172013,30,24,0.5,"[3547.578338338559, 7.975680589675903]"
F172013,30,24,0.6,"[3803.4201778778797, 9.567414283752441]"
F172013,30,24,0.7,"[3420.2541434490818, 11.161475896835327]"
F172013,30,24,0.8,"[3039.4706418437854, 12.753420352935791]"
F172013,30,24,0.9,"[3083.9468038769182, 14.346423149108887]"
F172013,30,24,1.0,"[3217.136350325863, 15.940170049667358]"
F172013,30,25,0.01,"[3740.9871746560325, 0.15863776206970215]"
F172013,30,25,0.1,"[4274.779684571886, 1.5830302238464355]"
F172013,30,25,0.2,"[4729.606506356143, 3.1618032455444336]"
F172013,30,25,0.3,"[4704.51417813846, 4.743078708648682]"
F172013,30,25,0.4,"[4408.598674166644, 6.324420213699341]"
F172013,30,25,0.5,"[4998.06696806794, 7.9058613777160645]"
F172013,30,25,0.6,"[5447.559896070638, 9.485090494155884]"
F172013,30,25,0.7,"[4868.305917054314, 11.07019829750061]"
F172013,30,25,0.8,"[4623.22770619248, 12.652920484542847]"
F172013,30,25,0.9,"[4574.461453231181, 14.239461898803711]"
F172013,30,25,1.0,"[4617.4263876354225, 15.825445890426636]"
F172013,30,26,0.01,"[4580.71117194142, 0.15852069854736328]"
F172013,30,26,0.1,"[4783.4643821566515, 1.5788636207580566]"
F172013,30,26,0.2,"[4903.731007744202, 3.1615593433380127]"
F172013,30,26,0.3,"[4772.316299290731, 4.740179061889648]"
F172013,30,26,0.4,"[4959.12911715711, 6.320799350738525]"
F172013,30,26,0.5,"[4982.4357581316135, 7.902679920196533]"
F172013,30,26,0.6,"[4782.993675135073, 9.481896877288818]"
F172013,30,26,0.7,"[4697.122509877589, 11.065333366394043]"
F172013,30,26,0.8,"[4384.718292176409, 12.646974563598633]"
F172013,30,26,0.9,"[4353.465483890925, 14.232085227966309]"
F172013,30,26,1.0,"[4348.196845711282, 15.814081907272339]"
F172013,30,27,0.01,"[4891.607357096486, 0.1922144889831543]"
F172013,30,27,0.1,"[4961.5940401949065, 1.7542133331298828]"
F172013,30,27,0.2,"[5383.171175593012, 3.3368754386901855]"
F172013,30,27,0.3,"[5225.950991796007, 4.918554067611694]"
F172013,30,27,0.4,"[4815.4032755523085, 6.50311017036438]"
F172013,30,27,0.5,"[4913.870026754059, 8.085389852523804]"
F172013,30,27,0.6,"[4872.50318964323, 9.66641616821289]"
F172013,30,27,0.7,"[4837.6465863552185, 11.254018068313599]"
F172013,30,27,0.8,"[4584.300336371324, 12.841904640197754]"
F172013,30,27,0.9,"[4522.040483380853, 14.430352449417114]"
F172013,30,27,1.0,"[4566.090704267546, 16.014359951019287]"
F172013,30,28,0.01,"[3917.2903577593825, 0.15931344032287598]"
F172013,30,28,0.1,"[3770.4325188419616, 1.5897955894470215]"
F172013,30,28,0.2,"[4286.9736144942335, 3.1721158027648926]"
F172013,30,28,0.3,"[4330.123702425734, 4.756913185119629]"
F172013,30,28,0.4,"[4341.600001711658, 6.342898368835449]"
F172013,30,28,0.5,"[4262.873997177773, 7.9205849170684814]"
F172013,30,28,0.6,"[4028.023319034339, 9.498057842254639]"
F172013,30,28,0.7,"[3977.7880521040024, 11.081350803375244]"
F172013,30,28,0.8,"[3683.8287386380107, 12.664965152740479]"
F172013,30,28,0.9,"[4142.877276992772, 14.252588510513306]"
F172013,30,28,1.0,"[4102.999131766412, 15.838536739349365]"
F172013,30,29,0.01,"[4203.217004728744, 0.20223069190979004]"
F172013,30,29,0.1,"[4313.748464588542, 1.645059585571289]"
F172013,30,29,0.2,"[4780.8737703477545, 3.2459323406219482]"
F172013,30,29,0.3,"[4852.2669235666435, 4.850081205368042]"
F172013,30,29,0.4,"[4545.980215632064, 6.44857382774353]"
F172013,30,29,0.5,"[4379.210484054503, 8.053085565567017]"
F172013,30,29,0.6,"[4274.300365632187, 9.647771835327148]"
F172013,30,29,0.7,"[4571.406804051837, 11.247735023498535]"
F172013,30,29,0.8,"[4104.3025625525215, 12.840309381484985]"
F172013,30,29,0.9,"[4059.3090145845345, 14.43728518486023]"
F172013,30,29,1.0,"[4040.0132422199285, 16.03386926651001]"
F172013,30,30,0.01,"[4457.128145685625, 0.1597881317138672]"
F172013,30,30,0.1,"[4864.389926262423, 1.5989840030670166]"
F172013,30,30,0.2,"[5341.4317269284975, 3.192396879196167]"
F172013,30,30,0.3,"[4993.678953954328, 4.7869157791137695]"
F172013,30,30,0.4,"[5537.152659955352, 6.380805015563965]"
F172013,30,30,0.5,"[5247.50056319123, 7.977129936218262]"
F172013,30,30,0.6,"[4873.495050136107, 9.564897537231445]"
F172013,30,30,0.7,"[4898.866530346302, 11.15832781791687]"
F172013,30,30,0.8,"[4580.569204737957, 12.744460105895996]"
F172013,30,30,0.9,"[4562.658395236489, 14.333222389221191]"
F172013,30,30,1.0,"[4600.464917713681, 15.923049449920654]"
F172013,30,31,0.01,"[3929.949765451134, 0.1592414379119873]"
F172013,30,31,0.1,"[3827.9225314136547, 1.5972120761871338]"
F172013,30,31,0.2,"[3761.7354577156584, 3.197260618209839]"
F172013,30,31,0.3,"[3636.685224212365, 4.790978670120239]"
F172013,30,31,0.4,"[3982.859153827818, 6.38061261177063]"
F172013,30,31,0.5,"[4055.9946166248883, 7.9668869972229]"
F172013,30,31,0.6,"[3864.794845415212, 9.552016019821167]"
F172013,30,31,0.7,"[3750.243818438471, 11.1393883228302]"
F172013,30,31,0.8,"[3409.0102353019684, 12.723898887634277]"
F172013,30,31,0.9,"[3453.1801167830386, 14.31015658378601]"
F172013,30,31,1.0,"[3429.6752134755593, 15.901626825332642]"
F172013,30,32,0.01,"[4991.2455842049585, 0.1591038703918457]"
F172013,30,32,0.1,"[5323.027952533683, 1.5890541076660156]"
F172013,30,32,0.2,"[5068.023049229008, 3.1744184494018555]"
F172013,30,32,0.3,"[4759.778690202249, 4.765647888183594]"
F172013,30,32,0.4,"[4981.555315945248, 6.358072280883789]"
F172013,30,32,0.5,"[5523.830962201486, 7.953024625778198]"
F172013,30,32,0.6,"[5242.894998815436, 9.5428626537323]"
F172013,30,32,0.7,"[5099.316784610187, 11.134451627731323]"
F172013,30,32,0.8,"[4861.814689562923, 12.721746683120728]"
F172013,30,32,0.9,"[4780.414142151254, 14.310291528701782]"
F172013,30,32,1.0,"[4802.538611722902, 15.891211748123169]"
F172013,30,33,0.01,"[4584.808131449624, 0.15924286842346191]"
F172013,30,33,0.1,"[4507.156989655996, 1.5772132873535156]"
F172013,30,33,0.2,"[4687.847251823411, 3.153393268585205]"
F172013,30,33,0.3,"[4623.383491796422, 4.729162693023682]"
F172013,30,33,0.4,"[4388.695847295137, 6.3080902099609375]"
F172013,30,33,0.5,"[4674.228554270768, 7.8837244510650635]"
F172013,30,33,0.6,"[4825.819208123919, 9.45746397972107]"
F172013,30,33,0.7,"[4554.825467109787, 11.033660888671875]"
F172013,30,33,0.8,"[4196.502158054886, 12.605940580368042]"
F172013,30,33,0.9,"[4244.452107768522, 14.181702136993408]"
F172013,30,33,1.0,"[4162.209370802247, 15.758363723754883]"
F172013,30,34,0.01,"[4454.7980625617665, 0.16157913208007812]"
F172013,30,34,0.1,"[4638.581421715598, 1.5855906009674072]"
F172013,30,34,0.2,"[4525.947791267395, 3.168078660964966]"
F172013,30,34,0.3,"[4307.153106108023, 4.749942779541016]"
F172013,30,34,0.4,"[4707.63027573231, 6.339238166809082]"
F172013,30,34,0.5,"[5080.367762456211, 7.9223411083221436]"
F172013,30,34,0.6,"[5192.1202570771475, 9.505111932754517]"
F172013,30,34,0.7,"[5062.564382875391, 11.086705684661865]"
F172013,30,34,0.8,"[4666.807076454758, 12.664643049240112]"
F172013,30,34,0.9,"[4812.59061408189, 14.244863986968994]"
F172013,30,34,1.0,"[4810.172542154083, 15.821178674697876]"
F172013,30,35,0.01,"[5185.089665190984, 0.22660136222839355]"
F172013,30,35,0.1,"[5643.574475544448, 1.6578974723815918]"
F172013,30,35,0.2,"[5866.7341602224205, 3.2439489364624023]"
F172013,30,35,0.3,"[5697.1489210329655, 4.837519884109497]"
F172013,30,35,0.4,"[5531.102496526419, 6.428952693939209]"
F172013,30,35,0.5,"[5552.895434971932, 8.022470235824585]"
F172013,30,35,0.6,"[5961.08184850135, 9.612900018692017]"
F172013,30,35,0.7,"[5787.4453042296, 11.203449964523315]"
F172013,30,35,0.8,"[5470.021910965589, 12.791484832763672]"
F172013,30,35,0.9,"[5499.511560460568, 14.381367444992065]"
F172013,30,35,1.0,"[5469.6607456170605, 15.963540315628052]"
F172013,30,36,0.01,"[4577.621004681591, 0.15862107276916504]"
F172013,30,36,0.1,"[5187.586938172652, 1.5877890586853027]"
F172013,30,36,0.2,"[5370.896031707772, 3.1736912727355957]"
F172013,30,36,0.3,"[5347.09788404071, 4.763315439224243]"
F172013,30,36,0.4,"[4663.881323097811, 6.354343414306641]"
F172013,30,36,0.5,"[5122.269678996222, 7.946695804595947]"
F172013,30,36,0.6,"[5041.7411288245685, 9.534980058670044]"
F172013,30,36,0.7,"[5028.572329909754, 11.12403917312622]"
F172013,30,36,0.8,"[4613.391303146732, 12.710135459899902]"
F172013,30,36,0.9,"[4560.663028784842, 14.297632217407227]"
F172013,30,36,1.0,"[4539.636033842809, 15.880829095840454]"
F172013,30,37,0.01,"[3831.425892290653, 0.23501133918762207]"
F172013,30,37,0.1,"[4176.433576908469, 1.6549513339996338]"
F172013,30,37,0.2,"[4570.9353477301875, 3.2341227531433105]"
F172013,30,37,0.3,"[4347.766424253845, 4.813689231872559]"
F172013,30,37,0.4,"[4612.219605797837, 6.403176546096802]"
F172013,30,37,0.5,"[4391.326536622416, 7.986234664916992]"
F172013,30,37,0.6,"[4671.118827648666, 9.569003582000732]"
F172013,30,37,0.7,"[4619.27753056844, 11.150797128677368]"
F172013,30,37,0.8,"[4227.9344600617915, 12.729636430740356]"
F172013,30,37,0.9,"[4215.279556733165, 14.310618162155151]"
F172013,30,37,1.0,"[4193.338467552569, 15.88737964630127]"
F172013,30,38,0.01,"[6242.319807963429, 0.158095121383667]"
F172013,30,38,0.1,"[5540.573400514455, 1.5768475532531738]"
F172013,30,38,0.2,"[6065.855394314331, 3.1548821926116943]"
F172013,30,38,0.3,"[6063.416422476894, 4.729511022567749]"
F172013,30,38,0.4,"[5394.5092964302785, 6.307345867156982]"
F172013,30,38,0.5,"[5905.287857732048, 7.884068250656128]"
F172013,30,38,0.6,"[5675.402278161857, 9.45735764503479]"
F172013,30,38,0.7,"[5320.264099292928, 11.036893129348755]"
F172013,30,38,0.8,"[5263.857736952883, 12.615714073181152]"
F172013,30,38,0.9,"[5279.755150011431, 14.195411443710327]"
F172013,30,38,1.0,"[5254.435468337912, 15.77065896987915]"
F172013,30,39,0.01,"[4561.820485145973, 0.15929794311523438]"
F172013,30,39,0.1,"[4827.191253324779, 1.5926167964935303]"
F172013,30,39,0.2,"[4962.3281045068115, 3.1814913749694824]"
F172013,30,39,0.3,"[5177.31244411299, 4.7731781005859375]"
F172013,30,39,0.4,"[5224.085425686254, 6.361514568328857]"
F172013,30,39,0.5,"[5044.361051476702, 7.953590393066406]"
F172013,30,39,0.6,"[5404.189287079011, 9.535879850387573]"
F172013,30,39,0.7,"[5164.89083934244, 11.1239755153656]"
F172013,30,39,0.8,"[4904.13548671341, 12.704676389694214]"
F172013,30,39,0.9,"[4883.0242619395385, 14.288649320602417]"
F172013,30,39,1.0,"[4861.384206438191, 15.87441635131836]"
F172013,30,40,0.01,"[4060.4922601436574, 0.17605161666870117]"
F172013,30,40,0.1,"[4017.152082797287, 1.591322660446167]"
F172013,30,40,0.2,"[4077.319409548928, 3.1587562561035156]"
F172013,30,40,0.3,"[4194.9067957629695, 4.727625370025635]"
F172013,30,40,0.4,"[4101.1188800633645, 6.296422719955444]"
F172013,30,40,0.5,"[4789.827185616662, 7.865345001220703]"
F172013,30,40,0.6,"[4786.68650807368, 9.425713062286377]"
F172013,30,40,0.7,"[4350.647724862347, 10.99123215675354]"
F172013,30,40,0.8,"[3964.2712207382165, 12.550373077392578]"
F172013,30,40,0.9,"[3933.6037787735713, 14.1129732131958]"
F172013,30,40,1.0,"[3965.8396996435877, 15.679908275604248]"
F172013,30,41,0.01,"[4431.61578285607, 0.15907716751098633]"
F172013,30,41,0.1,"[4542.080650932796, 1.5924553871154785]"
F172013,30,41,0.2,"[4923.733358658801, 3.1765129566192627]"
F172013,30,41,0.3,"[4648.421710144405, 4.7641496658325195]"
F172013,30,41,0.4,"[4565.915638410814, 6.349161148071289]"
F172013,30,41,0.5,"[4812.950282330533, 7.938275098800659]"
F172013,30,41,0.6,"[4571.8848706835215, 9.517098903656006]"
F172013,30,41,0.7,"[4526.857941346303, 11.10098385810852]"
F172013,30,41,0.8,"[4283.140076179797, 12.679569482803345]"
F172013,30,41,0.9,"[4439.487865105647, 14.260623455047607]"
F172013,30,41,1.0,"[4447.89027632443, 15.842564105987549]"
F172013,30,42,0.01,"[5041.244250172277, 0.2191760540008545]"
F172013,30,42,0.1,"[5148.98180497306, 1.6527001857757568]"
F172013,30,42,0.2,"[4946.714567376853, 3.241368055343628]"
F172013,30,42,0.3,"[4824.950117964085, 4.833313941955566]"
F172013,30,42,0.4,"[5017.1725961904895, 6.421335697174072]"
F172013,30,42,0.5,"[4939.512475692775, 8.01190996170044]"
F172013,30,42,0.6,"[4917.264914633253, 9.59371829032898]"
F172013,30,42,0.7,"[4930.540835790861, 11.179841756820679]"
F172013,30,42,0.8,"[4668.025563154866, 12.759950399398804]"
F172013,30,42,0.9,"[4666.686071624556, 14.342159986495972]"
F172013,30,42,1.0,"[4676.160225811088, 15.925418138504028]"
F172013,30,43,0.01,"[4802.159783289118, 0.15996313095092773]"
F172013,30,43,0.1,"[4380.059256615043, 1.5901167392730713]"
F172013,30,43,0.2,"[5336.833234397072, 3.1769444942474365]"
F172013,30,43,0.3,"[4784.154234799177, 4.766149997711182]"
F172013,30,43,0.4,"[4910.019838956231, 6.354969501495361]"
F172013,30,43,0.5,"[4688.448779588489, 7.94871711730957]"
F172013,30,43,0.6,"[4503.958828460953, 9.540492296218872]"
F172013,30,43,0.7,"[4685.928098300744, 11.137655973434448]"
F172013,30,43,0.8,"[4452.428354100221, 12.727797508239746]"
F172013,30,43,0.9,"[4406.4425321875215, 14.314841032028198]"
F172013,30,43,1.0,"[4417.544967284956, 15.901484489440918]"
F172013,30,44,0.01,"[5182.717228860125, 0.17169833183288574]"
F172013,30,44,0.1,"[5231.991982567634, 1.602182388305664]"
F172013,30,44,0.2,"[6040.274475837173, 3.1873574256896973]"
F172013,30,44,0.3,"[5293.165653505377, 4.778225898742676]"
F172013,30,44,0.4,"[5800.202057057902, 6.368416786193848]"
F172013,30,44,0.5,"[5303.880281437492, 7.960471868515015]"
F172013,30,44,0.6,"[5670.338005889347, 9.549315929412842]"
F172013,30,44,0.7,"[5542.181588393475, 11.139431953430176]"
F172013,30,44,0.8,"[5080.568352673088, 12.727091550827026]"
F172013,30,44,0.9,"[5092.006875540869, 14.314903497695923]"
F172013,30,44,1.0,"[5068.201788178889, 15.896834135055542]"
F172013,30,45,0.01,"[3927.380460766124, 0.17217779159545898]"
F172013,30,45,0.1,"[4062.0128379892785, 1.5996038913726807]"
F172013,30,45,0.2,"[3864.01032884268, 3.181215524673462]"
F172013,30,45,0.3,"[3806.156553371119, 4.76712965965271]"
F172013,30,45,0.4,"[4037.3816042336693, 6.3526082038879395]"
F172013,30,45,0.5,"[4105.189233797719, 7.939880609512329]"
F172013,30,45,0.6,"[3920.8586460802053, 9.52415418624878]"
F172013,30,45,0.7,"[3786.4368728827462, 11.110722541809082]"
F172013,30,45,0.8,"[3538.681557810553, 12.693758249282837]"
F172013,30,45,0.9,"[3553.88699871808, 14.278252601623535]"
F172013,30,45,1.0,"[3866.355439206226, 15.858337163925171]"
F172013,30,46,0.01,"[5024.635009130176, 0.17075300216674805]"
F172013,30,46,0.1,"[4808.014445954175, 1.5996246337890625]"
F172013,30,46,0.2,"[4676.926764114142, 3.1864612102508545]"
F172013,30,46,0.3,"[4874.183409294315, 4.772616624832153]"
F172013,30,46,0.4,"[4565.626427603732, 6.3573784828186035]"
F172013,30,46,0.5,"[5470.101766347765, 7.949156999588013]"
F172013,30,46,0.6,"[4947.588036043526, 9.53761339187622]"
F172013,30,46,0.7,"[5002.951972560088, 11.128833055496216]"
F172013,30,46,0.8,"[4446.921971398774, 12.715063333511353]"
F172013,30,46,0.9,"[4470.487746574128, 14.300602912902832]"
F172013,30,46,1.0,"[4461.373606025767, 15.881567239761353]"
F172013,30,47,0.01,"[4563.65644738477, 0.15955424308776855]"
F172013,30,47,0.1,"[4286.4973535411455, 1.5953319072723389]"
F172013,30,47,0.2,"[4619.020148072221, 3.1831037998199463]"
F172013,30,47,0.3,"[4597.331209057878, 4.774649143218994]"
F172013,30,47,0.4,"[4563.607961064886, 6.363975524902344]"
F172013,30,47,0.5,"[4340.577677806353, 7.956332445144653]"
F172013,30,47,0.6,"[4306.974492574755, 9.540822267532349]"
F172013,30,47,0.7,"[4162.83335267817, 11.130625009536743]"
F172013,30,47,0.8,"[4093.6184900910366, 12.713980674743652]"
F172013,30,47,0.9,"[4337.789866288453, 14.300504684448242]"
F172013,30,47,1.0,"[4389.8187916424595, 15.888235330581665]"
F172013,30,48,0.01,"[4400.1470071754775, 0.1562199592590332]"
F172013,30,48,0.1,"[4055.4186182264, 1.5583446025848389]"
F172013,30,48,0.2,"[3956.2123922671008, 3.118472099304199]"
F172013,30,48,0.3,"[4577.067387418427, 4.679051876068115]"
F172013,30,48,0.4,"[4205.654987476937, 6.240525484085083]"
F172013,30,48,0.5,"[3735.1194280431573, 7.802735090255737]"
F172013,30,48,0.6,"[4107.144790047775, 9.363590002059937]"
F172013,30,48,0.7,"[3893.5879215713667, 10.928870439529419]"
F172013,30,48,0.8,"[3781.3008908469938, 12.487185716629028]"
F172013,30,48,0.9,"[3693.1043816573565, 14.049003601074219]"
F172013,30,48,1.0,"[3711.481687658256, 15.605849266052246]"
F172013,30,49,0.01,"[4201.273877079696, 0.1571059226989746]"
F172013,30,49,0.1,"[3628.173674870653, 1.6117374897003174]"
F172013,30,49,0.2,"[3813.2648141721, 3.1711671352386475]"
F172013,30,49,0.3,"[3770.6842603531436, 4.778407335281372]"
F172013,30,49,0.4,"[4523.014400329572, 6.379551649093628]"
F172013,30,49,0.5,"[4819.52047969688, 7.984991073608398]"
F172013,30,49,0.6,"[4771.267274523044, 9.589678049087524]"
F172013,30,49,0.7,"[4774.6756143222765, 11.194779872894287]"
F172013,30,49,0.8,"[4502.957465324664, 12.870257377624512]"
F172013,30,49,0.9,"[4486.0396811585, 14.520459413528442]"
F172013,30,49,1.0,"[4477.355996959212, 16.25442624092102]"
F172013,30,50,0.01,"[3882.872947309088, 0.158250093460083]"
F172013,30,50,0.1,"[4065.82135466981, 1.5758657455444336]"
F172013,30,50,0.2,"[4765.218691156686, 3.1521453857421875]"
F172013,30,50,0.3,"[4409.7600343257045, 4.725955247879028]"
F172013,30,50,0.4,"[4188.3799108863595, 6.296813011169434]"
F172013,30,50,0.5,"[4277.663269160802, 7.8717381954193115]"
F172013,30,50,0.6,"[4331.811319974222, 9.447312593460083]"
F172013,30,50,0.7,"[4278.715446281058, 11.019416809082031]"
F172013,30,50,0.8,"[4036.644522999204, 12.599195718765259]"
F172013,30,50,0.9,"[4027.072694483636, 14.174891948699951]"
F172013,30,50,1.0,"[4037.5468962380373, 15.758264541625977]"
F172013,50,0,0.01,"[11823.109535665426, 0.27678632736206055]"
F172013,50,0,0.1,"[11120.97194237906, 2.725228786468506]"
F172013,50,0,0.2,"[11325.648271556633, 5.973728656768799]"
F172013,50,0,0.3,"[11918.23028395851, 9.472305536270142]"
F172013,50,0,0.4,"[11736.889496808551, 12.718330383300781]"
F172013,50,0,0.5,"[11985.795590275658, 15.439919471740723]"
F172013,50,0,0.6,"[11884.88438004202, 18.141801357269287]"
F172013,50,0,0.7,"[11856.41127631817, 20.84240746498108]"
F172013,50,0,0.8,"[12012.09645263655, 23.539880990982056]"
F172013,50,0,0.9,"[11930.560189266718, 26.245056629180908]"
F172013,50,0,1.0,"[12419.899467163481, 28.9404718875885]"
F172013,50,1,0.01,"[10147.870127849605, 0.29938244819641113]"
F172013,50,1,0.1,"[10449.609397383454, 2.7268331050872803]"
F172013,50,1,0.2,"[10258.023724052362, 5.434860467910767]"
F172013,50,1,0.3,"[10975.717157165062, 8.14495062828064]"
F172013,50,1,0.4,"[10969.741364881364, 10.8526611328125]"
F172013,50,1,0.5,"[11030.947644057364, 13.56235647201538]"
F172013,50,1,0.6,"[11223.696004705218, 16.28243136405945]"
F172013,50,1,0.7,"[10955.479195744214, 18.99351143836975]"
F172013,50,1,0.8,"[10831.544785396125, 21.713244915008545]"
F172013,50,1,0.9,"[10822.924406505843, 24.42244577407837]"
F172013,50,1,1.0,"[10728.168533359913, 27.12718653678894]"
F172013,50,2,0.01,"[10420.19831414214, 0.2822265625]"
F172013,50,2,0.1,"[11174.915607954583, 2.6839561462402344]"
F172013,50,2,0.2,"[10421.783561642387, 5.360352277755737]"
F172013,50,2,0.3,"[10730.622710456844, 8.033351421356201]"
F172013,50,2,0.4,"[10907.823151636076, 10.706035852432251]"
F172013,50,2,0.5,"[10974.762863377282, 13.379767894744873]"
F172013,50,2,0.6,"[11620.952043966274, 16.060527324676514]"
F172013,50,2,0.7,"[11706.298549453344, 18.73540759086609]"
F172013,50,2,0.8,"[11850.505898629892, 21.407756567001343]"
F172013,50,2,0.9,"[11711.904787643694, 24.082923412322998]"
F172013,50,2,1.0,"[11085.662441319073, 26.76692819595337]"
F172013,50,3,0.01,"[10452.482062688365, 0.2737598419189453]"
F172013,50,3,0.1,"[10310.286593568238, 2.691559314727783]"
F172013,50,3,0.2,"[10503.414024712078, 5.665460824966431]"
F172013,50,3,0.3,"[10388.647774257082, 8.352845907211304]"
F172013,50,3,0.4,"[10602.064213843065, 11.04028844833374]"
F172013,50,3,0.5,"[10638.50531765745, 13.725355625152588]"
F172013,50,3,0.6,"[10907.869338528631, 16.412137746810913]"
F172013,50,3,0.7,"[10668.615721791779, 19.09756898880005]"
F172013,50,3,0.8,"[10732.38719450778, 21.784506797790527]"
F172013,50,3,0.9,"[10877.464844319691, 24.47164249420166]"
F172013,50,3,1.0,"[10742.278473612176, 27.156612157821655]"
F172013,50,4,0.01,"[12074.026555812527, 0.2703256607055664]"
F172013,50,4,0.1,"[12456.98231771244, 3.1108815670013428]"
F172013,50,4,0.2,"[12503.328737839409, 6.169095993041992]"
F172013,50,4,0.3,"[12541.315739408912, 8.841606140136719]"
F172013,50,4,0.4,"[12787.735087485502, 11.512542486190796]"
F172013,50,4,0.5,"[12592.58635843363, 14.184834957122803]"
F172013,50,4,0.6,"[12425.130689387344, 16.86367130279541]"
F172013,50,4,0.7,"[13003.291751385706, 19.533289909362793]"
F172013,50,4,0.8,"[12801.461681814193, 22.209411144256592]"
F172013,50,4,0.9,"[12686.185028620182, 24.875386714935303]"
F172013,50,4,1.0,"[12601.509572685118, 27.54352569580078]"
F172013,50,5,0.01,"[10689.313766976527, 0.299649715423584]"
F172013,50,5,0.1,"[10432.065832781138, 2.7067930698394775]"
F172013,50,5,0.2,"[10498.041613213249, 5.3869264125823975]"
F172013,50,5,0.3,"[11656.255541013225, 8.06625509262085]"
F172013,50,5,0.4,"[12226.821496573702, 10.749965906143188]"
F172013,50,5,0.5,"[11863.46839343963, 13.427188396453857]"
F172013,50,5,0.6,"[11768.923192447513, 16.106712341308594]"
F172013,50,5,0.7,"[11340.65042709043, 18.785703659057617]"
F172013,50,5,0.8,"[11543.129352319907, 21.46285367012024]"
F172013,50,5,0.9,"[11705.940932031155, 24.139233827590942]"
F172013,50,5,1.0,"[11620.188597698, 26.814186096191406]"
F172013,50,6,0.01,"[11694.943480158365, 0.27013492584228516]"
F172013,50,6,0.1,"[12047.918761501634, 2.674062967300415]"
F172013,50,6,0.2,"[11261.221995733169, 5.364837884902954]"
F172013,50,6,0.3,"[11441.296334708, 8.050770998001099]"
F172013,50,6,0.4,"[11694.524595438557, 10.733199834823608]"
F172013,50,6,0.5,"[12312.944473032354, 13.41878867149353]"
F172013,50,6,0.6,"[11557.619568161072, 16.10086941719055]"
F172013,50,6,0.7,"[11339.073718659478, 18.78140354156494]"
F172013,50,6,0.8,"[11490.721727820988, 21.46641731262207]"
F172013,50,6,0.9,"[11354.033085383327, 24.147886514663696]"
F172013,50,6,1.0,"[11664.714572834431, 26.824562788009644]"
F172013,50,7,0.01,"[12953.876053118938, 0.33745265007019043]"
F172013,50,7,0.1,"[12901.089564941385, 2.868133544921875]"
F172013,50,7,0.2,"[12321.859683322422, 5.571177244186401]"
F172013,50,7,0.3,"[13112.758331470224, 8.313273906707764]"
F172013,50,7,0.4,"[13749.423418267217, 10.998542070388794]"
F172013,50,7,0.5,"[13691.072431813762, 13.697344303131104]"
F172013,50,7,0.6,"[13514.551002065135, 16.404924392700195]"
F172013,50,7,0.7,"[13346.227224273258, 19.09557032585144]"
F172013,50,7,0.8,"[13460.429735337791, 21.787237405776978]"
F172013,50,7,0.9,"[13584.606821584875, 24.47555184364319]"
F172013,50,7,1.0,"[13592.31026317695, 27.166621208190918]"
F172013,50,8,0.01,"[11232.490972550884, 0.2701113224029541]"
F172013,50,8,0.1,"[12306.918345653827, 2.6725902557373047]"
F172013,50,8,0.2,"[11356.713576597433, 5.350885629653931]"
F172013,50,8,0.3,"[12492.805105087373, 8.028770208358765]"
F172013,50,8,0.4,"[12681.386677928731, 10.715511798858643]"
F172013,50,8,0.5,"[11910.36595973594, 13.398470640182495]"
F172013,50,8,0.6,"[11627.328269725132, 16.08271288871765]"
F172013,50,8,0.7,"[11815.120268543273, 18.768967628479004]"
F172013,50,8,0.8,"[11741.330850523307, 21.444454669952393]"
F172013,50,8,0.9,"[12029.19046648924, 24.119962453842163]"
F172013,50,8,1.0,"[12272.096787983868, 26.793826580047607]"
F172013,50,9,0.01,"[10790.397773272132, 0.2703993320465088]"
F172013,50,9,0.1,"[11908.062548969201, 2.6828408241271973]"
F172013,50,9,0.2,"[10777.206725503875, 5.363783121109009]"
F172013,50,9,0.3,"[11912.215388487684, 8.03991150856018]"
F172013,50,9,0.4,"[11243.03527848951, 10.717457294464111]"
F172013,50,9,0.5,"[11102.039322441582, 13.395531177520752]"
F172013,50,9,0.6,"[11363.292077214202, 16.073665618896484]"
F172013,50,9,0.7,"[11489.031865947418, 18.755457162857056]"
F172013,50,9,0.8,"[11371.819142793429, 21.428508758544922]"
F172013,50,9,0.9,"[11305.862374043243, 24.098109483718872]"
F172013,50,9,1.0,"[11546.161714794287, 26.769079208374023]"
F172013,50,10,0.01,"[12363.628382906823, 0.2712979316711426]"
F172013,50,10,0.1,"[12574.711578879633, 2.682576894760132]"
F172013,50,10,0.2,"[11845.270794158087, 5.373364210128784]"
F172013,50,10,0.3,"[11985.266239752948, 8.058790445327759]"
F172013,50,10,0.4,"[12342.54271587259, 10.742822408676147]"
F172013,50,10,0.5,"[12407.540801495306, 13.433638572692871]"
F172013,50,10,0.6,"[12281.904115449059, 16.124118328094482]"
F172013,50,10,0.7,"[12552.75747063226, 18.812689304351807]"
F172013,50,10,0.8,"[12643.747595086716, 21.49689483642578]"
F172013,50,10,0.9,"[12676.913472575883, 24.1733136177063]"
F172013,50,10,1.0,"[12559.734648217127, 26.85624408721924]"
F172013,50,11,0.01,"[11208.644535325613, 0.27155113220214844]"
F172013,50,11,0.1,"[11442.433005630817, 2.683586359024048]"
F172013,50,11,0.2,"[11469.875760016654, 5.37061619758606]"
F172013,50,11,0.3,"[12176.92928297725, 8.053725481033325]"
F172013,50,11,0.4,"[12338.214381889078, 10.739413738250732]"
F172013,50,11,0.5,"[12146.865715600445, 13.423975467681885]"
F172013,50,11,0.6,"[12498.18349931038, 16.153894901275635]"
F172013,50,11,0.7,"[12367.034173443099, 18.839564561843872]"
F172013,50,11,0.8,"[12755.161738287981, 21.52583599090576]"
F172013,50,11,0.9,"[12773.463758287993, 24.209418296813965]"
F172013,50,11,1.0,"[12752.168934167941, 26.892513513565063]"
F172013,50,12,0.01,"[10526.288301703247, 0.27124524116516113]"
F172013,50,12,0.1,"[11271.28028545201, 2.690777063369751]"
F172013,50,12,0.2,"[11604.770060875471, 5.380259990692139]"
F172013,50,12,0.3,"[11613.449382811987, 8.06451940536499]"
F172013,50,12,0.4,"[11230.437017295517, 10.750460147857666]"
F172013,50,12,0.5,"[11232.144843672415, 13.439525127410889]"
F172013,50,12,0.6,"[11908.034458241782, 16.17553687095642]"
F172013,50,12,0.7,"[11351.798104591599, 18.864953994750977]"
F172013,50,12,0.8,"[11552.041413176907, 21.544190406799316]"
F172013,50,12,0.9,"[12017.425687074181, 24.223471879959106]"
F172013,50,12,1.0,"[11881.93838743958, 26.907728672027588]"
F172013,50,13,0.01,"[9039.589851024755, 0.2706794738769531]"
F172013,50,13,0.1,"[8730.538598360632, 2.678607940673828]"
F172013,50,13,0.2,"[8561.092793643473, 5.367095708847046]"
F172013,50,13,0.3,"[9015.35159591393, 8.050249338150024]"
F172013,50,13,0.4,"[10013.033450173261, 10.734987258911133]"
F172013,50,13,0.5,"[10258.71235695987, 13.417882680892944]"
F172013,50,13,0.6,"[10340.773073810367, 16.106955766677856]"
F172013,50,13,0.7,"[10236.049392565923, 18.78904700279236]"
F172013,50,13,0.8,"[10325.3952094466, 21.4698269367218]"
F172013,50,13,0.9,"[10212.976609003774, 24.14728355407715]"
F172013,50,13,1.0,"[10542.31420855596, 26.832958936691284]"
F172013,50,14,0.01,"[10956.865537123054, 0.27133798599243164]"
F172013,50,14,0.1,"[11558.2128793722, 2.6861066818237305]"
F172013,50,14,0.2,"[11534.818622373674, 5.376664876937866]"
F172013,50,14,0.3,"[11857.66550970617, 8.06508755683899]"
F172013,50,14,0.4,"[11983.544269227521, 10.756110429763794]"
F172013,50,14,0.5,"[11693.204223838795, 13.448729038238525]"
F172013,50,14,0.6,"[11459.642227901644, 16.135366678237915]"
F172013,50,14,0.7,"[11719.306474310235, 18.820991039276123]"
F172013,50,14,0.8,"[11917.64696796238, 21.507378578186035]"
F172013,50,14,0.9,"[11979.811504645017, 24.19241166114807]"
F172013,50,14,1.0,"[11926.976614307066, 26.877568006515503]"
F172013,50,15,0.01,"[11343.293557684974, 0.27112674713134766]"
F172013,50,15,0.1,"[10902.132237726828, 2.685807704925537]"
F172013,50,15,0.2,"[11248.538919559784, 5.367645025253296]"
F172013,50,15,0.3,"[11621.864713289, 8.04677152633667]"
F172013,50,15,0.4,"[11384.391191251341, 10.724390745162964]"
F172013,50,15,0.5,"[11681.477693043667, 13.40408205986023]"
F172013,50,15,0.6,"[12412.180102234475, 16.084892749786377]"
F172013,50,15,0.7,"[12831.025075716057, 18.76981520652771]"
F172013,50,15,0.8,"[12428.096456782112, 21.446945428848267]"
F172013,50,15,0.9,"[12339.505566541286, 24.120525121688843]"
F172013,50,15,1.0,"[12763.606066524415, 26.797640085220337]"
F172013,50,16,0.01,"[11684.479429279518, 0.2694432735443115]"
F172013,50,16,0.1,"[11311.747725441675, 2.701362371444702]"
F172013,50,16,0.2,"[10940.687589528268, 5.496478796005249]"
F172013,50,16,0.3,"[10978.77575714587, 8.296467542648315]"
F172013,50,16,0.4,"[12172.572635233577, 11.095301628112793]"
F172013,50,16,0.5,"[11758.037049761984, 13.895854949951172]"
F172013,50,16,0.6,"[11529.874908502221, 16.67900776863098]"
F172013,50,16,0.7,"[11645.803353882804, 19.45755362510681]"
F172013,50,16,0.8,"[11693.643517281414, 22.263306140899658]"
F172013,50,16,0.9,"[11651.073336348278, 25.046475410461426]"
F172013,50,16,1.0,"[11611.678802888271, 27.841044902801514]"
F172013,50,17,0.01,"[10481.649769992498, 0.2706644535064697]"
F172013,50,17,0.1,"[11224.386557371316, 2.675429344177246]"
F172013,50,17,0.2,"[11033.405741170169, 5.357436656951904]"
F172013,50,17,0.3,"[12867.562506376391, 8.038350820541382]"
F172013,50,17,0.4,"[11853.333217083216, 10.714104413986206]"
F172013,50,17,0.5,"[12511.786169773004, 13.39235520362854]"
F172013,50,17,0.6,"[11918.846102305499, 16.070971250534058]"
F172013,50,17,0.7,"[11764.240206117212, 18.74994730949402]"
F172013,50,17,0.8,"[11892.363203173603, 21.426875829696655]"
F172013,50,17,0.9,"[11775.565391100741, 24.101646900177002]"
F172013,50,17,1.0,"[11788.684314627704, 26.772746086120605]"
F172013,50,18,0.01,"[10608.99739962136, 0.27057766914367676]"
F172013,50,18,0.1,"[10856.21073818946, 2.685551643371582]"
F172013,50,18,0.2,"[10909.458122139351, 5.369166851043701]"
F172013,50,18,0.3,"[11434.321384731664, 8.047589302062988]"
F172013,50,18,0.4,"[11900.98034874342, 10.725738286972046]"
F172013,50,18,0.5,"[12021.646523243408, 13.406072854995728]"
F172013,50,18,0.6,"[11714.93139568204, 16.087730169296265]"
F172013,50,18,0.7,"[11750.584626675893, 18.770432233810425]"
F172013,50,18,0.8,"[11499.128005914326, 21.449735641479492]"
F172013,50,18,0.9,"[11539.869694147863, 24.12443208694458]"
F172013,50,18,1.0,"[11714.806936169349, 26.799643516540527]"
F172013,50,19,0.01,"[9941.698561009673, 0.27619504928588867]"
F172013,50,19,0.1,"[10718.738421673055, 2.777830123901367]"
F172013,50,19,0.2,"[10524.311836620029, 5.527276277542114]"
F172013,50,19,0.3,"[11087.913445951945, 8.212008237838745]"
F172013,50,19,0.4,"[12130.460133253908, 10.90453839302063]"
F172013,50,19,0.5,"[11436.337077676066, 13.588534355163574]"
F172013,50,19,0.6,"[11393.622196107495, 16.27463388442993]"
F172013,50,19,0.7,"[10926.331489813383, 18.958284378051758]"
F172013,50,19,0.8,"[11036.654387405348, 21.64774465560913]"
F172013,50,19,0.9,"[11310.572644754111, 24.330698490142822]"
F172013,50,19,1.0,"[11373.069763974405, 27.014699459075928]"
F172013,50,20,0.01,"[11646.38687188881, 0.2716362476348877]"
F172013,50,20,0.1,"[12389.931894403622, 2.6968772411346436]"
F172013,50,20,0.2,"[12483.389085988805, 5.410810947418213]"
F172013,50,20,0.3,"[13310.725726952145, 8.118289470672607]"
F172013,50,20,0.4,"[13066.975650139917, 10.822782039642334]"
F172013,50,20,0.5,"[13352.738376130694, 13.530450105667114]"
F172013,50,20,0.6,"[13045.522853576735, 16.235820531845093]"
F172013,50,20,0.7,"[12999.925311354848, 18.94259214401245]"
F172013,50,20,0.8,"[12896.947524510613, 21.648442268371582]"
F172013,50,20,0.9,"[13032.289729932252, 24.352964401245117]"
F172013,50,20,1.0,"[13189.091751722704, 27.054282903671265]"
F172013,50,21,0.01,"[12327.558103117088, 0.2738940715789795]"
F172013,50,21,0.1,"[12960.948756480564, 2.695075511932373]"
F172013,50,21,0.2,"[12688.822024467505, 5.39516019821167]"
F172013,50,21,0.3,"[13732.371592711814, 8.08580756187439]"
F172013,50,21,0.4,"[13465.557127108792, 10.773431539535522]"
F172013,50,21,0.5,"[13410.074972938042, 13.462174892425537]"
F172013,50,21,0.6,"[13439.909975478939, 16.16332173347473]"
F172013,50,21,0.7,"[13398.70144669955, 18.858377695083618]"
F172013,50,21,0.8,"[13768.843647827664, 21.553855657577515]"
F172013,50,21,0.9,"[13716.775121308943, 24.24083113670349]"
F172013,50,21,1.0,"[13938.828868785533, 26.93232011795044]"
F172013,50,22,0.01,"[10612.135844306824, 0.3398308753967285]"
F172013,50,22,0.1,"[11052.343497742773, 2.7601988315582275]"
F172013,50,22,0.2,"[11719.784311267831, 5.970203876495361]"
F172013,50,22,0.3,"[12401.231328866728, 8.663419246673584]"
F172013,50,22,0.4,"[11755.09897835627, 11.366157531738281]"
F172013,50,22,0.5,"[12452.313632503186, 14.061469554901123]"
F172013,50,22,0.6,"[12318.98261760287, 16.758713483810425]"
F172013,50,22,0.7,"[12746.893419572056, 19.453362941741943]"
F172013,50,22,0.8,"[13092.621194355426, 22.145397901535034]"
F172013,50,22,0.9,"[13103.8703553295, 24.835172414779663]"
F172013,50,22,1.0,"[12801.971481311853, 27.526848554611206]"
F172013,50,23,0.01,"[10940.844100387672, 0.2738523483276367]"
F172013,50,23,0.1,"[12667.041629623283, 2.708413600921631]"
F172013,50,23,0.2,"[12299.061917112836, 5.430968523025513]"
F172013,50,23,0.3,"[13321.764410375914, 8.147844314575195]"
F172013,50,23,0.4,"[13190.588131017996, 10.863335609436035]"
F172013,50,23,0.5,"[12558.707174287314, 13.583801746368408]"
F172013,50,23,0.6,"[13190.878901241598, 16.31295156478882]"
F172013,50,23,0.7,"[12612.464673592138, 19.033318042755127]"
F172013,50,23,0.8,"[12669.27806461032, 21.75135898590088]"
F172013,50,23,0.9,"[12709.085059356454, 24.468274354934692]"
F172013,50,23,1.0,"[13097.231132518269, 27.196109771728516]"
F172013,50,24,0.01,"[12272.737910479973, 0.32067298889160156]"
F172013,50,24,0.1,"[11870.628828222822, 2.815138101577759]"
F172013,50,24,0.2,"[11354.637668359259, 5.603383779525757]"
F172013,50,24,0.3,"[12600.867919592114, 8.407123565673828]"
F172013,50,24,0.4,"[12053.853792839433, 11.22703742980957]"
F172013,50,24,0.5,"[12299.383807534685, 14.653977870941162]"
F172013,50,24,0.6,"[12039.710061896722, 17.426771640777588]"
F172013,50,24,0.7,"[12992.734283543994, 20.16033148765564]"
F172013,50,24,0.8,"[13044.836069436247, 22.89847183227539]"
F172013,50,24,0.9,"[13023.120546898837, 25.652514696121216]"
F172013,50,24,1.0,"[13129.420865025997, 28.402311325073242]"
F172013,50,25,0.01,"[10254.448624749042, 0.32102465629577637]"
F172013,50,25,0.1,"[11687.240018593044, 2.7585487365722656]"
F172013,50,25,0.2,"[10810.896604237114, 5.481886863708496]"
F172013,50,25,0.3,"[11513.994078651409, 8.201259851455688]"
F172013,50,25,0.4,"[11836.379527439438, 10.91869330406189]"
F172013,50,25,0.5,"[12491.25400032721, 13.636892318725586]"
F172013,50,25,0.6,"[11987.820745702946, 16.364282369613647]"
F172013,50,25,0.7,"[11642.814138175472, 19.082839012145996]"
F172013,50,25,0.8,"[12024.904585266544, 21.799134731292725]"
F172013,50,25,0.9,"[12234.674770103858, 24.514350652694702]"
F172013,50,25,1.0,"[12692.851326217578, 27.244638919830322]"
F172013,50,26,0.01,"[11349.586084133314, 0.3328373432159424]"
F172013,50,26,0.1,"[11224.426077839333, 2.771393299102783]"
F172013,50,26,0.2,"[11385.925327137931, 5.50224494934082]"
F172013,50,26,0.3,"[11891.750650107295, 8.225660800933838]"
F172013,50,26,0.4,"[12204.018809183703, 10.948253631591797]"
F172013,50,26,0.5,"[12436.320694411119, 13.67520260810852]"
F172013,50,26,0.6,"[12186.183976466333, 16.41018033027649]"
F172013,50,26,0.7,"[12808.473230114485, 19.133168935775757]"
F172013,50,26,0.8,"[13144.652390961934, 21.857969045639038]"
F172013,50,26,0.9,"[13193.535934256866, 24.585089921951294]"
F172013,50,26,1.0,"[13118.194579928286, 27.32362198829651]"
F172013,50,27,0.01,"[10378.981230675043, 0.3088493347167969]"
F172013,50,27,0.1,"[11742.638762233662, 2.754438877105713]"
F172013,50,27,0.2,"[11280.662604666531, 5.486557960510254]"
F172013,50,27,0.3,"[12157.830364821571, 8.214999675750732]"
F172013,50,27,0.4,"[12195.390766886247, 10.943026781082153]"
F172013,50,27,0.5,"[12071.244091532619, 13.677262783050537]"
F172013,50,27,0.6,"[12878.17951538746, 16.405641078948975]"
F172013,50,27,0.7,"[12495.360731680306, 19.135935068130493]"
F172013,50,27,0.8,"[12604.837288451126, 21.862159252166748]"
F172013,50,27,0.9,"[12903.172077487068, 24.589940071105957]"
F172013,50,27,1.0,"[12761.467756148782, 27.316466093063354]"
F172013,50,28,0.01,"[10510.37652662096, 0.28165483474731445]"
F172013,50,28,0.1,"[9847.560347652485, 2.7482054233551025]"
F172013,50,28,0.2,"[10265.65259450149, 5.479695558547974]"
F172013,50,28,0.3,"[10289.268270040426, 8.210467100143433]"
F172013,50,28,0.4,"[10514.437405573426, 10.945212602615356]"
F172013,50,28,0.5,"[10580.448424743774, 13.679018259048462]"
F172013,50,28,0.6,"[11088.550007912621, 16.41049599647522]"
F172013,50,28,0.7,"[11361.693253160502, 19.140015125274658]"
F172013,50,28,0.8,"[11065.55564248727, 21.865877151489258]"
F172013,50,28,0.9,"[11045.21917369153, 24.592666387557983]"
F172013,50,28,1.0,"[11444.98046295543, 27.31718349456787]"
F172013,50,29,0.01,"[9958.121847630853, 0.27358102798461914]"
F172013,50,29,0.1,"[10981.095518576285, 2.714615821838379]"
F172013,50,29,0.2,"[10415.594945345465, 5.440510034561157]"
F172013,50,29,0.3,"[10968.401430033317, 8.168259143829346]"
F172013,50,29,0.4,"[10427.839794957195, 10.89050579071045]"
F172013,50,29,0.5,"[10984.76694916319, 13.615533113479614]"
F172013,50,29,0.6,"[11177.830425890748, 16.341587781906128]"
F172013,50,29,0.7,"[11715.769202855576, 19.066786527633667]"
F172013,50,29,0.8,"[11653.821728406483, 21.792418956756592]"
F172013,50,29,0.9,"[11973.769678402346, 24.51689124107361]"
F172013,50,29,1.0,"[11763.638776148482, 27.23784613609314]"
F172013,50,30,0.01,"[11570.418461772975, 0.27367234230041504]"
F172013,50,30,0.1,"[11623.423789828128, 2.7138755321502686]"
F172013,50,30,0.2,"[11448.573150574917, 5.440234184265137]"
F172013,50,30,0.3,"[12392.004688690286, 8.165075778961182]"
F172013,50,30,0.4,"[13534.973476195648, 10.887483358383179]"
F172013,50,30,0.5,"[13378.071144178446, 13.615787982940674]"
F172013,50,30,0.6,"[12677.310166488642, 16.342717170715332]"
F172013,50,30,0.7,"[12212.844387123747, 19.069144010543823]"
F172013,50,30,0.8,"[12209.331689434093, 21.796387910842896]"
F172013,50,30,0.9,"[12449.101807034096, 24.51981806755066]"
F172013,50,30,1.0,"[12797.788137044463, 27.245831727981567]"
F172013,50,31,0.01,"[11363.53889311265, 0.36144590377807617]"
F172013,50,31,0.1,"[10996.55997136841, 2.8079001903533936]"
F172013,50,31,0.2,"[10954.882090350147, 5.533428430557251]"
F172013,50,31,0.3,"[11822.138441224399, 8.256568193435669]"
F172013,50,31,0.4,"[12334.96198803863, 10.977537393569946]"
F172013,50,31,0.5,"[12380.493688885954, 13.703033924102783]"
F172013,50,31,0.6,"[13663.361904935915, 16.428577423095703]"
F172013,50,31,0.7,"[14005.251877176293, 19.15193009376526]"
F172013,50,31,0.8,"[14457.142600747935, 21.87964677810669]"
F172013,50,31,0.9,"[14526.679713684123, 24.604151964187622]"
F172013,50,31,1.0,"[14101.266703988518, 27.32521080970764]"
F172013,50,32,0.01,"[11305.868603864748, 0.3343541622161865]"
F172013,50,32,0.1,"[11269.355196383924, 2.770341634750366]"
F172013,50,32,0.2,"[11613.827269223857, 5.490452766418457]"
F172013,50,32,0.3,"[12035.885895394162, 8.204793691635132]"
F172013,50,32,0.4,"[11552.710258045829, 10.922147989273071]"
F172013,50,32,0.5,"[12694.189938151176, 13.64584231376648]"
F172013,50,32,0.6,"[12299.045015950554, 16.36319661140442]"
F172013,50,32,0.7,"[12447.625542873642, 19.07940435409546]"
F172013,50,32,0.8,"[12484.327621654442, 21.792449712753296]"
F172013,50,32,0.9,"[12341.35899666049, 24.508313179016113]"
F172013,50,32,1.0,"[12587.030673357478, 27.220479488372803]"
F172013,50,33,0.01,"[11887.019786976975, 0.299483060836792]"
F172013,50,33,0.1,"[10964.06260934556, 2.744309425354004]"
F172013,50,33,0.2,"[11024.221419122903, 5.459384918212891]"
F172013,50,33,0.3,"[11268.879375807475, 8.185813188552856]"
F172013,50,33,0.4,"[12217.638279414386, 10.909992933273315]"
F172013,50,33,0.5,"[12461.148630886606, 13.658079147338867]"
F172013,50,33,0.6,"[11848.510195919862, 16.3906569480896]"
F172013,50,33,0.7,"[11860.588110296434, 19.175906658172607]"
F172013,50,33,0.8,"[12018.144369587179, 21.950661182403564]"
F172013,50,33,0.9,"[12679.696772378924, 24.73604941368103]"
F172013,50,33,1.0,"[12583.078253577121, 27.527260303497314]"
F172013,50,34,0.01,"[8845.715958513314, 0.28393054008483887]"
F172013,50,34,0.1,"[9248.733858090272, 2.72151517868042]"
F172013,50,34,0.2,"[9535.582843398199, 5.4339516162872314]"
F172013,50,34,0.3,"[9746.626038843217, 8.137024402618408]"
F172013,50,34,0.4,"[10022.81115407576, 10.844409704208374]"
F172013,50,34,0.5,"[10678.637807625353, 13.551546573638916]"
F172013,50,34,0.6,"[10468.109375790791, 16.262017726898193]"
F172013,50,34,0.7,"[10515.433833807021, 18.978890657424927]"
F172013,50,34,0.8,"[10373.745666758932, 21.688342094421387]"
F172013,50,34,0.9,"[10700.766577449027, 24.39760136604309]"
F172013,50,34,1.0,"[11047.8655252928, 27.107404708862305]"
F172013,50,35,0.01,"[10243.327194979445, 0.2800612449645996]"
F172013,50,35,0.1,"[9396.38236642758, 2.774125814437866]"
F172013,50,35,0.2,"[9454.139568919849, 5.542318105697632]"
F172013,50,35,0.3,"[10026.967474196399, 8.286038637161255]"
F172013,50,35,0.4,"[9805.209720583098, 11.04981017112732]"
F172013,50,35,0.5,"[10334.124321451638, 13.800158739089966]"
F172013,50,35,0.6,"[10637.507912046078, 16.591033458709717]"
F172013,50,35,0.7,"[10426.509376786446, 19.350561141967773]"
F172013,50,35,0.8,"[10563.069151531738, 22.111878395080566]"
F172013,50,35,0.9,"[10879.69149644169, 24.852336168289185]"
F172013,50,35,1.0,"[10891.156305375538, 27.630581617355347]"
F172013,50,36,0.01,"[11142.501435392627, 0.2828035354614258]"
F172013,50,36,0.1,"[11909.441278520371, 2.747465133666992]"
F172013,50,36,0.2,"[11809.228030898561, 5.528646469116211]"
F172013,50,36,0.3,"[12304.574294257367, 8.272427082061768]"
F172013,50,36,0.4,"[11947.21957681872, 11.037752151489258]"
F172013,50,36,0.5,"[12186.82828771122, 13.8103609085083]"
F172013,50,36,0.6,"[12189.993374807016, 16.590136528015137]"
F172013,50,36,0.7,"[12257.479258992329, 19.373289585113525]"
F172013,50,36,0.8,"[12168.654301186836, 22.17085289955139]"
F172013,50,36,0.9,"[12270.227764365496, 24.95569896697998]"
F172013,50,36,1.0,"[12569.10036883252, 27.69744849205017]"
F172013,50,37,0.01,"[11980.992766992646, 0.27407264709472656]"
F172013,50,37,0.1,"[11912.179930539865, 2.7432847023010254]"
F172013,50,37,0.2,"[12030.715619486515, 5.4740989208221436]"
F172013,50,37,0.3,"[12580.859912327425, 8.198922872543335]"
F172013,50,37,0.4,"[13681.513247649747, 10.913245916366577]"
F172013,50,37,0.5,"[13950.829735850588, 13.638124227523804]"
F172013,50,37,0.6,"[13751.044417447933, 16.359297037124634]"
F172013,50,37,0.7,"[13288.657794068244, 19.081632137298584]"
F172013,50,37,0.8,"[13032.411356250861, 21.800185918807983]"
F172013,50,37,0.9,"[13274.062785881102, 24.513978481292725]"
F172013,50,37,1.0,"[13213.775407184365, 27.238353967666626]"
F172013,50,38,0.01,"[11309.686204507729, 0.28022193908691406]"
F172013,50,38,0.1,"[12465.148560356703, 2.780255079269409]"
F172013,50,38,0.2,"[11851.959025958296, 5.569172382354736]"
F172013,50,38,0.3,"[11741.114514642473, 8.307021617889404]"
F172013,50,38,0.4,"[12174.074516695428, 11.039001226425171]"
F172013,50,38,0.5,"[12497.668744593004, 13.79013442993164]"
F172013,50,38,0.6,"[11970.614492858795, 16.527971982955933]"
F172013,50,38,0.7,"[12243.390464872487, 19.322889804840088]"
F172013,50,38,0.8,"[12320.282100828126, 22.110695838928223]"
F172013,50,38,0.9,"[12283.897665857221, 24.84206771850586]"
F172013,50,38,1.0,"[12262.695355939068, 27.596708297729492]"
F172013,50,39,0.01,"[11508.512457571307, 0.4196145534515381]"
F172013,50,39,0.1,"[11948.677454567061, 2.854464054107666]"
F172013,50,39,0.2,"[11443.883059408447, 5.572626829147339]"
F172013,50,39,0.3,"[12036.054494063545, 8.29076600074768]"
F172013,50,39,0.4,"[11491.736741441697, 11.00763988494873]"
F172013,50,39,0.5,"[12225.901870616777, 13.726634740829468]"
F172013,50,39,0.6,"[12117.856399007998, 16.785635232925415]"
F172013,50,39,0.7,"[12013.66750140574, 20.0861554145813]"
F172013,50,39,0.8,"[12013.71647093517, 23.354719400405884]"
F172013,50,39,0.9,"[12263.470211731841, 26.622562885284424]"
F172013,50,39,1.0,"[11855.987999195535, 29.46958589553833]"
F172013,50,40,0.01,"[10942.016256300232, 0.4615037441253662]"
F172013,50,40,0.1,"[11426.779089062198, 2.8901565074920654]"
F172013,50,40,0.2,"[10517.369163159852, 5.603214979171753]"
F172013,50,40,0.3,"[11419.222883374854, 8.310346603393555]"
F172013,50,40,0.4,"[11806.010617911445, 11.018025875091553]"
F172013,50,40,0.5,"[11792.581084446767, 13.726046323776245]"
F172013,50,40,0.6,"[12161.808366365329, 16.442269563674927]"
F172013,50,40,0.7,"[11689.092733112311, 19.17204189300537]"
F172013,50,40,0.8,"[12031.155507547775, 21.874035596847534]"
F172013,50,40,0.9,"[12094.108187197691, 24.569396257400513]"
F172013,50,40,1.0,"[12228.608862244355, 27.27661108970642]"
F172013,50,41,0.01,"[11128.336783005496, 0.463167667388916]"
F172013,50,41,0.1,"[10892.158753290732, 2.9602549076080322]"
F172013,50,41,0.2,"[11076.281208437465, 5.767258167266846]"
F172013,50,41,0.3,"[11360.932049621984, 8.52375340461731]"
F172013,50,41,0.4,"[11326.55021372811, 11.248064279556274]"
F172013,50,41,0.5,"[11766.844298932832, 13.97327470779419]"
F172013,50,41,0.6,"[11474.165403419318, 16.692269325256348]"
F172013,50,41,0.7,"[11109.941170816057, 19.4129536151886]"
F172013,50,41,0.8,"[11330.762750372902, 22.125688791275024]"
F172013,50,41,0.9,"[11264.794513964536, 24.83832025527954]"
F172013,50,41,1.0,"[11519.39023163708, 27.549773454666138]"
F172013,50,42,0.01,"[13191.421271767422, 0.33942317962646484]"
F172013,50,42,0.1,"[13959.106507809009, 2.7765016555786133]"
F172013,50,42,0.2,"[13382.378830843722, 5.500994920730591]"
F172013,50,42,0.3,"[14482.653365737488, 8.221183061599731]"
F172013,50,42,0.4,"[13965.915791243311, 10.952502250671387]"
F172013,50,42,0.5,"[14368.209950988989, 13.67374563217163]"
F172013,50,42,0.6,"[14629.033497944978, 16.390671730041504]"
F172013,50,42,0.7,"[14082.289696179094, 19.11483931541443]"
F172013,50,42,0.8,"[14225.774925874826, 21.83823323249817]"
F172013,50,42,0.9,"[14155.360060807077, 24.560349225997925]"
F172013,50,42,1.0,"[14637.356642701952, 27.281753063201904]"
F172013,50,43,0.01,"[11954.707461179, 0.41393518447875977]"
F172013,50,43,0.1,"[11896.285539112285, 2.8681180477142334]"
F172013,50,43,0.2,"[12492.847722930514, 5.587016582489014]"
F172013,50,43,0.3,"[12909.314630644105, 8.299550294876099]"
F172013,50,43,0.4,"[12749.698506984936, 11.012817621231079]"
F172013,50,43,0.5,"[12965.56474287241, 13.738668441772461]"
F172013,50,43,0.6,"[13041.88955217985, 16.45487666130066]"
F172013,50,43,0.7,"[12639.194688352469, 19.170459985733032]"
F172013,50,43,0.8,"[13014.1827150732, 21.88285183906555]"
F172013,50,43,0.9,"[13240.945398114032, 24.598038911819458]"
F172013,50,43,1.0,"[13310.540793731534, 27.311081171035767]"
F172013,50,44,0.01,"[14063.909321135783, 0.35942554473876953]"
F172013,50,44,0.1,"[12687.958608502613, 2.7963829040527344]"
F172013,50,44,0.2,"[12230.395560005669, 5.521711826324463]"
F172013,50,44,0.3,"[13349.659704503312, 8.289960861206055]"
F172013,50,44,0.4,"[13325.081497623505, 11.067840814590454]"
F172013,50,44,0.5,"[13311.976516651463, 13.838223457336426]"
F172013,50,44,0.6,"[13535.32341662695, 16.57065725326538]"
F172013,50,44,0.7,"[13400.677729760308, 19.354368209838867]"
F172013,50,44,0.8,"[13295.92034284689, 22.15091323852539]"
F172013,50,44,0.9,"[13241.080123567806, 24.951180934906006]"
F172013,50,44,1.0,"[13502.113440508825, 27.753593683242798]"
F172013,50,45,0.01,"[11598.395243687337, 0.34438252449035645]"
F172013,50,45,0.1,"[11400.581553649088, 2.784069776535034]"
F172013,50,45,0.2,"[11542.576116351267, 5.509247303009033]"
F172013,50,45,0.3,"[12094.98941721714, 8.519334077835083]"
F172013,50,45,0.4,"[12085.359811299018, 11.230781316757202]"
F172013,50,45,0.5,"[11968.130724190429, 13.94821834564209]"
F172013,50,45,0.6,"[12018.56087476205, 16.664801359176636]"
F172013,50,45,0.7,"[12056.630531060577, 19.38464331626892]"
F172013,50,45,0.8,"[12174.158050539996, 22.099559783935547]"
F172013,50,45,0.9,"[12096.611805688492, 24.80880308151245]"
F172013,50,45,1.0,"[11875.0273892024, 27.52599334716797]"
F172013,50,46,0.01,"[12125.577860238747, 0.3607974052429199]"
F172013,50,46,0.1,"[12329.599611313019, 2.8039166927337646]"
F172013,50,46,0.2,"[12342.420398507827, 5.534420967102051]"
F172013,50,46,0.3,"[12888.401046456218, 8.265143632888794]"
F172013,50,46,0.4,"[12197.700838635343, 10.996546983718872]"
F172013,50,46,0.5,"[12032.735722023643, 13.762544631958008]"
F172013,50,46,0.6,"[12570.759608459333, 16.49708914756775]"
F172013,50,46,0.7,"[12766.640039633034, 19.23154091835022]"
F172013,50,46,0.8,"[12456.545304721792, 21.96203899383545]"
F172013,50,46,0.9,"[12408.575337097194, 24.69442319869995]"
F172013,50,46,1.0,"[12369.32098904835, 27.42563796043396]"
F172013,50,47,0.01,"[13340.58162575863, 0.2913975715637207]"
F172013,50,47,0.1,"[13406.75676315463, 2.6987929344177246]"
F172013,50,47,0.2,"[13075.963844283284, 5.379038095474243]"
F172013,50,47,0.3,"[13321.683542336857, 8.053308725357056]"
F172013,50,47,0.4,"[14090.410246479329, 10.728648662567139]"
F172013,50,47,0.5,"[13900.322454269472, 13.404979467391968]"
F172013,50,47,0.6,"[14660.066048330336, 16.083295822143555]"
F172013,50,47,0.7,"[14142.814462820574, 18.76330852508545]"
F172013,50,47,0.8,"[14015.884766474861, 21.434580087661743]"
F172013,50,47,0.9,"[14010.634886430718, 24.10206627845764]"
F172013,50,47,1.0,"[13932.59192969236, 26.77683997154236]"
F172013,50,48,0.01,"[10537.96292657227, 0.2727186679840088]"
F172013,50,48,0.1,"[10975.216879915011, 2.6946966648101807]"
F172013,50,48,0.2,"[11874.497372403426, 5.3931074142456055]"
F172013,50,48,0.3,"[12373.62228197012, 8.082927942276001]"
F172013,50,48,0.4,"[12215.36318216617, 10.775385856628418]"
F172013,50,48,0.5,"[12457.346243852713, 13.473739862442017]"
F172013,50,48,0.6,"[12121.757495853197, 16.165316104888916]"
F172013,50,48,0.7,"[12061.932980150226, 18.865787744522095]"
F172013,50,48,0.8,"[12397.83023153353, 21.567406177520752]"
F172013,50,48,0.9,"[12472.717594175701, 24.25654435157776]"
F172013,50,48,1.0,"[12399.466597759543, 26.949044942855835]"
F172013,50,49,0.01,"[12507.1124838197, 0.26992034912109375]"
F172013,50,49,0.1,"[12553.83832992853, 2.6690011024475098]"
F172013,50,49,0.2,"[13033.574490423573, 5.340677976608276]"
F172013,50,49,0.3,"[13209.373397461912, 8.012410402297974]"
F172013,50,49,0.4,"[13892.449762252945, 10.682446002960205]"
F172013,50,49,0.5,"[13700.531823060863, 13.351938009262085]"
F172013,50,49,0.6,"[13674.865499693238, 16.024417400360107]"
F172013,50,49,0.7,"[13370.683091726787, 18.692997217178345]"
F172013,50,49,0.8,"[13543.154840253868, 21.366405963897705]"
F172013,50,49,0.9,"[13878.202340603908, 24.041693449020386]"
F172013,50,49,1.0,"[13894.227937589407, 26.717432975769043]"
F172013,50,50,0.01,"[10733.538384000087, 0.27678656578063965]"
F172013,50,50,0.1,"[12258.127720361901, 2.7336902618408203]"
F172013,50,50,0.2,"[11369.71117834071, 5.464175701141357]"
F172013,50,50,0.3,"[12351.826298183269, 8.194993257522583]"
F172013,50,50,0.4,"[12444.588107327962, 10.915327310562134]"
F172013,50,50,0.5,"[12210.139100510854, 13.647793054580688]"
F172013,50,50,0.6,"[12447.099136559538, 16.371068239212036]"
F172013,50,50,0.7,"[12387.889581952213, 19.109439849853516]"
F172013,50,50,0.8,"[12668.042725142699, 21.86462664604187]"
F172013,50,50,0.9,"[12618.783750357254, 24.603119373321533]"
F172013,50,50,1.0,"[12600.748461127547, 27.336801052093506]"
