function,dimension,run,checkpoint,error
F272013,10,0,0.01,"[1395.531054184181, 0.6967558860778809]"
F272013,10,0,0.1,"[808.5325914234991, 6.909365177154541]"
F272013,10,0,0.2,"[429.9459661790743, 13.819039106369019]"
F272013,10,0,0.3,"[703.5721260031489, 20.727561712265015]"
F272013,10,0,0.4,"[2407.0892620896475, 27.639761924743652]"
F272013,10,0,0.5,"[1531.1156652836949, 34.5880823135376]"
F272013,10,0,0.6,"[1121.011286291187, 41.52842402458191]"
F272013,10,0,0.7,"[745.5026258521766, 48.46781826019287]"
F272013,10,0,0.8,"[665.1589708767899, 55.3945095539093]"
F272013,10,0,0.9,"[473.7217507309133, 62.33399796485901]"
F272013,10,0,1.0,"[418.0320631542877, 69.26064705848694]"
F272013,10,1,0.01,"[2074.52948613605, 0.7369840145111084]"
F272013,10,1,0.1,"[1439.8628524446822, 6.984207391738892]"
F272013,10,1,0.2,"[1100.7158992772897, 13.91372275352478]"
F272013,10,1,0.3,"[1471.653549803339, 20.84193181991577]"
F272013,10,1,0.4,"[1986.9118192298333, 27.78023672103882]"
F272013,10,1,0.5,"[2967.0624537100757, 34.72670269012451]"
F272013,10,1,0.6,"[2669.5049918436266, 41.66342306137085]"
F272013,10,1,0.7,"[3341.6460638994913, 48.611886501312256]"
F272013,10,1,0.8,"[2668.8944543683506, 55.544742822647095]"
F272013,10,1,0.9,"[1518.7258942538624, 62.50334715843201]"
F272013,10,1,1.0,"[1628.1590477111577, 69.4469108581543]"
F272013,10,2,0.01,"[3491.8706422453233, 0.8099269866943359]"
F272013,10,2,0.1,"[933.7491335488548, 7.076258659362793]"
F272013,10,2,0.2,"[543.9855645917953, 13.994680404663086]"
F272013,10,2,0.3,"[1934.606210879063, 20.908428192138672]"
F272013,10,2,0.4,"[3586.34227381083, 27.830921411514282]"
F272013,10,2,0.5,"[2789.5810083877423, 34.7623975276947]"
F272013,10,2,0.6,"[1847.4248717393762, 41.68331718444824]"
F272013,10,2,0.7,"[3314.006529342543, 48.62079954147339]"
F272013,10,2,0.8,"[3093.1885776367835, 55.54136347770691]"
F272013,10,2,0.9,"[3553.5759093766756, 62.46949744224548]"
F272013,10,2,1.0,"[4851.082524049194, 69.40076804161072]"
F272013,10,3,0.01,"[1439.0960434318004, 0.7868912220001221]"
F272013,10,3,0.1,"[1159.1637769375343, 7.007910966873169]"
F272013,10,3,0.2,"[1057.0357052695927, 13.910842180252075]"
F272013,10,3,0.3,"[941.1780543426712, 20.80848264694214]"
F272013,10,3,0.4,"[674.8686031737011, 27.714793920516968]"
F272013,10,3,0.5,"[811.0807321012089, 34.633893966674805]"
F272013,10,3,0.6,"[845.5733503179381, 41.54790544509888]"
F272013,10,3,0.7,"[714.4384879492354, 48.46883535385132]"
F272013,10,3,0.8,"[813.3275446610951, 55.38172698020935]"
F272013,10,3,0.9,"[710.4223896210519, 62.29471302032471]"
F272013,10,3,1.0,"[767.0099315132802, 69.20267510414124]"
F272013,10,4,0.01,"[2128.8235570011807, 0.6981372833251953]"
F272013,10,4,0.1,"[2580.393701108151, 6.943479299545288]"
F272013,10,4,0.2,"[2891.4174238320948, 13.870630025863647]"
F272013,10,4,0.3,"[4357.73022164361, 20.79021668434143]"
F272013,10,4,0.4,"[3262.269407809252, 27.723628997802734]"
F272013,10,4,0.5,"[4143.228597796044, 34.66642713546753]"
F272013,10,4,0.6,"[3634.366398357628, 41.59514260292053]"
F272013,10,4,0.7,"[3484.7866405822497, 48.53210520744324]"
F272013,10,4,0.8,"[7327.077819000617, 55.466651916503906]"
F272013,10,4,0.9,"[5295.7046405305355, 62.407078981399536]"
F272013,10,4,1.0,"[4991.676085710202, 69.33548402786255]"
F272013,10,5,0.01,"[2172.8175476959977, 0.724311113357544]"
F272013,10,5,0.1,"[808.1192710342921, 7.172824382781982]"
F272013,10,5,0.2,"[1117.2242347339202, 14.077821493148804]"
F272013,10,5,0.3,"[919.3993922978384, 20.97375202178955]"
F272013,10,5,0.4,"[958.7315699714445, 27.878730297088623]"
F272013,10,5,0.5,"[1060.9433378540016, 34.78820466995239]"
F272013,10,5,0.6,"[1047.424168239315, 41.694294452667236]"
F272013,10,5,0.7,"[1041.6365829988563, 48.6230902671814]"
F272013,10,5,0.8,"[3438.115889895922, 55.544360399246216]"
F272013,10,5,0.9,"[7640.975332145961, 62.45903539657593]"
F272013,10,5,1.0,"[2645.3600303819203, 69.36872100830078]"
F272013,10,6,0.01,"[2517.6282559190213, 0.695749044418335]"
F272013,10,6,0.1,"[2357.8185936633618, 7.123527526855469]"
F272013,10,6,0.2,"[2295.3153073692188, 14.021450519561768]"
F272013,10,6,0.3,"[3480.8116117690915, 20.91189742088318]"
F272013,10,6,0.4,"[2161.270943966886, 27.82105278968811]"
F272013,10,6,0.5,"[1617.2978885055632, 34.72724223136902]"
F272013,10,6,0.6,"[2168.393458298015, 41.640591859817505]"
F272013,10,6,0.7,"[4536.693731977069, 48.571494579315186]"
F272013,10,6,0.8,"[2819.507298180397, 55.48062539100647]"
F272013,10,6,0.9,"[3064.2494678550593, 62.384169816970825]"
F272013,10,6,1.0,"[2781.8900583084287, 69.28327870368958]"
F272013,10,7,0.01,"[1397.4257099589659, 0.7178914546966553]"
F272013,10,7,0.1,"[1750.9874800953512, 6.959164142608643]"
F272013,10,7,0.2,"[1936.9990553775406, 13.84915804862976]"
F272013,10,7,0.3,"[1730.1063359827235, 20.731607675552368]"
F272013,10,7,0.4,"[1945.1250070467859, 27.633851528167725]"
F272013,10,7,0.5,"[2724.9161088182836, 34.53559470176697]"
F272013,10,7,0.6,"[3119.864082686866, 41.432288646698]"
F272013,10,7,0.7,"[2828.9988718531386, 48.344581842422485]"
F272013,10,7,0.8,"[2208.8967090944657, 55.24953627586365]"
F272013,10,7,0.9,"[2298.1370676199144, 62.15186667442322]"
F272013,10,7,1.0,"[1115.9877391467076, 69.04254841804504]"
F272013,10,8,0.01,"[2499.1345103575572, 0.6989810466766357]"
F272013,10,8,0.1,"[1763.0474702035153, 7.156327486038208]"
F272013,10,8,0.2,"[1409.6743053953287, 14.08625054359436]"
F272013,10,8,0.3,"[833.6828315035314, 21.036873817443848]"
F272013,10,8,0.4,"[703.7985108560674, 28.064080476760864]"
F272013,10,8,0.5,"[528.9889571826707, 35.0450439453125]"
F272013,10,8,0.6,"[502.16479698876174, 41.96470379829407]"
F272013,10,8,0.7,"[460.15062788501064, 48.89747714996338]"
F272013,10,8,0.8,"[429.92093152484017, 55.820441246032715]"
F272013,10,8,0.9,"[417.83487654963983, 62.74014592170715]"
F272013,10,8,1.0,"[412.35659368989513, 69.65334391593933]"
F272013,10,9,0.01,"[3685.275711458574, 0.7022452354431152]"
F272013,10,9,0.1,"[1079.894708045047, 7.056277513504028]"
F272013,10,9,0.2,"[1189.5684923085842, 14.26111125946045]"
F272013,10,9,0.3,"[1128.8748357147251, 21.179895877838135]"
F272013,10,9,0.4,"[1986.299312158676, 28.10834813117981]"
F272013,10,9,0.5,"[1728.1614084674138, 35.03879928588867]"
F272013,10,9,0.6,"[1687.5056696489373, 41.95674467086792]"
F272013,10,9,0.7,"[1883.2273216809708, 48.88898253440857]"
F272013,10,9,0.8,"[1752.9016861643067, 55.809550285339355]"
F272013,10,9,0.9,"[1823.871529194158, 62.73878312110901]"
F272013,10,9,1.0,"[2401.633963485046, 69.66273474693298]"
F272013,10,10,0.01,"[3684.239040679582, 0.7414360046386719]"
F272013,10,10,0.1,"[1007.2057580738378, 7.007523775100708]"
F272013,10,10,0.2,"[2410.2468289315707, 13.970941305160522]"
F272013,10,10,0.3,"[1562.102337024004, 20.927688360214233]"
F272013,10,10,0.4,"[1455.0171914540406, 27.887552738189697]"
F272013,10,10,0.5,"[1108.9984832313567, 34.86147689819336]"
F272013,10,10,0.6,"[892.2183744463691, 41.83091449737549]"
F272013,10,10,0.7,"[1022.2676227730253, 48.79802846908569]"
F272013,10,10,0.8,"[849.930734705501, 55.759637117385864]"
F272013,10,10,0.9,"[901.8960466821059, 62.72483992576599]"
F272013,10,10,1.0,"[728.9916300190548, 69.68496346473694]"
F272013,10,11,0.01,"[3145.8116825732504, 0.7160232067108154]"
F272013,10,11,0.1,"[2744.1275258352866, 7.483078956604004]"
F272013,10,11,0.2,"[1503.4898945373616, 14.681851625442505]"
F272013,10,11,0.3,"[904.99108384886, 21.65178871154785]"
F272013,10,11,0.4,"[710.3258898898207, 28.6331045627594]"
F272013,10,11,0.5,"[597.5192405093576, 35.62908124923706]"
F272013,10,11,0.6,"[617.7540254738592, 42.616963386535645]"
F272013,10,11,0.7,"[642.1412159672116, 49.6144278049469]"
F272013,10,11,0.8,"[564.3786413537732, 56.59727716445923]"
F272013,10,11,0.9,"[525.9259663373152, 63.5779767036438]"
F272013,10,11,1.0,"[481.6272791773631, 70.55092096328735]"
F272013,10,12,0.01,"[4637.6703719814495, 0.740781307220459]"
F272013,10,12,0.1,"[1311.7440320629485, 6.946553707122803]"
F272013,10,12,0.2,"[742.3764962800462, 13.823194980621338]"
F272013,10,12,0.3,"[510.8774991948112, 20.706886291503906]"
F272013,10,12,0.4,"[477.0253705044272, 27.597681760787964]"
F272013,10,12,0.5,"[437.9195965540473, 34.49180269241333]"
F272013,10,12,0.6,"[417.96172342863883, 41.38417029380798]"
F272013,10,12,0.7,"[407.8807565323332, 48.28623604774475]"
F272013,10,12,0.8,"[406.767687759356, 55.1935601234436]"
F272013,10,12,0.9,"[403.03363331540777, 62.1014506816864]"
F272013,10,12,1.0,"[403.2661689367451, 69.00703549385071]"
F272013,10,13,0.01,"[1309.4606145382218, 0.7348480224609375]"
F272013,10,13,0.1,"[1248.769576048484, 6.9518654346466064]"
F272013,10,13,0.2,"[625.0543118158948, 13.862373352050781]"
F272013,10,13,0.3,"[581.9597926053593, 20.773014068603516]"
F272013,10,13,0.4,"[443.7069764566538, 27.6987361907959]"
F272013,10,13,0.5,"[429.5276787413236, 34.627774477005005]"
F272013,10,13,0.6,"[413.3989478303015, 41.551310539245605]"
F272013,10,13,0.7,"[407.972432859573, 48.48963260650635]"
F272013,10,13,0.8,"[405.1485782712375, 55.419135332107544]"
F272013,10,13,0.9,"[403.42785903553886, 62.3560209274292]"
F272013,10,13,1.0,"[403.17723780439246, 69.2658052444458]"
F272013,10,14,0.01,"[4130.675683976428, 0.6993751525878906]"
F272013,10,14,0.1,"[1001.3027279084408, 6.951091051101685]"
F272013,10,14,0.2,"[594.0650526962536, 13.887925624847412]"
F272013,10,14,0.3,"[527.1606752600801, 20.827040433883667]"
F272013,10,14,0.4,"[445.68490785659037, 27.780219316482544]"
F272013,10,14,0.5,"[428.8182498059382, 34.738213777542114]"
F272013,10,14,0.6,"[420.4614481776707, 41.68453931808472]"
F272013,10,14,0.7,"[422.09367396035987, 48.63343381881714]"
F272013,10,14,0.8,"[435.81853604787375, 55.57516646385193]"
F272013,10,14,0.9,"[420.7405280078299, 62.52312517166138]"
F272013,10,14,1.0,"[418.89226256553866, 69.46024131774902]"
F272013,10,15,0.01,"[2698.57839047638, 0.7014069557189941]"
F272013,10,15,0.1,"[5086.859029820281, 6.947561979293823]"
F272013,10,15,0.2,"[1465.52677609467, 13.879288673400879]"
F272013,10,15,0.3,"[1125.779498209703, 20.810543060302734]"
F272013,10,15,0.4,"[889.3981889056681, 27.74754285812378]"
F272013,10,15,0.5,"[1506.6366363373113, 34.68771481513977]"
F272013,10,15,0.6,"[1980.9768283032072, 41.613940477371216]"
F272013,10,15,0.7,"[2280.369733827418, 48.55405378341675]"
F272013,10,15,0.8,"[1529.8561987912308, 55.474743127822876]"
F272013,10,15,0.9,"[1296.4390803389042, 62.4015371799469]"
F272013,10,15,1.0,"[1455.151561253997, 69.32682394981384]"
F272013,10,16,0.01,"[1904.0540310793585, 0.6986386775970459]"
F272013,10,16,0.1,"[3160.3761510787317, 6.923220157623291]"
F272013,10,16,0.2,"[4159.823228651377, 13.84663438796997]"
F272013,10,16,0.3,"[1336.6084412573368, 20.77081847190857]"
F272013,10,16,0.4,"[3083.2780134648756, 27.71410870552063]"
F272013,10,16,0.5,"[4377.636306814243, 34.66199278831482]"
F272013,10,16,0.6,"[3321.890108847705, 41.59416174888611]"
F272013,10,16,0.7,"[3414.526371957233, 48.53660321235657]"
F272013,10,16,0.8,"[2456.5110538772556, 55.48545527458191]"
F272013,10,16,0.9,"[1918.5242518548926, 62.43602538108826]"
F272013,10,16,1.0,"[2655.1972102156333, 69.37302708625793]"
F272013,10,17,0.01,"[2326.816611120368, 0.7031130790710449]"
F272013,10,17,0.1,"[1245.9782413047342, 7.427354574203491]"
F272013,10,17,0.2,"[1115.2029982313538, 14.334356307983398]"
F272013,10,17,0.3,"[874.5124682893643, 21.234952926635742]"
F272013,10,17,0.4,"[1121.5195327061665, 28.146790981292725]"
F272013,10,17,0.5,"[1481.235152143904, 35.06578540802002]"
F272013,10,17,0.6,"[1405.8700407108245, 41.985493898391724]"
F272013,10,17,0.7,"[2123.9715823239867, 48.91520857810974]"
F272013,10,17,0.8,"[1554.8023787994716, 55.837313413619995]"
F272013,10,17,0.9,"[1315.1924447814195, 62.77069044113159]"
F272013,10,17,1.0,"[1401.2581457109027, 69.70181965827942]"
F272013,10,18,0.01,"[2675.8090606131877, 0.7768533229827881]"
F272013,10,18,0.1,"[909.5971474303024, 7.194441318511963]"
F272013,10,18,0.2,"[2228.8318136120715, 14.1006338596344]"
F272013,10,18,0.3,"[1593.9259432416575, 21.017019271850586]"
F272013,10,18,0.4,"[951.263410162886, 27.939720392227173]"
F272013,10,18,0.5,"[716.970393667501, 34.873095750808716]"
F272013,10,18,0.6,"[507.3136355669608, 41.80041170120239]"
F272013,10,18,0.7,"[570.2100842860818, 48.733171224594116]"
F272013,10,18,0.8,"[502.34979040623057, 55.657021284103394]"
F272013,10,18,0.9,"[433.47519722511106, 62.5839319229126]"
F272013,10,18,1.0,"[418.6904968946112, 69.50612282752991]"
F272013,10,19,0.01,"[2396.5667803010588, 0.6985142230987549]"
F272013,10,19,0.1,"[2755.143877097469, 6.922075986862183]"
F272013,10,19,0.2,"[2286.3514877423336, 13.818147420883179]"
F272013,10,19,0.3,"[2348.456742557936, 20.719157218933105]"
F272013,10,19,0.4,"[1702.4823892715258, 27.65052056312561]"
F272013,10,19,0.5,"[2211.6488454104883, 34.57218885421753]"
F272013,10,19,0.6,"[1626.5528532754574, 41.492040157318115]"
F272013,10,19,0.7,"[2714.4684425661126, 48.421542167663574]"
F272013,10,19,0.8,"[2873.81693524, 55.34010624885559]"
F272013,10,19,0.9,"[3509.8003055110457, 62.254268169403076]"
F272013,10,19,1.0,"[3599.096891733354, 69.17467403411865]"
F272013,10,20,0.01,"[1861.8167904422626, 0.7013072967529297]"
F272013,10,20,0.1,"[919.3328914252261, 6.922747850418091]"
F272013,10,20,0.2,"[1155.4377701365884, 13.831123352050781]"
F272013,10,20,0.3,"[699.3554311412904, 20.75270700454712]"
F272013,10,20,0.4,"[729.0079973590593, 27.673647165298462]"
F272013,10,20,0.5,"[647.5863032368993, 34.619014501571655]"
F272013,10,20,0.6,"[666.739296499286, 41.5461151599884]"
F272013,10,20,0.7,"[677.4856068974796, 48.49085712432861]"
F272013,10,20,0.8,"[793.1584513887587, 55.41603398323059]"
F272013,10,20,0.9,"[633.5863764275514, 62.34833836555481]"
F272013,10,20,1.0,"[648.0272589653302, 69.27861618995667]"
F272013,10,21,0.01,"[3790.376126216407, 0.6947586536407471]"
F272013,10,21,0.1,"[2042.0271399963426, 6.877396106719971]"
F272013,10,21,0.2,"[1478.7882586287747, 13.749067306518555]"
F272013,10,21,0.3,"[2861.047945278822, 20.605406284332275]"
F272013,10,21,0.4,"[2709.308470771649, 27.470839023590088]"
F272013,10,21,0.5,"[1616.9826109423457, 34.3439667224884]"
F272013,10,21,0.6,"[2730.2842593105725, 41.21742105484009]"
F272013,10,21,0.7,"[1989.1285601431118, 48.10196590423584]"
F272013,10,21,0.8,"[1192.1318822219805, 54.969069957733154]"
F272013,10,21,0.9,"[1100.3209660540142, 61.842023849487305]"
F272013,10,21,1.0,"[858.9826552313807, 68.71516251564026]"
F272013,10,22,0.01,"[2108.0281659844773, 0.704556941986084]"
F272013,10,22,0.1,"[2417.9634316404463, 7.025939702987671]"
F272013,10,22,0.2,"[2184.1584972670835, 13.891223907470703]"
F272013,10,22,0.3,"[4299.59227189477, 20.751722812652588]"
F272013,10,22,0.4,"[4280.651303733133, 27.620781898498535]"
F272013,10,22,0.5,"[4117.661738147309, 34.49262499809265]"
F272013,10,22,0.6,"[2801.0866342397567, 41.36523985862732]"
F272013,10,22,0.7,"[2762.5451861354936, 48.24866771697998]"
F272013,10,22,0.8,"[2684.2102623345236, 55.124765396118164]"
F272013,10,22,0.9,"[2254.2645064732924, 61.99980926513672]"
F272013,10,22,1.0,"[1985.145161984729, 68.87378978729248]"
F272013,10,23,0.01,"[2161.69102311385, 0.7509305477142334]"
F272013,10,23,0.1,"[870.094980139882, 6.987865209579468]"
F272013,10,23,0.2,"[1121.253949228646, 13.910967588424683]"
F272013,10,23,0.3,"[560.3709003460065, 20.837931394577026]"
F272013,10,23,0.4,"[463.3832577783378, 27.765814781188965]"
F272013,10,23,0.5,"[413.7196319686484, 34.692615032196045]"
F272013,10,23,0.6,"[407.18157661517034, 41.61173224449158]"
F272013,10,23,0.7,"[401.3137597909986, 48.54522728919983]"
F272013,10,23,0.8,"[400.3069617020856, 55.46509146690369]"
F272013,10,23,0.9,"[400.0002152168945, 62.39522075653076]"
F272013,10,23,1.0,"[400.0001996609476, 69.32098889350891]"
F272013,10,24,0.01,"[4256.648486842165, 0.7852938175201416]"
F272013,10,24,0.1,"[3665.3494476119813, 7.038574457168579]"
F272013,10,24,0.2,"[1507.0085364255292, 13.977341890335083]"
F272013,10,24,0.3,"[2501.808209477484, 20.91872262954712]"
F272013,10,24,0.4,"[2181.2589125826535, 27.866227626800537]"
F272013,10,24,0.5,"[1372.9291671185092, 34.80836772918701]"
F272013,10,24,0.6,"[1128.4733543085968, 41.742396116256714]"
F272013,10,24,0.7,"[1420.8263304873335, 48.688477993011475]"
F272013,10,24,0.8,"[1227.823934472809, 55.63230633735657]"
F272013,10,24,0.9,"[831.7832630673438, 62.5768461227417]"
F272013,10,24,1.0,"[673.0932843994547, 69.51581072807312]"
F272013,10,25,0.01,"[2297.776884414164, 0.7254912853240967]"
F272013,10,25,0.1,"[2171.116714725726, 7.15560507774353]"
F272013,10,25,0.2,"[2895.6248533265443, 14.46652865409851]"
F272013,10,25,0.3,"[1917.2245399743283, 21.370241403579712]"
F272013,10,25,0.4,"[1459.4960608712886, 28.31041955947876]"
F272013,10,25,0.5,"[949.4932826158274, 35.25573921203613]"
F272013,10,25,0.6,"[1308.5212566942328, 42.17324781417847]"
F272013,10,25,0.7,"[2015.6931901586581, 49.10839557647705]"
F272013,10,25,0.8,"[1549.7288126357107, 56.02648377418518]"
F272013,10,25,0.9,"[2104.494913461098, 62.94869351387024]"
F272013,10,25,1.0,"[2105.165694544232, 69.89361310005188]"
F272013,10,26,0.01,"[1374.259170511934, 0.6984610557556152]"
F272013,10,26,0.1,"[3244.5472995767996, 6.9456868171691895]"
F272013,10,26,0.2,"[3152.111028231323, 13.885035514831543]"
F272013,10,26,0.3,"[2351.8854703451198, 20.81292986869812]"
F272013,10,26,0.4,"[900.6550915535304, 27.742257118225098]"
F272013,10,26,0.5,"[1341.0002665089914, 34.69064426422119]"
F272013,10,26,0.6,"[1225.192843439424, 41.62155795097351]"
F272013,10,26,0.7,"[1182.8568876512845, 48.58533310890198]"
F272013,10,26,0.8,"[1852.8941290242296, 55.53043174743652]"
F272013,10,26,0.9,"[2011.2968390461647, 62.47252583503723]"
F272013,10,26,1.0,"[2024.10290944374, 69.4287805557251]"
F272013,10,27,0.01,"[934.1012766029371, 0.7298238277435303]"
F272013,10,27,0.1,"[2139.874440703432, 7.56889533996582]"
F272013,10,27,0.2,"[2037.0341212065096, 14.774359941482544]"
F272013,10,27,0.3,"[2417.5172236831495, 21.688729763031006]"
F272013,10,27,0.4,"[2683.62018982755, 28.608030319213867]"
F272013,10,27,0.5,"[2582.522720180286, 35.537543535232544]"
F272013,10,27,0.6,"[1986.0702199309962, 42.45769691467285]"
F272013,10,27,0.7,"[1895.2540640641946, 49.3839111328125]"
F272013,10,27,0.8,"[2161.995644076146, 56.304534673690796]"
F272013,10,27,0.9,"[1228.6071525867624, 63.22921347618103]"
F272013,10,27,1.0,"[936.1169152878524, 70.14033699035645]"
F272013,10,28,0.01,"[1074.931003957563, 0.69889235496521]"
F272013,10,28,0.1,"[1539.708080235308, 9.350334882736206]"
F272013,10,28,0.2,"[1747.3556872525273, 16.249815464019775]"
F272013,10,28,0.3,"[2021.999053681469, 23.157145977020264]"
F272013,10,28,0.4,"[1798.6042776461263, 30.08403491973877]"
F272013,10,28,0.5,"[1543.2446891941636, 37.06828212738037]"
F272013,10,28,0.6,"[1340.9130492406566, 43.99708151817322]"
F272013,10,28,0.7,"[1421.3359146782423, 50.931803941726685]"
F272013,10,28,0.8,"[1330.785546003358, 57.84942078590393]"
F272013,10,28,0.9,"[1202.7125792904453, 64.77512454986572]"
F272013,10,28,1.0,"[1041.9677537608845, 71.70566892623901]"
F272013,10,29,0.01,"[3364.0987479820224, 0.7094662189483643]"
F272013,10,29,0.1,"[1092.8057274107196, 7.12534499168396]"
F272013,10,29,0.2,"[1275.8063943083707, 14.1038978099823]"
F272013,10,29,0.3,"[2168.8362518433205, 20.968366861343384]"
F272013,10,29,0.4,"[1679.7293619527936, 27.835516214370728]"
F272013,10,29,0.5,"[1960.8959307424702, 34.71199297904968]"
F272013,10,29,0.6,"[2470.3904587280476, 41.58872723579407]"
F272013,10,29,0.7,"[2996.018652671748, 48.48250389099121]"
F272013,10,29,0.8,"[3253.158807701724, 55.36369276046753]"
F272013,10,29,0.9,"[3897.6951800516545, 62.24608826637268]"
F272013,10,29,1.0,"[3793.499629772542, 69.12449932098389]"
F272013,10,30,0.01,"[3085.4144417486386, 0.7330775260925293]"
F272013,10,30,0.1,"[723.11286071925, 9.39886474609375]"
F272013,10,30,0.2,"[1477.0873019182345, 16.38560962677002]"
F272013,10,30,0.3,"[1785.4175755048145, 23.247211456298828]"
F272013,10,30,0.4,"[616.7749242458392, 30.127453565597534]"
F272013,10,30,0.5,"[462.7942343043078, 37.0129337310791]"
F272013,10,30,0.6,"[436.4287208413466, 43.895503520965576]"
F272013,10,30,0.7,"[471.2805665799483, 50.78570508956909]"
F272013,10,30,0.8,"[658.0450371984493, 57.663132190704346]"
F272013,10,30,0.9,"[493.49826076864497, 64.54164981842041]"
F272013,10,30,1.0,"[433.75930957932997, 71.42095065116882]"
F272013,10,31,0.01,"[1096.1546267452886, 0.698430061340332]"
F272013,10,31,0.1,"[1044.9303462478765, 7.9435765743255615]"
F272013,10,31,0.2,"[4645.741638393696, 14.845241069793701]"
F272013,10,31,0.3,"[1249.758372573603, 21.7400164604187]"
F272013,10,31,0.4,"[1240.115531290361, 28.64284038543701]"
F272013,10,31,0.5,"[3013.7825442297035, 35.55372643470764]"
F272013,10,31,0.6,"[3482.646172786378, 42.457468032836914]"
F272013,10,31,0.7,"[2136.7056165543077, 49.3777277469635]"
F272013,10,31,0.8,"[1770.2535428026831, 56.289122581481934]"
F272013,10,31,0.9,"[2197.3896120237946, 63.24022126197815]"
F272013,10,31,1.0,"[2629.983445737813, 70.14843916893005]"
F272013,10,32,0.01,"[2295.1727990395207, 0.6999409198760986]"
F272013,10,32,0.1,"[1863.2407098761896, 6.906991720199585]"
F272013,10,32,0.2,"[1753.3008988156053, 13.812361240386963]"
F272013,10,32,0.3,"[747.9013176657718, 20.713181972503662]"
F272013,10,32,0.4,"[684.1251540978833, 27.624311447143555]"
F272013,10,32,0.5,"[551.19571014753, 34.54533100128174]"
F272013,10,32,0.6,"[522.7544012780384, 41.46709179878235]"
F272013,10,32,0.7,"[511.28073233078976, 48.3926522731781]"
F272013,10,32,0.8,"[445.5627034518957, 55.31490182876587]"
F272013,10,32,0.9,"[428.94321733030733, 62.241236209869385]"
F272013,10,32,1.0,"[414.4058595696565, 69.15696692466736]"
F272013,10,33,0.01,"[2911.526541924077, 0.7746601104736328]"
F272013,10,33,0.1,"[2012.4775013411563, 7.3852808475494385]"
F272013,10,33,0.2,"[1113.6856674523797, 14.282432556152344]"
F272013,10,33,0.3,"[1208.9644222414154, 21.18418788909912]"
F272013,10,33,0.4,"[991.6818024502309, 28.082194805145264]"
F272013,10,33,0.5,"[1479.6376498999225, 34.98218035697937]"
F272013,10,33,0.6,"[1519.1492288909358, 41.88822412490845]"
F272013,10,33,0.7,"[1109.0144086449795, 48.80817532539368]"
F272013,10,33,0.8,"[957.1102548117578, 55.71109318733215]"
F272013,10,33,0.9,"[1145.1021130030636, 62.62889122962952]"
F272013,10,33,1.0,"[706.5381369114784, 69.54461932182312]"
F272013,10,34,0.01,"[3114.1127608962697, 0.694495677947998]"
F272013,10,34,0.1,"[1515.7821943182794, 6.922203302383423]"
F272013,10,34,0.2,"[1840.733530656823, 13.772306442260742]"
F272013,10,34,0.3,"[1190.5846934276155, 20.622360706329346]"
F272013,10,34,0.4,"[903.9694136763228, 27.48175597190857]"
F272013,10,34,0.5,"[745.6746734614267, 34.34806275367737]"
F272013,10,34,0.6,"[640.7198764606974, 41.211421489715576]"
F272013,10,34,0.7,"[585.0739173474426, 48.08761119842529]"
F272013,10,34,0.8,"[525.5706604249444, 54.958616495132446]"
F272013,10,34,0.9,"[473.4564125460547, 61.846712827682495]"
F272013,10,34,1.0,"[464.2192114911609, 68.72752857208252]"
F272013,10,35,0.01,"[1824.2009244900719, 0.6965582370758057]"
F272013,10,35,0.1,"[3974.6793381927864, 7.250674486160278]"
F272013,10,35,0.2,"[4786.156372567315, 14.43087649345398]"
F272013,10,35,0.3,"[3018.7227373241276, 21.331429719924927]"
F272013,10,35,0.4,"[2385.339052886608, 28.232858419418335]"
F272013,10,35,0.5,"[1459.148201567139, 35.140504360198975]"
F272013,10,35,0.6,"[1093.286023510891, 42.038671016693115]"
F272013,10,35,0.7,"[909.7704786607924, 48.94834089279175]"
F272013,10,35,0.8,"[735.0891214161925, 55.853147745132446]"
F272013,10,35,0.9,"[566.7321871075342, 62.757139921188354]"
F272013,10,35,1.0,"[510.5483628447332, 69.65546202659607]"
F272013,10,36,0.01,"[2224.019234659058, 0.6962738037109375]"
F272013,10,36,0.1,"[1009.7979576537941, 7.008490562438965]"
F272013,10,36,0.2,"[2050.188313283053, 14.389036178588867]"
F272013,10,36,0.3,"[1088.7274934287461, 21.24298930168152]"
F272013,10,36,0.4,"[2267.436733379653, 28.110796451568604]"
F272013,10,36,0.5,"[2410.1551281832885, 34.98021912574768]"
F272013,10,36,0.6,"[2204.8426930469864, 41.84734630584717]"
F272013,10,36,0.7,"[2319.388918327267, 48.72539234161377]"
F272013,10,36,0.8,"[2242.4334865785213, 55.593005657196045]"
F272013,10,36,0.9,"[1685.5207146479815, 62.4660804271698]"
F272013,10,36,1.0,"[1616.1526852577326, 69.35613894462585]"
F272013,10,37,0.01,"[2580.593714991026, 0.6958715915679932]"
F272013,10,37,0.1,"[1422.5801576067051, 6.899720907211304]"
F272013,10,37,0.2,"[1161.1004469948834, 13.800512552261353]"
F272013,10,37,0.3,"[1159.730551224197, 20.70366668701172]"
F272013,10,37,0.4,"[1172.598728870099, 27.60710096359253]"
F272013,10,37,0.5,"[987.0149912591532, 34.51401495933533]"
F272013,10,37,0.6,"[997.091114056795, 41.42619013786316]"
F272013,10,37,0.7,"[984.0724377120605, 48.342296838760376]"
F272013,10,37,0.8,"[961.272147736619, 55.251120805740356]"
F272013,10,37,0.9,"[973.1469109479413, 62.16427445411682]"
F272013,10,37,1.0,"[943.1922217465117, 69.06781005859375]"
F272013,10,38,0.01,"[1497.6396147741807, 0.6953718662261963]"
F272013,10,38,0.1,"[1257.1347594038953, 6.92412805557251]"
F272013,10,38,0.2,"[875.5412017053504, 14.188150882720947]"
F272013,10,38,0.3,"[616.6565467467062, 21.17971110343933]"
F272013,10,38,0.4,"[455.31723696298695, 28.155933380126953]"
F272013,10,38,0.5,"[425.333690480481, 35.062925815582275]"
F272013,10,38,0.6,"[409.62408440031913, 41.95870637893677]"
F272013,10,38,0.7,"[405.5623724495201, 48.86656308174133]"
F272013,10,38,0.8,"[404.4004321499376, 55.76580858230591]"
F272013,10,38,0.9,"[400.80943976798835, 62.67094588279724]"
F272013,10,38,1.0,"[400.050187522756, 69.56850337982178]"
F272013,10,39,0.01,"[2668.2118222447257, 0.7619020938873291]"
F272013,10,39,0.1,"[3616.829083838322, 7.645805358886719]"
F272013,10,39,0.2,"[4005.9236482794195, 14.989520788192749]"
F272013,10,39,0.3,"[3281.8197911140433, 22.060840129852295]"
F272013,10,39,0.4,"[3095.641390128485, 29.00182032585144]"
F272013,10,39,0.5,"[2538.3165501948474, 35.94782114028931]"
F272013,10,39,0.6,"[1657.7190848271312, 42.89344644546509]"
F272013,10,39,0.7,"[1215.707822129808, 49.84218072891235]"
F272013,10,39,0.8,"[1069.883522429799, 56.78070545196533]"
F272013,10,39,0.9,"[865.0332887260938, 63.726889848709106]"
F272013,10,39,1.0,"[729.6486724859076, 70.6638834476471]"
F272013,10,40,0.01,"[1864.8293027196896, 0.7571442127227783]"
F272013,10,40,0.1,"[2857.368483542723, 7.562242031097412]"
F272013,10,40,0.2,"[2167.0063451006827, 14.511715650558472]"
F272013,10,40,0.3,"[2777.420768762629, 21.433922052383423]"
F272013,10,40,0.4,"[2481.1902798222095, 28.369718074798584]"
F272013,10,40,0.5,"[1906.2006043688662, 35.306480169296265]"
F272013,10,40,0.6,"[1594.2321013949559, 42.229729890823364]"
F272013,10,40,0.7,"[1437.4888320579748, 49.16500377655029]"
F272013,10,40,0.8,"[1333.0379191582088, 56.09355401992798]"
F272013,10,40,0.9,"[1206.070127633809, 63.02932024002075]"
F272013,10,40,1.0,"[1093.3733083397892, 69.94541954994202]"
F272013,10,41,0.01,"[4534.62251390539, 0.6959600448608398]"
F272013,10,41,0.1,"[2251.832701621105, 7.80483865737915]"
F272013,10,41,0.2,"[2601.2257322681407, 14.823444366455078]"
F272013,10,41,0.3,"[2632.885340574695, 21.903237342834473]"
F272013,10,41,0.4,"[1779.5367441443914, 28.969207048416138]"
F272013,10,41,0.5,"[1135.5856329463122, 36.15115022659302]"
F272013,10,41,0.6,"[1097.419599308263, 43.058611154556274]"
F272013,10,41,0.7,"[764.291291939161, 49.960418701171875]"
F272013,10,41,0.8,"[1204.0549132632987, 56.851123332977295]"
F272013,10,41,0.9,"[2220.7085208371054, 63.75329351425171]"
F272013,10,41,1.0,"[1832.8759546234241, 70.6722023487091]"
F272013,10,42,0.01,"[3030.8267389729463, 0.6954226493835449]"
F272013,10,42,0.1,"[4474.45954497756, 6.877302408218384]"
F272013,10,42,0.2,"[2737.626334245124, 14.008013725280762]"
F272013,10,42,0.3,"[2558.3478214869106, 21.928950786590576]"
F272013,10,42,0.4,"[1549.2431802680926, 29.853216648101807]"
F272013,10,42,0.5,"[2683.5767928961477, 37.975691080093384]"
F272013,10,42,0.6,"[1681.7586959741839, 45.918195962905884]"
F272013,10,42,0.7,"[2872.482750736772, 53.8722710609436]"
F272013,10,42,0.8,"[1781.5459457552724, 61.81223797798157]"
F272013,10,42,0.9,"[1011.3238072237077, 69.76217937469482]"
F272013,10,42,1.0,"[1436.854948049874, 76.63911938667297]"
F272013,10,43,0.01,"[2159.958414499627, 0.692284107208252]"
F272013,10,43,0.1,"[1147.6256245501781, 7.399446249008179]"
F272013,10,43,0.2,"[2420.983520211766, 14.84287691116333]"
F272013,10,43,0.3,"[2007.029527531692, 21.713297367095947]"
F272013,10,43,0.4,"[1950.0357200204517, 28.59348750114441]"
F272013,10,43,0.5,"[2041.8183568030008, 35.479294538497925]"
F272013,10,43,0.6,"[1504.4941759178514, 42.36501431465149]"
F272013,10,43,0.7,"[1669.9035275449855, 49.25922465324402]"
F272013,10,43,0.8,"[1521.735318581471, 56.143712282180786]"
F272013,10,43,0.9,"[1409.5759208640316, 63.03060436248779]"
F272013,10,43,1.0,"[1285.422292555695, 69.97187209129333]"
F272013,10,44,0.01,"[3162.488461902698, 0.6926581859588623]"
F272013,10,44,0.1,"[4028.470367018177, 7.3670384883880615]"
F272013,10,44,0.2,"[5762.8390295839, 14.991470098495483]"
F272013,10,44,0.3,"[4205.432605636777, 21.86680555343628]"
F272013,10,44,0.4,"[1592.4735720180597, 28.748738527297974]"
F272013,10,44,0.5,"[2308.0622983710564, 35.645724058151245]"
F272013,10,44,0.6,"[1672.4352721409314, 42.533278942108154]"
F272013,10,44,0.7,"[2646.2490785743516, 49.423622131347656]"
F272013,10,44,0.8,"[2175.985473104579, 56.31124758720398]"
F272013,10,44,0.9,"[3131.1750282929406, 63.20269727706909]"
F272013,10,44,1.0,"[1784.3220172324495, 70.08336615562439]"
F272013,10,45,0.01,"[1064.0390244414507, 0.6916697025299072]"
F272013,10,45,0.1,"[4185.767836771565, 6.908640623092651]"
F272013,10,45,0.2,"[1982.7692466622484, 13.771929740905762]"
F272013,10,45,0.3,"[2034.2515103743335, 20.629440784454346]"
F272013,10,45,0.4,"[2309.73312697423, 27.495352268218994]"
F272013,10,45,0.5,"[2415.1373097482697, 34.3678925037384]"
F272013,10,45,0.6,"[2251.7073703827664, 41.23156142234802]"
F272013,10,45,0.7,"[1365.147227447119, 48.11471223831177]"
F272013,10,45,0.8,"[1409.0304856042399, 54.99243116378784]"
F272013,10,45,0.9,"[994.7833753377099, 61.866416215896606]"
F272013,10,45,1.0,"[1566.933984955821, 68.72452306747437]"
F272013,10,46,0.01,"[1441.1069035757127, 0.691887617111206]"
F272013,10,46,0.1,"[673.9089793498456, 7.393478631973267]"
F272013,10,46,0.2,"[566.9328977631301, 15.05437183380127]"
F272013,10,46,0.3,"[526.3170090785322, 21.887683629989624]"
F272013,10,46,0.4,"[2643.331786272017, 28.727083683013916]"
F272013,10,46,0.5,"[1779.7409764014, 35.596028089523315]"
F272013,10,46,0.6,"[1850.5991857531549, 42.447566986083984]"
F272013,10,46,0.7,"[1193.3272395153663, 49.316935539245605]"
F272013,10,46,0.8,"[882.3851985477841, 56.17598557472229]"
F272013,10,46,0.9,"[678.1973051396153, 63.04117512702942]"
F272013,10,46,1.0,"[553.7291293018334, 69.96816182136536]"
F272013,10,47,0.01,"[1863.0964163249928, 0.6948680877685547]"
F272013,10,47,0.1,"[1278.469826565426, 7.103134632110596]"
F272013,10,47,0.2,"[3577.6955010685615, 14.003505945205688]"
F272013,10,47,0.3,"[2517.191876485065, 20.88511323928833]"
F272013,10,47,0.4,"[2600.9814295382635, 27.78239417076111]"
F272013,10,47,0.5,"[3493.5018975613166, 34.67426586151123]"
F272013,10,47,0.6,"[3387.0972984088494, 41.55915355682373]"
F272013,10,47,0.7,"[2675.6695163004965, 48.454586029052734]"
F272013,10,47,0.8,"[2579.0503257805963, 55.34348225593567]"
F272013,10,47,0.9,"[3438.9888670389537, 62.23260688781738]"
F272013,10,47,1.0,"[2699.5379604570408, 69.11049365997314]"
F272013,10,48,0.01,"[4143.128664367352, 0.6909267902374268]"
F272013,10,48,0.1,"[2158.3901022072364, 6.852495908737183]"
F272013,10,48,0.2,"[2463.7644983897558, 13.703002452850342]"
F272013,10,48,0.3,"[2871.5631894790695, 20.54793691635132]"
F272013,10,48,0.4,"[2074.003878557797, 27.400218725204468]"
F272013,10,48,0.5,"[1499.959719983567, 34.24502873420715]"
F272013,10,48,0.6,"[2298.818744611719, 41.10497760772705]"
F272013,10,48,0.7,"[1105.072150523281, 47.9670295715332]"
F272013,10,48,0.8,"[1009.6343700666121, 54.81661009788513]"
F272013,10,48,0.9,"[782.4876779138176, 61.65977358818054]"
F272013,10,48,1.0,"[968.9950750364151, 68.50319933891296]"
F272013,10,49,0.01,"[2398.657811594129, 0.6973204612731934]"
F272013,10,49,0.1,"[1386.0838637204106, 6.9246087074279785]"
F272013,10,49,0.2,"[812.542708581781, 13.839105606079102]"
F272013,10,49,0.3,"[566.9213244715179, 20.740256786346436]"
F272013,10,49,0.4,"[592.5909946832139, 27.646923303604126]"
F272013,10,49,0.5,"[474.7078599387187, 34.548166036605835]"
F272013,10,49,0.6,"[615.4835573884657, 41.46110963821411]"
F272013,10,49,0.7,"[609.842531173199, 48.386043071746826]"
F272013,10,49,0.8,"[422.0673066679128, 55.30269455909729]"
F272013,10,49,0.9,"[541.2671392577604, 62.21912384033203]"
F272013,10,49,1.0,"[417.5626094611616, 69.14524531364441]"
F272013,10,50,0.01,"[1509.3002747757569, 0.6958751678466797]"
F272013,10,50,0.1,"[3619.3557069226354, 6.914197683334351]"
F272013,10,50,0.2,"[1652.0586084050065, 13.828160524368286]"
F272013,10,50,0.3,"[1332.459023483027, 20.73823118209839]"
F272013,10,50,0.4,"[867.8804580694987, 27.652055263519287]"
F272013,10,50,0.5,"[826.260712981652, 34.55075550079346]"
F272013,10,50,0.6,"[744.4081456382082, 41.46878218650818]"
F272013,10,50,0.7,"[618.3474664048479, 48.38126564025879]"
F272013,10,50,0.8,"[538.7461351690554, 55.29436707496643]"
F272013,10,50,0.9,"[490.7966074900419, 62.208465814590454]"
F272013,10,50,1.0,"[470.1230439654107, 69.12600231170654]"
F272013,30,0,0.01,"[1581.0199562927428, 3.4067764282226562]"
F272013,30,0,0.1,"[12082.259718986004, 33.96369171142578]"
F272013,30,0,0.2,"[11289.25315570525, 67.8805935382843]"
F272013,30,0,0.3,"[6129.749866526923, 101.86662220954895]"
F272013,30,0,0.4,"[4484.102212608642, 135.6140387058258]"
F272013,30,0,0.5,"[2875.0553260131474, 169.29664182662964]"
F272013,30,0,0.6,"[2307.9889364216715, 202.91002345085144]"
F272013,30,0,0.7,"[1456.937700438506, 236.49720454216003]"
F272013,30,0,0.8,"[947.7094064225989, 270.072229385376]"
F272013,30,0,0.9,"[728.6741146826325, 303.6839578151703]"
F272013,30,0,1.0,"[555.6850837309048, 337.29858231544495]"
F272013,30,1,0.01,"[5296.96567903035, 3.3978958129882812]"
F272013,30,1,0.1,"[502.594350594733, 33.89952111244202]"
F272013,30,1,0.2,"[400.0006609176653, 67.75590014457703]"
F272013,30,1,0.3,"[400.0005639867436, 101.70156073570251]"
F272013,30,1,0.4,"[400.00056158728376, 135.53743267059326]"
F272013,30,1,0.5,"[400.0005394543864, 169.3573842048645]"
F272013,30,1,0.6,"[400.0006537405229, 203.16827940940857]"
F272013,30,1,0.7,"[400.00049724524433, 236.83547353744507]"
F272013,30,1,0.8,"[400.00056954545107, 270.38617753982544]"
F272013,30,1,0.9,"[400.000530950349, 303.945841550827]"
F272013,30,1,1.0,"[400.00069204010356, 337.4592604637146]"
F272013,30,2,0.01,"[12325.85933957774, 3.403735399246216]"
F272013,30,2,0.1,"[935.1677929914449, 33.942044258117676]"
F272013,30,2,0.2,"[414.21182257955206, 67.87180781364441]"
F272013,30,2,0.3,"[400.3421156669515, 101.88722610473633]"
F272013,30,2,0.4,"[400.000200590604, 135.7709596157074]"
F272013,30,2,0.5,"[400.00017102085485, 169.63805985450745]"
F272013,30,2,0.6,"[400.00021030252583, 203.43690371513367]"
F272013,30,2,0.7,"[400.0002174317615, 237.40089869499207]"
F272013,30,2,0.8,"[400.00019890707017, 271.2238368988037]"
F272013,30,2,0.9,"[400.00020422882335, 305.03624200820923]"
F272013,30,2,1.0,"[400.0002158255511, 338.67005228996277]"
F272013,30,3,0.01,"[3232.150372692143, 3.4308481216430664]"
F272013,30,3,0.1,"[713.6691116758302, 33.84003400802612]"
F272013,30,3,0.2,"[403.30154759718494, 67.63083720207214]"
F272013,30,3,0.3,"[400.00018267602604, 101.52871561050415]"
F272013,30,3,0.4,"[400.0002363422584, 135.32618618011475]"
F272013,30,3,0.5,"[400.0002163041579, 169.11909651756287]"
F272013,30,3,0.6,"[400.00023769017, 202.8477954864502]"
F272013,30,3,0.7,"[400.0002203369927, 237.5708475112915]"
F272013,30,3,0.8,"[400.0002152116267, 271.2629659175873]"
F272013,30,3,0.9,"[400.00022213046304, 304.9642882347107]"
F272013,30,3,1.0,"[400.0002349495421, 338.68470191955566]"
F272013,30,4,0.01,"[11721.11993822246, 3.404790163040161]"
F272013,30,4,0.1,"[1484.0016177826951, 33.9375536441803]"
F272013,30,4,0.2,"[452.5035414018482, 67.85780501365662]"
F272013,30,4,0.3,"[404.1279308312862, 101.85811924934387]"
F272013,30,4,0.4,"[400.1995760022537, 135.7407741546631]"
F272013,30,4,0.5,"[400.0000994190657, 169.59705805778503]"
F272013,30,4,0.6,"[400.0001246480533, 203.40579462051392]"
F272013,30,4,0.7,"[400.0001191645433, 237.25329327583313]"
F272013,30,4,0.8,"[400.0000933505744, 271.0619456768036]"
F272013,30,4,0.9,"[400.00010063961804, 304.89518117904663]"
F272013,30,4,1.0,"[400.0001219140627, 338.6845021247864]"
F272013,30,5,0.01,"[7860.277500842629, 3.3932478427886963]"
F272013,30,5,0.1,"[440.55440160611306, 33.843756914138794]"
F272013,30,5,0.2,"[400.44458417653664, 67.69731140136719]"
F272013,30,5,0.3,"[400.0002853377857, 101.6719741821289]"
F272013,30,5,0.4,"[400.0003350270342, 135.50188636779785]"
F272013,30,5,0.5,"[400.00029059731196, 169.30968689918518]"
F272013,30,5,0.6,"[400.0002856497513, 203.12529134750366]"
F272013,30,5,0.7,"[400.00031377910955, 236.8255696296692]"
F272013,30,5,0.8,"[400.0002719574627, 270.5101902484894]"
F272013,30,5,0.9,"[400.0002957241725, 304.2166600227356]"
F272013,30,5,1.0,"[400.00031332106437, 337.92567467689514]"
F272013,30,6,0.01,"[11036.317858159333, 3.4186644554138184]"
F272013,30,6,0.1,"[7204.6105779081445, 33.96311068534851]"
F272013,30,6,0.2,"[10404.09005428396, 67.90829801559448]"
F272013,30,6,0.3,"[8173.482855640088, 101.91496300697327]"
F272013,30,6,0.4,"[6324.494590488974, 135.77459740638733]"
F272013,30,6,0.5,"[4408.479309127858, 169.6120629310608]"
F272013,30,6,0.6,"[3253.632887544346, 203.75038766860962]"
F272013,30,6,0.7,"[2290.1667415126394, 237.56903719902039]"
F272013,30,6,0.8,"[1552.3728496402155, 271.36394596099854]"
F272013,30,6,0.9,"[1103.8989415550645, 305.1481964588165]"
F272013,30,6,1.0,"[814.9573517914309, 338.8910210132599]"
F272013,30,7,0.01,"[8186.726453828072, 3.4455459117889404]"
F272013,30,7,0.1,"[8632.869123516302, 33.94327139854431]"
F272013,30,7,0.2,"[4181.060847396661, 67.8493447303772]"
F272013,30,7,0.3,"[4590.975468882157, 101.83113551139832]"
F272013,30,7,0.4,"[5992.390958903204, 135.69226336479187]"
F272013,30,7,0.5,"[4731.032436133986, 169.57232069969177]"
F272013,30,7,0.6,"[6235.662865407336, 203.3579649925232]"
F272013,30,7,0.7,"[8799.135071895154, 237.11566400527954]"
F272013,30,7,0.8,"[7728.575280608622, 270.8913757801056]"
F272013,30,7,0.9,"[6885.597555796167, 304.6410367488861]"
F272013,30,7,1.0,"[7042.693599545968, 338.41984009742737]"
F272013,30,8,0.01,"[14853.374083264882, 3.404433250427246]"
F272013,30,8,0.1,"[9888.437231311764, 33.98797273635864]"
F272013,30,8,0.2,"[2737.8868579158916, 68.07099175453186]"
F272013,30,8,0.3,"[1011.1452320829949, 102.14133787155151]"
F272013,30,8,0.4,"[573.7928884768871, 136.04165124893188]"
F272013,30,8,0.5,"[440.8446574559314, 169.95190978050232]"
F272013,30,8,0.6,"[407.5992281830959, 203.80889511108398]"
F272013,30,8,0.7,"[401.65421376566246, 237.65055799484253]"
F272013,30,8,0.8,"[400.34592150020103, 271.4424796104431]"
F272013,30,8,0.9,"[400.05017273057365, 305.25459027290344]"
F272013,30,8,1.0,"[400.0000475591469, 339.0178360939026]"
F272013,30,9,0.01,"[11462.382080191743, 3.400930643081665]"
F272013,30,9,0.1,"[5162.69315262864, 33.92305326461792]"
F272013,30,9,0.2,"[6974.1020087479665, 67.8156795501709]"
F272013,30,9,0.3,"[7159.611735530441, 101.76161479949951]"
F272013,30,9,0.4,"[5826.026624768691, 135.61973214149475]"
F272013,30,9,0.5,"[6584.72418372104, 169.42702674865723]"
F272013,30,9,0.6,"[7287.5811814456065, 203.1879551410675]"
F272013,30,9,0.7,"[8220.22513445539, 236.93853187561035]"
F272013,30,9,0.8,"[7583.576513100663, 270.6830213069916]"
F272013,30,9,0.9,"[5982.736744222231, 304.43927907943726]"
F272013,30,9,1.0,"[5470.461764810608, 338.1710865497589]"
F272013,30,10,0.01,"[6576.797187526493, 3.3744900226593018]"
F272013,30,10,0.1,"[8953.270000926794, 33.60346817970276]"
F272013,30,10,0.2,"[10197.541855195954, 67.18552136421204]"
F272013,30,10,0.3,"[7271.4795235590755, 100.87074017524719]"
F272013,30,10,0.4,"[4596.042014126561, 134.41896414756775]"
F272013,30,10,0.5,"[4830.968460961395, 167.95521330833435]"
F272013,30,10,0.6,"[5614.886834865954, 201.82319116592407]"
F272013,30,10,0.7,"[5970.00683220851, 235.5185945034027]"
F272013,30,10,0.8,"[5284.917064011472, 268.9479982852936]"
F272013,30,10,0.9,"[3403.1622258988846, 302.4152591228485]"
F272013,30,10,1.0,"[7236.496023851138, 335.86163687705994]"
F272013,30,11,0.01,"[2162.905755937042, 3.3892290592193604]"
F272013,30,11,0.1,"[7339.839724770256, 33.79465365409851]"
F272013,30,11,0.2,"[7983.705552838415, 67.59532976150513]"
F272013,30,11,0.3,"[5832.025312794137, 101.47352862358093]"
F272013,30,11,0.4,"[4836.122471053764, 135.21210265159607]"
F272013,30,11,0.5,"[4314.287916460413, 168.93583488464355]"
F272013,30,11,0.6,"[3455.4893706474177, 202.99782299995422]"
F272013,30,11,0.7,"[2963.7501018099247, 236.63822150230408]"
F272013,30,11,0.8,"[2278.8159228967893, 270.25602865219116]"
F272013,30,11,0.9,"[1792.2286739984684, 303.8952040672302]"
F272013,30,11,1.0,"[1386.1907483715495, 337.483021736145]"
F272013,30,12,0.01,"[4808.539131153369, 3.4182894229888916]"
F272013,30,12,0.1,"[411.3383372099595, 34.084431409835815]"
F272013,30,12,0.2,"[400.00062726725287, 68.13074564933777]"
F272013,30,12,0.3,"[400.0007492834918, 102.2816870212555]"
F272013,30,12,0.4,"[400.0008049658652, 136.33846783638]"
F272013,30,12,0.5,"[400.0008379321173, 170.45771431922913]"
F272013,30,12,0.6,"[400.00074793883005, 204.6160442829132]"
F272013,30,12,0.7,"[400.00090385363205, 238.68899822235107]"
F272013,30,12,0.8,"[400.00065949838336, 272.7334954738617]"
F272013,30,12,0.9,"[400.0007750879954, 306.7753791809082]"
F272013,30,12,1.0,"[400.0008118387286, 340.77280735969543]"
F272013,30,13,0.01,"[12198.01636485968, 3.439988851547241]"
F272013,30,13,0.1,"[853.6563765260598, 33.635321855545044]"
F272013,30,13,0.2,"[415.13652122377357, 67.17819237709045]"
F272013,30,13,0.3,"[400.3411444824103, 100.75864815711975]"
F272013,30,13,0.4,"[400.0002353826203, 134.25253200531006]"
F272013,30,13,0.5,"[400.00024294040736, 167.77004766464233]"
F272013,30,13,0.6,"[400.00020573875554, 201.204669713974]"
F272013,30,13,0.7,"[400.0002240275462, 235.77843570709229]"
F272013,30,13,0.8,"[400.00020808716636, 269.2089388370514]"
F272013,30,13,0.9,"[400.00022278901247, 302.670202255249]"
F272013,30,13,1.0,"[400.0002164683742, 336.06354808807373]"
F272013,30,14,0.01,"[12423.126991486499, 3.39609694480896]"
F272013,30,14,0.1,"[8111.078679684448, 33.87692046165466]"
F272013,30,14,0.2,"[4712.641824410575, 67.70114421844482]"
F272013,30,14,0.3,"[2448.9506131337225, 101.63984417915344]"
F272013,30,14,0.4,"[1467.512767576297, 135.47170305252075]"
F272013,30,14,0.5,"[1046.830692220064, 169.2606806755066]"
F272013,30,14,0.6,"[735.46843857669, 202.98849081993103]"
F272013,30,14,0.7,"[563.1589861481762, 236.6631727218628]"
F272013,30,14,0.8,"[483.36929531202486, 270.335736989975]"
F272013,30,14,0.9,"[439.1290983894869, 304.03493785858154]"
F272013,30,14,1.0,"[420.300788511734, 337.7033894062042]"
F272013,30,15,0.01,"[9571.107997467989, 3.4256398677825928]"
F272013,30,15,0.1,"[1651.3810925633798, 33.83686113357544]"
F272013,30,15,0.2,"[433.06214152663824, 67.63020086288452]"
F272013,30,15,0.3,"[401.3301159171442, 101.54111957550049]"
F272013,30,15,0.4,"[400.00008235835776, 135.3230698108673]"
F272013,30,15,0.5,"[400.0001208331505, 169.08442330360413]"
F272013,30,15,0.6,"[400.00012259156665, 202.94323301315308]"
F272013,30,15,0.7,"[400.0001313445391, 236.5876305103302]"
F272013,30,15,0.8,"[400.0001271423748, 270.1841881275177]"
F272013,30,15,0.9,"[400.00013105789276, 303.8202967643738]"
F272013,30,15,1.0,"[400.0001189461932, 337.42966079711914]"
F272013,30,16,0.01,"[2611.496106573262, 3.398042917251587]"
F272013,30,16,0.1,"[6917.196549930541, 33.63021278381348]"
F272013,30,16,0.2,"[4175.277886639743, 67.14410138130188]"
F272013,30,16,0.3,"[10661.561361864857, 100.83882594108582]"
F272013,30,16,0.4,"[4836.673605850011, 134.41939568519592]"
F272013,30,16,0.5,"[4046.4338802644024, 167.94908595085144]"
F272013,30,16,0.6,"[4891.938822663666, 201.49412512779236]"
F272013,30,16,0.7,"[5220.072076859817, 235.03248620033264]"
F272013,30,16,0.8,"[5845.130502798809, 268.5525212287903]"
F272013,30,16,0.9,"[6324.868354994107, 302.1491858959198]"
F272013,30,16,1.0,"[7574.300010855124, 335.6580214500427]"
F272013,30,17,0.01,"[1885.9260735149046, 3.394044876098633]"
F272013,30,17,0.1,"[456.648217672963, 33.64061212539673]"
F272013,30,17,0.2,"[400.00059307196057, 67.19982314109802]"
F272013,30,17,0.3,"[400.000759846625, 100.8117744922638]"
F272013,30,17,0.4,"[400.00072089897867, 134.3148398399353]"
F272013,30,17,0.5,"[400.00070405618635, 167.83644461631775]"
F272013,30,17,0.6,"[400.00062393412213, 201.53893899917603]"
F272013,30,17,0.7,"[400.00075972296304, 235.01061367988586]"
F272013,30,17,0.8,"[400.00058369491626, 268.4624660015106]"
F272013,30,17,0.9,"[400.00052454165416, 301.9186415672302]"
F272013,30,17,1.0,"[400.0006674293129, 335.32713055610657]"
F272013,30,18,0.01,"[10482.052372179583, 3.392972946166992]"
F272013,30,18,0.1,"[1294.2131391115954, 33.79436779022217]"
F272013,30,18,0.2,"[420.3241651082126, 67.5748291015625]"
F272013,30,18,0.3,"[401.2043735264115, 101.45399141311646]"
F272013,30,18,0.4,"[400.0001685301836, 135.3979995250702]"
F272013,30,18,0.5,"[400.00017706813946, 169.12259149551392]"
F272013,30,18,0.6,"[400.0001677754426, 208.45529103279114]"
F272013,30,18,0.7,"[400.0001601555341, 247.63660860061646]"
F272013,30,18,0.8,"[400.00016911766534, 286.8081018924713]"
F272013,30,18,0.9,"[400.0001764780418, 326.04939675331116]"
F272013,30,18,1.0,"[400.00015635165346, 361.37832403182983]"
F272013,30,19,0.01,"[10865.162116784386, 3.4180431365966797]"
F272013,30,19,0.1,"[9064.31141762516, 33.81253004074097]"
F272013,30,19,0.2,"[5511.2497513708995, 67.60363221168518]"
F272013,30,19,0.3,"[7084.827086198831, 101.44653868675232]"
F272013,30,19,0.4,"[3433.9675605172342, 135.18111085891724]"
F272013,30,19,0.5,"[2920.754836295214, 168.90962195396423]"
F272013,30,19,0.6,"[2089.18723497211, 202.52277994155884]"
F272013,30,19,0.7,"[3577.487298243167, 236.16442131996155]"
F272013,30,19,0.8,"[3478.769196777562, 269.75049352645874]"
F272013,30,19,0.9,"[5720.640907314275, 303.3685390949249]"
F272013,30,19,1.0,"[4442.291922663455, 337.0070695877075]"
F272013,30,20,0.01,"[7070.191018452733, 3.3959801197052]"
F272013,30,20,0.1,"[8335.276325223296, 33.839109659194946]"
F272013,30,20,0.2,"[8879.480785672522, 67.61763620376587]"
F272013,30,20,0.3,"[8128.227910026591, 101.51235485076904]"
F272013,30,20,0.4,"[5657.804573159597, 135.28450441360474]"
F272013,30,20,0.5,"[5388.869092515333, 168.9946482181549]"
F272013,30,20,0.6,"[5295.671696264313, 202.75713515281677]"
F272013,30,20,0.7,"[5075.474239737782, 236.54876947402954]"
F272013,30,20,0.8,"[4189.239564322964, 270.17610120773315]"
F272013,30,20,0.9,"[3862.290736815042, 303.8620705604553]"
F272013,30,20,1.0,"[2787.1517325304812, 337.5210874080658]"
F272013,30,21,0.01,"[14147.025133903348, 3.3857195377349854]"
F272013,30,21,0.1,"[1351.9229835388196, 33.755253076553345]"
F272013,30,21,0.2,"[477.83075611735103, 67.49284815788269]"
F272013,30,21,0.3,"[405.24758266074855, 101.27505040168762]"
F272013,30,21,0.4,"[400.4993508366538, 134.96164107322693]"
F272013,30,21,0.5,"[400.00014614006227, 168.61968421936035]"
F272013,30,21,0.6,"[400.0001266815393, 202.2102439403534]"
F272013,30,21,0.7,"[400.00014858552186, 235.88511967658997]"
F272013,30,21,0.8,"[400.0001095633379, 269.46145153045654]"
F272013,30,21,0.9,"[400.00012103802555, 303.050883769989]"
F272013,30,21,1.0,"[400.00013362477034, 336.6109879016876]"
F272013,30,22,0.01,"[8667.721032725367, 3.4197237491607666]"
F272013,30,22,0.1,"[12629.256316245262, 33.906880617141724]"
F272013,30,22,0.2,"[4637.602139306508, 67.77631282806396]"
F272013,30,22,0.3,"[3540.707819784977, 101.73781561851501]"
F272013,30,22,0.4,"[4478.927348516987, 135.59309220314026]"
F272013,30,22,0.5,"[4489.794762627772, 169.42266464233398]"
F272013,30,22,0.6,"[6727.122447490463, 203.31918954849243]"
F272013,30,22,0.7,"[2954.1105404293994, 237.15202522277832]"
F272013,30,22,0.8,"[5819.40871415993, 270.8998942375183]"
F272013,30,22,0.9,"[3958.731202137664, 304.7179825305939]"
F272013,30,22,1.0,"[5696.3920668704695, 338.48353934288025]"
F272013,30,23,0.01,"[11295.979503507773, 3.4157676696777344]"
F272013,30,23,0.1,"[9066.169295444995, 34.041752338409424]"
F272013,30,23,0.2,"[8254.970080419947, 68.04587721824646]"
F272013,30,23,0.3,"[7012.6973018497265, 102.14940762519836]"
F272013,30,23,0.4,"[5913.0158471057575, 136.14625716209412]"
F272013,30,23,0.5,"[4858.793973174174, 170.0958857536316]"
F272013,30,23,0.6,"[3470.9898811753083, 204.00546956062317]"
F272013,30,23,0.7,"[5663.508885943383, 238.08271646499634]"
F272013,30,23,0.8,"[3763.691184528203, 271.9552619457245]"
F272013,30,23,0.9,"[3412.26646876176, 305.8538889884949]"
F272013,30,23,1.0,"[4067.3440425287463, 339.6735420227051]"
F272013,30,24,0.01,"[9890.781786566216, 3.40086030960083]"
F272013,30,24,0.1,"[3572.8573019907662, 33.962040185928345]"
F272013,30,24,0.2,"[1499.561513289097, 67.84350991249084]"
F272013,30,24,0.3,"[659.0818508942475, 101.86373949050903]"
F272013,30,24,0.4,"[443.1970353688723, 135.74288654327393]"
F272013,30,24,0.5,"[408.3788613453796, 169.57757234573364]"
F272013,30,24,0.6,"[401.86944048705345, 203.35785484313965]"
F272013,30,24,0.7,"[400.2926212054226, 237.13542413711548]"
F272013,30,24,0.8,"[400.0161225719803, 270.89337611198425]"
F272013,30,24,0.9,"[400.00007295486193, 304.6557455062866]"
F272013,30,24,1.0,"[400.00006189079454, 338.37960052490234]"
F272013,30,25,0.01,"[6905.4807488006845, 3.4128425121307373]"
F272013,30,25,0.1,"[511.2514134143321, 33.85803437232971]"
F272013,30,25,0.2,"[403.6353995445861, 67.69068241119385]"
F272013,30,25,0.3,"[400.0396122533148, 101.61502981185913]"
F272013,30,25,0.4,"[400.0004027685336, 135.42066431045532]"
F272013,30,25,0.5,"[400.00034595688794, 169.1952929496765]"
F272013,30,25,0.6,"[400.0004021875993, 203.10901951789856]"
F272013,30,25,0.7,"[400.00036680119706, 236.75848984718323]"
F272013,30,25,0.8,"[400.000381133656, 270.39968252182007]"
F272013,30,25,0.9,"[400.0003800903262, 304.0603766441345]"
F272013,30,25,1.0,"[400.00037454192716, 337.7328305244446]"
F272013,30,26,0.01,"[3962.6462015495754, 3.4009037017822266]"
F272013,30,26,0.1,"[4880.660453695231, 33.924904346466064]"
F272013,30,26,0.2,"[1229.3770815189591, 67.8261935710907]"
F272013,30,26,0.3,"[510.11359759188235, 101.8029682636261]"
F272013,30,26,0.4,"[414.07434683367387, 135.63094210624695]"
F272013,30,26,0.5,"[403.14055131386885, 169.45825839042664]"
F272013,30,26,0.6,"[400.41904039052883, 203.22943258285522]"
F272013,30,26,0.7,"[400.02468297443556, 237.10952496528625]"
F272013,30,26,0.8,"[400.00007296126705, 270.9127676486969]"
F272013,30,26,0.9,"[400.0000785178372, 304.6981430053711]"
F272013,30,26,1.0,"[400.00006454557933, 338.4577112197876]"
F272013,30,27,0.01,"[4641.433924276694, 3.4029150009155273]"
F272013,30,27,0.1,"[407.5259613351509, 33.927820682525635]"
F272013,30,27,0.2,"[400.0007103966502, 67.8056890964508]"
F272013,30,27,0.3,"[400.0007807248271, 101.8006911277771]"
F272013,30,27,0.4,"[400.0007169886658, 135.68171072006226]"
F272013,30,27,0.5,"[400.0007288145796, 169.5374629497528]"
F272013,30,27,0.6,"[400.0008397610052, 203.3740575313568]"
F272013,30,27,0.7,"[400.00083461871554, 237.32572269439697]"
F272013,30,27,0.8,"[400.000865956202, 271.15673208236694]"
F272013,30,27,0.9,"[400.0006940334024, 305.0014247894287]"
F272013,30,27,1.0,"[400.0007923517719, 338.7796823978424]"
F272013,30,28,0.01,"[7448.383511595766, 3.3979930877685547]"
F272013,30,28,0.1,"[9226.010405806623, 33.75444293022156]"
F272013,30,28,0.2,"[11356.333639610697, 67.46199131011963]"
F272013,30,28,0.3,"[15102.46801668602, 101.24631381034851]"
F272013,30,28,0.4,"[9913.78612947888, 135.01982045173645]"
F272013,30,28,0.5,"[9061.652341345425, 168.80135822296143]"
F272013,30,28,0.6,"[9317.011987067726, 202.58135795593262]"
F272013,30,28,0.7,"[6663.354358318309, 236.2508454322815]"
F272013,30,28,0.8,"[4085.4968082632495, 269.90883564949036]"
F272013,30,28,0.9,"[2741.348250801513, 303.59174633026123]"
F272013,30,28,1.0,"[5457.496759315245, 337.17466139793396]"
F272013,30,29,0.01,"[4396.763225044934, 3.469290256500244]"
F272013,30,29,0.1,"[8984.225141324097, 33.878955602645874]"
F272013,30,29,0.2,"[6670.697124564169, 67.6219117641449]"
F272013,30,29,0.3,"[6380.823957473567, 101.42633175849915]"
F272013,30,29,0.4,"[4419.597090274144, 135.1495225429535]"
F272013,30,29,0.5,"[3081.825400055137, 168.88536262512207]"
F272013,30,29,0.6,"[2092.5606810514355, 202.84503507614136]"
F272013,30,29,0.7,"[1425.3838157788282, 236.48038029670715]"
F272013,30,29,0.8,"[1017.6489241815357, 270.1165506839752]"
F272013,30,29,0.9,"[796.8144176045466, 303.7721621990204]"
F272013,30,29,1.0,"[642.7686006467204, 337.35008358955383]"
F272013,30,30,0.01,"[2886.9819780813077, 3.3954145908355713]"
F272013,30,30,0.1,"[10774.824249632502, 33.89136052131653]"
F272013,30,30,0.2,"[6946.896733866026, 67.7702386379242]"
F272013,30,30,0.3,"[8051.698546290529, 101.78132009506226]"
F272013,30,30,0.4,"[6131.78426696788, 135.6931710243225]"
F272013,30,30,0.5,"[8047.8170249707, 169.5516939163208]"
F272013,30,30,0.6,"[5001.796075761513, 203.34176874160767]"
F272013,30,30,0.7,"[2700.6980583351888, 237.24209022521973]"
F272013,30,30,0.8,"[3863.6618553369262, 270.9088182449341]"
F272013,30,30,0.9,"[7065.321614720788, 304.62087225914]"
F272013,30,30,1.0,"[7648.016003936809, 338.29136061668396]"
F272013,30,31,0.01,"[9643.107931234359, 3.398270845413208]"
F272013,30,31,0.1,"[591.8291862512983, 33.896259784698486]"
F272013,30,31,0.2,"[402.4234006093966, 67.77635383605957]"
F272013,30,31,0.3,"[400.0086764676321, 101.76227617263794]"
F272013,30,31,0.4,"[400.0001917777199, 135.64370393753052]"
F272013,30,31,0.5,"[400.0001690828276, 169.47198343276978]"
F272013,30,31,0.6,"[400.0001789692319, 203.43984603881836]"
F272013,30,31,0.7,"[400.0001798034996, 237.21539425849915]"
F272013,30,31,0.8,"[400.0001663189023, 270.95210456848145]"
F272013,30,31,0.9,"[400.00019192241643, 304.7047653198242]"
F272013,30,31,1.0,"[400.0001520921264, 338.4196603298187]"
F272013,30,32,0.01,"[13117.278001491502, 3.4288830757141113]"
F272013,30,32,0.1,"[6327.098613682222, 33.937514305114746]"
F272013,30,32,0.2,"[8858.186143775094, 67.89422583580017]"
F272013,30,32,0.3,"[9768.661460962527, 101.92953538894653]"
F272013,30,32,0.4,"[11024.934620656162, 135.82862854003906]"
F272013,30,32,0.5,"[7325.511614411689, 169.71221661567688]"
F272013,30,32,0.6,"[12129.23556223372, 203.70586514472961]"
F272013,30,32,0.7,"[8726.747478744557, 237.51337718963623]"
F272013,30,32,0.8,"[7584.571591126467, 271.3261008262634]"
F272013,30,32,0.9,"[10630.761349607634, 305.13056659698486]"
F272013,30,32,1.0,"[7059.4084241334895, 338.8979685306549]"
F272013,30,33,0.01,"[9363.702481547905, 3.4259817600250244]"
F272013,30,33,0.1,"[5432.924843067342, 33.88424301147461]"
F272013,30,33,0.2,"[1177.2433563061195, 67.66675543785095]"
F272013,30,33,0.3,"[478.7571685692458, 101.56168246269226]"
F272013,30,33,0.4,"[409.77142511338457, 140.48888492584229]"
F272013,30,33,0.5,"[401.16171167749894, 178.6896197795868]"
F272013,30,33,0.6,"[400.14087581967215, 212.4218509197235]"
F272013,30,33,0.7,"[400.00004633427784, 246.16233038902283]"
F272013,30,33,0.8,"[400.0000767166514, 279.89732837677]"
F272013,30,33,0.9,"[400.0000752870849, 313.6670970916748]"
F272013,30,33,1.0,"[400.00005648961337, 347.3759150505066]"
F272013,30,34,0.01,"[10403.52104456733, 3.3918232917785645]"
F272013,30,34,0.1,"[5337.4542407564595, 33.82651996612549]"
F272013,30,34,0.2,"[1171.3275415402522, 67.5148446559906]"
F272013,30,34,0.3,"[531.2224627618909, 101.3072156906128]"
F272013,30,34,0.4,"[425.9446865059954, 134.9896388053894]"
F272013,30,34,0.5,"[405.53796147731555, 168.68176794052124]"
F272013,30,34,0.6,"[400.7534452477562, 202.54478216171265]"
F272013,30,34,0.7,"[400.1026869311129, 236.21289825439453]"
F272013,30,34,0.8,"[400.0000777088899, 269.84179949760437]"
F272013,30,34,0.9,"[400.00007279186184, 303.48375630378723]"
F272013,30,34,1.0,"[400.00006922763714, 337.0615382194519]"
F272013,30,35,0.01,"[11219.41469298054, 3.980475425720215]"
F272013,30,35,0.1,"[11669.983337395604, 39.726564168930054]"
F272013,30,35,0.2,"[8636.493690812325, 79.41381549835205]"
F272013,30,35,0.3,"[5410.942170463338, 117.11336636543274]"
F272013,30,35,0.4,"[4381.058381234378, 151.02831149101257]"
F272013,30,35,0.5,"[3159.4794844843764, 185.0508439540863]"
F272013,30,35,0.6,"[2062.705939028986, 218.87298798561096]"
F272013,30,35,0.7,"[1530.6386846093055, 252.67894053459167]"
F272013,30,35,0.8,"[1179.3634597189975, 286.46859979629517]"
F272013,30,35,0.9,"[861.3637512823111, 320.27791953086853]"
F272013,30,35,1.0,"[688.4537876071372, 354.08686923980713]"
F272013,30,36,0.01,"[14000.36781927133, 3.4048757553100586]"
F272013,30,36,0.1,"[4127.119603735863, 34.022287130355835]"
F272013,30,36,0.2,"[10070.920922739828, 68.05378556251526]"
F272013,30,36,0.3,"[6373.279959694944, 102.17893958091736]"
F272013,30,36,0.4,"[9152.03613278019, 136.19720029830933]"
F272013,30,36,0.5,"[6575.253525900652, 170.34684300422668]"
F272013,30,36,0.6,"[4768.24236095015, 204.1804440021515]"
F272013,30,36,0.7,"[4658.4609906233345, 238.0562150478363]"
F272013,30,36,0.8,"[3501.3306138581047, 271.9378945827484]"
F272013,30,36,0.9,"[3574.8813173377403, 305.82595348358154]"
F272013,30,36,1.0,"[4244.197153261814, 339.69094371795654]"
F272013,30,37,0.01,"[11851.176352698649, 3.4037606716156006]"
F272013,30,37,0.1,"[1673.3527585870415, 33.94031834602356]"
F272013,30,37,0.2,"[533.729421045753, 67.87300562858582]"
F272013,30,37,0.3,"[414.3922223467987, 101.93006229400635]"
F272013,30,37,0.4,"[401.18553168126346, 135.8884813785553]"
F272013,30,37,0.5,"[400.05082215513517, 169.79568195343018]"
F272013,30,37,0.6,"[400.00008875655317, 203.62391138076782]"
F272013,30,37,0.7,"[400.0000969478151, 237.4673616886139]"
F272013,30,37,0.8,"[400.0001212038858, 271.2952218055725]"
F272013,30,37,0.9,"[400.0001136443584, 305.12758231163025]"
F272013,30,37,1.0,"[400.0000946054572, 338.9408526420593]"
F272013,30,38,0.01,"[5270.848852293084, 3.399932622909546]"
F272013,30,38,0.1,"[416.9850344448862, 33.89164853096008]"
F272013,30,38,0.2,"[400.0004272947283, 67.79753303527832]"
F272013,30,38,0.3,"[400.0003327729655, 101.76931858062744]"
F272013,30,38,0.4,"[400.00039778495216, 135.63195872306824]"
F272013,30,38,0.5,"[400.00044195668033, 169.49079704284668]"
F272013,30,38,0.6,"[400.0004814237925, 203.2734878063202]"
F272013,30,38,0.7,"[400.00043856880234, 237.0632770061493]"
F272013,30,38,0.8,"[400.00040365373184, 270.83735156059265]"
F272013,30,38,0.9,"[400.0005320109135, 304.6525502204895]"
F272013,30,38,1.0,"[400.00042699838286, 338.4280962944031]"
F272013,30,39,0.01,"[10440.5796474606, 3.4025895595550537]"
F272013,30,39,0.1,"[552.4089708638317, 33.97468161582947]"
F272013,30,39,0.2,"[401.42658828706635, 67.87275695800781]"
F272013,30,39,0.3,"[400.0002770234471, 101.87173533439636]"
F272013,30,39,0.4,"[400.0002674327566, 135.76013231277466]"
F272013,30,39,0.5,"[400.00024680119213, 169.70145297050476]"
F272013,30,39,0.6,"[400.0002674697057, 203.57264828681946]"
F272013,30,39,0.7,"[400.0002642777167, 237.48380732536316]"
F272013,30,39,0.8,"[400.00025682250634, 271.35260915756226]"
F272013,30,39,0.9,"[400.0002583647565, 305.23760533332825]"
F272013,30,39,1.0,"[400.00024281967467, 339.08731031417847]"
F272013,30,40,0.01,"[13615.318102622563, 3.4107563495635986]"
F272013,30,40,0.1,"[8495.493678825385, 34.00820803642273]"
F272013,30,40,0.2,"[7088.975654247601, 67.98055529594421]"
F272013,30,40,0.3,"[5520.5682170229275, 102.01453804969788]"
F272013,30,40,0.4,"[5880.011209694464, 135.9026288986206]"
F272013,30,40,0.5,"[6323.055107109279, 169.770161151886]"
F272013,30,40,0.6,"[5995.053026614503, 203.79870128631592]"
F272013,30,40,0.7,"[7015.3849327992175, 237.71256494522095]"
F272013,30,40,0.8,"[5496.2942122772765, 271.520632982254]"
F272013,30,40,0.9,"[3189.1747858301233, 305.3707447052002]"
F272013,30,40,1.0,"[3429.47123794225, 339.1779782772064]"
F272013,30,41,0.01,"[8282.542590793157, 3.3940932750701904]"
F272013,30,41,0.1,"[682.4192637834344, 33.8126437664032]"
F272013,30,41,0.2,"[407.00595719619264, 67.6181128025055]"
F272013,30,41,0.3,"[400.1201907871398, 101.54885578155518]"
F272013,30,41,0.4,"[400.000186015071, 135.37450456619263]"
F272013,30,41,0.5,"[400.0001823162204, 169.4777328968048]"
F272013,30,41,0.6,"[400.0001447720563, 203.16079449653625]"
F272013,30,41,0.7,"[400.0001618320391, 236.83851790428162]"
F272013,30,41,0.8,"[400.0001858307701, 270.50491857528687]"
F272013,30,41,0.9,"[400.00017072088735, 304.19387912750244]"
F272013,30,41,1.0,"[400.00014338958135, 337.8559772968292]"
F272013,30,42,0.01,"[9638.870060699484, 3.387526035308838]"
F272013,30,42,0.1,"[10696.345111469893, 33.74161386489868]"
F272013,30,42,0.2,"[7933.866810787527, 67.4496488571167]"
F272013,30,42,0.3,"[4575.6282139192035, 101.22630190849304]"
F272013,30,42,0.4,"[3190.3508620913635, 134.91247606277466]"
F272013,30,42,0.5,"[2249.509983779774, 168.61579704284668]"
F272013,30,42,0.6,"[1543.448523255909, 202.23775148391724]"
F272013,30,42,0.7,"[1140.0807887192145, 235.83836770057678]"
F272013,30,42,0.8,"[889.4518718346362, 269.42784333229065]"
F272013,30,42,0.9,"[726.8194674897584, 302.9922139644623]"
F272013,30,42,1.0,"[619.1965412765389, 336.53226923942566]"
F272013,30,43,0.01,"[11878.665689468267, 3.3933024406433105]"
F272013,30,43,0.1,"[6268.39274056889, 33.82380294799805]"
F272013,30,43,0.2,"[1883.7689946424816, 67.6481249332428]"
F272013,30,43,0.3,"[634.2031314503392, 101.58418941497803]"
F272013,30,43,0.4,"[436.2133866071317, 135.41222763061523]"
F272013,30,43,0.5,"[405.8830430892622, 169.2251238822937]"
F272013,30,43,0.6,"[401.16163866313696, 202.97420692443848]"
F272013,30,43,0.7,"[400.17736030458263, 236.76191306114197]"
F272013,30,43,0.8,"[400.0000372148213, 270.54251742362976]"
F272013,30,43,0.9,"[400.00006627735456, 304.32553243637085]"
F272013,30,43,1.0,"[400.00005229508906, 338.08929085731506]"
F272013,30,44,0.01,"[8777.404954994618, 3.395216941833496]"
F272013,30,44,0.1,"[1616.0306718866477, 33.867804527282715]"
F272013,30,44,0.2,"[497.4457929303162, 67.73289752006531]"
F272013,30,44,0.3,"[409.98627228889154, 101.69492268562317]"
F272013,30,44,0.4,"[401.16168051557815, 135.54968214035034]"
F272013,30,44,0.5,"[400.06236031115145, 169.42207741737366]"
F272013,30,44,0.6,"[400.0001009707894, 203.2349009513855]"
F272013,30,44,0.7,"[400.00009793070376, 237.0227279663086]"
F272013,30,44,0.8,"[400.00010164731816, 270.78658986091614]"
F272013,30,44,0.9,"[400.000094497241, 304.54305267333984]"
F272013,30,44,1.0,"[400.00009966486255, 338.266117811203]"
F272013,30,45,0.01,"[7034.240179455843, 3.3978002071380615]"
F272013,30,45,0.1,"[12307.842112357392, 33.76225447654724]"
F272013,30,45,0.2,"[9368.263856550991, 67.4969174861908]"
F272013,30,45,0.3,"[6397.554197438839, 101.32568407058716]"
F272013,30,45,0.4,"[4247.131807443326, 135.01219487190247]"
F272013,30,45,0.5,"[2835.624292784145, 168.65744924545288]"
F272013,30,45,0.6,"[2041.4050429483977, 202.30770897865295]"
F272013,30,45,0.7,"[1421.0599288893136, 235.87096428871155]"
F272013,30,45,0.8,"[1055.216904068614, 269.4352662563324]"
F272013,30,45,0.9,"[817.2367266565589, 303.00055503845215]"
F272013,30,45,1.0,"[670.6237773766152, 336.56947660446167]"
F272013,30,46,0.01,"[8214.395322408689, 3.427295684814453]"
F272013,30,46,0.1,"[4488.837114334882, 33.89176273345947]"
F272013,30,46,0.2,"[605.2700855530611, 67.69619917869568]"
F272013,30,46,0.3,"[409.8689233082896, 101.62456154823303]"
F272013,30,46,0.4,"[400.6942516410393, 135.42929005622864]"
F272013,30,46,0.5,"[400.0001274688825, 169.17963862419128]"
F272013,30,46,0.6,"[400.00010036348726, 203.39124941825867]"
F272013,30,46,0.7,"[400.0000941949129, 237.08282136917114]"
F272013,30,46,0.8,"[400.00009994928973, 270.7669925689697]"
F272013,30,46,0.9,"[400.00010028728616, 304.4620289802551]"
F272013,30,46,1.0,"[400.00011970168566, 338.1072669029236]"
F272013,30,47,0.01,"[8387.372747268204, 3.402836561203003]"
F272013,30,47,0.1,"[4745.4297985560725, 33.747278451919556]"
F272013,30,47,0.2,"[1814.7608588921476, 67.44364023208618]"
F272013,30,47,0.3,"[743.7329610561242, 101.2175760269165]"
F272013,30,47,0.4,"[499.12449707842916, 134.86473083496094]"
F272013,30,47,0.5,"[425.7100527217499, 168.50755262374878]"
F272013,30,47,0.6,"[407.11096389305, 202.09669041633606]"
F272013,30,47,0.7,"[402.24609016025215, 235.67245602607727]"
F272013,30,47,0.8,"[400.654468144068, 269.23693346977234]"
F272013,30,47,0.9,"[400.15923935445403, 302.8096852302551]"
F272013,30,47,1.0,"[400.01364159756463, 336.3627464771271]"
F272013,30,48,0.01,"[12646.488637198581, 3.405039072036743]"
F272013,30,48,0.1,"[7265.007440559193, 33.92389392852783]"
F272013,30,48,0.2,"[6349.077163135832, 67.74474835395813]"
F272013,30,48,0.3,"[9487.333506264558, 101.61643528938293]"
F272013,30,48,0.4,"[8663.668017929453, 135.43432354927063]"
F272013,30,48,0.5,"[6302.534696346389, 169.27860760688782]"
F272013,30,48,0.6,"[6510.984528272466, 203.0856375694275]"
F272013,30,48,0.7,"[6178.261619262926, 236.9339017868042]"
F272013,30,48,0.8,"[7046.304443880712, 270.7495448589325]"
F272013,30,48,0.9,"[5452.16845303919, 304.6064281463623]"
F272013,30,48,1.0,"[7358.592757497012, 338.4133679866791]"
F272013,30,49,0.01,"[11946.398905845295, 3.4050660133361816]"
F272013,30,49,0.1,"[1156.4657377417052, 33.88461089134216]"
F272013,30,49,0.2,"[446.8879821417586, 67.72374939918518]"
F272013,30,49,0.3,"[404.48170818362814, 101.58290696144104]"
F272013,30,49,0.4,"[400.1877250313064, 135.37257051467896]"
F272013,30,49,0.5,"[400.00009888239015, 169.19565653800964]"
F272013,30,49,0.6,"[400.0001023350885, 202.97894501686096]"
F272013,30,49,0.7,"[400.0001025430995, 236.78285908699036]"
F272013,30,49,0.8,"[400.0001241940231, 270.55474877357483]"
F272013,30,49,0.9,"[400.0001256704784, 304.3840231895447]"
F272013,30,49,1.0,"[400.000102427942, 338.1494936943054]"
F272013,30,50,0.01,"[3247.9853389562604, 3.3959386348724365]"
F272013,30,50,0.1,"[8120.231324454453, 33.78921437263489]"
F272013,30,50,0.2,"[7469.787727857853, 67.4599928855896]"
F272013,30,50,0.3,"[2568.0819231566957, 101.16653323173523]"
F272013,30,50,0.4,"[641.6877518131325, 134.79813957214355]"
F272013,30,50,0.5,"[422.96461729642306, 168.46222376823425]"
F272013,30,50,0.6,"[402.8128719811348, 202.1282651424408]"
F272013,30,50,0.7,"[400.2156695910621, 235.82629466056824]"
F272013,30,50,0.8,"[400.000060827354, 269.4577898979187]"
F272013,30,50,0.9,"[400.0000846564544, 303.1328489780426]"
F272013,30,50,1.0,"[400.00008032799565, 336.7826495170593]"
F272013,50,0,0.01,"[12021.18769910764, 8.334123611450195]"
F272013,50,0,0.1,"[8280.78349791464, 78.21908855438232]"
F272013,50,0,0.2,"[17957.264492358492, 155.67883348464966]"
F272013,50,0,0.3,"[12875.192574951276, 233.05327010154724]"
F272013,50,0,0.4,"[8340.836445563533, 310.633677482605]"
F272013,50,0,0.5,"[11411.771668504514, 388.0256652832031]"
F272013,50,0,0.6,"[10945.015439670417, 465.4228732585907]"
F272013,50,0,0.7,"[10761.650664432244, 542.6175367832184]"
F272013,50,0,0.8,"[13245.437555984341, 619.9302978515625]"
F272013,50,0,0.9,"[14838.019416580708, 697.1621761322021]"
F272013,50,0,1.0,"[9902.119719283213, 774.5305068492889]"
F272013,50,1,0.01,"[13774.150198658648, 7.849015951156616]"
F272013,50,1,0.1,"[15433.648484206824, 77.67692995071411]"
F272013,50,1,0.2,"[16388.972479492808, 155.33158922195435]"
F272013,50,1,0.3,"[10979.17550540409, 232.6895613670349]"
F272013,50,1,0.4,"[5499.970268836249, 309.98772406578064]"
F272013,50,1,0.5,"[3460.5945008394983, 387.2164487838745]"
F272013,50,1,0.6,"[3750.6809736868945, 464.4715368747711]"
F272013,50,1,0.7,"[6199.946857674125, 541.7133507728577]"
F272013,50,1,0.8,"[7277.518114478742, 618.9631562232971]"
F272013,50,1,0.9,"[6076.785663267583, 696.1547245979309]"
F272013,50,1,1.0,"[5325.764191504683, 773.4964241981506]"
F272013,50,2,0.01,"[19845.70749799722, 8.017480611801147]"
F272013,50,2,0.1,"[12503.437845118418, 77.96087265014648]"
F272013,50,2,0.2,"[10706.931381379025, 155.61870574951172]"
F272013,50,2,0.3,"[16666.48571504511, 233.33398985862732]"
F272013,50,2,0.4,"[13364.629139473924, 310.9845073223114]"
F272013,50,2,0.5,"[10716.596843060433, 388.1558518409729]"
F272013,50,2,0.6,"[10380.181103135708, 465.42147994041443]"
F272013,50,2,0.7,"[9665.015692436637, 542.7379097938538]"
F272013,50,2,0.8,"[14062.001996274625, 620.148606300354]"
F272013,50,2,0.9,"[7906.457954307685, 697.4837017059326]"
F272013,50,2,1.0,"[11584.413089154643, 774.7823939323425]"
F272013,50,3,0.01,"[5303.616395858058, 7.818035840988159]"
F272013,50,3,0.1,"[16231.530517484127, 77.2530426979065]"
F272013,50,3,0.2,"[12184.270254456484, 154.43312788009644]"
F272013,50,3,0.3,"[10265.997050428312, 231.46932792663574]"
F272013,50,3,0.4,"[8930.48192332344, 308.6402726173401]"
F272013,50,3,0.5,"[7028.891874664261, 385.76914501190186]"
F272013,50,3,0.6,"[8007.575295389786, 462.65684723854065]"
F272013,50,3,0.7,"[8669.726683992736, 539.3264608383179]"
F272013,50,3,0.8,"[8141.13359371863, 616.0685124397278]"
F272013,50,3,0.9,"[10870.638373457374, 692.7309520244598]"
F272013,50,3,1.0,"[6381.77566645651, 769.5224487781525]"
F272013,50,4,0.01,"[7098.748244538481, 7.798734188079834]"
F272013,50,4,0.1,"[14594.328982577992, 77.42445778846741]"
F272013,50,4,0.2,"[5888.831704214429, 154.78100848197937]"
F272013,50,4,0.3,"[8280.96483806275, 232.06736707687378]"
F272013,50,4,0.4,"[8506.588711014865, 309.42726826667786]"
F272013,50,4,0.5,"[8435.75206168941, 386.73488187789917]"
F272013,50,4,0.6,"[4980.5230241267855, 464.1909739971161]"
F272013,50,4,0.7,"[4453.494736235112, 541.4208889007568]"
F272013,50,4,0.8,"[4118.360954533943, 618.4725813865662]"
F272013,50,4,0.9,"[4753.600186208229, 695.4908967018127]"
F272013,50,4,1.0,"[4846.6939421503685, 772.6085686683655]"
F272013,50,5,0.01,"[17662.376573838694, 7.936920642852783]"
F272013,50,5,0.1,"[14495.383818740349, 77.78994846343994]"
F272013,50,5,0.2,"[6901.1794474786875, 155.46201395988464]"
F272013,50,5,0.3,"[15696.526205695605, 233.0644338130951]"
F272013,50,5,0.4,"[12732.988013042906, 310.7927405834198]"
F272013,50,5,0.5,"[9212.173727470741, 388.3446795940399]"
F272013,50,5,0.6,"[8096.937302281569, 465.98614859580994]"
F272013,50,5,0.7,"[13730.893104330002, 543.5949740409851]"
F272013,50,5,0.8,"[14654.305435831062, 621.2136583328247]"
F272013,50,5,0.9,"[14164.521961683899, 698.4914412498474]"
F272013,50,5,1.0,"[14410.353085151484, 775.8351871967316]"
F272013,50,6,0.01,"[9661.35943978487, 7.801619291305542]"
F272013,50,6,0.1,"[400.05558157394603, 77.4582633972168]"
F272013,50,6,0.2,"[400.000530244047, 154.8251268863678]"
F272013,50,6,0.3,"[400.00055186504164, 232.13334465026855]"
F272013,50,6,0.4,"[400.00052096678724, 309.5055320262909]"
F272013,50,6,0.5,"[400.0004627716621, 386.79556369781494]"
F272013,50,6,0.6,"[400.00053442238186, 464.2292945384979]"
F272013,50,6,0.7,"[400.00058861497337, 541.6318173408508]"
F272013,50,6,0.8,"[400.0005664891405, 618.9882926940918]"
F272013,50,6,0.9,"[400.0004903064912, 696.2974061965942]"
F272013,50,6,1.0,"[400.00049270357863, 773.4650311470032]"
F272013,50,7,0.01,"[13260.842538742478, 7.824284315109253]"
F272013,50,7,0.1,"[15248.340927992915, 77.26251482963562]"
F272013,50,7,0.2,"[11434.066101754655, 154.43951058387756]"
F272013,50,7,0.3,"[6403.2050180990345, 231.5794496536255]"
F272013,50,7,0.4,"[2748.4854123925825, 308.7629816532135]"
F272013,50,7,0.5,"[1461.1386672655453, 385.92719197273254]"
F272013,50,7,0.6,"[852.3293836310727, 463.12346744537354]"
F272013,50,7,0.7,"[596.8248534519171, 540.2626750469208]"
F272013,50,7,0.8,"[485.6333634846237, 617.4102122783661]"
F272013,50,7,0.9,"[434.54730994352576, 694.4768691062927]"
F272013,50,7,1.0,"[414.8145921984701, 771.7308650016785]"
F272013,50,8,0.01,"[16833.63533985119, 7.80921483039856]"
F272013,50,8,0.1,"[11063.256053818646, 77.41462826728821]"
F272013,50,8,0.2,"[4863.60158455731, 154.79156827926636]"
F272013,50,8,0.3,"[1509.8782364802864, 232.04064965248108]"
F272013,50,8,0.4,"[620.6600562084614, 309.3860545158386]"
F272013,50,8,0.5,"[449.306735957854, 386.6705493927002]"
F272013,50,8,0.6,"[410.8494725360465, 464.16339635849]"
F272013,50,8,0.7,"[402.4583091785398, 541.4945228099823]"
F272013,50,8,0.8,"[400.55943873176534, 618.8545978069305]"
F272013,50,8,0.9,"[400.1032287849266, 696.359433889389]"
F272013,50,8,1.0,"[400.00004966945767, 773.8185632228851]"
F272013,50,9,0.01,"[17485.513923508042, 7.827205657958984]"
F272013,50,9,0.1,"[10738.48796094063, 77.57116460800171]"
F272013,50,9,0.2,"[9856.70345176775, 155.19046831130981]"
F272013,50,9,0.3,"[11373.337516580104, 232.85355925559998]"
F272013,50,9,0.4,"[11080.05754064782, 310.4286091327667]"
F272013,50,9,0.5,"[10909.340802927174, 388.07396149635315]"
F272013,50,9,0.6,"[11666.567262389828, 465.7781834602356]"
F272013,50,9,0.7,"[13353.891638939003, 543.4255344867706]"
F272013,50,9,0.8,"[10418.294414683814, 621.0122437477112]"
F272013,50,9,0.9,"[10222.500048643675, 698.5908238887787]"
F272013,50,9,1.0,"[7313.99672352225, 776.2559883594513]"
F272013,50,10,0.01,"[22636.449220169536, 8.060917139053345]"
F272013,50,10,0.1,"[11794.179986886651, 77.85960674285889]"
F272013,50,10,0.2,"[17409.549525202016, 155.45123505592346]"
F272013,50,10,0.3,"[9449.324861598227, 233.02045059204102]"
F272013,50,10,0.4,"[9785.099273567537, 310.65678095817566]"
F272013,50,10,0.5,"[9352.022160240596, 388.18357849121094]"
F272013,50,10,0.6,"[6710.402673940612, 465.8403060436249]"
F272013,50,10,0.7,"[6010.140334652037, 543.4104533195496]"
F272013,50,10,0.8,"[10666.442028285246, 621.0173239707947]"
F272013,50,10,0.9,"[15077.321577765306, 698.5578739643097]"
F272013,50,10,1.0,"[9118.989811767378, 776.1807742118835]"
F272013,50,11,0.01,"[15607.347919319545, 7.826225757598877]"
F272013,50,11,0.1,"[8879.040932925418, 77.53345775604248]"
F272013,50,11,0.2,"[4949.7438240896745, 155.08806204795837]"
F272013,50,11,0.3,"[6141.289166579034, 232.68679070472717]"
F272013,50,11,0.4,"[3464.807364994329, 310.26617217063904]"
F272013,50,11,0.5,"[3281.7354106964185, 387.78382444381714]"
F272013,50,11,0.6,"[3281.3053043357195, 465.30293798446655]"
F272013,50,11,0.7,"[3543.465171963747, 542.7735378742218]"
F272013,50,11,0.8,"[2939.916040206268, 620.3310856819153]"
F272013,50,11,0.9,"[3874.4173076146344, 697.7586734294891]"
F272013,50,11,1.0,"[5311.619463807681, 775.2909159660339]"
F272013,50,12,0.01,"[17624.894043380293, 7.825143575668335]"
F272013,50,12,0.1,"[14379.922204188171, 77.2063000202179]"
F272013,50,12,0.2,"[14256.68199929478, 154.35898208618164]"
F272013,50,12,0.3,"[8498.043541433299, 231.36197304725647]"
F272013,50,12,0.4,"[9281.231695488566, 308.4495234489441]"
F272013,50,12,0.5,"[7630.702623493837, 385.49735617637634]"
F272013,50,12,0.6,"[10513.443257693885, 462.6522727012634]"
F272013,50,12,0.7,"[7663.934095111423, 539.6603651046753]"
F272013,50,12,0.8,"[10390.736973730178, 616.838879108429]"
F272013,50,12,0.9,"[7232.060287038061, 693.8943433761597]"
F272013,50,12,1.0,"[10175.425232183188, 771.0903799533844]"
F272013,50,13,0.01,"[19448.93202110283, 7.780810594558716]"
F272013,50,13,0.1,"[10521.292648163879, 77.11008262634277]"
F272013,50,13,0.2,"[7321.014495768271, 154.26658868789673]"
F272013,50,13,0.3,"[5460.70195278488, 231.36323857307434]"
F272013,50,13,0.4,"[7742.981440783664, 308.5097978115082]"
F272013,50,13,0.5,"[5525.766561287529, 385.5042655467987]"
F272013,50,13,0.6,"[6471.207713487853, 462.6527874469757]"
F272013,50,13,0.7,"[9973.892959079838, 539.7381007671356]"
F272013,50,13,0.8,"[7897.659264481423, 616.8844408988953]"
F272013,50,13,0.9,"[9722.806914534975, 693.8913900852203]"
F272013,50,13,1.0,"[7410.714758368638, 771.0186643600464]"
F272013,50,14,0.01,"[16717.196461600095, 11.175844192504883]"
F272013,50,14,0.1,"[14269.848330799961, 80.68664765357971]"
F272013,50,14,0.2,"[8879.32616562528, 158.0326178073883]"
F272013,50,14,0.3,"[8608.40057961867, 235.20507502555847]"
F272013,50,14,0.4,"[8060.450814092521, 312.45117449760437]"
F272013,50,14,0.5,"[5611.529153414181, 389.68338108062744]"
F272013,50,14,0.6,"[6331.458003527624, 466.87717032432556]"
F272013,50,14,0.7,"[8588.496390965709, 544.104679107666]"
F272013,50,14,0.8,"[10841.386505727978, 621.4332218170166]"
F272013,50,14,0.9,"[9004.860252019596, 698.6773302555084]"
F272013,50,14,1.0,"[10309.892236006157, 775.9646513462067]"
F272013,50,15,0.01,"[15696.483565861803, 7.744284152984619]"
F272013,50,15,0.1,"[15779.026865784894, 76.67270421981812]"
F272013,50,15,0.2,"[13002.086924447503, 153.39755535125732]"
F272013,50,15,0.3,"[8962.85859550436, 230.0261149406433]"
F272013,50,15,0.4,"[11255.868735991271, 306.7698061466217]"
F272013,50,15,0.5,"[11548.626426694775, 383.45366311073303]"
F272013,50,15,0.6,"[7809.134840773679, 460.20662355422974]"
F272013,50,15,0.7,"[6275.120874674088, 536.818336725235]"
F272013,50,15,0.8,"[9515.87563682142, 613.6124894618988]"
F272013,50,15,0.9,"[11507.652471836122, 690.2883055210114]"
F272013,50,15,1.0,"[14123.64564463816, 767.0563819408417]"
F272013,50,16,0.01,"[12309.340462903536, 8.021158456802368]"
F272013,50,16,0.1,"[9727.236972552231, 77.62684178352356]"
F272013,50,16,0.2,"[8871.141189114576, 155.16787433624268]"
F272013,50,16,0.3,"[7705.40730879251, 232.59977769851685]"
F272013,50,16,0.4,"[10757.967387362003, 310.13241171836853]"
F272013,50,16,0.5,"[10175.029867218258, 387.5573570728302]"
F272013,50,16,0.6,"[13053.131171795596, 465.0653467178345]"
F272013,50,16,0.7,"[5770.509044398311, 542.4339430332184]"
F272013,50,16,0.8,"[9934.31610195045, 619.9209995269775]"
F272013,50,16,0.9,"[6404.094314060989, 697.3621561527252]"
F272013,50,16,1.0,"[5856.720916990177, 774.9653735160828]"
F272013,50,17,0.01,"[18290.350498896812, 7.835123777389526]"
F272013,50,17,0.1,"[10404.41032259033, 77.68717217445374]"
F272013,50,17,0.2,"[5535.489609717191, 155.301513671875]"
F272013,50,17,0.3,"[2535.8477719374655, 232.9770758152008]"
F272013,50,17,0.4,"[1242.2369832852037, 310.55557680130005]"
F272013,50,17,0.5,"[787.7336419959738, 388.02375292778015]"
F272013,50,17,0.6,"[539.901583124732, 465.50766038894653]"
F272013,50,17,0.7,"[451.69203786588855, 542.9313406944275]"
F272013,50,17,0.8,"[419.6623188298613, 620.516631603241]"
F272013,50,17,0.9,"[407.6822904307578, 698.0855984687805]"
F272013,50,17,1.0,"[402.8974842794373, 775.7559514045715]"
F272013,50,18,0.01,"[21395.99196065789, 7.776065111160278]"
F272013,50,18,0.1,"[13918.398323563675, 77.15973782539368]"
F272013,50,18,0.2,"[9347.440169649426, 154.29033541679382]"
F272013,50,18,0.3,"[4332.724975047145, 231.5172634124756]"
F272013,50,18,0.4,"[2092.7222286642736, 308.6140296459198]"
F272013,50,18,0.5,"[1209.8906897778625, 385.60526609420776]"
F272013,50,18,0.6,"[797.9105065250824, 462.61839985847473]"
F272013,50,18,0.7,"[586.5263671042953, 539.5413358211517]"
F272013,50,18,0.8,"[484.57530474701275, 616.5860612392426]"
F272013,50,18,0.9,"[436.7944947501571, 693.5462696552277]"
F272013,50,18,1.0,"[418.21552837030504, 770.7488379478455]"
F272013,50,19,0.01,"[16690.865484649043, 7.819947004318237]"
F272013,50,19,0.1,"[13457.164385331835, 77.56999659538269]"
F272013,50,19,0.2,"[7837.707810699376, 155.1363344192505]"
F272013,50,19,0.3,"[10641.470260839875, 232.53067755699158]"
F272013,50,19,0.4,"[9868.172389165547, 310.00173139572144]"
F272013,50,19,0.5,"[6525.089216224831, 387.45020937919617]"
F272013,50,19,0.6,"[5971.733995104228, 464.9857187271118]"
F272013,50,19,0.7,"[6791.754738616531, 542.4969885349274]"
F272013,50,19,0.8,"[6790.013920950042, 620.0076406002045]"
F272013,50,19,0.9,"[8077.256875549341, 697.4483230113983]"
F272013,50,19,1.0,"[6678.177656924807, 775.0076906681061]"
F272013,50,20,0.01,"[17173.73661338134, 7.855231761932373]"
F272013,50,20,0.1,"[10852.216597357798, 77.46979355812073]"
F272013,50,20,0.2,"[9180.734865729646, 155.00571203231812]"
F272013,50,20,0.3,"[11312.242888450934, 232.32277417182922]"
F272013,50,20,0.4,"[10637.445290989159, 309.73955726623535]"
F272013,50,20,0.5,"[10290.612324514606, 387.0855624675751]"
F272013,50,20,0.6,"[13774.766015133999, 464.4886028766632]"
F272013,50,20,0.7,"[14418.015799879331, 541.8782124519348]"
F272013,50,20,0.8,"[6978.82830156672, 619.3045978546143]"
F272013,50,20,0.9,"[7723.712801556969, 696.7126007080078]"
F272013,50,20,1.0,"[7040.946256897587, 774.2113318443298]"
F272013,50,21,0.01,"[21560.549579323062, 7.914590120315552]"
F272013,50,21,0.1,"[18341.92333497306, 77.53586411476135]"
F272013,50,21,0.2,"[14489.180666761942, 155.00160431861877]"
F272013,50,21,0.3,"[7418.306360201745, 232.37159276008606]"
F272013,50,21,0.4,"[6591.900949591353, 309.79326343536377]"
F272013,50,21,0.5,"[11479.084519724498, 387.2540898323059]"
F272013,50,21,0.6,"[6226.285881852561, 464.69826340675354]"
F272013,50,21,0.7,"[11024.595133754943, 542.158200263977]"
F272013,50,21,0.8,"[8676.481567655395, 619.6784844398499]"
F272013,50,21,0.9,"[8902.468996307554, 697.2322998046875]"
F272013,50,21,1.0,"[8352.573355703158, 774.851930141449]"
F272013,50,22,0.01,"[11314.191799032724, 8.297038316726685]"
F272013,50,22,0.1,"[13477.404822776996, 77.81373691558838]"
F272013,50,22,0.2,"[15871.819466647801, 155.1545729637146]"
F272013,50,22,0.3,"[14106.771373717027, 232.38336300849915]"
F272013,50,22,0.4,"[12346.123570178632, 309.71113538742065]"
F272013,50,22,0.5,"[8894.609130367837, 386.9812092781067]"
F272013,50,22,0.6,"[12075.42865308378, 464.3256871700287]"
F272013,50,22,0.7,"[10968.75455252862, 541.6019084453583]"
F272013,50,22,0.8,"[6387.710736519922, 618.9818778038025]"
F272013,50,22,0.9,"[10020.227406291588, 696.2674534320831]"
F272013,50,22,1.0,"[8864.106573857103, 773.7352027893066]"
F272013,50,23,0.01,"[18005.361999380642, 7.793992757797241]"
F272013,50,23,0.1,"[15337.690422921747, 77.25786638259888]"
F272013,50,23,0.2,"[8032.18606489768, 154.54456877708435]"
F272013,50,23,0.3,"[4703.8252272539785, 231.71386194229126]"
F272013,50,23,0.4,"[4772.442051678258, 309.0282893180847]"
F272013,50,23,0.5,"[6073.352316048952, 386.24608278274536]"
F272013,50,23,0.6,"[7637.993398330997, 463.50220370292664]"
F272013,50,23,0.7,"[6114.43433980559, 540.7635741233826]"
F272013,50,23,0.8,"[5825.359917943347, 618.0411326885223]"
F272013,50,23,0.9,"[6846.04129999323, 695.2400579452515]"
F272013,50,23,1.0,"[8973.962743711767, 772.5542902946472]"
F272013,50,24,0.01,"[9001.986363876273, 7.8258140087127686]"
F272013,50,24,0.1,"[9821.315246516717, 77.54526233673096]"
F272013,50,24,0.2,"[7656.004326451628, 155.09500217437744]"
F272013,50,24,0.3,"[8012.534070198997, 232.5482919216156]"
F272013,50,24,0.4,"[5047.189425192235, 310.06224489212036]"
F272013,50,24,0.5,"[7107.847127680305, 387.50636529922485]"
F272013,50,24,0.6,"[10982.625196331486, 465.0244474411011]"
F272013,50,24,0.7,"[8783.755248186144, 542.5432012081146]"
F272013,50,24,0.8,"[9992.7570165945, 620.147647857666]"
F272013,50,24,0.9,"[9323.292048576333, 697.6152622699738]"
F272013,50,24,1.0,"[9732.993387965447, 775.3451664447784]"
F272013,50,25,0.01,"[16551.199134088834, 7.817986011505127]"
F272013,50,25,0.1,"[8362.67654513232, 77.5076265335083]"
F272013,50,25,0.2,"[9805.595555470218, 155.0002453327179]"
F272013,50,25,0.3,"[10047.771574193022, 232.36038255691528]"
F272013,50,25,0.4,"[8160.581872893079, 309.8424160480499]"
F272013,50,25,0.5,"[8219.241578163957, 387.2432131767273]"
F272013,50,25,0.6,"[7637.824127263517, 464.71234679222107]"
F272013,50,25,0.7,"[9250.94919209031, 542.1478881835938]"
F272013,50,25,0.8,"[5978.618140630719, 619.6020801067352]"
F272013,50,25,0.9,"[7205.460385681108, 697.0859975814819]"
F272013,50,25,1.0,"[7405.624088090142, 774.5994346141815]"
F272013,50,26,0.01,"[17292.993097308743, 7.812795162200928]"
F272013,50,26,0.1,"[1518.6734031148858, 77.31501388549805]"
F272013,50,26,0.2,"[433.3448358086241, 154.57491993904114]"
F272013,50,26,0.3,"[401.1206757854061, 231.7854950428009]"
F272013,50,26,0.4,"[400.0099392752993, 309.0826995372772]"
F272013,50,26,0.5,"[400.00009543893566, 386.394380569458]"
F272013,50,26,0.6,"[400.0000974727286, 463.7812588214874]"
F272013,50,26,0.7,"[400.0000856723136, 541.0379390716553]"
F272013,50,26,0.8,"[400.00008623340113, 618.3789088726044]"
F272013,50,26,0.9,"[400.00010166623974, 695.6552138328552]"
F272013,50,26,1.0,"[400.00009843037856, 773.0489912033081]"
F272013,50,27,0.01,"[19008.158623922584, 8.033756017684937]"
F272013,50,27,0.1,"[15542.131158693177, 77.67618346214294]"
F272013,50,27,0.2,"[9716.372993521096, 155.1707661151886]"
F272013,50,27,0.3,"[12058.167856486045, 232.94361090660095]"
F272013,50,27,0.4,"[8711.635102355436, 310.43115973472595]"
F272013,50,27,0.5,"[5670.398007301534, 387.8840219974518]"
F272013,50,27,0.6,"[7265.1150730142945, 465.34658432006836]"
F272013,50,27,0.7,"[7339.311088862034, 542.7808194160461]"
F272013,50,27,0.8,"[6601.26303535437, 620.3525838851929]"
F272013,50,27,0.9,"[8376.10449727081, 697.8463270664215]"
F272013,50,27,1.0,"[6983.253252717834, 775.4370913505554]"
F272013,50,28,0.01,"[20970.205841391056, 7.796136379241943]"
F272013,50,28,0.1,"[14710.419777030176, 77.26297616958618]"
F272013,50,28,0.2,"[1508.1196300897295, 154.60623455047607]"
F272013,50,28,0.3,"[470.06360448369765, 231.76575565338135]"
F272013,50,28,0.4,"[403.4765904229989, 309.04051876068115]"
F272013,50,28,0.5,"[400.15457891764777, 386.28235125541687]"
F272013,50,28,0.6,"[400.00007012085234, 463.58946657180786]"
F272013,50,28,0.7,"[400.00006878722616, 540.8172976970673]"
F272013,50,28,0.8,"[400.0000695213803, 618.1403982639313]"
F272013,50,28,0.9,"[400.00007209873047, 695.349205493927]"
F272013,50,28,1.0,"[400.00007241225785, 772.6841955184937]"
F272013,50,29,0.01,"[17064.527789164196, 7.836148500442505]"
F272013,50,29,0.1,"[16198.924100659438, 77.62263655662537]"
F272013,50,29,0.2,"[13230.997296707343, 155.18530774116516]"
F272013,50,29,0.3,"[7686.539695447902, 232.8127646446228]"
F272013,50,29,0.4,"[9226.940245370186, 310.23152327537537]"
F272013,50,29,0.5,"[6149.806145160844, 387.5886902809143]"
F272013,50,29,0.6,"[3744.0768952145554, 465.2081091403961]"
F272013,50,29,0.7,"[6097.410248250612, 542.7518079280853]"
F272013,50,29,0.8,"[5805.4593791130965, 620.3067200183868]"
F272013,50,29,0.9,"[4783.32386410924, 697.8525223731995]"
F272013,50,29,1.0,"[4221.049918370736, 775.4784808158875]"
F272013,50,30,0.01,"[17151.407238873915, 7.843124151229858]"
F272013,50,30,0.1,"[11841.093084302944, 77.57526874542236]"
F272013,50,30,0.2,"[6786.487804103823, 154.94550228118896]"
F272013,50,30,0.3,"[3289.855342551953, 232.26006865501404]"
F272013,50,30,0.4,"[1571.3257383325727, 309.67070269584656]"
F272013,50,30,0.5,"[823.271294259016, 386.96709275245667]"
F272013,50,30,0.6,"[544.8606773122001, 464.3140630722046]"
F272013,50,30,0.7,"[450.9305109904408, 541.5087206363678]"
F272013,50,30,0.8,"[417.3471748986806, 618.8208236694336]"
F272013,50,30,0.9,"[405.9442795206487, 696.0646405220032]"
F272013,50,30,1.0,"[401.9823146531087, 773.4142322540283]"
F272013,50,31,0.01,"[16560.734651988918, 7.837619304656982]"
F272013,50,31,0.1,"[1168.1952885980372, 77.58809757232666]"
F272013,50,31,0.2,"[403.7893471325631, 155.09297013282776]"
F272013,50,31,0.3,"[400.0001021664907, 233.54122233390808]"
F272013,50,31,0.4,"[400.00012025402634, 311.0928075313568]"
F272013,50,31,0.5,"[400.0001415316435, 388.52065110206604]"
F272013,50,31,0.6,"[400.0001345472524, 466.050350189209]"
F272013,50,31,0.7,"[400.00011942814626, 543.5456712245941]"
F272013,50,31,0.8,"[400.0001277700467, 621.0771367549896]"
F272013,50,31,0.9,"[400.0001338486054, 698.5078992843628]"
F272013,50,31,1.0,"[400.00013700062095, 776.0383803844452]"
F272013,50,32,0.01,"[13783.479650068008, 11.21556305885315]"
F272013,50,32,0.1,"[14320.562258271817, 81.43377804756165]"
F272013,50,32,0.2,"[10592.656944969809, 159.22748589515686]"
F272013,50,32,0.3,"[5176.889161088633, 236.9604640007019]"
F272013,50,32,0.4,"[6531.611277015558, 314.6786379814148]"
F272013,50,32,0.5,"[5859.696903180044, 392.21995306015015]"
F272013,50,32,0.6,"[4998.873069447735, 469.85302782058716]"
F272013,50,32,0.7,"[6066.4043630764745, 547.405190706253]"
F272013,50,32,0.8,"[7980.902386405029, 625.0589942932129]"
F272013,50,32,0.9,"[6669.582705832696, 702.6661992073059]"
F272013,50,32,1.0,"[5183.178130654132, 780.2850835323334]"
F272013,50,33,0.01,"[14988.332909560948, 7.865766525268555]"
F272013,50,33,0.1,"[14918.9039968323, 77.74576115608215]"
F272013,50,33,0.2,"[5916.500930024684, 155.5180926322937]"
F272013,50,33,0.3,"[14014.970343431845, 233.0993640422821]"
F272013,50,33,0.4,"[11353.196061060728, 310.7658631801605]"
F272013,50,33,0.5,"[9301.156094565004, 388.3226044178009]"
F272013,50,33,0.6,"[11539.013887490946, 465.89928698539734]"
F272013,50,33,0.7,"[12713.751281391565, 543.4753022193909]"
F272013,50,33,0.8,"[8364.58312189386, 621.102952003479]"
F272013,50,33,0.9,"[6249.458948084555, 698.6101679801941]"
F272013,50,33,1.0,"[10199.368512265351, 776.2571218013763]"
F272013,50,34,0.01,"[13747.451068158036, 7.977540969848633]"
F272013,50,34,0.1,"[15194.098957439735, 77.69421052932739]"
F272013,50,34,0.2,"[4078.3608840292236, 155.23237299919128]"
F272013,50,34,0.3,"[4061.1274756640523, 233.21897077560425]"
F272013,50,34,0.4,"[5177.354733712633, 310.7563223838806]"
F272013,50,34,0.5,"[5983.969014378635, 388.26928067207336]"
F272013,50,34,0.6,"[6318.711633465724, 465.8231899738312]"
F272013,50,34,0.7,"[5140.969906303761, 543.2894356250763]"
F272013,50,34,0.8,"[6673.256626053241, 620.813080072403]"
F272013,50,34,0.9,"[4939.340409709895, 698.3784079551697]"
F272013,50,34,1.0,"[4875.841078895521, 775.9604094028473]"
F272013,50,35,0.01,"[5118.899765261234, 7.832462787628174]"
F272013,50,35,0.1,"[14592.536384786608, 77.49341797828674]"
F272013,50,35,0.2,"[9256.21324345863, 155.01508808135986]"
F272013,50,35,0.3,"[11685.751911292376, 232.45026755332947]"
F272013,50,35,0.4,"[13266.457629639763, 309.9327132701874]"
F272013,50,35,0.5,"[15555.98224273778, 387.35308361053467]"
F272013,50,35,0.6,"[15140.337886604899, 464.8444309234619]"
F272013,50,35,0.7,"[9402.037979110983, 542.3063824176788]"
F272013,50,35,0.8,"[6458.934574756461, 619.8179092407227]"
F272013,50,35,0.9,"[10019.5100366052, 697.2311770915985]"
F272013,50,35,1.0,"[8081.882984972737, 774.7181720733643]"
F272013,50,36,0.01,"[19293.735427977866, 7.947409152984619]"
F272013,50,36,0.1,"[10998.582793922764, 77.58344841003418]"
F272013,50,36,0.2,"[11477.409517378903, 154.99726748466492]"
F272013,50,36,0.3,"[7007.8254546841235, 232.56170654296875]"
F272013,50,36,0.4,"[8661.988980948556, 309.8848659992218]"
F272013,50,36,0.5,"[5550.932622668585, 387.1294972896576]"
F272013,50,36,0.6,"[9746.880620244654, 464.54188537597656]"
F272013,50,36,0.7,"[6927.663934292288, 541.8957993984222]"
F272013,50,36,0.8,"[6503.53288289669, 619.3291747570038]"
F272013,50,36,0.9,"[9227.251289760023, 696.6545960903168]"
F272013,50,36,1.0,"[6709.78573537528, 774.168863773346]"
F272013,50,37,0.01,"[16498.243121496274, 7.815694808959961]"
F272013,50,37,0.1,"[14411.169015652396, 77.3861665725708]"
F272013,50,37,0.2,"[13096.66985469772, 154.76978850364685]"
F272013,50,37,0.3,"[10232.129648681004, 232.07002544403076]"
F272013,50,37,0.4,"[9491.825910709464, 309.47635674476624]"
F272013,50,37,0.5,"[8872.56940929501, 386.78721475601196]"
F272013,50,37,0.6,"[8213.58006004958, 464.1467914581299]"
F272013,50,37,0.7,"[12720.166678616702, 541.4420185089111]"
F272013,50,37,0.8,"[14256.396506697847, 618.8244860172272]"
F272013,50,37,0.9,"[6717.256981666305, 696.1690106391907]"
F272013,50,37,1.0,"[5735.559752969639, 773.5852756500244]"
F272013,50,38,0.01,"[17288.63393293797, 7.8289384841918945]"
F272013,50,38,0.1,"[12480.026886944635, 77.61871814727783]"
F272013,50,38,0.2,"[10873.89609204843, 155.20130515098572]"
F272013,50,38,0.3,"[14650.394441577238, 232.68151330947876]"
F272013,50,38,0.4,"[13318.787060821089, 310.24768710136414]"
F272013,50,38,0.5,"[8280.39391627205, 387.7267236709595]"
F272013,50,38,0.6,"[13031.490058167363, 465.33294653892517]"
F272013,50,38,0.7,"[7668.748392830876, 542.8136744499207]"
F272013,50,38,0.8,"[6015.781354511606, 620.4828760623932]"
F272013,50,38,0.9,"[7085.76227427652, 698.0657062530518]"
F272013,50,38,1.0,"[7148.431600845481, 775.7682535648346]"
F272013,50,39,0.01,"[19152.716196668804, 7.808636426925659]"
F272013,50,39,0.1,"[1519.695679738992, 77.40107727050781]"
F272013,50,39,0.2,"[420.7285535741257, 154.80060124397278]"
F272013,50,39,0.3,"[400.3244762102572, 232.5141453742981]"
F272013,50,39,0.4,"[400.0001060716718, 310.06375646591187]"
F272013,50,39,0.5,"[400.0001071423585, 387.53279280662537]"
F272013,50,39,0.6,"[400.00011091086253, 464.9518971443176]"
F272013,50,39,0.7,"[400.0001096983269, 542.3464455604553]"
F272013,50,39,0.8,"[400.0001078140331, 619.8092589378357]"
F272013,50,39,0.9,"[400.0001074755512, 697.1435587406158]"
F272013,50,39,1.0,"[400.0001055186199, 774.6418902873993]"
F272013,50,40,0.01,"[9264.030756239757, 7.877646446228027]"
F272013,50,40,0.1,"[16241.48836606889, 77.76836133003235]"
F272013,50,40,0.2,"[12423.337530762978, 155.4830813407898]"
F272013,50,40,0.3,"[16737.008631830504, 233.09373307228088]"
F272013,50,40,0.4,"[13776.377614177476, 310.74529242515564]"
F272013,50,40,0.5,"[5679.38088341609, 388.3091094493866]"
F272013,50,40,0.6,"[6244.716939440621, 465.99139738082886]"
F272013,50,40,0.7,"[4586.29651930248, 543.6888241767883]"
F272013,50,40,0.8,"[3792.192952099129, 621.4547021389008]"
F272013,50,40,0.9,"[4445.661799655412, 699.080379486084]"
F272013,50,40,1.0,"[8713.784365553052, 776.8431289196014]"
F272013,50,41,0.01,"[14622.442035367329, 7.9219069480896]"
F272013,50,41,0.1,"[13440.910222578215, 77.48850417137146]"
F272013,50,41,0.2,"[12244.559357824375, 154.83834791183472]"
F272013,50,41,0.3,"[12341.920375753605, 232.10702347755432]"
F272013,50,41,0.4,"[8133.345120107191, 309.6193585395813]"
F272013,50,41,0.5,"[10055.874326271696, 386.9053361415863]"
F272013,50,41,0.6,"[10391.6883533855, 464.32092094421387]"
F272013,50,41,0.7,"[8987.548090899036, 541.6592891216278]"
F272013,50,41,0.8,"[8988.127970981579, 619.0149056911469]"
F272013,50,41,0.9,"[9394.449931351437, 696.2842540740967]"
F272013,50,41,1.0,"[9597.01301377869, 773.6501109600067]"
F272013,50,42,0.01,"[18839.867426448887, 8.022497177124023]"
F272013,50,42,0.1,"[6977.681547720014, 77.45398950576782]"
F272013,50,42,0.2,"[7049.801228234604, 154.67868089675903]"
F272013,50,42,0.3,"[5186.560810770101, 232.84020495414734]"
F272013,50,42,0.4,"[10915.849021457236, 310.0284686088562]"
F272013,50,42,0.5,"[7465.491194544555, 387.1256613731384]"
F272013,50,42,0.6,"[8237.182346829146, 464.4091501235962]"
F272013,50,42,0.7,"[12239.863379026025, 541.5615434646606]"
F272013,50,42,0.8,"[11694.630362962196, 618.7734184265137]"
F272013,50,42,0.9,"[12100.271404979774, 695.8937311172485]"
F272013,50,42,1.0,"[6645.125046435018, 773.1419134140015]"
F272013,50,43,0.01,"[23473.19202724689, 7.789987087249756]"
F272013,50,43,0.1,"[4483.488993115058, 77.27894711494446]"
F272013,50,43,0.2,"[10546.653889282563, 154.5060043334961]"
F272013,50,43,0.3,"[10854.52125462468, 231.7660572528839]"
F272013,50,43,0.4,"[11276.678559784812, 309.04483222961426]"
F272013,50,43,0.5,"[12037.718934842953, 386.34388875961304]"
F272013,50,43,0.6,"[11899.33486982088, 463.74426770210266]"
F272013,50,43,0.7,"[12338.541997352058, 541.0417232513428]"
F272013,50,43,0.8,"[8262.400496455884, 618.459431886673]"
F272013,50,43,0.9,"[6904.670492943973, 695.7908172607422]"
F272013,50,43,1.0,"[5431.33641823852, 773.1828708648682]"
F272013,50,44,0.01,"[23258.034108876855, 7.794727325439453]"
F272013,50,44,0.1,"[13316.497314603754, 77.31526112556458]"
F272013,50,44,0.2,"[11583.267947437085, 154.6255705356598]"
F272013,50,44,0.3,"[13507.398598795517, 231.86059641838074]"
F272013,50,44,0.4,"[8390.11695423821, 309.22926664352417]"
F272013,50,44,0.5,"[8065.609052984486, 386.64308404922485]"
F272013,50,44,0.6,"[13559.053924483218, 464.1061623096466]"
F272013,50,44,0.7,"[8129.207634914066, 541.4608907699585]"
F272013,50,44,0.8,"[12065.891322393294, 618.9261441230774]"
F272013,50,44,0.9,"[12418.672511442453, 696.2838432788849]"
F272013,50,44,1.0,"[11054.181471629641, 773.7512753009796]"
F272013,50,45,0.01,"[15879.44535410601, 8.885220289230347]"
F272013,50,45,0.1,"[15051.194054674917, 88.25264096260071]"
F272013,50,45,0.2,"[15163.261386429913, 176.48319005966187]"
F272013,50,45,0.3,"[7911.981682477794, 264.54019141197205]"
F272013,50,45,0.4,"[8970.372344850763, 352.80323696136475]"
F272013,50,45,0.5,"[8424.42088194685, 440.86658692359924]"
F272013,50,45,0.6,"[8213.840511476905, 529.2451961040497]"
F272013,50,45,0.7,"[6099.071909247333, 617.4570281505585]"
F272013,50,45,0.8,"[7217.541987331735, 705.7174327373505]"
F272013,50,45,0.9,"[7958.686231456666, 793.1738185882568]"
F272013,50,45,1.0,"[7283.629822970379, 880.9932267665863]"
F272013,50,46,0.01,"[14030.697103421144, 7.816142797470093]"
F272013,50,46,0.1,"[7717.052631500863, 77.47789263725281]"
F272013,50,46,0.2,"[5301.44680082933, 154.8068084716797]"
F272013,50,46,0.3,"[10484.135878981457, 232.32121586799622]"
F272013,50,46,0.4,"[10781.801629612983, 309.64444494247437]"
F272013,50,46,0.5,"[10071.536213720103, 386.8728756904602]"
F272013,50,46,0.6,"[4357.4777653875035, 464.22754168510437]"
F272013,50,46,0.7,"[10882.188444995552, 541.4955971240997]"
F272013,50,46,0.8,"[7163.7103961995235, 618.8096108436584]"
F272013,50,46,0.9,"[6708.780469142591, 696.0308940410614]"
F272013,50,46,1.0,"[6583.359833232534, 773.4214572906494]"
F272013,50,47,0.01,"[15311.63386075676, 7.793142795562744]"
F272013,50,47,0.1,"[12925.531417333714, 76.9725489616394]"
F272013,50,47,0.2,"[8468.841684999168, 153.95229601860046]"
F272013,50,47,0.3,"[11239.649828979445, 231.25499844551086]"
F272013,50,47,0.4,"[8886.556373207346, 308.28889179229736]"
F272013,50,47,0.5,"[7487.5951581104655, 385.2517774105072]"
F272013,50,47,0.6,"[7869.270339201481, 462.34256863594055]"
F272013,50,47,0.7,"[8940.960803586344, 539.3742127418518]"
F272013,50,47,0.8,"[9496.577608387635, 616.3788983821869]"
F272013,50,47,0.9,"[8621.305040636891, 693.3465566635132]"
F272013,50,47,1.0,"[8382.347652761115, 770.369784116745]"
F272013,50,48,0.01,"[15030.79724699884, 7.732686996459961]"
F272013,50,48,0.1,"[14435.181764160388, 76.67713809013367]"
F272013,50,48,0.2,"[12088.605228594826, 153.32748103141785]"
F272013,50,48,0.3,"[9031.798281912996, 233.18471336364746]"
F272013,50,48,0.4,"[4507.171446887118, 309.82308053970337]"
F272013,50,48,0.5,"[8985.703341630768, 386.3900842666626]"
F272013,50,48,0.6,"[5415.688767059286, 463.0341203212738]"
F272013,50,48,0.7,"[9005.087929605628, 539.59685587883]"
F272013,50,48,0.8,"[9784.949910874293, 616.2482903003693]"
F272013,50,48,0.9,"[9978.158262218321, 692.8755834102631]"
F272013,50,48,1.0,"[8991.51588548351, 769.58269739151]"
F272013,50,49,0.01,"[14931.73666704073, 7.824074745178223]"
F272013,50,49,0.1,"[3278.488522297692, 76.89019703865051]"
F272013,50,49,0.2,"[699.740095677073, 153.71282768249512]"
F272013,50,49,0.3,"[426.86924141421036, 230.5026454925537]"
F272013,50,49,0.4,"[403.14330362693863, 307.36169719696045]"
F272013,50,49,0.5,"[400.29642421757035, 384.16551089286804]"
F272013,50,49,0.6,"[400.00075201424306, 461.00808572769165]"
F272013,50,49,0.7,"[400.00005713643714, 537.7824342250824]"
F272013,50,49,0.8,"[400.00006664125976, 614.6452260017395]"
F272013,50,49,0.9,"[400.00006335255443, 691.4909007549286]"
F272013,50,49,1.0,"[400.00006276576414, 768.4735858440399]"
F272013,50,50,0.01,"[19546.08539736214, 7.741426706314087]"
F272013,50,50,0.1,"[12034.651183733999, 76.81149053573608]"
F272013,50,50,0.2,"[12918.5737617381, 153.63681364059448]"
F272013,50,50,0.3,"[11389.672586529234, 230.3664906024933]"
F272013,50,50,0.4,"[13349.443311372563, 307.14181327819824]"
F272013,50,50,0.5,"[10772.244186481956, 383.7865924835205]"
F272013,50,50,0.6,"[8544.513325069682, 460.52907061576843]"
F272013,50,50,0.7,"[9600.76520809587, 537.1586573123932]"
F272013,50,50,0.8,"[12253.561514238665, 613.8926765918732]"
F272013,50,50,0.9,"[11379.123174128548, 690.5956745147705]"
F272013,50,50,1.0,"[8629.87422926203, 767.3572473526001]"
