function,dimension,run,checkpoint,error
F102013,10,0,0.01,"[675.135778879906, 0.18495965003967285]"
F102013,10,0,0.1,"[1.0872036228489037, 1.2708353996276855]"
F102013,10,0,0.2,"[0.4816937144994995, 2.1604816913604736]"
F102013,10,0,0.3,"[0.4816937144994995, 3.0480844974517822]"
F102013,10,0,0.4,"[0.4273606419341718, 3.939876079559326]"
F102013,10,0,0.5,"[0.4273606419341718, 4.830339670181274]"
F102013,10,0,0.6,"[0.4273606419341718, 5.717253684997559]"
F102013,10,0,0.7,"[0.4273606419341718, 6.607638120651245]"
F102013,10,0,0.8,"[0.4273606419341718, 7.49684476852417]"
F102013,10,0,0.9,"[0.4273606419341718, 8.38671064376831]"
F102013,10,0,1.0,"[0.4273606419341718, 9.281312704086304]"
F102013,10,1,0.01,"[2565.9964664681193, 0.09095358848571777]"
F102013,10,1,0.1,"[1.1801557374114964, 0.896531343460083]"
F102013,10,1,0.2,"[0.45301424951526315, 1.8719534873962402]"
F102013,10,1,0.3,"[0.45301424951526315, 2.764646530151367]"
F102013,10,1,0.4,"[0.45301424951526315, 3.661898612976074]"
F102013,10,1,0.5,"[0.45301424951526315, 4.55641508102417]"
F102013,10,1,0.6,"[0.45301424951526315, 5.450436353683472]"
F102013,10,1,0.7,"[0.45301424951526315, 6.345193862915039]"
F102013,10,1,0.8,"[0.45301424951526315, 7.237907886505127]"
F102013,10,1,0.9,"[0.45301424951526315, 8.131225347518921]"
F102013,10,1,1.0,"[0.45301424951526315, 9.024838924407959]"
F102013,10,2,0.01,"[2523.196701132966, 0.1149754524230957]"
F102013,10,2,0.1,"[1.3829607203732621, 0.9332113265991211]"
F102013,10,2,0.2,"[0.6288801543203704, 1.8257548809051514]"
F102013,10,2,0.3,"[0.3497705952987644, 2.736802339553833]"
F102013,10,2,0.4,"[0.3497705952987644, 4.235946416854858]"
F102013,10,2,0.5,"[0.3497705952987644, 5.41486668586731]"
F102013,10,2,0.6,"[0.3497705952987644, 6.31859278678894]"
F102013,10,2,0.7,"[0.3497705952987644, 7.207684516906738]"
F102013,10,2,0.8,"[0.3497705952987644, 8.096372127532959]"
F102013,10,2,0.9,"[0.3497705952987644, 8.987310647964478]"
F102013,10,2,1.0,"[0.3497705952987644, 9.875850200653076]"
F102013,10,3,0.01,"[593.9685153642795, 0.09944891929626465]"
F102013,10,3,0.1,"[0.6486731348057333, 0.8929555416107178]"
F102013,10,3,0.2,"[0.6486731348057333, 1.7764077186584473]"
F102013,10,3,0.3,"[0.5854208232609039, 2.84797739982605]"
F102013,10,3,0.4,"[0.5854208232609039, 3.8238556385040283]"
F102013,10,3,0.5,"[0.563351303387094, 4.703631639480591]"
F102013,10,3,0.6,"[0.563351303387094, 5.5839643478393555]"
F102013,10,3,0.7,"[0.563351303387094, 6.469288349151611]"
F102013,10,3,0.8,"[0.563351303387094, 7.348380088806152]"
F102013,10,3,0.9,"[0.563351303387094, 8.230785131454468]"
F102013,10,3,1.0,"[0.35022001252190194, 9.113564014434814]"
F102013,10,4,0.01,"[5154.682681241603, 0.17690229415893555]"
F102013,10,4,0.1,"[1.036334010237283, 0.9701628684997559]"
F102013,10,4,0.2,"[0.8177308078228407, 1.8557753562927246]"
F102013,10,4,0.3,"[0.6217631392746057, 2.7392334938049316]"
F102013,10,4,0.4,"[0.6217631392746057, 3.6255273818969727]"
F102013,10,4,0.5,"[0.6217631392746057, 4.513902425765991]"
F102013,10,4,0.6,"[0.4250025285451784, 5.397709369659424]"
F102013,10,4,0.7,"[0.4250025285451784, 6.284720182418823]"
F102013,10,4,0.8,"[0.4250025285451784, 7.1709349155426025]"
F102013,10,4,0.9,"[0.4250025285451784, 8.057978391647339]"
F102013,10,4,1.0,"[0.4250025285451784, 8.946959972381592]"
F102013,10,5,0.01,"[3120.4980011848834, 0.12730813026428223]"
F102013,10,5,0.1,"[4.340936567726203, 0.9174816608428955]"
F102013,10,5,0.2,"[0.5597626264612359, 1.795964002609253]"
F102013,10,5,0.3,"[0.5597626264612359, 2.67299222946167]"
F102013,10,5,0.4,"[0.5597626264612359, 3.553840398788452]"
F102013,10,5,0.5,"[0.5597626264612359, 4.435831546783447]"
F102013,10,5,0.6,"[0.4203577672933534, 5.315481185913086]"
F102013,10,5,0.7,"[0.4203577672933534, 6.197211980819702]"
F102013,10,5,0.8,"[0.4203577672933534, 7.077721357345581]"
F102013,10,5,0.9,"[0.4203577672933534, 7.9602954387664795]"
F102013,10,5,1.0,"[0.4203577672933534, 8.843260526657104]"
F102013,10,6,0.01,"[758.9425571911714, 0.11758208274841309]"
F102013,10,6,0.1,"[1.075993425935792, 0.9171383380889893]"
F102013,10,6,0.2,"[0.6874101999412687, 1.8076047897338867]"
F102013,10,6,0.3,"[0.6874101999412687, 2.6941614151000977]"
F102013,10,6,0.4,"[0.46593981975763654, 3.5834009647369385]"
F102013,10,6,0.5,"[0.46593981975763654, 4.473911285400391]"
F102013,10,6,0.6,"[0.46593981975763654, 5.36369514465332]"
F102013,10,6,0.7,"[0.46593981975763654, 6.256157636642456]"
F102013,10,6,0.8,"[0.39638859744275123, 7.1452555656433105]"
F102013,10,6,0.9,"[0.39638859744275123, 8.037076950073242]"
F102013,10,6,1.0,"[0.39638859744275123, 8.928827047348022]"
F102013,10,7,0.01,"[2118.068494655102, 0.11577033996582031]"
F102013,10,7,0.1,"[0.773877551388864, 0.9234523773193359]"
F102013,10,7,0.2,"[0.399897606521904, 1.8093578815460205]"
F102013,10,7,0.3,"[0.399897606521904, 2.6929309368133545]"
F102013,10,7,0.4,"[0.399897606521904, 3.5813820362091064]"
F102013,10,7,0.5,"[0.399897606521904, 4.4702067375183105]"
F102013,10,7,0.6,"[0.399897606521904, 5.357648611068726]"
F102013,10,7,0.7,"[0.399897606521904, 6.247227907180786]"
F102013,10,7,0.8,"[0.399897606521904, 7.134463787078857]"
F102013,10,7,0.9,"[0.399897606521904, 8.03111219406128]"
F102013,10,7,1.0,"[0.399897606521904, 8.920015096664429]"
F102013,10,8,0.01,"[1342.1149010913211, 0.10083484649658203]"
F102013,10,8,0.1,"[0.6246312189956598, 0.9007484912872314]"
F102013,10,8,0.2,"[0.5832389458046805, 1.7893562316894531]"
F102013,10,8,0.3,"[0.5730021948185708, 2.6723456382751465]"
F102013,10,8,0.4,"[0.5730021948185708, 3.5593340396881104]"
F102013,10,8,0.5,"[0.34973709925645835, 4.446543216705322]"
F102013,10,8,0.6,"[0.3369766434532835, 5.3338823318481445]"
F102013,10,8,0.7,"[0.3369766434532835, 6.222123146057129]"
F102013,10,8,0.8,"[0.3369766434532835, 7.10691237449646]"
F102013,10,8,0.9,"[0.3369766434532835, 7.993174314498901]"
F102013,10,8,1.0,"[0.3369766434532835, 8.878473281860352]"
F102013,10,9,0.01,"[1827.1047334778561, 0.17255258560180664]"
F102013,10,9,0.1,"[0.7816787289495437, 1.0928990840911865]"
F102013,10,9,0.2,"[0.5191790516647643, 1.9790048599243164]"
F102013,10,9,0.3,"[0.43498117830517913, 2.8640263080596924]"
F102013,10,9,0.4,"[0.43498117830517913, 3.757983922958374]"
F102013,10,9,0.5,"[0.3485287874048595, 4.6460630893707275]"
F102013,10,9,0.6,"[0.3485287874048595, 5.532268047332764]"
F102013,10,9,0.7,"[0.3485287874048595, 6.418744325637817]"
F102013,10,9,0.8,"[0.3485287874048595, 7.303912878036499]"
F102013,10,9,0.9,"[0.3485287874048595, 8.18987488746643]"
F102013,10,9,1.0,"[0.3485287874048595, 9.075438976287842]"
F102013,10,10,0.01,"[1996.036663510891, 0.16490817070007324]"
F102013,10,10,0.1,"[1.3823937062920777, 1.1517460346221924]"
F102013,10,10,0.2,"[0.379810980052639, 2.0311439037323]"
F102013,10,10,0.3,"[0.379810980052639, 2.9074296951293945]"
F102013,10,10,0.4,"[0.379810980052639, 3.789510488510132]"
F102013,10,10,0.5,"[0.379810980052639, 4.67227578163147]"
F102013,10,10,0.6,"[0.379810980052639, 5.552149057388306]"
F102013,10,10,0.7,"[0.379810980052639, 6.4341418743133545]"
F102013,10,10,0.8,"[0.379810980052639, 7.31545352935791]"
F102013,10,10,0.9,"[0.379810980052639, 8.198845624923706]"
F102013,10,10,1.0,"[0.379810980052639, 9.083317995071411]"
F102013,10,11,0.01,"[2105.8168993885456, 0.1808159351348877]"
F102013,10,11,0.1,"[0.8385419755702515, 1.1188864707946777]"
F102013,10,11,0.2,"[0.6876523764948956, 2.007718801498413]"
F102013,10,11,0.3,"[0.6876523764948956, 2.9115681648254395]"
F102013,10,11,0.4,"[0.5138777624406998, 3.8053200244903564]"
F102013,10,11,0.5,"[0.5138777624406998, 4.758206605911255]"
F102013,10,11,0.6,"[0.5138777624406998, 5.661843776702881]"
F102013,10,11,0.7,"[0.5138777624406998, 6.55561900138855]"
F102013,10,11,0.8,"[0.5138777624406998, 7.447855710983276]"
F102013,10,11,0.9,"[0.5138777624406998, 8.339614391326904]"
F102013,10,11,1.0,"[0.46052077030350347, 9.235085487365723]"
F102013,10,12,0.01,"[954.5623950945003, 0.16775822639465332]"
F102013,10,12,0.1,"[0.835677237468758, 1.2398672103881836]"
F102013,10,12,0.2,"[0.4580503442120971, 2.1256256103515625]"
F102013,10,12,0.3,"[0.4580503442120971, 3.011265993118286]"
F102013,10,12,0.4,"[0.4580503442120971, 3.896561622619629]"
F102013,10,12,0.5,"[0.4580503442120971, 4.779932260513306]"
F102013,10,12,0.6,"[0.4580503442120971, 5.666009902954102]"
F102013,10,12,0.7,"[0.4580503442120971, 6.550243854522705]"
F102013,10,12,0.8,"[0.347523777051606, 7.42606258392334]"
F102013,10,12,0.9,"[0.347523777051606, 8.301922082901001]"
F102013,10,12,1.0,"[0.347523777051606, 9.175964593887329]"
F102013,10,13,0.01,"[1709.80941565458, 0.12481570243835449]"
F102013,10,13,0.1,"[1.3663647087298614, 0.9290871620178223]"
F102013,10,13,0.2,"[0.6140236825573879, 1.8195018768310547]"
F102013,10,13,0.3,"[0.5724503174438951, 2.7046327590942383]"
F102013,10,13,0.4,"[0.4784038661377963, 3.592351198196411]"
F102013,10,13,0.5,"[0.4784038661377963, 4.47918701171875]"
F102013,10,13,0.6,"[0.4784038661377963, 5.3636391162872314]"
F102013,10,13,0.7,"[0.4784038661377963, 6.249626874923706]"
F102013,10,13,0.8,"[0.4784038661377963, 7.133979320526123]"
F102013,10,13,0.9,"[0.4784038661377963, 8.017359495162964]"
F102013,10,13,1.0,"[0.4784038661377963, 8.902397871017456]"
F102013,10,14,0.01,"[2244.8277262005427, 0.18504595756530762]"
F102013,10,14,0.1,"[2.84237807805755, 1.3570706844329834]"
F102013,10,14,0.2,"[0.6702066073994501, 2.336862325668335]"
F102013,10,14,0.3,"[0.6702066073994501, 3.3455119132995605]"
F102013,10,14,0.4,"[0.6675600800041366, 4.307011127471924]"
F102013,10,14,0.5,"[0.6050785928107416, 5.190422058105469]"
F102013,10,14,0.6,"[0.6050785928107416, 6.0750885009765625]"
F102013,10,14,0.7,"[0.4298830343184932, 6.958905220031738]"
F102013,10,14,0.8,"[0.4298830343184932, 7.841128826141357]"
F102013,10,14,0.9,"[0.4298830343184932, 8.722235918045044]"
F102013,10,14,1.0,"[0.4298830343184932, 9.601545095443726]"
F102013,10,15,0.01,"[4989.284345400472, 0.18906021118164062]"
F102013,10,15,0.1,"[1.1819860662888004, 1.0191118717193604]"
F102013,10,15,0.2,"[0.5965228811784868, 1.8987040519714355]"
F102013,10,15,0.3,"[0.5965228811784868, 2.775874137878418]"
F102013,10,15,0.4,"[0.5965228811784868, 3.6577258110046387]"
F102013,10,15,0.5,"[0.5965228811784868, 4.541600942611694]"
F102013,10,15,0.6,"[0.5965228811784868, 5.421762466430664]"
F102013,10,15,0.7,"[0.46536517695545854, 6.304707765579224]"
F102013,10,15,0.8,"[0.46536517695545854, 7.18493127822876]"
F102013,10,15,0.9,"[0.46536517695545854, 8.067864418029785]"
F102013,10,15,1.0,"[0.4444780427144792, 8.950256586074829]"
F102013,10,16,0.01,"[3771.496218597633, 0.18989801406860352]"
F102013,10,16,0.1,"[0.7876047420444934, 1.1580049991607666]"
F102013,10,16,0.2,"[0.690166761480782, 2.0462636947631836]"
F102013,10,16,0.3,"[0.5333838962689583, 2.9278066158294678]"
F102013,10,16,0.4,"[0.48872334557609065, 3.8135857582092285]"
F102013,10,16,0.5,"[0.36212351500137174, 4.700237512588501]"
F102013,10,16,0.6,"[0.36212351500137174, 5.58647084236145]"
F102013,10,16,0.7,"[0.36212351500137174, 6.475003480911255]"
F102013,10,16,0.8,"[0.36212351500137174, 7.361002206802368]"
F102013,10,16,0.9,"[0.36212351500137174, 8.247740983963013]"
F102013,10,16,1.0,"[0.36212351500137174, 9.134635925292969]"
F102013,10,17,0.01,"[2365.6209503756986, 0.11144590377807617]"
F102013,10,17,0.1,"[0.6818607035023092, 0.9585714340209961]"
F102013,10,17,0.2,"[0.6056290941638167, 1.8455376625061035]"
F102013,10,17,0.3,"[0.6056290941638167, 2.731738805770874]"
F102013,10,17,0.4,"[0.6056290941638167, 3.623485803604126]"
F102013,10,17,0.5,"[0.42896260671221853, 4.513884544372559]"
F102013,10,17,0.6,"[0.42896260671221853, 5.404165983200073]"
F102013,10,17,0.7,"[0.42896260671221853, 6.776707887649536]"
F102013,10,17,0.8,"[0.42896260671221853, 7.68353796005249]"
F102013,10,17,0.9,"[0.42896260671221853, 8.730508089065552]"
F102013,10,17,1.0,"[0.42896260671221853, 9.78014588356018]"
F102013,10,18,0.01,"[849.5077715558679, 0.18081068992614746]"
F102013,10,18,0.1,"[0.9969830670256101, 1.2119054794311523]"
F102013,10,18,0.2,"[0.5352061865193605, 2.0938332080841064]"
F102013,10,18,0.3,"[0.5352061865193605, 2.9742047786712646]"
F102013,10,18,0.4,"[0.48403329074136536, 3.8560469150543213]"
F102013,10,18,0.5,"[0.48403329074136536, 4.736833333969116]"
F102013,10,18,0.6,"[0.48403329074136536, 5.616775751113892]"
F102013,10,18,0.7,"[0.4162886722313601, 6.499041318893433]"
F102013,10,18,0.8,"[0.3130746775719331, 7.378362417221069]"
F102013,10,18,0.9,"[0.3130746775719331, 8.25840711593628]"
F102013,10,18,1.0,"[0.3130746775719331, 9.14054560661316]"
F102013,10,19,0.01,"[2885.6397760596174, 0.15483427047729492]"
F102013,10,19,0.1,"[1.6934820550647487, 1.2241852283477783]"
F102013,10,19,0.2,"[0.5865801555181633, 2.115366220474243]"
F102013,10,19,0.3,"[0.5824230439733356, 2.9957287311553955]"
F102013,10,19,0.4,"[0.561166139974091, 3.8813297748565674]"
F102013,10,19,0.5,"[0.561166139974091, 4.7636871337890625]"
F102013,10,19,0.6,"[0.5458839122317158, 5.646514177322388]"
F102013,10,19,0.7,"[0.5458839122317158, 6.533182382583618]"
F102013,10,19,0.8,"[0.5458839122317158, 7.4169981479644775]"
F102013,10,19,0.9,"[0.5458839122317158, 8.300819873809814]"
F102013,10,19,1.0,"[0.5458839122317158, 9.183314561843872]"
F102013,10,20,0.01,"[1044.5505669590102, 0.10582947731018066]"
F102013,10,20,0.1,"[0.6467818309113795, 0.9013302326202393]"
F102013,10,20,0.2,"[0.627225117608873, 1.7855699062347412]"
F102013,10,20,0.3,"[0.627225117608873, 2.6680610179901123]"
F102013,10,20,0.4,"[0.627225117608873, 3.555166721343994]"
F102013,10,20,0.5,"[0.5024443504054261, 4.443159103393555]"
F102013,10,20,0.6,"[0.4726969907335956, 5.327448129653931]"
F102013,10,20,0.7,"[0.4726969907335956, 6.213726997375488]"
F102013,10,20,0.8,"[0.4726969907335956, 7.097734451293945]"
F102013,10,20,0.9,"[0.4726969907335956, 7.980812311172485]"
F102013,10,20,1.0,"[0.4726969907335956, 8.870061874389648]"
F102013,10,21,0.01,"[312.5835561807795, 0.12512969970703125]"
F102013,10,21,0.1,"[0.4237318160521113, 0.9137957096099854]"
F102013,10,21,0.2,"[0.4237318160521113, 1.790761947631836]"
F102013,10,21,0.3,"[0.4237318160521113, 2.6656336784362793]"
F102013,10,21,0.4,"[0.4237318160521113, 3.621380090713501]"
F102013,10,21,0.5,"[0.4237318160521113, 4.50320839881897]"
F102013,10,21,0.6,"[0.4237318160521113, 5.381947994232178]"
F102013,10,21,0.7,"[0.35255936266560184, 6.262322187423706]"
F102013,10,21,0.8,"[0.35255936266560184, 7.141410827636719]"
F102013,10,21,0.9,"[0.35255936266560184, 8.022052764892578]"
F102013,10,21,1.0,"[0.35255936266560184, 8.903775930404663]"
F102013,10,22,0.01,"[342.22533138535726, 0.1968827247619629]"
F102013,10,22,0.1,"[0.6987693643970943, 1.0714800357818604]"
F102013,10,22,0.2,"[0.5171290239840687, 1.9458112716674805]"
F102013,10,22,0.3,"[0.5171290239840687, 2.820502758026123]"
F102013,10,22,0.4,"[0.5171290239840687, 3.7009639739990234]"
F102013,10,22,0.5,"[0.5171290239840687, 4.579906702041626]"
F102013,10,22,0.6,"[0.5171290239840687, 5.468521595001221]"
F102013,10,22,0.7,"[0.3902279261379249, 6.437927961349487]"
F102013,10,22,0.8,"[0.3902279261379249, 7.3178551197052]"
F102013,10,22,0.9,"[0.3902279261379249, 8.198687553405762]"
F102013,10,22,1.0,"[0.3902279261379249, 9.080370426177979]"
F102013,10,23,0.01,"[2890.073914075568, 0.17760491371154785]"
F102013,10,23,0.1,"[0.8932819325546006, 1.1026864051818848]"
F102013,10,23,0.2,"[0.6312788712518795, 1.9717648029327393]"
F102013,10,23,0.3,"[0.6312788712518795, 2.8406176567077637]"
F102013,10,23,0.4,"[0.6312788712518795, 3.7120509147644043]"
F102013,10,23,0.5,"[0.3670703155839874, 4.585821151733398]"
F102013,10,23,0.6,"[0.3670703155839874, 5.456486701965332]"
F102013,10,23,0.7,"[0.3670703155839874, 6.32619833946228]"
F102013,10,23,0.8,"[0.3670703155839874, 7.196484088897705]"
F102013,10,23,0.9,"[0.3670703155839874, 8.067473411560059]"
F102013,10,23,1.0,"[0.3670703155839874, 8.941792726516724]"
F102013,10,24,0.01,"[2210.419833515178, 0.11233353614807129]"
F102013,10,24,0.1,"[0.7906611894403568, 0.9697942733764648]"
F102013,10,24,0.2,"[0.609366397509973, 1.9430787563323975]"
F102013,10,24,0.3,"[0.5104292904085241, 2.824751615524292]"
F102013,10,24,0.4,"[0.5104292904085241, 3.7104251384735107]"
F102013,10,24,0.5,"[0.5104292904085241, 4.596936941146851]"
F102013,10,24,0.6,"[0.2882158085441233, 5.479793548583984]"
F102013,10,24,0.7,"[0.2882158085441233, 6.366390705108643]"
F102013,10,24,0.8,"[0.2882158085441233, 7.251488208770752]"
F102013,10,24,0.9,"[0.2882158085441233, 8.135533332824707]"
F102013,10,24,1.0,"[0.2882158085441233, 9.025320053100586]"
F102013,10,25,0.01,"[1569.4694168319145, 0.18460440635681152]"
F102013,10,25,0.1,"[0.8387139424314114, 1.253983736038208]"
F102013,10,25,0.2,"[0.5666698601946223, 2.1403799057006836]"
F102013,10,25,0.3,"[0.49770825509244787, 3.0216894149780273]"
F102013,10,25,0.4,"[0.47805867489609, 3.907890558242798]"
F102013,10,25,0.5,"[0.47805867489609, 4.794389963150024]"
F102013,10,25,0.6,"[0.47805867489609, 5.6804234981536865]"
F102013,10,25,0.7,"[0.47805867489609, 6.56718111038208]"
F102013,10,25,0.8,"[0.47805867489609, 7.450543642044067]"
F102013,10,25,0.9,"[0.47805867489609, 8.335828065872192]"
F102013,10,25,1.0,"[0.47805867489609, 9.220028400421143]"
F102013,10,26,0.01,"[5122.992824075846, 0.18189191818237305]"
F102013,10,26,0.1,"[3.6943521347954515, 1.250687837600708]"
F102013,10,26,0.2,"[0.7544456303005518, 2.132777690887451]"
F102013,10,26,0.3,"[0.5140415977675161, 3.0146169662475586]"
F102013,10,26,0.4,"[0.5140415977675161, 3.9010069370269775]"
F102013,10,26,0.5,"[0.3066652360060971, 4.785409688949585]"
F102013,10,26,0.6,"[0.3066652360060971, 5.669757604598999]"
F102013,10,26,0.7,"[0.3066652360060971, 6.553128480911255]"
F102013,10,26,0.8,"[0.3066652360060971, 7.43456244468689]"
F102013,10,26,0.9,"[0.3066652360060971, 8.318071126937866]"
F102013,10,26,1.0,"[0.3066652360060971, 9.200525999069214]"
F102013,10,27,0.01,"[6330.844258483512, 0.1129751205444336]"
F102013,10,27,0.1,"[4.5620090352902025, 0.9004504680633545]"
F102013,10,27,0.2,"[0.6873123812447943, 1.7757065296173096]"
F102013,10,27,0.3,"[0.5434542199647012, 2.6506168842315674]"
F102013,10,27,0.4,"[0.5434542199647012, 3.5301053524017334]"
F102013,10,27,0.5,"[0.5412572878126412, 4.409542083740234]"
F102013,10,27,0.6,"[0.5412572878126412, 5.2875025272369385]"
F102013,10,27,0.7,"[0.15326572144653028, 6.164175271987915]"
F102013,10,27,0.8,"[0.15326572144653028, 7.041339874267578]"
F102013,10,27,0.9,"[0.15326572144653028, 7.920568466186523]"
F102013,10,27,1.0,"[0.15326572144653028, 8.797662734985352]"
F102013,10,28,0.01,"[1590.5374230218586, 0.11327743530273438]"
F102013,10,28,0.1,"[0.3998903473763562, 0.9026370048522949]"
F102013,10,28,0.2,"[0.3998903473763562, 1.781229019165039]"
F102013,10,28,0.3,"[0.2652723214860657, 2.657761335372925]"
F102013,10,28,0.4,"[0.2652723214860657, 3.537956714630127]"
F102013,10,28,0.5,"[0.2652723214860657, 4.418886184692383]"
F102013,10,28,0.6,"[0.2652723214860657, 5.295185565948486]"
F102013,10,28,0.7,"[0.2652723214860657, 6.175648212432861]"
F102013,10,28,0.8,"[0.2652723214860657, 7.054589509963989]"
F102013,10,28,0.9,"[0.2652723214860657, 7.935503005981445]"
F102013,10,28,1.0,"[0.2652723214860657, 8.81787633895874]"
F102013,10,29,0.01,"[896.6794721268291, 0.1827383041381836]"
F102013,10,29,0.1,"[0.9074879603028876, 1.1383397579193115]"
F102013,10,29,0.2,"[0.559355157706193, 2.011193037033081]"
F102013,10,29,0.3,"[0.4827462558335469, 2.883549451828003]"
F102013,10,29,0.4,"[0.4827462558335469, 3.762958288192749]"
F102013,10,29,0.5,"[0.4681592819527509, 4.63992977142334]"
F102013,10,29,0.6,"[0.4681592819527509, 5.515677452087402]"
F102013,10,29,0.7,"[0.4681592819527509, 6.391954183578491]"
F102013,10,29,0.8,"[0.38556895280424897, 7.2688093185424805]"
F102013,10,29,0.9,"[0.32666921337067834, 8.14745545387268]"
F102013,10,29,1.0,"[0.32666921337067834, 9.02799367904663]"
F102013,10,30,0.01,"[3320.922060601903, 0.11130189895629883]"
F102013,10,30,0.1,"[5.610932316789047, 0.9090654850006104]"
F102013,10,30,0.2,"[0.49433995351500926, 1.7935974597930908]"
F102013,10,30,0.3,"[0.49433995351500926, 2.6730856895446777]"
F102013,10,30,0.4,"[0.49433995351500926, 3.5580153465270996]"
F102013,10,30,0.5,"[0.2887377329855667, 4.443304777145386]"
F102013,10,30,0.6,"[0.2887377329855667, 5.326507091522217]"
F102013,10,30,0.7,"[0.2887377329855667, 6.2096569538116455]"
F102013,10,30,0.8,"[0.2887377329855667, 7.089786767959595]"
F102013,10,30,0.9,"[0.2887377329855667, 7.972484588623047]"
F102013,10,30,1.0,"[0.2887377329855667, 8.854771614074707]"
F102013,10,31,0.01,"[1360.686611426126, 0.15592336654663086]"
F102013,10,31,0.1,"[0.8190227249286863, 1.2329368591308594]"
F102013,10,31,0.2,"[0.4875570481185605, 2.110957384109497]"
F102013,10,31,0.3,"[0.4875570481185605, 2.990018129348755]"
F102013,10,31,0.4,"[0.4449098927088926, 3.873908519744873]"
F102013,10,31,0.5,"[0.4449098927088926, 4.759369373321533]"
F102013,10,31,0.6,"[0.4449098927088926, 5.64093279838562]"
F102013,10,31,0.7,"[0.40286096007201877, 6.525111436843872]"
F102013,10,31,0.8,"[0.3946212570699572, 7.4098780155181885]"
F102013,10,31,0.9,"[0.3946212570699572, 8.297161102294922]"
F102013,10,31,1.0,"[0.3946212570699572, 9.18568754196167]"
F102013,10,32,0.01,"[834.2922862468175, 0.10725140571594238]"
F102013,10,32,0.1,"[0.8342398416531864, 0.8967406749725342]"
F102013,10,32,0.2,"[0.5891848390717769, 1.7740943431854248]"
F102013,10,32,0.3,"[0.5891848390717769, 2.654970645904541]"
F102013,10,32,0.4,"[0.4650701303506821, 3.608851194381714]"
F102013,10,32,0.5,"[0.4650701303506821, 4.571850299835205]"
F102013,10,32,0.6,"[0.4650701303506821, 5.486957311630249]"
F102013,10,32,0.7,"[0.4650701303506821, 6.375138282775879]"
F102013,10,32,0.8,"[0.4650701303506821, 7.272134780883789]"
F102013,10,32,0.9,"[0.4650701303506821, 8.207220554351807]"
F102013,10,32,1.0,"[0.3724040623760061, 9.120253562927246]"
F102013,10,33,0.01,"[971.7905367654124, 0.11162424087524414]"
F102013,10,33,0.1,"[1.1860521685118783, 0.9034018516540527]"
F102013,10,33,0.2,"[0.5188118045201122, 1.7795076370239258]"
F102013,10,33,0.3,"[0.3880145001106712, 2.733473062515259]"
F102013,10,33,0.4,"[0.3880145001106712, 4.226226091384888]"
F102013,10,33,0.5,"[0.3880145001106712, 5.106826066970825]"
F102013,10,33,0.6,"[0.3880145001106712, 5.991179943084717]"
F102013,10,33,0.7,"[0.3880145001106712, 6.869890451431274]"
F102013,10,33,0.8,"[0.3880145001106712, 7.748215675354004]"
F102013,10,33,0.9,"[0.3880145001106712, 8.62955117225647]"
F102013,10,33,1.0,"[0.3880145001106712, 9.512914657592773]"
F102013,10,34,0.01,"[4487.597246501143, 0.08760809898376465]"
F102013,10,34,0.1,"[4.839716574689703, 0.8882181644439697]"
F102013,10,34,0.2,"[0.663275488022748, 1.7539067268371582]"
F102013,10,34,0.3,"[0.635348565358413, 2.620110511779785]"
F102013,10,34,0.4,"[0.4373841603239157, 3.500593662261963]"
F102013,10,34,0.5,"[0.4373841603239157, 4.400550842285156]"
F102013,10,34,0.6,"[0.4373841603239157, 5.2661707401275635]"
F102013,10,34,0.7,"[0.4373841603239157, 6.1340906620025635]"
F102013,10,34,0.8,"[0.4373841603239157, 7.001742124557495]"
F102013,10,34,0.9,"[0.4373841603239157, 7.8712263107299805]"
F102013,10,34,1.0,"[0.4373841603239157, 8.742012023925781]"
F102013,10,35,0.01,"[557.6807572063977, 0.13267278671264648]"
F102013,10,35,0.1,"[0.5885767222241043, 0.9316012859344482]"
F102013,10,35,0.2,"[0.3063023016324564, 1.8064534664154053]"
F102013,10,35,0.3,"[0.3063023016324564, 2.863663673400879]"
F102013,10,35,0.4,"[0.3063023016324564, 3.9266958236694336]"
F102013,10,35,0.5,"[0.3063023016324564, 4.808563470840454]"
F102013,10,35,0.6,"[0.3063023016324564, 5.681981325149536]"
F102013,10,35,0.7,"[0.2058992574462195, 6.55944561958313]"
F102013,10,35,0.8,"[0.2058992574462195, 7.431798458099365]"
F102013,10,35,0.9,"[0.2058992574462195, 8.304758787155151]"
F102013,10,35,1.0,"[0.2058992574462195, 9.179423093795776]"
F102013,10,36,0.01,"[1344.8897326082495, 0.16576623916625977]"
F102013,10,36,0.1,"[1.1951168475548002, 1.2738964557647705]"
F102013,10,36,0.2,"[0.3954666976367207, 2.1418612003326416]"
F102013,10,36,0.3,"[0.3954666976367207, 3.0080814361572266]"
F102013,10,36,0.4,"[0.3954666976367207, 3.8782923221588135]"
F102013,10,36,0.5,"[0.3954666976367207, 4.750982999801636]"
F102013,10,36,0.6,"[0.3954666976367207, 5.619816541671753]"
F102013,10,36,0.7,"[0.3954666976367207, 6.490602731704712]"
F102013,10,36,0.8,"[0.3954666976367207, 7.362191438674927]"
F102013,10,36,0.9,"[0.3954666976367207, 8.23538613319397]"
F102013,10,36,1.0,"[0.3954666976367207, 9.109737873077393]"
F102013,10,37,0.01,"[2731.931542390164, 0.16644048690795898]"
F102013,10,37,0.1,"[1.899375860625753, 1.194521427154541]"
F102013,10,37,0.2,"[0.7540830764727957, 2.081960916519165]"
F102013,10,37,0.3,"[0.7540830764727957, 3.0700647830963135]"
F102013,10,37,0.4,"[0.4285572297366116, 4.0658957958221436]"
F102013,10,37,0.5,"[0.40718026553469144, 4.978402137756348]"
F102013,10,37,0.6,"[0.40718026553469144, 5.851929664611816]"
F102013,10,37,0.7,"[0.40718026553469144, 6.724817752838135]"
F102013,10,37,0.8,"[0.40718026553469144, 7.603081226348877]"
F102013,10,37,0.9,"[0.40718026553469144, 8.482127666473389]"
F102013,10,37,1.0,"[0.40718026553469144, 9.364023208618164]"
F102013,10,38,0.01,"[6170.16480421281, 0.17549729347229004]"
F102013,10,38,0.1,"[1.1385646076653302, 0.9611101150512695]"
F102013,10,38,0.2,"[0.7469640017279175, 1.836235761642456]"
F102013,10,38,0.3,"[0.6588529692969018, 2.709052562713623]"
F102013,10,38,0.4,"[0.6577206033409766, 3.5852370262145996]"
F102013,10,38,0.5,"[0.5072608829950127, 4.4636290073394775]"
F102013,10,38,0.6,"[0.5072608829950127, 5.339070796966553]"
F102013,10,38,0.7,"[0.5072608829950127, 6.216405391693115]"
F102013,10,38,0.8,"[0.5072608829950127, 7.093741178512573]"
F102013,10,38,0.9,"[0.42628340709552504, 7.971234083175659]"
F102013,10,38,1.0,"[0.42628340709552504, 8.853466272354126]"
F102013,10,39,0.01,"[1664.3059469211244, 0.16805458068847656]"
F102013,10,39,0.1,"[0.7853639512865698, 1.36143159866333]"
F102013,10,39,0.2,"[0.5450012802228912, 2.2557008266448975]"
F102013,10,39,0.3,"[0.485702878008226, 3.226344108581543]"
F102013,10,39,0.4,"[0.4044200602334058, 4.121520280838013]"
F102013,10,39,0.5,"[0.4044200602334058, 5.016497373580933]"
F102013,10,39,0.6,"[0.4044200602334058, 5.910503625869751]"
F102013,10,39,0.7,"[0.4044200602334058, 6.804327011108398]"
F102013,10,39,0.8,"[0.4044200602334058, 7.697946310043335]"
F102013,10,39,0.9,"[0.4044200602334058, 8.590823411941528]"
F102013,10,39,1.0,"[0.4044200602334058, 9.483493566513062]"
F102013,10,40,0.01,"[5419.979088944, 0.19426417350769043]"
F102013,10,40,0.1,"[2.1450354009550665, 1.0582118034362793]"
F102013,10,40,0.2,"[0.40311010333124386, 2.3154666423797607]"
F102013,10,40,0.3,"[0.2478356948844862, 3.3545632362365723]"
F102013,10,40,0.4,"[0.2478356948844862, 4.340430736541748]"
F102013,10,40,0.5,"[0.22908786434550166, 5.222669363021851]"
F102013,10,40,0.6,"[0.22908786434550166, 6.430683851242065]"
F102013,10,40,0.7,"[0.22908786434550166, 7.315114498138428]"
F102013,10,40,0.8,"[0.22908786434550166, 8.198470830917358]"
F102013,10,40,0.9,"[0.22908786434550166, 9.107806205749512]"
F102013,10,40,1.0,"[0.22908786434550166, 9.993439674377441]"
F102013,10,41,0.01,"[1763.2357967110054, 0.10526156425476074]"
F102013,10,41,0.1,"[0.638925032213308, 0.8857073783874512]"
F102013,10,41,0.2,"[0.6138565253669412, 2.165055990219116]"
F102013,10,41,0.3,"[0.468014397341733, 3.030836820602417]"
F102013,10,41,0.4,"[0.468014397341733, 3.894613265991211]"
F102013,10,41,0.5,"[0.468014397341733, 4.7604286670684814]"
F102013,10,41,0.6,"[0.468014397341733, 5.627740859985352]"
F102013,10,41,0.7,"[0.468014397341733, 6.495954990386963]"
F102013,10,41,0.8,"[0.468014397341733, 7.362175941467285]"
F102013,10,41,0.9,"[0.468014397341733, 8.224963426589966]"
F102013,10,41,1.0,"[0.41184314415397694, 9.09074854850769]"
F102013,10,42,0.01,"[3314.971302425824, 0.16547441482543945]"
F102013,10,42,0.1,"[3.362472353300859, 0.986121654510498]"
F102013,10,42,0.2,"[0.5287749346099417, 2.643052577972412]"
F102013,10,42,0.3,"[0.5287749346099417, 3.706704616546631]"
F102013,10,42,0.4,"[0.5287749346099417, 4.652964353561401]"
F102013,10,42,0.5,"[0.5287749346099417, 5.522564172744751]"
F102013,10,42,0.6,"[0.5287749346099417, 6.602642774581909]"
F102013,10,42,0.7,"[0.4803929778553311, 7.5660741329193115]"
F102013,10,42,0.8,"[0.4803929778553311, 8.43824028968811]"
F102013,10,42,0.9,"[0.4803929778553311, 9.309400081634521]"
F102013,10,42,1.0,"[0.4803929778553311, 10.180591106414795]"
F102013,10,43,0.01,"[1290.1732696985755, 0.17374682426452637]"
F102013,10,43,0.1,"[0.8980040456216329, 1.0567114353179932]"
F102013,10,43,0.2,"[0.524787804468076, 1.986790418624878]"
F102013,10,43,0.3,"[0.524787804468076, 3.495561122894287]"
F102013,10,43,0.4,"[0.524787804468076, 4.598020315170288]"
F102013,10,43,0.5,"[0.5181664383017051, 6.1471107006073]"
F102013,10,43,0.6,"[0.4702860726897029, 7.013406991958618]"
F102013,10,43,0.7,"[0.4702860726897029, 7.880995512008667]"
F102013,10,43,0.8,"[0.4702860726897029, 8.749453783035278]"
F102013,10,43,0.9,"[0.4702860726897029, 9.619409322738647]"
F102013,10,43,1.0,"[0.4702860726897029, 10.490496158599854]"
F102013,10,44,0.01,"[353.8091511617457, 0.11254310607910156]"
F102013,10,44,0.1,"[0.814478391321984, 0.8990371227264404]"
F102013,10,44,0.2,"[0.4092106069407464, 2.04286789894104]"
F102013,10,44,0.3,"[0.4092106069407464, 2.9262139797210693]"
F102013,10,44,0.4,"[0.4092106069407464, 3.811899185180664]"
F102013,10,44,0.5,"[0.4092106069407464, 4.7926483154296875]"
F102013,10,44,0.6,"[0.4092106069407464, 5.666771173477173]"
F102013,10,44,0.7,"[0.4092106069407464, 6.542239427566528]"
F102013,10,44,0.8,"[0.4092106069407464, 7.416858434677124]"
F102013,10,44,0.9,"[0.4092106069407464, 8.29289722442627]"
F102013,10,44,1.0,"[0.4092106069407464, 9.167771339416504]"
F102013,10,45,0.01,"[2657.561711903337, 0.11668038368225098]"
F102013,10,45,0.1,"[0.5460266932320792, 0.9031803607940674]"
F102013,10,45,0.2,"[0.49074579272541996, 1.7770140171051025]"
F102013,10,45,0.3,"[0.277153968233506, 2.6477468013763428]"
F102013,10,45,0.4,"[0.277153968233506, 3.600792407989502]"
F102013,10,45,0.5,"[0.277153968233506, 4.54085373878479]"
F102013,10,45,0.6,"[0.277153968233506, 5.78766393661499]"
F102013,10,45,0.7,"[0.277153968233506, 6.665072202682495]"
F102013,10,45,0.8,"[0.277153968233506, 7.53746771812439]"
F102013,10,45,0.9,"[0.277153968233506, 8.41377878189087]"
F102013,10,45,1.0,"[0.277153968233506, 9.291434049606323]"
F102013,10,46,0.01,"[1257.1825963277481, 0.12550926208496094]"
F102013,10,46,0.1,"[0.9740929425065019, 0.9116189479827881]"
F102013,10,46,0.2,"[0.515740276237068, 1.784313440322876]"
F102013,10,46,0.3,"[0.515740276237068, 2.6562716960906982]"
F102013,10,46,0.4,"[0.49039240205468104, 3.5300703048706055]"
F102013,10,46,0.5,"[0.4182873442971413, 4.405455112457275]"
F102013,10,46,0.6,"[0.4182873442971413, 5.282423496246338]"
F102013,10,46,0.7,"[0.4182873442971413, 6.1575963497161865]"
F102013,10,46,0.8,"[0.4182873442971413, 7.324881315231323]"
F102013,10,46,0.9,"[0.4182873442971413, 8.203311443328857]"
F102013,10,46,1.0,"[0.4182873442971413, 9.0796799659729]"
F102013,10,47,0.01,"[3105.942747446676, 0.08829355239868164]"
F102013,10,47,0.1,"[1.5565236277613508, 0.8734850883483887]"
F102013,10,47,0.2,"[0.7708292891178985, 1.7458386421203613]"
F102013,10,47,0.3,"[0.5234054387057085, 2.6175785064697266]"
F102013,10,47,0.4,"[0.5234054387057085, 3.4919281005859375]"
F102013,10,47,0.5,"[0.5234054387057085, 4.365726470947266]"
F102013,10,47,0.6,"[0.5234054387057085, 5.242571592330933]"
F102013,10,47,0.7,"[0.5234054387057085, 6.1196208000183105]"
F102013,10,47,0.8,"[0.5234054387057085, 6.992706060409546]"
F102013,10,47,0.9,"[0.5234054387057085, 7.867504596710205]"
F102013,10,47,1.0,"[0.28966140353179526, 8.744433879852295]"
F102013,10,48,0.01,"[8679.917665092597, 0.08908319473266602]"
F102013,10,48,0.1,"[5.273928634297704, 0.8828332424163818]"
F102013,10,48,0.2,"[0.5663714212979585, 1.7626001834869385]"
F102013,10,48,0.3,"[0.4817324712809068, 2.639396905899048]"
F102013,10,48,0.4,"[0.4817324712809068, 3.5156502723693848]"
F102013,10,48,0.5,"[0.4817324712809068, 4.389248371124268]"
F102013,10,48,0.6,"[0.4817324712809068, 5.262927770614624]"
F102013,10,48,0.7,"[0.4817324712809068, 6.14089298248291]"
F102013,10,48,0.8,"[0.4817324712809068, 7.010166883468628]"
F102013,10,48,0.9,"[0.4817324712809068, 7.883861541748047]"
F102013,10,48,1.0,"[0.4817324712809068, 8.759337663650513]"
F102013,10,49,0.01,"[2916.9251089057298, 0.08984041213989258]"
F102013,10,49,0.1,"[1.000304502484994, 0.8830316066741943]"
F102013,10,49,0.2,"[0.6428378048204308, 1.7625854015350342]"
F102013,10,49,0.3,"[0.4644512723854177, 2.642458438873291]"
F102013,10,49,0.4,"[0.4644512723854177, 3.5237841606140137]"
F102013,10,49,0.5,"[0.4644512723854177, 4.396559953689575]"
F102013,10,49,0.6,"[0.4644512723854177, 5.275619029998779]"
F102013,10,49,0.7,"[0.42816594358077964, 6.1566550731658936]"
F102013,10,49,0.8,"[0.42816594358077964, 7.037587642669678]"
F102013,10,49,0.9,"[0.42816594358077964, 7.916728258132935]"
F102013,10,49,1.0,"[0.42816594358077964, 8.793968915939331]"
F102013,10,50,0.01,"[1704.7542307939177, 0.08792281150817871]"
F102013,10,50,0.1,"[0.64422447678038, 0.8627955913543701]"
F102013,10,50,0.2,"[0.6330185302541054, 1.7238669395446777]"
F102013,10,50,0.3,"[0.36288446329541557, 2.5867815017700195]"
F102013,10,50,0.4,"[0.36288446329541557, 3.5836355686187744]"
F102013,10,50,0.5,"[0.36288446329541557, 4.45928168296814]"
F102013,10,50,0.6,"[0.36288446329541557, 5.486462593078613]"
F102013,10,50,0.7,"[0.36288446329541557, 6.511178016662598]"
F102013,10,50,0.8,"[0.36288446329541557, 7.534693241119385]"
F102013,10,50,0.9,"[0.36288446329541557, 8.558351993560791]"
F102013,10,50,1.0,"[0.36288446329541557, 9.583436250686646]"
F102013,30,0,0.01,"[6160.74884731865, 0.4672214984893799]"
F102013,30,0,0.1,"[0.7295355159134829, 4.619295835494995]"
F102013,30,0,0.2,"[0.518544438194283, 10.202566623687744]"
F102013,30,0,0.3,"[0.518544438194283, 14.8098304271698]"
F102013,30,0,0.4,"[0.518544438194283, 19.411088705062866]"
F102013,30,0,0.5,"[0.518544438194283, 24.029528379440308]"
F102013,30,0,0.6,"[0.4531283790150269, 28.61617422103882]"
F102013,30,0,0.7,"[0.4531283790150269, 33.2023868560791]"
F102013,30,0,0.8,"[0.4531283790150269, 37.774468660354614]"
F102013,30,0,0.9,"[0.4531283790150269, 42.3715443611145]"
F102013,30,0,1.0,"[0.4531283790150269, 46.947431325912476]"
F102013,30,1,0.01,"[11960.843327718827, 0.46726083755493164]"
F102013,30,1,0.1,"[1.1306775557088145, 4.644882678985596]"
F102013,30,1,0.2,"[0.3424757021988398, 9.293704986572266]"
F102013,30,1,0.3,"[0.3424757021988398, 13.93022894859314]"
F102013,30,1,0.4,"[0.3424757021988398, 18.550366401672363]"
F102013,30,1,0.5,"[0.3424757021988398, 23.18324613571167]"
F102013,30,1,0.6,"[0.3424757021988398, 27.788984775543213]"
F102013,30,1,0.7,"[0.3424757021988398, 32.38937711715698]"
F102013,30,1,0.8,"[0.3424757021988398, 36.9961884021759]"
F102013,30,1,0.9,"[0.3424757021988398, 41.613330602645874]"
F102013,30,1,1.0,"[0.3424757021988398, 46.19271683692932]"
F102013,30,2,0.01,"[13809.413791511424, 0.46120691299438477]"
F102013,30,2,0.1,"[1.295951190512767, 4.594727993011475]"
F102013,30,2,0.2,"[0.6538905367878556, 9.147786855697632]"
F102013,30,2,0.3,"[0.5359553853416514, 13.68624210357666]"
F102013,30,2,0.4,"[0.5153561052389364, 18.245436668395996]"
F102013,30,2,0.5,"[0.5153561052389364, 22.7962749004364]"
F102013,30,2,0.6,"[0.5153561052389364, 27.348028898239136]"
F102013,30,2,0.7,"[0.5153561052389364, 31.92333960533142]"
F102013,30,2,0.8,"[0.5153561052389364, 36.48399829864502]"
F102013,30,2,0.9,"[0.40400782888144704, 41.046769857406616]"
F102013,30,2,1.0,"[0.40400782888144704, 45.61067080497742]"
F102013,30,3,0.01,"[4591.389572143193, 0.4625277519226074]"
F102013,30,3,0.1,"[0.7278286116364256, 4.600156545639038]"
F102013,30,3,0.2,"[0.7278286116364256, 9.147842168807983]"
F102013,30,3,0.3,"[0.5927229723487812, 13.688939094543457]"
F102013,30,3,0.4,"[0.5927229723487812, 18.220009326934814]"
F102013,30,3,0.5,"[0.5927229723487812, 22.765074253082275]"
F102013,30,3,0.6,"[0.5927229723487812, 27.443217754364014]"
F102013,30,3,0.7,"[0.5927229723487812, 32.01500463485718]"
F102013,30,3,0.8,"[0.5927229723487812, 36.58652663230896]"
F102013,30,3,0.9,"[0.5533843933833964, 41.167632818222046]"
F102013,30,3,1.0,"[0.5533843933833964, 45.7190363407135]"
F102013,30,4,0.01,"[13236.192546201168, 0.5468645095825195]"
F102013,30,4,0.1,"[1.039786356730417, 5.646035671234131]"
F102013,30,4,0.2,"[0.5134239813365866, 11.013071775436401]"
F102013,30,4,0.3,"[0.5134239813365866, 15.576688051223755]"
F102013,30,4,0.4,"[0.5134239813365866, 20.14040994644165]"
F102013,30,4,0.5,"[0.5134239813365866, 24.71180486679077]"
F102013,30,4,0.6,"[0.5126264654545594, 29.258795499801636]"
F102013,30,4,0.7,"[0.5126264654545594, 33.84605288505554]"
F102013,30,4,0.8,"[0.5126264654545594, 38.43189835548401]"
F102013,30,4,0.9,"[0.5126264654545594, 43.02402067184448]"
F102013,30,4,1.0,"[0.5126264654545594, 47.59520769119263]"
F102013,30,5,0.01,"[6601.177907366137, 0.46361303329467773]"
F102013,30,5,0.1,"[1.0695593824661387, 4.621442556381226]"
F102013,30,5,0.2,"[0.7233938915549629, 9.19614052772522]"
F102013,30,5,0.3,"[0.4994682905575587, 13.79017686843872]"
F102013,30,5,0.4,"[0.4994682905575587, 18.400960206985474]"
F102013,30,5,0.5,"[0.4258851801198489, 23.030954122543335]"
F102013,30,5,0.6,"[0.4258851801198489, 27.65811252593994]"
F102013,30,5,0.7,"[0.4258851801198489, 32.31036019325256]"
F102013,30,5,0.8,"[0.4258851801198489, 36.92078948020935]"
F102013,30,5,0.9,"[0.4258851801198489, 41.541842222213745]"
F102013,30,5,1.0,"[0.4258851801198489, 46.138587951660156]"
F102013,30,6,0.01,"[4429.38911225805, 0.4627518653869629]"
F102013,30,6,0.1,"[0.8802804529439072, 4.607008934020996]"
F102013,30,6,0.2,"[0.7178266363549142, 9.182758569717407]"
F102013,30,6,0.3,"[0.7178266363549142, 13.758909463882446]"
F102013,30,6,0.4,"[0.5008645805929746, 18.31894588470459]"
F102013,30,6,0.5,"[0.5008645805929746, 22.881975173950195]"
F102013,30,6,0.6,"[0.5008645805929746, 27.4669508934021]"
F102013,30,6,0.7,"[0.5008645805929746, 32.06192660331726]"
F102013,30,6,0.8,"[0.5008645805929746, 36.649303674697876]"
F102013,30,6,0.9,"[0.4494605335498818, 41.2491135597229]"
F102013,30,6,1.0,"[0.4494605335498818, 45.82171630859375]"
F102013,30,7,0.01,"[10221.37888019802, 0.4645826816558838]"
F102013,30,7,0.1,"[1.0154056926241424, 4.65303897857666]"
F102013,30,7,0.2,"[0.7885466342531231, 9.270508050918579]"
F102013,30,7,0.3,"[0.5367896817861606, 13.885084390640259]"
F102013,30,7,0.4,"[0.5367896817861606, 18.479691982269287]"
F102013,30,7,0.5,"[0.5367896817861606, 23.094696283340454]"
F102013,30,7,0.6,"[0.5367896817861606, 27.712571620941162]"
F102013,30,7,0.7,"[0.49427429748755003, 32.33454728126526]"
F102013,30,7,0.8,"[0.49427429748755003, 36.947831869125366]"
F102013,30,7,0.9,"[0.49427429748755003, 41.576122760772705]"
F102013,30,7,1.0,"[0.49427429748755003, 46.21457290649414]"
F102013,30,8,0.01,"[13717.396123215774, 0.4641907215118408]"
F102013,30,8,0.1,"[0.9946037181762222, 4.6287500858306885]"
F102013,30,8,0.2,"[0.6984189083050296, 9.219550848007202]"
F102013,30,8,0.3,"[0.6984189083050296, 13.791072845458984]"
F102013,30,8,0.4,"[0.6669693545791233, 18.34432601928711]"
F102013,30,8,0.5,"[0.6128847368589163, 22.908220291137695]"
F102013,30,8,0.6,"[0.6128847368589163, 27.48718786239624]"
F102013,30,8,0.7,"[0.37215440737020344, 32.08294343948364]"
F102013,30,8,0.8,"[0.37215440737020344, 36.674434185028076]"
F102013,30,8,0.9,"[0.37215440737020344, 41.28107166290283]"
F102013,30,8,1.0,"[0.37215440737020344, 45.87552285194397]"
F102013,30,9,0.01,"[6404.702012908291, 0.464876651763916]"
F102013,30,9,0.1,"[0.7761053845236461, 4.628655195236206]"
F102013,30,9,0.2,"[0.5510146638984565, 9.20282530784607]"
F102013,30,9,0.3,"[0.5348332282505908, 13.793566703796387]"
F102013,30,9,0.4,"[0.5348332282505908, 18.43457865715027]"
F102013,30,9,0.5,"[0.46148711148481425, 23.11600971221924]"
F102013,30,9,0.6,"[0.46148711148481425, 27.789036750793457]"
F102013,30,9,0.7,"[0.46148711148481425, 32.4590208530426]"
F102013,30,9,0.8,"[0.46148711148481425, 37.084120750427246]"
F102013,30,9,0.9,"[0.46148711148481425, 41.73111963272095]"
F102013,30,9,1.0,"[0.40852877315381875, 46.37082552909851]"
F102013,30,10,0.01,"[706.2059008462911, 0.46474719047546387]"
F102013,30,10,0.1,"[0.6840505296613628, 5.013069152832031]"
F102013,30,10,0.2,"[0.6669321892923108, 9.623621463775635]"
F102013,30,10,0.3,"[0.6669321892923108, 14.227275848388672]"
F102013,30,10,0.4,"[0.48169075062770617, 18.801503658294678]"
F102013,30,10,0.5,"[0.48169075062770617, 23.3942129611969]"
F102013,30,10,0.6,"[0.48169075062770617, 27.993372917175293]"
F102013,30,10,0.7,"[0.48169075062770617, 32.609960079193115]"
F102013,30,10,0.8,"[0.48169075062770617, 37.2185423374176]"
F102013,30,10,0.9,"[0.48169075062770617, 41.85031294822693]"
F102013,30,10,1.0,"[0.3608118115321872, 46.464616775512695]"
F102013,30,11,0.01,"[8035.559813831713, 0.46486783027648926]"
F102013,30,11,0.1,"[0.9129532316014206, 4.651064395904541]"
F102013,30,11,0.2,"[0.6102416695875377, 9.277713298797607]"
F102013,30,11,0.3,"[0.6102416695875377, 13.896141767501831]"
F102013,30,11,0.4,"[0.5814494053287262, 18.483896493911743]"
F102013,30,11,0.5,"[0.5610958847622669, 23.070733308792114]"
F102013,30,11,0.6,"[0.37278885885046975, 27.661211729049683]"
F102013,30,11,0.7,"[0.37278885885046975, 32.270281076431274]"
F102013,30,11,0.8,"[0.37278885885046975, 36.893020153045654]"
F102013,30,11,0.9,"[0.37278885885046975, 41.5137882232666]"
F102013,30,11,1.0,"[0.37278885885046975, 46.140748023986816]"
F102013,30,12,0.01,"[6611.247622067507, 0.5358307361602783]"
F102013,30,12,0.1,"[0.8492937687905169, 4.636584281921387]"
F102013,30,12,0.2,"[0.48751080388160517, 9.149722814559937]"
F102013,30,12,0.3,"[0.48751080388160517, 13.66004753112793]"
F102013,30,12,0.4,"[0.48751080388160517, 18.167094469070435]"
F102013,30,12,0.5,"[0.41992818264992593, 22.715156078338623]"
F102013,30,12,0.6,"[0.41992818264992593, 27.307724952697754]"
F102013,30,12,0.7,"[0.41992818264992593, 31.861172199249268]"
F102013,30,12,0.8,"[0.41992818264992593, 36.4356791973114]"
F102013,30,12,0.9,"[0.41992818264992593, 40.98900890350342]"
F102013,30,12,1.0,"[0.41992818264992593, 45.545121908187866]"
F102013,30,13,0.01,"[8194.372411049968, 0.4977908134460449]"
F102013,30,13,0.1,"[0.8935068530751096, 4.7099738121032715]"
F102013,30,13,0.2,"[0.7571619563229319, 9.378154754638672]"
F102013,30,13,0.3,"[0.5409899158970006, 14.035117626190186]"
F102013,30,13,0.4,"[0.4967904677566821, 18.676929473876953]"
F102013,30,13,0.5,"[0.4967904677566821, 23.304092407226562]"
F102013,30,13,0.6,"[0.4967904677566821, 27.934722900390625]"
F102013,30,13,0.7,"[0.4926330553189473, 32.56812262535095]"
F102013,30,13,0.8,"[0.4926330553189473, 37.22230553627014]"
F102013,30,13,0.9,"[0.4926330553189473, 41.85908579826355]"
F102013,30,13,1.0,"[0.4926330553189473, 46.476075172424316]"
F102013,30,14,0.01,"[11845.324337901808, 0.46351003646850586]"
F102013,30,14,0.1,"[0.8070242034303305, 4.649297475814819]"
F102013,30,14,0.2,"[0.7906401486999357, 10.208739280700684]"
F102013,30,14,0.3,"[0.7195702508412296, 15.648834228515625]"
F102013,30,14,0.4,"[0.5713204742389735, 21.067270040512085]"
F102013,30,14,0.5,"[0.5713204742389735, 26.51529884338379]"
F102013,30,14,0.6,"[0.5713204742389735, 31.954134225845337]"
F102013,30,14,0.7,"[0.5713204742389735, 37.39637517929077]"
F102013,30,14,0.8,"[0.5713204742389735, 42.839844703674316]"
F102013,30,14,0.9,"[0.5713204742389735, 47.99089217185974]"
F102013,30,14,1.0,"[0.5713204742389735, 53.26932215690613]"
F102013,30,15,0.01,"[6684.973098468213, 0.4910545349121094]"
F102013,30,15,0.1,"[0.9312254263756472, 4.651689052581787]"
F102013,30,15,0.2,"[0.5949127239024392, 9.243756294250488]"
F102013,30,15,0.3,"[0.5435676233788627, 13.837768316268921]"
F102013,30,15,0.4,"[0.4959818064353385, 18.413724899291992]"
F102013,30,15,0.5,"[0.40514286549824874, 22.981838703155518]"
F102013,30,15,0.6,"[0.40514286549824874, 27.55657649040222]"
F102013,30,15,0.7,"[0.40514286549824874, 32.15066647529602]"
F102013,30,15,0.8,"[0.40514286549824874, 36.75955080986023]"
F102013,30,15,0.9,"[0.3942472423381105, 41.3608078956604]"
F102013,30,15,1.0,"[0.3942472423381105, 45.958911180496216]"
F102013,30,16,0.01,"[15276.97859804483, 0.46723246574401855]"
F102013,30,16,0.1,"[1.30149778725729, 4.6554789543151855]"
F102013,30,16,0.2,"[0.7679229326870427, 9.290939331054688]"
F102013,30,16,0.3,"[0.6861863837150963, 13.907402992248535]"
F102013,30,16,0.4,"[0.6753190151800368, 18.513924837112427]"
F102013,30,16,0.5,"[0.6292955143761105, 23.12160849571228]"
F102013,30,16,0.6,"[0.5300912600883976, 27.738018035888672]"
F102013,30,16,0.7,"[0.5159157450810312, 32.38425612449646]"
F102013,30,16,0.8,"[0.5159157450810312, 37.025121450424194]"
F102013,30,16,0.9,"[0.5159157450810312, 41.67303657531738]"
F102013,30,16,1.0,"[0.5159157450810312, 46.28168869018555]"
F102013,30,17,0.01,"[13126.653163274745, 0.45920348167419434]"
F102013,30,17,0.1,"[0.8628149477776219, 4.548073053359985]"
F102013,30,17,0.2,"[0.7203504669990366, 9.101405620574951]"
F102013,30,17,0.3,"[0.6100427845664171, 13.647804737091064]"
F102013,30,17,0.4,"[0.4854722026179843, 18.19684338569641]"
F102013,30,17,0.5,"[0.4854722026179843, 22.72752857208252]"
F102013,30,17,0.6,"[0.4854722026179843, 27.243968963623047]"
F102013,30,17,0.7,"[0.4854722026179843, 31.76448130607605]"
F102013,30,17,0.8,"[0.47032551120332755, 36.28538227081299]"
F102013,30,17,0.9,"[0.47032551120332755, 40.79775357246399]"
F102013,30,17,1.0,"[0.47032551120332755, 45.30640268325806]"
F102013,30,18,0.01,"[9901.596106854908, 0.45396852493286133]"
F102013,30,18,0.1,"[0.8348322575540692, 4.516918659210205]"
F102013,30,18,0.2,"[0.5891156128208195, 9.006547212600708]"
F102013,30,18,0.3,"[0.28612051617210454, 13.49092149734497]"
F102013,30,18,0.4,"[0.28612051617210454, 17.9585382938385]"
F102013,30,18,0.5,"[0.28612051617210454, 22.442997694015503]"
F102013,30,18,0.6,"[0.28612051617210454, 26.91712999343872]"
F102013,30,18,0.7,"[0.28612051617210454, 31.38208293914795]"
F102013,30,18,0.8,"[0.28612051617210454, 35.86494755744934]"
F102013,30,18,0.9,"[0.28612051617210454, 40.33727407455444]"
F102013,30,18,1.0,"[0.28612051617210454, 44.81652522087097]"
F102013,30,19,0.01,"[11248.002728183961, 0.45453500747680664]"
F102013,30,19,0.1,"[1.005320219148473, 4.51896071434021]"
F102013,30,19,0.2,"[0.5580543932866817, 8.999150037765503]"
F102013,30,19,0.3,"[0.5580543932866817, 13.469154596328735]"
F102013,30,19,0.4,"[0.5580543932866817, 17.951229095458984]"
F102013,30,19,0.5,"[0.5580543932866817, 22.42456817626953]"
F102013,30,19,0.6,"[0.4320626869341595, 26.888391256332397]"
F102013,30,19,0.7,"[0.4320626869341595, 31.383564710617065]"
F102013,30,19,0.8,"[0.4320626869341595, 35.87224316596985]"
F102013,30,19,0.9,"[0.4320626869341595, 40.37639927864075]"
F102013,30,19,1.0,"[0.4320626869341595, 44.863160133361816]"
F102013,30,20,0.01,"[6263.042057219206, 0.4557805061340332]"
F102013,30,20,0.1,"[0.941278091478182, 4.544473648071289]"
F102013,30,20,0.2,"[0.5471113638000702, 9.053882360458374]"
F102013,30,20,0.3,"[0.5471113638000702, 13.582093000411987]"
F102013,30,20,0.4,"[0.536652203606991, 18.11560082435608]"
F102013,30,20,0.5,"[0.536652203606991, 22.63413643836975]"
F102013,30,20,0.6,"[0.4259681588511057, 27.140501260757446]"
F102013,30,20,0.7,"[0.4259681588511057, 31.63150429725647]"
F102013,30,20,0.8,"[0.4259681588511057, 36.14084434509277]"
F102013,30,20,0.9,"[0.4259681588511057, 40.64138460159302]"
F102013,30,20,1.0,"[0.4259681588511057, 45.1362087726593]"
F102013,30,21,0.01,"[11787.594354031686, 0.4816005229949951]"
F102013,30,21,0.1,"[0.8973624598487504, 4.606915473937988]"
F102013,30,21,0.2,"[0.7187164482231765, 9.14686107635498]"
F102013,30,21,0.3,"[0.581622694593193, 13.662392854690552]"
F102013,30,21,0.4,"[0.5737379626988854, 18.174663305282593]"
F102013,30,21,0.5,"[0.5737379626988854, 22.69949984550476]"
F102013,30,21,0.6,"[0.5737379626988854, 27.255202293395996]"
F102013,30,21,0.7,"[0.5737379626988854, 31.817004442214966]"
F102013,30,21,0.8,"[0.5737379626988854, 36.36842894554138]"
F102013,30,21,0.9,"[0.5737379626988854, 40.92861294746399]"
F102013,30,21,1.0,"[0.5737379626988854, 45.492830753326416]"
F102013,30,22,0.01,"[8871.54266369525, 0.4815795421600342]"
F102013,30,22,0.1,"[1.034952798040365, 4.563523769378662]"
F102013,30,22,0.2,"[0.6883002093346136, 9.059448480606079]"
F102013,30,22,0.3,"[0.6883002093346136, 13.541677474975586]"
F102013,30,22,0.4,"[0.6098379299813814, 18.036364316940308]"
F102013,30,22,0.5,"[0.6098379299813814, 22.52693796157837]"
F102013,30,22,0.6,"[0.6098379299813814, 27.028757333755493]"
F102013,30,22,0.7,"[0.4595527939109161, 31.503915548324585]"
F102013,30,22,0.8,"[0.4595527939109161, 35.9955313205719]"
F102013,30,22,0.9,"[0.4595527939109161, 40.49340558052063]"
F102013,30,22,1.0,"[0.4595527939109161, 45.00176668167114]"
F102013,30,23,0.01,"[6823.556807099988, 0.46642136573791504]"
F102013,30,23,0.1,"[1.2204984266107317, 4.662115097045898]"
F102013,30,23,0.2,"[0.5940192011017871, 9.295908212661743]"
F102013,30,23,0.3,"[0.5226467718233039, 13.896939516067505]"
F102013,30,23,0.4,"[0.5226467718233039, 18.474525690078735]"
F102013,30,23,0.5,"[0.5226467718233039, 23.085002422332764]"
F102013,30,23,0.6,"[0.5226467718233039, 27.68933367729187]"
F102013,30,23,0.7,"[0.5226467718233039, 32.28662943840027]"
F102013,30,23,0.8,"[0.5226467718233039, 36.89725995063782]"
F102013,30,23,0.9,"[0.5226467718233039, 41.51284742355347]"
F102013,30,23,1.0,"[0.5226467718233039, 46.117433309555054]"
F102013,30,24,0.01,"[5500.9695244200175, 0.4656674861907959]"
F102013,30,24,0.1,"[0.9839596805491624, 4.628155946731567]"
F102013,30,24,0.2,"[0.825907672018559, 9.299753904342651]"
F102013,30,24,0.3,"[0.7673093793337671, 13.881709814071655]"
F102013,30,24,0.4,"[0.684477427404147, 18.45054268836975]"
F102013,30,24,0.5,"[0.6808193443168875, 23.037959337234497]"
F102013,30,24,0.6,"[0.5046961053670316, 27.628087043762207]"
F102013,30,24,0.7,"[0.5046961053670316, 32.223735332489014]"
F102013,30,24,0.8,"[0.5046961053670316, 36.82320308685303]"
F102013,30,24,0.9,"[0.5046961053670316, 41.438164472579956]"
F102013,30,24,1.0,"[0.5046961053670316, 46.0470027923584]"
F102013,30,25,0.01,"[8694.133943422072, 0.46799302101135254]"
F102013,30,25,0.1,"[0.6756344680207462, 4.656819820404053]"
F102013,30,25,0.2,"[0.6756344680207462, 9.274243354797363]"
F102013,30,25,0.3,"[0.5295401280372403, 13.895357847213745]"
F102013,30,25,0.4,"[0.5295401280372403, 18.469183921813965]"
F102013,30,25,0.5,"[0.5295401280372403, 23.076993703842163]"
F102013,30,25,0.6,"[0.5295401280372403, 27.70355749130249]"
F102013,30,25,0.7,"[0.5295401280372403, 32.341399908065796]"
F102013,30,25,0.8,"[0.5295401280372403, 36.97171926498413]"
F102013,30,25,0.9,"[0.5295401280372403, 41.610554933547974]"
F102013,30,25,1.0,"[0.5295401280372403, 46.22702598571777]"
F102013,30,26,0.01,"[12540.71991178191, 0.4652276039123535]"
F102013,30,26,0.1,"[1.2241287056733086, 4.65890908241272]"
F102013,30,26,0.2,"[0.5413891244181173, 9.279078483581543]"
F102013,30,26,0.3,"[0.5413891244181173, 13.878684282302856]"
F102013,30,26,0.4,"[0.5413891244181173, 18.46574378013611]"
F102013,30,26,0.5,"[0.5413891244181173, 23.05969214439392]"
F102013,30,26,0.6,"[0.5413891244181173, 27.678210735321045]"
F102013,30,26,0.7,"[0.5413891244181173, 32.29769158363342]"
F102013,30,26,0.8,"[0.5297669358400299, 36.9215624332428]"
F102013,30,26,0.9,"[0.5297669358400299, 41.562195777893066]"
F102013,30,26,1.0,"[0.4450034484735852, 46.19934964179993]"
F102013,30,27,0.01,"[8438.203303517468, 0.4832034111022949]"
F102013,30,27,0.1,"[0.857641822022515, 4.661216974258423]"
F102013,30,27,0.2,"[0.5122583006977379, 9.316350221633911]"
F102013,30,27,0.3,"[0.5122583006977379, 13.954836130142212]"
F102013,30,27,0.4,"[0.5122583006977379, 18.584087371826172]"
F102013,30,27,0.5,"[0.45900567148942173, 23.22188377380371]"
F102013,30,27,0.6,"[0.45900567148942173, 27.84428071975708]"
F102013,30,27,0.7,"[0.45900567148942173, 32.46760821342468]"
F102013,30,27,0.8,"[0.45900567148942173, 37.076393127441406]"
F102013,30,27,0.9,"[0.45900567148942173, 41.69253134727478]"
F102013,30,27,1.0,"[0.45900567148942173, 46.29711580276489]"
F102013,30,28,0.01,"[11863.988673134163, 0.46443748474121094]"
F102013,30,28,0.1,"[0.9674040946667901, 4.642257213592529]"
F102013,30,28,0.2,"[0.7095112592330679, 9.247944831848145]"
F102013,30,28,0.3,"[0.6071657433643622, 13.8593590259552]"
F102013,30,28,0.4,"[0.5191599647018279, 18.440143823623657]"
F102013,30,28,0.5,"[0.5191599647018279, 23.063828468322754]"
F102013,30,28,0.6,"[0.5170811842747298, 27.683727979660034]"
F102013,30,28,0.7,"[0.5170811842747298, 32.296157121658325]"
F102013,30,28,0.8,"[0.5170811842747298, 36.92747473716736]"
F102013,30,28,0.9,"[0.5170811842747298, 41.54860281944275]"
F102013,30,28,1.0,"[0.5170811842747298, 46.164146423339844]"
F102013,30,29,0.01,"[2459.0940485638557, 0.4781951904296875]"
F102013,30,29,0.1,"[0.9345615466525032, 4.652112245559692]"
F102013,30,29,0.2,"[0.5852693170313614, 9.276547193527222]"
F102013,30,29,0.3,"[0.5852693170313614, 13.90476942062378]"
F102013,30,29,0.4,"[0.5852693170313614, 18.509105682373047]"
F102013,30,29,0.5,"[0.5852693170313614, 23.123511791229248]"
F102013,30,29,0.6,"[0.566217089307429, 27.726861476898193]"
F102013,30,29,0.7,"[0.566217089307429, 32.34678268432617]"
F102013,30,29,0.8,"[0.5402961360538825, 36.968000650405884]"
F102013,30,29,0.9,"[0.5396007615350982, 41.60063433647156]"
F102013,30,29,1.0,"[0.5396007615350982, 46.23843598365784]"
F102013,30,30,0.01,"[13068.554995158232, 0.490612268447876]"
F102013,30,30,0.1,"[0.9715771490758129, 4.656714916229248]"
F102013,30,30,0.2,"[0.7506634112925781, 9.256523132324219]"
F102013,30,30,0.3,"[0.728790832254333, 13.823230981826782]"
F102013,30,30,0.4,"[0.5459247441447701, 18.374485731124878]"
F102013,30,30,0.5,"[0.48551672695788284, 22.948011875152588]"
F102013,30,30,0.6,"[0.48551672695788284, 27.510539054870605]"
F102013,30,30,0.7,"[0.48551672695788284, 32.09808349609375]"
F102013,30,30,0.8,"[0.48551672695788284, 36.694225549697876]"
F102013,30,30,0.9,"[0.48551672695788284, 41.29850363731384]"
F102013,30,30,1.0,"[0.48551672695788284, 45.902486085891724]"
F102013,30,31,0.01,"[17846.82132853825, 0.46495747566223145]"
F102013,30,31,0.1,"[1.1925155981097078, 4.65864372253418]"
F102013,30,31,0.2,"[0.7109267647377351, 9.28144359588623]"
F102013,30,31,0.3,"[0.5358316652703934, 13.904675722122192]"
F102013,30,31,0.4,"[0.5358316652703934, 18.497339963912964]"
F102013,30,31,0.5,"[0.5358316652703934, 23.103435277938843]"
F102013,30,31,0.6,"[0.5358316652703934, 27.706015825271606]"
F102013,30,31,0.7,"[0.5358316652703934, 32.32667875289917]"
F102013,30,31,0.8,"[0.5358316652703934, 36.92523789405823]"
F102013,30,31,0.9,"[0.5358316652703934, 41.526312589645386]"
F102013,30,31,1.0,"[0.5358316652703934, 46.13678956031799]"
F102013,30,32,0.01,"[9953.46944149471, 0.49226951599121094]"
F102013,30,32,0.1,"[0.6331221471821209, 4.712877511978149]"
F102013,30,32,0.2,"[0.6101200032795759, 9.336683750152588]"
F102013,30,32,0.3,"[0.6101200032795759, 13.943618535995483]"
F102013,30,32,0.4,"[0.6101200032795759, 18.55049228668213]"
F102013,30,32,0.5,"[0.6101200032795759, 23.167035579681396]"
F102013,30,32,0.6,"[0.6101200032795759, 27.79120707511902]"
F102013,30,32,0.7,"[0.6101200032795759, 32.42210292816162]"
F102013,30,32,0.8,"[0.6101200032795759, 37.05174016952515]"
F102013,30,32,0.9,"[0.6101200032795759, 41.6960723400116]"
F102013,30,32,1.0,"[0.6101200032795759, 46.334510803222656]"
F102013,30,33,0.01,"[6295.253895005724, 0.4667973518371582]"
F102013,30,33,0.1,"[0.7531886740229652, 4.848772287368774]"
F102013,30,33,0.2,"[0.733302959666787, 9.537447452545166]"
F102013,30,33,0.3,"[0.6336283445883737, 14.174115657806396]"
F102013,30,33,0.4,"[0.6336283445883737, 18.782783269882202]"
F102013,30,33,0.5,"[0.6336283445883737, 23.41666054725647]"
F102013,30,33,0.6,"[0.6336283445883737, 28.018879413604736]"
F102013,30,33,0.7,"[0.6336283445883737, 32.62825584411621]"
F102013,30,33,0.8,"[0.6336283445883737, 37.22164702415466]"
F102013,30,33,0.9,"[0.5822463722043381, 41.83697009086609]"
F102013,30,33,1.0,"[0.41239879980525984, 46.408612966537476]"
F102013,30,34,0.01,"[6886.185783528808, 0.46654319763183594]"
F102013,30,34,0.1,"[0.8284323735614407, 4.632702112197876]"
F102013,30,34,0.2,"[0.5116429556157414, 9.351435661315918]"
F102013,30,34,0.3,"[0.5116429556157414, 13.986619234085083]"
F102013,30,34,0.4,"[0.5116429556157414, 18.598240613937378]"
F102013,30,34,0.5,"[0.5116429556157414, 23.236740112304688]"
F102013,30,34,0.6,"[0.5116429556157414, 27.870815753936768]"
F102013,30,34,0.7,"[0.5116429556157414, 32.47295570373535]"
F102013,30,34,0.8,"[0.5116429556157414, 37.07193994522095]"
F102013,30,34,0.9,"[0.5116429556157414, 41.687044858932495]"
F102013,30,34,1.0,"[0.5116429556157414, 46.26955986022949]"
F102013,30,35,0.01,"[11992.446255296894, 0.5208239555358887]"
F102013,30,35,0.1,"[1.338862537069474, 4.664519786834717]"
F102013,30,35,0.2,"[0.5817042885204273, 9.226779699325562]"
F102013,30,35,0.3,"[0.5136675715822889, 13.78268027305603]"
F102013,30,35,0.4,"[0.5136675715822889, 18.322627305984497]"
F102013,30,35,0.5,"[0.5136675715822889, 22.887508630752563]"
F102013,30,35,0.6,"[0.5136675715822889, 27.45665407180786]"
F102013,30,35,0.7,"[0.5136675715822889, 32.047046184539795]"
F102013,30,35,0.8,"[0.5136675715822889, 36.62320423126221]"
F102013,30,35,0.9,"[0.5136675715822889, 41.21748876571655]"
F102013,30,35,1.0,"[0.5136675715822889, 45.781198263168335]"
F102013,30,36,0.01,"[11973.935822898426, 0.5275111198425293]"
F102013,30,36,0.1,"[0.8542416298597573, 4.679903745651245]"
F102013,30,36,0.2,"[0.46395435583679046, 9.254317045211792]"
F102013,30,36,0.3,"[0.46395435583679046, 13.830008506774902]"
F102013,30,36,0.4,"[0.4614365223030177, 18.38585591316223]"
F102013,30,36,0.5,"[0.4614365223030177, 22.945326566696167]"
F102013,30,36,0.6,"[0.4614365223030177, 27.508191108703613]"
F102013,30,36,0.7,"[0.4614365223030177, 32.10019111633301]"
F102013,30,36,0.8,"[0.4614365223030177, 36.67520809173584]"
F102013,30,36,0.9,"[0.4346304274306476, 41.26540994644165]"
F102013,30,36,1.0,"[0.4346304274306476, 45.83249115943909]"
F102013,30,37,0.01,"[13108.857485256869, 0.46633338928222656]"
F102013,30,37,0.1,"[1.4506669811894994, 4.645462512969971]"
F102013,30,37,0.2,"[0.6115086345732834, 9.699135541915894]"
F102013,30,37,0.3,"[0.5457785628591978, 14.325063467025757]"
F102013,30,37,0.4,"[0.5457785628591978, 18.93491554260254]"
F102013,30,37,0.5,"[0.5457785628591978, 23.558390855789185]"
F102013,30,37,0.6,"[0.5457785628591978, 28.153239727020264]"
F102013,30,37,0.7,"[0.3620572608932662, 32.77840757369995]"
F102013,30,37,0.8,"[0.3620572608932662, 37.41227746009827]"
F102013,30,37,0.9,"[0.3620572608932662, 42.064308166503906]"
F102013,30,37,1.0,"[0.3620572608932662, 46.693278312683105]"
F102013,30,38,0.01,"[6993.581667707088, 0.47518205642700195]"
F102013,30,38,0.1,"[0.9443398153883322, 4.663845777511597]"
F102013,30,38,0.2,"[0.6455198854854984, 9.297993183135986]"
F102013,30,38,0.3,"[0.6455198854854984, 13.925421237945557]"
F102013,30,38,0.4,"[0.6455198854854984, 18.552866220474243]"
F102013,30,38,0.5,"[0.6455198854854984, 23.16953206062317]"
F102013,30,38,0.6,"[0.6455198854854984, 27.77842402458191]"
F102013,30,38,0.7,"[0.5096786986692337, 32.41994905471802]"
F102013,30,38,0.8,"[0.5096786986692337, 37.07113289833069]"
F102013,30,38,0.9,"[0.5096786986692337, 41.72468709945679]"
F102013,30,38,1.0,"[0.5096786986692337, 46.37951469421387]"
F102013,30,39,0.01,"[4656.913169388212, 0.5186736583709717]"
F102013,30,39,0.1,"[0.8096704352556685, 4.696576118469238]"
F102013,30,39,0.2,"[0.6391571368821474, 9.345947027206421]"
F102013,30,39,0.3,"[0.5833518591705911, 13.969066858291626]"
F102013,30,39,0.4,"[0.5833518591705911, 18.575483798980713]"
F102013,30,39,0.5,"[0.5059342652934902, 23.161267042160034]"
F102013,30,39,0.6,"[0.44659133202242174, 27.773895740509033]"
F102013,30,39,0.7,"[0.44659133202242174, 32.40285634994507]"
F102013,30,39,0.8,"[0.44659133202242174, 37.05313754081726]"
F102013,30,39,0.9,"[0.44659133202242174, 41.6974401473999]"
F102013,30,39,1.0,"[0.38113256697971565, 46.323821783065796]"
F102013,30,40,0.01,"[6105.592263716003, 0.4632108211517334]"
F102013,30,40,0.1,"[0.858381707578701, 4.602782964706421]"
F102013,30,40,0.2,"[0.5249942844929478, 9.265480995178223]"
F102013,30,40,0.3,"[0.5249942844929478, 13.820817947387695]"
F102013,30,40,0.4,"[0.5249942844929478, 18.37801456451416]"
F102013,30,40,0.5,"[0.5249942844929478, 22.941524982452393]"
F102013,30,40,0.6,"[0.5249942844929478, 27.510713577270508]"
F102013,30,40,0.7,"[0.5249942844929478, 32.094013690948486]"
F102013,30,40,0.8,"[0.5249942844929478, 36.67380976676941]"
F102013,30,40,0.9,"[0.5249942844929478, 41.268479347229004]"
F102013,30,40,1.0,"[0.5249942844929478, 45.84080648422241]"
F102013,30,41,0.01,"[6386.058474714611, 0.48694419860839844]"
F102013,30,41,0.1,"[0.9471295920873217, 4.63255763053894]"
F102013,30,41,0.2,"[0.5614505508776233, 9.203110218048096]"
F102013,30,41,0.3,"[0.5614505508776233, 13.758570194244385]"
F102013,30,41,0.4,"[0.5614505508776233, 18.311440229415894]"
F102013,30,41,0.5,"[0.5614505508776233, 22.87621259689331]"
F102013,30,41,0.6,"[0.5614505508776233, 27.444040536880493]"
F102013,30,41,0.7,"[0.5614505508776233, 32.03721356391907]"
F102013,30,41,0.8,"[0.5614505508776233, 36.624547243118286]"
F102013,30,41,0.9,"[0.5614505508776233, 41.23255705833435]"
F102013,30,41,1.0,"[0.5614505508776233, 45.81308197975159]"
F102013,30,42,0.01,"[9924.590435205811, 0.4897034168243408]"
F102013,30,42,0.1,"[0.6511924058116847, 4.663890361785889]"
F102013,30,42,0.2,"[0.5458080212544019, 9.250091552734375]"
F102013,30,42,0.3,"[0.5458080212544019, 13.838376760482788]"
F102013,30,42,0.4,"[0.49405252020812895, 18.485969066619873]"
F102013,30,42,0.5,"[0.49405252020812895, 23.146105766296387]"
F102013,30,42,0.6,"[0.49405252020812895, 27.802563428878784]"
F102013,30,42,0.7,"[0.49405252020812895, 32.47355937957764]"
F102013,30,42,0.8,"[0.46170871625764676, 37.09335279464722]"
F102013,30,42,0.9,"[0.46170871625764676, 41.73234724998474]"
F102013,30,42,1.0,"[0.46170871625764676, 46.366297006607056]"
F102013,30,43,0.01,"[6225.219373211047, 0.46530938148498535]"
F102013,30,43,0.1,"[0.7838566256371564, 4.660886526107788]"
F102013,30,43,0.2,"[0.542276855285138, 9.251849889755249]"
F102013,30,43,0.3,"[0.542276855285138, 13.865058183670044]"
F102013,30,43,0.4,"[0.542276855285138, 18.511300563812256]"
F102013,30,43,0.5,"[0.542276855285138, 23.158026933670044]"
F102013,30,43,0.6,"[0.542276855285138, 27.809678077697754]"
F102013,30,43,0.7,"[0.4945333054151888, 32.495534896850586]"
F102013,30,43,0.8,"[0.4945333054151888, 37.13968873023987]"
F102013,30,43,0.9,"[0.4945333054151888, 41.786473512649536]"
F102013,30,43,1.0,"[0.4164580964526863, 46.417635917663574]"
F102013,30,44,0.01,"[10641.65343985424, 0.4631681442260742]"
F102013,30,44,0.1,"[0.9982971637626861, 4.597154140472412]"
F102013,30,44,0.2,"[0.5793735591129803, 9.24952745437622]"
F102013,30,44,0.3,"[0.5793735591129803, 13.807557821273804]"
F102013,30,44,0.4,"[0.48359107087463826, 18.35632085800171]"
F102013,30,44,0.5,"[0.48359107087463826, 22.95565962791443]"
F102013,30,44,0.6,"[0.48359107087463826, 27.57708168029785]"
F102013,30,44,0.7,"[0.48359107087463826, 32.16419315338135]"
F102013,30,44,0.8,"[0.48359107087463826, 36.76403522491455]"
F102013,30,44,0.9,"[0.48359107087463826, 41.341185569763184]"
F102013,30,44,1.0,"[0.48359107087463826, 45.916319608688354]"
F102013,30,45,0.01,"[12002.530464950996, 0.46157026290893555]"
F102013,30,45,0.1,"[1.3219829886162984, 4.607069730758667]"
F102013,30,45,0.2,"[0.7532292256731807, 10.27330732345581]"
F102013,30,45,0.3,"[0.7532292256731807, 14.87964940071106]"
F102013,30,45,0.4,"[0.721068026588398, 19.463683366775513]"
F102013,30,45,0.5,"[0.721068026588398, 24.055384635925293]"
F102013,30,45,0.6,"[0.6292185797234993, 28.607287168502808]"
F102013,30,45,0.7,"[0.6173637014643987, 33.174585819244385]"
F102013,30,45,0.8,"[0.6173637014643987, 37.74532961845398]"
F102013,30,45,0.9,"[0.6173637014643987, 42.317596435546875]"
F102013,30,45,1.0,"[0.5168685732729159, 46.85996103286743]"
F102013,30,46,0.01,"[7670.358301946534, 0.45647716522216797]"
F102013,30,46,0.1,"[0.8769426609617881, 4.532930850982666]"
F102013,30,46,0.2,"[0.544506343558055, 9.526686906814575]"
F102013,30,46,0.3,"[0.5284502125313679, 14.056416988372803]"
F102013,30,46,0.4,"[0.4044905849151519, 18.558305025100708]"
F102013,30,46,0.5,"[0.4044905849151519, 23.049347400665283]"
F102013,30,46,0.6,"[0.4044905849151519, 27.523261547088623]"
F102013,30,46,0.7,"[0.4044905849151519, 32.00937628746033]"
F102013,30,46,0.8,"[0.4044905849151519, 36.50934362411499]"
F102013,30,46,0.9,"[0.4044905849151519, 40.99829316139221]"
F102013,30,46,1.0,"[0.4044905849151519, 45.46653890609741]"
F102013,30,47,0.01,"[14542.757823527767, 0.46206068992614746]"
F102013,30,47,0.1,"[0.8903428428378106, 4.571804046630859]"
F102013,30,47,0.2,"[0.6258020184784527, 9.142487287521362]"
F102013,30,47,0.3,"[0.6258020184784527, 13.71298098564148]"
F102013,30,47,0.4,"[0.6258020184784527, 18.258362531661987]"
F102013,30,47,0.5,"[0.6258020184784527, 22.830275297164917]"
F102013,30,47,0.6,"[0.5457703037458828, 27.412441730499268]"
F102013,30,47,0.7,"[0.5457703037458828, 31.95958924293518]"
F102013,30,47,0.8,"[0.5457703037458828, 36.493626832962036]"
F102013,30,47,0.9,"[0.5457703037458828, 41.047704219818115]"
F102013,30,47,1.0,"[0.5457703037458828, 45.575000524520874]"
F102013,30,48,0.01,"[10435.499705294076, 0.4563271999359131]"
F102013,30,48,0.1,"[1.126646348945087, 4.565593481063843]"
F102013,30,48,0.2,"[0.6717362787475167, 9.101821184158325]"
F102013,30,48,0.3,"[0.6440616319452488, 14.007201433181763]"
F102013,30,48,0.4,"[0.5899660253185743, 18.542362213134766]"
F102013,30,48,0.5,"[0.5899660253185743, 23.068366527557373]"
F102013,30,48,0.6,"[0.5899660253185743, 27.576546907424927]"
F102013,30,48,0.7,"[0.5899660253185743, 32.098201274871826]"
F102013,30,48,0.8,"[0.5202791914682052, 36.618364334106445]"
F102013,30,48,0.9,"[0.5202791914682052, 41.12114238739014]"
F102013,30,48,1.0,"[0.5202791914682052, 45.62579917907715]"
F102013,30,49,0.01,"[8108.207077903137, 0.44987964630126953]"
F102013,30,49,0.1,"[0.8429992265560031, 4.459996223449707]"
F102013,30,49,0.2,"[0.512794272728172, 8.926246881484985]"
F102013,30,49,0.3,"[0.512794272728172, 13.394669771194458]"
F102013,30,49,0.4,"[0.512794272728172, 17.843745470046997]"
F102013,30,49,0.5,"[0.512794272728172, 22.318893432617188]"
F102013,30,49,0.6,"[0.512794272728172, 26.787931203842163]"
F102013,30,49,0.7,"[0.512794272728172, 31.25623083114624]"
F102013,30,49,0.8,"[0.512794272728172, 35.72745609283447]"
F102013,30,49,0.9,"[0.512794272728172, 40.19079351425171]"
F102013,30,49,1.0,"[0.4931922935551256, 44.66848564147949]"
F102013,30,50,0.01,"[7951.231630071746, 0.4582641124725342]"
F102013,30,50,0.1,"[1.0774601804201325, 4.586430549621582]"
F102013,30,50,0.2,"[0.7068243728951416, 9.154796600341797]"
F102013,30,50,0.3,"[0.7068243728951416, 13.729552745819092]"
F102013,30,50,0.4,"[0.6707608213487788, 18.28130030632019]"
F102013,30,50,0.5,"[0.41755906864597137, 22.85179615020752]"
F102013,30,50,0.6,"[0.41755906864597137, 27.42125701904297]"
F102013,30,50,0.7,"[0.41755906864597137, 31.987327337265015]"
F102013,30,50,0.8,"[0.41755906864597137, 36.530824422836304]"
F102013,30,50,0.9,"[0.41755906864597137, 41.08411169052124]"
F102013,30,50,1.0,"[0.41755906864597137, 45.63099670410156]"
F102013,50,0,0.01,"[6542.825727491664, 1.1379451751708984]"
F102013,50,0,0.1,"[0.7893072133393275, 11.262468576431274]"
F102013,50,0,0.2,"[0.6411414695960502, 22.47648549079895]"
F102013,50,0,0.3,"[0.6411414695960502, 33.66408038139343]"
F102013,50,0,0.4,"[0.6411414695960502, 44.880337715148926]"
F102013,50,0,0.5,"[0.5336015847507269, 56.05921697616577]"
F102013,50,0,0.6,"[0.5336015847507269, 67.28276228904724]"
F102013,50,0,0.7,"[0.5336015847507269, 78.41055941581726]"
F102013,50,0,0.8,"[0.5336015847507269, 89.58706140518188]"
F102013,50,0,0.9,"[0.5336015847507269, 100.65931129455566]"
F102013,50,0,1.0,"[0.5022941991156813, 111.68981289863586]"
F102013,50,1,0.01,"[12032.273548466594, 1.122112512588501]"
F102013,50,1,0.1,"[0.9027108597585425, 11.162569284439087]"
F102013,50,1,0.2,"[0.6140161578221637, 22.3026180267334]"
F102013,50,1,0.3,"[0.5221094457102708, 33.45361542701721]"
F102013,50,1,0.4,"[0.5221094457102708, 44.63646101951599]"
F102013,50,1,0.5,"[0.5221094457102708, 55.78209567070007]"
F102013,50,1,0.6,"[0.5221094457102708, 66.97079968452454]"
F102013,50,1,0.7,"[0.5221094457102708, 78.06097483634949]"
F102013,50,1,0.8,"[0.5221094457102708, 89.17436504364014]"
F102013,50,1,0.9,"[0.5221094457102708, 100.23322415351868]"
F102013,50,1,1.0,"[0.5221094457102708, 111.29687213897705]"
F102013,50,2,0.01,"[8186.718974480974, 1.1234912872314453]"
F102013,50,2,0.1,"[0.8273450884566955, 11.16677474975586]"
F102013,50,2,0.2,"[0.805724724052368, 22.316121578216553]"
F102013,50,2,0.3,"[0.4440404799967155, 33.45851993560791]"
F102013,50,2,0.4,"[0.4440404799967155, 44.64978384971619]"
F102013,50,2,0.5,"[0.4440404799967155, 55.815494775772095]"
F102013,50,2,0.6,"[0.4440404799967155, 67.01084733009338]"
F102013,50,2,0.7,"[0.4440404799967155, 78.12813472747803]"
F102013,50,2,0.8,"[0.4440404799967155, 89.27837038040161]"
F102013,50,2,0.9,"[0.4440404799967155, 100.36564350128174]"
F102013,50,2,1.0,"[0.4440404799967155, 111.4469313621521]"
F102013,50,3,0.01,"[6430.064184639414, 1.137998104095459]"
F102013,50,3,0.1,"[0.6659754151276616, 11.28618574142456]"
F102013,50,3,0.2,"[0.5652392328705673, 22.47725558280945]"
F102013,50,3,0.3,"[0.5652392328705673, 33.61502432823181]"
F102013,50,3,0.4,"[0.5652392328705673, 44.76165199279785]"
F102013,50,3,0.5,"[0.5652392328705673, 55.91672468185425]"
F102013,50,3,0.6,"[0.5652392328705673, 67.10704565048218]"
F102013,50,3,0.7,"[0.5652392328705673, 78.33961009979248]"
F102013,50,3,0.8,"[0.5652392328705673, 89.53141951560974]"
F102013,50,3,0.9,"[0.526321493329533, 100.66830253601074]"
F102013,50,3,1.0,"[0.526321493329533, 111.82200527191162]"
F102013,50,4,0.01,"[10260.62231991457, 1.122300386428833]"
F102013,50,4,0.1,"[0.8326606071270248, 11.149497747421265]"
F102013,50,4,0.2,"[0.6427192739297425, 22.220036029815674]"
F102013,50,4,0.3,"[0.5613431904440631, 33.26476526260376]"
F102013,50,4,0.4,"[0.5613431904440631, 44.321131229400635]"
F102013,50,4,0.5,"[0.5613431904440631, 55.40958619117737]"
F102013,50,4,0.6,"[0.5613431904440631, 66.51540851593018]"
F102013,50,4,0.7,"[0.5613431904440631, 77.66241121292114]"
F102013,50,4,0.8,"[0.5507278054201379, 88.74203324317932]"
F102013,50,4,0.9,"[0.5507278054201379, 99.79207515716553]"
F102013,50,4,1.0,"[0.4185531026388958, 110.85622525215149]"
F102013,50,5,0.01,"[21951.01210593608, 1.1176068782806396]"
F102013,50,5,0.1,"[0.8533846692636757, 11.127316951751709]"
F102013,50,5,0.2,"[0.6392029344998491, 22.232865571975708]"
F102013,50,5,0.3,"[0.5357327797106564, 33.31826853752136]"
F102013,50,5,0.4,"[0.5357327797106564, 44.453946113586426]"
F102013,50,5,0.5,"[0.5357327797106564, 55.56293559074402]"
F102013,50,5,0.6,"[0.5357327797106564, 66.67660927772522]"
F102013,50,5,0.7,"[0.5357327797106564, 77.67098879814148]"
F102013,50,5,0.8,"[0.5357327797106564, 88.69082736968994]"
F102013,50,5,0.9,"[0.5357327797106564, 99.64625716209412]"
F102013,50,5,1.0,"[0.5357327797106564, 110.6082980632782]"
F102013,50,6,0.01,"[7017.220907040545, 1.1282730102539062]"
F102013,50,6,0.1,"[0.7795041942165426, 11.226809024810791]"
F102013,50,6,0.2,"[0.68474150880445, 22.4226975440979]"
F102013,50,6,0.3,"[0.4713029575393648, 33.61123991012573]"
F102013,50,6,0.4,"[0.42623185463691016, 44.84138631820679]"
F102013,50,6,0.5,"[0.42623185463691016, 56.01231551170349]"
F102013,50,6,0.6,"[0.42623185463691016, 67.22134637832642]"
F102013,50,6,0.7,"[0.42623185463691016, 78.35602140426636]"
F102013,50,6,0.8,"[0.42623185463691016, 89.5300931930542]"
F102013,50,6,0.9,"[0.42623185463691016, 100.73392868041992]"
F102013,50,6,1.0,"[0.42623185463691016, 111.85914778709412]"
F102013,50,7,0.01,"[14399.09129054026, 1.1171376705169678]"
F102013,50,7,0.1,"[0.8412979171176858, 11.11320161819458]"
F102013,50,7,0.2,"[0.4813607232244408, 22.210692167282104]"
F102013,50,7,0.3,"[0.4813607232244408, 33.306883335113525]"
F102013,50,7,0.4,"[0.4813607232244408, 44.42401123046875]"
F102013,50,7,0.5,"[0.4813607232244408, 55.52433395385742]"
F102013,50,7,0.6,"[0.4813607232244408, 66.65944123268127]"
F102013,50,7,0.7,"[0.4813607232244408, 77.70983839035034]"
F102013,50,7,0.8,"[0.4813607232244408, 88.78657031059265]"
F102013,50,7,0.9,"[0.4813607232244408, 99.8004412651062]"
F102013,50,7,1.0,"[0.4813607232244408, 110.81672215461731]"
F102013,50,8,0.01,"[18362.73223539068, 1.1314067840576172]"
F102013,50,8,0.1,"[0.7990384979108853, 11.255595445632935]"
F102013,50,8,0.2,"[0.5518224730017778, 22.482801914215088]"
F102013,50,8,0.3,"[0.5518224730017778, 33.712451457977295]"
F102013,50,8,0.4,"[0.5518224730017778, 44.95374274253845]"
F102013,50,8,0.5,"[0.5518224730017778, 56.21114468574524]"
F102013,50,8,0.6,"[0.48687684508996654, 67.48001265525818]"
F102013,50,8,0.7,"[0.48687684508996654, 78.6887059211731]"
F102013,50,8,0.8,"[0.48687684508996654, 89.9399893283844]"
F102013,50,8,0.9,"[0.48687684508996654, 101.12733197212219]"
F102013,50,8,1.0,"[0.48687684508996654, 112.30527424812317]"
F102013,50,9,0.01,"[14554.020044376313, 1.12982177734375]"
F102013,50,9,0.1,"[0.8660615716872258, 11.232219457626343]"
F102013,50,9,0.2,"[0.6794376098662838, 22.43755030632019]"
F102013,50,9,0.3,"[0.652357376895111, 33.64182710647583]"
F102013,50,9,0.4,"[0.5549290448972215, 44.866926431655884]"
F102013,50,9,0.5,"[0.5549290448972215, 56.044795751571655]"
F102013,50,9,0.6,"[0.5549290448972215, 67.26829481124878]"
F102013,50,9,0.7,"[0.5297315416730726, 78.40994572639465]"
F102013,50,9,0.8,"[0.43962846627385943, 89.59460401535034]"
F102013,50,9,0.9,"[0.43962846627385943, 100.78611755371094]"
F102013,50,9,1.0,"[0.43962846627385943, 111.90714716911316]"
F102013,50,10,0.01,"[12301.180280639586, 1.1267671585083008]"
F102013,50,10,0.1,"[0.9048583602789222, 11.223434209823608]"
F102013,50,10,0.2,"[0.5383316778613221, 22.440357208251953]"
F102013,50,10,0.3,"[0.5383316778613221, 33.63146352767944]"
F102013,50,10,0.4,"[0.5383316778613221, 44.88319277763367]"
F102013,50,10,0.5,"[0.5383316778613221, 56.128923177719116]"
F102013,50,10,0.6,"[0.5383316778613221, 67.38629007339478]"
F102013,50,10,0.7,"[0.5383316778613221, 78.61902141571045]"
F102013,50,10,0.8,"[0.5383316778613221, 89.79233121871948]"
F102013,50,10,0.9,"[0.5383316778613221, 100.93667268753052]"
F102013,50,10,1.0,"[0.5383316778613221, 112.11460089683533]"
F102013,50,11,0.01,"[14121.667190918706, 1.130594253540039]"
F102013,50,11,0.1,"[0.7701062425323926, 11.238904476165771]"
F102013,50,11,0.2,"[0.7606466183243015, 22.450015544891357]"
F102013,50,11,0.3,"[0.36254504931093834, 33.66051149368286]"
F102013,50,11,0.4,"[0.36254504931093834, 44.88740086555481]"
F102013,50,11,0.5,"[0.36254504931093834, 56.14043092727661]"
F102013,50,11,0.6,"[0.36254504931093834, 67.40427470207214]"
F102013,50,11,0.7,"[0.36254504931093834, 78.60345888137817]"
F102013,50,11,0.8,"[0.36254504931093834, 89.85855388641357]"
F102013,50,11,0.9,"[0.36254504931093834, 101.04878687858582]"
F102013,50,11,1.0,"[0.36254504931093834, 112.24157810211182]"
F102013,50,12,0.01,"[8987.098477669617, 1.1356189250946045]"
F102013,50,12,0.1,"[0.7793714471984572, 11.27124309539795]"
F102013,50,12,0.2,"[0.6918604719080577, 22.494691610336304]"
F102013,50,12,0.3,"[0.4102503024219004, 33.71475863456726]"
F102013,50,12,0.4,"[0.4102503024219004, 44.963794231414795]"
F102013,50,12,0.5,"[0.4102503024219004, 56.168133020401]"
F102013,50,12,0.6,"[0.4102503024219004, 67.43798089027405]"
F102013,50,12,0.7,"[0.4102503024219004, 78.62368178367615]"
F102013,50,12,0.8,"[0.4102503024219004, 89.8134400844574]"
F102013,50,12,0.9,"[0.4102503024219004, 100.98244762420654]"
F102013,50,12,1.0,"[0.4102503024219004, 112.14826703071594]"
F102013,50,13,0.01,"[12110.967165607588, 1.1305298805236816]"
F102013,50,13,0.1,"[0.7484532944208695, 11.245308637619019]"
F102013,50,13,0.2,"[0.6519157595969887, 22.48673725128174]"
F102013,50,13,0.3,"[0.6025621586026091, 33.70843005180359]"
F102013,50,13,0.4,"[0.4929788982980199, 44.99583888053894]"
F102013,50,13,0.5,"[0.4929788982980199, 56.25152325630188]"
F102013,50,13,0.6,"[0.4929788982980199, 67.53960132598877]"
F102013,50,13,0.7,"[0.4929788982980199, 78.79554915428162]"
F102013,50,13,0.8,"[0.4929788982980199, 90.0164999961853]"
F102013,50,13,0.9,"[0.47844749504929496, 101.22431468963623]"
F102013,50,13,1.0,"[0.47844749504929496, 112.4330666065216]"
F102013,50,14,0.01,"[13006.358444038036, 1.13773512840271]"
F102013,50,14,0.1,"[0.7949465099498525, 11.281001329421997]"
F102013,50,14,0.2,"[0.6181751066290531, 22.52293848991394]"
F102013,50,14,0.3,"[0.6123211003636015, 33.77387475967407]"
F102013,50,14,0.4,"[0.6123211003636015, 45.052456855773926]"
F102013,50,14,0.5,"[0.6123211003636015, 56.2832612991333]"
F102013,50,14,0.6,"[0.6123211003636015, 67.55050158500671]"
F102013,50,14,0.7,"[0.5855268085333023, 78.75719952583313]"
F102013,50,14,0.8,"[0.5722095869382997, 89.97662615776062]"
F102013,50,14,0.9,"[0.5512564151114816, 101.23400616645813]"
F102013,50,14,1.0,"[0.5512564151114816, 112.44816637039185]"
F102013,50,15,0.01,"[10312.325934099255, 1.115278959274292]"
F102013,50,15,0.1,"[0.6744626936520604, 11.113408088684082]"
F102013,50,15,0.2,"[0.658786095595076, 22.196035385131836]"
F102013,50,15,0.3,"[0.4662241841749051, 33.275184631347656]"
F102013,50,15,0.4,"[0.4662241841749051, 44.399616956710815]"
F102013,50,15,0.5,"[0.4662241841749051, 55.50126528739929]"
F102013,50,15,0.6,"[0.4662241841749051, 66.6262378692627]"
F102013,50,15,0.7,"[0.4662241841749051, 77.66659235954285]"
F102013,50,15,0.8,"[0.4662241841749051, 88.74315094947815]"
F102013,50,15,0.9,"[0.4662241841749051, 99.752432346344]"
F102013,50,15,1.0,"[0.4662241841749051, 110.755450963974]"
F102013,50,16,0.01,"[10695.126940034179, 1.1375257968902588]"
F102013,50,16,0.1,"[0.7916837798634333, 11.27211880683899]"
F102013,50,16,0.2,"[0.5384206169316599, 22.495075464248657]"
F102013,50,16,0.3,"[0.53706749132607, 33.71465563774109]"
F102013,50,16,0.4,"[0.53706749132607, 44.957229137420654]"
F102013,50,16,0.5,"[0.43962759349335556, 56.16255164146423]"
F102013,50,16,0.6,"[0.43962759349335556, 67.4093120098114]"
F102013,50,16,0.7,"[0.43962759349335556, 78.58300018310547]"
F102013,50,16,0.8,"[0.43962759349335556, 89.75300455093384]"
F102013,50,16,0.9,"[0.43962759349335556, 100.89750576019287]"
F102013,50,16,1.0,"[0.43962759349335556, 112.03675699234009]"
F102013,50,17,0.01,"[14765.379732043406, 1.1196298599243164]"
F102013,50,17,0.1,"[0.8748044739228931, 11.104249238967896]"
F102013,50,17,0.2,"[0.6562268790374901, 22.161969661712646]"
F102013,50,17,0.3,"[0.5356924737307622, 33.23055696487427]"
F102013,50,17,0.4,"[0.5356924737307622, 44.30703568458557]"
F102013,50,17,0.5,"[0.5356924737307622, 55.390793323516846]"
F102013,50,17,0.6,"[0.5311212435775587, 66.49131083488464]"
F102013,50,17,0.7,"[0.3449228000981748, 77.55894374847412]"
F102013,50,17,0.8,"[0.3449228000981748, 88.58596205711365]"
F102013,50,17,0.9,"[0.3449228000981748, 99.57022857666016]"
F102013,50,17,1.0,"[0.3449228000981748, 110.5483546257019]"
F102013,50,18,0.01,"[9936.964621785748, 1.121380090713501]"
F102013,50,18,0.1,"[0.8528767026038508, 11.112115859985352]"
F102013,50,18,0.2,"[0.5682550671941726, 22.173153400421143]"
F102013,50,18,0.3,"[0.33878152226492375, 33.221500396728516]"
F102013,50,18,0.4,"[0.33878152226492375, 44.29450869560242]"
F102013,50,18,0.5,"[0.33878152226492375, 55.331199169158936]"
F102013,50,18,0.6,"[0.33878152226492375, 66.40776920318604]"
F102013,50,18,0.7,"[0.33878152226492375, 77.39372849464417]"
F102013,50,18,0.8,"[0.33878152226492375, 88.40969681739807]"
F102013,50,18,0.9,"[0.33878152226492375, 99.35700130462646]"
F102013,50,18,1.0,"[0.33878152226492375, 110.30462193489075]"
F102013,50,19,0.01,"[14231.367209828957, 1.1202669143676758]"
F102013,50,19,0.1,"[0.7378569671059267, 11.082890033721924]"
F102013,50,19,0.2,"[0.6203180495151628, 22.072917938232422]"
F102013,50,19,0.3,"[0.6203180495151628, 33.00643301010132]"
F102013,50,19,0.4,"[0.5093770469276819, 43.97041201591492]"
F102013,50,19,0.5,"[0.5093770469276819, 54.91680335998535]"
F102013,50,19,0.6,"[0.5093770469276819, 65.9236114025116]"
F102013,50,19,0.7,"[0.5093770469276819, 76.92933917045593]"
F102013,50,19,0.8,"[0.5093770469276819, 87.91258502006531]"
F102013,50,19,0.9,"[0.5093770469276819, 98.86988067626953]"
F102013,50,19,1.0,"[0.5093770469276819, 109.87708592414856]"
F102013,50,20,0.01,"[10145.504563147959, 1.1238975524902344]"
F102013,50,20,0.1,"[0.8550404946840331, 11.156854152679443]"
F102013,50,20,0.2,"[0.7540787904753188, 22.248464345932007]"
F102013,50,20,0.3,"[0.7064854270442424, 33.27477216720581]"
F102013,50,20,0.4,"[0.640448929468846, 44.29661011695862]"
F102013,50,20,0.5,"[0.2748200390310558, 55.33200550079346]"
F102013,50,20,0.6,"[0.2748200390310558, 66.43699645996094]"
F102013,50,20,0.7,"[0.2748200390310558, 77.47553062438965]"
F102013,50,20,0.8,"[0.2748200390310558, 88.5582206249237]"
F102013,50,20,0.9,"[0.2748200390310558, 99.62761783599854]"
F102013,50,20,1.0,"[0.2748200390310558, 110.64576053619385]"
F102013,50,21,0.01,"[17234.11980641557, 1.1251611709594727]"
F102013,50,21,0.1,"[0.9846521654307026, 11.138007640838623]"
F102013,50,21,0.2,"[0.73513026022556, 22.189997911453247]"
F102013,50,21,0.3,"[0.6938016384586945, 33.196122884750366]"
F102013,50,21,0.4,"[0.6920530704244925, 44.1867790222168]"
F102013,50,21,0.5,"[0.6132080760812073, 55.20046663284302]"
F102013,50,21,0.6,"[0.5300181709777689, 66.27703785896301]"
F102013,50,21,0.7,"[0.5300181709777689, 77.28119969367981]"
F102013,50,21,0.8,"[0.5300181709777689, 88.33172154426575]"
F102013,50,21,0.9,"[0.5300181709777689, 99.33303761482239]"
F102013,50,21,1.0,"[0.5300181709777689, 110.34039759635925]"
F102013,50,22,0.01,"[9120.439412298898, 1.1245779991149902]"
F102013,50,22,0.1,"[0.8799997000165263, 11.230069875717163]"
F102013,50,22,0.2,"[0.668212669766092, 22.327352285385132]"
F102013,50,22,0.3,"[0.5301023768421373, 33.396947622299194]"
F102013,50,22,0.4,"[0.439770911784251, 44.45604395866394]"
F102013,50,22,0.5,"[0.439770911784251, 55.50843596458435]"
F102013,50,22,0.6,"[0.439770911784251, 66.58488869667053]"
F102013,50,22,0.7,"[0.439770911784251, 77.59226369857788]"
F102013,50,22,0.8,"[0.439770911784251, 88.66994786262512]"
F102013,50,22,0.9,"[0.439770911784251, 99.69121527671814]"
F102013,50,22,1.0,"[0.439770911784251, 110.70741772651672]"
F102013,50,23,0.01,"[5583.121705991034, 1.1386394500732422]"
F102013,50,23,0.1,"[0.8263515068202878, 11.362723350524902]"
F102013,50,23,0.2,"[0.6610133280330501, 22.684738874435425]"
F102013,50,23,0.3,"[0.6307181889433195, 34.00495886802673]"
F102013,50,23,0.4,"[0.6307181889433195, 45.3134822845459]"
F102013,50,23,0.5,"[0.4942032630979156, 56.716418504714966]"
F102013,50,23,0.6,"[0.4942032630979156, 67.97421336174011]"
F102013,50,23,0.7,"[0.4942032630979156, 79.15360498428345]"
F102013,50,23,0.8,"[0.4942032630979156, 90.37931776046753]"
F102013,50,23,0.9,"[0.4942032630979156, 101.6182610988617]"
F102013,50,23,1.0,"[0.4942032630979156, 112.79936695098877]"
F102013,50,24,0.01,"[10861.475728238896, 1.1315922737121582]"
F102013,50,24,0.1,"[0.8734012361144323, 11.252405643463135]"
F102013,50,24,0.2,"[0.5835897081151415, 22.491411685943604]"
F102013,50,24,0.3,"[0.39727206876779064, 33.730109453201294]"
F102013,50,24,0.4,"[0.3805905460040435, 44.993863582611084]"
F102013,50,24,0.5,"[0.3805905460040435, 56.27104949951172]"
F102013,50,24,0.6,"[0.3805905460040435, 67.55503940582275]"
F102013,50,24,0.7,"[0.3805905460040435, 78.77009320259094]"
F102013,50,24,0.8,"[0.3805905460040435, 90.03360676765442]"
F102013,50,24,0.9,"[0.3805905460040435, 101.23136258125305]"
F102013,50,24,1.0,"[0.3805905460040435, 112.43952488899231]"
F102013,50,25,0.01,"[7906.16139445976, 1.1337850093841553]"
F102013,50,25,0.1,"[0.6457799119250467, 11.241684436798096]"
F102013,50,25,0.2,"[0.6178016148076608, 22.462161540985107]"
F102013,50,25,0.3,"[0.5520042193793984, 33.68082928657532]"
F102013,50,25,0.4,"[0.5520042193793984, 44.916752576828]"
F102013,50,25,0.5,"[0.5520042193793984, 56.172271490097046]"
F102013,50,25,0.6,"[0.5520042193793984, 67.44373798370361]"
F102013,50,25,0.7,"[0.5520042193793984, 78.65718817710876]"
F102013,50,25,0.8,"[0.5520042193793984, 89.95407676696777]"
F102013,50,25,0.9,"[0.5520042193793984, 101.1827986240387]"
F102013,50,25,1.0,"[0.5520042193793984, 112.42338061332703]"
F102013,50,26,0.01,"[7271.819403623072, 1.1296069622039795]"
F102013,50,26,0.1,"[0.7139320293048286, 11.242905855178833]"
F102013,50,26,0.2,"[0.7139320293048286, 22.491708278656006]"
F102013,50,26,0.3,"[0.7139320293048286, 33.732444286346436]"
F102013,50,26,0.4,"[0.6888658444125895, 44.977656841278076]"
F102013,50,26,0.5,"[0.4557122571582113, 56.23973488807678]"
F102013,50,26,0.6,"[0.4557122571582113, 67.51142287254333]"
F102013,50,26,0.7,"[0.4557122571582113, 78.7140142917633]"
F102013,50,26,0.8,"[0.4557122571582113, 89.98856997489929]"
F102013,50,26,0.9,"[0.4557122571582113, 101.15564250946045]"
F102013,50,26,1.0,"[0.4407451996962095, 112.34559559822083]"
F102013,50,27,0.01,"[8760.11956095825, 1.1295435428619385]"
F102013,50,27,0.1,"[0.8873356591296329, 11.193181991577148]"
F102013,50,27,0.2,"[0.6563757807651882, 22.40441584587097]"
F102013,50,27,0.3,"[0.6086512884066906, 33.66013860702515]"
F102013,50,27,0.4,"[0.6086512884066906, 44.910075664520264]"
F102013,50,27,0.5,"[0.526670030656021, 56.14342713356018]"
F102013,50,27,0.6,"[0.526670030656021, 67.3781430721283]"
F102013,50,27,0.7,"[0.526670030656021, 78.55699872970581]"
F102013,50,27,0.8,"[0.526670030656021, 89.77566242218018]"
F102013,50,27,0.9,"[0.526670030656021, 100.98443698883057]"
F102013,50,27,1.0,"[0.4692332054682993, 112.18689298629761]"
F102013,50,28,0.01,"[7502.756492435711, 1.1244583129882812]"
F102013,50,28,0.1,"[0.8413721777428691, 11.223394393920898]"
F102013,50,28,0.2,"[0.5092727336513008, 22.38111686706543]"
F102013,50,28,0.3,"[0.42670776264316146, 33.509294271469116]"
F102013,50,28,0.4,"[0.42670776264316146, 44.703850507736206]"
F102013,50,28,0.5,"[0.42670776264316146, 55.855433225631714]"
F102013,50,28,0.6,"[0.42670776264316146, 67.02432513237]"
F102013,50,28,0.7,"[0.42670776264316146, 78.16491317749023]"
F102013,50,28,0.8,"[0.42670776264316146, 89.31772422790527]"
F102013,50,28,0.9,"[0.42670776264316146, 100.48701167106628]"
F102013,50,28,1.0,"[0.42670776264316146, 111.59377145767212]"
F102013,50,29,0.01,"[8432.8978914918, 1.1251904964447021]"
F102013,50,29,0.1,"[0.733402513901126, 11.157498121261597]"
F102013,50,29,0.2,"[0.7102608884710548, 22.233624696731567]"
F102013,50,29,0.3,"[0.5372941806355129, 33.283265590667725]"
F102013,50,29,0.4,"[0.5372941806355129, 44.34831166267395]"
F102013,50,29,0.5,"[0.5372941806355129, 55.42852544784546]"
F102013,50,29,0.6,"[0.5372941806355129, 66.5350432395935]"
F102013,50,29,0.7,"[0.5372941806355129, 77.68534326553345]"
F102013,50,29,0.8,"[0.5372941806355129, 88.76440477371216]"
F102013,50,29,0.9,"[0.5372941806355129, 99.7907145023346]"
F102013,50,29,1.0,"[0.47077088507796816, 110.84354662895203]"
F102013,50,30,0.01,"[12521.103243386608, 1.1385395526885986]"
F102013,50,30,0.1,"[0.8813899263899998, 11.290362358093262]"
F102013,50,30,0.2,"[0.5004324846461827, 22.528241395950317]"
F102013,50,30,0.3,"[0.5004324846461827, 33.756104946136475]"
F102013,50,30,0.4,"[0.5004324846461827, 45.01157474517822]"
F102013,50,30,0.5,"[0.5004324846461827, 56.208688259124756]"
F102013,50,30,0.6,"[0.5004324846461827, 67.46675682067871]"
F102013,50,30,0.7,"[0.5004324846461827, 78.63917374610901]"
F102013,50,30,0.8,"[0.5004324846461827, 89.83416104316711]"
F102013,50,30,0.9,"[0.5004324846461827, 100.97360253334045]"
F102013,50,30,1.0,"[0.5004324846461827, 112.13581800460815]"
F102013,50,31,0.01,"[14160.225225061655, 1.1310853958129883]"
F102013,50,31,0.1,"[0.8957166947811288, 11.245357990264893]"
F102013,50,31,0.2,"[0.6954126951990816, 22.46592664718628]"
F102013,50,31,0.3,"[0.6346826106231447, 33.692116498947144]"
F102013,50,31,0.4,"[0.6346826106231447, 44.93361020088196]"
F102013,50,31,0.5,"[0.5848661601091862, 56.19415092468262]"
F102013,50,31,0.6,"[0.5848661601091862, 67.45888328552246]"
F102013,50,31,0.7,"[0.5848661601091862, 78.64636588096619]"
F102013,50,31,0.8,"[0.3712371214352288, 89.89304518699646]"
F102013,50,31,0.9,"[0.3712371214352288, 101.07878398895264]"
F102013,50,31,1.0,"[0.3712371214352288, 112.27995157241821]"
F102013,50,32,0.01,"[12905.017457100517, 1.1338891983032227]"
F102013,50,32,0.1,"[0.594096204294317, 11.250157594680786]"
F102013,50,32,0.2,"[0.5315749272837138, 22.48452091217041]"
F102013,50,32,0.3,"[0.5315749272837138, 33.71940779685974]"
F102013,50,32,0.4,"[0.5315749272837138, 44.973503828048706]"
F102013,50,32,0.5,"[0.5315749272837138, 56.24067831039429]"
F102013,50,32,0.6,"[0.5315749272837138, 67.51478457450867]"
F102013,50,32,0.7,"[0.5315749272837138, 78.72805380821228]"
F102013,50,32,0.8,"[0.5315749272837138, 90.00591254234314]"
F102013,50,32,0.9,"[0.5315749272837138, 101.21675539016724]"
F102013,50,32,1.0,"[0.49013931850095105, 112.42075204849243]"
F102013,50,33,0.01,"[14993.172708748736, 1.1303210258483887]"
F102013,50,33,0.1,"[0.8161632033826436, 11.211435556411743]"
F102013,50,33,0.2,"[0.598383389753053, 22.411877393722534]"
F102013,50,33,0.3,"[0.598383389753053, 33.65837836265564]"
F102013,50,33,0.4,"[0.598383389753053, 44.90747094154358]"
F102013,50,33,0.5,"[0.5722169764208047, 56.1238899230957]"
F102013,50,33,0.6,"[0.5722169764208047, 67.3651294708252]"
F102013,50,33,0.7,"[0.5709432886794161, 78.49656772613525]"
F102013,50,33,0.8,"[0.5709432886794161, 89.68192625045776]"
F102013,50,33,0.9,"[0.5709432886794161, 100.91283702850342]"
F102013,50,33,1.0,"[0.5709432886794161, 112.08450102806091]"
F102013,50,34,0.01,"[13531.225462001277, 1.133082389831543]"
F102013,50,34,0.1,"[0.9187737974078232, 11.211872100830078]"
F102013,50,34,0.2,"[0.7060916538634956, 22.47549080848694]"
F102013,50,34,0.3,"[0.469050253890714, 33.7229790687561]"
F102013,50,34,0.4,"[0.469050253890714, 45.0211398601532]"
F102013,50,34,0.5,"[0.469050253890714, 56.281371116638184]"
F102013,50,34,0.6,"[0.3820960746890023, 67.52226233482361]"
F102013,50,34,0.7,"[0.3820960746890023, 78.66513347625732]"
F102013,50,34,0.8,"[0.3820960746890023, 89.85712814331055]"
F102013,50,34,0.9,"[0.3820960746890023, 101.12025237083435]"
F102013,50,34,1.0,"[0.3820960746890023, 112.37296485900879]"
F102013,50,35,0.01,"[12005.560309783797, 1.1366002559661865]"
F102013,50,35,0.1,"[0.5456354361808167, 11.237661123275757]"
F102013,50,35,0.2,"[0.5456354361808167, 22.375510454177856]"
F102013,50,35,0.3,"[0.5456354361808167, 33.44135403633118]"
F102013,50,35,0.4,"[0.5456354361808167, 44.51922655105591]"
F102013,50,35,0.5,"[0.5456354361808167, 55.61773943901062]"
F102013,50,35,0.6,"[0.5456354361808167, 66.76691675186157]"
F102013,50,35,0.7,"[0.5456354361808167, 77.87499380111694]"
F102013,50,35,0.8,"[0.5456354361808167, 88.99594473838806]"
F102013,50,35,0.9,"[0.5456354361808167, 100.12331962585449]"
F102013,50,35,1.0,"[0.5456354361808167, 111.22250962257385]"
F102013,50,36,0.01,"[9326.748733040931, 1.1872715950012207]"
F102013,50,36,0.1,"[0.7253417109583324, 11.357791662216187]"
F102013,50,36,0.2,"[0.5804093328621889, 22.627816915512085]"
F102013,50,36,0.3,"[0.48194508073754605, 33.89371132850647]"
F102013,50,36,0.4,"[0.48194508073754605, 45.18278789520264]"
F102013,50,36,0.5,"[0.48194508073754605, 56.41586208343506]"
F102013,50,36,0.6,"[0.48194508073754605, 67.67940616607666]"
F102013,50,36,0.7,"[0.48194508073754605, 78.88095688819885]"
F102013,50,36,0.8,"[0.48194508073754605, 90.11306405067444]"
F102013,50,36,0.9,"[0.42851569815542234, 101.37777900695801]"
F102013,50,36,1.0,"[0.30550132137989294, 112.56518220901489]"
F102013,50,37,0.01,"[8643.656801400251, 1.132194995880127]"
F102013,50,37,0.1,"[0.8328663409650972, 11.255363941192627]"
F102013,50,37,0.2,"[0.46928150370098365, 22.49918484687805]"
F102013,50,37,0.3,"[0.4169332515988913, 33.736571073532104]"
F102013,50,37,0.4,"[0.4169332515988913, 44.98755764961243]"
F102013,50,37,0.5,"[0.4169332515988913, 56.26006031036377]"
F102013,50,37,0.6,"[0.4169332515988913, 67.54054355621338]"
F102013,50,37,0.7,"[0.4169332515988913, 78.77273035049438]"
F102013,50,37,0.8,"[0.4169332515988913, 90.06528282165527]"
F102013,50,37,0.9,"[0.4169332515988913, 101.283207654953]"
F102013,50,37,1.0,"[0.4169332515988913, 112.52068972587585]"
F102013,50,38,0.01,"[12319.374356334867, 1.177973747253418]"
F102013,50,38,0.1,"[1.0382832735553507, 11.309220552444458]"
F102013,50,38,0.2,"[0.6185647799914591, 22.55347776412964]"
F102013,50,38,0.3,"[0.6185647799914591, 33.79611253738403]"
F102013,50,38,0.4,"[0.5876462358065169, 45.05964946746826]"
F102013,50,38,0.5,"[0.5876462358065169, 56.34414720535278]"
F102013,50,38,0.6,"[0.5499084515925006, 67.61564540863037]"
F102013,50,38,0.7,"[0.5499084515925006, 78.83436250686646]"
F102013,50,38,0.8,"[0.5499084515925006, 90.09738802909851]"
F102013,50,38,0.9,"[0.510548999079333, 101.29544568061829]"
F102013,50,38,1.0,"[0.510548999079333, 112.477210521698]"
F102013,50,39,0.01,"[14664.432873123342, 1.1414215564727783]"
F102013,50,39,0.1,"[0.8156289285175831, 11.332622528076172]"
F102013,50,39,0.2,"[0.40986885255614425, 22.612271547317505]"
F102013,50,39,0.3,"[0.40986885255614425, 33.89166975021362]"
F102013,50,39,0.4,"[0.40986885255614425, 45.167139530181885]"
F102013,50,39,0.5,"[0.40986885255614425, 56.45259714126587]"
F102013,50,39,0.6,"[0.40986885255614425, 67.73818707466125]"
F102013,50,39,0.7,"[0.40986885255614425, 78.95755386352539]"
F102013,50,39,0.8,"[0.40986885255614425, 90.17917776107788]"
F102013,50,39,0.9,"[0.39838653163803883, 101.34177327156067]"
F102013,50,39,1.0,"[0.39838653163803883, 112.49902892112732]"
F102013,50,40,0.01,"[10010.227274157576, 1.164158821105957]"
F102013,50,40,0.1,"[0.881250967406288, 11.329168319702148]"
F102013,50,40,0.2,"[0.6313526486039223, 22.64142680168152]"
F102013,50,40,0.3,"[0.6202280733044745, 33.92679810523987]"
F102013,50,40,0.4,"[0.6085560624297841, 45.277071952819824]"
F102013,50,40,0.5,"[0.5902113637525304, 56.59866404533386]"
F102013,50,40,0.6,"[0.5720475385112422, 67.93609356880188]"
F102013,50,40,0.7,"[0.551168193689989, 79.24077272415161]"
F102013,50,40,0.8,"[0.551168193689989, 90.47987604141235]"
F102013,50,40,0.9,"[0.551168193689989, 101.67882919311523]"
F102013,50,40,1.0,"[0.551168193689989, 112.93979239463806]"
F102013,50,41,0.01,"[16187.084245724911, 1.1287474632263184]"
F102013,50,41,0.1,"[0.9184533333620948, 11.220887184143066]"
F102013,50,41,0.2,"[0.6952454266264567, 22.414093255996704]"
F102013,50,41,0.3,"[0.6952454266264567, 33.62655806541443]"
F102013,50,41,0.4,"[0.5740107154136922, 44.86380076408386]"
F102013,50,41,0.5,"[0.5008893421103835, 56.07127046585083]"
F102013,50,41,0.6,"[0.4699588353602735, 67.30355548858643]"
F102013,50,41,0.7,"[0.4699588353602735, 78.4334671497345]"
F102013,50,41,0.8,"[0.4699588353602735, 89.56684041023254]"
F102013,50,41,0.9,"[0.4699588353602735, 100.63188171386719]"
F102013,50,41,1.0,"[0.4699588353602735, 111.7130069732666]"
F102013,50,42,0.01,"[8828.88665717407, 1.349318504333496]"
F102013,50,42,0.1,"[0.8004967926566451, 13.336879253387451]"
F102013,50,42,0.2,"[0.5591590930384314, 26.631344318389893]"
F102013,50,42,0.3,"[0.5591590930384314, 39.84288811683655]"
F102013,50,42,0.4,"[0.547745719437728, 53.07895588874817]"
F102013,50,42,0.5,"[0.547745719437728, 66.27056097984314]"
F102013,50,42,0.6,"[0.547745719437728, 79.47285056114197]"
F102013,50,42,0.7,"[0.547745719437728, 92.64675402641296]"
F102013,50,42,0.8,"[0.547745719437728, 105.8505277633667]"
F102013,50,42,0.9,"[0.547745719437728, 119.03507375717163]"
F102013,50,42,1.0,"[0.547745719437728, 132.16113424301147]"
F102013,50,43,0.01,"[10734.740088785315, 1.1272592544555664]"
F102013,50,43,0.1,"[0.8428902138143144, 11.176387786865234]"
F102013,50,43,0.2,"[0.5497658612683836, 22.31188201904297]"
F102013,50,43,0.3,"[0.5497658612683836, 33.45549702644348]"
F102013,50,43,0.4,"[0.5497658612683836, 44.624611616134644]"
F102013,50,43,0.5,"[0.49062963368305645, 55.75362420082092]"
F102013,50,43,0.6,"[0.49062963368305645, 66.92021870613098]"
F102013,50,43,0.7,"[0.49062963368305645, 78.01870012283325]"
F102013,50,43,0.8,"[0.4748860013662579, 89.16500544548035]"
F102013,50,43,0.9,"[0.4748860013662579, 100.24470567703247]"
F102013,50,43,1.0,"[0.4748860013662579, 111.31140494346619]"
F102013,50,44,0.01,"[11401.603793041993, 1.1245248317718506]"
F102013,50,44,0.1,"[0.7478350912228962, 11.16310715675354]"
F102013,50,44,0.2,"[0.6676955400823203, 22.294973373413086]"
F102013,50,44,0.3,"[0.41601033308990054, 33.44151163101196]"
F102013,50,44,0.4,"[0.41601033308990054, 44.61694359779358]"
F102013,50,44,0.5,"[0.41601033308990054, 55.75760197639465]"
F102013,50,44,0.6,"[0.41601033308990054, 66.93101119995117]"
F102013,50,44,0.7,"[0.41601033308990054, 78.00969815254211]"
F102013,50,44,0.8,"[0.41601033308990054, 89.13518047332764]"
F102013,50,44,0.9,"[0.41601033308990054, 100.19283556938171]"
F102013,50,44,1.0,"[0.41601033308990054, 111.25498843193054]"
F102013,50,45,0.01,"[15289.60699087938, 1.1585791110992432]"
F102013,50,45,0.1,"[0.93433877069765, 11.285971641540527]"
F102013,50,45,0.2,"[0.6292335538008729, 22.512887477874756]"
F102013,50,45,0.3,"[0.4171253842987994, 33.72969961166382]"
F102013,50,45,0.4,"[0.4171253842987994, 44.984498500823975]"
F102013,50,45,0.5,"[0.4171253842987994, 56.22304344177246]"
F102013,50,45,0.6,"[0.4171253842987994, 67.48871684074402]"
F102013,50,45,0.7,"[0.4171253842987994, 78.7532856464386]"
F102013,50,45,0.8,"[0.4171253842987994, 89.99007201194763]"
F102013,50,45,0.9,"[0.4171253842987994, 101.19708728790283]"
F102013,50,45,1.0,"[0.4171253842987994, 112.40258359909058]"
F102013,50,46,0.01,"[7193.013300877339, 1.189851999282837]"
F102013,50,46,0.1,"[0.9068716810418209, 11.363781213760376]"
F102013,50,46,0.2,"[0.5208762435335643, 22.610395669937134]"
F102013,50,46,0.3,"[0.4367894360450464, 33.820924520492554]"
F102013,50,46,0.4,"[0.4367894360450464, 45.05196666717529]"
F102013,50,46,0.5,"[0.4367894360450464, 56.22968530654907]"
F102013,50,46,0.6,"[0.4367894360450464, 67.45704460144043]"
F102013,50,46,0.7,"[0.4367894360450464, 78.59900546073914]"
F102013,50,46,0.8,"[0.4367894360450464, 89.81135773658752]"
F102013,50,46,0.9,"[0.4367894360450464, 100.94512629508972]"
F102013,50,46,1.0,"[0.4367894360450464, 112.06820893287659]"
F102013,50,47,0.01,"[11191.650518323582, 1.1497728824615479]"
F102013,50,47,0.1,"[0.9421513957325942, 11.065317630767822]"
F102013,50,47,0.2,"[0.6781042109270743, 22.068613052368164]"
F102013,50,47,0.3,"[0.5359381803760925, 33.08102226257324]"
F102013,50,47,0.4,"[0.5359381803760925, 44.125038385391235]"
F102013,50,47,0.5,"[0.5359381803760925, 55.128087759017944]"
F102013,50,47,0.6,"[0.5359381803760925, 66.1741316318512]"
F102013,50,47,0.7,"[0.5359381803760925, 77.12825560569763]"
F102013,50,47,0.8,"[0.45873124530874065, 88.09325575828552]"
F102013,50,47,0.9,"[0.45873124530874065, 98.9831314086914]"
F102013,50,47,1.0,"[0.45873124530874065, 109.88950252532959]"
F102013,50,48,0.01,"[11050.117768798082, 1.1226732730865479]"
F102013,50,48,0.1,"[0.902281195107264, 11.039231777191162]"
F102013,50,48,0.2,"[0.6953850922801053, 22.08272385597229]"
F102013,50,48,0.3,"[0.6433474094912981, 33.06798768043518]"
F102013,50,48,0.4,"[0.6433474094912981, 44.04470229148865]"
F102013,50,48,0.5,"[0.6433474094912981, 55.06513524055481]"
F102013,50,48,0.6,"[0.5259918637519831, 65.90021395683289]"
F102013,50,48,0.7,"[0.5259918637519831, 76.929123878479]"
F102013,50,48,0.8,"[0.5259918637519831, 87.82336711883545]"
F102013,50,48,0.9,"[0.5259918637519831, 98.85049629211426]"
F102013,50,48,1.0,"[0.5259918637519831, 109.80114269256592]"
F102013,50,49,0.01,"[14368.45853502846, 1.1141347885131836]"
F102013,50,49,0.1,"[0.6902018242043937, 11.035637378692627]"
F102013,50,49,0.2,"[0.5444623301800675, 22.056411027908325]"
F102013,50,49,0.3,"[0.46386129345148674, 33.08956527709961]"
F102013,50,49,0.4,"[0.46386129345148674, 44.12507772445679]"
F102013,50,49,0.5,"[0.46386129345148674, 54.92690086364746]"
F102013,50,49,0.6,"[0.46386129345148674, 65.87726497650146]"
F102013,50,49,0.7,"[0.46386129345148674, 76.78508353233337]"
F102013,50,49,0.8,"[0.46386129345148674, 87.7215805053711]"
F102013,50,49,0.9,"[0.46386129345148674, 98.63492107391357]"
F102013,50,49,1.0,"[0.46386129345148674, 109.57098531723022]"
F102013,50,50,0.01,"[14568.79217978524, 1.123335361480713]"
F102013,50,50,0.1,"[0.8896136043034062, 11.056991338729858]"
F102013,50,50,0.2,"[0.5913442147079309, 22.10080599784851]"
F102013,50,50,0.3,"[0.5860028166101188, 33.247430086135864]"
F102013,50,50,0.4,"[0.5860028166101188, 44.269757986068726]"
F102013,50,50,0.5,"[0.5860028166101188, 55.0859534740448]"
F102013,50,50,0.6,"[0.5860028166101188, 66.09363317489624]"
F102013,50,50,0.7,"[0.5718063986250286, 77.16096377372742]"
F102013,50,50,0.8,"[0.4182023313176728, 88.28123545646667]"
F102013,50,50,0.9,"[0.4182023313176728, 99.29376554489136]"
F102013,50,50,1.0,"[0.4182023313176728, 110.31967854499817]"
