function,dimension,run,checkpoint,error
F182013,10,0,0.01,"[2616.5911522609454, 0.13483214378356934]"
F182013,10,0,0.1,"[2616.4967363743317, 0.8311362266540527]"
F182013,10,0,0.2,"[2616.4897529370364, 1.6053736209869385]"
F182013,10,0,0.3,"[2616.4897529370364, 2.376852512359619]"
F182013,10,0,0.4,"[2616.410975526506, 3.145660161972046]"
F182013,10,0,0.5,"[2616.410975526506, 3.9161462783813477]"
F182013,10,0,0.6,"[2616.410975526506, 4.685284614562988]"
F182013,10,0,0.7,"[2616.410975526506, 5.82537841796875]"
F182013,10,0,0.8,"[2616.3841870877327, 6.59562611579895]"
F182013,10,0,0.9,"[2616.3841870877327, 7.36638879776001]"
F182013,10,0,1.0,"[2616.3809145229266, 8.138510465621948]"
F182013,10,1,0.01,"[1611.2615006622982, 0.07872843742370605]"
F182013,10,1,0.1,"[1611.2615006622982, 0.7765169143676758]"
F182013,10,1,0.2,"[1611.2615006622982, 1.552966594696045]"
F182013,10,1,0.3,"[1611.2615006622982, 2.32666277885437]"
F182013,10,1,0.4,"[1611.2615006622982, 3.1017863750457764]"
F182013,10,1,0.5,"[1611.2615006622982, 3.8745832443237305]"
F182013,10,1,0.6,"[1611.2615006622982, 4.646448373794556]"
F182013,10,1,0.7,"[1611.2615006622982, 5.422242641448975]"
F182013,10,1,0.8,"[1611.2615006622982, 6.194929361343384]"
F182013,10,1,0.9,"[1611.2615006622982, 6.96855092048645]"
F182013,10,1,1.0,"[1611.2615006622982, 7.7447428703308105]"
F182013,10,2,0.01,"[2675.545997478334, 0.07928013801574707]"
F182013,10,2,0.1,"[2675.178816743805, 0.7828903198242188]"
F182013,10,2,0.2,"[2675.178816743805, 1.56459641456604]"
F182013,10,2,0.3,"[2675.178816743805, 2.3425087928771973]"
F182013,10,2,0.4,"[2675.1382775534394, 3.120490074157715]"
F182013,10,2,0.5,"[2675.128945029596, 3.8998472690582275]"
F182013,10,2,0.6,"[2675.128945029596, 4.677930593490601]"
F182013,10,2,0.7,"[2675.128945029596, 5.453685283660889]"
F182013,10,2,0.8,"[2675.128945029596, 6.229151010513306]"
F182013,10,2,0.9,"[2675.128945029596, 7.001969337463379]"
F182013,10,2,1.0,"[2675.128945029596, 7.774845123291016]"
F182013,10,3,0.01,"[1919.649991115558, 0.07869315147399902]"
F182013,10,3,0.1,"[1919.6454839288162, 0.7758920192718506]"
F182013,10,3,0.2,"[1919.6454839288162, 1.5523285865783691]"
F182013,10,3,0.3,"[1919.6454839288162, 2.3256161212921143]"
F182013,10,3,0.4,"[1919.6454839288162, 3.1012990474700928]"
F182013,10,3,0.5,"[1919.6454839288162, 3.8716886043548584]"
F182013,10,3,0.6,"[1919.6454839288162, 4.642304420471191]"
F182013,10,3,0.7,"[1919.6454839288162, 5.413179159164429]"
F182013,10,3,0.8,"[1919.6454839288162, 6.184202432632446]"
F182013,10,3,0.9,"[1919.6454839288162, 6.9533469676971436]"
F182013,10,3,1.0,"[1919.6454839288162, 7.740458965301514]"
F182013,10,4,0.01,"[1424.6233100938152, 0.07815003395080566]"
F182013,10,4,0.1,"[1424.4801548837997, 0.7697389125823975]"
F182013,10,4,0.2,"[1424.4801548837997, 1.5410637855529785]"
F182013,10,4,0.3,"[1424.4801548837997, 2.307760238647461]"
F182013,10,4,0.4,"[1424.4801548837997, 3.0770463943481445]"
F182013,10,4,0.5,"[1424.4801548837997, 3.8428826332092285]"
F182013,10,4,0.6,"[1424.4801548837997, 4.609554767608643]"
F182013,10,4,0.7,"[1424.4801548837997, 5.37777304649353]"
F182013,10,4,0.8,"[1424.4801548837997, 6.145742177963257]"
F182013,10,4,0.9,"[1424.4801548837997, 6.909658193588257]"
F182013,10,4,1.0,"[1424.4801548837997, 7.675265789031982]"
F182013,10,5,0.01,"[1431.6955374386193, 0.07817363739013672]"
F182013,10,5,0.1,"[1431.5296430458038, 0.7749440670013428]"
F182013,10,5,0.2,"[1431.5296430458038, 1.5522289276123047]"
F182013,10,5,0.3,"[1431.5296430458038, 2.326977014541626]"
F182013,10,5,0.4,"[1431.5296430458038, 3.1068313121795654]"
F182013,10,5,0.5,"[1431.5205969740166, 3.8879876136779785]"
F182013,10,5,0.6,"[1431.5205969740166, 4.667302131652832]"
F182013,10,5,0.7,"[1431.5205969740166, 5.449439525604248]"
F182013,10,5,0.8,"[1431.5205969740166, 6.228253364562988]"
F182013,10,5,0.9,"[1431.5205969740166, 7.0065484046936035]"
F182013,10,5,1.0,"[1431.5205969740166, 7.787206649780273]"
F182013,10,6,0.01,"[2281.030144824712, 0.07865571975708008]"
F182013,10,6,0.1,"[2280.7691383826404, 0.7757251262664795]"
F182013,10,6,0.2,"[2280.7691383826404, 1.5515682697296143]"
F182013,10,6,0.3,"[2280.7691383826404, 2.327148914337158]"
F182013,10,6,0.4,"[2280.7691383826404, 3.104886054992676]"
F182013,10,6,0.5,"[2280.7691383826404, 3.880622625350952]"
F182013,10,6,0.6,"[2280.7691383826404, 4.655328035354614]"
F182013,10,6,0.7,"[2280.7691383826404, 5.432088136672974]"
F182013,10,6,0.8,"[2280.7691383826404, 6.208214282989502]"
F182013,10,6,0.9,"[2280.7691383826404, 6.9841179847717285]"
F182013,10,6,1.0,"[2280.7691383826404, 7.7627153396606445]"
F182013,10,7,0.01,"[2270.270868331782, 0.07897782325744629]"
F182013,10,7,0.1,"[2270.270868331782, 0.7797081470489502]"
F182013,10,7,0.2,"[2270.203166233303, 1.5586206912994385]"
F182013,10,7,0.3,"[2270.203166233303, 2.335482120513916]"
F182013,10,7,0.4,"[2270.1420902898526, 3.1151859760284424]"
F182013,10,7,0.5,"[2270.1420902898526, 3.8880910873413086]"
F182013,10,7,0.6,"[2270.1420902898526, 4.6591575145721436]"
F182013,10,7,0.7,"[2270.1420902898526, 5.431971311569214]"
F182013,10,7,0.8,"[2270.1420902898526, 6.205516338348389]"
F182013,10,7,0.9,"[2270.1420902898526, 6.978641986846924]"
F182013,10,7,1.0,"[2270.1420902898526, 7.777745723724365]"
F182013,10,8,0.01,"[474.369996635457, 0.13325166702270508]"
F182013,10,8,0.1,"[474.369996635457, 0.8331546783447266]"
F182013,10,8,0.2,"[474.369996635457, 1.6134140491485596]"
F182013,10,8,0.3,"[474.369996635457, 2.3930909633636475]"
F182013,10,8,0.4,"[474.369996635457, 3.1747236251831055]"
F182013,10,8,0.5,"[474.369996635457, 3.955958843231201]"
F182013,10,8,0.6,"[474.369996635457, 4.735861301422119]"
F182013,10,8,0.7,"[474.369996635457, 5.517164468765259]"
F182013,10,8,0.8,"[474.369996635457, 6.2960076332092285]"
F182013,10,8,0.9,"[474.369996635457, 7.07536244392395]"
F182013,10,8,1.0,"[474.369996635457, 7.854043483734131]"
F182013,10,9,0.01,"[2159.427983518819, 0.07816410064697266]"
F182013,10,9,0.1,"[2159.427983518819, 0.7728977203369141]"
F182013,10,9,0.2,"[2159.427983518819, 1.5446977615356445]"
F182013,10,9,0.3,"[2159.427983518819, 2.3178350925445557]"
F182013,10,9,0.4,"[2159.427983518819, 3.0883193016052246]"
F182013,10,9,0.5,"[2159.427983518819, 3.857900381088257]"
F182013,10,9,0.6,"[2159.427983518819, 4.626493453979492]"
F182013,10,9,0.7,"[2159.427983518819, 5.3956139087677]"
F182013,10,9,0.8,"[2159.427983518819, 6.163576364517212]"
F182013,10,9,0.9,"[2159.427983518819, 6.9301159381866455]"
F182013,10,9,1.0,"[2159.427983518819, 7.6986024379730225]"
F182013,10,10,0.01,"[2752.160346348995, 0.0782468318939209]"
F182013,10,10,0.1,"[2752.160346348995, 0.7717692852020264]"
F182013,10,10,0.2,"[2752.160346348995, 1.5445380210876465]"
F182013,10,10,0.3,"[2752.160346348995, 2.3153109550476074]"
F182013,10,10,0.4,"[2752.160346348995, 3.0891811847686768]"
F182013,10,10,0.5,"[2752.160346348995, 3.8598811626434326]"
F182013,10,10,0.6,"[2752.160346348995, 4.629989385604858]"
F182013,10,10,0.7,"[2752.160346348995, 5.402612924575806]"
F182013,10,10,0.8,"[2752.160346348995, 6.171478271484375]"
F182013,10,10,0.9,"[2752.160346348995, 6.940051555633545]"
F182013,10,10,1.0,"[2752.160346348995, 7.7112650871276855]"
F182013,10,11,0.01,"[1740.3219510669105, 0.07855105400085449]"
F182013,10,11,0.1,"[1740.3219510669105, 0.7744636535644531]"
F182013,10,11,0.2,"[1740.3219510669105, 1.550241470336914]"
F182013,10,11,0.3,"[1740.3219510669105, 2.324002981185913]"
F182013,10,11,0.4,"[1740.3219510669105, 3.0994317531585693]"
F182013,10,11,0.5,"[1740.3219510669105, 3.8801891803741455]"
F182013,10,11,0.6,"[1740.3219510669105, 4.65363883972168]"
F182013,10,11,0.7,"[1740.3219510669105, 5.430832386016846]"
F182013,10,11,0.8,"[1740.3219510669105, 6.205463886260986]"
F182013,10,11,0.9,"[1740.3219510669105, 6.981557130813599]"
F182013,10,11,1.0,"[1740.3219510669105, 7.756667375564575]"
F182013,10,12,0.01,"[2815.7598723237707, 0.07806873321533203]"
F182013,10,12,0.1,"[2815.7598723237707, 0.771277666091919]"
F182013,10,12,0.2,"[2815.7598723237707, 1.5430068969726562]"
F182013,10,12,0.3,"[2815.7598723237707, 2.313286304473877]"
F182013,10,12,0.4,"[2815.7598723237707, 3.0848581790924072]"
F182013,10,12,0.5,"[2815.7598723237707, 3.855181932449341]"
F182013,10,12,0.6,"[2815.7598723237707, 4.62439489364624]"
F182013,10,12,0.7,"[2815.7598723237707, 5.395865201950073]"
F182013,10,12,0.8,"[2815.7598723237707, 6.163955450057983]"
F182013,10,12,0.9,"[2815.7598723237707, 6.933788061141968]"
F182013,10,12,1.0,"[2815.7598723237707, 7.705520153045654]"
F182013,10,13,0.01,"[3293.00450897105, 0.07910394668579102]"
F182013,10,13,0.1,"[3293.00450897105, 0.7821531295776367]"
F182013,10,13,0.2,"[3293.00450897105, 1.562079906463623]"
F182013,10,13,0.3,"[3293.00450897105, 2.337008476257324]"
F182013,10,13,0.4,"[3292.9495001435225, 3.1141998767852783]"
F182013,10,13,0.5,"[3292.9495001435225, 3.894017219543457]"
F182013,10,13,0.6,"[3292.9495001435225, 4.669632911682129]"
F182013,10,13,0.7,"[3292.9495001435225, 5.447021007537842]"
F182013,10,13,0.8,"[3292.9495001435225, 6.222647428512573]"
F182013,10,13,0.9,"[3292.9495001435225, 6.998741149902344]"
F182013,10,13,1.0,"[3292.9495001435225, 7.7762134075164795]"
F182013,10,14,0.01,"[3635.95272046647, 0.07873678207397461]"
F182013,10,14,0.1,"[3635.812684594998, 0.7757635116577148]"
F182013,10,14,0.2,"[3635.761586388419, 1.5485944747924805]"
F182013,10,14,0.3,"[3635.761586388419, 2.3213415145874023]"
F182013,10,14,0.4,"[3635.761586388419, 3.0956900119781494]"
F182013,10,14,0.5,"[3635.761586388419, 3.8697283267974854]"
F182013,10,14,0.6,"[3635.761586388419, 4.643988847732544]"
F182013,10,14,0.7,"[3635.761586388419, 5.420044183731079]"
F182013,10,14,0.8,"[3635.761586388419, 6.193810939788818]"
F182013,10,14,0.9,"[3635.686365819709, 6.968388080596924]"
F182013,10,14,1.0,"[3635.686365819709, 7.743448734283447]"
F182013,10,15,0.01,"[3033.314618376811, 0.07839179039001465]"
F182013,10,15,0.1,"[3032.451616116255, 0.7734630107879639]"
F182013,10,15,0.2,"[3032.451616116255, 1.5450518131256104]"
F182013,10,15,0.3,"[3032.451616116255, 2.311462879180908]"
F182013,10,15,0.4,"[3032.2220166152506, 3.0820443630218506]"
F182013,10,15,0.5,"[3032.2220166152506, 3.852728843688965]"
F182013,10,15,0.6,"[3032.2220166152506, 4.625273704528809]"
F182013,10,15,0.7,"[3032.2220166152506, 5.3955323696136475]"
F182013,10,15,0.8,"[3032.2220166152506, 6.167668581008911]"
F182013,10,15,0.9,"[3032.2220166152506, 6.93865704536438]"
F182013,10,15,1.0,"[3032.2220166152506, 7.7099504470825195]"
F182013,10,16,0.01,"[1545.0707771863229, 0.07816410064697266]"
F182013,10,16,0.1,"[1545.0707771863229, 0.7721371650695801]"
F182013,10,16,0.2,"[1545.0707771863229, 1.5438816547393799]"
F182013,10,16,0.3,"[1545.0707771863229, 2.313939094543457]"
F182013,10,16,0.4,"[1545.0707771863229, 3.089172124862671]"
F182013,10,16,0.5,"[1545.0707771863229, 3.8593590259552]"
F182013,10,16,0.6,"[1545.0707771863229, 4.6283440589904785]"
F182013,10,16,0.7,"[1545.0707771863229, 5.413893699645996]"
F182013,10,16,0.8,"[1545.0707771863229, 6.183547019958496]"
F182013,10,16,0.9,"[1545.0707771863229, 6.955421209335327]"
F182013,10,16,1.0,"[1545.0707771863229, 7.73141622543335]"
F182013,10,17,0.01,"[1965.400584146235, 0.07835245132446289]"
F182013,10,17,0.1,"[1965.400584146235, 0.7715048789978027]"
F182013,10,17,0.2,"[1965.400584146235, 1.5454118251800537]"
F182013,10,17,0.3,"[1965.400584146235, 2.317613363265991]"
F182013,10,17,0.4,"[1965.400584146235, 3.0884745121002197]"
F182013,10,17,0.5,"[1965.400584146235, 3.863847494125366]"
F182013,10,17,0.6,"[1965.400584146235, 4.635733604431152]"
F182013,10,17,0.7,"[1965.400584146235, 5.4085729122161865]"
F182013,10,17,0.8,"[1965.400584146235, 6.181409597396851]"
F182013,10,17,0.9,"[1965.400584146235, 6.952645301818848]"
F182013,10,17,1.0,"[1965.400584146235, 7.727594614028931]"
F182013,10,18,0.01,"[1226.6719640388674, 0.07842493057250977]"
F182013,10,18,0.1,"[1226.6719640388674, 0.7750482559204102]"
F182013,10,18,0.2,"[1226.6719640388674, 1.5498738288879395]"
F182013,10,18,0.3,"[1226.6719640388674, 2.3256916999816895]"
F182013,10,18,0.4,"[1226.6719640388674, 3.103837013244629]"
F182013,10,18,0.5,"[1226.6719640388674, 3.8801047801971436]"
F182013,10,18,0.6,"[1226.6719640388674, 4.655115127563477]"
F182013,10,18,0.7,"[1226.6719640388674, 5.431535005569458]"
F182013,10,18,0.8,"[1226.6684564651268, 6.207565546035767]"
F182013,10,18,0.9,"[1226.6684564651268, 6.983685493469238]"
F182013,10,18,1.0,"[1226.6684564651268, 7.763308525085449]"
F182013,10,19,0.01,"[2176.4218070304405, 0.07873773574829102]"
F182013,10,19,0.1,"[2176.4218070304405, 0.7759172916412354]"
F182013,10,19,0.2,"[2176.2628400184176, 1.5526776313781738]"
F182013,10,19,0.3,"[2176.2628400184176, 2.3251254558563232]"
F182013,10,19,0.4,"[2176.2169411913474, 3.099074602127075]"
F182013,10,19,0.5,"[2176.2169411913474, 3.87134051322937]"
F182013,10,19,0.6,"[2176.2169411913474, 4.6422975063323975]"
F182013,10,19,0.7,"[2176.2169411913474, 5.417980670928955]"
F182013,10,19,0.8,"[2176.2169411913474, 6.1903135776519775]"
F182013,10,19,0.9,"[2176.2169411913474, 6.963627099990845]"
F182013,10,19,1.0,"[2176.208300032875, 7.739081382751465]"
F182013,10,20,0.01,"[2722.770711915066, 0.07900524139404297]"
F182013,10,20,0.1,"[2722.770711915066, 0.7773587703704834]"
F182013,10,20,0.2,"[2722.770711915066, 1.5548903942108154]"
F182013,10,20,0.3,"[2722.770711915066, 2.3277618885040283]"
F182013,10,20,0.4,"[2722.770711915066, 3.1050989627838135]"
F182013,10,20,0.5,"[2722.770711915066, 3.880594491958618]"
F182013,10,20,0.6,"[2722.770711915066, 4.65497899055481]"
F182013,10,20,0.7,"[2722.770711915066, 5.431009531021118]"
F182013,10,20,0.8,"[2722.770711915066, 6.206459999084473]"
F182013,10,20,0.9,"[2722.770711915066, 6.981334447860718]"
F182013,10,20,1.0,"[2722.770711915066, 7.756673812866211]"
F182013,10,21,0.01,"[2857.3480226547367, 0.07887887954711914]"
F182013,10,21,0.1,"[2857.3480226547367, 0.7771196365356445]"
F182013,10,21,0.2,"[2857.3480226547367, 1.5573546886444092]"
F182013,10,21,0.3,"[2857.3480226547367, 2.338397979736328]"
F182013,10,21,0.4,"[2857.3480226547367, 3.1186559200286865]"
F182013,10,21,0.5,"[2857.3480226547367, 3.899232864379883]"
F182013,10,21,0.6,"[2857.3480226547367, 4.67871618270874]"
F182013,10,21,0.7,"[2857.3480226547367, 5.457900285720825]"
F182013,10,21,0.8,"[2857.3480226547367, 6.235414505004883]"
F182013,10,21,0.9,"[2857.3480226547367, 7.011332988739014]"
F182013,10,21,1.0,"[2857.3480226547367, 7.788172006607056]"
F182013,10,22,0.01,"[2148.3917199204066, 0.07868576049804688]"
F182013,10,22,0.1,"[2148.3795457149217, 0.7773175239562988]"
F182013,10,22,0.2,"[2148.3795457149217, 1.5560877323150635]"
F182013,10,22,0.3,"[2148.357759596474, 2.3359694480895996]"
F182013,10,22,0.4,"[2148.357759596474, 3.1156301498413086]"
F182013,10,22,0.5,"[2148.311472120895, 3.895442008972168]"
F182013,10,22,0.6,"[2148.311472120895, 4.675504446029663]"
F182013,10,22,0.7,"[2148.311472120895, 5.452738523483276]"
F182013,10,22,0.8,"[2148.311472120895, 6.227379560470581]"
F182013,10,22,0.9,"[2148.311472120895, 7.001238584518433]"
F182013,10,22,1.0,"[2148.311472120895, 7.776135444641113]"
F182013,10,23,0.01,"[2290.8702457770128, 0.07894730567932129]"
F182013,10,23,0.1,"[2290.8684111957223, 0.7762658596038818]"
F182013,10,23,0.2,"[2290.8684111957223, 1.5527207851409912]"
F182013,10,23,0.3,"[2290.8684111957223, 2.324208974838257]"
F182013,10,23,0.4,"[2290.8684111957223, 3.097102403640747]"
F182013,10,23,0.5,"[2290.8684111957223, 3.8673415184020996]"
F182013,10,23,0.6,"[2290.8684111957223, 4.636268377304077]"
F182013,10,23,0.7,"[2290.8684111957223, 5.409252643585205]"
F182013,10,23,0.8,"[2290.8587783624066, 6.1811301708221436]"
F182013,10,23,0.9,"[2290.8587783624066, 6.953066349029541]"
F182013,10,23,1.0,"[2290.8081319169846, 7.725991725921631]"
F182013,10,24,0.01,"[2671.385995753876, 0.07807612419128418]"
F182013,10,24,0.1,"[2650.652786315167, 0.7686798572540283]"
F182013,10,24,0.2,"[2650.622220489198, 1.5396556854248047]"
F182013,10,24,0.3,"[2650.622220489198, 2.3065736293792725]"
F182013,10,24,0.4,"[2650.622220489198, 3.0774152278900146]"
F182013,10,24,0.5,"[2650.622220489198, 3.846426248550415]"
F182013,10,24,0.6,"[2650.622220489198, 4.614535331726074]"
F182013,10,24,0.7,"[2650.622220489198, 5.384958982467651]"
F182013,10,24,0.8,"[2650.622220489198, 6.151318550109863]"
F182013,10,24,0.9,"[2650.622220489198, 6.9171202182769775]"
F182013,10,24,1.0,"[2650.622220489198, 7.684978246688843]"
F182013,10,25,0.01,"[2591.1696757661093, 0.07806682586669922]"
F182013,10,25,0.1,"[2590.970960293334, 0.7701714038848877]"
F182013,10,25,0.2,"[2590.970960293334, 1.5408899784088135]"
F182013,10,25,0.3,"[2590.970960293334, 2.309837818145752]"
F182013,10,25,0.4,"[2571.1724430655413, 3.0790810585021973]"
F182013,10,25,0.5,"[2570.9285648574773, 3.846123218536377]"
F182013,10,25,0.6,"[2570.9285648574773, 4.613805294036865]"
F182013,10,25,0.7,"[2570.9285648574773, 5.645211458206177]"
F182013,10,25,0.8,"[2570.9285648574773, 6.417555332183838]"
F182013,10,25,0.9,"[2570.9285648574773, 7.277971029281616]"
F182013,10,25,1.0,"[2570.927854852101, 8.222552299499512]"
F182013,10,26,0.01,"[2464.923147892559, 0.07910537719726562]"
F182013,10,26,0.1,"[2464.8257415823114, 0.779367208480835]"
F182013,10,26,0.2,"[2464.8257415823114, 1.5574421882629395]"
F182013,10,26,0.3,"[2464.8257415823114, 2.329859495162964]"
F182013,10,26,0.4,"[2464.8257415823114, 3.1069042682647705]"
F182013,10,26,0.5,"[2464.8257415823114, 3.883216381072998]"
F182013,10,26,0.6,"[2464.8257415823114, 4.658627510070801]"
F182013,10,26,0.7,"[2464.8257415823114, 5.439189195632935]"
F182013,10,26,0.8,"[2464.808559128235, 6.390380382537842]"
F182013,10,26,0.9,"[2464.808559128235, 7.163694858551025]"
F182013,10,26,1.0,"[2464.808559128235, 7.9385154247283936]"
F182013,10,27,0.01,"[1156.5784751826682, 0.0786900520324707]"
F182013,10,27,0.1,"[1156.5784751826682, 0.7744693756103516]"
F182013,10,27,0.2,"[1156.5784751826682, 1.548257827758789]"
F182013,10,27,0.3,"[1156.5784751826682, 2.3190770149230957]"
F182013,10,27,0.4,"[1156.5784751826682, 3.091184616088867]"
F182013,10,27,0.5,"[1156.5784751826682, 3.8604369163513184]"
F182013,10,27,0.6,"[1156.5784751826682, 4.627946138381958]"
F182013,10,27,0.7,"[1156.5784751826682, 5.40105414390564]"
F182013,10,27,0.8,"[1156.5784751826682, 6.170699119567871]"
F182013,10,27,0.9,"[1156.5784751826682, 6.941161394119263]"
F182013,10,27,1.0,"[1156.5784751826682, 7.713112831115723]"
F182013,10,28,0.01,"[2096.176388292812, 0.07912635803222656]"
F182013,10,28,0.1,"[2096.176388292812, 0.7770888805389404]"
F182013,10,28,0.2,"[2096.176388292812, 1.5538835525512695]"
F182013,10,28,0.3,"[2096.176388292812, 2.3274621963500977]"
F182013,10,28,0.4,"[2096.176388292812, 3.103299856185913]"
F182013,10,28,0.5,"[2096.176388292812, 3.875486135482788]"
F182013,10,28,0.6,"[2096.1200919670896, 4.649546146392822]"
F182013,10,28,0.7,"[2096.1200919670896, 5.423177242279053]"
F182013,10,28,0.8,"[2096.1200919670896, 6.195266246795654]"
F182013,10,28,0.9,"[2096.1200919670896, 6.969128608703613]"
F182013,10,28,1.0,"[2096.1200919670896, 7.743020057678223]"
F182013,10,29,0.01,"[2138.2815642269848, 0.07890486717224121]"
F182013,10,29,0.1,"[2125.6020997830715, 0.7788681983947754]"
F182013,10,29,0.2,"[2125.479347839097, 1.5575063228607178]"
F182013,10,29,0.3,"[2125.479347839097, 2.333300828933716]"
F182013,10,29,0.4,"[2125.479347839097, 3.111306667327881]"
F182013,10,29,0.5,"[2125.479347839097, 3.88787579536438]"
F182013,10,29,0.6,"[2125.479347839097, 4.662658214569092]"
F182013,10,29,0.7,"[2125.479347839097, 5.439268350601196]"
F182013,10,29,0.8,"[2125.479347839097, 6.2143495082855225]"
F182013,10,29,0.9,"[2125.479347839097, 6.990122556686401]"
F182013,10,29,1.0,"[2125.479347839097, 7.766490459442139]"
F182013,10,30,0.01,"[1723.9436436603028, 0.07863593101501465]"
F182013,10,30,0.1,"[1723.9436436603028, 0.7734475135803223]"
F182013,10,30,0.2,"[1723.8926936265361, 1.5434656143188477]"
F182013,10,30,0.3,"[1723.8926936265361, 2.3099963665008545]"
F182013,10,30,0.4,"[1723.8926936265361, 3.077512741088867]"
F182013,10,30,0.5,"[1723.8926936265361, 3.8453824520111084]"
F182013,10,30,0.6,"[1723.8926936265361, 4.61124324798584]"
F182013,10,30,0.7,"[1723.8926936265361, 5.3779518604278564]"
F182013,10,30,0.8,"[1723.8926936265361, 6.142650365829468]"
F182013,10,30,0.9,"[1723.8926936265361, 6.90666651725769]"
F182013,10,30,1.0,"[1723.8926936265361, 7.672418117523193]"
F182013,10,31,0.01,"[1117.1310132379904, 0.13554978370666504]"
F182013,10,31,0.1,"[1117.0864770981188, 0.8960671424865723]"
F182013,10,31,0.2,"[1117.0864770981188, 1.6667895317077637]"
F182013,10,31,0.3,"[1117.0864770981188, 2.43534255027771]"
F182013,10,31,0.4,"[1117.0864770981188, 3.205914258956909]"
F182013,10,31,0.5,"[1117.0864770981188, 3.989116907119751]"
F182013,10,31,0.6,"[1117.0864770981188, 4.762853622436523]"
F182013,10,31,0.7,"[1117.0864770981188, 5.544167518615723]"
F182013,10,31,0.8,"[1117.0864770981188, 6.313595771789551]"
F182013,10,31,0.9,"[1117.0864770981188, 7.0837507247924805]"
F182013,10,31,1.0,"[1117.0864770981188, 7.85382080078125]"
F182013,10,32,0.01,"[1900.3587940720345, 0.078765869140625]"
F182013,10,32,0.1,"[1899.9701056433096, 0.7751126289367676]"
F182013,10,32,0.2,"[1899.9701056433096, 1.5516273975372314]"
F182013,10,32,0.3,"[1899.9701056433096, 2.324354410171509]"
F182013,10,32,0.4,"[1899.9701056433096, 3.0991709232330322]"
F182013,10,32,0.5,"[1899.9701056433096, 3.873284101486206]"
F182013,10,32,0.6,"[1899.9701056433096, 4.645489931106567]"
F182013,10,32,0.7,"[1899.9701056433096, 5.422339200973511]"
F182013,10,32,0.8,"[1899.9701056433096, 6.19700288772583]"
F182013,10,32,0.9,"[1899.9701056433096, 6.972283601760864]"
F182013,10,32,1.0,"[1899.9701056433096, 7.74727201461792]"
F182013,10,33,0.01,"[1819.3684432573846, 0.07688164710998535]"
F182013,10,33,0.1,"[1819.3684432573846, 0.8073465824127197]"
F182013,10,33,0.2,"[1819.3684432573846, 1.5677878856658936]"
F182013,10,33,0.3,"[1819.3684432573846, 2.3238556385040283]"
F182013,10,33,0.4,"[1819.3684432573846, 3.0827202796936035]"
F182013,10,33,0.5,"[1819.3684432573846, 3.841428279876709]"
F182013,10,33,0.6,"[1819.3684432573846, 4.599870443344116]"
F182013,10,33,0.7,"[1819.3684432573846, 5.357417345046997]"
F182013,10,33,0.8,"[1819.3684432573846, 6.114563703536987]"
F182013,10,33,0.9,"[1819.3684432573846, 6.870581865310669]"
F182013,10,33,1.0,"[1819.3684432573846, 7.62767481803894]"
F182013,10,34,0.01,"[2898.1859206898025, 0.07779598236083984]"
F182013,10,34,0.1,"[2898.1859206898025, 0.7675187587738037]"
F182013,10,34,0.2,"[2898.1859206898025, 1.5362622737884521]"
F182013,10,34,0.3,"[2898.1859206898025, 2.303791046142578]"
F182013,10,34,0.4,"[2898.1859206898025, 3.0721688270568848]"
F182013,10,34,0.5,"[2898.1859206898025, 3.8423337936401367]"
F182013,10,34,0.6,"[2898.1859206898025, 4.609664678573608]"
F182013,10,34,0.7,"[2898.1859206898025, 5.379312038421631]"
F182013,10,34,0.8,"[2898.1859206898025, 6.146208047866821]"
F182013,10,34,0.9,"[2898.1859206898025, 6.912600755691528]"
F182013,10,34,1.0,"[2898.1859206898025, 7.678141117095947]"
F182013,10,35,0.01,"[1678.3850959519918, 0.07918071746826172]"
F182013,10,35,0.1,"[1678.3244950170738, 0.7806236743927002]"
F182013,10,35,0.2,"[1678.237887352404, 1.561051845550537]"
F182013,10,35,0.3,"[1678.237887352404, 2.337322473526001]"
F182013,10,35,0.4,"[1678.237887352404, 3.115173578262329]"
F182013,10,35,0.5,"[1678.237887352404, 3.8897576332092285]"
F182013,10,35,0.6,"[1678.237887352404, 4.666577339172363]"
F182013,10,35,0.7,"[1678.237887352404, 5.443148374557495]"
F182013,10,35,0.8,"[1678.237887352404, 6.218637466430664]"
F182013,10,35,0.9,"[1678.237887352404, 6.992244720458984]"
F182013,10,35,1.0,"[1678.237887352404, 7.7684547901153564]"
F182013,10,36,0.01,"[1756.9571473272817, 0.0774838924407959]"
F182013,10,36,0.1,"[1756.9566897784098, 0.7642464637756348]"
F182013,10,36,0.2,"[1756.9566897784098, 1.5285537242889404]"
F182013,10,36,0.3,"[1756.9566897784098, 2.288379192352295]"
F182013,10,36,0.4,"[1756.9566897784098, 3.052163600921631]"
F182013,10,36,0.5,"[1756.9209629948464, 3.8149383068084717]"
F182013,10,36,0.6,"[1756.9209629948464, 4.577101469039917]"
F182013,10,36,0.7,"[1756.9209629948464, 5.343508243560791]"
F182013,10,36,0.8,"[1756.9209629948464, 6.10544753074646]"
F182013,10,36,0.9,"[1756.9209629948464, 6.869168519973755]"
F182013,10,36,1.0,"[1756.9209629948464, 7.634016275405884]"
F182013,10,37,0.01,"[3109.167477202884, 0.07776117324829102]"
F182013,10,37,0.1,"[3108.1284214082284, 0.7666006088256836]"
F182013,10,37,0.2,"[3107.996614575734, 1.5350346565246582]"
F182013,10,37,0.3,"[3107.996614575734, 2.301959991455078]"
F182013,10,37,0.4,"[3107.996614575734, 3.069598913192749]"
F182013,10,37,0.5,"[3107.9653426945006, 3.837801694869995]"
F182013,10,37,0.6,"[3107.9653426945006, 4.607887506484985]"
F182013,10,37,0.7,"[3107.9653426945006, 5.37748122215271]"
F182013,10,37,0.8,"[3107.9653426945006, 6.146384954452515]"
F182013,10,37,0.9,"[3107.9653426945006, 6.9140589237213135]"
F182013,10,37,1.0,"[3107.9653426945006, 7.682747840881348]"
F182013,10,38,0.01,"[1731.680984442386, 0.07831811904907227]"
F182013,10,38,0.1,"[1731.680984442386, 0.7683811187744141]"
F182013,10,38,0.2,"[1731.680984442386, 1.541872262954712]"
F182013,10,38,0.3,"[1731.680984442386, 2.3116564750671387]"
F182013,10,38,0.4,"[1731.680984442386, 3.0864365100860596]"
F182013,10,38,0.5,"[1731.680984442386, 3.860819101333618]"
F182013,10,38,0.6,"[1731.680984442386, 4.628405809402466]"
F182013,10,38,0.7,"[1731.680984442386, 5.398953914642334]"
F182013,10,38,0.8,"[1731.680984442386, 6.2420103549957275]"
F182013,10,38,0.9,"[1731.680984442386, 7.011732339859009]"
F182013,10,38,1.0,"[1731.680984442386, 8.051506757736206]"
F182013,10,39,0.01,"[3038.6143968006268, 0.07928252220153809]"
F182013,10,39,0.1,"[2724.3571927447942, 0.7829318046569824]"
F182013,10,39,0.2,"[2723.949910448078, 1.5625708103179932]"
F182013,10,39,0.3,"[2723.943696429279, 2.3423526287078857]"
F182013,10,39,0.4,"[2723.825243679604, 3.123297691345215]"
F182013,10,39,0.5,"[2723.825243679604, 3.906555414199829]"
F182013,10,39,0.6,"[2723.825243679604, 4.687382936477661]"
F182013,10,39,0.7,"[2723.825243679604, 5.469426393508911]"
F182013,10,39,0.8,"[2723.825243679604, 6.250759601593018]"
F182013,10,39,0.9,"[2723.825243679604, 7.03107762336731]"
F182013,10,39,1.0,"[2723.825243679604, 7.81218695640564]"
F182013,10,40,0.01,"[3237.587546941851, 0.07850027084350586]"
F182013,10,40,0.1,"[3237.587546941851, 0.7705187797546387]"
F182013,10,40,0.2,"[3237.587546941851, 1.5391852855682373]"
F182013,10,40,0.3,"[3237.587546941851, 2.3041365146636963]"
F182013,10,40,0.4,"[3237.587546941851, 3.0696442127227783]"
F182013,10,40,0.5,"[3237.587546941851, 3.836639642715454]"
F182013,10,40,0.6,"[3237.587546941851, 4.600376605987549]"
F182013,10,40,0.7,"[3237.587546941851, 5.36807918548584]"
F182013,10,40,0.8,"[3237.587546941851, 6.1345741748809814]"
F182013,10,40,0.9,"[3237.587546941851, 6.902140140533447]"
F182013,10,40,1.0,"[3237.587546941851, 7.6702187061309814]"
F182013,10,41,0.01,"[1529.3313920176217, 0.0774235725402832]"
F182013,10,41,0.1,"[1528.914419542833, 0.7733669281005859]"
F182013,10,41,0.2,"[1528.914419542833, 1.5375957489013672]"
F182013,10,41,0.3,"[1528.8194599281094, 2.299405336380005]"
F182013,10,41,0.4,"[1528.808521072326, 3.0646181106567383]"
F182013,10,41,0.5,"[1528.808521072326, 3.827789068222046]"
F182013,10,41,0.6,"[1528.808521072326, 4.59147572517395]"
F182013,10,41,0.7,"[1528.808521072326, 5.356348991394043]"
F182013,10,41,0.8,"[1528.808521072326, 6.120814561843872]"
F182013,10,41,0.9,"[1528.808521072326, 6.88189697265625]"
F182013,10,41,1.0,"[1528.808521072326, 7.646514177322388]"
F182013,10,42,0.01,"[1881.05286773207, 0.07796335220336914]"
F182013,10,42,0.1,"[1881.05286773207, 0.7688937187194824]"
F182013,10,42,0.2,"[1881.05286773207, 1.5377120971679688]"
F182013,10,42,0.3,"[1881.05286773207, 2.305307388305664]"
F182013,10,42,0.4,"[1881.05286773207, 3.0759363174438477]"
F182013,10,42,0.5,"[1881.05286773207, 3.8447189331054688]"
F182013,10,42,0.6,"[1881.05286773207, 4.611912488937378]"
F182013,10,42,0.7,"[1881.05286773207, 5.3899993896484375]"
F182013,10,42,0.8,"[1881.05286773207, 6.15607213973999]"
F182013,10,42,0.9,"[1881.05286773207, 6.924026727676392]"
F182013,10,42,1.0,"[1881.05286773207, 7.693005084991455]"
F182013,10,43,0.01,"[2315.958351822276, 0.07781982421875]"
F182013,10,43,0.1,"[2315.958351822276, 0.7673513889312744]"
F182013,10,43,0.2,"[2315.958351822276, 1.5369336605072021]"
F182013,10,43,0.3,"[2315.958351822276, 2.3046576976776123]"
F182013,10,43,0.4,"[2315.9336638818913, 3.076451539993286]"
F182013,10,43,0.5,"[2315.9336638818913, 3.844876766204834]"
F182013,10,43,0.6,"[2315.9336638818913, 4.611517906188965]"
F182013,10,43,0.7,"[2315.9336638818913, 5.380661964416504]"
F182013,10,43,0.8,"[2315.9336638818913, 6.148411750793457]"
F182013,10,43,0.9,"[2315.9336638818913, 6.915537357330322]"
F182013,10,43,1.0,"[2315.9336638818913, 7.684377908706665]"
F182013,10,44,0.01,"[1553.9592107939297, 0.09212636947631836]"
F182013,10,44,0.1,"[1553.9592107939297, 0.9086971282958984]"
F182013,10,44,0.2,"[1553.9592107939297, 1.8176321983337402]"
F182013,10,44,0.3,"[1553.9592107939297, 2.723824977874756]"
F182013,10,44,0.4,"[1553.9592107939297, 3.636704206466675]"
F182013,10,44,0.5,"[1553.9592107939297, 4.540376901626587]"
F182013,10,44,0.6,"[1553.9592107939297, 5.442370414733887]"
F182013,10,44,0.7,"[1553.9592107939297, 6.347261905670166]"
F182013,10,44,0.8,"[1553.9592107939297, 7.2497076988220215]"
F182013,10,44,0.9,"[1553.9592107939297, 8.152499198913574]"
F182013,10,44,1.0,"[1553.9592107939297, 9.056310892105103]"
F182013,10,45,0.01,"[2363.408004304738, 0.07766604423522949]"
F182013,10,45,0.1,"[2363.408004304738, 0.7656288146972656]"
F182013,10,45,0.2,"[2363.408004304738, 1.5302534103393555]"
F182013,10,45,0.3,"[2363.408004304738, 2.293532609939575]"
F182013,10,45,0.4,"[2363.408004304738, 3.058988094329834]"
F182013,10,45,0.5,"[2363.408004304738, 3.8227622509002686]"
F182013,10,45,0.6,"[2363.408004304738, 4.585393190383911]"
F182013,10,45,0.7,"[2363.408004304738, 5.352283000946045]"
F182013,10,45,0.8,"[2363.408004304738, 6.116045236587524]"
F182013,10,45,0.9,"[2363.408004304738, 6.881305932998657]"
F182013,10,45,1.0,"[2363.408004304738, 7.6473822593688965]"
F182013,10,46,0.01,"[3262.5993350056833, 0.11887550354003906]"
F182013,10,46,0.1,"[3262.230280352242, 0.8087112903594971]"
F182013,10,46,0.2,"[3262.230280352242, 1.5763869285583496]"
F182013,10,46,0.3,"[3262.230280352242, 2.3406267166137695]"
F182013,10,46,0.4,"[3262.230280352242, 3.108586549758911]"
F182013,10,46,0.5,"[3262.230280352242, 3.874079704284668]"
F182013,10,46,0.6,"[3262.230280352242, 4.6373302936553955]"
F182013,10,46,0.7,"[3262.230280352242, 5.40580415725708]"
F182013,10,46,0.8,"[3262.230280352242, 6.170619249343872]"
F182013,10,46,0.9,"[3262.230280352242, 6.937819957733154]"
F182013,10,46,1.0,"[3262.230280352242, 7.7048516273498535]"
F182013,10,47,0.01,"[1401.3244674743282, 0.07759761810302734]"
F182013,10,47,0.1,"[1401.3244674743282, 0.764254093170166]"
F182013,10,47,0.2,"[1401.3244674743282, 1.5283782482147217]"
F182013,10,47,0.3,"[1401.3244674743282, 2.2898221015930176]"
F182013,10,47,0.4,"[1401.3244674743282, 3.0543107986450195]"
F182013,10,47,0.5,"[1401.3244674743282, 3.818279266357422]"
F182013,10,47,0.6,"[1401.3244674743282, 4.580483436584473]"
F182013,10,47,0.7,"[1401.3244674743282, 5.347894668579102]"
F182013,10,47,0.8,"[1401.3244674743282, 6.111830472946167]"
F182013,10,47,0.9,"[1401.3244674743282, 6.877721309661865]"
F182013,10,47,1.0,"[1401.3244674743282, 7.643191576004028]"
F182013,10,48,0.01,"[2851.6312800375426, 0.07771134376525879]"
F182013,10,48,0.1,"[2850.9789386421244, 0.7669546604156494]"
F182013,10,48,0.2,"[2850.9789386421244, 1.5297365188598633]"
F182013,10,48,0.3,"[2850.9789386421244, 2.289273262023926]"
F182013,10,48,0.4,"[2850.9789386421244, 3.0523135662078857]"
F182013,10,48,0.5,"[2850.9789386421244, 3.8190717697143555]"
F182013,10,48,0.6,"[2850.9789386421244, 4.5855865478515625]"
F182013,10,48,0.7,"[2850.9789386421244, 5.35309362411499]"
F182013,10,48,0.8,"[2850.9789386421244, 6.119547128677368]"
F182013,10,48,0.9,"[2850.9789386421244, 6.88649582862854]"
F182013,10,48,1.0,"[2850.9789386421244, 7.654808282852173]"
F182013,10,49,0.01,"[2150.688097110196, 0.07744145393371582]"
F182013,10,49,0.1,"[2150.688097110196, 0.7653083801269531]"
F182013,10,49,0.2,"[2150.688097110196, 1.5318670272827148]"
F182013,10,49,0.3,"[2150.688097110196, 2.297884225845337]"
F182013,10,49,0.4,"[2150.688097110196, 3.0692081451416016]"
F182013,10,49,0.5,"[2150.688097110196, 3.8349997997283936]"
F182013,10,49,0.6,"[2150.688097110196, 4.603014945983887]"
F182013,10,49,0.7,"[2150.688097110196, 5.3735551834106445]"
F182013,10,49,0.8,"[2150.688097110196, 6.144448280334473]"
F182013,10,49,0.9,"[2150.688097110196, 6.914060354232788]"
F182013,10,49,1.0,"[2150.688097110196, 7.685267210006714]"
F182013,10,50,0.01,"[1403.0315439766428, 0.07677006721496582]"
F182013,10,50,0.1,"[1403.014459813907, 0.760523796081543]"
F182013,10,50,0.2,"[1402.9154242363682, 1.5184202194213867]"
F182013,10,50,0.3,"[1402.9154242363682, 2.277306318283081]"
F182013,10,50,0.4,"[1402.9154242363682, 3.0370898246765137]"
F182013,10,50,0.5,"[1402.9154242363682, 3.795910596847534]"
F182013,10,50,0.6,"[1402.9054529823336, 4.55340051651001]"
F182013,10,50,0.7,"[1402.9054529823336, 5.312894105911255]"
F182013,10,50,0.8,"[1402.9054529823336, 6.073597431182861]"
F182013,10,50,0.9,"[1402.9054529823336, 6.830517292022705]"
F182013,10,50,1.0,"[1402.9054529823336, 7.588822364807129]"
F182013,30,0,0.01,"[4782.493581792227, 0.24087786674499512]"
F182013,30,0,0.1,"[4782.493581792227, 2.401853322982788]"
F182013,30,0,0.2,"[4782.493581792227, 4.798150300979614]"
F182013,30,0,0.3,"[4782.493581792227, 7.209511756896973]"
F182013,30,0,0.4,"[4782.493581792227, 9.608985424041748]"
F182013,30,0,0.5,"[4782.493581792227, 12.225420236587524]"
F182013,30,0,0.6,"[4782.493581792227, 14.623255968093872]"
F182013,30,0,0.7,"[4782.493581792227, 17.030606746673584]"
F182013,30,0,0.8,"[4782.493581792227, 19.427579879760742]"
F182013,30,0,0.9,"[4782.493581792227, 21.83182168006897]"
F182013,30,0,1.0,"[4782.493581792227, 24.22598385810852]"
F182013,30,1,0.01,"[6332.379794008577, 0.25874781608581543]"
F182013,30,1,0.1,"[6331.606925578645, 2.418447494506836]"
F182013,30,1,0.2,"[6331.606925578645, 4.8252551555633545]"
F182013,30,1,0.3,"[6331.606925578645, 7.24275803565979]"
F182013,30,1,0.4,"[6331.606925578645, 9.654948949813843]"
F182013,30,1,0.5,"[6330.943864652399, 12.312331914901733]"
F182013,30,1,0.6,"[6330.943864652399, 14.705405712127686]"
F182013,30,1,0.7,"[6330.325625964247, 17.1033616065979]"
F182013,30,1,0.8,"[6330.325625964247, 19.503941774368286]"
F182013,30,1,0.9,"[6330.325625964247, 21.910836935043335]"
F182013,30,1,1.0,"[6330.325625964247, 24.311939477920532]"
F182013,30,2,0.01,"[6824.547218148342, 0.23787379264831543]"
F182013,30,2,0.1,"[6824.547218148342, 2.382838249206543]"
F182013,30,2,0.2,"[6824.547218148342, 4.765597820281982]"
F182013,30,2,0.3,"[6824.547218148342, 7.15237283706665]"
F182013,30,2,0.4,"[6824.547218148342, 9.536431312561035]"
F182013,30,2,0.5,"[6824.547218148342, 11.926859855651855]"
F182013,30,2,0.6,"[6824.547218148342, 14.298633813858032]"
F182013,30,2,0.7,"[6824.547218148342, 16.678682804107666]"
F182013,30,2,0.8,"[6824.042595260363, 19.051451683044434]"
F182013,30,2,0.9,"[6824.042595260363, 21.431243181228638]"
F182013,30,2,1.0,"[6824.042595260363, 23.817089557647705]"
F182013,30,3,0.01,"[4462.387501564114, 0.23727965354919434]"
F182013,30,3,0.1,"[4462.387501564114, 2.371687650680542]"
F182013,30,3,0.2,"[4462.387501564114, 4.739689588546753]"
F182013,30,3,0.3,"[4462.387501564114, 7.1086955070495605]"
F182013,30,3,0.4,"[4462.387501564114, 9.484620094299316]"
F182013,30,3,0.5,"[4462.387501564114, 11.862818956375122]"
F182013,30,3,0.6,"[4462.387501564114, 14.227209329605103]"
F182013,30,3,0.7,"[4462.387501564114, 16.598458766937256]"
F182013,30,3,0.8,"[4462.387501564114, 18.968804121017456]"
F182013,30,3,0.9,"[4462.387501564114, 21.34372568130493]"
F182013,30,3,1.0,"[4461.667976535741, 23.70872139930725]"
F182013,30,4,0.01,"[4644.030160231186, 0.23758435249328613]"
F182013,30,4,0.1,"[4644.030160231186, 2.38240385055542]"
F182013,30,4,0.2,"[4643.403407980897, 4.762158155441284]"
F182013,30,4,0.3,"[4643.403407980897, 7.149937152862549]"
F182013,30,4,0.4,"[4643.403407980897, 9.531322956085205]"
F182013,30,4,0.5,"[4643.403407980897, 11.912471771240234]"
F182013,30,4,0.6,"[4643.403407980897, 14.287195682525635]"
F182013,30,4,0.7,"[4643.403407980897, 16.660781145095825]"
F182013,30,4,0.8,"[4643.403407980897, 19.04873013496399]"
F182013,30,4,0.9,"[4643.39152031219, 21.423320055007935]"
F182013,30,4,1.0,"[4643.39152031219, 23.79874277114868]"
F182013,30,5,0.01,"[5367.478619259003, 0.2392868995666504]"
F182013,30,5,0.1,"[5366.853764631041, 2.4013736248016357]"
F182013,30,5,0.2,"[5366.542589370342, 4.806959390640259]"
F182013,30,5,0.3,"[5366.542589370342, 7.215111017227173]"
F182013,30,5,0.4,"[5366.542589370342, 9.62272596359253]"
F182013,30,5,0.5,"[5366.480142130054, 12.039098501205444]"
F182013,30,5,0.6,"[5365.631570077286, 14.451351165771484]"
F182013,30,5,0.7,"[5365.631570077286, 16.86642837524414]"
F182013,30,5,0.8,"[5365.631570077286, 19.269379377365112]"
F182013,30,5,0.9,"[5365.631570077286, 21.683319568634033]"
F182013,30,5,1.0,"[5365.631570077286, 24.09410572052002]"
F182013,30,6,0.01,"[7087.43124756189, 0.23854923248291016]"
F182013,30,6,0.1,"[7087.43124756189, 2.3845467567443848]"
F182013,30,6,0.2,"[7087.43124756189, 4.772377252578735]"
F182013,30,6,0.3,"[7087.18288477014, 7.205865383148193]"
F182013,30,6,0.4,"[7087.18288477014, 9.600512504577637]"
F182013,30,6,0.5,"[7087.18288477014, 11.993311166763306]"
F182013,30,6,0.6,"[7087.18288477014, 14.372787714004517]"
F182013,30,6,0.7,"[7087.18288477014, 16.759144067764282]"
F182013,30,6,0.8,"[7087.18288477014, 19.15186381340027]"
F182013,30,6,0.9,"[7087.18288477014, 21.546714544296265]"
F182013,30,6,1.0,"[7087.18288477014, 23.94073486328125]"
F182013,30,7,0.01,"[4289.102985918034, 0.2398688793182373]"
F182013,30,7,0.1,"[4289.078916165137, 2.4127440452575684]"
F182013,30,7,0.2,"[4289.078916165137, 4.802699327468872]"
F182013,30,7,0.3,"[4289.078916165137, 7.213504791259766]"
F182013,30,7,0.4,"[4289.078916165137, 9.607401371002197]"
F182013,30,7,0.5,"[4289.078916165137, 12.04439663887024]"
F182013,30,7,0.6,"[4289.078916165137, 14.434022903442383]"
F182013,30,7,0.7,"[4289.078916165137, 16.83581852912903]"
F182013,30,7,0.8,"[4289.078916165137, 19.241908073425293]"
F182013,30,7,0.9,"[4289.078916165137, 21.677496671676636]"
F182013,30,7,1.0,"[4289.078916165137, 24.08773446083069]"
F182013,30,8,0.01,"[5161.791766483029, 0.26685166358947754]"
F182013,30,8,0.1,"[5161.151558681528, 2.415786027908325]"
F182013,30,8,0.2,"[5161.146035940819, 4.801536798477173]"
F182013,30,8,0.3,"[5161.146035940819, 7.184639930725098]"
F182013,30,8,0.4,"[5161.146035940819, 9.57014799118042]"
F182013,30,8,0.5,"[5161.146035940819, 11.961657047271729]"
F182013,30,8,0.6,"[5161.098060173144, 14.34579610824585]"
F182013,30,8,0.7,"[5160.772824222331, 16.735477209091187]"
F182013,30,8,0.8,"[5160.772824222331, 19.129211902618408]"
F182013,30,8,0.9,"[5160.772824222331, 21.522982358932495]"
F182013,30,8,1.0,"[5160.772824222331, 23.912664890289307]"
F182013,30,9,0.01,"[7220.145568130091, 0.2401285171508789]"
F182013,30,9,0.1,"[7220.145568130091, 2.4021809101104736]"
F182013,30,9,0.2,"[7220.145568130091, 4.81371808052063]"
F182013,30,9,0.3,"[7220.145568130091, 7.224343776702881]"
F182013,30,9,0.4,"[7220.145568130091, 9.638709783554077]"
F182013,30,9,0.5,"[7220.145568130091, 12.080671787261963]"
F182013,30,9,0.6,"[7220.145568130091, 14.49426555633545]"
F182013,30,9,0.7,"[7220.145568130091, 16.919129610061646]"
F182013,30,9,0.8,"[7220.145568130091, 19.336812019348145]"
F182013,30,9,0.9,"[7220.145568130091, 21.75629210472107]"
F182013,30,9,1.0,"[7220.145568130091, 24.176012754440308]"
F182013,30,10,0.01,"[5831.918623517481, 0.23955249786376953]"
F182013,30,10,0.1,"[5831.918623517481, 2.398312568664551]"
F182013,30,10,0.2,"[5831.918623517481, 4.796574592590332]"
F182013,30,10,0.3,"[5831.918623517481, 7.193954706192017]"
F182013,30,10,0.4,"[5831.918623517481, 9.58877968788147]"
F182013,30,10,0.5,"[5831.918623517481, 11.986506223678589]"
F182013,30,10,0.6,"[5831.918623517481, 14.378488779067993]"
F182013,30,10,0.7,"[5831.918623517481, 16.770140886306763]"
F182013,30,10,0.8,"[5831.918623517481, 19.162038564682007]"
F182013,30,10,0.9,"[5831.918623517481, 21.55179786682129]"
F182013,30,10,1.0,"[5831.918623517481, 23.94776201248169]"
F182013,30,11,0.01,"[5389.172262870839, 0.2633967399597168]"
F182013,30,11,0.1,"[5389.172262870839, 2.4340286254882812]"
F182013,30,11,0.2,"[5389.172262870839, 4.843236684799194]"
F182013,30,11,0.3,"[5389.172262870839, 7.250987768173218]"
F182013,30,11,0.4,"[5389.172262870839, 9.657902717590332]"
F182013,30,11,0.5,"[5389.172262870839, 12.071125268936157]"
F182013,30,11,0.6,"[5389.172262870839, 14.47463846206665]"
F182013,30,11,0.7,"[5389.172262870839, 16.883241176605225]"
F182013,30,11,0.8,"[5389.172262870839, 19.293621063232422]"
F182013,30,11,0.9,"[5389.172262870839, 21.702022790908813]"
F182013,30,11,1.0,"[5389.172262870839, 24.100154876708984]"
F182013,30,12,0.01,"[8544.159624797307, 0.23946285247802734]"
F182013,30,12,0.1,"[8543.456176949052, 2.398578405380249]"
F182013,30,12,0.2,"[8543.456176949052, 4.802316665649414]"
F182013,30,12,0.3,"[8543.456176949052, 7.215371608734131]"
F182013,30,12,0.4,"[8543.219693644785, 9.631145715713501]"
F182013,30,12,0.5,"[8543.219693644785, 12.048470735549927]"
F182013,30,12,0.6,"[8543.219693644785, 14.453353881835938]"
F182013,30,12,0.7,"[8543.219693644785, 16.863213539123535]"
F182013,30,12,0.8,"[8543.219693644785, 19.275415182113647]"
F182013,30,12,0.9,"[8543.219693644785, 21.697032690048218]"
F182013,30,12,1.0,"[8543.219693644785, 24.11359143257141]"
F182013,30,13,0.01,"[6724.670161828801, 0.2523787021636963]"
F182013,30,13,0.1,"[6724.380344152348, 2.4105265140533447]"
F182013,30,13,0.2,"[6724.380344152348, 4.806293964385986]"
F182013,30,13,0.3,"[6724.380344152348, 7.212231159210205]"
F182013,30,13,0.4,"[6724.380344152348, 9.612643241882324]"
F182013,30,13,0.5,"[6724.380344152348, 12.015377521514893]"
F182013,30,13,0.6,"[6724.380344152348, 14.411879539489746]"
F182013,30,13,0.7,"[6723.864354985803, 16.799455404281616]"
F182013,30,13,0.8,"[6723.864354985803, 19.17222833633423]"
F182013,30,13,0.9,"[6723.864354985803, 21.547011852264404]"
F182013,30,13,1.0,"[6723.864354985803, 23.925952672958374]"
F182013,30,14,0.01,"[7831.126325986703, 0.26755404472351074]"
F182013,30,14,0.1,"[7831.126325986703, 2.4268946647644043]"
F182013,30,14,0.2,"[7831.106523160932, 4.821272850036621]"
F182013,30,14,0.3,"[7831.106523160932, 7.223415851593018]"
F182013,30,14,0.4,"[7831.106523160932, 9.625705003738403]"
F182013,30,14,0.5,"[7830.205597626598, 12.01660418510437]"
F182013,30,14,0.6,"[7830.205597626598, 14.400907278060913]"
F182013,30,14,0.7,"[7830.205597626598, 16.789105892181396]"
F182013,30,14,0.8,"[7830.205597626598, 19.174134969711304]"
F182013,30,14,0.9,"[7830.205597626598, 21.56361985206604]"
F182013,30,14,1.0,"[7830.150487374189, 23.95385718345642]"
F182013,30,15,0.01,"[8892.410939310435, 0.23897457122802734]"
F182013,30,15,0.1,"[8890.815859467417, 2.3882405757904053]"
F182013,30,15,0.2,"[8890.815859467417, 4.779477834701538]"
F182013,30,15,0.3,"[8890.815859467417, 7.16606068611145]"
F182013,30,15,0.4,"[8890.815859467417, 9.557760238647461]"
F182013,30,15,0.5,"[8890.815859467417, 11.945996522903442]"
F182013,30,15,0.6,"[8890.815859467417, 14.320969820022583]"
F182013,30,15,0.7,"[8890.26777537641, 16.706281661987305]"
F182013,30,15,0.8,"[8890.26777537641, 19.090453386306763]"
F182013,30,15,0.9,"[8890.26777537641, 21.483747720718384]"
F182013,30,15,1.0,"[8890.26777537641, 23.87132954597473]"
F182013,30,16,0.01,"[6220.738512917472, 0.2393801212310791]"
F182013,30,16,0.1,"[6220.738512917472, 2.3877334594726562]"
F182013,30,16,0.2,"[6220.738512917472, 4.777721405029297]"
F182013,30,16,0.3,"[6220.738512917472, 7.169689893722534]"
F182013,30,16,0.4,"[6220.564686547398, 9.56920862197876]"
F182013,30,16,0.5,"[6220.564686547398, 11.960381269454956]"
F182013,30,16,0.6,"[6220.564686547398, 14.343993902206421]"
F182013,30,16,0.7,"[6220.564686547398, 16.733388662338257]"
F182013,30,16,0.8,"[6220.564686547398, 19.11540389060974]"
F182013,30,16,0.9,"[6220.564686547398, 21.503281116485596]"
F182013,30,16,1.0,"[6220.564686547398, 23.889951944351196]"
F182013,30,17,0.01,"[4462.733151506528, 0.2520761489868164]"
F182013,30,17,0.1,"[4462.733151506528, 2.374103307723999]"
F182013,30,17,0.2,"[4462.733151506528, 4.723550081253052]"
F182013,30,17,0.3,"[4462.733151506528, 7.0812108516693115]"
F182013,30,17,0.4,"[4462.733151506528, 9.44402527809143]"
F182013,30,17,0.5,"[4462.733151506528, 11.802197694778442]"
F182013,30,17,0.6,"[4462.341087528059, 14.147278547286987]"
F182013,30,17,0.7,"[4462.341087528059, 16.49595856666565]"
F182013,30,17,0.8,"[4462.341087528059, 18.84016990661621]"
F182013,30,17,0.9,"[4462.341087528059, 21.19394063949585]"
F182013,30,17,1.0,"[4462.341087528059, 23.542681455612183]"
F182013,30,18,0.01,"[4976.525059780371, 0.23904633522033691]"
F182013,30,18,0.1,"[4976.275771367636, 2.3705620765686035]"
F182013,30,18,0.2,"[4976.275771367636, 4.728948593139648]"
F182013,30,18,0.3,"[4976.275771367636, 7.090999364852905]"
F182013,30,18,0.4,"[4976.275771367636, 9.447169303894043]"
F182013,30,18,0.5,"[4976.275771367636, 11.802095413208008]"
F182013,30,18,0.6,"[4976.275771367636, 14.151547193527222]"
F182013,30,18,0.7,"[4976.275771367636, 16.503018856048584]"
F182013,30,18,0.8,"[4976.275771367636, 18.857592582702637]"
F182013,30,18,0.9,"[4976.275771367636, 21.21162486076355]"
F182013,30,18,1.0,"[4976.275771367636, 23.56128764152527]"
F182013,30,19,0.01,"[4976.171650676305, 0.2370743751525879]"
F182013,30,19,0.1,"[4976.171650676305, 2.3532447814941406]"
F182013,30,19,0.2,"[4976.171650676305, 4.704256772994995]"
F182013,30,19,0.3,"[4975.12864089, 7.0577569007873535]"
F182013,30,19,0.4,"[4974.783688364855, 9.409446954727173]"
F182013,30,19,0.5,"[4974.783688364855, 11.756631851196289]"
F182013,30,19,0.6,"[4974.783688364855, 14.102660655975342]"
F182013,30,19,0.7,"[4974.783688364855, 16.4527645111084]"
F182013,30,19,0.8,"[4974.783688364855, 18.79892587661743]"
F182013,30,19,0.9,"[4974.783688364855, 21.156848669052124]"
F182013,30,19,1.0,"[4974.783688364855, 23.51257038116455]"
F182013,30,20,0.01,"[5502.189467552247, 0.23889732360839844]"
F182013,30,20,0.1,"[5500.686198063059, 2.3816864490509033]"
F182013,30,20,0.2,"[5500.686198063059, 4.761696815490723]"
F182013,30,20,0.3,"[5500.686198063059, 7.138294696807861]"
F182013,30,20,0.4,"[5500.120576424703, 9.508751392364502]"
F182013,30,20,0.5,"[5500.120576424703, 11.8848295211792]"
F182013,30,20,0.6,"[5500.120576424703, 14.259536981582642]"
F182013,30,20,0.7,"[5500.120576424703, 16.634357213974]"
F182013,30,20,0.8,"[5500.050329331734, 19.0031316280365]"
F182013,30,20,0.9,"[5500.050329331734, 21.379086017608643]"
F182013,30,20,1.0,"[5500.050329331734, 23.747902631759644]"
F182013,30,21,0.01,"[5167.974460185232, 0.23777103424072266]"
F182013,30,21,0.1,"[5167.686736584209, 2.3675293922424316]"
F182013,30,21,0.2,"[5167.328547790824, 4.730432033538818]"
F182013,30,21,0.3,"[5167.328547790824, 7.103262186050415]"
F182013,30,21,0.4,"[5167.328547790824, 9.473145723342896]"
F182013,30,21,0.5,"[5167.328547790824, 11.848281860351562]"
F182013,30,21,0.6,"[5167.328547790824, 14.210401773452759]"
F182013,30,21,0.7,"[5167.264996799276, 16.58296251296997]"
F182013,30,21,0.8,"[5166.985049455689, 18.952486991882324]"
F182013,30,21,0.9,"[5166.985049455689, 21.322343587875366]"
F182013,30,21,1.0,"[5166.985049455689, 23.68346333503723]"
F182013,30,22,0.01,"[5647.863094507566, 0.23858118057250977]"
F182013,30,22,0.1,"[5647.863094507566, 2.3626372814178467]"
F182013,30,22,0.2,"[5647.863094507566, 4.717054605484009]"
F182013,30,22,0.3,"[5647.715488805858, 7.075505018234253]"
F182013,30,22,0.4,"[5647.715488805858, 9.42754340171814]"
F182013,30,22,0.5,"[5647.715488805858, 11.786420345306396]"
F182013,30,22,0.6,"[5647.715488805858, 14.140490770339966]"
F182013,30,22,0.7,"[5647.715488805858, 16.495054006576538]"
F182013,30,22,0.8,"[5647.715488805858, 18.84758687019348]"
F182013,30,22,0.9,"[5647.715488805858, 21.2004816532135]"
F182013,30,22,1.0,"[5647.715488805858, 23.553441047668457]"
F182013,30,23,0.01,"[8437.0093640601, 0.24046754837036133]"
F182013,30,23,0.1,"[8436.016298197099, 2.4045073986053467]"
F182013,30,23,0.2,"[8436.016298197099, 4.800796985626221]"
F182013,30,23,0.3,"[8435.670055973724, 7.200761556625366]"
F182013,30,23,0.4,"[8435.670055973724, 9.591147422790527]"
F182013,30,23,0.5,"[8435.670055973724, 11.983110427856445]"
F182013,30,23,0.6,"[8435.670055973724, 14.374705076217651]"
F182013,30,23,0.7,"[8435.670055973724, 16.77052879333496]"
F182013,30,23,0.8,"[8435.670055973724, 19.163257122039795]"
F182013,30,23,0.9,"[8435.670055973724, 21.55827808380127]"
F182013,30,23,1.0,"[8435.670055973724, 23.94941806793213]"
F182013,30,24,0.01,"[5553.742772351216, 0.23935198783874512]"
F182013,30,24,0.1,"[5553.636816932359, 2.3976502418518066]"
F182013,30,24,0.2,"[5552.520426333718, 4.798213481903076]"
F182013,30,24,0.3,"[5552.520426333718, 7.197120428085327]"
F182013,30,24,0.4,"[5552.520426333718, 9.606046438217163]"
F182013,30,24,0.5,"[5552.520426333718, 12.01692271232605]"
F182013,30,24,0.6,"[5552.520426333718, 14.418611288070679]"
F182013,30,24,0.7,"[5552.520426333718, 16.82668137550354]"
F182013,30,24,0.8,"[5552.520426333718, 19.225586414337158]"
F182013,30,24,0.9,"[5552.520426333718, 21.638015508651733]"
F182013,30,24,1.0,"[5552.520426333718, 24.043846130371094]"
F182013,30,25,0.01,"[5342.879599837314, 0.24652957916259766]"
F182013,30,25,0.1,"[5342.007008518821, 2.387208938598633]"
F182013,30,25,0.2,"[5342.007008518821, 4.765208721160889]"
F182013,30,25,0.3,"[5342.007008518821, 7.1756064891815186]"
F182013,30,25,0.4,"[5342.007008518821, 9.576150178909302]"
F182013,30,25,0.5,"[5341.573388460919, 11.985111236572266]"
F182013,30,25,0.6,"[5341.108443996579, 14.403963804244995]"
F182013,30,25,0.7,"[5341.108443996579, 16.81922149658203]"
F182013,30,25,0.8,"[5341.108443996579, 19.22136640548706]"
F182013,30,25,0.9,"[5341.108443996579, 21.61358666419983]"
F182013,30,25,1.0,"[5341.108443996579, 23.997254610061646]"
F182013,30,26,0.01,"[5397.827499685439, 0.287919282913208]"
F182013,30,26,0.1,"[5397.827499685439, 2.845043182373047]"
F182013,30,26,0.2,"[5397.827499685439, 5.688926935195923]"
F182013,30,26,0.3,"[5397.827499685439, 8.525704622268677]"
F182013,30,26,0.4,"[5397.827499685439, 11.365053653717041]"
F182013,30,26,0.5,"[5397.827499685439, 14.213017702102661]"
F182013,30,26,0.6,"[5397.827499685439, 17.062060117721558]"
F182013,30,26,0.7,"[5397.827499685439, 19.902348041534424]"
F182013,30,26,0.8,"[5397.827499685439, 22.7330584526062]"
F182013,30,26,0.9,"[5397.827499685439, 25.57326889038086]"
F182013,30,26,1.0,"[5397.827499685439, 28.403685331344604]"
F182013,30,27,0.01,"[6286.473806793393, 0.2399435043334961]"
F182013,30,27,0.1,"[6286.192617121683, 2.410691022872925]"
F182013,30,27,0.2,"[6285.937622454563, 4.8173017501831055]"
F182013,30,27,0.3,"[6285.937622454563, 7.224742412567139]"
F182013,30,27,0.4,"[6285.926311824445, 9.639212608337402]"
F182013,30,27,0.5,"[6285.8368228488625, 12.053921461105347]"
F182013,30,27,0.6,"[6285.8368228488625, 14.445053577423096]"
F182013,30,27,0.7,"[6284.144375124997, 16.8466956615448]"
F182013,30,27,0.8,"[6284.144375124997, 19.2503502368927]"
F182013,30,27,0.9,"[6284.144375124997, 21.653345584869385]"
F182013,30,27,1.0,"[6284.144375124997, 24.05578923225403]"
F182013,30,28,0.01,"[3722.1529065770137, 0.23872113227844238]"
F182013,30,28,0.1,"[3722.1529065770137, 2.3883068561553955]"
F182013,30,28,0.2,"[3722.1529065770137, 4.781537771224976]"
F182013,30,28,0.3,"[3722.1529065770137, 7.186050891876221]"
F182013,30,28,0.4,"[3722.1529065770137, 9.591198921203613]"
F182013,30,28,0.5,"[3722.1529065770137, 11.996265172958374]"
F182013,30,28,0.6,"[3722.1529065770137, 14.399206399917603]"
F182013,30,28,0.7,"[3722.1529065770137, 16.806869506835938]"
F182013,30,28,0.8,"[3722.1529065770137, 19.20987319946289]"
F182013,30,28,0.9,"[3722.1529065770137, 21.611695289611816]"
F182013,30,28,1.0,"[3722.1529065770137, 24.018383026123047]"
F182013,30,29,0.01,"[7619.0101197920185, 0.2696404457092285]"
F182013,30,29,0.1,"[7618.689542689357, 2.439926862716675]"
F182013,30,29,0.2,"[7618.689542689357, 4.841130495071411]"
F182013,30,29,0.3,"[7618.413141261978, 7.255200147628784]"
F182013,30,29,0.4,"[7618.362082990515, 9.655845642089844]"
F182013,30,29,0.5,"[7618.362082990515, 12.061914920806885]"
F182013,30,29,0.6,"[7618.362082990515, 14.468756198883057]"
F182013,30,29,0.7,"[7618.362082990515, 16.87881588935852]"
F182013,30,29,0.8,"[7618.362082990515, 19.28426432609558]"
F182013,30,29,0.9,"[7618.362082990515, 21.690184354782104]"
F182013,30,29,1.0,"[7618.362082990515, 24.084455728530884]"
F182013,30,30,0.01,"[8099.418470316739, 0.23989176750183105]"
F182013,30,30,0.1,"[8099.418470316739, 2.4000134468078613]"
F182013,30,30,0.2,"[8099.418470316739, 4.795268297195435]"
F182013,30,30,0.3,"[8099.418470316739, 7.192331790924072]"
F182013,30,30,0.4,"[8099.418470316739, 9.594977378845215]"
F182013,30,30,0.5,"[8099.418470316739, 11.996765613555908]"
F182013,30,30,0.6,"[8099.418470316739, 14.386903047561646]"
F182013,30,30,0.7,"[8099.418470316739, 16.7837016582489]"
F182013,30,30,0.8,"[8099.418470316739, 19.182368516921997]"
F182013,30,30,0.9,"[8099.418470316739, 21.586949825286865]"
F182013,30,30,1.0,"[8099.418470316739, 23.980483770370483]"
F182013,30,31,0.01,"[6263.773968018987, 0.24053072929382324]"
F182013,30,31,0.1,"[6263.773968018987, 2.4034903049468994]"
F182013,30,31,0.2,"[6263.773968018987, 4.799442529678345]"
F182013,30,31,0.3,"[6263.773968018987, 7.200092792510986]"
F182013,30,31,0.4,"[6263.773968018987, 9.59917688369751]"
F182013,30,31,0.5,"[6263.773968018987, 12.007524251937866]"
F182013,30,31,0.6,"[6263.773968018987, 14.404619216918945]"
F182013,30,31,0.7,"[6263.773968018987, 16.80502986907959]"
F182013,30,31,0.8,"[6263.773968018987, 19.19433903694153]"
F182013,30,31,0.9,"[6263.773968018987, 21.58818006515503]"
F182013,30,31,1.0,"[6263.773968018987, 23.986236810684204]"
F182013,30,32,0.01,"[5812.421486647348, 0.24007034301757812]"
F182013,30,32,0.1,"[5812.421486647348, 2.401761293411255]"
F182013,30,32,0.2,"[5812.307578633497, 4.797057390213013]"
F182013,30,32,0.3,"[5812.193037238646, 7.197785377502441]"
F182013,30,32,0.4,"[5812.193037238646, 9.59499740600586]"
F182013,30,32,0.5,"[5812.193037238646, 11.996702432632446]"
F182013,30,32,0.6,"[5812.193037238646, 14.390352725982666]"
F182013,30,32,0.7,"[5812.193037238646, 16.792661905288696]"
F182013,30,32,0.8,"[5812.193037238646, 19.18872380256653]"
F182013,30,32,0.9,"[5812.193037238646, 21.580252170562744]"
F182013,30,32,1.0,"[5811.63660544043, 23.966246604919434]"
F182013,30,33,0.01,"[5196.084086138289, 0.23942160606384277]"
F182013,30,33,0.1,"[5196.084086138289, 2.3920340538024902]"
F182013,30,33,0.2,"[5196.084086138289, 4.77728533744812]"
F182013,30,33,0.3,"[5196.084086138289, 7.178231477737427]"
F182013,30,33,0.4,"[5196.084086138289, 9.581094980239868]"
F182013,30,33,0.5,"[5196.084086138289, 11.980537176132202]"
F182013,30,33,0.6,"[5196.084086138289, 14.373101949691772]"
F182013,30,33,0.7,"[5196.084086138289, 16.7671377658844]"
F182013,30,33,0.8,"[5196.084086138289, 19.158584356307983]"
F182013,30,33,0.9,"[5196.084086138289, 21.560201406478882]"
F182013,30,33,1.0,"[5195.702690815194, 23.961397409439087]"
F182013,30,34,0.01,"[7983.650503718334, 0.23949718475341797]"
F182013,30,34,0.1,"[7983.424533275527, 2.3993942737579346]"
F182013,30,34,0.2,"[7983.424533275527, 4.79820990562439]"
F182013,30,34,0.3,"[7983.424533275527, 7.205128192901611]"
F182013,30,34,0.4,"[7983.269230047725, 9.611070156097412]"
F182013,30,34,0.5,"[7983.269230047725, 12.012552261352539]"
F182013,30,34,0.6,"[7983.269230047725, 14.392041444778442]"
F182013,30,34,0.7,"[7983.269230047725, 16.7767333984375]"
F182013,30,34,0.8,"[7983.269230047725, 19.157756328582764]"
F182013,30,34,0.9,"[7983.269230047725, 21.557855367660522]"
F182013,30,34,1.0,"[7983.269230047725, 23.949742555618286]"
F182013,30,35,0.01,"[5512.703603776034, 0.2485332489013672]"
F182013,30,35,0.1,"[5512.703603776034, 2.3857789039611816]"
F182013,30,35,0.2,"[5512.703603776034, 4.764613628387451]"
F182013,30,35,0.3,"[5512.703603776034, 7.1464409828186035]"
F182013,30,35,0.4,"[5512.703603776034, 9.527474403381348]"
F182013,30,35,0.5,"[5512.703603776034, 11.918799877166748]"
F182013,30,35,0.6,"[5512.703603776034, 14.292290925979614]"
F182013,30,35,0.7,"[5512.703603776034, 16.668501377105713]"
F182013,30,35,0.8,"[5512.703603776034, 19.03831148147583]"
F182013,30,35,0.9,"[5512.703603776034, 21.421372890472412]"
F182013,30,35,1.0,"[5512.703603776034, 23.797016382217407]"
F182013,30,36,0.01,"[5927.208907064339, 0.25299715995788574]"
F182013,30,36,0.1,"[5926.584447565807, 2.3962666988372803]"
F182013,30,36,0.2,"[5926.584447565807, 4.770245790481567]"
F182013,30,36,0.3,"[5926.584447565807, 7.153384208679199]"
F182013,30,36,0.4,"[5926.584447565807, 9.533271312713623]"
F182013,30,36,0.5,"[5926.584447565807, 11.909388065338135]"
F182013,30,36,0.6,"[5926.584447565807, 14.280817031860352]"
F182013,30,36,0.7,"[5926.584447565807, 16.664830923080444]"
F182013,30,36,0.8,"[5926.584447565807, 19.052141666412354]"
F182013,30,36,0.9,"[5926.584447565807, 21.439455032348633]"
F182013,30,36,1.0,"[5926.584447565807, 23.82340145111084]"
F182013,30,37,0.01,"[6882.565350107388, 0.25223398208618164]"
F182013,30,37,0.1,"[6881.497517757807, 2.408266305923462]"
F182013,30,37,0.2,"[6881.497517757807, 4.791115045547485]"
F182013,30,37,0.3,"[6881.497517757807, 7.181708335876465]"
F182013,30,37,0.4,"[6881.497517757807, 9.57072925567627]"
F182013,30,37,0.5,"[6881.497517757807, 11.963550329208374]"
F182013,30,37,0.6,"[6881.497517757807, 14.344017028808594]"
F182013,30,37,0.7,"[6881.497517757807, 16.730491638183594]"
F182013,30,37,0.8,"[6881.497517757807, 19.1171452999115]"
F182013,30,37,0.9,"[6881.497517757807, 21.505308866500854]"
F182013,30,37,1.0,"[6881.497517757807, 23.892170667648315]"
F182013,30,38,0.01,"[7913.685269497721, 0.24839329719543457]"
F182013,30,38,0.1,"[7912.902605551473, 2.3962767124176025]"
F182013,30,38,0.2,"[7912.13753250322, 4.788517713546753]"
F182013,30,38,0.3,"[7911.896099194317, 7.175016164779663]"
F182013,30,38,0.4,"[7911.896099194317, 9.560087203979492]"
F182013,30,38,0.5,"[7911.896099194317, 11.946998119354248]"
F182013,30,38,0.6,"[7911.522629555482, 14.318521738052368]"
F182013,30,38,0.7,"[7911.522629555482, 16.702502250671387]"
F182013,30,38,0.8,"[7911.522629555482, 19.091841220855713]"
F182013,30,38,0.9,"[7911.522629555482, 21.477915287017822]"
F182013,30,38,1.0,"[7911.522629555482, 23.86289072036743]"
F182013,30,39,0.01,"[3824.935618818292, 0.23911833763122559]"
F182013,30,39,0.1,"[3823.5563435343392, 2.3772244453430176]"
F182013,30,39,0.2,"[3823.5563435343392, 4.759592533111572]"
F182013,30,39,0.3,"[3823.5563435343392, 7.1409406661987305]"
F182013,30,39,0.4,"[3823.519659344389, 9.512445211410522]"
F182013,30,39,0.5,"[3823.053724868081, 11.890047788619995]"
F182013,30,39,0.6,"[3823.053724868081, 14.26629900932312]"
F182013,30,39,0.7,"[3823.053724868081, 16.644156455993652]"
F182013,30,39,0.8,"[3823.053724868081, 19.02609372138977]"
F182013,30,39,0.9,"[3823.053724868081, 21.413508415222168]"
F182013,30,39,1.0,"[3823.053724868081, 23.794833421707153]"
F182013,30,40,0.01,"[6429.245954593684, 0.24769997596740723]"
F182013,30,40,0.1,"[6428.6782291107775, 2.379086971282959]"
F182013,30,40,0.2,"[6428.6782291107775, 4.742386341094971]"
F182013,30,40,0.3,"[6428.6782291107775, 7.113577842712402]"
F182013,30,40,0.4,"[6428.6782291107775, 9.488433599472046]"
F182013,30,40,0.5,"[6428.6782291107775, 11.85925579071045]"
F182013,30,40,0.6,"[6428.386695674718, 14.213217496871948]"
F182013,30,40,0.7,"[6428.386695674718, 16.579835891723633]"
F182013,30,40,0.8,"[6428.386695674718, 18.94681477546692]"
F182013,30,40,0.9,"[6428.386695674718, 21.3183114528656]"
F182013,30,40,1.0,"[6428.386695674718, 23.673261880874634]"
F182013,30,41,0.01,"[6707.672304735917, 0.23791003227233887]"
F182013,30,41,0.1,"[6706.969676610641, 2.3737056255340576]"
F182013,30,41,0.2,"[6706.969676610641, 4.745840072631836]"
F182013,30,41,0.3,"[6706.969676610641, 7.12231707572937]"
F182013,30,41,0.4,"[6706.969676610641, 9.533399105072021]"
F182013,30,41,0.5,"[6706.969676610641, 11.912662029266357]"
F182013,30,41,0.6,"[6706.564834641566, 14.28262972831726]"
F182013,30,41,0.7,"[6706.564834641566, 16.673500537872314]"
F182013,30,41,0.8,"[6706.564834641566, 19.04755997657776]"
F182013,30,41,0.9,"[6706.564834641566, 21.423673152923584]"
F182013,30,41,1.0,"[6706.52264385497, 23.79091238975525]"
F182013,30,42,0.01,"[6327.442019341343, 0.25812268257141113]"
F182013,30,42,0.1,"[6327.442019341343, 2.439488172531128]"
F182013,30,42,0.2,"[6327.442019341343, 4.822835206985474]"
F182013,30,42,0.3,"[6327.442019341343, 7.204381227493286]"
F182013,30,42,0.4,"[6327.442019341343, 9.590781211853027]"
F182013,30,42,0.5,"[6327.442019341343, 11.96946406364441]"
F182013,30,42,0.6,"[6327.442019341343, 14.346812963485718]"
F182013,30,42,0.7,"[6327.442019341343, 16.747798919677734]"
F182013,30,42,0.8,"[6327.398015404082, 19.1214120388031]"
F182013,30,42,0.9,"[6327.398015404082, 21.51956033706665]"
F182013,30,42,1.0,"[6327.398015404082, 23.92885708808899]"
F182013,30,43,0.01,"[6979.26749461995, 0.23929429054260254]"
F182013,30,43,0.1,"[6978.896707007787, 2.382025957107544]"
F182013,30,43,0.2,"[6978.896707007787, 4.797247648239136]"
F182013,30,43,0.3,"[6978.896707007787, 7.188389778137207]"
F182013,30,43,0.4,"[6978.896707007787, 9.582031488418579]"
F182013,30,43,0.5,"[6978.896707007787, 11.973744630813599]"
F182013,30,43,0.6,"[6978.896707007787, 14.363245964050293]"
F182013,30,43,0.7,"[6978.896707007787, 16.754113912582397]"
F182013,30,43,0.8,"[6978.896707007787, 19.144463300704956]"
F182013,30,43,0.9,"[6978.896707007787, 21.54099202156067]"
F182013,30,43,1.0,"[6978.896707007787, 23.93179488182068]"
F182013,30,44,0.01,"[6091.33080729572, 0.23783564567565918]"
F182013,30,44,0.1,"[6091.294523011598, 2.365163564682007]"
F182013,30,44,0.2,"[6091.294523011598, 4.72533106803894]"
F182013,30,44,0.3,"[6091.294523011598, 7.096859455108643]"
F182013,30,44,0.4,"[6091.294523011598, 9.463159799575806]"
F182013,30,44,0.5,"[6091.294523011598, 11.82560396194458]"
F182013,30,44,0.6,"[6091.294523011598, 14.188570499420166]"
F182013,30,44,0.7,"[6091.294523011598, 16.555295944213867]"
F182013,30,44,0.8,"[6091.294523011598, 18.92085862159729]"
F182013,30,44,0.9,"[6091.294523011598, 21.284050464630127]"
F182013,30,44,1.0,"[6091.294523011598, 23.65760064125061]"
F182013,30,45,0.01,"[8635.14281897364, 0.2500731945037842]"
F182013,30,45,0.1,"[8632.287491630866, 2.392613172531128]"
F182013,30,45,0.2,"[8632.287491630866, 4.772001266479492]"
F182013,30,45,0.3,"[8632.287491630866, 7.155497789382935]"
F182013,30,45,0.4,"[8632.287491630866, 9.54106855392456]"
F182013,30,45,0.5,"[8632.287491630866, 11.932744264602661]"
F182013,30,45,0.6,"[8631.971328670405, 14.3170485496521]"
F182013,30,45,0.7,"[8631.971328670405, 16.69265604019165]"
F182013,30,45,0.8,"[8631.971328670405, 19.053277254104614]"
F182013,30,45,0.9,"[8631.971328670405, 21.426854133605957]"
F182013,30,45,1.0,"[8631.971328670405, 23.789889097213745]"
F182013,30,46,0.01,"[6994.637234120288, 0.2601182460784912]"
F182013,30,46,0.1,"[6994.637234120288, 2.3970282077789307]"
F182013,30,46,0.2,"[6994.637234120288, 4.757991313934326]"
F182013,30,46,0.3,"[6994.637234120288, 7.126072645187378]"
F182013,30,46,0.4,"[6994.637234120288, 9.490736961364746]"
F182013,30,46,0.5,"[6994.637234120288, 11.84592342376709]"
F182013,30,46,0.6,"[6994.637234120288, 14.202413082122803]"
F182013,30,46,0.7,"[6994.637234120288, 16.56341791152954]"
F182013,30,46,0.8,"[6994.637234120288, 18.924609661102295]"
F182013,30,46,0.9,"[6994.637234120288, 21.296019077301025]"
F182013,30,46,1.0,"[6994.637234120288, 23.65892243385315]"
F182013,30,47,0.01,"[7470.684349867783, 0.24835729598999023]"
F182013,30,47,0.1,"[7469.331201165325, 2.4006993770599365]"
F182013,30,47,0.2,"[7469.331201165325, 4.7836339473724365]"
F182013,30,47,0.3,"[7469.331201165325, 7.174966335296631]"
F182013,30,47,0.4,"[7469.331201165325, 9.555660486221313]"
F182013,30,47,0.5,"[7469.331201165325, 11.93605637550354]"
F182013,30,47,0.6,"[7469.331201165325, 14.305195331573486]"
F182013,30,47,0.7,"[7469.331201165325, 16.66404914855957]"
F182013,30,47,0.8,"[7469.331201165325, 19.029057025909424]"
F182013,30,47,0.9,"[7469.331201165325, 21.3891384601593]"
F182013,30,47,1.0,"[7469.331201165325, 23.758026838302612]"
F182013,30,48,0.01,"[7154.352938602166, 0.2362673282623291]"
F182013,30,48,0.1,"[7154.352938602166, 2.3487086296081543]"
F182013,30,48,0.2,"[7154.352938602166, 4.699594259262085]"
F182013,30,48,0.3,"[7153.963549871556, 7.0462377071380615]"
F182013,30,48,0.4,"[7153.963549871556, 9.388822317123413]"
F182013,30,48,0.5,"[7153.963549871556, 11.736291646957397]"
F182013,30,48,0.6,"[7153.963549871556, 14.075780630111694]"
F182013,30,48,0.7,"[7153.963549871556, 16.42107343673706]"
F182013,30,48,0.8,"[7153.963549871556, 18.76421618461609]"
F182013,30,48,0.9,"[7153.963549871556, 21.110607862472534]"
F182013,30,48,1.0,"[7153.963549871556, 23.45304036140442]"
F182013,30,49,0.01,"[5911.640819743993, 0.23541831970214844]"
F182013,30,49,0.1,"[5910.415971110307, 2.338887929916382]"
F182013,30,49,0.2,"[5910.415971110307, 4.670843601226807]"
F182013,30,49,0.3,"[5910.415971110307, 7.008245944976807]"
F182013,30,49,0.4,"[5910.415971110307, 9.337101697921753]"
F182013,30,49,0.5,"[5910.415971110307, 11.66838550567627]"
F182013,30,49,0.6,"[5910.146892114306, 13.993395566940308]"
F182013,30,49,0.7,"[5910.146892114306, 16.3258273601532]"
F182013,30,49,0.8,"[5910.146892114306, 18.652130842208862]"
F182013,30,49,0.9,"[5910.146892114306, 20.979979753494263]"
F182013,30,49,1.0,"[5910.146892114306, 23.307962894439697]"
F182013,30,50,0.01,"[6542.7243570467, 0.2356119155883789]"
F182013,30,50,0.1,"[6542.016766766483, 2.351172924041748]"
F182013,30,50,0.2,"[6541.577838458162, 4.702637434005737]"
F182013,30,50,0.3,"[6541.284292616718, 7.058422088623047]"
F182013,30,50,0.4,"[6541.284292616718, 9.410463809967041]"
F182013,30,50,0.5,"[6541.284292616718, 11.758897304534912]"
F182013,30,50,0.6,"[6541.284292616718, 14.105405330657959]"
F182013,30,50,0.7,"[6541.284292616718, 16.456146001815796]"
F182013,30,50,0.8,"[6541.284292616718, 18.801913022994995]"
F182013,30,50,0.9,"[6541.284292616718, 21.16108465194702]"
F182013,30,50,1.0,"[6541.284292616718, 23.505877017974854]"
F182013,50,0,0.01,"[11252.42059336445, 0.44233250617980957]"
F182013,50,0,0.1,"[11252.368556762405, 4.388600587844849]"
F182013,50,0,0.2,"[11252.368556762405, 8.77610182762146]"
F182013,50,0,0.3,"[11252.368556762405, 13.166329860687256]"
F182013,50,0,0.4,"[11252.368556762405, 17.556090354919434]"
F182013,50,0,0.5,"[11251.68161672115, 21.938643217086792]"
F182013,50,0,0.6,"[11251.68161672115, 26.333849668502808]"
F182013,50,0,0.7,"[11251.68161672115, 30.705902576446533]"
F182013,50,0,0.8,"[11251.68161672115, 35.07629156112671]"
F182013,50,0,0.9,"[11251.68161672115, 39.44269800186157]"
F182013,50,0,1.0,"[11251.68161672115, 43.82398843765259]"
F182013,50,1,0.01,"[10582.053301086742, 0.4703340530395508]"
F182013,50,1,0.1,"[10579.559226457313, 4.40775203704834]"
F182013,50,1,0.2,"[10579.559226457313, 8.785505533218384]"
F182013,50,1,0.3,"[10579.559226457313, 13.171941757202148]"
F182013,50,1,0.4,"[10579.559226457313, 17.548702239990234]"
F182013,50,1,0.5,"[10579.559226457313, 21.919430017471313]"
F182013,50,1,0.6,"[10579.559226457313, 26.297784090042114]"
F182013,50,1,0.7,"[10579.559226457313, 30.66686773300171]"
F182013,50,1,0.8,"[10579.559226457313, 35.02537703514099]"
F182013,50,1,0.9,"[10579.559226457313, 39.36918234825134]"
F182013,50,1,1.0,"[10579.559226457313, 43.72261571884155]"
F182013,50,2,0.01,"[9332.55393303221, 0.4431271553039551]"
F182013,50,2,0.1,"[9327.39435375108, 4.384430408477783]"
F182013,50,2,0.2,"[9327.39435375108, 8.762123346328735]"
F182013,50,2,0.3,"[9327.39435375108, 13.138750314712524]"
F182013,50,2,0.4,"[9327.114742690506, 17.498744249343872]"
F182013,50,2,0.5,"[9327.114742690506, 21.86336088180542]"
F182013,50,2,0.6,"[9327.114742690506, 26.228001594543457]"
F182013,50,2,0.7,"[9327.114742690506, 30.574018478393555]"
F182013,50,2,0.8,"[9326.889660397634, 34.939595460891724]"
F182013,50,2,0.9,"[9326.889660397634, 39.29172730445862]"
F182013,50,2,1.0,"[9326.889660397634, 43.645105838775635]"
F182013,50,3,0.01,"[13555.260877648332, 0.442974328994751]"
F182013,50,3,0.1,"[13555.260877648332, 4.384833097457886]"
F182013,50,3,0.2,"[13555.234028848019, 8.76410436630249]"
F182013,50,3,0.3,"[13555.036789484413, 13.138354301452637]"
F182013,50,3,0.4,"[13555.036789484413, 17.509039163589478]"
F182013,50,3,0.5,"[13553.882922868423, 21.879822731018066]"
F182013,50,3,0.6,"[13553.882922868423, 26.257633924484253]"
F182013,50,3,0.7,"[13553.882922868423, 30.64535665512085]"
F182013,50,3,0.8,"[13553.882922868423, 35.02448654174805]"
F182013,50,3,0.9,"[13553.882922868423, 39.38170862197876]"
F182013,50,3,1.0,"[13553.882922868423, 43.76588320732117]"
F182013,50,4,0.01,"[8146.306703832008, 0.441575288772583]"
F182013,50,4,0.1,"[8143.690066190546, 4.39409875869751]"
F182013,50,4,0.2,"[8143.690066190546, 8.782447099685669]"
F182013,50,4,0.3,"[8143.690066190546, 13.172343254089355]"
F182013,50,4,0.4,"[8143.690066190546, 17.556345462799072]"
F182013,50,4,0.5,"[8143.690066190546, 21.94297432899475]"
F182013,50,4,0.6,"[8143.690066190546, 26.336880445480347]"
F182013,50,4,0.7,"[8143.690066190546, 30.736331939697266]"
F182013,50,4,0.8,"[8143.690066190546, 35.13115882873535]"
F182013,50,4,0.9,"[8143.690066190546, 39.514859199523926]"
F182013,50,4,1.0,"[8143.690066190546, 43.90607762336731]"
F182013,50,5,0.01,"[11521.24474122778, 0.44292736053466797]"
F182013,50,5,0.1,"[11521.24474122778, 4.387710094451904]"
F182013,50,5,0.2,"[11521.24474122778, 8.776236534118652]"
F182013,50,5,0.3,"[11521.24474122778, 13.149349451065063]"
F182013,50,5,0.4,"[11521.24474122778, 17.521313428878784]"
F182013,50,5,0.5,"[11521.24474122778, 21.885133504867554]"
F182013,50,5,0.6,"[11521.24474122778, 26.254776000976562]"
F182013,50,5,0.7,"[11520.933664167766, 30.62423825263977]"
F182013,50,5,0.8,"[11520.933664167766, 34.98101305961609]"
F182013,50,5,0.9,"[11520.933664167766, 39.329309940338135]"
F182013,50,5,1.0,"[11520.933664167766, 43.69768285751343]"
F182013,50,6,0.01,"[10620.122132189434, 0.45813894271850586]"
F182013,50,6,0.1,"[10615.116404506101, 4.4120073318481445]"
F182013,50,6,0.2,"[10615.116404506101, 8.80725622177124]"
F182013,50,6,0.3,"[10615.116404506101, 13.19358229637146]"
F182013,50,6,0.4,"[10615.116404506101, 17.582662343978882]"
F182013,50,6,0.5,"[10615.116404506101, 21.947339296340942]"
F182013,50,6,0.6,"[10615.116404506101, 26.32781481742859]"
F182013,50,6,0.7,"[10615.116404506101, 30.718382120132446]"
F182013,50,6,0.8,"[10615.116404506101, 35.10555672645569]"
F182013,50,6,0.9,"[10615.116404506101, 39.49293279647827]"
F182013,50,6,1.0,"[10615.116404506101, 43.88055205345154]"
F182013,50,7,0.01,"[11590.50812531201, 0.4452853202819824]"
F182013,50,7,0.1,"[11589.111339579016, 4.398050546646118]"
F182013,50,7,0.2,"[11587.368864605627, 8.792149782180786]"
F182013,50,7,0.3,"[11587.368864605627, 13.182147026062012]"
F182013,50,7,0.4,"[11587.368864605627, 17.55865740776062]"
F182013,50,7,0.5,"[11587.368864605627, 21.943667888641357]"
F182013,50,7,0.6,"[11587.368864605627, 26.322347164154053]"
F182013,50,7,0.7,"[11587.368864605627, 30.706462144851685]"
F182013,50,7,0.8,"[11587.368864605627, 35.089903354644775]"
F182013,50,7,0.9,"[11587.368864605627, 39.462223529815674]"
F182013,50,7,1.0,"[11587.368864605627, 43.84729981422424]"
F182013,50,8,0.01,"[5524.546590416085, 0.4398989677429199]"
F182013,50,8,0.1,"[5523.2138649485805, 4.3690783977508545]"
F182013,50,8,0.2,"[5522.753521750212, 8.733608961105347]"
F182013,50,8,0.3,"[5522.753521750212, 13.090770721435547]"
F182013,50,8,0.4,"[5521.187913521676, 17.447747707366943]"
F182013,50,8,0.5,"[5521.187913521676, 21.802884101867676]"
F182013,50,8,0.6,"[5521.187913521676, 26.163423776626587]"
F182013,50,8,0.7,"[5521.187913521676, 30.510570764541626]"
F182013,50,8,0.8,"[5521.187913521676, 34.83802819252014]"
F182013,50,8,0.9,"[5521.187913521676, 39.169867277145386]"
F182013,50,8,1.0,"[5521.187913521676, 43.50825500488281]"
F182013,50,9,0.01,"[9991.512544920084, 0.4425930976867676]"
F182013,50,9,0.1,"[9987.849824516798, 4.386420249938965]"
F182013,50,9,0.2,"[9987.849824516798, 8.758257389068604]"
F182013,50,9,0.3,"[9987.849824516798, 13.135025024414062]"
F182013,50,9,0.4,"[9987.849824516798, 17.508830070495605]"
F182013,50,9,0.5,"[9987.283517446973, 21.869319438934326]"
F182013,50,9,0.6,"[9987.126009172101, 26.24187421798706]"
F182013,50,9,0.7,"[9987.126009172101, 30.613718271255493]"
F182013,50,9,0.8,"[9987.126009172101, 34.97372651100159]"
F182013,50,9,0.9,"[9987.126009172101, 39.33811807632446]"
F182013,50,9,1.0,"[9987.126009172101, 43.69997191429138]"
F182013,50,10,0.01,"[9959.046864178292, 0.44228291511535645]"
F182013,50,10,0.1,"[9957.291845967255, 4.395844221115112]"
F182013,50,10,0.2,"[9957.291845967255, 8.781842470169067]"
F182013,50,10,0.3,"[9957.291845967255, 13.172784090042114]"
F182013,50,10,0.4,"[9957.008003968327, 17.5711190700531]"
F182013,50,10,0.5,"[9957.008003968327, 21.958556175231934]"
F182013,50,10,0.6,"[9957.008003968327, 26.337185859680176]"
F182013,50,10,0.7,"[9957.008003968327, 30.716687440872192]"
F182013,50,10,0.8,"[9957.008003968327, 35.09605264663696]"
F182013,50,10,0.9,"[9957.008003968327, 39.47498655319214]"
F182013,50,10,1.0,"[9957.008003968327, 43.851385831832886]"
F182013,50,11,0.01,"[10663.864131368235, 0.44400668144226074]"
F182013,50,11,0.1,"[10663.566625008212, 4.379336833953857]"
F182013,50,11,0.2,"[10662.445298992936, 8.749714612960815]"
F182013,50,11,0.3,"[10662.068281536287, 13.121193647384644]"
F182013,50,11,0.4,"[10661.179963969293, 17.505777835845947]"
F182013,50,11,0.5,"[10661.179963969293, 21.879687786102295]"
F182013,50,11,0.6,"[10661.179963969293, 26.268083333969116]"
F182013,50,11,0.7,"[10661.179963969293, 30.641350984573364]"
F182013,50,11,0.8,"[10661.179963969293, 35.017478466033936]"
F182013,50,11,0.9,"[10661.179963969293, 39.38999891281128]"
F182013,50,11,1.0,"[10661.179963969293, 43.768263816833496]"
F182013,50,12,0.01,"[10391.682150259861, 0.46758437156677246]"
F182013,50,12,0.1,"[10391.682150259861, 4.399934530258179]"
F182013,50,12,0.2,"[10390.500263224636, 8.771294116973877]"
F182013,50,12,0.3,"[10390.336736546124, 13.136264562606812]"
F182013,50,12,0.4,"[10390.336736546124, 17.507423162460327]"
F182013,50,12,0.5,"[10390.336736546124, 21.886115074157715]"
F182013,50,12,0.6,"[10389.177265701906, 26.255956172943115]"
F182013,50,12,0.7,"[10389.177265701906, 30.62995409965515]"
F182013,50,12,0.8,"[10389.177265701906, 35.0030472278595]"
F182013,50,12,0.9,"[10389.177265701906, 39.36911940574646]"
F182013,50,12,1.0,"[10389.177265701906, 43.745105028152466]"
F182013,50,13,0.01,"[11913.363429896322, 0.444291353225708]"
F182013,50,13,0.1,"[11910.285253282871, 4.3832621574401855]"
F182013,50,13,0.2,"[11909.581348572947, 8.759813070297241]"
F182013,50,13,0.3,"[11909.581348572947, 13.138490915298462]"
F182013,50,13,0.4,"[11909.581348572947, 17.508034229278564]"
F182013,50,13,0.5,"[11909.581348572947, 21.8640456199646]"
F182013,50,13,0.6,"[11909.581348572947, 26.22545886039734]"
F182013,50,13,0.7,"[11909.581348572947, 30.56852698326111]"
F182013,50,13,0.8,"[11909.581348572947, 34.91658043861389]"
F182013,50,13,0.9,"[11909.581348572947, 39.27411341667175]"
F182013,50,13,1.0,"[11909.581348572947, 43.62969779968262]"
F182013,50,14,0.01,"[10323.356630059452, 0.48349881172180176]"
F182013,50,14,0.1,"[10320.109371108652, 4.430693864822388]"
F182013,50,14,0.2,"[10320.109371108652, 8.806928157806396]"
F182013,50,14,0.3,"[10320.109371108652, 13.183940172195435]"
F182013,50,14,0.4,"[10320.109371108652, 17.575973749160767]"
F182013,50,14,0.5,"[10320.109371108652, 21.940667152404785]"
F182013,50,14,0.6,"[10320.109371108652, 26.306164741516113]"
F182013,50,14,0.7,"[10320.109371108652, 30.66407346725464]"
F182013,50,14,0.8,"[10320.109371108652, 35.00582671165466]"
F182013,50,14,0.9,"[10320.109371108652, 39.345913887023926]"
F182013,50,14,1.0,"[10320.109371108652, 43.69157075881958]"
F182013,50,15,0.01,"[9663.725743834486, 0.44211435317993164]"
F182013,50,15,0.1,"[9657.727827783885, 4.389183282852173]"
F182013,50,15,0.2,"[9657.727827783885, 8.774023294448853]"
F182013,50,15,0.3,"[9657.727827783885, 13.15724515914917]"
F182013,50,15,0.4,"[9657.727827783885, 17.542765855789185]"
F182013,50,15,0.5,"[9657.727827783885, 21.925700187683105]"
F182013,50,15,0.6,"[9657.727827783885, 26.31717348098755]"
F182013,50,15,0.7,"[9657.727827783885, 30.70657181739807]"
F182013,50,15,0.8,"[9657.727827783885, 35.08639669418335]"
F182013,50,15,0.9,"[9657.727827783885, 39.45780825614929]"
F182013,50,15,1.0,"[9657.727827783885, 43.82878804206848]"
F182013,50,16,0.01,"[10133.72844303224, 0.4447047710418701]"
F182013,50,16,0.1,"[10129.851625523383, 4.38298225402832]"
F182013,50,16,0.2,"[10129.851625523383, 8.76134967803955]"
F182013,50,16,0.3,"[10129.851625523383, 13.133777141571045]"
F182013,50,16,0.4,"[10129.851625523383, 17.50545859336853]"
F182013,50,16,0.5,"[10129.851625523383, 21.86961579322815]"
F182013,50,16,0.6,"[10129.851625523383, 26.235053777694702]"
F182013,50,16,0.7,"[10129.851625523383, 30.598796844482422]"
F182013,50,16,0.8,"[10129.851625523383, 34.96360468864441]"
F182013,50,16,0.9,"[10129.851625523383, 39.31530523300171]"
F182013,50,16,1.0,"[10129.851625523383, 43.66354560852051]"
F182013,50,17,0.01,"[9903.034740571826, 0.4403400421142578]"
F182013,50,17,0.1,"[9903.034740571826, 4.370051383972168]"
F182013,50,17,0.2,"[9903.034740571826, 8.748257398605347]"
F182013,50,17,0.3,"[9903.034740571826, 13.113556861877441]"
F182013,50,17,0.4,"[9902.763721508645, 17.477513313293457]"
F182013,50,17,0.5,"[9902.763721508645, 21.82988214492798]"
F182013,50,17,0.6,"[9902.763721508645, 26.187149047851562]"
F182013,50,17,0.7,"[9902.763721508645, 30.548377752304077]"
F182013,50,17,0.8,"[9902.763721508645, 34.91020679473877]"
F182013,50,17,0.9,"[9902.763721508645, 39.2559232711792]"
F182013,50,17,1.0,"[9902.763721508645, 43.598673820495605]"
F182013,50,18,0.01,"[8411.522080007499, 0.44353508949279785]"
F182013,50,18,0.1,"[8410.230676917294, 4.400563716888428]"
F182013,50,18,0.2,"[8409.96500564322, 8.786630868911743]"
F182013,50,18,0.3,"[8409.315061763207, 13.168217658996582]"
F182013,50,18,0.4,"[8409.315061763207, 17.565927267074585]"
F182013,50,18,0.5,"[8409.315061763207, 21.9474515914917]"
F182013,50,18,0.6,"[8409.315061763207, 26.333606481552124]"
F182013,50,18,0.7,"[8409.315061763207, 30.72030758857727]"
F182013,50,18,0.8,"[8409.315061763207, 35.10104274749756]"
F182013,50,18,0.9,"[8409.315061763207, 39.475619077682495]"
F182013,50,18,1.0,"[8409.315061763207, 43.85852861404419]"
F182013,50,19,0.01,"[11063.046470454035, 0.4593958854675293]"
F182013,50,19,0.1,"[11062.790216836866, 4.410001993179321]"
F182013,50,19,0.2,"[11062.790216836866, 8.796255350112915]"
F182013,50,19,0.3,"[11062.674934859804, 13.163644075393677]"
F182013,50,19,0.4,"[11062.674934859804, 17.553511142730713]"
F182013,50,19,0.5,"[11061.796301029864, 21.94075918197632]"
F182013,50,19,0.6,"[11061.796301029864, 26.333637714385986]"
F182013,50,19,0.7,"[11061.796301029864, 30.709716320037842]"
F182013,50,19,0.8,"[11061.796301029864, 35.0945041179657]"
F182013,50,19,0.9,"[11061.796301029864, 39.49184441566467]"
F182013,50,19,1.0,"[11061.796301029864, 43.87577271461487]"
F182013,50,20,0.01,"[7962.249733148015, 0.48825550079345703]"
F182013,50,20,0.1,"[7957.7752669532565, 4.447005748748779]"
F182013,50,20,0.2,"[7957.7752669532565, 8.836043357849121]"
F182013,50,20,0.3,"[7957.742468939399, 13.2172532081604]"
F182013,50,20,0.4,"[7957.742468939399, 17.602534532546997]"
F182013,50,20,0.5,"[7957.742468939399, 21.985868215560913]"
F182013,50,20,0.6,"[7957.742468939399, 26.375824689865112]"
F182013,50,20,0.7,"[7957.742468939399, 30.74895143508911]"
F182013,50,20,0.8,"[7957.742468939399, 35.124451637268066]"
F182013,50,20,0.9,"[7957.742468939399, 39.50186800956726]"
F182013,50,20,1.0,"[7957.742468939399, 43.886104345321655]"
F182013,50,21,0.01,"[9261.12783447136, 0.5181264877319336]"
F182013,50,21,0.1,"[9258.73936058176, 4.4667768478393555]"
F182013,50,21,0.2,"[9258.73936058176, 8.85102391242981]"
F182013,50,21,0.3,"[9258.73936058176, 13.23750114440918]"
F182013,50,21,0.4,"[9258.630508503324, 17.615893602371216]"
F182013,50,21,0.5,"[9258.630508503324, 21.97598123550415]"
F182013,50,21,0.6,"[9257.49620255953, 26.346006155014038]"
F182013,50,21,0.7,"[9257.49620255953, 30.702642917633057]"
F182013,50,21,0.8,"[9257.49620255953, 35.070306062698364]"
F182013,50,21,0.9,"[9257.49620255953, 39.44848394393921]"
F182013,50,21,1.0,"[9257.49620255953, 43.81917715072632]"
F182013,50,22,0.01,"[9921.509842578309, 0.4528827667236328]"
F182013,50,22,0.1,"[9921.00779264327, 4.384664297103882]"
F182013,50,22,0.2,"[9920.68424725872, 8.739896297454834]"
F182013,50,22,0.3,"[9919.92975144855, 13.090506076812744]"
F182013,50,22,0.4,"[9919.92975144855, 17.44441819190979]"
F182013,50,22,0.5,"[9919.92975144855, 21.793949842453003]"
F182013,50,22,0.6,"[9919.92975144855, 26.147204875946045]"
F182013,50,22,0.7,"[9919.92975144855, 30.486204385757446]"
F182013,50,22,0.8,"[9919.561090397658, 34.82835364341736]"
F182013,50,22,0.9,"[9919.561090397658, 39.17092823982239]"
F182013,50,22,1.0,"[9919.561090397658, 43.49835443496704]"
F182013,50,23,0.01,"[8686.16836602814, 0.4848299026489258]"
F182013,50,23,0.1,"[8685.91555972077, 4.474222183227539]"
F182013,50,23,0.2,"[8685.859354694569, 8.917221784591675]"
F182013,50,23,0.3,"[8683.627873084319, 13.343448400497437]"
F182013,50,23,0.4,"[8683.627873084319, 17.767555475234985]"
F182013,50,23,0.5,"[8683.627873084319, 22.17749333381653]"
F182013,50,23,0.6,"[8683.627873084319, 26.591372966766357]"
F182013,50,23,0.7,"[8683.627873084319, 30.999101877212524]"
F182013,50,23,0.8,"[8683.627873084319, 35.406670331954956]"
F182013,50,23,0.9,"[8683.627873084319, 39.8041296005249]"
F182013,50,23,1.0,"[8683.627873084319, 44.218852043151855]"
F182013,50,24,0.01,"[8686.16836602814, 0.47749996185302734]"
F182013,50,24,0.1,"[8685.91555972077, 4.462720632553101]"
F182013,50,24,0.2,"[8685.859354694569, 8.885090112686157]"
F182013,50,24,0.3,"[8683.627873084319, 13.292220830917358]"
F182013,50,24,0.4,"[8683.627873084319, 17.707478523254395]"
F182013,50,24,0.5,"[8683.627873084319, 22.12011694908142]"
F182013,50,24,0.6,"[8683.627873084319, 26.54859447479248]"
F182013,50,24,0.7,"[8683.627873084319, 30.9820294380188]"
F182013,50,24,0.8,"[8683.627873084319, 35.38705492019653]"
F182013,50,24,0.9,"[8683.627873084319, 39.77891826629639]"
F182013,50,24,1.0,"[8683.627873084319, 44.18067955970764]"
F182013,50,25,0.01,"[9741.407486685817, 0.44373154640197754]"
F182013,50,25,0.1,"[9739.483926369356, 4.416444778442383]"
F182013,50,25,0.2,"[9739.483926369356, 8.843167781829834]"
F182013,50,25,0.3,"[9739.483926369356, 13.268330812454224]"
F182013,50,25,0.4,"[9739.483926369356, 17.685351848602295]"
F182013,50,25,0.5,"[9739.483926369356, 22.105348587036133]"
F182013,50,25,0.6,"[9739.483926369356, 26.522892236709595]"
F182013,50,25,0.7,"[9739.483926369356, 30.945899724960327]"
F182013,50,25,0.8,"[9739.483926369356, 35.354341983795166]"
F182013,50,25,0.9,"[9739.282169676473, 39.74538493156433]"
F182013,50,25,1.0,"[9739.282169676473, 44.1381676197052]"
F182013,50,26,0.01,"[8171.98183528172, 0.556525707244873]"
F182013,50,26,0.1,"[8169.902389238834, 4.534454107284546]"
F182013,50,26,0.2,"[8169.335213587694, 8.970346450805664]"
F182013,50,26,0.3,"[8169.335213587694, 13.397337675094604]"
F182013,50,26,0.4,"[8169.335213587694, 17.823901414871216]"
F182013,50,26,0.5,"[8169.335213587694, 22.250020742416382]"
F182013,50,26,0.6,"[8169.335213587694, 26.673056602478027]"
F182013,50,26,0.7,"[8169.335213587694, 31.09375500679016]"
F182013,50,26,0.8,"[8169.02971224961, 35.50649833679199]"
F182013,50,26,0.9,"[8168.92456778857, 39.91456484794617]"
F182013,50,26,1.0,"[8168.92456778857, 44.32108020782471]"
F182013,50,27,0.01,"[10435.684081975709, 0.44437336921691895]"
F182013,50,27,0.1,"[10435.100546606507, 4.418397665023804]"
F182013,50,27,0.2,"[10435.100546606507, 8.83854603767395]"
F182013,50,27,0.3,"[10435.100546606507, 13.250092029571533]"
F182013,50,27,0.4,"[10433.54870179545, 17.67566466331482]"
F182013,50,27,0.5,"[10433.54870179545, 22.09491729736328]"
F182013,50,27,0.6,"[10433.54870179545, 26.514610052108765]"
F182013,50,27,0.7,"[10433.049546693474, 30.930694818496704]"
F182013,50,27,0.8,"[10433.049546693474, 35.329062700271606]"
F182013,50,27,0.9,"[10433.049546693474, 39.725849628448486]"
F182013,50,27,1.0,"[10433.049546693474, 44.131266593933105]"
F182013,50,28,0.01,"[11500.182507007177, 0.5245962142944336]"
F182013,50,28,0.1,"[11499.456617424526, 4.4662933349609375]"
F182013,50,28,0.2,"[11499.456617424526, 8.869343996047974]"
F182013,50,28,0.3,"[11498.860017486082, 13.270111560821533]"
F182013,50,28,0.4,"[11498.860017486082, 17.654610872268677]"
F182013,50,28,0.5,"[11498.860017486082, 22.0458664894104]"
F182013,50,28,0.6,"[11498.660716681754, 26.43026900291443]"
F182013,50,28,0.7,"[11498.660716681754, 30.798976182937622]"
F182013,50,28,0.8,"[11498.660716681754, 35.16467571258545]"
F182013,50,28,0.9,"[11498.660716681754, 39.516292572021484]"
F182013,50,28,1.0,"[11498.660716681754, 43.887083530426025]"
F182013,50,29,0.01,"[8761.436394764, 0.4446573257446289]"
F182013,50,29,0.1,"[8759.608236178572, 4.430253505706787]"
F182013,50,29,0.2,"[8758.738259773118, 8.871968507766724]"
F182013,50,29,0.3,"[8758.738259773118, 13.305908203125]"
F182013,50,29,0.4,"[8758.738259773118, 17.732332229614258]"
F182013,50,29,0.5,"[8758.738259773118, 22.16610884666443]"
F182013,50,29,0.6,"[8758.738259773118, 26.596099615097046]"
F182013,50,29,0.7,"[8758.738259773118, 31.011568307876587]"
F182013,50,29,0.8,"[8758.738259773118, 35.42124938964844]"
F182013,50,29,0.9,"[8758.738259773118, 39.81913208961487]"
F182013,50,29,1.0,"[8758.738259773118, 44.2133584022522]"
F182013,50,30,0.01,"[8963.495728580345, 0.5449836254119873]"
F182013,50,30,0.1,"[8957.802901496625, 4.52863073348999]"
F182013,50,30,0.2,"[8956.987495409987, 8.9622483253479]"
F182013,50,30,0.3,"[8956.798121261902, 13.376580238342285]"
F182013,50,30,0.4,"[8956.798121261902, 17.79636240005493]"
F182013,50,30,0.5,"[8956.798121261902, 22.22936177253723]"
F182013,50,30,0.6,"[8956.798121261902, 26.65577483177185]"
F182013,50,30,0.7,"[8956.798121261902, 31.06501817703247]"
F182013,50,30,0.8,"[8956.798121261902, 35.47470021247864]"
F182013,50,30,0.9,"[8956.798121261902, 39.86459541320801]"
F182013,50,30,1.0,"[8956.798121261902, 44.28029227256775]"
F182013,50,31,0.01,"[9541.855813548522, 0.47258710861206055]"
F182013,50,31,0.1,"[9541.855813548522, 4.472029209136963]"
F182013,50,31,0.2,"[9541.855813548522, 8.916304588317871]"
F182013,50,31,0.3,"[9541.855813548522, 13.347636222839355]"
F182013,50,31,0.4,"[9541.855813548522, 17.777680158615112]"
F182013,50,31,0.5,"[9541.855813548522, 22.199991941452026]"
F182013,50,31,0.6,"[9541.855813548522, 26.631838083267212]"
F182013,50,31,0.7,"[9541.855813548522, 31.059037446975708]"
F182013,50,31,0.8,"[9541.855813548522, 35.48809885978699]"
F182013,50,31,0.9,"[9541.855813548522, 39.91428470611572]"
F182013,50,31,1.0,"[9541.855813548522, 44.32965660095215]"
F182013,50,32,0.01,"[10105.746297168855, 0.44349098205566406]"
F182013,50,32,0.1,"[10104.968147043073, 4.404428243637085]"
F182013,50,32,0.2,"[10104.968147043073, 8.835421800613403]"
F182013,50,32,0.3,"[10104.968147043073, 13.248566150665283]"
F182013,50,32,0.4,"[10104.968147043073, 17.651125192642212]"
F182013,50,32,0.5,"[10104.968147043073, 22.051947832107544]"
F182013,50,32,0.6,"[10104.968147043073, 26.453531503677368]"
F182013,50,32,0.7,"[10104.968147043073, 30.848489999771118]"
F182013,50,32,0.8,"[10104.968147043073, 35.23529124259949]"
F182013,50,32,0.9,"[10104.62416691629, 39.596675634384155]"
F182013,50,32,1.0,"[10104.62416691629, 43.97724175453186]"
F182013,50,33,0.01,"[9707.94645221877, 0.4802253246307373]"
F182013,50,33,0.1,"[9703.46050699541, 4.4645304679870605]"
F182013,50,33,0.2,"[9701.299293771557, 8.892273902893066]"
F182013,50,33,0.3,"[9701.299293771557, 13.29555630683899]"
F182013,50,33,0.4,"[9701.299293771557, 17.701913833618164]"
F182013,50,33,0.5,"[9701.299293771557, 22.110342264175415]"
F182013,50,33,0.6,"[9701.299293771557, 26.522437572479248]"
F182013,50,33,0.7,"[9701.299293771557, 30.939483165740967]"
F182013,50,33,0.8,"[9701.299293771557, 35.35505795478821]"
F182013,50,33,0.9,"[9701.299293771557, 39.76094841957092]"
F182013,50,33,1.0,"[9701.299293771557, 44.180567026138306]"
F182013,50,34,0.01,"[10850.561724893028, 0.45110058784484863]"
F182013,50,34,0.1,"[10849.307804223377, 4.3961076736450195]"
F182013,50,34,0.2,"[10849.307804223377, 8.777291774749756]"
F182013,50,34,0.3,"[10848.104272880497, 13.153473377227783]"
F182013,50,34,0.4,"[10848.104272880497, 17.523890018463135]"
F182013,50,34,0.5,"[10848.104272880497, 21.88418698310852]"
F182013,50,34,0.6,"[10848.104272880497, 26.26751685142517]"
F182013,50,34,0.7,"[10848.104272880497, 30.653924703598022]"
F182013,50,34,0.8,"[10848.104272880497, 35.04688858985901]"
F182013,50,34,0.9,"[10848.104272880497, 39.44664430618286]"
F182013,50,34,1.0,"[10848.104272880497, 43.855836153030396]"
F182013,50,35,0.01,"[9025.435384929044, 0.44386959075927734]"
F182013,50,35,0.1,"[9022.02001420948, 4.430771827697754]"
F182013,50,35,0.2,"[9021.188118876647, 8.850663900375366]"
F182013,50,35,0.3,"[9021.188118876647, 13.265942335128784]"
F182013,50,35,0.4,"[9020.749890985406, 17.694703102111816]"
F182013,50,35,0.5,"[9020.749890985406, 22.111837148666382]"
F182013,50,35,0.6,"[9020.02466344313, 26.52370548248291]"
F182013,50,35,0.7,"[9020.02466344313, 30.937514066696167]"
F182013,50,35,0.8,"[9020.02466344313, 35.35239791870117]"
F182013,50,35,0.9,"[9020.02466344313, 39.780707597732544]"
F182013,50,35,1.0,"[9020.02466344313, 44.215916872024536]"
F182013,50,36,0.01,"[7960.396841744005, 0.46429991722106934]"
F182013,50,36,0.1,"[7960.396841744005, 4.453529596328735]"
F182013,50,36,0.2,"[7960.396841744005, 8.89938497543335]"
F182013,50,36,0.3,"[7960.396841744005, 13.311794996261597]"
F182013,50,36,0.4,"[7960.396841744005, 17.736600875854492]"
F182013,50,36,0.5,"[7960.396841744005, 22.1508047580719]"
F182013,50,36,0.6,"[7960.396841744005, 26.551722526550293]"
F182013,50,36,0.7,"[7960.396841744005, 30.962594747543335]"
F182013,50,36,0.8,"[7960.396841744005, 35.357484340667725]"
F182013,50,36,0.9,"[7960.396841744005, 39.763115882873535]"
F182013,50,36,1.0,"[7960.396841744005, 44.18000602722168]"
F182013,50,37,0.01,"[8160.646335991671, 0.44304466247558594]"
F182013,50,37,0.1,"[8157.159462830041, 4.42003321647644]"
F182013,50,37,0.2,"[8156.740781167977, 8.837144136428833]"
F182013,50,37,0.3,"[8156.740781167977, 13.254029035568237]"
F182013,50,37,0.4,"[8156.740781167977, 17.675217151641846]"
F182013,50,37,0.5,"[8156.740781167977, 22.110050678253174]"
F182013,50,37,0.6,"[8156.740781167977, 26.546525478363037]"
F182013,50,37,0.7,"[8156.740781167977, 30.96089458465576]"
F182013,50,37,0.8,"[8156.688749984294, 35.36336350440979]"
F182013,50,37,0.9,"[8156.688749984294, 39.75695729255676]"
F182013,50,37,1.0,"[8156.688749984294, 44.14579367637634]"
F182013,50,38,0.01,"[10393.302663427115, 0.4443976879119873]"
F182013,50,38,0.1,"[10389.475499864628, 4.419768571853638]"
F182013,50,38,0.2,"[10389.475499864628, 8.846641063690186]"
F182013,50,38,0.3,"[10389.475499864628, 13.269773960113525]"
F182013,50,38,0.4,"[10389.475499864628, 17.693151235580444]"
F182013,50,38,0.5,"[10389.475499864628, 22.091604948043823]"
F182013,50,38,0.6,"[10389.475499864628, 26.505733013153076]"
F182013,50,38,0.7,"[10388.27341378663, 30.914952754974365]"
F182013,50,38,0.8,"[10388.27341378663, 35.32651877403259]"
F182013,50,38,0.9,"[10388.0212310397, 39.744258642196655]"
F182013,50,38,1.0,"[10388.0212310397, 44.15189981460571]"
F182013,50,39,0.01,"[8831.800575302928, 0.4453127384185791]"
F182013,50,39,0.1,"[8831.646163436155, 4.420417308807373]"
F182013,50,39,0.2,"[8831.646163436155, 8.841949224472046]"
F182013,50,39,0.3,"[8831.500819974708, 13.259284496307373]"
F182013,50,39,0.4,"[8831.500819974708, 17.692718029022217]"
F182013,50,39,0.5,"[8830.991652236477, 22.089834928512573]"
F182013,50,39,0.6,"[8830.991652236477, 26.476388692855835]"
F182013,50,39,0.7,"[8830.991652236477, 30.84344720840454]"
F182013,50,39,0.8,"[8830.991652236477, 35.232362031936646]"
F182013,50,39,0.9,"[8830.991652236477, 39.61891198158264]"
F182013,50,39,1.0,"[8830.991652236477, 44.018916845321655]"
F182013,50,40,0.01,"[10128.232652587227, 0.44099974632263184]"
F182013,50,40,0.1,"[10127.492145435759, 4.368615388870239]"
F182013,50,40,0.2,"[10126.092044166482, 8.725913286209106]"
F182013,50,40,0.3,"[10126.092044166482, 13.067856311798096]"
F182013,50,40,0.4,"[10126.092044166482, 17.416425228118896]"
F182013,50,40,0.5,"[10126.092044166482, 21.755357265472412]"
F182013,50,40,0.6,"[10126.092044166482, 26.098489999771118]"
F182013,50,40,0.7,"[10126.092044166482, 30.43088436126709]"
F182013,50,40,0.8,"[10126.092044166482, 34.76467967033386]"
F182013,50,40,0.9,"[10126.092044166482, 39.09165287017822]"
F182013,50,40,1.0,"[10126.092044166482, 43.431114196777344]"
F182013,50,41,0.01,"[10010.022937727435, 0.5213818550109863]"
F182013,50,41,0.1,"[10007.700656863593, 5.158095598220825]"
F182013,50,41,0.2,"[10006.443293337868, 10.304564952850342]"
F182013,50,41,0.3,"[10006.443293337868, 15.458953619003296]"
F182013,50,41,0.4,"[10006.443293337868, 20.61663794517517]"
F182013,50,41,0.5,"[10006.443293337868, 25.759185552597046]"
F182013,50,41,0.6,"[10006.443293337868, 30.914361476898193]"
F182013,50,41,0.7,"[10006.443293337868, 36.065736532211304]"
F182013,50,41,0.8,"[10006.284132033055, 41.224483489990234]"
F182013,50,41,0.9,"[10006.284132033055, 46.030049324035645]"
F182013,50,41,1.0,"[10006.284132033055, 50.454100131988525]"
F182013,50,42,0.01,"[11735.840572038898, 0.4474222660064697]"
F182013,50,42,0.1,"[11735.117458114062, 4.4186060428619385]"
F182013,50,42,0.2,"[11735.117458114062, 8.813231468200684]"
F182013,50,42,0.3,"[11735.117458114062, 13.206014633178711]"
F182013,50,42,0.4,"[11735.117458114062, 17.605956077575684]"
F182013,50,42,0.5,"[11735.117458114062, 21.98903512954712]"
F182013,50,42,0.6,"[11735.117458114062, 26.382800102233887]"
F182013,50,42,0.7,"[11734.903828199616, 30.781078100204468]"
F182013,50,42,0.8,"[11734.535094112342, 35.16731548309326]"
F182013,50,42,0.9,"[11734.535094112342, 39.54931831359863]"
F182013,50,42,1.0,"[11734.535094112342, 43.94311761856079]"
F182013,50,43,0.01,"[12701.181873615282, 0.4523138999938965]"
F182013,50,43,0.1,"[12701.181873615282, 4.44244909286499]"
F182013,50,43,0.2,"[12700.936778723919, 8.864893198013306]"
F182013,50,43,0.3,"[12700.936778723919, 13.283159971237183]"
F182013,50,43,0.4,"[12700.936778723919, 17.7034854888916]"
F182013,50,43,0.5,"[12700.936778723919, 22.1198890209198]"
F182013,50,43,0.6,"[12700.936778723919, 26.521902322769165]"
F182013,50,43,0.7,"[12700.936778723919, 30.932963609695435]"
F182013,50,43,0.8,"[12700.936778723919, 35.340808629989624]"
F182013,50,43,0.9,"[12700.936778723919, 39.75239300727844]"
F182013,50,43,1.0,"[12700.936778723919, 44.15936350822449]"
F182013,50,44,0.01,"[12051.842262939128, 0.4475367069244385]"
F182013,50,44,0.1,"[12050.233931151122, 4.426007986068726]"
F182013,50,44,0.2,"[12049.035398460419, 8.85326099395752]"
F182013,50,44,0.3,"[12049.035398460419, 13.270161390304565]"
F182013,50,44,0.4,"[12049.035398460419, 17.684973001480103]"
F182013,50,44,0.5,"[12049.035398460419, 22.100978136062622]"
F182013,50,44,0.6,"[12049.035398460419, 26.50994563102722]"
F182013,50,44,0.7,"[12049.035398460419, 30.929104566574097]"
F182013,50,44,0.8,"[12049.035398460419, 35.34433031082153]"
F182013,50,44,0.9,"[12049.035398460419, 39.74228239059448]"
F182013,50,44,1.0,"[12049.035398460419, 44.15847086906433]"
F182013,50,45,0.01,"[10787.956557008287, 0.4461798667907715]"
F182013,50,45,0.1,"[10784.534597023525, 4.397840738296509]"
F182013,50,45,0.2,"[10783.50958796511, 8.781039714813232]"
F182013,50,45,0.3,"[10783.50958796511, 13.16249132156372]"
F182013,50,45,0.4,"[10783.50958796511, 17.54973840713501]"
F182013,50,45,0.5,"[10783.50958796511, 21.93137550354004]"
F182013,50,45,0.6,"[10783.50958796511, 26.310067415237427]"
F182013,50,45,0.7,"[10783.50958796511, 30.67729640007019]"
F182013,50,45,0.8,"[10783.50958796511, 35.05594801902771]"
F182013,50,45,0.9,"[10783.50958796511, 39.425140380859375]"
F182013,50,45,1.0,"[10782.924351901805, 43.789804458618164]"
F182013,50,46,0.01,"[8951.221657351656, 0.44725799560546875]"
F182013,50,46,0.1,"[8948.72788108788, 4.4302287101745605]"
F182013,50,46,0.2,"[8948.72788108788, 8.861520051956177]"
F182013,50,46,0.3,"[8948.322119410324, 13.28496789932251]"
F182013,50,46,0.4,"[8948.322119410324, 17.707839488983154]"
F182013,50,46,0.5,"[8947.407309909322, 22.12388300895691]"
F182013,50,46,0.6,"[8947.161329084456, 26.53925061225891]"
F182013,50,46,0.7,"[8947.161329084456, 30.95973300933838]"
F182013,50,46,0.8,"[8947.161329084456, 35.362857818603516]"
F182013,50,46,0.9,"[8947.161329084456, 39.753257751464844]"
F182013,50,46,1.0,"[8947.161329084456, 44.15318822860718]"
F182013,50,47,0.01,"[9019.436020877345, 0.46260690689086914]"
F182013,50,47,0.1,"[9018.368683114993, 4.456210613250732]"
F182013,50,47,0.2,"[9017.870329906793, 8.882777690887451]"
F182013,50,47,0.3,"[9017.870329906793, 13.29317331314087]"
F182013,50,47,0.4,"[9017.40727541539, 17.711291074752808]"
F182013,50,47,0.5,"[9016.457698508035, 22.130635976791382]"
F182013,50,47,0.6,"[9016.02523164569, 26.536680698394775]"
F182013,50,47,0.7,"[9016.02523164569, 30.937570095062256]"
F182013,50,47,0.8,"[9016.02523164569, 35.33585286140442]"
F182013,50,47,0.9,"[9016.02523164569, 39.732887983322144]"
F182013,50,47,1.0,"[9016.02523164569, 44.137197732925415]"
F182013,50,48,0.01,"[11376.640590107281, 0.4423043727874756]"
F182013,50,48,0.1,"[11376.640590107281, 4.355832576751709]"
F182013,50,48,0.2,"[11376.40201351438, 8.71338176727295]"
F182013,50,48,0.3,"[11374.951476695212, 13.063092231750488]"
F182013,50,48,0.4,"[11374.951476695212, 17.41132664680481]"
F182013,50,48,0.5,"[11374.951476695212, 21.75394296646118]"
F182013,50,48,0.6,"[11374.897122758632, 26.099107265472412]"
F182013,50,48,0.7,"[11374.897122758632, 30.432779788970947]"
F182013,50,48,0.8,"[11374.897122758632, 34.7869918346405]"
F182013,50,48,0.9,"[11374.897122758632, 39.13276791572571]"
F182013,50,48,1.0,"[11374.897122758632, 43.48171138763428]"
F182013,50,49,0.01,"[12262.381010352483, 0.43993449211120605]"
F182013,50,49,0.1,"[12258.978577315562, 4.388619422912598]"
F182013,50,49,0.2,"[12258.978577315562, 8.764085054397583]"
F182013,50,49,0.3,"[12258.978577315562, 13.140902757644653]"
F182013,50,49,0.4,"[12258.978577315562, 17.511971712112427]"
F182013,50,49,0.5,"[12258.978577315562, 21.886416912078857]"
F182013,50,49,0.6,"[12258.978577315562, 26.258251428604126]"
F182013,50,49,0.7,"[12258.978577315562, 30.600504875183105]"
F182013,50,49,0.8,"[12258.978577315562, 34.95924687385559]"
F182013,50,49,0.9,"[12258.978577315562, 39.325467348098755]"
F182013,50,49,1.0,"[12258.978577315562, 43.69862127304077]"
F182013,50,50,0.01,"[12526.756389358892, 0.44006896018981934]"
F182013,50,50,0.1,"[12526.756389358892, 4.3714094161987305]"
F182013,50,50,0.2,"[12526.756389358892, 8.721257209777832]"
F182013,50,50,0.3,"[12526.756389358892, 13.073484659194946]"
F182013,50,50,0.4,"[12525.952109231821, 17.42843008041382]"
F182013,50,50,0.5,"[12525.952109231821, 21.78195834159851]"
F182013,50,50,0.6,"[12525.391732439983, 26.131059169769287]"
F182013,50,50,0.7,"[12525.391732439983, 30.4712393283844]"
F182013,50,50,0.8,"[12525.391732439983, 34.81049966812134]"
F182013,50,50,0.9,"[12525.391732439983, 39.13542890548706]"
F182013,50,50,1.0,"[12525.391732439983, 43.46846151351929]"
