function,dimension,run,checkpoint,error
F112013,10,0,0.01,"[920.5039673071774, 0.07332062721252441]"
F112013,10,0,0.1,"[920.5039664947947, 0.7255041599273682]"
F112013,10,0,0.2,"[920.5039664947947, 1.4452431201934814]"
F112013,10,0,0.3,"[920.5039664947947, 2.160367250442505]"
F112013,10,0,0.4,"[920.5039664947947, 2.87665057182312]"
F112013,10,0,0.5,"[920.5039664947947, 3.59366774559021]"
F112013,10,0,0.6,"[920.5039664947947, 4.310120344161987]"
F112013,10,0,0.7,"[920.5039664947947, 5.025940656661987]"
F112013,10,0,0.8,"[920.5039664947947, 5.743435382843018]"
F112013,10,0,0.9,"[920.5039664947947, 6.4605419635772705]"
F112013,10,0,1.0,"[920.5039664947947, 7.183046579360962]"
F112013,10,1,0.01,"[498.4369650774978, 0.15322422981262207]"
F112013,10,1,0.1,"[498.43696425512036, 0.8135335445404053]"
F112013,10,1,0.2,"[498.43696425512036, 1.5424585342407227]"
F112013,10,1,0.3,"[498.43696425512036, 2.2715907096862793]"
F112013,10,1,0.4,"[498.43696425512036, 2.999666690826416]"
F112013,10,1,0.5,"[498.43696425512036, 3.7265453338623047]"
F112013,10,1,0.6,"[498.43696425512036, 4.451596975326538]"
F112013,10,1,0.7,"[498.43696425512036, 5.362262010574341]"
F112013,10,1,0.8,"[498.43696425512036, 6.154863119125366]"
F112013,10,1,0.9,"[498.43696425512036, 6.909701108932495]"
F112013,10,1,1.0,"[498.43696425512036, 7.641352891921997]"
F112013,10,2,0.01,"[374.08249952442117, 0.07353734970092773]"
F112013,10,2,0.1,"[374.0824992763902, 0.7251014709472656]"
F112013,10,2,0.2,"[374.0824992763902, 1.4464397430419922]"
F112013,10,2,0.3,"[374.0824992763902, 2.1738486289978027]"
F112013,10,2,0.4,"[374.0824992763902, 2.897545099258423]"
F112013,10,2,0.5,"[374.0824992763902, 3.6227216720581055]"
F112013,10,2,0.6,"[374.0824992763902, 4.346563100814819]"
F112013,10,2,0.7,"[374.0824992763902, 5.073818922042847]"
F112013,10,2,0.8,"[374.0824992763902, 5.8036768436431885]"
F112013,10,2,0.9,"[374.0824992763902, 6.533488035202026]"
F112013,10,2,1.0,"[374.0824992763902, 7.264441967010498]"
F112013,10,3,0.01,"[274.60147834550804, 0.07396793365478516]"
F112013,10,3,0.1,"[274.60147735489375, 0.7323276996612549]"
F112013,10,3,0.2,"[274.60147735489375, 1.4597032070159912]"
F112013,10,3,0.3,"[274.60147735489375, 2.186239719390869]"
F112013,10,3,0.4,"[274.60147735489375, 2.9118003845214844]"
F112013,10,3,0.5,"[274.60147735489375, 3.64013671875]"
F112013,10,3,0.6,"[274.60147735489375, 4.3681676387786865]"
F112013,10,3,0.7,"[274.60147735489375, 5.12082314491272]"
F112013,10,3,0.8,"[274.60147735489375, 5.875187873840332]"
F112013,10,3,0.9,"[274.60147735489375, 6.630752325057983]"
F112013,10,3,1.0,"[274.60147735489375, 7.360693693161011]"
F112013,10,4,0.01,"[694.3775600441165, 0.07362222671508789]"
F112013,10,4,0.1,"[694.3775592265799, 0.7275776863098145]"
F112013,10,4,0.2,"[694.3775592265799, 1.4540469646453857]"
F112013,10,4,0.3,"[694.3775592265799, 2.178887367248535]"
F112013,10,4,0.4,"[694.3775592265799, 2.9038095474243164]"
F112013,10,4,0.5,"[694.3775592265799, 3.6263160705566406]"
F112013,10,4,0.6,"[694.3775592265799, 4.349809885025024]"
F112013,10,4,0.7,"[694.3775592265799, 5.0735979080200195]"
F112013,10,4,0.8,"[694.3775592265799, 5.798445224761963]"
F112013,10,4,0.9,"[694.3775592265799, 6.521657228469849]"
F112013,10,4,1.0,"[694.3775592265799, 7.247250318527222]"
F112013,10,5,0.01,"[840.6816191373225, 0.0852043628692627]"
F112013,10,5,0.1,"[840.6816183546308, 0.7342793941497803]"
F112013,10,5,0.2,"[840.6816183546308, 1.4578526020050049]"
F112013,10,5,0.3,"[840.6816183546308, 2.1834099292755127]"
F112013,10,5,0.4,"[840.6816183546308, 2.9058728218078613]"
F112013,10,5,0.5,"[840.6816183546308, 3.628239154815674]"
F112013,10,5,0.6,"[840.6816183546308, 4.355411529541016]"
F112013,10,5,0.7,"[840.6816183546308, 5.079590559005737]"
F112013,10,5,0.8,"[840.6816183546308, 5.80229377746582]"
F112013,10,5,0.9,"[840.6816183546308, 6.525848627090454]"
F112013,10,5,1.0,"[840.6816183546308, 7.248191833496094]"
F112013,10,6,0.01,"[566.1075856801763, 0.07385754585266113]"
F112013,10,6,0.1,"[566.1075852122567, 0.7284290790557861]"
F112013,10,6,0.2,"[566.1075852122567, 1.4558312892913818]"
F112013,10,6,0.3,"[566.1075852122567, 2.183171272277832]"
F112013,10,6,0.4,"[566.1075852122567, 2.9075019359588623]"
F112013,10,6,0.5,"[566.1075852122567, 3.6322412490844727]"
F112013,10,6,0.6,"[566.1075852122567, 4.358053922653198]"
F112013,10,6,0.7,"[566.1075852122567, 5.084582328796387]"
F112013,10,6,0.8,"[566.1075852122567, 5.806544542312622]"
F112013,10,6,0.9,"[566.1075852122567, 6.528259992599487]"
F112013,10,6,1.0,"[566.1075852122567, 7.250849723815918]"
F112013,10,7,0.01,"[1150.6024109362354, 0.07312655448913574]"
F112013,10,7,0.1,"[968.9795626652187, 0.7227687835693359]"
F112013,10,7,0.2,"[968.9795626652187, 1.4459631443023682]"
F112013,10,7,0.3,"[968.9795626652187, 2.1688249111175537]"
F112013,10,7,0.4,"[968.9795626652187, 2.8905954360961914]"
F112013,10,7,0.5,"[968.9795626652187, 3.6262879371643066]"
F112013,10,7,0.6,"[968.9795626652187, 4.347206115722656]"
F112013,10,7,0.7,"[968.9795626652187, 5.069972038269043]"
F112013,10,7,0.8,"[968.9795626652187, 5.794466733932495]"
F112013,10,7,0.9,"[968.9795626652187, 6.518965244293213]"
F112013,10,7,1.0,"[968.9795626652187, 7.245913743972778]"
F112013,10,8,0.01,"[289.51481033655347, 0.11973285675048828]"
F112013,10,8,0.1,"[289.5148089949209, 0.7723805904388428]"
F112013,10,8,0.2,"[289.5148089949209, 1.4981112480163574]"
F112013,10,8,0.3,"[289.5148089949209, 2.2201907634735107]"
F112013,10,8,0.4,"[289.5148089949209, 2.9394235610961914]"
F112013,10,8,0.5,"[289.5148089949209, 3.661137580871582]"
F112013,10,8,0.6,"[289.5148089949209, 4.382570505142212]"
F112013,10,8,0.7,"[289.5148089949209, 5.1063008308410645]"
F112013,10,8,0.8,"[289.5148089949209, 5.995044708251953]"
F112013,10,8,0.9,"[289.5148089949209, 6.844111442565918]"
F112013,10,8,1.0,"[289.5148089949209, 7.5671937465667725]"
F112013,10,9,0.01,"[959.0252994864541, 0.0729057788848877]"
F112013,10,9,0.1,"[959.0252990750826, 0.7197577953338623]"
F112013,10,9,0.2,"[959.0252990750826, 1.4395384788513184]"
F112013,10,9,0.3,"[959.0252990750826, 2.1620469093322754]"
F112013,10,9,0.4,"[959.0252990750826, 2.8860831260681152]"
F112013,10,9,0.5,"[959.0252990750826, 3.615018129348755]"
F112013,10,9,0.6,"[959.0252990750826, 4.334747552871704]"
F112013,10,9,0.7,"[959.0252990750826, 5.054904460906982]"
F112013,10,9,0.8,"[959.0252990750826, 5.776721000671387]"
F112013,10,9,0.9,"[959.0252990750826, 6.498211622238159]"
F112013,10,9,1.0,"[959.0252990750826, 7.219928503036499]"
F112013,10,10,0.01,"[766.0559446604761, 0.07296490669250488]"
F112013,10,10,0.1,"[766.055943221471, 0.7210655212402344]"
F112013,10,10,0.2,"[766.055943221471, 1.4429786205291748]"
F112013,10,10,0.3,"[766.055943221471, 2.165989398956299]"
F112013,10,10,0.4,"[766.055943221471, 2.8901777267456055]"
F112013,10,10,0.5,"[766.055943221471, 3.6137993335723877]"
F112013,10,10,0.6,"[766.055943221471, 4.337253093719482]"
F112013,10,10,0.7,"[766.055943221471, 5.062021970748901]"
F112013,10,10,0.8,"[766.055943221471, 5.785473346710205]"
F112013,10,10,0.9,"[766.055943221471, 6.511289119720459]"
F112013,10,10,1.0,"[766.055943221471, 7.238223314285278]"
F112013,10,11,0.01,"[350.20743526979817, 0.08734297752380371]"
F112013,10,11,0.1,"[350.20743460616404, 0.7488434314727783]"
F112013,10,11,0.2,"[350.20743460616404, 1.4817757606506348]"
F112013,10,11,0.3,"[350.20743460616404, 2.2132973670959473]"
F112013,10,11,0.4,"[350.20743460616404, 2.9433774948120117]"
F112013,10,11,0.5,"[350.20743460616404, 3.6757731437683105]"
F112013,10,11,0.6,"[350.20743460616404, 4.403074026107788]"
F112013,10,11,0.7,"[350.20743460616404, 5.132949352264404]"
F112013,10,11,0.8,"[350.20743460616404, 5.86267352104187]"
F112013,10,11,0.9,"[350.20743460616404, 6.591118335723877]"
F112013,10,11,1.0,"[350.20743460616404, 7.320621967315674]"
F112013,10,12,0.01,"[770.0331751154348, 0.14835643768310547]"
F112013,10,12,0.1,"[770.0331747121442, 0.8178489208221436]"
F112013,10,12,0.2,"[770.0331747121442, 1.5471117496490479]"
F112013,10,12,0.3,"[770.0331747121442, 2.272312879562378]"
F112013,10,12,0.4,"[770.0331747121442, 2.9982712268829346]"
F112013,10,12,0.5,"[770.0331747121442, 3.7434213161468506]"
F112013,10,12,0.6,"[770.0331747121442, 4.507286071777344]"
F112013,10,12,0.7,"[770.0331747121442, 5.399486780166626]"
F112013,10,12,0.8,"[770.0331747121442, 6.2798919677734375]"
F112013,10,12,0.9,"[770.0331747121442, 7.129332542419434]"
F112013,10,12,1.0,"[770.0331747121442, 7.864298582077026]"
F112013,10,13,0.01,"[499.4426473984157, 0.10525202751159668]"
F112013,10,13,0.1,"[499.44264593973753, 0.8516178131103516]"
F112013,10,13,0.2,"[499.44264593973753, 1.680783987045288]"
F112013,10,13,0.3,"[499.44264593973753, 2.5095129013061523]"
F112013,10,13,0.4,"[499.44264593973753, 3.347532272338867]"
F112013,10,13,0.5,"[499.44264593973753, 4.179326295852661]"
F112013,10,13,0.6,"[499.44264593973753, 5.0239598751068115]"
F112013,10,13,0.7,"[499.44264593973753, 5.853455543518066]"
F112013,10,13,0.8,"[499.44264593973753, 6.681944847106934]"
F112013,10,13,0.9,"[499.44264593973753, 7.513278245925903]"
F112013,10,13,1.0,"[499.44264593973753, 8.342352867126465]"
F112013,10,14,0.01,"[896.3803722812695, 0.10862541198730469]"
F112013,10,14,0.1,"[896.3803719302176, 0.7601118087768555]"
F112013,10,14,0.2,"[896.3803719302176, 1.4867920875549316]"
F112013,10,14,0.3,"[896.3803719302176, 2.214315414428711]"
F112013,10,14,0.4,"[896.3803719302176, 2.9437246322631836]"
F112013,10,14,0.5,"[896.3803719302176, 3.672781229019165]"
F112013,10,14,0.6,"[896.3803719302176, 4.4010210037231445]"
F112013,10,14,0.7,"[896.3803719302176, 5.129871606826782]"
F112013,10,14,0.8,"[896.3803719302176, 5.858230352401733]"
F112013,10,14,0.9,"[896.3803719302176, 6.598413944244385]"
F112013,10,14,1.0,"[896.3803719302176, 7.328422784805298]"
F112013,10,15,0.01,"[237.78751109756774, 0.12791132926940918]"
F112013,10,15,0.1,"[237.78751071108638, 0.7827250957489014]"
F112013,10,15,0.2,"[237.78751071108638, 1.5095505714416504]"
F112013,10,15,0.3,"[237.78751071108638, 2.2338600158691406]"
F112013,10,15,0.4,"[237.78751071108638, 2.9590749740600586]"
F112013,10,15,0.5,"[237.78751071108638, 3.684148073196411]"
F112013,10,15,0.6,"[237.78751071108638, 4.410486459732056]"
F112013,10,15,0.7,"[237.78751071108638, 5.190359830856323]"
F112013,10,15,0.8,"[237.78751071108638, 6.128135919570923]"
F112013,10,15,0.9,"[237.78751071108638, 6.871912240982056]"
F112013,10,15,1.0,"[237.78751071108638, 7.603503465652466]"
F112013,10,16,0.01,"[686.4363814911226, 0.12072205543518066]"
F112013,10,16,0.1,"[686.4363810667361, 0.7727115154266357]"
F112013,10,16,0.2,"[686.4363810667361, 1.4956824779510498]"
F112013,10,16,0.3,"[686.4363810667361, 2.2167909145355225]"
F112013,10,16,0.4,"[686.4363810667361, 2.9389355182647705]"
F112013,10,16,0.5,"[686.4363810667361, 3.669682741165161]"
F112013,10,16,0.6,"[686.4363810667361, 4.393549680709839]"
F112013,10,16,0.7,"[686.4363810667361, 5.1243908405303955]"
F112013,10,16,0.8,"[686.4363810667361, 5.852897882461548]"
F112013,10,16,0.9,"[686.4363810667361, 6.583751916885376]"
F112013,10,16,1.0,"[686.4363810667361, 7.316200256347656]"
F112013,10,17,0.01,"[425.8222367317845, 0.08597540855407715]"
F112013,10,17,0.1,"[425.822236187116, 0.7408289909362793]"
F112013,10,17,0.2,"[425.822236187116, 1.467862606048584]"
F112013,10,17,0.3,"[425.822236187116, 2.19327974319458]"
F112013,10,17,0.4,"[425.822236187116, 2.9200081825256348]"
F112013,10,17,0.5,"[425.822236187116, 3.645366907119751]"
F112013,10,17,0.6,"[425.822236187116, 4.3704283237457275]"
F112013,10,17,0.7,"[425.822236187116, 5.096541404724121]"
F112013,10,17,0.8,"[425.822236187116, 5.821556568145752]"
F112013,10,17,0.9,"[425.822236187116, 6.550981044769287]"
F112013,10,17,1.0,"[425.822236187116, 7.278484582901001]"
F112013,10,18,0.01,"[740.1266628077648, 0.07289838790893555]"
F112013,10,18,0.1,"[740.1266619642063, 0.721261739730835]"
F112013,10,18,0.2,"[740.1266619642063, 1.4471375942230225]"
F112013,10,18,0.3,"[740.1266619642063, 2.1741952896118164]"
F112013,10,18,0.4,"[740.1266619642063, 2.9034066200256348]"
F112013,10,18,0.5,"[740.1266619642063, 3.627746820449829]"
F112013,10,18,0.6,"[740.1266619642063, 4.35344386100769]"
F112013,10,18,0.7,"[740.1266619642063, 5.077700138092041]"
F112013,10,18,0.8,"[740.1266619642063, 5.8021955490112305]"
F112013,10,18,0.9,"[740.1266619642063, 6.527644395828247]"
F112013,10,18,1.0,"[740.1266619642063, 7.2565107345581055]"
F112013,10,19,0.01,"[935.181023767799, 0.0729513168334961]"
F112013,10,19,0.1,"[935.1810231087304, 0.7231032848358154]"
F112013,10,19,0.2,"[935.1810231087304, 1.4477624893188477]"
F112013,10,19,0.3,"[935.1810231087304, 2.172231674194336]"
F112013,10,19,0.4,"[935.1810231087304, 2.8952748775482178]"
F112013,10,19,0.5,"[935.1810231087304, 3.7229998111724854]"
F112013,10,19,0.6,"[935.1810231087304, 4.500849723815918]"
F112013,10,19,0.7,"[935.1810231087304, 5.462222337722778]"
F112013,10,19,0.8,"[935.1810231087304, 6.317144155502319]"
F112013,10,19,0.9,"[935.1810231087304, 7.083531856536865]"
F112013,10,19,1.0,"[935.1810231087304, 7.8103392124176025]"
F112013,10,20,0.01,"[834.1075842405329, 0.08580374717712402]"
F112013,10,20,0.1,"[802.8655392147654, 0.7350685596466064]"
F112013,10,20,0.2,"[802.8655392147654, 1.4551293849945068]"
F112013,10,20,0.3,"[802.8655392147654, 2.1787428855895996]"
F112013,10,20,0.4,"[802.8655392147654, 2.900846004486084]"
F112013,10,20,0.5,"[802.8655392147654, 3.6214561462402344]"
F112013,10,20,0.6,"[802.8655392147654, 4.338869333267212]"
F112013,10,20,0.7,"[802.8655392147654, 5.057966232299805]"
F112013,10,20,0.8,"[802.8655392147654, 5.778760671615601]"
F112013,10,20,0.9,"[802.8655392147654, 6.499763011932373]"
F112013,10,20,1.0,"[802.8655392147654, 7.222902774810791]"
F112013,10,21,0.01,"[231.8197549537033, 0.07329702377319336]"
F112013,10,21,0.1,"[231.81975412769236, 0.7229351997375488]"
F112013,10,21,0.2,"[231.81975412769236, 1.4473555088043213]"
F112013,10,21,0.3,"[231.81975412769236, 2.1678550243377686]"
F112013,10,21,0.4,"[231.81975412769236, 2.889374256134033]"
F112013,10,21,0.5,"[231.81975412769236, 3.6125800609588623]"
F112013,10,21,0.6,"[231.81975412769236, 4.334841251373291]"
F112013,10,21,0.7,"[231.81975412769236, 5.058251857757568]"
F112013,10,21,0.8,"[231.81975412769236, 5.782846450805664]"
F112013,10,21,0.9,"[231.81975412769236, 6.507891416549683]"
F112013,10,21,1.0,"[231.81975412769236, 7.233593940734863]"
F112013,10,22,0.01,"[679.5065543466355, 0.13872361183166504]"
F112013,10,22,0.1,"[679.5059200929344, 0.8089375495910645]"
F112013,10,22,0.2,"[679.5059200929344, 1.5277090072631836]"
F112013,10,22,0.3,"[679.5059200929344, 2.2443974018096924]"
F112013,10,22,0.4,"[679.5059200929344, 2.963951826095581]"
F112013,10,22,0.5,"[679.5059200929344, 3.6839282512664795]"
F112013,10,22,0.6,"[679.5059200929344, 4.40205192565918]"
F112013,10,22,0.7,"[679.5059200929344, 5.120903253555298]"
F112013,10,22,0.8,"[679.5059200929344, 5.84013557434082]"
F112013,10,22,0.9,"[679.5059200929344, 6.563996076583862]"
F112013,10,22,1.0,"[679.5059200929344, 7.282950401306152]"
F112013,10,23,0.01,"[535.2318413704818, 0.07331347465515137]"
F112013,10,23,0.1,"[535.2318406770389, 0.7258007526397705]"
F112013,10,23,0.2,"[535.2318406770389, 1.4522523880004883]"
F112013,10,23,0.3,"[535.2318406770389, 2.176422357559204]"
F112013,10,23,0.4,"[535.2318406770389, 2.8998918533325195]"
F112013,10,23,0.5,"[535.2318406770389, 3.62326717376709]"
F112013,10,23,0.6,"[535.2318406770389, 4.343094348907471]"
F112013,10,23,0.7,"[535.2318406770389, 5.077600479125977]"
F112013,10,23,0.8,"[535.2318406770389, 5.803504467010498]"
F112013,10,23,0.9,"[535.2318406770389, 6.5289146900177]"
F112013,10,23,1.0,"[535.2318406770389, 7.2558815479278564]"
F112013,10,24,0.01,"[1230.9495963152253, 0.11179065704345703]"
F112013,10,24,0.1,"[917.2217933841879, 0.759645938873291]"
F112013,10,24,0.2,"[917.2217933841879, 1.479752540588379]"
F112013,10,24,0.3,"[917.2217933841879, 2.196192502975464]"
F112013,10,24,0.4,"[917.2217933841879, 2.919513702392578]"
F112013,10,24,0.5,"[917.2217933841879, 3.6389122009277344]"
F112013,10,24,0.6,"[917.2217933841879, 4.357593297958374]"
F112013,10,24,0.7,"[917.2217933841879, 5.079320669174194]"
F112013,10,24,0.8,"[917.2217933841879, 5.797616481781006]"
F112013,10,24,0.9,"[917.2217933841879, 6.517059087753296]"
F112013,10,24,1.0,"[917.2217933841879, 7.2388410568237305]"
F112013,10,25,0.01,"[1154.0051379539495, 0.13154983520507812]"
F112013,10,25,0.1,"[1154.0051365143051, 0.7812681198120117]"
F112013,10,25,0.2,"[1154.0051365143051, 1.5008959770202637]"
F112013,10,25,0.3,"[1154.0051365143051, 2.220322847366333]"
F112013,10,25,0.4,"[1154.0051365143051, 2.9391331672668457]"
F112013,10,25,0.5,"[1154.0051365143051, 3.6569957733154297]"
F112013,10,25,0.6,"[1154.0051365143051, 4.374130487442017]"
F112013,10,25,0.7,"[1154.0051365143051, 5.1901891231536865]"
F112013,10,25,0.8,"[1154.0051365143051, 5.913175821304321]"
F112013,10,25,0.9,"[1154.0051365143051, 6.633712530136108]"
F112013,10,25,1.0,"[1154.0051365143051, 7.381202220916748]"
F112013,10,26,0.01,"[848.2162163322384, 0.07238483428955078]"
F112013,10,26,0.1,"[529.2772316065816, 0.7161545753479004]"
F112013,10,26,0.2,"[529.2772316065816, 1.434544563293457]"
F112013,10,26,0.3,"[529.2772316065816, 2.1517724990844727]"
F112013,10,26,0.4,"[529.2772316065816, 2.873408079147339]"
F112013,10,26,0.5,"[529.2772316065816, 3.5921854972839355]"
F112013,10,26,0.6,"[529.2772316065816, 4.311089515686035]"
F112013,10,26,0.7,"[529.2772316065816, 5.034335374832153]"
F112013,10,26,0.8,"[529.2772316065816, 5.758169651031494]"
F112013,10,26,0.9,"[529.2772316065816, 6.483828544616699]"
F112013,10,26,1.0,"[529.2772316065816, 7.210406541824341]"
F112013,10,27,0.01,"[697.1136749559557, 0.10559916496276855]"
F112013,10,27,0.1,"[462.6206873212491, 0.7568387985229492]"
F112013,10,27,0.2,"[462.6206873212491, 1.4850034713745117]"
F112013,10,27,0.3,"[462.6206873212491, 2.2110323905944824]"
F112013,10,27,0.4,"[462.6206873212491, 2.935175895690918]"
F112013,10,27,0.5,"[462.6206873212491, 3.658217430114746]"
F112013,10,27,0.6,"[462.6206873212491, 4.378803491592407]"
F112013,10,27,0.7,"[462.6206873212491, 5.09790301322937]"
F112013,10,27,0.8,"[462.6206873212491, 5.851383447647095]"
F112013,10,27,0.9,"[462.6206873212491, 6.591779947280884]"
F112013,10,27,1.0,"[462.6206873212491, 7.307360649108887]"
F112013,10,28,0.01,"[1028.7054570784167, 0.0735626220703125]"
F112013,10,28,0.1,"[1028.7048733127813, 0.7207765579223633]"
F112013,10,28,0.2,"[1028.7048733127813, 1.4391541481018066]"
F112013,10,28,0.3,"[1028.7048733127813, 2.156633138656616]"
F112013,10,28,0.4,"[1028.7048733127813, 2.878278970718384]"
F112013,10,28,0.5,"[1028.7048733127813, 3.596440315246582]"
F112013,10,28,0.6,"[1028.7048733127813, 4.313028812408447]"
F112013,10,28,0.7,"[1028.7048733127813, 5.030015468597412]"
F112013,10,28,0.8,"[1028.7048733127813, 5.747508764266968]"
F112013,10,28,0.9,"[1028.7048733127813, 6.465444087982178]"
F112013,10,28,1.0,"[1028.7048733127813, 7.183971405029297]"
F112013,10,29,0.01,"[941.2678692176313, 0.07339763641357422]"
F112013,10,29,0.1,"[941.1197852277569, 0.7273480892181396]"
F112013,10,29,0.2,"[941.1197852277569, 1.4501988887786865]"
F112013,10,29,0.3,"[941.1197852277569, 2.16597843170166]"
F112013,10,29,0.4,"[941.1197852277569, 2.8846757411956787]"
F112013,10,29,0.5,"[941.1197852277569, 3.6045479774475098]"
F112013,10,29,0.6,"[941.1197852277569, 4.3228535652160645]"
F112013,10,29,0.7,"[941.1197852277569, 5.042038917541504]"
F112013,10,29,0.8,"[941.1197852277569, 5.761241436004639]"
F112013,10,29,0.9,"[941.1197852277569, 6.4799964427948]"
F112013,10,29,1.0,"[941.1197852277569, 7.200146913528442]"
F112013,10,30,0.01,"[1116.1400897801864, 0.07340455055236816]"
F112013,10,30,0.1,"[1116.1400897019405, 0.7227694988250732]"
F112013,10,30,0.2,"[1116.1400897019405, 1.4454407691955566]"
F112013,10,30,0.3,"[1116.1400897019405, 2.169734001159668]"
F112013,10,30,0.4,"[1116.1400897019405, 2.8943686485290527]"
F112013,10,30,0.5,"[1116.1400897019405, 3.6194283962249756]"
F112013,10,30,0.6,"[1116.1400897019405, 4.34589147567749]"
F112013,10,30,0.7,"[1116.1400897019405, 5.068855285644531]"
F112013,10,30,0.8,"[1116.1400897019405, 5.793175935745239]"
F112013,10,30,0.9,"[1116.1400897019405, 6.518043279647827]"
F112013,10,30,1.0,"[1116.1400897019405, 7.244348764419556]"
F112013,10,31,0.01,"[1062.5259379124363, 0.08452749252319336]"
F112013,10,31,0.1,"[1062.525936616568, 0.7334723472595215]"
F112013,10,31,0.2,"[1062.525936616568, 1.455458402633667]"
F112013,10,31,0.3,"[1062.525936616568, 2.182386636734009]"
F112013,10,31,0.4,"[1062.525936616568, 2.907468795776367]"
F112013,10,31,0.5,"[1062.525936616568, 3.6543612480163574]"
F112013,10,31,0.6,"[1062.525936616568, 4.374953508377075]"
F112013,10,31,0.7,"[1062.525936616568, 5.0968286991119385]"
F112013,10,31,0.8,"[1062.525936616568, 5.820755958557129]"
F112013,10,31,0.9,"[1062.525936616568, 6.544265031814575]"
F112013,10,31,1.0,"[1062.525936616568, 7.267639398574829]"
F112013,10,32,0.01,"[302.45590878846446, 0.07383608818054199]"
F112013,10,32,0.1,"[302.45590828263886, 0.7277672290802002]"
F112013,10,32,0.2,"[302.45590828263886, 1.4513909816741943]"
F112013,10,32,0.3,"[302.45590828263886, 2.175938844680786]"
F112013,10,32,0.4,"[302.45590828263886, 2.898902416229248]"
F112013,10,32,0.5,"[302.45590828263886, 3.6230247020721436]"
F112013,10,32,0.6,"[302.45590828263886, 4.349050283432007]"
F112013,10,32,0.7,"[302.45590828263886, 5.076815128326416]"
F112013,10,32,0.8,"[302.45590828263886, 5.806565046310425]"
F112013,10,32,0.9,"[302.45590828263886, 6.541593074798584]"
F112013,10,32,1.0,"[302.45590828263886, 7.272913455963135]"
F112013,10,33,0.01,"[1292.2401833407325, 0.143646240234375]"
F112013,10,33,0.1,"[1292.2401827050544, 0.8075766563415527]"
F112013,10,33,0.2,"[1292.2401827050544, 1.5318708419799805]"
F112013,10,33,0.3,"[1292.2401827050544, 2.250170946121216]"
F112013,10,33,0.4,"[1292.2401827050544, 2.9715521335601807]"
F112013,10,33,0.5,"[1292.2401827050544, 3.690866708755493]"
F112013,10,33,0.6,"[1292.2401827050544, 4.4125096797943115]"
F112013,10,33,0.7,"[1292.2401827050544, 5.167834520339966]"
F112013,10,33,0.8,"[1292.2401827050544, 5.892659425735474]"
F112013,10,33,0.9,"[1292.2401827050544, 6.617782831192017]"
F112013,10,33,1.0,"[1292.2401827050544, 7.345053672790527]"
F112013,10,34,0.01,"[502.42122768657805, 0.1504809856414795]"
F112013,10,34,0.1,"[502.4212274878142, 0.8083202838897705]"
F112013,10,34,0.2,"[502.4212274878142, 1.5225605964660645]"
F112013,10,34,0.3,"[502.4212274878142, 2.2345075607299805]"
F112013,10,34,0.4,"[502.4212274878142, 2.9464545249938965]"
F112013,10,34,0.5,"[502.4212274878142, 3.6566162109375]"
F112013,10,34,0.6,"[502.4212274878142, 4.3667311668396]"
F112013,10,34,0.7,"[502.4212274878142, 5.077000141143799]"
F112013,10,34,0.8,"[502.4212274878142, 5.788917303085327]"
F112013,10,34,0.9,"[502.4212274878142, 6.525178909301758]"
F112013,10,34,1.0,"[502.4212274878142, 7.250343084335327]"
F112013,10,35,0.01,"[697.4033243160786, 0.07202386856079102]"
F112013,10,35,0.1,"[697.4033233827097, 0.709069013595581]"
F112013,10,35,0.2,"[697.4033233827097, 1.4200801849365234]"
F112013,10,35,0.3,"[697.4033233827097, 2.131436824798584]"
F112013,10,35,0.4,"[697.4033233827097, 2.8445467948913574]"
F112013,10,35,0.5,"[697.4033233827097, 3.5622029304504395]"
F112013,10,35,0.6,"[697.4033233827097, 4.273295640945435]"
F112013,10,35,0.7,"[697.4033233827097, 4.985500335693359]"
F112013,10,35,0.8,"[697.4033233827097, 5.698577165603638]"
F112013,10,35,0.9,"[697.4033233827097, 6.410722970962524]"
F112013,10,35,1.0,"[697.4033233827097, 7.122858047485352]"
F112013,10,36,0.01,"[269.626689954777, 0.0719444751739502]"
F112013,10,36,0.1,"[269.62668943451354, 0.7153551578521729]"
F112013,10,36,0.2,"[269.62668943451354, 1.4260566234588623]"
F112013,10,36,0.3,"[269.62668943451354, 2.134871482849121]"
F112013,10,36,0.4,"[269.62668943451354, 2.8454244136810303]"
F112013,10,36,0.5,"[269.62668943451354, 3.5567994117736816]"
F112013,10,36,0.6,"[269.62668943451354, 4.266890287399292]"
F112013,10,36,0.7,"[269.62668943451354, 4.977932453155518]"
F112013,10,36,0.8,"[269.62668943451354, 5.689946889877319]"
F112013,10,36,0.9,"[269.62668943451354, 6.398941993713379]"
F112013,10,36,1.0,"[269.62668943451354, 7.110075235366821]"
F112013,10,37,0.01,"[776.815382133227, 0.07311749458312988]"
F112013,10,37,0.1,"[745.165532398271, 0.7164218425750732]"
F112013,10,37,0.2,"[745.165532398271, 1.430614948272705]"
F112013,10,37,0.3,"[745.165532398271, 2.147242546081543]"
F112013,10,37,0.4,"[745.165532398271, 2.861705780029297]"
F112013,10,37,0.5,"[745.165532398271, 3.57831072807312]"
F112013,10,37,0.6,"[745.165532398271, 4.2902443408966064]"
F112013,10,37,0.7,"[745.165532398271, 5.003854036331177]"
F112013,10,37,0.8,"[745.165532398271, 5.721662759780884]"
F112013,10,37,0.9,"[745.165532398271, 6.441222429275513]"
F112013,10,37,1.0,"[745.165532398271, 7.159130573272705]"
F112013,10,38,0.01,"[879.4687551683966, 0.0747532844543457]"
F112013,10,38,0.1,"[879.4687546703541, 0.7194671630859375]"
F112013,10,38,0.2,"[879.4687546703541, 1.4471187591552734]"
F112013,10,38,0.3,"[879.4687546703541, 2.1625285148620605]"
F112013,10,38,0.4,"[879.4687546703541, 2.877446413040161]"
F112013,10,38,0.5,"[879.4687546703541, 3.593109607696533]"
F112013,10,38,0.6,"[879.4687546703541, 4.3063108921051025]"
F112013,10,38,0.7,"[879.4687546703541, 5.023447275161743]"
F112013,10,38,0.8,"[879.4687546703541, 5.754304647445679]"
F112013,10,38,0.9,"[879.4687546703541, 6.469830751419067]"
F112013,10,38,1.0,"[879.4687546703541, 7.18293833732605]"
F112013,10,39,0.01,"[757.1128709531047, 0.07409906387329102]"
F112013,10,39,0.1,"[757.1128694823839, 0.7307612895965576]"
F112013,10,39,0.2,"[757.1128694823839, 1.4614531993865967]"
F112013,10,39,0.3,"[757.1128694823839, 2.1896121501922607]"
F112013,10,39,0.4,"[757.1128694823839, 2.9153902530670166]"
F112013,10,39,0.5,"[757.1128694823839, 3.639148235321045]"
F112013,10,39,0.6,"[757.1128694823839, 4.360574007034302]"
F112013,10,39,0.7,"[757.1128694823839, 5.083177089691162]"
F112013,10,39,0.8,"[757.1128694823839, 5.801519393920898]"
F112013,10,39,0.9,"[757.1128694823839, 6.5208518505096436]"
F112013,10,39,1.0,"[757.1128694823839, 7.24050235748291]"
F112013,10,40,0.01,"[390.99785639127924, 0.08065938949584961]"
F112013,10,40,0.1,"[390.99785582152583, 0.7341809272766113]"
F112013,10,40,0.2,"[390.99785582152583, 1.4623737335205078]"
F112013,10,40,0.3,"[390.99785582152583, 2.1926536560058594]"
F112013,10,40,0.4,"[390.99785582152583, 2.9225754737854004]"
F112013,10,40,0.5,"[390.99785582152583, 3.6535024642944336]"
F112013,10,40,0.6,"[390.99785582152583, 4.381955146789551]"
F112013,10,40,0.7,"[390.99785582152583, 5.1118974685668945]"
F112013,10,40,0.8,"[390.99785582152583, 5.83788800239563]"
F112013,10,40,0.9,"[390.99785582152583, 6.566633701324463]"
F112013,10,40,1.0,"[390.99785582152583, 7.293978214263916]"
F112013,10,41,0.01,"[777.9684747062369, 0.11135172843933105]"
F112013,10,41,0.1,"[777.9684740199632, 0.7531311511993408]"
F112013,10,41,0.2,"[777.9684740199632, 1.4694156646728516]"
F112013,10,41,0.3,"[777.9684740199632, 2.1848905086517334]"
F112013,10,41,0.4,"[777.9684740199632, 2.9004719257354736]"
F112013,10,41,0.5,"[777.9684740199632, 3.615009069442749]"
F112013,10,41,0.6,"[777.9684740199632, 4.330523252487183]"
F112013,10,41,0.7,"[777.9684740199632, 5.045482873916626]"
F112013,10,41,0.8,"[777.9684740199632, 5.767213582992554]"
F112013,10,41,0.9,"[777.9684740199632, 6.484788179397583]"
F112013,10,41,1.0,"[777.9684740199632, 7.2062413692474365]"
F112013,10,42,0.01,"[420.8440086532015, 0.1329669952392578]"
F112013,10,42,0.1,"[420.8440076612427, 0.7777564525604248]"
F112013,10,42,0.2,"[420.8440076612427, 1.4905116558074951]"
F112013,10,42,0.3,"[420.8440076612427, 2.1982970237731934]"
F112013,10,42,0.4,"[420.8440076612427, 2.9064297676086426]"
F112013,10,42,0.5,"[420.8440076612427, 3.6125752925872803]"
F112013,10,42,0.6,"[420.8440076612427, 4.320879697799683]"
F112013,10,42,0.7,"[420.8440076612427, 5.028113842010498]"
F112013,10,42,0.8,"[420.8440076612427, 5.743822813034058]"
F112013,10,42,0.9,"[420.8440076612427, 6.4545183181762695]"
F112013,10,42,1.0,"[420.8440076612427, 7.170740365982056]"
F112013,10,43,0.01,"[415.558406356989, 0.14121079444885254]"
F112013,10,43,0.1,"[415.55840596958484, 0.8000223636627197]"
F112013,10,43,0.2,"[415.55840596958484, 1.5154409408569336]"
F112013,10,43,0.3,"[415.55840596958484, 2.2286579608917236]"
F112013,10,43,0.4,"[415.55840596958484, 2.9444005489349365]"
F112013,10,43,0.5,"[415.55840596958484, 3.6569924354553223]"
F112013,10,43,0.6,"[415.55840596958484, 4.370555639266968]"
F112013,10,43,0.7,"[415.55840596958484, 5.085275173187256]"
F112013,10,43,0.8,"[415.55840596958484, 5.799196720123291]"
F112013,10,43,0.9,"[415.55840596958484, 6.51109504699707]"
F112013,10,43,1.0,"[415.55840596958484, 7.224833250045776]"
F112013,10,44,0.01,"[737.1338733342216, 0.0784912109375]"
F112013,10,44,0.1,"[737.133872548079, 0.7201335430145264]"
F112013,10,44,0.2,"[737.133872548079, 1.4330475330352783]"
F112013,10,44,0.3,"[737.133872548079, 2.1461479663848877]"
F112013,10,44,0.4,"[737.133872548079, 2.8580501079559326]"
F112013,10,44,0.5,"[737.133872548079, 3.6912875175476074]"
F112013,10,44,0.6,"[737.133872548079, 4.403130292892456]"
F112013,10,44,0.7,"[737.133872548079, 5.11672568321228]"
F112013,10,44,0.8,"[737.133872548079, 5.832521438598633]"
F112013,10,44,0.9,"[737.133872548079, 6.7853569984436035]"
F112013,10,44,1.0,"[737.133872548079, 7.500982761383057]"
F112013,10,45,0.01,"[585.9846511009721, 0.09813046455383301]"
F112013,10,45,0.1,"[585.9846507903244, 0.7362844944000244]"
F112013,10,45,0.2,"[585.9846507903244, 1.446791410446167]"
F112013,10,45,0.3,"[585.9846507903244, 2.15619158744812]"
F112013,10,45,0.4,"[585.9846507903244, 2.868011236190796]"
F112013,10,45,0.5,"[585.9846507903244, 3.574385643005371]"
F112013,10,45,0.6,"[585.9846507903244, 4.2820165157318115]"
F112013,10,45,0.7,"[585.9846507903244, 4.989056348800659]"
F112013,10,45,0.8,"[585.9846507903244, 5.697624921798706]"
F112013,10,45,0.9,"[585.9846507903244, 6.405972480773926]"
F112013,10,45,1.0,"[585.9846507903244, 7.117148399353027]"
F112013,10,46,0.01,"[279.57132785003165, 0.0987398624420166]"
F112013,10,46,0.1,"[279.57132763252935, 0.7416048049926758]"
F112013,10,46,0.2,"[279.57132763252935, 1.4555659294128418]"
F112013,10,46,0.3,"[279.57132763252935, 2.1676862239837646]"
F112013,10,46,0.4,"[279.57132763252935, 2.8855857849121094]"
F112013,10,46,0.5,"[279.57132763252935, 3.602708578109741]"
F112013,10,46,0.6,"[279.57132763252935, 4.323875904083252]"
F112013,10,46,0.7,"[279.57132763252935, 5.0427141189575195]"
F112013,10,46,0.8,"[279.57132763252935, 5.758995771408081]"
F112013,10,46,0.9,"[279.57132763252935, 6.4777586460113525]"
F112013,10,46,1.0,"[279.57132763252935, 7.1970977783203125]"
F112013,10,47,0.01,"[1174.8618530661997, 0.1329054832458496]"
F112013,10,47,0.1,"[1174.861852722608, 0.7747719287872314]"
F112013,10,47,0.2,"[1174.861852722608, 1.497485637664795]"
F112013,10,47,0.3,"[1174.861852722608, 2.210907220840454]"
F112013,10,47,0.4,"[1174.861852722608, 2.9288291931152344]"
F112013,10,47,0.5,"[1174.861852722608, 3.647421360015869]"
F112013,10,47,0.6,"[1174.861852722608, 4.364130020141602]"
F112013,10,47,0.7,"[1174.861852722608, 5.081578731536865]"
F112013,10,47,0.8,"[1174.861852722608, 5.798452854156494]"
F112013,10,47,0.9,"[1174.861852722608, 6.517377138137817]"
F112013,10,47,1.0,"[1174.861852722608, 7.236136198043823]"
F112013,10,48,0.01,"[288.52885328509024, 0.07293391227722168]"
F112013,10,48,0.1,"[288.52885262357677, 0.718447208404541]"
F112013,10,48,0.2,"[288.52885262357677, 1.433211088180542]"
F112013,10,48,0.3,"[288.52885262357677, 2.147230386734009]"
F112013,10,48,0.4,"[288.52885262357677, 2.863990068435669]"
F112013,10,48,0.5,"[288.52885262357677, 3.585056781768799]"
F112013,10,48,0.6,"[288.52885262357677, 4.305953025817871]"
F112013,10,48,0.7,"[288.52885262357677, 5.028757095336914]"
F112013,10,48,0.8,"[288.52885262357677, 5.75053858757019]"
F112013,10,48,0.9,"[288.52885262357677, 6.470292806625366]"
F112013,10,48,1.0,"[288.52885262357677, 7.193782091140747]"
F112013,10,49,0.01,"[944.1185012533253, 0.07272648811340332]"
F112013,10,49,0.1,"[944.1185010569488, 0.7199344635009766]"
F112013,10,49,0.2,"[944.1185010569488, 1.4385662078857422]"
F112013,10,49,0.3,"[944.1185010569488, 2.157729387283325]"
F112013,10,49,0.4,"[944.1185010569488, 2.8765792846679688]"
F112013,10,49,0.5,"[944.1185010569488, 3.599419593811035]"
F112013,10,49,0.6,"[944.1185010569488, 4.318685531616211]"
F112013,10,49,0.7,"[944.1185010569488, 5.043649196624756]"
F112013,10,49,0.8,"[944.1185010569488, 5.7646307945251465]"
F112013,10,49,0.9,"[944.1185010569488, 6.485963344573975]"
F112013,10,49,1.0,"[944.1185010569488, 7.2079901695251465]"
F112013,10,50,0.01,"[1030.6764405171298, 0.07250475883483887]"
F112013,10,50,0.1,"[1030.6764402111705, 0.7169442176818848]"
F112013,10,50,0.2,"[1030.6764402111705, 1.4316508769989014]"
F112013,10,50,0.3,"[1030.6764402111705, 2.144629716873169]"
F112013,10,50,0.4,"[1030.6764402111705, 2.856539249420166]"
F112013,10,50,0.5,"[1030.6764402111705, 3.5695457458496094]"
F112013,10,50,0.6,"[1030.6764402111705, 4.28023886680603]"
F112013,10,50,0.7,"[1030.6764402111705, 4.995554208755493]"
F112013,10,50,0.8,"[1030.6764402111705, 5.708889961242676]"
F112013,10,50,0.9,"[1030.6764402111705, 6.423337459564209]"
F112013,10,50,1.0,"[1030.6764402111705, 7.137579441070557]"
F112013,30,0,0.01,"[2267.3108388041774, 0.22536587715148926]"
F112013,30,0,0.1,"[2200.63934935449, 2.1912877559661865]"
F112013,30,0,0.2,"[2200.63934935449, 4.372300624847412]"
F112013,30,0,0.3,"[2200.63934935449, 6.580030918121338]"
F112013,30,0,0.4,"[2200.63934935449, 8.785250425338745]"
F112013,30,0,0.5,"[2200.63934935449, 10.98296594619751]"
F112013,30,0,0.6,"[2200.63934935449, 13.17616319656372]"
F112013,30,0,0.7,"[2200.63934935449, 15.371079921722412]"
F112013,30,0,0.8,"[2200.63934935449, 17.5981707572937]"
F112013,30,0,0.9,"[2200.63934935449, 19.818610429763794]"
F112013,30,0,1.0,"[2200.63934935449, 22.020647287368774]"
F112013,30,1,0.01,"[1643.6734390208462, 0.22615265846252441]"
F112013,30,1,0.1,"[1500.2329035642165, 2.2205357551574707]"
F112013,30,1,0.2,"[1500.2329035642165, 4.41800332069397]"
F112013,30,1,0.3,"[1500.2329035642165, 6.607147693634033]"
F112013,30,1,0.4,"[1500.2329035642165, 8.794115781784058]"
F112013,30,1,0.5,"[1500.2329035642165, 10.991958856582642]"
F112013,30,1,0.6,"[1500.2329035642165, 13.187853336334229]"
F112013,30,1,0.7,"[1500.2329035642165, 15.39562439918518]"
F112013,30,1,0.8,"[1500.2329035642165, 17.59378671646118]"
F112013,30,1,0.9,"[1500.2329035642165, 19.78176712989807]"
F112013,30,1,1.0,"[1500.2329035642165, 21.9657781124115]"
F112013,30,2,0.01,"[2764.090173073962, 0.22358083724975586]"
F112013,30,2,0.1,"[2252.3422361810485, 2.249880790710449]"
F112013,30,2,0.2,"[2252.3422361810485, 4.5205066204071045]"
F112013,30,2,0.3,"[2252.3422361810485, 6.758510589599609]"
F112013,30,2,0.4,"[2252.3422361810485, 8.964098930358887]"
F112013,30,2,0.5,"[2252.3422361810485, 11.168889045715332]"
F112013,30,2,0.6,"[2252.3422361810485, 13.36743712425232]"
F112013,30,2,0.7,"[2252.3422361810485, 15.544819831848145]"
F112013,30,2,0.8,"[2252.3422361810485, 17.71528172492981]"
F112013,30,2,0.9,"[2252.3422361810485, 19.885608196258545]"
F112013,30,2,1.0,"[2252.3422361810485, 22.060797452926636]"
F112013,30,3,0.01,"[2815.480733558439, 0.23351836204528809]"
F112013,30,3,0.1,"[2778.6104172695586, 2.232133150100708]"
F112013,30,3,0.2,"[2778.6104172695586, 4.474611759185791]"
F112013,30,3,0.3,"[2778.6104172695586, 6.757333040237427]"
F112013,30,3,0.4,"[2778.6104172695586, 9.067884683609009]"
F112013,30,3,0.5,"[2778.6104172695586, 11.401471614837646]"
F112013,30,3,0.6,"[2778.6104172695586, 13.69659686088562]"
F112013,30,3,0.7,"[2778.6104172695586, 16.07742404937744]"
F112013,30,3,0.8,"[2778.6104172695586, 18.44100594520569]"
F112013,30,3,0.9,"[2778.6104172695586, 20.78089928627014]"
F112013,30,3,1.0,"[2778.6104172695586, 23.10669779777527]"
F112013,30,4,0.01,"[2505.3863911249664, 0.22153782844543457]"
F112013,30,4,0.1,"[2467.6077683217572, 2.2242989540100098]"
F112013,30,4,0.2,"[2467.6077683217572, 4.437061548233032]"
F112013,30,4,0.3,"[2467.6077683217572, 6.653917074203491]"
F112013,30,4,0.4,"[2467.6077683217572, 8.84745717048645]"
F112013,30,4,0.5,"[2467.6077683217572, 11.059340953826904]"
F112013,30,4,0.6,"[2467.6077683217572, 13.249849796295166]"
F112013,30,4,0.7,"[2467.6077683217572, 15.44116997718811]"
F112013,30,4,0.8,"[2467.6077683217572, 17.639403104782104]"
F112013,30,4,0.9,"[2467.6077683217572, 19.833786487579346]"
F112013,30,4,1.0,"[2467.6077683217572, 22.030359506607056]"
F112013,30,5,0.01,"[3634.225525685843, 0.2220304012298584]"
F112013,30,5,0.1,"[2705.9582327962726, 2.202831506729126]"
F112013,30,5,0.2,"[2705.9582327962726, 4.390017747879028]"
F112013,30,5,0.3,"[2705.9582327962726, 6.596484184265137]"
F112013,30,5,0.4,"[2705.9582327962726, 8.805730819702148]"
F112013,30,5,0.5,"[2705.9582327962726, 11.007785558700562]"
F112013,30,5,0.6,"[2705.9582327962726, 13.21065878868103]"
F112013,30,5,0.7,"[2705.9582327962726, 15.39870810508728]"
F112013,30,5,0.8,"[2705.9582327962726, 17.591895580291748]"
F112013,30,5,0.9,"[2705.9582327962726, 19.803593635559082]"
F112013,30,5,1.0,"[2705.9582327962726, 21.990050554275513]"
F112013,30,6,0.01,"[2352.670541699341, 0.2233729362487793]"
F112013,30,6,0.1,"[2316.4718715642266, 2.2021827697753906]"
F112013,30,6,0.2,"[2316.4718715642266, 4.386234760284424]"
F112013,30,6,0.3,"[2316.4718715642266, 6.578099966049194]"
F112013,30,6,0.4,"[2316.4718715642266, 8.781745672225952]"
F112013,30,6,0.5,"[2316.4718715642266, 10.970948696136475]"
F112013,30,6,0.6,"[2316.4718715642266, 13.154659986495972]"
F112013,30,6,0.7,"[2316.4718715642266, 15.386350631713867]"
F112013,30,6,0.8,"[2316.4718715642266, 17.62381601333618]"
F112013,30,6,0.9,"[2316.4718715642266, 19.825575590133667]"
F112013,30,6,1.0,"[2316.4718715642266, 22.063236236572266]"
F112013,30,7,0.01,"[1774.0333429162556, 0.22271299362182617]"
F112013,30,7,0.1,"[1096.7114602838692, 2.228767156600952]"
F112013,30,7,0.2,"[1096.7114602838692, 4.4600067138671875]"
F112013,30,7,0.3,"[1096.7114602838692, 6.665439128875732]"
F112013,30,7,0.4,"[1096.7114602838692, 8.88946795463562]"
F112013,30,7,0.5,"[1096.7114602838692, 11.097116947174072]"
F112013,30,7,0.6,"[1096.7114602838692, 13.310505390167236]"
F112013,30,7,0.7,"[1096.7114602838692, 15.51722526550293]"
F112013,30,7,0.8,"[1096.7114602838692, 17.69227623939514]"
F112013,30,7,0.9,"[1096.7114602838692, 19.88416290283203]"
F112013,30,7,1.0,"[1096.7114602838692, 22.077503204345703]"
F112013,30,8,0.01,"[1964.4399942562516, 0.21930742263793945]"
F112013,30,8,0.1,"[1964.4359275037755, 2.185112953186035]"
F112013,30,8,0.2,"[1964.4359275037755, 4.3538713455200195]"
F112013,30,8,0.3,"[1964.4359275037755, 6.54316520690918]"
F112013,30,8,0.4,"[1964.4359275037755, 8.732779264450073]"
F112013,30,8,0.5,"[1964.4359275037755, 10.943097114562988]"
F112013,30,8,0.6,"[1964.4359275037755, 13.168626070022583]"
F112013,30,8,0.7,"[1964.4359275037755, 15.335801601409912]"
F112013,30,8,0.8,"[1964.4359275037755, 17.528149127960205]"
F112013,30,8,0.9,"[1964.4359275037755, 19.742024421691895]"
F112013,30,8,1.0,"[1964.4359275037755, 21.930986404418945]"
F112013,30,9,0.01,"[3801.232846323376, 0.221693754196167]"
F112013,30,9,0.1,"[2792.57935837445, 2.23591685295105]"
F112013,30,9,0.2,"[2792.57935837445, 4.46553373336792]"
F112013,30,9,0.3,"[2792.57935837445, 6.66361927986145]"
F112013,30,9,0.4,"[2792.57935837445, 8.887342691421509]"
F112013,30,9,0.5,"[2792.57935837445, 11.114106893539429]"
F112013,30,9,0.6,"[2792.57935837445, 13.326558351516724]"
F112013,30,9,0.7,"[2792.57935837445, 15.547055721282959]"
F112013,30,9,0.8,"[2792.57935837445, 17.728453636169434]"
F112013,30,9,0.9,"[2792.57935837445, 19.928383588790894]"
F112013,30,9,1.0,"[2792.57935837445, 22.16879940032959]"
F112013,30,10,0.01,"[3137.4577953195567, 0.2230081558227539]"
F112013,30,10,0.1,"[2473.198000132126, 2.236599922180176]"
F112013,30,10,0.2,"[2473.198000132126, 4.466495752334595]"
F112013,30,10,0.3,"[2473.198000132126, 6.7133095264434814]"
F112013,30,10,0.4,"[2473.198000132126, 8.932634115219116]"
F112013,30,10,0.5,"[2473.198000132126, 11.166410446166992]"
F112013,30,10,0.6,"[2473.198000132126, 13.379216194152832]"
F112013,30,10,0.7,"[2473.198000132126, 15.614259004592896]"
F112013,30,10,0.8,"[2473.198000132126, 17.836448431015015]"
F112013,30,10,0.9,"[2473.198000132126, 20.049354076385498]"
F112013,30,10,1.0,"[2473.198000132126, 22.230060577392578]"
F112013,30,11,0.01,"[2118.1299641536107, 0.22028446197509766]"
F112013,30,11,0.1,"[2118.129963277863, 2.204651355743408]"
F112013,30,11,0.2,"[2118.129963277863, 4.418534994125366]"
F112013,30,11,0.3,"[2118.129963277863, 6.648447751998901]"
F112013,30,11,0.4,"[2118.129963277863, 8.812345266342163]"
F112013,30,11,0.5,"[2118.129963277863, 10.99610948562622]"
F112013,30,11,0.6,"[2118.129963277863, 13.158309698104858]"
F112013,30,11,0.7,"[2118.129963277863, 15.316362857818604]"
F112013,30,11,0.8,"[2118.129963277863, 17.505568742752075]"
F112013,30,11,0.9,"[2118.129963277863, 19.69487738609314]"
F112013,30,11,1.0,"[2118.129963277863, 21.883558988571167]"
F112013,30,12,0.01,"[2388.971648003294, 0.2221231460571289]"
F112013,30,12,0.1,"[2388.971122836189, 2.216695547103882]"
F112013,30,12,0.2,"[2388.971122836189, 4.423045635223389]"
F112013,30,12,0.3,"[2388.971122836189, 6.624128818511963]"
F112013,30,12,0.4,"[2388.971122836189, 8.833261013031006]"
F112013,30,12,0.5,"[2388.971122836189, 11.036450147628784]"
F112013,30,12,0.6,"[2388.971122836189, 13.229715347290039]"
F112013,30,12,0.7,"[2388.971122836189, 15.417206287384033]"
F112013,30,12,0.8,"[2388.971122836189, 17.59968090057373]"
F112013,30,12,0.9,"[2388.971122836189, 19.793145656585693]"
F112013,30,12,1.0,"[2388.971122836189, 21.956035614013672]"
F112013,30,13,0.01,"[4092.190866750304, 0.2229630947113037]"
F112013,30,13,0.1,"[3192.3118961012196, 2.2218716144561768]"
F112013,30,13,0.2,"[3192.3118961012196, 4.438438892364502]"
F112013,30,13,0.3,"[3192.3118961012196, 6.634355783462524]"
F112013,30,13,0.4,"[3192.3118961012196, 8.831298828125]"
F112013,30,13,0.5,"[3192.3118961012196, 11.023468971252441]"
F112013,30,13,0.6,"[3192.3118961012196, 13.185377359390259]"
F112013,30,13,0.7,"[3192.3118961012196, 15.407540798187256]"
F112013,30,13,0.8,"[3192.3118961012196, 17.613160610198975]"
F112013,30,13,0.9,"[3192.3118961012196, 19.855782747268677]"
F112013,30,13,1.0,"[3192.3118961012196, 22.060393571853638]"
F112013,30,14,0.01,"[3546.7140478956653, 0.22150731086730957]"
F112013,30,14,0.1,"[3270.949576232272, 2.2140464782714844]"
F112013,30,14,0.2,"[3270.949576232272, 4.4268388748168945]"
F112013,30,14,0.3,"[3270.949576232272, 6.6339850425720215]"
F112013,30,14,0.4,"[3270.949576232272, 8.849699020385742]"
F112013,30,14,0.5,"[3270.949576232272, 11.050087690353394]"
F112013,30,14,0.6,"[3270.949576232272, 13.264240503311157]"
F112013,30,14,0.7,"[3270.949576232272, 15.534509897232056]"
F112013,30,14,0.8,"[3270.949576232272, 17.79696559906006]"
F112013,30,14,0.9,"[3270.949576232272, 19.995901346206665]"
F112013,30,14,1.0,"[3270.949576232272, 22.20549702644348]"
F112013,30,15,0.01,"[2628.4806400212883, 0.2553260326385498]"
F112013,30,15,0.1,"[2504.011872862725, 2.5215260982513428]"
F112013,30,15,0.2,"[2504.011872862725, 5.023299694061279]"
F112013,30,15,0.3,"[2504.011872862725, 7.528645038604736]"
F112013,30,15,0.4,"[2504.011872862725, 10.047177791595459]"
F112013,30,15,0.5,"[2504.011872862725, 12.576392412185669]"
F112013,30,15,0.6,"[2504.011872862725, 15.102202892303467]"
F112013,30,15,0.7,"[2504.011872862725, 17.62848687171936]"
F112013,30,15,0.8,"[2504.011872862725, 20.150253534317017]"
F112013,30,15,0.9,"[2504.011872862725, 22.677440404891968]"
F112013,30,15,1.0,"[2504.011872862725, 25.191219329833984]"
F112013,30,16,0.01,"[1956.804844563906, 0.22169089317321777]"
F112013,30,16,0.1,"[1956.8048443297105, 2.1993181705474854]"
F112013,30,16,0.2,"[1956.8048443297105, 4.378842353820801]"
F112013,30,16,0.3,"[1956.8048443297105, 6.56029486656189]"
F112013,30,16,0.4,"[1956.8048443297105, 8.760514497756958]"
F112013,30,16,0.5,"[1956.8048443297105, 10.960822105407715]"
F112013,30,16,0.6,"[1956.8048443297105, 13.139277219772339]"
F112013,30,16,0.7,"[1956.8048443297105, 15.360979795455933]"
F112013,30,16,0.8,"[1956.8048443297105, 17.584446907043457]"
F112013,30,16,0.9,"[1956.8048443297105, 19.773824214935303]"
F112013,30,16,1.0,"[1956.8048443297105, 21.975013732910156]"
F112013,30,17,0.01,"[3279.543063507661, 0.21655893325805664]"
F112013,30,17,0.1,"[1848.4488448006346, 2.172600030899048]"
F112013,30,17,0.2,"[1848.4488448006346, 4.343596696853638]"
F112013,30,17,0.3,"[1848.4488448006346, 6.530794620513916]"
F112013,30,17,0.4,"[1848.4488448006346, 8.730947256088257]"
F112013,30,17,0.5,"[1848.4488448006346, 10.92589282989502]"
F112013,30,17,0.6,"[1848.4488448006346, 13.109324216842651]"
F112013,30,17,0.7,"[1848.4488448006346, 15.291253089904785]"
F112013,30,17,0.8,"[1848.4488448006346, 17.478397607803345]"
F112013,30,17,0.9,"[1848.4488448006346, 19.666305541992188]"
F112013,30,17,1.0,"[1848.4488448006346, 21.83858871459961]"
F112013,30,18,0.01,"[2256.3788542493166, 0.22129440307617188]"
F112013,30,18,0.1,"[2256.3788539926827, 2.1937832832336426]"
F112013,30,18,0.2,"[2256.3788539926827, 4.377579212188721]"
F112013,30,18,0.3,"[2256.3788539926827, 6.574817657470703]"
F112013,30,18,0.4,"[2256.3788539926827, 8.764731407165527]"
F112013,30,18,0.5,"[2256.3788539926827, 10.948523759841919]"
F112013,30,18,0.6,"[2256.3788539926827, 13.134421110153198]"
F112013,30,18,0.7,"[2256.3788539926827, 15.330004215240479]"
F112013,30,18,0.8,"[2256.3788539926827, 17.535425662994385]"
F112013,30,18,0.9,"[2256.3788539926827, 19.774144649505615]"
F112013,30,18,1.0,"[2256.3788539926827, 21.979896068572998]"
F112013,30,19,0.01,"[2578.5535385343337, 0.22122573852539062]"
F112013,30,19,0.1,"[2018.5964036131634, 2.188445568084717]"
F112013,30,19,0.2,"[2018.5964036131634, 4.379082441329956]"
F112013,30,19,0.3,"[2018.5964036131634, 6.575621128082275]"
F112013,30,19,0.4,"[2018.5964036131634, 8.769211530685425]"
F112013,30,19,0.5,"[2018.5964036131634, 10.95352554321289]"
F112013,30,19,0.6,"[2018.5964036131634, 13.133166551589966]"
F112013,30,19,0.7,"[2018.5964036131634, 15.327640771865845]"
F112013,30,19,0.8,"[2018.5964036131634, 17.565505266189575]"
F112013,30,19,0.9,"[2018.5964036131634, 19.80009365081787]"
F112013,30,19,1.0,"[2018.5964036131634, 22.006773710250854]"
F112013,30,20,0.01,"[2588.6506862110305, 0.22116303443908691]"
F112013,30,20,0.1,"[2154.856576094938, 2.195204496383667]"
F112013,30,20,0.2,"[2154.856576094938, 4.3648457527160645]"
F112013,30,20,0.3,"[2154.856576094938, 6.549800157546997]"
F112013,30,20,0.4,"[2154.856576094938, 8.733394622802734]"
F112013,30,20,0.5,"[2154.856576094938, 10.922807216644287]"
F112013,30,20,0.6,"[2154.856576094938, 13.108209609985352]"
F112013,30,20,0.7,"[2154.856576094938, 15.309947490692139]"
F112013,30,20,0.8,"[2154.856576094938, 17.53023648262024]"
F112013,30,20,0.9,"[2154.856576094938, 19.770883798599243]"
F112013,30,20,1.0,"[2154.856576094938, 21.95726227760315]"
F112013,30,21,0.01,"[3953.0178409860223, 0.21921491622924805]"
F112013,30,21,0.1,"[3376.3341445438696, 2.1727750301361084]"
F112013,30,21,0.2,"[3376.3341445438696, 4.33247971534729]"
F112013,30,21,0.3,"[3376.3341445438696, 6.5048205852508545]"
F112013,30,21,0.4,"[3376.3341445438696, 8.680203437805176]"
F112013,30,21,0.5,"[3376.3341445438696, 10.850605010986328]"
F112013,30,21,0.6,"[3376.3341445438696, 13.01616621017456]"
F112013,30,21,0.7,"[3376.3341445438696, 15.16701865196228]"
F112013,30,21,0.8,"[3376.3341445438696, 17.32867431640625]"
F112013,30,21,0.9,"[3376.3341445438696, 19.52226710319519]"
F112013,30,21,1.0,"[3376.3341445438696, 21.68217420578003]"
F112013,30,22,0.01,"[1963.3679383447807, 0.21708059310913086]"
F112013,30,22,0.1,"[1295.33220521055, 2.1646604537963867]"
F112013,30,22,0.2,"[1295.33220521055, 4.354445934295654]"
F112013,30,22,0.3,"[1295.33220521055, 6.529790639877319]"
F112013,30,22,0.4,"[1295.33220521055, 8.71509599685669]"
F112013,30,22,0.5,"[1295.33220521055, 10.89890193939209]"
F112013,30,22,0.6,"[1295.33220521055, 13.100914239883423]"
F112013,30,22,0.7,"[1295.33220521055, 15.301674842834473]"
F112013,30,22,0.8,"[1295.33220521055, 17.486124753952026]"
F112013,30,22,0.9,"[1295.33220521055, 19.68492031097412]"
F112013,30,22,1.0,"[1295.33220521055, 21.864539623260498]"
F112013,30,23,0.01,"[2616.4369079458984, 0.23874139785766602]"
F112013,30,23,0.1,"[1535.0973882140227, 2.233675718307495]"
F112013,30,23,0.2,"[1535.0973882140227, 4.448306083679199]"
F112013,30,23,0.3,"[1535.0973882140227, 6.668040752410889]"
F112013,30,23,0.4,"[1535.0973882140227, 8.935155391693115]"
F112013,30,23,0.5,"[1535.0973882140227, 11.168839454650879]"
F112013,30,23,0.6,"[1535.0973882140227, 13.384666681289673]"
F112013,30,23,0.7,"[1535.0973882140227, 15.59459400177002]"
F112013,30,23,0.8,"[1535.0973882140227, 17.81234836578369]"
F112013,30,23,0.9,"[1535.0973882140227, 20.036108016967773]"
F112013,30,23,1.0,"[1535.0973882140227, 22.250696182250977]"
F112013,30,24,0.01,"[2449.1050304997557, 0.22520184516906738]"
F112013,30,24,0.1,"[2041.4885575775156, 2.246035099029541]"
F112013,30,24,0.2,"[2041.4885575775156, 4.478217124938965]"
F112013,30,24,0.3,"[2041.4885575775156, 6.700219631195068]"
F112013,30,24,0.4,"[2041.4885575775156, 8.936145067214966]"
F112013,30,24,0.5,"[2041.4885575775156, 11.162584781646729]"
F112013,30,24,0.6,"[2041.4885575775156, 13.382264137268066]"
F112013,30,24,0.7,"[2041.4885575775156, 15.616593837738037]"
F112013,30,24,0.8,"[2041.4885575775156, 17.83231472969055]"
F112013,30,24,0.9,"[2041.4885575775156, 20.045648097991943]"
F112013,30,24,1.0,"[2041.4885575775156, 22.25339651107788]"
F112013,30,25,0.01,"[2628.3014993442075, 0.24907660484313965]"
F112013,30,25,0.1,"[2595.4730523294384, 2.297912359237671]"
F112013,30,25,0.2,"[2595.4730523294384, 4.5715014934539795]"
F112013,30,25,0.3,"[2595.4730523294384, 6.807098150253296]"
F112013,30,25,0.4,"[2595.4730523294384, 9.085845232009888]"
F112013,30,25,0.5,"[2595.4730523294384, 11.340466976165771]"
F112013,30,25,0.6,"[2595.4730523294384, 13.605106592178345]"
F112013,30,25,0.7,"[2595.4730523294384, 15.857632398605347]"
F112013,30,25,0.8,"[2595.4730523294384, 18.104805946350098]"
F112013,30,25,0.9,"[2595.4730523294384, 20.35276699066162]"
F112013,30,25,1.0,"[2595.4730523294384, 22.593085050582886]"
F112013,30,26,0.01,"[2605.877834806076, 0.24237847328186035]"
F112013,30,26,0.1,"[2446.26562757575, 2.285454511642456]"
F112013,30,26,0.2,"[2446.26562757575, 4.5687172412872314]"
F112013,30,26,0.3,"[2446.26562757575, 6.8115761280059814]"
F112013,30,26,0.4,"[2446.26562757575, 9.070658445358276]"
F112013,30,26,0.5,"[2446.26562757575, 11.31969952583313]"
F112013,30,26,0.6,"[2446.26562757575, 13.576834201812744]"
F112013,30,26,0.7,"[2446.26562757575, 15.813348293304443]"
F112013,30,26,0.8,"[2446.26562757575, 18.054569721221924]"
F112013,30,26,0.9,"[2446.26562757575, 20.315900087356567]"
F112013,30,26,1.0,"[2446.26562757575, 22.579055309295654]"
F112013,30,27,0.01,"[2973.416017614699, 0.23073601722717285]"
F112013,30,27,0.1,"[2248.697102608269, 2.26098370552063]"
F112013,30,27,0.2,"[2248.697102608269, 4.499959230422974]"
F112013,30,27,0.3,"[2248.697102608269, 6.746246099472046]"
F112013,30,27,0.4,"[2248.697102608269, 8.976227521896362]"
F112013,30,27,0.5,"[2248.697102608269, 11.22204041481018]"
F112013,30,27,0.6,"[2248.697102608269, 13.466091871261597]"
F112013,30,27,0.7,"[2248.697102608269, 15.697020530700684]"
F112013,30,27,0.8,"[2248.697102608269, 17.915006399154663]"
F112013,30,27,0.9,"[2248.697102608269, 20.136767387390137]"
F112013,30,27,1.0,"[2248.697102608269, 22.348286390304565]"
F112013,30,28,0.01,"[2493.050386640908, 0.23454856872558594]"
F112013,30,28,0.1,"[2493.050377400141, 2.2678756713867188]"
F112013,30,28,0.2,"[2493.050377400141, 4.52760648727417]"
F112013,30,28,0.3,"[2493.050377400141, 6.771282196044922]"
F112013,30,28,0.4,"[2493.050377400141, 9.035676002502441]"
F112013,30,28,0.5,"[2493.050377400141, 11.291833639144897]"
F112013,30,28,0.6,"[2493.050377400141, 13.545228004455566]"
F112013,30,28,0.7,"[2493.050377400141, 15.807326555252075]"
F112013,30,28,0.8,"[2493.050377400141, 18.06894302368164]"
F112013,30,28,0.9,"[2493.050377400141, 20.32727289199829]"
F112013,30,28,1.0,"[2493.050377400141, 22.559498071670532]"
F112013,30,29,0.01,"[2175.7967602892604, 0.24978899955749512]"
F112013,30,29,0.1,"[2175.796759916239, 2.250253915786743]"
F112013,30,29,0.2,"[2175.796759916239, 4.495672225952148]"
F112013,30,29,0.3,"[2175.796759916239, 6.726207733154297]"
F112013,30,29,0.4,"[2175.796759916239, 8.953506708145142]"
F112013,30,29,0.5,"[2175.796759916239, 11.17861008644104]"
F112013,30,29,0.6,"[2175.796759916239, 13.412111282348633]"
F112013,30,29,0.7,"[2175.796759916239, 15.650676250457764]"
F112013,30,29,0.8,"[2175.796759916239, 17.876604080200195]"
F112013,30,29,0.9,"[2175.796759916239, 20.11681342124939]"
F112013,30,29,1.0,"[2175.796759916239, 22.337114810943604]"
F112013,30,30,0.01,"[1002.876823836881, 0.22478723526000977]"
F112013,30,30,0.1,"[1002.8621430338626, 2.2539279460906982]"
F112013,30,30,0.2,"[1002.8621430338626, 4.481372117996216]"
F112013,30,30,0.3,"[1002.8621430338626, 6.707348108291626]"
F112013,30,30,0.4,"[1002.8621430338626, 8.94220757484436]"
F112013,30,30,0.5,"[1002.8621430338626, 11.170634508132935]"
F112013,30,30,0.6,"[1002.8621430338626, 13.408630847930908]"
F112013,30,30,0.7,"[1002.8621430338626, 15.647406101226807]"
F112013,30,30,0.8,"[1002.8621430338626, 17.900282859802246]"
F112013,30,30,0.9,"[1002.8621430338626, 20.12323307991028]"
F112013,30,30,1.0,"[1002.8621430338626, 22.344682693481445]"
F112013,30,31,0.01,"[3003.338814027324, 0.22655057907104492]"
F112013,30,31,0.1,"[2667.126860743622, 2.2714412212371826]"
F112013,30,31,0.2,"[2667.126860743622, 4.514244079589844]"
F112013,30,31,0.3,"[2667.126860743622, 6.752955436706543]"
F112013,30,31,0.4,"[2667.126860743622, 8.992642402648926]"
F112013,30,31,0.5,"[2667.126860743622, 11.226234436035156]"
F112013,30,31,0.6,"[2667.126860743622, 13.461800813674927]"
F112013,30,31,0.7,"[2667.126860743622, 15.687459468841553]"
F112013,30,31,0.8,"[2667.126860743622, 17.905668258666992]"
F112013,30,31,0.9,"[2667.126860743622, 20.12621569633484]"
F112013,30,31,1.0,"[2667.126860743622, 22.34001898765564]"
F112013,30,32,0.01,"[2655.799069702819, 0.2263643741607666]"
F112013,30,32,0.1,"[1799.7585041621082, 2.243210792541504]"
F112013,30,32,0.2,"[1799.7585041621082, 4.480544090270996]"
F112013,30,32,0.3,"[1799.7585041621082, 6.717331409454346]"
F112013,30,32,0.4,"[1799.7585041621082, 8.956098556518555]"
F112013,30,32,0.5,"[1799.7585041621082, 11.194334030151367]"
F112013,30,32,0.6,"[1799.7585041621082, 13.440812110900879]"
F112013,30,32,0.7,"[1799.7585041621082, 15.662533283233643]"
F112013,30,32,0.8,"[1799.7585041621082, 17.89853549003601]"
F112013,30,32,0.9,"[1799.7585041621082, 20.124491214752197]"
F112013,30,32,1.0,"[1799.7585041621082, 22.337953805923462]"
F112013,30,33,0.01,"[3291.146649711036, 0.2220311164855957]"
F112013,30,33,0.1,"[2314.077720975095, 2.230396270751953]"
F112013,30,33,0.2,"[2314.077720975095, 4.467015504837036]"
F112013,30,33,0.3,"[2314.077720975095, 6.705397367477417]"
F112013,30,33,0.4,"[2314.077720975095, 8.93618893623352]"
F112013,30,33,0.5,"[2314.077720975095, 11.183822631835938]"
F112013,30,33,0.6,"[2314.077720975095, 13.441449880599976]"
F112013,30,33,0.7,"[2314.077720975095, 15.716378927230835]"
F112013,30,33,0.8,"[2314.077720975095, 17.977248191833496]"
F112013,30,33,0.9,"[2314.077720975095, 20.230220794677734]"
F112013,30,33,1.0,"[2314.077720975095, 22.492931604385376]"
F112013,30,34,0.01,"[4165.613977206879, 0.22138214111328125]"
F112013,30,34,0.1,"[2994.378524938976, 2.2301135063171387]"
F112013,30,34,0.2,"[2994.378524938976, 4.492098093032837]"
F112013,30,34,0.3,"[2994.378524938976, 6.758859872817993]"
F112013,30,34,0.4,"[2994.378524938976, 9.008301258087158]"
F112013,30,34,0.5,"[2994.378524938976, 11.27230715751648]"
F112013,30,34,0.6,"[2994.378524938976, 13.54224419593811]"
F112013,30,34,0.7,"[2994.378524938976, 15.775187492370605]"
F112013,30,34,0.8,"[2994.378524938976, 18.026434183120728]"
F112013,30,34,0.9,"[2994.378524938976, 20.27484655380249]"
F112013,30,34,1.0,"[2994.378524938976, 22.508647203445435]"
F112013,30,35,0.01,"[3234.073564552139, 0.22296786308288574]"
F112013,30,35,0.1,"[2385.6381211383537, 2.240367889404297]"
F112013,30,35,0.2,"[2385.6381211383537, 4.482468366622925]"
F112013,30,35,0.3,"[2385.6381211383537, 6.715899705886841]"
F112013,30,35,0.4,"[2385.6381211383537, 8.96249270439148]"
F112013,30,35,0.5,"[2385.6381211383537, 11.203302383422852]"
F112013,30,35,0.6,"[2385.6381211383537, 13.437382459640503]"
F112013,30,35,0.7,"[2385.6381211383537, 15.675236463546753]"
F112013,30,35,0.8,"[2385.6381211383537, 17.917327165603638]"
F112013,30,35,0.9,"[2385.6381211383537, 20.14072322845459]"
F112013,30,35,1.0,"[2385.6381211383537, 22.350065231323242]"
F112013,30,36,0.01,"[1995.6792000061428, 0.2219529151916504]"
F112013,30,36,0.1,"[1995.6791996461577, 2.2326478958129883]"
F112013,30,36,0.2,"[1995.6791996461577, 4.470715284347534]"
F112013,30,36,0.3,"[1995.6791996461577, 6.712097883224487]"
F112013,30,36,0.4,"[1995.6791996461577, 8.959300756454468]"
F112013,30,36,0.5,"[1995.6791996461577, 11.211978912353516]"
F112013,30,36,0.6,"[1995.6791996461577, 13.456214189529419]"
F112013,30,36,0.7,"[1995.6791996461577, 15.69803524017334]"
F112013,30,36,0.8,"[1995.6791996461577, 17.93606925010681]"
F112013,30,36,0.9,"[1995.6791996461577, 20.1830792427063]"
F112013,30,36,1.0,"[1995.6791996461577, 22.42153811454773]"
F112013,30,37,0.01,"[2187.1882295880305, 0.22235870361328125]"
F112013,30,37,0.1,"[1822.606066437661, 2.229705333709717]"
F112013,30,37,0.2,"[1822.606066437661, 4.474934816360474]"
F112013,30,37,0.3,"[1822.606066437661, 6.7173285484313965]"
F112013,30,37,0.4,"[1822.606066437661, 8.971825122833252]"
F112013,30,37,0.5,"[1822.606066437661, 11.22517728805542]"
F112013,30,37,0.6,"[1822.606066437661, 13.487765550613403]"
F112013,30,37,0.7,"[1822.606066437661, 15.740839004516602]"
F112013,30,37,0.8,"[1822.606066437661, 18.00765562057495]"
F112013,30,37,0.9,"[1822.606066437661, 20.28629469871521]"
F112013,30,37,1.0,"[1822.606066437661, 22.528918743133545]"
F112013,30,38,0.01,"[1001.886743242228, 0.22294259071350098]"
F112013,30,38,0.1,"[1001.8867430506739, 2.226013660430908]"
F112013,30,38,0.2,"[1001.8867430506739, 4.436314821243286]"
F112013,30,38,0.3,"[1001.8867430506739, 6.661871910095215]"
F112013,30,38,0.4,"[1001.8867430506739, 8.904736757278442]"
F112013,30,38,0.5,"[1001.8867430506739, 11.134297132492065]"
F112013,30,38,0.6,"[1001.8867430506739, 13.35545039176941]"
F112013,30,38,0.7,"[1001.8867430506739, 15.564893245697021]"
F112013,30,38,0.8,"[1001.8867430506739, 17.783188819885254]"
F112013,30,38,0.9,"[1001.8867430506739, 19.99940252304077]"
F112013,30,38,1.0,"[1001.8867430506739, 22.20284342765808]"
F112013,30,39,0.01,"[2400.9970621577527, 0.22574973106384277]"
F112013,30,39,0.1,"[2188.685425786655, 2.2887561321258545]"
F112013,30,39,0.2,"[2188.685425786655, 4.582562685012817]"
F112013,30,39,0.3,"[2188.685425786655, 6.836048126220703]"
F112013,30,39,0.4,"[2188.685425786655, 9.095188856124878]"
F112013,30,39,0.5,"[2188.685425786655, 11.347487449645996]"
F112013,30,39,0.6,"[2188.685425786655, 13.604167222976685]"
F112013,30,39,0.7,"[2188.685425786655, 15.851382970809937]"
F112013,30,39,0.8,"[2188.685425786655, 18.095595121383667]"
F112013,30,39,0.9,"[2188.685425786655, 20.3431236743927]"
F112013,30,39,1.0,"[2188.685425786655, 22.59446668624878]"
F112013,30,40,0.01,"[2398.3869885547892, 0.23783564567565918]"
F112013,30,40,0.1,"[1843.496613977404, 2.2747418880462646]"
F112013,30,40,0.2,"[1843.496613977404, 4.539306879043579]"
F112013,30,40,0.3,"[1843.496613977404, 6.776632308959961]"
F112013,30,40,0.4,"[1843.496613977404, 9.044706344604492]"
F112013,30,40,0.5,"[1843.496613977404, 11.263691186904907]"
F112013,30,40,0.6,"[1843.496613977404, 13.493651866912842]"
F112013,30,40,0.7,"[1843.496613977404, 15.719727516174316]"
F112013,30,40,0.8,"[1843.496613977404, 17.981102466583252]"
F112013,30,40,0.9,"[1843.496613977404, 20.206243991851807]"
F112013,30,40,1.0,"[1843.496613977404, 22.42645287513733]"
F112013,30,41,0.01,"[2428.7362442198637, 0.27854394912719727]"
F112013,30,41,0.1,"[2266.2918772305748, 2.270582675933838]"
F112013,30,41,0.2,"[2266.2918772305748, 4.487797975540161]"
F112013,30,41,0.3,"[2266.2918772305748, 6.69804048538208]"
F112013,30,41,0.4,"[2266.2918772305748, 8.90666675567627]"
F112013,30,41,0.5,"[2266.2918772305748, 11.142829418182373]"
F112013,30,41,0.6,"[2266.2918772305748, 13.372538566589355]"
F112013,30,41,0.7,"[2266.2918772305748, 15.56817078590393]"
F112013,30,41,0.8,"[2266.2918772305748, 17.770998001098633]"
F112013,30,41,0.9,"[2266.2918772305748, 19.98201060295105]"
F112013,30,41,1.0,"[2266.2918772305748, 22.18954110145569]"
F112013,30,42,0.01,"[2606.1343804462954, 0.286409854888916]"
F112013,30,42,0.1,"[2133.995703479466, 2.2771410942077637]"
F112013,30,42,0.2,"[2133.995703479466, 4.4954822063446045]"
F112013,30,42,0.3,"[2133.995703479466, 6.713878154754639]"
F112013,30,42,0.4,"[2133.995703479466, 8.937254667282104]"
F112013,30,42,0.5,"[2133.995703479466, 11.18358850479126]"
F112013,30,42,0.6,"[2133.995703479466, 13.421720743179321]"
F112013,30,42,0.7,"[2133.995703479466, 15.62792181968689]"
F112013,30,42,0.8,"[2133.995703479466, 17.83970332145691]"
F112013,30,42,0.9,"[2133.995703479466, 20.047954320907593]"
F112013,30,42,1.0,"[2133.995703479466, 22.25620198249817]"
F112013,30,43,0.01,"[3115.6983926259936, 0.22314691543579102]"
F112013,30,43,0.1,"[2606.5096925708463, 2.2137112617492676]"
F112013,30,43,0.2,"[2606.5096925708463, 4.420815706253052]"
F112013,30,43,0.3,"[2606.5096925708463, 6.633357763290405]"
F112013,30,43,0.4,"[2606.5096925708463, 8.850336074829102]"
F112013,30,43,0.5,"[2606.5096925708463, 11.055540084838867]"
F112013,30,43,0.6,"[2606.5096925708463, 13.263225317001343]"
F112013,30,43,0.7,"[2606.5096925708463, 15.471853971481323]"
F112013,30,43,0.8,"[2606.5096925708463, 17.67703866958618]"
F112013,30,43,0.9,"[2606.5096925708463, 19.87514305114746]"
F112013,30,43,1.0,"[2606.5096925708463, 22.053683757781982]"
F112013,30,44,0.01,"[3255.7988946937903, 0.223419189453125]"
F112013,30,44,0.1,"[2635.380215834036, 2.205831289291382]"
F112013,30,44,0.2,"[2635.380215834036, 4.406435966491699]"
F112013,30,44,0.3,"[2635.380215834036, 6.6113293170928955]"
F112013,30,44,0.4,"[2635.380215834036, 8.806282997131348]"
F112013,30,44,0.5,"[2635.380215834036, 10.998279571533203]"
F112013,30,44,0.6,"[2635.380215834036, 13.19689655303955]"
F112013,30,44,0.7,"[2635.380215834036, 15.400634765625]"
F112013,30,44,0.8,"[2635.380215834036, 17.603285789489746]"
F112013,30,44,0.9,"[2635.380215834036, 19.805363655090332]"
F112013,30,44,1.0,"[2635.380215834036, 21.997032642364502]"
F112013,30,45,0.01,"[4480.225274353783, 0.23313379287719727]"
F112013,30,45,0.1,"[2813.3621665589853, 2.2474653720855713]"
F112013,30,45,0.2,"[2813.3621665589853, 4.4955737590789795]"
F112013,30,45,0.3,"[2813.3621665589853, 6.735665559768677]"
F112013,30,45,0.4,"[2813.3621665589853, 8.993774175643921]"
F112013,30,45,0.5,"[2813.3621665589853, 11.255737781524658]"
F112013,30,45,0.6,"[2813.3621665589853, 13.498862981796265]"
F112013,30,45,0.7,"[2813.3621665589853, 15.787273168563843]"
F112013,30,45,0.8,"[2813.3621665589853, 18.072861194610596]"
F112013,30,45,0.9,"[2813.3621665589853, 20.325615167617798]"
F112013,30,45,1.0,"[2813.3621665589853, 22.588395833969116]"
F112013,30,46,0.01,"[2771.4517957694493, 0.27451252937316895]"
F112013,30,46,0.1,"[2193.650098189339, 2.292268753051758]"
F112013,30,46,0.2,"[2193.650098189339, 4.534494161605835]"
F112013,30,46,0.3,"[2193.650098189339, 6.779868841171265]"
F112013,30,46,0.4,"[2193.650098189339, 9.014535665512085]"
F112013,30,46,0.5,"[2193.650098189339, 11.246269226074219]"
F112013,30,46,0.6,"[2193.650098189339, 13.478008508682251]"
F112013,30,46,0.7,"[2193.650098189339, 15.72973895072937]"
F112013,30,46,0.8,"[2193.650098189339, 17.972228050231934]"
F112013,30,46,0.9,"[2193.650098189339, 20.213776111602783]"
F112013,30,46,1.0,"[2193.650098189339, 22.445740461349487]"
F112013,30,47,0.01,"[2681.0930275201335, 0.2768690586090088]"
F112013,30,47,0.1,"[2015.5328143640813, 2.310309648513794]"
F112013,30,47,0.2,"[2015.5328143640813, 4.619032621383667]"
F112013,30,47,0.3,"[2015.5328143640813, 6.932119846343994]"
F112013,30,47,0.4,"[2015.5328143640813, 9.275889158248901]"
F112013,30,47,0.5,"[2015.5328143640813, 11.665465831756592]"
F112013,30,47,0.6,"[2015.5328143640813, 14.07085633277893]"
F112013,30,47,0.7,"[2015.5328143640813, 16.41254448890686]"
F112013,30,47,0.8,"[2015.5328143640813, 18.735389232635498]"
F112013,30,47,0.9,"[2015.5328143640813, 21.062342405319214]"
F112013,30,47,1.0,"[2015.5328143640813, 23.354363203048706]"
F112013,30,48,0.01,"[2945.247312410913, 0.22225046157836914]"
F112013,30,48,0.1,"[2193.6501606430265, 2.2093558311462402]"
F112013,30,48,0.2,"[2193.6501606430265, 4.405289173126221]"
F112013,30,48,0.3,"[2193.6501606430265, 6.618163824081421]"
F112013,30,48,0.4,"[2193.6501606430265, 8.814870119094849]"
F112013,30,48,0.5,"[2193.6501606430265, 11.031996011734009]"
F112013,30,48,0.6,"[2193.6501606430265, 13.252628087997437]"
F112013,30,48,0.7,"[2193.6501606430265, 15.477843523025513]"
F112013,30,48,0.8,"[2193.6501606430265, 17.70065975189209]"
F112013,30,48,0.9,"[2193.6501606430265, 19.938297986984253]"
F112013,30,48,1.0,"[2193.6501606430265, 22.172399759292603]"
F112013,30,49,0.01,"[2266.8740409935663, 0.22482728958129883]"
F112013,30,49,0.1,"[1412.7196361392046, 2.2434632778167725]"
F112013,30,49,0.2,"[1412.7196361392046, 4.461156606674194]"
F112013,30,49,0.3,"[1412.7196361392046, 6.670367479324341]"
F112013,30,49,0.4,"[1412.7196361392046, 8.88203477859497]"
F112013,30,49,0.5,"[1412.7196361392046, 11.086394548416138]"
F112013,30,49,0.6,"[1412.7196361392046, 13.301352500915527]"
F112013,30,49,0.7,"[1412.7196361392046, 15.517315149307251]"
F112013,30,49,0.8,"[1412.7196361392046, 17.74183964729309]"
F112013,30,49,0.9,"[1412.7196361392046, 19.97053599357605]"
F112013,30,49,1.0,"[1412.7196361392046, 22.244300842285156]"
F112013,30,50,0.01,"[2032.0917813034816, 0.22188329696655273]"
F112013,30,50,0.1,"[1804.4959466662372, 2.2020211219787598]"
F112013,30,50,0.2,"[1804.4959466662372, 4.420006036758423]"
F112013,30,50,0.3,"[1804.4959466662372, 6.632049322128296]"
F112013,30,50,0.4,"[1804.4959466662372, 8.827883005142212]"
F112013,30,50,0.5,"[1804.4959466662372, 11.012165546417236]"
F112013,30,50,0.6,"[1804.4959466662372, 13.227533102035522]"
F112013,30,50,0.7,"[1804.4959466662372, 15.445418357849121]"
F112013,30,50,0.8,"[1804.4959466662372, 17.664090871810913]"
F112013,30,50,0.9,"[1804.4959466662372, 19.882039785385132]"
F112013,30,50,1.0,"[1804.4959466662372, 22.103802919387817]"
F112013,50,0,0.01,"[4039.022405266968, 0.3822190761566162]"
F112013,50,0,0.1,"[4039.0224050239926, 3.785186529159546]"
F112013,50,0,0.2,"[4039.0224050239926, 7.571047782897949]"
F112013,50,0,0.3,"[4039.0224050239926, 11.340558052062988]"
F112013,50,0,0.4,"[4039.0224050239926, 15.1283700466156]"
F112013,50,0,0.5,"[4039.0224050239926, 18.90041947364807]"
F112013,50,0,0.6,"[4039.0224050239926, 22.66953420639038]"
F112013,50,0,0.7,"[4039.0224050239926, 26.434818744659424]"
F112013,50,0,0.8,"[4039.0224050239926, 30.205906629562378]"
F112013,50,0,0.9,"[4039.0224050239926, 33.98593282699585]"
F112013,50,0,1.0,"[4039.0224050239926, 37.762701749801636]"
F112013,50,1,0.01,"[3029.36402274562, 0.3829686641693115]"
F112013,50,1,0.1,"[2945.812090354272, 3.776759386062622]"
F112013,50,1,0.2,"[2945.812090354272, 7.557192087173462]"
F112013,50,1,0.3,"[2945.812090354272, 11.327949047088623]"
F112013,50,1,0.4,"[2945.812090354272, 15.118038654327393]"
F112013,50,1,0.5,"[2945.812090354272, 18.900761365890503]"
F112013,50,1,0.6,"[2945.812090354272, 22.674955368041992]"
F112013,50,1,0.7,"[2945.812090354272, 26.44827961921692]"
F112013,50,1,0.8,"[2945.812090354272, 30.23750329017639]"
F112013,50,1,0.9,"[2945.812090354272, 34.02340888977051]"
F112013,50,1,1.0,"[2945.812090354272, 37.80116653442383]"
F112013,50,2,0.01,"[3496.490496703762, 0.38051342964172363]"
F112013,50,2,0.1,"[3459.14835138335, 3.785388946533203]"
F112013,50,2,0.2,"[3459.14835138335, 7.554913520812988]"
F112013,50,2,0.3,"[3459.14835138335, 11.305468320846558]"
F112013,50,2,0.4,"[3459.14835138335, 15.080857753753662]"
F112013,50,2,0.5,"[3459.14835138335, 18.857784748077393]"
F112013,50,2,0.6,"[3459.14835138335, 22.63706922531128]"
F112013,50,2,0.7,"[3459.14835138335, 26.41624927520752]"
F112013,50,2,0.8,"[3459.14835138335, 30.200010299682617]"
F112013,50,2,0.9,"[3459.14835138335, 33.98880696296692]"
F112013,50,2,1.0,"[3459.14835138335, 37.771740674972534]"
F112013,50,3,0.01,"[3270.250917316026, 0.3849601745605469]"
F112013,50,3,0.1,"[3111.027072575136, 3.7878196239471436]"
F112013,50,3,0.2,"[3111.027072575136, 7.553954839706421]"
F112013,50,3,0.3,"[3111.027072575136, 11.306468725204468]"
F112013,50,3,0.4,"[3111.027072575136, 15.093952178955078]"
F112013,50,3,0.5,"[3111.027072575136, 18.864874124526978]"
F112013,50,3,0.6,"[3111.027072575136, 22.626648664474487]"
F112013,50,3,0.7,"[3111.027072575136, 26.40954566001892]"
F112013,50,3,0.8,"[3111.027072575136, 30.194231510162354]"
F112013,50,3,0.9,"[3111.027072575136, 33.97631621360779]"
F112013,50,3,1.0,"[3111.027072575136, 37.76110100746155]"
F112013,50,4,0.01,"[3594.454665267698, 0.3806788921356201]"
F112013,50,4,0.1,"[3594.454648407407, 3.755192995071411]"
F112013,50,4,0.2,"[3594.454648407407, 7.502444505691528]"
F112013,50,4,0.3,"[3594.454648407407, 11.250023126602173]"
F112013,50,4,0.4,"[3594.454648407407, 15.009639024734497]"
F112013,50,4,0.5,"[3594.454648407407, 18.7768976688385]"
F112013,50,4,0.6,"[3594.454648407407, 22.555977821350098]"
F112013,50,4,0.7,"[3594.454648407407, 26.326837062835693]"
F112013,50,4,0.8,"[3594.454648407407, 30.105976581573486]"
F112013,50,4,0.9,"[3594.454648407407, 33.88869857788086]"
F112013,50,4,1.0,"[3594.454648407407, 37.6657931804657]"
F112013,50,5,0.01,"[3064.0790275988256, 0.38652563095092773]"
F112013,50,5,0.1,"[3063.7003508842827, 3.7973248958587646]"
F112013,50,5,0.2,"[3063.7003508842827, 7.586002588272095]"
F112013,50,5,0.3,"[3063.7003508842827, 11.379813432693481]"
F112013,50,5,0.4,"[3063.7003508842827, 15.177584171295166]"
F112013,50,5,0.5,"[3063.7003508842827, 18.963342428207397]"
F112013,50,5,0.6,"[3063.7003508842827, 22.76637291908264]"
F112013,50,5,0.7,"[3063.7003508842827, 26.558149576187134]"
F112013,50,5,0.8,"[3063.7003508842827, 30.368640184402466]"
F112013,50,5,0.9,"[3063.7003508842827, 34.15747594833374]"
F112013,50,5,1.0,"[3063.7003508842827, 37.95480680465698]"
F112013,50,6,0.01,"[3315.8671922586873, 0.41128039360046387]"
F112013,50,6,0.1,"[3315.7703011467192, 3.815061330795288]"
F112013,50,6,0.2,"[3315.7703011467192, 7.5836710929870605]"
F112013,50,6,0.3,"[3315.7703011467192, 11.336074590682983]"
F112013,50,6,0.4,"[3315.7703011467192, 15.12058711051941]"
F112013,50,6,0.5,"[3315.7703011467192, 18.880507707595825]"
F112013,50,6,0.6,"[3315.7703011467192, 22.63363289833069]"
F112013,50,6,0.7,"[3315.7703011467192, 26.39718198776245]"
F112013,50,6,0.8,"[3315.7703011467192, 30.176782608032227]"
F112013,50,6,0.9,"[3315.7703011467192, 33.94931077957153]"
F112013,50,6,1.0,"[3315.7703011467192, 37.73602509498596]"
F112013,50,7,0.01,"[3606.4274296679714, 0.3854796886444092]"
F112013,50,7,0.1,"[3447.2529544978947, 3.804724931716919]"
F112013,50,7,0.2,"[3447.2529544978947, 7.597340106964111]"
F112013,50,7,0.3,"[3447.2529544978947, 11.364710569381714]"
F112013,50,7,0.4,"[3447.2529544978947, 15.153093576431274]"
F112013,50,7,0.5,"[3447.2529544978947, 19.43021512031555]"
F112013,50,7,0.6,"[3447.2529544978947, 23.770521640777588]"
F112013,50,7,0.7,"[3447.2529544978947, 28.10083556175232]"
F112013,50,7,0.8,"[3447.2529544978947, 32.44714093208313]"
F112013,50,7,0.9,"[3447.2529544978947, 36.78637170791626]"
F112013,50,7,1.0,"[3447.2529544978947, 40.7242910861969]"
F112013,50,8,0.01,"[4006.323222028248, 0.38288402557373047]"
F112013,50,8,0.1,"[3586.4203631314112, 3.773038387298584]"
F112013,50,8,0.2,"[3586.4203631314112, 7.537228107452393]"
F112013,50,8,0.3,"[3586.4203631314112, 11.305718421936035]"
F112013,50,8,0.4,"[3586.4203631314112, 15.093547582626343]"
F112013,50,8,0.5,"[3586.4203631314112, 18.861222982406616]"
F112013,50,8,0.6,"[3586.4203631314112, 22.64043402671814]"
F112013,50,8,0.7,"[3586.4203631314112, 26.425734996795654]"
F112013,50,8,0.8,"[3586.4203631314112, 30.21662187576294]"
F112013,50,8,0.9,"[3586.4203631314112, 34.00250458717346]"
F112013,50,8,1.0,"[3586.4203631314112, 37.79513168334961]"
F112013,50,9,0.01,"[3650.08473661987, 0.3855297565460205]"
F112013,50,9,0.1,"[3650.0847361659025, 3.7956998348236084]"
F112013,50,9,0.2,"[3650.0847361659025, 7.574795961380005]"
F112013,50,9,0.3,"[3650.0847361659025, 11.351183891296387]"
F112013,50,9,0.4,"[3650.0847361659025, 15.134897232055664]"
F112013,50,9,0.5,"[3650.0847361659025, 18.919034242630005]"
F112013,50,9,0.6,"[3650.0847361659025, 22.70688796043396]"
F112013,50,9,0.7,"[3650.0847361659025, 26.47203493118286]"
F112013,50,9,0.8,"[3650.0847361659025, 30.264705657958984]"
F112013,50,9,0.9,"[3650.0847361659025, 34.04372572898865]"
F112013,50,9,1.0,"[3650.0847361659025, 37.849711179733276]"
F112013,50,10,0.01,"[2837.9689503859945, 0.3834817409515381]"
F112013,50,10,0.1,"[2795.606081606308, 3.791215419769287]"
F112013,50,10,0.2,"[2795.606081606308, 7.573882102966309]"
F112013,50,10,0.3,"[2795.606081606308, 11.34386157989502]"
F112013,50,10,0.4,"[2795.606081606308, 15.125821590423584]"
F112013,50,10,0.5,"[2795.606081606308, 18.900176286697388]"
F112013,50,10,0.6,"[2795.606081606308, 22.68574571609497]"
F112013,50,10,0.7,"[2795.606081606308, 26.465636014938354]"
F112013,50,10,0.8,"[2795.606081606308, 30.25419783592224]"
F112013,50,10,0.9,"[2795.606081606308, 34.024380683898926]"
F112013,50,10,1.0,"[2795.606081606308, 37.80894947052002]"
F112013,50,11,0.01,"[2574.5470485104725, 0.3873279094696045]"
F112013,50,11,0.1,"[2479.216242023322, 3.8208608627319336]"
F112013,50,11,0.2,"[2479.216242023322, 7.627546072006226]"
F112013,50,11,0.3,"[2479.216242023322, 11.423085689544678]"
F112013,50,11,0.4,"[2479.216242023322, 15.226875305175781]"
F112013,50,11,0.5,"[2479.216242023322, 19.033729314804077]"
F112013,50,11,0.6,"[2479.216242023322, 22.83991503715515]"
F112013,50,11,0.7,"[2479.216242023322, 26.645856380462646]"
F112013,50,11,0.8,"[2479.216242023322, 30.456575393676758]"
F112013,50,11,0.9,"[2479.216242023322, 34.27348017692566]"
F112013,50,11,1.0,"[2479.216242023322, 38.09425926208496]"
F112013,50,12,0.01,"[4030.9162226723197, 0.3847799301147461]"
F112013,50,12,0.1,"[3995.148277093019, 3.7853665351867676]"
F112013,50,12,0.2,"[3995.148277093019, 7.559096813201904]"
F112013,50,12,0.3,"[3995.148277093019, 11.345487833023071]"
F112013,50,12,0.4,"[3995.148277093019, 15.125639915466309]"
F112013,50,12,0.5,"[3995.148277093019, 18.885368585586548]"
F112013,50,12,0.6,"[3995.148277093019, 22.63248896598816]"
F112013,50,12,0.7,"[3995.148277093019, 26.375437259674072]"
F112013,50,12,0.8,"[3995.148277093019, 30.120521306991577]"
F112013,50,12,0.9,"[3995.148277093019, 33.871084213256836]"
F112013,50,12,1.0,"[3995.148277093019, 37.6323082447052]"
F112013,50,13,0.01,"[3307.3070035359547, 0.3823978900909424]"
F112013,50,13,0.1,"[3271.1824964867888, 3.7667274475097656]"
F112013,50,13,0.2,"[3271.1824964867888, 7.517212867736816]"
F112013,50,13,0.3,"[3271.1824964867888, 11.26047968864441]"
F112013,50,13,0.4,"[3271.1824964867888, 15.021603107452393]"
F112013,50,13,0.5,"[3271.1824964867888, 18.772366285324097]"
F112013,50,13,0.6,"[3271.1824964867888, 22.524001598358154]"
F112013,50,13,0.7,"[3271.1824964867888, 26.284310579299927]"
F112013,50,13,0.8,"[3271.1824964867888, 30.050108909606934]"
F112013,50,13,0.9,"[3271.1824964867888, 33.80782985687256]"
F112013,50,13,1.0,"[3271.1824964867888, 37.55759239196777]"
F112013,50,14,0.01,"[2934.5136575099496, 0.38609766960144043]"
F112013,50,14,0.1,"[2683.175746521174, 3.8006274700164795]"
F112013,50,14,0.2,"[2683.175746521174, 7.588374614715576]"
F112013,50,14,0.3,"[2683.175746521174, 11.350358724594116]"
F112013,50,14,0.4,"[2683.175746521174, 15.138244867324829]"
F112013,50,14,0.5,"[2683.175746521174, 18.91890859603882]"
F112013,50,14,0.6,"[2683.175746521174, 22.70965266227722]"
F112013,50,14,0.7,"[2683.175746521174, 26.488750219345093]"
F112013,50,14,0.8,"[2683.175746521174, 30.2752685546875]"
F112013,50,14,0.9,"[2683.175746521174, 34.046969175338745]"
F112013,50,14,1.0,"[2683.175746521174, 37.836979150772095]"
F112013,50,15,0.01,"[3458.22012626216, 0.38226866722106934]"
F112013,50,15,0.1,"[3382.4859463312528, 3.7655398845672607]"
F112013,50,15,0.2,"[3382.4859463312528, 7.5265491008758545]"
F112013,50,15,0.3,"[3382.4859463312528, 11.297831058502197]"
F112013,50,15,0.4,"[3382.4859463312528, 15.09586238861084]"
F112013,50,15,0.5,"[3382.4859463312528, 18.893462657928467]"
F112013,50,15,0.6,"[3382.4859463312528, 22.693321466445923]"
F112013,50,15,0.7,"[3382.4859463312528, 26.486983060836792]"
F112013,50,15,0.8,"[3382.4859463312528, 30.305573225021362]"
F112013,50,15,0.9,"[3382.4859463312528, 34.11503052711487]"
F112013,50,15,1.0,"[3382.4859463312528, 37.92999720573425]"
F112013,50,16,0.01,"[4284.3811566855375, 0.38251161575317383]"
F112013,50,16,0.1,"[3927.723239198037, 3.7702531814575195]"
F112013,50,16,0.2,"[3927.723239198037, 7.541935443878174]"
F112013,50,16,0.3,"[3927.723239198037, 11.295176029205322]"
F112013,50,16,0.4,"[3927.723239198037, 15.058311700820923]"
F112013,50,16,0.5,"[3927.723239198037, 18.82373547554016]"
F112013,50,16,0.6,"[3927.723239198037, 22.575401067733765]"
F112013,50,16,0.7,"[3927.723239198037, 26.325895309448242]"
F112013,50,16,0.8,"[3927.723239198037, 30.099578857421875]"
F112013,50,16,0.9,"[3927.723239198037, 33.855971813201904]"
F112013,50,16,1.0,"[3927.723239198037, 37.62093639373779]"
F112013,50,17,0.01,"[3192.579597324895, 0.3833193778991699]"
F112013,50,17,0.1,"[3192.5795971871016, 3.793276071548462]"
F112013,50,17,0.2,"[3192.5795971871016, 7.580099105834961]"
F112013,50,17,0.3,"[3192.5795971871016, 11.357854127883911]"
F112013,50,17,0.4,"[3192.5795971871016, 15.136201858520508]"
F112013,50,17,0.5,"[3192.5795971871016, 18.91169500350952]"
F112013,50,17,0.6,"[3192.5795971871016, 22.688345909118652]"
F112013,50,17,0.7,"[3192.5795971871016, 26.471608877182007]"
F112013,50,17,0.8,"[3192.5795971871016, 30.26119375228882]"
F112013,50,17,0.9,"[3192.5795971871016, 34.06177878379822]"
F112013,50,17,1.0,"[3192.5795971871016, 37.85511112213135]"
F112013,50,18,0.01,"[3438.9496156188434, 0.38373541831970215]"
F112013,50,18,0.1,"[3438.9496154334706, 3.7933270931243896]"
F112013,50,18,0.2,"[3438.9496154334706, 7.5833234786987305]"
F112013,50,18,0.3,"[3438.9496154334706, 11.368164300918579]"
F112013,50,18,0.4,"[3438.9496154334706, 15.14090609550476]"
F112013,50,18,0.5,"[3438.9496154334706, 18.914915084838867]"
F112013,50,18,0.6,"[3438.9496154334706, 22.686007261276245]"
F112013,50,18,0.7,"[3438.9496154334706, 26.465768575668335]"
F112013,50,18,0.8,"[3438.9496154334706, 30.245961666107178]"
F112013,50,18,0.9,"[3438.9496154334706, 34.02856922149658]"
F112013,50,18,1.0,"[3438.9496154334706, 37.81139159202576]"
F112013,50,19,0.01,"[3632.7813917726003, 0.38640832901000977]"
F112013,50,19,0.1,"[3515.887109828102, 3.810941457748413]"
F112013,50,19,0.2,"[3515.887109828102, 7.604962587356567]"
F112013,50,19,0.3,"[3515.887109828102, 11.391326427459717]"
F112013,50,19,0.4,"[3515.887109828102, 15.195615291595459]"
F112013,50,19,0.5,"[3515.887109828102, 18.990643978118896]"
F112013,50,19,0.6,"[3515.887109828102, 22.7696533203125]"
F112013,50,19,0.7,"[3515.887109828102, 26.566056489944458]"
F112013,50,19,0.8,"[3515.887109828102, 30.35197687149048]"
F112013,50,19,0.9,"[3515.887109828102, 34.15306997299194]"
F112013,50,19,1.0,"[3515.887109828102, 37.94593572616577]"
F112013,50,20,0.01,"[1631.6632547530662, 0.3825702667236328]"
F112013,50,20,0.1,"[1631.663254587503, 3.7717785835266113]"
F112013,50,20,0.2,"[1631.663254587503, 7.543317794799805]"
F112013,50,20,0.3,"[1631.663254587503, 11.30581259727478]"
F112013,50,20,0.4,"[1631.663254587503, 15.092687368392944]"
F112013,50,20,0.5,"[1631.663254587503, 18.860021829605103]"
F112013,50,20,0.6,"[1631.663254587503, 22.626028537750244]"
F112013,50,20,0.7,"[1631.663254587503, 26.408477306365967]"
F112013,50,20,0.8,"[1631.663254587503, 30.19750452041626]"
F112013,50,20,0.9,"[1631.663254587503, 33.9824059009552]"
F112013,50,20,1.0,"[1631.663254587503, 37.77283263206482]"
F112013,50,21,0.01,"[4447.405723296393, 0.384185791015625]"
F112013,50,21,0.1,"[4407.711079336279, 3.798233985900879]"
F112013,50,21,0.2,"[4407.711079336279, 7.591291189193726]"
F112013,50,21,0.3,"[4407.711079336279, 11.377506256103516]"
F112013,50,21,0.4,"[4407.711079336279, 15.159282445907593]"
F112013,50,21,0.5,"[4407.711079336279, 18.929536819458008]"
F112013,50,21,0.6,"[4407.711079336279, 22.707998514175415]"
F112013,50,21,0.7,"[4407.711079336279, 26.495903968811035]"
F112013,50,21,0.8,"[4407.711079336279, 30.27799391746521]"
F112013,50,21,0.9,"[4407.711079336279, 34.06529402732849]"
F112013,50,21,1.0,"[4407.711079336279, 37.85880637168884]"
F112013,50,22,0.01,"[3773.19834857673, 0.38523125648498535]"
F112013,50,22,0.1,"[3633.1642406228884, 3.8172802925109863]"
F112013,50,22,0.2,"[3633.1642406228884, 7.62479043006897]"
F112013,50,22,0.3,"[3633.1642406228884, 11.40390396118164]"
F112013,50,22,0.4,"[3633.1642406228884, 15.204809665679932]"
F112013,50,22,0.5,"[3633.1642406228884, 18.998929977416992]"
F112013,50,22,0.6,"[3633.1642406228884, 22.77690887451172]"
F112013,50,22,0.7,"[3633.1642406228884, 26.55828046798706]"
F112013,50,22,0.8,"[3633.1642406228884, 30.337666511535645]"
F112013,50,22,0.9,"[3633.1642406228884, 34.14009642601013]"
F112013,50,22,1.0,"[3633.1642406228884, 37.946051359176636]"
F112013,50,23,0.01,"[3161.702897265275, 0.38120603561401367]"
F112013,50,23,0.1,"[3161.702893708846, 3.7727997303009033]"
F112013,50,23,0.2,"[3161.702893708846, 7.531068325042725]"
F112013,50,23,0.3,"[3161.702893708846, 11.284633874893188]"
F112013,50,23,0.4,"[3161.702893708846, 15.02846097946167]"
F112013,50,23,0.5,"[3161.702893708846, 18.76308584213257]"
F112013,50,23,0.6,"[3161.702893708846, 22.516690254211426]"
F112013,50,23,0.7,"[3161.702893708846, 26.272115468978882]"
F112013,50,23,0.8,"[3161.702893708846, 30.008729457855225]"
F112013,50,23,0.9,"[3161.702893708846, 33.76061272621155]"
F112013,50,23,1.0,"[3161.702893708846, 37.51754379272461]"
F112013,50,24,0.01,"[2954.7997121425556, 0.38550567626953125]"
F112013,50,24,0.1,"[2954.798998290944, 3.815540313720703]"
F112013,50,24,0.2,"[2954.798998290944, 7.621485233306885]"
F112013,50,24,0.3,"[2954.798998290944, 11.418161153793335]"
F112013,50,24,0.4,"[2954.798998290944, 15.210979700088501]"
F112013,50,24,0.5,"[2954.798998290944, 19.000224828720093]"
F112013,50,24,0.6,"[2954.798998290944, 22.80028486251831]"
F112013,50,24,0.7,"[2954.798998290944, 26.602538585662842]"
F112013,50,24,0.8,"[2954.798998290944, 30.39657735824585]"
F112013,50,24,0.9,"[2954.798998290944, 34.19205021858215]"
F112013,50,24,1.0,"[2954.798998290944, 37.9933545589447]"
F112013,50,25,0.01,"[3127.352561765375, 0.38586854934692383]"
F112013,50,25,0.1,"[3126.918068659152, 3.7896430492401123]"
F112013,50,25,0.2,"[3126.918068659152, 7.566235303878784]"
F112013,50,25,0.3,"[3126.918068659152, 11.342399835586548]"
F112013,50,25,0.4,"[3126.918068659152, 15.123454809188843]"
F112013,50,25,0.5,"[3126.918068659152, 18.88943076133728]"
F112013,50,25,0.6,"[3126.918068659152, 22.673600435256958]"
F112013,50,25,0.7,"[3126.918068659152, 26.454411268234253]"
F112013,50,25,0.8,"[3126.918068659152, 30.236332416534424]"
F112013,50,25,0.9,"[3126.918068659152, 34.017040729522705]"
F112013,50,25,1.0,"[3126.918068659152, 37.804662227630615]"
F112013,50,26,0.01,"[5002.666349699519, 0.4471414089202881]"
F112013,50,26,0.1,"[4207.281381392558, 4.3530051708221436]"
F112013,50,26,0.2,"[4207.281381392558, 8.685927391052246]"
F112013,50,26,0.3,"[4207.281381392558, 13.019480466842651]"
F112013,50,26,0.4,"[4207.281381392558, 17.182310581207275]"
F112013,50,26,0.5,"[4207.281381392558, 20.947699069976807]"
F112013,50,26,0.6,"[4207.281381392558, 24.718142986297607]"
F112013,50,26,0.7,"[4207.281381392558, 28.481255769729614]"
F112013,50,26,0.8,"[4207.281381392558, 32.26588273048401]"
F112013,50,26,0.9,"[4207.281381392558, 36.04944562911987]"
F112013,50,26,1.0,"[4207.281381392558, 39.833292722702026]"
F112013,50,27,0.01,"[3944.7895954098262, 0.3818683624267578]"
F112013,50,27,0.1,"[3867.889022536817, 3.7632951736450195]"
F112013,50,27,0.2,"[3867.889022536817, 7.51522159576416]"
F112013,50,27,0.3,"[3867.889022536817, 11.271068096160889]"
F112013,50,27,0.4,"[3867.889022536817, 15.043798446655273]"
F112013,50,27,0.5,"[3867.889022536817, 18.788917303085327]"
F112013,50,27,0.6,"[3867.889022536817, 22.550703287124634]"
F112013,50,27,0.7,"[3867.889022536817, 26.31627631187439]"
F112013,50,27,0.8,"[3867.889022536817, 30.077646255493164]"
F112013,50,27,0.9,"[3867.889022536817, 33.84247946739197]"
F112013,50,27,1.0,"[3867.889022536817, 37.616634368896484]"
F112013,50,28,0.01,"[3093.0772946678326, 0.3859293460845947]"
F112013,50,28,0.1,"[3093.0772943658167, 3.811675548553467]"
F112013,50,28,0.2,"[3093.0772943658167, 7.615401744842529]"
F112013,50,28,0.3,"[3093.0772943658167, 11.42293930053711]"
F112013,50,28,0.4,"[3093.0772943658167, 15.237384557723999]"
F112013,50,28,0.5,"[3093.0772943658167, 19.058433055877686]"
F112013,50,28,0.6,"[3093.0772943658167, 22.85594081878662]"
F112013,50,28,0.7,"[3093.0772943658167, 26.646570205688477]"
F112013,50,28,0.8,"[3093.0772943658167, 30.427612781524658]"
F112013,50,28,0.9,"[3093.0772943658167, 34.21591877937317]"
F112013,50,28,1.0,"[3093.0772943658167, 38.00711989402771]"
F112013,50,29,0.01,"[4277.614446381097, 0.38497138023376465]"
F112013,50,29,0.1,"[4202.010083387668, 3.7891592979431152]"
F112013,50,29,0.2,"[4202.010083387668, 7.562516212463379]"
F112013,50,29,0.3,"[4202.010083387668, 11.31473183631897]"
F112013,50,29,0.4,"[4202.010083387668, 15.09140396118164]"
F112013,50,29,0.5,"[4202.010083387668, 18.83919095993042]"
F112013,50,29,0.6,"[4202.010083387668, 22.611696243286133]"
F112013,50,29,0.7,"[4202.010083387668, 26.36523699760437]"
F112013,50,29,0.8,"[4202.010083387668, 30.122711658477783]"
F112013,50,29,0.9,"[4202.010083387668, 33.8844428062439]"
F112013,50,29,1.0,"[4202.010083387668, 37.65226173400879]"
F112013,50,30,0.01,"[2643.048383958064, 0.38590502738952637]"
F112013,50,30,0.1,"[2643.048383708174, 3.770221710205078]"
F112013,50,30,0.2,"[2643.048383708174, 7.527388572692871]"
F112013,50,30,0.3,"[2643.048383708174, 11.301771402359009]"
F112013,50,30,0.4,"[2643.048383708174, 15.110956192016602]"
F112013,50,30,0.5,"[2643.048383708174, 18.88572597503662]"
F112013,50,30,0.6,"[2643.048383708174, 22.650155782699585]"
F112013,50,30,0.7,"[2643.048383708174, 26.433761596679688]"
F112013,50,30,0.8,"[2643.048383708174, 30.211125373840332]"
F112013,50,30,0.9,"[2643.048383708174, 33.999029874801636]"
F112013,50,30,1.0,"[2643.048383708174, 37.79471683502197]"
F112013,50,31,0.01,"[2446.4477391413548, 0.3827707767486572]"
F112013,50,31,0.1,"[2446.4293124372775, 3.7802822589874268]"
F112013,50,31,0.2,"[2446.4293124372775, 7.5461039543151855]"
F112013,50,31,0.3,"[2446.4293124372775, 11.305986642837524]"
F112013,50,31,0.4,"[2446.4293124372775, 15.064157009124756]"
F112013,50,31,0.5,"[2446.4293124372775, 18.8101646900177]"
F112013,50,31,0.6,"[2446.4293124372775, 22.557965755462646]"
F112013,50,31,0.7,"[2446.4293124372775, 26.310802936553955]"
F112013,50,31,0.8,"[2446.4293124372775, 30.072741746902466]"
F112013,50,31,0.9,"[2446.4293124372775, 33.83927059173584]"
F112013,50,31,1.0,"[2446.4293124372775, 37.599112033843994]"
F112013,50,32,0.01,"[3595.436581693454, 0.38515281677246094]"
F112013,50,32,0.1,"[3595.436581449427, 3.7770559787750244]"
F112013,50,32,0.2,"[3595.436581449427, 7.535539150238037]"
F112013,50,32,0.3,"[3595.436581449427, 11.299452781677246]"
F112013,50,32,0.4,"[3595.436581449427, 15.07853651046753]"
F112013,50,32,0.5,"[3595.436581449427, 18.83929181098938]"
F112013,50,32,0.6,"[3595.436581449427, 22.60675859451294]"
F112013,50,32,0.7,"[3595.436581449427, 26.379906177520752]"
F112013,50,32,0.8,"[3595.436581449427, 30.155832767486572]"
F112013,50,32,0.9,"[3595.436581449427, 33.93616604804993]"
F112013,50,32,1.0,"[3595.436581449427, 37.709676027297974]"
F112013,50,33,0.01,"[4586.633108188182, 0.38433122634887695]"
F112013,50,33,0.1,"[3949.5620510120852, 3.7893526554107666]"
F112013,50,33,0.2,"[3949.5620510120852, 7.577309608459473]"
F112013,50,33,0.3,"[3949.5620510120852, 11.36006212234497]"
F112013,50,33,0.4,"[3949.5620510120852, 15.155359983444214]"
F112013,50,33,0.5,"[3949.5620510120852, 18.94745707511902]"
F112013,50,33,0.6,"[3949.5620510120852, 22.741008758544922]"
F112013,50,33,0.7,"[3949.5620510120852, 26.52204704284668]"
F112013,50,33,0.8,"[3949.5620510120852, 30.324345350265503]"
F112013,50,33,0.9,"[3949.5620510120852, 34.12438631057739]"
F112013,50,33,1.0,"[3949.5620510120852, 37.92798399925232]"
F112013,50,34,0.01,"[4240.187140213979, 0.3825857639312744]"
F112013,50,34,0.1,"[3931.698507060874, 3.78885817527771]"
F112013,50,34,0.2,"[3931.698507060874, 7.5758466720581055]"
F112013,50,34,0.3,"[3931.698507060874, 11.359360933303833]"
F112013,50,34,0.4,"[3931.698507060874, 15.131120443344116]"
F112013,50,34,0.5,"[3931.698507060874, 18.899608373641968]"
F112013,50,34,0.6,"[3931.698507060874, 22.693076610565186]"
F112013,50,34,0.7,"[3931.698507060874, 26.476186275482178]"
F112013,50,34,0.8,"[3931.698507060874, 30.26632332801819]"
F112013,50,34,0.9,"[3931.698507060874, 34.05252003669739]"
F112013,50,34,1.0,"[3931.698507060874, 37.83196187019348]"
F112013,50,35,0.01,"[3335.900085156928, 0.3845212459564209]"
F112013,50,35,0.1,"[3168.689742346132, 3.79888653755188]"
F112013,50,35,0.2,"[3168.689742346132, 7.588372707366943]"
F112013,50,35,0.3,"[3168.689742346132, 11.3736891746521]"
F112013,50,35,0.4,"[3168.689742346132, 15.17223596572876]"
F112013,50,35,0.5,"[3168.689742346132, 18.94665026664734]"
F112013,50,35,0.6,"[3168.689742346132, 22.732688665390015]"
F112013,50,35,0.7,"[3168.689742346132, 26.52556347846985]"
F112013,50,35,0.8,"[3168.689742346132, 30.32218074798584]"
F112013,50,35,0.9,"[3168.689742346132, 34.112605571746826]"
F112013,50,35,1.0,"[3168.689742346132, 37.89435601234436]"
F112013,50,36,0.01,"[3618.177585831418, 0.38346266746520996]"
F112013,50,36,0.1,"[3618.177585602361, 3.8020339012145996]"
F112013,50,36,0.2,"[3618.177585602361, 7.5868144035339355]"
F112013,50,36,0.3,"[3618.177585602361, 11.354115009307861]"
F112013,50,36,0.4,"[3618.177585602361, 15.13167405128479]"
F112013,50,36,0.5,"[3618.177585602361, 18.9079008102417]"
F112013,50,36,0.6,"[3618.177585602361, 22.692693948745728]"
F112013,50,36,0.7,"[3618.177585602361, 26.474428176879883]"
F112013,50,36,0.8,"[3618.177585602361, 30.271501779556274]"
F112013,50,36,0.9,"[3618.177585602361, 34.0627977848053]"
F112013,50,36,1.0,"[3618.177585602361, 37.86244511604309]"
F112013,50,37,0.01,"[3885.1143512257477, 0.38480472564697266]"
F112013,50,37,0.1,"[3783.4658647604188, 3.7923424243927]"
F112013,50,37,0.2,"[3783.4658647604188, 7.581456899642944]"
F112013,50,37,0.3,"[3783.4658647604188, 11.368870258331299]"
F112013,50,37,0.4,"[3783.4658647604188, 15.159138917922974]"
F112013,50,37,0.5,"[3783.4658647604188, 18.93177103996277]"
F112013,50,37,0.6,"[3783.4658647604188, 22.7107253074646]"
F112013,50,37,0.7,"[3783.4658647604188, 26.48351764678955]"
F112013,50,37,0.8,"[3783.4658647604188, 30.2658429145813]"
F112013,50,37,0.9,"[3783.4658647604188, 34.041579484939575]"
F112013,50,37,1.0,"[3783.4658647604188, 37.829954385757446]"
F112013,50,38,0.01,"[3598.6191248570653, 0.3855550289154053]"
F112013,50,38,0.1,"[3516.8489222339995, 3.8157474994659424]"
F112013,50,38,0.2,"[3516.8489222339995, 7.627267360687256]"
F112013,50,38,0.3,"[3516.8489222339995, 11.413250923156738]"
F112013,50,38,0.4,"[3516.8489222339995, 15.200222253799438]"
F112013,50,38,0.5,"[3516.8489222339995, 18.98292589187622]"
F112013,50,38,0.6,"[3516.8489222339995, 22.772072315216064]"
F112013,50,38,0.7,"[3516.8489222339995, 26.562132596969604]"
F112013,50,38,0.8,"[3516.8489222339995, 30.34793210029602]"
F112013,50,38,0.9,"[3516.8489222339995, 34.12470746040344]"
F112013,50,38,1.0,"[3516.8489222339995, 37.89702248573303]"
F112013,50,39,0.01,"[3917.656314862621, 0.3854093551635742]"
F112013,50,39,0.1,"[3551.6194492272884, 3.795851945877075]"
F112013,50,39,0.2,"[3551.6194492272884, 7.587831735610962]"
F112013,50,39,0.3,"[3551.6194492272884, 11.366065263748169]"
F112013,50,39,0.4,"[3551.6194492272884, 15.164937496185303]"
F112013,50,39,0.5,"[3551.6194492272884, 18.960339546203613]"
F112013,50,39,0.6,"[3551.6194492272884, 22.75942373275757]"
F112013,50,39,0.7,"[3551.6194492272884, 26.54258942604065]"
F112013,50,39,0.8,"[3551.6194492272884, 30.34681510925293]"
F112013,50,39,0.9,"[3551.6194492272884, 34.147053956985474]"
F112013,50,39,1.0,"[3551.6194492272884, 37.95252990722656]"
F112013,50,40,0.01,"[2536.951285369236, 0.38347816467285156]"
F112013,50,40,0.1,"[2536.9512851695804, 3.7903988361358643]"
F112013,50,40,0.2,"[2536.9512851695804, 7.560613393783569]"
F112013,50,40,0.3,"[2536.9512851695804, 11.32916784286499]"
F112013,50,40,0.4,"[2536.9512851695804, 15.167549133300781]"
F112013,50,40,0.5,"[2536.9512851695804, 18.953651428222656]"
F112013,50,40,0.6,"[2536.9512851695804, 22.721774339675903]"
F112013,50,40,0.7,"[2536.9512851695804, 26.505495309829712]"
F112013,50,40,0.8,"[2536.9512851695804, 30.29402232170105]"
F112013,50,40,0.9,"[2536.9512851695804, 34.069825172424316]"
F112013,50,40,1.0,"[2536.9512851695804, 37.855632305145264]"
F112013,50,41,0.01,"[4536.223053232973, 0.39795517921447754]"
F112013,50,41,0.1,"[4424.115911395579, 3.7379727363586426]"
F112013,50,41,0.2,"[4424.115911395579, 7.447397947311401]"
F112013,50,41,0.3,"[4424.115911395579, 11.165139198303223]"
F112013,50,41,0.4,"[4424.115911395579, 14.895184993743896]"
F112013,50,41,0.5,"[4424.115911395579, 18.611793994903564]"
F112013,50,41,0.6,"[4424.115911395579, 22.298293590545654]"
F112013,50,41,0.7,"[4424.115911395579, 26.000927209854126]"
F112013,50,41,0.8,"[4424.115911395579, 29.707499742507935]"
F112013,50,41,0.9,"[4424.115911395579, 33.4088659286499]"
F112013,50,41,1.0,"[4424.115911395579, 37.1132071018219]"
F112013,50,42,0.01,"[3025.400937013358, 0.3917393684387207]"
F112013,50,42,0.1,"[2953.786966463285, 3.7756333351135254]"
F112013,50,42,0.2,"[2953.786966463285, 7.51777720451355]"
F112013,50,42,0.3,"[2953.786966463285, 11.255127668380737]"
F112013,50,42,0.4,"[2953.786966463285, 15.005000114440918]"
F112013,50,42,0.5,"[2953.786966463285, 18.74610185623169]"
F112013,50,42,0.6,"[2953.786966463285, 22.49515199661255]"
F112013,50,42,0.7,"[2953.786966463285, 26.232961416244507]"
F112013,50,42,0.8,"[2953.786966463285, 29.987367391586304]"
F112013,50,42,0.9,"[2953.786966463285, 33.72563552856445]"
F112013,50,42,1.0,"[2953.786966463285, 37.49325704574585]"
F112013,50,43,0.01,"[4156.186710798652, 0.38427162170410156]"
F112013,50,43,0.1,"[3518.857582738047, 3.781953811645508]"
F112013,50,43,0.2,"[3518.857582738047, 7.556966543197632]"
F112013,50,43,0.3,"[3518.857582738047, 11.34444260597229]"
F112013,50,43,0.4,"[3518.857582738047, 15.10768985748291]"
F112013,50,43,0.5,"[3518.857582738047, 18.887017488479614]"
F112013,50,43,0.6,"[3518.857582738047, 22.65929412841797]"
F112013,50,43,0.7,"[3518.857582738047, 26.432810068130493]"
F112013,50,43,0.8,"[3518.857582738047, 30.22363591194153]"
F112013,50,43,0.9,"[3518.857582738047, 33.998305320739746]"
F112013,50,43,1.0,"[3518.857582738047, 37.782675981521606]"
F112013,50,44,0.01,"[4279.839538198592, 0.3845028877258301]"
F112013,50,44,0.1,"[4279.839538034776, 3.803328037261963]"
F112013,50,44,0.2,"[4279.839538034776, 7.591915845870972]"
F112013,50,44,0.3,"[4279.839538034776, 11.373126983642578]"
F112013,50,44,0.4,"[4279.839538034776, 15.172871351242065]"
F112013,50,44,0.5,"[4279.839538034776, 18.959308385849]"
F112013,50,44,0.6,"[4279.839538034776, 22.73568320274353]"
F112013,50,44,0.7,"[4279.839538034776, 26.495020389556885]"
F112013,50,44,0.8,"[4279.839538034776, 30.260274648666382]"
F112013,50,44,0.9,"[4279.839538034776, 34.021055936813354]"
F112013,50,44,1.0,"[4279.839538034776, 37.800639390945435]"
F112013,50,45,0.01,"[3014.4908879390764, 0.38426756858825684]"
F112013,50,45,0.1,"[2847.347453939713, 3.7636873722076416]"
F112013,50,45,0.2,"[2847.347453939713, 7.497690916061401]"
F112013,50,45,0.3,"[2847.347453939713, 11.2421395778656]"
F112013,50,45,0.4,"[2847.347453939713, 14.997772693634033]"
F112013,50,45,0.5,"[2847.347453939713, 18.754839420318604]"
F112013,50,45,0.6,"[2847.347453939713, 22.511707544326782]"
F112013,50,45,0.7,"[2847.347453939713, 26.272202014923096]"
F112013,50,45,0.8,"[2847.347453939713, 30.024983167648315]"
F112013,50,45,0.9,"[2847.347453939713, 33.79940390586853]"
F112013,50,45,1.0,"[2847.347453939713, 37.579458713531494]"
F112013,50,46,0.01,"[2249.453669786443, 0.3805966377258301]"
F112013,50,46,0.1,"[2249.4536695167676, 3.777968168258667]"
F112013,50,46,0.2,"[2249.4536695167676, 7.553208112716675]"
F112013,50,46,0.3,"[2249.4536695167676, 11.327353239059448]"
F112013,50,46,0.4,"[2249.4536695167676, 15.114611148834229]"
F112013,50,46,0.5,"[2249.4536695167676, 18.896733283996582]"
F112013,50,46,0.6,"[2249.4536695167676, 22.684080362319946]"
F112013,50,46,0.7,"[2249.4536695167676, 26.471229553222656]"
F112013,50,46,0.8,"[2249.4536695167676, 30.23534917831421]"
F112013,50,46,0.9,"[2249.4536695167676, 34.02578139305115]"
F112013,50,46,1.0,"[2249.4536695167676, 37.82149147987366]"
F112013,50,47,0.01,"[2593.6130571699246, 0.38599705696105957]"
F112013,50,47,0.1,"[2593.6130568601843, 3.7636728286743164]"
F112013,50,47,0.2,"[2593.6130568601843, 7.530159950256348]"
F112013,50,47,0.3,"[2593.6130568601843, 11.274269819259644]"
F112013,50,47,0.4,"[2593.6130568601843, 15.030632734298706]"
F112013,50,47,0.5,"[2593.6130568601843, 18.783806324005127]"
F112013,50,47,0.6,"[2593.6130568601843, 22.527618885040283]"
F112013,50,47,0.7,"[2593.6130568601843, 26.270864009857178]"
F112013,50,47,0.8,"[2593.6130568601843, 30.030913829803467]"
F112013,50,47,0.9,"[2593.6130568601843, 33.788886070251465]"
F112013,50,47,1.0,"[2593.6130568601843, 37.547030448913574]"
F112013,50,48,0.01,"[2576.7096282150815, 0.3811309337615967]"
F112013,50,48,0.1,"[2576.709627987002, 3.7717416286468506]"
F112013,50,48,0.2,"[2576.709627987002, 7.520758867263794]"
F112013,50,48,0.3,"[2576.709627987002, 11.265215396881104]"
F112013,50,48,0.4,"[2576.709627987002, 15.005535125732422]"
F112013,50,48,0.5,"[2576.709627987002, 18.732257604599]"
F112013,50,48,0.6,"[2576.709627987002, 22.472778797149658]"
F112013,50,48,0.7,"[2576.709627987002, 26.22224450111389]"
F112013,50,48,0.8,"[2576.709627987002, 29.95648169517517]"
F112013,50,48,0.9,"[2576.709627987002, 33.690879344940186]"
F112013,50,48,1.0,"[2576.709627987002, 37.416003704071045]"
F112013,50,49,0.01,"[4485.623835870145, 0.3837890625]"
F112013,50,49,0.1,"[3201.360972949354, 3.7995498180389404]"
F112013,50,49,0.2,"[3201.360972949354, 7.5823187828063965]"
F112013,50,49,0.3,"[3201.360972949354, 11.339828729629517]"
F112013,50,49,0.4,"[3201.360972949354, 15.120193481445312]"
F112013,50,49,0.5,"[3201.360972949354, 18.90901756286621]"
F112013,50,49,0.6,"[3201.360972949354, 22.695897579193115]"
F112013,50,49,0.7,"[3201.360972949354, 26.465156316757202]"
F112013,50,49,0.8,"[3201.360972949354, 30.235774993896484]"
F112013,50,49,0.9,"[3201.360972949354, 34.009482860565186]"
F112013,50,49,1.0,"[3201.360972949354, 37.80125617980957]"
F112013,50,50,0.01,"[3960.290317810875, 0.3785669803619385]"
F112013,50,50,0.1,"[3921.776364443363, 3.7419042587280273]"
F112013,50,50,0.2,"[3921.776364443363, 7.488219738006592]"
F112013,50,50,0.3,"[3921.776364443363, 11.228731870651245]"
F112013,50,50,0.4,"[3921.776364443363, 14.967716693878174]"
F112013,50,50,0.5,"[3921.776364443363, 18.70766544342041]"
F112013,50,50,0.6,"[3921.776364443363, 22.4509060382843]"
F112013,50,50,0.7,"[3921.776364443363, 26.204777479171753]"
F112013,50,50,0.8,"[3921.776364443363, 29.94965672492981]"
F112013,50,50,0.9,"[3921.776364443363, 33.710906744003296]"
F112013,50,50,1.0,"[3921.776364443363, 37.45714783668518]"
