function,dimension,run,checkpoint,error
F112013,10,0,0.01,"[48.831068959466165, 0.6191083174198866]"
F112013,10,0,0.1,"[24.873910844807995, 6.823718613013625]"
F112013,10,0,0.2,"[24.873910844807995, 13.919786075130105]"
F112013,10,0,0.3,"[24.873910844807995, 19.739297311287373]"
F112013,10,0,0.4,"[24.873910844807995, 26.022905418183655]"
F112013,10,0,0.5,"[24.873910844807995, 32.45310498215258]"
F112013,10,0,0.6,"[24.873910844807995, 38.69756130641326]"
F112013,10,0,0.7,"[24.873910844807995, 45.501514801289886]"
F112013,10,0,0.8,"[24.873910844807995, 53.24188727000728]"
F112013,10,0,0.9,"[24.873910844807995, 59.07643892429769]"
F112013,10,0,1.0,"[24.873910844807995, 62.82130318507552]"
F112013,10,1,0.01,"[52.69678307726667, 0.4757957081310451]"
F112013,10,1,0.1,"[13.929411685848834, 6.821713015437126]"
F112013,10,1,0.2,"[13.929411685848834, 15.041852854192257]"
F112013,10,1,0.3,"[13.929411685848834, 21.00820064311847]"
F112013,10,1,0.4,"[13.929411685848834, 26.666521709412336]"
F112013,10,1,0.5,"[13.929411685848834, 34.399364368990064]"
F112013,10,1,0.6,"[13.929411685848834, 40.249616735149175]"
F112013,10,1,0.7,"[13.929411685848834, 46.81993813114241]"
F112013,10,1,0.8,"[13.929411685848834, 51.477461737114936]"
F112013,10,1,0.9,"[13.929411685848834, 56.66849958803505]"
F112013,10,1,1.0,"[13.929411685848834, 62.26378265628591]"
F112013,10,2,0.01,"[52.84541598979155, 0.9290465489029884]"
F112013,10,2,0.1,"[22.884017965154953, 8.29077130695805]"
F112013,10,2,0.2,"[22.884017965154953, 13.797869253903627]"
F112013,10,2,0.3,"[22.884017965154953, 18.953422584105283]"
F112013,10,2,0.4,"[22.884017965154953, 23.94733987096697]"
F112013,10,2,0.5,"[22.884017965154953, 31.269436202012002]"
F112013,10,2,0.6,"[22.884017965154953, 38.33210000069812]"
F112013,10,2,0.7,"[22.884017965154953, 43.63501778896898]"
F112013,10,2,0.8,"[22.884017965154953, 48.47440352709964]"
F112013,10,2,0.9,"[22.884017965154953, 55.17344940407202]"
F112013,10,2,1.0,"[22.884017965154953, 61.810449414886534]"
F112013,10,3,0.01,"[50.28237251858292, 0.6493199621327221]"
F112013,10,3,0.1,"[15.919329800035428, 6.4097273838706315]"
F112013,10,3,0.2,"[15.919329800035428, 14.768491249065846]"
F112013,10,3,0.3,"[15.919329800035428, 20.56671673990786]"
F112013,10,3,0.4,"[15.919329800035428, 25.57204724289477]"
F112013,10,3,0.5,"[15.919329800035428, 32.388200929854065]"
F112013,10,3,0.6,"[15.919329800035428, 38.80712955491617]"
F112013,10,3,0.7,"[15.919329800035428, 46.270768225193024]"
F112013,10,3,0.8,"[15.919329800035428, 53.26941675087437]"
F112013,10,3,0.9,"[15.919329800035428, 58.95591374998912]"
F112013,10,3,1.0,"[15.919329800035428, 62.30098519520834]"
F112013,10,4,0.01,"[50.052658107605964, 0.6297630360350013]"
F112013,10,4,0.1,"[2.9848771712798907, 7.907663454767317]"
F112013,10,4,0.2,"[2.9848771712798907, 15.535503810737282]"
F112013,10,4,0.3,"[2.9848771712798907, 21.5354293868877]"
F112013,10,4,0.4,"[2.9848771712798907, 28.39871040498838]"
F112013,10,4,0.5,"[2.9848771712798907, 34.971104668919]"
F112013,10,4,0.6,"[2.9848771712798907, 41.14765837183222]"
F112013,10,4,0.7,"[2.9848771712798907, 47.75896672718227]"
F112013,10,4,0.8,"[2.9848771712798907, 53.4897811030969]"
F112013,10,4,0.9,"[2.9848771712798907, 59.533671259880066]"
F112013,10,4,1.0,"[2.9848771712798907, 63.16265861177817]"
F112013,10,5,0.01,"[49.38995678400181, 0.5718666068278253]"
F112013,10,5,0.1,"[11.939498609481348, 4.97357605677098]"
F112013,10,5,0.2,"[11.939498609481348, 11.353211264591664]"
F112013,10,5,0.3,"[11.939498609481348, 17.59415805572644]"
F112013,10,5,0.4,"[11.939498609481348, 23.192238595802337]"
F112013,10,5,0.5,"[11.939498609481348, 29.824909270741045]"
F112013,10,5,0.6,"[11.939498609481348, 35.02904468262568]"
F112013,10,5,0.7,"[11.939498609481348, 39.72250504465774]"
F112013,10,5,0.8,"[11.939498609481348, 43.72962668677792]"
F112013,10,5,0.9,"[11.939498609481348, 48.236240952741355]"
F112013,10,5,1.0,"[11.939498609481348, 52.331059597898275]"
F112013,10,6,0.01,"[19.73008189042082, 1.1477992851287127]"
F112013,10,6,0.1,"[16.91426866041428, 6.649288492277265]"
F112013,10,6,0.2,"[16.91426866041428, 12.700779289007187]"
F112013,10,6,0.3,"[16.91426866041428, 18.140734792221338]"
F112013,10,6,0.4,"[16.91426866041428, 24.756642922293395]"
F112013,10,6,0.5,"[16.91426866041428, 32.60931668197736]"
F112013,10,6,0.6,"[16.91426866041428, 40.20157806016505]"
F112013,10,6,0.7,"[16.91426866041428, 47.86643046233803]"
F112013,10,6,0.8,"[16.91426866041428, 53.46455147396773]"
F112013,10,6,0.9,"[16.91426866041428, 57.89594310801476]"
F112013,10,6,1.0,"[16.91426866041428, 62.73436216218397]"
F112013,10,7,0.01,"[32.77944977900029, 0.7092879209667444]"
F112013,10,7,0.1,"[6.964708361833971, 6.266397072002292]"
F112013,10,7,0.2,"[6.964708361833971, 12.858081136830151]"
F112013,10,7,0.3,"[6.964708361833971, 19.189354619011283]"
F112013,10,7,0.4,"[6.964708361833971, 25.869865207001567]"
F112013,10,7,0.5,"[6.964708361833971, 30.211747926659882]"
F112013,10,7,0.6,"[6.964708361833971, 36.57302996190265]"
F112013,10,7,0.7,"[6.964708361833971, 42.855027882847935]"
F112013,10,7,0.8,"[6.964708361833971, 49.652740037068725]"
F112013,10,7,0.9,"[6.964708361833971, 56.69311605580151]"
F112013,10,7,1.0,"[6.964708361833971, 61.938890350051224]"
F112013,10,8,0.01,"[48.30678947844922, 1.0289862691424787]"
F112013,10,8,0.1,"[4.9747952854664845, 7.394615275319666]"
F112013,10,8,0.2,"[4.9747952854664845, 12.959925154224038]"
F112013,10,8,0.3,"[4.9747952854664845, 19.720949839334935]"
F112013,10,8,0.4,"[4.9747952854664845, 23.08987241704017]"
F112013,10,8,0.5,"[4.9747952854664845, 26.999915241263807]"
F112013,10,8,0.6,"[4.9747952854664845, 31.885008295997977]"
F112013,10,8,0.7,"[4.9747952854664845, 37.08093869499862]"
F112013,10,8,0.8,"[4.9747952854664845, 42.3467209469527]"
F112013,10,8,0.9,"[4.9747952854664845, 50.04986582091078]"
F112013,10,8,1.0,"[4.9747952854664845, 56.70077629527077]"
F112013,10,9,0.01,"[34.35422415067188, 0.9127616379410028]"
F112013,10,9,0.1,"[4.9747952854664845, 6.061449518892914]"
F112013,10,9,0.2,"[4.9747952854664845, 12.502124094869941]"
F112013,10,9,0.3,"[4.9747952854664845, 17.909685576800257]"
F112013,10,9,0.4,"[4.9747952854664845, 21.907516996841878]"
F112013,10,9,0.5,"[4.9747952854664845, 26.112104979809374]"
F112013,10,9,0.6,"[4.9747952854664845, 30.178776041138917]"
F112013,10,9,0.7,"[4.9747952854664845, 34.661931053735316]"
F112013,10,9,0.8,"[4.9747952854664845, 41.98991207405925]"
F112013,10,9,0.9,"[4.9747952854664845, 49.28955245483667]"
F112013,10,9,1.0,"[4.9747952854664845, 55.6398584167473]"
F112013,10,10,0.01,"[53.7820125742586, 0.6901123663410544]"
F112013,10,10,0.1,"[8.954626476020564, 6.330926000140607]"
F112013,10,10,0.2,"[8.954626476020564, 13.721571282017976]"
F112013,10,10,0.3,"[8.954626476020564, 20.36560676805675]"
F112013,10,10,0.4,"[8.954626476020564, 25.91153965005651]"
F112013,10,10,0.5,"[8.954626476020564, 32.156706686131656]"
F112013,10,10,0.6,"[8.954626476020564, 37.126092546153814]"
F112013,10,10,0.7,"[8.954626476020564, 45.022899392060935]"
F112013,10,10,0.8,"[8.954626476020564, 50.87231849320233]"
F112013,10,10,0.9,"[8.954626476020564, 57.4496009289287]"
F112013,10,10,1.0,"[8.954626476020564, 62.21331454208121]"
F112013,10,11,0.01,"[56.87702895737232, 1.1759243570268154]"
F112013,10,11,0.1,"[19.899140793875063, 7.2813678490929306]"
F112013,10,11,0.2,"[19.899140793875063, 11.252707679290324]"
F112013,10,11,0.3,"[19.899140793875063, 15.570087526924908]"
F112013,10,11,0.4,"[19.899140793875063, 20.79811236821115]"
F112013,10,11,0.5,"[19.899140793875063, 26.718690688256174]"
F112013,10,11,0.6,"[19.899140793875063, 33.48380033392459]"
F112013,10,11,0.7,"[19.899140793875063, 40.59487872617319]"
F112013,10,11,0.8,"[19.899140793875063, 47.157300224062055]"
F112013,10,11,0.9,"[19.899140793875063, 54.00767565891147]"
F112013,10,11,1.0,"[19.899140793875063, 60.64213752793148]"
F112013,10,12,0.01,"[56.858788186307095, 1.1806480316445231]"
F112013,10,12,0.1,"[13.929396526953497, 6.755484184715897]"
F112013,10,12,0.2,"[13.929396526953497, 12.669917872641236]"
F112013,10,12,0.3,"[13.929396526953497, 18.612430803943425]"
F112013,10,12,0.4,"[13.929396526953497, 24.403644097968936]"
F112013,10,12,0.5,"[13.929396526953497, 30.69948078878224]"
F112013,10,12,0.6,"[13.929396526953497, 37.13189936382696]"
F112013,10,12,0.7,"[13.929396526953497, 43.47682273667306]"
F112013,10,12,0.8,"[13.929396526953497, 49.81690658908337]"
F112013,10,12,0.9,"[13.929396526953497, 56.1082677426748]"
F112013,10,12,1.0,"[13.929396526953497, 61.51757172681391]"
F112013,10,13,0.01,"[13.95644094577699, 0.41892909817397594]"
F112013,10,13,0.1,"[11.939503647300455, 5.661531584337354]"
F112013,10,13,0.2,"[11.939503647300455, 10.916138553060591]"
F112013,10,13,0.3,"[11.939503647300455, 16.56409605918452]"
F112013,10,13,0.4,"[11.939503647300455, 22.475470904260874]"
F112013,10,13,0.5,"[11.939503647300455, 28.53866266598925]"
F112013,10,13,0.6,"[11.939503647300455, 33.981164877302945]"
F112013,10,13,0.7,"[11.939503647300455, 41.44110970199108]"
F112013,10,13,0.8,"[11.939503647300455, 47.423188720364124]"
F112013,10,13,0.9,"[11.939503647300455, 53.78719471395016]"
F112013,10,13,1.0,"[11.939503647300455, 60.44723232695833]"
F112013,10,14,0.01,"[52.41966383864286, 1.1768735297955573]"
F112013,10,14,0.1,"[15.919329800035428, 7.302708322182298]"
F112013,10,14,0.2,"[15.919329800035428, 14.687046974897385]"
F112013,10,14,0.3,"[15.919329800035428, 21.814309522043914]"
F112013,10,14,0.4,"[15.919329800035428, 27.6815242189914]"
F112013,10,14,0.5,"[15.919329800035428, 34.05832666018978]"
F112013,10,14,0.6,"[15.919329800035428, 40.008881979156286]"
F112013,10,14,0.7,"[15.919329800035428, 44.48109103413299]"
F112013,10,14,0.8,"[15.919329800035428, 51.61684277188033]"
F112013,10,14,0.9,"[15.919329800035428, 58.75163388578221]"
F112013,10,14,1.0,"[15.919329800035428, 63.515333434101194]"
F112013,10,15,0.01,"[57.707395920948784, 0.9434472597204149]"
F112013,10,15,0.1,"[6.964708361833971, 6.966948322951794]"
F112013,10,15,0.2,"[6.964708361833971, 9.307219993788749]"
F112013,10,15,0.3,"[6.964708361833971, 11.6272526467219]"
F112013,10,15,0.4,"[6.964708361833971, 13.99747865786776]"
F112013,10,15,0.5,"[6.964708361833971, 19.821093341801316]"
F112013,10,15,0.6,"[6.964708361833971, 26.86449146689847]"
F112013,10,15,0.7,"[6.964708361833971, 33.80595385795459]"
F112013,10,15,0.8,"[6.964708361833971, 40.96868586586788]"
F112013,10,15,0.9,"[6.964708361833971, 47.266645919997245]"
F112013,10,15,1.0,"[6.964708361833971, 53.746067768894136]"
F112013,10,16,0.01,"[41.76491051406924, 0.5675804149359465]"
F112013,10,16,0.1,"[18.90420193349621, 6.911546838004142]"
F112013,10,16,0.2,"[18.90420193349621, 12.568039706908166]"
F112013,10,16,0.3,"[18.90420193349621, 19.46215202100575]"
F112013,10,16,0.4,"[18.90420193349621, 26.001266072969884]"
F112013,10,16,0.5,"[18.90420193349621, 31.92395310662687]"
F112013,10,16,0.6,"[18.90420193349621, 37.68512407084927]"
F112013,10,16,0.7,"[18.90420193349621, 44.14461682969704]"
F112013,10,16,0.8,"[18.90420193349621, 51.903750848956406]"
F112013,10,16,0.9,"[18.90420193349621, 58.331281017977744]"
F112013,10,16,1.0,"[18.90420193349621, 63.16153229074553]"
F112013,10,17,0.01,"[63.23988224013743, 0.394051730632782]"
F112013,10,17,0.1,"[26.86382392117548, 6.5153989610262215]"
F112013,10,17,0.2,"[26.86382392117548, 13.328346299938858]"
F112013,10,17,0.3,"[26.86382392117548, 19.560940744820982]"
F112013,10,17,0.4,"[26.86382392117548, 25.27786821499467]"
F112013,10,17,0.5,"[26.86382392117548, 32.114084182772785]"
F112013,10,17,0.6,"[26.86382392117548, 40.254238575696945]"
F112013,10,17,0.7,"[26.86382392117548, 47.60634867474437]"
F112013,10,17,0.8,"[26.86382392117548, 54.05604841373861]"
F112013,10,17,0.9,"[26.86382392117548, 60.54177541192621]"
F112013,10,17,1.0,"[26.86382392117548, 63.65082044387236]"
F112013,10,18,0.01,"[40.35287357968514, 1.2509020520374179]"
F112013,10,18,0.1,"[9.949585533113861, 7.862410833127797]"
F112013,10,18,0.2,"[9.949585533113861, 15.683695117011666]"
F112013,10,18,0.3,"[9.949585533113861, 22.484251162968576]"
F112013,10,18,0.4,"[9.949585533113861, 28.458454397972673]"
F112013,10,18,0.5,"[9.949585533113861, 34.72148098517209]"
F112013,10,18,0.6,"[9.949585533113861, 40.70706103509292]"
F112013,10,18,0.7,"[9.949585533113861, 47.45480997720733]"
F112013,10,18,0.8,"[9.949585533113861, 53.72504437202588]"
F112013,10,18,0.9,"[9.949585533113861, 60.4581275829114]"
F112013,10,18,1.0,"[9.949585533113861, 63.82103022513911]"
F112013,10,19,0.01,"[24.77230302598798, 0.7939623910933733]"
F112013,10,19,0.1,"[15.919329800035428, 5.4330441150814295]"
F112013,10,19,0.2,"[15.919329800035428, 10.866072385106236]"
F112013,10,19,0.3,"[15.919329800035428, 17.016297149006277]"
F112013,10,19,0.4,"[15.919329800035428, 23.295218276791275]"
F112013,10,19,0.5,"[15.919329800035428, 30.404438252095133]"
F112013,10,19,0.6,"[15.919329800035428, 37.01766315381974]"
F112013,10,19,0.7,"[15.919329800035428, 42.974161435849965]"
F112013,10,19,0.8,"[15.919329800035428, 49.16064037615433]"
F112013,10,19,0.9,"[15.919329800035428, 55.35950427874923]"
F112013,10,19,1.0,"[15.919329800035428, 60.377735855057836]"
F112013,10,20,0.01,"[33.28542912769069, 0.506866232957691]"
F112013,10,20,0.1,"[4.9747952854664845, 4.617219583131373]"
F112013,10,20,0.2,"[4.9747952854664845, 10.600899330805987]"
F112013,10,20,0.3,"[4.9747952854664845, 17.662078408990055]"
F112013,10,20,0.4,"[4.9747952854664845, 24.63713563606143]"
F112013,10,20,0.5,"[4.9747952854664845, 30.643147544004023]"
F112013,10,20,0.6,"[4.9747952854664845, 35.916723545175046]"
F112013,10,20,0.7,"[4.9747952854664845, 43.09458868112415]"
F112013,10,20,0.8,"[4.9747952854664845, 50.2354998299852]"
F112013,10,20,0.9,"[4.9747952854664845, 57.41686344705522]"
F112013,10,20,1.0,"[4.9747952854664845, 62.932801824994385]"
F112013,10,21,0.01,"[44.025410476357195, 0.8069349243305624]"
F112013,10,21,0.1,"[10.94453955238805, 6.538972337264568]"
F112013,10,21,0.2,"[10.94453955238805, 13.692550881300122]"
F112013,10,21,0.3,"[10.94453955238805, 18.442623112350702]"
F112013,10,21,0.4,"[10.94453955238805, 22.474076885264367]"
F112013,10,21,0.5,"[10.94453955238805, 28.039231198374182]"
F112013,10,21,0.6,"[10.94453955238805, 34.83404592704028]"
F112013,10,21,0.7,"[10.94453955238805, 40.18234912538901]"
F112013,10,21,0.8,"[10.94453955238805, 47.37904874421656]"
F112013,10,21,0.9,"[10.94453955238805, 53.75386732723564]"
F112013,10,21,1.0,"[10.94453955238805, 60.1924192821607]"
F112013,10,22,0.01,"[51.44520797214892, 0.9533954421058297]"
F112013,10,22,0.1,"[15.919329800035428, 6.761958927847445]"
F112013,10,22,0.2,"[15.919329800035428, 13.481395265087485]"
F112013,10,22,0.3,"[15.919329800035428, 19.827482061926275]"
F112013,10,22,0.4,"[15.919329800035428, 26.139456638135016]"
F112013,10,22,0.5,"[15.919329800035428, 33.557764693163335]"
F112013,10,22,0.6,"[15.919329800035428, 40.57372498884797]"
F112013,10,22,0.7,"[15.919329800035428, 48.86924397479743]"
F112013,10,22,0.8,"[15.919329800035428, 56.12859570700675]"
F112013,10,22,0.9,"[15.919329800035428, 62.492925446946174]"
F112013,10,22,1.0,"[15.919329800035428, 64.84320691972971]"
F112013,10,23,0.01,"[46.87170068742307, 0.8650840567424893]"
F112013,10,23,0.1,"[11.939498609481348, 5.818493219092488]"
F112013,10,23,0.2,"[11.939498609481348, 11.453444042708725]"
F112013,10,23,0.3,"[11.939498609481348, 17.1890442869626]"
F112013,10,23,0.4,"[11.939498609481348, 23.744858083780855]"
F112013,10,23,0.5,"[11.939498609481348, 31.088574550114572]"
F112013,10,23,0.6,"[11.939498609481348, 37.429316736757755]"
F112013,10,23,0.7,"[11.939498609481348, 39.767396735958755]"
F112013,10,23,0.8,"[11.939498609481348, 42.05663824174553]"
F112013,10,23,0.9,"[11.939498609481348, 44.14321203297004]"
F112013,10,23,1.0,"[11.939498609481348, 47.59201920684427]"
F112013,10,24,0.01,"[42.13047221657382, 0.6410015081055462]"
F112013,10,24,0.1,"[7.959672456746318, 7.040536107961088]"
F112013,10,24,0.2,"[7.959672456746318, 14.272381564136595]"
F112013,10,24,0.3,"[7.959672456746318, 19.965081330854446]"
F112013,10,24,0.4,"[7.959672456746318, 26.16555294301361]"
F112013,10,24,0.5,"[7.959672456746318, 32.63348618801683]"
F112013,10,24,0.6,"[7.959672456746318, 39.326915910001844]"
F112013,10,24,0.7,"[7.959672456746318, 47.09346187720075]"
F112013,10,24,0.8,"[7.959672456746318, 53.24319790909067]"
F112013,10,24,0.9,"[7.959672456746318, 59.600252570118755]"
F112013,10,24,1.0,"[7.959672456746318, 63.258283556904644]"
F112013,10,25,0.01,"[18.35892718711915, 0.7139297472313046]"
F112013,10,25,0.1,"[9.949585533113861, 6.5893541793338954]"
F112013,10,25,0.2,"[9.949585533113861, 14.586417400278151]"
F112013,10,25,0.3,"[9.949585533113861, 20.303776478394866]"
F112013,10,25,0.4,"[9.949585533113861, 25.909347504377365]"
F112013,10,25,0.5,"[9.949585533113861, 31.93529350310564]"
F112013,10,25,0.6,"[9.949585533113861, 37.15707812132314]"
F112013,10,25,0.7,"[9.949585533113861, 44.67370504932478]"
F112013,10,25,0.8,"[9.949585533113861, 51.670139539055526]"
F112013,10,25,0.9,"[9.949585533113861, 57.73994710901752]"
F112013,10,25,1.0,"[9.949585533113861, 62.97625385411084]"
F112013,10,26,0.01,"[51.16328675581997, 1.0057278899475932]"
F112013,10,26,0.1,"[16.914288857128724, 7.756881731096655]"
F112013,10,26,0.2,"[16.914288857128724, 13.923171606380492]"
F112013,10,26,0.3,"[16.914288857128724, 20.461378218140453]"
F112013,10,26,0.4,"[16.914288857128724, 28.21590998908505]"
F112013,10,26,0.5,"[16.914288857128724, 35.26705034496263]"
F112013,10,26,0.6,"[16.914288857128724, 42.157206017989665]"
F112013,10,26,0.7,"[16.914288857128724, 46.49547626497224]"
F112013,10,26,0.8,"[16.914288857128724, 51.860487547237426]"
F112013,10,26,0.9,"[16.914288857128724, 58.2544322530739]"
F112013,10,26,1.0,"[16.914288857128724, 63.381216884125024]"
F112013,10,27,0.01,"[49.49965041235646, 0.9543815590441227]"
F112013,10,27,0.1,"[18.904186774600873, 5.98314615432173]"
F112013,10,27,0.2,"[18.904186774600873, 12.4309669630602]"
F112013,10,27,0.3,"[18.904186774600873, 19.772889360319823]"
F112013,10,27,0.4,"[18.904186774600873, 24.778442898299545]"
F112013,10,27,0.5,"[18.904186774600873, 30.602879104204476]"
F112013,10,27,0.6,"[18.904186774600873, 36.67005981737748]"
F112013,10,27,0.7,"[18.904186774600873, 43.435386379249394]"
F112013,10,27,0.8,"[18.904186774600873, 50.82842493103817]"
F112013,10,27,0.9,"[18.904186774600873, 57.251508315093815]"
F112013,10,27,1.0,"[18.904186774600873, 62.63503411831334]"
F112013,10,28,0.01,"[47.39332575210233, 0.8504789699800313]"
F112013,10,28,0.1,"[9.949580495294754, 6.153687771875411]"
F112013,10,28,0.2,"[9.949580495294754, 11.497153265867382]"
F112013,10,28,0.3,"[9.949580495294754, 18.32340918201953]"
F112013,10,28,0.4,"[9.949580495294754, 23.92616812000051]"
F112013,10,28,0.5,"[9.949580495294754, 29.428384251892567]"
F112013,10,28,0.6,"[9.949580495294754, 37.23561315378174]"
F112013,10,28,0.7,"[9.949580495294754, 44.23797462694347]"
F112013,10,28,0.8,"[9.949580495294754, 49.83053980395198]"
F112013,10,28,0.9,"[9.949580495294754, 55.13601507199928]"
F112013,10,28,1.0,"[9.949580495294754, 58.63807847397402]"
F112013,10,29,0.01,"[46.501524511474656, 1.0025122230872512]"
F112013,10,29,0.1,"[23.878971984429143, 7.25551666226238]"
F112013,10,29,0.2,"[23.878971984429143, 13.171746823005378]"
F112013,10,29,0.3,"[23.878971984429143, 18.990903520956635]"
F112013,10,29,0.4,"[23.878971984429143, 24.86136700725183]"
F112013,10,29,0.5,"[23.878971984429143, 30.735049225389957]"
F112013,10,29,0.6,"[23.878971984429143, 36.91493849735707]"
F112013,10,29,0.7,"[23.878971984429143, 43.18817699840292]"
F112013,10,29,0.8,"[23.878971984429143, 49.4729594909586]"
F112013,10,29,0.9,"[23.878971984429143, 55.76176632940769]"
F112013,10,29,1.0,"[23.878971984429143, 61.74782742327079]"
F112013,10,30,0.01,"[31.071915902118576, 0.6495055500417948]"
F112013,10,30,0.1,"[10.944544590207158, 6.34049558499828]"
F112013,10,30,0.2,"[10.944544590207158, 11.477087330073118]"
F112013,10,30,0.3,"[10.944544590207158, 16.48557524383068]"
F112013,10,30,0.4,"[10.944544590207158, 22.530610261950642]"
F112013,10,30,0.5,"[10.944544590207158, 29.19655213272199]"
F112013,10,30,0.6,"[10.944544590207158, 35.662221706006676]"
F112013,10,30,0.7,"[10.944544590207158, 42.526107273995876]"
F112013,10,30,0.8,"[10.944544590207158, 48.659266776870936]"
F112013,10,30,0.9,"[10.944544590207158, 55.96920023299754]"
F112013,10,30,1.0,"[10.944544590207158, 62.25932269683108]"
F112013,10,31,0.01,"[43.05375214818821, 0.8023766810074449]"
F112013,10,31,0.1,"[19.89908002083473, 5.888207090087235]"
F112013,10,31,0.2,"[19.89908002083473, 11.678327792324126]"
F112013,10,31,0.3,"[19.89908002083473, 16.689942778088152]"
F112013,10,31,0.4,"[19.89908002083473, 22.760854840278625]"
F112013,10,31,0.5,"[19.89908002083473, 29.287108482327312]"
F112013,10,31,0.6,"[19.89908002083473, 36.079835483338684]"
F112013,10,31,0.7,"[19.89908002083473, 40.314489958342165]"
F112013,10,31,0.8,"[19.89908002083473, 46.621852576266974]"
F112013,10,31,0.9,"[19.89908002083473, 53.16784420516342]"
F112013,10,31,1.0,"[19.89908002083473, 58.59150551725179]"
F112013,10,32,0.01,"[21.71913125169158, 0.39405399980023503]"
F112013,10,32,0.1,"[14.92437074294213, 4.166761220898479]"
F112013,10,32,0.2,"[14.92437074294213, 10.485792847815901]"
F112013,10,32,0.3,"[14.92437074294213, 16.604477059096098]"
F112013,10,32,0.4,"[14.92437074294213, 23.057668142952025]"
F112013,10,32,0.5,"[14.92437074294213, 29.56504206499085]"
F112013,10,32,0.6,"[14.92437074294213, 35.52871374320239]"
F112013,10,32,0.7,"[14.92437074294213, 43.29545989818871]"
F112013,10,32,0.8,"[14.92437074294213, 50.73920396016911]"
F112013,10,32,0.9,"[14.92437074294213, 58.34319394407794]"
F112013,10,32,1.0,"[14.92437074294213, 63.01875990815461]"
F112013,10,33,0.01,"[31.540912027783463, 0.6523170443251729]"
F112013,10,33,0.1,"[21.889058908061656, 5.723862890154123]"
F112013,10,33,0.2,"[21.889058908061656, 11.21503113117069]"
F112013,10,33,0.3,"[21.889058908061656, 15.953184961341321]"
F112013,10,33,0.4,"[21.889058908061656, 22.077262454200536]"
F112013,10,33,0.5,"[21.889058908061656, 29.257144373375922]"
F112013,10,33,0.6,"[21.889058908061656, 36.844867387320846]"
F112013,10,33,0.7,"[21.889058908061656, 43.57437746506184]"
F112013,10,33,0.8,"[21.889058908061656, 49.76222364325076]"
F112013,10,33,0.9,"[21.889058908061656, 56.2182763540186]"
F112013,10,33,1.0,"[21.889058908061656, 61.68357042595744]"
F112013,10,34,0.01,"[55.30739152814141, 0.7016256530769169]"
F112013,10,34,0.1,"[14.924375780761238, 6.512683205772191]"
F112013,10,34,0.2,"[14.924375780761238, 12.994335392024368]"
F112013,10,34,0.3,"[14.924375780761238, 19.73207721300423]"
F112013,10,34,0.4,"[14.924375780761238, 25.294039552100003]"
F112013,10,34,0.5,"[14.924375780761238, 31.132956401910633]"
F112013,10,34,0.6,"[14.924375780761238, 36.35274055786431]"
F112013,10,34,0.7,"[14.924375780761238, 42.49670224590227]"
F112013,10,34,0.8,"[14.924375780761238, 49.669619175139815]"
F112013,10,34,0.9,"[14.924375780761238, 55.38658893480897]"
F112013,10,34,1.0,"[14.924375780761238, 60.614823339972645]"
F112013,10,35,0.01,"[17.845982461992662, 0.9944832376204431]"
F112013,10,35,0.1,"[16.914288857128724, 8.4515708736144]"
F112013,10,35,0.2,"[16.914288857128724, 15.315238718874753]"
F112013,10,35,0.3,"[16.914288857128724, 22.042305951938033]"
F112013,10,35,0.4,"[16.914288857128724, 29.10055125877261]"
F112013,10,35,0.5,"[16.914288857128724, 35.551185690797865]"
F112013,10,35,0.6,"[16.914288857128724, 41.376246822066605]"
F112013,10,35,0.7,"[16.914288857128724, 46.83220154186711]"
F112013,10,35,0.8,"[16.914288857128724, 53.139076666906476]"
F112013,10,35,0.9,"[16.914288857128724, 59.06677565770224]"
F112013,10,35,1.0,"[16.914288857128724, 63.689290202688426]"
F112013,10,36,0.01,"[27.165620024393547, 0.6324090519919991]"
F112013,10,36,0.1,"[14.92437074294213, 5.357515597250313]"
F112013,10,36,0.2,"[14.92437074294213, 11.588754557073116]"
F112013,10,36,0.3,"[14.92437074294213, 18.224305909126997]"
F112013,10,36,0.4,"[14.92437074294213, 25.12174407299608]"
F112013,10,36,0.5,"[14.92437074294213, 30.0643056971021]"
F112013,10,36,0.6,"[14.92437074294213, 35.27307040896267]"
F112013,10,36,0.7,"[14.92437074294213, 40.76834419229999]"
F112013,10,36,0.8,"[14.92437074294213, 47.191051891073585]"
F112013,10,36,0.9,"[14.92437074294213, 54.30400811135769]"
F112013,10,36,1.0,"[14.92437074294213, 59.48115794733167]"
F112013,10,37,0.01,"[46.51626408162872, 1.0229676798917353]"
F112013,10,37,0.1,"[12.934457666574644, 6.965072681661695]"
F112013,10,37,0.2,"[12.934457666574644, 15.145076125860214]"
F112013,10,37,0.3,"[12.934457666574644, 20.74799623293802]"
F112013,10,37,0.4,"[12.934457666574644, 26.24163949675858]"
F112013,10,37,0.5,"[12.934457666574644, 32.25850374484435]"
F112013,10,37,0.6,"[12.934457666574644, 36.532516626641154]"
F112013,10,37,0.7,"[12.934457666574644, 42.82474824599922]"
F112013,10,37,0.8,"[12.934457666574644, 48.424096116796136]"
F112013,10,37,0.9,"[12.934457666574644, 55.95398353273049]"
F112013,10,37,1.0,"[12.934457666574644, 62.00326903862879]"
F112013,10,38,0.01,"[56.317169147191976, 0.9953008107841015]"
F112013,10,38,0.1,"[8.954626476020564, 6.997358188033104]"
F112013,10,38,0.2,"[8.954626476020564, 13.194701123982668]"
F112013,10,38,0.3,"[8.954626476020564, 19.122270098887384]"
F112013,10,38,0.4,"[8.954626476020564, 24.967129554133862]"
F112013,10,38,0.5,"[8.954626476020564, 32.04855738021433]"
F112013,10,38,0.6,"[8.954626476020564, 35.421133659780025]"
F112013,10,38,0.7,"[8.954626476020564, 41.476445831824094]"
F112013,10,38,0.8,"[8.954626476020564, 47.93073234800249]"
F112013,10,38,0.9,"[8.954626476020564, 55.09994458919391]"
F112013,10,38,1.0,"[8.954626476020564, 59.827769910916686]"
F112013,10,39,0.01,"[37.40907938544052, 1.0685454960912466]"
F112013,10,39,0.1,"[10.94453955238805, 6.83514545019716]"
F112013,10,39,0.2,"[10.94453955238805, 12.737285697832704]"
F112013,10,39,0.3,"[10.94453955238805, 18.60833129286766]"
F112013,10,39,0.4,"[10.94453955238805, 24.469718751963228]"
F112013,10,39,0.5,"[10.94453955238805, 30.52376318583265]"
F112013,10,39,0.6,"[10.94453955238805, 36.788127752020955]"
F112013,10,39,0.7,"[10.94453955238805, 43.03470158483833]"
F112013,10,39,0.8,"[10.94453955238805, 49.2998659000732]"
F112013,10,39,0.9,"[10.94453955238805, 55.55789215210825]"
F112013,10,39,1.0,"[10.94453955238805, 60.94152449211106]"
F112013,10,40,0.01,"[59.16109667601131, 0.778670406434685]"
F112013,10,40,0.1,"[32.83357322591621, 6.370424243155867]"
F112013,10,40,0.2,"[32.83357322591621, 12.348135067149997]"
F112013,10,40,0.3,"[32.83357322591621, 18.975803532171994]"
F112013,10,40,0.4,"[32.83357322591621, 25.334036108106375]"
F112013,10,40,0.5,"[32.83357322591621, 32.12731389608234]"
F112013,10,40,0.6,"[32.83357322591621, 39.55135043198243]"
F112013,10,40,0.7,"[32.83357322591621, 47.148652957286686]"
F112013,10,40,0.8,"[32.83357322591621, 54.042971787042916]"
F112013,10,40,0.9,"[32.83357322591621, 60.6373871373944]"
F112013,10,40,1.0,"[32.83357322591621, 63.961132558993995]"
F112013,10,41,0.01,"[48.030839188459424, 0.9029126977548003]"
F112013,10,41,0.1,"[24.87393104152244, 6.005012725945562]"
F112013,10,41,0.2,"[24.87393104152244, 11.804371498059481]"
F112013,10,41,0.3,"[24.87393104152244, 17.692676797043532]"
F112013,10,41,0.4,"[24.87393104152244, 23.635833546053618]"
F112013,10,41,0.5,"[24.87393104152244, 29.606640677899122]"
F112013,10,41,0.6,"[24.87393104152244, 35.8766093282029]"
F112013,10,41,0.7,"[24.87393104152244, 42.17155360709876]"
F112013,10,41,0.8,"[24.87393104152244, 48.44390811910853]"
F112013,10,41,0.9,"[24.87393104152244, 54.748715775087476]"
F112013,10,41,1.0,"[24.87393104152244, 60.32552580581978]"
F112013,10,42,0.01,"[35.73896592414496, 1.0573596055619419]"
F112013,10,42,0.1,"[13.92941168584889, 7.054411088582128]"
F112013,10,42,0.2,"[13.92941168584889, 13.048116883728653]"
F112013,10,42,0.3,"[13.92941168584889, 19.0683150626719]"
F112013,10,42,0.4,"[13.92941168584889, 24.852772898972034]"
F112013,10,42,0.5,"[13.92941168584889, 31.255062827840447]"
F112013,10,42,0.6,"[13.92941168584889, 38.58784648682922]"
F112013,10,42,0.7,"[13.92941168584889, 45.7820419697091]"
F112013,10,42,0.8,"[13.92941168584889, 52.767226298805326]"
F112013,10,42,0.9,"[13.92941168584889, 59.225560342893004]"
F112013,10,42,1.0,"[13.92941168584889, 63.64253370184451]"
F112013,10,43,0.01,"[16.839689285806003, 1.085944273043424]"
F112013,10,43,0.1,"[12.934457666574644, 7.791910188272595]"
F112013,10,43,0.2,"[12.934457666574644, 13.05225428007543]"
F112013,10,43,0.3,"[12.934457666574644, 19.26484209531918]"
F112013,10,43,0.4,"[12.934457666574644, 25.07827504724264]"
F112013,10,43,0.5,"[12.934457666574644, 31.156717352103442]"
F112013,10,43,0.6,"[12.934457666574644, 37.48582498496398]"
F112013,10,43,0.7,"[12.934457666574644, 43.770376577973366]"
F112013,10,43,0.8,"[12.934457666574644, 50.003198341000825]"
F112013,10,43,0.9,"[12.934457666574644, 56.28345046332106]"
F112013,10,43,1.0,"[12.934457666574644, 61.290489522274584]"
F112013,10,44,0.01,"[33.104936015405485, 0.6895314198918641]"
F112013,10,44,0.1,"[8.954626476020564, 6.395341994706541]"
F112013,10,44,0.2,"[8.954626476020564, 13.164427075069398]"
F112013,10,44,0.3,"[8.954626476020564, 20.192317217122763]"
F112013,10,44,0.4,"[8.954626476020564, 26.720302818808705]"
F112013,10,44,0.5,"[8.954626476020564, 32.463767054025084]"
F112013,10,44,0.6,"[8.954626476020564, 36.93706018291414]"
F112013,10,44,0.7,"[8.954626476020564, 43.28725728485733]"
F112013,10,44,0.8,"[8.954626476020564, 49.15131489280611]"
F112013,10,44,0.9,"[8.954626476020564, 56.10851347679272]"
F112013,10,44,1.0,"[8.954626476020564, 62.22117843478918]"
F112013,10,45,0.01,"[22.996964933331412, 1.0894330400042236]"
F112013,10,45,0.1,"[12.934457666574644, 7.406879966147244]"
F112013,10,45,0.2,"[12.934457666574644, 14.972560258116573]"
F112013,10,45,0.3,"[12.934457666574644, 20.68126393808052]"
F112013,10,45,0.4,"[12.934457666574644, 27.170741530135274]"
F112013,10,45,0.5,"[12.934457666574644, 31.928900842089206]"
F112013,10,45,0.6,"[12.934457666574644, 37.47676382912323]"
F112013,10,45,0.7,"[12.934457666574644, 42.76230896497145]"
F112013,10,45,0.8,"[12.934457666574644, 49.61567516531795]"
F112013,10,45,0.9,"[12.934457666574644, 55.18029196001589]"
F112013,10,45,1.0,"[12.934457666574644, 61.581939563155174]"
F112013,10,46,0.01,"[53.08783533064536, 0.5481082662008703]"
F112013,10,46,0.1,"[7.959672456746318, 6.535357268992811]"
F112013,10,46,0.2,"[7.959672456746318, 13.763350605033338]"
F112013,10,46,0.3,"[7.959672456746318, 18.79821807704866]"
F112013,10,46,0.4,"[7.959672456746318, 24.72449683304876]"
F112013,10,46,0.5,"[7.959672456746318, 29.082678302191198]"
F112013,10,46,0.6,"[7.959672456746318, 32.76512139104307]"
F112013,10,46,0.7,"[7.959672456746318, 39.58828015020117]"
F112013,10,46,0.8,"[7.959672456746318, 47.1853244532831]"
F112013,10,46,0.9,"[7.959672456746318, 52.614625798072666]"
F112013,10,46,1.0,"[7.959672456746318, 58.766977773047984]"
F112013,10,47,0.01,"[32.32284194347483, 0.6449352819472551]"
F112013,10,47,0.1,"[3.9798362283731876, 6.445802345871925]"
F112013,10,47,0.2,"[3.9798362283731876, 12.03660667873919]"
F112013,10,47,0.3,"[3.9798362283731876, 17.689394757617265]"
F112013,10,47,0.4,"[3.9798362283731876, 23.71280248556286]"
F112013,10,47,0.5,"[3.9798362283731876, 28.132153383921832]"
F112013,10,47,0.6,"[3.9798362283731876, 31.57378410967067]"
F112013,10,47,0.7,"[3.9798362283731876, 37.799376169685274]"
F112013,10,47,0.8,"[3.9798362283731876, 44.201072063762695]"
F112013,10,47,0.9,"[3.9798362283731876, 51.15789238968864]"
F112013,10,47,1.0,"[3.9798362283731876, 56.85302518075332]"
F112013,10,48,0.01,"[20.947454883972057, 0.5928297350183129]"
F112013,10,48,0.1,"[16.91426866041428, 5.8022209806367755]"
F112013,10,48,0.2,"[16.91426866041428, 8.204104508738965]"
F112013,10,48,0.3,"[16.91426866041428, 10.144173110835254]"
F112013,10,48,0.4,"[16.91426866041428, 12.126229691784829]"
F112013,10,48,0.5,"[16.91426866041428, 14.073983595706522]"
F112013,10,48,0.6,"[16.91426866041428, 16.044506827834994]"
F112013,10,48,0.7,"[16.91426866041428, 18.13146889070049]"
F112013,10,48,0.8,"[16.91426866041428, 20.217501046601683]"
F112013,10,48,0.9,"[16.91426866041428, 22.2979386029765]"
F112013,10,48,1.0,"[16.91426866041428, 24.389177274890244]"
F112013,10,49,0.01,"[51.630885912326164, 0.6387649420648813]"
F112013,10,49,0.1,"[14.92437074294213, 5.4232263821177185]"
F112013,10,49,0.2,"[14.92437074294213, 8.462469635996968]"
F112013,10,49,0.3,"[14.92437074294213, 11.289683784823865]"
F112013,10,49,0.4,"[14.92437074294213, 13.198062332812697]"
F112013,10,49,0.5,"[14.92437074294213, 15.105747370049357]"
F112013,10,49,0.6,"[14.92437074294213, 17.011137147899717]"
F112013,10,49,0.7,"[14.92437074294213, 19.022645433899015]"
F112013,10,49,0.8,"[14.92437074294213, 21.08822132088244]"
F112013,10,49,0.9,"[14.92437074294213, 23.15893708402291]"
F112013,10,49,1.0,"[14.92437074294213, 25.232819281052798]"
F112013,10,50,0.01,"[17.879677179945702, 0.6558226239867508]"
F112013,10,50,0.1,"[12.934457666574644, 6.129038188140839]"
F112013,10,50,0.2,"[12.934457666574644, 9.729912476148456]"
F112013,10,50,0.3,"[12.934457666574644, 11.663919459097087]"
F112013,10,50,0.4,"[12.934457666574644, 13.639820289798081]"
F112013,10,50,0.5,"[12.934457666574644, 15.734887506812811]"
F112013,10,50,0.6,"[12.934457666574644, 17.82399618299678]"
F112013,10,50,0.7,"[12.934457666574644, 19.91280092485249]"
F112013,10,50,0.8,"[12.934457666574644, 22.00407500611618]"
F112013,10,50,0.9,"[12.934457666574644, 24.102894069161266]"
F112013,10,50,1.0,"[12.934457666574644, 26.205236579757184]"
F112013,30,0,0.01,"[40.597301112479386, 3.9025639588944614]"
F112013,30,0,0.1,"[34.8235418091698, 57.435384852811694]"
F112013,30,0,0.2,"[34.8235418091698, 115.44511950667948]"
F112013,30,0,0.3,"[34.8235418091698, 171.51417738664895]"
F112013,30,0,0.4,"[34.8235418091698, 225.71734822401777]"
F112013,30,0,0.5,"[34.8235418091698, 280.73400537809357]"
F112013,30,0,0.6,"[34.8235418091698, 328.265860829968]"
F112013,30,0,0.7,"[34.8235418091698, 379.69114928273484]"
F112013,30,0,0.8,"[34.8235418091698, 434.20696854405105]"
F112013,30,0,0.9,"[34.8235418091698, 487.11894351197407]"
F112013,30,0,1.0,"[34.8235418091698, 510.64028154686093]"
F112013,30,1,0.01,"[88.17538298486153, 2.879736104980111]"
F112013,30,1,0.1,"[83.57631339629955, 47.745912733022124]"
F112013,30,1,0.2,"[83.57631339629955, 101.15448159724474]"
F112013,30,1,0.3,"[83.57631339629955, 150.90334723331034]"
F112013,30,1,0.4,"[83.57631339629955, 200.5280367792584]"
F112013,30,1,0.5,"[83.57631339629955, 252.6720648841001]"
F112013,30,1,0.6,"[83.57631339629955, 304.54118559416384]"
F112013,30,1,0.7,"[83.57631339629955, 360.47937371535227]"
F112013,30,1,0.8,"[83.57631339629955, 415.9537827600725]"
F112013,30,1,0.9,"[83.57631339629955, 468.5853668083437]"
F112013,30,1,1.0,"[83.57631339629955, 507.06758535606787]"
F112013,30,2,0.01,"[194.11080917547358, 3.826819903217256]"
F112013,30,2,0.1,"[49.74789235539754, 45.19648525491357]"
F112013,30,2,0.2,"[49.74789235539754, 99.35358754219487]"
F112013,30,2,0.3,"[49.74789235539754, 153.5622930759564]"
F112013,30,2,0.4,"[49.74789235539754, 206.06314034294337]"
F112013,30,2,0.5,"[49.74789235539754, 258.5667226011865]"
F112013,30,2,0.6,"[49.74789235539754, 310.7059636712074]"
F112013,30,2,0.7,"[49.74789235539754, 358.4058180861175]"
F112013,30,2,0.8,"[49.74789235539754, 409.5644088941626]"
F112013,30,2,0.9,"[49.74789235539754, 461.52415184816346]"
F112013,30,2,1.0,"[49.74789235539754, 504.1412999839522]"
F112013,30,3,0.01,"[178.05135915911637, 8.266482323873788]"
F112013,30,3,0.1,"[50.74284133685268, 50.95695639913902]"
F112013,30,3,0.2,"[50.74284133685268, 103.45359256025404]"
F112013,30,3,0.3,"[50.74284133685268, 150.60593899013475]"
F112013,30,3,0.4,"[50.74284133685268, 203.5588556448929]"
F112013,30,3,0.5,"[50.74284133685268, 257.4342682491988]"
F112013,30,3,0.6,"[50.74284133685268, 308.3277934300713]"
F112013,30,3,0.7,"[50.74284133685268, 361.21242871508]"
F112013,30,3,0.8,"[50.74284133685268, 414.65748667996377]"
F112013,30,3,0.9,"[50.74284133685268, 467.33785515790805]"
F112013,30,3,1.0,"[50.74284133685268, 505.2555798329413]"
F112013,30,4,0.01,"[93.13483135589331, 2.16602554731071]"
F112013,30,4,0.1,"[44.773102107750105, 36.46923114405945]"
F112013,30,4,0.2,"[44.773102107750105, 87.55037866020575]"
F112013,30,4,0.3,"[44.773102107750105, 139.83384460629895]"
F112013,30,4,0.4,"[44.773102107750105, 187.5226681623608]"
F112013,30,4,0.5,"[44.773102107750105, 243.08880281914026]"
F112013,30,4,0.6,"[44.773102107750105, 291.69267338328063]"
F112013,30,4,0.7,"[44.773102107750105, 344.8807600243017]"
F112013,30,4,0.8,"[44.773102107750105, 396.8093412304297]"
F112013,30,4,0.9,"[44.773102107750105, 448.8206794024445]"
F112013,30,4,1.0,"[44.773102107750105, 499.824988973327]"
F112013,30,5,0.01,"[82.33293278852335, 2.3953074333257973]"
F112013,30,5,0.1,"[45.768046005948065, 45.29537336435169]"
F112013,30,5,0.2,"[45.768046005948065, 98.0021460573189]"
F112013,30,5,0.3,"[45.768046005948065, 141.94716005725786]"
F112013,30,5,0.4,"[45.768046005948065, 193.49028619704768]"
F112013,30,5,0.5,"[45.768046005948065, 245.84429946402088]"
F112013,30,5,0.6,"[45.768046005948065, 298.13002830930054]"
F112013,30,5,0.7,"[45.768046005948065, 345.73088293522596]"
F112013,30,5,0.8,"[45.768046005948065, 396.1948777763173]"
F112013,30,5,0.9,"[45.768046005948065, 447.20307178003713]"
F112013,30,5,1.0,"[45.768046005948065, 496.2934102951549]"
F112013,30,6,0.01,"[83.22635943098271, 4.50110800890252]"
F112013,30,6,0.1,"[46.762994987403204, 47.53930566413328]"
F112013,30,6,0.2,"[46.762994987403204, 98.69064110890031]"
F112013,30,6,0.3,"[46.762994987403204, 144.33645490091294]"
F112013,30,6,0.4,"[46.762994987403204, 195.54767654510215]"
F112013,30,6,0.5,"[46.762994987403204, 247.5430043102242]"
F112013,30,6,0.6,"[46.762994987403204, 291.9485807470046]"
F112013,30,6,0.7,"[46.762994987403204, 341.87724666809663]"
F112013,30,6,0.8,"[46.762994987403204, 395.7305103172548]"
F112013,30,6,0.9,"[46.762994987403204, 445.7685128431767]"
F112013,30,6,1.0,"[46.762994987403204, 494.0582758099772]"
F112013,30,7,0.01,"[222.0627454655772, 4.566469657700509]"
F112013,30,7,0.1,"[62.68231974961952, 50.166956298053265]"
F112013,30,7,0.2,"[62.68231974961952, 103.40266909589991]"
F112013,30,7,0.3,"[62.68231974961952, 155.20166042493656]"
F112013,30,7,0.4,"[62.68231974961952, 206.30529175279662]"
F112013,30,7,0.5,"[62.68231974961952, 259.4399529090151]"
F112013,30,7,0.6,"[62.68231974961952, 312.64341293275356]"
F112013,30,7,0.7,"[62.68231974961952, 368.28872986277565]"
F112013,30,7,0.8,"[62.68231974961952, 421.9887969940901]"
F112013,30,7,0.9,"[62.68231974961952, 474.4152625920251]"
F112013,30,7,1.0,"[62.68231974961952, 510.2330991877243]"
F112013,30,8,0.01,"[52.79910856225507, 3.0178807750344276]"
F112013,30,8,0.1,"[38.80337299972393, 32.69315467076376]"
F112013,30,8,0.2,"[38.80337299972393, 83.81442718580365]"
F112013,30,8,0.3,"[38.80337299972393, 132.30135466810316]"
F112013,30,8,0.4,"[38.80337299972393, 185.2298937360756]"
F112013,30,8,0.5,"[38.80337299972393, 237.5676111499779]"
F112013,30,8,0.6,"[38.80337299972393, 289.0022888612002]"
F112013,30,8,0.7,"[38.80337299972393, 334.42167821293697]"
F112013,30,8,0.8,"[38.80337299972393, 382.16661237413064]"
F112013,30,8,0.9,"[38.80337299972393, 431.78159810975194]"
F112013,30,8,1.0,"[38.80337299972393, 484.09872579202056]"
F112013,30,9,0.01,"[93.76777099421525, 3.3479710519313812]"
F112013,30,9,0.1,"[42.78319915245896, 44.488779064267874]"
F112013,30,9,0.2,"[42.78319915245896, 97.09284449322149]"
F112013,30,9,0.3,"[42.78319915245896, 135.76228696107864]"
F112013,30,9,0.4,"[42.78319915245896, 181.4334614253603]"
F112013,30,9,0.5,"[42.78319915245896, 233.51990367705002]"
F112013,30,9,0.6,"[42.78319915245896, 287.0599101781845]"
F112013,30,9,0.7,"[42.78319915245896, 338.24216658296064]"
F112013,30,9,0.8,"[42.78319915245896, 389.02364595234394]"
F112013,30,9,0.9,"[42.78319915245896, 438.1917182933539]"
F112013,30,9,1.0,"[42.78319915245896, 489.2177204173058]"
F112013,30,10,0.01,"[58.51097865478175, 3.763495828025043]"
F112013,30,10,0.1,"[53.72769831141807, 44.47790894564241]"
F112013,30,10,0.2,"[53.72769831141807, 96.23490971559659]"
F112013,30,10,0.3,"[53.72769831141807, 148.1876649777405]"
F112013,30,10,0.4,"[53.72769831141807, 201.20294027682394]"
F112013,30,10,0.5,"[53.72769831141807, 253.03612734377384]"
F112013,30,10,0.6,"[53.72769831141807, 302.9869506666437]"
F112013,30,10,0.7,"[53.72769831141807, 350.37221208401024]"
F112013,30,10,0.8,"[53.72769831141807, 402.7125525409356]"
F112013,30,10,0.9,"[53.72769831141807, 454.1470554517582]"
F112013,30,10,1.0,"[53.72769831141807, 498.62006324902177]"
F112013,30,11,0.01,"[105.39680729539191, 3.3919532406143844]"
F112013,30,11,0.1,"[53.72769831141807, 49.23441909067333]"
F112013,30,11,0.2,"[53.72769831141807, 102.84027088573202]"
F112013,30,11,0.3,"[53.72769831141807, 154.42044337373227]"
F112013,30,11,0.4,"[53.72769831141807, 207.76665699481964]"
F112013,30,11,0.5,"[53.72769831141807, 262.2480866028927]"
F112013,30,11,0.6,"[53.72769831141807, 310.01925000175834]"
F112013,30,11,0.7,"[53.72769831141807, 358.67702648602426]"
F112013,30,11,0.8,"[53.72769831141807, 409.10286089172587]"
F112013,30,11,0.9,"[53.72769831141807, 461.50697646290064]"
F112013,30,11,1.0,"[53.72769831141807, 503.8383050169796]"
F112013,30,12,0.01,"[71.7292744702255, 4.717546058818698]"
F112013,30,12,0.1,"[54.72263717179692, 41.532532724086195]"
F112013,30,12,0.2,"[54.72263717179692, 92.03334632515907]"
F112013,30,12,0.3,"[54.72263717179692, 142.89457417605445]"
F112013,30,12,0.4,"[54.72263717179692, 193.302011677064]"
F112013,30,12,0.5,"[54.72263717179692, 244.48189261415973]"
F112013,30,12,0.6,"[54.72263717179692, 290.12466215901077]"
F112013,30,12,0.7,"[54.72263717179692, 332.5284722810611]"
F112013,30,12,0.8,"[54.72263717179692, 381.92820325586945]"
F112013,30,12,0.9,"[54.72263717179692, 434.03013801015913]"
F112013,30,12,1.0,"[54.72263717179692, 487.4546905150637]"
F112013,30,13,0.01,"[143.12351293734253, 4.504557516891509]"
F112013,30,13,0.1,"[41.78822493647027, 49.36128263082355]"
F112013,30,13,0.2,"[41.78822493647027, 100.19023216888309]"
F112013,30,13,0.3,"[41.78822493647027, 148.06466406676918]"
F112013,30,13,0.4,"[41.78822493647027, 196.83859794866294]"
F112013,30,13,0.5,"[41.78822493647027, 253.57959783170372]"
F112013,30,13,0.6,"[41.78822493647027, 304.5140659529716]"
F112013,30,13,0.7,"[41.78822493647027, 356.3371804910712]"
F112013,30,13,0.8,"[41.78822493647027, 408.06140945572406]"
F112013,30,13,0.9,"[41.78822493647027, 459.20793734677136]"
F112013,30,13,1.0,"[41.78822493647027, 505.5988353639841]"
F112013,30,14,0.01,"[146.76590788977109, 5.7748642871156335]"
F112013,30,14,0.1,"[51.73778019723147, 55.99211959121749]"
F112013,30,14,0.2,"[51.73778019723147, 107.39543439634144]"
F112013,30,14,0.3,"[51.73778019723147, 161.83404922205955]"
F112013,30,14,0.4,"[51.73778019723147, 216.0447094333358]"
F112013,30,14,0.5,"[51.73778019723147, 262.9853190812282]"
F112013,30,14,0.6,"[51.73778019723147, 316.3106721271761]"
F112013,30,14,0.7,"[51.73778019723147, 371.37131939735264]"
F112013,30,14,0.8,"[51.73778019723147, 423.67654655501246]"
F112013,30,14,0.9,"[51.73778019723147, 475.3471745783463]"
F112013,30,14,1.0,"[51.73778019723147, 508.20683326991275]"
F112013,30,15,0.01,"[168.02055822186534, 2.676692813169211]"
F112013,30,15,0.1,"[77.60658428827333, 43.416224266868085]"
F112013,30,15,0.2,"[77.60658428827333, 96.89626958407462]"
F112013,30,15,0.3,"[77.60658428827333, 142.64974786015227]"
F112013,30,15,0.4,"[77.60658428827333, 194.51464073499665]"
F112013,30,15,0.5,"[77.60658428827333, 249.77852027630433]"
F112013,30,15,0.6,"[77.60658428827333, 302.2473664912395]"
F112013,30,15,0.7,"[77.60658428827333, 354.573475535959]"
F112013,30,15,0.8,"[77.60658428827333, 404.13524184795097]"
F112013,30,15,0.9,"[77.60658428827333, 456.429594760295]"
F112013,30,15,1.0,"[77.60658428827333, 501.66061621624976]"
F112013,30,16,0.01,"[53.35868672859459, 3.5231923698447645]"
F112013,30,16,0.1,"[44.773102107750105, 44.36195906298235]"
F112013,30,16,0.2,"[44.773102107750105, 92.8452037088573]"
F112013,30,16,0.3,"[44.773102107750105, 143.45624772179872]"
F112013,30,16,0.4,"[44.773102107750105, 194.41970626078546]"
F112013,30,16,0.5,"[44.773102107750105, 247.47799869487062]"
F112013,30,16,0.6,"[44.773102107750105, 299.50432200497016]"
F112013,30,16,0.7,"[44.773102107750105, 346.0623415177688]"
F112013,30,16,0.8,"[44.773102107750105, 396.46289727604017]"
F112013,30,16,0.9,"[44.773102107750105, 449.9382749386132]"
F112013,30,16,1.0,"[44.773102107750105, 499.18825295893475]"
F112013,30,17,0.01,"[107.81790882001951, 8.19677253626287]"
F112013,30,17,0.1,"[78.60141620814125, 55.434234344400465]"
F112013,30,17,0.2,"[78.60141620814125, 109.52743080118671]"
F112013,30,17,0.3,"[78.60141620814125, 164.3253951142542]"
F112013,30,17,0.4,"[78.60141620814125, 218.28411509329453]"
F112013,30,17,0.5,"[78.60141620814125, 269.38920928305015]"
F112013,30,17,0.6,"[78.60141620814125, 322.45766916917637]"
F112013,30,17,0.7,"[78.60141620814125, 370.74735315842554]"
F112013,30,17,0.8,"[78.60141620814125, 420.9548968523741]"
F112013,30,17,0.9,"[78.60141620814125, 473.3332284060307]"
F112013,30,17,1.0,"[78.60141620814125, 507.77384503139183]"
F112013,30,18,0.01,"[210.12350071157414, 5.214511981233954]"
F112013,30,18,0.1,"[67.65702902751207, 54.98552017332986]"
F112013,30,18,0.2,"[67.65702902751207, 94.46432894514874]"
F112013,30,18,0.3,"[67.65702902751207, 147.85294338921085]"
F112013,30,18,0.4,"[67.65702902751207, 200.50131541024894]"
F112013,30,18,0.5,"[67.65702902751207, 251.74224959593266]"
F112013,30,18,0.6,"[67.65702902751207, 298.3075631461106]"
F112013,30,18,0.7,"[67.65702902751207, 349.57463365001604]"
F112013,30,18,0.8,"[67.65702902751207, 401.5726533969864]"
F112013,30,18,0.9,"[67.65702902751207, 452.75926508707926]"
F112013,30,18,1.0,"[67.65702902751207, 497.8058554129675]"
F112013,30,19,0.01,"[171.88559608300102, 3.8171603572554886]"
F112013,30,19,0.1,"[46.76303034301304, 45.21070108516142]"
F112013,30,19,0.2,"[46.76303034301304, 94.81183059606701]"
F112013,30,19,0.3,"[46.76303034301304, 146.02910070028156]"
F112013,30,19,0.4,"[46.76303034301304, 198.1738852430135]"
F112013,30,19,0.5,"[46.76303034301304, 251.59993151808158]"
F112013,30,19,0.6,"[46.76303034301304, 302.24156596697867]"
F112013,30,19,0.7,"[46.76303034301304, 341.5902187800966]"
F112013,30,19,0.8,"[46.76303034301304, 386.3425946542993]"
F112013,30,19,0.9,"[46.76303034301304, 442.4599686791189]"
F112013,30,19,1.0,"[46.76303034301304, 487.3372457162477]"
F112013,30,20,0.01,"[81.03705210779037, 5.55882351892069]"
F112013,30,20,0.1,"[40.79328607609142, 53.02405183715746]"
F112013,30,20,0.2,"[40.79328607609142, 97.55945603828877]"
F112013,30,20,0.3,"[40.79328607609142, 150.81881035584956]"
F112013,30,20,0.4,"[40.79328607609142, 202.50191713590175]"
F112013,30,20,0.5,"[40.79328607609142, 253.78032903699204]"
F112013,30,20,0.6,"[40.79328607609142, 305.17459932528436]"
F112013,30,20,0.7,"[40.79328607609142, 353.5213842750527]"
F112013,30,20,0.8,"[40.79328607609142, 398.6580971670337]"
F112013,30,20,0.9,"[40.79328607609142, 449.7344878432341]"
F112013,30,20,1.0,"[40.79328607609142, 492.0805035568774]"
F112013,30,21,0.01,"[208.10437474972855, 2.2503343536518514]"
F112013,30,21,0.1,"[46.76301518411765, 39.93407171498984]"
F112013,30,21,0.2,"[46.76301518411765, 92.00516147073358]"
F112013,30,21,0.3,"[46.76301518411765, 144.0760375126265]"
F112013,30,21,0.4,"[46.76301518411765, 199.09186912700534]"
F112013,30,21,0.5,"[46.76301518411765, 254.74209625506774]"
F112013,30,21,0.6,"[46.76301518411765, 304.1616241298616]"
F112013,30,21,0.7,"[46.76301518411765, 351.45602200273424]"
F112013,30,21,0.8,"[46.76301518411765, 402.37390216905624]"
F112013,30,21,0.9,"[46.76301518411765, 454.31752055697143]"
F112013,30,21,1.0,"[46.76301518411765, 498.4614416407421]"
F112013,30,22,0.01,"[198.39728892878549, 2.7576071326620877]"
F112013,30,22,0.1,"[42.78318399356351, 46.43678407603875]"
F112013,30,22,0.2,"[42.78318399356351, 98.83049132674932]"
F112013,30,22,0.3,"[42.78318399356351, 148.2619929178618]"
F112013,30,22,0.4,"[42.78318399356351, 201.65241766767576]"
F112013,30,22,0.5,"[42.78318399356351, 255.1593818818219]"
F112013,30,22,0.6,"[42.78318399356351, 307.04643679689616]"
F112013,30,22,0.7,"[42.78318399356351, 360.0493088630028]"
F112013,30,22,0.8,"[42.78318399356351, 410.04592653084546]"
F112013,30,22,0.9,"[42.78318399356351, 463.9958799206652]"
F112013,30,22,1.0,"[42.78318399356351, 505.65935856383294]"
F112013,30,23,0.01,"[208.83963958999962, 5.321597249247134]"
F112013,30,23,0.1,"[48.75290806377069, 49.5318467002362]"
F112013,30,23,0.2,"[48.75290806377069, 100.90019319485873]"
F112013,30,23,0.3,"[48.75290806377069, 153.0975824361667]"
F112013,30,23,0.4,"[48.75290806377069, 203.840873462148]"
F112013,30,23,0.5,"[48.75290806377069, 249.13037868915126]"
F112013,30,23,0.6,"[48.75290806377069, 291.34241459099576]"
F112013,30,23,0.7,"[48.75290806377069, 336.21603788016364]"
F112013,30,23,0.8,"[48.75290806377069, 379.6096395882778]"
F112013,30,23,0.9,"[48.75290806377069, 423.45599929522723]"
F112013,30,23,1.0,"[48.75290806377069, 471.7450183820911]"
F112013,30,24,0.01,"[179.69045650072226, 8.707581826020032]"
F112013,30,24,0.1,"[50.74284637467173, 56.37735959282145]"
F112013,30,24,0.2,"[50.74284637467173, 109.63285152660683]"
F112013,30,24,0.3,"[50.74284637467173, 157.7475455966778]"
F112013,30,24,0.4,"[50.74284637467173, 202.6079594856128]"
F112013,30,24,0.5,"[50.74284637467173, 250.3860288769938]"
F112013,30,24,0.6,"[50.74284637467173, 303.4074314357713]"
F112013,30,24,0.7,"[50.74284637467173, 350.46902981586754]"
F112013,30,24,0.8,"[50.74284637467173, 405.46446335082874]"
F112013,30,24,0.9,"[50.74284637467173, 457.55471946299076]"
F112013,30,24,1.0,"[50.74284637467173, 499.60740169370547]"
F112013,30,25,0.01,"[143.0388146401324, 3.8112191120162606]"
F112013,30,25,0.1,"[75.61667121190578, 44.079182173125446]"
F112013,30,25,0.2,"[75.61667121190578, 94.86934914300218]"
F112013,30,25,0.3,"[75.61667121190578, 142.53441450791433]"
F112013,30,25,0.4,"[75.61667121190578, 193.5373087762855]"
F112013,30,25,0.5,"[75.61667121190578, 245.50454978691414]"
F112013,30,25,0.6,"[75.61667121190578, 297.14726848714054]"
F112013,30,25,0.7,"[75.61667121190578, 349.3222689302638]"
F112013,30,25,0.8,"[75.61667121190578, 397.6784169492312]"
F112013,30,25,0.9,"[75.61667121190578, 449.021401704289]"
F112013,30,25,1.0,"[75.61667121190578, 491.3112567262724]"
F112013,30,26,0.01,"[205.7385221222412, 5.4829565128311515]"
F112013,30,26,0.1,"[25.868920370968397, 51.63832001807168]"
F112013,30,26,0.2,"[25.868920370968397, 100.3090667501092]"
F112013,30,26,0.3,"[25.868920370968397, 152.87791381590068]"
F112013,30,26,0.4,"[25.868920370968397, 204.47808291995898]"
F112013,30,26,0.5,"[25.868920370968397, 252.0706172408536]"
F112013,30,26,0.6,"[25.868920370968397, 303.4785381150432]"
F112013,30,26,0.7,"[25.868920370968397, 353.56197810405865]"
F112013,30,26,0.8,"[25.868920370968397, 406.20466608088464]"
F112013,30,26,0.9,"[25.868920370968397, 447.6833409308456]"
F112013,30,26,1.0,"[25.868920370968397, 488.5691176690161]"
F112013,30,27,0.01,"[110.39454345676563, 5.219207716174424]"
F112013,30,27,0.1,"[54.72267252740676, 52.81488915998489]"
F112013,30,27,0.2,"[54.72267252740676, 106.72555929096416]"
F112013,30,27,0.3,"[54.72267252740676, 160.376632404048]"
F112013,30,27,0.4,"[54.72267252740676, 212.66198912914842]"
F112013,30,27,0.5,"[54.72267252740676, 268.0315239569172]"
F112013,30,27,0.6,"[54.72267252740676, 320.39107214007527]"
F112013,30,27,0.7,"[54.72267252740676, 374.99585048807785]"
F112013,30,27,0.8,"[54.72267252740676, 429.592884242069]"
F112013,30,27,0.9,"[54.72267252740676, 483.83717937907204]"
F112013,30,27,1.0,"[54.72267252740676, 511.1113580740057]"
F112013,30,28,0.01,"[218.05237152033817, 5.261658581905067]"
F112013,30,28,0.1,"[59.69744761615874, 51.81476834602654]"
F112013,30,28,0.2,"[59.69744761615874, 105.4780847877264]"
F112013,30,28,0.3,"[59.69744761615874, 155.07739963382483]"
F112013,30,28,0.4,"[59.69744761615874, 202.5663670487702]"
F112013,30,28,0.5,"[59.69744761615874, 256.7644277829677]"
F112013,30,28,0.6,"[59.69744761615874, 310.1619607899338]"
F112013,30,28,0.7,"[59.69744761615874, 365.0483728456311]"
F112013,30,28,0.8,"[59.69744761615874, 418.95504300668836]"
F112013,30,28,0.9,"[59.69744761615874, 472.2184169110842]"
F112013,30,28,1.0,"[59.69744761615874, 509.5456543066539]"
F112013,30,29,0.01,"[183.58704758905387, 6.272886757273227]"
F112013,30,29,0.1,"[62.68229955290508, 53.048815404996276]"
F112013,30,29,0.2,"[62.68229955290508, 105.32444059709087]"
F112013,30,29,0.3,"[62.68229955290508, 158.9075159020722]"
F112013,30,29,0.4,"[62.68229955290508, 211.1412759819068]"
F112013,30,29,0.5,"[62.68229955290508, 265.9856422711164]"
F112013,30,29,0.6,"[62.68229955290508, 316.33894029119983]"
F112013,30,29,0.7,"[62.68229955290508, 371.3507548039779]"
F112013,30,29,0.8,"[62.68229955290508, 423.9725047121756]"
F112013,30,29,0.9,"[62.68229955290508, 476.7720437948592]"
F112013,30,29,1.0,"[62.68229955290508, 509.4895527632907]"
F112013,30,30,0.01,"[104.91440940778966, 5.384013662114739]"
F112013,30,30,0.1,"[46.7630202219367, 49.90507699176669]"
F112013,30,30,0.2,"[46.7630202219367, 101.5180164068006]"
F112013,30,30,0.3,"[46.7630202219367, 154.16076646372676]"
F112013,30,30,0.4,"[46.7630202219367, 205.25541582377627]"
F112013,30,30,0.5,"[46.7630202219367, 259.4908009348437]"
F112013,30,30,0.6,"[46.7630202219367, 311.2072943588719]"
F112013,30,30,0.7,"[46.7630202219367, 365.75995386904106]"
F112013,30,30,0.8,"[46.7630202219367, 419.4688589409925]"
F112013,30,30,0.9,"[46.7630202219367, 473.19193407474086]"
F112013,30,30,1.0,"[46.7630202219367, 509.18749754177406]"
F112013,30,31,0.01,"[59.57514682366866, 8.422020451631397]"
F112013,30,31,0.1,"[54.72267756522581, 55.76743320794776]"
F112013,30,31,0.2,"[54.72267756522581, 109.44503035256639]"
F112013,30,31,0.3,"[54.72267756522581, 159.37860114965588]"
F112013,30,31,0.4,"[54.72267756522581, 211.6931120348163]"
F112013,30,31,0.5,"[54.72267756522581, 257.85977783380076]"
F112013,30,31,0.6,"[54.72267756522581, 310.6789801027626]"
F112013,30,31,0.7,"[54.72267756522581, 359.52912144362926]"
F112013,30,31,0.8,"[54.72267756522581, 412.1034605936147]"
F112013,30,31,0.9,"[54.72267756522581, 458.76774498587474]"
F112013,30,31,1.0,"[54.72267756522581, 491.19417209690437]"
F112013,30,32,0.01,"[131.47958570043863, 6.521826446056366]"
F112013,30,32,0.1,"[32.83362369498326, 52.46091915015131]"
F112013,30,32,0.2,"[32.83362369498326, 106.93791077611968]"
F112013,30,32,0.3,"[32.83362369498326, 155.53925964282826]"
F112013,30,32,0.4,"[32.83362369498326, 207.57608711486682]"
F112013,30,32,0.5,"[32.83362369498326, 261.1187415458262]"
F112013,30,32,0.6,"[32.83362369498326, 313.2625764030963]"
F112013,30,32,0.7,"[32.83362369498326, 366.7350106658414]"
F112013,30,32,0.8,"[32.83362369498326, 419.78995972918347]"
F112013,30,32,0.9,"[32.83362369498326, 472.7056394428946]"
F112013,30,32,1.0,"[32.83362369498326, 509.34452832024544]"
F112013,30,33,0.01,"[224.3554171561093, 5.148397353012115]"
F112013,30,33,0.1,"[47.757969203391895, 53.0991115081124]"
F112013,30,33,0.2,"[47.757969203391895, 104.90009525511414]"
F112013,30,33,0.3,"[47.757969203391895, 160.80296901101246]"
F112013,30,33,0.4,"[47.757969203391895, 215.5623502288945]"
F112013,30,33,0.5,"[47.757969203391895, 265.3835485470481]"
F112013,30,33,0.6,"[47.757969203391895, 308.91755733825266]"
F112013,30,33,0.7,"[47.757969203391895, 366.40374501189217]"
F112013,30,33,0.8,"[47.757969203391895, 396.2134120538831]"
F112013,30,33,0.9,"[47.757969203391895, 443.4208206599578]"
F112013,30,33,1.0,"[47.757969203391895, 485.61012259311974]"
F112013,30,34,0.01,"[151.42194585796844, 5.097264581825584]"
F112013,30,34,0.1,"[27.858838485154934, 53.906525909900665]"
F112013,30,34,0.2,"[27.858838485154934, 113.61704265512526]"
F112013,30,34,0.3,"[27.858838485154934, 163.08922004885972]"
F112013,30,34,0.4,"[27.858838485154934, 214.50787293212488]"
F112013,30,34,0.5,"[27.858838485154934, 265.53813997097313]"
F112013,30,34,0.6,"[27.858838485154934, 318.7661742102355]"
F112013,30,34,0.7,"[27.858838485154934, 368.3552147978917]"
F112013,30,34,0.8,"[27.858838485154934, 420.05209878413007]"
F112013,30,34,0.9,"[27.858838485154934, 472.8239525128156]"
F112013,30,34,1.0,"[27.858838485154934, 505.0573219819926]"
F112013,30,35,0.01,"[53.82206124496082, 7.830271645914763]"
F112013,30,35,0.1,"[32.8336236949832, 55.6257758801803]"
F112013,30,35,0.2,"[32.8336236949832, 106.11897587124258]"
F112013,30,35,0.3,"[32.8336236949832, 157.70520687801763]"
F112013,30,35,0.4,"[32.8336236949832, 210.9125705063343]"
F112013,30,35,0.5,"[32.8336236949832, 260.842868888285]"
F112013,30,35,0.6,"[32.8336236949832, 312.9968253271654]"
F112013,30,35,0.7,"[32.8336236949832, 363.9893837249838]"
F112013,30,35,0.8,"[32.8336236949832, 409.0975038832985]"
F112013,30,35,0.9,"[32.8336236949832, 458.52864727331325]"
F112013,30,35,1.0,"[32.8336236949832, 496.54612312698737]"
F112013,30,36,0.01,"[127.75972046113691, 8.738942855969071]"
F112013,30,36,0.1,"[52.73274429214388, 54.4558289530687]"
F112013,30,36,0.2,"[52.73274429214388, 106.89335099514574]"
F112013,30,36,0.3,"[52.73274429214388, 158.2944900249131]"
F112013,30,36,0.4,"[52.73274429214388, 209.9215849051252]"
F112013,30,36,0.5,"[52.73274429214388, 263.7700982252136]"
F112013,30,36,0.6,"[52.73274429214388, 317.2659502499737]"
F112013,30,36,0.7,"[52.73274429214388, 372.02261659130454]"
F112013,30,36,0.8,"[52.73274429214388, 425.67114308616146]"
F112013,30,36,0.9,"[52.73274429214388, 479.36244462104514]"
F112013,30,36,1.0,"[52.73274429214388, 510.7584684211761]"
F112013,30,37,0.01,"[90.3855825195717, 6.0753906248137355]"
F112013,30,37,0.1,"[37.80839374591619, 48.728780712001026]"
F112013,30,37,0.2,"[37.80839374591619, 101.20626030210406]"
F112013,30,37,0.3,"[37.80839374591619, 153.85517586302012]"
F112013,30,37,0.4,"[37.80839374591619, 205.9570039510727]"
F112013,30,37,0.5,"[37.80839374591619, 256.99424433894455]"
F112013,30,37,0.6,"[37.80839374591619, 308.8075932841748]"
F112013,30,37,0.7,"[37.80839374591619, 359.83560976106673]"
F112013,30,37,0.8,"[37.80839374591619, 378.7514644819312]"
F112013,30,37,0.9,"[37.80839374591619, 427.19966726284474]"
F112013,30,37,1.0,"[37.80839374591619, 470.4688035338186]"
F112013,30,38,0.01,"[90.90219292755307, 6.420054650865495]"
F112013,30,38,0.1,"[50.742765404916895, 54.2296926737763]"
F112013,30,38,0.2,"[50.742765404916895, 107.34438584605232]"
F112013,30,38,0.3,"[50.742765404916895, 159.41297969268635]"
F112013,30,38,0.4,"[50.742765404916895, 211.29012950975448]"
F112013,30,38,0.5,"[50.742765404916895, 265.53416525479406]"
F112013,30,38,0.6,"[50.742765404916895, 318.7578115207143]"
F112013,30,38,0.7,"[50.742765404916895, 373.9743817439303]"
F112013,30,38,0.8,"[50.742765404916895, 427.7165250736289]"
F112013,30,38,0.9,"[50.742765404916895, 480.97440051985905]"
F112013,30,38,1.0,"[50.742765404916895, 508.722070642747]"
F112013,30,39,0.01,"[122.88998067126283, 5.5731417471542954]"
F112013,30,39,0.1,"[34.8235418091698, 41.99336518207565]"
F112013,30,39,0.2,"[34.8235418091698, 92.64002690510824]"
F112013,30,39,0.3,"[34.8235418091698, 138.74568641697988]"
F112013,30,39,0.4,"[34.8235418091698, 189.34175664000213]"
F112013,30,39,0.5,"[34.8235418091698, 241.94068785617128]"
F112013,30,39,0.6,"[34.8235418091698, 294.8072206713259]"
F112013,30,39,0.7,"[34.8235418091698, 335.01828821888193]"
F112013,30,39,0.8,"[34.8235418091698, 384.7206099643372]"
F112013,30,39,0.9,"[34.8235418091698, 433.40788178890944]"
F112013,30,39,1.0,"[34.8235418091698, 485.05456663807854]"
F112013,30,40,0.01,"[62.50021789424915, 4.843363835942]"
F112013,30,40,0.1,"[52.73254122298272, 42.98160786414519]"
F112013,30,40,0.2,"[52.73254122298272, 94.79806930013001]"
F112013,30,40,0.3,"[52.73254122298272, 138.51999938301742]"
F112013,30,40,0.4,"[52.73254122298272, 188.12426877301186]"
F112013,30,40,0.5,"[52.73254122298272, 239.74547164188698]"
F112013,30,40,0.6,"[52.73254122298272, 291.1388262012042]"
F112013,30,40,0.7,"[52.73254122298272, 333.89535369724035]"
F112013,30,40,0.8,"[52.73254122298272, 385.71506668813527]"
F112013,30,40,0.9,"[52.73254122298272, 440.60580756282434]"
F112013,30,40,1.0,"[52.73254122298272, 490.7896071970463]"
F112013,30,41,0.01,"[83.2372505191313, 4.733439422678202]"
F112013,30,41,0.1,"[50.74283121577639, 50.38953917706385]"
F112013,30,41,0.2,"[50.74283121577639, 102.50872336700559]"
F112013,30,41,0.3,"[50.74283121577639, 154.42702128970996]"
F112013,30,41,0.4,"[50.74283121577639, 205.30566623061895]"
F112013,30,41,0.5,"[50.74283121577639, 258.5494684907608]"
F112013,30,41,0.6,"[50.74283121577639, 312.5968037978746]"
F112013,30,41,0.7,"[50.74283121577639, 364.8913149298169]"
F112013,30,41,0.8,"[50.74283121577639, 419.1313031036407]"
F112013,30,41,0.9,"[50.74283121577639, 474.3296758038923]"
F112013,30,41,1.0,"[50.74283121577639, 509.19428577506915]"
F112013,30,42,0.01,"[194.86578654104775, 6.395912074949592]"
F112013,30,42,0.1,"[57.70754466086754, 51.695345780812204]"
F112013,30,42,0.2,"[57.70754466086754, 104.03633410669863]"
F112013,30,42,0.3,"[57.70754466086754, 155.8098078276962]"
F112013,30,42,0.4,"[57.70754466086754, 205.19831316405907]"
F112013,30,42,0.5,"[57.70754466086754, 257.3101889840327]"
F112013,30,42,0.6,"[57.70754466086754, 309.61726618697867]"
F112013,30,42,0.7,"[57.70754466086754, 363.76287477789447]"
F112013,30,42,0.8,"[57.70754466086754, 417.5585781238042]"
F112013,30,42,0.9,"[57.70754466086754, 470.308484565001]"
F112013,30,42,1.0,"[57.70754466086754, 509.69246605969965]"
F112013,30,43,0.01,"[210.20863801749286, 4.412559229880571]"
F112013,30,43,0.1,"[52.732724095429376, 51.34147868398577]"
F112013,30,43,0.2,"[52.732724095429376, 102.63568784296513]"
F112013,30,43,0.3,"[52.732724095429376, 155.69827141799033]"
F112013,30,43,0.4,"[52.732724095429376, 208.22141459584236]"
F112013,30,43,0.5,"[52.732724095429376, 259.6979718427174]"
F112013,30,43,0.6,"[52.732724095429376, 299.04889030288905]"
F112013,30,43,0.7,"[52.732724095429376, 348.0372069729492]"
F112013,30,43,0.8,"[52.732724095429376, 386.0275599779561]"
F112013,30,43,0.9,"[52.732724095429376, 436.9410500158556]"
F112013,30,43,1.0,"[52.732724095429376, 483.6791940028779]"
F112013,30,44,0.01,"[198.56562691439578, 8.61678892094642]"
F112013,30,44,0.1,"[54.72261175436637, 59.01003735605627]"
F112013,30,44,0.2,"[54.72261175436637, 112.57065696781501]"
F112013,30,44,0.3,"[54.72261175436637, 165.9878532718867]"
F112013,30,44,0.4,"[54.72261175436637, 217.93068828387186]"
F112013,30,44,0.5,"[54.72261175436637, 270.89095589285716]"
F112013,30,44,0.6,"[54.72261175436637, 325.41095131402835]"
F112013,30,44,0.7,"[54.72261175436637, 373.8771311528981]"
F112013,30,44,0.8,"[54.72261175436637, 427.18033836362883]"
F112013,30,44,0.9,"[54.72261175436637, 476.199712659698]"
F112013,30,44,1.0,"[54.72261175436637, 509.7444062298164]"
F112013,30,45,0.01,"[68.73524240260394, 4.4949877029284835]"
F112013,30,45,0.1,"[34.823536771350746, 48.68721906701103]"
F112013,30,45,0.2,"[34.823536771350746, 98.5137111088261]"
F112013,30,45,0.3,"[34.823536771350746, 150.43383320374414]"
F112013,30,45,0.4,"[34.823536771350746, 206.33956860471517]"
F112013,30,45,0.5,"[34.823536771350746, 257.50028665876016]"
F112013,30,45,0.6,"[34.823536771350746, 290.1260658428073]"
F112013,30,45,0.7,"[34.823536771350746, 318.45183175290003]"
F112013,30,45,0.8,"[34.823536771350746, 368.79175626765937]"
F112013,30,45,0.9,"[34.823536771350746, 416.82492103101686]"
F112013,30,45,1.0,"[34.823536771350746, 466.3833995577879]"
F112013,30,46,0.01,"[211.62984700028014, 4.580333519726992]"
F112013,30,46,0.1,"[94.52094000264088, 50.004173944704235]"
F112013,30,46,0.2,"[94.52094000264083, 103.04442703584209]"
F112013,30,46,0.3,"[94.52094000264083, 153.74110150476918]"
F112013,30,46,0.4,"[94.52094000264083, 204.29826123872772]"
F112013,30,46,0.5,"[94.52094000264083, 256.6568852378987]"
F112013,30,46,0.6,"[94.52094000264083, 309.30238677188754]"
F112013,30,46,0.7,"[94.52094000264083, 360.5077833789401]"
F112013,30,46,0.8,"[94.52094000264083, 380.1088584200479]"
F112013,30,46,0.9,"[94.52094000264083, 432.6407708427869]"
F112013,30,46,1.0,"[94.52094000264083, 478.78537613200024]"
F112013,30,47,0.01,"[191.40711111774402, 4.473180004861206]"
F112013,30,47,0.1,"[60.69240163543293, 49.394963935017586]"
F112013,30,47,0.2,"[60.69240163543293, 96.93629996990785]"
F112013,30,47,0.3,"[60.69240163543293, 153.26217223796993]"
F112013,30,47,0.4,"[60.69240163543293, 206.7747877780348]"
F112013,30,47,0.5,"[60.69240163543293, 256.76841344870627]"
F112013,30,47,0.6,"[60.69240163543293, 308.2457845509052]"
F112013,30,47,0.7,"[60.69240163543293, 358.5768215507269]"
F112013,30,47,0.8,"[60.69240163543293, 390.32934965286404]"
F112013,30,47,0.9,"[60.69240163543293, 440.5983644477092]"
F112013,30,47,1.0,"[60.69240163543293, 488.59876376064494]"
F112013,30,48,0.01,"[49.053254413405796, 1.673179057892412]"
F112013,30,48,0.1,"[35.81850086626309, 33.82568019395694]"
F112013,30,48,0.2,"[35.81850086626309, 46.15626337658614]"
F112013,30,48,0.3,"[35.81850086626309, 52.39405863871798]"
F112013,30,48,0.4,"[35.81850086626309, 58.60846422659233]"
F112013,30,48,0.5,"[35.81850086626309, 64.86783677292988]"
F112013,30,48,0.6,"[35.81850086626309, 71.14919671788812]"
F112013,30,48,0.7,"[35.81850086626309, 77.42408672580495]"
F112013,30,48,0.8,"[35.81850086626309, 83.61970628192648]"
F112013,30,48,0.9,"[35.81850086626309, 89.80892591364682]"
F112013,30,48,1.0,"[35.81850086626309, 96.03560901992023]"
F112013,30,49,0.01,"[158.62404004213099, 0.7747755940072238]"
F112013,30,49,0.1,"[38.80336796190488, 29.25902192806825]"
F112013,30,49,0.2,"[38.80336796190488, 39.14472950575873]"
F112013,30,49,0.3,"[38.80336796190488, 45.87105900980532]"
F112013,30,49,0.4,"[38.80336796190488, 52.13837896473706]"
F112013,30,49,0.5,"[38.80336796190488, 58.40151910902932]"
F112013,30,49,0.6,"[38.80336796190488, 64.65969917085022]"
F112013,30,49,0.7,"[38.80336796190488, 70.90818571392447]"
F112013,30,49,0.8,"[38.80336796190488, 77.14187031099573]"
F112013,30,49,0.9,"[38.80336796190488, 83.37498021917418]"
F112013,30,49,1.0,"[38.80336796190488, 89.60362183908]"
F112013,30,50,0.01,"[203.06666845280813, 4.437140877824277]"
F112013,30,50,0.1,"[47.757979279029996, 29.988823403138667]"
F112013,30,50,0.2,"[47.757979279029996, 41.746622365899384]"
F112013,30,50,0.3,"[47.757979279029996, 48.040362007915974]"
F112013,30,50,0.4,"[47.757979279029996, 54.32922480069101]"
F112013,30,50,0.5,"[47.757979279029996, 60.60111029492691]"
F112013,30,50,0.6,"[47.757979279029996, 66.87770036468282]"
F112013,30,50,0.7,"[47.757979279029996, 73.14735590480268]"
F112013,30,50,0.8,"[47.757979279029996, 79.40990103967488]"
F112013,30,50,0.9,"[47.757979279029996, 85.67182666668668]"
F112013,30,50,1.0,"[47.757979279029996, 91.91780543094501]"
F112013,50,0,0.01,"[98.27376027042214, 9.185094724874943]"
F112013,50,0,0.1,"[80.59157270166065, 151.8634141292423]"
F112013,50,0,0.2,"[80.59157270166065, 301.05595738906413]"
F112013,50,0,0.3,"[80.59157270166065, 448.26562333200127]"
F112013,50,0,0.4,"[80.59157270166065, 607.0218140450306]"
F112013,50,0,0.5,"[80.59157270166065, 748.294041744899]"
F112013,50,0,0.6,"[80.59157270166065, 896.2263044789433]"
F112013,50,0,0.7,"[80.59157270166065, 1050.8838206022047]"
F112013,50,0,0.8,"[80.59157270166065, 1209.9531454131939]"
F112013,50,0,0.9,"[80.59157270166065, 1363.3724048961885]"
F112013,50,0,1.0,"[80.59157270166065, 1456.021675834898]"
F112013,50,1,0.01,"[136.6006647510253, 15.416972592007369]"
F112013,50,1,0.1,"[88.55117430972848, 156.1904533118941]"
F112013,50,1,0.2,"[88.55117430972848, 307.42641029972583]"
F112013,50,1,0.3,"[88.55117430972848, 459.04443220887333]"
F112013,50,1,0.4,"[88.55117430972848, 607.2177467397414]"
F112013,50,1,0.5,"[88.55117430972848, 757.3936288789846]"
F112013,50,1,0.6,"[88.55117430972848, 906.8312802007422]"
F112013,50,1,0.7,"[88.55117430972848, 1054.251540270634]"
F112013,50,1,0.8,"[88.55117430972848, 1199.988205502741]"
F112013,50,1,0.9,"[88.55117430972848, 1339.0471647339873]"
F112013,50,1,1.0,"[88.55117430972848, 1449.6338868266903]"
F112013,50,2,0.01,"[137.49865487409267, 16.074357254896313]"
F112013,50,2,0.1,"[112.43011602180502, 150.38059138692915]"
F112013,50,2,0.2,"[112.43011602180502, 297.85253873607144]"
F112013,50,2,0.3,"[112.43011602180502, 444.6400216720067]"
F112013,50,2,0.4,"[112.43011602180502, 591.0571959121153]"
F112013,50,2,0.5,"[112.43011602180502, 736.2504701782018]"
F112013,50,2,0.6,"[112.43011602180502, 881.3754341062158]"
F112013,50,2,0.7,"[112.43011602180502, 1025.0455639678985]"
F112013,50,2,0.8,"[112.43011602180502, 1168.3883381830528]"
F112013,50,2,0.9,"[112.43011602180502, 1310.955136736855]"
F112013,50,2,1.0,"[112.43011602180502, 1443.3704289551824]"
F112013,50,3,0.01,"[268.85574315183226, 14.393217743840069]"
F112013,50,3,0.1,"[109.44529962356546, 142.14519874984398]"
F112013,50,3,0.2,"[109.44529962356546, 285.0625693728216]"
F112013,50,3,0.3,"[109.44529962356546, 431.17440296011046]"
F112013,50,3,0.4,"[109.44529962356546, 576.5255001359619]"
F112013,50,3,0.5,"[109.44529962356546, 719.0294948709197]"
F112013,50,3,0.6,"[109.44529962356546, 863.4736927738413]"
F112013,50,3,0.7,"[109.44529962356546, 1007.9467468019575]"
F112013,50,3,0.8,"[109.44529962356546, 1153.591966085136]"
F112013,50,3,0.9,"[109.44529962356546, 1301.0145845278166]"
F112013,50,3,1.0,"[109.44529962356546, 1429.7853909297846]"
F112013,50,4,0.01,"[244.7064879563404, 15.229209928773344]"
F112013,50,4,0.1,"[157.20306145619963, 145.50224501406774]"
F112013,50,4,0.2,"[157.20306145619963, 294.7234610230662]"
F112013,50,4,0.3,"[157.20306145619963, 440.70151217188686]"
F112013,50,4,0.4,"[157.20306145619963, 592.0962766110897]"
F112013,50,4,0.5,"[157.20306145619963, 739.185969623737]"
F112013,50,4,0.6,"[157.20306145619963, 885.8936007469893]"
F112013,50,4,0.7,"[157.20306145619963, 1031.4672504640184]"
F112013,50,4,0.8,"[157.20306145619963, 1174.4756004940718]"
F112013,50,4,0.9,"[157.20306145619963, 1325.7728927028365]"
F112013,50,4,1.0,"[157.20306145619963, 1450.5157558578067]"
F112013,50,5,0.01,"[132.06940769082507, 10.274735779967159]"
F112013,50,5,0.1,"[128.34931923794056, 139.88622844405472]"
F112013,50,5,0.2,"[128.34931923794056, 294.9878959991038]"
F112013,50,5,0.3,"[128.34931923794056, 445.56616294477135]"
F112013,50,5,0.4,"[128.34931923794056, 588.036394760944]"
F112013,50,5,0.5,"[128.34931923794056, 739.7020932370797]"
F112013,50,5,0.6,"[128.34931923794056, 887.6447431780398]"
F112013,50,5,0.7,"[128.34931923794056, 1043.173262421973]"
F112013,50,5,0.8,"[128.34931923794056, 1186.2129206680693]"
F112013,50,5,0.9,"[128.34931923794056, 1335.5525622870773]"
F112013,50,5,1.0,"[128.34931923794056, 1454.2141274320893]"
F112013,50,6,0.01,"[223.2628168043442, 14.88024073280394]"
F112013,50,6,0.1,"[123.37457964225734, 141.30918874870986]"
F112013,50,6,0.2,"[123.37457964225734, 286.09450540691614]"
F112013,50,6,0.3,"[123.37457964225734, 433.3842595927417]"
F112013,50,6,0.4,"[123.37457964225734, 581.3387440140359]"
F112013,50,6,0.5,"[123.37457964225734, 727.2664690078236]"
F112013,50,6,0.6,"[123.37457964225734, 873.9672228186391]"
F112013,50,6,0.7,"[123.37457964225734, 1018.4861894007772]"
F112013,50,6,0.8,"[123.37457964225734, 1164.240444725845]"
F112013,50,6,0.9,"[123.37457964225734, 1316.1595732360147]"
F112013,50,6,1.0,"[123.37457964225734, 1449.473775418941]"
F112013,50,7,0.01,"[176.4502193209484, 12.681892270222306]"
F112013,50,7,0.1,"[84.5713887333194, 141.53467005118728]"
F112013,50,7,0.2,"[84.5713887333194, 287.9158395337872]"
F112013,50,7,0.3,"[84.5713887333194, 437.94996271515265]"
F112013,50,7,0.4,"[84.5713887333194, 586.851449761074]"
F112013,50,7,0.5,"[84.5713887333194, 739.7388795041479]"
F112013,50,7,0.6,"[84.5713887333194, 879.6141767161898]"
F112013,50,7,0.7,"[84.5713887333194, 1029.6563121839426]"
F112013,50,7,0.8,"[84.5713887333194, 1169.7350647929125]"
F112013,50,7,0.9,"[84.5713887333194, 1319.0763167520054]"
F112013,50,7,1.0,"[84.5713887333194, 1447.8999700830318]"
F112013,50,8,0.01,"[157.23895223136057, 16.129202961921692]"
F112013,50,8,0.1,"[101.48560692466663, 153.49533212697133]"
F112013,50,8,0.2,"[101.48560692466663, 303.3649586089887]"
F112013,50,8,0.3,"[101.48560692466663, 451.7610961049795]"
F112013,50,8,0.4,"[101.48560692466663, 599.5471030068584]"
F112013,50,8,0.5,"[101.48560692466663, 743.3631431320682]"
F112013,50,8,0.6,"[101.48560692466663, 891.3597013987601]"
F112013,50,8,0.7,"[101.48560692466663, 1038.5367963919416]"
F112013,50,8,0.8,"[101.48560692466663, 1183.6266150721349]"
F112013,50,8,0.9,"[101.48560692466663, 1327.9458131808788]"
F112013,50,8,1.0,"[101.48560692466663, 1453.305359838996]"
F112013,50,9,0.01,"[111.23959019009374, 13.104808597825468]"
F112013,50,9,0.1,"[99.49567346868764, 138.28899210784584]"
F112013,50,9,0.2,"[99.49567346868764, 280.8781015709974]"
F112013,50,9,0.3,"[99.49567346868764, 426.5992936999537]"
F112013,50,9,0.4,"[99.49567346868764, 574.7785686440766]"
F112013,50,9,0.5,"[99.49567346868764, 716.419065174181]"
F112013,50,9,0.6,"[99.49567346868764, 855.2264099721797]"
F112013,50,9,0.7,"[99.49567346868764, 1001.9454802181572]"
F112013,50,9,0.8,"[99.49567346868764, 1140.6646862071939]"
F112013,50,9,0.9,"[99.49567346868764, 1256.3630698421039]"
F112013,50,9,1.0,"[99.49567346868764, 1395.198386669159]"
F112013,50,10,0.01,"[104.04541985658227, 12.042287006042898]"
F112013,50,10,0.1,"[96.51086210826725, 132.65245923120528]"
F112013,50,10,0.2,"[96.51086210826725, 283.19248312618583]"
F112013,50,10,0.3,"[96.51086210826725, 429.0892485138029]"
F112013,50,10,0.4,"[96.51086210826725, 571.2980709439144]"
F112013,50,10,0.5,"[96.51086210826725, 715.7722862982191]"
F112013,50,10,0.6,"[96.51086210826725, 862.7284921691753]"
F112013,50,10,0.7,"[96.51086210826725, 1008.5050718779676]"
F112013,50,10,0.8,"[96.51086210826725, 1155.5973959951662]"
F112013,50,10,0.9,"[96.51086210826725, 1301.4866404961795]"
F112013,50,10,1.0,"[96.51086210826725, 1438.9488376490772]"
F112013,50,11,0.01,"[106.46297313084813, 13.381530497223139]"
F112013,50,11,0.1,"[101.48562712138101, 152.46575316414237]"
F112013,50,11,0.2,"[101.48562712138101, 303.4401958109811]"
F112013,50,11,0.3,"[101.48562712138101, 453.805257096421]"
F112013,50,11,0.4,"[101.48562712138101, 603.451809133403]"
F112013,50,11,0.5,"[101.48562712138101, 756.4430187712424]"
F112013,50,11,0.6,"[101.48562712138101, 908.6286210929975]"
F112013,50,11,0.7,"[101.48562712138101, 1056.1318156584166]"
F112013,50,11,0.8,"[101.48562712138101, 1208.1489243661053]"
F112013,50,11,0.9,"[101.48562712138101, 1348.301326944027]"
F112013,50,11,1.0,"[101.48562712138101, 1454.6578772901557]"
F112013,50,12,0.01,"[330.9815554592642, 14.373135953675956]"
F112013,50,12,0.1,"[121.38453942866443, 136.93667507590726]"
F112013,50,12,0.2,"[121.38453942866443, 284.5150970555842]"
F112013,50,12,0.3,"[121.38453942866443, 424.278028042987]"
F112013,50,12,0.4,"[121.38453942866443, 576.5530997486785]"
F112013,50,12,0.5,"[121.38453942866443, 724.3605560800061]"
F112013,50,12,0.6,"[121.38453942866443, 859.7130269119516]"
F112013,50,12,0.7,"[121.38453942866443, 1013.3435356779955]"
F112013,50,12,0.8,"[121.38453942866443, 1162.0733247967437]"
F112013,50,12,0.9,"[121.38453942866443, 1308.374944504816]"
F112013,50,12,1.0,"[121.38453942866443, 1437.5901563768275]"
F112013,50,13,0.01,"[246.17584922704273, 11.401650635059923]"
F112013,50,13,0.1,"[135.3139873892427, 143.9493990703486]"
F112013,50,13,0.2,"[135.3139873892427, 290.5181024931371]"
F112013,50,13,0.3,"[135.3139873892427, 436.00847576837987]"
F112013,50,13,0.4,"[135.3139873892427, 584.8928650249727]"
F112013,50,13,0.5,"[135.3139873892427, 736.8588772639632]"
F112013,50,13,0.6,"[135.3139873892427, 890.1969665973447]"
F112013,50,13,0.7,"[135.3139873892427, 1045.1866292222403]"
F112013,50,13,0.8,"[135.3139873892427, 1196.364492075052]"
F112013,50,13,0.9,"[135.3139873892427, 1346.277045499999]"
F112013,50,13,1.0,"[135.3139873892427, 1455.0480096363463]"
F112013,50,14,0.01,"[133.01089835697007, 14.877339831087738]"
F112013,50,14,0.1,"[106.46036163380711, 142.82819678401574]"
F112013,50,14,0.2,"[106.46036163380711, 284.9516004472971]"
F112013,50,14,0.3,"[106.46036163380711, 426.12857449799776]"
F112013,50,14,0.4,"[106.46036163380711, 570.0684464019723]"
F112013,50,14,0.5,"[106.46036163380711, 715.1242913091555]"
F112013,50,14,0.6,"[106.46036163380711, 859.3324749399908]"
F112013,50,14,0.7,"[106.46036163380711, 1002.2720174309798]"
F112013,50,14,0.8,"[106.46036163380711, 1148.526667762082]"
F112013,50,14,0.9,"[106.46036163380711, 1295.7023380710743]"
F112013,50,14,1.0,"[106.46036163380711, 1436.9101348440163]"
F112013,50,15,0.01,"[122.82351998339698, 12.874485753942281]"
F112013,50,15,0.1,"[102.6802017914664, 128.882145721931]"
F112013,50,15,0.2,"[102.6802017914664, 277.18026337306947]"
F112013,50,15,0.3,"[102.6802017914664, 427.7215323038399]"
F112013,50,15,0.4,"[102.6802017914664, 576.9077888526954]"
F112013,50,15,0.5,"[102.6802017914664, 728.0268595740199]"
F112013,50,15,0.6,"[102.6802017914664, 869.8902039839886]"
F112013,50,15,0.7,"[102.6802017914664, 1030.0302975890227]"
F112013,50,15,0.8,"[102.6802017914664, 1178.4019151250832]"
F112013,50,15,0.9,"[102.6802017914664, 1325.5187261616811]"
F112013,50,15,1.0,"[102.6802017914664, 1449.6702378201298]"
F112013,50,16,0.01,"[114.98912390071422, 12.993388302158564]"
F112013,50,16,0.1,"[92.53104103878945, 143.10792066296563]"
F112013,50,16,0.2,"[92.53104103878945, 291.51659131702036]"
F112013,50,16,0.3,"[92.53104103878945, 439.7603728421964]"
F112013,50,16,0.4,"[92.53104103878945, 587.6504092873074]"
F112013,50,16,0.5,"[92.53104103878945, 738.1039634002373]"
F112013,50,16,0.6,"[92.53104103878945, 883.9627802153118]"
F112013,50,16,0.7,"[92.53104103878945, 1030.1393947401084]"
F112013,50,16,0.8,"[92.53104103878945, 1177.7951769819483]"
F112013,50,16,0.9,"[92.53104103878945, 1332.3732633921318]"
F112013,50,16,1.0,"[92.53104103878945, 1453.5955819701776]"
F112013,50,17,0.01,"[97.15658616475486, 10.679515813942999]"
F112013,50,17,0.1,"[83.57647006965499, 118.69377806177363]"
F112013,50,17,0.2,"[83.57647006965499, 262.32298259809613]"
F112013,50,17,0.3,"[83.57647006965499, 407.4873797209002]"
F112013,50,17,0.4,"[83.57647006965499, 553.459572263062]"
F112013,50,17,0.5,"[83.57647006965499, 692.2299520308152]"
F112013,50,17,0.6,"[83.57647006965499, 825.9100363487378]"
F112013,50,17,0.7,"[83.57647006965499, 978.7572232279927]"
F112013,50,17,0.8,"[83.57647006965499, 1122.9948082729243]"
F112013,50,17,0.9,"[83.57647006965499, 1271.571935730055]"
F112013,50,17,1.0,"[83.57647006965499, 1404.252481256146]"
F112013,50,18,0.01,"[111.74108314481043, 15.68503300473094]"
F112013,50,18,0.1,"[99.49576959733781, 149.52647784072906]"
F112013,50,18,0.2,"[99.49576959733781, 297.9793557757512]"
F112013,50,18,0.3,"[99.49576959733781, 445.0828297329135]"
F112013,50,18,0.4,"[99.49576959733781, 593.6900667147711]"
F112013,50,18,0.5,"[99.49576959733781, 738.7379936240613]"
F112013,50,18,0.6,"[99.49576959733781, 885.7528692949563]"
F112013,50,18,0.7,"[99.49576959733781, 1029.8617719537579]"
F112013,50,18,0.8,"[99.49576959733781, 1177.7397385616787]"
F112013,50,18,0.9,"[99.49576959733781, 1323.2666924116202]"
F112013,50,18,1.0,"[99.49576959733781, 1443.0448841969483]"
F112013,50,19,0.01,"[117.3541966414623, 17.168019765987992]"
F112013,50,19,0.1,"[50.74285645030989, 151.2258879081346]"
F112013,50,19,0.2,"[50.74285645030989, 298.31842560507357]"
F112013,50,19,0.3,"[50.74285645030989, 447.46443975996226]"
F112013,50,19,0.4,"[50.74285645030989, 594.3484649839811]"
F112013,50,19,0.5,"[50.74285645030989, 740.2592223887332]"
F112013,50,19,0.6,"[50.74285645030989, 884.0690642218105]"
F112013,50,19,0.7,"[50.74285645030989, 1031.1324327518232]"
F112013,50,19,0.8,"[50.74285645030989, 1175.1971068410203]"
F112013,50,19,0.9,"[50.74285645030989, 1319.022152314894]"
F112013,50,19,1.0,"[50.74285645030989, 1450.6822527400218]"
F112013,50,20,0.01,"[339.95482375311377, 15.378117085900158]"
F112013,50,20,0.1,"[92.5310460766085, 146.49696692312136]"
F112013,50,20,0.2,"[92.5310460766085, 291.59593241428956]"
F112013,50,20,0.3,"[92.5310460766085, 435.5292166969739]"
F112013,50,20,0.4,"[92.5310460766085, 581.9773525651544]"
F112013,50,20,0.5,"[92.5310460766085, 726.9759008241817]"
F112013,50,20,0.6,"[92.5310460766085, 874.0428484161384]"
F112013,50,20,0.7,"[92.5310460766085, 1018.0692549790256]"
F112013,50,20,0.8,"[92.5310460766085, 1164.2804790339433]"
F112013,50,20,0.9,"[92.5310460766085, 1314.3805626751855]"
F112013,50,20,1.0,"[92.5310460766085, 1445.3503880291246]"
F112013,50,21,0.01,"[365.1868377899895, 15.784040014725178]"
F112013,50,21,0.1,"[109.44514775969401, 153.81137355789542]"
F112013,50,21,0.2,"[109.44514775969401, 302.637517655734]"
F112013,50,21,0.3,"[109.44514775969401, 454.6004024716094]"
F112013,50,21,0.4,"[109.44514775969401, 598.1935718758032]"
F112013,50,21,0.5,"[109.44514775969401, 745.8881468959153]"
F112013,50,21,0.6,"[109.44514775969401, 890.7553835487925]"
F112013,50,21,0.7,"[109.44514775969401, 1035.2710250900127]"
F112013,50,21,0.8,"[109.44514775969401, 1180.666285901796]"
F112013,50,21,0.9,"[109.44514775969401, 1323.2922648959793]"
F112013,50,21,1.0,"[109.44514775969401, 1452.4005548488349]"
F112013,50,22,0.01,"[396.22321910310677, 15.958845989778638]"
F112013,50,22,0.1,"[87.55620009373979, 155.53136487863958]"
F112013,50,22,0.2,"[87.55620009373979, 301.96528534265235]"
F112013,50,22,0.3,"[87.55620009373979, 450.2312066676095]"
F112013,50,22,0.4,"[87.55620009373979, 597.719653967768]"
F112013,50,22,0.5,"[87.55620009373979, 742.9054390559904]"
F112013,50,22,0.6,"[87.55620009373979, 885.6027053087018]"
F112013,50,22,0.7,"[87.55620009373979, 1030.033999598585]"
F112013,50,22,0.8,"[87.55620009373979, 1172.2362008239143]"
F112013,50,22,0.9,"[87.55620009373979, 1313.7941036317497]"
F112013,50,22,1.0,"[87.55620009373979, 1446.3020063280128]"
F112013,50,23,0.01,"[97.97988737113815, 10.992341873236]"
F112013,50,23,0.1,"[97.50583128643677, 129.1605980922468]"
F112013,50,23,0.2,"[97.50583128643677, 280.9418613919988]"
F112013,50,23,0.3,"[97.50583128643677, 438.62277599424124]"
F112013,50,23,0.4,"[97.50583128643677, 587.3574990872294]"
F112013,50,23,0.5,"[97.50583128643677, 737.6434903810732]"
F112013,50,23,0.6,"[97.50583128643677, 886.8254901170731]"
F112013,50,23,0.7,"[97.50583128643677, 1044.5914199892431]"
F112013,50,23,0.8,"[97.50583128643677, 1199.8014176241122]"
F112013,50,23,0.9,"[97.50583128643677, 1340.961311031133]"
F112013,50,23,1.0,"[97.50583128643677, 1452.1648675031029]"
F112013,50,24,0.01,"[112.88110330017537, 16.179259348195046]"
F112013,50,24,0.1,"[84.57139885439574, 153.57981177512556]"
F112013,50,24,0.2,"[84.57139885439574, 302.93380555603653]"
F112013,50,24,0.3,"[84.57139885439574, 455.34546696022153]"
F112013,50,24,0.4,"[84.57139885439574, 603.6816251580603]"
F112013,50,24,0.5,"[84.57139885439574, 753.5271964543499]"
F112013,50,24,0.6,"[84.57139885439574, 897.3995750281028]"
F112013,50,24,0.7,"[84.57139885439574, 1042.803435578011]"
F112013,50,24,0.8,"[84.57139885439574, 1187.6126885754056]"
F112013,50,24,0.9,"[84.57139885439574, 1330.6019750623964]"
F112013,50,24,1.0,"[84.57139885439574, 1454.018877858296]"
F112013,50,25,0.01,"[251.1632446531757, 16.028910285327584]"
F112013,50,25,0.1,"[73.62680356678635, 151.32728051533923]"
F112013,50,25,0.2,"[73.62680356678635, 296.93543538311496]"
F112013,50,25,0.3,"[73.62680356678635, 449.1967966482043]"
F112013,50,25,0.4,"[73.62680356678635, 600.4754990451038]"
F112013,50,25,0.5,"[73.62680356678635, 746.1263807113282]"
F112013,50,25,0.6,"[73.62680356678635, 891.5643646591343]"
F112013,50,25,0.7,"[73.62680356678635, 1041.6902985903434]"
F112013,50,25,0.8,"[73.62680356678635, 1187.1845139260404]"
F112013,50,25,0.9,"[73.62680356678635, 1330.9632001630962]"
F112013,50,25,1.0,"[73.62680356678635, 1453.8303122371435]"
F112013,50,26,0.01,"[101.79786044348072, 15.897893096320331]"
F112013,50,26,0.1,"[92.53103595553216, 146.41602150117978]"
F112013,50,26,0.2,"[92.53103595553216, 293.4954229379073]"
F112013,50,26,0.3,"[92.53103595553216, 440.29783770721406]"
F112013,50,26,0.4,"[92.53103595553216, 587.3021373529918]"
F112013,50,26,0.5,"[92.53103595553216, 734.7217855690978]"
F112013,50,26,0.6,"[92.53103595553216, 882.9649161929265]"
F112013,50,26,0.7,"[92.53103595553216, 1029.4116197181866]"
F112013,50,26,0.8,"[92.53103595553216, 1178.3426344059408]"
F112013,50,26,0.9,"[92.53103595553216, 1332.1604937082157]"
F112013,50,26,1.0,"[92.53103595553216, 1454.2119839149527]"
F112013,50,27,0.01,"[147.48703066112344, 10.64169001672417]"
F112013,50,27,0.1,"[89.54617898096672, 130.8326248358935]"
F112013,50,27,0.2,"[89.54617898096672, 269.3345094230026]"
F112013,50,27,0.3,"[89.54617898096672, 407.2086355006322]"
F112013,50,27,0.4,"[89.54617898096672, 535.8634251547046]"
F112013,50,27,0.5,"[89.54617898096672, 664.1150162699632]"
F112013,50,27,0.6,"[89.54617898096672, 789.123799263034]"
F112013,50,27,0.7,"[89.54617898096672, 935.5052259680815]"
F112013,50,27,0.8,"[89.54617898096672, 1081.3627995550632]"
F112013,50,27,0.9,"[89.54617898096672, 1227.2289030556567]"
F112013,50,27,1.0,"[89.54617898096672, 1371.126108464785]"
F112013,50,28,0.01,"[262.0407304978863, 16.243328332901]"
F112013,50,28,0.1,"[65.66721711761397, 154.11827357998118]"
F112013,50,28,0.2,"[65.66721711761397, 301.4082927070558]"
F112013,50,28,0.3,"[65.66721711761397, 453.8425292810425]"
F112013,50,28,0.4,"[65.66721711761397, 596.920485521201]"
F112013,50,28,0.5,"[65.66721711761397, 745.2114608548582]"
F112013,50,28,0.6,"[65.66721711761397, 890.0803497033194]"
F112013,50,28,0.7,"[65.66721711761397, 1042.333964617923]"
F112013,50,28,0.8,"[65.66721711761397, 1185.5646043601446]"
F112013,50,28,0.9,"[65.66721711761397, 1327.910812283866]"
F112013,50,28,1.0,"[65.66721711761397, 1452.9605590598658]"
F112013,50,29,0.01,"[375.5399144270353, 14.530912805814296]"
F112013,50,29,0.1,"[110.44018274872303, 132.06770668597892]"
F112013,50,29,0.2,"[110.44018274872303, 272.304655586835]"
F112013,50,29,0.3,"[110.44018274872303, 411.39246361190453]"
F112013,50,29,0.4,"[110.44018274872303, 555.1008754419163]"
F112013,50,29,0.5,"[110.44018274872303, 698.480362538714]"
F112013,50,29,0.6,"[110.44018274872303, 839.061526809819]"
F112013,50,29,0.7,"[110.44018274872303, 985.626583264675]"
F112013,50,29,0.8,"[110.44018274872303, 1129.8779809847474]"
F112013,50,29,0.9,"[110.44018274872303, 1274.1726108929142]"
F112013,50,29,1.0,"[110.44018274872303, 1379.735281883739]"
F112013,50,30,0.01,"[177.7573801449221, 14.15633257292211]"
F112013,50,30,0.1,"[114.42000381820083, 144.41170576680452]"
F112013,50,30,0.2,"[114.42000381820083, 294.6461047437042]"
F112013,50,30,0.3,"[114.42000381820083, 439.5121887647547]"
F112013,50,30,0.4,"[114.42000381820083, 590.7902971608564]"
F112013,50,30,0.5,"[114.42000381820083, 736.0675514666364]"
F112013,50,30,0.6,"[114.42000381820083, 881.3131378628314]"
F112013,50,30,0.7,"[114.42000381820083, 1023.9161309786141]"
F112013,50,30,0.8,"[114.42000381820083, 1170.5610360726714]"
F112013,50,30,0.9,"[114.42000381820083, 1317.194852727931]"
F112013,50,30,1.0,"[114.42000381820083, 1448.6930324039422]"
F112013,50,31,0.01,"[102.12786550633939, 11.082801258657128]"
F112013,50,31,0.1,"[95.51594344460284, 135.44106892077252]"
F112013,50,31,0.2,"[95.51594344460284, 285.50793907558545]"
F112013,50,31,0.3,"[95.51594344460284, 437.4656035345979]"
F112013,50,31,0.4,"[95.51594344460284, 585.1448556366377]"
F112013,50,31,0.5,"[95.51594344460284, 725.9925902136602]"
F112013,50,31,0.6,"[95.51594344460284, 873.5199044295587]"
F112013,50,31,0.7,"[95.51594344460284, 1034.9923691619188]"
F112013,50,31,0.8,"[95.51594344460284, 1188.3904779898003]"
F112013,50,31,0.9,"[95.51594344460284, 1332.6776751498692]"
F112013,50,31,1.0,"[95.51594344460284, 1453.5468204538338]"
F112013,50,32,0.01,"[156.6169678627691, 12.341887395828962]"
F112013,50,32,0.1,"[113.42506495782197, 143.91380831599236]"
F112013,50,32,0.2,"[113.42506495782197, 280.34751162771136]"
F112013,50,32,0.3,"[113.42506495782197, 432.08272063499317]"
F112013,50,32,0.4,"[113.42506495782197, 581.1126889139414]"
F112013,50,32,0.5,"[113.42506495782197, 728.5993276857771]"
F112013,50,32,0.6,"[113.42506495782197, 858.1650231489912]"
F112013,50,32,0.7,"[113.42506495782197, 1009.8556645428762]"
F112013,50,32,0.8,"[113.42506495782197, 1152.809253285639]"
F112013,50,32,0.9,"[113.42506495782197, 1291.6600183187984]"
F112013,50,32,1.0,"[113.42506495782197, 1429.0652843909338]"
F112013,50,33,0.01,"[130.33920964034104, 6.139407157897949]"
F112013,50,33,0.1,"[128.34928388233084, 126.27923706872389]"
F112013,50,33,0.2,"[128.34928388233084, 264.55005089379847]"
F112013,50,33,0.3,"[128.34928388233084, 403.1545178378001]"
F112013,50,33,0.4,"[128.34928388233084, 547.6021063108929]"
F112013,50,33,0.5,"[128.34928388233084, 689.5943966996856]"
F112013,50,33,0.6,"[128.34928388233084, 812.5191937927157]"
F112013,50,33,0.7,"[128.34928388233084, 964.5837949146517]"
F112013,50,33,0.8,"[128.34928388233084, 1109.8798045120202]"
F112013,50,33,0.9,"[128.34928388233084, 1248.6155715319328]"
F112013,50,33,1.0,"[128.34928388233084, 1374.7498493297026]"
F112013,50,34,0.01,"[167.75481035175142, 16.694659769069403]"
F112013,50,34,0.1,"[121.38451923194998, 138.61471270024776]"
F112013,50,34,0.2,"[121.38451923194998, 281.1367033771239]"
F112013,50,34,0.3,"[121.38451923194998, 433.18435367010534]"
F112013,50,34,0.4,"[121.38451923194998, 582.1345961862244]"
F112013,50,34,0.5,"[121.38451923194998, 731.1486913119443]"
F112013,50,34,0.6,"[121.38451923194998, 875.8128079180606]"
F112013,50,34,0.7,"[121.38451923194998, 1022.234843289014]"
F112013,50,34,0.8,"[121.38451923194998, 1171.7307115001604]"
F112013,50,34,0.9,"[121.38451923194998, 1313.967208466027]"
F112013,50,34,1.0,"[121.38451923194998, 1436.2871895111166]"
F112013,50,35,0.01,"[306.0270808481521, 14.774385688826442]"
F112013,50,35,0.1,"[84.57138369550029, 144.00137838209048]"
F112013,50,35,0.2,"[84.57138369550029, 290.61868145596236]"
F112013,50,35,0.3,"[84.57138369550029, 436.1377126900479]"
F112013,50,35,0.4,"[84.57138369550029, 582.0473720929585]"
F112013,50,35,0.5,"[84.57138369550029, 729.6560459020548]"
F112013,50,35,0.6,"[84.57138369550029, 876.9746253369376]"
F112013,50,35,0.7,"[84.57138369550029, 1023.663455130998]"
F112013,50,35,0.8,"[84.57138369550029, 1173.090555076953]"
F112013,50,35,0.9,"[84.57138369550029, 1325.1594889941625]"
F112013,50,35,1.0,"[84.57138369550029, 1454.0482459841296]"
F112013,50,36,0.01,"[142.14689967941024, 17.462962484918535]"
F112013,50,36,0.1,"[130.33910027672255, 149.75991486525163]"
F112013,50,36,0.2,"[130.33910027672255, 303.85191833227873]"
F112013,50,36,0.3,"[130.33910027672255, 453.55117998225614]"
F112013,50,36,0.4,"[130.33910027672255, 608.9672067658976]"
F112013,50,36,0.5,"[130.33910027672255, 754.0769831310026]"
F112013,50,36,0.6,"[130.33910027672255, 902.7637468879111]"
F112013,50,36,0.7,"[130.33910027672255, 1059.5108000189066]"
F112013,50,36,0.8,"[130.33910027672255, 1210.2837604591623]"
F112013,50,36,0.9,"[130.33910027672255, 1315.67950874893]"
F112013,50,36,1.0,"[130.33910027672255, 1445.2045903229155]"
F112013,50,37,0.01,"[134.11640781013028, 13.781593529973179]"
F112013,50,37,0.1,"[119.3947637934956, 135.40398295922205]"
F112013,50,37,0.2,"[119.3947637934956, 278.32459027320147]"
F112013,50,37,0.3,"[119.3947637934956, 429.0014043049887]"
F112013,50,37,0.4,"[119.3947637934956, 580.8141970480792]"
F112013,50,37,0.5,"[119.3947637934956, 726.6692734640092]"
F112013,50,37,0.6,"[119.3947637934956, 879.8426805143245]"
F112013,50,37,0.7,"[119.3947637934956, 1031.440748397261]"
F112013,50,37,0.8,"[119.3947637934956, 1178.597082796041]"
F112013,50,37,0.9,"[119.3947637934956, 1314.1205619350076]"
F112013,50,37,1.0,"[119.3947637934956, 1421.1177877630107]"
F112013,50,38,0.01,"[236.24799702828608, 15.618170503061265]"
F112013,50,38,0.1,"[91.53602120865571, 139.28722162311897]"
F112013,50,38,0.2,"[91.53602120865571, 290.5394736379385]"
F112013,50,38,0.3,"[91.53602120865571, 436.25422294577584]"
F112013,50,38,0.4,"[91.53602120865571, 584.3164002909325]"
F112013,50,38,0.5,"[91.53602120865571, 724.5579935517162]"
F112013,50,38,0.6,"[91.53602120865571, 873.1686537377536]"
F112013,50,38,0.7,"[91.53602120865571, 1024.1652599708177]"
F112013,50,38,0.8,"[91.53602120865571, 1147.9962379178032]"
F112013,50,38,0.9,"[91.53602120865571, 1299.4436018457636]"
F112013,50,38,1.0,"[91.53602120865571, 1410.4795524426736]"
F112013,50,39,0.01,"[106.88658531098969, 12.598609253298491]"
F112013,50,39,0.1,"[101.48557646941697, 131.10568296629936]"
F112013,50,39,0.2,"[101.48557646941697, 274.32376862922683]"
F112013,50,39,0.3,"[101.48557646941697, 419.00340221310034]"
F112013,50,39,0.4,"[101.48557646941697, 563.32618298335]"
F112013,50,39,0.5,"[101.48557646941697, 701.4894422129728]"
F112013,50,39,0.6,"[101.48557646941697, 833.678995042108]"
F112013,50,39,0.7,"[101.48557646941697, 980.3782900543883]"
F112013,50,39,0.8,"[101.48557646941697, 1124.390438103117]"
F112013,50,39,0.9,"[101.48557646941697, 1264.122300306335]"
F112013,50,39,1.0,"[101.48557646941697, 1398.7643669359386]"
F112013,50,40,0.01,"[141.81687220362767, 15.030995531007648]"
F112013,50,40,0.1,"[140.2886757341982, 139.63321086438373]"
F112013,50,40,0.2,"[140.2886757341982, 284.53880511410534]"
F112013,50,40,0.3,"[140.2886757341982, 430.28563422337174]"
F112013,50,40,0.4,"[140.2886757341982, 560.6308865910396]"
F112013,50,40,0.5,"[140.2886757341982, 704.4792881230824]"
F112013,50,40,0.6,"[140.2886757341982, 851.2428110772744]"
F112013,50,40,0.7,"[140.2886757341982, 994.7169023542665]"
F112013,50,40,0.8,"[140.2886757341982, 1139.6109564229846]"
F112013,50,40,0.9,"[140.2886757341982, 1285.2159459199756]"
F112013,50,40,1.0,"[140.2886757341982, 1423.7793645323254]"
F112013,50,41,0.01,"[288.8637057010642, 13.523090597242117]"
F112013,50,41,0.1,"[146.2584661685903, 141.2529058950022]"
F112013,50,41,0.2,"[146.2584661685903, 289.43029893981293]"
F112013,50,41,0.3,"[146.2584661685903, 436.20354796294123]"
F112013,50,41,0.4,"[146.2584661685903, 581.7978975349106]"
F112013,50,41,0.5,"[146.2584661685903, 727.7303208000958]"
F112013,50,41,0.6,"[146.2584661685903, 874.1915429728106]"
F112013,50,41,0.7,"[146.2584661685903, 1019.2180632702075]"
F112013,50,41,0.8,"[146.2584661685903, 1164.059934081044]"
F112013,50,41,0.9,"[146.2584661685903, 1313.9168237200938]"
F112013,50,41,1.0,"[146.2584661685903, 1450.2295810510404]"
F112013,50,42,0.01,"[136.60998808828333, 15.358756409026682]"
F112013,50,42,0.1,"[120.3897226676919, 145.8210710491985]"
F112013,50,42,0.2,"[120.3897226676919, 290.72200495610014]"
F112013,50,42,0.3,"[120.3897226676919, 429.5028152144514]"
F112013,50,42,0.4,"[120.3897226676919, 572.4139215270989]"
F112013,50,42,0.5,"[120.3897226676919, 716.664356676396]"
F112013,50,42,0.6,"[120.3897226676919, 863.0953278723173]"
F112013,50,42,0.7,"[120.3897226676919, 1009.7649334450252]"
F112013,50,42,0.8,"[120.3897226676919, 1157.4087197403423]"
F112013,50,42,0.9,"[120.3897226676919, 1311.4270619922318]"
F112013,50,42,1.0,"[120.3897226676919, 1442.1824557022192]"
F112013,50,43,0.01,"[403.90231091153527, 15.134557297918946]"
F112013,50,43,0.1,"[82.5814908158473, 139.7025458929129]"
F112013,50,43,0.2,"[82.5814908158473, 286.88084372505546]"
F112013,50,43,0.3,"[82.5814908158473, 430.6562390779145]"
F112013,50,43,0.4,"[82.5814908158473, 581.563875250984]"
F112013,50,43,0.5,"[82.5814908158473, 729.6626037326641]"
F112013,50,43,0.6,"[82.5814908158473, 876.5080656199716]"
F112013,50,43,0.7,"[82.5814908158473, 1020.5069400588982]"
F112013,50,43,0.8,"[82.5814908158473, 1166.480562665034]"
F112013,50,43,0.9,"[82.5814908158473, 1313.9086618400179]"
F112013,50,43,1.0,"[82.5814908158473, 1446.7757606850937]"
F112013,50,44,0.01,"[148.69088174173413, 2.937766245100647]"
F112013,50,44,0.1,"[131.33417639540306, 117.22312396997586]"
F112013,50,44,0.2,"[131.33417639540306, 259.5777693782002]"
F112013,50,44,0.3,"[131.33417639540306, 390.61703615495935]"
F112013,50,44,0.4,"[131.33417639540306, 535.3672647802159]"
F112013,50,44,0.5,"[131.33417639540306, 666.0709972870536]"
F112013,50,44,0.6,"[131.33417639540306, 797.1327963690273]"
F112013,50,44,0.7,"[131.33417639540306, 943.2206306848675]"
F112013,50,44,0.8,"[131.33417639540306, 1088.6607955181971]"
F112013,50,44,0.9,"[131.33417639540306, 1229.809989626985]"
F112013,50,44,1.0,"[131.33417639540306, 1372.723799158819]"
F112013,50,45,0.01,"[161.43567542763532, 11.12953269528225]"
F112013,50,45,0.1,"[158.1979395435381, 132.32745241001248]"
F112013,50,45,0.2,"[158.1979395435381, 273.27526800334454]"
F112013,50,45,0.3,"[158.1979395435381, 416.02020958811045]"
F112013,50,45,0.4,"[158.1979395435381, 561.0586195550859]"
F112013,50,45,0.5,"[158.1979395435381, 694.0280167739838]"
F112013,50,45,0.6,"[158.1979395435381, 837.226846694015]"
F112013,50,45,0.7,"[158.1979395435381, 981.5555921802297]"
F112013,50,45,0.8,"[158.1979395435381, 1107.8271996853873]"
F112013,50,45,0.9,"[158.1979395435381, 1229.2810694873333]"
F112013,50,45,1.0,"[158.1979395435381, 1360.0398488519713]"
F112013,50,46,0.01,"[148.92250037801284, 11.798918499611318]"
F112013,50,46,0.1,"[94.52091857665005, 132.28160415962338]"
F112013,50,46,0.2,"[94.52091857665005, 269.55232758494094]"
F112013,50,46,0.3,"[94.52091857665005, 402.460760156624]"
F112013,50,46,0.4,"[94.52091857665005, 546.6225440357812]"
F112013,50,46,0.5,"[94.52091857665005, 688.8244397449307]"
F112013,50,46,0.6,"[94.52091857665005, 833.5003726440482]"
F112013,50,46,0.7,"[94.52091857665005, 978.5210323156789]"
F112013,50,46,0.8,"[94.52091857665005, 1122.1768298908137]"
F112013,50,46,0.9,"[94.52091857665005, 1267.4686029097065]"
F112013,50,46,1.0,"[94.52091857665005, 1386.2716574547812]"
F112013,50,47,0.01,"[403.01611936886854, 9.302630078978837]"
F112013,50,47,0.1,"[81.58643059228473, 133.1121762529947]"
F112013,50,47,0.2,"[81.58643059228473, 278.77361307293177]"
F112013,50,47,0.3,"[81.58643059228473, 424.1134499371983]"
F112013,50,47,0.4,"[81.58643059228473, 574.1806832989678]"
F112013,50,47,0.5,"[81.58643059228473, 705.7609675172716]"
F112013,50,47,0.6,"[81.58643059228473, 832.3547690059058]"
F112013,50,47,0.7,"[81.58643059228473, 983.8470688089728]"
F112013,50,47,0.8,"[81.58643059228473, 1121.8529395661317]"
F112013,50,47,0.9,"[81.58643059228473, 1267.979058531113]"
F112013,50,47,1.0,"[81.58643059228473, 1412.6438827309757]"
F112013,50,48,0.01,"[212.01151942333377, 15.303430933970958]"
F112013,50,48,0.1,"[89.54617394314766, 94.09567484119907]"
F112013,50,48,0.2,"[89.54617394314766, 105.70001570694149]"
F112013,50,48,0.3,"[89.54617394314766, 117.22619493491948]"
F112013,50,48,0.4,"[89.54617394314766, 128.73574452009052]"
F112013,50,48,0.5,"[89.54617394314766, 140.23544506309554]"
F112013,50,48,0.6,"[89.54617394314766, 151.7065557911992]"
F112013,50,48,0.7,"[89.54617394314766, 163.16299400804564]"
F112013,50,48,0.8,"[89.54617394314766, 174.59223109204322]"
F112013,50,48,0.9,"[89.54617394314766, 186.00880902726203]"
F112013,50,48,1.0,"[89.54617394314766, 197.59176852414384]"
F112013,50,49,0.01,"[337.96322390713885, 15.180180728435516]"
F112013,50,49,0.1,"[95.5158776337434, 84.94809120707214]"
F112013,50,49,0.2,"[95.5158776337434, 96.69108091015369]"
F112013,50,49,0.3,"[95.5158776337434, 108.42091963300481]"
F112013,50,49,0.4,"[95.5158776337434, 120.15632106736302]"
F112013,50,49,0.5,"[95.5158776337434, 131.85883028013632]"
F112013,50,49,0.6,"[95.5158776337434, 143.5638516084291]"
F112013,50,49,0.7,"[95.5158776337434, 155.23956406628713]"
F112013,50,49,0.8,"[95.5158776337434, 166.89635707531124]"
F112013,50,49,0.9,"[95.5158776337434, 178.54831483215094]"
F112013,50,49,1.0,"[95.5158776337434, 190.16351872729138]"
F112013,50,50,0.01,"[190.23042816637155, 14.66097515122965]"
F112013,50,50,0.1,"[98.50072957048974, 82.52027397695929]"
F112013,50,50,0.2,"[98.50072957048974, 94.29331319313496]"
F112013,50,50,0.3,"[98.50072957048974, 106.01058815326542]"
F112013,50,50,0.4,"[98.50072957048974, 117.692838198971]"
F112013,50,50,0.5,"[98.50072957048974, 129.35018137888983]"
F112013,50,50,0.6,"[98.50072957048974, 140.9817410991527]"
F112013,50,50,0.7,"[98.50072957048974, 152.5806959620677]"
F112013,50,50,0.8,"[98.50072957048974, 164.17365531995893]"
F112013,50,50,0.9,"[98.50072957048974, 175.76885202899575]"
F112013,50,50,1.0,"[98.50072957048974, 187.34871725086123]"
