function,dimension,run,checkpoint,error
F62013,10,0,0.01,"[10.019053744017128, 0.2985143349505961]"
F62013,10,0,0.1,"[9.81242273890848, 1.863121883943677]"
F62013,10,0,0.2,"[9.81242273890848, 4.827891484834254]"
F62013,10,0,0.3,"[9.81242273890848, 8.633180247154087]"
F62013,10,0,0.4,"[9.81242273890848, 13.137648089788854]"
F62013,10,0,0.5,"[9.81242273890848, 17.051986341830343]"
F62013,10,0,0.6,"[9.81242273890848, 22.218712312169373]"
F62013,10,0,0.7,"[9.81242273890848, 26.787592601031065]"
F62013,10,0,0.8,"[9.81242273890848, 32.40015543391928]"
F62013,10,0,0.9,"[9.81242273890848, 36.1508259261027]"
F62013,10,0,1.0,"[9.81242273890848, 40.51560577517375]"
F62013,10,1,0.01,"[10.445130228006747, 0.4926930242218077]"
F62013,10,1,0.1,"[10.060765739295448, 3.4654145631939173]"
F62013,10,1,0.2,"[10.060765739295448, 7.225778266321868]"
F62013,10,1,0.3,"[10.060765739295448, 11.494768373202533]"
F62013,10,1,0.4,"[10.060765739295448, 16.460516319144517]"
F62013,10,1,0.5,"[10.060765739295448, 22.29144051298499]"
F62013,10,1,0.6,"[0.0, 27.301643249113113]"
F62013,10,1,0.7,"[0.0, 32.72205909341574]"
F62013,10,1,0.8,"[0.0, 37.46141430409625]"
F62013,10,1,0.9,"[0.0, 42.721278947312385]"
F62013,10,1,1.0,"[0.0, 46.08625257341191]"
F62013,10,2,0.01,"[1.252411591248233, 0.5099523551762104]"
F62013,10,2,0.1,"[0.0, 3.5415810882113874]"
F62013,10,2,0.2,"[0.0, 7.787109681870788]"
F62013,10,2,0.3,"[0.0, 11.636250140145421]"
F62013,10,2,0.4,"[0.0, 16.163221627939492]"
F62013,10,2,0.5,"[0.0, 21.67238044599071]"
F62013,10,2,0.6,"[0.0, 25.678459165152162]"
F62013,10,2,0.7,"[0.0, 27.820047037210315]"
F62013,10,2,0.8,"[0.0, 31.435981107875705]"
F62013,10,2,0.9,"[0.0, 37.428931024856865]"
F62013,10,2,1.0,"[0.0, 43.84156176727265]"
F62013,10,3,0.01,"[10.163072090868127, 0.916180974803865]"
F62013,10,3,0.1,"[9.812422738908708, 7.325659464113414]"
F62013,10,3,0.2,"[9.812422738908708, 14.240265029948205]"
F62013,10,3,0.3,"[9.812422738908708, 20.815083653200418]"
F62013,10,3,0.4,"[9.812422738908708, 26.028372772037983]"
F62013,10,3,0.5,"[9.812422738908708, 31.05508271791041]"
F62013,10,3,0.6,"[9.812422738908708, 35.98492108518258]"
F62013,10,3,0.7,"[9.812422738908708, 41.768959403038025]"
F62013,10,3,0.8,"[9.812422738908708, 46.72012474713847]"
F62013,10,3,0.9,"[9.812422738908708, 51.174848274793476]"
F62013,10,3,1.0,"[9.812422738908708, 53.774156325962394]"
F62013,10,4,0.01,"[10.90509560972555, 1.003805734217167]"
F62013,10,4,0.1,"[10.212585879484209, 6.901941976044327]"
F62013,10,4,0.2,"[10.212585879484209, 12.870256659109145]"
F62013,10,4,0.3,"[10.212585879484209, 18.356059397105128]"
F62013,10,4,0.4,"[10.212585879484209, 24.62278344295919]"
F62013,10,4,0.5,"[10.212585879484209, 30.790973852854222]"
F62013,10,4,0.6,"[10.212585879484209, 36.28479431010783]"
F62013,10,4,0.7,"[10.212585879484209, 41.94452977320179]"
F62013,10,4,0.8,"[10.212585879484209, 47.744250521063805]"
F62013,10,4,0.9,"[10.212585879484209, 51.95450552785769]"
F62013,10,4,1.0,"[10.212585879484209, 54.723068164195865]"
F62013,10,5,0.01,"[10.287846513305908, 1.0152958896942437]"
F62013,10,5,0.1,"[9.812422738908822, 7.750670772045851]"
F62013,10,5,0.2,"[9.812422738908822, 15.083210745826364]"
F62013,10,5,0.3,"[9.812422738908822, 20.710077334661037]"
F62013,10,5,0.4,"[9.812422738908822, 26.86277856770903]"
F62013,10,5,0.5,"[9.812422738908822, 31.97251077601686]"
F62013,10,5,0.6,"[9.812422738908822, 34.94118759594858]"
F62013,10,5,0.7,"[9.812422738908822, 41.326811030041426]"
F62013,10,5,0.8,"[9.812422738908822, 46.34147237194702]"
F62013,10,5,0.9,"[9.812422738908708, 51.33188768476248]"
F62013,10,5,1.0,"[9.812422738908708, 54.59243258694187]"
F62013,10,6,0.01,"[10.437135965522316, 1.095489873085171]"
F62013,10,6,0.1,"[9.812422738908595, 6.886588777881116]"
F62013,10,6,0.2,"[9.812422738908595, 12.935955067165196]"
F62013,10,6,0.3,"[9.812422738908595, 18.575245406012982]"
F62013,10,6,0.4,"[9.812422738908595, 23.823307584039867]"
F62013,10,6,0.5,"[9.812422738908595, 29.26107052527368]"
F62013,10,6,0.6,"[9.812422738908595, 34.39299585809931]"
F62013,10,6,0.7,"[9.812422738908595, 38.06166187720373]"
F62013,10,6,0.8,"[9.812422738908595, 43.2055911780335]"
F62013,10,6,0.9,"[9.812422738908595, 49.47760389186442]"
F62013,10,6,1.0,"[9.81242273890848, 53.89231289085001]"
F62013,10,7,0.01,"[10.110413658403104, 0.6772535312920809]"
F62013,10,7,0.1,"[9.812422738908708, 6.83142041740939]"
F62013,10,7,0.2,"[9.812422738908708, 13.85872913338244]"
F62013,10,7,0.3,"[9.812422738908708, 18.638889049179852]"
F62013,10,7,0.4,"[9.812422738908708, 24.549105457030237]"
F62013,10,7,0.5,"[9.812422738908708, 28.136093283072114]"
F62013,10,7,0.6,"[9.812422738908708, 33.297727059107274]"
F62013,10,7,0.7,"[9.812422738908595, 40.01849744236097]"
F62013,10,7,0.8,"[9.812422738908595, 46.87917669536546]"
F62013,10,7,0.9,"[9.812422738908595, 52.368107757065445]"
F62013,10,7,1.0,"[9.812422738908595, 55.17320602340624]"
F62013,10,8,0.01,"[10.305285163146664, 0.23893410991877317]"
F62013,10,8,0.1,"[9.812422738908595, 1.9151618666946888]"
F62013,10,8,0.2,"[9.812422738908595, 4.556289030704647]"
F62013,10,8,0.3,"[9.812422738908595, 8.541307871695608]"
F62013,10,8,0.4,"[9.812422738908595, 14.040672285016626]"
F62013,10,8,0.5,"[9.812422738908595, 19.93905447376892]"
F62013,10,8,0.6,"[9.812422738908595, 25.258389829657972]"
F62013,10,8,0.7,"[9.812422738908595, 31.14798426674679]"
F62013,10,8,0.8,"[9.812422738908595, 37.00562069891021]"
F62013,10,8,0.9,"[9.812422738908595, 42.7462154738605]"
F62013,10,8,1.0,"[9.812422738908595, 47.10862801456824]"
F62013,10,9,0.01,"[10.716724593024537, 0.9707376859150827]"
F62013,10,9,0.1,"[9.81242273890848, 6.1288450276479125]"
F62013,10,9,0.2,"[9.81242273890848, 11.161050573922694]"
F62013,10,9,0.3,"[9.81242273890848, 16.472337130922824]"
F62013,10,9,0.4,"[9.81242273890848, 22.080575336702168]"
F62013,10,9,0.5,"[9.81242273890848, 28.44589978083968]"
F62013,10,9,0.6,"[9.81242273890848, 30.663928005844355]"
F62013,10,9,0.7,"[9.81242273890848, 34.00060180481523]"
F62013,10,9,0.8,"[9.81242273890848, 40.27125636069104]"
F62013,10,9,0.9,"[9.81242273890848, 45.856685164850205]"
F62013,10,9,1.0,"[9.81242273890848, 49.93990240665153]"
F62013,10,10,0.01,"[10.162767513925246, 0.9330612071789801]"
F62013,10,10,0.1,"[9.812422738908595, 6.205949333962053]"
F62013,10,10,0.2,"[9.812422738908595, 12.005294893868268]"
F62013,10,10,0.3,"[9.812422738908595, 18.300889492034912]"
F62013,10,10,0.4,"[9.812422738908595, 24.288091050926596]"
F62013,10,10,0.5,"[9.812422738908595, 29.65402642916888]"
F62013,10,10,0.6,"[9.812422738908595, 34.69462902797386]"
F62013,10,10,0.7,"[9.812422738908595, 41.21750027220696]"
F62013,10,10,0.8,"[9.812422738908595, 48.303540281020105]"
F62013,10,10,0.9,"[9.81242273890848, 53.25909520825371]"
F62013,10,10,1.0,"[9.81242273890848, 55.80523214722052]"
F62013,10,11,0.01,"[10.4226948448445, 0.4747354784049094]"
F62013,10,11,0.1,"[9.814118593624016, 2.7337718633934855]"
F62013,10,11,0.2,"[9.814118593624016, 7.050961286295205]"
F62013,10,11,0.3,"[9.814118593624016, 10.688359406311065]"
F62013,10,11,0.4,"[1.6391848083655987, 14.785176005214453]"
F62013,10,11,0.5,"[1.6391848053104923, 19.254140853416175]"
F62013,10,11,0.6,"[0.0, 23.67996709421277]"
F62013,10,11,0.7,"[0.0, 28.923228615429252]"
F62013,10,11,0.8,"[0.0, 34.338371254038066]"
F62013,10,11,0.9,"[0.0, 39.75986332818866]"
F62013,10,11,1.0,"[0.0, 44.709456687327474]"
F62013,10,12,0.01,"[9.968836346812282, 0.8616449269466102]"
F62013,10,12,0.1,"[9.812422738908708, 6.69534158706665]"
F62013,10,12,0.2,"[9.812422738908708, 13.077499425038695]"
F62013,10,12,0.3,"[9.812422738908708, 19.664198853075504]"
F62013,10,12,0.4,"[9.812422738908708, 26.080105208791792]"
F62013,10,12,0.5,"[9.812422738908708, 31.67307748273015]"
F62013,10,12,0.6,"[9.812422738908708, 37.19422824494541]"
F62013,10,12,0.7,"[9.812422738908708, 42.74408700503409]"
F62013,10,12,0.8,"[9.812422738908708, 50.06969529017806]"
F62013,10,12,0.9,"[9.812422738908595, 54.422981624957174]"
F62013,10,12,1.0,"[9.812422738908595, 56.6029979721643]"
F62013,10,13,0.01,"[9.950149479547463, 1.1817912519909441]"
F62013,10,13,0.1,"[9.812422738908595, 7.785337571054697]"
F62013,10,13,0.2,"[9.812422738908595, 14.43698936700821]"
F62013,10,13,0.3,"[9.812422738908595, 19.37040235567838]"
F62013,10,13,0.4,"[9.812422738908595, 23.78897359687835]"
F62013,10,13,0.5,"[9.812422738908595, 28.869294732809067]"
F62013,10,13,0.6,"[9.812422738908595, 34.70885548600927]"
F62013,10,13,0.7,"[9.812422738908595, 40.702753806021065]"
F62013,10,13,0.8,"[9.812422738908595, 45.54645154764876]"
F62013,10,13,0.9,"[9.812422738908595, 49.822665377985686]"
F62013,10,13,1.0,"[9.812422738908595, 54.11360873095691]"
F62013,10,14,0.01,"[9.936350730053277, 1.1579240742139518]"
F62013,10,14,0.1,"[9.812422738908708, 8.195349182002246]"
F62013,10,14,0.2,"[9.812422738908708, 13.176730057224631]"
F62013,10,14,0.3,"[9.812422738908708, 17.486127662006766]"
F62013,10,14,0.4,"[9.812422738908708, 23.00898471334949]"
F62013,10,14,0.5,"[9.812422738908708, 28.243989074137062]"
F62013,10,14,0.6,"[9.812422738908708, 33.708064440172166]"
F62013,10,14,0.7,"[9.812422738908708, 39.620799341239035]"
F62013,10,14,0.8,"[9.812422738908708, 45.66929544135928]"
F62013,10,14,0.9,"[9.812422738908595, 48.62831329833716]"
F62013,10,14,1.0,"[9.812422738908595, 50.72883785702288]"
F62013,10,15,0.01,"[6.720039230719749, 0.5745937419123948]"
F62013,10,15,0.1,"[0.0, 3.8486987776122987]"
F62013,10,15,0.2,"[0.0, 8.028800464700907]"
F62013,10,15,0.3,"[0.0, 13.040548404678702]"
F62013,10,15,0.4,"[0.0, 18.216153278015554]"
F62013,10,15,0.5,"[0.0, 23.79033053992316]"
F62013,10,15,0.6,"[0.0, 28.349126480985433]"
F62013,10,15,0.7,"[0.0, 33.715861631557345]"
F62013,10,15,0.8,"[0.0, 39.12228974979371]"
F62013,10,15,0.9,"[0.0, 44.51765063870698]"
F62013,10,15,1.0,"[0.0, 48.77558528166264]"
F62013,10,16,0.01,"[10.087375579403897, 0.7767963381484151]"
F62013,10,16,0.1,"[9.81242273890848, 4.636756211984903]"
F62013,10,16,0.2,"[9.81242273890848, 8.46967056626454]"
F62013,10,16,0.3,"[9.81242273890848, 12.687582463026047]"
F62013,10,16,0.4,"[9.81242273890848, 17.270058766007423]"
F62013,10,16,0.5,"[9.81242273890848, 21.820759512018412]"
F62013,10,16,0.6,"[9.81242273890848, 27.477779663167894]"
F62013,10,16,0.7,"[9.81242273890848, 32.87573079718277]"
F62013,10,16,0.8,"[9.81242273890848, 38.43507991032675]"
F62013,10,16,0.9,"[9.81242273890848, 43.90027740318328]"
F62013,10,16,1.0,"[9.81242273890848, 46.81880014529452]"
F62013,10,17,0.01,"[11.702413855638952, 0.5100915282964706]"
F62013,10,17,0.1,"[10.93508397472283, 3.8654710659757257]"
F62013,10,17,0.2,"[9.8126695621429, 9.05091579630971]"
F62013,10,17,0.3,"[9.812422738908595, 14.106762018986046]"
F62013,10,17,0.4,"[9.812422738908595, 19.70415861811489]"
F62013,10,17,0.5,"[9.812422738908595, 23.71359525527805]"
F62013,10,17,0.6,"[9.812422738908595, 29.16331428801641]"
F62013,10,17,0.7,"[9.812422738908595, 34.45142754307017]"
F62013,10,17,0.8,"[9.812422738908595, 40.003091068938375]"
F62013,10,17,0.9,"[9.812422738908595, 44.65071729803458]"
F62013,10,17,1.0,"[9.812422738908595, 47.68264997238293]"
F62013,10,18,0.01,"[10.341799921239044, 0.3770283688791096]"
F62013,10,18,0.1,"[9.81242273890848, 2.9341796939261258]"
F62013,10,18,0.2,"[9.81242273890848, 6.769607570953667]"
F62013,10,18,0.3,"[9.81242273890848, 11.943140198942274]"
F62013,10,18,0.4,"[9.81242273890848, 16.44398769084364]"
F62013,10,18,0.5,"[9.81242273890848, 22.129472456872463]"
F62013,10,18,0.6,"[9.81242273890848, 28.23704929277301]"
F62013,10,18,0.7,"[9.81242273890848, 33.868355005048215]"
F62013,10,18,0.8,"[9.81242273890848, 39.80386392399669]"
F62013,10,18,0.9,"[9.81242273890848, 45.35221738694236]"
F62013,10,18,1.0,"[9.81242273890848, 50.044038019143045]"
F62013,10,19,0.01,"[12.13589553673512, 0.6873443839140236]"
F62013,10,19,0.1,"[9.812422738908595, 4.050384138710797]"
F62013,10,19,0.2,"[9.812422738908595, 9.298382601700723]"
F62013,10,19,0.3,"[9.812422738908595, 15.045184435788542]"
F62013,10,19,0.4,"[9.812422738908595, 20.793820226099342]"
F62013,10,19,0.5,"[9.812422738908595, 24.770802061073482]"
F62013,10,19,0.6,"[9.812422738908595, 29.253791051916778]"
F62013,10,19,0.7,"[9.812422738908595, 34.64671036694199]"
F62013,10,19,0.8,"[9.812422738908595, 40.61954978387803]"
F62013,10,19,0.9,"[9.812422738908595, 45.97086448781192]"
F62013,10,19,1.0,"[9.812422738908595, 50.14542970014736]"
F62013,10,20,0.01,"[10.294995259287816, 0.9978924388997257]"
F62013,10,20,0.1,"[10.1211858654367, 6.999249873217195]"
F62013,10,20,0.2,"[10.1211858654367, 13.171123899053782]"
F62013,10,20,0.3,"[0.0, 18.175766074098647]"
F62013,10,20,0.4,"[0.0, 24.78549163416028]"
F62013,10,20,0.5,"[0.0, 30.828388791065663]"
F62013,10,20,0.6,"[0.0, 36.41497505782172]"
F62013,10,20,0.7,"[0.0, 40.96964671090245]"
F62013,10,20,0.8,"[0.0, 45.948732626158744]"
F62013,10,20,0.9,"[0.0, 50.528383994009346]"
F62013,10,20,1.0,"[0.0, 53.513808365911245]"
F62013,10,21,0.01,"[10.260626135019265, 0.9891176582314074]"
F62013,10,21,0.1,"[9.812422738908708, 7.2691132430918515]"
F62013,10,21,0.2,"[9.812422738908708, 13.367820870131254]"
F62013,10,21,0.3,"[9.812422738908708, 18.906581060029566]"
F62013,10,21,0.4,"[9.812422738908708, 24.05274517321959]"
F62013,10,21,0.5,"[9.812422738908708, 30.11126223485917]"
F62013,10,21,0.6,"[9.812422738908708, 35.88723190687597]"
F62013,10,21,0.7,"[9.812422738908708, 40.215895023196936]"
F62013,10,21,0.8,"[9.812422738908595, 45.168981060851365]"
F62013,10,21,0.9,"[9.81242273890848, 51.68029109807685]"
F62013,10,21,1.0,"[9.81242273890848, 55.07845009397715]"
F62013,10,22,0.01,"[3.4709654151147333, 0.9339423161000013]"
F62013,10,22,0.1,"[0.0, 6.485809258185327]"
F62013,10,22,0.2,"[0.0, 11.858351272996515]"
F62013,10,22,0.3,"[0.0, 17.511303236242384]"
F62013,10,22,0.4,"[0.0, 24.366174531169236]"
F62013,10,22,0.5,"[0.0, 29.393959660083055]"
F62013,10,22,0.6,"[0.0, 34.21937562711537]"
F62013,10,22,0.7,"[0.0, 37.32038456713781]"
F62013,10,22,0.8,"[0.0, 41.76462571043521]"
F62013,10,22,0.9,"[0.0, 44.69839990744367]"
F62013,10,22,1.0,"[0.0, 48.794860068243]"
F62013,10,23,0.01,"[9.91047564584403, 0.36788045009598136]"
F62013,10,23,0.1,"[9.812422738909163, 2.3870240091346204]"
F62013,10,23,0.2,"[9.812422738909163, 5.787263092119247]"
F62013,10,23,0.3,"[9.812422738909163, 10.733129193075001]"
F62013,10,23,0.4,"[9.812422738909163, 15.119962761178613]"
F62013,10,23,0.5,"[9.812422738909163, 20.049453587271273]"
F62013,10,23,0.6,"[9.812422738909163, 25.57741491496563]"
F62013,10,23,0.7,"[9.812422738909163, 30.342745724134147]"
F62013,10,23,0.8,"[9.81242273890905, 33.37316443026066]"
F62013,10,23,0.9,"[9.81242273890905, 38.49396189395338]"
F62013,10,23,1.0,"[9.812422738908822, 42.876044288277626]"
F62013,10,24,0.01,"[7.5803691973925424, 1.2162115750834346]"
F62013,10,24,0.1,"[0.0, 7.1496613416820765]"
F62013,10,24,0.2,"[0.0, 12.341249582823366]"
F62013,10,24,0.3,"[0.0, 18.48763874778524]"
F62013,10,24,0.4,"[0.0, 24.469691555015743]"
F62013,10,24,0.5,"[0.0, 29.75911736069247]"
F62013,10,24,0.6,"[0.0, 35.52277868008241]"
F62013,10,24,0.7,"[0.0, 41.04539381805807]"
F62013,10,24,0.8,"[0.0, 47.413578177802265]"
F62013,10,24,0.9,"[0.0, 52.13983779307455]"
F62013,10,24,1.0,"[0.0, 54.95056674769148]"
F62013,10,25,0.01,"[12.773532640479743, 1.069749069865793]"
F62013,10,25,0.1,"[4.460006850554464, 6.243675170931965]"
F62013,10,25,0.2,"[4.460006850554464, 13.655031283851713]"
F62013,10,25,0.3,"[4.460006850554464, 20.295214080717415]"
F62013,10,25,0.4,"[4.460006850554464, 26.765932959970087]"
F62013,10,25,0.5,"[4.460006850554464, 32.21627105306834]"
F62013,10,25,0.6,"[4.460006850554464, 35.69006416294724]"
F62013,10,25,0.7,"[4.460006850554464, 41.06357226194814]"
F62013,10,25,0.8,"[4.460006850554464, 46.91419847914949]"
F62013,10,25,0.9,"[4.460006850554464, 51.86902274610475]"
F62013,10,25,1.0,"[4.460006850554464, 54.279076208826154]"
F62013,10,26,0.01,"[3.8455465861627545, 1.06643146276474]"
F62013,10,26,0.1,"[0.0, 6.925237403716892]"
F62013,10,26,0.2,"[0.0, 12.71328681986779]"
F62013,10,26,0.3,"[0.0, 14.951858699787408]"
F62013,10,26,0.4,"[0.0, 19.401631702668965]"
F62013,10,26,0.5,"[0.0, 25.13358237966895]"
F62013,10,26,0.6,"[0.0, 30.76559939282015]"
F62013,10,26,0.7,"[0.0, 35.911475429777056]"
F62013,10,26,0.8,"[0.0, 41.817484219092876]"
F62013,10,26,0.9,"[0.0, 44.4654899709858]"
F62013,10,26,1.0,"[0.0, 46.53035633498803]"
F62013,10,27,0.01,"[11.974272979896, 0.9405535440891981]"
F62013,10,27,0.1,"[11.155088665304788, 7.3682196591980755]"
F62013,10,27,0.2,"[11.155088665304788, 13.325509790331125]"
F62013,10,27,0.3,"[11.155088665304788, 19.31796995922923]"
F62013,10,27,0.4,"[11.155088665304788, 24.74542789114639]"
F62013,10,27,0.5,"[11.155088665304788, 30.898233473300934]"
F62013,10,27,0.6,"[11.155088665304788, 37.04614051198587]"
F62013,10,27,0.7,"[11.155088665304788, 41.82311637606472]"
F62013,10,27,0.8,"[11.155088665304788, 45.89329064032063]"
F62013,10,27,0.9,"[11.155088665304788, 50.81308609014377]"
F62013,10,27,1.0,"[11.155088665304788, 53.69175438117236]"
F62013,10,28,0.01,"[10.265424859407176, 1.322230048943311]"
F62013,10,28,0.1,"[9.812422738908595, 4.463456820230931]"
F62013,10,28,0.2,"[9.812422738908595, 8.436446089297533]"
F62013,10,28,0.3,"[9.812422738908595, 12.169649780262262]"
F62013,10,28,0.4,"[9.812422738908595, 16.43968541221693]"
F62013,10,28,0.5,"[9.812422738908595, 21.073372692335397]"
F62013,10,28,0.6,"[9.812422738908595, 25.24436679808423]"
F62013,10,28,0.7,"[9.812422738908595, 30.848439787048846]"
F62013,10,28,0.8,"[9.812422738908595, 36.40754515537992]"
F62013,10,28,0.9,"[9.812422738908595, 42.076811586041]"
F62013,10,28,1.0,"[9.812422738908595, 46.4988143350929]"
F62013,10,29,0.01,"[10.83005678546158, 1.0731800212524831]"
F62013,10,29,0.1,"[9.812422738908822, 6.3330621952190995]"
F62013,10,29,0.2,"[9.812422738908822, 10.912287581246346]"
F62013,10,29,0.3,"[9.812422738908822, 15.727501912042499]"
F62013,10,29,0.4,"[9.812422738908822, 20.90195472817868]"
F62013,10,29,0.5,"[9.812422738908822, 26.47363297501579]"
F62013,10,29,0.6,"[9.812422738908822, 32.427275927271694]"
F62013,10,29,0.7,"[9.812422738908822, 38.38006201200187]"
F62013,10,29,0.8,"[9.812422738908822, 44.13141695316881]"
F62013,10,29,0.9,"[9.812422738908822, 48.11618252238259]"
F62013,10,29,1.0,"[9.812422738908822, 51.225711544044316]"
F62013,10,30,0.01,"[10.319365125131071, 0.9351179380901158]"
F62013,10,30,0.1,"[9.812422738908595, 4.845238130073994]"
F62013,10,30,0.2,"[9.812422738908595, 10.200578874442726]"
F62013,10,30,0.3,"[9.812422738908595, 15.098379651084542]"
F62013,10,30,0.4,"[9.812422738908595, 20.7380176554434]"
F62013,10,30,0.5,"[9.812422738908595, 26.67284901207313]"
F62013,10,30,0.6,"[9.81242273890848, 31.82327618636191]"
F62013,10,30,0.7,"[9.81242273890848, 37.5361253162846]"
F62013,10,30,0.8,"[9.81242273890848, 43.15820745844394]"
F62013,10,30,0.9,"[9.81242273890848, 47.37645411910489]"
F62013,10,30,1.0,"[9.81242273890848, 50.64222236536443]"
F62013,10,31,0.01,"[10.358343267959526, 1.0806257673539221]"
F62013,10,31,0.1,"[9.81242273890848, 6.267350147012621]"
F62013,10,31,0.2,"[9.81242273890848, 11.305102974176407]"
F62013,10,31,0.3,"[9.81242273890848, 15.44692246010527]"
F62013,10,31,0.4,"[9.81242273890848, 20.83157021412626]"
F62013,10,31,0.5,"[9.81242273890848, 26.105730155017227]"
F62013,10,31,0.6,"[9.81242273890848, 32.3915818920359]"
F62013,10,31,0.7,"[9.81242273890848, 39.30617104237899]"
F62013,10,31,0.8,"[9.81242273890848, 45.9419987089932]"
F62013,10,31,0.9,"[9.81242273890848, 50.82435680925846]"
F62013,10,31,1.0,"[9.81242273890848, 53.780663304030895]"
F62013,10,32,0.01,"[2.318071837031084, 0.9306800668127835]"
F62013,10,32,0.1,"[0.0, 6.5472541390918195]"
F62013,10,32,0.2,"[0.0, 12.62107929494232]"
F62013,10,32,0.3,"[0.0, 18.356587809044868]"
F62013,10,32,0.4,"[0.0, 22.640113865956664]"
F62013,10,32,0.5,"[0.0, 25.317157830111682]"
F62013,10,32,0.6,"[0.0, 30.11962051084265]"
F62013,10,32,0.7,"[0.0, 35.47477531386539]"
F62013,10,32,0.8,"[0.0, 42.06194901000708]"
F62013,10,32,0.9,"[0.0, 48.039156191051006]"
F62013,10,32,1.0,"[0.0, 51.457259106915444]"
F62013,10,33,0.01,"[10.071945959230789, 1.2943323431536555]"
F62013,10,33,0.1,"[9.812422738908708, 7.844566063024104]"
F62013,10,33,0.2,"[9.812422738908708, 14.391500178258866]"
F62013,10,33,0.3,"[9.812422738908708, 19.872372346930206]"
F62013,10,33,0.4,"[9.812422738908708, 25.172106978017837]"
F62013,10,33,0.5,"[9.812422738908708, 29.380074894987047]"
F62013,10,33,0.6,"[9.812422738908708, 35.25835018325597]"
F62013,10,33,0.7,"[9.812422738908708, 40.27165928017348]"
F62013,10,33,0.8,"[9.812422738908708, 47.364385874941945]"
F62013,10,33,0.9,"[9.812422738908708, 51.99702285416424]"
F62013,10,33,1.0,"[9.812422738908708, 54.34503269288689]"
F62013,10,34,0.01,"[10.55561453024427, 0.3361446992494166]"
F62013,10,34,0.1,"[9.812422738908708, 1.9057431793771684]"
F62013,10,34,0.2,"[9.812422738908595, 4.334988032002002]"
F62013,10,34,0.3,"[9.812422738908595, 8.226012769155204]"
F62013,10,34,0.4,"[9.812422738908595, 10.543805113062263]"
F62013,10,34,0.5,"[9.812422738908595, 14.94811232201755]"
F62013,10,34,0.6,"[9.812422738908595, 19.75247310521081]"
F62013,10,34,0.7,"[9.812422738908595, 23.948532682377845]"
F62013,10,34,0.8,"[9.812422738908595, 29.58504224801436]"
F62013,10,34,0.9,"[9.812422738908595, 35.39835140295327]"
F62013,10,34,1.0,"[9.812422738908595, 41.19782537408173]"
F62013,10,35,0.01,"[80.62725462993058, 0.2861285759136081]"
F62013,10,35,0.1,"[26.71935636723822, 2.6964353770017624]"
F62013,10,35,0.2,"[5.311544546815867, 6.462943004909903]"
F62013,10,35,0.3,"[5.311544546815867, 10.989661403931677]"
F62013,10,35,0.4,"[5.311544546815867, 15.75110833812505]"
F62013,10,35,0.5,"[5.311544546815867, 20.500743626151234]"
F62013,10,35,0.6,"[5.311544546815867, 25.267137559130788]"
F62013,10,35,0.7,"[5.311544546815867, 30.643518330994993]"
F62013,10,35,0.8,"[5.311544546815867, 36.1351826810278]"
F62013,10,35,0.9,"[5.311544546815867, 40.72414812725037]"
F62013,10,35,1.0,"[5.311544546815867, 45.779418415855616]"
F62013,10,36,0.01,"[4.588439943556182, 0.4583518267609179]"
F62013,10,36,0.1,"[0.0, 3.5185806499794126]"
F62013,10,36,0.2,"[0.0, 6.517222688999027]"
F62013,10,36,0.3,"[0.0, 10.074478863738477]"
F62013,10,36,0.4,"[0.0, 13.724191105924547]"
F62013,10,36,0.5,"[0.0, 18.068372497800738]"
F62013,10,36,0.6,"[0.0, 22.442398102022707]"
F62013,10,36,0.7,"[0.0, 27.681069741025567]"
F62013,10,36,0.8,"[0.0, 33.20211305189878]"
F62013,10,36,0.9,"[0.0, 38.25682441564277]"
F62013,10,36,1.0,"[0.0, 42.92923890892416]"
F62013,10,37,0.01,"[10.612317597354718, 0.9482202250510454]"
F62013,10,37,0.1,"[9.812422738908595, 7.278618738986552]"
F62013,10,37,0.2,"[9.812422738908595, 14.220345069188625]"
F62013,10,37,0.3,"[9.812422738908595, 19.402274406980723]"
F62013,10,37,0.4,"[9.812422738908595, 24.213572257198393]"
F62013,10,37,0.5,"[9.812422738908595, 28.750917175319046]"
F62013,10,37,0.6,"[9.812422738908595, 34.12159619433805]"
F62013,10,37,0.7,"[9.812422738908595, 40.57408128725365]"
F62013,10,37,0.8,"[9.812422738908595, 45.666280921082944]"
F62013,10,37,0.9,"[9.812422738908595, 50.87149623129517]"
F62013,10,37,1.0,"[9.81242273890848, 53.53819800214842]"
F62013,10,38,0.01,"[10.137021464030681, 1.23425728129223]"
F62013,10,38,0.1,"[9.812422738908595, 7.1852345312945545]"
F62013,10,38,0.2,"[9.812422738908595, 9.436864668969065]"
F62013,10,38,0.3,"[9.812422738908595, 11.627798467408866]"
F62013,10,38,0.4,"[9.812422738908595, 13.883776382077485]"
F62013,10,38,0.5,"[9.812422738908595, 18.59836154896766]"
F62013,10,38,0.6,"[9.812422738908595, 23.945815494284034]"
F62013,10,38,0.7,"[9.812422738908595, 29.86604879796505]"
F62013,10,38,0.8,"[9.812422738908595, 36.725432460196316]"
F62013,10,38,0.9,"[9.812422738908595, 42.723432476166636]"
F62013,10,38,1.0,"[9.812422738908595, 48.95492470217869]"
F62013,10,39,0.01,"[11.182574504063268, 0.6163225276395679]"
F62013,10,39,0.1,"[9.812422738908595, 6.654335953760892]"
F62013,10,39,0.2,"[9.812422738908595, 13.749805581755936]"
F62013,10,39,0.3,"[9.812422738908595, 19.76631314586848]"
F62013,10,39,0.4,"[9.812422738908595, 25.659587238915265]"
F62013,10,39,0.5,"[9.812422738908595, 31.792648375965655]"
F62013,10,39,0.6,"[9.812422738908595, 37.318033119663596]"
F62013,10,39,0.7,"[9.812422738908595, 44.52331845788285]"
F62013,10,39,0.8,"[9.812422738908595, 50.56791346473619]"
F62013,10,39,0.9,"[9.812422738908595, 53.81487691681832]"
F62013,10,39,1.0,"[9.812422738908595, 55.70232742698863]"
F62013,10,40,0.01,"[105.57182685168652, 0.6130899721756577]"
F62013,10,40,0.1,"[55.97241533243107, 6.219529781024903]"
F62013,10,40,0.2,"[55.972415332416176, 13.091765455901623]"
F62013,10,40,0.3,"[55.972415332416176, 18.27816223911941]"
F62013,10,40,0.4,"[55.972415332416176, 24.4297530031763]"
F62013,10,40,0.5,"[55.972415332416176, 29.8216536459513]"
F62013,10,40,0.6,"[55.972415332416176, 35.62332012085244]"
F62013,10,40,0.7,"[55.972415332416176, 40.375128995161504]"
F62013,10,40,0.8,"[55.972415332416176, 44.91991695202887]"
F62013,10,40,0.9,"[55.972415332416176, 49.099360663909465]"
F62013,10,40,1.0,"[55.972415332416176, 53.028289530891925]"
F62013,10,41,0.01,"[10.26028120049341, 1.0426440509036183]"
F62013,10,41,0.1,"[9.812422738908708, 6.624493639916182]"
F62013,10,41,0.2,"[9.812422738908708, 13.601692308671772]"
F62013,10,41,0.3,"[9.812422738908708, 20.542282555717975]"
F62013,10,41,0.4,"[9.812422738908708, 25.53366211010143]"
F62013,10,41,0.5,"[9.812422738908708, 31.796023653820157]"
F62013,10,41,0.6,"[9.812422738908708, 38.15285928780213]"
F62013,10,41,0.7,"[9.812422738908708, 40.357245242688805]"
F62013,10,41,0.8,"[9.812422738908708, 45.83395049767569]"
F62013,10,41,0.9,"[9.812422738908708, 49.9054389167577]"
F62013,10,41,1.0,"[9.812422738908595, 52.91371945803985]"
F62013,10,42,0.01,"[9.944787382629784, 0.8025930761359632]"
F62013,10,42,0.1,"[9.812422738908708, 7.085500899236649]"
F62013,10,42,0.2,"[9.812422738908595, 14.184738791082054]"
F62013,10,42,0.3,"[9.812422738908595, 17.890921790152788]"
F62013,10,42,0.4,"[9.812422738908595, 19.909680288285017]"
F62013,10,42,0.5,"[9.812422738908595, 21.71003354433924]"
F62013,10,42,0.6,"[9.812422738908595, 24.246089346241206]"
F62013,10,42,0.7,"[9.812422738908595, 30.45639936439693]"
F62013,10,42,0.8,"[9.812422738908595, 37.34527056431398]"
F62013,10,42,0.9,"[9.812422738908595, 41.41224765824154]"
F62013,10,42,1.0,"[9.812422738908595, 45.87066911533475]"
F62013,10,43,0.01,"[10.216626080513834, 1.180315291043371]"
F62013,10,43,0.1,"[9.812422738908595, 7.75434258999303]"
F62013,10,43,0.2,"[9.81242273890848, 13.725147273857147]"
F62013,10,43,0.3,"[9.81242273890848, 18.97217468963936]"
F62013,10,43,0.4,"[9.81242273890848, 23.731570180039853]"
F62013,10,43,0.5,"[9.81242273890848, 28.11435706075281]"
F62013,10,43,0.6,"[9.81242273890848, 32.87562846764922]"
F62013,10,43,0.7,"[9.81242273890848, 39.58843631995842]"
F62013,10,43,0.8,"[9.81242273890848, 45.55674181971699]"
F62013,10,43,0.9,"[9.81242273890848, 49.94466888299212]"
F62013,10,43,1.0,"[9.81242273890848, 52.56241044262424]"
F62013,10,44,0.01,"[10.112823281122132, 1.042817187961191]"
F62013,10,44,0.1,"[9.812422738908708, 7.3194435318000615]"
F62013,10,44,0.2,"[9.812422738908708, 14.023148165084422]"
F62013,10,44,0.3,"[9.812422738908708, 19.333865087945014]"
F62013,10,44,0.4,"[9.812422738908708, 24.49495054781437]"
F62013,10,44,0.5,"[9.812422738908708, 29.990128585137427]"
F62013,10,44,0.6,"[9.812422738908708, 35.692717995960265]"
F62013,10,44,0.7,"[9.812422738908708, 40.23027807008475]"
F62013,10,44,0.8,"[9.812422738908708, 45.0393821708858]"
F62013,10,44,0.9,"[9.812422738908708, 51.14246971998364]"
F62013,10,44,1.0,"[9.812422738908708, 54.1893239216879]"
F62013,10,45,0.01,"[10.647527971053933, 0.9506067768670619]"
F62013,10,45,0.1,"[9.81242273890848, 7.0465099778957665]"
F62013,10,45,0.2,"[9.81242273890848, 14.298189487773925]"
F62013,10,45,0.3,"[9.81242273890848, 21.59184260200709]"
F62013,10,45,0.4,"[9.81242273890848, 25.393155375961214]"
F62013,10,45,0.5,"[9.81242273890848, 28.519811110105366]"
F62013,10,45,0.6,"[9.81242273890848, 30.798310602083802]"
F62013,10,45,0.7,"[9.81242273890848, 34.49550596810877]"
F62013,10,45,0.8,"[9.81242273890848, 40.1597400540486]"
F62013,10,45,0.9,"[9.81242273890848, 46.2112663211301]"
F62013,10,45,1.0,"[9.81242273890848, 50.38001379277557]"
F62013,10,46,0.01,"[7.766562902255714, 1.2248071264475584]"
F62013,10,46,0.1,"[0.0, 7.199406667146832]"
F62013,10,46,0.2,"[0.0, 12.848920294083655]"
F62013,10,46,0.3,"[0.0, 18.312909784261137]"
F62013,10,46,0.4,"[0.0, 23.99137262115255]"
F62013,10,46,0.5,"[0.0, 29.05361547926441]"
F62013,10,46,0.6,"[0.0, 33.334396582096815]"
F62013,10,46,0.7,"[0.0, 40.05662138899788]"
F62013,10,46,0.8,"[0.0, 46.24934265902266]"
F62013,10,46,0.9,"[0.0, 49.576942197047174]"
F62013,10,46,1.0,"[0.0, 52.623416980262846]"
F62013,10,47,0.01,"[10.121285243165744, 1.074406465049833]"
F62013,10,47,0.1,"[9.81242273890848, 5.263658803887665]"
F62013,10,47,0.2,"[9.81242273890848, 10.34484067093581]"
F62013,10,47,0.3,"[9.81242273890848, 15.647769830189645]"
F62013,10,47,0.4,"[9.81242273890848, 21.377388187218457]"
F62013,10,47,0.5,"[9.81242273890848, 27.183100117836148]"
F62013,10,47,0.6,"[9.81242273890848, 32.53204979700968]"
F62013,10,47,0.7,"[9.81242273890848, 38.4624504619278]"
F62013,10,47,0.8,"[9.81242273890848, 44.64611809980124]"
F62013,10,47,0.9,"[9.81242273890848, 48.752856750041246]"
F62013,10,47,1.0,"[9.81242273890848, 51.39671993115917]"
F62013,10,48,0.01,"[9.91822973695787, 0.5842633959837258]"
F62013,10,48,0.1,"[0.0, 4.5787862171418965]"
F62013,10,48,0.2,"[0.0, 7.607517899014056]"
F62013,10,48,0.3,"[0.0, 10.066995072178543]"
F62013,10,48,0.4,"[0.0, 11.758171188179404]"
F62013,10,48,0.5,"[0.0, 13.563929494004697]"
F62013,10,48,0.6,"[0.0, 15.361777565907687]"
F62013,10,48,0.7,"[0.0, 17.150943291839212]"
F62013,10,48,0.8,"[0.0, 18.943404424004257]"
F62013,10,48,0.9,"[0.0, 20.734099742025137]"
F62013,10,48,1.0,"[0.0, 22.526459498796612]"
F62013,10,49,0.01,"[10.017720571956147, 0.5542729580774903]"
F62013,10,49,0.1,"[9.812422738908936, 4.984501667320728]"
F62013,10,49,0.2,"[9.812422738908936, 7.625803572125733]"
F62013,10,49,0.3,"[9.812422738908936, 9.472212485037744]"
F62013,10,49,0.4,"[9.812422738908936, 11.324112877249718]"
F62013,10,49,0.5,"[9.812422738908936, 13.113043011166155]"
F62013,10,49,0.6,"[9.812422738908936, 14.999191610142589]"
F62013,10,49,0.7,"[9.812422738908822, 17.10738068819046]"
F62013,10,49,0.8,"[9.812422738908595, 19.216308241244406]"
F62013,10,49,0.9,"[9.812422738908595, 21.332585284952074]"
F62013,10,49,1.0,"[9.812422738908595, 23.44409220200032]"
F62013,10,50,0.01,"[11.039605003276051, 0.5242324327118695]"
F62013,10,50,0.1,"[9.81242273890848, 4.391990873031318]"
F62013,10,50,0.2,"[9.81242273890848, 7.630901138763875]"
F62013,10,50,0.3,"[9.81242273890848, 9.455802761018276]"
F62013,10,50,0.4,"[9.81242273890848, 11.239800213836133]"
F62013,10,50,0.5,"[9.81242273890848, 12.981075842864811]"
F62013,10,50,0.6,"[9.81242273890848, 14.943649493623525]"
F62013,10,50,0.7,"[9.81242273890848, 17.020642292685807]"
F62013,10,50,0.8,"[9.81242273890848, 19.108986287843436]"
F62013,10,50,0.9,"[9.81242273890848, 21.18776333006099]"
F62013,10,50,1.0,"[9.81242273890848, 23.283676258753985]"
F62013,30,0,0.01,"[84.1807254117299, 7.142805673182011]"
F62013,30,0,0.1,"[26.738351907458878, 62.513102705124766]"
F62013,30,0,0.2,"[0.052068736667365556, 120.75165608199313]"
F62013,30,0,0.3,"[1.1368683772161603e-13, 178.53363769687712]"
F62013,30,0,0.4,"[1.1368683772161603e-13, 233.69714142382145]"
F62013,30,0,0.5,"[1.1368683772161603e-13, 290.964177807793]"
F62013,30,0,0.6,"[1.1368683772161603e-13, 347.73891685390845]"
F62013,30,0,0.7,"[1.1368683772161603e-13, 404.22786174016073]"
F62013,30,0,0.8,"[1.1368683772161603e-13, 464.72752529289573]"
F62013,30,0,0.9,"[1.1368683772161603e-13, 515.0237368899398]"
F62013,30,0,1.0,"[1.1368683772161603e-13, 536.4662424931303]"
F62013,30,1,0.01,"[81.58669518056502, 4.8092839401215315]"
F62013,30,1,0.1,"[1.1368683772161603e-13, 56.54276731191203]"
F62013,30,1,0.2,"[1.1368683772161603e-13, 109.99077675119042]"
F62013,30,1,0.3,"[1.1368683772161603e-13, 156.42789825424552]"
F62013,30,1,0.4,"[1.1368683772161603e-13, 213.08105084719136]"
F62013,30,1,0.5,"[1.1368683772161603e-13, 269.48147756420076]"
F62013,30,1,0.6,"[1.1368683772161603e-13, 323.3280054409988]"
F62013,30,1,0.7,"[1.1368683772161603e-13, 363.89326804783195]"
F62013,30,1,0.8,"[1.1368683772161603e-13, 418.2387145268731]"
F62013,30,1,0.9,"[1.1368683772161603e-13, 471.41151554789394]"
F62013,30,1,1.0,"[1.1368683772161603e-13, 519.7328634490259]"
F62013,30,2,0.01,"[84.29821888697279, 6.584240558091551]"
F62013,30,2,0.1,"[3.9866238543010013, 56.46332054026425]"
F62013,30,2,0.2,"[3.9866238543010013, 111.3548289979808]"
F62013,30,2,0.3,"[3.9866238543010013, 167.985018345993]"
F62013,30,2,0.4,"[3.9866238543010013, 223.9437726070173]"
F62013,30,2,0.5,"[3.9866238543010013, 277.6183476219885]"
F62013,30,2,0.6,"[3.9866238543010013, 327.2467215950601]"
F62013,30,2,0.7,"[3.9866238543010013, 380.4044439950958]"
F62013,30,2,0.8,"[3.9866238543010013, 436.3311350052245]"
F62013,30,2,0.9,"[3.9866238543010013, 491.1400217022747]"
F62013,30,2,1.0,"[3.9866238543010013, 533.2788964463398]"
F62013,30,3,0.01,"[18.8238325890851, 7.012392977252603]"
F62013,30,3,0.1,"[2.677779775694944e-09, 62.09706335235387]"
F62013,30,3,0.2,"[1.1368683772161603e-13, 116.23724499018863]"
F62013,30,3,0.3,"[1.1368683772161603e-13, 172.1799171702005]"
F62013,30,3,0.4,"[1.1368683772161603e-13, 227.82169509213418]"
F62013,30,3,0.5,"[1.1368683772161603e-13, 289.16033535217866]"
F62013,30,3,0.6,"[1.1368683772161603e-13, 338.3974235020578]"
F62013,30,3,0.7,"[1.1368683772161603e-13, 394.34782023727894]"
F62013,30,3,0.8,"[1.1368683772161603e-13, 451.2243073284626]"
F62013,30,3,0.9,"[1.1368683772161603e-13, 505.4340692432597]"
F62013,30,3,1.0,"[1.1368683772161603e-13, 532.370655767154]"
F62013,30,4,0.01,"[44.09974046345644, 3.779348310083151]"
F62013,30,4,0.1,"[3.892591450949112e-05, 49.08588750613853]"
F62013,30,4,0.2,"[1.1368683772161603e-13, 107.35280362283811]"
F62013,30,4,0.3,"[1.1368683772161603e-13, 166.28971926588565]"
F62013,30,4,0.4,"[1.1368683772161603e-13, 219.8333651018329]"
F62013,30,4,0.5,"[1.1368683772161603e-13, 277.0462636607699]"
F62013,30,4,0.6,"[1.1368683772161603e-13, 322.1720963041298]"
F62013,30,4,0.7,"[1.1368683772161603e-13, 371.29457436921075]"
F62013,30,4,0.8,"[1.1368683772161603e-13, 429.41809524502605]"
F62013,30,4,0.9,"[1.1368683772161603e-13, 486.1904274597764]"
F62013,30,4,1.0,"[1.1368683772161603e-13, 524.1506801368669]"
F62013,30,5,0.01,"[27.6831713058059, 3.3361544688232243]"
F62013,30,5,0.1,"[9.830801621047385, 54.152838895097375]"
F62013,30,5,0.2,"[1.1368683772161603e-13, 106.36132403183728]"
F62013,30,5,0.3,"[1.1368683772161603e-13, 158.94163173483685]"
F62013,30,5,0.4,"[1.1368683772161603e-13, 215.11017165798694]"
F62013,30,5,0.5,"[1.1368683772161603e-13, 273.0814335369505]"
F62013,30,5,0.6,"[1.1368683772161603e-13, 332.48031183099374]"
F62013,30,5,0.7,"[1.1368683772161603e-13, 392.69235175894573]"
F62013,30,5,0.8,"[1.1368683772161603e-13, 451.2435135487467]"
F62013,30,5,0.9,"[1.1368683772161603e-13, 505.0778346788138]"
F62013,30,5,1.0,"[1.1368683772161603e-13, 533.9123570779338]"
F62013,30,6,0.01,"[36.95814303557074, 5.755626414436847]"
F62013,30,6,0.1,"[14.53050850437387, 28.841442645993084]"
F62013,30,6,0.2,"[1.1368683772161603e-13, 65.85578856198117]"
F62013,30,6,0.3,"[1.1368683772161603e-13, 112.36778531922027]"
F62013,30,6,0.4,"[1.1368683772161603e-13, 157.46931931423023]"
F62013,30,6,0.5,"[1.1368683772161603e-13, 206.5275847981684]"
F62013,30,6,0.6,"[1.1368683772161603e-13, 262.08540314109996]"
F62013,30,6,0.7,"[1.1368683772161603e-13, 306.68435795838013]"
F62013,30,6,0.8,"[1.1368683772161603e-13, 361.4005847792141]"
F62013,30,6,0.9,"[1.1368683772161603e-13, 414.10849314322695]"
F62013,30,6,1.0,"[1.1368683772161603e-13, 466.80630168225616]"
F62013,30,7,0.01,"[28.99380411319021, 2.120800259988755]"
F62013,30,7,0.1,"[26.61146842534731, 56.90688252588734]"
F62013,30,7,0.2,"[0.0, 113.085618278943]"
F62013,30,7,0.3,"[0.0, 162.69930314691737]"
F62013,30,7,0.4,"[0.0, 213.7715421328321]"
F62013,30,7,0.5,"[0.0, 268.3878069478087]"
F62013,30,7,0.6,"[0.0, 324.7739849216305]"
F62013,30,7,0.7,"[0.0, 379.4972826386802]"
F62013,30,7,0.8,"[0.0, 436.33625905495137]"
F62013,30,7,0.9,"[0.0, 494.0716835409403]"
F62013,30,7,1.0,"[0.0, 526.0478162500076]"
F62013,30,8,0.01,"[80.86952558961718, 5.802143417764455]"
F62013,30,8,0.1,"[1.1368683772161603e-13, 56.24391241092235]"
F62013,30,8,0.2,"[1.1368683772161603e-13, 115.30437741614878]"
F62013,30,8,0.3,"[1.1368683772161603e-13, 175.49952811282128]"
F62013,30,8,0.4,"[1.1368683772161603e-13, 231.82742610387504]"
F62013,30,8,0.5,"[1.1368683772161603e-13, 287.68735613580793]"
F62013,30,8,0.6,"[1.1368683772161603e-13, 338.39127110503614]"
F62013,30,8,0.7,"[1.1368683772161603e-13, 385.8859557309188]"
F62013,30,8,0.8,"[1.1368683772161603e-13, 439.3161388998851]"
F62013,30,8,0.9,"[1.1368683772161603e-13, 493.1978602381423]"
F62013,30,8,1.0,"[1.1368683772161603e-13, 534.6515805749223]"
F62013,30,9,0.01,"[86.14612848660693, 6.817891564685851]"
F62013,30,9,0.1,"[1.1368683772161603e-13, 59.55795108480379]"
F62013,30,9,0.2,"[1.1368683772161603e-13, 117.68109518289566]"
F62013,30,9,0.3,"[1.1368683772161603e-13, 176.94265748094767]"
F62013,30,9,0.4,"[1.1368683772161603e-13, 232.4313741265796]"
F62013,30,9,0.5,"[1.1368683772161603e-13, 289.9666350376792]"
F62013,30,9,0.6,"[1.1368683772161603e-13, 346.32565132854506]"
F62013,30,9,0.7,"[1.1368683772161603e-13, 402.9705266286619]"
F62013,30,9,0.8,"[1.1368683772161603e-13, 457.9654835369438]"
F62013,30,9,0.9,"[1.1368683772161603e-13, 511.07366568781435]"
F62013,30,9,1.0,"[1.1368683772161603e-13, 537.282826860901]"
F62013,30,10,0.01,"[28.990539302090838, 4.0629292307421565]"
F62013,30,10,0.1,"[26.568200428357613, 50.840624388772994]"
F62013,30,10,0.2,"[1.1368683772161603e-13, 107.26316259801388]"
F62013,30,10,0.3,"[1.1368683772161603e-13, 158.00058758910745]"
F62013,30,10,0.4,"[1.1368683772161603e-13, 210.6301765497774]"
F62013,30,10,0.5,"[1.1368683772161603e-13, 264.3294110731222]"
F62013,30,10,0.6,"[1.1368683772161603e-13, 309.6455297716893]"
F62013,30,10,0.7,"[1.1368683772161603e-13, 361.2332014120184]"
F62013,30,10,0.8,"[1.1368683772161603e-13, 419.1525617078878]"
F62013,30,10,0.9,"[1.1368683772161603e-13, 467.1738347057253]"
F62013,30,10,1.0,"[1.1368683772161603e-13, 505.96645932178944]"
F62013,30,11,0.01,"[34.46004249641828, 3.266806662082672]"
F62013,30,11,0.1,"[26.732238876603333, 56.7650649449788]"
F62013,30,11,0.2,"[2.9247259817566373e-05, 107.67223295615986]"
F62013,30,11,0.3,"[1.1368683772161603e-13, 161.47024187119678]"
F62013,30,11,0.4,"[1.1368683772161603e-13, 200.02870631497353]"
F62013,30,11,0.5,"[1.1368683772161603e-13, 255.69411595817655]"
F62013,30,11,0.6,"[1.1368683772161603e-13, 302.2261178060435]"
F62013,30,11,0.7,"[1.1368683772161603e-13, 354.8486822610721]"
F62013,30,11,0.8,"[1.1368683772161603e-13, 411.8931059339084]"
F62013,30,11,0.9,"[1.1368683772161603e-13, 468.7822287119925]"
F62013,30,11,1.0,"[1.1368683772161603e-13, 500.29680415801704]"
F62013,30,12,0.01,"[16.29700079776819, 4.777289513032883]"
F62013,30,12,0.1,"[6.607479008380324e-10, 58.64122029300779]"
F62013,30,12,0.2,"[1.1368683772161603e-13, 111.18469183007255]"
F62013,30,12,0.3,"[1.1368683772161603e-13, 165.09523728583008]"
F62013,30,12,0.4,"[1.1368683772161603e-13, 221.2211602567695]"
F62013,30,12,0.5,"[1.1368683772161603e-13, 277.86680351477116]"
F62013,30,12,0.6,"[1.1368683772161603e-13, 334.66956268483773]"
F62013,30,12,0.7,"[1.1368683772161603e-13, 392.3121985970065]"
F62013,30,12,0.8,"[1.1368683772161603e-13, 453.7567199780606]"
F62013,30,12,0.9,"[1.1368683772161603e-13, 504.71503736870363]"
F62013,30,12,1.0,"[1.1368683772161603e-13, 534.6979473377578]"
F62013,30,13,0.01,"[47.069646315119826, 6.495321912225336]"
F62013,30,13,0.1,"[0.10162015511582467, 57.778415063396096]"
F62013,30,13,0.2,"[1.1368683772161603e-13, 113.34861545730382]"
F62013,30,13,0.3,"[1.1368683772161603e-13, 171.6828614100814]"
F62013,30,13,0.4,"[1.1368683772161603e-13, 220.01236491836607]"
F62013,30,13,0.5,"[1.1368683772161603e-13, 272.55526574794203]"
F62013,30,13,0.6,"[1.1368683772161603e-13, 327.107665467076]"
F62013,30,13,0.7,"[1.1368683772161603e-13, 369.04423069627956]"
F62013,30,13,0.8,"[1.1368683772161603e-13, 420.8594287522137]"
F62013,30,13,0.9,"[1.1368683772161603e-13, 473.7459645732306]"
F62013,30,13,1.0,"[1.1368683772161603e-13, 520.0570078343153]"
F62013,30,14,0.01,"[84.90017631441583, 6.16561758890748]"
F62013,30,14,0.1,"[27.20747809329191, 61.32697886507958]"
F62013,30,14,0.2,"[1.9814673869241233, 123.53088954417035]"
F62013,30,14,0.3,"[1.1368683772161603e-13, 181.06112454086542]"
F62013,30,14,0.4,"[1.1368683772161603e-13, 234.05428241891786]"
F62013,30,14,0.5,"[1.1368683772161603e-13, 287.3138625472784]"
F62013,30,14,0.6,"[1.1368683772161603e-13, 340.72749394224957]"
F62013,30,14,0.7,"[1.1368683772161603e-13, 395.7873294032179]"
F62013,30,14,0.8,"[1.1368683772161603e-13, 450.9142459211871]"
F62013,30,14,0.9,"[1.1368683772161603e-13, 504.7984126601368]"
F62013,30,14,1.0,"[1.1368683772161603e-13, 533.0833625430241]"
F62013,30,15,0.01,"[24.536821496736593, 5.126386682037264]"
F62013,30,15,0.1,"[4.692083166446537e-09, 56.84570320183411]"
F62013,30,15,0.2,"[1.1368683772161603e-13, 116.45483025209978]"
F62013,30,15,0.3,"[1.1368683772161603e-13, 174.82282399293035]"
F62013,30,15,0.4,"[1.1368683772161603e-13, 229.83148770593107]"
F62013,30,15,0.5,"[1.1368683772161603e-13, 287.15305068995804]"
F62013,30,15,0.6,"[1.1368683772161603e-13, 344.4426759118214]"
F62013,30,15,0.7,"[1.1368683772161603e-13, 400.8277414999902]"
F62013,30,15,0.8,"[1.1368683772161603e-13, 455.06489525781944]"
F62013,30,15,0.9,"[1.1368683772161603e-13, 507.4010416320525]"
F62013,30,15,1.0,"[1.1368683772161603e-13, 536.3391006742604]"
F62013,30,16,0.01,"[16.036030803056292, 6.855280173942447]"
F62013,30,16,0.1,"[5.9117155615240335e-12, 57.447849506977946]"
F62013,30,16,0.2,"[1.1368683772161603e-13, 112.74522714689374]"
F62013,30,16,0.3,"[1.1368683772161603e-13, 168.2573851677589]"
F62013,30,16,0.4,"[1.1368683772161603e-13, 222.5701917828992]"
F62013,30,16,0.5,"[1.1368683772161603e-13, 276.38067763578147]"
F62013,30,16,0.6,"[1.1368683772161603e-13, 331.72319337679073]"
F62013,30,16,0.7,"[1.1368683772161603e-13, 389.15021937992424]"
F62013,30,16,0.8,"[1.1368683772161603e-13, 449.94349886476994]"
F62013,30,16,0.9,"[1.1368683772161603e-13, 505.80163895804435]"
F62013,30,16,1.0,"[1.1368683772161603e-13, 534.4702461129054]"
F62013,30,17,0.01,"[79.8238534577639, 5.842814681120217]"
F62013,30,17,0.1,"[0.423536996652615, 53.706325645092875]"
F62013,30,17,0.2,"[1.1368683772161603e-13, 104.97789084492251]"
F62013,30,17,0.3,"[1.1368683772161603e-13, 158.69806184479967]"
F62013,30,17,0.4,"[1.1368683772161603e-13, 214.66418697079644]"
F62013,30,17,0.5,"[1.1368683772161603e-13, 272.38647730182856]"
F62013,30,17,0.6,"[1.1368683772161603e-13, 325.81821179622784]"
F62013,30,17,0.7,"[1.1368683772161603e-13, 366.283466252964]"
F62013,30,17,0.8,"[1.1368683772161603e-13, 422.07005771808326]"
F62013,30,17,0.9,"[1.1368683772161603e-13, 474.09943412197754]"
F62013,30,17,1.0,"[1.1368683772161603e-13, 515.8182292389683]"
F62013,30,18,0.01,"[58.27489294225188, 7.26776521326974]"
F62013,30,18,0.1,"[0.04573302846313254, 56.80642061121762]"
F62013,30,18,0.2,"[1.1368683772161603e-13, 108.13532715430483]"
F62013,30,18,0.3,"[1.1368683772161603e-13, 161.19812925113365]"
F62013,30,18,0.4,"[1.1368683772161603e-13, 213.2229684391059]"
F62013,30,18,0.5,"[1.1368683772161603e-13, 269.5185554502532]"
F62013,30,18,0.6,"[1.1368683772161603e-13, 323.4328312142752]"
F62013,30,18,0.7,"[1.1368683772161603e-13, 376.62569579295814]"
F62013,30,18,0.8,"[1.1368683772161603e-13, 428.66755621600896]"
F62013,30,18,0.9,"[1.1368683772161603e-13, 482.39310615416616]"
F62013,30,18,1.0,"[1.1368683772161603e-13, 524.4963108571246]"
F62013,30,19,0.01,"[16.764045268534915, 6.517251812852919]"
F62013,30,19,0.1,"[3.177547114319168e-10, 61.41300379903987]"
F62013,30,19,0.2,"[1.1368683772161603e-13, 117.2477390631102]"
F62013,30,19,0.3,"[1.1368683772161603e-13, 175.5674749868922]"
F62013,30,19,0.4,"[1.1368683772161603e-13, 220.27699968917295]"
F62013,30,19,0.5,"[1.1368683772161603e-13, 271.95152876200154]"
F62013,30,19,0.6,"[1.1368683772161603e-13, 327.60391895798966]"
F62013,30,19,0.7,"[1.1368683772161603e-13, 383.0248477361165]"
F62013,30,19,0.8,"[1.1368683772161603e-13, 436.62357852514833]"
F62013,30,19,0.9,"[1.1368683772161603e-13, 493.4845874849707]"
F62013,30,19,1.0,"[1.1368683772161603e-13, 525.469634253066]"
F62013,30,20,0.01,"[68.84785341046495, 6.548846536315978]"
F62013,30,20,0.1,"[0.06419427436026126, 58.68422937206924]"
F62013,30,20,0.2,"[1.1368683772161603e-13, 116.44806411210448]"
F62013,30,20,0.3,"[1.1368683772161603e-13, 173.1885623363778]"
F62013,30,20,0.4,"[1.1368683772161603e-13, 230.25032696314156]"
F62013,30,20,0.5,"[1.1368683772161603e-13, 288.2155142291449]"
F62013,30,20,0.6,"[1.1368683772161603e-13, 344.8363330019638]"
F62013,30,20,0.7,"[1.1368683772161603e-13, 400.7265383959748]"
F62013,30,20,0.8,"[1.1368683772161603e-13, 455.470437863376]"
F62013,30,20,0.9,"[1.1368683772161603e-13, 508.4759103739634]"
F62013,30,20,1.0,"[1.1368683772161603e-13, 536.3744597709738]"
F62013,30,21,0.01,"[79.79329159356985, 5.9877682835794985]"
F62013,30,21,0.1,"[0.3736183292668329, 35.340842647943646]"
F62013,30,21,0.2,"[1.1368683772161603e-13, 75.1563690667972]"
F62013,30,21,0.3,"[1.1368683772161603e-13, 130.04514320753515]"
F62013,30,21,0.4,"[1.1368683772161603e-13, 185.60386461298913]"
F62013,30,21,0.5,"[1.1368683772161603e-13, 241.346730326768]"
F62013,30,21,0.6,"[1.1368683772161603e-13, 284.56751957163215]"
F62013,30,21,0.7,"[1.1368683772161603e-13, 335.1162129929289]"
F62013,30,21,0.8,"[1.1368683772161603e-13, 381.59970388468355]"
F62013,30,21,0.9,"[1.1368683772161603e-13, 437.26508505875245]"
F62013,30,21,1.0,"[1.1368683772161603e-13, 484.1613547517918]"
F62013,30,22,0.01,"[52.75735424309414, 5.007816690951586]"
F62013,30,22,0.1,"[0.3763020118719851, 51.51664379192516]"
F62013,30,22,0.2,"[1.1368683772161603e-13, 108.04864901863039]"
F62013,30,22,0.3,"[1.1368683772161603e-13, 167.6719630556181]"
F62013,30,22,0.4,"[1.1368683772161603e-13, 222.34998859884217]"
F62013,30,22,0.5,"[1.1368683772161603e-13, 281.49183674994856]"
F62013,30,22,0.6,"[1.1368683772161603e-13, 338.7887861886993]"
F62013,30,22,0.7,"[1.1368683772161603e-13, 394.46484025893733]"
F62013,30,22,0.8,"[1.1368683772161603e-13, 452.43560379277915]"
F62013,30,22,0.9,"[1.1368683772161603e-13, 507.21514386404306]"
F62013,30,22,1.0,"[1.1368683772161603e-13, 532.7534068468958]"
F62013,30,23,0.01,"[29.714835326003595, 4.716362947132438]"
F62013,30,23,0.1,"[0.0017855971058224895, 49.93412818899378]"
F62013,30,23,0.2,"[1.1368683772161603e-13, 94.638704769779]"
F62013,30,23,0.3,"[1.1368683772161603e-13, 146.866324712988]"
F62013,30,23,0.4,"[1.1368683772161603e-13, 202.3703989922069]"
F62013,30,23,0.5,"[1.1368683772161603e-13, 256.67668630415574]"
F62013,30,23,0.6,"[1.1368683772161603e-13, 311.9225681209937]"
F62013,30,23,0.7,"[1.1368683772161603e-13, 364.6897696410306]"
F62013,30,23,0.8,"[1.1368683772161603e-13, 412.75152955390513]"
F62013,30,23,0.9,"[1.1368683772161603e-13, 461.3989676120691]"
F62013,30,23,1.0,"[1.1368683772161603e-13, 504.1418061121367]"
F62013,30,24,0.01,"[46.22785354643429, 6.00143670802936]"
F62013,30,24,0.1,"[0.10482497728810358, 57.50084257731214]"
F62013,30,24,0.2,"[1.1368683772161603e-13, 117.44931656029075]"
F62013,30,24,0.3,"[1.1368683772161603e-13, 175.3909043460153]"
F62013,30,24,0.4,"[1.1368683772161603e-13, 228.2083911630325]"
F62013,30,24,0.5,"[1.1368683772161603e-13, 282.84677294129506]"
F62013,30,24,0.6,"[1.1368683772161603e-13, 339.42224971437827]"
F62013,30,24,0.7,"[1.1368683772161603e-13, 394.8334675193764]"
F62013,30,24,0.8,"[1.1368683772161603e-13, 446.2418877533637]"
F62013,30,24,0.9,"[1.1368683772161603e-13, 498.75077039096504]"
F62013,30,24,1.0,"[1.1368683772161603e-13, 529.2204362922348]"
F62013,30,25,0.01,"[19.05679494413596, 5.422012041788548]"
F62013,30,25,0.1,"[7.562969130958663e-07, 56.09458846272901]"
F62013,30,25,0.2,"[1.1368683772161603e-13, 109.6188616938889]"
F62013,30,25,0.3,"[1.1368683772161603e-13, 164.58912580972537]"
F62013,30,25,0.4,"[1.1368683772161603e-13, 217.84916325798258]"
F62013,30,25,0.5,"[1.1368683772161603e-13, 272.2848540288396]"
F62013,30,25,0.6,"[1.1368683772161603e-13, 323.75339777581394]"
F62013,30,25,0.7,"[1.1368683772161603e-13, 375.29483670787886]"
F62013,30,25,0.8,"[1.1368683772161603e-13, 430.2616985067725]"
F62013,30,25,0.9,"[1.1368683772161603e-13, 483.72480023885146]"
F62013,30,25,1.0,"[1.1368683772161603e-13, 527.2349199596792]"
F62013,30,26,0.01,"[78.55768329493958, 5.052737093064934]"
F62013,30,26,0.1,"[0.05468846481062428, 45.99101186916232]"
F62013,30,26,0.2,"[1.1368683772161603e-13, 79.32687076600268]"
F62013,30,26,0.3,"[1.1368683772161603e-13, 133.37139525124803]"
F62013,30,26,0.4,"[1.1368683772161603e-13, 185.72427783627063]"
F62013,30,26,0.5,"[1.1368683772161603e-13, 240.5912161222659]"
F62013,30,26,0.6,"[1.1368683772161603e-13, 294.86283297417685]"
F62013,30,26,0.7,"[1.1368683772161603e-13, 340.6743935989216]"
F62013,30,26,0.8,"[1.1368683772161603e-13, 395.5661940299906]"
F62013,30,26,0.9,"[1.1368683772161603e-13, 449.29819859098643]"
F62013,30,26,1.0,"[1.1368683772161603e-13, 486.24587196623906]"
F62013,30,27,0.01,"[91.39482180444224, 6.909435801208019]"
F62013,30,27,0.1,"[0.0002080535876984868, 57.568145665340126]"
F62013,30,27,0.2,"[1.1368683772161603e-13, 116.90773653797805]"
F62013,30,27,0.3,"[1.1368683772161603e-13, 175.1498747630976]"
F62013,30,27,0.4,"[1.1368683772161603e-13, 230.77729755733162]"
F62013,30,27,0.5,"[1.1368683772161603e-13, 285.8397953370586]"
F62013,30,27,0.6,"[1.1368683772161603e-13, 342.7276529241353]"
F62013,30,27,0.7,"[1.1368683772161603e-13, 399.353171733208]"
F62013,30,27,0.8,"[1.1368683772161603e-13, 457.3253866462037]"
F62013,30,27,0.9,"[1.1368683772161603e-13, 509.6031554462388]"
F62013,30,27,1.0,"[1.1368683772161603e-13, 537.0477096200921]"
F62013,30,28,0.01,"[33.07350277970818, 5.918789337854832]"
F62013,30,28,0.1,"[15.598802920447042, 56.580195046029985]"
F62013,30,28,0.2,"[1.1368683772161603e-13, 114.04215784789994]"
F62013,30,28,0.3,"[1.1368683772161603e-13, 167.16688408888876]"
F62013,30,28,0.4,"[1.1368683772161603e-13, 220.57828010478988]"
F62013,30,28,0.5,"[1.1368683772161603e-13, 260.4985780669376]"
F62013,30,28,0.6,"[1.1368683772161603e-13, 315.44051515776664]"
F62013,30,28,0.7,"[1.1368683772161603e-13, 370.4495514431037]"
F62013,30,28,0.8,"[1.1368683772161603e-13, 424.114898679778]"
F62013,30,28,0.9,"[1.1368683772161603e-13, 477.9853040226735]"
F62013,30,28,1.0,"[1.1368683772161603e-13, 524.3184542846866]"
F62013,30,29,0.01,"[45.026386899712634, 5.882089823950082]"
F62013,30,29,0.1,"[0.027451912775745768, 56.99009363306686]"
F62013,30,29,0.2,"[1.1368683772161603e-13, 114.87224277481437]"
F62013,30,29,0.3,"[1.1368683772161603e-13, 174.3591834148392]"
F62013,30,29,0.4,"[1.1368683772161603e-13, 231.39145367313176]"
F62013,30,29,0.5,"[1.1368683772161603e-13, 286.1929619391449]"
F62013,30,29,0.6,"[1.1368683772161603e-13, 340.47356675518677]"
F62013,30,29,0.7,"[1.1368683772161603e-13, 396.49899954302236]"
F62013,30,29,0.8,"[1.1368683772161603e-13, 445.4337908937596]"
F62013,30,29,0.9,"[1.1368683772161603e-13, 500.0288894670084]"
F62013,30,29,1.0,"[1.1368683772161603e-13, 534.6731814667583]"
F62013,30,30,0.01,"[61.27242384523538, 5.933789881877601]"
F62013,30,30,0.1,"[0.16241493991299194, 56.07772316690534]"
F62013,30,30,0.2,"[1.1368683772161603e-13, 115.13718994194642]"
F62013,30,30,0.3,"[1.1368683772161603e-13, 169.36639943392947]"
F62013,30,30,0.4,"[1.1368683772161603e-13, 228.32741981185973]"
F62013,30,30,0.5,"[1.1368683772161603e-13, 282.8877112371847]"
F62013,30,30,0.6,"[1.1368683772161603e-13, 334.42761758714914]"
F62013,30,30,0.7,"[1.1368683772161603e-13, 389.3630863111466]"
F62013,30,30,0.8,"[1.1368683772161603e-13, 443.16014596587047]"
F62013,30,30,0.9,"[1.1368683772161603e-13, 496.8249729052186]"
F62013,30,30,1.0,"[1.1368683772161603e-13, 536.2161090439186]"
F62013,30,31,0.01,"[30.1193867881168, 6.589122152887285]"
F62013,30,31,0.1,"[5.8791937817659345e-05, 59.05822542915121]"
F62013,30,31,0.2,"[1.1368683772161603e-13, 118.14048162801191]"
F62013,30,31,0.3,"[1.1368683772161603e-13, 172.57639654027298]"
F62013,30,31,0.4,"[1.1368683772161603e-13, 219.74490412324667]"
F62013,30,31,0.5,"[1.1368683772161603e-13, 273.5112771242857]"
F62013,30,31,0.6,"[1.1368683772161603e-13, 321.3208491629921]"
F62013,30,31,0.7,"[1.1368683772161603e-13, 376.1116896769963]"
F62013,30,31,0.8,"[1.1368683772161603e-13, 429.2795774419792]"
F62013,30,31,0.9,"[1.1368683772161603e-13, 480.1296922182664]"
F62013,30,31,1.0,"[1.1368683772161603e-13, 527.9076092252508]"
F62013,30,32,0.01,"[75.67800929498924, 6.0034662457183]"
F62013,30,32,0.1,"[1.891781229845492, 59.848835398908705]"
F62013,30,32,0.2,"[0.0, 119.53700779890642]"
F62013,30,32,0.3,"[0.0, 176.64808426098898]"
F62013,30,32,0.4,"[0.0, 234.02677534567192]"
F62013,30,32,0.5,"[0.0, 288.972150856629]"
F62013,30,32,0.6,"[0.0, 344.04391341656446]"
F62013,30,32,0.7,"[0.0, 399.56640183366835]"
F62013,30,32,0.8,"[0.0, 453.01134890457615]"
F62013,30,32,0.9,"[0.0, 506.49793836986646]"
F62013,30,32,1.0,"[0.0, 536.5506667159498]"
F62013,30,33,0.01,"[31.090893864435657, 3.903450914658606]"
F62013,30,33,0.1,"[26.677574354316903, 54.19841603375971]"
F62013,30,33,0.2,"[1.1368683772161603e-13, 106.52512637665495]"
F62013,30,33,0.3,"[1.1368683772161603e-13, 164.19428229378536]"
F62013,30,33,0.4,"[1.1368683772161603e-13, 220.44792405469343]"
F62013,30,33,0.5,"[1.1368683772161603e-13, 276.1707058385946]"
F62013,30,33,0.6,"[1.1368683772161603e-13, 317.5030743209645]"
F62013,30,33,0.7,"[1.1368683772161603e-13, 370.55449934490025]"
F62013,30,33,0.8,"[1.1368683772161603e-13, 427.97559019364417]"
F62013,30,33,0.9,"[1.1368683772161603e-13, 483.1118330298923]"
F62013,30,33,1.0,"[1.1368683772161603e-13, 521.3888890277594]"
F62013,30,34,0.01,"[48.40325232268333, 5.144485940691084]"
F62013,30,34,0.1,"[0.07467695008585906, 35.2934807757847]"
F62013,30,34,0.2,"[1.1368683772161603e-13, 83.75115374196321]"
F62013,30,34,0.3,"[1.1368683772161603e-13, 137.46035680174828]"
F62013,30,34,0.4,"[1.1368683772161603e-13, 185.13958920584992]"
F62013,30,34,0.5,"[1.1368683772161603e-13, 238.5484202178195]"
F62013,30,34,0.6,"[1.1368683772161603e-13, 282.0853260150179]"
F62013,30,34,0.7,"[1.1368683772161603e-13, 326.19847533479333]"
F62013,30,34,0.8,"[1.1368683772161603e-13, 371.38337935786694]"
F62013,30,34,0.9,"[1.1368683772161603e-13, 424.49377193581313]"
F62013,30,34,1.0,"[1.1368683772161603e-13, 471.12619738979265]"
F62013,30,35,0.01,"[22.486265042131663, 3.7273333030752838]"
F62013,30,35,0.1,"[2.6751467885333113e-07, 52.02444893773645]"
F62013,30,35,0.2,"[0.0, 90.56756449909881]"
F62013,30,35,0.3,"[0.0, 144.25413481891155]"
F62013,30,35,0.4,"[0.0, 194.2606813418679]"
F62013,30,35,0.5,"[0.0, 252.92210306273773]"
F62013,30,35,0.6,"[0.0, 299.6213731179014]"
F62013,30,35,0.7,"[0.0, 349.6213695667684]"
F62013,30,35,0.8,"[0.0, 404.34920261008665]"
F62013,30,35,0.9,"[0.0, 455.17971894005314]"
F62013,30,35,1.0,"[0.0, 508.6145358970389]"
F62013,30,36,0.01,"[43.801505869125776, 6.923728100955486]"
F62013,30,36,0.1,"[0.007590812232706412, 53.27111374028027]"
F62013,30,36,0.2,"[1.1368683772161603e-13, 105.44991000322625]"
F62013,30,36,0.3,"[1.1368683772161603e-13, 158.14601162821054]"
F62013,30,36,0.4,"[1.1368683772161603e-13, 214.49726003594697]"
F62013,30,36,0.5,"[1.1368683772161603e-13, 270.0153744122945]"
F62013,30,36,0.6,"[1.1368683772161603e-13, 324.38481451105326]"
F62013,30,36,0.7,"[1.1368683772161603e-13, 378.60141729936004]"
F62013,30,36,0.8,"[1.1368683772161603e-13, 432.0206284923479]"
F62013,30,36,0.9,"[1.1368683772161603e-13, 484.6550432443619]"
F62013,30,36,1.0,"[1.1368683772161603e-13, 522.5208754041232]"
F62013,30,37,0.01,"[22.982972709857563, 5.911573257762939]"
F62013,30,37,0.1,"[9.856080737336015e-06, 44.367290692869574]"
F62013,30,37,0.2,"[1.1368683772161603e-13, 86.19641228904948]"
F62013,30,37,0.3,"[1.1368683772161603e-13, 139.71896052686498]"
F62013,30,37,0.4,"[1.1368683772161603e-13, 192.75920194061473]"
F62013,30,37,0.5,"[1.1368683772161603e-13, 248.9100506179966]"
F62013,30,37,0.6,"[1.1368683772161603e-13, 305.9821824776009]"
F62013,30,37,0.7,"[1.1368683772161603e-13, 360.1912302756682]"
F62013,30,37,0.8,"[1.1368683772161603e-13, 415.4374552317895]"
F62013,30,37,0.9,"[1.1368683772161603e-13, 464.9062207136303]"
F62013,30,37,1.0,"[1.1368683772161603e-13, 507.1646900139749]"
F62013,30,38,0.01,"[19.449760226676858, 6.828774952329695]"
F62013,30,38,0.1,"[5.39454276804463e-08, 56.465337705332786]"
F62013,30,38,0.2,"[1.1368683772161603e-13, 101.72386876121163]"
F62013,30,38,0.3,"[1.1368683772161603e-13, 154.03583350637928]"
F62013,30,38,0.4,"[1.1368683772161603e-13, 208.7200098191388]"
F62013,30,38,0.5,"[1.1368683772161603e-13, 267.20854134112597]"
F62013,30,38,0.6,"[1.1368683772161603e-13, 303.9638887280598]"
F62013,30,38,0.7,"[1.1368683772161603e-13, 348.7593923234381]"
F62013,30,38,0.8,"[1.1368683772161603e-13, 393.4859704351984]"
F62013,30,38,0.9,"[1.1368683772161603e-13, 448.32239328417927]"
F62013,30,38,1.0,"[1.1368683772161603e-13, 497.7792602153495]"
F62013,30,39,0.01,"[49.24966697828802, 7.472390566952527]"
F62013,30,39,0.1,"[0.15423138253584057, 48.955566637218]"
F62013,30,39,0.2,"[1.1368683772161603e-13, 101.25572421308607]"
F62013,30,39,0.3,"[1.1368683772161603e-13, 138.89973457111046]"
F62013,30,39,0.4,"[1.1368683772161603e-13, 187.4234395911917]"
F62013,30,39,0.5,"[1.1368683772161603e-13, 240.69868754781783]"
F62013,30,39,0.6,"[1.1368683772161603e-13, 293.9627689588815]"
F62013,30,39,0.7,"[1.1368683772161603e-13, 339.588056684006]"
F62013,30,39,0.8,"[1.1368683772161603e-13, 393.969783321023]"
F62013,30,39,0.9,"[1.1368683772161603e-13, 447.5832794471644]"
F62013,30,39,1.0,"[1.1368683772161603e-13, 495.6082327151671]"
F62013,30,40,0.01,"[49.831106908334505, 7.194381193257868]"
F62013,30,40,0.1,"[0.12473167086955073, 55.48625656403601]"
F62013,30,40,0.2,"[1.1368683772161603e-13, 105.51214977027848]"
F62013,30,40,0.3,"[1.1368683772161603e-13, 156.6474649333395]"
F62013,30,40,0.4,"[1.1368683772161603e-13, 208.43204091209918]"
F62013,30,40,0.5,"[1.1368683772161603e-13, 261.7448878111318]"
F62013,30,40,0.6,"[1.1368683772161603e-13, 307.2793818982318]"
F62013,30,40,0.7,"[1.1368683772161603e-13, 350.53090985910967]"
F62013,30,40,0.8,"[1.1368683772161603e-13, 400.05014437809587]"
F62013,30,40,0.9,"[1.1368683772161603e-13, 452.7309588752687]"
F62013,30,40,1.0,"[1.1368683772161603e-13, 502.88987360335886]"
F62013,30,41,0.01,"[77.85511095341053, 7.029002016875893]"
F62013,30,41,0.1,"[0.22986632959873532, 53.937391347717494]"
F62013,30,41,0.2,"[1.1368683772161603e-13, 85.33991196891293]"
F62013,30,41,0.3,"[1.1368683772161603e-13, 139.28679583966732]"
F62013,30,41,0.4,"[1.1368683772161603e-13, 179.4396270569414]"
F62013,30,41,0.5,"[1.1368683772161603e-13, 233.52139916596934]"
F62013,30,41,0.6,"[1.1368683772161603e-13, 285.94716454995796]"
F62013,30,41,0.7,"[1.1368683772161603e-13, 334.6342242937535]"
F62013,30,41,0.8,"[1.1368683772161603e-13, 389.39034520089626]"
F62013,30,41,0.9,"[1.1368683772161603e-13, 436.47233820986]"
F62013,30,41,1.0,"[1.1368683772161603e-13, 489.4804010805674]"
F62013,30,42,0.01,"[29.19699321546409, 5.551038329023868]"
F62013,30,42,0.1,"[26.543722099876845, 37.67093548737466]"
F62013,30,42,0.2,"[15.835678915209883, 81.58263263339177]"
F62013,30,42,0.3,"[1.1368683772161603e-13, 134.36395491007715]"
F62013,30,42,0.4,"[1.1368683772161603e-13, 176.04309482919052]"
F62013,30,42,0.5,"[1.1368683772161603e-13, 226.4590619909577]"
F62013,30,42,0.6,"[1.1368683772161603e-13, 283.169441008009]"
F62013,30,42,0.7,"[1.1368683772161603e-13, 337.4409032901749]"
F62013,30,42,0.8,"[1.1368683772161603e-13, 380.9420742299408]"
F62013,30,42,0.9,"[1.1368683772161603e-13, 435.77089749416336]"
F62013,30,42,1.0,"[1.1368683772161603e-13, 482.24109442625195]"
F62013,30,43,0.01,"[47.354878856586424, 3.8850559811107814]"
F62013,30,43,0.1,"[0.3646735643512784, 42.07608019420877]"
F62013,30,43,0.2,"[1.1368683772161603e-13, 90.62646917719394]"
F62013,30,43,0.3,"[1.1368683772161603e-13, 141.91388296429068]"
F62013,30,43,0.4,"[1.1368683772161603e-13, 195.08278169715777]"
F62013,30,43,0.5,"[1.1368683772161603e-13, 249.9876248971559]"
F62013,30,43,0.6,"[1.1368683772161603e-13, 304.9125602929853]"
F62013,30,43,0.7,"[1.1368683772161603e-13, 361.3966744323261]"
F62013,30,43,0.8,"[1.1368683772161603e-13, 418.3074476593174]"
F62013,30,43,0.9,"[1.1368683772161603e-13, 475.1996381590143]"
F62013,30,43,1.0,"[1.1368683772161603e-13, 517.0864111371338]"
F62013,30,44,0.01,"[78.47333638302973, 6.274116741959006]"
F62013,30,44,0.1,"[1.1368683772161603e-13, 54.208446479868144]"
F62013,30,44,0.2,"[1.1368683772161603e-13, 108.57372715789825]"
F62013,30,44,0.3,"[1.1368683772161603e-13, 162.72098855208606]"
F62013,30,44,0.4,"[1.1368683772161603e-13, 216.54031167691574]"
F62013,30,44,0.5,"[1.1368683772161603e-13, 271.8863422558643]"
F62013,30,44,0.6,"[1.1368683772161603e-13, 327.02725472906604]"
F62013,30,44,0.7,"[1.1368683772161603e-13, 383.8188591208309]"
F62013,30,44,0.8,"[1.1368683772161603e-13, 436.7014145287685]"
F62013,30,44,0.9,"[1.1368683772161603e-13, 489.99615430785343]"
F62013,30,44,1.0,"[1.1368683772161603e-13, 529.0392510299571]"
F62013,30,45,0.01,"[44.4544328932069, 4.97559266211465]"
F62013,30,45,0.1,"[0.021351001432094563, 56.300436129793525]"
F62013,30,45,0.2,"[0.0, 117.8230737587437]"
F62013,30,45,0.3,"[0.0, 175.99226010590792]"
F62013,30,45,0.4,"[0.0, 230.89791909279302]"
F62013,30,45,0.5,"[0.0, 285.74562769709155]"
F62013,30,45,0.6,"[0.0, 334.9662530948408]"
F62013,30,45,0.7,"[0.0, 380.2478755521588]"
F62013,30,45,0.8,"[0.0, 435.7006853558123]"
F62013,30,45,0.9,"[0.0, 490.0284484871663]"
F62013,30,45,1.0,"[0.0, 529.4926915857941]"
F62013,30,46,0.01,"[79.40301310751283, 7.304879454895854]"
F62013,30,46,0.1,"[1.009510737540836, 52.874435600824654]"
F62013,30,46,0.2,"[1.1368683772161603e-13, 86.01860095979646]"
F62013,30,46,0.3,"[1.1368683772161603e-13, 139.41790121607482]"
F62013,30,46,0.4,"[1.1368683772161603e-13, 192.77439927402884]"
F62013,30,46,0.5,"[1.1368683772161603e-13, 249.47014189185575]"
F62013,30,46,0.6,"[1.1368683772161603e-13, 290.6522116740234]"
F62013,30,46,0.7,"[1.1368683772161603e-13, 346.2529083881527]"
F62013,30,46,0.8,"[1.1368683772161603e-13, 402.9019017657265]"
F62013,30,46,0.9,"[1.1368683772161603e-13, 457.18352839397267]"
F62013,30,46,1.0,"[1.1368683772161603e-13, 505.65475512109697]"
F62013,30,47,0.01,"[41.09325701972955, 6.813125418964773]"
F62013,30,47,0.1,"[15.891967331016076, 61.30352122988552]"
F62013,30,47,0.2,"[13.975606607645318, 118.8476108009927]"
F62013,30,47,0.3,"[0.25746029864376396, 174.71861153002828]"
F62013,30,47,0.4,"[1.1368683772161603e-13, 229.98585890000686]"
F62013,30,47,0.5,"[1.1368683772161603e-13, 287.4334909217432]"
F62013,30,47,0.6,"[1.1368683772161603e-13, 342.9415869708173]"
F62013,30,47,0.7,"[1.1368683772161603e-13, 399.69857086008415]"
F62013,30,47,0.8,"[1.1368683772161603e-13, 455.6151178260334]"
F62013,30,47,0.9,"[1.1368683772161603e-13, 508.05318031506613]"
F62013,30,47,1.0,"[1.1368683772161603e-13, 533.1463529178873]"
F62013,30,48,0.01,"[57.016813477772985, 6.167895677965134]"
F62013,30,48,0.1,"[0.20048183440508183, 46.3143946970813]"
F62013,30,48,0.2,"[1.1368683772161603e-13, 67.4107286608778]"
F62013,30,48,0.3,"[1.1368683772161603e-13, 74.0429646759294]"
F62013,30,48,0.4,"[1.1368683772161603e-13, 80.70462405402213]"
F62013,30,48,0.5,"[1.1368683772161603e-13, 87.36650413786992]"
F62013,30,48,0.6,"[1.1368683772161603e-13, 94.02073738491163]"
F62013,30,48,0.7,"[1.1368683772161603e-13, 100.66835795296356]"
F62013,30,48,0.8,"[1.1368683772161603e-13, 107.30791641306132]"
F62013,30,48,0.9,"[1.1368683772161603e-13, 113.94224947318435]"
F62013,30,48,1.0,"[1.1368683772161603e-13, 120.568469109945]"
F62013,30,49,0.01,"[51.92310645862506, 5.231173474807292]"
F62013,30,49,0.1,"[0.0759372557771485, 41.166881770826876]"
F62013,30,49,0.2,"[1.1368683772161603e-13, 62.799784222617745]"
F62013,30,49,0.3,"[1.1368683772161603e-13, 69.54867640184239]"
F62013,30,49,0.4,"[1.1368683772161603e-13, 76.20631181774661]"
F62013,30,49,0.5,"[1.1368683772161603e-13, 82.86284970166162]"
F62013,30,49,0.6,"[1.1368683772161603e-13, 89.5156036936678]"
F62013,30,49,0.7,"[1.1368683772161603e-13, 96.1591005497612]"
F62013,30,49,0.8,"[1.1368683772161603e-13, 102.80865139793605]"
F62013,30,49,0.9,"[1.1368683772161603e-13, 109.45146661996841]"
F62013,30,49,1.0,"[1.1368683772161603e-13, 116.17401820700616]"
F62013,30,50,0.01,"[38.639402360894564, 6.487853378988802]"
F62013,30,50,0.1,"[26.635833114306706, 41.583731767721474]"
F62013,30,50,0.2,"[1.1368683772161603e-13, 54.736221798695624]"
F62013,30,50,0.3,"[1.1368683772161603e-13, 61.29165625479072]"
F62013,30,50,0.4,"[1.1368683772161603e-13, 67.85165889887139]"
F62013,30,50,0.5,"[1.1368683772161603e-13, 74.37411407195032]"
F62013,30,50,0.6,"[1.1368683772161603e-13, 80.87149185175076]"
F62013,30,50,0.7,"[1.1368683772161603e-13, 87.3551377155818]"
F62013,30,50,0.8,"[1.1368683772161603e-13, 93.82657384779304]"
F62013,30,50,0.9,"[1.1368683772161603e-13, 100.29956160159782]"
F62013,30,50,1.0,"[1.1368683772161603e-13, 106.77131171990186]"
F62013,50,0,0.01,"[45.80470475570394, 17.60067129973322]"
F62013,50,0,0.1,"[43.44733153497123, 190.4094332596287]"
F62013,50,0,0.2,"[43.44733153497123, 374.11127767385915]"
F62013,50,0,0.3,"[43.44733153497123, 548.0394798805937]"
F62013,50,0,0.4,"[43.44733153497123, 717.1020780666731]"
F62013,50,0,0.5,"[43.44733153497123, 900.962522723712]"
F62013,50,0,0.6,"[43.44733153497123, 1086.9591109808534]"
F62013,50,0,0.7,"[43.44733153497123, 1267.9388138069771]"
F62013,50,0,0.8,"[43.44733153497123, 1447.9077538498677]"
F62013,50,0,0.9,"[43.44733153497123, 1631.0821046759374]"
F62013,50,0,1.0,"[43.44733153497123, 1789.4933187109418]"
F62013,50,1,0.01,"[46.308767414806425, 17.33978022588417]"
F62013,50,1,0.1,"[43.44733153497123, 188.13716870406643]"
F62013,50,1,0.2,"[43.44733153497123, 374.09909934177995]"
F62013,50,1,0.3,"[43.44733153497123, 547.7949912436306]"
F62013,50,1,0.4,"[43.44733153497123, 724.3948505846784]"
F62013,50,1,0.5,"[43.44733153497123, 903.5096501596272]"
F62013,50,1,0.6,"[43.44733153497123, 1080.2848599418066]"
F62013,50,1,0.7,"[43.44733153497123, 1255.5244181659073]"
F62013,50,1,0.8,"[43.44733153497123, 1433.6183589659631]"
F62013,50,1,0.9,"[43.44733153497123, 1607.4060872117989]"
F62013,50,1,1.0,"[43.44733153497123, 1776.2079983777367]"
F62013,50,2,0.01,"[47.33267374344496, 16.470583090092987]"
F62013,50,2,0.1,"[43.44733153497123, 186.900091429241]"
F62013,50,2,0.2,"[43.44733153497123, 382.3837076118216]"
F62013,50,2,0.3,"[43.44733153497123, 564.3945355000906]"
F62013,50,2,0.4,"[43.44733153497123, 750.8810833082534]"
F62013,50,2,0.5,"[43.44733153497123, 911.397266460117]"
F62013,50,2,0.6,"[43.44733153497123, 1089.5764169539325]"
F62013,50,2,0.7,"[43.44733153497123, 1266.4920224752277]"
F62013,50,2,0.8,"[43.44733153497123, 1428.927962578833]"
F62013,50,2,0.9,"[43.44733153497123, 1596.8950919378549]"
F62013,50,2,1.0,"[43.44733153497123, 1771.9901914321817]"
F62013,50,3,0.01,"[46.67386538120638, 20.634358305018395]"
F62013,50,3,0.1,"[43.44733153497123, 188.03723392589018]"
F62013,50,3,0.2,"[43.44733153497123, 372.1958937998861]"
F62013,50,3,0.3,"[43.44733153497123, 549.8636226886883]"
F62013,50,3,0.4,"[43.44733153497123, 725.8549129348248]"
F62013,50,3,0.5,"[43.44733153497123, 901.3772366698831]"
F62013,50,3,0.6,"[43.44733153497123, 1081.106124619022]"
F62013,50,3,0.7,"[43.44733153497123, 1252.6899007586762]"
F62013,50,3,0.8,"[43.44733153497123, 1424.381364685949]"
F62013,50,3,0.9,"[43.44733153497123, 1593.6984341209754]"
F62013,50,3,1.0,"[43.44733153497123, 1762.1313720718026]"
F62013,50,4,0.01,"[47.30953534281787, 15.225446423981339]"
F62013,50,4,0.1,"[43.44733153497134, 179.16374265262857]"
F62013,50,4,0.2,"[43.44733153497134, 374.69280117889866]"
F62013,50,4,0.3,"[43.44733153497134, 567.5152555876411]"
F62013,50,4,0.4,"[43.44733153497134, 754.6011475026608]"
F62013,50,4,0.5,"[43.44733153497134, 941.0163053767756]"
F62013,50,4,0.6,"[43.44733153497134, 1121.0241924440488]"
F62013,50,4,0.7,"[43.44733153497134, 1298.2924131648615]"
F62013,50,4,0.8,"[43.44733153497134, 1486.7561765029095]"
F62013,50,4,0.9,"[43.44733153497134, 1676.6897492078133]"
F62013,50,4,1.0,"[43.44733153497134, 1804.3103144760244]"
F62013,50,5,0.01,"[49.18784022854777, 17.020499763078988]"
F62013,50,5,0.1,"[49.127275419775174, 191.4700340470299]"
F62013,50,5,0.2,"[49.127275419775174, 341.9960187464021]"
F62013,50,5,0.3,"[49.127275419775174, 519.4926708042622]"
F62013,50,5,0.4,"[49.127275419775174, 704.2143196524121]"
F62013,50,5,0.5,"[49.127275419775174, 883.9983005141839]"
F62013,50,5,0.6,"[49.127275419775174, 1059.478885576129]"
F62013,50,5,0.7,"[49.127275419775174, 1243.9932637433521]"
F62013,50,5,0.8,"[49.127275419775174, 1423.8540243781172]"
F62013,50,5,0.9,"[49.127275419775174, 1596.4040044471622]"
F62013,50,5,1.0,"[49.127275419775174, 1774.792871659156]"
F62013,50,6,0.01,"[47.16439623069232, 17.318916308227926]"
F62013,50,6,0.1,"[43.44733153497134, 180.84522489318624]"
F62013,50,6,0.2,"[43.44733153497134, 378.3380391029641]"
F62013,50,6,0.3,"[43.44733153497134, 571.1178627149202]"
F62013,50,6,0.4,"[43.44733153497134, 759.0082606649958]"
F62013,50,6,0.5,"[43.44733153497134, 943.5265071289614]"
F62013,50,6,0.6,"[43.44733153497134, 1127.2739199409261]"
F62013,50,6,0.7,"[43.44733153497134, 1301.4909218312241]"
F62013,50,6,0.8,"[43.44733153497134, 1489.8673598440364]"
F62013,50,6,0.9,"[43.44733153497134, 1673.720842473209]"
F62013,50,6,1.0,"[43.44733153497134, 1801.601550552994]"
F62013,50,7,0.01,"[45.38185200406667, 14.24959282297641]"
F62013,50,7,0.1,"[43.447331534971454, 187.57757576089352]"
F62013,50,7,0.2,"[43.447331534971454, 389.7665902902372]"
F62013,50,7,0.3,"[43.447331534971454, 581.3219451028854]"
F62013,50,7,0.4,"[43.447331534971454, 772.6852125981823]"
F62013,50,7,0.5,"[43.447331534971454, 944.1062739319168]"
F62013,50,7,0.6,"[43.447331534971454, 1121.7239102791063]"
F62013,50,7,0.7,"[43.447331534971454, 1308.1522309682332]"
F62013,50,7,0.8,"[43.447331534971454, 1502.7408096729778]"
F62013,50,7,0.9,"[43.447331534971454, 1695.2200540490448]"
F62013,50,7,1.0,"[43.447331534971454, 1807.3461501728743]"
F62013,50,8,0.01,"[45.683286346264936, 20.849101861938834]"
F62013,50,8,0.1,"[43.44733153497111, 187.85439113900065]"
F62013,50,8,0.2,"[43.44733153497111, 368.7911590170115]"
F62013,50,8,0.3,"[43.44733153497111, 546.7514132768847]"
F62013,50,8,0.4,"[43.44733153497111, 722.4495328566991]"
F62013,50,8,0.5,"[43.44733153497111, 899.4319775979966]"
F62013,50,8,0.6,"[43.44733153497111, 1075.541435002815]"
F62013,50,8,0.7,"[43.44733153497111, 1248.997967299074]"
F62013,50,8,0.8,"[43.44733153497111, 1421.246762251947]"
F62013,50,8,0.9,"[43.44733153497111, 1588.0827148100361]"
F62013,50,8,1.0,"[43.44733153497111, 1756.106728836894]"
F62013,50,9,0.01,"[47.0036115156114, 15.375132536981255]"
F62013,50,9,0.1,"[43.44733153497123, 176.51752891996875]"
F62013,50,9,0.2,"[43.44733153497123, 334.0664534801617]"
F62013,50,9,0.3,"[43.44733153497123, 506.99542543431744]"
F62013,50,9,0.4,"[43.44733153497123, 688.051708499901]"
F62013,50,9,0.5,"[43.44733153497123, 874.2639202442952]"
F62013,50,9,0.6,"[43.44733153497123, 1027.5059754750691]"
F62013,50,9,0.7,"[43.44733153497123, 1206.5151075460017]"
F62013,50,9,0.8,"[43.44733153497123, 1373.6050797700882]"
F62013,50,9,0.9,"[43.44733153497123, 1549.2912225532345]"
F62013,50,9,1.0,"[43.44733153497123, 1732.9468769179657]"
F62013,50,10,0.01,"[48.07694689890991, 17.077914854045957]"
F62013,50,10,0.1,"[43.44733153497134, 182.02562183281407]"
F62013,50,10,0.2,"[43.44733153497134, 378.7384528927505]"
F62013,50,10,0.3,"[43.44733153497134, 564.3528635329567]"
F62013,50,10,0.4,"[43.44733153497134, 752.0370716168545]"
F62013,50,10,0.5,"[43.44733153497134, 935.6856561666355]"
F62013,50,10,0.6,"[43.44733153497134, 1119.6372556309216]"
F62013,50,10,0.7,"[43.44733153497134, 1287.45942498371]"
F62013,50,10,0.8,"[43.44733153497134, 1478.0657545747235]"
F62013,50,10,0.9,"[43.44733153497134, 1664.0730946357362]"
F62013,50,10,1.0,"[43.44733153497134, 1802.0855243979022]"
F62013,50,11,0.01,"[48.63118724671949, 18.181358659174293]"
F62013,50,11,0.1,"[43.44733153497123, 197.0885974103585]"
F62013,50,11,0.2,"[43.44733153497123, 370.7303342442028]"
F62013,50,11,0.3,"[43.44733153497123, 547.6501579233445]"
F62013,50,11,0.4,"[43.44733153497123, 735.6430585719645]"
F62013,50,11,0.5,"[43.44733153497123, 908.4532803422771]"
F62013,50,11,0.6,"[43.44733153497123, 1085.0342727559619]"
F62013,50,11,0.7,"[43.44733153497123, 1271.1422293023206]"
F62013,50,11,0.8,"[43.44733153497123, 1448.2990030152723]"
F62013,50,11,0.9,"[43.44733153497123, 1620.5192694962025]"
F62013,50,11,1.0,"[43.44733153497123, 1786.555571170058]"
F62013,50,12,0.01,"[47.18549886666915, 15.476772901136428]"
F62013,50,12,0.1,"[43.44733153497123, 188.35382323432714]"
F62013,50,12,0.2,"[43.44733153497123, 367.8892052019946]"
F62013,50,12,0.3,"[43.44733153497123, 546.9264895492233]"
F62013,50,12,0.4,"[43.44733153497123, 723.5699368240312]"
F62013,50,12,0.5,"[43.44733153497123, 902.2542587001808]"
F62013,50,12,0.6,"[43.44733153497123, 1080.40304247709]"
F62013,50,12,0.7,"[43.44733153497123, 1258.5999455600977]"
F62013,50,12,0.8,"[43.44733153497123, 1441.8015256361105]"
F62013,50,12,0.9,"[43.44733153497123, 1611.5594958760776]"
F62013,50,12,1.0,"[43.44733153497123, 1780.2620545132086]"
F62013,50,13,0.01,"[45.74450803116429, 16.270741815678775]"
F62013,50,13,0.1,"[11.906004118021201, 185.4171161209233]"
F62013,50,13,0.2,"[3.9866238543010013, 365.06961686210707]"
F62013,50,13,0.3,"[3.9866238543010013, 544.9610234210268]"
F62013,50,13,0.4,"[3.9866238543010013, 723.0957531486638]"
F62013,50,13,0.5,"[3.9866238543010013, 894.7939297147095]"
F62013,50,13,0.6,"[3.9866238543010013, 1073.5988808088005]"
F62013,50,13,0.7,"[3.9866238543010013, 1253.2374279159121]"
F62013,50,13,0.8,"[3.9866238543010013, 1433.8261236026883]"
F62013,50,13,0.9,"[3.9866238543010013, 1612.4088256927207]"
F62013,50,13,1.0,"[3.9866238543010013, 1778.057609369047]"
F62013,50,14,0.01,"[49.20068862535322, 16.987521869596094]"
F62013,50,14,0.1,"[43.44733153497134, 191.09762100875378]"
F62013,50,14,0.2,"[43.44733153497134, 385.62508284067735]"
F62013,50,14,0.3,"[43.44733153497134, 549.0377279859968]"
F62013,50,14,0.4,"[43.44733153497134, 729.2176232798956]"
F62013,50,14,0.5,"[43.44733153497134, 892.2078853989951]"
F62013,50,14,0.6,"[43.44733153497134, 1072.6223033568822]"
F62013,50,14,0.7,"[43.44733153497134, 1258.2136108078994]"
F62013,50,14,0.8,"[43.44733153497134, 1428.6777189066634]"
F62013,50,14,0.9,"[43.44733153497134, 1594.1276296926662]"
F62013,50,14,1.0,"[43.44733153497134, 1764.104807429947]"
F62013,50,15,0.01,"[45.81888220611404, 13.588052018079907]"
F62013,50,15,0.1,"[43.44733153497123, 188.56350529938936]"
F62013,50,15,0.2,"[43.44733153497123, 380.4246582533233]"
F62013,50,15,0.3,"[43.44733153497123, 550.5917221191339]"
F62013,50,15,0.4,"[43.44733153497123, 723.8876697523519]"
F62013,50,15,0.5,"[43.44733153497123, 897.5821076482534]"
F62013,50,15,0.6,"[43.44733153497123, 1056.2261287393048]"
F62013,50,15,0.7,"[43.44733153497123, 1237.9410566892475]"
F62013,50,15,0.8,"[43.44733153497123, 1419.8089678492397]"
F62013,50,15,0.9,"[43.44733153497123, 1595.9742585010827]"
F62013,50,15,1.0,"[43.44733153497123, 1772.8146472773515]"
F62013,50,16,0.01,"[47.59392901192177, 16.371577620040625]"
F62013,50,16,0.1,"[43.44733153497134, 188.0483086258173]"
F62013,50,16,0.2,"[43.44733153497134, 377.66743952874094]"
F62013,50,16,0.3,"[43.44733153497134, 561.6262186840177]"
F62013,50,16,0.4,"[43.44733153497134, 727.7723859250546]"
F62013,50,16,0.5,"[43.44733153497134, 897.3414782518521]"
F62013,50,16,0.6,"[43.44733153497134, 1075.830857689958]"
F62013,50,16,0.7,"[43.44733153497134, 1258.7584593659267]"
F62013,50,16,0.8,"[43.44733153497134, 1441.7771317996085]"
F62013,50,16,0.9,"[43.44733153497134, 1603.4510327158496]"
F62013,50,16,1.0,"[43.44733153497134, 1780.0102375620045]"
F62013,50,17,0.01,"[45.860930059776024, 10.041213350370526]"
F62013,50,17,0.1,"[43.447331534971454, 170.6035574739799]"
F62013,50,17,0.2,"[43.447331534971454, 364.9656364270486]"
F62013,50,17,0.3,"[43.447331534971454, 547.176658985205]"
F62013,50,17,0.4,"[43.447331534971454, 733.3960338742472]"
F62013,50,17,0.5,"[43.447331534971454, 918.1772229843773]"
F62013,50,17,0.6,"[43.447331534971454, 1100.9476563460194]"
F62013,50,17,0.7,"[43.447331534971454, 1283.9003408960998]"
F62013,50,17,0.8,"[43.447331534971454, 1477.8258903142996]"
F62013,50,17,0.9,"[43.447331534971454, 1665.3864952041768]"
F62013,50,17,1.0,"[43.447331534971454, 1804.9916310310364]"
F62013,50,18,0.01,"[43.96665257000325, 15.744940348900855]"
F62013,50,18,0.1,"[43.44733153497123, 193.5070635676384]"
F62013,50,18,0.2,"[43.44733153497123, 339.23533326759934]"
F62013,50,18,0.3,"[43.44733153497123, 525.2220683959313]"
F62013,50,18,0.4,"[43.44733153497123, 685.7394809667021]"
F62013,50,18,0.5,"[43.44733153497123, 866.1021082368679]"
F62013,50,18,0.6,"[43.44733153497123, 1032.9166702888906]"
F62013,50,18,0.7,"[43.44733153497123, 1222.1222540186718]"
F62013,50,18,0.8,"[43.44733153497123, 1385.1877811979502]"
F62013,50,18,0.9,"[43.44733153497123, 1555.569627678953]"
F62013,50,18,1.0,"[43.44733153497123, 1738.5580645035952]"
F62013,50,19,0.01,"[45.03001669717855, 11.731900149956346]"
F62013,50,19,0.1,"[43.44733153497123, 186.58893971284851]"
F62013,50,19,0.2,"[43.44733153497123, 388.2641900591552]"
F62013,50,19,0.3,"[43.44733153497123, 546.5022355997935]"
F62013,50,19,0.4,"[43.44733153497123, 740.6461639171466]"
F62013,50,19,0.5,"[43.44733153497123, 930.794949051924]"
F62013,50,19,0.6,"[43.44733153497123, 1102.4555656518787]"
F62013,50,19,0.7,"[43.44733153497123, 1288.3302889619954]"
F62013,50,19,0.8,"[43.44733153497123, 1479.4222347820178]"
F62013,50,19,0.9,"[43.44733153497123, 1662.0308198737912]"
F62013,50,19,1.0,"[43.44733153497123, 1803.0822693808004]"
F62013,50,20,0.01,"[49.14066680291012, 16.708071525674313]"
F62013,50,20,0.1,"[43.44733153497123, 148.24494182365015]"
F62013,50,20,0.2,"[43.44733153497123, 343.66318438062444]"
F62013,50,20,0.3,"[43.44733153497123, 531.9305602386594]"
F62013,50,20,0.4,"[43.44733153497123, 717.6511388546787]"
F62013,50,20,0.5,"[43.44733153497123, 896.6132066110149]"
F62013,50,20,0.6,"[43.44733153497123, 1078.7212323676795]"
F62013,50,20,0.7,"[43.44733153497123, 1255.8791008819826]"
F62013,50,20,0.8,"[43.44733153497123, 1446.695258751046]"
F62013,50,20,0.9,"[43.44733153497123, 1636.2343541560695]"
F62013,50,20,1.0,"[43.44733153497123, 1797.6610849769786]"
F62013,50,21,0.01,"[47.88498230287712, 16.472240682691336]"
F62013,50,21,0.1,"[43.44733153497123, 179.77612588182092]"
F62013,50,21,0.2,"[43.44733153497123, 376.2468558889814]"
F62013,50,21,0.3,"[43.44733153497123, 562.5363964959979]"
F62013,50,21,0.4,"[43.44733153497123, 749.2652703151107]"
F62013,50,21,0.5,"[43.44733153497123, 934.8599126478657]"
F62013,50,21,0.6,"[43.44733153497123, 1116.747302113101]"
F62013,50,21,0.7,"[43.44733153497123, 1300.8934496259317]"
F62013,50,21,0.8,"[43.44733153497123, 1492.19805357093]"
F62013,50,21,0.9,"[43.44733153497123, 1675.5052691018209]"
F62013,50,21,1.0,"[43.44733153497123, 1804.9097145297565]"
F62013,50,22,0.01,"[44.83340056926443, 15.082687729038298]"
F62013,50,22,0.1,"[43.44733153497123, 160.59466394828632]"
F62013,50,22,0.2,"[43.44733153497123, 354.2414359790273]"
F62013,50,22,0.3,"[43.44733153497123, 542.2644263673574]"
F62013,50,22,0.4,"[43.44733153497123, 728.2961412351578]"
F62013,50,22,0.5,"[43.44733153497123, 911.7090029404499]"
F62013,50,22,0.6,"[43.44733153497123, 1091.547268963419]"
F62013,50,22,0.7,"[43.44733153497123, 1273.7162039503455]"
F62013,50,22,0.8,"[43.44733153497123, 1461.4452458382584]"
F62013,50,22,0.9,"[43.44733153497123, 1644.9530661003664]"
F62013,50,22,1.0,"[43.44733153497123, 1800.708244764246]"
F62013,50,23,0.01,"[46.34234624482383, 15.161651335190982]"
F62013,50,23,0.1,"[43.44733153497123, 182.9753337870352]"
F62013,50,23,0.2,"[43.44733153497123, 385.8631031853147]"
F62013,50,23,0.3,"[43.44733153497123, 562.3956922753714]"
F62013,50,23,0.4,"[43.44733153497123, 751.1158916982822]"
F62013,50,23,0.5,"[43.44733153497123, 937.9985086112283]"
F62013,50,23,0.6,"[43.44733153497123, 1124.190045635216]"
F62013,50,23,0.7,"[43.44733153497123, 1310.6985543980263]"
F62013,50,23,0.8,"[43.44733153497123, 1501.948626326397]"
F62013,50,23,0.9,"[43.44733153497123, 1690.0736046903767]"
F62013,50,23,1.0,"[43.44733153497123, 1805.602652844973]"
F62013,50,24,0.01,"[47.85268262840691, 16.183855939190835]"
F62013,50,24,0.1,"[43.44733153497123, 167.390417275019]"
F62013,50,24,0.2,"[43.44733153497123, 360.1775328638032]"
F62013,50,24,0.3,"[43.44733153497123, 540.7927146060392]"
F62013,50,24,0.4,"[43.44733153497123, 726.3639395320788]"
F62013,50,24,0.5,"[43.44733153497123, 904.2470862497576]"
F62013,50,24,0.6,"[43.44733153497123, 1088.7075631050393]"
F62013,50,24,0.7,"[43.44733153497123, 1243.3630150351673]"
F62013,50,24,0.8,"[43.44733153497123, 1432.7418029950932]"
F62013,50,24,0.9,"[43.44733153497123, 1618.111362395808]"
F62013,50,24,1.0,"[43.44733153497123, 1790.4952254649252]"
F62013,50,25,0.01,"[46.42630188339706, 16.20341929839924]"
F62013,50,25,0.1,"[43.44733153497134, 183.60878674406558]"
F62013,50,25,0.2,"[43.44733153497134, 377.1406557513401]"
F62013,50,25,0.3,"[43.44733153497134, 570.1716788061894]"
F62013,50,25,0.4,"[43.44733153497134, 755.0899355593137]"
F62013,50,25,0.5,"[43.44733153497134, 939.9126931382343]"
F62013,50,25,0.6,"[43.44733153497134, 1125.9743841174059]"
F62013,50,25,0.7,"[43.44733153497134, 1303.4306673184037]"
F62013,50,25,0.8,"[43.44733153497134, 1494.0017034444027]"
F62013,50,25,0.9,"[43.44733153497134, 1678.6172583219595]"
F62013,50,25,1.0,"[43.44733153497134, 1799.1389880352654]"
F62013,50,26,0.01,"[46.79916144307572, 12.495643184054643]"
F62013,50,26,0.1,"[43.44733153497111, 181.97885821200907]"
F62013,50,26,0.2,"[43.44733153497111, 359.97543142270297]"
F62013,50,26,0.3,"[43.44733153497111, 546.0431887628511]"
F62013,50,26,0.4,"[43.44733153497111, 725.4477674248628]"
F62013,50,26,0.5,"[43.44733153497111, 905.8370712958276]"
F62013,50,26,0.6,"[43.44733153497111, 1087.9885116270743]"
F62013,50,26,0.7,"[43.44733153497111, 1271.091624096036]"
F62013,50,26,0.8,"[43.44733153497111, 1447.8453509509563]"
F62013,50,26,0.9,"[43.44733153497111, 1627.7904319339432]"
F62013,50,26,1.0,"[43.44733153497111, 1791.899615647737]"
F62013,50,27,0.01,"[54.94013645826146, 17.283932705875486]"
F62013,50,27,0.1,"[43.44733153497134, 185.05903402995318]"
F62013,50,27,0.2,"[43.44733153497134, 367.8011711020954]"
F62013,50,27,0.3,"[43.44733153497134, 540.9430394489318]"
F62013,50,27,0.4,"[43.44733153497134, 718.9108102060854]"
F62013,50,27,0.5,"[43.44733153497134, 869.8575047370978]"
F62013,50,27,0.6,"[43.44733153497134, 1028.1906159361824]"
F62013,50,27,0.7,"[43.44733153497134, 1205.3146374681965]"
F62013,50,27,0.8,"[43.44733153497134, 1373.3637621607631]"
F62013,50,27,0.9,"[43.44733153497134, 1550.026040609926]"
F62013,50,27,1.0,"[43.44733153497134, 1727.5370371188037]"
F62013,50,28,0.01,"[47.36610856437596, 18.430793760810047]"
F62013,50,28,0.1,"[43.44733153497123, 181.49671232700348]"
F62013,50,28,0.2,"[43.44733153497123, 331.6110279317945]"
F62013,50,28,0.3,"[43.44733153497123, 489.2405245457776]"
F62013,50,28,0.4,"[43.44733153497123, 640.9304288327694]"
F62013,50,28,0.5,"[43.44733153497123, 820.8414437840693]"
F62013,50,28,0.6,"[43.44733153497123, 889.9060390959494]"
F62013,50,28,0.7,"[43.44733153497123, 1053.3385710339062]"
F62013,50,28,0.8,"[43.44733153497123, 1236.15181414783]"
F62013,50,28,0.9,"[43.44733153497123, 1404.2139912168495]"
F62013,50,28,1.0,"[43.44733153497123, 1576.961005197838]"
F62013,50,29,0.01,"[49.09850692505802, 18.458109966944903]"
F62013,50,29,0.1,"[43.44733153497134, 187.56209099991247]"
F62013,50,29,0.2,"[43.44733153497134, 380.9981393869966]"
F62013,50,29,0.3,"[43.44733153497134, 571.4019652479328]"
F62013,50,29,0.4,"[43.44733153497134, 756.1831709756516]"
F62013,50,29,0.5,"[43.44733153497134, 937.9012678726576]"
F62013,50,29,0.6,"[43.44733153497134, 1115.9989927196875]"
F62013,50,29,0.7,"[43.44733153497134, 1251.8453271696344]"
F62013,50,29,0.8,"[43.44733153497134, 1443.7800896768458]"
F62013,50,29,0.9,"[43.44733153497134, 1632.0637822076678]"
F62013,50,29,1.0,"[43.44733153497134, 1794.480628165882]"
F62013,50,30,0.01,"[48.74227619557803, 17.968033812008798]"
F62013,50,30,0.1,"[43.44733153497123, 181.81734015094116]"
F62013,50,30,0.2,"[43.44733153497123, 357.195163839031]"
F62013,50,30,0.3,"[43.44733153497123, 539.9593577859923]"
F62013,50,30,0.4,"[43.44733153497123, 717.3933671112172]"
F62013,50,30,0.5,"[43.44733153497123, 899.1040257601999]"
F62013,50,30,0.6,"[43.44733153497123, 1077.5725067220628]"
F62013,50,30,0.7,"[43.44733153497123, 1271.957986797206]"
F62013,50,30,0.8,"[43.44733153497123, 1455.6796309947968]"
F62013,50,30,0.9,"[43.44733153497123, 1605.7788587771356]"
F62013,50,30,1.0,"[43.44733153497123, 1781.2049209969118]"
F62013,50,31,0.01,"[47.26125922227618, 17.61493533011526]"
F62013,50,31,0.1,"[43.44733153497157, 187.87939991382882]"
F62013,50,31,0.2,"[43.44733153497157, 351.9262224608101]"
F62013,50,31,0.3,"[43.44733153497157, 522.6756065897644]"
F62013,50,31,0.4,"[43.44733153497157, 700.4304749700241]"
F62013,50,31,0.5,"[43.44733153497157, 868.42214410007]"
F62013,50,31,0.6,"[43.44733153497157, 1043.327017802745]"
F62013,50,31,0.7,"[43.44733153497157, 1230.0153704821132]"
F62013,50,31,0.8,"[43.44733153497157, 1402.6473614308052]"
F62013,50,31,0.9,"[43.44733153497157, 1575.3475510939024]"
F62013,50,31,1.0,"[43.44733153497157, 1749.8648697249591]"
F62013,50,32,0.01,"[43.95226918760579, 17.204125612974167]"
F62013,50,32,0.1,"[43.44733153497123, 192.8492808942683]"
F62013,50,32,0.2,"[43.44733153497123, 385.17696313001215]"
F62013,50,32,0.3,"[43.44733153497123, 569.9321144060232]"
F62013,50,32,0.4,"[43.44733153497123, 735.4496132582426]"
F62013,50,32,0.5,"[43.44733153497123, 885.2237107763067]"
F62013,50,32,0.6,"[43.44733153497123, 1059.9496609959751]"
F62013,50,32,0.7,"[43.44733153497123, 1246.3261494683102]"
F62013,50,32,0.8,"[43.44733153497123, 1420.6432340131141]"
F62013,50,32,0.9,"[43.44733153497123, 1603.267538848333]"
F62013,50,32,1.0,"[43.44733153497123, 1778.5238245800138]"
F62013,50,33,0.01,"[46.70406283788827, 19.89577585272491]"
F62013,50,33,0.1,"[43.44733153497123, 191.85933646792546]"
F62013,50,33,0.2,"[43.44733153497123, 374.76509563298896]"
F62013,50,33,0.3,"[43.44733153497123, 552.427792346105]"
F62013,50,33,0.4,"[43.44733153497123, 731.2708931560628]"
F62013,50,33,0.5,"[43.44733153497123, 908.9959420179948]"
F62013,50,33,0.6,"[43.44733153497123, 1084.1788126006722]"
F62013,50,33,0.7,"[43.44733153497123, 1258.4068179498427]"
F62013,50,33,0.8,"[43.44733153497123, 1439.621633714065]"
F62013,50,33,0.9,"[43.44733153497123, 1619.4913105219603]"
F62013,50,33,1.0,"[43.44733153497123, 1782.1382316220552]"
F62013,50,34,0.01,"[47.920542893395464, 17.093659300822765]"
F62013,50,34,0.1,"[43.44733153497123, 188.1015572291799]"
F62013,50,34,0.2,"[43.44733153497123, 369.12520876619965]"
F62013,50,34,0.3,"[43.44733153497123, 533.877629974857]"
F62013,50,34,0.4,"[43.44733153497123, 707.2542557409033]"
F62013,50,34,0.5,"[43.44733153497123, 871.9192503299564]"
F62013,50,34,0.6,"[43.44733153497123, 1041.3549990430474]"
F62013,50,34,0.7,"[43.44733153497123, 1219.279186856933]"
F62013,50,34,0.8,"[43.44733153497123, 1394.3095885589719]"
F62013,50,34,0.9,"[43.44733153497123, 1575.3610179810785]"
F62013,50,34,1.0,"[43.44733153497123, 1752.9806512119249]"
F62013,50,35,0.01,"[46.172943754593575, 17.168187826871872]"
F62013,50,35,0.1,"[43.44733153497134, 187.17233904032037]"
F62013,50,35,0.2,"[43.44733153497134, 374.87668139114976]"
F62013,50,35,0.3,"[43.44733153497134, 558.4095703619532]"
F62013,50,35,0.4,"[43.44733153497134, 736.8221667902544]"
F62013,50,35,0.5,"[43.44733153497134, 916.0003503742628]"
F62013,50,35,0.6,"[43.44733153497134, 1084.3822795553133]"
F62013,50,35,0.7,"[43.44733153497134, 1262.684661141131]"
F62013,50,35,0.8,"[43.44733153497134, 1443.844304641243]"
F62013,50,35,0.9,"[43.44733153497134, 1627.8503451868892]"
F62013,50,35,1.0,"[43.44733153497134, 1786.2956266328692]"
F62013,50,36,0.01,"[44.929097427761576, 17.065896668937057]"
F62013,50,36,0.1,"[43.447331534971454, 189.75422099838033]"
F62013,50,36,0.2,"[43.447331534971454, 376.30553542403504]"
F62013,50,36,0.3,"[43.447331534971454, 553.5611358550377]"
F62013,50,36,0.4,"[43.447331534971454, 729.5931674083695]"
F62013,50,36,0.5,"[43.447331534971454, 896.6482254071161]"
F62013,50,36,0.6,"[43.447331534971454, 1078.7112748832442]"
F62013,50,36,0.7,"[43.447331534971454, 1266.4744033222087]"
F62013,50,36,0.8,"[43.447331534971454, 1440.46236310713]"
F62013,50,36,0.9,"[43.447331534971454, 1610.0009485301562]"
F62013,50,36,1.0,"[43.447331534971454, 1781.0736650563776]"
F62013,50,37,0.01,"[45.27049578564686, 17.51394677395001]"
F62013,50,37,0.1,"[43.44733153497134, 197.34138649189845]"
F62013,50,37,0.2,"[43.44733153497134, 367.30089988186955]"
F62013,50,37,0.3,"[43.44733153497134, 546.028706592042]"
F62013,50,37,0.4,"[43.44733153497134, 725.3238970669918]"
F62013,50,37,0.5,"[43.44733153497134, 907.7450893968344]"
F62013,50,37,0.6,"[43.44733153497134, 1086.9265120020136]"
F62013,50,37,0.7,"[43.44733153497134, 1268.0931839537807]"
F62013,50,37,0.8,"[43.44733153497134, 1445.539893927984]"
F62013,50,37,0.9,"[43.44733153497134, 1628.73169761803]"
F62013,50,37,1.0,"[43.44733153497134, 1789.4140840121545]"
F62013,50,38,0.01,"[47.74297583688531, 17.83885427704081]"
F62013,50,38,0.1,"[43.44733153497123, 170.09787758113816]"
F62013,50,38,0.2,"[43.44733153497123, 341.2550916178152]"
F62013,50,38,0.3,"[43.44733153497123, 512.8311731219292]"
F62013,50,38,0.4,"[43.44733153497123, 686.2608477598988]"
F62013,50,38,0.5,"[43.44733153497123, 864.6754888547584]"
F62013,50,38,0.6,"[43.44733153497123, 1018.8089751629159]"
F62013,50,38,0.7,"[43.44733153497123, 1190.5308601506986]"
F62013,50,38,0.8,"[43.44733153497123, 1354.1905410727486]"
F62013,50,38,0.9,"[43.44733153497123, 1477.9633417627774]"
F62013,50,38,1.0,"[43.44733153497123, 1655.2716475720517]"
F62013,50,39,0.01,"[46.13617390505931, 16.562004989013076]"
F62013,50,39,0.1,"[43.447331534971454, 189.53502403199673]"
F62013,50,39,0.2,"[43.447331534971454, 358.1720105377026]"
F62013,50,39,0.3,"[43.447331534971454, 541.1049841726199]"
F62013,50,39,0.4,"[43.447331534971454, 720.5642242897302]"
F62013,50,39,0.5,"[43.447331534971454, 892.5384320118465]"
F62013,50,39,0.6,"[43.447331534971454, 1071.8757139127702]"
F62013,50,39,0.7,"[43.447331534971454, 1248.9815506166779]"
F62013,50,39,0.8,"[43.447331534971454, 1432.8628408205695]"
F62013,50,39,0.9,"[43.447331534971454, 1612.3431281908415]"
F62013,50,39,1.0,"[43.447331534971454, 1780.453207791783]"
F62013,50,40,0.01,"[48.281586788912364, 17.50165311899036]"
F62013,50,40,0.1,"[43.44733153497134, 191.4269084557891]"
F62013,50,40,0.2,"[43.44733153497134, 377.0214782836847]"
F62013,50,40,0.3,"[43.44733153497134, 558.4520681030117]"
F62013,50,40,0.4,"[43.44733153497134, 737.2820903197862]"
F62013,50,40,0.5,"[43.44733153497134, 917.8262128187343]"
F62013,50,40,0.6,"[43.44733153497134, 1092.6868515517563]"
F62013,50,40,0.7,"[43.44733153497134, 1269.2251433180645]"
F62013,50,40,0.8,"[43.44733153497134, 1453.2918492229655]"
F62013,50,40,0.9,"[43.44733153497134, 1624.677962190006]"
F62013,50,40,1.0,"[43.44733153497134, 1785.5721585908905]"
F62013,50,41,0.01,"[48.46744384876354, 18.694530852138996]"
F62013,50,41,0.1,"[43.44733153497123, 193.22817896632478]"
F62013,50,41,0.2,"[43.44733153497123, 378.97219386603683]"
F62013,50,41,0.3,"[43.44733153497123, 562.6536725643091]"
F62013,50,41,0.4,"[43.44733153497123, 738.6761013362557]"
F62013,50,41,0.5,"[43.44733153497123, 920.7898723292165]"
F62013,50,41,0.6,"[43.44733153497123, 1095.3270212663338]"
F62013,50,41,0.7,"[43.44733153497123, 1275.4163601393811]"
F62013,50,41,0.8,"[43.44733153497123, 1457.00196694443]"
F62013,50,41,0.9,"[43.44733153497123, 1636.424683217425]"
F62013,50,41,1.0,"[43.44733153497123, 1776.330195802264]"
F62013,50,42,0.01,"[47.69972799644063, 22.21378059219569]"
F62013,50,42,0.1,"[43.44733153497134, 196.4537740908563]"
F62013,50,42,0.2,"[43.44733153497134, 384.87941887788475]"
F62013,50,42,0.3,"[43.44733153497134, 565.5425954321399]"
F62013,50,42,0.4,"[43.44733153497134, 744.5099029229023]"
F62013,50,42,0.5,"[43.44733153497134, 923.1515991319902]"
F62013,50,42,0.6,"[43.44733153497134, 1099.7582819759846]"
F62013,50,42,0.7,"[43.44733153497134, 1235.9008937068284]"
F62013,50,42,0.8,"[43.44733153497134, 1415.302978633903]"
F62013,50,42,0.9,"[43.44733153497134, 1592.9105999558233]"
F62013,50,42,1.0,"[43.44733153497134, 1767.7040881598368]"
F62013,50,43,0.01,"[47.7054886380738, 16.93665269482881]"
F62013,50,43,0.1,"[43.44733153497123, 184.34102153172716]"
F62013,50,43,0.2,"[43.44733153497123, 370.32498504873365]"
F62013,50,43,0.3,"[43.44733153497123, 517.3978401036002]"
F62013,50,43,0.4,"[43.44733153497123, 695.3362666126341]"
F62013,50,43,0.5,"[43.44733153497123, 874.0835025086999]"
F62013,50,43,0.6,"[43.44733153497123, 1045.0281890695915]"
F62013,50,43,0.7,"[43.44733153497123, 1223.4801904628985]"
F62013,50,43,0.8,"[43.44733153497123, 1403.2459895177744]"
F62013,50,43,0.9,"[43.44733153497123, 1588.4411526629701]"
F62013,50,43,1.0,"[43.44733153497123, 1763.6471271049231]"
F62013,50,44,0.01,"[47.538913615485285, 18.505815126933157]"
F62013,50,44,0.1,"[43.44733153497134, 184.6880891607143]"
F62013,50,44,0.2,"[43.44733153497134, 364.55355217307806]"
F62013,50,44,0.3,"[43.44733153497134, 539.4090473647229]"
F62013,50,44,0.4,"[43.44733153497134, 716.1315877428278]"
F62013,50,44,0.5,"[43.44733153497134, 898.5261563058011]"
F62013,50,44,0.6,"[43.44733153497134, 1073.5417177798226]"
F62013,50,44,0.7,"[43.44733153497134, 1247.3491759458557]"
F62013,50,44,0.8,"[43.44733153497134, 1421.1238020928577]"
F62013,50,44,0.9,"[43.44733153497134, 1589.6534594576806]"
F62013,50,44,1.0,"[43.44733153497134, 1760.272585974075]"
F62013,50,45,0.01,"[47.1732828487917, 18.496265394613147]"
F62013,50,45,0.1,"[43.447331534971454, 187.11827403260395]"
F62013,50,45,0.2,"[43.447331534971454, 330.4860203349963]"
F62013,50,45,0.3,"[43.447331534971454, 502.28082749200985]"
F62013,50,45,0.4,"[43.447331534971454, 674.0905022197403]"
F62013,50,45,0.5,"[43.447331534971454, 846.330747964792]"
F62013,50,45,0.6,"[43.447331534971454, 1014.3090059626848]"
F62013,50,45,0.7,"[43.447331534971454, 1194.222085440997]"
F62013,50,45,0.8,"[43.447331534971454, 1364.21318825474]"
F62013,50,45,0.9,"[43.447331534971454, 1526.1134535679594]"
F62013,50,45,1.0,"[43.447331534971454, 1704.0596535126679]"
F62013,50,46,0.01,"[47.30301390333034, 18.995651975739747]"
F62013,50,46,0.1,"[43.447331534971454, 190.7260484751314]"
F62013,50,46,0.2,"[43.447331534971454, 378.640575224068]"
F62013,50,46,0.3,"[43.447331534971454, 562.6296447487548]"
F62013,50,46,0.4,"[43.447331534971454, 740.0427709170617]"
F62013,50,46,0.5,"[43.447331534971454, 920.7681339979172]"
F62013,50,46,0.6,"[43.447331534971454, 1095.0033531878144]"
F62013,50,46,0.7,"[43.447331534971454, 1271.4964931160212]"
F62013,50,46,0.8,"[43.447331534971454, 1452.423655726947]"
F62013,50,46,0.9,"[43.447331534971454, 1629.740861451719]"
F62013,50,46,1.0,"[43.447331534971454, 1784.7384553398006]"
F62013,50,47,0.01,"[48.6868371861201, 18.36869537178427]"
F62013,50,47,0.1,"[43.44733153497123, 180.05797902680933]"
F62013,50,47,0.2,"[43.44733153497123, 330.7113270009868]"
F62013,50,47,0.3,"[43.44733153497123, 506.6469211592339]"
F62013,50,47,0.4,"[43.44733153497123, 677.1495825448073]"
F62013,50,47,0.5,"[43.44733153497123, 849.8027927801013]"
F62013,50,47,0.6,"[43.44733153497123, 1021.9027827829123]"
F62013,50,47,0.7,"[43.44733153497123, 1204.4123716191389]"
F62013,50,47,0.8,"[43.44733153497123, 1379.4432289497927]"
F62013,50,47,0.9,"[43.44733153497123, 1559.8264433732256]"
F62013,50,47,1.0,"[43.44733153497123, 1734.7356300409883]"
F62013,50,48,0.01,"[48.51488350911666, 17.918564942199737]"
F62013,50,48,0.1,"[43.447331534971454, 183.20497997431085]"
F62013,50,48,0.2,"[43.447331534971454, 231.50368465902284]"
F62013,50,48,0.3,"[43.447331534971454, 246.12095215916634]"
F62013,50,48,0.4,"[43.447331534971454, 260.46795787801966]"
F62013,50,48,0.5,"[43.447331534971454, 274.81793400412425]"
F62013,50,48,0.6,"[43.447331534971454, 289.1532529774122]"
F62013,50,48,0.7,"[43.447331534971454, 303.47735534934327]"
F62013,50,48,0.8,"[43.447331534971454, 317.8048949581571]"
F62013,50,48,0.9,"[43.447331534971454, 332.11530449427664]"
F62013,50,48,1.0,"[43.447331534971454, 346.4463553582318]"
F62013,50,49,0.01,"[46.32422107064144, 18.591932754032314]"
F62013,50,49,0.1,"[43.44733153497123, 139.96713341306895]"
F62013,50,49,0.2,"[43.44733153497123, 160.83104242384434]"
F62013,50,49,0.3,"[43.44733153497123, 175.22701168479398]"
F62013,50,49,0.4,"[43.44733153497123, 189.5311770378612]"
F62013,50,49,0.5,"[43.44733153497123, 203.8414367651567]"
F62013,50,49,0.6,"[43.44733153497123, 218.13044702773914]"
F62013,50,49,0.7,"[43.44733153497123, 232.40911060897633]"
F62013,50,49,0.8,"[43.44733153497123, 246.69693642295897]"
F62013,50,49,0.9,"[43.44733153497123, 260.98593648010865]"
F62013,50,49,1.0,"[43.44733153497123, 275.3641059147194]"
F62013,50,50,0.01,"[47.07346714067535, 16.254541867412627]"
F62013,50,50,0.1,"[43.44733153497134, 100.8782887510024]"
F62013,50,50,0.2,"[43.44733153497134, 115.98588503431529]"
F62013,50,50,0.3,"[43.44733153497134, 130.51818798622116]"
F62013,50,50,0.4,"[43.44733153497134, 144.84279758902267]"
F62013,50,50,0.5,"[43.44733153497134, 159.15280185826123]"
F62013,50,50,0.6,"[43.44733153497134, 173.43639967916533]"
F62013,50,50,0.7,"[43.44733153497134, 187.71303517837077]"
F62013,50,50,0.8,"[43.44733153497134, 202.00668606022373]"
F62013,50,50,0.9,"[43.44733153497134, 216.3092705779709]"
F62013,50,50,1.0,"[43.44733153497134, 230.62898390600458]"
