function,dimension,run,checkpoint,error
F82013,10,0,0.01,"[20.894928999546323, 0.6055316925048828]"
F82013,10,0,0.1,"[20.43703707803968, 6.319944143295288]"
F82013,10,0,0.2,"[20.43703707803968, 13.06601333618164]"
F82013,10,0,0.3,"[20.43703707803968, 20.43073797225952]"
F82013,10,0,0.4,"[20.43703707803968, 28.53649640083313]"
F82013,10,0,0.5,"[20.43703707803968, 37.58279633522034]"
F82013,10,0,0.6,"[20.43703707803968, 47.94683480262756]"
F82013,10,0,0.7,"[20.434673061060266, 59.737706899642944]"
F82013,10,0,0.8,"[20.434673061060266, 73.15706443786621]"
F82013,10,0,0.9,"[20.434673061060266, 88.16195774078369]"
F82013,10,0,1.0,"[20.434673061060266, 103.6323709487915]"
F82013,10,1,0.01,"[20.845080812626293, 0.8424608707427979]"
F82013,10,1,0.1,"[20.552146271987112, 6.335739850997925]"
F82013,10,1,0.2,"[20.43988909433017, 12.974263906478882]"
F82013,10,1,0.3,"[20.43988909433017, 20.16007685661316]"
F82013,10,1,0.4,"[20.43988909433017, 28.181655168533325]"
F82013,10,1,0.5,"[20.43988909433017, 37.26229286193848]"
F82013,10,1,0.6,"[20.392738120835247, 47.67488694190979]"
F82013,10,1,0.7,"[20.392738120835247, 59.46861934661865]"
F82013,10,1,0.8,"[20.392738120835247, 72.94606971740723]"
F82013,10,1,0.9,"[20.392738120835247, 87.91815304756165]"
F82013,10,1,1.0,"[20.392738120835247, 103.51916003227234]"
F82013,10,2,0.01,"[20.734410477512597, 0.6117639541625977]"
F82013,10,2,0.1,"[20.570405038518174, 6.302356243133545]"
F82013,10,2,0.2,"[20.361075641088746, 12.995402336120605]"
F82013,10,2,0.3,"[20.361075641088746, 20.16019558906555]"
F82013,10,2,0.4,"[20.361075641088746, 28.11112642288208]"
F82013,10,2,0.5,"[20.361075641088746, 37.09947896003723]"
F82013,10,2,0.6,"[20.361075641088746, 47.412179946899414]"
F82013,10,2,0.7,"[20.361075641088746, 59.149972677230835]"
F82013,10,2,0.8,"[20.361075641088746, 72.47877836227417]"
F82013,10,2,0.9,"[20.361075641088746, 87.42304229736328]"
F82013,10,2,1.0,"[20.361075641088746, 102.97731924057007]"
F82013,10,3,0.01,"[20.713529062827547, 0.5957293510437012]"
F82013,10,3,0.1,"[20.661342865746178, 6.1606926918029785]"
F82013,10,3,0.2,"[20.44588399565305, 12.694159507751465]"
F82013,10,3,0.3,"[20.44588399565305, 19.851226806640625]"
F82013,10,3,0.4,"[20.44588399565305, 27.77443289756775]"
F82013,10,3,0.5,"[20.44588399565305, 36.72314143180847]"
F82013,10,3,0.6,"[20.44588399565305, 47.04388666152954]"
F82013,10,3,0.7,"[20.44588399565305, 58.788594245910645]"
F82013,10,3,0.8,"[20.44588399565305, 72.12727284431458]"
F82013,10,3,0.9,"[20.44588399565305, 87.06424736976624]"
F82013,10,3,1.0,"[20.404285978231428, 102.62534546852112]"
F82013,10,4,0.01,"[20.741086448912597, 0.6823887825012207]"
F82013,10,4,0.1,"[20.548269609901354, 6.213204383850098]"
F82013,10,4,0.2,"[20.548269609901354, 12.738817691802979]"
F82013,10,4,0.3,"[20.548269609901354, 19.881635189056396]"
F82013,10,4,0.4,"[20.47300277054694, 27.80012059211731]"
F82013,10,4,0.5,"[20.47300277054694, 36.779021978378296]"
F82013,10,4,0.6,"[20.421030240593836, 47.06931948661804]"
F82013,10,4,0.7,"[20.421030240593836, 58.780224323272705]"
F82013,10,4,0.8,"[20.421030240593836, 72.13153505325317]"
F82013,10,4,0.9,"[20.421030240593836, 87.09231233596802]"
F82013,10,4,1.0,"[20.421030240593836, 102.68363547325134]"
F82013,10,5,0.01,"[20.72570643101176, 0.7500061988830566]"
F82013,10,5,0.1,"[20.48941583693727, 6.31825065612793]"
F82013,10,5,0.2,"[20.48941583693727, 12.942635297775269]"
F82013,10,5,0.3,"[20.423840367076423, 20.209816455841064]"
F82013,10,5,0.4,"[20.423840367076423, 28.276108980178833]"
F82013,10,5,0.5,"[20.423840367076423, 37.28919315338135]"
F82013,10,5,0.6,"[20.423840367076423, 47.66372299194336]"
F82013,10,5,0.7,"[20.423840367076423, 59.44753098487854]"
F82013,10,5,0.8,"[20.423840367076423, 72.8199028968811]"
F82013,10,5,0.9,"[20.423840367076423, 87.81063938140869]"
F82013,10,5,1.0,"[20.423840367076423, 103.40261173248291]"
F82013,10,6,0.01,"[20.79711773954989, 0.603874921798706]"
F82013,10,6,0.1,"[20.52204405494558, 6.276296138763428]"
F82013,10,6,0.2,"[20.52204405494558, 12.842408180236816]"
F82013,10,6,0.3,"[20.52204405494558, 20.030684232711792]"
F82013,10,6,0.4,"[20.514980737824885, 27.99673080444336]"
F82013,10,6,0.5,"[20.514980737824885, 36.99037957191467]"
F82013,10,6,0.6,"[20.496238911875366, 47.301199436187744]"
F82013,10,6,0.7,"[20.26622513693087, 59.00987219810486]"
F82013,10,6,0.8,"[20.26622513693087, 72.35546398162842]"
F82013,10,6,0.9,"[20.26622513693087, 87.29241847991943]"
F82013,10,6,1.0,"[20.26622513693087, 102.82455492019653]"
F82013,10,7,0.01,"[20.751050455142035, 0.6039257049560547]"
F82013,10,7,0.1,"[20.549898968310686, 6.1555092334747314]"
F82013,10,7,0.2,"[20.374143638746546, 12.659397602081299]"
F82013,10,7,0.3,"[20.374143638746546, 19.788508415222168]"
F82013,10,7,0.4,"[20.374143638746546, 27.706037521362305]"
F82013,10,7,0.5,"[20.374143638746546, 36.6248722076416]"
F82013,10,7,0.6,"[20.362643771691182, 46.90765166282654]"
F82013,10,7,0.7,"[20.362643771691182, 58.59988617897034]"
F82013,10,7,0.8,"[20.362643771691182, 71.88065099716187]"
F82013,10,7,0.9,"[20.326250100437846, 86.778981924057]"
F82013,10,7,1.0,"[20.326250100437846, 102.28641366958618]"
F82013,10,8,0.01,"[20.683749001581077, 0.6739649772644043]"
F82013,10,8,0.1,"[20.38090216405294, 6.253762722015381]"
F82013,10,8,0.2,"[20.32036304094379, 12.872771739959717]"
F82013,10,8,0.3,"[20.32036304094379, 20.17322850227356]"
F82013,10,8,0.4,"[20.32036304094379, 28.23985457420349]"
F82013,10,8,0.5,"[20.32036304094379, 37.29751968383789]"
F82013,10,8,0.6,"[20.32036304094379, 47.766257762908936]"
F82013,10,8,0.7,"[20.32036304094379, 59.672362089157104]"
F82013,10,8,0.8,"[20.32036304094379, 73.19231748580933]"
F82013,10,8,0.9,"[20.32036304094379, 88.35390114784241]"
F82013,10,8,1.0,"[20.32036304094379, 104.11775517463684]"
F82013,10,9,0.01,"[20.736803595264064, 0.6086466312408447]"
F82013,10,9,0.1,"[20.49838701698684, 6.245901346206665]"
F82013,10,9,0.2,"[20.496773057390442, 12.98500108718872]"
F82013,10,9,0.3,"[20.496773057390442, 20.303525924682617]"
F82013,10,9,0.4,"[20.472657438004376, 28.324034214019775]"
F82013,10,9,0.5,"[20.472657438004376, 37.36278557777405]"
F82013,10,9,0.6,"[20.372748876688092, 47.77606177330017]"
F82013,10,9,0.7,"[20.372748876688092, 59.607013463974]"
F82013,10,9,0.8,"[20.372748876688092, 73.08025884628296]"
F82013,10,9,0.9,"[20.372748876688092, 88.13571238517761]"
F82013,10,9,1.0,"[20.372748876688092, 103.78948616981506]"
F82013,10,10,0.01,"[20.86256932604499, 0.7695314884185791]"
F82013,10,10,0.1,"[20.57857407143456, 6.310774564743042]"
F82013,10,10,0.2,"[20.57857407143456, 12.859656572341919]"
F82013,10,10,0.3,"[20.490704410106105, 20.058329582214355]"
F82013,10,10,0.4,"[20.490704410106105, 28.02287721633911]"
F82013,10,10,0.5,"[20.490704410106105, 37.02466654777527]"
F82013,10,10,0.6,"[20.47701274868109, 47.40723466873169]"
F82013,10,10,0.7,"[20.47701274868109, 59.149165868759155]"
F82013,10,10,0.8,"[20.370120558035296, 72.49595355987549]"
F82013,10,10,0.9,"[20.370120558035296, 87.44133830070496]"
F82013,10,10,1.0,"[20.370120558035296, 102.97195506095886]"
F82013,10,11,0.01,"[20.845668121804692, 0.5851263999938965]"
F82013,10,11,0.1,"[20.71800599991991, 6.0789008140563965]"
F82013,10,11,0.2,"[20.544386446998146, 12.557299852371216]"
F82013,10,11,0.3,"[20.544386446998146, 19.736405849456787]"
F82013,10,11,0.4,"[20.544386446998146, 27.7270929813385]"
F82013,10,11,0.5,"[20.466056022796238, 36.71545743942261]"
F82013,10,11,0.6,"[20.466056022796238, 47.05171298980713]"
F82013,10,11,0.7,"[20.43125416325654, 58.803096532821655]"
F82013,10,11,0.8,"[20.43125416325654, 72.17938542366028]"
F82013,10,11,0.9,"[20.43125416325654, 87.15446496009827]"
F82013,10,11,1.0,"[20.43125415194129, 102.55847501754761]"
F82013,10,12,0.01,"[20.665710224165764, 0.6558630466461182]"
F82013,10,12,0.1,"[20.34758088309684, 6.242654323577881]"
F82013,10,12,0.2,"[20.34758088309684, 12.858150482177734]"
F82013,10,12,0.3,"[20.34758088309684, 20.048909425735474]"
F82013,10,12,0.4,"[20.34758088309684, 28.044074058532715]"
F82013,10,12,0.5,"[20.34758088309684, 37.10259199142456]"
F82013,10,12,0.6,"[20.34758088309684, 47.543952226638794]"
F82013,10,12,0.7,"[20.34758088309684, 59.342053174972534]"
F82013,10,12,0.8,"[20.34758088309684, 72.72471284866333]"
F82013,10,12,0.9,"[20.34758088309684, 87.72445750236511]"
F82013,10,12,1.0,"[20.34758088309684, 103.32068490982056]"
F82013,10,13,0.01,"[20.69726186102457, 0.6210925579071045]"
F82013,10,13,0.1,"[20.480001907549422, 6.285179615020752]"
F82013,10,13,0.2,"[20.480001907549422, 12.87224006652832]"
F82013,10,13,0.3,"[20.480001907549422, 20.042556524276733]"
F82013,10,13,0.4,"[20.480001907549422, 27.93243408203125]"
F82013,10,13,0.5,"[20.464033713489016, 36.90794920921326]"
F82013,10,13,0.6,"[20.297925407893217, 47.257152795791626]"
F82013,10,13,0.7,"[20.297925407893217, 58.95828461647034]"
F82013,10,13,0.8,"[20.297925407893217, 72.24063038825989]"
F82013,10,13,0.9,"[20.297925407893217, 87.12068939208984]"
F82013,10,13,1.0,"[20.297925407893217, 102.61326265335083]"
F82013,10,14,0.01,"[20.921821791568846, 0.5906953811645508]"
F82013,10,14,0.1,"[20.55214710655696, 6.207489013671875]"
F82013,10,14,0.2,"[20.55214710655696, 12.816449642181396]"
F82013,10,14,0.3,"[20.43954008176081, 19.98085045814514]"
F82013,10,14,0.4,"[20.43954008176081, 27.9518985748291]"
F82013,10,14,0.5,"[20.43954008176081, 36.94547629356384]"
F82013,10,14,0.6,"[20.43954008176081, 47.31145763397217]"
F82013,10,14,0.7,"[20.43954008176081, 59.10408616065979]"
F82013,10,14,0.8,"[20.43954008176081, 72.46626329421997]"
F82013,10,14,0.9,"[20.43954008176081, 87.43455052375793]"
F82013,10,14,1.0,"[20.43954008176081, 102.98551082611084]"
F82013,10,15,0.01,"[20.763623782896502, 0.8411581516265869]"
F82013,10,15,0.1,"[20.613528168258313, 6.456713676452637]"
F82013,10,15,0.2,"[20.48074247087834, 13.164902448654175]"
F82013,10,15,0.3,"[20.383369091823397, 20.480688333511353]"
F82013,10,15,0.4,"[20.383369091823397, 28.513431310653687]"
F82013,10,15,0.5,"[20.383369091823397, 37.527809143066406]"
F82013,10,15,0.6,"[20.383369091823397, 47.839184522628784]"
F82013,10,15,0.7,"[20.221471818642954, 59.5320041179657]"
F82013,10,15,0.8,"[20.221471818642954, 72.82239937782288]"
F82013,10,15,0.9,"[20.221471818642954, 87.71361446380615]"
F82013,10,15,1.0,"[20.221471818642954, 103.20756101608276]"
F82013,10,16,0.01,"[20.77121130019225, 0.887502908706665]"
F82013,10,16,0.1,"[20.457759907973582, 6.459593296051025]"
F82013,10,16,0.2,"[20.457759907973582, 13.026917934417725]"
F82013,10,16,0.3,"[20.457759907973582, 20.16826820373535]"
F82013,10,16,0.4,"[20.421582316621652, 28.066323280334473]"
F82013,10,16,0.5,"[20.231270688077416, 37.02358865737915]"
F82013,10,16,0.6,"[20.231270688077416, 47.32755398750305]"
F82013,10,16,0.7,"[20.231270688077416, 59.0272855758667]"
F82013,10,16,0.8,"[20.231270688077416, 72.38010501861572]"
F82013,10,16,0.9,"[20.231270688077416, 87.32755851745605]"
F82013,10,16,1.0,"[20.231270688077416, 102.8739218711853]"
F82013,10,17,0.01,"[20.731164763576658, 0.5976192951202393]"
F82013,10,17,0.1,"[20.70155230582168, 6.2489025592803955]"
F82013,10,17,0.2,"[20.58985000096959, 12.924055337905884]"
F82013,10,17,0.3,"[20.37367060330041, 20.17676329612732]"
F82013,10,17,0.4,"[20.37367060330041, 28.213314056396484]"
F82013,10,17,0.5,"[20.37367060330041, 37.28697490692139]"
F82013,10,17,0.6,"[20.29936112173243, 47.685482025146484]"
F82013,10,17,0.7,"[20.29936112173243, 59.480204582214355]"
F82013,10,17,0.8,"[20.29936112173243, 72.83339333534241]"
F82013,10,17,0.9,"[20.29936112173243, 87.78398442268372]"
F82013,10,17,1.0,"[20.29936112173243, 103.3700475692749]"
F82013,10,18,0.01,"[20.791222780271823, 0.600182294845581]"
F82013,10,18,0.1,"[20.480404641108635, 6.204300880432129]"
F82013,10,18,0.2,"[20.480404641108635, 12.886241674423218]"
F82013,10,18,0.3,"[20.229368437969583, 20.08119797706604]"
F82013,10,18,0.4,"[20.229368437969583, 28.03427219390869]"
F82013,10,18,0.5,"[20.229368437969583, 37.006991386413574]"
F82013,10,18,0.6,"[20.229368437969583, 47.374682903289795]"
F82013,10,18,0.7,"[20.229368437969583, 59.14214539527893]"
F82013,10,18,0.8,"[20.229368437969583, 72.54430675506592]"
F82013,10,18,0.9,"[20.229368437969583, 87.78073930740356]"
F82013,10,18,1.0,"[20.229368437969583, 103.70263886451721]"
F82013,10,19,0.01,"[20.545259679710966, 0.6911251544952393]"
F82013,10,19,0.1,"[20.34577995763118, 6.36008358001709]"
F82013,10,19,0.2,"[20.34577995763118, 13.052438020706177]"
F82013,10,19,0.3,"[20.34577995763118, 20.286435842514038]"
F82013,10,19,0.4,"[20.34577995763118, 28.294312715530396]"
F82013,10,19,0.5,"[20.34577995763118, 37.33056282997131]"
F82013,10,19,0.6,"[20.34577995763118, 47.713019609451294]"
F82013,10,19,0.7,"[20.34577995763118, 59.447190284729004]"
F82013,10,19,0.8,"[20.34577995763118, 72.79682421684265]"
F82013,10,19,0.9,"[20.34577995763118, 87.75846576690674]"
F82013,10,19,1.0,"[20.34577995763118, 103.3360230922699]"
F82013,10,20,0.01,"[20.77130751491154, 0.5849447250366211]"
F82013,10,20,0.1,"[20.592020058259436, 6.082333326339722]"
F82013,10,20,0.2,"[20.529092580124143, 12.612449884414673]"
F82013,10,20,0.3,"[20.529092580124143, 19.808573484420776]"
F82013,10,20,0.4,"[20.529092580124143, 27.815828323364258]"
F82013,10,20,0.5,"[20.529092580124143, 36.8413519859314]"
F82013,10,20,0.6,"[20.529092580124143, 47.17328596115112]"
F82013,10,20,0.7,"[20.529092580124143, 58.92219853401184]"
F82013,10,20,0.8,"[20.529092580124143, 72.3063235282898]"
F82013,10,20,0.9,"[20.529092580124143, 87.26730537414551]"
F82013,10,20,1.0,"[20.529092580124143, 102.87707424163818]"
F82013,10,21,0.01,"[20.5047933519362, 0.6082301139831543]"
F82013,10,21,0.1,"[20.428698396489267, 6.256394863128662]"
F82013,10,21,0.2,"[20.428698396489267, 12.982877016067505]"
F82013,10,21,0.3,"[20.34744316297838, 20.26262664794922]"
F82013,10,21,0.4,"[20.34744316297838, 28.325761556625366]"
F82013,10,21,0.5,"[20.34744316297838, 37.41766285896301]"
F82013,10,21,0.6,"[20.34744316297838, 47.79335689544678]"
F82013,10,21,0.7,"[20.34744316297838, 59.568275928497314]"
F82013,10,21,0.8,"[20.34744316297838, 72.94067692756653]"
F82013,10,21,0.9,"[20.34744316297838, 87.91702771186829]"
F82013,10,21,1.0,"[20.339392353071958, 103.51152563095093]"
F82013,10,22,0.01,"[20.54378794620152, 0.7859506607055664]"
F82013,10,22,0.1,"[20.497666909713985, 6.378117322921753]"
F82013,10,22,0.2,"[20.48520767478726, 13.103161811828613]"
F82013,10,22,0.3,"[20.255034988773673, 20.44671130180359]"
F82013,10,22,0.4,"[20.255034988773673, 28.53576970100403]"
F82013,10,22,0.5,"[20.255034988773673, 37.62939476966858]"
F82013,10,22,0.6,"[20.255034988773673, 48.04815626144409]"
F82013,10,22,0.7,"[20.255034988773673, 59.86185932159424]"
F82013,10,22,0.8,"[20.255034988773673, 73.28071117401123]"
F82013,10,22,0.9,"[20.255034988773673, 88.32240223884583]"
F82013,10,22,1.0,"[20.255034988773673, 103.96604704856873]"
F82013,10,23,0.01,"[20.76391553689575, 0.5960578918457031]"
F82013,10,23,0.1,"[20.58353735612809, 6.244228363037109]"
F82013,10,23,0.2,"[20.356378273042765, 12.888585805892944]"
F82013,10,23,0.3,"[20.356378273042765, 20.056727647781372]"
F82013,10,23,0.4,"[20.356378273042765, 28.00340461730957]"
F82013,10,23,0.5,"[20.356378273042765, 37.01302647590637]"
F82013,10,23,0.6,"[20.356378273042765, 47.393826961517334]"
F82013,10,23,0.7,"[20.356378273042765, 59.17818260192871]"
F82013,10,23,0.8,"[20.356378273042765, 72.56853079795837]"
F82013,10,23,0.9,"[20.356378273042765, 87.57147979736328]"
F82013,10,23,1.0,"[20.356378273042765, 103.1991720199585]"
F82013,10,24,0.01,"[20.875381911922773, 0.5909125804901123]"
F82013,10,24,0.1,"[20.533311351053726, 6.144962310791016]"
F82013,10,24,0.2,"[20.533311351053726, 12.662163496017456]"
F82013,10,24,0.3,"[20.33106727303641, 19.79125452041626]"
F82013,10,24,0.4,"[20.33106727303641, 27.723243713378906]"
F82013,10,24,0.5,"[20.33106727303641, 36.66967177391052]"
F82013,10,24,0.6,"[20.33106727303641, 46.951557874679565]"
F82013,10,24,0.7,"[20.33106727303641, 58.67512130737305]"
F82013,10,24,0.8,"[20.33106727303641, 72.05154037475586]"
F82013,10,24,0.9,"[20.33106727303641, 87.00443530082703]"
F82013,10,24,1.0,"[20.33106727303641, 102.582444190979]"
F82013,10,25,0.01,"[20.77323911537553, 0.5922896862030029]"
F82013,10,25,0.1,"[20.529341809493076, 6.281469345092773]"
F82013,10,25,0.2,"[20.42531770530809, 12.998454332351685]"
F82013,10,25,0.3,"[20.42531770530809, 20.23892307281494]"
F82013,10,25,0.4,"[20.42531770530809, 28.24508810043335]"
F82013,10,25,0.5,"[20.42531770530809, 37.27389979362488]"
F82013,10,25,0.6,"[20.42531770530809, 47.6317937374115]"
F82013,10,25,0.7,"[20.42531770530809, 59.375710010528564]"
F82013,10,25,0.8,"[20.42531770530809, 72.77485084533691]"
F82013,10,25,0.9,"[20.42531770530809, 87.80938053131104]"
F82013,10,25,1.0,"[20.42531770530809, 103.44138526916504]"
F82013,10,26,0.01,"[20.72230594361315, 0.5999293327331543]"
F82013,10,26,0.1,"[20.431826392068274, 6.232778787612915]"
F82013,10,26,0.2,"[20.431826392068274, 12.812830686569214]"
F82013,10,26,0.3,"[20.431826392068274, 19.99010157585144]"
F82013,10,26,0.4,"[20.431826392068274, 27.968694925308228]"
F82013,10,26,0.5,"[20.431826392068274, 36.9644558429718]"
F82013,10,26,0.6,"[20.428406295320542, 47.33982968330383]"
F82013,10,26,0.7,"[20.428406295320542, 59.1355516910553]"
F82013,10,26,0.8,"[20.428406295320542, 72.57363772392273]"
F82013,10,26,0.9,"[20.428406295320542, 87.61842155456543]"
F82013,10,26,1.0,"[20.411481534370296, 103.2834677696228]"
F82013,10,27,0.01,"[20.95931047639192, 0.61067795753479]"
F82013,10,27,0.1,"[20.630509358044378, 6.222896575927734]"
F82013,10,27,0.2,"[20.577500821030412, 12.859499216079712]"
F82013,10,27,0.3,"[20.554529341657485, 20.141379594802856]"
F82013,10,27,0.4,"[20.449973053013878, 28.230977773666382]"
F82013,10,27,0.5,"[20.44767252325107, 37.36193370819092]"
F82013,10,27,0.6,"[20.44767252325107, 47.77419090270996]"
F82013,10,27,0.7,"[20.412150382232085, 59.59106755256653]"
F82013,10,27,0.8,"[20.412150382232085, 73.00495982170105]"
F82013,10,27,0.9,"[20.412150382232085, 87.99341773986816]"
F82013,10,27,1.0,"[20.412150382232085, 103.62710428237915]"
F82013,10,28,0.01,"[20.620530108718754, 0.5893445014953613]"
F82013,10,28,0.1,"[20.58779767209512, 6.171874284744263]"
F82013,10,28,0.2,"[20.58779767209512, 12.79725694656372]"
F82013,10,28,0.3,"[20.58779767209512, 19.978630304336548]"
F82013,10,28,0.4,"[20.52831221189399, 27.922099113464355]"
F82013,10,28,0.5,"[20.52831221189399, 36.906988859176636]"
F82013,10,28,0.6,"[20.52831221189399, 47.26891207695007]"
F82013,10,28,0.7,"[20.52831221189399, 59.04537868499756]"
F82013,10,28,0.8,"[20.412357145610827, 72.49522757530212]"
F82013,10,28,0.9,"[20.412357145610827, 87.45471286773682]"
F82013,10,28,1.0,"[20.412357145610827, 103.01495122909546]"
F82013,10,29,0.01,"[20.84166815256185, 0.594853401184082]"
F82013,10,29,0.1,"[20.58292560574273, 6.24379563331604]"
F82013,10,29,0.2,"[20.55620726489201, 13.050524950027466]"
F82013,10,29,0.3,"[20.447429944049986, 20.459606409072876]"
F82013,10,29,0.4,"[20.447429944049986, 28.56960391998291]"
F82013,10,29,0.5,"[20.447429944049986, 37.625407695770264]"
F82013,10,29,0.6,"[20.447429944049986, 47.95400667190552]"
F82013,10,29,0.7,"[20.447429944049986, 59.70632076263428]"
F82013,10,29,0.8,"[20.447429944049986, 73.07162022590637]"
F82013,10,29,0.9,"[20.447429944049986, 88.03928422927856]"
F82013,10,29,1.0,"[20.447429944049986, 103.60306596755981]"
F82013,10,30,0.01,"[20.468918522979266, 0.6027295589447021]"
F82013,10,30,0.1,"[20.468918522979266, 6.3516364097595215]"
F82013,10,30,0.2,"[20.293430496953192, 13.067641735076904]"
F82013,10,30,0.3,"[20.293430496953192, 20.399688959121704]"
F82013,10,30,0.4,"[20.293430496953192, 28.464832067489624]"
F82013,10,30,0.5,"[20.293430496953192, 37.49490261077881]"
F82013,10,30,0.6,"[20.293430496953192, 47.9393355846405]"
F82013,10,30,0.7,"[20.293430496953192, 59.78849244117737]"
F82013,10,30,0.8,"[20.293430496953192, 73.23385620117188]"
F82013,10,30,0.9,"[20.293430496953192, 88.27114224433899]"
F82013,10,30,1.0,"[20.293430496953192, 103.93096041679382]"
F82013,10,31,0.01,"[20.579763973519107, 0.5972175598144531]"
F82013,10,31,0.1,"[20.518589686359746, 6.202512502670288]"
F82013,10,31,0.2,"[20.518589686359746, 12.890928030014038]"
F82013,10,31,0.3,"[20.518589686359746, 20.245437145233154]"
F82013,10,31,0.4,"[20.518589686359746, 28.28407120704651]"
F82013,10,31,0.5,"[20.518589686359746, 37.29233145713806]"
F82013,10,31,0.6,"[20.517318298360124, 47.68921232223511]"
F82013,10,31,0.7,"[20.365410292494403, 59.489678144454956]"
F82013,10,31,0.8,"[20.365410292494403, 72.91656613349915]"
F82013,10,31,0.9,"[20.365410292494403, 87.93095183372498]"
F82013,10,31,1.0,"[20.365410292494403, 103.56876993179321]"
F82013,10,32,0.01,"[20.851879528881, 0.5948259830474854]"
F82013,10,32,0.1,"[20.54101881728252, 6.230325937271118]"
F82013,10,32,0.2,"[20.54101881728252, 12.939858675003052]"
F82013,10,32,0.3,"[20.40788839651907, 20.334951877593994]"
F82013,10,32,0.4,"[20.40788839651907, 28.454755544662476]"
F82013,10,32,0.5,"[20.40788839651907, 37.564566135406494]"
F82013,10,32,0.6,"[20.37599847906131, 47.991255044937134]"
F82013,10,32,0.7,"[20.37599847906131, 59.85005712509155]"
F82013,10,32,0.8,"[20.37599847906131, 73.36389827728271]"
F82013,10,32,0.9,"[20.37599847906131, 88.48935604095459]"
F82013,10,32,1.0,"[20.37599847906131, 104.20918321609497]"
F82013,10,33,0.01,"[20.658184097512844, 0.6054308414459229]"
F82013,10,33,0.1,"[20.45089825927687, 6.1860151290893555]"
F82013,10,33,0.2,"[20.30560996190252, 12.826036930084229]"
F82013,10,33,0.3,"[20.30560996190252, 20.05728530883789]"
F82013,10,33,0.4,"[20.30560996190252, 28.0743305683136]"
F82013,10,33,0.5,"[20.30560996190252, 37.09715032577515]"
F82013,10,33,0.6,"[20.30560996190252, 47.45224738121033]"
F82013,10,33,0.7,"[20.30560996190252, 59.21861457824707]"
F82013,10,33,0.8,"[20.30560996190252, 72.61720418930054]"
F82013,10,33,0.9,"[20.30560996190252, 87.63814544677734]"
F82013,10,33,1.0,"[20.30560996190252, 103.25318431854248]"
F82013,10,34,0.01,"[20.8102288570268, 0.5912671089172363]"
F82013,10,34,0.1,"[20.502944711615896, 6.220412015914917]"
F82013,10,34,0.2,"[20.47671022278962, 12.835515260696411]"
F82013,10,34,0.3,"[20.47671022278962, 20.076603412628174]"
F82013,10,34,0.4,"[20.389820904388102, 28.14477276802063]"
F82013,10,34,0.5,"[20.389820904388102, 37.2587673664093]"
F82013,10,34,0.6,"[20.389820904388102, 47.68256378173828]"
F82013,10,34,0.7,"[20.389820904388102, 59.48702955245972]"
F82013,10,34,0.8,"[20.389820904388102, 72.92710185050964]"
F82013,10,34,0.9,"[20.389820904388102, 87.95257210731506]"
F82013,10,34,1.0,"[20.389820904388102, 103.59609150886536]"
F82013,10,35,0.01,"[20.854965641481726, 0.6001691818237305]"
F82013,10,35,0.1,"[20.53909835132515, 6.2145836353302]"
F82013,10,35,0.2,"[20.439879920930025, 12.826011180877686]"
F82013,10,35,0.3,"[20.411376596665377, 20.029204607009888]"
F82013,10,35,0.4,"[20.411376596665377, 27.97068190574646]"
F82013,10,35,0.5,"[20.411376596665377, 36.93078422546387]"
F82013,10,35,0.6,"[20.411376596665377, 47.255643129348755]"
F82013,10,35,0.7,"[20.411376596665377, 58.98777675628662]"
F82013,10,35,0.8,"[20.411376596665377, 72.3554220199585]"
F82013,10,35,0.9,"[20.411376596665377, 87.29457068443298]"
F82013,10,35,1.0,"[20.411376596665377, 102.85370826721191]"
F82013,10,36,0.01,"[20.510648090005816, 0.6730475425720215]"
F82013,10,36,0.1,"[20.275100989640123, 6.362570762634277]"
F82013,10,36,0.2,"[20.275100989640123, 13.056763648986816]"
F82013,10,36,0.3,"[20.275100989640123, 20.33895182609558]"
F82013,10,36,0.4,"[20.275100989640123, 28.363420009613037]"
F82013,10,36,0.5,"[20.275100989640123, 37.368831396102905]"
F82013,10,36,0.6,"[20.275100989640123, 47.719377517700195]"
F82013,10,36,0.7,"[20.275100989640123, 59.47204399108887]"
F82013,10,36,0.8,"[20.275100989640123, 72.82675385475159]"
F82013,10,36,0.9,"[20.275100989640123, 87.82653331756592]"
F82013,10,36,1.0,"[20.275100989640123, 103.43186378479004]"
F82013,10,37,0.01,"[20.96777870638948, 0.5999858379364014]"
F82013,10,37,0.1,"[20.46700002993066, 6.1642467975616455]"
F82013,10,37,0.2,"[20.46700002993066, 12.70637059211731]"
F82013,10,37,0.3,"[20.46700002993066, 19.95289635658264]"
F82013,10,37,0.4,"[20.46700002993066, 28.06204390525818]"
F82013,10,37,0.5,"[20.46700002993066, 37.17484474182129]"
F82013,10,37,0.6,"[20.4312342839479, 47.52070355415344]"
F82013,10,37,0.7,"[20.333411720090112, 59.25993371009827]"
F82013,10,37,0.8,"[20.333411720090112, 72.617032289505]"
F82013,10,37,0.9,"[20.333411720090112, 87.59098696708679]"
F82013,10,37,1.0,"[20.333411720090112, 103.19829845428467]"
F82013,10,38,0.01,"[20.714173563208305, 0.6852049827575684]"
F82013,10,38,0.1,"[20.47475390667887, 6.317693471908569]"
F82013,10,38,0.2,"[20.3933070116791, 13.073349475860596]"
F82013,10,38,0.3,"[20.3933070116791, 20.295353412628174]"
F82013,10,38,0.4,"[20.3933070116791, 28.213677406311035]"
F82013,10,38,0.5,"[20.3933070116791, 37.13838768005371]"
F82013,10,38,0.6,"[20.3933070116791, 47.42624044418335]"
F82013,10,38,0.7,"[20.3933070116791, 59.13898944854736]"
F82013,10,38,0.8,"[20.3933070116791, 72.48006176948547]"
F82013,10,38,0.9,"[20.3933070116791, 87.37569952011108]"
F82013,10,38,1.0,"[20.3933070116791, 102.8972270488739]"
F82013,10,39,0.01,"[20.537766468141058, 0.604341983795166]"
F82013,10,39,0.1,"[20.537766468141058, 6.324044704437256]"
F82013,10,39,0.2,"[20.537766468141058, 13.124474048614502]"
F82013,10,39,0.3,"[20.298984992378905, 20.5288143157959]"
F82013,10,39,0.4,"[20.298984992378905, 28.621387004852295]"
F82013,10,39,0.5,"[20.298984992378905, 37.71580934524536]"
F82013,10,39,0.6,"[20.298984992378905, 48.090285778045654]"
F82013,10,39,0.7,"[20.298984992378905, 59.80853748321533]"
F82013,10,39,0.8,"[20.298984992378905, 73.16241478919983]"
F82013,10,39,0.9,"[20.298984992378905, 88.07376170158386]"
F82013,10,39,1.0,"[20.298984992378905, 103.61214184761047]"
F82013,10,40,0.01,"[20.734849073283158, 0.636868953704834]"
F82013,10,40,0.1,"[20.23967633239738, 6.3030006885528564]"
F82013,10,40,0.2,"[20.23967633239738, 12.975260972976685]"
F82013,10,40,0.3,"[20.23967633239738, 20.18251323699951]"
F82013,10,40,0.4,"[20.23967633239738, 28.154571533203125]"
F82013,10,40,0.5,"[20.23967633239738, 37.15907859802246]"
F82013,10,40,0.6,"[20.23967633239738, 47.47981595993042]"
F82013,10,40,0.7,"[20.23967633239738, 59.19459915161133]"
F82013,10,40,0.8,"[20.23967633239738, 72.52264475822449]"
F82013,10,40,0.9,"[20.23967633239738, 87.46222949028015]"
F82013,10,40,1.0,"[20.23967633239738, 103.05242609977722]"
F82013,10,41,0.01,"[20.895450164546332, 0.6050422191619873]"
F82013,10,41,0.1,"[20.444216176506416, 6.150482892990112]"
F82013,10,41,0.2,"[20.444216176506416, 12.691774606704712]"
F82013,10,41,0.3,"[20.444216176506416, 19.810723304748535]"
F82013,10,41,0.4,"[20.444216176506416, 27.774417638778687]"
F82013,10,41,0.5,"[20.444216176506416, 36.867905139923096]"
F82013,10,41,0.6,"[20.444216176506416, 47.29942345619202]"
F82013,10,41,0.7,"[20.444216176506416, 59.07986664772034]"
F82013,10,41,0.8,"[20.439402813838683, 72.47024893760681]"
F82013,10,41,0.9,"[20.439402813838683, 87.44109082221985]"
F82013,10,41,1.0,"[20.439402813838683, 103.03622794151306]"
F82013,10,42,0.01,"[20.84170819306587, 0.5950231552124023]"
F82013,10,42,0.1,"[20.490648979745174, 6.152884244918823]"
F82013,10,42,0.2,"[20.490648979745174, 12.69088864326477]"
F82013,10,42,0.3,"[20.490648979745174, 19.7951238155365]"
F82013,10,42,0.4,"[20.490648979745174, 27.706444263458252]"
F82013,10,42,0.5,"[20.490648979745174, 36.63322448730469]"
F82013,10,42,0.6,"[20.490648979745174, 46.95174765586853]"
F82013,10,42,0.7,"[20.490648979745174, 58.70331406593323]"
F82013,10,42,0.8,"[20.490648979745174, 72.05919885635376]"
F82013,10,42,0.9,"[20.490648979745174, 87.01496839523315]"
F82013,10,42,1.0,"[20.490648979745174, 102.567063331604]"
F82013,10,43,0.01,"[20.785211239466094, 0.6548314094543457]"
F82013,10,43,0.1,"[20.41225407243644, 6.872730493545532]"
F82013,10,43,0.2,"[20.306308030354216, 14.26365041732788]"
F82013,10,43,0.3,"[20.306308030354216, 22.270935773849487]"
F82013,10,43,0.4,"[20.306308030354216, 31.252438068389893]"
F82013,10,43,0.5,"[20.306308030354216, 41.23834538459778]"
F82013,10,43,0.6,"[20.306308030354216, 52.588138818740845]"
F82013,10,43,0.7,"[20.306308030354216, 65.46179103851318]"
F82013,10,43,0.8,"[20.306308030354216, 80.05598950386047]"
F82013,10,43,0.9,"[20.306308030354216, 96.41735744476318]"
F82013,10,43,1.0,"[20.306308030354216, 113.402419090271]"
F82013,10,44,0.01,"[20.869247206098294, 0.5996510982513428]"
F82013,10,44,0.1,"[20.347417381242963, 6.161508321762085]"
F82013,10,44,0.2,"[20.347417381242963, 12.765904426574707]"
F82013,10,44,0.3,"[20.347417381242963, 19.978849172592163]"
F82013,10,44,0.4,"[20.347417381242963, 27.97207760810852]"
F82013,10,44,0.5,"[20.347417381242963, 37.00129747390747]"
F82013,10,44,0.6,"[20.347417381242963, 47.3570282459259]"
F82013,10,44,0.7,"[20.3292218149237, 59.07938075065613]"
F82013,10,44,0.8,"[20.3292218149237, 72.43903493881226]"
F82013,10,44,0.9,"[20.273733071861216, 87.37456178665161]"
F82013,10,44,1.0,"[20.273733071861216, 102.9367527961731]"
F82013,10,45,0.01,"[20.689527409565812, 0.7127625942230225]"
F82013,10,45,0.1,"[20.5553963697497, 6.318220853805542]"
F82013,10,45,0.2,"[20.555117900742175, 12.954580783843994]"
F82013,10,45,0.3,"[20.36219970644106, 20.25540328025818]"
F82013,10,45,0.4,"[20.36219970644106, 28.391728401184082]"
F82013,10,45,0.5,"[20.36219970644106, 37.54131293296814]"
F82013,10,45,0.6,"[20.36219970644106, 47.97905707359314]"
F82013,10,45,0.7,"[20.36219970644106, 59.76805853843689]"
F82013,10,45,0.8,"[20.306141539965665, 73.14923191070557]"
F82013,10,45,0.9,"[20.306141539965665, 88.09333300590515]"
F82013,10,45,1.0,"[20.306141539965665, 103.630863904953]"
F82013,10,46,0.01,"[20.629443274863434, 0.7908940315246582]"
F82013,10,46,0.1,"[20.603618076214843, 6.414653539657593]"
F82013,10,46,0.2,"[20.282662486892036, 13.030088186264038]"
F82013,10,46,0.3,"[20.282662486892036, 20.187554359436035]"
F82013,10,46,0.4,"[20.282662486892036, 28.13350749015808]"
F82013,10,46,0.5,"[20.282662486892036, 37.181564807891846]"
F82013,10,46,0.6,"[20.282662486892036, 47.49245595932007]"
F82013,10,46,0.7,"[20.282662486892036, 59.21739411354065]"
F82013,10,46,0.8,"[20.282662486892036, 72.56206631660461]"
F82013,10,46,0.9,"[20.282662486892036, 87.47412204742432]"
F82013,10,46,1.0,"[20.282662486892036, 102.98956322669983]"
F82013,10,47,0.01,"[20.811208902573753, 0.6323354244232178]"
F82013,10,47,0.1,"[20.46921459377438, 6.242875337600708]"
F82013,10,47,0.2,"[20.343125967773858, 12.793042659759521]"
F82013,10,47,0.3,"[20.343125967773858, 19.95998740196228]"
F82013,10,47,0.4,"[20.343125967773858, 27.91542363166809]"
F82013,10,47,0.5,"[20.343125967773858, 36.9343626499176]"
F82013,10,47,0.6,"[20.343125967773858, 47.328290700912476]"
F82013,10,47,0.7,"[20.343125967773858, 59.10976314544678]"
F82013,10,47,0.8,"[20.343125967773858, 72.52101302146912]"
F82013,10,47,0.9,"[20.343125967773858, 87.51327562332153]"
F82013,10,47,1.0,"[20.343125967773858, 103.11411428451538]"
F82013,10,48,0.01,"[20.733182731354418, 0.5860531330108643]"
F82013,10,48,0.1,"[20.405746430340514, 6.14437198638916]"
F82013,10,48,0.2,"[20.339092445125402, 12.717877864837646]"
F82013,10,48,0.3,"[20.339092445125402, 19.851802110671997]"
F82013,10,48,0.4,"[20.339092445125402, 27.804389476776123]"
F82013,10,48,0.5,"[20.339092445125402, 36.75945544242859]"
F82013,10,48,0.6,"[20.339092445125402, 47.08520984649658]"
F82013,10,48,0.7,"[20.339092445125402, 58.80571126937866]"
F82013,10,48,0.8,"[20.339092445125402, 72.14310717582703]"
F82013,10,48,0.9,"[20.339092445125402, 87.11060500144958]"
F82013,10,48,1.0,"[20.339092445125402, 102.67664170265198]"
F82013,10,49,0.01,"[20.777564993540523, 0.59169602394104]"
F82013,10,49,0.1,"[20.475206087821448, 6.146771430969238]"
F82013,10,49,0.2,"[20.475206087821448, 12.685624122619629]"
F82013,10,49,0.3,"[20.44526600359984, 19.818723440170288]"
F82013,10,49,0.4,"[20.44526600359984, 27.733587503433228]"
F82013,10,49,0.5,"[20.44526600359984, 36.66008400917053]"
F82013,10,49,0.6,"[20.44526600359984, 46.91089940071106]"
F82013,10,49,0.7,"[20.44526600359984, 58.58764362335205]"
F82013,10,49,0.8,"[20.44526600359984, 71.88703417778015]"
F82013,10,49,0.9,"[20.409430943741313, 86.82197427749634]"
F82013,10,49,1.0,"[20.409430943741313, 102.23847270011902]"
F82013,10,50,0.01,"[20.775717451035007, 0.6110844612121582]"
F82013,10,50,0.1,"[20.53290072239497, 6.326915740966797]"
F82013,10,50,0.2,"[20.53290072239497, 13.373447179794312]"
F82013,10,50,0.3,"[20.53290072239497, 21.088677883148193]"
F82013,10,50,0.4,"[20.347164733409727, 29.299587726593018]"
F82013,10,50,0.5,"[20.347164733409727, 38.4718873500824]"
F82013,10,50,0.6,"[20.347164733409727, 48.96671938896179]"
F82013,10,50,0.7,"[20.347164733409727, 60.81938147544861]"
F82013,10,50,0.8,"[20.347164733409727, 74.26164174079895]"
F82013,10,50,0.9,"[20.347164733409727, 89.25703001022339]"
F82013,10,50,1.0,"[20.347164733409727, 104.85741424560547]"
F82013,30,0,0.01,"[21.14935846611297, 1.528428077697754]"
F82013,30,0,0.1,"[21.101414181479072, 15.901743173599243]"
F82013,30,0,0.2,"[21.059719460137103, 32.94797229766846]"
F82013,30,0,0.3,"[20.97025179240802, 51.70561671257019]"
F82013,30,0,0.4,"[20.947455089014284, 72.39994549751282]"
F82013,30,0,0.5,"[20.947455089014284, 95.7400484085083]"
F82013,30,0,0.6,"[20.927349384370586, 122.47669792175293]"
F82013,30,0,0.7,"[20.927349384370586, 154.1481523513794]"
F82013,30,0,0.8,"[20.927349384370586, 192.08123111724854]"
F82013,30,0,0.9,"[20.927349384370586, 235.3174285888672]"
F82013,30,0,1.0,"[20.927349384370586, 282.4187982082367]"
F82013,30,1,0.01,"[21.19502352720997, 1.550553798675537]"
F82013,30,1,0.1,"[21.067489661806462, 16.15616488456726]"
F82013,30,1,0.2,"[21.052167652975072, 33.48348522186279]"
F82013,30,1,0.3,"[21.052167652975072, 52.148181200027466]"
F82013,30,1,0.4,"[21.011164983811113, 72.78100323677063]"
F82013,30,1,0.5,"[21.011164983811113, 96.01842975616455]"
F82013,30,1,0.6,"[21.011164983811113, 122.96871495246887]"
F82013,30,1,0.7,"[21.011164983811113, 155.03138756752014]"
F82013,30,1,0.8,"[21.011164983811113, 193.3891839981079]"
F82013,30,1,0.9,"[21.011164983811113, 236.80296349525452]"
F82013,30,1,1.0,"[21.011164983811113, 284.04333686828613]"
F82013,30,2,0.01,"[21.148632665081436, 1.5583081245422363]"
F82013,30,2,0.1,"[21.13303906626959, 16.028562307357788]"
F82013,30,2,0.2,"[21.052746813551494, 33.01775050163269]"
F82013,30,2,0.3,"[21.032977424714204, 51.46460795402527]"
F82013,30,2,0.4,"[21.032977424714204, 71.95051693916321]"
F82013,30,2,0.5,"[21.032977424714204, 94.97146582603455]"
F82013,30,2,0.6,"[21.028958534231833, 122.09219670295715]"
F82013,30,2,0.7,"[21.028958534231833, 154.3307068347931]"
F82013,30,2,0.8,"[20.978916340990736, 192.93311595916748]"
F82013,30,2,0.9,"[20.978916340990736, 236.91628193855286]"
F82013,30,2,1.0,"[20.978916340990736, 284.88115882873535]"
F82013,30,3,0.01,"[21.168657094161972, 1.550907850265503]"
F82013,30,3,0.1,"[21.092837247761622, 15.827205419540405]"
F82013,30,3,0.2,"[21.0767995967592, 32.76793551445007]"
F82013,30,3,0.3,"[21.057502931459453, 51.44520688056946]"
F82013,30,3,0.4,"[21.057502931459453, 72.18883347511292]"
F82013,30,3,0.5,"[21.057502931459453, 95.238694190979]"
F82013,30,3,0.6,"[21.057502931459453, 122.3680739402771]"
F82013,30,3,0.7,"[21.045770559968787, 154.50153398513794]"
F82013,30,3,0.8,"[21.00111424321892, 192.97177958488464]"
F82013,30,3,0.9,"[20.951415704204123, 236.81196904182434]"
F82013,30,3,1.0,"[20.951415704204123, 284.61653304100037]"
F82013,30,4,0.01,"[21.150639501908813, 1.5427029132843018]"
F82013,30,4,0.1,"[21.022985668507886, 16.080947875976562]"
F82013,30,4,0.2,"[21.022985668507886, 33.44819784164429]"
F82013,30,4,0.3,"[21.022985668507886, 52.40913462638855]"
F82013,30,4,0.4,"[21.022967146979, 73.13009238243103]"
F82013,30,4,0.5,"[21.022967146979, 96.16118001937866]"
F82013,30,4,0.6,"[21.022967146979, 123.20186591148376]"
F82013,30,4,0.7,"[21.022967146979, 155.29594087600708]"
F82013,30,4,0.8,"[20.974580775443883, 193.6376006603241]"
F82013,30,4,0.9,"[20.974580775443883, 237.36524844169617]"
F82013,30,4,1.0,"[20.974580775443883, 284.9700996875763]"
F82013,30,5,0.01,"[21.13794510730861, 1.5590753555297852]"
F82013,30,5,0.1,"[21.080440050888, 15.995317697525024]"
F82013,30,5,0.2,"[21.078984909804603, 32.90496301651001]"
F82013,30,5,0.3,"[21.078984909804603, 51.32235097885132]"
F82013,30,5,0.4,"[21.078984909804603, 71.77280879020691]"
F82013,30,5,0.5,"[21.078984909804603, 94.68643736839294]"
F82013,30,5,0.6,"[20.991755314995657, 121.58210182189941]"
F82013,30,5,0.7,"[20.991755314995657, 153.65199494361877]"
F82013,30,5,0.8,"[20.991755314995657, 192.05039596557617]"
F82013,30,5,0.9,"[20.82115323045673, 235.79844880104065]"
F82013,30,5,1.0,"[20.82115323045673, 283.44619822502136]"
F82013,30,6,0.01,"[21.199325158125703, 1.5808422565460205]"
F82013,30,6,0.1,"[21.082468643490074, 16.154309034347534]"
F82013,30,6,0.2,"[21.04957917762988, 33.39515280723572]"
F82013,30,6,0.3,"[21.04546919742154, 52.22286295890808]"
F82013,30,6,0.4,"[20.98410127161651, 73.03023147583008]"
F82013,30,6,0.5,"[20.98410127161651, 96.2740375995636]"
F82013,30,6,0.6,"[20.98410127161651, 123.55237102508545]"
F82013,30,6,0.7,"[20.98410127161651, 155.98441433906555]"
F82013,30,6,0.8,"[20.98410127161651, 194.85536122322083]"
F82013,30,6,0.9,"[20.98410127161651, 239.13568711280823]"
F82013,30,6,1.0,"[20.98410127161651, 287.4652028083801]"
F82013,30,7,0.01,"[21.14201505929691, 1.5556354522705078]"
F82013,30,7,0.1,"[21.09053949291183, 16.215033769607544]"
F82013,30,7,0.2,"[20.8213311178705, 33.41879391670227]"
F82013,30,7,0.3,"[20.8213311178705, 52.24485993385315]"
F82013,30,7,0.4,"[20.8213311178705, 73.27080202102661]"
F82013,30,7,0.5,"[20.8213311178705, 96.84486365318298]"
F82013,30,7,0.6,"[20.8213311178705, 124.07797527313232]"
F82013,30,7,0.7,"[20.8213311178705, 156.43186807632446]"
F82013,30,7,0.8,"[20.8213311178705, 195.11596632003784]"
F82013,30,7,0.9,"[20.8213311178705, 239.20052814483643]"
F82013,30,7,1.0,"[20.8213311178705, 287.1939296722412]"
F82013,30,8,0.01,"[21.229894524044994, 1.563075065612793]"
F82013,30,8,0.1,"[20.98263178168338, 16.021887063980103]"
F82013,30,8,0.2,"[20.98263178168338, 32.90736126899719]"
F82013,30,8,0.3,"[20.98263178168338, 51.36094403266907]"
F82013,30,8,0.4,"[20.98263178168338, 71.88051891326904]"
F82013,30,8,0.5,"[20.956254373170623, 94.90722227096558]"
F82013,30,8,0.6,"[20.956254373170623, 121.88307023048401]"
F82013,30,8,0.7,"[20.956254373170623, 153.93356347084045]"
F82013,30,8,0.8,"[20.956254373170623, 192.3413896560669]"
F82013,30,8,0.9,"[20.956254373170623, 236.18761134147644]"
F82013,30,8,1.0,"[20.956254373170623, 284.0461411476135]"
F82013,30,9,0.01,"[21.05874991968676, 1.577071189880371]"
F82013,30,9,0.1,"[20.99885612835851, 16.36264729499817]"
F82013,30,9,0.2,"[20.99885612835851, 33.82908248901367]"
F82013,30,9,0.3,"[20.99885612835851, 52.712477922439575]"
F82013,30,9,0.4,"[20.99885612835851, 73.51085591316223]"
F82013,30,9,0.5,"[20.99885612835851, 96.95033645629883]"
F82013,30,9,0.6,"[20.99885612835851, 124.08422684669495]"
F82013,30,9,0.7,"[20.99885612835851, 156.26373720169067]"
F82013,30,9,0.8,"[20.99885612835851, 194.75033688545227]"
F82013,30,9,0.9,"[20.99885612835851, 238.956876039505]"
F82013,30,9,1.0,"[20.99885612835851, 287.57716608047485]"
F82013,30,10,0.01,"[21.11343808939182, 1.5491347312927246]"
F82013,30,10,0.1,"[21.08967980181967, 16.053234577178955]"
F82013,30,10,0.2,"[21.08967980181967, 33.25110602378845]"
F82013,30,10,0.3,"[20.843730352882403, 51.92299294471741]"
F82013,30,10,0.4,"[20.843730352882403, 72.60901427268982]"
F82013,30,10,0.5,"[20.843730352882403, 95.87941265106201]"
F82013,30,10,0.6,"[20.843730352882403, 122.9705970287323]"
F82013,30,10,0.7,"[20.843730352882403, 155.12428426742554]"
F82013,30,10,0.8,"[20.843730352882403, 193.67991423606873]"
F82013,30,10,0.9,"[20.843730352882403, 237.6163763999939]"
F82013,30,10,1.0,"[20.843730352882403, 285.47024273872375]"
F82013,30,11,0.01,"[21.080964829234176, 1.549086332321167]"
F82013,30,11,0.1,"[21.06727483959685, 15.967204570770264]"
F82013,30,11,0.2,"[21.06727483959685, 33.05129146575928]"
F82013,30,11,0.3,"[21.065223264980204, 51.67565155029297]"
F82013,30,11,0.4,"[21.065223264980204, 72.39637231826782]"
F82013,30,11,0.5,"[21.065223264980204, 95.70534706115723]"
F82013,30,11,0.6,"[21.065223264980204, 122.73774290084839]"
F82013,30,11,0.7,"[21.065223264980204, 154.74863028526306]"
F82013,30,11,0.8,"[21.065223264980204, 193.1161847114563]"
F82013,30,11,0.9,"[21.02581265639833, 236.89493036270142]"
F82013,30,11,1.0,"[21.02581265639833, 284.6004641056061]"
F82013,30,12,0.01,"[21.232197264167667, 1.5626652240753174]"
F82013,30,12,0.1,"[21.007433352232056, 16.2428035736084]"
F82013,30,12,0.2,"[21.007433352232056, 33.37424683570862]"
F82013,30,12,0.3,"[21.007433352232056, 51.996445417404175]"
F82013,30,12,0.4,"[21.007433352232056, 72.56740617752075]"
F82013,30,12,0.5,"[21.007433352232056, 95.65463614463806]"
F82013,30,12,0.6,"[21.007433352232056, 122.71111392974854]"
F82013,30,12,0.7,"[21.007433352232056, 154.81371808052063]"
F82013,30,12,0.8,"[20.999421866545163, 193.31811618804932]"
F82013,30,12,0.9,"[20.999421866545163, 237.1877727508545]"
F82013,30,12,1.0,"[20.999421858326173, 284.3872094154358]"
F82013,30,13,0.01,"[21.148486529480124, 1.5433518886566162]"
F82013,30,13,0.1,"[21.06792347362739, 15.982534646987915]"
F82013,30,13,0.2,"[20.930356130782457, 33.17376732826233]"
F82013,30,13,0.3,"[20.930356130782457, 51.87375092506409]"
F82013,30,13,0.4,"[20.930356130782457, 72.34293007850647]"
F82013,30,13,0.5,"[20.930356130782457, 95.68344855308533]"
F82013,30,13,0.6,"[20.930356130782457, 122.72846293449402]"
F82013,30,13,0.7,"[20.930356130782457, 154.91693258285522]"
F82013,30,13,0.8,"[20.930356130782457, 193.5323884487152]"
F82013,30,13,0.9,"[20.930356130782457, 237.56279706954956]"
F82013,30,13,1.0,"[20.930356130782457, 285.55120944976807]"
F82013,30,14,0.01,"[21.173609564769322, 1.5503590106964111]"
F82013,30,14,0.1,"[21.06106918950104, 15.995331764221191]"
F82013,30,14,0.2,"[21.039845773896673, 32.967055320739746]"
F82013,30,14,0.3,"[21.039845773896673, 51.5425283908844]"
F82013,30,14,0.4,"[21.039845773896673, 72.05996775627136]"
F82013,30,14,0.5,"[20.981193563064608, 95.13850569725037]"
F82013,30,14,0.6,"[20.981193563064608, 122.25100111961365]"
F82013,30,14,0.7,"[20.981193563064608, 154.42551374435425]"
F82013,30,14,0.8,"[20.981193563064608, 193.0456087589264]"
F82013,30,14,0.9,"[20.981193563064608, 237.06886458396912]"
F82013,30,14,1.0,"[20.981193563064608, 285.48058438301086]"
F82013,30,15,0.01,"[21.149796511672776, 1.5547075271606445]"
F82013,30,15,0.1,"[21.105750394300685, 16.231868743896484]"
F82013,30,15,0.2,"[21.040603241571716, 33.67787027359009]"
F82013,30,15,0.3,"[20.862609011898712, 52.69095468521118]"
F82013,30,15,0.4,"[20.862609011898712, 73.54436445236206]"
F82013,30,15,0.5,"[20.862609011898712, 96.72672986984253]"
F82013,30,15,0.6,"[20.862609011898712, 123.85647797584534]"
F82013,30,15,0.7,"[20.862609011898712, 156.10543608665466]"
F82013,30,15,0.8,"[20.862609011898712, 194.71234917640686]"
F82013,30,15,0.9,"[20.862609011898712, 238.70241141319275]"
F82013,30,15,1.0,"[20.862609011898712, 286.59574699401855]"
F82013,30,16,0.01,"[21.274738472347735, 1.5444509983062744]"
F82013,30,16,0.1,"[20.992269937440824, 16.196489095687866]"
F82013,30,16,0.2,"[20.992269937440824, 33.45917201042175]"
F82013,30,16,0.3,"[20.992269937440824, 52.34161686897278]"
F82013,30,16,0.4,"[20.992269937440824, 73.01966595649719]"
F82013,30,16,0.5,"[20.992269937440824, 96.08556723594666]"
F82013,30,16,0.6,"[20.992269937440824, 123.20572805404663]"
F82013,30,16,0.7,"[20.992269937440824, 155.35926604270935]"
F82013,30,16,0.8,"[20.984313854115726, 193.82967829704285]"
F82013,30,16,0.9,"[20.984313854115726, 237.67414021492004]"
F82013,30,16,1.0,"[20.984313854115726, 285.41116070747375]"
F82013,30,17,0.01,"[21.177620504674792, 1.5487322807312012]"
F82013,30,17,0.1,"[21.121221420324332, 15.913874864578247]"
F82013,30,17,0.2,"[21.050542938495028, 32.84117317199707]"
F82013,30,17,0.3,"[21.050542938495028, 51.290422201156616]"
F82013,30,17,0.4,"[21.050542938495028, 71.78369092941284]"
F82013,30,17,0.5,"[21.050542938495028, 94.86486101150513]"
F82013,30,17,0.6,"[21.050542938495028, 121.98100996017456]"
F82013,30,17,0.7,"[21.050542938495028, 154.24047923088074]"
F82013,30,17,0.8,"[21.050542938495028, 192.88545179367065]"
F82013,30,17,0.9,"[20.997508644159097, 236.91942358016968]"
F82013,30,17,1.0,"[20.997508644159097, 284.8470449447632]"
F82013,30,18,0.01,"[21.133039230843337, 1.5486822128295898]"
F82013,30,18,0.1,"[21.068265372831434, 15.851757764816284]"
F82013,30,18,0.2,"[21.068265372831434, 32.7056999206543]"
F82013,30,18,0.3,"[21.026273929189415, 51.0392951965332]"
F82013,30,18,0.4,"[21.026273929189415, 71.3904881477356]"
F82013,30,18,0.5,"[21.026273929189415, 94.97393679618835]"
F82013,30,18,0.6,"[21.026273929189415, 121.95413017272949]"
F82013,30,18,0.7,"[21.007699266516852, 154.08373498916626]"
F82013,30,18,0.8,"[21.007699266516852, 192.63207983970642]"
F82013,30,18,0.9,"[21.007699266516852, 236.5255012512207]"
F82013,30,18,1.0,"[21.007699266516852, 284.3971326351166]"
F82013,30,19,0.01,"[21.15163791952898, 1.561431884765625]"
F82013,30,19,0.1,"[20.985186605800322, 15.990862369537354]"
F82013,30,19,0.2,"[20.985186605800322, 33.08398175239563]"
F82013,30,19,0.3,"[20.985186605800322, 51.72568941116333]"
F82013,30,19,0.4,"[20.985186605800322, 72.40867018699646]"
F82013,30,19,0.5,"[20.896358047532203, 95.52964043617249]"
F82013,30,19,0.6,"[20.896358047532203, 122.6436505317688]"
F82013,30,19,0.7,"[20.896358047532203, 154.8431031703949]"
F82013,30,19,0.8,"[20.896358047532203, 193.43358969688416]"
F82013,30,19,0.9,"[20.896358047532203, 237.43177008628845]"
F82013,30,19,1.0,"[20.896358047532203, 283.94121837615967]"
F82013,30,20,0.01,"[21.245279892906296, 1.562922477722168]"
F82013,30,20,0.1,"[21.02015522564875, 15.941748857498169]"
F82013,30,20,0.2,"[21.02015522564875, 33.0648148059845]"
F82013,30,20,0.3,"[20.963736773656137, 51.56372547149658]"
F82013,30,20,0.4,"[20.963736773656137, 71.97255086898804]"
F82013,30,20,0.5,"[20.963736773656137, 94.8778784275055]"
F82013,30,20,0.6,"[20.963736773656137, 121.85349011421204]"
F82013,30,20,0.7,"[20.963736773656137, 153.93209147453308]"
F82013,30,20,0.8,"[20.963736773656137, 192.34404706954956]"
F82013,30,20,0.9,"[20.963736773656137, 236.13897037506104]"
F82013,30,20,1.0,"[20.963736773656137, 283.83799600601196]"
F82013,30,21,0.01,"[21.120597481767845, 1.539680004119873]"
F82013,30,21,0.1,"[21.033215179148783, 15.925486087799072]"
F82013,30,21,0.2,"[21.00333943478506, 32.861459255218506]"
F82013,30,21,0.3,"[20.864189180545964, 51.3416166305542]"
F82013,30,21,0.4,"[20.864189180545964, 71.75464940071106]"
F82013,30,21,0.5,"[20.864189180545964, 94.65502285957336]"
F82013,30,21,0.6,"[20.864189180545964, 121.7591004371643]"
F82013,30,21,0.7,"[20.864189180545964, 154.01945042610168]"
F82013,30,21,0.8,"[20.864189180545964, 192.6672601699829]"
F82013,30,21,0.9,"[20.864189180545964, 236.7486641407013]"
F82013,30,21,1.0,"[20.864189180545964, 284.6891984939575]"
F82013,30,22,0.01,"[21.173740789986482, 1.5290260314941406]"
F82013,30,22,0.1,"[21.078132685062542, 15.879104137420654]"
F82013,30,22,0.2,"[20.964147029776427, 32.77093434333801]"
F82013,30,22,0.3,"[20.964147029776427, 51.26103210449219]"
F82013,30,22,0.4,"[20.864177031171607, 71.83429884910583]"
F82013,30,22,0.5,"[20.864177031171607, 94.95701336860657]"
F82013,30,22,0.6,"[20.864177031171607, 122.04633688926697]"
F82013,30,22,0.7,"[20.864177031171607, 154.24904203414917]"
F82013,30,22,0.8,"[20.864177031171607, 192.8239824771881]"
F82013,30,22,0.9,"[20.864177031171607, 236.86022353172302]"
F82013,30,22,1.0,"[20.864177031171607, 284.9847104549408]"
F82013,30,23,0.01,"[21.249273673545076, 1.547013282775879]"
F82013,30,23,0.1,"[20.92756338672666, 15.852894067764282]"
F82013,30,23,0.2,"[20.92756338672666, 32.73428130149841]"
F82013,30,23,0.3,"[20.92756338672666, 51.202312707901]"
F82013,30,23,0.4,"[20.92756338672666, 71.6977424621582]"
F82013,30,23,0.5,"[20.92756338672666, 94.66085457801819]"
F82013,30,23,0.6,"[20.92756338672666, 121.68292450904846]"
F82013,30,23,0.7,"[20.92756338672666, 153.77418565750122]"
F82013,30,23,0.8,"[20.92756338672666, 195.43913745880127]"
F82013,30,23,0.9,"[20.92756338672666, 243.48455595970154]"
F82013,30,23,1.0,"[20.92756338672666, 294.38329434394836]"
F82013,30,24,0.01,"[21.14470819740768, 1.6888618469238281]"
F82013,30,24,0.1,"[21.030769208180004, 17.493932723999023]"
F82013,30,24,0.2,"[21.030769208180004, 36.12751579284668]"
F82013,30,24,0.3,"[21.030769208180004, 56.485297203063965]"
F82013,30,24,0.4,"[21.030769208180004, 78.8405487537384]"
F82013,30,24,0.5,"[21.030769208180004, 104.22928786277771]"
F82013,30,24,0.6,"[21.030769208180004, 133.7253758907318]"
F82013,30,24,0.7,"[21.030769208180004, 168.0259029865265]"
F82013,30,24,0.8,"[20.94350605556872, 206.4138867855072]"
F82013,30,24,0.9,"[20.94350605556872, 250.21586060523987]"
F82013,30,24,1.0,"[20.94350605556872, 297.79995918273926]"
F82013,30,25,0.01,"[21.202021525366263, 1.5809733867645264]"
F82013,30,25,0.1,"[21.097476957256163, 16.22243618965149]"
F82013,30,25,0.2,"[21.097476957256163, 33.499916315078735]"
F82013,30,25,0.3,"[21.09449788777897, 52.28055000305176]"
F82013,30,25,0.4,"[21.041518602082306, 72.95458984375]"
F82013,30,25,0.5,"[21.041518602082306, 96.17125844955444]"
F82013,30,25,0.6,"[20.94227582810049, 123.37738060951233]"
F82013,30,25,0.7,"[20.94227582810049, 155.80629801750183]"
F82013,30,25,0.8,"[20.94227582810049, 194.66091656684875]"
F82013,30,25,0.9,"[20.942275803528673, 238.9017460346222]"
F82013,30,25,1.0,"[20.942275775771122, 286.8937888145447]"
F82013,30,26,0.01,"[21.223920285654003, 1.536712884902954]"
F82013,30,26,0.1,"[20.983189451070416, 15.83642864227295]"
F82013,30,26,0.2,"[20.983189451070416, 32.77109432220459]"
F82013,30,26,0.3,"[20.983189451070416, 51.45912718772888]"
F82013,30,26,0.4,"[20.9424368789887, 71.98811078071594]"
F82013,30,26,0.5,"[20.9424368789887, 95.60811066627502]"
F82013,30,26,0.6,"[20.9424368789887, 122.61987090110779]"
F82013,30,26,0.7,"[20.90259637989243, 154.79108428955078]"
F82013,30,26,0.8,"[20.90259637989243, 193.3251736164093]"
F82013,30,26,0.9,"[20.90259637989243, 237.26765847206116]"
F82013,30,26,1.0,"[20.90259637989243, 285.13961124420166]"
F82013,30,27,0.01,"[21.152941906328124, 1.5640308856964111]"
F82013,30,27,0.1,"[20.97084732970552, 16.016465187072754]"
F82013,30,27,0.2,"[20.97084732970552, 33.10198974609375]"
F82013,30,27,0.3,"[20.97084732970552, 51.70821928977966]"
F82013,30,27,0.4,"[20.97084732970552, 72.27717399597168]"
F82013,30,27,0.5,"[20.97084732970552, 95.24325251579285]"
F82013,30,27,0.6,"[20.97084732970552, 122.2640073299408]"
F82013,30,27,0.7,"[20.97084732970552, 154.44554352760315]"
F82013,30,27,0.8,"[20.97084732970552, 192.99217200279236]"
F82013,30,27,0.9,"[20.97084732970552, 237.02378702163696]"
F82013,30,27,1.0,"[20.97084732970552, 285.1150231361389]"
F82013,30,28,0.01,"[21.142486539526885, 1.5624895095825195]"
F82013,30,28,0.1,"[20.98455407206552, 16.058701276779175]"
F82013,30,28,0.2,"[20.946259433986597, 33.244672536849976]"
F82013,30,28,0.3,"[20.946259433986597, 51.994547843933105]"
F82013,30,28,0.4,"[20.946259433986597, 72.47043800354004]"
F82013,30,28,0.5,"[20.946259433986597, 95.34179830551147]"
F82013,30,28,0.6,"[20.946259433986597, 122.24240803718567]"
F82013,30,28,0.7,"[20.946259433986597, 154.26228308677673]"
F82013,30,28,0.8,"[20.946259433986597, 192.58958625793457]"
F82013,30,28,0.9,"[20.946259433986597, 236.30867457389832]"
F82013,30,28,1.0,"[20.946259433986597, 283.9565808773041]"
F82013,30,29,0.01,"[21.209721716168815, 1.5392091274261475]"
F82013,30,29,0.1,"[21.085476523008538, 16.093029260635376]"
F82013,30,29,0.2,"[21.07991383960791, 33.35307478904724]"
F82013,30,29,0.3,"[21.06472034831438, 52.038135290145874]"
F82013,30,29,0.4,"[21.03609220701992, 72.6212866306305]"
F82013,30,29,0.5,"[21.03609220701992, 95.61516833305359]"
F82013,30,29,0.6,"[21.012956063115098, 122.67269682884216]"
F82013,30,29,0.7,"[21.012956063115098, 154.8538055419922]"
F82013,30,29,0.8,"[21.012956063115098, 193.35065627098083]"
F82013,30,29,0.9,"[21.012956063115098, 237.2799153327942]"
F82013,30,29,1.0,"[21.012956063115098, 285.14013957977295]"
F82013,30,30,0.01,"[21.134937117817003, 1.540205955505371]"
F82013,30,30,0.1,"[21.089492739125376, 16.222455978393555]"
F82013,30,30,0.2,"[21.052409960425734, 33.63730025291443]"
F82013,30,30,0.3,"[21.052409960425734, 52.44545340538025]"
F82013,30,30,0.4,"[21.052409960425734, 73.33119130134583]"
F82013,30,30,0.5,"[21.052409960425734, 96.5183756351471]"
F82013,30,30,0.6,"[21.006547518026082, 123.54342794418335]"
F82013,30,30,0.7,"[20.88236337333626, 155.64134788513184]"
F82013,30,30,0.8,"[20.88236337333626, 194.07191014289856]"
F82013,30,30,0.9,"[20.88236337333626, 237.90824103355408]"
F82013,30,30,1.0,"[20.88236337333626, 285.5788986682892]"
F82013,30,31,0.01,"[21.1358959671079, 1.5625245571136475]"
F82013,30,31,0.1,"[21.084479357358077, 16.088474988937378]"
F82013,30,31,0.2,"[21.018364651736647, 33.26908040046692]"
F82013,30,31,0.3,"[21.017382783827998, 52.13019299507141]"
F82013,30,31,0.4,"[21.017382783827998, 73.16875457763672]"
F82013,30,31,0.5,"[21.017382783827998, 96.77188229560852]"
F82013,30,31,0.6,"[21.017382783827998, 123.85723161697388]"
F82013,30,31,0.7,"[21.017382783827998, 155.90723776817322]"
F82013,30,31,0.8,"[21.017382783827998, 194.2476930618286]"
F82013,30,31,0.9,"[21.017382783827998, 237.98068571090698]"
F82013,30,31,1.0,"[21.017382783827998, 285.57843470573425]"
F82013,30,32,0.01,"[21.223917978021063, 1.5482099056243896]"
F82013,30,32,0.1,"[21.116151242933597, 16.09780216217041]"
F82013,30,32,0.2,"[21.083363552358037, 33.25540280342102]"
F82013,30,32,0.3,"[21.083363552358037, 51.734665393829346]"
F82013,30,32,0.4,"[21.011996846945067, 72.24811339378357]"
F82013,30,32,0.5,"[21.011996846945067, 95.22250628471375]"
F82013,30,32,0.6,"[21.011996846945067, 122.26098322868347]"
F82013,30,32,0.7,"[21.011996846945067, 154.41564917564392]"
F82013,30,32,0.8,"[21.011996846945067, 192.95996737480164]"
F82013,30,32,0.9,"[21.011996846945067, 236.95797634124756]"
F82013,30,32,1.0,"[21.011996846945067, 284.91279888153076]"
F82013,30,33,0.01,"[21.165972697875645, 1.5230133533477783]"
F82013,30,33,0.1,"[21.04391770131076, 15.992591142654419]"
F82013,30,33,0.2,"[21.04391770131076, 32.99203944206238]"
F82013,30,33,0.3,"[21.04391770131076, 51.53283643722534]"
F82013,30,33,0.4,"[21.04391770131076, 72.15067982673645]"
F82013,30,33,0.5,"[21.04391770131076, 95.18828630447388]"
F82013,30,33,0.6,"[21.04391770131076, 122.18856477737427]"
F82013,30,33,0.7,"[21.04391770131076, 154.223708152771]"
F82013,30,33,0.8,"[21.04391770131076, 192.58338284492493]"
F82013,30,33,0.9,"[21.029860279008403, 236.32404613494873]"
F82013,30,33,1.0,"[21.029860279008403, 284.1832103729248]"
F82013,30,34,0.01,"[21.20133282822644, 1.5541608333587646]"
F82013,30,34,0.1,"[20.96442305212372, 15.948798656463623]"
F82013,30,34,0.2,"[20.96442305212372, 32.9254195690155]"
F82013,30,34,0.3,"[20.96442305212372, 51.38986253738403]"
F82013,30,34,0.4,"[20.96442305212372, 71.84592604637146]"
F82013,30,34,0.5,"[20.96442305212372, 94.68566465377808]"
F82013,30,34,0.6,"[20.96442305212372, 121.6411361694336]"
F82013,30,34,0.7,"[20.96442305212372, 153.6532964706421]"
F82013,30,34,0.8,"[20.96442305212372, 191.93834328651428]"
F82013,30,34,0.9,"[20.96442305212372, 235.6501579284668]"
F82013,30,34,1.0,"[20.96442305212372, 283.2211060523987]"
F82013,30,35,0.01,"[21.19295555466465, 1.5655090808868408]"
F82013,30,35,0.1,"[21.11348474978854, 16.13973355293274]"
F82013,30,35,0.2,"[21.11348474978854, 33.21346426010132]"
F82013,30,35,0.3,"[21.003441887132794, 51.72887921333313]"
F82013,30,35,0.4,"[21.003441887132794, 72.29790925979614]"
F82013,30,35,0.5,"[21.003441887132794, 95.29630279541016]"
F82013,30,35,0.6,"[21.003441887132794, 122.27852201461792]"
F82013,30,35,0.7,"[20.903554268675975, 154.35846757888794]"
F82013,30,35,0.8,"[20.903554268675975, 192.8789713382721]"
F82013,30,35,0.9,"[20.903554268675975, 236.9763011932373]"
F82013,30,35,1.0,"[20.903554268675975, 284.53406858444214]"
F82013,30,36,0.01,"[21.25232198689764, 1.5567362308502197]"
F82013,30,36,0.1,"[21.023038200063866, 15.932257413864136]"
F82013,30,36,0.2,"[21.023038200063866, 32.82364296913147]"
F82013,30,36,0.3,"[21.012572813792872, 51.25431489944458]"
F82013,30,36,0.4,"[21.012572813792872, 71.73577380180359]"
F82013,30,36,0.5,"[21.012572813792872, 94.64888143539429]"
F82013,30,36,0.6,"[20.882535551724573, 121.64497756958008]"
F82013,30,36,0.7,"[20.882535551724573, 153.78335213661194]"
F82013,30,36,0.8,"[20.882535551724573, 192.2587170600891]"
F82013,30,36,0.9,"[20.882535551724573, 236.16115069389343]"
F82013,30,36,1.0,"[20.882535551724573, 283.94505548477173]"
F82013,30,37,0.01,"[21.165310660816658, 1.5679152011871338]"
F82013,30,37,0.1,"[21.098353559512702, 16.029705047607422]"
F82013,30,37,0.2,"[21.072958124618253, 33.0774564743042]"
F82013,30,37,0.3,"[20.911163348011883, 51.68452763557434]"
F82013,30,37,0.4,"[20.911163348011883, 72.37351536750793]"
F82013,30,37,0.5,"[20.911163348011883, 95.40455961227417]"
F82013,30,37,0.6,"[20.911163348011883, 122.50306272506714]"
F82013,30,37,0.7,"[20.911163348011883, 154.78856492042542]"
F82013,30,37,0.8,"[20.911163348011883, 193.51835656166077]"
F82013,30,37,0.9,"[20.911163348011883, 237.6660168170929]"
F82013,30,37,1.0,"[20.911163348011883, 285.7201704978943]"
F82013,30,38,0.01,"[21.211930856798745, 1.5421977043151855]"
F82013,30,38,0.1,"[20.987772366335207, 15.987725973129272]"
F82013,30,38,0.2,"[20.987772366335207, 33.1784725189209]"
F82013,30,38,0.3,"[20.894677377161088, 52.160444498062134]"
F82013,30,38,0.4,"[20.894677377161088, 73.05633568763733]"
F82013,30,38,0.5,"[20.894677377161088, 96.20250535011292]"
F82013,30,38,0.6,"[20.894677377161088, 123.37576413154602]"
F82013,30,38,0.7,"[20.894677377161088, 155.7396674156189]"
F82013,30,38,0.8,"[20.894677377161088, 194.50714683532715]"
F82013,30,38,0.9,"[20.894677377161088, 238.71069312095642]"
F82013,30,38,1.0,"[20.894677377161088, 286.84456729888916]"
F82013,30,39,0.01,"[21.235455300896888, 1.5649566650390625]"
F82013,30,39,0.1,"[21.081428211074467, 16.19692635536194]"
F82013,30,39,0.2,"[21.075358725650176, 33.43340826034546]"
F82013,30,39,0.3,"[21.000849180030173, 52.177908420562744]"
F82013,30,39,0.4,"[21.000849180030173, 72.9485514163971]"
F82013,30,39,0.5,"[21.000849180030173, 96.12979388237]"
F82013,30,39,0.6,"[21.000849180030173, 123.27856040000916]"
F82013,30,39,0.7,"[20.95478405224594, 155.69229292869568]"
F82013,30,39,0.8,"[20.95478405224594, 194.45678162574768]"
F82013,30,39,0.9,"[20.95478405224594, 238.5630738735199]"
F82013,30,39,1.0,"[20.95478405224594, 286.6248140335083]"
F82013,30,40,0.01,"[21.205130779310593, 1.5811119079589844]"
F82013,30,40,0.1,"[21.10321039953419, 16.044026851654053]"
F82013,30,40,0.2,"[21.026162037909103, 33.05880427360535]"
F82013,30,40,0.3,"[20.997980390520297, 51.51388430595398]"
F82013,30,40,0.4,"[20.997980390520297, 72.00234580039978]"
F82013,30,40,0.5,"[20.997980390520297, 94.9850332736969]"
F82013,30,40,0.6,"[20.997980390520297, 122.04335069656372]"
F82013,30,40,0.7,"[20.997980390520297, 154.26600408554077]"
F82013,30,40,0.8,"[20.997980390520297, 192.86483216285706]"
F82013,30,40,0.9,"[20.997980390520297, 236.85198760032654]"
F82013,30,40,1.0,"[20.936938855591507, 284.74659729003906]"
F82013,30,41,0.01,"[21.083589788264817, 1.539569616317749]"
F82013,30,41,0.1,"[21.082407296207975, 15.942748308181763]"
F82013,30,41,0.2,"[21.053555962276278, 32.91751194000244]"
F82013,30,41,0.3,"[21.053555962276278, 51.570300817489624]"
F82013,30,41,0.4,"[21.053555962276278, 72.21993160247803]"
F82013,30,41,0.5,"[20.98962161911743, 95.78615021705627]"
F82013,30,41,0.6,"[20.98962161911743, 122.99161887168884]"
F82013,30,41,0.7,"[20.98962161911743, 155.30845022201538]"
F82013,30,41,0.8,"[20.98962161911743, 193.96862983703613]"
F82013,30,41,0.9,"[20.98962161911743, 238.02835297584534]"
F82013,30,41,1.0,"[20.98962161911743, 286.0604467391968]"
F82013,30,42,0.01,"[21.10496448685774, 1.5805072784423828]"
F82013,30,42,0.1,"[21.10496448685774, 16.259385585784912]"
F82013,30,42,0.2,"[21.094307342615934, 33.65935778617859]"
F82013,30,42,0.3,"[21.02888146281839, 52.26226282119751]"
F82013,30,42,0.4,"[21.02888146281839, 72.74206852912903]"
F82013,30,42,0.5,"[21.02888146281839, 95.78116273880005]"
F82013,30,42,0.6,"[21.0169360693734, 122.92081713676453]"
F82013,30,42,0.7,"[21.0169360693734, 155.14896297454834]"
F82013,30,42,0.8,"[21.0169360693734, 193.72497606277466]"
F82013,30,42,0.9,"[21.008084249027434, 237.67052245140076]"
F82013,30,42,1.0,"[21.008084249027434, 285.3827774524689]"
F82013,30,43,0.01,"[21.075579067716717, 1.5723869800567627]"
F82013,30,43,0.1,"[21.065256303930596, 16.168216705322266]"
F82013,30,43,0.2,"[20.94739216986875, 33.42373776435852]"
F82013,30,43,0.3,"[20.94739216986875, 52.276594161987305]"
F82013,30,43,0.4,"[20.94739216986875, 73.00418210029602]"
F82013,30,43,0.5,"[20.94739216986875, 97.03034710884094]"
F82013,30,43,0.6,"[20.94739216986875, 124.4059329032898]"
F82013,30,43,0.7,"[20.94739216986875, 156.8205370903015]"
F82013,30,43,0.8,"[20.94739216986875, 195.5872459411621]"
F82013,30,43,0.9,"[20.94739216986875, 239.78188371658325]"
F82013,30,43,1.0,"[20.94739216986875, 287.89971375465393]"
F82013,30,44,0.01,"[21.182373438506488, 1.5608489513397217]"
F82013,30,44,0.1,"[21.00378986874, 16.14638638496399]"
F82013,30,44,0.2,"[21.00378986874, 33.78336262702942]"
F82013,30,44,0.3,"[20.97969713131215, 53.13850712776184]"
F82013,30,44,0.4,"[20.97969713131215, 74.64745140075684]"
F82013,30,44,0.5,"[20.938288665640698, 98.74670481681824]"
F82013,30,44,0.6,"[20.938288665640698, 126.13471055030823]"
F82013,30,44,0.7,"[20.938288665640698, 158.4512140750885]"
F82013,30,44,0.8,"[20.938288665640698, 197.05672025680542]"
F82013,30,44,0.9,"[20.938288665640698, 241.07655358314514]"
F82013,30,44,1.0,"[20.938288665640698, 288.9584951400757]"
F82013,30,45,0.01,"[21.2570894280733, 1.5703442096710205]"
F82013,30,45,0.1,"[21.03452561502729, 16.267539978027344]"
F82013,30,45,0.2,"[21.03452561502729, 33.80624532699585]"
F82013,30,45,0.3,"[21.03452561502729, 52.71827697753906]"
F82013,30,45,0.4,"[21.03452561502729, 73.52557682991028]"
F82013,30,45,0.5,"[21.024383665443793, 96.8895149230957]"
F82013,30,45,0.6,"[21.024383665443793, 124.1233742237091]"
F82013,30,45,0.7,"[20.84288177129372, 156.47392296791077]"
F82013,30,45,0.8,"[20.84288177129372, 195.09940576553345]"
F82013,30,45,0.9,"[20.84288177129372, 239.18676042556763]"
F82013,30,45,1.0,"[20.84288177129372, 287.1523628234863]"
F82013,30,46,0.01,"[21.147596770600558, 1.562363624572754]"
F82013,30,46,0.1,"[21.08890603340967, 16.402549743652344]"
F82013,30,46,0.2,"[21.04124037534075, 34.0287299156189]"
F82013,30,46,0.3,"[21.04124037534075, 53.31876730918884]"
F82013,30,46,0.4,"[21.04124037534075, 74.57735300064087]"
F82013,30,46,0.5,"[21.04124037534075, 98.09478378295898]"
F82013,30,46,0.6,"[21.04124037534075, 125.34383177757263]"
F82013,30,46,0.7,"[21.04124037534075, 157.7013463973999]"
F82013,30,46,0.8,"[21.04124037534075, 196.37937831878662]"
F82013,30,46,0.9,"[21.001951823244667, 240.49290919303894]"
F82013,30,46,1.0,"[21.001951823244667, 288.49892830848694]"
F82013,30,47,0.01,"[21.13162458405577, 1.5660643577575684]"
F82013,30,47,0.1,"[21.014674513708997, 16.161442279815674]"
F82013,30,47,0.2,"[21.014674513708997, 33.17885088920593]"
F82013,30,47,0.3,"[21.014674513708997, 51.812106132507324]"
F82013,30,47,0.4,"[21.014674513708997, 72.45395398139954]"
F82013,30,47,0.5,"[21.014674513708997, 95.5067253112793]"
F82013,30,47,0.6,"[21.014674513708997, 122.53933763504028]"
F82013,30,47,0.7,"[21.014674513708997, 154.73556685447693]"
F82013,30,47,0.8,"[20.966752980650085, 193.28492379188538]"
F82013,30,47,0.9,"[20.966752980650085, 237.24940991401672]"
F82013,30,47,1.0,"[20.966752980650085, 285.1285631656647]"
F82013,30,48,0.01,"[21.178829250069043, 1.518329381942749]"
F82013,30,48,0.1,"[21.10205234686407, 15.820551633834839]"
F82013,30,48,0.2,"[21.06503342664189, 32.638756275177]"
F82013,30,48,0.3,"[20.921940796088506, 50.99544382095337]"
F82013,30,48,0.4,"[20.921940796088506, 71.32393050193787]"
F82013,30,48,0.5,"[20.921940796088506, 94.11088538169861]"
F82013,30,48,0.6,"[20.921940796088506, 120.93073320388794]"
F82013,30,48,0.7,"[20.921940796088506, 152.71566653251648]"
F82013,30,48,0.8,"[20.921940796088506, 190.73952889442444]"
F82013,30,48,0.9,"[20.921940796088506, 234.12719655036926]"
F82013,30,48,1.0,"[20.921940796088506, 281.4196903705597]"
F82013,30,49,0.01,"[21.160934519708462, 1.555863857269287]"
F82013,30,49,0.1,"[21.03359617985825, 15.890448808670044]"
F82013,30,49,0.2,"[21.03359617985825, 33.00604033470154]"
F82013,30,49,0.3,"[21.03359617985825, 51.613375186920166]"
F82013,30,49,0.4,"[21.03359617985825, 72.18673896789551]"
F82013,30,49,0.5,"[21.03359617985825, 95.1890058517456]"
F82013,30,49,0.6,"[21.03359617985825, 122.28698921203613]"
F82013,30,49,0.7,"[21.03359617985825, 154.48869013786316]"
F82013,30,49,0.8,"[21.03359617985825, 193.05026292800903]"
F82013,30,49,0.9,"[21.03359617985825, 237.05275225639343]"
F82013,30,49,1.0,"[21.03359617985825, 284.9854807853699]"
F82013,30,50,0.01,"[21.171142668740004, 1.5667409896850586]"
F82013,30,50,0.1,"[21.10105316594843, 16.10782504081726]"
F82013,30,50,0.2,"[21.036003974077857, 34.23710608482361]"
F82013,30,50,0.3,"[21.036003974077857, 54.404456615448]"
F82013,30,50,0.4,"[21.036003974077857, 76.84129118919373]"
F82013,30,50,0.5,"[21.019752473461153, 102.09457230567932]"
F82013,30,50,0.6,"[21.019752473461153, 131.63736701011658]"
F82013,30,50,0.7,"[20.981391367917922, 166.71154975891113]"
F82013,30,50,0.8,"[20.910566711426213, 208.73415565490723]"
F82013,30,50,0.9,"[20.910566711426213, 256.67042350769043]"
F82013,30,50,1.0,"[20.910566711426213, 308.95356917381287]"
F82013,50,0,0.01,"[21.334607419361873, 2.520921468734741]"
F82013,50,0,0.1,"[21.196715648483178, 25.867836236953735]"
F82013,50,0,0.2,"[21.19499947209829, 53.30033326148987]"
F82013,50,0,0.3,"[21.19499947209829, 83.20706009864807]"
F82013,50,0,0.4,"[21.181130300944233, 116.611337184906]"
F82013,50,0,0.5,"[21.1726604724156, 153.8014841079712]"
F82013,50,0,0.6,"[21.07277138827635, 199.15521502494812]"
F82013,50,0,0.7,"[21.07277138827635, 251.25929760932922]"
F82013,50,0,0.8,"[21.07277138827635, 313.558162689209]"
F82013,50,0,0.9,"[21.07277138827635, 386.0763704776764]"
F82013,50,0,1.0,"[21.07277138827635, 466.05818915367126]"
F82013,50,1,0.01,"[21.287569529372604, 2.4985616207122803]"
F82013,50,1,0.1,"[21.270077770956163, 25.835832834243774]"
F82013,50,1,0.2,"[21.12707855417591, 53.41668367385864]"
F82013,50,1,0.3,"[21.12707855417591, 83.4609727859497]"
F82013,50,1,0.4,"[21.12707855417591, 117.1278064250946]"
F82013,50,1,0.5,"[21.12707855417591, 154.7853181362152]"
F82013,50,1,0.6,"[21.12707855417591, 198.91471767425537]"
F82013,50,1,0.7,"[21.12707855417591, 251.37283182144165]"
F82013,50,1,0.8,"[21.12707855417591, 313.98705863952637]"
F82013,50,1,0.9,"[21.12707855417591, 386.89021825790405]"
F82013,50,1,1.0,"[21.12707855417591, 467.4017436504364]"
F82013,50,2,0.01,"[21.32394858586713, 2.6319830417633057]"
F82013,50,2,0.1,"[21.280982916620133, 26.35941219329834]"
F82013,50,2,0.2,"[21.240483939933142, 54.12049627304077]"
F82013,50,2,0.3,"[21.146402231796174, 84.21168208122253]"
F82013,50,2,0.4,"[21.146402231796174, 117.79407382011414]"
F82013,50,2,0.5,"[21.146402231796174, 155.26680850982666]"
F82013,50,2,0.6,"[21.146402231796174, 199.22097945213318]"
F82013,50,2,0.7,"[21.146402231796174, 252.0701904296875]"
F82013,50,2,0.8,"[21.146402231796174, 315.10474729537964]"
F82013,50,2,0.9,"[21.146402231796174, 387.93613624572754]"
F82013,50,2,1.0,"[21.146402231796174, 468.2219126224518]"
F82013,50,3,0.01,"[21.314098921456775, 2.604076862335205]"
F82013,50,3,0.1,"[21.235841493073735, 25.854079723358154]"
F82013,50,3,0.2,"[21.213197303019115, 53.402689933776855]"
F82013,50,3,0.3,"[21.213197303019115, 83.29827833175659]"
F82013,50,3,0.4,"[21.213197303019115, 116.90666675567627]"
F82013,50,3,0.5,"[21.071542737585787, 154.5687654018402]"
F82013,50,3,0.6,"[21.071542737585787, 198.7348141670227]"
F82013,50,3,0.7,"[21.071542737585787, 251.53003597259521]"
F82013,50,3,0.8,"[21.071542737585787, 314.6234440803528]"
F82013,50,3,0.9,"[21.071542737585787, 388.01174545288086]"
F82013,50,3,1.0,"[21.071542737585787, 468.50587916374207]"
F82013,50,4,0.01,"[21.182289838871043, 2.5367543697357178]"
F82013,50,4,0.1,"[21.182289838871043, 26.41049098968506]"
F82013,50,4,0.2,"[21.182289838871043, 54.44446802139282]"
F82013,50,4,0.3,"[21.182289838871043, 84.82137632369995]"
F82013,50,4,0.4,"[21.182289838871043, 118.70761179924011]"
F82013,50,4,0.5,"[21.182289838871043, 156.6715703010559]"
F82013,50,4,0.6,"[21.182289838871043, 201.1080527305603]"
F82013,50,4,0.7,"[21.182289838871043, 254.36858248710632]"
F82013,50,4,0.8,"[21.182289838871043, 317.9944214820862]"
F82013,50,4,0.9,"[21.182289838871043, 392.07049036026]"
F82013,50,4,1.0,"[21.182289838871043, 473.7315559387207]"
F82013,50,5,0.01,"[21.31701355333655, 2.623896360397339]"
F82013,50,5,0.1,"[21.239691421381053, 26.410908937454224]"
F82013,50,5,0.2,"[21.141711759182044, 54.36653804779053]"
F82013,50,5,0.3,"[21.141711759182044, 84.40430855751038]"
F82013,50,5,0.4,"[21.141711759182044, 118.18363332748413]"
F82013,50,5,0.5,"[21.134795113991572, 155.87725496292114]"
F82013,50,5,0.6,"[21.134795113991572, 200.14640760421753]"
F82013,50,5,0.7,"[21.134795113991572, 253.3115358352661]"
F82013,50,5,0.8,"[21.134795113991572, 316.80716705322266]"
F82013,50,5,0.9,"[21.134795113991572, 390.77009081840515]"
F82013,50,5,1.0,"[21.134795113991572, 472.2727243900299]"
F82013,50,6,0.01,"[21.308513612495744, 2.499577522277832]"
F82013,50,6,0.1,"[21.21117647349081, 25.988904237747192]"
F82013,50,6,0.2,"[21.21117647349081, 53.70661759376526]"
F82013,50,6,0.3,"[21.21117647349081, 84.1495988368988]"
F82013,50,6,0.4,"[21.196284617433435, 118.30667352676392]"
F82013,50,6,0.5,"[21.196284617433435, 156.23834252357483]"
F82013,50,6,0.6,"[21.159428684610134, 200.5609769821167]"
F82013,50,6,0.7,"[21.159428684610134, 253.71232342720032]"
F82013,50,6,0.8,"[21.159428684610134, 317.1306240558624]"
F82013,50,6,0.9,"[21.159428684610134, 390.93621468544006]"
F82013,50,6,1.0,"[21.123661958941625, 472.23384165763855]"
F82013,50,7,0.01,"[21.281064112616832, 2.6327872276306152]"
F82013,50,7,0.1,"[21.248972237335693, 26.069059133529663]"
F82013,50,7,0.2,"[21.19862622088101, 53.70050883293152]"
F82013,50,7,0.3,"[21.19862622088101, 83.86609244346619]"
F82013,50,7,0.4,"[21.19862622088101, 117.58643746376038]"
F82013,50,7,0.5,"[21.19862622088101, 155.08371663093567]"
F82013,50,7,0.6,"[21.19862622088101, 199.01944518089294]"
F82013,50,7,0.7,"[21.19862622088101, 251.7330687046051]"
F82013,50,7,0.8,"[21.185682410075287, 314.7385153770447]"
F82013,50,7,0.9,"[21.157455309503575, 388.1259903907776]"
F82013,50,7,1.0,"[21.157455267982186, 451.8019275665283]"
F82013,50,8,0.01,"[21.233192209174376, 2.5194551944732666]"
F82013,50,8,0.1,"[21.233192209174376, 26.077882051467896]"
F82013,50,8,0.2,"[21.17116083552355, 53.91699242591858]"
F82013,50,8,0.3,"[21.17116083552355, 84.40643668174744]"
F82013,50,8,0.4,"[21.17116083552355, 118.31409740447998]"
F82013,50,8,0.5,"[21.17116083552355, 155.78990864753723]"
F82013,50,8,0.6,"[21.17116083552355, 199.69697380065918]"
F82013,50,8,0.7,"[21.17116083552355, 252.47924494743347]"
F82013,50,8,0.8,"[21.17116083552355, 315.5688736438751]"
F82013,50,8,0.9,"[21.168411606449467, 389.0734791755676]"
F82013,50,8,1.0,"[21.168411606449467, 470.37720823287964]"
F82013,50,9,0.01,"[21.286887780260827, 2.6556572914123535]"
F82013,50,9,0.1,"[21.147141086858483, 25.97400736808777]"
F82013,50,9,0.2,"[21.147141086858483, 53.458497285842896]"
F82013,50,9,0.3,"[21.147141086858483, 83.38555550575256]"
F82013,50,9,0.4,"[21.147141086858483, 116.91008877754211]"
F82013,50,9,0.5,"[21.147141086858483, 154.43919897079468]"
F82013,50,9,0.6,"[21.147141086858483, 198.5807728767395]"
F82013,50,9,0.7,"[21.147141086858483, 251.82092094421387]"
F82013,50,9,0.8,"[21.147141086858483, 315.52352571487427]"
F82013,50,9,0.9,"[21.147141086858483, 389.47024846076965]"
F82013,50,9,1.0,"[21.147141086858483, 471.27355122566223]"
F82013,50,10,0.01,"[21.25230377637206, 2.520984411239624]"
F82013,50,10,0.1,"[21.230292744182975, 25.69795036315918]"
F82013,50,10,0.2,"[21.216281945977357, 53.01539921760559]"
F82013,50,10,0.3,"[21.163870047187743, 82.94890809059143]"
F82013,50,10,0.4,"[21.153011876581786, 116.66205215454102]"
F82013,50,10,0.5,"[21.153011876581786, 154.31163883209229]"
F82013,50,10,0.6,"[21.153011876581786, 199.26248168945312]"
F82013,50,10,0.7,"[21.153011876581786, 252.37697076797485]"
F82013,50,10,0.8,"[21.153011876581786, 315.88131380081177]"
F82013,50,10,0.9,"[21.153011876581786, 389.85853242874146]"
F82013,50,10,1.0,"[21.153011876581786, 471.374737739563]"
F82013,50,11,0.01,"[21.192035726133554, 2.6138436794281006]"
F82013,50,11,0.1,"[21.192035726133554, 26.318663835525513]"
F82013,50,11,0.2,"[21.1826163650353, 54.09740495681763]"
F82013,50,11,0.3,"[21.107213370401155, 84.62462973594666]"
F82013,50,11,0.4,"[21.107213370401155, 118.70078301429749]"
F82013,50,11,0.5,"[21.107213370401155, 156.71606373786926]"
F82013,50,11,0.6,"[21.107213370401155, 201.29624938964844]"
F82013,50,11,0.7,"[21.107213370401155, 254.93141317367554]"
F82013,50,11,0.8,"[21.107213370401155, 319.1098065376282]"
F82013,50,11,0.9,"[21.107213370401155, 393.86033821105957]"
F82013,50,11,1.0,"[21.107213370401155, 476.2472584247589]"
F82013,50,12,0.01,"[21.291232499232137, 2.5858263969421387]"
F82013,50,12,0.1,"[21.247910675249386, 25.927910804748535]"
F82013,50,12,0.2,"[21.194491418352754, 53.78717064857483]"
F82013,50,12,0.3,"[21.194491418352754, 84.09017968177795]"
F82013,50,12,0.4,"[21.194491418352754, 118.08375835418701]"
F82013,50,12,0.5,"[21.14830533215911, 156.17101645469666]"
F82013,50,12,0.6,"[21.14830533215911, 201.48997712135315]"
F82013,50,12,0.7,"[21.14830533215911, 255.01050853729248]"
F82013,50,12,0.8,"[21.14830533215911, 318.9641718864441]"
F82013,50,12,0.9,"[21.14830533215911, 393.512948513031]"
F82013,50,12,1.0,"[21.14830533215911, 475.52814197540283]"
F82013,50,13,0.01,"[21.303927436149706, 2.527953624725342]"
F82013,50,13,0.1,"[21.198389553526113, 26.150066614151]"
F82013,50,13,0.2,"[21.15807798923845, 53.90661358833313]"
F82013,50,13,0.3,"[21.15807798923845, 84.03189778327942]"
F82013,50,13,0.4,"[21.15807798923845, 117.67121195793152]"
F82013,50,13,0.5,"[21.15807798923845, 155.24308466911316]"
F82013,50,13,0.6,"[21.15807798923845, 199.542058467865]"
F82013,50,13,0.7,"[21.15807798923845, 252.89084458351135]"
F82013,50,13,0.8,"[21.15807798923845, 316.8253552913666]"
F82013,50,13,0.9,"[21.15807798923845, 391.25340270996094]"
F82013,50,13,1.0,"[21.15807798923845, 473.2098939418793]"
F82013,50,14,0.01,"[21.1654875889883, 2.724320650100708]"
F82013,50,14,0.1,"[21.1654875889883, 26.58270502090454]"
F82013,50,14,0.2,"[21.15175677440982, 54.53752541542053]"
F82013,50,14,0.3,"[21.15175677440982, 84.97076034545898]"
F82013,50,14,0.4,"[21.15175677440982, 118.8386549949646]"
F82013,50,14,0.5,"[21.15175677440982, 156.31690526008606]"
F82013,50,14,0.6,"[21.15175677440982, 200.22524738311768]"
F82013,50,14,0.7,"[21.15175677440982, 253.00664830207825]"
F82013,50,14,0.8,"[21.15175677440982, 316.08914136886597]"
F82013,50,14,0.9,"[21.15175677440982, 389.64635014533997]"
F82013,50,14,1.0,"[21.15175677440982, 470.57818126678467]"
F82013,50,15,0.01,"[21.3283689444703, 2.5236563682556152]"
F82013,50,15,0.1,"[21.157072986371986, 26.13089108467102]"
F82013,50,15,0.2,"[21.157072986371986, 53.877638816833496]"
F82013,50,15,0.3,"[21.157072986371986, 83.92536687850952]"
F82013,50,15,0.4,"[21.157072986371986, 117.5692970752716]"
F82013,50,15,0.5,"[21.157072986371986, 155.09791040420532]"
F82013,50,15,0.6,"[21.157072986371986, 199.16106581687927]"
F82013,50,15,0.7,"[21.157072986371986, 252.12623858451843]"
F82013,50,15,0.8,"[21.123619480486695, 315.4560625553131]"
F82013,50,15,0.9,"[21.123619480486695, 389.29242730140686]"
F82013,50,15,1.0,"[21.123619438075934, 470.4679491519928]"
F82013,50,16,0.01,"[21.310746432955284, 2.5802159309387207]"
F82013,50,16,0.1,"[21.117957575578657, 26.19333052635193]"
F82013,50,16,0.2,"[21.117957575578657, 53.813199520111084]"
F82013,50,16,0.3,"[21.117957575578657, 83.79570722579956]"
F82013,50,16,0.4,"[21.117957575578657, 117.51211762428284]"
F82013,50,16,0.5,"[21.117957575578657, 155.07629990577698]"
F82013,50,16,0.6,"[21.117957575578657, 199.03698992729187]"
F82013,50,16,0.7,"[21.117957575578657, 251.93536758422852]"
F82013,50,16,0.8,"[21.117957575578657, 315.14708399772644]"
F82013,50,16,0.9,"[21.117957575578657, 388.7596275806427]"
F82013,50,16,1.0,"[21.117957366267888, 470.03082728385925]"
F82013,50,17,0.01,"[21.196492152912924, 2.528869152069092]"
F82013,50,17,0.1,"[21.196492152912924, 25.967501878738403]"
F82013,50,17,0.2,"[21.196492152912924, 53.74424195289612]"
F82013,50,17,0.3,"[21.196492152912924, 84.05576133728027]"
F82013,50,17,0.4,"[21.18351986253674, 117.82910227775574]"
F82013,50,17,0.5,"[21.18351986253674, 155.4161376953125]"
F82013,50,17,0.6,"[21.18351986253674, 199.5050847530365]"
F82013,50,17,0.7,"[21.18351986253674, 252.6449031829834]"
F82013,50,17,0.8,"[21.18351986253674, 316.17116618156433]"
F82013,50,17,0.9,"[21.18351986253674, 390.19666814804077]"
F82013,50,17,1.0,"[21.172123901140935, 471.3718681335449]"
F82013,50,18,0.01,"[21.289011141836, 2.5344529151916504]"
F82013,50,18,0.1,"[21.11342428842954, 26.21800398826599]"
F82013,50,18,0.2,"[21.11342428842954, 54.31002998352051]"
F82013,50,18,0.3,"[21.11342428842954, 84.69839477539062]"
F82013,50,18,0.4,"[21.11342428842954, 118.74608302116394]"
F82013,50,18,0.5,"[21.11342428842954, 156.43075156211853]"
F82013,50,18,0.6,"[21.11342428842954, 200.40615844726562]"
F82013,50,18,0.7,"[21.11342428842954, 253.37472486495972]"
F82013,50,18,0.8,"[21.11342428842954, 316.54904866218567]"
F82013,50,18,0.9,"[21.11342428842954, 390.17026114463806]"
F82013,50,18,1.0,"[21.11342428842954, 471.32330107688904]"
F82013,50,19,0.01,"[21.254697675973603, 2.666632890701294]"
F82013,50,19,0.1,"[21.24268884202968, 26.39263391494751]"
F82013,50,19,0.2,"[21.08036447237646, 54.273183822631836]"
F82013,50,19,0.3,"[21.08036447237646, 84.46965074539185]"
F82013,50,19,0.4,"[21.08036447237646, 118.08197164535522]"
F82013,50,19,0.5,"[21.08036447237646, 155.55639743804932]"
F82013,50,19,0.6,"[21.08036447237646, 199.58493828773499]"
F82013,50,19,0.7,"[21.08036447237646, 254.93918108940125]"
F82013,50,19,0.8,"[21.08036447237646, 324.1017236709595]"
F82013,50,19,0.9,"[21.08036447237646, 404.60584449768066]"
F82013,50,19,1.0,"[21.08036447237646, 491.09452724456787]"
F82013,50,20,0.01,"[21.309673195567484, 2.503138780593872]"
F82013,50,20,0.1,"[21.201971031760536, 25.72359538078308]"
F82013,50,20,0.2,"[21.201971031760536, 53.41140604019165]"
F82013,50,20,0.3,"[21.201971031760536, 83.6481671333313]"
F82013,50,20,0.4,"[21.201971031760536, 117.65638518333435]"
F82013,50,20,0.5,"[21.163164890904, 155.30872750282288]"
F82013,50,20,0.6,"[21.163164890904, 199.60608911514282]"
F82013,50,20,0.7,"[21.163164890904, 252.7078309059143]"
F82013,50,20,0.8,"[21.163164890904, 316.0625455379486]"
F82013,50,20,0.9,"[21.157700368113183, 390.01714730262756]"
F82013,50,20,1.0,"[21.157700368113183, 471.3635025024414]"
F82013,50,21,0.01,"[21.321064341541614, 2.524527072906494]"
F82013,50,21,0.1,"[21.128046801294317, 25.948662042617798]"
F82013,50,21,0.2,"[21.128046801294317, 53.45652437210083]"
F82013,50,21,0.3,"[21.075798808273134, 83.45756888389587]"
F82013,50,21,0.4,"[21.075798808273134, 117.06078743934631]"
F82013,50,21,0.5,"[21.075798808273134, 154.55645895004272]"
F82013,50,21,0.6,"[21.075798808273134, 198.93779134750366]"
F82013,50,21,0.7,"[21.075798808273134, 252.06085205078125]"
F82013,50,21,0.8,"[21.075798808273134, 315.6061942577362]"
F82013,50,21,0.9,"[21.075798808273134, 390.3476984500885]"
F82013,50,21,1.0,"[21.075798808273134, 474.16412568092346]"
F82013,50,22,0.01,"[21.250103381515487, 2.6821634769439697]"
F82013,50,22,0.1,"[21.250103381515487, 26.065061330795288]"
F82013,50,22,0.2,"[21.250103381515487, 53.60990786552429]"
F82013,50,22,0.3,"[21.208585590887196, 83.59443283081055]"
F82013,50,22,0.4,"[21.16473546618613, 117.24176478385925]"
F82013,50,22,0.5,"[21.16473546618613, 154.8401551246643]"
F82013,50,22,0.6,"[21.16473546618613, 199.07773733139038]"
F82013,50,22,0.7,"[21.16473546618613, 252.18105340003967]"
F82013,50,22,0.8,"[21.16473546618613, 315.5588481426239]"
F82013,50,22,0.9,"[21.16473546618613, 389.41060042381287]"
F82013,50,22,1.0,"[21.16473546618613, 470.88063073158264]"
F82013,50,23,0.01,"[21.252271557769973, 2.6656012535095215]"
F82013,50,23,0.1,"[21.191072030062173, 26.047707557678223]"
F82013,50,23,0.2,"[21.191072030062173, 53.63599395751953]"
F82013,50,23,0.3,"[21.191072030062173, 83.60592460632324]"
F82013,50,23,0.4,"[21.191072030062173, 117.229323387146]"
F82013,50,23,0.5,"[21.191072030062173, 154.71429228782654]"
F82013,50,23,0.6,"[21.191072030062173, 198.80711936950684]"
F82013,50,23,0.7,"[21.191072030062173, 251.86432099342346]"
F82013,50,23,0.8,"[21.191072030062173, 315.1738829612732]"
F82013,50,23,0.9,"[21.191072030062173, 388.9249348640442]"
F82013,50,23,1.0,"[21.18561460712101, 470.24352741241455]"
F82013,50,24,0.01,"[21.23448213855852, 2.550076484680176]"
F82013,50,24,0.1,"[21.116679839814083, 26.081928730010986]"
F82013,50,24,0.2,"[21.116679839814083, 53.973405599594116]"
F82013,50,24,0.3,"[21.116679839814083, 84.20131301879883]"
F82013,50,24,0.4,"[21.116679839814083, 117.96018433570862]"
F82013,50,24,0.5,"[21.116679839814083, 155.56529068946838]"
F82013,50,24,0.6,"[21.116679839814083, 199.76651453971863]"
F82013,50,24,0.7,"[21.116679839814083, 252.8553557395935]"
F82013,50,24,0.8,"[21.116679839814083, 316.2632486820221]"
F82013,50,24,0.9,"[21.116679839814083, 390.18452620506287]"
F82013,50,24,1.0,"[21.116679839814083, 471.6184616088867]"
F82013,50,25,0.01,"[21.302427855487508, 2.5098588466644287]"
F82013,50,25,0.1,"[21.23681178641175, 25.67780828475952]"
F82013,50,25,0.2,"[21.218625525565812, 52.96269178390503]"
F82013,50,25,0.3,"[21.17762284886021, 82.62958645820618]"
F82013,50,25,0.4,"[21.11506955529626, 116.03812599182129]"
F82013,50,25,0.5,"[21.11506955529626, 153.39729046821594]"
F82013,50,25,0.6,"[21.11506955529626, 197.46880173683167]"
F82013,50,25,0.7,"[21.11506955529626, 250.44099378585815]"
F82013,50,25,0.8,"[21.11506955529626, 313.7389814853668]"
F82013,50,25,0.9,"[21.11506955529626, 387.75016593933105]"
F82013,50,25,1.0,"[21.11506955529626, 469.6667411327362]"
F82013,50,26,0.01,"[21.302031673550573, 2.5752012729644775]"
F82013,50,26,0.1,"[21.24036747158243, 26.130003690719604]"
F82013,50,26,0.2,"[21.24036747158243, 53.74820351600647]"
F82013,50,26,0.3,"[21.239680940144922, 83.78333163261414]"
F82013,50,26,0.4,"[21.1919296439562, 117.32311177253723]"
F82013,50,26,0.5,"[21.13307574958094, 154.8620445728302]"
F82013,50,26,0.6,"[21.13307574958094, 198.9728627204895]"
F82013,50,26,0.7,"[21.13307574958094, 252.05333709716797]"
F82013,50,26,0.8,"[21.13307574958094, 315.3912863731384]"
F82013,50,26,0.9,"[21.13307574958094, 389.1663179397583]"
F82013,50,26,1.0,"[21.13307574958094, 470.48109316825867]"
F82013,50,27,0.01,"[21.260849110037725, 2.547921657562256]"
F82013,50,27,0.1,"[21.22415267112956, 25.795143842697144]"
F82013,50,27,0.2,"[21.21273462751674, 53.31904888153076]"
F82013,50,27,0.3,"[21.21273462751674, 83.11505842208862]"
F82013,50,27,0.4,"[21.21273462751674, 116.63513827323914]"
F82013,50,27,0.5,"[21.19281258970466, 153.965567111969]"
F82013,50,27,0.6,"[21.180911063301664, 197.9151690006256]"
F82013,50,27,0.7,"[21.16196953983342, 250.8314332962036]"
F82013,50,27,0.8,"[21.16196953983342, 314.01457595825195]"
F82013,50,27,0.9,"[21.16196953983342, 387.6508719921112]"
F82013,50,27,1.0,"[21.161969539780557, 469.2577850818634]"
F82013,50,28,0.01,"[21.2731220917816, 2.5618555545806885]"
F82013,50,28,0.1,"[21.185065752889727, 25.947508335113525]"
F82013,50,28,0.2,"[21.174720778096685, 53.35816240310669]"
F82013,50,28,0.3,"[21.1622415931015, 83.3395528793335]"
F82013,50,28,0.4,"[21.1622415931015, 116.79656863212585]"
F82013,50,28,0.5,"[21.1622415931015, 154.28694677352905]"
F82013,50,28,0.6,"[21.1622415931015, 198.34172129631042]"
F82013,50,28,0.7,"[21.1622415931015, 251.45560336112976]"
F82013,50,28,0.8,"[21.1622415931015, 314.8949074745178]"
F82013,50,28,0.9,"[21.150108680926223, 388.7703514099121]"
F82013,50,28,1.0,"[21.150108680926223, 470.2329866886139]"
F82013,50,29,0.01,"[21.25017378674761, 2.6482481956481934]"
F82013,50,29,0.1,"[21.17156962328204, 26.14619731903076]"
F82013,50,29,0.2,"[21.17156962328204, 53.846750020980835]"
F82013,50,29,0.3,"[21.17156962328204, 83.92093992233276]"
F82013,50,29,0.4,"[21.143596292088432, 117.3808057308197]"
F82013,50,29,0.5,"[21.143596292088432, 154.84183764457703]"
F82013,50,29,0.6,"[21.143596292088432, 198.93747639656067]"
F82013,50,29,0.7,"[21.143596292088432, 252.00372648239136]"
F82013,50,29,0.8,"[21.143596292088432, 315.3046307563782]"
F82013,50,29,0.9,"[21.143596292088432, 388.92054414749146]"
F82013,50,29,1.0,"[21.143596292088432, 469.9243106842041]"
F82013,50,30,0.01,"[21.289536045088994, 2.522324562072754]"
F82013,50,30,0.1,"[21.237732208817306, 25.80162024497986]"
F82013,50,30,0.2,"[21.165670155752423, 53.265419483184814]"
F82013,50,30,0.3,"[21.14422914612237, 82.90001773834229]"
F82013,50,30,0.4,"[21.14422914612237, 116.17379999160767]"
F82013,50,30,0.5,"[21.14422914612237, 153.39605808258057]"
F82013,50,30,0.6,"[21.14422914612237, 197.19896602630615]"
F82013,50,30,0.7,"[21.14422914612237, 249.9473135471344]"
F82013,50,30,0.8,"[21.125321953800608, 313.0098738670349]"
F82013,50,30,0.9,"[21.125321953800608, 386.4037127494812]"
F82013,50,30,1.0,"[21.125321953800608, 467.28018593788147]"
F82013,50,31,0.01,"[21.3452856999628, 2.5255160331726074]"
F82013,50,31,0.1,"[21.2554473004094, 25.89329719543457]"
F82013,50,31,0.2,"[21.199659853314643, 53.577861070632935]"
F82013,50,31,0.3,"[21.199659853314643, 83.59715485572815]"
F82013,50,31,0.4,"[21.199659853314643, 117.22152280807495]"
F82013,50,31,0.5,"[21.18259466680388, 154.48715376853943]"
F82013,50,31,0.6,"[21.148643463078542, 200.14793992042542]"
F82013,50,31,0.7,"[21.148643463078542, 252.84707021713257]"
F82013,50,31,0.8,"[21.148643463078542, 315.8335053920746]"
F82013,50,31,0.9,"[21.148643463078542, 389.1458353996277]"
F82013,50,31,1.0,"[21.148643463078542, 469.9139893054962]"
F82013,50,32,0.01,"[21.27808331365111, 2.5665109157562256]"
F82013,50,32,0.1,"[21.227330105417764, 25.948228359222412]"
F82013,50,32,0.2,"[21.146129479405545, 53.33180260658264]"
F82013,50,32,0.3,"[21.146129479405545, 83.17986178398132]"
F82013,50,32,0.4,"[21.11775597028975, 116.77916598320007]"
F82013,50,32,0.5,"[21.11775597028975, 154.34024024009705]"
F82013,50,32,0.6,"[21.11775597028975, 198.4550178050995]"
F82013,50,32,0.7,"[21.11775597028975, 251.38730835914612]"
F82013,50,32,0.8,"[21.11775597028975, 314.5922110080719]"
F82013,50,32,0.9,"[21.11775597028975, 388.2047965526581]"
F82013,50,32,1.0,"[21.11775597028975, 469.35635590553284]"
F82013,50,33,0.01,"[21.2628978102382, 2.5859034061431885]"
F82013,50,33,0.1,"[21.17736436862424, 25.746484994888306]"
F82013,50,33,0.2,"[21.17736436862424, 53.08569812774658]"
F82013,50,33,0.3,"[21.17736436862424, 83.02510070800781]"
F82013,50,33,0.4,"[21.17736436862424, 116.52465152740479]"
F82013,50,33,0.5,"[21.13887628917405, 154.07885241508484]"
F82013,50,33,0.6,"[21.13887628917405, 198.23324608802795]"
F82013,50,33,0.7,"[21.13887628917405, 251.22918224334717]"
F82013,50,33,0.8,"[21.13887628917405, 314.5202360153198]"
F82013,50,33,0.9,"[21.13887628917405, 388.08862566947937]"
F82013,50,33,1.0,"[21.13887628917405, 469.2523310184479]"
F82013,50,34,0.01,"[21.271680898636532, 2.5483453273773193]"
F82013,50,34,0.1,"[21.209580661763425, 26.0037362575531]"
F82013,50,34,0.2,"[21.156664971489363, 53.48806929588318]"
F82013,50,34,0.3,"[21.156664971489363, 83.36596274375916]"
F82013,50,34,0.4,"[21.156664971489363, 116.87328886985779]"
F82013,50,34,0.5,"[21.156664971489363, 154.21415972709656]"
F82013,50,34,0.6,"[21.156664971489363, 198.22079968452454]"
F82013,50,34,0.7,"[21.156664971489363, 251.02560257911682]"
F82013,50,34,0.8,"[21.156664971489363, 314.0596101284027]"
F82013,50,34,0.9,"[21.156664971489363, 387.4664771556854]"
F82013,50,34,1.0,"[21.156664971489363, 468.39557671546936]"
F82013,50,35,0.01,"[21.301997748121266, 2.5182065963745117]"
F82013,50,35,0.1,"[21.156315124791718, 25.90574884414673]"
F82013,50,35,0.2,"[21.156315124791718, 53.41633582115173]"
F82013,50,35,0.3,"[21.156315124791718, 83.3858482837677]"
F82013,50,35,0.4,"[21.156315124791718, 117.07854270935059]"
F82013,50,35,0.5,"[21.156315124791718, 154.59866976737976]"
F82013,50,35,0.6,"[21.156315124791718, 198.69567275047302]"
F82013,50,35,0.7,"[21.156315124791718, 251.76609635353088]"
F82013,50,35,0.8,"[21.14186810508977, 315.2776198387146]"
F82013,50,35,0.9,"[21.14186810508977, 389.1741638183594]"
F82013,50,35,1.0,"[21.14186810508977, 470.57775378227234]"
F82013,50,36,0.01,"[21.309957497633945, 2.539808750152588]"
F82013,50,36,0.1,"[21.20805385850599, 26.063931226730347]"
F82013,50,36,0.2,"[21.196954337226657, 53.71298575401306]"
F82013,50,36,0.3,"[21.196954337226657, 83.7226254940033]"
F82013,50,36,0.4,"[21.196954337226657, 117.42383933067322]"
F82013,50,36,0.5,"[21.181270309810884, 155.06087970733643]"
F82013,50,36,0.6,"[21.181270309810884, 199.43290662765503]"
F82013,50,36,0.7,"[21.181270309810884, 252.6808362007141]"
F82013,50,36,0.8,"[21.1652734966666, 316.18589067459106]"
F82013,50,36,0.9,"[21.1652734966666, 390.1024088859558]"
F82013,50,36,1.0,"[21.153122884589607, 471.77574467658997]"
F82013,50,37,0.01,"[21.3103371333699, 2.531792640686035]"
F82013,50,37,0.1,"[21.113103871657017, 26.240880966186523]"
F82013,50,37,0.2,"[21.113103871657017, 53.88909125328064]"
F82013,50,37,0.3,"[21.113103871657017, 83.82518649101257]"
F82013,50,37,0.4,"[21.113103871657017, 117.3310022354126]"
F82013,50,37,0.5,"[21.113103871657017, 154.84818029403687]"
F82013,50,37,0.6,"[21.113103871657017, 198.82346391677856]"
F82013,50,37,0.7,"[21.113103871657017, 251.62166738510132]"
F82013,50,37,0.8,"[21.113103871657017, 314.71382093429565]"
F82013,50,37,0.9,"[21.113103871657017, 388.1277287006378]"
F82013,50,37,1.0,"[21.113103871657017, 469.3768458366394]"
F82013,50,38,0.01,"[21.222594268325338, 2.72286057472229]"
F82013,50,38,0.1,"[21.222594268325338, 28.159804821014404]"
F82013,50,38,0.2,"[21.183300779489855, 58.10838747024536]"
F82013,50,38,0.3,"[21.183300779489855, 90.56790781021118]"
F82013,50,38,0.4,"[21.183300779489855, 126.93869709968567]"
F82013,50,38,0.5,"[21.17764659654256, 167.82664513587952]"
F82013,50,38,0.6,"[21.17764659654256, 215.97570204734802]"
F82013,50,38,0.7,"[21.17764659654256, 269.85988879203796]"
F82013,50,38,0.8,"[21.17764659654256, 332.9375672340393]"
F82013,50,38,0.9,"[21.17764659654256, 406.3596007823944]"
F82013,50,38,1.0,"[21.17764659654256, 487.2876832485199]"
F82013,50,39,0.01,"[21.309000970328952, 2.549376964569092]"
F82013,50,39,0.1,"[21.260609761518026, 25.98013973236084]"
F82013,50,39,0.2,"[21.223040963112794, 53.71934461593628]"
F82013,50,39,0.3,"[21.174762373825047, 83.80462551116943]"
F82013,50,39,0.4,"[21.174762373825047, 117.4409544467926]"
F82013,50,39,0.5,"[21.161391441669707, 155.07669711112976]"
F82013,50,39,0.6,"[21.161391441669707, 199.442307472229]"
F82013,50,39,0.7,"[21.161391441669707, 252.71931099891663]"
F82013,50,39,0.8,"[21.161391441669707, 316.24132800102234]"
F82013,50,39,0.9,"[21.161391441669707, 390.26537704467773]"
F82013,50,39,1.0,"[21.161391441669707, 471.88912987709045]"
F82013,50,40,0.01,"[21.32200213380463, 2.5119335651397705]"
F82013,50,40,0.1,"[21.22243004321649, 25.969549655914307]"
F82013,50,40,0.2,"[21.201048102029404, 53.72035503387451]"
F82013,50,40,0.3,"[21.17256801908343, 83.82971262931824]"
F82013,50,40,0.4,"[21.17256801908343, 117.56094336509705]"
F82013,50,40,0.5,"[21.17256801908343, 155.00153827667236]"
F82013,50,40,0.6,"[21.17256801908343, 199.20225167274475]"
F82013,50,40,0.7,"[21.17256801908343, 252.26409649848938]"
F82013,50,40,0.8,"[21.17256801908343, 315.6639106273651]"
F82013,50,40,0.9,"[21.17256801908343, 389.4993076324463]"
F82013,50,40,1.0,"[21.17256801908343, 470.87106823921204]"
F82013,50,41,0.01,"[21.292589264693447, 2.5245423316955566]"
F82013,50,41,0.1,"[21.17347798921344, 25.916043281555176]"
F82013,50,41,0.2,"[21.16693919042666, 53.54559111595154]"
F82013,50,41,0.3,"[21.16693919042666, 83.63079524040222]"
F82013,50,41,0.4,"[21.16693919042666, 117.2436363697052]"
F82013,50,41,0.5,"[21.16693919042666, 154.90701270103455]"
F82013,50,41,0.6,"[21.16693919042666, 199.2557077407837]"
F82013,50,41,0.7,"[21.16693919042666, 252.44879245758057]"
F82013,50,41,0.8,"[21.16693919042666, 315.8097231388092]"
F82013,50,41,0.9,"[21.157521382297887, 389.67454957962036]"
F82013,50,41,1.0,"[21.157521382297887, 471.0848481655121]"
F82013,50,42,0.01,"[21.32667860945662, 2.6545772552490234]"
F82013,50,42,0.1,"[21.1250064635733, 26.39441204071045]"
F82013,50,42,0.2,"[21.1250064635733, 54.59247279167175]"
F82013,50,42,0.3,"[21.081230288448296, 85.06410098075867]"
F82013,50,42,0.4,"[21.081230288448296, 118.94370698928833]"
F82013,50,42,0.5,"[21.081230288448296, 156.53124046325684]"
F82013,50,42,0.6,"[21.081230288448296, 200.64006066322327]"
F82013,50,42,0.7,"[21.081230288448296, 253.7413432598114]"
F82013,50,42,0.8,"[21.081230288448296, 317.20671486854553]"
F82013,50,42,0.9,"[21.081230288448296, 391.16874408721924]"
F82013,50,42,1.0,"[21.081230288448296, 472.6337492465973]"
F82013,50,43,0.01,"[21.274363427580397, 2.537219285964966]"
F82013,50,43,0.1,"[21.223256956215323, 25.764310121536255]"
F82013,50,43,0.2,"[21.16105782482748, 53.19391655921936]"
F82013,50,43,0.3,"[21.142512382232667, 83.08954691886902]"
F82013,50,43,0.4,"[21.142512382232667, 116.44685363769531]"
F82013,50,43,0.5,"[21.130344073274387, 153.7504427433014]"
F82013,50,43,0.6,"[21.130344073274387, 197.6797173023224]"
F82013,50,43,0.7,"[21.130344073274387, 250.56960368156433]"
F82013,50,43,0.8,"[21.130344073274387, 313.912801027298]"
F82013,50,43,0.9,"[21.130344073274387, 387.6537854671478]"
F82013,50,43,1.0,"[21.130344073274387, 468.993123292923]"
F82013,50,44,0.01,"[21.270229756759477, 2.560096025466919]"
F82013,50,44,0.1,"[21.254246259679007, 25.957783937454224]"
F82013,50,44,0.2,"[21.254246259679007, 53.70443034172058]"
F82013,50,44,0.3,"[21.143488206584266, 83.87653017044067]"
F82013,50,44,0.4,"[21.143488206584266, 117.43153595924377]"
F82013,50,44,0.5,"[21.117770987647532, 154.7774691581726]"
F82013,50,44,0.6,"[21.117770987647532, 198.77242279052734]"
F82013,50,44,0.7,"[21.117770987647532, 251.67978882789612]"
F82013,50,44,0.8,"[21.117770987647532, 314.8187255859375]"
F82013,50,44,0.9,"[21.117770987647532, 388.4098336696625]"
F82013,50,44,1.0,"[21.117770987647532, 469.50234031677246]"
F82013,50,45,0.01,"[21.304690398267212, 2.510606288909912]"
F82013,50,45,0.1,"[21.243475352460223, 25.89077663421631]"
F82013,50,45,0.2,"[21.19006735470441, 53.80587291717529]"
F82013,50,45,0.3,"[21.138779333647562, 84.32723712921143]"
F82013,50,45,0.4,"[21.138779333647562, 118.1157431602478]"
F82013,50,45,0.5,"[21.138779333647562, 155.8578999042511]"
F82013,50,45,0.6,"[21.105433991509244, 200.05432534217834]"
F82013,50,45,0.7,"[21.088919910349887, 253.09160828590393]"
F82013,50,45,0.8,"[21.088919910349887, 316.6987159252167]"
F82013,50,45,0.9,"[21.088919910349887, 390.6448245048523]"
F82013,50,45,1.0,"[21.088919910349887, 472.17287611961365]"
F82013,50,46,0.01,"[21.320438205512232, 2.537957191467285]"
F82013,50,46,0.1,"[21.193223785768055, 26.032328605651855]"
F82013,50,46,0.2,"[21.162190494625975, 53.7181875705719]"
F82013,50,46,0.3,"[21.139405909325774, 83.63074517250061]"
F82013,50,46,0.4,"[21.139405909325774, 117.10721850395203]"
F82013,50,46,0.5,"[21.139405909325774, 154.52906727790833]"
F82013,50,46,0.6,"[21.139405909325774, 198.52783465385437]"
F82013,50,46,0.7,"[21.139405909325774, 251.44212794303894]"
F82013,50,46,0.8,"[21.139405909325774, 314.6734268665314]"
F82013,50,46,0.9,"[21.139405909325774, 388.31524682044983]"
F82013,50,46,1.0,"[21.139405909325774, 469.48632860183716]"
F82013,50,47,0.01,"[21.240397441545156, 2.51798152923584]"
F82013,50,47,0.1,"[21.2191789288471, 25.871057271957397]"
F82013,50,47,0.2,"[21.219119663647575, 53.49822926521301]"
F82013,50,47,0.3,"[21.219119663647575, 83.54271912574768]"
F82013,50,47,0.4,"[21.153147946286367, 117.11308789253235]"
F82013,50,47,0.5,"[21.153147946286367, 154.63831210136414]"
F82013,50,47,0.6,"[21.153147946286367, 198.7301425933838]"
F82013,50,47,0.7,"[21.153147946286367, 251.66163420677185]"
F82013,50,47,0.8,"[21.103740116535846, 314.76073479652405]"
F82013,50,47,0.9,"[21.078811569695745, 388.3731849193573]"
F82013,50,47,1.0,"[21.078811569695745, 469.52508020401]"
F82013,50,48,0.01,"[21.305892245924383, 2.5360538959503174]"
F82013,50,48,0.1,"[21.191111573587932, 25.956207990646362]"
F82013,50,48,0.2,"[21.191111573587932, 53.41579008102417]"
F82013,50,48,0.3,"[21.191111573587932, 83.14779019355774]"
F82013,50,48,0.4,"[21.191111573587932, 116.3223979473114]"
F82013,50,48,0.5,"[21.186883474621027, 153.38517332077026]"
F82013,50,48,0.6,"[21.137321767140747, 196.99585270881653]"
F82013,50,48,0.7,"[21.137321767140747, 249.40490293502808]"
F82013,50,48,0.8,"[21.137321767140747, 312.0907380580902]"
F82013,50,48,0.9,"[21.137321767140747, 384.96973848342896]"
F82013,50,48,1.0,"[21.137321767140747, 464.9278576374054]"
F82013,50,49,0.01,"[21.27427510037046, 2.4978513717651367]"
F82013,50,49,0.1,"[21.223135552605868, 25.557100296020508]"
F82013,50,49,0.2,"[21.17227045674406, 52.63416385650635]"
F82013,50,49,0.3,"[21.17227045674406, 82.09677290916443]"
F82013,50,49,0.4,"[21.17227045674406, 115.16762161254883]"
F82013,50,49,0.5,"[21.17227045674406, 151.99965453147888]"
F82013,50,49,0.6,"[21.17227045674406, 195.22728562355042]"
F82013,50,49,0.7,"[21.17227045674406, 247.2015872001648]"
F82013,50,49,0.8,"[21.1357135843366, 309.28703689575195]"
F82013,50,49,0.9,"[21.1357135843366, 381.7045171260834]"
F82013,50,49,1.0,"[21.1357135843366, 461.5167498588562]"
F82013,50,50,0.01,"[21.248498879872955, 2.569180727005005]"
F82013,50,50,0.1,"[21.236297821837525, 26.0992591381073]"
F82013,50,50,0.2,"[21.151491066960716, 53.76884651184082]"
F82013,50,50,0.3,"[21.151491066960716, 83.66737222671509]"
F82013,50,50,0.4,"[21.151491066960716, 117.22326326370239]"
F82013,50,50,0.5,"[21.151491066960716, 154.48679661750793]"
F82013,50,50,0.6,"[21.151491066960716, 198.2443733215332]"
F82013,50,50,0.7,"[21.151491066960716, 250.8638825416565]"
F82013,50,50,0.8,"[21.151491066960716, 313.79720997810364]"
F82013,50,50,0.9,"[21.151491066960716, 387.1411774158478]"
F82013,50,50,1.0,"[21.151491066960716, 468.0382423400879]"
