function,dimension,run,checkpoint,error
F72013,10,0,0.01,"[184989351.23685676, 0.013602972030639648]"
F72013,10,0,0.1,"[156650218.14866483, 0.09486007690429688]"
F72013,10,0,0.2,"[156650218.14866483, 0.0948646068572998]"
F72013,10,0,0.3,"[156650218.14866483, 0.09486699104309082]"
F72013,10,0,0.4,"[156650218.14866483, 0.09486865997314453]"
F72013,10,0,0.5,"[156650218.14866483, 0.09487056732177734]"
F72013,10,0,0.6,"[156650218.14866483, 0.09487247467041016]"
F72013,10,0,0.7,"[156650218.14866483, 0.09487438201904297]"
F72013,10,0,0.8,"[156650218.14866483, 0.09487628936767578]"
F72013,10,0,0.9,"[156650218.14866483, 0.09487795829772949]"
F72013,10,0,1.0,"[156650218.14866483, 0.0948798656463623]"
F72013,10,1,0.01,"[624413547.686946, 0.013692617416381836]"
F72013,10,1,0.1,"[414990271.87204224, 0.030826330184936523]"
F72013,10,1,0.2,"[414990271.87204224, 0.03083014488220215]"
F72013,10,1,0.3,"[414990271.87204224, 0.030832290649414062]"
F72013,10,1,0.4,"[414990271.87204224, 0.030833959579467773]"
F72013,10,1,0.5,"[414990271.87204224, 0.03083634376525879]"
F72013,10,1,0.6,"[414990271.87204224, 0.0308382511138916]"
F72013,10,1,0.7,"[414990271.87204224, 0.030840158462524414]"
F72013,10,1,0.8,"[414990271.87204224, 0.030842304229736328]"
F72013,10,1,0.9,"[414990271.87204224, 0.03084421157836914]"
F72013,10,1,1.0,"[414990271.87204224, 0.030846834182739258]"
F72013,10,2,0.01,"[277839797.63290805, 0.012612581253051758]"
F72013,10,2,0.1,"[277839797.63290805, 0.012617111206054688]"
F72013,10,2,0.2,"[277839797.63290805, 0.012619256973266602]"
F72013,10,2,0.3,"[277839797.63290805, 0.012621164321899414]"
F72013,10,2,0.4,"[277839797.63290805, 0.012623071670532227]"
F72013,10,2,0.5,"[277839797.63290805, 0.01262521743774414]"
F72013,10,2,0.6,"[277839797.63290805, 0.012626886367797852]"
F72013,10,2,0.7,"[277839797.63290805, 0.012628793716430664]"
F72013,10,2,0.8,"[277839797.63290805, 0.012630939483642578]"
F72013,10,2,0.9,"[277839797.63290805, 0.012633085250854492]"
F72013,10,2,1.0,"[277839797.63290805, 0.012634754180908203]"
F72013,10,3,0.01,"[11372441.20338301, 0.013785839080810547]"
F72013,10,3,0.1,"[7774532.986975766, 0.12110686302185059]"
F72013,10,3,0.2,"[7673827.44865099, 0.16627907752990723]"
F72013,10,3,0.3,"[7673827.44865099, 0.16628265380859375]"
F72013,10,3,0.4,"[7673827.44865099, 0.16628456115722656]"
F72013,10,3,0.5,"[7673827.44865099, 0.16628694534301758]"
F72013,10,3,0.6,"[7673827.44865099, 0.1662883758544922]"
F72013,10,3,0.7,"[7673827.44865099, 0.1662905216217041]"
F72013,10,3,0.8,"[7673827.44865099, 0.16629242897033691]"
F72013,10,3,0.9,"[7673827.44865099, 0.16629457473754883]"
F72013,10,3,1.0,"[7673827.44865099, 0.16630029678344727]"
F72013,10,4,0.01,"[255642274.85874027, 0.013687849044799805]"
F72013,10,4,0.1,"[250924579.97156054, 0.05124616622924805]"
F72013,10,4,0.2,"[250924579.97156054, 0.05125021934509277]"
F72013,10,4,0.3,"[250924579.97156054, 0.051252126693725586]"
F72013,10,4,0.4,"[250924579.97156054, 0.0512542724609375]"
F72013,10,4,0.5,"[250924579.97156054, 0.05125617980957031]"
F72013,10,4,0.6,"[250924579.97156054, 0.051258087158203125]"
F72013,10,4,0.7,"[250924579.97156054, 0.051259756088256836]"
F72013,10,4,0.8,"[250924579.97156054, 0.05126190185546875]"
F72013,10,4,0.9,"[250924579.97156054, 0.05126357078552246]"
F72013,10,4,1.0,"[250924579.97156054, 0.05126547813415527]"
F72013,10,5,0.01,"[374111.5318265619, 0.013876914978027344]"
F72013,10,5,0.1,"[258363.38071797922, 0.12271404266357422]"
F72013,10,5,0.2,"[257391.26717114047, 0.2415776252746582]"
F72013,10,5,0.3,"[257344.33657583283, 0.3609592914581299]"
F72013,10,5,0.4,"[257344.33416913936, 0.3640785217285156]"
F72013,10,5,0.5,"[257344.33416913936, 0.36408257484436035]"
F72013,10,5,0.6,"[257344.33416913936, 0.36408448219299316]"
F72013,10,5,0.7,"[257344.33416913936, 0.3640866279602051]"
F72013,10,5,0.8,"[257344.33416913936, 0.3640885353088379]"
F72013,10,5,0.9,"[257344.33416913936, 0.3640902042388916]"
F72013,10,5,1.0,"[257344.33416913936, 0.3640921115875244]"
F72013,10,6,0.01,"[688838248.0539688, 0.013715505599975586]"
F72013,10,6,0.1,"[584917763.0259608, 0.1224370002746582]"
F72013,10,6,0.2,"[403369713.42689234, 0.2358567714691162]"
F72013,10,6,0.3,"[403369713.42689234, 0.23585987091064453]"
F72013,10,6,0.4,"[403369713.42689234, 0.23586201667785645]"
F72013,10,6,0.5,"[403369713.42689234, 0.23586416244506836]"
F72013,10,6,0.6,"[403369713.42689234, 0.23586583137512207]"
F72013,10,6,0.7,"[403369713.42689234, 0.23586750030517578]"
F72013,10,6,0.8,"[403369713.42689234, 0.2358696460723877]"
F72013,10,6,0.9,"[403369713.42689234, 0.23587632179260254]"
F72013,10,6,1.0,"[403369713.42689234, 0.23587822914123535]"
F72013,10,7,0.01,"[374513.5555591545, 0.013601064682006836]"
F72013,10,7,0.1,"[257313.09280755479, 0.12137079238891602]"
F72013,10,7,0.2,"[257285.6724976711, 0.17722511291503906]"
F72013,10,7,0.3,"[257285.6724976711, 0.17722845077514648]"
F72013,10,7,0.4,"[257285.6724976711, 0.1772303581237793]"
F72013,10,7,0.5,"[257285.6724976711, 0.1772325038909912]"
F72013,10,7,0.6,"[257285.6724976711, 0.17723393440246582]"
F72013,10,7,0.7,"[257285.6724976711, 0.17723584175109863]"
F72013,10,7,0.8,"[257285.6724976711, 0.17723751068115234]"
F72013,10,7,0.9,"[257285.6724976711, 0.17723965644836426]"
F72013,10,7,1.0,"[257285.6724976711, 0.17724204063415527]"
F72013,10,8,0.01,"[12665818.802336067, 0.013594388961791992]"
F72013,10,8,0.1,"[9913565.49293377, 0.12176251411437988]"
F72013,10,8,0.2,"[9062631.381411303, 0.2413630485534668]"
F72013,10,8,0.3,"[8999265.943817759, 0.36038780212402344]"
F72013,10,8,0.4,"[984322.1438811936, 0.4800851345062256]"
F72013,10,8,0.5,"[774868.1577089172, 0.5995831489562988]"
F72013,10,8,0.6,"[774867.7941676651, 0.6409361362457275]"
F72013,10,8,0.7,"[774867.7941676651, 0.640939474105835]"
F72013,10,8,0.8,"[774867.7941676651, 0.6409413814544678]"
F72013,10,8,0.9,"[774867.7941676651, 0.6409432888031006]"
F72013,10,8,1.0,"[774867.7941676651, 0.6409449577331543]"
F72013,10,9,0.01,"[47693030.57027335, 0.01349949836730957]"
F72013,10,9,0.1,"[45904631.93616703, 0.1209409236907959]"
F72013,10,9,0.2,"[35118013.316988274, 0.2401142120361328]"
F72013,10,9,0.3,"[34889859.92191814, 0.2687106132507324]"
F72013,10,9,0.4,"[34889859.92191814, 0.26871418952941895]"
F72013,10,9,0.5,"[34889859.92191814, 0.26871657371520996]"
F72013,10,9,0.6,"[34889859.92191814, 0.26871824264526367]"
F72013,10,9,0.7,"[34889859.92191814, 0.2687201499938965]"
F72013,10,9,0.8,"[34889859.92191814, 0.2687218189239502]"
F72013,10,9,0.9,"[34889859.92191814, 0.2687234878540039]"
F72013,10,9,1.0,"[34889859.92191814, 0.2687256336212158]"
F72013,10,10,0.01,"[16240096655582.764, 0.0137481689453125]"
F72013,10,10,0.1,"[13098022434132.53, 0.04559588432312012]"
F72013,10,10,0.2,"[13098022434132.53, 0.045599937438964844]"
F72013,10,10,0.3,"[13098022434132.53, 0.04560232162475586]"
F72013,10,10,0.4,"[13098022434132.53, 0.04560422897338867]"
F72013,10,10,0.5,"[13098022434132.53, 0.045606374740600586]"
F72013,10,10,0.6,"[13098022434132.53, 0.045607805252075195]"
F72013,10,10,0.7,"[13098022434132.53, 0.04560971260070801]"
F72013,10,10,0.8,"[13098022434132.53, 0.04561138153076172]"
F72013,10,10,0.9,"[13098022434132.53, 0.04561328887939453]"
F72013,10,10,1.0,"[13098022434132.53, 0.04561495780944824]"
F72013,10,11,0.01,"[363200.16995176056, 0.03682088851928711]"
F72013,10,11,0.1,"[259779.5659333038, 0.14508056640625]"
F72013,10,11,0.2,"[257422.19313321437, 0.2642543315887451]"
F72013,10,11,0.3,"[257321.76853730684, 0.383526086807251]"
F72013,10,11,0.4,"[257321.76690830573, 0.42948389053344727]"
F72013,10,11,0.5,"[257321.76690830573, 0.4294884204864502]"
F72013,10,11,0.6,"[257321.76690830573, 0.429490327835083]"
F72013,10,11,0.7,"[257321.76690830573, 0.4294922351837158]"
F72013,10,11,0.8,"[257321.76690830573, 0.42949390411376953]"
F72013,10,11,0.9,"[257321.76690830573, 0.42949557304382324]"
F72013,10,11,1.0,"[257321.76690830573, 0.42949700355529785]"
F72013,10,12,0.01,"[268069954578.2551, 0.013706207275390625]"
F72013,10,12,0.1,"[244683798723.06888, 0.05885028839111328]"
F72013,10,12,0.2,"[244683798723.06888, 0.0588536262512207]"
F72013,10,12,0.3,"[244683798723.06888, 0.058855533599853516]"
F72013,10,12,0.4,"[244683798723.06888, 0.05885720252990723]"
F72013,10,12,0.5,"[244683798723.06888, 0.05885958671569824]"
F72013,10,12,0.6,"[244683798723.06888, 0.058861494064331055]"
F72013,10,12,0.7,"[244683798723.06888, 0.058862924575805664]"
F72013,10,12,0.8,"[244683798723.06888, 0.05886507034301758]"
F72013,10,12,0.9,"[244683798723.06888, 0.05886650085449219]"
F72013,10,12,1.0,"[244683798723.06888, 0.058868408203125]"
F72013,10,13,0.01,"[3571002060105.375, 0.013291120529174805]"
F72013,10,13,0.1,"[2678437903863.5854, 0.043238162994384766]"
F72013,10,13,0.2,"[2678437903863.5854, 0.04324197769165039]"
F72013,10,13,0.3,"[2678437903863.5854, 0.043244123458862305]"
F72013,10,13,0.4,"[2678437903863.5854, 0.043245792388916016]"
F72013,10,13,0.5,"[2678437903863.5854, 0.04324817657470703]"
F72013,10,13,0.6,"[2678437903863.5854, 0.04324984550476074]"
F72013,10,13,0.7,"[2678437903863.5854, 0.043251752853393555]"
F72013,10,13,0.8,"[2678437903863.5854, 0.04325366020202637]"
F72013,10,13,0.9,"[2678437903863.5854, 0.04325532913208008]"
F72013,10,13,1.0,"[2678437903863.5854, 0.04325699806213379]"
F72013,10,14,0.01,"[323361.7826009903, 0.01360630989074707]"
F72013,10,14,0.1,"[257998.01487226738, 0.12145233154296875]"
F72013,10,14,0.2,"[257350.39866575322, 0.2400074005126953]"
F72013,10,14,0.3,"[257347.3093314211, 0.29540514945983887]"
F72013,10,14,0.4,"[257347.3093314211, 0.2954080104827881]"
F72013,10,14,0.5,"[257347.3093314211, 0.2954106330871582]"
F72013,10,14,0.6,"[257347.3093314211, 0.295412540435791]"
F72013,10,14,0.7,"[257347.3093314211, 0.2954142093658447]"
F72013,10,14,0.8,"[257347.3093314211, 0.29541587829589844]"
F72013,10,14,0.9,"[257347.3093314211, 0.29541754722595215]"
F72013,10,14,1.0,"[257347.3093314211, 0.29541945457458496]"
F72013,10,15,0.01,"[16628396.035561373, 0.026539325714111328]"
F72013,10,15,0.1,"[860215.0079101885, 0.13709712028503418]"
F72013,10,15,0.2,"[808921.9803934627, 0.16437220573425293]"
F72013,10,15,0.3,"[808921.9803934627, 0.16437530517578125]"
F72013,10,15,0.4,"[808921.9803934627, 0.16437721252441406]"
F72013,10,15,0.5,"[808921.9803934627, 0.16437935829162598]"
F72013,10,15,0.6,"[808921.9803934627, 0.1643810272216797]"
F72013,10,15,0.7,"[808921.9803934627, 0.1643826961517334]"
F72013,10,15,0.8,"[808921.9803934627, 0.1643843650817871]"
F72013,10,15,0.9,"[808921.9803934627, 0.16438627243041992]"
F72013,10,15,1.0,"[808921.9803934627, 0.16438817977905273]"
F72013,10,16,0.01,"[44035359530.82731, 0.013632774353027344]"
F72013,10,16,0.1,"[39497121054.428185, 0.028097152709960938]"
F72013,10,16,0.2,"[39497121054.428185, 0.028100967407226562]"
F72013,10,16,0.3,"[39497121054.428185, 0.028103113174438477]"
F72013,10,16,0.4,"[39497121054.428185, 0.028104543685913086]"
F72013,10,16,0.5,"[39497121054.428185, 0.028106689453125]"
F72013,10,16,0.6,"[39497121054.428185, 0.02810811996459961]"
F72013,10,16,0.7,"[39497121054.428185, 0.028110027313232422]"
F72013,10,16,0.8,"[39497121054.428185, 0.028112173080444336]"
F72013,10,16,0.9,"[39497121054.428185, 0.028113842010498047]"
F72013,10,16,1.0,"[39497121054.428185, 0.02811574935913086]"
F72013,10,17,0.01,"[3079636.144250182, 0.013459920883178711]"
F72013,10,17,0.1,"[2504171.033771911, 0.12779569625854492]"
F72013,10,17,0.2,"[2200801.628219462, 0.24655985832214355]"
F72013,10,17,0.3,"[2200801.628219462, 0.2708621025085449]"
F72013,10,17,0.4,"[2200801.628219462, 0.27086520195007324]"
F72013,10,17,0.5,"[2200801.628219462, 0.27086782455444336]"
F72013,10,17,0.6,"[2200801.628219462, 0.27086949348449707]"
F72013,10,17,0.7,"[2200801.628219462, 0.2708714008331299]"
F72013,10,17,0.8,"[2200801.628219462, 0.2708728313446045]"
F72013,10,17,0.9,"[2200801.628219462, 0.2708747386932373]"
F72013,10,17,1.0,"[2200801.628219462, 0.2708768844604492]"
F72013,10,18,0.01,"[4466149.945799108, 0.02662372589111328]"
F72013,10,18,0.1,"[4426025.878673924, 0.1410846710205078]"
F72013,10,18,0.2,"[4425745.199727033, 0.25991296768188477]"
F72013,10,18,0.3,"[4412202.115465689, 0.3778564929962158]"
F72013,10,18,0.4,"[4412111.032424887, 0.45444297790527344]"
F72013,10,18,0.5,"[4412111.032424887, 0.45444655418395996]"
F72013,10,18,0.6,"[4412111.032424887, 0.4544484615325928]"
F72013,10,18,0.7,"[4412111.032424887, 0.4544501304626465]"
F72013,10,18,0.8,"[4412111.032424887, 0.4544520378112793]"
F72013,10,18,0.9,"[4412111.032424887, 0.454453706741333]"
F72013,10,18,1.0,"[4412111.032424887, 0.4544553756713867]"
F72013,10,19,0.01,"[373737.90115161095, 0.026479482650756836]"
F72013,10,19,0.1,"[257344.34031406557, 0.1411890983581543]"
F72013,10,19,0.2,"[257343.62649621378, 0.22972869873046875]"
F72013,10,19,0.3,"[257343.62649621378, 0.22973203659057617]"
F72013,10,19,0.4,"[257343.62649621378, 0.22973418235778809]"
F72013,10,19,0.5,"[257343.62649621378, 0.2297360897064209]"
F72013,10,19,0.6,"[257343.62649621378, 0.2297375202178955]"
F72013,10,19,0.7,"[257343.62649621378, 0.22973942756652832]"
F72013,10,19,0.8,"[257343.62649621378, 0.22974109649658203]"
F72013,10,19,0.9,"[257343.62649621378, 0.22974324226379395]"
F72013,10,19,1.0,"[257343.62649621378, 0.22974491119384766]"
F72013,10,20,0.01,"[60138951301.9858, 0.02649211883544922]"
F72013,10,20,0.1,"[50755349268.60257, 0.08419919013977051]"
F72013,10,20,0.2,"[50755349268.60257, 0.08420300483703613]"
F72013,10,20,0.3,"[50755349268.60257, 0.08420491218566895]"
F72013,10,20,0.4,"[50755349268.60257, 0.08420681953430176]"
F72013,10,20,0.5,"[50755349268.60257, 0.08420968055725098]"
F72013,10,20,0.6,"[50755349268.60257, 0.08421158790588379]"
F72013,10,20,0.7,"[50755349268.60257, 0.0842132568359375]"
F72013,10,20,0.8,"[50755349268.60257, 0.08421516418457031]"
F72013,10,20,0.9,"[50755349268.60257, 0.08421683311462402]"
F72013,10,20,1.0,"[50755349268.60257, 0.08421874046325684]"
F72013,10,21,0.01,"[3.8843590919125256e+16, 0.013491630554199219]"
F72013,10,21,0.1,"[3.8588187320203976e+16, 0.018030405044555664]"
F72013,10,21,0.2,"[3.8588187320203976e+16, 0.01803421974182129]"
F72013,10,21,0.3,"[3.8588187320203976e+16, 0.018036365509033203]"
F72013,10,21,0.4,"[3.8588187320203976e+16, 0.01803874969482422]"
F72013,10,21,0.5,"[3.8588187320203976e+16, 0.018041610717773438]"
F72013,10,21,0.6,"[3.8588187320203976e+16, 0.01804327964782715]"
F72013,10,21,0.7,"[3.8588187320203976e+16, 0.01804518699645996]"
F72013,10,21,0.8,"[3.8588187320203976e+16, 0.018047094345092773]"
F72013,10,21,0.9,"[3.8588187320203976e+16, 0.018049001693725586]"
F72013,10,21,1.0,"[3.8588187320203976e+16, 0.0180513858795166]"
F72013,10,22,0.01,"[374532.9607420182, 0.013577938079833984]"
F72013,10,22,0.1,"[257345.01066193794, 0.1221611499786377]"
F72013,10,22,0.2,"[257338.9422059123, 0.24095892906188965]"
F72013,10,22,0.3,"[257326.14188416567, 0.35933661460876465]"
F72013,10,22,0.4,"[257324.1418085895, 0.4245123863220215]"
F72013,10,22,0.5,"[257324.1418085895, 0.4245162010192871]"
F72013,10,22,0.6,"[257324.1418085895, 0.424518346786499]"
F72013,10,22,0.7,"[257324.1418085895, 0.42451977729797363]"
F72013,10,22,0.8,"[257324.1418085895, 0.42452168464660645]"
F72013,10,22,0.9,"[257324.1418085895, 0.42452335357666016]"
F72013,10,22,1.0,"[257324.1418085895, 0.42452549934387207]"
F72013,10,23,0.01,"[350145.35588426323, 0.013560771942138672]"
F72013,10,23,0.1,"[258555.75492228958, 0.12140011787414551]"
F72013,10,23,0.2,"[257326.23254819648, 0.24123716354370117]"
F72013,10,23,0.3,"[257326.21765598826, 0.29817748069763184]"
F72013,10,23,0.4,"[257326.21765598826, 0.29818129539489746]"
F72013,10,23,0.5,"[257326.21765598826, 0.2981839179992676]"
F72013,10,23,0.6,"[257326.21765598826, 0.2981858253479004]"
F72013,10,23,0.7,"[257326.21765598826, 0.298187255859375]"
F72013,10,23,0.8,"[257326.21765598826, 0.2981889247894287]"
F72013,10,23,0.9,"[257326.21765598826, 0.2981905937194824]"
F72013,10,23,1.0,"[257326.21765598826, 0.29819273948669434]"
F72013,10,24,0.01,"[43994685347088.05, 0.013381719589233398]"
F72013,10,24,0.1,"[42597288161540.914, 0.02063751220703125]"
F72013,10,24,0.2,"[42597288161540.914, 0.020640850067138672]"
F72013,10,24,0.3,"[42597288161540.914, 0.020642757415771484]"
F72013,10,24,0.4,"[42597288161540.914, 0.020644187927246094]"
F72013,10,24,0.5,"[42597288161540.914, 0.020646333694458008]"
F72013,10,24,0.6,"[42597288161540.914, 0.02064800262451172]"
F72013,10,24,0.7,"[42597288161540.914, 0.02064967155456543]"
F72013,10,24,0.8,"[42597288161540.914, 0.020651817321777344]"
F72013,10,24,0.9,"[42597288161540.914, 0.02065420150756836]"
F72013,10,24,1.0,"[42597288161540.914, 0.02065587043762207]"
F72013,10,25,0.01,"[74504977882820.97, 0.013405561447143555]"
F72013,10,25,0.1,"[74503508612212.08, 0.01784372329711914]"
F72013,10,25,0.2,"[74503508612212.08, 0.017847299575805664]"
F72013,10,25,0.3,"[74503508612212.08, 0.017849445343017578]"
F72013,10,25,0.4,"[74503508612212.08, 0.017850875854492188]"
F72013,10,25,0.5,"[74503508612212.08, 0.0178530216217041]"
F72013,10,25,0.6,"[74503508612212.08, 0.01785445213317871]"
F72013,10,25,0.7,"[74503508612212.08, 0.017856121063232422]"
F72013,10,25,0.8,"[74503508612212.08, 0.017857789993286133]"
F72013,10,25,0.9,"[74503508612212.08, 0.017859697341918945]"
F72013,10,25,1.0,"[74503508612212.08, 0.017861604690551758]"
F72013,10,26,0.01,"[415483.4858684899, 0.013533592224121094]"
F72013,10,26,0.1,"[54774.961503182996, 0.12166023254394531]"
F72013,10,26,0.2,"[52640.18245014329, 0.24036669731140137]"
F72013,10,26,0.3,"[52082.658705282935, 0.33038759231567383]"
F72013,10,26,0.4,"[52082.658705282935, 0.33039093017578125]"
F72013,10,26,0.5,"[52082.658705282935, 0.33039355278015137]"
F72013,10,26,0.6,"[52082.658705282935, 0.3303954601287842]"
F72013,10,26,0.7,"[52082.658705282935, 0.3303968906402588]"
F72013,10,26,0.8,"[52082.658705282935, 0.3303985595703125]"
F72013,10,26,0.9,"[52082.658705282935, 0.3304007053375244]"
F72013,10,26,1.0,"[52082.658705282935, 0.3304026126861572]"
F72013,10,27,0.01,"[41102832239968.695, 0.013614416122436523]"
F72013,10,27,0.1,"[40219587198853.22, 0.026691198348999023]"
F72013,10,27,0.2,"[40219587198853.22, 0.026694774627685547]"
F72013,10,27,0.3,"[40219587198853.22, 0.02669668197631836]"
F72013,10,27,0.4,"[40219587198853.22, 0.026698827743530273]"
F72013,10,27,0.5,"[40219587198853.22, 0.026700496673583984]"
F72013,10,27,0.6,"[40219587198853.22, 0.026702165603637695]"
F72013,10,27,0.7,"[40219587198853.22, 0.026703596115112305]"
F72013,10,27,0.8,"[40219587198853.22, 0.02670574188232422]"
F72013,10,27,0.9,"[40219587198853.22, 0.026707172393798828]"
F72013,10,27,1.0,"[40219587198853.22, 0.02670907974243164]"
F72013,10,28,0.01,"[44517.62391488361, 0.013547658920288086]"
F72013,10,28,0.1,"[19216.08519384777, 0.12117433547973633]"
F72013,10,28,0.2,"[18793.01231630909, 0.23923444747924805]"
F72013,10,28,0.3,"[18793.01231630909, 0.2577388286590576]"
F72013,10,28,0.4,"[18793.01231630909, 0.25774216651916504]"
F72013,10,28,0.5,"[18793.01231630909, 0.25774407386779785]"
F72013,10,28,0.6,"[18793.01231630909, 0.25774598121643066]"
F72013,10,28,0.7,"[18793.01231630909, 0.2577474117279053]"
F72013,10,28,0.8,"[18793.01231630909, 0.2577493190765381]"
F72013,10,28,0.9,"[18793.01231630909, 0.2577509880065918]"
F72013,10,28,1.0,"[18793.01231630909, 0.2577528953552246]"
F72013,10,29,0.01,"[374533.15711864794, 0.0134429931640625]"
F72013,10,29,0.1,"[258313.32937219593, 0.12092351913452148]"
F72013,10,29,0.2,"[257349.51157981588, 0.23906373977661133]"
F72013,10,29,0.3,"[52211.86441124464, 0.3567466735839844]"
F72013,10,29,0.4,"[47248.294823465614, 0.47620344161987305]"
F72013,10,29,0.5,"[47140.96767440543, 0.5391921997070312]"
F72013,10,29,0.6,"[47140.96767440543, 0.5391955375671387]"
F72013,10,29,0.7,"[47140.96767440543, 0.5391976833343506]"
F72013,10,29,0.8,"[47140.96767440543, 0.5391991138458252]"
F72013,10,29,0.9,"[47140.96767440543, 0.5392012596130371]"
F72013,10,29,1.0,"[47140.96767440543, 0.5392031669616699]"
F72013,10,30,0.01,"[315839.33892034995, 0.023623943328857422]"
F72013,10,30,0.1,"[259075.31560741438, 0.13154888153076172]"
F72013,10,30,0.2,"[257346.8949292059, 0.251293420791626]"
F72013,10,30,0.3,"[257346.83240895768, 0.30005550384521484]"
F72013,10,30,0.4,"[257346.83240895768, 0.30005884170532227]"
F72013,10,30,0.5,"[257346.83240895768, 0.3000607490539551]"
F72013,10,30,0.6,"[257346.83240895768, 0.3000626564025879]"
F72013,10,30,0.7,"[257346.83240895768, 0.3000640869140625]"
F72013,10,30,0.8,"[257346.83240895768, 0.3000657558441162]"
F72013,10,30,0.9,"[257346.83240895768, 0.3000674247741699]"
F72013,10,30,1.0,"[257346.83240895768, 0.30006957054138184]"
F72013,10,31,0.01,"[374327.1060627878, 0.0243685245513916]"
F72013,10,31,0.1,"[257416.80838807425, 0.13097763061523438]"
F72013,10,31,0.2,"[257323.49716759377, 0.24768304824829102]"
F72013,10,31,0.3,"[22450.78633889156, 0.3640894889831543]"
F72013,10,31,0.4,"[17368.17075701264, 0.4816298484802246]"
F72013,10,31,0.5,"[17093.56638686119, 0.5984838008880615]"
F72013,10,31,0.6,"[17093.497494846768, 0.6381893157958984]"
F72013,10,31,0.7,"[17093.497494846768, 0.6381924152374268]"
F72013,10,31,0.8,"[17093.497494846768, 0.6381945610046387]"
F72013,10,31,0.9,"[17093.497494846768, 0.6381964683532715]"
F72013,10,31,1.0,"[17093.497494846768, 0.6381981372833252]"
F72013,10,32,0.01,"[311223.4296907134, 0.013554811477661133]"
F72013,10,32,0.1,"[257974.75293932, 0.12138795852661133]"
F72013,10,32,0.2,"[257413.97615373542, 0.24020719528198242]"
F72013,10,32,0.3,"[257320.3470821369, 0.3588240146636963]"
F72013,10,32,0.4,"[257314.30678435744, 0.37741875648498535]"
F72013,10,32,0.5,"[257314.30678435744, 0.3774223327636719]"
F72013,10,32,0.6,"[257314.30678435744, 0.3774244785308838]"
F72013,10,32,0.7,"[257314.30678435744, 0.3774261474609375]"
F72013,10,32,0.8,"[257314.30678435744, 0.3774278163909912]"
F72013,10,32,0.9,"[257314.30678435744, 0.3774292469024658]"
F72013,10,32,1.0,"[257314.30678435744, 0.37743091583251953]"
F72013,10,33,0.01,"[233729053.49771526, 0.013587474822998047]"
F72013,10,33,0.1,"[7028713.34335091, 0.12177491188049316]"
F72013,10,33,0.2,"[4095452.0405262127, 0.24088740348815918]"
F72013,10,33,0.3,"[4055858.622446114, 0.3596811294555664]"
F72013,10,33,0.4,"[3727133.736720834, 0.44980621337890625]"
F72013,10,33,0.5,"[3727133.736720834, 0.4498100280761719]"
F72013,10,33,0.6,"[3727133.736720834, 0.4498121738433838]"
F72013,10,33,0.7,"[3727133.736720834, 0.4498140811920166]"
F72013,10,33,0.8,"[3727133.736720834, 0.4498155117034912]"
F72013,10,33,0.9,"[3727133.736720834, 0.449817419052124]"
F72013,10,33,1.0,"[3727133.736720834, 0.44981956481933594]"
F72013,10,34,0.01,"[238748.20430074027, 0.013434886932373047]"
F72013,10,34,0.1,"[226992.77119838347, 0.1208810806274414]"
F72013,10,34,0.2,"[226169.6527308387, 0.2201094627380371]"
F72013,10,34,0.3,"[226169.6527308387, 0.22011280059814453]"
F72013,10,34,0.4,"[226169.6527308387, 0.22011494636535645]"
F72013,10,34,0.5,"[226169.6527308387, 0.22011685371398926]"
F72013,10,34,0.6,"[226169.6527308387, 0.22011852264404297]"
F72013,10,34,0.7,"[226169.6527308387, 0.22012019157409668]"
F72013,10,34,0.8,"[226169.6527308387, 0.2201218605041504]"
F72013,10,34,0.9,"[226169.6527308387, 0.2201240062713623]"
F72013,10,34,1.0,"[226169.6527308387, 0.22012591361999512]"
F72013,10,35,0.01,"[374533.31431748817, 0.023806333541870117]"
F72013,10,35,0.1,"[374533.31431748817, 0.1288740634918213]"
F72013,10,35,0.2,"[374533.31431748817, 0.1332998275756836]"
F72013,10,35,0.3,"[374533.31431748817, 0.13330316543579102]"
F72013,10,35,0.4,"[374533.31431748817, 0.13330507278442383]"
F72013,10,35,0.5,"[374533.31431748817, 0.13330698013305664]"
F72013,10,35,0.6,"[374533.31431748817, 0.13330864906311035]"
F72013,10,35,0.7,"[374533.31431748817, 0.13331031799316406]"
F72013,10,35,0.8,"[374533.31431748817, 0.13331198692321777]"
F72013,10,35,0.9,"[374533.31431748817, 0.13331365585327148]"
F72013,10,35,1.0,"[374533.31431748817, 0.1333155632019043]"
F72013,10,36,0.01,"[315074.7051984164, 0.01539301872253418]"
F72013,10,36,0.1,"[257858.8838660908, 0.13781237602233887]"
F72013,10,36,0.2,"[257315.6450187266, 0.2673006057739258]"
F72013,10,36,0.3,"[257288.0949686075, 0.33995819091796875]"
F72013,10,36,0.4,"[257288.0949686075, 0.33996152877807617]"
F72013,10,36,0.5,"[257288.0949686075, 0.3399641513824463]"
F72013,10,36,0.6,"[257288.0949686075, 0.3399655818939209]"
F72013,10,36,0.7,"[257288.0949686075, 0.3399674892425537]"
F72013,10,36,0.8,"[257288.0949686075, 0.3399691581726074]"
F72013,10,36,0.9,"[257288.0949686075, 0.33997106552124023]"
F72013,10,36,1.0,"[257288.0949686075, 0.33997297286987305]"
F72013,10,37,0.01,"[595151831.1624687, 0.013605117797851562]"
F72013,10,37,0.1,"[381553904.8598446, 0.05387306213378906]"
F72013,10,37,0.2,"[381553904.8598446, 0.053876399993896484]"
F72013,10,37,0.3,"[381553904.8598446, 0.0538783073425293]"
F72013,10,37,0.4,"[381553904.8598446, 0.05387997627258301]"
F72013,10,37,0.5,"[381553904.8598446, 0.05388188362121582]"
F72013,10,37,0.6,"[381553904.8598446, 0.05388355255126953]"
F72013,10,37,0.7,"[381553904.8598446, 0.05388498306274414]"
F72013,10,37,0.8,"[381553904.8598446, 0.053887367248535156]"
F72013,10,37,0.9,"[381553904.8598446, 0.05388903617858887]"
F72013,10,37,1.0,"[381553904.8598446, 0.05389094352722168]"
F72013,10,38,0.01,"[824133420.3739823, 0.013640165328979492]"
F72013,10,38,0.1,"[658902638.4662769, 0.11223554611206055]"
F72013,10,38,0.2,"[658902638.4662769, 0.11223912239074707]"
F72013,10,38,0.3,"[658902638.4662769, 0.11224126815795898]"
F72013,10,38,0.4,"[658902638.4662769, 0.1122426986694336]"
F72013,10,38,0.5,"[658902638.4662769, 0.11224484443664551]"
F72013,10,38,0.6,"[658902638.4662769, 0.11224651336669922]"
F72013,10,38,0.7,"[658902638.4662769, 0.11224842071533203]"
F72013,10,38,0.8,"[658902638.4662769, 0.11225032806396484]"
F72013,10,38,0.9,"[658902638.4662769, 0.11225223541259766]"
F72013,10,38,1.0,"[658902638.4662769, 0.11225390434265137]"
F72013,10,39,0.01,"[2354910.4893815634, 0.013855457305908203]"
F72013,10,39,0.1,"[1766475.7272760093, 0.12183666229248047]"
F72013,10,39,0.2,"[1748167.5010636414, 0.2399146556854248]"
F72013,10,39,0.3,"[1730025.78774498, 0.35715746879577637]"
F72013,10,39,0.4,"[1730025.7517595715, 0.41751885414123535]"
F72013,10,39,0.5,"[1730025.7517595715, 0.4175236225128174]"
F72013,10,39,0.6,"[1730025.7517595715, 0.4175257682800293]"
F72013,10,39,0.7,"[1730025.7517595715, 0.417527437210083]"
F72013,10,39,0.8,"[1730025.7517595715, 0.4175291061401367]"
F72013,10,39,0.9,"[1730025.7517595715, 0.41753077507019043]"
F72013,10,39,1.0,"[1730025.7517595715, 0.41753268241882324]"
F72013,10,40,0.01,"[11839232.16835326, 0.023689746856689453]"
F72013,10,40,0.1,"[10066408.779136945, 0.13160014152526855]"
F72013,10,40,0.2,"[9652356.290717376, 0.25140929222106934]"
F72013,10,40,0.3,"[9651215.589788724, 0.37026023864746094]"
F72013,10,40,0.4,"[9616662.440217657, 0.4897761344909668]"
F72013,10,40,0.5,"[9616572.249555167, 0.5650920867919922]"
F72013,10,40,0.6,"[9616572.249555167, 0.5650956630706787]"
F72013,10,40,0.7,"[9616572.249555167, 0.5650978088378906]"
F72013,10,40,0.8,"[9616572.249555167, 0.5650992393493652]"
F72013,10,40,0.9,"[9616572.249555167, 0.565101146697998]"
F72013,10,40,1.0,"[9616572.249555167, 0.5651025772094727]"
F72013,10,41,0.01,"[348195.21232461144, 0.023611068725585938]"
F72013,10,41,0.1,"[257399.68273381505, 0.13156962394714355]"
F72013,10,41,0.2,"[257292.60427544388, 0.249983549118042]"
F72013,10,41,0.3,"[110142.80266319582, 0.36818790435791016]"
F72013,10,41,0.4,"[94942.47281149914, 0.487856388092041]"
F72013,10,41,0.5,"[86900.15574333219, 0.606168270111084]"
F72013,10,41,0.6,"[84907.82979378605, 0.724433422088623]"
F72013,10,41,0.7,"[82349.75277768944, 0.8448803424835205]"
F72013,10,41,0.8,"[82193.19168144223, 0.9637961387634277]"
F72013,10,41,0.9,"[82178.66530359355, 1.0612502098083496]"
F72013,10,41,1.0,"[82178.66530359355, 1.061258316040039]"
F72013,10,42,0.01,"[2301416.473240195, 0.02467179298400879]"
F72013,10,42,0.1,"[1898566.0615218035, 0.13098382949829102]"
F72013,10,42,0.2,"[1636987.0572220336, 0.24820899963378906]"
F72013,10,42,0.3,"[324045.2632697188, 0.36492371559143066]"
F72013,10,42,0.4,"[244918.2225607809, 0.48418617248535156]"
F72013,10,42,0.5,"[241410.5986349758, 0.6016843318939209]"
F72013,10,42,0.6,"[238065.3766407769, 0.7211313247680664]"
F72013,10,42,0.7,"[230997.94075579298, 0.8412454128265381]"
F72013,10,42,0.8,"[228237.47675608922, 0.9595518112182617]"
F72013,10,42,0.9,"[226357.5260679521, 1.079160451889038]"
F72013,10,42,1.0,"[223002.45234942163, 1.1988179683685303]"
F72013,10,43,0.01,"[8528942127.410773, 0.013768434524536133]"
F72013,10,43,0.1,"[6093614136.860101, 0.07732105255126953]"
F72013,10,43,0.2,"[6093614136.860101, 0.07732486724853516]"
F72013,10,43,0.3,"[6093614136.860101, 0.07732677459716797]"
F72013,10,43,0.4,"[6093614136.860101, 0.07732844352722168]"
F72013,10,43,0.5,"[6093614136.860101, 0.07733011245727539]"
F72013,10,43,0.6,"[6093614136.860101, 0.0773317813873291]"
F72013,10,43,0.7,"[6093614136.860101, 0.07733368873596191]"
F72013,10,43,0.8,"[6093614136.860101, 0.07733559608459473]"
F72013,10,43,0.9,"[6093614136.860101, 0.07733750343322754]"
F72013,10,43,1.0,"[6093614136.860101, 0.07733988761901855]"
F72013,10,44,0.01,"[3987034480.4331436, 0.013691425323486328]"
F72013,10,44,0.1,"[2966523581.899589, 0.12117719650268555]"
F72013,10,44,0.2,"[2946933317.5589542, 0.17700481414794922]"
F72013,10,44,0.3,"[2946933317.5589542, 0.17700815200805664]"
F72013,10,44,0.4,"[2946933317.5589542, 0.17700982093811035]"
F72013,10,44,0.5,"[2946933317.5589542, 0.17701196670532227]"
F72013,10,44,0.6,"[2946933317.5589542, 0.17701363563537598]"
F72013,10,44,0.7,"[2946933317.5589542, 0.1770155429840088]"
F72013,10,44,0.8,"[2946933317.5589542, 0.1770169734954834]"
F72013,10,44,0.9,"[2946933317.5589542, 0.1770191192626953]"
F72013,10,44,1.0,"[2946933317.5589542, 0.17702054977416992]"
F72013,10,45,0.01,"[2014525.9932100344, 0.013533830642700195]"
F72013,10,45,0.1,"[2009053.0731506706, 0.11867094039916992]"
F72013,10,45,0.2,"[2008599.1173088516, 0.23635053634643555]"
F72013,10,45,0.3,"[1482169.410569389, 0.3534574508666992]"
F72013,10,45,0.4,"[1319776.8499946364, 0.4704914093017578]"
F72013,10,45,0.5,"[1319776.8485146016, 0.4748401641845703]"
F72013,10,45,0.6,"[1319776.8485146016, 0.47484302520751953]"
F72013,10,45,0.7,"[1319776.8485146016, 0.47484517097473145]"
F72013,10,45,0.8,"[1319776.8485146016, 0.47484707832336426]"
F72013,10,45,0.9,"[1319776.8485146016, 0.47484874725341797]"
F72013,10,45,1.0,"[1319776.8485146016, 0.4748506546020508]"
F72013,10,46,0.01,"[3709722.304177023, 0.013627767562866211]"
F72013,10,46,0.1,"[2402766.408211658, 0.12021327018737793]"
F72013,10,46,0.2,"[2390176.9029902993, 0.2380049228668213]"
F72013,10,46,0.3,"[2285699.191101492, 0.35530662536621094]"
F72013,10,46,0.4,"[2221445.763298296, 0.47371625900268555]"
F72013,10,46,0.5,"[2221445.4647355764, 0.5001883506774902]"
F72013,10,46,0.6,"[2221445.4647355764, 0.5001916885375977]"
F72013,10,46,0.7,"[2221445.4647355764, 0.5001938343048096]"
F72013,10,46,0.8,"[2221445.4647355764, 0.5001955032348633]"
F72013,10,46,0.9,"[2221445.4647355764, 0.5001974105834961]"
F72013,10,46,1.0,"[2221445.4647355764, 0.5001990795135498]"
F72013,10,47,0.01,"[170864007408.12643, 0.013576984405517578]"
F72013,10,47,0.1,"[169986040952.4681, 0.03212141990661621]"
F72013,10,47,0.2,"[169986040952.4681, 0.03212475776672363]"
F72013,10,47,0.3,"[169986040952.4681, 0.032126665115356445]"
F72013,10,47,0.4,"[169986040952.4681, 0.032128095626831055]"
F72013,10,47,0.5,"[169986040952.4681, 0.03213024139404297]"
F72013,10,47,0.6,"[169986040952.4681, 0.03213167190551758]"
F72013,10,47,0.7,"[169986040952.4681, 0.03213381767272949]"
F72013,10,47,0.8,"[169986040952.4681, 0.0321354866027832]"
F72013,10,47,0.9,"[169986040952.4681, 0.032137393951416016]"
F72013,10,47,1.0,"[169986040952.4681, 0.032138824462890625]"
F72013,10,48,0.01,"[2957775389.054779, 0.012933731079101562]"
F72013,10,48,0.1,"[2202868386.187091, 0.11759543418884277]"
F72013,10,48,0.2,"[2199519783.828507, 0.23534274101257324]"
F72013,10,48,0.3,"[4496292.353745763, 0.352252721786499]"
F72013,10,48,0.4,"[4432555.943449177, 0.47120046615600586]"
F72013,10,48,0.5,"[4432555.557787415, 0.5163223743438721]"
F72013,10,48,0.6,"[4432555.557787415, 0.5163252353668213]"
F72013,10,48,0.7,"[4432555.557787415, 0.5163271427154541]"
F72013,10,48,0.8,"[4432555.557787415, 0.5163288116455078]"
F72013,10,48,0.9,"[4432555.557787415, 0.5163304805755615]"
F72013,10,48,1.0,"[4432555.557787415, 0.5163326263427734]"
F72013,10,49,0.01,"[214125647008.5534, 0.012963294982910156]"
F72013,10,49,0.1,"[212932012662.9298, 0.033005475997924805]"
F72013,10,49,0.2,"[212932012662.9298, 0.03300881385803223]"
F72013,10,49,0.3,"[212932012662.9298, 0.03301048278808594]"
F72013,10,49,0.4,"[212932012662.9298, 0.03301191329956055]"
F72013,10,49,0.5,"[212932012662.9298, 0.03301405906677246]"
F72013,10,49,0.6,"[212932012662.9298, 0.03301572799682617]"
F72013,10,49,0.7,"[212932012662.9298, 0.03301715850830078]"
F72013,10,49,0.8,"[212932012662.9298, 0.03301858901977539]"
F72013,10,49,0.9,"[212932012662.9298, 0.0330204963684082]"
F72013,10,49,1.0,"[212932012662.9298, 0.033022165298461914]"
F72013,10,50,0.01,"[4163693808485.377, 0.012994527816772461]"
F72013,10,50,0.1,"[3540463319045.9478, 0.04379558563232422]"
F72013,10,50,0.2,"[3540463319045.9478, 0.04379844665527344]"
F72013,10,50,0.3,"[3540463319045.9478, 0.04380035400390625]"
F72013,10,50,0.4,"[3540463319045.9478, 0.04380202293395996]"
F72013,10,50,0.5,"[3540463319045.9478, 0.04380369186401367]"
F72013,10,50,0.6,"[3540463319045.9478, 0.04380536079406738]"
F72013,10,50,0.7,"[3540463319045.9478, 0.04380679130554199]"
F72013,10,50,0.8,"[3540463319045.9478, 0.043814659118652344]"
F72013,10,50,0.9,"[3540463319045.9478, 0.043816566467285156]"
F72013,10,50,1.0,"[3540463319045.9478, 0.043817996978759766]"
F72013,30,0,0.01,"[12552787663689.248, 0.034217119216918945]"
F72013,30,0,0.1,"[9951037141354.586, 0.2674107551574707]"
F72013,30,0,0.2,"[9939800217089.955, 0.30930423736572266]"
F72013,30,0,0.3,"[9939800217089.955, 0.3093075752258301]"
F72013,30,0,0.4,"[9939800217089.955, 0.3093094825744629]"
F72013,30,0,0.5,"[9939800217089.955, 0.3093118667602539]"
F72013,30,0,0.6,"[9939800217089.955, 0.3093132972717285]"
F72013,30,0,0.7,"[9939800217089.955, 0.3093147277832031]"
F72013,30,0,0.8,"[9939800217089.955, 0.30931663513183594]"
F72013,30,0,0.9,"[9939800217089.955, 0.30931854248046875]"
F72013,30,0,1.0,"[9939800217089.955, 0.30932044982910156]"
F72013,30,1,0.01,"[3292748497350.1606, 0.03441667556762695]"
F72013,30,1,0.1,"[2977186620382.154, 0.270355224609375]"
F72013,30,1,0.2,"[2619204572500.047, 0.37978053092956543]"
F72013,30,1,0.3,"[2619204572500.047, 0.37978386878967285]"
F72013,30,1,0.4,"[2619204572500.047, 0.37978553771972656]"
F72013,30,1,0.5,"[2619204572500.047, 0.3797879219055176]"
F72013,30,1,0.6,"[2619204572500.047, 0.3797895908355713]"
F72013,30,1,0.7,"[2619204572500.047, 0.379791259765625]"
F72013,30,1,0.8,"[2619204572500.047, 0.3797929286956787]"
F72013,30,1,0.9,"[2619204572500.047, 0.3797948360443115]"
F72013,30,1,1.0,"[2619204572500.047, 0.37979674339294434]"
F72013,30,2,0.01,"[213513328783.741, 0.03424477577209473]"
F72013,30,2,0.1,"[198188570363.7707, 0.26838088035583496]"
F72013,30,2,0.2,"[194189492899.87964, 0.527911901473999]"
F72013,30,2,0.3,"[194100793709.73807, 0.7202160358428955]"
F72013,30,2,0.4,"[194100793709.73807, 0.720219612121582]"
F72013,30,2,0.5,"[194100793709.73807, 0.7202224731445312]"
F72013,30,2,0.6,"[194100793709.73807, 0.720224142074585]"
F72013,30,2,0.7,"[194100793709.73807, 0.7202255725860596]"
F72013,30,2,0.8,"[194100793709.73807, 0.7202270030975342]"
F72013,30,2,0.9,"[194100793709.73807, 0.7202291488647461]"
F72013,30,2,1.0,"[194100793709.73807, 0.7202310562133789]"
F72013,30,3,0.01,"[3324819194914717.0, 0.03427481651306152]"
F72013,30,3,0.1,"[3156782459978781.5, 0.26753735542297363]"
F72013,30,3,0.2,"[3112959637545325.0, 0.5250978469848633]"
F72013,30,3,0.3,"[3112959637545325.0, 0.5252830982208252]"
F72013,30,3,0.4,"[3112959637545325.0, 0.5252859592437744]"
F72013,30,3,0.5,"[3112959637545325.0, 0.5252885818481445]"
F72013,30,3,0.6,"[3112959637545325.0, 0.5252902507781982]"
F72013,30,3,0.7,"[3112959637545325.0, 0.5252916812896729]"
F72013,30,3,0.8,"[3112959637545325.0, 0.5252935886383057]"
F72013,30,3,0.9,"[3112959637545325.0, 0.5252954959869385]"
F72013,30,3,1.0,"[3112959637545325.0, 0.5252976417541504]"
F72013,30,4,0.01,"[34035834070.278378, 0.0384211540222168]"
F72013,30,4,0.1,"[24241183387.8224, 0.3026852607727051]"
F72013,30,4,0.2,"[24080251870.443783, 0.5946221351623535]"
F72013,30,4,0.3,"[24058789331.445976, 0.8666484355926514]"
F72013,30,4,0.4,"[24058789331.445976, 0.8666520118713379]"
F72013,30,4,0.5,"[24058789331.445976, 0.866654634475708]"
F72013,30,4,0.6,"[24058789331.445976, 0.8666563034057617]"
F72013,30,4,0.7,"[24058789331.445976, 0.8666582107543945]"
F72013,30,4,0.8,"[24058789331.445976, 0.8666596412658691]"
F72013,30,4,0.9,"[24058789331.445976, 0.866661787033081]"
F72013,30,4,1.0,"[24058789331.445976, 0.8666634559631348]"
F72013,30,5,0.01,"[10944051658154.49, 0.03441429138183594]"
F72013,30,5,0.1,"[6849255903793.521, 0.2690773010253906]"
F72013,30,5,0.2,"[6813112012579.065, 0.5113589763641357]"
F72013,30,5,0.3,"[6813112012579.065, 0.5113623142242432]"
F72013,30,5,0.4,"[6813112012579.065, 0.5113639831542969]"
F72013,30,5,0.5,"[6813112012579.065, 0.5113661289215088]"
F72013,30,5,0.6,"[6813112012579.065, 0.5113677978515625]"
F72013,30,5,0.7,"[6813112012579.065, 0.5113692283630371]"
F72013,30,5,0.8,"[6813112012579.065, 0.5113708972930908]"
F72013,30,5,0.9,"[6813112012579.065, 0.5113728046417236]"
F72013,30,5,1.0,"[6813112012579.065, 0.5113747119903564]"
F72013,30,6,0.01,"[176762436412023.22, 0.026394128799438477]"
F72013,30,6,0.1,"[176762436412023.22, 0.026397705078125]"
F72013,30,6,0.2,"[176762436412023.22, 0.026399612426757812]"
F72013,30,6,0.3,"[176762436412023.22, 0.026401519775390625]"
F72013,30,6,0.4,"[176762436412023.22, 0.026403188705444336]"
F72013,30,6,0.5,"[176762436412023.22, 0.02640533447265625]"
F72013,30,6,0.6,"[176762436412023.22, 0.026407241821289062]"
F72013,30,6,0.7,"[176762436412023.22, 0.026409387588500977]"
F72013,30,6,0.8,"[176762436412023.22, 0.026410818099975586]"
F72013,30,6,0.9,"[176762436412023.22, 0.026412487030029297]"
F72013,30,6,1.0,"[176762436412023.22, 0.02641463279724121]"
F72013,30,7,0.01,"[25835678748.93989, 0.026363611221313477]"
F72013,30,7,0.1,"[25835678748.93989, 0.0263674259185791]"
F72013,30,7,0.2,"[25835678748.93989, 0.026369571685791016]"
F72013,30,7,0.3,"[25835678748.93989, 0.026371479034423828]"
F72013,30,7,0.4,"[25835678748.93989, 0.02637314796447754]"
F72013,30,7,0.5,"[25835678748.93989, 0.026375532150268555]"
F72013,30,7,0.6,"[25835678748.93989, 0.026377439498901367]"
F72013,30,7,0.7,"[25835678748.93989, 0.02637934684753418]"
F72013,30,7,0.8,"[25835678748.93989, 0.02638077735900879]"
F72013,30,7,0.9,"[25835678748.93989, 0.0263826847076416]"
F72013,30,7,1.0,"[25835678748.93989, 0.026384592056274414]"
F72013,30,8,0.01,"[2788732915696.6694, 0.034314632415771484]"
F72013,30,8,0.1,"[2732883038392.4873, 0.2675132751464844]"
F72013,30,8,0.2,"[2730219756666.9395, 0.5259428024291992]"
F72013,30,8,0.3,"[2730105895978.2476, 0.7847151756286621]"
F72013,30,8,0.4,"[2729683260490.3604, 1.0429813861846924]"
F72013,30,8,0.5,"[2729683253887.2607, 1.1519641876220703]"
F72013,30,8,0.6,"[2729683253887.2607, 1.1519677639007568]"
F72013,30,8,0.7,"[2729683253887.2607, 1.1519694328308105]"
F72013,30,8,0.8,"[2729683253887.2607, 1.1519713401794434]"
F72013,30,8,0.9,"[2729683253887.2607, 1.151972770690918]"
F72013,30,8,1.0,"[2729683253887.2607, 1.1519746780395508]"
F72013,30,9,0.01,"[3304962885618.1147, 0.034491539001464844]"
F72013,30,9,0.1,"[3096888675749.411, 0.27046871185302734]"
F72013,30,9,0.2,"[3089070161160.4053, 0.5309326648712158]"
F72013,30,9,0.3,"[3087293115205.697, 0.6814098358154297]"
F72013,30,9,0.4,"[3087293115205.697, 0.681412935256958]"
F72013,30,9,0.5,"[3087293115205.697, 0.6814155578613281]"
F72013,30,9,0.6,"[3087293115205.697, 0.6814172267913818]"
F72013,30,9,0.7,"[3087293115205.697, 0.6814188957214355]"
F72013,30,9,0.8,"[3087293115205.697, 0.6814208030700684]"
F72013,30,9,0.9,"[3087293115205.697, 0.681422233581543]"
F72013,30,9,1.0,"[3087293115205.697, 0.6814243793487549]"
F72013,30,10,0.01,"[159161016019273.72, 0.026212215423583984]"
F72013,30,10,0.1,"[159161016019273.72, 0.02621603012084961]"
F72013,30,10,0.2,"[159161016019273.72, 0.026217937469482422]"
F72013,30,10,0.3,"[159161016019273.72, 0.026220083236694336]"
F72013,30,10,0.4,"[159161016019273.72, 0.026221752166748047]"
F72013,30,10,0.5,"[159161016019273.72, 0.02622389793395996]"
F72013,30,10,0.6,"[159161016019273.72, 0.026225805282592773]"
F72013,30,10,0.7,"[159161016019273.72, 0.026227474212646484]"
F72013,30,10,0.8,"[159161016019273.72, 0.0262296199798584]"
F72013,30,10,0.9,"[159161016019273.72, 0.026231050491333008]"
F72013,30,10,1.0,"[159161016019273.72, 0.026233434677124023]"
F72013,30,11,0.01,"[92684254.38316542, 0.03409171104431152]"
F72013,30,11,0.1,"[76251758.83248848, 0.2667386531829834]"
F72013,30,11,0.2,"[70581158.99679136, 0.5167415142059326]"
F72013,30,11,0.3,"[70581158.99679136, 0.5167450904846191]"
F72013,30,11,0.4,"[70581158.99679136, 0.516746997833252]"
F72013,30,11,0.5,"[70581158.99679136, 0.5167491436004639]"
F72013,30,11,0.6,"[70581158.99679136, 0.5167508125305176]"
F72013,30,11,0.7,"[70581158.99679136, 0.5167527198791504]"
F72013,30,11,0.8,"[70581158.99679136, 0.5167546272277832]"
F72013,30,11,0.9,"[70581158.99679136, 0.516756534576416]"
F72013,30,11,1.0,"[70581158.99679136, 0.5167584419250488]"
F72013,30,12,0.01,"[249020187767380.5, 0.03422045707702637]"
F72013,30,12,0.1,"[224749528713351.7, 0.2689230442047119]"
F72013,30,12,0.2,"[219841664345726.2, 0.34419965744018555]"
F72013,30,12,0.3,"[219841664345726.2, 0.34420299530029297]"
F72013,30,12,0.4,"[219841664345726.2, 0.3442049026489258]"
F72013,30,12,0.5,"[219841664345726.2, 0.3442070484161377]"
F72013,30,12,0.6,"[219841664345726.2, 0.3442089557647705]"
F72013,30,12,0.7,"[219841664345726.2, 0.3442103862762451]"
F72013,30,12,0.8,"[219841664345726.2, 0.3442118167877197]"
F72013,30,12,0.9,"[219841664345726.2, 0.34421396255493164]"
F72013,30,12,1.0,"[219841664345726.2, 0.34421586990356445]"
F72013,30,13,0.01,"[6172098693.4638405, 0.03477287292480469]"
F72013,30,13,0.1,"[5544559295.604966, 0.27021026611328125]"
F72013,30,13,0.2,"[5082311883.856711, 0.5300397872924805]"
F72013,30,13,0.3,"[5042153398.432796, 0.7898313999176025]"
F72013,30,13,0.4,"[5003079980.137379, 1.0496575832366943]"
F72013,30,13,0.5,"[4936997960.576621, 1.3145005702972412]"
F72013,30,13,0.6,"[4822724749.7712755, 1.571570873260498]"
F72013,30,13,0.7,"[4802004656.891211, 1.8272852897644043]"
F72013,30,13,0.8,"[4802002299.152318, 1.9352169036865234]"
F72013,30,13,0.9,"[4802002299.152318, 1.93522047996521]"
F72013,30,13,1.0,"[4802002299.152318, 1.9352226257324219]"
F72013,30,14,0.01,"[361907157506.8659, 0.03446078300476074]"
F72013,30,14,0.1,"[353340642174.7101, 0.2684955596923828]"
F72013,30,14,0.2,"[350163281654.2659, 0.5272283554077148]"
F72013,30,14,0.3,"[349881130815.2552, 0.7896356582641602]"
F72013,30,14,0.4,"[349881130553.3991, 0.8234241008758545]"
F72013,30,14,0.5,"[349881130553.3991, 0.8234281539916992]"
F72013,30,14,0.6,"[349881130553.3991, 0.8234302997589111]"
F72013,30,14,0.7,"[349881130553.3991, 0.8234319686889648]"
F72013,30,14,0.8,"[349881130553.3991, 0.8234336376190186]"
F72013,30,14,0.9,"[349881130553.3991, 0.8234355449676514]"
F72013,30,14,1.0,"[349881130553.3991, 0.8234372138977051]"
F72013,30,15,0.01,"[286745296224.2248, 0.03444218635559082]"
F72013,30,15,0.1,"[244844804951.76678, 0.2684471607208252]"
F72013,30,15,0.2,"[228593475453.20377, 0.5269474983215332]"
F72013,30,15,0.3,"[209914975765.30737, 0.7857553958892822]"
F72013,30,15,0.4,"[206241199658.91382, 1.0454518795013428]"
F72013,30,15,0.5,"[205664522036.18762, 1.3121089935302734]"
F72013,30,15,0.6,"[141501732727.7953, 1.5710291862487793]"
F72013,30,15,0.7,"[138899086927.19748, 1.8317041397094727]"
F72013,30,15,0.8,"[129153844841.29497, 2.0904505252838135]"
F72013,30,15,0.9,"[123396995789.09789, 2.2659828662872314]"
F72013,30,15,1.0,"[123396995789.09789, 2.265986442565918]"
F72013,30,16,0.01,"[658839567246.7538, 0.02623438835144043]"
F72013,30,16,0.1,"[658839567246.7538, 0.026238441467285156]"
F72013,30,16,0.2,"[658839567246.7538, 0.02624034881591797]"
F72013,30,16,0.3,"[658839567246.7538, 0.026242494583129883]"
F72013,30,16,0.4,"[658839567246.7538, 0.026243925094604492]"
F72013,30,16,0.5,"[658839567246.7538, 0.026247024536132812]"
F72013,30,16,0.6,"[658839567246.7538, 0.026249170303344727]"
F72013,30,16,0.7,"[658839567246.7538, 0.026251554489135742]"
F72013,30,16,0.8,"[658839567246.7538, 0.026253461837768555]"
F72013,30,16,0.9,"[658839567246.7538, 0.02625560760498047]"
F72013,30,16,1.0,"[658839567246.7538, 0.02625727653503418]"
F72013,30,17,0.01,"[989235884138.7534, 0.026172399520874023]"
F72013,30,17,0.1,"[989235884138.7534, 0.02617669105529785]"
F72013,30,17,0.2,"[989235884138.7534, 0.026179075241088867]"
F72013,30,17,0.3,"[989235884138.7534, 0.026180744171142578]"
F72013,30,17,0.4,"[989235884138.7534, 0.02618265151977539]"
F72013,30,17,0.5,"[989235884138.7534, 0.026184797286987305]"
F72013,30,17,0.6,"[989235884138.7534, 0.026186704635620117]"
F72013,30,17,0.7,"[989235884138.7534, 0.02618885040283203]"
F72013,30,17,0.8,"[989235884138.7534, 0.026190757751464844]"
F72013,30,17,0.9,"[989235884138.7534, 0.026192665100097656]"
F72013,30,17,1.0,"[989235884138.7534, 0.02619457244873047]"
F72013,30,18,0.01,"[6604159474136109.0, 0.03435015678405762]"
F72013,30,18,0.1,"[6253278359027508.0, 0.2708101272583008]"
F72013,30,18,0.2,"[6147508077522045.0, 0.5322308540344238]"
F72013,30,18,0.3,"[6147508074891705.0, 0.5915873050689697]"
F72013,30,18,0.4,"[6147508074891705.0, 0.5915906429290771]"
F72013,30,18,0.5,"[6147508074891705.0, 0.5915930271148682]"
F72013,30,18,0.6,"[6147508074891705.0, 0.5915951728820801]"
F72013,30,18,0.7,"[6147508074891705.0, 0.5915966033935547]"
F72013,30,18,0.8,"[6147508074891705.0, 0.5915985107421875]"
F72013,30,18,0.9,"[6147508074891705.0, 0.5916006565093994]"
F72013,30,18,1.0,"[6147508074891705.0, 0.5916028022766113]"
F72013,30,19,0.01,"[405028347405590.6, 0.026133060455322266]"
F72013,30,19,0.1,"[405028347405590.6, 0.026137351989746094]"
F72013,30,19,0.2,"[405028347405590.6, 0.026139259338378906]"
F72013,30,19,0.3,"[405028347405590.6, 0.02614140510559082]"
F72013,30,19,0.4,"[405028347405590.6, 0.02614283561706543]"
F72013,30,19,0.5,"[405028347405590.6, 0.02614569664001465]"
F72013,30,19,0.6,"[405028347405590.6, 0.02614760398864746]"
F72013,30,19,0.7,"[405028347405590.6, 0.026149511337280273]"
F72013,30,19,0.8,"[405028347405590.6, 0.02615189552307129]"
F72013,30,19,0.9,"[405028347405590.6, 0.026153564453125]"
F72013,30,19,1.0,"[405028347405590.6, 0.026155471801757812]"
F72013,30,20,0.01,"[673316361617.7601, 0.03419899940490723]"
F72013,30,20,0.1,"[523100184719.61316, 0.2696709632873535]"
F72013,30,20,0.2,"[498584889423.14703, 0.5293538570404053]"
F72013,30,20,0.3,"[484860347711.5299, 0.7909026145935059]"
F72013,30,20,0.4,"[483365765472.7107, 1.0560004711151123]"
F72013,30,20,0.5,"[483153603538.03955, 1.3266658782958984]"
F72013,30,20,0.6,"[466222330405.01324, 1.5886328220367432]"
F72013,30,20,0.7,"[460857590242.93146, 1.7736468315124512]"
F72013,30,20,0.8,"[460857590242.93146, 1.7736499309539795]"
F72013,30,20,0.9,"[460857590242.93146, 1.7736520767211914]"
F72013,30,20,1.0,"[460857590242.93146, 1.7736539840698242]"
F72013,30,21,0.01,"[87872096109665.1, 0.03456997871398926]"
F72013,30,21,0.1,"[72831132245085.52, 0.2209031581878662]"
F72013,30,21,0.2,"[72831132245085.52, 0.22090673446655273]"
F72013,30,21,0.3,"[72831132245085.52, 0.22090888023376465]"
F72013,30,21,0.4,"[72831132245085.52, 0.22091054916381836]"
F72013,30,21,0.5,"[72831132245085.52, 0.22091293334960938]"
F72013,30,21,0.6,"[72831132245085.52, 0.22091460227966309]"
F72013,30,21,0.7,"[72831132245085.52, 0.2209162712097168]"
F72013,30,21,0.8,"[72831132245085.52, 0.2209181785583496]"
F72013,30,21,0.9,"[72831132245085.52, 0.22092008590698242]"
F72013,30,21,1.0,"[72831132245085.52, 0.22092175483703613]"
F72013,30,22,0.01,"[97441136127.82936, 0.034210205078125]"
F72013,30,22,0.1,"[88707948816.82878, 0.26987719535827637]"
F72013,30,22,0.2,"[85448766353.99428, 0.5300915241241455]"
F72013,30,22,0.3,"[82290317512.52452, 0.6222894191741943]"
F72013,30,22,0.4,"[82290317512.52452, 0.6222925186157227]"
F72013,30,22,0.5,"[82290317512.52452, 0.6222951412200928]"
F72013,30,22,0.6,"[82290317512.52452, 0.6222970485687256]"
F72013,30,22,0.7,"[82290317512.52452, 0.6222987174987793]"
F72013,30,22,0.8,"[82290317512.52452, 0.6223006248474121]"
F72013,30,22,0.9,"[82290317512.52452, 0.6223022937774658]"
F72013,30,22,1.0,"[82290317512.52452, 0.6223046779632568]"
F72013,30,23,0.01,"[7086917918.349092, 0.04598093032836914]"
F72013,30,23,0.1,"[5329090948.911358, 0.28137683868408203]"
F72013,30,23,0.2,"[4944648820.434002, 0.5410981178283691]"
F72013,30,23,0.3,"[4893149194.948937, 0.8011865615844727]"
F72013,30,23,0.4,"[4887703247.851709, 1.0649590492248535]"
F72013,30,23,0.5,"[4802072593.248967, 1.3441143035888672]"
F72013,30,23,0.6,"[4767383936.9489765, 1.604485034942627]"
F72013,30,23,0.7,"[4766025827.390306, 1.8634631633758545]"
F72013,30,23,0.8,"[4761799845.673004, 2.12271785736084]"
F72013,30,23,0.9,"[4761579992.728017, 2.281473159790039]"
F72013,30,23,1.0,"[4761579992.728017, 2.281477451324463]"
F72013,30,24,0.01,"[78399179215272.4, 0.03455376625061035]"
F72013,30,24,0.1,"[76176204477734.62, 0.1784355640411377]"
F72013,30,24,0.2,"[76176204477734.62, 0.17843914031982422]"
F72013,30,24,0.3,"[76176204477734.62, 0.17844128608703613]"
F72013,30,24,0.4,"[76176204477734.62, 0.17844319343566895]"
F72013,30,24,0.5,"[76176204477734.62, 0.17844557762145996]"
F72013,30,24,0.6,"[76176204477734.62, 0.17844724655151367]"
F72013,30,24,0.7,"[76176204477734.62, 0.17844915390014648]"
F72013,30,24,0.8,"[76176204477734.62, 0.1784508228302002]"
F72013,30,24,0.9,"[76176204477734.62, 0.1784529685974121]"
F72013,30,24,1.0,"[76176204477734.62, 0.17845487594604492]"
F72013,30,25,0.01,"[566853243754.4852, 0.0340723991394043]"
F72013,30,25,0.1,"[489459119273.7596, 0.2673070430755615]"
F72013,30,25,0.2,"[453705570697.2216, 0.5253784656524658]"
F72013,30,25,0.3,"[410266463429.8195, 0.7830812931060791]"
F72013,30,25,0.4,"[407130331589.24915, 0.8664753437042236]"
F72013,30,25,0.5,"[407130331589.24915, 0.8664791584014893]"
F72013,30,25,0.6,"[407130331589.24915, 0.8664810657501221]"
F72013,30,25,0.7,"[407130331589.24915, 0.8664827346801758]"
F72013,30,25,0.8,"[407130331589.24915, 0.8664844036102295]"
F72013,30,25,0.9,"[407130331589.24915, 0.8664863109588623]"
F72013,30,25,1.0,"[407130331589.24915, 0.866487979888916]"
F72013,30,26,0.01,"[446509457536130.0, 0.034052133560180664]"
F72013,30,26,0.1,"[433690397177147.9, 0.26746535301208496]"
F72013,30,26,0.2,"[403230896841025.94, 0.525120735168457]"
F72013,30,26,0.3,"[403230896841001.7, 0.5834546089172363]"
F72013,30,26,0.4,"[403230896841001.7, 0.583458423614502]"
F72013,30,26,0.5,"[403230896841001.7, 0.5834612846374512]"
F72013,30,26,0.6,"[403230896841001.7, 0.5834629535675049]"
F72013,30,26,0.7,"[403230896841001.7, 0.5834650993347168]"
F72013,30,26,0.8,"[403230896841001.7, 0.5834672451019287]"
F72013,30,26,0.9,"[403230896841001.7, 0.5834691524505615]"
F72013,30,26,1.0,"[403230896841001.7, 0.5834717750549316]"
F72013,30,27,0.01,"[17719078959642.14, 0.03557157516479492]"
F72013,30,27,0.1,"[17719078959642.14, 0.03557562828063965]"
F72013,30,27,0.2,"[17719078959642.14, 0.03557753562927246]"
F72013,30,27,0.3,"[17719078959642.14, 0.035579681396484375]"
F72013,30,27,0.4,"[17719078959642.14, 0.035581111907958984]"
F72013,30,27,0.5,"[17719078959642.14, 0.0355839729309082]"
F72013,30,27,0.6,"[17719078959642.14, 0.035585880279541016]"
F72013,30,27,0.7,"[17719078959642.14, 0.03558778762817383]"
F72013,30,27,0.8,"[17719078959642.14, 0.03558969497680664]"
F72013,30,27,0.9,"[17719078959642.14, 0.03559136390686035]"
F72013,30,27,1.0,"[17719078959642.14, 0.035593271255493164]"
F72013,30,28,0.01,"[3132256884881.44, 0.03412055969238281]"
F72013,30,28,0.1,"[3098293063589.186, 0.2684645652770996]"
F72013,30,28,0.2,"[3092837463405.9673, 0.5271108150482178]"
F72013,30,28,0.3,"[3090129922073.0493, 0.7846219539642334]"
F72013,30,28,0.4,"[3090079099917.7944, 1.043942928314209]"
F72013,30,28,0.5,"[3089948311301.7065, 1.3091950416564941]"
F72013,30,28,0.6,"[2908045610089.391, 1.565352201461792]"
F72013,30,28,0.7,"[30488683144.16197, 1.8229024410247803]"
F72013,30,28,0.8,"[30441544574.895496, 2.079887866973877]"
F72013,30,28,0.9,"[27724956541.62124, 2.3446061611175537]"
F72013,30,28,1.0,"[27509394652.586945, 2.4362475872039795]"
F72013,30,29,0.01,"[42138058612.40512, 0.03407144546508789]"
F72013,30,29,0.1,"[28314649826.46793, 0.2674071788787842]"
F72013,30,29,0.2,"[26675173734.26933, 0.5249776840209961]"
F72013,30,29,0.3,"[23961770077.95405, 0.781919002532959]"
F72013,30,29,0.4,"[23674016666.759525, 1.040989637374878]"
F72013,30,29,0.5,"[23489130897.468643, 1.3073863983154297]"
F72013,30,29,0.6,"[23487597776.574768, 1.5652995109558105]"
F72013,30,29,0.7,"[23487422974.649895, 1.8235485553741455]"
F72013,30,29,0.8,"[23487422974.649895, 1.8238096237182617]"
F72013,30,29,0.9,"[23487422974.649895, 1.8238122463226318]"
F72013,30,29,1.0,"[23487422974.649895, 1.8238146305084229]"
F72013,30,30,0.01,"[29200129035488.75, 0.03417348861694336]"
F72013,30,30,0.1,"[25919206147086.695, 0.2686147689819336]"
F72013,30,30,0.2,"[25848634150319.754, 0.5291039943695068]"
F72013,30,30,0.3,"[25605389019239.35, 0.7889919281005859]"
F72013,30,30,0.4,"[24813085356476.367, 1.0407590866088867]"
F72013,30,30,0.5,"[24813085356476.367, 1.0407719612121582]"
F72013,30,30,0.6,"[24813085356476.367, 1.040773868560791]"
F72013,30,30,0.7,"[24813085356476.367, 1.0407757759094238]"
F72013,30,30,0.8,"[24813085356476.367, 1.0407774448394775]"
F72013,30,30,0.9,"[24813085356476.367, 1.0407791137695312]"
F72013,30,30,1.0,"[24813085356476.367, 1.0407805442810059]"
F72013,30,31,0.01,"[12385136744.521763, 0.0258333683013916]"
F72013,30,31,0.1,"[12385136744.521763, 0.025837421417236328]"
F72013,30,31,0.2,"[12385136744.521763, 0.025839567184448242]"
F72013,30,31,0.3,"[12385136744.521763, 0.025841236114501953]"
F72013,30,31,0.4,"[12385136744.521763, 0.025843381881713867]"
F72013,30,31,0.5,"[12385136744.521763, 0.025845766067504883]"
F72013,30,31,0.6,"[12385136744.521763, 0.025847434997558594]"
F72013,30,31,0.7,"[12385136744.521763, 0.025849580764770508]"
F72013,30,31,0.8,"[12385136744.521763, 0.025851011276245117]"
F72013,30,31,0.9,"[12385136744.521763, 0.02585291862487793]"
F72013,30,31,1.0,"[12385136744.521763, 0.025854825973510742]"
F72013,30,32,0.01,"[9330565073921020.0, 0.026093006134033203]"
F72013,30,32,0.1,"[9330565073921020.0, 0.026097774505615234]"
F72013,30,32,0.2,"[9330565073921020.0, 0.026099681854248047]"
F72013,30,32,0.3,"[9330565073921020.0, 0.02610158920288086]"
F72013,30,32,0.4,"[9330565073921020.0, 0.02610325813293457]"
F72013,30,32,0.5,"[9330565073921020.0, 0.026105403900146484]"
F72013,30,32,0.6,"[9330565073921020.0, 0.026106834411621094]"
F72013,30,32,0.7,"[9330565073921020.0, 0.026108980178833008]"
F72013,30,32,0.8,"[9330565073921020.0, 0.02611088752746582]"
F72013,30,32,0.9,"[9330565073921020.0, 0.02611255645751953]"
F72013,30,32,1.0,"[9330565073921020.0, 0.026114225387573242]"
F72013,30,33,0.01,"[6889748877.782118, 0.0340723991394043]"
F72013,30,33,0.1,"[5212191391.895146, 0.2678196430206299]"
F72013,30,33,0.2,"[4936724377.522166, 0.5253722667694092]"
F72013,30,33,0.3,"[4936613033.904755, 0.6252553462982178]"
F72013,30,33,0.4,"[4936613033.904755, 0.6252584457397461]"
F72013,30,33,0.5,"[4936613033.904755, 0.6252610683441162]"
F72013,30,33,0.6,"[4936613033.904755, 0.6252624988555908]"
F72013,30,33,0.7,"[4936613033.904755, 0.6252644062042236]"
F72013,30,33,0.8,"[4936613033.904755, 0.6252660751342773]"
F72013,30,33,0.9,"[4936613033.904755, 0.6252679824829102]"
F72013,30,33,1.0,"[4936613033.904755, 0.625269889831543]"
F72013,30,34,0.01,"[1694632981991.5447, 0.034235239028930664]"
F72013,30,34,0.1,"[1669737546947.9963, 0.2687947750091553]"
F72013,30,34,0.2,"[1669694815113.4717, 0.528031587600708]"
F72013,30,34,0.3,"[1669484329667.6497, 0.7864079475402832]"
F72013,30,34,0.4,"[1669457903832.4868, 1.0466563701629639]"
F72013,30,34,0.5,"[1668383262956.9705, 1.3311097621917725]"
F72013,30,34,0.6,"[1667470219161.2944, 1.5894687175750732]"
F72013,30,34,0.7,"[1667381586291.812, 1.8486125469207764]"
F72013,30,34,0.8,"[1652208180381.2075, 2.107581377029419]"
F72013,30,34,0.9,"[1636744441892.8262, 2.3747124671936035]"
F72013,30,34,1.0,"[1217423659992.5378, 2.6334643363952637]"
F72013,30,35,0.01,"[55703303469020.48, 0.04725384712219238]"
F72013,30,35,0.1,"[48952030400373.9, 0.2810025215148926]"
F72013,30,35,0.2,"[48800391420182.08, 0.540672779083252]"
F72013,30,35,0.3,"[48556616353573.4, 0.7998356819152832]"
F72013,30,35,0.4,"[48556616353572.35, 0.8083736896514893]"
F72013,30,35,0.5,"[48556616353572.35, 0.8083772659301758]"
F72013,30,35,0.6,"[48556616353572.35, 0.8083794116973877]"
F72013,30,35,0.7,"[48556616353572.35, 0.8083813190460205]"
F72013,30,35,0.8,"[48556616353572.35, 0.8083827495574951]"
F72013,30,35,0.9,"[48556616353572.35, 0.8083844184875488]"
F72013,30,35,1.0,"[48556616353572.35, 0.8083863258361816]"
F72013,30,36,0.01,"[354054179538.5295, 0.03413677215576172]"
F72013,30,36,0.1,"[272957269754.67444, 0.2686948776245117]"
F72013,30,36,0.2,"[248457242339.61105, 0.5279664993286133]"
F72013,30,36,0.3,"[225078448423.24335, 0.7874400615692139]"
F72013,30,36,0.4,"[221368519377.06708, 1.047041416168213]"
F72013,30,36,0.5,"[221011592735.49863, 1.3140192031860352]"
F72013,30,36,0.6,"[219467081837.52917, 1.571742296218872]"
F72013,30,36,0.7,"[219355660713.31824, 1.8308379650115967]"
F72013,30,36,0.8,"[219353411940.68942, 2.0729429721832275]"
F72013,30,36,0.9,"[219353411940.68942, 2.072946071624756]"
F72013,30,36,1.0,"[219353411940.68942, 2.0729482173919678]"
F72013,30,37,0.01,"[5852020074143.444, 0.039431095123291016]"
F72013,30,37,0.1,"[4757924366375.531, 0.2736053466796875]"
F72013,30,37,0.2,"[4327284455886.7974, 0.5324029922485352]"
F72013,30,37,0.3,"[4327118842814.9995, 0.7746634483337402]"
F72013,30,37,0.4,"[4327118842814.9995, 0.7746670246124268]"
F72013,30,37,0.5,"[4327118842814.9995, 0.7746696472167969]"
F72013,30,37,0.6,"[4327118842814.9995, 0.7746710777282715]"
F72013,30,37,0.7,"[4327118842814.9995, 0.7746729850769043]"
F72013,30,37,0.8,"[4327118842814.9995, 0.7746744155883789]"
F72013,30,37,0.9,"[4327118842814.9995, 0.7746763229370117]"
F72013,30,37,1.0,"[4327118842814.9995, 0.7746787071228027]"
F72013,30,38,0.01,"[42171788002.52279, 0.03449440002441406]"
F72013,30,38,0.1,"[35177712872.55785, 0.2714970111846924]"
F72013,30,38,0.2,"[34867311439.373985, 0.5328245162963867]"
F72013,30,38,0.3,"[34842018628.180786, 0.7935323715209961]"
F72013,30,38,0.4,"[34828842429.74223, 1.055304765701294]"
F72013,30,38,0.5,"[34807774645.94608, 1.3247454166412354]"
F72013,30,38,0.6,"[34793870383.748535, 1.5850820541381836]"
F72013,30,38,0.7,"[34787532917.95219, 1.847090482711792]"
F72013,30,38,0.8,"[34779047982.72106, 2.109466552734375]"
F72013,30,38,0.9,"[34758790979.137634, 2.379331350326538]"
F72013,30,38,1.0,"[34575761506.10817, 2.6403234004974365]"
F72013,30,39,0.01,"[5.619365521815719e+16, 0.034069061279296875]"
F72013,30,39,0.1,"[4.825889983707884e+16, 0.19284653663635254]"
F72013,30,39,0.2,"[4.825889983707884e+16, 0.19285035133361816]"
F72013,30,39,0.3,"[4.825889983707884e+16, 0.19285249710083008]"
F72013,30,39,0.4,"[4.825889983707884e+16, 0.1928539276123047]"
F72013,30,39,0.5,"[4.825889983707884e+16, 0.1928560733795166]"
F72013,30,39,0.6,"[4.825889983707884e+16, 0.1928577423095703]"
F72013,30,39,0.7,"[4.825889983707884e+16, 0.19285964965820312]"
F72013,30,39,0.8,"[4.825889983707884e+16, 0.19286108016967773]"
F72013,30,39,0.9,"[4.825889983707884e+16, 0.19286298751831055]"
F72013,30,39,1.0,"[4.825889983707884e+16, 0.19286489486694336]"
F72013,30,40,0.01,"[156983922943.2768, 0.03416800498962402]"
F72013,30,40,0.1,"[135346244129.52724, 0.26803135871887207]"
F72013,30,40,0.2,"[123403343802.95442, 0.526320219039917]"
F72013,30,40,0.3,"[112208702790.9487, 0.786125898361206]"
F72013,30,40,0.4,"[107897434178.78363, 1.0478358268737793]"
F72013,30,40,0.5,"[105423559095.94612, 1.316401481628418]"
F72013,30,40,0.6,"[103934064807.58916, 1.5757954120635986]"
F72013,30,40,0.7,"[103934064790.02634, 1.6012167930603027]"
F72013,30,40,0.8,"[103934064790.02634, 1.6012201309204102]"
F72013,30,40,0.9,"[103934064790.02634, 1.601222276687622]"
F72013,30,40,1.0,"[103934064790.02634, 1.6012237071990967]"
F72013,30,41,0.01,"[392887994035496.2, 0.03426313400268555]"
F72013,30,41,0.1,"[314151502625936.3, 0.19385886192321777]"
F72013,30,41,0.2,"[314151502625936.3, 0.1938619613647461]"
F72013,30,41,0.3,"[314151502625936.3, 0.193864107131958]"
F72013,30,41,0.4,"[314151502625936.3, 0.19386577606201172]"
F72013,30,41,0.5,"[314151502625936.3, 0.19386768341064453]"
F72013,30,41,0.6,"[314151502625936.3, 0.19386935234069824]"
F72013,30,41,0.7,"[314151502625936.3, 0.19387078285217285]"
F72013,30,41,0.8,"[314151502625936.3, 0.19387292861938477]"
F72013,30,41,0.9,"[314151502625936.3, 0.19387459754943848]"
F72013,30,41,1.0,"[314151502625936.3, 0.1938765048980713]"
F72013,30,42,0.01,"[3951464666616.354, 0.0344083309173584]"
F72013,30,42,0.1,"[3727444666055.2134, 0.15140843391418457]"
F72013,30,42,0.2,"[3727444666055.2134, 0.1514120101928711]"
F72013,30,42,0.3,"[3727444666055.2134, 0.1514136791229248]"
F72013,30,42,0.4,"[3727444666055.2134, 0.15141534805297852]"
F72013,30,42,0.5,"[3727444666055.2134, 0.15141725540161133]"
F72013,30,42,0.6,"[3727444666055.2134, 0.15141916275024414]"
F72013,30,42,0.7,"[3727444666055.2134, 0.15142035484313965]"
F72013,30,42,0.8,"[3727444666055.2134, 0.15142250061035156]"
F72013,30,42,0.9,"[3727444666055.2134, 0.15142416954040527]"
F72013,30,42,1.0,"[3727444666055.2134, 0.15142607688903809]"
F72013,30,43,0.01,"[18356949702.688244, 0.03414797782897949]"
F72013,30,43,0.1,"[17190829920.545715, 0.26984238624572754]"
F72013,30,43,0.2,"[17103523736.947046, 0.5294382572174072]"
F72013,30,43,0.3,"[17095227485.95574, 0.788703441619873]"
F72013,30,43,0.4,"[17095132656.482584, 0.9725089073181152]"
F72013,30,43,0.5,"[17095132656.482584, 0.9725131988525391]"
F72013,30,43,0.6,"[17095132656.482584, 0.9725148677825928]"
F72013,30,43,0.7,"[17095132656.482584, 0.9725162982940674]"
F72013,30,43,0.8,"[17095132656.482584, 0.9725182056427002]"
F72013,30,43,0.9,"[17095132656.482584, 0.972520112991333]"
F72013,30,43,1.0,"[17095132656.482584, 0.9725217819213867]"
F72013,30,44,0.01,"[11505314544666.139, 0.0412137508392334]"
F72013,30,44,0.1,"[8106269098214.988, 0.2756831645965576]"
F72013,30,44,0.2,"[7702481362713.902, 0.5339510440826416]"
F72013,30,44,0.3,"[7634120861862.066, 0.7342984676361084]"
F72013,30,44,0.4,"[7634120861862.066, 0.7343018054962158]"
F72013,30,44,0.5,"[7634120861862.066, 0.7343044281005859]"
F72013,30,44,0.6,"[7634120861862.066, 0.7343058586120605]"
F72013,30,44,0.7,"[7634120861862.066, 0.7343075275421143]"
F72013,30,44,0.8,"[7634120861862.066, 0.734309196472168]"
F72013,30,44,0.9,"[7634120861862.066, 0.7343108654022217]"
F72013,30,44,1.0,"[7634120861862.066, 0.7343125343322754]"
F72013,30,45,0.01,"[95716986689.77777, 0.0259401798248291]"
F72013,30,45,0.1,"[95716986689.77777, 0.025943517684936523]"
F72013,30,45,0.2,"[95716986689.77777, 0.025945425033569336]"
F72013,30,45,0.3,"[95716986689.77777, 0.025947093963623047]"
F72013,30,45,0.4,"[95716986689.77777, 0.02594900131225586]"
F72013,30,45,0.5,"[95716986689.77777, 0.02595067024230957]"
F72013,30,45,0.6,"[95716986689.77777, 0.025952577590942383]"
F72013,30,45,0.7,"[95716986689.77777, 0.025954246520996094]"
F72013,30,45,0.8,"[95716986689.77777, 0.025955915451049805]"
F72013,30,45,0.9,"[95716986689.77777, 0.025957584381103516]"
F72013,30,45,1.0,"[95716986689.77777, 0.025959491729736328]"
F72013,30,46,0.01,"[25507140408.223225, 0.0341486930847168]"
F72013,30,46,0.1,"[22970683379.308907, 0.2687251567840576]"
F72013,30,46,0.2,"[22744387245.27431, 0.5272419452667236]"
F72013,30,46,0.3,"[3370794788.8083634, 0.7869064807891846]"
F72013,30,46,0.4,"[3137177473.4886274, 1.0476930141448975]"
F72013,30,46,0.5,"[3132127566.085832, 1.3163642883300781]"
F72013,30,46,0.6,"[3120898219.8692403, 1.5756580829620361]"
F72013,30,46,0.7,"[3058564908.1911445, 1.8360569477081299]"
F72013,30,46,0.8,"[3034091297.8702383, 2.095975160598755]"
F72013,30,46,0.9,"[3007061414.8543587, 2.3631601333618164]"
F72013,30,46,1.0,"[3007060115.483305, 2.620303153991699]"
F72013,30,47,0.01,"[190896218168.0655, 0.0342104434967041]"
F72013,30,47,0.1,"[151515003452.66882, 0.2689938545227051]"
F72013,30,47,0.2,"[151188038704.88956, 0.34484219551086426]"
F72013,30,47,0.3,"[151188038704.88956, 0.3448455333709717]"
F72013,30,47,0.4,"[151188038704.88956, 0.3448476791381836]"
F72013,30,47,0.5,"[151188038704.88956, 0.3448495864868164]"
F72013,30,47,0.6,"[151188038704.88956, 0.3448514938354492]"
F72013,30,47,0.7,"[151188038704.88956, 0.34485292434692383]"
F72013,30,47,0.8,"[151188038704.88956, 0.34485459327697754]"
F72013,30,47,0.9,"[151188038704.88956, 0.34485650062561035]"
F72013,30,47,1.0,"[151188038704.88956, 0.34485840797424316]"
F72013,30,48,0.01,"[606720996631.5989, 0.033440589904785156]"
F72013,30,48,0.1,"[552609336164.0627, 0.26445746421813965]"
F72013,30,48,0.2,"[548493781924.3643, 0.5198156833648682]"
F72013,30,48,0.3,"[540012557331.70636, 0.773937463760376]"
F72013,30,48,0.4,"[511916472683.37695, 1.031205654144287]"
F72013,30,48,0.5,"[500150328723.9072, 1.293144941329956]"
F72013,30,48,0.6,"[468657415079.6546, 1.5463755130767822]"
F72013,30,48,0.7,"[462900021356.2763, 1.8004658222198486]"
F72013,30,48,0.8,"[457987166226.6931, 2.0551438331604004]"
F72013,30,48,0.9,"[457565330192.7503, 2.319840669631958]"
F72013,30,48,1.0,"[456675005017.2027, 2.5780909061431885]"
F72013,30,49,0.01,"[219704246966801.66, 0.032943010330200195]"
F72013,30,49,0.1,"[210340735929383.88, 0.2624058723449707]"
F72013,30,49,0.2,"[210156120678229.56, 0.34461426734924316]"
F72013,30,49,0.3,"[210156120678229.56, 0.3446171283721924]"
F72013,30,49,0.4,"[210156120678229.56, 0.3446187973022461]"
F72013,30,49,0.5,"[210156120678229.56, 0.3446207046508789]"
F72013,30,49,0.6,"[210156120678229.56, 0.3446226119995117]"
F72013,30,49,0.7,"[210156120678229.56, 0.34462404251098633]"
F72013,30,49,0.8,"[210156120678229.56, 0.34462571144104004]"
F72013,30,49,0.9,"[210156120678229.56, 0.34462714195251465]"
F72013,30,49,1.0,"[210156120678229.56, 0.34462904930114746]"
F72013,30,50,0.01,"[15785590552781.6, 0.033106088638305664]"
F72013,30,50,0.1,"[13194074014889.55, 0.26381587982177734]"
F72013,30,50,0.2,"[12937470657887.129, 0.5179502964019775]"
F72013,30,50,0.3,"[12935797029084.793, 0.5917043685913086]"
F72013,30,50,0.4,"[12935797029084.793, 0.591707706451416]"
F72013,30,50,0.5,"[12935797029084.793, 0.5917096138000488]"
F72013,30,50,0.6,"[12935797029084.793, 0.5917115211486816]"
F72013,30,50,0.7,"[12935797029084.793, 0.5917129516601562]"
F72013,30,50,0.8,"[12935797029084.793, 0.59171462059021]"
F72013,30,50,0.9,"[12935797029084.793, 0.5917162895202637]"
F72013,30,50,1.0,"[12935797029084.793, 0.5917184352874756]"
F72013,50,0,0.01,"[2673131164852.9653, 0.04360699653625488]"
F72013,50,0,0.1,"[2533069354668.446, 0.4276130199432373]"
F72013,50,0,0.2,"[2517948298833.9233, 0.7287983894348145]"
F72013,50,0,0.3,"[2517948298833.9233, 0.728801965713501]"
F72013,50,0,0.4,"[2517948298833.9233, 0.7288041114807129]"
F72013,50,0,0.5,"[2517948298833.9233, 0.7288062572479248]"
F72013,50,0,0.6,"[2517948298833.9233, 0.7288084030151367]"
F72013,50,0,0.7,"[2517948298833.9233, 0.7288100719451904]"
F72013,50,0,0.8,"[2517948298833.9233, 0.7288117408752441]"
F72013,50,0,0.9,"[2517948298833.9233, 0.728813886642456]"
F72013,50,0,1.0,"[2517948298833.9233, 0.7288157939910889]"
F72013,50,1,0.01,"[40852117127422.516, 0.043740034103393555]"
F72013,50,1,0.1,"[40852117127422.516, 0.06528830528259277]"
F72013,50,1,0.2,"[40852117127422.516, 0.0652918815612793]"
F72013,50,1,0.3,"[40852117127422.516, 0.06529402732849121]"
F72013,50,1,0.4,"[40852117127422.516, 0.06529569625854492]"
F72013,50,1,0.5,"[40852117127422.516, 0.06529831886291504]"
F72013,50,1,0.6,"[40852117127422.516, 0.06529998779296875]"
F72013,50,1,0.7,"[40852117127422.516, 0.06530189514160156]"
F72013,50,1,0.8,"[40852117127422.516, 0.06530356407165527]"
F72013,50,1,0.9,"[40852117127422.516, 0.06530547142028809]"
F72013,50,1,1.0,"[40852117127422.516, 0.0653071403503418]"
F72013,50,2,0.01,"[1856158516849169.2, 0.04319620132446289]"
F72013,50,2,0.1,"[1654829363146794.2, 0.31923413276672363]"
F72013,50,2,0.2,"[1654829363146794.2, 0.31923747062683105]"
F72013,50,2,0.3,"[1654829363146794.2, 0.31923961639404297]"
F72013,50,2,0.4,"[1654829363146794.2, 0.3192412853240967]"
F72013,50,2,0.5,"[1654829363146794.2, 0.3192436695098877]"
F72013,50,2,0.6,"[1654829363146794.2, 0.3192455768585205]"
F72013,50,2,0.7,"[1654829363146794.2, 0.3192470073699951]"
F72013,50,2,0.8,"[1654829363146794.2, 0.31924915313720703]"
F72013,50,2,0.9,"[1654829363146794.2, 0.31925106048583984]"
F72013,50,2,1.0,"[1654829363146794.2, 0.31925296783447266]"
F72013,50,3,0.01,"[216523114711023.4, 0.0438077449798584]"
F72013,50,3,0.1,"[216523114711023.4, 0.0654606819152832]"
F72013,50,3,0.2,"[216523114711023.4, 0.06546401977539062]"
F72013,50,3,0.3,"[216523114711023.4, 0.06546640396118164]"
F72013,50,3,0.4,"[216523114711023.4, 0.06546807289123535]"
F72013,50,3,0.5,"[216523114711023.4, 0.06547045707702637]"
F72013,50,3,0.6,"[216523114711023.4, 0.06547212600708008]"
F72013,50,3,0.7,"[216523114711023.4, 0.06547403335571289]"
F72013,50,3,0.8,"[216523114711023.4, 0.0654757022857666]"
F72013,50,3,0.9,"[216523114711023.4, 0.06547808647155762]"
F72013,50,3,1.0,"[216523114711023.4, 0.06547999382019043]"
F72013,50,4,0.01,"[2673131164852.9653, 0.06131458282470703]"
F72013,50,4,0.1,"[2638413802031.8223, 0.44567155838012695]"
F72013,50,4,0.2,"[2477740011451.083, 0.8520503044128418]"
F72013,50,4,0.3,"[2397824722662.306, 1.2609639167785645]"
F72013,50,4,0.4,"[2386876949029.592, 1.6653172969818115]"
F72013,50,4,0.5,"[2386229581099.0225, 2.0931529998779297]"
F72013,50,4,0.6,"[2384941925149.0293, 2.501307964324951]"
F72013,50,4,0.7,"[2381388231216.5225, 2.9101665019989014]"
F72013,50,4,0.8,"[2380119475662.797, 3.3182966709136963]"
F72013,50,4,0.9,"[2378649398547.4155, 3.7459566593170166]"
F72013,50,4,1.0,"[2378568997839.6016, 4.1523354053497314]"
F72013,50,5,0.01,"[120242928098.50029, 0.04311966896057129]"
F72013,50,5,0.1,"[5070283864.705543, 0.425260066986084]"
F72013,50,5,0.2,"[5024594846.344146, 0.8307816982269287]"
F72013,50,5,0.3,"[5020112484.046577, 1.1320266723632812]"
F72013,50,5,0.4,"[5020112484.046577, 1.1320385932922363]"
F72013,50,5,0.5,"[5020112484.046577, 1.1320412158966064]"
F72013,50,5,0.6,"[5020112484.046577, 1.1320433616638184]"
F72013,50,5,0.7,"[5020112484.046577, 1.132044792175293]"
F72013,50,5,0.8,"[5020112484.046577, 1.1320464611053467]"
F72013,50,5,0.9,"[5020112484.046577, 1.1320481300354004]"
F72013,50,5,1.0,"[5020112484.046577, 1.1320502758026123]"
F72013,50,6,0.01,"[1859470507302.6313, 0.043715476989746094]"
F72013,50,6,0.1,"[195278936320.11328, 0.4295663833618164]"
F72013,50,6,0.2,"[192366522866.8308, 0.8360176086425781]"
F72013,50,6,0.3,"[190877364013.1652, 1.243509292602539]"
F72013,50,6,0.4,"[190680927377.73007, 1.6474688053131104]"
F72013,50,6,0.5,"[189946043303.8155, 2.074204683303833]"
F72013,50,6,0.6,"[189902764749.52097, 2.4828169345855713]"
F72013,50,6,0.7,"[189902546581.98474, 2.891888380050659]"
F72013,50,6,0.8,"[189902546581.98474, 2.9351789951324463]"
F72013,50,6,0.9,"[189902546581.98474, 2.935182809829712]"
F72013,50,6,1.0,"[189902546581.98474, 2.935184955596924]"
F72013,50,7,0.01,"[49006799516.41461, 0.04317522048950195]"
F72013,50,7,0.1,"[2125936273.7559128, 0.4260094165802002]"
F72013,50,7,0.2,"[2034523778.0601773, 0.8345847129821777]"
F72013,50,7,0.3,"[1989648674.8465598, 1.2400152683258057]"
F72013,50,7,0.4,"[1973314290.2178545, 1.6437287330627441]"
F72013,50,7,0.5,"[1954975090.7485552, 2.0686562061309814]"
F72013,50,7,0.6,"[1945810116.2137487, 2.473975419998169]"
F72013,50,7,0.7,"[1934267938.8345137, 2.8784351348876953]"
F72013,50,7,0.8,"[1921749260.2487974, 3.2821102142333984]"
F72013,50,7,0.9,"[1916420514.2051687, 3.708148241043091]"
F72013,50,7,1.0,"[1914614404.132636, 4.109948635101318]"
F72013,50,8,0.01,"[531239614765.63855, 0.04293036460876465]"
F72013,50,8,0.1,"[531239614765.63855, 0.06412863731384277]"
F72013,50,8,0.2,"[531239614765.63855, 0.0641322135925293]"
F72013,50,8,0.3,"[531239614765.63855, 0.06413435935974121]"
F72013,50,8,0.4,"[531239614765.63855, 0.06413626670837402]"
F72013,50,8,0.5,"[531239614765.63855, 0.06413865089416504]"
F72013,50,8,0.6,"[531239614765.63855, 0.06414055824279785]"
F72013,50,8,0.7,"[531239614765.63855, 0.06414246559143066]"
F72013,50,8,0.8,"[531239614765.63855, 0.06414437294006348]"
F72013,50,8,0.9,"[531239614765.63855, 0.06414675712585449]"
F72013,50,8,1.0,"[531239614765.63855, 0.0641486644744873]"
F72013,50,9,0.01,"[29447934262486.598, 0.04341840744018555]"
F72013,50,9,0.1,"[27491881086616.145, 0.4264085292816162]"
F72013,50,9,0.2,"[25533172467992.54, 0.8309526443481445]"
F72013,50,9,0.3,"[25396538442209.52, 1.1093299388885498]"
F72013,50,9,0.4,"[25396538442209.52, 1.1093418598175049]"
F72013,50,9,0.5,"[25396538442209.52, 1.109344720840454]"
F72013,50,9,0.6,"[25396538442209.52, 1.1093463897705078]"
F72013,50,9,0.7,"[25396538442209.52, 1.1093480587005615]"
F72013,50,9,0.8,"[25396538442209.52, 1.1093497276306152]"
F72013,50,9,0.9,"[25396538442209.52, 1.109351634979248]"
F72013,50,9,1.0,"[25396538442209.52, 1.1093535423278809]"
F72013,50,10,0.01,"[12094312139169.232, 0.0775899887084961]"
F72013,50,10,0.1,"[10564231813068.725, 0.4668266773223877]"
F72013,50,10,0.2,"[10504172407040.795, 0.6171591281890869]"
F72013,50,10,0.3,"[10504172407040.795, 0.6171622276306152]"
F72013,50,10,0.4,"[10504172407040.795, 0.617164134979248]"
F72013,50,10,0.5,"[10504172407040.795, 0.6171667575836182]"
F72013,50,10,0.6,"[10504172407040.795, 0.6171684265136719]"
F72013,50,10,0.7,"[10504172407040.795, 0.6171700954437256]"
F72013,50,10,0.8,"[10504172407040.795, 0.6171715259552002]"
F72013,50,10,0.9,"[10504172407040.795, 0.6171739101409912]"
F72013,50,10,1.0,"[10504172407040.795, 0.617175817489624]"
F72013,50,11,0.01,"[4.225941091292152e+16, 0.04342055320739746]"
F72013,50,11,0.1,"[4.225941091292152e+16, 0.064697265625]"
F72013,50,11,0.2,"[4.225941091292152e+16, 0.06470084190368652]"
F72013,50,11,0.3,"[4.225941091292152e+16, 0.06470322608947754]"
F72013,50,11,0.4,"[4.225941091292152e+16, 0.06470489501953125]"
F72013,50,11,0.5,"[4.225941091292152e+16, 0.06470704078674316]"
F72013,50,11,0.6,"[4.225941091292152e+16, 0.06470847129821777]"
F72013,50,11,0.7,"[4.225941091292152e+16, 0.06471014022827148]"
F72013,50,11,0.8,"[4.225941091292152e+16, 0.0647120475769043]"
F72013,50,11,0.9,"[4.225941091292152e+16, 0.06471395492553711]"
F72013,50,11,1.0,"[4.225941091292152e+16, 0.06471586227416992]"
F72013,50,12,0.01,"[248571708248.19696, 0.04308152198791504]"
F72013,50,12,0.1,"[237659155960.76617, 0.4254601001739502]"
F72013,50,12,0.2,"[235443657069.08493, 0.8295638561248779]"
F72013,50,12,0.3,"[235357745250.81796, 1.2326786518096924]"
F72013,50,12,0.4,"[234900988070.72687, 1.634838342666626]"
F72013,50,12,0.5,"[234892884440.49622, 2.0579328536987305]"
F72013,50,12,0.6,"[171158704895.24557, 2.459186315536499]"
F72013,50,12,0.7,"[169609308247.8618, 2.8599510192871094]"
F72013,50,12,0.8,"[166430987702.46426, 3.2624659538269043]"
F72013,50,12,0.9,"[165648926961.028, 3.6883790493011475]"
F72013,50,12,1.0,"[165039390666.18738, 4.091672897338867]"
F72013,50,13,0.01,"[2673131164852.9653, 0.043294668197631836]"
F72013,50,13,0.1,"[2645922715075.513, 0.42798781394958496]"
F72013,50,13,0.2,"[2517660252621.0537, 0.8367784023284912]"
F72013,50,13,0.3,"[2514860764185.6807, 1.24342679977417]"
F72013,50,13,0.4,"[2416845698537.598, 1.648590087890625]"
F72013,50,13,0.5,"[2398852763548.556, 2.075643301010132]"
F72013,50,13,0.6,"[2397228633115.08, 2.483447313308716]"
F72013,50,13,0.7,"[2379594421955.67, 2.893828868865967]"
F72013,50,13,0.8,"[2378526026824.2017, 3.30379056930542]"
F72013,50,13,0.9,"[2267587339717.479, 3.7300708293914795]"
F72013,50,13,1.0,"[2260694397285.1533, 4.133420944213867]"
F72013,50,14,0.01,"[12235886183460.268, 0.04267549514770508]"
F72013,50,14,0.1,"[10704712488265.627, 0.4238736629486084]"
F72013,50,14,0.2,"[9261470781264.676, 0.8266048431396484]"
F72013,50,14,0.3,"[9238297856964.084, 1.2310750484466553]"
F72013,50,14,0.4,"[8918519812119.537, 1.6328415870666504]"
F72013,50,14,0.5,"[8718800331984.393, 2.055002450942993]"
F72013,50,14,0.6,"[8718793519520.755, 2.4554178714752197]"
F72013,50,14,0.7,"[8707629767769.474, 2.855229616165161]"
F72013,50,14,0.8,"[8676211000364.255, 3.259120225906372]"
F72013,50,14,0.9,"[19680189793.26937, 3.6837525367736816]"
F72013,50,14,1.0,"[18326148081.64329, 4.085796356201172]"
F72013,50,15,0.01,"[1.9397958866470986e+18, 0.04333233833312988]"
F72013,50,15,0.1,"[1.9397958866470986e+18, 0.06464195251464844]"
F72013,50,15,0.2,"[1.9397958866470986e+18, 0.06464552879333496]"
F72013,50,15,0.3,"[1.9397958866470986e+18, 0.06464767456054688]"
F72013,50,15,0.4,"[1.9397958866470986e+18, 0.06464982032775879]"
F72013,50,15,0.5,"[1.9397958866470986e+18, 0.0646519660949707]"
F72013,50,15,0.6,"[1.9397958866470986e+18, 0.06465387344360352]"
F72013,50,15,0.7,"[1.9397958866470986e+18, 0.06465554237365723]"
F72013,50,15,0.8,"[1.9397958866470986e+18, 0.06465768814086914]"
F72013,50,15,0.9,"[1.9397958866470986e+18, 0.06465983390808105]"
F72013,50,15,1.0,"[1.9397958866470986e+18, 0.06466150283813477]"
F72013,50,16,0.01,"[217123439867.21198, 0.08629560470581055]"
F72013,50,16,0.1,"[196436587817.48343, 0.46933507919311523]"
F72013,50,16,0.2,"[195377944088.1137, 0.8763055801391602]"
F72013,50,16,0.3,"[192928384261.23053, 1.2813847064971924]"
F72013,50,16,0.4,"[192520163356.80447, 1.6862807273864746]"
F72013,50,16,0.5,"[187812961413.79144, 2.1086740493774414]"
F72013,50,16,0.6,"[187812198893.09796, 2.471261739730835]"
F72013,50,16,0.7,"[187812198893.09796, 2.4712653160095215]"
F72013,50,16,0.8,"[187812198893.09796, 2.4712674617767334]"
F72013,50,16,0.9,"[187812198893.09796, 2.471269130706787]"
F72013,50,16,1.0,"[187812198893.09796, 2.47127103805542]"
F72013,50,17,0.01,"[2673131164852.9653, 0.042909860610961914]"
F72013,50,17,0.1,"[2529277787382.8867, 0.4246556758880615]"
F72013,50,17,0.2,"[2517606106050.3374, 0.831024169921875]"
F72013,50,17,0.3,"[2517341412144.9136, 1.236520767211914]"
F72013,50,17,0.4,"[2512357801007.8516, 1.6379997730255127]"
F72013,50,17,0.5,"[2512165440047.9624, 2.0628855228424072]"
F72013,50,17,0.6,"[2425438869330.97, 2.49894642829895]"
F72013,50,17,0.7,"[2395836173025.021, 2.931959867477417]"
F72013,50,17,0.8,"[2395818718623.5474, 3.3367340564727783]"
F72013,50,17,0.9,"[2234452827017.4517, 3.8065195083618164]"
F72013,50,17,1.0,"[2231881781267.5684, 4.253473520278931]"
F72013,50,18,0.01,"[5802371095521.502, 0.04289078712463379]"
F72013,50,18,0.1,"[4754310835622.75, 0.4217538833618164]"
F72013,50,18,0.2,"[4614037905399.92, 0.8241515159606934]"
F72013,50,18,0.3,"[4613555516183.394, 1.225428581237793]"
F72013,50,18,0.4,"[4585426135168.377, 1.6231656074523926]"
F72013,50,18,0.5,"[4550150375755.739, 2.0417141914367676]"
F72013,50,18,0.6,"[4549148356371.89, 2.4391660690307617]"
F72013,50,18,0.7,"[4544742262020.624, 2.8406150341033936]"
F72013,50,18,0.8,"[4544652941570.505, 3.2415413856506348]"
F72013,50,18,0.9,"[4544634417264.481, 3.4106016159057617]"
F72013,50,18,1.0,"[4544634417264.481, 3.4106054306030273]"
F72013,50,19,0.01,"[118745269746841.33, 0.07637619972229004]"
F72013,50,19,0.1,"[118745269746841.33, 0.09769010543823242]"
F72013,50,19,0.2,"[118745269746841.33, 0.09769344329833984]"
F72013,50,19,0.3,"[118745269746841.33, 0.09769582748413086]"
F72013,50,19,0.4,"[118745269746841.33, 0.09769749641418457]"
F72013,50,19,0.5,"[118745269746841.33, 0.09769988059997559]"
F72013,50,19,0.6,"[118745269746841.33, 0.0977015495300293]"
F72013,50,19,0.7,"[118745269746841.33, 0.09770321846008301]"
F72013,50,19,0.8,"[118745269746841.33, 0.09770488739013672]"
F72013,50,19,0.9,"[118745269746841.33, 0.09770727157592773]"
F72013,50,19,1.0,"[118745269746841.33, 0.09770894050598145]"
F72013,50,20,0.01,"[892239047933.9622, 0.043288469314575195]"
F72013,50,20,0.1,"[3139030987.87463, 0.42836713790893555]"
F72013,50,20,0.2,"[3017252922.470846, 0.8383874893188477]"
F72013,50,20,0.3,"[3008911231.114746, 1.2511968612670898]"
F72013,50,20,0.4,"[2953793696.794075, 1.6607367992401123]"
F72013,50,20,0.5,"[2804659850.0156074, 2.0918502807617188]"
F72013,50,20,0.6,"[2597375959.152356, 2.497035503387451]"
F72013,50,20,0.7,"[2591772418.9866004, 2.908747673034668]"
F72013,50,20,0.8,"[2584635034.943064, 3.3209328651428223]"
F72013,50,20,0.9,"[2583654814.160097, 3.751762866973877]"
F72013,50,20,1.0,"[2583639064.696828, 4.162320375442505]"
F72013,50,21,0.01,"[182139871931.638, 0.042615652084350586]"
F72013,50,21,0.1,"[181840189275.5868, 0.42266416549682617]"
F72013,50,21,0.2,"[149064732161.77814, 0.8256299495697021]"
F72013,50,21,0.3,"[147717639196.0783, 1.2330505847930908]"
F72013,50,21,0.4,"[146575411918.2779, 1.634610652923584]"
F72013,50,21,0.5,"[146436364448.15735, 2.054736375808716]"
F72013,50,21,0.6,"[144456438041.44305, 2.392500162124634]"
F72013,50,21,0.7,"[144456438041.44305, 2.392503499984741]"
F72013,50,21,0.8,"[144456438041.44305, 2.392505645751953]"
F72013,50,21,0.9,"[144456438041.44305, 2.392507553100586]"
F72013,50,21,1.0,"[144456438041.44305, 2.3925092220306396]"
F72013,50,22,0.01,"[32368509837487.723, 0.07111334800720215]"
F72013,50,22,0.1,"[32368509837487.723, 0.09256196022033691]"
F72013,50,22,0.2,"[32368509837487.723, 0.09256625175476074]"
F72013,50,22,0.3,"[32368509837487.723, 0.09256863594055176]"
F72013,50,22,0.4,"[32368509837487.723, 0.09257078170776367]"
F72013,50,22,0.5,"[32368509837487.723, 0.09257340431213379]"
F72013,50,22,0.6,"[32368509837487.723, 0.0925753116607666]"
F72013,50,22,0.7,"[32368509837487.723, 0.09257745742797852]"
F72013,50,22,0.8,"[32368509837487.723, 0.09257912635803223]"
F72013,50,22,0.9,"[32368509837487.723, 0.09258151054382324]"
F72013,50,22,1.0,"[32368509837487.723, 0.09258389472961426]"
F72013,50,23,0.01,"[4549301093895.449, 0.043355464935302734]"
F72013,50,23,0.1,"[4549301093895.449, 0.06481528282165527]"
F72013,50,23,0.2,"[4549301093895.449, 0.0648186206817627]"
F72013,50,23,0.3,"[4549301093895.449, 0.06482052803039551]"
F72013,50,23,0.4,"[4549301093895.449, 0.06482315063476562]"
F72013,50,23,0.5,"[4549301093895.449, 0.06482553482055664]"
F72013,50,23,0.6,"[4549301093895.449, 0.06482720375061035]"
F72013,50,23,0.7,"[4549301093895.449, 0.06482863426208496]"
F72013,50,23,0.8,"[4549301093895.449, 0.06483054161071777]"
F72013,50,23,0.9,"[4549301093895.449, 0.06483244895935059]"
F72013,50,23,1.0,"[4549301093895.449, 0.0648341178894043]"
F72013,50,24,0.01,"[6374392571106.935, 0.04344534873962402]"
F72013,50,24,0.1,"[4325027255525.6714, 0.43366527557373047]"
F72013,50,24,0.2,"[4159734742151.9927, 0.8814024925231934]"
F72013,50,24,0.3,"[4109413518355.681, 1.3210492134094238]"
F72013,50,24,0.4,"[4076680304506.538, 1.722174882888794]"
F72013,50,24,0.5,"[4055593405856.3057, 2.144376516342163]"
F72013,50,24,0.6,"[4043540772684.154, 2.5488622188568115]"
F72013,50,24,0.7,"[4041494968291.939, 2.95487904548645]"
F72013,50,24,0.8,"[4011903048769.2246, 3.3612656593322754]"
F72013,50,24,0.9,"[4003624164352.111, 3.785003900527954]"
F72013,50,24,1.0,"[3927012863290.777, 4.189644813537598]"
F72013,50,25,0.01,"[50427603684.38034, 0.07088136672973633]"
F72013,50,25,0.1,"[50427603684.38034, 0.09216165542602539]"
F72013,50,25,0.2,"[50427603684.38034, 0.09216523170471191]"
F72013,50,25,0.3,"[50427603684.38034, 0.09216737747192383]"
F72013,50,25,0.4,"[50427603684.38034, 0.09216904640197754]"
F72013,50,25,0.5,"[50427603684.38034, 0.09217143058776855]"
F72013,50,25,0.6,"[50427603684.38034, 0.09217333793640137]"
F72013,50,25,0.7,"[50427603684.38034, 0.09217476844787598]"
F72013,50,25,0.8,"[50427603684.38034, 0.09217691421508789]"
F72013,50,25,0.9,"[50427603684.38034, 0.0921788215637207]"
F72013,50,25,1.0,"[50427603684.38034, 0.09218096733093262]"
F72013,50,26,0.01,"[2673131164852.9653, 0.04296445846557617]"
F72013,50,26,0.1,"[537740267809.8278, 0.42441368103027344]"
F72013,50,26,0.2,"[529545762172.8065, 0.8282487392425537]"
F72013,50,26,0.3,"[524946358253.79016, 1.2343597412109375]"
F72013,50,26,0.4,"[521508128811.55304, 1.6349387168884277]"
F72013,50,26,0.5,"[521488724873.5464, 2.057068109512329]"
F72013,50,26,0.6,"[520997168046.7597, 2.4577314853668213]"
F72013,50,26,0.7,"[520890780313.48364, 2.8616080284118652]"
F72013,50,26,0.8,"[520837316896.6712, 3.26461124420166]"
F72013,50,26,0.9,"[520743715445.2536, 3.6869235038757324]"
F72013,50,26,1.0,"[520717044999.3581, 4.086761474609375]"
F72013,50,27,0.01,"[2259377543390.0464, 0.04331707954406738]"
F72013,50,27,0.1,"[2259377543390.0464, 0.06470561027526855]"
F72013,50,27,0.2,"[2259377543390.0464, 0.06470942497253418]"
F72013,50,27,0.3,"[2259377543390.0464, 0.06471133232116699]"
F72013,50,27,0.4,"[2259377543390.0464, 0.0647134780883789]"
F72013,50,27,0.5,"[2259377543390.0464, 0.06471610069274902]"
F72013,50,27,0.6,"[2259377543390.0464, 0.06471824645996094]"
F72013,50,27,0.7,"[2259377543390.0464, 0.06472015380859375]"
F72013,50,27,0.8,"[2259377543390.0464, 0.06472206115722656]"
F72013,50,27,0.9,"[2259377543390.0464, 0.06472444534301758]"
F72013,50,27,1.0,"[2259377543390.0464, 0.06472635269165039]"
F72013,50,28,0.01,"[3892105859615.807, 0.06473135948181152]"
F72013,50,28,0.1,"[3883717142859.4697, 0.4485898017883301]"
F72013,50,28,0.2,"[3136099123688.5176, 0.8547017574310303]"
F72013,50,28,0.3,"[3108269201348.956, 1.2631187438964844]"
F72013,50,28,0.4,"[3012324922818.445, 1.6677360534667969]"
F72013,50,28,0.5,"[3009033638404.158, 2.0945091247558594]"
F72013,50,28,0.6,"[3007208389157.2363, 2.5026419162750244]"
F72013,50,28,0.7,"[3005636592837.4463, 2.9106175899505615]"
F72013,50,28,0.8,"[3005627326256.5527, 3.1044769287109375]"
F72013,50,28,0.9,"[3005627326256.5527, 3.1044795513153076]"
F72013,50,28,1.0,"[3005627326256.5527, 3.1044812202453613]"
F72013,50,29,0.01,"[4855534054090.174, 0.04307389259338379]"
F72013,50,29,0.1,"[4855534054090.174, 0.06440877914428711]"
F72013,50,29,0.2,"[4855534054090.174, 0.06441211700439453]"
F72013,50,29,0.3,"[4855534054090.174, 0.06441450119018555]"
F72013,50,29,0.4,"[4855534054090.174, 0.06441617012023926]"
F72013,50,29,0.5,"[4855534054090.174, 0.06441855430603027]"
F72013,50,29,0.6,"[4855534054090.174, 0.06442022323608398]"
F72013,50,29,0.7,"[4855534054090.174, 0.0644218921661377]"
F72013,50,29,0.8,"[4855534054090.174, 0.06442379951477051]"
F72013,50,29,0.9,"[4855534054090.174, 0.06442570686340332]"
F72013,50,29,1.0,"[4855534054090.174, 0.06442737579345703]"
F72013,50,30,0.01,"[19871879616448.68, 0.0637826919555664]"
F72013,50,30,0.1,"[384109750972.7121, 0.4443361759185791]"
F72013,50,30,0.2,"[376041613997.27716, 0.8512213230133057]"
F72013,50,30,0.3,"[357974418877.2171, 1.2573332786560059]"
F72013,50,30,0.4,"[352407772720.2279, 1.6592416763305664]"
F72013,50,30,0.5,"[349788847269.0824, 2.084759473800659]"
F72013,50,30,0.6,"[349788722524.07434, 2.4898462295532227]"
F72013,50,30,0.7,"[348745862456.0102, 2.896329879760742]"
F72013,50,30,0.8,"[348745335831.3864, 3.300067901611328]"
F72013,50,30,0.9,"[348745335831.3864, 3.3215837478637695]"
F72013,50,30,1.0,"[348745335831.3864, 3.321586847305298]"
F72013,50,31,0.01,"[89175222692.2112, 0.06904721260070801]"
F72013,50,31,0.1,"[875225744.0876827, 0.45099949836730957]"
F72013,50,31,0.2,"[840049218.1982493, 0.8575124740600586]"
F72013,50,31,0.3,"[796252471.9558069, 1.2663333415985107]"
F72013,50,31,0.4,"[789013043.5870119, 1.6677882671356201]"
F72013,50,31,0.5,"[789012520.444367, 1.9429495334625244]"
F72013,50,31,0.6,"[789012520.444367, 1.9429521560668945]"
F72013,50,31,0.7,"[789012520.444367, 1.9429571628570557]"
F72013,50,31,0.8,"[789012520.444367, 1.9429583549499512]"
F72013,50,31,0.9,"[789012520.444367, 1.9429597854614258]"
F72013,50,31,1.0,"[789012520.444367, 1.9429609775543213]"
F72013,50,32,0.01,"[563084634080571.2, 0.0696260929107666]"
F72013,50,32,0.1,"[563084634080571.2, 0.09097504615783691]"
F72013,50,32,0.2,"[563084634080571.2, 0.09097886085510254]"
F72013,50,32,0.3,"[563084634080571.2, 0.09098124504089355]"
F72013,50,32,0.4,"[563084634080571.2, 0.09098291397094727]"
F72013,50,32,0.5,"[563084634080571.2, 0.09098529815673828]"
F72013,50,32,0.6,"[563084634080571.2, 0.09098696708679199]"
F72013,50,32,0.7,"[563084634080571.2, 0.0909888744354248]"
F72013,50,32,0.8,"[563084634080571.2, 0.09099078178405762]"
F72013,50,32,0.9,"[563084634080571.2, 0.09099268913269043]"
F72013,50,32,1.0,"[563084634080571.2, 0.09099411964416504]"
F72013,50,33,0.01,"[331242849151595.1, 0.07022690773010254]"
F72013,50,33,0.1,"[331242849151595.1, 0.09146833419799805]"
F72013,50,33,0.2,"[331242849151595.1, 0.09147191047668457]"
F72013,50,33,0.3,"[331242849151595.1, 0.09147429466247559]"
F72013,50,33,0.4,"[331242849151595.1, 0.0914757251739502]"
F72013,50,33,0.5,"[331242849151595.1, 0.09147810935974121]"
F72013,50,33,0.6,"[331242849151595.1, 0.09147977828979492]"
F72013,50,33,0.7,"[331242849151595.1, 0.09148144721984863]"
F72013,50,33,0.8,"[331242849151595.1, 0.09148359298706055]"
F72013,50,33,0.9,"[331242849151595.1, 0.09148526191711426]"
F72013,50,33,1.0,"[331242849151595.1, 0.09148693084716797]"
F72013,50,34,0.01,"[2.3099052107233766e+17, 0.04349040985107422]"
F72013,50,34,0.1,"[2.3099052107233766e+17, 0.06477928161621094]"
F72013,50,34,0.2,"[2.3099052107233766e+17, 0.06478285789489746]"
F72013,50,34,0.3,"[2.3099052107233766e+17, 0.06478524208068848]"
F72013,50,34,0.4,"[2.3099052107233766e+17, 0.06478691101074219]"
F72013,50,34,0.5,"[2.3099052107233766e+17, 0.0647890567779541]"
F72013,50,34,0.6,"[2.3099052107233766e+17, 0.06479072570800781]"
F72013,50,34,0.7,"[2.3099052107233766e+17, 0.06479239463806152]"
F72013,50,34,0.8,"[2.3099052107233766e+17, 0.06479454040527344]"
F72013,50,34,0.9,"[2.3099052107233766e+17, 0.06479644775390625]"
F72013,50,34,1.0,"[2.3099052107233766e+17, 0.06479859352111816]"
F72013,50,35,0.01,"[613317449686.5986, 0.07741355895996094]"
F72013,50,35,0.1,"[176321314714.4408, 0.46211719512939453]"
F72013,50,35,0.2,"[164149512605.80356, 0.8674154281616211]"
F72013,50,35,0.3,"[157218747431.19077, 1.2779662609100342]"
F72013,50,35,0.4,"[149745191263.93347, 1.6825096607208252]"
F72013,50,35,0.5,"[149654541010.9289, 2.1112377643585205]"
F72013,50,35,0.6,"[149305873970.53107, 2.5191774368286133]"
F72013,50,35,0.7,"[149157962434.90228, 2.927550792694092]"
F72013,50,35,0.8,"[149157235482.1773, 3.3336181640625]"
F72013,50,35,0.9,"[149156457797.97202, 3.759769916534424]"
F72013,50,35,1.0,"[149153684625.69693, 4.165935277938843]"
F72013,50,36,0.01,"[210036360982.2515, 0.04326677322387695]"
F72013,50,36,0.1,"[202008733994.075, 0.4268758296966553]"
F72013,50,36,0.2,"[196895266016.6596, 0.8352274894714355]"
F72013,50,36,0.3,"[194674379802.00693, 1.2497220039367676]"
F72013,50,36,0.4,"[190915849005.00418, 1.6560518741607666]"
F72013,50,36,0.5,"[186962176455.0086, 2.083524465560913]"
F72013,50,36,0.6,"[186960796397.7724, 2.4909369945526123]"
F72013,50,36,0.7,"[186947718138.8684, 2.900360584259033]"
F72013,50,36,0.8,"[186924048860.28333, 3.3059022426605225]"
F72013,50,36,0.9,"[186924048511.53638, 3.731553077697754]"
F72013,50,36,1.0,"[186924041142.06842, 4.134454250335693]"
F72013,50,37,0.01,"[3528663042220.1943, 0.06026458740234375]"
F72013,50,37,0.1,"[3328472362416.2256, 0.44393277168273926]"
F72013,50,37,0.2,"[3324424509941.814, 0.5725307464599609]"
F72013,50,37,0.3,"[3324424509941.814, 0.5725338459014893]"
F72013,50,37,0.4,"[3324424509941.814, 0.5725359916687012]"
F72013,50,37,0.5,"[3324424509941.814, 0.5725381374359131]"
F72013,50,37,0.6,"[3324424509941.814, 0.5725400447845459]"
F72013,50,37,0.7,"[3324424509941.814, 0.5725414752960205]"
F72013,50,37,0.8,"[3324424509941.814, 0.5725431442260742]"
F72013,50,37,0.9,"[3324424509941.814, 0.572545051574707]"
F72013,50,37,1.0,"[3324424509941.814, 0.5725469589233398]"
F72013,50,38,0.01,"[1610066019.5935073, 0.04816842079162598]"
F72013,50,38,0.1,"[1379290397.5903425, 0.4489715099334717]"
F72013,50,38,0.2,"[1342070586.3169742, 0.8558344841003418]"
F72013,50,38,0.3,"[1338991065.4612818, 1.2671515941619873]"
F72013,50,38,0.4,"[1338098650.8258522, 1.673854112625122]"
F72013,50,38,0.5,"[1336994014.864829, 2.0999252796173096]"
F72013,50,38,0.6,"[1333396986.1130292, 2.507965326309204]"
F72013,50,38,0.7,"[1331276367.5757139, 2.916814088821411]"
F72013,50,38,0.8,"[1330008612.104584, 3.3228232860565186]"
F72013,50,38,0.9,"[1329574732.0026069, 3.751190423965454]"
F72013,50,38,1.0,"[1322751869.5960312, 4.155835866928101]"
F72013,50,39,0.01,"[2673131164852.9653, 0.0691537857055664]"
F72013,50,39,0.1,"[1861286026325.0588, 0.4488034248352051]"
F72013,50,39,0.2,"[1811207714133.0442, 0.8520698547363281]"
F72013,50,39,0.3,"[1806992516212.0527, 1.257181167602539]"
F72013,50,39,0.4,"[1802686354871.537, 1.6606578826904297]"
F72013,50,39,0.5,"[318946863249.2656, 2.083099365234375]"
F72013,50,39,0.6,"[295376853950.75793, 2.488792896270752]"
F72013,50,39,0.7,"[280881872722.2684, 2.8961617946624756]"
F72013,50,39,0.8,"[280534712091.07324, 3.19569730758667]"
F72013,50,39,0.9,"[280534712091.07324, 3.1957006454467773]"
F72013,50,39,1.0,"[280534712091.07324, 3.1957030296325684]"
F72013,50,40,0.01,"[93105582737.87169, 0.06904768943786621]"
F72013,50,40,0.1,"[5170060389.464928, 0.4467911720275879]"
F72013,50,40,0.2,"[5106197247.062643, 0.8443307876586914]"
F72013,50,40,0.3,"[5016082606.417764, 1.245103120803833]"
F72013,50,40,0.4,"[4819672022.473687, 1.644282341003418]"
F72013,50,40,0.5,"[4817919936.520212, 2.0619544982910156]"
F72013,50,40,0.6,"[4812765915.596062, 2.466841459274292]"
F72013,50,40,0.7,"[4812754483.6230135, 2.871563196182251]"
F72013,50,40,0.8,"[4804063772.112279, 3.275390863418579]"
F72013,50,40,0.9,"[4753708954.373143, 3.700721502304077]"
F72013,50,40,1.0,"[4640584858.474408, 4.101224184036255]"
F72013,50,41,0.01,"[1.982245986765802e+19, 0.04292774200439453]"
F72013,50,41,0.1,"[1.982245986765802e+19, 0.0642085075378418]"
F72013,50,41,0.2,"[1.982245986765802e+19, 0.06421232223510742]"
F72013,50,41,0.3,"[1.982245986765802e+19, 0.06421422958374023]"
F72013,50,41,0.4,"[1.982245986765802e+19, 0.06421613693237305]"
F72013,50,41,0.5,"[1.982245986765802e+19, 0.06421804428100586]"
F72013,50,41,0.6,"[1.982245986765802e+19, 0.06421995162963867]"
F72013,50,41,0.7,"[1.982245986765802e+19, 0.06422138214111328]"
F72013,50,41,0.8,"[1.982245986765802e+19, 0.0642235279083252]"
F72013,50,41,0.9,"[1.982245986765802e+19, 0.0642251968383789]"
F72013,50,41,1.0,"[1.982245986765802e+19, 0.06422734260559082]"
F72013,50,42,0.01,"[5749872867716.735, 0.058985233306884766]"
F72013,50,42,0.1,"[5702547093476.166, 0.43413591384887695]"
F72013,50,42,0.2,"[5411421198028.192, 0.8309140205383301]"
F72013,50,42,0.3,"[5369719537880.194, 1.236462116241455]"
F72013,50,42,0.4,"[5351279013515.047, 1.6363308429718018]"
F72013,50,42,0.5,"[5231932239036.49, 2.055767297744751]"
F72013,50,42,0.6,"[5231336569297.133, 2.4589626789093018]"
F72013,50,42,0.7,"[4950891136266.573, 2.8627238273620605]"
F72013,50,42,0.8,"[4850369209671.155, 3.2646188735961914]"
F72013,50,42,0.9,"[4839994120855.56, 3.6888647079467773]"
F72013,50,42,1.0,"[4828110434485.904, 4.0882956981658936]"
F72013,50,43,0.01,"[30093335398871.62, 0.07077741622924805]"
F72013,50,43,0.1,"[29886451037763.207, 0.45117855072021484]"
F72013,50,43,0.2,"[29235829180458.348, 0.8534336090087891]"
F72013,50,43,0.3,"[27052838204327.375, 1.2609965801239014]"
F72013,50,43,0.4,"[26563477799863.84, 1.6642274856567383]"
F72013,50,43,0.5,"[25253473647844.844, 2.0882692337036133]"
F72013,50,43,0.6,"[24996290718080.42, 2.4952826499938965]"
F72013,50,43,0.7,"[24996290718080.42, 2.6887285709381104]"
F72013,50,43,0.8,"[24996290718080.42, 2.6887319087982178]"
F72013,50,43,0.9,"[24996290718080.42, 2.6887340545654297]"
F72013,50,43,1.0,"[24996290718080.42, 2.6887357234954834]"
F72013,50,44,0.01,"[316945160720484.44, 0.053095340728759766]"
F72013,50,44,0.1,"[311802859457930.44, 0.43125247955322266]"
F72013,50,44,0.2,"[309860124453000.4, 0.8311676979064941]"
F72013,50,44,0.3,"[309822164832907.56, 1.0677990913391113]"
F72013,50,44,0.4,"[309822164832907.56, 1.067821741104126]"
F72013,50,44,0.5,"[309822164832907.56, 1.067823886871338]"
F72013,50,44,0.6,"[309822164832907.56, 1.0678250789642334]"
F72013,50,44,0.7,"[309822164832907.56, 1.0678324699401855]"
F72013,50,44,0.8,"[309822164832907.56, 1.0678339004516602]"
F72013,50,44,0.9,"[309822164832907.56, 1.0678350925445557]"
F72013,50,44,1.0,"[309822164832907.56, 1.0678367614746094]"
F72013,50,45,0.01,"[2631635448479.097, 0.04301166534423828]"
F72013,50,45,0.1,"[2631635448479.097, 0.06429171562194824]"
F72013,50,45,0.2,"[2631635448479.097, 0.06429553031921387]"
F72013,50,45,0.3,"[2631635448479.097, 0.06429767608642578]"
F72013,50,45,0.4,"[2631635448479.097, 0.0642995834350586]"
F72013,50,45,0.5,"[2631635448479.097, 0.0643014907836914]"
F72013,50,45,0.6,"[2631635448479.097, 0.06430363655090332]"
F72013,50,45,0.7,"[2631635448479.097, 0.06430530548095703]"
F72013,50,45,0.8,"[2631635448479.097, 0.06430721282958984]"
F72013,50,45,0.9,"[2631635448479.097, 0.06430935859680176]"
F72013,50,45,1.0,"[2631635448479.097, 0.06431102752685547]"
F72013,50,46,0.01,"[2673131164852.9653, 0.05602669715881348]"
F72013,50,46,0.1,"[2323276352466.5083, 0.43433141708374023]"
F72013,50,46,0.2,"[2023120392724.7673, 0.8340723514556885]"
F72013,50,46,0.3,"[2021537274106.7434, 1.2424137592315674]"
F72013,50,46,0.4,"[2019268150289.6736, 1.6440048217773438]"
F72013,50,46,0.5,"[556557165607.3243, 2.063551187515259]"
F72013,50,46,0.6,"[23515585071.51949, 2.495929002761841]"
F72013,50,46,0.7,"[21760304177.948837, 2.8992602825164795]"
F72013,50,46,0.8,"[20827840187.19335, 3.3044817447662354]"
F72013,50,46,0.9,"[20826674512.251865, 3.731863021850586]"
F72013,50,46,1.0,"[20826673882.59976, 4.13517165184021]"
F72013,50,47,0.01,"[9.773366714130803e+16, 0.055443763732910156]"
F72013,50,47,0.1,"[9.773366714130803e+16, 0.07660794258117676]"
F72013,50,47,0.2,"[9.773366714130803e+16, 0.07661151885986328]"
F72013,50,47,0.3,"[9.773366714130803e+16, 0.0766136646270752]"
F72013,50,47,0.4,"[9.773366714130803e+16, 0.0766150951385498]"
F72013,50,47,0.5,"[9.773366714130803e+16, 0.07661747932434082]"
F72013,50,47,0.6,"[9.773366714130803e+16, 0.07661914825439453]"
F72013,50,47,0.7,"[9.773366714130803e+16, 0.07662081718444824]"
F72013,50,47,0.8,"[9.773366714130803e+16, 0.07662248611450195]"
F72013,50,47,0.9,"[9.773366714130803e+16, 0.07662463188171387]"
F72013,50,47,1.0,"[9.773366714130803e+16, 0.07662630081176758]"
F72013,50,48,0.01,"[35306981583638.0, 0.04307055473327637]"
F72013,50,48,0.1,"[35306981583638.0, 0.06446290016174316]"
F72013,50,48,0.2,"[35306981583638.0, 0.06446599960327148]"
F72013,50,48,0.3,"[35306981583638.0, 0.0644679069519043]"
F72013,50,48,0.4,"[35306981583638.0, 0.0644693374633789]"
F72013,50,48,0.5,"[35306981583638.0, 0.06447100639343262]"
F72013,50,48,0.6,"[35306981583638.0, 0.06447267532348633]"
F72013,50,48,0.7,"[35306981583638.0, 0.06447410583496094]"
F72013,50,48,0.8,"[35306981583638.0, 0.06447577476501465]"
F72013,50,48,0.9,"[35306981583638.0, 0.06447744369506836]"
F72013,50,48,1.0,"[35306981583638.0, 0.06447911262512207]"
F72013,50,49,0.01,"[765871027558.0756, 0.04305434226989746]"
F72013,50,49,0.1,"[712740186909.0077, 0.4271116256713867]"
F72013,50,49,0.2,"[696474213521.2977, 0.8320534229278564]"
F72013,50,49,0.3,"[692807884932.5552, 1.2370195388793945]"
F72013,50,49,0.4,"[691049199197.4501, 1.6418075561523438]"
F72013,50,49,0.5,"[677825891023.5728, 2.0680458545684814]"
F72013,50,49,0.6,"[636969681986.6495, 2.4707794189453125]"
F72013,50,49,0.7,"[621750021099.8127, 2.8734543323516846]"
F72013,50,49,0.8,"[606747323273.954, 3.274980068206787]"
F72013,50,49,0.9,"[606594210864.7346, 3.694831371307373]"
F72013,50,49,1.0,"[606591389499.5726, 3.8211448192596436]"
F72013,50,50,0.01,"[7291441039294.912, 0.042728424072265625]"
F72013,50,50,0.1,"[7291441039294.912, 0.06406641006469727]"
F72013,50,50,0.2,"[7291441039294.912, 0.06406950950622559]"
F72013,50,50,0.3,"[7291441039294.912, 0.0640716552734375]"
F72013,50,50,0.4,"[7291441039294.912, 0.06407308578491211]"
F72013,50,50,0.5,"[7291441039294.912, 0.06407499313354492]"
F72013,50,50,0.6,"[7291441039294.912, 0.06407666206359863]"
F72013,50,50,0.7,"[7291441039294.912, 0.06407833099365234]"
F72013,50,50,0.8,"[7291441039294.912, 0.06407976150512695]"
F72013,50,50,0.9,"[7291441039294.912, 0.06408119201660156]"
F72013,50,50,1.0,"[7291441039294.912, 0.06408309936523438]"
