function,dimension,run,checkpoint,error
F252013,10,0,0.01,"[312.2808354256274, 0.06357932090759277]"
F252013,10,0,0.1,"[284.26988969864897, 0.5835249423980713]"
F252013,10,0,0.2,"[254.34272572906457, 1.1612014770507812]"
F252013,10,0,0.3,"[253.57598786432095, 1.7348058223724365]"
F252013,10,0,0.4,"[253.52982101785346, 2.3157906532287598]"
F252013,10,0,0.5,"[253.5031108435785, 2.890231132507324]"
F252013,10,0,0.6,"[253.50275363087735, 3.4653632640838623]"
F252013,10,0,0.7,"[253.30445714073153, 4.0495829582214355]"
F252013,10,0,0.8,"[253.30445714073153, 4.627102375030518]"
F252013,10,0,0.9,"[253.23560883551067, 5.21932578086853]"
F252013,10,0,1.0,"[253.23292095197462, 5.817116975784302]"
F252013,10,1,0.01,"[284.68730647525103, 0.06361269950866699]"
F252013,10,1,0.1,"[279.02428905357556, 0.5833535194396973]"
F252013,10,1,0.2,"[250.80012032752143, 1.1596360206604004]"
F252013,10,1,0.3,"[250.736130241532, 1.734443187713623]"
F252013,10,1,0.4,"[250.39359530918114, 2.3170828819274902]"
F252013,10,1,0.5,"[250.3845372584292, 2.8904831409454346]"
F252013,10,1,0.6,"[250.3788908275792, 3.4648241996765137]"
F252013,10,1,0.7,"[250.3787553260247, 4.04752254486084]"
F252013,10,1,0.8,"[250.37867229510266, 4.622255086898804]"
F252013,10,1,0.9,"[250.315111287935, 5.1945977210998535]"
F252013,10,1,1.0,"[250.31316681485237, 5.77502703666687]"
F252013,10,2,0.01,"[311.38248299973225, 0.06344270706176758]"
F252013,10,2,0.1,"[304.89225041922873, 0.5814201831817627]"
F252013,10,2,0.2,"[296.8981541262169, 1.1553597450256348]"
F252013,10,2,0.3,"[273.573470609163, 1.7263879776000977]"
F252013,10,2,0.4,"[271.7999964945752, 2.3028852939605713]"
F252013,10,2,0.5,"[271.7999964945752, 2.875791311264038]"
F252013,10,2,0.6,"[271.7999964945752, 3.4532852172851562]"
F252013,10,2,0.7,"[271.7999964945752, 4.0349133014678955]"
F252013,10,2,0.8,"[271.7999964945752, 4.6129150390625]"
F252013,10,2,0.9,"[271.7999964945752, 5.184049606323242]"
F252013,10,2,1.0,"[271.7999964945752, 5.7633056640625]"
F252013,10,3,0.01,"[340.8361668004691, 0.06361269950866699]"
F252013,10,3,0.1,"[338.91335428033835, 0.5831921100616455]"
F252013,10,3,0.2,"[271.7660454280888, 1.159287691116333]"
F252013,10,3,0.3,"[253.2223142933201, 1.7344427108764648]"
F252013,10,3,0.4,"[253.22222803307477, 2.316648483276367]"
F252013,10,3,0.5,"[253.22222803307477, 2.891672372817993]"
F252013,10,3,0.6,"[253.22222803307477, 3.467960834503174]"
F252013,10,3,0.7,"[253.22222803307477, 4.04976749420166]"
F252013,10,3,0.8,"[253.22222803307477, 4.623949289321899]"
F252013,10,3,0.9,"[253.22222803307477, 5.1954405307769775]"
F252013,10,3,1.0,"[253.22222803307477, 5.7747275829315186]"
F252013,10,4,0.01,"[254.83784102185768, 0.06350994110107422]"
F252013,10,4,0.1,"[254.6582191209768, 0.584151029586792]"
F252013,10,4,0.2,"[252.715727814111, 1.1609301567077637]"
F252013,10,4,0.3,"[251.07755411998824, 1.7378454208374023]"
F252013,10,4,0.4,"[251.07755411998824, 2.3200840950012207]"
F252013,10,4,0.5,"[251.07755411998824, 2.894873857498169]"
F252013,10,4,0.6,"[251.07755411998824, 3.4731104373931885]"
F252013,10,4,0.7,"[251.07755411998824, 4.059725046157837]"
F252013,10,4,0.8,"[251.07755411998824, 4.636945009231567]"
F252013,10,4,0.9,"[251.07755411998824, 5.215195417404175]"
F252013,10,4,1.0,"[251.07755411998824, 5.79843544960022]"
F252013,10,5,0.01,"[267.86092122841774, 0.06276059150695801]"
F252013,10,5,0.1,"[267.3799565956108, 0.5765948295593262]"
F252013,10,5,0.2,"[266.68954110231425, 1.150280237197876]"
F252013,10,5,0.3,"[264.60986374972686, 1.721742868423462]"
F252013,10,5,0.4,"[264.52710175025345, 2.298945665359497]"
F252013,10,5,0.5,"[264.52675131869273, 2.871312379837036]"
F252013,10,5,0.6,"[264.52640575072337, 3.445415735244751]"
F252013,10,5,0.7,"[254.9779136714542, 4.0254411697387695]"
F252013,10,5,0.8,"[251.42925348823815, 4.599313735961914]"
F252013,10,5,0.9,"[251.42925348823815, 5.172104835510254]"
F252013,10,5,1.0,"[251.42925348823815, 5.7511491775512695]"
F252013,10,6,0.01,"[339.84762308052314, 0.06261801719665527]"
F252013,10,6,0.1,"[339.79515361364884, 0.5755455493927002]"
F252013,10,6,0.2,"[256.1954445614415, 1.1494672298431396]"
F252013,10,6,0.3,"[246.11236087650013, 1.7213828563690186]"
F252013,10,6,0.4,"[245.55754141978468, 2.29772686958313]"
F252013,10,6,0.5,"[238.39074921798465, 2.8699779510498047]"
F252013,10,6,0.6,"[238.2447900385405, 3.443486213684082]"
F252013,10,6,0.7,"[238.24381487801315, 4.02276611328125]"
F252013,10,6,0.8,"[238.24290580733646, 4.5936126708984375]"
F252013,10,6,0.9,"[238.22745489566705, 5.1628499031066895]"
F252013,10,6,1.0,"[238.15707490497925, 5.743235111236572]"
F252013,10,7,0.01,"[293.54970932809783, 0.06312704086303711]"
F252013,10,7,0.1,"[293.5306673560733, 0.57810378074646]"
F252013,10,7,0.2,"[293.50010560710075, 1.149324655532837]"
F252013,10,7,0.3,"[262.28363887431965, 1.7187168598175049]"
F252013,10,7,0.4,"[262.25803055082474, 2.295149087905884]"
F252013,10,7,0.5,"[262.2580293512408, 2.8662924766540527]"
F252013,10,7,0.6,"[262.2580293512408, 3.4379451274871826]"
F252013,10,7,0.7,"[262.2580293512408, 4.016154766082764]"
F252013,10,7,0.8,"[262.2580293512408, 4.587864398956299]"
F252013,10,7,0.9,"[262.2580293512408, 5.1596503257751465]"
F252013,10,7,1.0,"[262.2580293512408, 5.736558198928833]"
F252013,10,8,0.01,"[385.169165424913, 0.06365203857421875]"
F252013,10,8,0.1,"[255.4761685977926, 0.5827784538269043]"
F252013,10,8,0.2,"[246.71289079688904, 1.1600334644317627]"
F252013,10,8,0.3,"[246.71285268827455, 1.7361221313476562]"
F252013,10,8,0.4,"[246.71285268827455, 2.3185582160949707]"
F252013,10,8,0.5,"[246.71285268827455, 2.893170118331909]"
F252013,10,8,0.6,"[246.71285268827455, 3.4687888622283936]"
F252013,10,8,0.7,"[246.71285268827455, 4.050689697265625]"
F252013,10,8,0.8,"[246.71285268827455, 4.624338626861572]"
F252013,10,8,0.9,"[246.71285268827455, 5.196627378463745]"
F252013,10,8,1.0,"[246.71285268827455, 5.773705244064331]"
F252013,10,9,0.01,"[305.5111820536081, 0.06380367279052734]"
F252013,10,9,0.1,"[255.67676584428, 0.5844559669494629]"
F252013,10,9,0.2,"[255.60838786802287, 1.159162998199463]"
F252013,10,9,0.3,"[255.55342924274942, 1.730713129043579]"
F252013,10,9,0.4,"[255.41878772919813, 2.3114736080169678]"
F252013,10,9,0.5,"[255.41043038363455, 2.8885231018066406]"
F252013,10,9,0.6,"[255.4102950213769, 3.463010549545288]"
F252013,10,9,0.7,"[255.41029500835975, 4.04261326789856]"
F252013,10,9,0.8,"[255.41029500835975, 4.6189703941345215]"
F252013,10,9,0.9,"[255.41029500835975, 5.193008661270142]"
F252013,10,9,1.0,"[255.41029500835975, 5.7752110958099365]"
F252013,10,10,0.01,"[554.6534496111731, 0.0632779598236084]"
F252013,10,10,0.1,"[281.9045868097178, 0.578498125076294]"
F252013,10,10,0.2,"[281.83563430919617, 1.1500768661499023]"
F252013,10,10,0.3,"[281.8352313159071, 1.7199029922485352]"
F252013,10,10,0.4,"[248.28859157901115, 2.297384262084961]"
F252013,10,10,0.5,"[246.9432024057005, 2.8704850673675537]"
F252013,10,10,0.6,"[246.88906211432254, 3.4444632530212402]"
F252013,10,10,0.7,"[246.88906211432254, 4.023623704910278]"
F252013,10,10,0.8,"[246.88906211432254, 4.595937013626099]"
F252013,10,10,0.9,"[246.88906211432254, 5.167805433273315]"
F252013,10,10,1.0,"[246.88906211432254, 5.745847463607788]"
F252013,10,11,0.01,"[349.90197426851137, 0.06328272819519043]"
F252013,10,11,0.1,"[302.21950959720493, 0.5789477825164795]"
F252013,10,11,0.2,"[265.75059939862376, 1.1532132625579834]"
F252013,10,11,0.3,"[262.44999720653436, 1.7223069667816162]"
F252013,10,11,0.4,"[258.0248047802977, 2.3030264377593994]"
F252013,10,11,0.5,"[257.6330559768601, 2.8752095699310303]"
F252013,10,11,0.6,"[251.42613188124756, 3.4502835273742676]"
F252013,10,11,0.7,"[251.3217322012215, 4.0288920402526855]"
F252013,10,11,0.8,"[251.3217015516541, 4.602583169937134]"
F252013,10,11,0.9,"[251.32170150910406, 5.178594589233398]"
F252013,10,11,1.0,"[251.32170150910406, 5.759169578552246]"
F252013,10,12,0.01,"[282.3731525301773, 0.07193374633789062]"
F252013,10,12,0.1,"[280.7160468033785, 0.6622657775878906]"
F252013,10,12,0.2,"[267.68813276012975, 1.318310260772705]"
F252013,10,12,0.3,"[259.7726216626702, 1.9700770378112793]"
F252013,10,12,0.4,"[257.78534527034935, 2.6310300827026367]"
F252013,10,12,0.5,"[257.7737923164225, 3.286320447921753]"
F252013,10,12,0.6,"[250.4432033944031, 3.944303274154663]"
F252013,10,12,0.7,"[250.38183746345157, 4.607161283493042]"
F252013,10,12,0.8,"[250.37752294464872, 5.261533498764038]"
F252013,10,12,0.9,"[250.37752294464872, 5.917930364608765]"
F252013,10,12,1.0,"[250.37752294464872, 6.578697204589844]"
F252013,10,13,0.01,"[270.2033543556788, 0.06344938278198242]"
F252013,10,13,0.1,"[259.0923095022499, 0.5832526683807373]"
F252013,10,13,0.2,"[253.8382808016313, 1.1624488830566406]"
F252013,10,13,0.3,"[253.401354894409, 1.7396397590637207]"
F252013,10,13,0.4,"[253.37493500996356, 2.3247244358062744]"
F252013,10,13,0.5,"[253.17455125303218, 2.897704839706421]"
F252013,10,13,0.6,"[253.068486096166, 3.4710922241210938]"
F252013,10,13,0.7,"[253.06819587476957, 4.052511930465698]"
F252013,10,13,0.8,"[253.06784081314595, 4.62924861907959]"
F252013,10,13,0.9,"[253.0391147980606, 5.2066545486450195]"
F252013,10,13,1.0,"[253.03694321062335, 5.789736986160278]"
F252013,10,14,0.01,"[284.3073652427006, 0.06327509880065918]"
F252013,10,14,0.1,"[277.17402014817344, 0.5807838439941406]"
F252013,10,14,0.2,"[277.06419026504136, 1.154630422592163]"
F252013,10,14,0.3,"[276.7314615415853, 1.7267141342163086]"
F252013,10,14,0.4,"[276.70028740031717, 2.2992799282073975]"
F252013,10,14,0.5,"[271.3886505073465, 2.8677029609680176]"
F252013,10,14,0.6,"[267.839658813745, 3.4399263858795166]"
F252013,10,14,0.7,"[267.37995176119534, 4.015086650848389]"
F252013,10,14,0.8,"[266.68954110228424, 4.5861968994140625]"
F252013,10,14,0.9,"[264.60829947409024, 5.158445119857788]"
F252013,10,14,1.0,"[264.52710175025345, 5.737072706222534]"
F252013,10,15,0.01,"[251.03742443204578, 0.06349349021911621]"
F252013,10,15,0.1,"[250.77997689823383, 0.584425687789917]"
F252013,10,15,0.2,"[250.66729591905596, 1.161177635192871]"
F252013,10,15,0.3,"[250.66698221163279, 1.730743169784546]"
F252013,10,15,0.4,"[250.66695844423134, 2.308654546737671]"
F252013,10,15,0.5,"[250.66695844423134, 2.881901979446411]"
F252013,10,15,0.6,"[250.66695844423134, 3.4554660320281982]"
F252013,10,15,0.7,"[250.66695844423134, 4.034697771072388]"
F252013,10,15,0.8,"[250.66695844423134, 4.6077423095703125]"
F252013,10,15,0.9,"[250.66695844423134, 5.177509307861328]"
F252013,10,15,1.0,"[250.66695844423134, 5.750805854797363]"
F252013,10,16,0.01,"[298.42372416644776, 0.06332564353942871]"
F252013,10,16,0.1,"[298.346483737286, 0.5773241519927979]"
F252013,10,16,0.2,"[298.34619569633605, 1.1467227935791016]"
F252013,10,16,0.3,"[271.5964515267558, 1.7148425579071045]"
F252013,10,16,0.4,"[269.72094812738464, 2.2892634868621826]"
F252013,10,16,0.5,"[254.545472652047, 2.8561673164367676]"
F252013,10,16,0.6,"[245.4888589497216, 3.4295902252197266]"
F252013,10,16,0.7,"[245.46062944938285, 4.008515357971191]"
F252013,10,16,0.8,"[245.3366661869984, 4.58214807510376]"
F252013,10,16,0.9,"[244.93909691508156, 5.157454967498779]"
F252013,10,16,1.0,"[244.93909691508156, 5.733966588973999]"
F252013,10,17,0.01,"[269.7399495014049, 0.06343507766723633]"
F252013,10,17,0.1,"[269.71298164154337, 0.5817906856536865]"
F252013,10,17,0.2,"[246.07355013349547, 1.1600420475006104]"
F252013,10,17,0.3,"[245.6152167617838, 1.731802225112915]"
F252013,10,17,0.4,"[237.6321405323299, 2.3081276416778564]"
F252013,10,17,0.5,"[235.0076386838232, 2.8767902851104736]"
F252013,10,17,0.6,"[234.909512663633, 3.45270037651062]"
F252013,10,17,0.7,"[234.79212596350862, 4.03235936164856]"
F252013,10,17,0.8,"[234.78962678414518, 4.606733083724976]"
F252013,10,17,0.9,"[234.78939384438831, 5.184813499450684]"
F252013,10,17,1.0,"[234.78939384438831, 5.766104698181152]"
F252013,10,18,0.01,"[298.1760298462741, 0.06367802619934082]"
F252013,10,18,0.1,"[291.38048890568825, 0.5794401168823242]"
F252013,10,18,0.2,"[254.26800339795068, 1.152611494064331]"
F252013,10,18,0.3,"[254.26764152342503, 1.7261364459991455]"
F252013,10,18,0.4,"[254.26759949325833, 2.3054375648498535]"
F252013,10,18,0.5,"[254.26759949325833, 2.8778111934661865]"
F252013,10,18,0.6,"[254.26759949325833, 3.4531021118164062]"
F252013,10,18,0.7,"[254.26759949325833, 4.03600549697876]"
F252013,10,18,0.8,"[254.26759949325833, 4.6103949546813965]"
F252013,10,18,0.9,"[254.26759949325833, 5.181901693344116]"
F252013,10,18,1.0,"[254.26759949325833, 5.762732028961182]"
F252013,10,19,0.01,"[250.99896691806953, 0.06316494941711426]"
F252013,10,19,0.1,"[250.93383435996998, 0.5770695209503174]"
F252013,10,19,0.2,"[250.1917320708817, 1.1478962898254395]"
F252013,10,19,0.3,"[248.88193231011337, 1.7176754474639893]"
F252013,10,19,0.4,"[248.88193231011337, 2.294156551361084]"
F252013,10,19,0.5,"[248.88193231011337, 2.8652944564819336]"
F252013,10,19,0.6,"[248.88193231011337, 3.4387049674987793]"
F252013,10,19,0.7,"[248.88193231011337, 4.018592357635498]"
F252013,10,19,0.8,"[248.88193231011337, 4.586849689483643]"
F252013,10,19,0.9,"[248.88193231011337, 5.153148174285889]"
F252013,10,19,1.0,"[248.88193231011337, 5.730281829833984]"
F252013,10,20,0.01,"[295.18305988131215, 0.0632469654083252]"
F252013,10,20,0.1,"[295.17567900078984, 0.5789070129394531]"
F252013,10,20,0.2,"[294.2613634549218, 1.1517717838287354]"
F252013,10,20,0.3,"[294.2613630192868, 1.72249174118042]"
F252013,10,20,0.4,"[294.2613630192868, 2.299931526184082]"
F252013,10,20,0.5,"[294.2613630192868, 2.871514320373535]"
F252013,10,20,0.6,"[294.2613630192868, 3.4461424350738525]"
F252013,10,20,0.7,"[294.2613630192868, 4.024828195571899]"
F252013,10,20,0.8,"[294.2613630192868, 4.59180760383606]"
F252013,10,20,0.9,"[294.2613630192868, 5.162385702133179]"
F252013,10,20,1.0,"[294.2613630192868, 5.7404725551605225]"
F252013,10,21,0.01,"[261.87687303842904, 0.06310606002807617]"
F252013,10,21,0.1,"[261.70327552636036, 0.5773859024047852]"
F252013,10,21,0.2,"[261.70324316850156, 1.1482956409454346]"
F252013,10,21,0.3,"[261.70324316850156, 1.715883731842041]"
F252013,10,21,0.4,"[261.70324316850156, 2.29101824760437]"
F252013,10,21,0.5,"[261.70324316850156, 2.859347105026245]"
F252013,10,21,0.6,"[261.70324316850156, 3.4307684898376465]"
F252013,10,21,0.7,"[261.70324316850156, 4.007209539413452]"
F252013,10,21,0.8,"[261.70324316850156, 4.572659492492676]"
F252013,10,21,0.9,"[261.70324316850156, 5.141017198562622]"
F252013,10,21,1.0,"[261.70324316850156, 5.7168004512786865]"
F252013,10,22,0.01,"[264.579975827299, 0.06347846984863281]"
F252013,10,22,0.1,"[256.03066101619515, 0.5807321071624756]"
F252013,10,22,0.2,"[256.0243967081269, 1.1535530090332031]"
F252013,10,22,0.3,"[251.12506581706998, 1.7253482341766357]"
F252013,10,22,0.4,"[247.44611225063136, 2.3048043251037598]"
F252013,10,22,0.5,"[246.99574221982857, 2.8768367767333984]"
F252013,10,22,0.6,"[246.93038344007687, 3.4543840885162354]"
F252013,10,22,0.7,"[246.92998284248074, 4.040247440338135]"
F252013,10,22,0.8,"[246.92998275737818, 4.6133811473846436]"
F252013,10,22,0.9,"[246.92998275737818, 5.1873087882995605]"
F252013,10,22,1.0,"[246.92998275737818, 5.766347408294678]"
F252013,10,23,0.01,"[372.0544299378221, 0.06339573860168457]"
F252013,10,23,0.1,"[324.7496039008561, 0.5797333717346191]"
F252013,10,23,0.2,"[259.0923095022499, 1.152583122253418]"
F252013,10,23,0.3,"[259.0923095022499, 1.7260165214538574]"
F252013,10,23,0.4,"[259.0923095022499, 2.3037991523742676]"
F252013,10,23,0.5,"[259.0923095022499, 2.876688241958618]"
F252013,10,23,0.6,"[259.0923095022499, 3.4531302452087402]"
F252013,10,23,0.7,"[259.0923095022499, 4.034158945083618]"
F252013,10,23,0.8,"[259.0923095022499, 4.607311010360718]"
F252013,10,23,0.9,"[259.0923095022499, 5.179037809371948]"
F252013,10,23,1.0,"[259.0923095022499, 5.755860805511475]"
F252013,10,24,0.01,"[322.80240276142445, 0.0628817081451416]"
F252013,10,24,0.1,"[322.6001733613243, 0.5771811008453369]"
F252013,10,24,0.2,"[295.63443471224195, 1.1466772556304932]"
F252013,10,24,0.3,"[248.03635556643962, 1.7113127708435059]"
F252013,10,24,0.4,"[246.1718824438003, 2.2833261489868164]"
F252013,10,24,0.5,"[246.06443290756624, 2.8482301235198975]"
F252013,10,24,0.6,"[246.06320251220745, 3.4147861003875732]"
F252013,10,24,0.7,"[246.06316234904648, 3.9891374111175537]"
F252013,10,24,0.8,"[246.06316234904648, 4.559629440307617]"
F252013,10,24,0.9,"[246.06316234904648, 5.130152940750122]"
F252013,10,24,1.0,"[246.06316234904648, 5.709668159484863]"
F252013,10,25,0.01,"[315.8989523418186, 0.06312108039855957]"
F252013,10,25,0.1,"[299.46265225794355, 0.5782835483551025]"
F252013,10,25,0.2,"[285.0197730054897, 1.1497578620910645]"
F252013,10,25,0.3,"[254.7152575313612, 1.7190563678741455]"
F252013,10,25,0.4,"[253.09733867787122, 2.2954468727111816]"
F252013,10,25,0.5,"[253.04744960856783, 2.863861083984375]"
F252013,10,25,0.6,"[252.0472382350515, 3.433854103088379]"
F252013,10,25,0.7,"[250.74074865906368, 4.0130934715271]"
F252013,10,25,0.8,"[250.67544056007227, 4.5828821659088135]"
F252013,10,25,0.9,"[250.1831218129214, 5.152464151382446]"
F252013,10,25,1.0,"[250.01992098706592, 5.727521657943726]"
F252013,10,26,0.01,"[271.2282693042084, 0.0637819766998291]"
F252013,10,26,0.1,"[271.1827887158638, 0.5822100639343262]"
F252013,10,26,0.2,"[271.1827886110036, 1.1575829982757568]"
F252013,10,26,0.3,"[271.1827886110036, 1.7337114810943604]"
F252013,10,26,0.4,"[271.1827886110036, 2.31502103805542]"
F252013,10,26,0.5,"[271.1827886110036, 2.889164447784424]"
F252013,10,26,0.6,"[271.1827886110036, 3.4627747535705566]"
F252013,10,26,0.7,"[271.1827886110036, 4.043935060501099]"
F252013,10,26,0.8,"[271.1827886110036, 4.6184022426605225]"
F252013,10,26,0.9,"[271.1827886110036, 5.191935300827026]"
F252013,10,26,1.0,"[271.1827886110036, 5.77241849899292]"
F252013,10,27,0.01,"[297.9835646509796, 0.06328797340393066]"
F252013,10,27,0.1,"[297.8390444234958, 0.5793490409851074]"
F252013,10,27,0.2,"[261.30597319228514, 1.1525495052337646]"
F252013,10,27,0.3,"[258.25170816797527, 1.7246246337890625]"
F252013,10,27,0.4,"[258.25170816797527, 2.305631160736084]"
F252013,10,27,0.5,"[258.25170816797527, 2.8784821033477783]"
F252013,10,27,0.6,"[258.1838936096135, 3.455742120742798]"
F252013,10,27,0.7,"[258.18048824779, 4.033701419830322]"
F252013,10,27,0.8,"[258.1804882381914, 4.606749534606934]"
F252013,10,27,0.9,"[258.1804882381914, 5.179790496826172]"
F252013,10,27,1.0,"[258.1804882381914, 5.759290456771851]"
F252013,10,28,0.01,"[249.2155415084244, 0.06354284286499023]"
F252013,10,28,0.1,"[248.53039225429734, 0.5825526714324951]"
F252013,10,28,0.2,"[247.92129005830952, 1.1565015316009521]"
F252013,10,28,0.3,"[247.84310070216384, 1.7302615642547607]"
F252013,10,28,0.4,"[247.73712031271293, 2.311009407043457]"
F252013,10,28,0.5,"[247.48914081370685, 2.8851044178009033]"
F252013,10,28,0.6,"[247.48862083974245, 3.4577744007110596]"
F252013,10,28,0.7,"[247.48862083974245, 4.0381739139556885]"
F252013,10,28,0.8,"[247.48862083974245, 4.613042116165161]"
F252013,10,28,0.9,"[247.48862083974245, 5.1866912841796875]"
F252013,10,28,1.0,"[247.48862083974245, 5.766075134277344]"
F252013,10,29,0.01,"[278.02334196224683, 0.06302618980407715]"
F252013,10,29,0.1,"[278.02334196224683, 0.5767049789428711]"
F252013,10,29,0.2,"[270.7824913857853, 1.147470235824585]"
F252013,10,29,0.3,"[262.6400402486879, 1.7149643898010254]"
F252013,10,29,0.4,"[250.9190380700934, 2.289302110671997]"
F252013,10,29,0.5,"[250.8990442180966, 2.8579208850860596]"
F252013,10,29,0.6,"[250.7339873557155, 3.426814556121826]"
F252013,10,29,0.7,"[250.73392601066985, 4.0047056674957275]"
F252013,10,29,0.8,"[250.72658053820646, 4.577568292617798]"
F252013,10,29,0.9,"[250.72609006448806, 5.149108171463013]"
F252013,10,29,1.0,"[250.7260430578433, 5.724693298339844]"
F252013,10,30,0.01,"[255.1139194889281, 0.06327414512634277]"
F252013,10,30,0.1,"[254.54156303110994, 0.5783071517944336]"
F252013,10,30,0.2,"[254.51826662563622, 1.1514601707458496]"
F252013,10,30,0.3,"[251.2014949056429, 1.7231318950653076]"
F252013,10,30,0.4,"[251.16707409863784, 2.299604892730713]"
F252013,10,30,0.5,"[250.98238649329733, 2.868591070175171]"
F252013,10,30,0.6,"[250.96134929679488, 3.43978214263916]"
F252013,10,30,0.7,"[250.9525160950716, 4.018361568450928]"
F252013,10,30,0.8,"[250.95220191183216, 4.591537714004517]"
F252013,10,30,0.9,"[250.95220191183216, 5.159569978713989]"
F252013,10,30,1.0,"[250.95220191183216, 5.737517595291138]"
F252013,10,31,0.01,"[257.04754149156724, 0.06316328048706055]"
F252013,10,31,0.1,"[244.12099836640164, 0.5774762630462646]"
F252013,10,31,0.2,"[242.02387631554984, 1.148374319076538]"
F252013,10,31,0.3,"[218.298700975874, 1.7152342796325684]"
F252013,10,31,0.4,"[216.5368451962081, 2.291543483734131]"
F252013,10,31,0.5,"[216.38711795822292, 2.860435962677002]"
F252013,10,31,0.6,"[216.3144900076586, 3.4303531646728516]"
F252013,10,31,0.7,"[216.3144675818794, 4.007717609405518]"
F252013,10,31,0.8,"[216.3144675818794, 4.578610420227051]"
F252013,10,31,0.9,"[216.3144675818794, 5.148725271224976]"
F252013,10,31,1.0,"[216.3144675818794, 5.727329254150391]"
F252013,10,32,0.01,"[262.35208635091794, 0.06367206573486328]"
F252013,10,32,0.1,"[262.0480173238957, 0.5823585987091064]"
F252013,10,32,0.2,"[243.4698768185633, 1.1579227447509766]"
F252013,10,32,0.3,"[241.5197075072192, 1.73050856590271]"
F252013,10,32,0.4,"[239.59687650679916, 2.3107247352600098]"
F252013,10,32,0.5,"[232.91614484705997, 2.882268190383911]"
F252013,10,32,0.6,"[230.93755405437946, 3.4545140266418457]"
F252013,10,32,0.7,"[230.61178072567304, 4.033640623092651]"
F252013,10,32,0.8,"[230.30843275804204, 4.606207847595215]"
F252013,10,32,0.9,"[230.24283288837773, 5.178697347640991]"
F252013,10,32,1.0,"[230.24283288816946, 5.76057505607605]"
F252013,10,33,0.01,"[293.5572703823491, 0.06341910362243652]"
F252013,10,33,0.1,"[251.10569754010362, 0.5800900459289551]"
F252013,10,33,0.2,"[250.53710367153735, 1.1517231464385986]"
F252013,10,33,0.3,"[250.53705357887975, 1.7221283912658691]"
F252013,10,33,0.4,"[250.53705357887975, 2.3004205226898193]"
F252013,10,33,0.5,"[250.53705357887975, 2.873922109603882]"
F252013,10,33,0.6,"[250.53705357887975, 3.44726300239563]"
F252013,10,33,0.7,"[250.53705357887975, 4.023654222488403]"
F252013,10,33,0.8,"[250.53705357887975, 4.597245693206787]"
F252013,10,33,0.9,"[250.53705357887975, 5.170843601226807]"
F252013,10,33,1.0,"[250.53705357887975, 5.749420166015625]"
F252013,10,34,0.01,"[387.42996304177086, 0.06281018257141113]"
F252013,10,34,0.1,"[386.64299876914697, 0.5780091285705566]"
F252013,10,34,0.2,"[282.35455920773666, 1.1518440246582031]"
F252013,10,34,0.3,"[282.35455920773666, 1.7215931415557861]"
F252013,10,34,0.4,"[282.35455920773666, 2.2980947494506836]"
F252013,10,34,0.5,"[282.35455920773666, 2.8697128295898438]"
F252013,10,34,0.6,"[282.35455920773666, 3.438640832901001]"
F252013,10,34,0.7,"[282.35455920773666, 4.015567779541016]"
F252013,10,34,0.8,"[282.35455920773666, 4.586655616760254]"
F252013,10,34,0.9,"[282.35455920773666, 5.154217004776001]"
F252013,10,34,1.0,"[282.35455920773666, 5.7283124923706055]"
F252013,10,35,0.01,"[369.3858816509269, 0.0629281997680664]"
F252013,10,35,0.1,"[368.4159539367529, 0.5782537460327148]"
F252013,10,35,0.2,"[285.03194920621627, 1.1499009132385254]"
F252013,10,35,0.3,"[255.37388909016477, 1.7186059951782227]"
F252013,10,35,0.4,"[255.37388909016477, 2.2956461906433105]"
F252013,10,35,0.5,"[253.86519979844184, 2.868093490600586]"
F252013,10,35,0.6,"[252.11147361678763, 3.439769744873047]"
F252013,10,35,0.7,"[251.70941784038882, 4.018017292022705]"
F252013,10,35,0.8,"[251.70588900291887, 4.586584806442261]"
F252013,10,35,0.9,"[251.36745344794303, 5.155929088592529]"
F252013,10,35,1.0,"[251.36688444709466, 5.733325004577637]"
F252013,10,36,0.01,"[286.4932747801947, 0.06312680244445801]"
F252013,10,36,0.1,"[259.7707113692245, 0.5796072483062744]"
F252013,10,36,0.2,"[259.6273882862781, 1.1566143035888672]"
F252013,10,36,0.3,"[259.6273882862781, 1.7275724411010742]"
F252013,10,36,0.4,"[259.6273882862781, 2.307356119155884]"
F252013,10,36,0.5,"[259.6273882862781, 2.880495071411133]"
F252013,10,36,0.6,"[259.6273882862781, 3.4524970054626465]"
F252013,10,36,0.7,"[259.6273882862781, 4.030758380889893]"
F252013,10,36,0.8,"[259.6273882862781, 4.6026527881622314]"
F252013,10,36,0.9,"[259.6273882862781, 5.173967599868774]"
F252013,10,36,1.0,"[259.6273882862781, 5.7527337074279785]"
F252013,10,37,0.01,"[518.1002723030729, 0.06307387351989746]"
F252013,10,37,0.1,"[271.5548834700721, 0.5789361000061035]"
F252013,10,37,0.2,"[271.47856061941184, 1.1561126708984375]"
F252013,10,37,0.3,"[266.5757768800149, 1.7292466163635254]"
F252013,10,37,0.4,"[266.5743090167334, 2.3078808784484863]"
F252013,10,37,0.5,"[259.1943698387711, 2.8819198608398438]"
F252013,10,37,0.6,"[259.1874334254785, 3.4565017223358154]"
F252013,10,37,0.7,"[255.79333965681212, 4.04006552696228]"
F252013,10,37,0.8,"[245.63296764565462, 4.6186745166778564]"
F252013,10,37,0.9,"[245.55732262987476, 5.206477880477905]"
F252013,10,37,1.0,"[238.2793490664112, 5.786170959472656]"
F252013,10,38,0.01,"[267.8834502089162, 0.06306076049804688]"
F252013,10,38,0.1,"[267.7607845296902, 0.5778093338012695]"
F252013,10,38,0.2,"[263.39041601253825, 1.1582210063934326]"
F252013,10,38,0.3,"[261.02529176128473, 1.7334692478179932]"
F252013,10,38,0.4,"[261.02529176128473, 2.314872980117798]"
F252013,10,38,0.5,"[261.02529176128473, 2.890432357788086]"
F252013,10,38,0.6,"[261.02529176128473, 3.465754270553589]"
F252013,10,38,0.7,"[261.02529176128473, 4.047248840332031]"
F252013,10,38,0.8,"[261.02529176128473, 4.623041152954102]"
F252013,10,38,0.9,"[261.02529176128473, 5.198909521102905]"
F252013,10,38,1.0,"[261.02529176128473, 5.7819013595581055]"
F252013,10,39,0.01,"[502.6386782066079, 0.06264114379882812]"
F252013,10,39,0.1,"[277.31304539312987, 0.5854618549346924]"
F252013,10,39,0.2,"[271.4015643478924, 1.163966417312622]"
F252013,10,39,0.3,"[237.9024824623907, 1.7389767169952393]"
F252013,10,39,0.4,"[237.6806763348559, 2.3180184364318848]"
F252013,10,39,0.5,"[234.63678943635637, 2.888983726501465]"
F252013,10,39,0.6,"[234.63652961020966, 3.4604427814483643]"
F252013,10,39,0.7,"[234.63652961020966, 4.040970087051392]"
F252013,10,39,0.8,"[234.63652961020966, 4.614068984985352]"
F252013,10,39,0.9,"[234.63652961020966, 5.188602447509766]"
F252013,10,39,1.0,"[234.63652961020966, 5.770039796829224]"
F252013,10,40,0.01,"[294.71660778439355, 0.06325030326843262]"
F252013,10,40,0.1,"[254.91967487095576, 0.5804727077484131]"
F252013,10,40,0.2,"[254.91385126063028, 1.1530892848968506]"
F252013,10,40,0.3,"[254.91384536140617, 1.7274386882781982]"
F252013,10,40,0.4,"[254.91384535937277, 2.306459665298462]"
F252013,10,40,0.5,"[254.91384535937277, 2.8803820610046387]"
F252013,10,40,0.6,"[254.91384535937277, 3.4569854736328125]"
F252013,10,40,0.7,"[254.91384535937277, 4.038647651672363]"
F252013,10,40,0.8,"[254.91384535937277, 4.613860368728638]"
F252013,10,40,0.9,"[254.91384535937277, 5.187331914901733]"
F252013,10,40,1.0,"[254.91384535937277, 5.768963098526001]"
F252013,10,41,0.01,"[396.9890791663829, 0.06278014183044434]"
F252013,10,41,0.1,"[310.3368498498553, 0.5754513740539551]"
F252013,10,41,0.2,"[310.3368498315417, 1.146101713180542]"
F252013,10,41,0.3,"[310.3368498315417, 1.7151069641113281]"
F252013,10,41,0.4,"[310.3368498315417, 2.292262077331543]"
F252013,10,41,0.5,"[310.3368498315417, 2.863701343536377]"
F252013,10,41,0.6,"[310.3368498315417, 3.436735153198242]"
F252013,10,41,0.7,"[310.3368498315417, 4.013397693634033]"
F252013,10,41,0.8,"[310.3368498315417, 4.584261178970337]"
F252013,10,41,0.9,"[310.3368498315417, 5.156207323074341]"
F252013,10,41,1.0,"[310.3368498315417, 5.732184410095215]"
F252013,10,42,0.01,"[259.77262912485344, 0.06296801567077637]"
F252013,10,42,0.1,"[259.6525151624937, 0.5789167881011963]"
F252013,10,42,0.2,"[259.6523249428096, 1.1512596607208252]"
F252013,10,42,0.3,"[259.6523249428096, 1.7241184711456299]"
F252013,10,42,0.4,"[259.6523249428096, 2.3031694889068604]"
F252013,10,42,0.5,"[259.6523249428096, 2.8761134147644043]"
F252013,10,42,0.6,"[259.6523249428096, 3.4491055011749268]"
F252013,10,42,0.7,"[259.6523249428096, 4.026247501373291]"
F252013,10,42,0.8,"[259.6523249428096, 4.5976152420043945]"
F252013,10,42,0.9,"[259.6523249428096, 5.169059753417969]"
F252013,10,42,1.0,"[259.6523249428096, 5.743427515029907]"
F252013,10,43,0.01,"[271.235605049608, 0.06270194053649902]"
F252013,10,43,0.1,"[268.60663957560746, 0.5770947933197021]"
F252013,10,43,0.2,"[255.78384650743192, 1.149268627166748]"
F252013,10,43,0.3,"[252.44718662538185, 1.7191991806030273]"
F252013,10,43,0.4,"[252.2347059313072, 2.2962253093719482]"
F252013,10,43,0.5,"[251.8620534440563, 2.8675737380981445]"
F252013,10,43,0.6,"[251.6649659574814, 3.4405643939971924]"
F252013,10,43,0.7,"[251.64929245398002, 4.019029140472412]"
F252013,10,43,0.8,"[251.64535445918727, 4.590179204940796]"
F252013,10,43,0.9,"[251.48425874978125, 5.159814834594727]"
F252013,10,43,1.0,"[251.48425874978125, 5.739416122436523]"
F252013,10,44,0.01,"[423.868925925874, 0.06297826766967773]"
F252013,10,44,0.1,"[318.8430283851942, 0.5793185234069824]"
F252013,10,44,0.2,"[318.8282083024287, 1.1527938842773438]"
F252013,10,44,0.3,"[318.81839542534885, 1.7254149913787842]"
F252013,10,44,0.4,"[271.7542077536327, 2.304274082183838]"
F252013,10,44,0.5,"[263.73758851997763, 2.8776116371154785]"
F252013,10,44,0.6,"[262.66956786557694, 3.4490315914154053]"
F252013,10,44,0.7,"[252.07922723592446, 4.026480674743652]"
F252013,10,44,0.8,"[251.75393368218238, 4.595597267150879]"
F252013,10,44,0.9,"[251.4481368010329, 5.165816068649292]"
F252013,10,44,1.0,"[251.29711939490016, 5.744151592254639]"
F252013,10,45,0.01,"[302.9296444707861, 0.06269955635070801]"
F252013,10,45,0.1,"[286.6059792678325, 0.5786242485046387]"
F252013,10,45,0.2,"[259.2314031140345, 1.1515007019042969]"
F252013,10,45,0.3,"[246.11919296579185, 1.7206783294677734]"
F252013,10,45,0.4,"[246.11847432309173, 2.2973320484161377]"
F252013,10,45,0.5,"[245.29105297972387, 2.8668391704559326]"
F252013,10,45,0.6,"[245.29105297972387, 3.4365642070770264]"
F252013,10,45,0.7,"[245.29105297972387, 4.009039402008057]"
F252013,10,45,0.8,"[245.29105297972387, 4.575935363769531]"
F252013,10,45,0.9,"[245.29105297972387, 5.14497447013855]"
F252013,10,45,1.0,"[245.29105297972387, 5.7240211963653564]"
F252013,10,46,0.01,"[250.4153795758982, 0.06268715858459473]"
F252013,10,46,0.1,"[249.57369134656528, 0.5787475109100342]"
F252013,10,46,0.2,"[248.69695494452412, 1.1510286331176758]"
F252013,10,46,0.3,"[248.66679325150494, 1.7219102382659912]"
F252013,10,46,0.4,"[248.66679325150494, 2.2981655597686768]"
F252013,10,46,0.5,"[248.66679325150494, 2.867015838623047]"
F252013,10,46,0.6,"[248.66679325150494, 3.439772844314575]"
F252013,10,46,0.7,"[248.66679325150494, 4.020390510559082]"
F252013,10,46,0.8,"[248.66679325150494, 4.591850757598877]"
F252013,10,46,0.9,"[248.66679325150494, 5.159714221954346]"
F252013,10,46,1.0,"[248.66679325150494, 5.7412707805633545]"
F252013,10,47,0.01,"[277.0037029285586, 0.06308341026306152]"
F252013,10,47,0.1,"[276.90568375313387, 0.5802185535430908]"
F252013,10,47,0.2,"[262.64458593703876, 1.1553235054016113]"
F252013,10,47,0.3,"[262.64458593703876, 1.7257461547851562]"
F252013,10,47,0.4,"[255.47119984019764, 2.302473783493042]"
F252013,10,47,0.5,"[254.90195242261302, 2.874009370803833]"
F252013,10,47,0.6,"[252.0627042623737, 3.4476399421691895]"
F252013,10,47,0.7,"[252.0627042623737, 4.028523683547974]"
F252013,10,47,0.8,"[252.0627042623737, 4.605461597442627]"
F252013,10,47,0.9,"[252.0627042623737, 5.180788993835449]"
F252013,10,47,1.0,"[252.0627042623737, 5.762295484542847]"
F252013,10,48,0.01,"[276.72471207215517, 0.061758995056152344]"
F252013,10,48,0.1,"[276.11537427997473, 0.5747895240783691]"
F252013,10,48,0.2,"[271.6148658503812, 1.1477162837982178]"
F252013,10,48,0.3,"[271.03815635206934, 1.720353126525879]"
F252013,10,48,0.4,"[271.0302206930021, 2.2960174083709717]"
F252013,10,48,0.5,"[267.3637178230067, 2.8637495040893555]"
F252013,10,48,0.6,"[267.2399750513264, 3.433098077774048]"
F252013,10,48,0.7,"[255.52120202947071, 4.012854099273682]"
F252013,10,48,0.8,"[255.52120202947071, 4.584072828292847]"
F252013,10,48,0.9,"[255.52120202947071, 5.153074026107788]"
F252013,10,48,1.0,"[255.52120202947071, 5.730880975723267]"
F252013,10,49,0.01,"[279.02330554760215, 0.06252503395080566]"
F252013,10,49,0.1,"[278.0355517598573, 0.5765581130981445]"
F252013,10,49,0.2,"[276.27351158635315, 1.1489710807800293]"
F252013,10,49,0.3,"[276.27319397602605, 1.7216014862060547]"
F252013,10,49,0.4,"[271.4477288517253, 2.3017306327819824]"
F252013,10,49,0.5,"[266.1560054780216, 2.8722429275512695]"
F252013,10,49,0.6,"[265.9451420463238, 3.442509174346924]"
F252013,10,49,0.7,"[259.52805511581755, 4.018842935562134]"
F252013,10,49,0.8,"[259.52805511581755, 4.5885539054870605]"
F252013,10,49,0.9,"[259.52805511581755, 5.155446767807007]"
F252013,10,49,1.0,"[259.52805511581755, 5.731067419052124]"
F252013,10,50,0.01,"[246.64998273596711, 0.0617368221282959]"
F252013,10,50,0.1,"[245.25722554852086, 0.5740580558776855]"
F252013,10,50,0.2,"[244.8549456898645, 1.1435520648956299]"
F252013,10,50,0.3,"[244.78079636276448, 1.713892936706543]"
F252013,10,50,0.4,"[244.78011789091943, 2.28908109664917]"
F252013,10,50,0.5,"[244.7794017207234, 2.856642723083496]"
F252013,10,50,0.6,"[244.77936237337553, 3.424565315246582]"
F252013,10,50,0.7,"[244.77936237337553, 4.002545595169067]"
F252013,10,50,0.8,"[244.77936237337553, 4.569841384887695]"
F252013,10,50,0.9,"[244.77936237337553, 5.133875846862793]"
F252013,10,50,1.0,"[244.77936237337553, 5.709937572479248]"
F252013,30,0,0.01,"[501.83938390526464, 0.12094926834106445]"
F252013,30,0,0.1,"[501.83921090621516, 0.9614865779876709]"
F252013,30,0,0.2,"[501.6797939993994, 1.8956565856933594]"
F252013,30,0,0.3,"[501.6792163607222, 2.823580265045166]"
F252013,30,0,0.4,"[501.678812647978, 3.75238037109375]"
F252013,30,0,0.5,"[501.6317651265308, 4.709871053695679]"
F252013,30,0,0.6,"[501.63086275584124, 5.640502691268921]"
F252013,30,0,0.7,"[366.1073591048096, 6.571750164031982]"
F252013,30,0,0.8,"[365.20174256342307, 7.4976208209991455]"
F252013,30,0,0.9,"[364.701617303017, 8.45211935043335]"
F252013,30,0,1.0,"[364.48993721084, 9.375085353851318]"
F252013,30,1,0.01,"[372.92478107605507, 0.24718976020812988]"
F252013,30,1,0.1,"[371.1288075558332, 1.1343858242034912]"
F252013,30,1,0.2,"[371.1288075558332, 2.063948631286621]"
F252013,30,1,0.3,"[371.1288075558332, 2.987905979156494]"
F252013,30,1,0.4,"[371.1288075558332, 3.9150846004486084]"
F252013,30,1,0.5,"[371.1288075558332, 4.870819091796875]"
F252013,30,1,0.6,"[371.1288075558332, 5.796738386154175]"
F252013,30,1,0.7,"[371.1288075558332, 6.721116781234741]"
F252013,30,1,0.8,"[371.1288075558332, 7.646580457687378]"
F252013,30,1,0.9,"[371.1288075558332, 8.600396633148193]"
F252013,30,1,1.0,"[371.1288075558332, 9.527361154556274]"
F252013,30,2,0.01,"[580.7448576709903, 0.12091922760009766]"
F252013,30,2,0.1,"[580.6608027650427, 0.9758274555206299]"
F252013,30,2,0.2,"[580.6489064345737, 1.9036383628845215]"
F252013,30,2,0.3,"[580.4402994689883, 2.8300864696502686]"
F252013,30,2,0.4,"[580.4402316466594, 3.757384777069092]"
F252013,30,2,0.5,"[580.4398948897795, 4.711781024932861]"
F252013,30,2,0.6,"[465.28872310687507, 5.6391847133636475]"
F252013,30,2,0.7,"[465.0804472330724, 6.5643885135650635]"
F252013,30,2,0.8,"[465.0613839013424, 7.487052917480469]"
F252013,30,2,0.9,"[465.0166456197135, 8.437562465667725]"
F252013,30,2,1.0,"[465.01661544839817, 9.3582763671875]"
F252013,30,3,0.01,"[557.238357427168, 0.15976572036743164]"
F252013,30,3,0.1,"[547.9711808625093, 0.9956040382385254]"
F252013,30,3,0.2,"[547.9711808625093, 1.9205846786499023]"
F252013,30,3,0.3,"[547.9711808625093, 2.8476076126098633]"
F252013,30,3,0.4,"[489.7326496780122, 3.7741353511810303]"
F252013,30,3,0.5,"[489.73194358833143, 4.72732400894165]"
F252013,30,3,0.6,"[489.7318099383349, 5.649851322174072]"
F252013,30,3,0.7,"[466.69329330849155, 6.576209783554077]"
F252013,30,3,0.8,"[466.6932069153934, 7.504361867904663]"
F252013,30,3,0.9,"[466.6712134012698, 8.459358930587769]"
F252013,30,3,1.0,"[388.66452837864995, 9.381706953048706]"
F252013,30,4,0.01,"[387.35381803671544, 0.24251556396484375]"
F252013,30,4,0.1,"[387.3457345165318, 1.1985585689544678]"
F252013,30,4,0.2,"[387.345606473466, 2.1294164657592773]"
F252013,30,4,0.3,"[385.20731878176593, 3.0618484020233154]"
F252013,30,4,0.4,"[384.9364781120528, 3.994995594024658]"
F252013,30,4,0.5,"[384.930731613897, 4.958153486251831]"
F252013,30,4,0.6,"[384.9228969439823, 5.88973331451416]"
F252013,30,4,0.7,"[384.91993805198877, 6.820225238800049]"
F252013,30,4,0.8,"[384.9196439544212, 7.751222848892212]"
F252013,30,4,0.9,"[384.9020269409775, 8.71026349067688]"
F252013,30,4,1.0,"[384.9020060148009, 9.637433528900146]"
F252013,30,5,0.01,"[558.9383758531587, 0.24410414695739746]"
F252013,30,5,0.1,"[558.9315818388968, 1.238767147064209]"
F252013,30,5,0.2,"[558.9075329738889, 2.169518232345581]"
F252013,30,5,0.3,"[442.77653345085764, 3.0976645946502686]"
F252013,30,5,0.4,"[439.8348115063775, 4.029765844345093]"
F252013,30,5,0.5,"[439.8182605463562, 4.992724418640137]"
F252013,30,5,0.6,"[395.7127396351825, 5.926222801208496]"
F252013,30,5,0.7,"[395.0072830233678, 6.856573820114136]"
F252013,30,5,0.8,"[394.92782968385063, 7.784541130065918]"
F252013,30,5,0.9,"[394.9215707329463, 8.743146657943726]"
F252013,30,5,1.0,"[394.9213819666702, 9.670466661453247]"
F252013,30,6,0.01,"[970.5015732821648, 0.12111210823059082]"
F252013,30,6,0.1,"[965.3647470212009, 0.9590780735015869]"
F252013,30,6,0.2,"[965.3608175884801, 1.888171672821045]"
F252013,30,6,0.3,"[388.32088667278435, 2.8159265518188477]"
F252013,30,6,0.4,"[388.31257700312585, 3.744811534881592]"
F252013,30,6,0.5,"[388.3121034937028, 4.703355550765991]"
F252013,30,6,0.6,"[388.3119513891593, 5.636314630508423]"
F252013,30,6,0.7,"[388.3119488477728, 6.565546035766602]"
F252013,30,6,0.8,"[388.31194844609763, 7.492388010025024]"
F252013,30,6,0.9,"[388.31194844609763, 8.447640657424927]"
F252013,30,6,1.0,"[388.31194844609763, 9.368329286575317]"
F252013,30,7,0.01,"[416.9554701470663, 0.12124347686767578]"
F252013,30,7,0.1,"[416.73743272157617, 0.9613287448883057]"
F252013,30,7,0.2,"[416.7371226376604, 1.894258975982666]"
F252013,30,7,0.3,"[416.59987563966956, 2.8178322315216064]"
F252013,30,7,0.4,"[416.5912121175502, 3.744382619857788]"
F252013,30,7,0.5,"[416.59097355764493, 4.699293375015259]"
F252013,30,7,0.6,"[416.59088186991494, 5.623641729354858]"
F252013,30,7,0.7,"[416.5908818490982, 6.5547096729278564]"
F252013,30,7,0.8,"[416.59088184907864, 7.481144666671753]"
F252013,30,7,0.9,"[416.59088184907864, 8.43543004989624]"
F252013,30,7,1.0,"[416.59088184907864, 9.35729432106018]"
F252013,30,8,0.01,"[489.4811796639933, 0.1819310188293457]"
F252013,30,8,0.1,"[488.6023172685509, 1.0196533203125]"
F252013,30,8,0.2,"[488.6021418591895, 1.9495656490325928]"
F252013,30,8,0.3,"[488.56905971341394, 2.873582363128662]"
F252013,30,8,0.4,"[488.56900787857853, 3.8009674549102783]"
F252013,30,8,0.5,"[414.256608568322, 4.7573723793029785]"
F252013,30,8,0.6,"[414.17732913632904, 5.686863422393799]"
F252013,30,8,0.7,"[414.17678605616493, 6.613446474075317]"
F252013,30,8,0.8,"[372.93860387046016, 7.540940046310425]"
F252013,30,8,0.9,"[371.0053269082873, 8.494921207427979]"
F252013,30,8,1.0,"[333.4600144489127, 9.419093370437622]"
F252013,30,9,0.01,"[465.8782856228413, 0.12152814865112305]"
F252013,30,9,0.1,"[465.8750526542924, 0.9608962535858154]"
F252013,30,9,0.2,"[390.2042055034042, 1.896324872970581]"
F252013,30,9,0.3,"[390.1040578523132, 2.821577548980713]"
F252013,30,9,0.4,"[390.099369456653, 3.7494876384735107]"
F252013,30,9,0.5,"[390.09936945517256, 4.7066428661346436]"
F252013,30,9,0.6,"[390.0990784497146, 5.632486581802368]"
F252013,30,9,0.7,"[390.09906370655403, 6.561257839202881]"
F252013,30,9,0.8,"[390.0990626152843, 7.488701343536377]"
F252013,30,9,0.9,"[390.0990626152843, 8.442432403564453]"
F252013,30,9,1.0,"[390.0990626152843, 9.366567373275757]"
F252013,30,10,0.01,"[899.9824346008463, 0.12050390243530273]"
F252013,30,10,0.1,"[834.7163252916862, 0.9547779560089111]"
F252013,30,10,0.2,"[834.6689113297948, 1.8785669803619385]"
F252013,30,10,0.3,"[419.215254370426, 2.8037936687469482]"
F252013,30,10,0.4,"[419.205135666502, 3.729351758956909]"
F252013,30,10,0.5,"[419.20504253044396, 4.683826923370361]"
F252013,30,10,0.6,"[419.0181708841019, 5.611671209335327]"
F252013,30,10,0.7,"[418.84698449341136, 6.538074970245361]"
F252013,30,10,0.8,"[418.84136562925414, 7.462460279464722]"
F252013,30,10,0.9,"[418.8409832247953, 8.413805961608887]"
F252013,30,10,1.0,"[407.8558315822406, 9.335843086242676]"
F252013,30,11,0.01,"[484.08717902051126, 0.12037539482116699]"
F252013,30,11,0.1,"[478.6699488071263, 1.108790636062622]"
F252013,30,11,0.2,"[478.6467080937987, 2.0335118770599365]"
F252013,30,11,0.3,"[478.6460627589429, 2.956902265548706]"
F252013,30,11,0.4,"[478.6083390539861, 3.8812966346740723]"
F252013,30,11,0.5,"[478.59650023840186, 4.833438158035278]"
F252013,30,11,0.6,"[478.5964682571257, 5.758998155593872]"
F252013,30,11,0.7,"[478.5963175726256, 6.681170701980591]"
F252013,30,11,0.8,"[362.9632290297427, 7.60232138633728]"
F252013,30,11,0.9,"[358.0808176007374, 8.550802946090698]"
F252013,30,11,1.0,"[357.7206108443238, 9.46699047088623]"
F252013,30,12,0.01,"[534.2076817515242, 0.12096619606018066]"
F252013,30,12,0.1,"[525.1139810161658, 0.9595949649810791]"
F252013,30,12,0.2,"[524.3734558958538, 1.890291452407837]"
F252013,30,12,0.3,"[523.2262712661245, 2.81935453414917]"
F252013,30,12,0.4,"[411.15281175427344, 3.748046636581421]"
F252013,30,12,0.5,"[411.15113215480756, 4.7073681354522705]"
F252013,30,12,0.6,"[411.1510157088205, 5.636731386184692]"
F252013,30,12,0.7,"[411.15101559642653, 6.565295457839966]"
F252013,30,12,0.8,"[411.15101559642653, 7.489964962005615]"
F252013,30,12,0.9,"[411.15101559642653, 8.443068504333496]"
F252013,30,12,1.0,"[411.15101559642653, 9.36639404296875]"
F252013,30,13,0.01,"[719.0722380553811, 0.12103080749511719]"
F252013,30,13,0.1,"[719.0354535074957, 0.9583144187927246]"
F252013,30,13,0.2,"[719.0333077483251, 1.8862957954406738]"
F252013,30,13,0.3,"[719.0247108036538, 2.809694290161133]"
F252013,30,13,0.4,"[397.38940297685895, 3.734464168548584]"
F252013,30,13,0.5,"[397.36092114213466, 4.687660455703735]"
F252013,30,13,0.6,"[380.6918720224328, 5.611685276031494]"
F252013,30,13,0.7,"[378.9324446984847, 6.536125659942627]"
F252013,30,13,0.8,"[378.9249952915193, 7.459381103515625]"
F252013,30,13,0.9,"[378.9225911883384, 8.412212133407593]"
F252013,30,13,1.0,"[378.9224997448139, 9.335183382034302]"
F252013,30,14,0.01,"[394.33579556765403, 0.12601232528686523]"
F252013,30,14,0.1,"[394.33579556765403, 0.9613809585571289]"
F252013,30,14,0.2,"[394.33579556765403, 1.888437271118164]"
F252013,30,14,0.3,"[394.33579556765403, 2.8136672973632812]"
F252013,30,14,0.4,"[394.33579556765403, 3.7414419651031494]"
F252013,30,14,0.5,"[394.33579556765403, 4.699528932571411]"
F252013,30,14,0.6,"[394.33579556765403, 5.6294965744018555]"
F252013,30,14,0.7,"[393.111031068368, 6.555404901504517]"
F252013,30,14,0.8,"[393.111031068368, 7.47734808921814]"
F252013,30,14,0.9,"[393.1019401934959, 8.430413961410522]"
F252013,30,14,1.0,"[393.1017056030837, 9.354816436767578]"
F252013,30,15,0.01,"[516.978882807957, 0.15950846672058105]"
F252013,30,15,0.1,"[514.3151366556481, 1.1438264846801758]"
F252013,30,15,0.2,"[514.2438481137917, 2.0735228061676025]"
F252013,30,15,0.3,"[514.0409810601543, 3.004671335220337]"
F252013,30,15,0.4,"[514.0168729861593, 3.9344372749328613]"
F252013,30,15,0.5,"[514.0165081731891, 4.889890193939209]"
F252013,30,15,0.6,"[514.0163745970094, 5.8167455196380615]"
F252013,30,15,0.7,"[448.24055727665063, 6.744262933731079]"
F252013,30,15,0.8,"[447.947137061145, 7.66672158241272]"
F252013,30,15,0.9,"[428.6774864857932, 8.617942333221436]"
F252013,30,15,1.0,"[428.0455512138237, 9.537879943847656]"
F252013,30,16,0.01,"[521.4803820182465, 0.25074005126953125]"
F252013,30,16,0.1,"[521.444057146754, 1.1757662296295166]"
F252013,30,16,0.2,"[521.418930202356, 2.0985987186431885]"
F252013,30,16,0.3,"[407.0889302287528, 3.0176053047180176]"
F252013,30,16,0.4,"[407.0408797374989, 3.937687397003174]"
F252013,30,16,0.5,"[375.1709698887198, 4.889017343521118]"
F252013,30,16,0.6,"[373.2574078328703, 5.809130430221558]"
F252013,30,16,0.7,"[373.2207041647539, 6.7257490158081055]"
F252013,30,16,0.8,"[372.99018699444514, 7.643658399581909]"
F252013,30,16,0.9,"[372.93745308756206, 8.59328842163086]"
F252013,30,16,1.0,"[372.93745308756206, 9.51211667060852]"
F252013,30,17,0.01,"[450.7325589755044, 0.12006306648254395]"
F252013,30,17,0.1,"[450.645067188344, 1.1460809707641602]"
F252013,30,17,0.2,"[450.6450002726806, 2.0658767223358154]"
F252013,30,17,0.3,"[450.64453442334593, 2.9821155071258545]"
F252013,30,17,0.4,"[431.6987089355648, 3.89890718460083]"
F252013,30,17,0.5,"[407.4630756503525, 4.843224763870239]"
F252013,30,17,0.6,"[407.4630756503525, 5.758789777755737]"
F252013,30,17,0.7,"[407.4630756503525, 6.6748175621032715]"
F252013,30,17,0.8,"[407.4630756503525, 7.592062711715698]"
F252013,30,17,0.9,"[407.4630756503525, 8.54047155380249]"
F252013,30,17,1.0,"[407.4630756503525, 9.461182355880737]"
F252013,30,18,0.01,"[506.7392936374938, 0.24869441986083984]"
F252013,30,18,0.1,"[506.6842338178906, 1.0904183387756348]"
F252013,30,18,0.2,"[506.6802874498019, 2.013599157333374]"
F252013,30,18,0.3,"[506.68015497255806, 2.931494951248169]"
F252013,30,18,0.4,"[376.37150331261, 3.8516805171966553]"
F252013,30,18,0.5,"[366.5003787278288, 4.801687479019165]"
F252013,30,18,0.6,"[365.5960809403607, 5.722649335861206]"
F252013,30,18,0.7,"[365.59369955430157, 6.6433000564575195]"
F252013,30,18,0.8,"[365.5763700407865, 7.563004732131958]"
F252013,30,18,0.9,"[365.57624757541134, 8.514527082443237]"
F252013,30,18,1.0,"[365.5725766289829, 9.435013055801392]"
F252013,30,19,0.01,"[415.3707854180918, 0.22642922401428223]"
F252013,30,19,0.1,"[413.84002726127756, 1.123685598373413]"
F252013,30,19,0.2,"[413.154179197536, 2.04999041557312]"
F252013,30,19,0.3,"[413.154179197536, 2.973947048187256]"
F252013,30,19,0.4,"[413.0870131214208, 3.897937297821045]"
F252013,30,19,0.5,"[413.0552705966577, 4.853931188583374]"
F252013,30,19,0.6,"[413.0547315901433, 5.779379606246948]"
F252013,30,19,0.7,"[412.97699184968997, 6.705303907394409]"
F252013,30,19,0.8,"[412.97684286408435, 7.630482196807861]"
F252013,30,19,0.9,"[412.97678241969857, 8.584823608398438]"
F252013,30,19,1.0,"[379.21347085828984, 9.511297225952148]"
F252013,30,20,0.01,"[451.35511361614704, 0.12029385566711426]"
F252013,30,20,0.1,"[451.3548889731326, 0.9510939121246338]"
F252013,30,20,0.2,"[451.32428990030417, 1.874574899673462]"
F252013,30,20,0.3,"[451.3241969886278, 2.7964324951171875]"
F252013,30,20,0.4,"[451.32145806008884, 3.722266435623169]"
F252013,30,20,0.5,"[451.32131249649456, 4.67679238319397]"
F252013,30,20,0.6,"[451.32115453504866, 5.6010801792144775]"
F252013,30,20,0.7,"[392.7939898912284, 6.524044036865234]"
F252013,30,20,0.8,"[392.76417025868454, 7.448835372924805]"
F252013,30,20,0.9,"[392.7521760957429, 8.402963638305664]"
F252013,30,20,1.0,"[392.75123161058946, 9.324188232421875]"
F252013,30,21,0.01,"[675.7817186758864, 0.12062954902648926]"
F252013,30,21,0.1,"[674.8918540111249, 0.9536769390106201]"
F252013,30,21,0.2,"[674.8916881832065, 1.8790898323059082]"
F252013,30,21,0.3,"[454.71005626522674, 2.8033506870269775]"
F252013,30,21,0.4,"[374.0881150389214, 3.7289390563964844]"
F252013,30,21,0.5,"[373.9705719097783, 4.687759160995483]"
F252013,30,21,0.6,"[373.9662339654392, 5.615958213806152]"
F252013,30,21,0.7,"[373.8713186441505, 6.54351282119751]"
F252013,30,21,0.8,"[373.83218947379055, 7.4700539112091064]"
F252013,30,21,0.9,"[373.83212448600193, 8.423709154129028]"
F252013,30,21,1.0,"[373.8309513575298, 9.349674463272095]"
F252013,30,22,0.01,"[733.8462935320381, 0.25313591957092285]"
F252013,30,22,0.1,"[733.8391418724118, 1.331301212310791]"
F252013,30,22,0.2,"[664.4588891753183, 2.2563133239746094]"
F252013,30,22,0.3,"[661.6484283155173, 3.177992105484009]"
F252013,30,22,0.4,"[661.4446000161875, 4.099197149276733]"
F252013,30,22,0.5,"[661.4431898715834, 5.055090427398682]"
F252013,30,22,0.6,"[463.5355378078243, 5.980615854263306]"
F252013,30,22,0.7,"[463.5348980279234, 6.905447006225586]"
F252013,30,22,0.8,"[463.53453351380244, 7.828352212905884]"
F252013,30,22,0.9,"[438.2954235445832, 8.780978441238403]"
F252013,30,22,1.0,"[438.20653401936374, 9.705688238143921]"
F252013,30,23,0.01,"[469.77612928996723, 0.22850728034973145]"
F252013,30,23,0.1,"[469.67938116034475, 1.1734099388122559]"
F252013,30,23,0.2,"[469.67021313156556, 2.0982825756073]"
F252013,30,23,0.3,"[469.653582141146, 3.020004987716675]"
F252013,30,23,0.4,"[469.0538786370237, 3.9419150352478027]"
F252013,30,23,0.5,"[469.0529097572039, 4.891547918319702]"
F252013,30,23,0.6,"[469.0526806516673, 5.813340902328491]"
F252013,30,23,0.7,"[469.04459169725465, 6.73750376701355]"
F252013,30,23,0.8,"[469.04387489399414, 7.66192889213562]"
F252013,30,23,0.9,"[469.0437795945081, 8.614615678787231]"
F252013,30,23,1.0,"[469.0436367223183, 9.536317586898804]"
F252013,30,24,0.01,"[642.174448189955, 0.12114310264587402]"
F252013,30,24,0.1,"[641.3850099260603, 0.9612200260162354]"
F252013,30,24,0.2,"[641.384991262033, 1.8899974822998047]"
F252013,30,24,0.3,"[641.366634221808, 2.818363666534424]"
F252013,30,24,0.4,"[641.3659998010503, 3.7456116676330566]"
F252013,30,24,0.5,"[641.3657335284199, 4.702986478805542]"
F252013,30,24,0.6,"[395.57087869488305, 5.631468296051025]"
F252013,30,24,0.7,"[395.5490635585602, 6.56398606300354]"
F252013,30,24,0.8,"[395.5462474173569, 7.49526834487915]"
F252013,30,24,0.9,"[395.5437346560427, 8.453190565109253]"
F252013,30,24,1.0,"[367.3595404578159, 9.380985975265503]"
F252013,30,25,0.01,"[539.0849292332989, 0.1746811866760254]"
F252013,30,25,0.1,"[539.0822594378635, 1.0116701126098633]"
F252013,30,25,0.2,"[539.0820095436181, 1.9420771598815918]"
F252013,30,25,0.3,"[539.0818658880185, 2.8689661026000977]"
F252013,30,25,0.4,"[539.0817715852584, 3.7980353832244873]"
F252013,30,25,0.5,"[539.0817694018588, 4.755418062210083]"
F252013,30,25,0.6,"[539.0817689892542, 5.684184789657593]"
F252013,30,25,0.7,"[539.0439093845084, 6.613026857376099]"
F252013,30,25,0.8,"[539.0386736414598, 7.539468288421631]"
F252013,30,25,0.9,"[539.0385725960214, 8.495795249938965]"
F252013,30,25,1.0,"[511.8423357751599, 9.422761678695679]"
F252013,30,26,0.01,"[950.6474314738421, 0.13112640380859375]"
F252013,30,26,0.1,"[708.2169783778772, 0.9683160781860352]"
F252013,30,26,0.2,"[373.6926425202969, 1.8949759006500244]"
F252013,30,26,0.3,"[373.3845062812254, 2.821514368057251]"
F252013,30,26,0.4,"[373.1943764647897, 3.7484731674194336]"
F252013,30,26,0.5,"[373.1943759708454, 4.7019336223602295]"
F252013,30,26,0.6,"[373.19284745008554, 5.628077030181885]"
F252013,30,26,0.7,"[373.19284738323904, 6.553208827972412]"
F252013,30,26,0.8,"[373.19284738323904, 7.482557773590088]"
F252013,30,26,0.9,"[373.19284738323904, 8.440572261810303]"
F252013,30,26,1.0,"[373.19284738323904, 9.365708589553833]"
F252013,30,27,0.01,"[387.0665126707945, 0.12082290649414062]"
F252013,30,27,0.1,"[386.93646150512745, 0.9592649936676025]"
F252013,30,27,0.2,"[386.9360309040235, 1.891784906387329]"
F252013,30,27,0.3,"[386.93351963530813, 2.819801092147827]"
F252013,30,27,0.4,"[386.9325606372531, 3.7481260299682617]"
F252013,30,27,0.5,"[386.93247435607964, 4.7057108879089355]"
F252013,30,27,0.6,"[386.93074047478444, 5.632396936416626]"
F252013,30,27,0.7,"[386.93068505104156, 6.560498476028442]"
F252013,30,27,0.8,"[386.91876493245513, 7.488672733306885]"
F252013,30,27,0.9,"[386.91834252359763, 8.447710990905762]"
F252013,30,27,1.0,"[386.9182307997653, 9.376395225524902]"
F252013,30,28,0.01,"[958.6210156555471, 0.24721598625183105]"
F252013,30,28,0.1,"[958.5740399396509, 1.2936673164367676]"
F252013,30,28,0.2,"[583.978461912006, 2.221802234649658]"
F252013,30,28,0.3,"[583.978461912006, 3.146089792251587]"
F252013,30,28,0.4,"[499.0665387299732, 4.071732521057129]"
F252013,30,28,0.5,"[498.95245631646367, 5.0265350341796875]"
F252013,30,28,0.6,"[382.81788391603754, 5.956430196762085]"
F252013,30,28,0.7,"[382.1040230906201, 6.884084463119507]"
F252013,30,28,0.8,"[382.09765828699847, 7.815001726150513]"
F252013,30,28,0.9,"[382.09651935329293, 8.774264574050903]"
F252013,30,28,1.0,"[381.9573077373575, 9.706289529800415]"
F252013,30,29,0.01,"[366.3867698629622, 0.14023351669311523]"
F252013,30,29,0.1,"[366.1020594275046, 1.1138725280761719]"
F252013,30,29,0.2,"[366.02045622460537, 2.1828880310058594]"
F252013,30,29,0.3,"[365.96536982351586, 3.2544209957122803]"
F252013,30,29,0.4,"[365.963283126634, 4.328420400619507]"
F252013,30,29,0.5,"[365.9631487920992, 5.435720920562744]"
F252013,30,29,0.6,"[364.5220354587716, 6.514464378356934]"
F252013,30,29,0.7,"[364.5080520143156, 7.594407796859741]"
F252013,30,29,0.8,"[364.40147994291897, 8.673597812652588]"
F252013,30,29,0.9,"[364.25927637617656, 9.784456253051758]"
F252013,30,29,1.0,"[364.2588525222852, 10.718798875808716]"
F252013,30,30,0.01,"[362.3899604126718, 0.12040281295776367]"
F252013,30,30,0.1,"[361.2329421938423, 0.9540038108825684]"
F252013,30,30,0.2,"[361.228985662927, 1.8801357746124268]"
F252013,30,30,0.3,"[361.22860949251276, 2.801337242126465]"
F252013,30,30,0.4,"[361.22858489604937, 3.7259654998779297]"
F252013,30,30,0.5,"[361.22855772703906, 4.679832696914673]"
F252013,30,30,0.6,"[361.0531545372735, 5.607861757278442]"
F252013,30,30,0.7,"[361.0433363268671, 6.5355799198150635]"
F252013,30,30,0.8,"[361.0424583385998, 7.463878154754639]"
F252013,30,30,0.9,"[361.04220778413764, 8.41775918006897]"
F252013,30,30,1.0,"[361.0422049419808, 9.341217041015625]"
F252013,30,31,0.01,"[725.609279260419, 0.23808050155639648]"
F252013,30,31,0.1,"[725.1577304916691, 1.3106215000152588]"
F252013,30,31,0.2,"[426.06999394161653, 2.242136001586914]"
F252013,30,31,0.3,"[426.0329692890723, 3.167513608932495]"
F252013,30,31,0.4,"[426.0328470895172, 4.094522953033447]"
F252013,30,31,0.5,"[426.0327763372334, 5.054393291473389]"
F252013,30,31,0.6,"[426.03276851971464, 5.984609365463257]"
F252013,30,31,0.7,"[426.03276850127645, 6.9122138023376465]"
F252013,30,31,0.8,"[426.03276850127645, 7.843005418777466]"
F252013,30,31,0.9,"[426.03276850127645, 8.802307844161987]"
F252013,30,31,1.0,"[426.03276850127645, 9.728193044662476]"
F252013,30,32,0.01,"[619.888799795277, 0.2380363941192627]"
F252013,30,32,0.1,"[619.821916407695, 1.124915361404419]"
F252013,30,32,0.2,"[619.8218687195531, 2.0504326820373535]"
F252013,30,32,0.3,"[619.8218687195531, 2.973708152770996]"
F252013,30,32,0.4,"[619.8218687195531, 3.8985838890075684]"
F252013,30,32,0.5,"[619.8218687195531, 4.852458238601685]"
F252013,30,32,0.6,"[619.8218687195531, 5.778343677520752]"
F252013,30,32,0.7,"[619.8218687195531, 6.708364248275757]"
F252013,30,32,0.8,"[619.8218687195531, 7.634527683258057]"
F252013,30,32,0.9,"[619.8218687195531, 8.589491844177246]"
F252013,30,32,1.0,"[619.8218687195531, 9.514312505722046]"
F252013,30,33,0.01,"[389.4374258849439, 0.2450869083404541]"
F252013,30,33,0.1,"[389.3345098907714, 1.4487197399139404]"
F252013,30,33,0.2,"[389.33406364295615, 2.3772835731506348]"
F252013,30,33,0.3,"[389.3337750007863, 3.3009517192840576]"
F252013,30,33,0.4,"[372.24627470671385, 4.226890325546265]"
F252013,30,33,0.5,"[372.23622325663973, 5.184460639953613]"
F252013,30,33,0.6,"[372.17164753371117, 6.112059831619263]"
F252013,30,33,0.7,"[372.1712720971959, 7.0394909381866455]"
F252013,30,33,0.8,"[372.1704305233393, 7.9638519287109375]"
F252013,30,33,0.9,"[372.1675057668067, 8.916300296783447]"
F252013,30,33,1.0,"[372.1675057668067, 9.841259479522705]"
F252013,30,34,0.01,"[559.7678851524329, 0.20328092575073242]"
F252013,30,34,0.1,"[459.9420792546921, 1.0413918495178223]"
F252013,30,34,0.2,"[459.9019032220199, 1.9676017761230469]"
F252013,30,34,0.3,"[459.4910011297534, 2.891251564025879]"
F252013,30,34,0.4,"[459.49040117737013, 3.816343307495117]"
F252013,30,34,0.5,"[459.3635383163121, 4.770565748214722]"
F252013,30,34,0.6,"[459.2817291796837, 5.69783878326416]"
F252013,30,34,0.7,"[459.2766592096077, 6.625639200210571]"
F252013,30,34,0.8,"[459.27662513190353, 7.5525593757629395]"
F252013,30,34,0.9,"[459.2508336633791, 8.507174491882324]"
F252013,30,34,1.0,"[458.9111492647289, 9.434147357940674]"
F252013,30,35,0.01,"[414.01054158082616, 0.22853398323059082]"
F252013,30,35,0.1,"[413.91178028856666, 1.269519567489624]"
F252013,30,35,0.2,"[390.7236458136474, 2.198157548904419]"
F252013,30,35,0.3,"[389.97500726530893, 3.119022846221924]"
F252013,30,35,0.4,"[389.96811415439834, 4.039638519287109]"
F252013,30,35,0.5,"[389.9679439391789, 4.990753889083862]"
F252013,30,35,0.6,"[389.9643010394361, 5.9152140617370605]"
F252013,30,35,0.7,"[389.96398098275586, 6.843573331832886]"
F252013,30,35,0.8,"[389.8785278104749, 7.768739938735962]"
F252013,30,35,0.9,"[389.87711602384366, 8.723963499069214]"
F252013,30,35,1.0,"[389.87696140672824, 9.649977922439575]"
F252013,30,36,0.01,"[691.1596227825846, 0.12044358253479004]"
F252013,30,36,0.1,"[526.3589798538046, 0.9525434970855713]"
F252013,30,36,0.2,"[526.1168761067033, 1.8702664375305176]"
F252013,30,36,0.3,"[525.9686661991416, 2.7863876819610596]"
F252013,30,36,0.4,"[525.9551696774424, 3.7025563716888428]"
F252013,30,36,0.5,"[525.9531004944374, 4.649243116378784]"
F252013,30,36,0.6,"[457.0873061251268, 5.571457624435425]"
F252013,30,36,0.7,"[456.7877603539009, 6.494019269943237]"
F252013,30,36,0.8,"[373.1635310161894, 7.417651176452637]"
F252013,30,36,0.9,"[372.5519941100101, 8.364997625350952]"
F252013,30,36,1.0,"[369.22506265432344, 9.281837940216064]"
F252013,30,37,0.01,"[782.6972859892758, 0.235809326171875]"
F252013,30,37,0.1,"[772.0124054914634, 1.1273808479309082]"
F252013,30,37,0.2,"[771.9966345478165, 2.0466434955596924]"
F252013,30,37,0.3,"[771.9966345478165, 2.96598219871521]"
F252013,30,37,0.4,"[771.8501148970959, 3.884218692779541]"
F252013,30,37,0.5,"[439.8365995608094, 4.832003116607666]"
F252013,30,37,0.6,"[438.57740731499075, 5.755647897720337]"
F252013,30,37,0.7,"[438.5773849494183, 6.682490825653076]"
F252013,30,37,0.8,"[438.5768818490717, 7.607469320297241]"
F252013,30,37,0.9,"[419.15862935084124, 8.561374187469482]"
F252013,30,37,1.0,"[419.016805464903, 9.488240957260132]"
F252013,30,38,0.01,"[434.7831578126172, 0.24892020225524902]"
F252013,30,38,0.1,"[434.7451390262736, 1.2335898876190186]"
F252013,30,38,0.2,"[434.74343736853325, 2.1576411724090576]"
F252013,30,38,0.3,"[434.7432666957393, 3.0821597576141357]"
F252013,30,38,0.4,"[415.89048779433506, 4.008452892303467]"
F252013,30,38,0.5,"[415.8903490522541, 4.963428735733032]"
F252013,30,38,0.6,"[388.7963941412554, 5.8912718296051025]"
F252013,30,38,0.7,"[388.27933070747645, 6.817618370056152]"
F252013,30,38,0.8,"[388.0573579239672, 7.743748188018799]"
F252013,30,38,0.9,"[385.6631561298759, 8.698440551757812]"
F252013,30,38,1.0,"[385.63496697550227, 9.62186861038208]"
F252013,30,39,0.01,"[689.477689147468, 0.2509160041809082]"
F252013,30,39,0.1,"[689.4483134492025, 1.3265817165374756]"
F252013,30,39,0.2,"[429.9925670829134, 2.255836248397827]"
F252013,30,39,0.3,"[429.392977482157, 3.181114435195923]"
F252013,30,39,0.4,"[429.3929323081286, 4.110838413238525]"
F252013,30,39,0.5,"[429.22464439980035, 5.065840244293213]"
F252013,30,39,0.6,"[429.17887258545716, 5.995208263397217]"
F252013,30,39,0.7,"[429.1787468155858, 6.919209957122803]"
F252013,30,39,0.8,"[412.0994868731186, 7.846965789794922]"
F252013,30,39,0.9,"[411.3298330188229, 8.799867153167725]"
F252013,30,39,1.0,"[410.1995186409829, 9.724114894866943]"
F252013,30,40,0.01,"[633.0447140072376, 0.23515033721923828]"
F252013,30,40,0.1,"[630.5657388381417, 1.235746145248413]"
F252013,30,40,0.2,"[630.5637454204852, 2.164198637008667]"
F252013,30,40,0.3,"[630.5375030899315, 3.0902607440948486]"
F252013,30,40,0.4,"[630.5302864656851, 4.016763210296631]"
F252013,30,40,0.5,"[466.11139396433737, 4.9777491092681885]"
F252013,30,40,0.6,"[387.23090752636267, 5.904754400253296]"
F252013,30,40,0.7,"[386.8180141400237, 6.829568147659302]"
F252013,30,40,0.8,"[386.472270380571, 7.754750490188599]"
F252013,30,40,0.9,"[386.4343608847871, 8.709797620773315]"
F252013,30,40,1.0,"[386.42594309287915, 9.632734298706055]"
F252013,30,41,0.01,"[720.0922411044842, 0.24280381202697754]"
F252013,30,41,0.1,"[583.6645036339346, 1.450716495513916]"
F252013,30,41,0.2,"[583.5911340179723, 2.375999927520752]"
F252013,30,41,0.3,"[583.5868546171118, 3.302394390106201]"
F252013,30,41,0.4,"[419.82118414837805, 4.229535341262817]"
F252013,30,41,0.5,"[419.00203135495235, 5.1878228187561035]"
F252013,30,41,0.6,"[418.9911014935633, 6.1125383377075195]"
F252013,30,41,0.7,"[418.9884547888689, 7.034846067428589]"
F252013,30,41,0.8,"[418.98838096612894, 7.95621919631958]"
F252013,30,41,0.9,"[418.9625928505211, 8.908178567886353]"
F252013,30,41,1.0,"[352.87585043614627, 9.827568769454956]"
F252013,30,42,0.01,"[374.1685300511542, 0.14602947235107422]"
F252013,30,42,0.1,"[374.14762377983925, 0.9842500686645508]"
F252013,30,42,0.2,"[374.1453382582972, 1.906843662261963]"
F252013,30,42,0.3,"[374.145027039395, 2.8317718505859375]"
F252013,30,42,0.4,"[374.1445027696841, 3.7571160793304443]"
F252013,30,42,0.5,"[374.14444704998436, 4.711212158203125]"
F252013,30,42,0.6,"[374.1444470499555, 5.637398719787598]"
F252013,30,42,0.7,"[374.1444470499555, 6.5612382888793945]"
F252013,30,42,0.8,"[374.1444470499555, 7.483859062194824]"
F252013,30,42,0.9,"[374.1444470499555, 8.435571193695068]"
F252013,30,42,1.0,"[374.1444470499555, 9.356547594070435]"
F252013,30,43,0.01,"[425.31331374408614, 0.12080836296081543]"
F252013,30,43,0.1,"[425.238886159485, 0.9972953796386719]"
F252013,30,43,0.2,"[425.23278692839153, 1.923574447631836]"
F252013,30,43,0.3,"[425.2315465532447, 2.8506648540496826]"
F252013,30,43,0.4,"[382.4074095727501, 3.7781364917755127]"
F252013,30,43,0.5,"[382.4067294291997, 4.732357025146484]"
F252013,30,43,0.6,"[382.40642541277566, 5.659693002700806]"
F252013,30,43,0.7,"[382.406409191017, 6.5877602100372314]"
F252013,30,43,0.8,"[382.40637931077345, 7.515032052993774]"
F252013,30,43,0.9,"[382.38779740155246, 8.469884872436523]"
F252013,30,43,1.0,"[382.38276647825137, 9.392696619033813]"
F252013,30,44,0.01,"[584.1109466862692, 0.17969465255737305]"
F252013,30,44,0.1,"[583.6784776122208, 1.016418218612671]"
F252013,30,44,0.2,"[583.6436717878009, 1.9445762634277344]"
F252013,30,44,0.3,"[557.404451956048, 2.8719844818115234]"
F252013,30,44,0.4,"[520.1271177456495, 3.7984344959259033]"
F252013,30,44,0.5,"[510.8861573825311, 4.751841068267822]"
F252013,30,44,0.6,"[502.40912124686815, 5.674200773239136]"
F252013,30,44,0.7,"[502.4085262928545, 6.59860634803772]"
F252013,30,44,0.8,"[502.28532614531105, 7.523031949996948]"
F252013,30,44,0.9,"[502.28502920433857, 8.475660562515259]"
F252013,30,44,1.0,"[502.2848899963865, 9.396287679672241]"
F252013,30,45,0.01,"[1366.3259242469921, 0.13802576065063477]"
F252013,30,45,0.1,"[520.8567058813735, 0.9744296073913574]"
F252013,30,45,0.2,"[520.7755816206754, 1.900179386138916]"
F252013,30,45,0.3,"[520.7755624960164, 2.8249762058258057]"
F252013,30,45,0.4,"[520.7752620736806, 3.7517738342285156]"
F252013,30,45,0.5,"[520.7726792244603, 4.710869312286377]"
F252013,30,45,0.6,"[520.7718981944629, 5.640640735626221]"
F252013,30,45,0.7,"[520.6122532333329, 6.5709733963012695]"
F252013,30,45,0.8,"[422.6595392552483, 7.496400594711304]"
F252013,30,45,0.9,"[422.6513842447905, 8.4487624168396]"
F252013,30,45,1.0,"[422.6512787563754, 9.371806383132935]"
F252013,30,46,0.01,"[458.879671948426, 0.2145979404449463]"
F252013,30,46,0.1,"[458.4146170416943, 1.0614893436431885]"
F252013,30,46,0.2,"[457.5271706694525, 1.9857416152954102]"
F252013,30,46,0.3,"[457.5232206479541, 2.9120383262634277]"
F252013,30,46,0.4,"[457.5227937631471, 3.8395304679870605]"
F252013,30,46,0.5,"[399.89371838115994, 4.795175075531006]"
F252013,30,46,0.6,"[399.7012044479907, 5.7216713428497314]"
F252013,30,46,0.7,"[399.70004887101777, 6.649209260940552]"
F252013,30,46,0.8,"[399.6449662041548, 7.5762717723846436]"
F252013,30,46,0.9,"[399.6079454920041, 8.528099536895752]"
F252013,30,46,1.0,"[399.60773506273927, 9.44753098487854]"
F252013,30,47,0.01,"[804.3981367962228, 0.22684931755065918]"
F252013,30,47,0.1,"[804.3140970305321, 1.2080206871032715]"
F252013,30,47,0.2,"[419.6754025085065, 2.136708974838257]"
F252013,30,47,0.3,"[417.9466507749289, 3.0600454807281494]"
F252013,30,47,0.4,"[417.942364140418, 3.9861342906951904]"
F252013,30,47,0.5,"[417.91955493267596, 4.940221071243286]"
F252013,30,47,0.6,"[415.2503633890906, 5.865226984024048]"
F252013,30,47,0.7,"[415.2503633890906, 6.7941203117370605]"
F252013,30,47,0.8,"[415.2503633890906, 7.721837997436523]"
F252013,30,47,0.9,"[415.2503633890906, 8.678287506103516]"
F252013,30,47,1.0,"[415.2503633890906, 9.60281777381897]"
F252013,30,48,0.01,"[647.2226496264011, 0.11955738067626953]"
F252013,30,48,0.1,"[626.5513836679668, 0.953315019607544]"
F252013,30,48,0.2,"[624.7729044424973, 1.8766634464263916]"
F252013,30,48,0.3,"[624.2416903408698, 2.798194169998169]"
F252013,30,48,0.4,"[414.34306112517015, 3.7210302352905273]"
F252013,30,48,0.5,"[414.3421845352757, 4.675060987472534]"
F252013,30,48,0.6,"[414.3412192272647, 5.599581956863403]"
F252013,30,48,0.7,"[414.20042129077683, 6.523355484008789]"
F252013,30,48,0.8,"[414.200332775848, 7.44668436050415]"
F252013,30,48,0.9,"[362.44297163257284, 8.404589414596558]"
F252013,30,48,1.0,"[362.4429158342359, 9.332908630371094]"
F252013,30,49,0.01,"[372.64148053216013, 0.11960315704345703]"
F252013,30,49,0.1,"[372.35447934816943, 0.9540994167327881]"
F252013,30,49,0.2,"[372.3542423980159, 1.8789429664611816]"
F252013,30,49,0.3,"[372.3536089694578, 2.8021960258483887]"
F252013,30,49,0.4,"[372.35346517279095, 3.722332239151001]"
F252013,30,49,0.5,"[363.1748579833386, 4.67697286605835]"
F252013,30,49,0.6,"[363.1742881497257, 5.599828720092773]"
F252013,30,49,0.7,"[363.1741823631223, 6.5239927768707275]"
F252013,30,49,0.8,"[363.1741453451302, 7.446658611297607]"
F252013,30,49,0.9,"[362.95806799884986, 8.405049562454224]"
F252013,30,49,1.0,"[362.9580621553582, 9.33148741722107]"
F252013,30,50,0.01,"[560.470732764104, 0.12055373191833496]"
F252013,30,50,0.1,"[560.4354441849528, 0.9540579319000244]"
F252013,30,50,0.2,"[552.7618619495984, 1.8739445209503174]"
F252013,30,50,0.3,"[476.6715050831549, 2.796365261077881]"
F252013,30,50,0.4,"[475.8719030356474, 3.7202885150909424]"
F252013,30,50,0.5,"[475.83755537701836, 4.674843072891235]"
F252013,30,50,0.6,"[475.82965252407575, 5.600603103637695]"
F252013,30,50,0.7,"[475.82927529101016, 6.52560567855835]"
F252013,30,50,0.8,"[475.8291894685824, 7.449610948562622]"
F252013,30,50,0.9,"[400.6419843300889, 8.400426149368286]"
F252013,30,50,1.0,"[400.64176511087476, 9.321490287780762]"
F252013,50,0,0.01,"[859.7927257826755, 0.13450407981872559]"
F252013,50,0,0.1,"[859.7630220342235, 1.3307569026947021]"
F252013,50,0,0.2,"[859.7626345493909, 2.591602325439453]"
F252013,50,0,0.3,"[484.5959419422836, 3.8537168502807617]"
F252013,50,0,0.4,"[484.59502444394957, 5.1150453090667725]"
F252013,50,0,0.5,"[484.5941401078039, 6.444031476974487]"
F252013,50,0,0.6,"[484.59414010554315, 7.707689046859741]"
F252013,50,0,0.7,"[484.59345482895765, 8.972155094146729]"
F252013,50,0,0.8,"[484.5932955954311, 10.23438549041748]"
F252013,50,0,0.9,"[483.88003737104304, 11.560444355010986]"
F252013,50,0,1.0,"[483.8657072056076, 12.820675611495972]"
F252013,50,1,0.01,"[876.061809486353, 0.13409090042114258]"
F252013,50,1,0.1,"[875.7714806027852, 1.3289740085601807]"
F252013,50,1,0.2,"[875.7712027685163, 2.5871517658233643]"
F252013,50,1,0.3,"[573.4801616963168, 3.85054612159729]"
F252013,50,1,0.4,"[573.1570128865601, 5.108062982559204]"
F252013,50,1,0.5,"[573.155121872383, 6.435443639755249]"
F252013,50,1,0.6,"[573.1466521035418, 7.694896459579468]"
F252013,50,1,0.7,"[573.1463541402218, 8.952894449234009]"
F252013,50,1,0.8,"[573.1461589284079, 10.21039366722107]"
F252013,50,1,0.9,"[524.6938380725776, 11.536371231079102]"
F252013,50,1,1.0,"[523.0197959866, 12.796674728393555]"
F252013,50,2,0.01,"[679.9611617252831, 0.1343095302581787]"
F252013,50,2,0.1,"[679.9607170222585, 1.3312721252441406]"
F252013,50,2,0.2,"[521.4198401238996, 2.5951688289642334]"
F252013,50,2,0.3,"[517.2498813418144, 3.857485055923462]"
F252013,50,2,0.4,"[517.1922261416712, 5.120445251464844]"
F252013,50,2,0.5,"[517.1701111270631, 6.451633930206299]"
F252013,50,2,0.6,"[517.1586555184585, 7.716414213180542]"
F252013,50,2,0.7,"[517.1586370441428, 8.979189157485962]"
F252013,50,2,0.8,"[517.1582106801106, 10.241881608963013]"
F252013,50,2,0.9,"[517.1581074110791, 11.569637060165405]"
F252013,50,2,1.0,"[517.158090571389, 12.830934047698975]"
F252013,50,3,0.01,"[745.9475615804722, 0.13512730598449707]"
F252013,50,3,0.1,"[745.8434584180909, 1.337348461151123]"
F252013,50,3,0.2,"[745.8432511644392, 2.604158878326416]"
F252013,50,3,0.3,"[745.7934915924202, 3.8691506385803223]"
F252013,50,3,0.4,"[745.793014706991, 5.13386869430542]"
F252013,50,3,0.5,"[579.9133665178811, 6.465628385543823]"
F252013,50,3,0.6,"[579.854089412135, 7.7324676513671875]"
F252013,50,3,0.7,"[579.8520681021382, 8.99653434753418]"
F252013,50,3,0.8,"[579.8095808903745, 10.261049747467041]"
F252013,50,3,0.9,"[579.809045579424, 11.59171986579895]"
F252013,50,3,1.0,"[534.4658380968897, 12.855717897415161]"
F252013,50,4,0.01,"[665.0564210622081, 0.13421988487243652]"
F252013,50,4,0.1,"[664.1852297247988, 1.3274059295654297]"
F252013,50,4,0.2,"[664.1838718570211, 2.585740804672241]"
F252013,50,4,0.3,"[664.1837114636155, 3.851187229156494]"
F252013,50,4,0.4,"[664.1831913498518, 5.11138916015625]"
F252013,50,4,0.5,"[664.1824867043447, 6.439602851867676]"
F252013,50,4,0.6,"[664.182431564944, 7.697820663452148]"
F252013,50,4,0.7,"[664.182391044719, 8.956984996795654]"
F252013,50,4,0.8,"[664.182335675147, 10.21567440032959]"
F252013,50,4,0.9,"[664.1749924103756, 11.540102005004883]"
F252013,50,4,1.0,"[664.1749863240179, 12.798013925552368]"
F252013,50,5,0.01,"[984.2830534236587, 0.13467073440551758]"
F252013,50,5,0.1,"[984.211280087382, 1.3326265811920166]"
F252013,50,5,0.2,"[984.1610069977232, 2.5962769985198975]"
F252013,50,5,0.3,"[984.1445544438229, 3.8643856048583984]"
F252013,50,5,0.4,"[984.1443970602495, 5.131311655044556]"
F252013,50,5,0.5,"[984.1433120290512, 6.466419458389282]"
F252013,50,5,0.6,"[984.1431963519153, 7.733853101730347]"
F252013,50,5,0.7,"[728.4259263670906, 8.998836278915405]"
F252013,50,5,0.8,"[620.7877441001885, 10.264159440994263]"
F252013,50,5,0.9,"[620.7876728792785, 11.595788955688477]"
F252013,50,5,1.0,"[620.7874093875089, 12.85693883895874]"
F252013,50,6,0.01,"[705.4677048028218, 0.134124755859375]"
F252013,50,6,0.1,"[705.4209980906894, 1.3289167881011963]"
F252013,50,6,0.2,"[705.4177998803016, 2.587895631790161]"
F252013,50,6,0.3,"[705.417758564625, 3.847153902053833]"
F252013,50,6,0.4,"[705.4176547522759, 5.108155012130737]"
F252013,50,6,0.5,"[705.4176513590078, 6.436305999755859]"
F252013,50,6,0.6,"[705.4176513590078, 7.697693586349487]"
F252013,50,6,0.7,"[705.4176513590078, 8.957802295684814]"
F252013,50,6,0.8,"[705.4176513590078, 10.218891143798828]"
F252013,50,6,0.9,"[705.4176513590078, 11.544323205947876]"
F252013,50,6,1.0,"[705.4176513590078, 12.801072359085083]"
F252013,50,7,0.01,"[1126.4341574373739, 0.13419365882873535]"
F252013,50,7,0.1,"[1126.4319727831462, 1.3298654556274414]"
F252013,50,7,0.2,"[1126.431884150803, 2.589276075363159]"
F252013,50,7,0.3,"[751.8239385128086, 3.850172996520996]"
F252013,50,7,0.4,"[751.7721656852016, 5.1108503341674805]"
F252013,50,7,0.5,"[751.7715715983243, 6.440224885940552]"
F252013,50,7,0.6,"[631.0785978231745, 7.701766490936279]"
F252013,50,7,0.7,"[631.0770985036088, 8.965514898300171]"
F252013,50,7,0.8,"[631.0767338431124, 10.226871490478516]"
F252013,50,7,0.9,"[631.076581059745, 11.554198265075684]"
F252013,50,7,1.0,"[631.0765321994877, 12.816288948059082]"
F252013,50,8,0.01,"[1276.5772655178362, 0.13443207740783691]"
F252013,50,8,0.1,"[1276.57306725122, 1.3314156532287598]"
F252013,50,8,0.2,"[1276.5728243091698, 2.593205451965332]"
F252013,50,8,0.3,"[606.1202524478597, 3.8579843044281006]"
F252013,50,8,0.4,"[606.1000179783518, 5.121346950531006]"
F252013,50,8,0.5,"[606.0455927518829, 6.45427680015564]"
F252013,50,8,0.6,"[606.0099084706039, 7.721848487854004]"
F252013,50,8,0.7,"[606.0085052933573, 8.990829944610596]"
F252013,50,8,0.8,"[606.0049511878362, 10.261541604995728]"
F252013,50,8,0.9,"[606.0048628977752, 11.597080707550049]"
F252013,50,8,1.0,"[606.0045526445451, 12.865188360214233]"
F252013,50,9,0.01,"[637.212077386949, 0.1343393325805664]"
F252013,50,9,0.1,"[637.0673274720143, 1.3316826820373535]"
F252013,50,9,0.2,"[637.0644418180143, 2.59470534324646]"
F252013,50,9,0.3,"[636.9114233727757, 3.86118483543396]"
F252013,50,9,0.4,"[636.9099116332, 5.12827730178833]"
F252013,50,9,0.5,"[549.7295814822769, 6.460713624954224]"
F252013,50,9,0.6,"[546.7099293475371, 7.724189758300781]"
F252013,50,9,0.7,"[546.7054087287222, 8.986713409423828]"
F252013,50,9,0.8,"[546.6395606746414, 10.247105836868286]"
F252013,50,9,0.9,"[546.6395606746414, 11.573348045349121]"
F252013,50,9,1.0,"[546.6395606746414, 12.835999727249146]"
F252013,50,10,0.01,"[516.2690480490289, 0.1343545913696289]"
F252013,50,10,0.1,"[516.249010582831, 1.330359935760498]"
F252013,50,10,0.2,"[516.2490026434023, 2.591588258743286]"
F252013,50,10,0.3,"[516.2489165024081, 3.857604503631592]"
F252013,50,10,0.4,"[516.2488979346738, 5.120043992996216]"
F252013,50,10,0.5,"[516.2480110725614, 6.447927713394165]"
F252013,50,10,0.6,"[516.0735862813463, 7.709125280380249]"
F252013,50,10,0.7,"[516.0711941680227, 8.972614526748657]"
F252013,50,10,0.8,"[516.0708448049488, 10.233767747879028]"
F252013,50,10,0.9,"[516.0706300961999, 11.561305522918701]"
F252013,50,10,1.0,"[516.0705772521314, 12.823983907699585]"
F252013,50,11,0.01,"[1046.7561736458947, 0.1340503692626953]"
F252013,50,11,0.1,"[1045.0903741259044, 1.3312156200408936]"
F252013,50,11,0.2,"[1045.076707524901, 2.5930652618408203]"
F252013,50,11,0.3,"[1045.0747676684832, 3.852480888366699]"
F252013,50,11,0.4,"[1045.0747544642045, 5.111887454986572]"
F252013,50,11,0.5,"[1045.0744905447073, 6.437033176422119]"
F252013,50,11,0.6,"[961.7571477149918, 7.696101427078247]"
F252013,50,11,0.7,"[961.7565057987522, 8.954657316207886]"
F252013,50,11,0.8,"[961.7563488488322, 10.212396144866943]"
F252013,50,11,0.9,"[961.7560725468056, 11.536302089691162]"
F252013,50,11,1.0,"[961.7560641422124, 12.792343854904175]"
F252013,50,12,0.01,"[909.6545979269081, 0.13394951820373535]"
F252013,50,12,0.1,"[909.6545053911454, 1.3274831771850586]"
F252013,50,12,0.2,"[500.45971135810555, 2.5857696533203125]"
F252013,50,12,0.3,"[494.6644137413941, 3.8442564010620117]"
F252013,50,12,0.4,"[494.47412629315454, 5.101727485656738]"
F252013,50,12,0.5,"[494.44271446743505, 6.425281763076782]"
F252013,50,12,0.6,"[494.43785972840215, 7.682333469390869]"
F252013,50,12,0.7,"[494.4376933234887, 8.940620422363281]"
F252013,50,12,0.8,"[494.43761346924657, 10.19842267036438]"
F252013,50,12,0.9,"[494.43730532335303, 11.52325439453125]"
F252013,50,12,1.0,"[494.4372131901664, 12.786894798278809]"
F252013,50,13,0.01,"[868.0844684060287, 0.13448786735534668]"
F252013,50,13,0.1,"[868.0443838882175, 1.3316879272460938]"
F252013,50,13,0.2,"[485.3780550205031, 2.592968702316284]"
F252013,50,13,0.3,"[485.3325409387153, 3.8537228107452393]"
F252013,50,13,0.4,"[452.41883471238816, 5.115343809127808]"
F252013,50,13,0.5,"[451.38797007548646, 6.44471287727356]"
F252013,50,13,0.6,"[451.3222892028225, 7.708640098571777]"
F252013,50,13,0.7,"[451.0567277767991, 8.97103500366211]"
F252013,50,13,0.8,"[451.0486758042921, 10.232163429260254]"
F252013,50,13,0.9,"[451.0476969733754, 11.563525915145874]"
F252013,50,13,1.0,"[448.5406186045934, 12.827467203140259]"
F252013,50,14,0.01,"[777.8404815810377, 0.13397693634033203]"
F252013,50,14,0.1,"[777.8398074156253, 1.3303649425506592]"
F252013,50,14,0.2,"[777.8397735029241, 2.592082977294922]"
F252013,50,14,0.3,"[602.6925735742657, 3.8540847301483154]"
F252013,50,14,0.4,"[601.6856543381921, 5.115426063537598]"
F252013,50,14,0.5,"[601.6754159466122, 6.4443254470825195]"
F252013,50,14,0.6,"[601.5062516351345, 7.703155517578125]"
F252013,50,14,0.7,"[601.5018827148119, 8.961910486221313]"
F252013,50,14,0.8,"[601.5018802579416, 10.22226858139038]"
F252013,50,14,0.9,"[601.5016711667454, 11.548655033111572]"
F252013,50,14,1.0,"[531.793965799613, 12.81165599822998]"
F252013,50,15,0.01,"[998.1955344381458, 0.13435006141662598]"
F252013,50,15,0.1,"[998.1333689960156, 1.3336827754974365]"
F252013,50,15,0.2,"[854.4533217347434, 2.599238634109497]"
F252013,50,15,0.3,"[854.3997765314471, 3.861065626144409]"
F252013,50,15,0.4,"[854.3964768774715, 5.1222124099731445]"
F252013,50,15,0.5,"[854.2915979229824, 6.44844913482666]"
F252013,50,15,0.6,"[488.2940757476181, 7.710002183914185]"
F252013,50,15,0.7,"[487.83648530692176, 8.970505714416504]"
F252013,50,15,0.8,"[487.83590603473885, 10.230052471160889]"
F252013,50,15,0.9,"[487.83575775521945, 11.555480480194092]"
F252013,50,15,1.0,"[487.8357577493048, 12.81594181060791]"
F252013,50,16,0.01,"[627.4736924251076, 0.1525406837463379]"
F252013,50,16,0.1,"[627.3830464445177, 1.5164003372192383]"
F252013,50,16,0.2,"[627.3793290130488, 2.951876401901245]"
F252013,50,16,0.3,"[509.92241135107133, 4.3864922523498535]"
F252013,50,16,0.4,"[509.9181300356056, 5.820689916610718]"
F252013,50,16,0.5,"[509.8976300441425, 7.333433151245117]"
F252013,50,16,0.6,"[509.8976299866881, 8.766717433929443]"
F252013,50,16,0.7,"[509.89737535767154, 10.201440334320068]"
F252013,50,16,0.8,"[509.8911148813172, 11.638118028640747]"
F252013,50,16,0.9,"[509.89003187291155, 13.146059036254883]"
F252013,50,16,1.0,"[509.8898605106044, 14.577426671981812]"
F252013,50,17,0.01,"[590.5343190168696, 0.1342313289642334]"
F252013,50,17,0.1,"[588.7890033748208, 1.3296597003936768]"
F252013,50,17,0.2,"[588.7889336189835, 2.5903024673461914]"
F252013,50,17,0.3,"[588.78880734723, 3.851712465286255]"
F252013,50,17,0.4,"[588.7888073418344, 5.113655090332031]"
F252013,50,17,0.5,"[588.788806875322, 6.443570375442505]"
F252013,50,17,0.6,"[588.788806875322, 7.70607590675354]"
F252013,50,17,0.7,"[588.788806875322, 8.967427253723145]"
F252013,50,17,0.8,"[588.788806875322, 10.227742671966553]"
F252013,50,17,0.9,"[588.788806875322, 11.557351350784302]"
F252013,50,17,1.0,"[588.788806875322, 12.818048238754272]"
F252013,50,18,0.01,"[510.1423222354249, 0.1341230869293213]"
F252013,50,18,0.1,"[509.1594818073272, 1.3328158855438232]"
F252013,50,18,0.2,"[508.95849105229627, 2.5957868099212646]"
F252013,50,18,0.3,"[508.7228879985746, 3.8583743572235107]"
F252013,50,18,0.4,"[508.55550537990484, 5.120043754577637]"
F252013,50,18,0.5,"[508.55542801775823, 6.451776742935181]"
F252013,50,18,0.6,"[508.55469821740326, 7.7162041664123535]"
F252013,50,18,0.7,"[508.5545705804452, 8.981518268585205]"
F252013,50,18,0.8,"[508.55456814645754, 10.247981548309326]"
F252013,50,18,0.9,"[508.52188455043597, 11.575834035873413]"
F252013,50,18,1.0,"[508.51775698150027, 12.83481740951538]"
F252013,50,19,0.01,"[710.1054342208399, 0.1338353157043457]"
F252013,50,19,0.1,"[710.0125980151001, 1.3266258239746094]"
F252013,50,19,0.2,"[580.5895518612797, 2.5843253135681152]"
F252013,50,19,0.3,"[579.3998223434098, 3.8419740200042725]"
F252013,50,19,0.4,"[579.3998223434098, 5.1000075340271]"
F252013,50,19,0.5,"[579.3909021449208, 6.423401117324829]"
F252013,50,19,0.6,"[579.3618814566967, 7.6828696727752686]"
F252013,50,19,0.7,"[579.3203852571426, 8.94379472732544]"
F252013,50,19,0.8,"[579.320211912803, 10.204357624053955]"
F252013,50,19,0.9,"[579.3199262548637, 11.528039455413818]"
F252013,50,19,1.0,"[579.3199261772802, 12.78618574142456]"
F252013,50,20,0.01,"[687.7691790774877, 0.1341712474822998]"
F252013,50,20,0.1,"[687.445967987582, 1.327568769454956]"
F252013,50,20,0.2,"[686.3206469624752, 2.5842950344085693]"
F252013,50,20,0.3,"[686.2801000798695, 3.8388333320617676]"
F252013,50,20,0.4,"[686.2791457603034, 5.095012664794922]"
F252013,50,20,0.5,"[686.2790430415616, 6.421706676483154]"
F252013,50,20,0.6,"[686.2787249513071, 7.680786609649658]"
F252013,50,20,0.7,"[686.2785364922784, 8.940184116363525]"
F252013,50,20,0.8,"[686.2784911383035, 10.200847864151001]"
F252013,50,20,0.9,"[686.278473444283, 11.526920080184937]"
F252013,50,20,1.0,"[686.278473444283, 12.78573989868164]"
F252013,50,21,0.01,"[533.6628922183822, 0.1334972381591797]"
F252013,50,21,0.1,"[533.0110851640395, 1.3249659538269043]"
F252013,50,21,0.2,"[533.0100919834583, 2.5812456607818604]"
F252013,50,21,0.3,"[533.0100796136869, 3.8355774879455566]"
F252013,50,21,0.4,"[533.0095421338706, 5.090763568878174]"
F252013,50,21,0.5,"[532.8870735255641, 6.414923667907715]"
F252013,50,21,0.6,"[532.8809369228038, 7.673904895782471]"
F252013,50,21,0.7,"[532.7220587923389, 8.931108951568604]"
F252013,50,21,0.8,"[532.7220586892845, 10.188293933868408]"
F252013,50,21,0.9,"[532.6895540331584, 11.513379573822021]"
F252013,50,21,1.0,"[532.6895538847721, 12.768397331237793]"
F252013,50,22,0.01,"[597.9728266599916, 0.1342313289642334]"
F252013,50,22,0.1,"[597.6809214046184, 1.3281664848327637]"
F252013,50,22,0.2,"[597.5629757544139, 2.587644338607788]"
F252013,50,22,0.3,"[597.5433159650424, 3.8468971252441406]"
F252013,50,22,0.4,"[597.5433102544864, 5.106736660003662]"
F252013,50,22,0.5,"[597.534864256042, 6.4315025806427]"
F252013,50,22,0.6,"[597.5301685949903, 7.691205263137817]"
F252013,50,22,0.7,"[597.5299799399731, 8.951064825057983]"
F252013,50,22,0.8,"[573.1228361105573, 10.212498426437378]"
F252013,50,22,0.9,"[573.1216015426562, 11.537729024887085]"
F252013,50,22,1.0,"[573.1202713261969, 12.799279928207397]"
F252013,50,23,0.01,"[822.1640293114788, 0.1341722011566162]"
F252013,50,23,0.1,"[822.1639897294162, 1.331993818283081]"
F252013,50,23,0.2,"[700.8119216779739, 2.5933191776275635]"
F252013,50,23,0.3,"[700.7070823022536, 3.854933261871338]"
F252013,50,23,0.4,"[700.7065248514077, 5.1171886920928955]"
F252013,50,23,0.5,"[698.6250394134313, 6.448672771453857]"
F252013,50,23,0.6,"[698.6041667914751, 7.711425065994263]"
F252013,50,23,0.7,"[698.603639311606, 8.973277807235718]"
F252013,50,23,0.8,"[698.5393253681868, 10.23644471168518]"
F252013,50,23,0.9,"[698.5292595243905, 11.567624568939209]"
F252013,50,23,1.0,"[698.5291414372996, 12.828954458236694]"
F252013,50,24,0.01,"[1085.2706845229736, 0.13376641273498535]"
F252013,50,24,0.1,"[1084.9877217889016, 1.3299295902252197]"
F252013,50,24,0.2,"[1084.9679089019287, 2.5916240215301514]"
F252013,50,24,0.3,"[1084.9671435473856, 3.8503077030181885]"
F252013,50,24,0.4,"[1084.9671113518352, 5.108057737350464]"
F252013,50,24,0.5,"[1084.9669216127859, 6.432560205459595]"
F252013,50,24,0.6,"[958.6103214531431, 7.69348669052124]"
F252013,50,24,0.7,"[470.54164938754616, 8.954736709594727]"
F252013,50,24,0.8,"[470.2689770403729, 10.216110944747925]"
F252013,50,24,0.9,"[470.19341211421033, 11.54703140258789]"
F252013,50,24,1.0,"[470.1930922162403, 12.805707216262817]"
F252013,50,25,0.01,"[1141.4228433274848, 0.13458728790283203]"
F252013,50,25,0.1,"[1140.8748124429171, 1.33274245262146]"
F252013,50,25,0.2,"[1140.6513324091725, 2.596433639526367]"
F252013,50,25,0.3,"[1140.6513324091725, 3.8623874187469482]"
F252013,50,25,0.4,"[1140.6354907894256, 5.129746437072754]"
F252013,50,25,0.5,"[662.9918205934412, 6.4619810581207275]"
F252013,50,25,0.6,"[662.9390579901915, 7.726500511169434]"
F252013,50,25,0.7,"[662.938959359316, 8.98701810836792]"
F252013,50,25,0.8,"[662.9386912061436, 10.249996900558472]"
F252013,50,25,0.9,"[662.9386272777849, 11.578936100006104]"
F252013,50,25,1.0,"[560.0136418851284, 12.841152667999268]"
F252013,50,26,0.01,"[832.4651415602502, 0.13402199745178223]"
F252013,50,26,0.1,"[832.4559725009324, 1.3326647281646729]"
F252013,50,26,0.2,"[832.4557643175763, 2.596578359603882]"
F252013,50,26,0.3,"[832.4557580675653, 3.8637373447418213]"
F252013,50,26,0.4,"[832.4433873670637, 5.126424551010132]"
F252013,50,26,0.5,"[832.4398919974578, 6.455376625061035]"
F252013,50,26,0.6,"[832.43967864622, 7.717074632644653]"
F252013,50,26,0.7,"[832.4226449428506, 8.97878360748291]"
F252013,50,26,0.8,"[832.4226304575343, 10.237841129302979]"
F252013,50,26,0.9,"[832.4223140722374, 11.564721584320068]"
F252013,50,26,1.0,"[832.4222576128809, 12.827330827713013]"
F252013,50,27,0.01,"[585.3106549663366, 0.13455748558044434]"
F252013,50,27,0.1,"[585.2928881974099, 1.3355612754821777]"
F252013,50,27,0.2,"[585.2927729426583, 2.6024997234344482]"
F252013,50,27,0.3,"[585.2394781150879, 3.8694980144500732]"
F252013,50,27,0.4,"[585.2360876971045, 5.137511491775513]"
F252013,50,27,0.5,"[585.2356803530251, 6.473564624786377]"
F252013,50,27,0.6,"[585.2356803530251, 7.740538835525513]"
F252013,50,27,0.7,"[585.2356803530251, 9.00673222541809]"
F252013,50,27,0.8,"[585.235384608671, 10.275285720825195]"
F252013,50,27,0.9,"[585.2352272401233, 11.608993530273438]"
F252013,50,27,1.0,"[585.2352261936417, 12.876551628112793]"
F252013,50,28,0.01,"[738.2876923172817, 0.13415741920471191]"
F252013,50,28,0.1,"[738.2680225073136, 1.3329291343688965]"
F252013,50,28,0.2,"[738.2673608924415, 2.601048469543457]"
F252013,50,28,0.3,"[594.422001789249, 3.8652474880218506]"
F252013,50,28,0.4,"[594.4217813823179, 5.1293556690216064]"
F252013,50,28,0.5,"[594.4216432674975, 6.458249568939209]"
F252013,50,28,0.6,"[594.4216275543235, 7.722616195678711]"
F252013,50,28,0.7,"[594.4215672716223, 8.986130714416504]"
F252013,50,28,0.8,"[594.4215626459845, 10.25005841255188]"
F252013,50,28,0.9,"[594.0918657188267, 11.575941801071167]"
F252013,50,28,1.0,"[594.0912148167376, 12.83629059791565]"
F252013,50,29,0.01,"[1047.6412625165513, 0.13401079177856445]"
F252013,50,29,0.1,"[1047.6040238159203, 1.3277547359466553]"
F252013,50,29,0.2,"[1047.5990813543308, 2.587317943572998]"
F252013,50,29,0.3,"[949.4517076053917, 3.8465211391448975]"
F252013,50,29,0.4,"[575.4888395461685, 5.116241216659546]"
F252013,50,29,0.5,"[574.4488596749802, 6.438740968704224]"
F252013,50,29,0.6,"[574.2866566557609, 7.69549822807312]"
F252013,50,29,0.7,"[574.2862805277739, 8.952433586120605]"
F252013,50,29,0.8,"[574.2649081185198, 10.211236715316772]"
F252013,50,29,0.9,"[573.6519915417102, 11.538100242614746]"
F252013,50,29,1.0,"[573.6519915417102, 12.791954755783081]"
F252013,50,30,0.01,"[515.5665982634177, 0.13460564613342285]"
F252013,50,30,0.1,"[514.7391650884442, 1.3343093395233154]"
F252013,50,30,0.2,"[514.6898065608452, 2.5989818572998047]"
F252013,50,30,0.3,"[514.6874162992781, 3.867194890975952]"
F252013,50,30,0.4,"[514.6874129491252, 5.135156631469727]"
F252013,50,30,0.5,"[514.6852005152452, 6.468008518218994]"
F252013,50,30,0.6,"[514.6851952466113, 7.736164093017578]"
F252013,50,30,0.7,"[514.6834389293062, 8.99836802482605]"
F252013,50,30,0.8,"[514.6832131273522, 10.260859251022339]"
F252013,50,30,0.9,"[514.6831340522629, 11.59253478050232]"
F252013,50,30,1.0,"[514.6772361508911, 12.857106685638428]"
F252013,50,31,0.01,"[538.6413863202629, 0.13426876068115234]"
F252013,50,31,0.1,"[538.281249391573, 1.3292770385742188]"
F252013,50,31,0.2,"[538.2804601006612, 2.590519905090332]"
F252013,50,31,0.3,"[538.2803929257936, 3.850825071334839]"
F252013,50,31,0.4,"[538.2796869473736, 5.110692977905273]"
F252013,50,31,0.5,"[538.279462909446, 6.439303874969482]"
F252013,50,31,0.6,"[538.2370880819049, 7.700899600982666]"
F252013,50,31,0.7,"[538.2326700029489, 8.959542751312256]"
F252013,50,31,0.8,"[538.2326696926934, 10.219306468963623]"
F252013,50,31,0.9,"[538.2299186166208, 11.54660177230835]"
F252013,50,31,1.0,"[538.2298493762776, 12.807739734649658]"
F252013,50,32,0.01,"[1187.360554166993, 0.1337292194366455]"
F252013,50,32,0.1,"[1187.354803780624, 1.3286051750183105]"
F252013,50,32,0.2,"[1187.3546461855935, 2.5876500606536865]"
F252013,50,32,0.3,"[888.7479232111696, 3.8486685752868652]"
F252013,50,32,0.4,"[888.7396279735603, 5.105694055557251]"
F252013,50,32,0.5,"[888.7396111931735, 6.429003715515137]"
F252013,50,32,0.6,"[888.6769921182554, 7.686380386352539]"
F252013,50,32,0.7,"[888.6625927733571, 8.944274425506592]"
F252013,50,32,0.8,"[888.6622020528562, 10.20467734336853]"
F252013,50,32,0.9,"[888.6620981189985, 11.530652046203613]"
F252013,50,32,1.0,"[655.0566931437074, 12.787411212921143]"
F252013,50,33,0.01,"[783.3763823704869, 0.13451480865478516]"
F252013,50,33,0.1,"[782.758722523223, 1.330796718597412]"
F252013,50,33,0.2,"[782.7248916935357, 2.5917866230010986]"
F252013,50,33,0.3,"[782.6818560101847, 3.854663133621216]"
F252013,50,33,0.4,"[782.6795956239469, 5.117412567138672]"
F252013,50,33,0.5,"[633.1468318891762, 6.446219444274902]"
F252013,50,33,0.6,"[633.1419528324247, 7.710140943527222]"
F252013,50,33,0.7,"[633.141735088368, 8.974745512008667]"
F252013,50,33,0.8,"[633.141734337074, 10.23534107208252]"
F252013,50,33,0.9,"[633.1414745673628, 11.557604789733887]"
F252013,50,33,1.0,"[632.8886396572698, 12.812241315841675]"
F252013,50,34,0.01,"[589.5164645206428, 0.13420796394348145]"
F252013,50,34,0.1,"[589.4306371458256, 1.331094741821289]"
F252013,50,34,0.2,"[589.4305835415917, 2.591686725616455]"
F252013,50,34,0.3,"[589.4295332006827, 3.856924057006836]"
F252013,50,34,0.4,"[589.4288995323964, 5.121716022491455]"
F252013,50,34,0.5,"[589.4277169202505, 6.452230930328369]"
F252013,50,34,0.6,"[589.4276633333297, 7.7180304527282715]"
F252013,50,34,0.7,"[589.4275535855654, 8.982131242752075]"
F252013,50,34,0.8,"[589.4275456181144, 10.243709802627563]"
F252013,50,34,0.9,"[589.427452531402, 11.565242528915405]"
F252013,50,34,1.0,"[589.4274451132294, 12.821428060531616]"
F252013,50,35,0.01,"[772.9393750358668, 0.13508009910583496]"
F252013,50,35,0.1,"[772.8717875683956, 1.3390307426452637]"
F252013,50,35,0.2,"[772.8711777814644, 2.603313684463501]"
F252013,50,35,0.3,"[772.828714330723, 3.8740100860595703]"
F252013,50,35,0.4,"[772.827232614919, 5.141587972640991]"
F252013,50,35,0.5,"[751.7754184112384, 6.47686505317688]"
F252013,50,35,0.6,"[751.7754184112384, 7.7377026081085205]"
F252013,50,35,0.7,"[591.5933732319263, 8.99791169166565]"
F252013,50,35,0.8,"[591.5191943829741, 10.258273363113403]"
F252013,50,35,0.9,"[591.3852457690432, 11.58581256866455]"
F252013,50,35,1.0,"[591.3835876989892, 12.847471237182617]"
F252013,50,36,0.01,"[658.2067771654504, 0.1338939666748047]"
F252013,50,36,0.1,"[656.7517646793135, 1.3280534744262695]"
F252013,50,36,0.2,"[656.1037682000467, 2.5883946418762207]"
F252013,50,36,0.3,"[656.1037682000467, 3.8518378734588623]"
F252013,50,36,0.4,"[656.1037682000467, 5.113824367523193]"
F252013,50,36,0.5,"[656.1037682000467, 6.436421871185303]"
F252013,50,36,0.6,"[656.1037682000467, 7.692991018295288]"
F252013,50,36,0.7,"[656.1037682000467, 8.947449445724487]"
F252013,50,36,0.8,"[656.1037682000467, 10.19971251487732]"
F252013,50,36,0.9,"[656.1037682000467, 11.517667770385742]"
F252013,50,36,1.0,"[656.1037682000467, 12.769956111907959]"
F252013,50,37,0.01,"[828.7653639783964, 0.13496875762939453]"
F252013,50,37,0.1,"[828.5825552513979, 1.3337316513061523]"
F252013,50,37,0.2,"[828.564287775012, 2.595339775085449]"
F252013,50,37,0.3,"[828.5642838359518, 3.850870132446289]"
F252013,50,37,0.4,"[828.5567101650367, 5.09958028793335]"
F252013,50,37,0.5,"[828.5563392221602, 6.415231704711914]"
F252013,50,37,0.6,"[828.5560989733513, 7.664353847503662]"
F252013,50,37,0.7,"[828.5560816470336, 8.914077997207642]"
F252013,50,37,0.8,"[828.5559888320954, 10.162820100784302]"
F252013,50,37,0.9,"[515.3630380339146, 11.479973793029785]"
F252013,50,37,1.0,"[514.5878049557564, 12.733266592025757]"
F252013,50,38,0.01,"[633.8793487336434, 0.13376569747924805]"
F252013,50,38,0.1,"[633.6686147312573, 1.3289408683776855]"
F252013,50,38,0.2,"[633.6682181608132, 2.5891530513763428]"
F252013,50,38,0.3,"[633.667704083492, 3.8543965816497803]"
F252013,50,38,0.4,"[633.6463486774344, 5.120380401611328]"
F252013,50,38,0.5,"[633.6448414614295, 6.452226638793945]"
F252013,50,38,0.6,"[633.6448242454655, 7.718352317810059]"
F252013,50,38,0.7,"[633.6445625035992, 8.980551719665527]"
F252013,50,38,0.8,"[633.6443595152082, 10.240392446517944]"
F252013,50,38,0.9,"[633.6443469015176, 11.567538022994995]"
F252013,50,38,1.0,"[633.6443443052185, 12.831292390823364]"
F252013,50,39,0.01,"[1261.828434464032, 0.13481402397155762]"
F252013,50,39,0.1,"[1261.8244639201766, 1.334352731704712]"
F252013,50,39,0.2,"[620.2422949080055, 2.601181983947754]"
F252013,50,39,0.3,"[620.2420895570071, 3.867347240447998]"
F252013,50,39,0.4,"[620.242072246142, 5.133780241012573]"
F252013,50,39,0.5,"[620.2420697390435, 6.467756748199463]"
F252013,50,39,0.6,"[591.7443243561343, 7.734946250915527]"
F252013,50,39,0.7,"[591.7418365407916, 9.002825260162354]"
F252013,50,39,0.8,"[591.7329944731498, 10.27074408531189]"
F252013,50,39,0.9,"[591.7308270206418, 11.605493783950806]"
F252013,50,39,1.0,"[591.730470285082, 12.873116254806519]"
F252013,50,40,0.01,"[1097.4446139314186, 0.13505911827087402]"
F252013,50,40,0.1,"[1097.3613827443678, 1.3359153270721436]"
F252013,50,40,0.2,"[1097.358862970913, 2.6019699573516846]"
F252013,50,40,0.3,"[1097.3579672871642, 3.867980718612671]"
F252013,50,40,0.4,"[1097.3575664800155, 5.134085178375244]"
F252013,50,40,0.5,"[1097.3573117142328, 6.468576431274414]"
F252013,50,40,0.6,"[1097.3570108572303, 7.734941005706787]"
F252013,50,40,0.7,"[1097.3569315263912, 8.99954628944397]"
F252013,50,40,0.8,"[1097.3569315263912, 10.266554355621338]"
F252013,50,40,0.9,"[1097.3378642284852, 11.602241277694702]"
F252013,50,40,1.0,"[781.267380737735, 12.869001626968384]"
F252013,50,41,0.01,"[897.5280706541394, 0.13413166999816895]"
F252013,50,41,0.1,"[897.4095811359794, 1.3358139991760254]"
F252013,50,41,0.2,"[897.4091739605601, 2.601875066757202]"
F252013,50,41,0.3,"[618.5692709406312, 3.867316246032715]"
F252013,50,41,0.4,"[618.5608723399364, 5.132382154464722]"
F252013,50,41,0.5,"[618.5607123499985, 6.466293096542358]"
F252013,50,41,0.6,"[618.5607076065721, 7.731683731079102]"
F252013,50,41,0.7,"[618.5607076065721, 8.994396924972534]"
F252013,50,41,0.8,"[618.5604990028157, 10.25761342048645]"
F252013,50,41,0.9,"[618.5604753195498, 11.588415622711182]"
F252013,50,41,1.0,"[618.1497556628565, 12.857346296310425]"
F252013,50,42,0.01,"[528.3834590047163, 0.1347179412841797]"
F252013,50,42,0.1,"[528.285484779778, 1.3328797817230225]"
F252013,50,42,0.2,"[528.28479308237, 2.5970964431762695]"
F252013,50,42,0.3,"[528.2847877374506, 3.8616561889648438]"
F252013,50,42,0.4,"[528.2845365831056, 5.125277280807495]"
F252013,50,42,0.5,"[528.2845158751998, 6.455259084701538]"
F252013,50,42,0.6,"[528.2845157964034, 7.719294548034668]"
F252013,50,42,0.7,"[528.2845157964034, 8.98039174079895]"
F252013,50,42,0.8,"[528.2845157964034, 10.2408127784729]"
F252013,50,42,0.9,"[528.2845157964034, 11.568475723266602]"
F252013,50,42,1.0,"[528.2845157964034, 12.828705549240112]"
F252013,50,43,0.01,"[526.7325143041508, 0.13466262817382812]"
F252013,50,43,0.1,"[525.9325842626538, 1.3388967514038086]"
F252013,50,43,0.2,"[525.9015491544044, 2.606215715408325]"
F252013,50,43,0.3,"[525.9007153158987, 3.8799185752868652]"
F252013,50,43,0.4,"[525.535547446651, 5.167213201522827]"
F252013,50,43,0.5,"[525.3541918490648, 6.505843639373779]"
F252013,50,43,0.6,"[525.3463820916731, 7.774611473083496]"
F252013,50,43,0.7,"[525.3453015134373, 9.039179563522339]"
F252013,50,43,0.8,"[525.3452895579835, 10.305697202682495]"
F252013,50,43,0.9,"[525.3449466679504, 11.640414953231812]"
F252013,50,43,1.0,"[525.3448141673161, 12.908927917480469]"
F252013,50,44,0.01,"[540.6908955933545, 0.13460230827331543]"
F252013,50,44,0.1,"[540.5822836785846, 1.3351833820343018]"
F252013,50,44,0.2,"[540.5822657308638, 2.5988118648529053]"
F252013,50,44,0.3,"[540.5803528667427, 3.865393877029419]"
F252013,50,44,0.4,"[540.5798123989364, 5.1313111782073975]"
F252013,50,44,0.5,"[540.5795538777472, 6.465713024139404]"
F252013,50,44,0.6,"[540.579443424554, 7.73124098777771]"
F252013,50,44,0.7,"[540.4489152091662, 8.998135328292847]"
F252013,50,44,0.8,"[540.4447035916601, 10.264893054962158]"
F252013,50,44,0.9,"[540.442484816399, 11.599411487579346]"
F252013,50,44,1.0,"[540.4420629961569, 12.865980625152588]"
F252013,50,45,0.01,"[659.9501344563159, 0.13743376731872559]"
F252013,50,45,0.1,"[659.6786555410986, 1.337620496749878]"
F252013,50,45,0.2,"[659.671366869592, 2.601154327392578]"
F252013,50,45,0.3,"[659.6654635743171, 3.8654165267944336]"
F252013,50,45,0.4,"[659.6593182823146, 5.132415056228638]"
F252013,50,45,0.5,"[659.6587934979862, 6.467226505279541]"
F252013,50,45,0.6,"[476.13714538418867, 7.7365195751190186]"
F252013,50,45,0.7,"[475.7524650588341, 9.001510381698608]"
F252013,50,45,0.8,"[475.73280878347146, 10.266896486282349]"
F252013,50,45,0.9,"[475.73201531413156, 11.598711252212524]"
F252013,50,45,1.0,"[475.73192595691853, 12.864312171936035]"
F252013,50,46,0.01,"[799.131132714803, 0.13396501541137695]"
F252013,50,46,0.1,"[798.9934870972629, 1.3299667835235596]"
F252013,50,46,0.2,"[798.9934159673303, 2.5899112224578857]"
F252013,50,46,0.3,"[798.9933810207604, 3.8514509201049805]"
F252013,50,46,0.4,"[798.9931204274776, 5.113625526428223]"
F252013,50,46,0.5,"[798.9931142693849, 6.443161249160767]"
F252013,50,46,0.6,"[798.9925424614439, 7.7056567668914795]"
F252013,50,46,0.7,"[798.9924871677422, 8.966790676116943]"
F252013,50,46,0.8,"[501.62476478849885, 10.22877311706543]"
F252013,50,46,0.9,"[499.0292812991754, 11.55779242515564]"
F252013,50,46,1.0,"[499.0292082959977, 12.819607734680176]"
F252013,50,47,0.01,"[488.0745656499694, 0.13523316383361816]"
F252013,50,47,0.1,"[488.06036211180094, 1.3358919620513916]"
F252013,50,47,0.2,"[488.06008026845893, 2.6014554500579834]"
F252013,50,47,0.3,"[488.0599928281424, 3.8718185424804688]"
F252013,50,47,0.4,"[488.0598818506926, 5.139947175979614]"
F252013,50,47,0.5,"[488.05979507506277, 6.475780010223389]"
F252013,50,47,0.6,"[486.7579271234415, 7.740777254104614]"
F252013,50,47,0.7,"[486.72719839683646, 9.009001016616821]"
F252013,50,47,0.8,"[486.712985300371, 10.276514291763306]"
F252013,50,47,0.9,"[486.7098764411585, 11.608834028244019]"
F252013,50,47,1.0,"[486.70921778362754, 12.874966621398926]"
F252013,50,48,0.01,"[1062.3376642281764, 0.1324782371520996]"
F252013,50,48,0.1,"[1062.3251001057024, 1.3200254440307617]"
F252013,50,48,0.2,"[1062.3242760127723, 2.573167324066162]"
F252013,50,48,0.3,"[481.36587688158556, 3.8274807929992676]"
F252013,50,48,0.4,"[480.02673797735565, 5.08272385597229]"
F252013,50,48,0.5,"[479.9000800207675, 6.40678334236145]"
F252013,50,48,0.6,"[479.89839195174204, 7.666411399841309]"
F252013,50,48,0.7,"[479.8983638211498, 8.926760196685791]"
F252013,50,48,0.8,"[479.89825816134044, 10.190250158309937]"
F252013,50,48,0.9,"[479.8982126776309, 11.518755197525024]"
F252013,50,48,1.0,"[479.89821262191276, 12.779032945632935]"
F252013,50,49,0.01,"[608.6984435750553, 0.13245820999145508]"
F252013,50,49,0.1,"[608.5916924294759, 1.324789047241211]"
F252013,50,49,0.2,"[608.2767446744924, 2.580928325653076]"
F252013,50,49,0.3,"[608.2411543833596, 3.8374576568603516]"
F252013,50,49,0.4,"[608.2333135439767, 5.094721794128418]"
F252013,50,49,0.5,"[495.0057914640786, 6.415210485458374]"
F252013,50,49,0.6,"[494.9743211373857, 7.66794490814209]"
F252013,50,49,0.7,"[494.9743211373857, 8.91980791091919]"
F252013,50,49,0.8,"[494.91211357888346, 10.172615051269531]"
F252013,50,49,0.9,"[494.9062261141312, 11.490763902664185]"
F252013,50,49,1.0,"[494.9038850639686, 12.742779731750488]"
F252013,50,50,0.01,"[930.5819478272404, 0.13219451904296875]"
F252013,50,50,0.1,"[930.5018510861246, 1.3128108978271484]"
F252013,50,50,0.2,"[930.501851076727, 2.6401522159576416]"
F252013,50,50,0.3,"[930.4970476868389, 4.055760145187378]"
F252013,50,50,0.4,"[930.496572305389, 5.475432634353638]"
F252013,50,50,0.5,"[930.4964239882986, 6.972550392150879]"
F252013,50,50,0.6,"[619.9917587149075, 8.388296842575073]"
F252013,50,50,0.7,"[619.9560394265163, 9.723199605941772]"
F252013,50,50,0.8,"[619.9556665266925, 10.978805541992188]"
F252013,50,50,0.9,"[619.955372724135, 12.297261476516724]"
F252013,50,50,1.0,"[619.9550518687272, 13.549366474151611]"
