function,dimension,run,checkpoint,error
F32013,10,0,0.01,"[5.7820793545892125e+26, 0.04018688201904297]"
F32013,10,0,0.1,"[3.424409322274034e+24, 0.39505553245544434]"
F32013,10,0,0.2,"[4.471699218026105e+22, 0.7917816638946533]"
F32013,10,0,0.3,"[5.608660093797085e+20, 1.2011189460754395]"
F32013,10,0,0.4,"[8.180455174191553e+18, 1.6126258373260498]"
F32013,10,0,0.5,"[1.029076405374057e+17, 2.0254180431365967]"
F32013,10,0,0.6,"[1254314938929903.2, 2.43288254737854]"
F32013,10,0,0.7,"[29217505622776.96, 2.8408846855163574]"
F32013,10,0,0.8,"[3837703943162.7964, 3.248680830001831]"
F32013,10,0,0.9,"[53944934686.1181, 3.662578821182251]"
F32013,10,0,1.0,"[5105500503.609672, 4.068885564804077]"
F32013,10,1,0.01,"[289762527833666.0, 0.04177999496459961]"
F32013,10,1,0.1,"[1927819476466.5918, 0.41668224334716797]"
F32013,10,1,0.2,"[87061759403.12315, 0.82718825340271]"
F32013,10,1,0.3,"[58283015561.5753, 1.241929054260254]"
F32013,10,1,0.4,"[7345387353.714724, 1.6595509052276611]"
F32013,10,1,0.5,"[398.5987007217624, 2.074885845184326]"
F32013,10,1,0.6,"[8912.207555006364, 2.493065357208252]"
F32013,10,1,0.7,"[6860.788095349707, 2.907284736633301]"
F32013,10,1,0.8,"[21952.541286844178, 3.3246190547943115]"
F32013,10,1,0.9,"[30591.916542556573, 3.740903377532959]"
F32013,10,1,1.0,"[52609.22300263364, 4.1574318408966064]"
F32013,10,2,0.01,"[1.0456661351627902e+16, 0.04497051239013672]"
F32013,10,2,0.1,"[45929873924884.29, 0.42080163955688477]"
F32013,10,2,0.2,"[519428267537.00543, 0.837846040725708]"
F32013,10,2,0.3,"[44265183293.65945, 1.2586708068847656]"
F32013,10,2,0.4,"[17701691857.66045, 1.674100637435913]"
F32013,10,2,0.5,"[46776.969067619815, 2.0985307693481445]"
F32013,10,2,0.6,"[6310.307829712159, 2.5206096172332764]"
F32013,10,2,0.7,"[47953.50385550507, 2.9314708709716797]"
F32013,10,2,0.8,"[32828.85037080127, 3.3492817878723145]"
F32013,10,2,0.9,"[13339.583601010116, 3.7715532779693604]"
F32013,10,2,1.0,"[56116.60398506444, 4.193006753921509]"
F32013,10,3,0.01,"[1.2016323005322064e+16, 0.04182553291320801]"
F32013,10,3,0.1,"[80677065288560.42, 0.41533660888671875]"
F32013,10,3,0.2,"[995957599183.3794, 0.8328194618225098]"
F32013,10,3,0.3,"[45663191489.02695, 1.2442569732666016]"
F32013,10,3,0.4,"[3509645735.479991, 1.6520028114318848]"
F32013,10,3,0.5,"[5936638.164783586, 2.072423219680786]"
F32013,10,3,0.6,"[1926.8469622538942, 2.492363214492798]"
F32013,10,3,0.7,"[63247.583641502366, 2.905496835708618]"
F32013,10,3,0.8,"[28836.057936561047, 3.319685220718384]"
F32013,10,3,0.9,"[14362.475499543902, 3.727412223815918]"
F32013,10,3,1.0,"[85897.17055364112, 4.146136283874512]"
F32013,10,4,0.01,"[1.2782728987015601e+22, 0.06957292556762695]"
F32013,10,4,0.1,"[6.8530774932037214e+19, 0.45755863189697266]"
F32013,10,4,0.2,"[1.1020399148545549e+18, 0.8709907531738281]"
F32013,10,4,0.3,"[1.9978332285268144e+16, 1.2829842567443848]"
F32013,10,4,0.4,"[238823914319300.22, 1.6927587985992432]"
F32013,10,4,0.5,"[2206169508353.9478, 2.107595682144165]"
F32013,10,4,0.6,"[72500454384.26245, 2.5267093181610107]"
F32013,10,4,0.7,"[8281869216.516472, 2.935717821121216]"
F32013,10,4,0.8,"[70048685.71792358, 3.354522228240967]"
F32013,10,4,0.9,"[67357039.14535509, 3.763190984725952]"
F32013,10,4,1.0,"[16880.88106429108, 4.171411037445068]"
F32013,10,5,0.01,"[1706880405036.543, 0.041643619537353516]"
F32013,10,5,0.1,"[15254091963.57305, 0.422072172164917]"
F32013,10,5,0.2,"[4137992202.6455216, 0.8416149616241455]"
F32013,10,5,0.3,"[1227441.2972406147, 1.24867582321167]"
F32013,10,5,0.4,"[0.035225752001906585, 1.665930986404419]"
F32013,10,5,0.5,"[42333.937360857104, 2.086557626724243]"
F32013,10,5,0.6,"[18769.92249147849, 2.509674549102783]"
F32013,10,5,0.7,"[11674.831995363636, 2.9338526725769043]"
F32013,10,5,0.8,"[153013.48420327777, 3.3555195331573486]"
F32013,10,5,0.9,"[12390.987589446799, 3.7782633304595947]"
F32013,10,5,1.0,"[186.99159857573, 4.199665069580078]"
F32013,10,6,0.01,"[5.447853860561952e+27, 0.04242086410522461]"
F32013,10,6,0.1,"[3.408080444729335e+25, 0.41292738914489746]"
F32013,10,6,0.2,"[4.380346006163147e+23, 0.8310225009918213]"
F32013,10,6,0.3,"[5.996727917160457e+21, 1.2492475509643555]"
F32013,10,6,0.4,"[9.000594630160245e+19, 1.667449951171875]"
F32013,10,6,0.5,"[1.1282280531704124e+18, 2.0853817462921143]"
F32013,10,6,0.6,"[4.537814509990435e+16, 2.5084574222564697]"
F32013,10,6,0.7,"[724122342496097.1, 2.928278923034668]"
F32013,10,6,0.8,"[7987843206233.487, 3.341207265853882]"
F32013,10,6,0.9,"[131788745566.99944, 3.756429433822632]"
F32013,10,6,1.0,"[32996005882.563763, 4.166107416152954]"
F32013,10,7,0.01,"[1.0402338092561736e+27, 0.042611122131347656]"
F32013,10,7,0.1,"[1.0624602569250786e+25, 0.4171743392944336]"
F32013,10,7,0.2,"[1.4011185850128073e+23, 0.8310456275939941]"
F32013,10,7,0.3,"[2.3125847635553236e+21, 1.2405459880828857]"
F32013,10,7,0.4,"[3.227648672813017e+19, 1.657496690750122]"
F32013,10,7,0.5,"[7.328301174778427e+17, 2.0770821571350098]"
F32013,10,7,0.6,"[9994979974273306.0, 2.493448257446289]"
F32013,10,7,0.7,"[617920056533158.5, 2.9029760360717773]"
F32013,10,7,0.8,"[9919584948120.83, 3.321767568588257]"
F32013,10,7,0.9,"[154538090529.51685, 3.7398130893707275]"
F32013,10,7,1.0,"[20791021592.21247, 4.15028715133667]"
F32013,10,8,0.01,"[513649479087324.6, 0.04224205017089844]"
F32013,10,8,0.1,"[2155956338210.2273, 0.41567564010620117]"
F32013,10,8,0.2,"[44300729565.999504, 0.8308496475219727]"
F32013,10,8,0.3,"[15766790189.413607, 1.25276517868042]"
F32013,10,8,0.4,"[26820235.112745244, 1.6641206741333008]"
F32013,10,8,0.5,"[5272.283412067626, 2.0829076766967773]"
F32013,10,8,0.6,"[46939.07411816691, 2.494037389755249]"
F32013,10,8,0.7,"[11379.287812616632, 2.913184404373169]"
F32013,10,8,0.8,"[69227.3670107025, 3.3206868171691895]"
F32013,10,8,0.9,"[67940.65802195243, 3.7341017723083496]"
F32013,10,8,1.0,"[23522.567500193698, 4.14299201965332]"
F32013,10,9,0.01,"[332932249491.5319, 0.04202771186828613]"
F32013,10,9,0.1,"[20764937971.009087, 0.42287778854370117]"
F32013,10,9,0.2,"[1805494520.0396233, 0.8452134132385254]"
F32013,10,9,0.3,"[6336.556157052476, 1.263390302658081]"
F32013,10,9,0.4,"[8845.151429143782, 1.6858882904052734]"
F32013,10,9,0.5,"[7311.5218206703175, 2.1009089946746826]"
F32013,10,9,0.6,"[20627.70148070751, 2.526068925857544]"
F32013,10,9,0.7,"[53341.756625999675, 2.9460244178771973]"
F32013,10,9,0.8,"[88066.93821627929, 3.365053653717041]"
F32013,10,9,0.9,"[60485.39777059786, 3.7875258922576904]"
F32013,10,9,1.0,"[16779.664665989585, 4.193912506103516]"
F32013,10,10,0.01,"[3.956896043738782e+22, 0.042737483978271484]"
F32013,10,10,0.1,"[2.1912027402397227e+20, 0.40903759002685547]"
F32013,10,10,0.2,"[2.7792568279049687e+18, 0.8266561031341553]"
F32013,10,10,0.3,"[5.228402905524163e+16, 1.2414698600769043]"
F32013,10,10,0.4,"[834287646057984.6, 1.6567692756652832]"
F32013,10,10,0.5,"[12647066716269.031, 2.068570613861084]"
F32013,10,10,0.6,"[2012567184563.556, 2.483910083770752]"
F32013,10,10,0.7,"[32847653495.668324, 2.903806686401367]"
F32013,10,10,0.8,"[345933469.1271577, 3.3251819610595703]"
F32013,10,10,0.9,"[0.06587703800323652, 3.742082118988037]"
F32013,10,10,1.0,"[17215.656906264874, 4.1589460372924805]"
F32013,10,11,0.01,"[6.603852459581173e+22, 0.04192090034484863]"
F32013,10,11,0.1,"[3.912006455390701e+20, 0.41831374168395996]"
F32013,10,11,0.2,"[4.803775783250554e+18, 0.8382213115692139]"
F32013,10,11,0.3,"[9.977334258435973e+16, 1.2526493072509766]"
F32013,10,11,0.4,"[1242617813317488.8, 1.6749892234802246]"
F32013,10,11,0.5,"[13142640679532.24, 2.0904643535614014]"
F32013,10,11,0.6,"[172278142385.74377, 2.5114622116088867]"
F32013,10,11,0.7,"[33126822727.4472, 2.928154945373535]"
F32013,10,11,0.8,"[1253578494.1002262, 3.3459312915802]"
F32013,10,11,0.9,"[11.364761997610458, 3.7666385173797607]"
F32013,10,11,1.0,"[11019.715270986113, 4.181483030319214]"
F32013,10,12,0.01,"[2625782941756920.5, 0.04223942756652832]"
F32013,10,12,0.1,"[13521513337220.393, 0.41277146339416504]"
F32013,10,12,0.2,"[500718022566.986, 0.8308615684509277]"
F32013,10,12,0.3,"[44183181835.09309, 1.2513163089752197]"
F32013,10,12,0.4,"[3278649621.6525135, 1.6661458015441895]"
F32013,10,12,0.5,"[6079.938911063376, 2.089040994644165]"
F32013,10,12,0.6,"[10527.43148767725, 2.5087883472442627]"
F32013,10,12,0.7,"[18248.101322407394, 2.927865982055664]"
F32013,10,12,0.8,"[70028.18369716228, 3.346597194671631]"
F32013,10,12,0.9,"[76321.98630368723, 3.7672929763793945]"
F32013,10,12,1.0,"[8956.89163682062, 4.181860446929932]"
F32013,10,13,0.01,"[1.37007730162878e+18, 0.04183602333068848]"
F32013,10,13,0.1,"[8424040020358038.0, 0.42005491256713867]"
F32013,10,13,0.2,"[151070866097470.3, 0.8361921310424805]"
F32013,10,13,0.3,"[2486310523870.895, 1.2555046081542969]"
F32013,10,13,0.4,"[471827073811.0114, 1.6796739101409912]"
F32013,10,13,0.5,"[15906174058.888931, 2.098763942718506]"
F32013,10,13,0.6,"[99255321.78113385, 2.519914150238037]"
F32013,10,13,0.7,"[243570.86316172036, 2.937042713165283]"
F32013,10,13,0.8,"[18380.332553745382, 3.3503661155700684]"
F32013,10,13,0.9,"[87203.742155583, 3.762528657913208]"
F32013,10,13,1.0,"[18245.21742437964, 4.1836936473846436]"
F32013,10,14,0.01,"[7.14920141377642e+27, 0.04204916954040527]"
F32013,10,14,0.1,"[4.443509258996047e+25, 0.41070985794067383]"
F32013,10,14,0.2,"[5.8738096047375735e+23, 0.8332583904266357]"
F32013,10,14,0.3,"[7.806492066676077e+21, 1.2473924160003662]"
F32013,10,14,0.4,"[1.0116014175252106e+20, 1.6573927402496338]"
F32013,10,14,0.5,"[1.2674432537160049e+18, 2.079012632369995]"
F32013,10,14,0.6,"[2.1798541155206228e+16, 2.5022189617156982]"
F32013,10,14,0.7,"[533766538966701.75, 2.9178662300109863]"
F32013,10,14,0.8,"[13892847817498.584, 3.340360403060913]"
F32013,10,14,0.9,"[218170958511.56354, 3.7634315490722656]"
F32013,10,14,1.0,"[28793324284.324337, 4.185772180557251]"
F32013,10,15,0.01,"[2.3557824691953224e+16, 0.0422825813293457]"
F32013,10,15,0.1,"[101071038649797.16, 0.41245174407958984]"
F32013,10,15,0.2,"[1162878123442.6028, 0.8228511810302734]"
F32013,10,15,0.3,"[89125110654.63759, 1.2436819076538086]"
F32013,10,15,0.4,"[19285617860.860863, 1.6646912097930908]"
F32013,10,15,0.5,"[7783.561120744706, 2.082697868347168]"
F32013,10,15,0.6,"[119.25063432780166, 2.507157802581787]"
F32013,10,15,0.7,"[42871.571651174905, 2.9257590770721436]"
F32013,10,15,0.8,"[11000.584756403498, 3.3441531658172607]"
F32013,10,15,0.9,"[21649.64862671203, 3.763313055038452]"
F32013,10,15,1.0,"[29280.244797407748, 4.18256402015686]"
F32013,10,16,0.01,"[2.130830779905282e+17, 0.04111623764038086]"
F32013,10,16,0.1,"[1238188468374273.8, 0.4060037136077881]"
F32013,10,16,0.2,"[50595896193661.76, 0.8185360431671143]"
F32013,10,16,0.3,"[1880224233578.7097, 1.2366883754730225]"
F32013,10,16,0.4,"[48773297165.02165, 1.641167402267456]"
F32013,10,16,0.5,"[9420701474.590887, 2.053945779800415]"
F32013,10,16,0.6,"[0.18498918781233442, 2.4763810634613037]"
F32013,10,16,0.7,"[0.9173172005394008, 2.8928866386413574]"
F32013,10,16,0.8,"[7396.969181689787, 3.3113961219787598]"
F32013,10,16,0.9,"[161440.06251822825, 3.7168478965759277]"
F32013,10,16,1.0,"[76848.74270435046, 4.136476993560791]"
F32013,10,17,0.01,"[9.984791859226414e+21, 0.04083108901977539]"
F32013,10,17,0.1,"[7.2864711439824404e+19, 0.4052414894104004]"
F32013,10,17,0.2,"[8.916455912666856e+17, 0.8070583343505859]"
F32013,10,17,0.3,"[1.0657890481889896e+16, 1.2123432159423828]"
F32013,10,17,0.4,"[118338296307546.55, 1.6173770427703857]"
F32013,10,17,0.5,"[1602100210707.9177, 2.02034068107605]"
F32013,10,17,0.6,"[119934618947.09137, 2.4234395027160645]"
F32013,10,17,0.7,"[30874546931.407394, 2.8281943798065186]"
F32013,10,17,0.8,"[5460998.968103438, 3.2302212715148926]"
F32013,10,17,0.9,"[30.69908063530238, 3.6339046955108643]"
F32013,10,17,1.0,"[19332.75713697677, 4.038377523422241]"
F32013,10,18,0.01,"[7502119409.269008, 0.04140210151672363]"
F32013,10,18,0.1,"[6331.654463908453, 0.4132351875305176]"
F32013,10,18,0.2,"[16606.181713111728, 0.8245754241943359]"
F32013,10,18,0.3,"[16501.682537220913, 1.2293970584869385]"
F32013,10,18,0.4,"[13457.640615262764, 1.6308634281158447]"
F32013,10,18,0.5,"[67463.52825847059, 2.041651964187622]"
F32013,10,18,0.6,"[50969.356660301855, 2.4604735374450684]"
F32013,10,18,0.7,"[22603.005138326615, 2.876716136932373]"
F32013,10,18,0.8,"[34619.97092120636, 3.2966227531433105]"
F32013,10,18,0.9,"[38608.105621087874, 3.7140400409698486]"
F32013,10,18,1.0,"[13443.495981037096, 4.127749443054199]"
F32013,10,19,0.01,"[22153236214.21348, 0.039977312088012695]"
F32013,10,19,0.1,"[5243345786.66032, 0.3921194076538086]"
F32013,10,19,0.2,"[2922.1072976567234, 0.7827606201171875]"
F32013,10,19,0.3,"[58595.100634517425, 1.1851718425750732]"
F32013,10,19,0.4,"[22962.56774209349, 1.6036267280578613]"
F32013,10,19,0.5,"[12267.831933524034, 2.020134687423706]"
F32013,10,19,0.6,"[9961.136743049372, 2.441042423248291]"
F32013,10,19,0.7,"[169267.06661273152, 2.862701177597046]"
F32013,10,19,0.8,"[42564.911595215046, 3.2831943035125732]"
F32013,10,19,0.9,"[34326.783284285346, 3.692863702774048]"
F32013,10,19,1.0,"[31209.995790601482, 4.1106507778167725]"
F32013,10,20,0.01,"[7.549750801187325e+31, 0.04271054267883301]"
F32013,10,20,0.1,"[4.6055227728670764e+29, 0.4152381420135498]"
F32013,10,20,0.2,"[6.069956389066016e+27, 0.8349981307983398]"
F32013,10,20,0.3,"[9.321462465537796e+25, 1.2447972297668457]"
F32013,10,20,0.4,"[1.4829470171125574e+24, 1.6566064357757568]"
F32013,10,20,0.5,"[1.9405532081480305e+22, 2.0666792392730713]"
F32013,10,20,0.6,"[7.837054607251973e+20, 2.484929323196411]"
F32013,10,20,0.7,"[1.3337816606244426e+19, 2.902010440826416]"
F32013,10,20,0.8,"[1.636721215729401e+17, 3.3189759254455566]"
F32013,10,20,0.9,"[1908808671193058.2, 3.7370829582214355]"
F32013,10,20,1.0,"[20937849004474.945, 4.158591032028198]"
F32013,10,21,0.01,"[9.58677178140433e+19, 0.042301177978515625]"
F32013,10,21,0.1,"[4.289726597406328e+17, 0.4063899517059326]"
F32013,10,21,0.2,"[4879336643572684.0, 0.8194591999053955]"
F32013,10,21,0.3,"[57839703089955.0, 1.2274940013885498]"
F32013,10,21,0.4,"[621043829176.0023, 1.6435978412628174]"
F32013,10,21,0.5,"[41305881368.76228, 2.0528275966644287]"
F32013,10,21,0.6,"[15616865319.800604, 2.4704291820526123]"
F32013,10,21,0.7,"[46731405.76501978, 2.8844823837280273]"
F32013,10,21,0.8,"[4286.009966644844, 3.304999589920044]"
F32013,10,21,0.9,"[6572.45084412353, 3.726111650466919]"
F32013,10,21,1.0,"[30227.905419036953, 4.141541242599487]"
F32013,10,22,0.01,"[1.0644490583513628e+16, 0.0414736270904541]"
F32013,10,22,0.1,"[77290974253247.27, 0.40991854667663574]"
F32013,10,22,0.2,"[1145972459470.9294, 0.819922685623169]"
F32013,10,22,0.3,"[87333020239.42665, 1.2371861934661865]"
F32013,10,22,0.4,"[37854395322.23215, 1.656174659729004]"
F32013,10,22,0.5,"[849141482.6881254, 2.0620269775390625]"
F32013,10,22,0.6,"[5141.320488987182, 2.4752161502838135]"
F32013,10,22,0.7,"[127772.87313219109, 2.877702474594116]"
F32013,10,22,0.8,"[37163.51740871601, 3.294297695159912]"
F32013,10,22,0.9,"[13865.201138310284, 3.7008087635040283]"
F32013,10,22,1.0,"[14636.022660027535, 4.116153001785278]"
F32013,10,23,0.01,"[1.0083877309341483e+20, 0.04127383232116699]"
F32013,10,23,0.1,"[2.0259584522039498e+18, 0.4138650894165039]"
F32013,10,23,0.2,"[2.5870822048618824e+16, 0.8283886909484863]"
F32013,10,23,0.3,"[261756761204952.2, 1.2429261207580566]"
F32013,10,23,0.4,"[10249433009824.184, 1.664008617401123]"
F32013,10,23,0.5,"[379023926547.5649, 2.0838308334350586]"
F32013,10,23,0.6,"[25805563408.314552, 2.502340078353882]"
F32013,10,23,0.7,"[35158134.49087323, 2.9127988815307617]"
F32013,10,23,0.8,"[0.000642925251440829, 3.324345350265503]"
F32013,10,23,0.9,"[143374.7752488173, 3.7320547103881836]"
F32013,10,23,1.0,"[866.9722726029781, 4.152688980102539]"
F32013,10,24,0.01,"[1.2644321287797206e+17, 0.07525205612182617]"
F32013,10,24,0.1,"[1020369254592081.2, 0.4493589401245117]"
F32013,10,24,0.2,"[21519063622945.918, 0.8675780296325684]"
F32013,10,24,0.3,"[840598413607.0754, 1.2769818305969238]"
F32013,10,24,0.4,"[36466486769.839584, 1.6929597854614258]"
F32013,10,24,0.5,"[9361959983.665646, 2.096514940261841]"
F32013,10,24,0.6,"[68165087.13677639, 2.5036263465881348]"
F32013,10,24,0.7,"[35990.28381414104, 2.9117939472198486]"
F32013,10,24,0.8,"[21442.188424033557, 3.317732810974121]"
F32013,10,24,0.9,"[121523.54061374498, 3.7188937664031982]"
F32013,10,24,1.0,"[16530.146395359403, 4.121134281158447]"
F32013,10,25,0.01,"[61752098978.108635, 0.04747605323791504]"
F32013,10,25,0.1,"[6318040883.123144, 0.46674656867980957]"
F32013,10,25,0.2,"[10631.831004668737, 0.9317398071289062]"
F32013,10,25,0.3,"[6311.52355054687, 1.3979265689849854]"
F32013,10,25,0.4,"[21696.558993046954, 1.861917495727539]"
F32013,10,25,0.5,"[21500.691604121865, 2.324946403503418]"
F32013,10,25,0.6,"[19651.938735497282, 2.7884395122528076]"
F32013,10,25,0.7,"[49994.55029541449, 3.252415180206299]"
F32013,10,25,0.8,"[28188.736903043664, 3.716266632080078]"
F32013,10,25,0.9,"[10728.425402832949, 4.1798601150512695]"
F32013,10,25,1.0,"[9232.455998622929, 4.643118858337402]"
F32013,10,26,0.01,"[1.4374084863092223e+24, 0.04281806945800781]"
F32013,10,26,0.1,"[9.310616784389224e+21, 0.41007351875305176]"
F32013,10,26,0.2,"[1.1954622853237321e+20, 0.8191888332366943]"
F32013,10,26,0.3,"[1.530950391003488e+18, 1.2340466976165771]"
F32013,10,26,0.4,"[1.8954372141701292e+16, 1.6554319858551025]"
F32013,10,26,0.5,"[227077647278617.8, 2.0740268230438232]"
F32013,10,26,0.6,"[2653540082081.266, 2.4945456981658936]"
F32013,10,26,0.7,"[63977264899.469376, 2.9152450561523438]"
F32013,10,26,0.8,"[23351638371.890854, 3.3306870460510254]"
F32013,10,26,0.9,"[4709265545.080889, 3.7527177333831787]"
F32013,10,26,1.0,"[4956.733721558687, 4.176884174346924]"
F32013,10,27,0.01,"[1.9468007496553046e+26, 0.08458709716796875]"
F32013,10,27,0.1,"[1.2788937066516356e+24, 0.4986534118652344]"
F32013,10,27,0.2,"[1.835351285662469e+22, 0.9097113609313965]"
F32013,10,27,0.3,"[2.4624413824101174e+20, 1.3265252113342285]"
F32013,10,27,0.4,"[4.866302511744527e+18, 1.744818925857544]"
F32013,10,27,0.5,"[6.3177443750191976e+16, 2.160820245742798]"
F32013,10,27,0.6,"[899736197003229.8, 2.5848870277404785]"
F32013,10,27,0.7,"[10812487568093.848, 2.99735426902771]"
F32013,10,27,0.8,"[618207184338.567, 3.418597459793091]"
F32013,10,27,0.9,"[91810683190.18358, 3.8413524627685547]"
F32013,10,27,1.0,"[12793484608.728468, 4.266611337661743]"
F32013,10,28,0.01,"[3.863484696396407e+37, 0.06432223320007324]"
F32013,10,28,0.1,"[2.3138048899192387e+35, 0.4337797164916992]"
F32013,10,28,0.2,"[3.1856121404616517e+33, 0.852128267288208]"
F32013,10,28,0.3,"[4.447940670344603e+31, 1.2714269161224365]"
F32013,10,28,0.4,"[6.1414364726902415e+29, 1.6789891719818115]"
F32013,10,28,0.5,"[8.460906901355354e+27, 2.0875511169433594]"
F32013,10,28,0.6,"[1.1555245267768788e+26, 2.496351718902588]"
F32013,10,28,0.7,"[1.5531919850405695e+24, 2.9122509956359863]"
F32013,10,28,0.8,"[2.065007956734667e+22, 3.3363089561462402]"
F32013,10,28,0.9,"[2.5955530666792695e+20, 3.754998207092285]"
F32013,10,28,1.0,"[3.813716371260669e+18, 4.171402931213379]"
F32013,10,29,0.01,"[1.4359750138846487e+20, 0.05223655700683594]"
F32013,10,29,0.1,"[1.207326299241123e+18, 0.41562485694885254]"
F32013,10,29,0.2,"[1.8096973625468256e+16, 0.8239870071411133]"
F32013,10,29,0.3,"[264600474122813.9, 1.2380683422088623]"
F32013,10,29,0.4,"[3365738547088.913, 1.6534502506256104]"
F32013,10,29,0.5,"[256894923201.43796, 2.072035074234009]"
F32013,10,29,0.6,"[47499187564.69275, 2.490330457687378]"
F32013,10,29,0.7,"[209628003.76087108, 2.9018499851226807]"
F32013,10,29,0.8,"[5393.970068820463, 3.3193600177764893]"
F32013,10,29,0.9,"[19859.78183709263, 3.7219691276550293]"
F32013,10,29,1.0,"[9863.57317584188, 4.135171175003052]"
F32013,10,30,0.01,"[6454251149666.359, 0.0605318546295166]"
F32013,10,30,0.1,"[41897170409.21995, 0.42716288566589355]"
F32013,10,30,0.2,"[13946444327.30969, 0.8437044620513916]"
F32013,10,30,0.3,"[11771724.736539774, 1.2607402801513672]"
F32013,10,30,0.4,"[6329.792985486599, 1.6791467666625977]"
F32013,10,30,0.5,"[20176.86518275272, 2.0879034996032715]"
F32013,10,30,0.6,"[134468.41638723292, 2.507824659347534]"
F32013,10,30,0.7,"[24021.65947510986, 2.928072214126587]"
F32013,10,30,0.8,"[16852.312664733672, 3.3488471508026123]"
F32013,10,30,0.9,"[85448.888152249, 3.76780366897583]"
F32013,10,30,1.0,"[66598.73636316479, 4.183637619018555]"
F32013,10,31,0.01,"[4.797830344787287e+24, 0.0763859748840332]"
F32013,10,31,0.1,"[3.3620342141164318e+22, 0.48974013328552246]"
F32013,10,31,0.2,"[4.880708300338963e+20, 0.901965856552124]"
F32013,10,31,0.3,"[6.309137974527319e+18, 1.3156852722167969]"
F32013,10,31,0.4,"[8.728584623274374e+16, 1.7347452640533447]"
F32013,10,31,0.5,"[1062566775219157.2, 2.1468923091888428]"
F32013,10,31,0.6,"[12362435322830.768, 2.5666885375976562]"
F32013,10,31,0.7,"[192550087852.11505, 2.985671281814575]"
F32013,10,31,0.8,"[52196381602.95959, 3.397160291671753]"
F32013,10,31,0.9,"[22386699929.7872, 3.804705858230591]"
F32013,10,31,1.0,"[60146418.92273534, 4.225748777389526]"
F32013,10,32,0.01,"[1.5197294503239837e+22, 0.07613420486450195]"
F32013,10,32,0.1,"[1.0313209905926459e+20, 0.47202086448669434]"
F32013,10,32,0.2,"[1.3513111427561444e+18, 0.8802595138549805]"
F32013,10,32,0.3,"[2.7995449860168572e+16, 1.2814369201660156]"
F32013,10,32,0.4,"[296859022319036.3, 1.6723670959472656]"
F32013,10,32,0.5,"[11370558221080.941, 2.0785067081451416]"
F32013,10,32,0.6,"[804261900126.3495, 2.4892213344573975]"
F32013,10,32,0.7,"[50611215582.23838, 2.9011261463165283]"
F32013,10,32,0.8,"[5755237203.471445, 3.3066251277923584]"
F32013,10,32,0.9,"[882.4345681654075, 3.7080936431884766]"
F32013,10,32,1.0,"[3730.187370574271, 4.120635986328125]"
F32013,10,33,0.01,"[942128908703.4292, 0.08997941017150879]"
F32013,10,33,0.1,"[42105884726.52121, 0.4807426929473877]"
F32013,10,33,0.2,"[22829437621.854023, 0.8871934413909912]"
F32013,10,33,0.3,"[1670557.9198608645, 1.3089358806610107]"
F32013,10,33,0.4,"[127.20202178249951, 1.717623233795166]"
F32013,10,33,0.5,"[13333.047751044018, 2.1258652210235596]"
F32013,10,33,0.6,"[124253.4656401828, 2.5449366569519043]"
F32013,10,33,0.7,"[6710.849672723457, 2.9532060623168945]"
F32013,10,33,0.8,"[6481.105007270163, 3.361112117767334]"
F32013,10,33,0.9,"[78229.82128600738, 3.7728333473205566]"
F32013,10,33,1.0,"[18013.664056317302, 4.187519788742065]"
F32013,10,34,0.01,"[3.2363764730082703e+24, 0.07648277282714844]"
F32013,10,34,0.1,"[1.4667130147593408e+22, 0.47118687629699707]"
F32013,10,34,0.2,"[2.4785770035263976e+20, 0.8696293830871582]"
F32013,10,34,0.3,"[3.1968242006464e+18, 1.2672863006591797]"
F32013,10,34,0.4,"[3.793299984742464e+16, 1.6675639152526855]"
F32013,10,34,0.5,"[423355859767453.6, 2.07879638671875]"
F32013,10,34,0.6,"[4474246975860.396, 2.4900872707366943]"
F32013,10,34,0.7,"[265708276369.18994, 2.8953285217285156]"
F32013,10,34,0.8,"[10696787455.809345, 3.2944281101226807]"
F32013,10,34,0.9,"[153960209.3474594, 3.7042651176452637]"
F32013,10,34,1.0,"[46.160920897133565, 4.102168560028076]"
F32013,10,35,0.01,"[1.4286589653847418e+21, 0.03997540473937988]"
F32013,10,35,0.1,"[1.0995940502549998e+19, 0.4106767177581787]"
F32013,10,35,0.2,"[1.8269295800398342e+17, 0.8232893943786621]"
F32013,10,35,0.3,"[4038571967179808.5, 1.2253754138946533]"
F32013,10,35,0.4,"[48589855129476.13, 1.6348564624786377]"
F32013,10,35,0.5,"[521234394460.6062, 2.047109365463257]"
F32013,10,35,0.6,"[19947402485.031998, 2.46028208732605]"
F32013,10,35,0.7,"[4076578262.9696684, 2.87039852142334]"
F32013,10,35,0.8,"[30.963161270726914, 3.281522512435913]"
F32013,10,35,0.9,"[1187.2051702343756, 3.6763110160827637]"
F32013,10,35,1.0,"[14461.08054558216, 4.077266693115234]"
F32013,10,36,0.01,"[8.068086224782967e+21, 0.07741737365722656]"
F32013,10,36,0.1,"[6.769800643519823e+19, 0.4911983013153076]"
F32013,10,36,0.2,"[8.335847889193484e+17, 0.898338794708252]"
F32013,10,36,0.3,"[1.0192448365778252e+16, 1.3090522289276123]"
F32013,10,36,0.4,"[217764075911757.25, 1.718278169631958]"
F32013,10,36,0.5,"[5803969566054.675, 2.1247034072875977]"
F32013,10,36,0.6,"[434123472180.6197, 2.5337984561920166]"
F32013,10,36,0.7,"[17771817408.90235, 2.9423789978027344]"
F32013,10,36,0.8,"[400827880.65645283, 3.3530712127685547]"
F32013,10,36,0.9,"[920.2357741326573, 3.762810230255127]"
F32013,10,36,1.0,"[10596.430687191614, 4.17169189453125]"
F32013,10,37,0.01,"[5.859919604298482e+32, 0.0608060359954834]"
F32013,10,37,0.1,"[3.8085088255583396e+30, 0.4274446964263916]"
F32013,10,37,0.2,"[5.162927810042962e+28, 0.8214986324310303]"
F32013,10,37,0.3,"[7.072095941561413e+26, 1.2251594066619873]"
F32013,10,37,0.4,"[9.513797956987191e+24, 1.624025821685791]"
F32013,10,37,0.5,"[1.2519794414845786e+23, 2.0219810009002686]"
F32013,10,37,0.6,"[2.0205005989024018e+21, 2.422572374343872]"
F32013,10,37,0.7,"[3.898435850326049e+19, 2.8296597003936768]"
F32013,10,37,0.8,"[8.441975692433028e+17, 3.2356176376342773]"
F32013,10,37,0.9,"[2.239330233381615e+16, 3.6329774856567383]"
F32013,10,37,1.0,"[217350168998419.78, 4.040086984634399]"
F32013,10,38,0.01,"[1.570931171394754e+17, 0.08056163787841797]"
F32013,10,38,0.1,"[915140073511256.2, 0.4847869873046875]"
F32013,10,38,0.2,"[13187755168842.186, 0.8911139965057373]"
F32013,10,38,0.3,"[200070799083.46548, 1.3073055744171143]"
F32013,10,38,0.4,"[55825933682.14145, 1.7104918956756592]"
F32013,10,38,0.5,"[18214560999.67871, 2.116480827331543]"
F32013,10,38,0.6,"[62165757.89111166, 2.528618574142456]"
F32013,10,38,0.7,"[5134.052314090975, 2.944990634918213]"
F32013,10,38,0.8,"[104404.2057129801, 3.359097957611084]"
F32013,10,38,0.9,"[43866.1538056665, 3.7660956382751465]"
F32013,10,38,1.0,"[8019.783385815144, 4.182088613510132]"
F32013,10,39,0.01,"[6.255379729505727e+24, 0.08021306991577148]"
F32013,10,39,0.1,"[4.176893528694644e+22, 0.48299098014831543]"
F32013,10,39,0.2,"[1.2856264514620222e+21, 0.8924014568328857]"
F32013,10,39,0.3,"[1.9027755420403544e+19, 1.304511547088623]"
F32013,10,39,0.4,"[2.4279592364488077e+17, 1.7233798503875732]"
F32013,10,39,0.5,"[3547449556093994.0, 2.1274845600128174]"
F32013,10,39,0.6,"[59668888080311.664, 2.5452702045440674]"
F32013,10,39,0.7,"[705054224412.2202, 2.954741954803467]"
F32013,10,39,0.8,"[45602956423.96733, 3.3576269149780273]"
F32013,10,39,0.9,"[21768303900.393665, 3.767303466796875]"
F32013,10,39,1.0,"[18496507.399925925, 4.187254428863525]"
F32013,10,40,0.01,"[3.5044272134983234e+19, 0.07123970985412598]"
F32013,10,40,0.1,"[1.5659450840083546e+17, 0.4372274875640869]"
F32013,10,40,0.2,"[1784887244276109.8, 0.8516201972961426]"
F32013,10,40,0.3,"[49906432793224.72, 1.2623789310455322]"
F32013,10,40,0.4,"[746305115865.7556, 1.6795687675476074]"
F32013,10,40,0.5,"[32386390106.392536, 2.0972530841827393]"
F32013,10,40,0.6,"[7306409819.071944, 2.518018960952759]"
F32013,10,40,0.7,"[68529679.23583086, 2.939485788345337]"
F32013,10,40,0.8,"[5954.696586999535, 3.362600564956665]"
F32013,10,40,0.9,"[16701.925685435577, 3.7773666381835938]"
F32013,10,40,1.0,"[12674.58943166056, 4.193673372268677]"
F32013,10,41,0.01,"[105821748966.64973, 0.04869508743286133]"
F32013,10,41,0.1,"[14008304573.11652, 0.4070580005645752]"
F32013,10,41,0.2,"[530334466.6307981, 0.8120849132537842]"
F32013,10,41,0.3,"[6331.641749832062, 1.2134509086608887]"
F32013,10,41,0.4,"[40896.53070652185, 1.6263747215270996]"
F32013,10,41,0.5,"[84355.95595047736, 2.0287179946899414]"
F32013,10,41,0.6,"[49909.14165943251, 2.4326038360595703]"
F32013,10,41,0.7,"[15601.805814261115, 2.8414206504821777]"
F32013,10,41,0.8,"[133218.17024047248, 3.239518642425537]"
F32013,10,41,0.9,"[33797.8242530339, 3.6357643604278564]"
F32013,10,41,1.0,"[107338.09421219911, 4.037399530410767]"
F32013,10,42,0.01,"[92099146374214.1, 0.08119583129882812]"
F32013,10,42,0.1,"[1175360693569.6726, 0.4815518856048584]"
F32013,10,42,0.2,"[79315636125.43605, 0.892376184463501]"
F32013,10,42,0.3,"[24815970998.60744, 1.3011269569396973]"
F32013,10,42,0.4,"[2590105.139816002, 1.7109441757202148]"
F32013,10,42,0.5,"[6325.088067756617, 2.1240897178649902]"
F32013,10,42,0.6,"[18941.950525044973, 2.5368731021881104]"
F32013,10,42,0.7,"[25901.40309765282, 2.946335554122925]"
F32013,10,42,0.8,"[64638.031865651035, 3.341090679168701]"
F32013,10,42,0.9,"[80098.31466417672, 3.7368791103363037]"
F32013,10,42,1.0,"[56380.830821093725, 4.139236688613892]"
F32013,10,43,0.01,"[52771341303428.375, 0.06933975219726562]"
F32013,10,43,0.1,"[367201604443.86053, 0.4666013717651367]"
F32013,10,43,0.2,"[16964760491.677471, 0.8623464107513428]"
F32013,10,43,0.3,"[1140411123.6763139, 1.2664892673492432]"
F32013,10,43,0.4,"[6333.052943066788, 1.6694161891937256]"
F32013,10,43,0.5,"[94557.34773558135, 2.0805156230926514]"
F32013,10,43,0.6,"[34522.10419338527, 2.49428391456604]"
F32013,10,43,0.7,"[41377.719028275016, 2.906857490539551]"
F32013,10,43,0.8,"[28223.79349557515, 3.3185598850250244]"
F32013,10,43,0.9,"[45259.688617320186, 3.730001926422119]"
F32013,10,43,1.0,"[7656.371324060108, 4.125830173492432]"
F32013,10,44,0.01,"[1.6397122936885087e+21, 0.08388614654541016]"
F32013,10,44,0.1,"[7.825691730446413e+18, 0.47417593002319336]"
F32013,10,44,0.2,"[9.341648014022502e+16, 0.8848423957824707]"
F32013,10,44,0.3,"[1253538869053410.5, 1.2934212684631348]"
F32013,10,44,0.4,"[18063794774508.8, 1.7011079788208008]"
F32013,10,44,0.5,"[214918648757.0121, 2.1130807399749756]"
F32013,10,44,0.6,"[23970210624.95617, 2.517772674560547]"
F32013,10,44,0.7,"[3590497669.013227, 2.9259798526763916]"
F32013,10,44,0.8,"[3.846088767151741, 3.3417022228240967]"
F32013,10,44,0.9,"[13500.852915950712, 3.7607131004333496]"
F32013,10,44,1.0,"[55105.06437025515, 4.178771257400513]"
F32013,10,45,0.01,"[5.252958076905494e+22, 0.08041691780090332]"
F32013,10,45,0.1,"[5.527063345689801e+20, 0.46825456619262695]"
F32013,10,45,0.2,"[6.860011032704489e+18, 0.8673567771911621]"
F32013,10,45,0.3,"[8.28716356251229e+16, 1.2740387916564941]"
F32013,10,45,0.4,"[828846963265160.6, 1.6735703945159912]"
F32013,10,45,0.5,"[29415225295282.37, 2.0759994983673096]"
F32013,10,45,0.6,"[407918871755.41565, 2.4831228256225586]"
F32013,10,45,0.7,"[69607333755.02937, 2.8823723793029785]"
F32013,10,45,0.8,"[13549560213.931126, 3.2820916175842285]"
F32013,10,45,0.9,"[3411.393857928679, 3.6902596950531006]"
F32013,10,45,1.0,"[3575.292440511085, 4.094794273376465]"
F32013,10,46,0.01,"[6434271257134.183, 0.05283474922180176]"
F32013,10,46,0.1,"[54762246994.317375, 0.41421937942504883]"
F32013,10,46,0.2,"[16888522034.388863, 0.8099555969238281]"
F32013,10,46,0.3,"[11236615.430712441, 1.2119975090026855]"
F32013,10,46,0.4,"[6169.654391546997, 1.6176981925964355]"
F32013,10,46,0.5,"[13880.496311968236, 2.0178704261779785]"
F32013,10,46,0.6,"[19423.341341600004, 2.415799856185913]"
F32013,10,46,0.7,"[77718.26805670303, 2.819798231124878]"
F32013,10,46,0.8,"[17946.737651621268, 3.218738317489624]"
F32013,10,46,0.9,"[19897.16118227868, 3.619814157485962]"
F32013,10,46,1.0,"[105218.55442210882, 4.014189004898071]"
F32013,10,47,0.01,"[9.925375137849158e+30, 0.04066896438598633]"
F32013,10,47,0.1,"[7.304417079571652e+28, 0.40324974060058594]"
F32013,10,47,0.2,"[1.1237731112651994e+27, 0.8098452091217041]"
F32013,10,47,0.3,"[1.5328527598521846e+25, 1.2111103534698486]"
F32013,10,47,0.4,"[2.048720395861761e+23, 1.6197233200073242]"
F32013,10,47,0.5,"[2.7048020244874605e+21, 2.022099018096924]"
F32013,10,47,0.6,"[3.4078962265928696e+19, 2.434819221496582]"
F32013,10,47,0.7,"[6.728644808956828e+17, 2.8444342613220215]"
F32013,10,47,0.8,"[2.225550613999182e+16, 3.2433512210845947]"
F32013,10,47,0.9,"[261624897032916.9, 3.6429359912872314]"
F32013,10,47,1.0,"[2809438029022.2056, 4.041949510574341]"
F32013,10,48,0.01,"[4.685725986142518e+16, 0.04462575912475586]"
F32013,10,48,0.1,"[195378533681597.97, 0.4393010139465332]"
F32013,10,48,0.2,"[2413223417847.387, 0.8783526420593262]"
F32013,10,48,0.3,"[58938683842.30356, 1.317992925643921]"
F32013,10,48,0.4,"[27560041843.574368, 1.7568585872650146]"
F32013,10,48,0.5,"[19779222.584005147, 2.193837881088257]"
F32013,10,48,0.6,"[6329.305792791044, 2.632281541824341]"
F32013,10,48,0.7,"[46829.007462482, 3.07131028175354]"
F32013,10,48,0.8,"[15693.45603500445, 3.5117125511169434]"
F32013,10,48,0.9,"[65939.26089386793, 3.950892210006714]"
F32013,10,48,1.0,"[12183.38213819448, 4.40092658996582]"
F32013,10,49,0.01,"[6.1503509120499e+30, 0.04422807693481445]"
F32013,10,49,0.1,"[3.785110460067977e+28, 0.4392669200897217]"
F32013,10,49,0.2,"[5.085328481132269e+26, 0.8785793781280518]"
F32013,10,49,0.3,"[6.897931522519452e+24, 1.3190038204193115]"
F32013,10,49,0.4,"[9.201065090242567e+22, 1.758488655090332]"
F32013,10,49,0.5,"[1.2156828114199325e+21, 2.199406862258911]"
F32013,10,49,0.6,"[1.5763410946190395e+19, 2.640045404434204]"
F32013,10,49,0.7,"[1.9826452276683757e+17, 3.081641435623169]"
F32013,10,49,0.8,"[2409089117862565.5, 3.5233566761016846]"
F32013,10,49,0.9,"[25879228971961.31, 3.963822603225708]"
F32013,10,49,1.0,"[546268300735.3249, 4.406981468200684]"
F32013,10,50,0.01,"[2833231835367.064, 0.04414820671081543]"
F32013,10,50,0.1,"[60804541399.904495, 0.4402647018432617]"
F32013,10,50,0.2,"[28138016948.19824, 0.8783948421478271]"
F32013,10,50,0.3,"[40398715.751016945, 1.3184990882873535]"
F32013,10,50,0.4,"[3746.2263384345047, 1.7590467929840088]"
F32013,10,50,0.5,"[25342.32686477409, 2.199774980545044]"
F32013,10,50,0.6,"[34074.72719478657, 2.6408021450042725]"
F32013,10,50,0.7,"[32627.003895684036, 3.0817739963531494]"
F32013,10,50,0.8,"[35234.113854599804, 3.5225954055786133]"
F32013,10,50,0.9,"[23912.7687841652, 3.962669849395752]"
F32013,10,50,1.0,"[56940.44268261381, 4.402923345565796]"
F32013,30,0,0.01,"[1.242452176113682e+22, 0.13504648208618164]"
F32013,30,0,0.1,"[1.087224599417773e+20, 1.3501605987548828]"
F32013,30,0,0.2,"[8.601777042037798e+17, 2.6979453563690186]"
F32013,30,0,0.3,"[1.3960930461550614e+16, 4.045078754425049]"
F32013,30,0,0.4,"[278229043510249.1, 5.3902575969696045]"
F32013,30,0,0.5,"[4161327700936.0273, 6.735899448394775]"
F32013,30,0,0.6,"[108118339096.28645, 8.076217889785767]"
F32013,30,0,0.7,"[3290726684.9786515, 9.421735048294067]"
F32013,30,0,0.8,"[10922144.534236524, 10.766268730163574]"
F32013,30,0,0.9,"[649693.4666884815, 12.112086296081543]"
F32013,30,0,1.0,"[189174.03363843192, 13.458002090454102]"
F32013,30,1,0.01,"[6.699366693880624e+24, 0.16933846473693848]"
F32013,30,1,0.1,"[6.1778802520363945e+22, 1.3826501369476318]"
F32013,30,1,0.2,"[1.2408337268821865e+21, 2.730304002761841]"
F32013,30,1,0.3,"[1.6566219484337093e+19, 4.07504677772522]"
F32013,30,1,0.4,"[2.2305219553047264e+17, 5.418319940567017]"
F32013,30,1,0.5,"[4780804621701094.0, 6.762249231338501]"
F32013,30,1,0.6,"[50364747393164.766, 8.108662128448486]"
F32013,30,1,0.7,"[341556562938.9541, 9.457340002059937]"
F32013,30,1,0.8,"[44877651040.68024, 10.808857440948486]"
F32013,30,1,0.9,"[2915449.35367108, 12.162166833877563]"
F32013,30,1,1.0,"[40313.95182709145, 13.51418161392212]"
F32013,30,2,0.01,"[9.409012062508157e+22, 0.13481783866882324]"
F32013,30,2,0.1,"[3.985169281057973e+20, 1.350865364074707]"
F32013,30,2,0.2,"[3.2874374987947443e+18, 2.701676368713379]"
F32013,30,2,0.3,"[2.430115519771156e+16, 4.051888465881348]"
F32013,30,2,0.4,"[174995191516688.66, 5.399652004241943]"
F32013,30,2,0.5,"[4558740313737.994, 6.750223398208618]"
F32013,30,2,0.6,"[222406764403.6087, 8.095211744308472]"
F32013,30,2,0.7,"[47154495402.35159, 9.442296743392944]"
F32013,30,2,0.8,"[4.273984574260567, 10.7902991771698]"
F32013,30,2,0.9,"[45276.419312658734, 12.140612602233887]"
F32013,30,2,1.0,"[99594.25832923729, 13.488848447799683]"
F32013,30,3,0.01,"[1.898535464828781e+26, 0.20670652389526367]"
F32013,30,3,0.1,"[9.9053963991738e+23, 1.4261376857757568]"
F32013,30,3,0.2,"[8.07120992241788e+21, 2.779364824295044]"
F32013,30,3,0.3,"[7.218301284799915e+19, 4.127413511276245]"
F32013,30,3,0.4,"[7.812197647016416e+17, 5.473188877105713]"
F32013,30,3,0.5,"[1.3594731385430704e+16, 6.818307876586914]"
F32013,30,3,0.6,"[141654585088216.6, 8.16222882270813]"
F32013,30,3,0.7,"[2355829429134.7017, 9.509039878845215]"
F32013,30,3,0.8,"[130242224282.19168, 10.854072093963623]"
F32013,30,3,0.9,"[7297009345.241023, 12.20641040802002]"
F32013,30,3,1.0,"[4663.846804495327, 13.557629108428955]"
F32013,30,4,0.01,"[8.389389653150575e+24, 0.1351158618927002]"
F32013,30,4,0.1,"[3.425208091251498e+22, 1.3548407554626465]"
F32013,30,4,0.2,"[3.715451249543348e+20, 2.7057480812072754]"
F32013,30,4,0.3,"[3.283941602492528e+18, 4.054775953292847]"
F32013,30,4,0.4,"[2.565619404842923e+16, 5.399462461471558]"
F32013,30,4,0.5,"[193635031910789.53, 6.7426371574401855]"
F32013,30,4,0.6,"[4734564945723.091, 8.08268117904663]"
F32013,30,4,0.7,"[233957925696.0486, 9.428318738937378]"
F32013,30,4,0.8,"[24184954284.785915, 10.773786783218384]"
F32013,30,4,0.9,"[1161.2806795640595, 12.122588157653809]"
F32013,30,4,1.0,"[52324.51639310908, 13.472174644470215]"
F32013,30,5,0.01,"[1.267281585499684e+27, 0.1329636573791504]"
F32013,30,5,0.1,"[5.689374484854647e+24, 1.3244125843048096]"
F32013,30,5,0.2,"[4.600801375872105e+22, 2.64149808883667]"
F32013,30,5,0.3,"[4.653988324022317e+20, 3.9577701091766357]"
F32013,30,5,0.4,"[5.152588480915389e+18, 5.273369073867798]"
F32013,30,5,0.5,"[7.106868369153778e+16, 6.590691566467285]"
F32013,30,5,0.6,"[1088843659328996.6, 7.905720233917236]"
F32013,30,5,0.7,"[15461853706680.846, 9.22376537322998]"
F32013,30,5,0.8,"[138182179361.0613, 10.540917158126831]"
F32013,30,5,0.9,"[39691805741.53349, 11.861162424087524]"
F32013,30,5,1.0,"[1499.3992333510218, 13.180002927780151]"
F32013,30,6,0.01,"[1.5125542871834825e+26, 0.20586824417114258]"
F32013,30,6,0.1,"[6.566076445207336e+23, 1.4020016193389893]"
F32013,30,6,0.2,"[5.120784769065869e+21, 2.7289769649505615]"
F32013,30,6,0.3,"[4.470021626273512e+19, 4.0567474365234375]"
F32013,30,6,0.4,"[3.6257612440017696e+17, 5.383347511291504]"
F32013,30,6,0.5,"[2733891659807248.0, 6.7136454582214355]"
F32013,30,6,0.6,"[23828319754245.098, 8.037821769714355]"
F32013,30,6,0.7,"[361975446064.26715, 9.365094900131226]"
F32013,30,6,0.8,"[95379979172.04541, 10.693122148513794]"
F32013,30,6,0.9,"[41871756.77086115, 12.022061586380005]"
F32013,30,6,1.0,"[2352.093794865726, 13.35260534286499]"
F32013,30,7,0.01,"[8.124780079231352e+16, 0.2131505012512207]"
F32013,30,7,0.1,"[1148806507828684.2, 1.4041481018066406]"
F32013,30,7,0.2,"[8035965159473.899, 2.72556209564209]"
F32013,30,7,0.3,"[132146936622.4704, 4.045234441757202]"
F32013,30,7,0.4,"[47422535569.33307, 5.363630056381226]"
F32013,30,7,0.5,"[212035464.44425273, 6.681376218795776]"
F32013,30,7,0.6,"[15.812839466785817, 7.999389410018921]"
F32013,30,7,0.7,"[118133.57992732567, 9.318743705749512]"
F32013,30,7,0.8,"[222270.83004940013, 10.639020919799805]"
F32013,30,7,0.9,"[103841.97081362795, 11.961559057235718]"
F32013,30,7,1.0,"[136023.88957314962, 13.279494524002075]"
F32013,30,8,0.01,"[1.732390630675545e+33, 0.19419574737548828]"
F32013,30,8,0.1,"[1.0108009517675815e+31, 1.3947021961212158]"
F32013,30,8,0.2,"[9.60098859694431e+28, 2.720384359359741]"
F32013,30,8,0.3,"[8.475688009965544e+26, 4.048996925354004]"
F32013,30,8,0.4,"[8.766726369835975e+24, 5.3721091747283936]"
F32013,30,8,0.5,"[1.204599968422923e+23, 6.72116231918335]"
F32013,30,8,0.6,"[1.677770436423766e+21, 8.0447518825531]"
F32013,30,8,0.7,"[1.4195627735516015e+19, 9.371770143508911]"
F32013,30,8,0.8,"[1.4222844836621542e+17, 10.698103666305542]"
F32013,30,8,0.9,"[1313488077491688.0, 12.025708436965942]"
F32013,30,8,1.0,"[8521018923440.973, 13.352486610412598]"
F32013,30,9,0.01,"[1.7930441653955343e+20, 0.13379311561584473]"
F32013,30,9,0.1,"[1.6911588416944876e+18, 1.3325343132019043]"
F32013,30,9,0.2,"[1.3678183835245094e+16, 2.6615960597991943]"
F32013,30,9,0.3,"[222520571632165.5, 3.9998457431793213]"
F32013,30,9,0.4,"[3483204701885.2505, 5.3239905834198]"
F32013,30,9,0.5,"[140217109512.2114, 6.649527549743652]"
F32013,30,9,0.6,"[34660593842.3117, 7.978053569793701]"
F32013,30,9,0.7,"[59.714554943421945, 9.308674097061157]"
F32013,30,9,0.8,"[72298.15105378213, 10.642711400985718]"
F32013,30,9,0.9,"[110671.7110106795, 11.97718358039856]"
F32013,30,9,1.0,"[36890.95639860027, 13.306631326675415]"
F32013,30,10,0.01,"[1.08034406058157e+25, 0.13397789001464844]"
F32013,30,10,0.1,"[1.9449605533477103e+23, 1.3314402103424072]"
F32013,30,10,0.2,"[1.92407417553952e+21, 2.654527425765991]"
F32013,30,10,0.3,"[2.1162092237356745e+19, 3.976924419403076]"
F32013,30,10,0.4,"[1.8637051896466778e+17, 5.297158241271973]"
F32013,30,10,0.5,"[2734281177636858.0, 6.619119882583618]"
F32013,30,10,0.6,"[18619341111741.445, 7.937660455703735]"
F32013,30,10,0.7,"[279767932529.337, 9.259560108184814]"
F32013,30,10,0.8,"[73212467844.14989, 10.58106780052185]"
F32013,30,10,0.9,"[1183434.9754054858, 11.906540870666504]"
F32013,30,10,1.0,"[226577.41155573976, 13.231202840805054]"
F32013,30,11,0.01,"[1.4138431596928904e+22, 0.13364076614379883]"
F32013,30,11,0.1,"[8.475195628013055e+19, 1.3318827152252197]"
F32013,30,11,0.2,"[7.31155184654958e+17, 2.658179759979248]"
F32013,30,11,0.3,"[8151235451074245.0, 3.982219696044922]"
F32013,30,11,0.4,"[76405168627735.48, 5.304519414901733]"
F32013,30,11,0.5,"[1185009211848.8816, 6.627899885177612]"
F32013,30,11,0.6,"[71849948780.50964, 7.953200578689575]"
F32013,30,11,0.7,"[1410330282.590875, 9.28190302848816]"
F32013,30,11,0.8,"[8.015360313306928, 10.612119674682617]"
F32013,30,11,0.9,"[166049.5547884916, 11.942101240158081]"
F32013,30,11,1.0,"[172112.43323050754, 13.269182920455933]"
F32013,30,12,0.01,"[3.6528375928145036e+24, 0.13440394401550293]"
F32013,30,12,0.1,"[2.992636662573164e+22, 1.3361632823944092]"
F32013,30,12,0.2,"[2.2866414025432e+20, 2.665597677230835]"
F32013,30,12,0.3,"[1.7446425632956764e+18, 3.997920036315918]"
F32013,30,12,0.4,"[2.7015456917027348e+16, 5.325883626937866]"
F32013,30,12,0.5,"[305148693985932.9, 6.659804344177246]"
F32013,30,12,0.6,"[8811740960047.842, 7.991350173950195]"
F32013,30,12,0.7,"[174027959046.8423, 9.325343608856201]"
F32013,30,12,0.8,"[48462843706.531395, 10.657184362411499]"
F32013,30,12,0.9,"[57.87262472052407, 11.994053602218628]"
F32013,30,12,1.0,"[1034.658375348392, 13.329846858978271]"
F32013,30,13,0.01,"[2.6016214600567046e+25, 0.13483357429504395]"
F32013,30,13,0.1,"[1.4272238598410701e+23, 1.338975429534912]"
F32013,30,13,0.2,"[1.3880489355975891e+21, 2.6731441020965576]"
F32013,30,13,0.3,"[1.0693327713980428e+19, 4.013010501861572]"
F32013,30,13,0.4,"[1.2311141429168832e+17, 5.35142970085144]"
F32013,30,13,0.5,"[2491744601750874.5, 6.689291954040527]"
F32013,30,13,0.6,"[41284011907702.69, 8.021846055984497]"
F32013,30,13,0.7,"[451570010200.62225, 9.355858087539673]"
F32013,30,13,0.8,"[72864001071.8415, 10.689427375793457]"
F32013,30,13,0.9,"[18124286.179517023, 12.028496980667114]"
F32013,30,13,1.0,"[81.70305818537327, 13.367063283920288]"
F32013,30,14,0.01,"[1.8233989978200115e+18, 0.1381065845489502]"
F32013,30,14,0.1,"[1.1216171036372002e+16, 1.3382866382598877]"
F32013,30,14,0.2,"[104752914655447.84, 2.6641733646392822]"
F32013,30,14,0.3,"[1132706391802.2249, 3.9903883934020996]"
F32013,30,14,0.4,"[141360101904.31793, 5.3158228397369385]"
F32013,30,14,0.5,"[22168974299.557404, 6.638353109359741]"
F32013,30,14,0.6,"[2828.663222608281, 7.958417654037476]"
F32013,30,14,0.7,"[2.105555748236384, 9.279840469360352]"
F32013,30,14,0.8,"[168187.3941719915, 10.60078740119934]"
F32013,30,14,0.9,"[92148.26450002445, 11.929235219955444]"
F32013,30,14,1.0,"[126136.76683087899, 13.256549835205078]"
F32013,30,15,0.01,"[5.690077868253445e+24, 0.1326594352722168]"
F32013,30,15,0.1,"[6.006313493221286e+22, 1.3231463432312012]"
F32013,30,15,0.2,"[5.309953600042727e+20, 2.6437320709228516]"
F32013,30,15,0.3,"[4.4034357295264543e+18, 3.963512420654297]"
F32013,30,15,0.4,"[3.2464068802304812e+16, 5.281398057937622]"
F32013,30,15,0.5,"[339290956145824.44, 6.59972620010376]"
F32013,30,15,0.6,"[9846193942587.568, 7.91522741317749]"
F32013,30,15,0.7,"[193663185497.23267, 9.23378324508667]"
F32013,30,15,0.8,"[36245876027.15519, 10.551954746246338]"
F32013,30,15,0.9,"[633.4546964747269, 11.874686002731323]"
F32013,30,15,1.0,"[6.3782008503217185, 13.196181774139404]"
F32013,30,16,0.01,"[6.709271818999358e+22, 0.1694490909576416]"
F32013,30,16,0.1,"[4.725757172822022e+20, 1.3695971965789795]"
F32013,30,16,0.2,"[5.653726879805899e+18, 2.6953907012939453]"
F32013,30,16,0.3,"[6.4119682700248536e+16, 4.019960403442383]"
F32013,30,16,0.4,"[731443469394152.8, 5.342901229858398]"
F32013,30,16,0.5,"[7449021280806.486, 6.670778512954712]"
F32013,30,16,0.6,"[313549299426.73926, 7.99603796005249]"
F32013,30,16,0.7,"[67349313232.293495, 9.326025247573853]"
F32013,30,16,0.8,"[2776513.0199615, 10.651499509811401]"
F32013,30,16,0.9,"[3546520.1103507653, 11.98140287399292]"
F32013,30,16,1.0,"[4220916.321417992, 13.305521011352539]"
F32013,30,17,0.01,"[8.384720520722679e+18, 0.13411450386047363]"
F32013,30,17,0.1,"[7.415102550352877e+16, 1.3366360664367676]"
F32013,30,17,0.2,"[1088745459741880.9, 2.668438673019409]"
F32013,30,17,0.3,"[11980718309718.885, 4.0001771450042725]"
F32013,30,17,0.4,"[193904927403.0378, 5.330633878707886]"
F32013,30,17,0.5,"[75969928199.18091, 6.662125587463379]"
F32013,30,17,0.6,"[28332335.620662138, 7.991605997085571]"
F32013,30,17,0.7,"[1877.1452875120538, 9.325244426727295]"
F32013,30,17,0.8,"[280274.11916358967, 10.65578007698059]"
F32013,30,17,0.9,"[120322.2037551616, 11.987980127334595]"
F32013,30,17,1.0,"[83810.12328139314, 13.316624879837036]"
F32013,30,18,0.01,"[1.0161603051699866e+22, 0.13570904731750488]"
F32013,30,18,0.1,"[1.0842608039120527e+20, 1.3479628562927246]"
F32013,30,18,0.2,"[2.2083250528409285e+18, 2.690074920654297]"
F32013,30,18,0.3,"[2.198562605125238e+16, 4.0322558879852295]"
F32013,30,18,0.4,"[400755781616823.6, 5.369871616363525]"
F32013,30,18,0.5,"[6770599237221.561, 6.712369441986084]"
F32013,30,18,0.6,"[169072178216.43442, 8.055243968963623]"
F32013,30,18,0.7,"[41798363387.36414, 9.397602558135986]"
F32013,30,18,0.8,"[408200.69333630824, 10.740319013595581]"
F32013,30,18,0.9,"[1988812.163829488, 12.08383584022522]"
F32013,30,18,1.0,"[371582.4925522106, 13.422961711883545]"
F32013,30,19,0.01,"[7.292138460482577e+24, 0.1341238021850586]"
F32013,30,19,0.1,"[5.248675070193057e+22, 1.3360381126403809]"
F32013,30,19,0.2,"[4.038668623223786e+20, 2.664177417755127]"
F32013,30,19,0.3,"[8.051041225453229e+18, 3.9924631118774414]"
F32013,30,19,0.4,"[1.2183581963804664e+17, 5.318313121795654]"
F32013,30,19,0.5,"[1188620429531503.8, 6.648605823516846]"
F32013,30,19,0.6,"[13762322334446.291, 7.976483106613159]"
F32013,30,19,0.7,"[319978062981.5406, 9.30893588066101]"
F32013,30,19,0.8,"[56702768219.35856, 10.636980533599854]"
F32013,30,19,0.9,"[2119.6434274015987, 11.968949794769287]"
F32013,30,19,1.0,"[163.16462313659713, 13.295095205307007]"
F32013,30,20,0.01,"[2.797230717141276e+22, 0.13479018211364746]"
F32013,30,20,0.1,"[1.7173919584413322e+20, 1.3748559951782227]"
F32013,30,20,0.2,"[1.4447861912772306e+18, 2.708913564682007]"
F32013,30,20,0.3,"[1.1392259671866032e+16, 4.044333457946777]"
F32013,30,20,0.4,"[146925187362078.47, 5.375502347946167]"
F32013,30,20,0.5,"[3158331393537.524, 6.713789463043213]"
F32013,30,20,0.6,"[101903646724.29141, 8.047978401184082]"
F32013,30,20,0.7,"[3183084569.8806095, 9.385964155197144]"
F32013,30,20,0.8,"[282.6712674526717, 10.725149869918823]"
F32013,30,20,0.9,"[133992.43832628476, 12.067695617675781]"
F32013,30,20,1.0,"[166545.05155808403, 13.404425859451294]"
F32013,30,21,0.01,"[3.829586410565895e+26, 0.21884989738464355]"
F32013,30,21,0.1,"[3.2036221287601914e+24, 1.4256863594055176]"
F32013,30,21,0.2,"[2.9645879561653513e+22, 2.763813018798828]"
F32013,30,21,0.3,"[3.752015381500492e+20, 4.101039886474609]"
F32013,30,21,0.4,"[3.2403673678178755e+18, 5.435073375701904]"
F32013,30,21,0.5,"[2.6612534048107388e+16, 6.775820970535278]"
F32013,30,21,0.6,"[575142549835695.1, 8.115627765655518]"
F32013,30,21,0.7,"[9634232597303.19, 9.45692491531372]"
F32013,30,21,0.8,"[136394243838.648, 10.797537565231323]"
F32013,30,21,0.9,"[8173881724.50389, 12.139556407928467]"
F32013,30,21,1.0,"[3921.211449754632, 13.475205898284912]"
F32013,30,22,0.01,"[1.9246990594493357e+22, 0.13494181632995605]"
F32013,30,22,0.1,"[1.7928389831491355e+20, 1.3455076217651367]"
F32013,30,22,0.2,"[1.8309357065900104e+18, 2.6845905780792236]"
F32013,30,22,0.3,"[3.0784569170813388e+16, 4.024405002593994]"
F32013,30,22,0.4,"[1038642406583931.0, 5.36301589012146]"
F32013,30,22,0.5,"[13248235846127.531, 6.731461524963379]"
F32013,30,22,0.6,"[183803519504.79422, 8.072372674942017]"
F32013,30,22,0.7,"[44241062200.73721, 9.416495561599731]"
F32013,30,22,0.8,"[5384.806784858537, 10.759363174438477]"
F32013,30,22,0.9,"[24.172287154901824, 12.106411695480347]"
F32013,30,22,1.0,"[202767.96230368208, 13.450817584991455]"
F32013,30,23,0.01,"[4.782315734118266e+21, 0.1745738983154297]"
F32013,30,23,0.1,"[1.8640883878538224e+19, 1.3949551582336426]"
F32013,30,23,0.2,"[1.826964357555504e+17, 2.7487101554870605]"
F32013,30,23,0.3,"[3686647505804681.0, 4.100257396697998]"
F32013,30,23,0.4,"[62957081125252.805, 5.449787139892578]"
F32013,30,23,0.5,"[505782567366.66736, 6.805528402328491]"
F32013,30,23,0.6,"[63571383874.35658, 8.157148838043213]"
F32013,30,23,0.7,"[286740240.9547781, 9.51358675956726]"
F32013,30,23,0.8,"[269316.8768689655, 10.868578433990479]"
F32013,30,23,0.9,"[1121284.7425347916, 12.224168062210083]"
F32013,30,23,1.0,"[5944.590055731727, 13.575332164764404]"
F32013,30,24,0.01,"[6.466881113547149e+31, 0.13472580909729004]"
F32013,30,24,0.1,"[4.029458291552569e+29, 1.3888027667999268]"
F32013,30,24,0.2,"[4.939319202909471e+27, 2.72908091545105]"
F32013,30,24,0.3,"[4.9759478204396835e+25, 4.066365718841553]"
F32013,30,24,0.4,"[7.171512528804222e+23, 5.401072978973389]"
F32013,30,24,0.5,"[5.566894834210941e+21, 6.738084554672241]"
F32013,30,24,0.6,"[5.825801416269268e+19, 8.073698282241821]"
F32013,30,24,0.7,"[4.355936712197659e+17, 9.411421298980713]"
F32013,30,24,0.8,"[5230232148669933.0, 10.754180908203125]"
F32013,30,24,0.9,"[135823149111551.75, 12.115417242050171]"
F32013,30,24,1.0,"[1695114237603.029, 13.465088605880737]"
F32013,30,25,0.01,"[1.705199111932744e+26, 0.1371924877166748]"
F32013,30,25,0.1,"[1.0995763846835587e+24, 1.350212812423706]"
F32013,30,25,0.2,"[8.518447460777214e+21, 2.69667387008667]"
F32013,30,25,0.3,"[7.46211432951657e+19, 4.036473035812378]"
F32013,30,25,0.4,"[2.0728602253081352e+18, 5.372232913970947]"
F32013,30,25,0.5,"[2.0057889531657916e+16, 6.7124714851379395]"
F32013,30,25,0.6,"[171932917052775.78, 8.050257921218872]"
F32013,30,25,0.7,"[2294546348020.7725, 9.38998031616211]"
F32013,30,25,0.8,"[138253604509.66602, 10.729917287826538]"
F32013,30,25,0.9,"[7926256521.814437, 12.07315993309021]"
F32013,30,25,1.0,"[51.99939150280193, 13.419398784637451]"
F32013,30,26,0.01,"[6.85916996493383e+27, 0.18137907981872559]"
F32013,30,26,0.1,"[6.431428123681189e+25, 1.3984532356262207]"
F32013,30,26,0.2,"[8.380252022499606e+23, 2.7512118816375732]"
F32013,30,26,0.3,"[8.268907616640136e+21, 4.102799892425537]"
F32013,30,26,0.4,"[7.994005226563528e+19, 5.450259208679199]"
F32013,30,26,0.5,"[8.987412388788692e+17, 6.807451009750366]"
F32013,30,26,0.6,"[8874737974685587.0, 8.156313180923462]"
F32013,30,26,0.7,"[121557540931118.97, 9.524359464645386]"
F32013,30,26,0.8,"[1714302882536.2668, 10.882475852966309]"
F32013,30,26,0.9,"[157777677272.8937, 12.241580724716187]"
F32013,30,26,1.0,"[6158978152.799934, 13.613195419311523]"
F32013,30,27,0.01,"[3.272012384830293e+24, 0.1350691318511963]"
F32013,30,27,0.1,"[2.0196900663954726e+22, 1.354543685913086]"
F32013,30,27,0.2,"[1.661572967242332e+20, 2.7056307792663574]"
F32013,30,27,0.3,"[1.2628971535712788e+18, 4.059974193572998]"
F32013,30,27,0.4,"[1.812741403051167e+16, 5.413291692733765]"
F32013,30,27,0.5,"[211353963305713.6, 6.768689155578613]"
F32013,30,27,0.6,"[2514891562015.7583, 8.115283012390137]"
F32013,30,27,0.7,"[93595885050.7153, 9.46932578086853]"
F32013,30,27,0.8,"[1794838099.648571, 10.82958698272705]"
F32013,30,27,0.9,"[399.21204951863115, 12.191672086715698]"
F32013,30,27,1.0,"[123265.33015834633, 13.54557180404663]"
F32013,30,28,0.01,"[1.350422671170891e+28, 0.1667025089263916]"
F32013,30,28,0.1,"[6.760876009232994e+25, 1.3877060413360596]"
F32013,30,28,0.2,"[7.812459285862064e+23, 2.7417564392089844]"
F32013,30,28,0.3,"[7.377969833994294e+21, 4.092345476150513]"
F32013,30,28,0.4,"[1.1313367237147414e+20, 5.442403078079224]"
F32013,30,28,0.5,"[1.7521974340475907e+18, 6.794591426849365]"
F32013,30,28,0.6,"[1.9113207736363064e+16, 8.1416597366333]"
F32013,30,28,0.7,"[366177996065385.0, 9.490406513214111]"
F32013,30,28,0.8,"[2444850437167.07, 10.839306116104126]"
F32013,30,28,0.9,"[182483245576.3514, 12.196295022964478]"
F32013,30,28,1.0,"[8902461278.298838, 13.54959487915039]"
F32013,30,29,0.01,"[3.232565329087201e+25, 0.19049692153930664]"
F32013,30,29,0.1,"[1.4315292229053569e+23, 1.413034439086914]"
F32013,30,29,0.2,"[1.420588177986415e+21, 2.7693872451782227]"
F32013,30,29,0.3,"[1.1172718685893612e+19, 4.122228384017944]"
F32013,30,29,0.4,"[1.397819714533417e+17, 5.471758604049683]"
F32013,30,29,0.5,"[1431852626694297.0, 6.824479579925537]"
F32013,30,29,0.6,"[12134067215702.56, 8.176753997802734]"
F32013,30,29,0.7,"[456272899159.4021, 9.532240629196167]"
F32013,30,29,0.8,"[103018253706.59795, 10.884376049041748]"
F32013,30,29,0.9,"[9192863.466745798, 12.23829460144043]"
F32013,30,29,1.0,"[2716653.421444536, 13.587512731552124]"
F32013,30,30,0.01,"[2.6673089806592977e+22, 0.13393378257751465]"
F32013,30,30,0.1,"[1.537283672300808e+20, 1.3386948108673096]"
F32013,30,30,0.2,"[1.2544104499945667e+18, 2.6769909858703613]"
F32013,30,30,0.3,"[2.0086097888390484e+16, 4.018115282058716]"
F32013,30,30,0.4,"[506107651621401.3, 5.359081268310547]"
F32013,30,30,0.5,"[5505632774996.342, 6.704097747802734]"
F32013,30,30,0.6,"[136981215038.33267, 8.04340934753418]"
F32013,30,30,0.7,"[25766916297.52767, 9.383368730545044]"
F32013,30,30,0.8,"[14892.606712385543, 10.725663423538208]"
F32013,30,30,0.9,"[29072.580743189348, 12.071571588516235]"
F32013,30,30,1.0,"[143587.98372695732, 13.41322112083435]"
F32013,30,31,0.01,"[4.0406265022107736e+21, 0.18193817138671875]"
F32013,30,31,0.1,"[1.5446767782490243e+19, 1.3956758975982666]"
F32013,30,31,0.2,"[1.1265666591883638e+17, 2.7416672706604004]"
F32013,30,31,0.3,"[2125210454827457.0, 4.08914589881897]"
F32013,30,31,0.4,"[17674615915028.527, 5.437085390090942]"
F32013,30,31,0.5,"[206909006350.6795, 6.78881311416626]"
F32013,30,31,0.6,"[71330264724.46185, 8.139565467834473]"
F32013,30,31,0.7,"[230589.27495946764, 9.494461297988892]"
F32013,30,31,0.8,"[995.6955915952034, 10.846672534942627]"
F32013,30,31,0.9,"[109250.78208075097, 12.206568002700806]"
F32013,30,31,1.0,"[113766.77376381899, 13.559834480285645]"
F32013,30,32,0.01,"[3.016940975432462e+23, 0.13418793678283691]"
F32013,30,32,0.1,"[1.251933125373732e+21, 1.3447632789611816]"
F32013,30,32,0.2,"[1.0095490324403696e+19, 2.7032980918884277]"
F32013,30,32,0.3,"[8.099916103657442e+16, 4.043306827545166]"
F32013,30,32,0.4,"[666758396362497.9, 5.381536483764648]"
F32013,30,32,0.5,"[9873949946439.09, 6.720357656478882]"
F32013,30,32,0.6,"[208580023928.75912, 8.058266639709473]"
F32013,30,32,0.7,"[90964244296.99664, 9.399938821792603]"
F32013,30,32,0.8,"[2719.471163992955, 10.742959260940552]"
F32013,30,32,0.9,"[1441077.8554520728, 12.088726997375488]"
F32013,30,32,1.0,"[93871.12097644436, 13.461458683013916]"
F32013,30,33,0.01,"[1.4500084662541223e+26, 0.1351757049560547]"
F32013,30,33,0.1,"[5.688345954614066e+23, 1.3538939952850342]"
F32013,30,33,0.2,"[4.535982923217791e+21, 2.701185464859009]"
F32013,30,33,0.3,"[3.5874024789816693e+19, 4.045613050460815]"
F32013,30,33,0.4,"[2.950229970329884e+17, 5.393152475357056]"
F32013,30,33,0.5,"[2409771444117861.5, 6.741766691207886]"
F32013,30,33,0.6,"[24149992122685.605, 8.086755275726318]"
F32013,30,33,0.7,"[679605048041.1918, 9.43289041519165]"
F32013,30,33,0.8,"[96948139844.57417, 10.77707028388977]"
F32013,30,33,0.9,"[174786501.77211723, 12.127561330795288]"
F32013,30,33,1.0,"[155583.4249463163, 13.476100206375122]"
F32013,30,34,0.01,"[4.152688763990354e+20, 0.14344477653503418]"
F32013,30,34,0.1,"[2.479910817815687e+18, 1.3635683059692383]"
F32013,30,34,0.2,"[1.7128485667943868e+16, 2.717697858810425]"
F32013,30,34,0.3,"[212756718362983.34, 4.068382024765015]"
F32013,30,34,0.4,"[1877483450121.5544, 5.414327383041382]"
F32013,30,34,0.5,"[151011659240.76334, 6.759028196334839]"
F32013,30,34,0.6,"[9121628512.152775, 8.10154676437378]"
F32013,30,34,0.7,"[3119493.6894589504, 9.449103116989136]"
F32013,30,34,0.8,"[25.753192151270014, 10.799936294555664]"
F32013,30,34,0.9,"[36998.88870672962, 12.149441957473755]"
F32013,30,34,1.0,"[115425.72020233396, 13.499651193618774]"
F32013,30,35,0.01,"[4.748130518761435e+25, 0.1432352066040039]"
F32013,30,35,0.1,"[1.8439768826109317e+23, 1.3610742092132568]"
F32013,30,35,0.2,"[1.4450831616497198e+21, 2.714644432067871]"
F32013,30,35,0.3,"[1.0447553735341232e+19, 4.0658860206604]"
F32013,30,35,0.4,"[7.437197332813683e+16, 5.413234710693359]"
F32013,30,35,0.5,"[733481852512519.0, 6.760164499282837]"
F32013,30,35,0.6,"[11495129621224.04, 8.103807210922241]"
F32013,30,35,0.7,"[333002924181.1204, 9.451983213424683]"
F32013,30,35,0.8,"[64770942806.30391, 10.799185752868652]"
F32013,30,35,0.9,"[2194017.080438693, 12.146681547164917]"
F32013,30,35,1.0,"[12857437.213899903, 13.496759414672852]"
F32013,30,36,0.01,"[1.3112632181568162e+22, 0.14565277099609375]"
F32013,30,36,0.1,"[6.379354063612727e+19, 1.3591959476470947]"
F32013,30,36,0.2,"[5.314122894277383e+17, 2.7087323665618896]"
F32013,30,36,0.3,"[4074118102532073.5, 4.044943332672119]"
F32013,30,36,0.4,"[32539629998426.445, 5.38283896446228]"
F32013,30,36,0.5,"[805076684373.4884, 6.726787328720093]"
F32013,30,36,0.6,"[103544915237.63652, 8.059108972549438]"
F32013,30,36,0.7,"[1576324965.730731, 9.408803939819336]"
F32013,30,36,0.8,"[5379776.239852513, 10.751861333847046]"
F32013,30,36,0.9,"[5021349.335929884, 12.093220949172974]"
F32013,30,36,1.0,"[1721088.9104171158, 13.432007551193237]"
F32013,30,37,0.01,"[1.2061082594568509e+21, 0.13863039016723633]"
F32013,30,37,0.1,"[5.756702068194311e+18, 1.385819911956787]"
F32013,30,37,0.2,"[7.203196749417619e+16, 2.771775007247925]"
F32013,30,37,0.3,"[778322672578605.2, 4.157488584518433]"
F32013,30,37,0.4,"[7585345465069.552, 5.539628744125366]"
F32013,30,37,0.5,"[208752670977.84372, 6.926812648773193]"
F32013,30,37,0.6,"[66522940287.21423, 8.312076568603516]"
F32013,30,37,0.7,"[376264.461503589, 9.699401378631592]"
F32013,30,37,0.8,"[7780473.7235089075, 11.087396383285522]"
F32013,30,37,0.9,"[4668659.494014894, 12.476422309875488]"
F32013,30,37,1.0,"[410096.3285259262, 13.85187292098999]"
F32013,30,38,0.01,"[1.0271916641933174e+25, 0.13425135612487793]"
F32013,30,38,0.1,"[7.302132692257635e+22, 1.3432254791259766]"
F32013,30,38,0.2,"[8.339397980960744e+20, 2.686683177947998]"
F32013,30,38,0.3,"[1.2377893636082053e+19, 4.026790618896484]"
F32013,30,38,0.4,"[9.813145024656698e+16, 5.364407539367676]"
F32013,30,38,0.5,"[649395428082214.1, 6.705032587051392]"
F32013,30,38,0.6,"[6608810035536.533, 8.046120882034302]"
F32013,30,38,0.7,"[214458786865.24237, 9.388977766036987]"
F32013,30,38,0.8,"[59428085607.83232, 10.733109951019287]"
F32013,30,38,0.9,"[108123.37144477513, 12.07861042022705]"
F32013,30,38,1.0,"[768934.8908792518, 13.425167798995972]"
F32013,30,39,0.01,"[1.2190203353227225e+23, 0.1343994140625]"
F32013,30,39,0.1,"[6.92008536988804e+20, 1.3490395545959473]"
F32013,30,39,0.2,"[7.815242837059155e+18, 2.696213483810425]"
F32013,30,39,0.3,"[8.928183042374662e+16, 4.040592670440674]"
F32013,30,39,0.4,"[1467698677727787.5, 5.3902504444122314]"
F32013,30,39,0.5,"[19527124370972.96, 6.731307029724121]"
F32013,30,39,0.6,"[400697226268.9437, 8.06792664527893]"
F32013,30,39,0.7,"[113272103514.91266, 9.408510446548462]"
F32013,30,39,0.8,"[66586.23150750613, 10.759044647216797]"
F32013,30,39,0.9,"[1298234.007832054, 12.10759687423706]"
F32013,30,39,1.0,"[26906.688823983783, 13.451982498168945]"
F32013,30,40,0.01,"[3.6029368565570035e+21, 0.18960976600646973]"
F32013,30,40,0.1,"[1.5367872908187089e+19, 1.4282755851745605]"
F32013,30,40,0.2,"[1.8018715726294656e+17, 2.7766592502593994]"
F32013,30,40,0.3,"[1264892393872766.5, 4.123080492019653]"
F32013,30,40,0.4,"[7712630520035.774, 5.463320255279541]"
F32013,30,40,0.5,"[239271587963.84335, 6.805728912353516]"
F32013,30,40,0.6,"[85989843732.53209, 8.151209115982056]"
F32013,30,40,0.7,"[162650.67666188726, 9.498448371887207]"
F32013,30,40,0.8,"[1.437387548628294, 10.845972537994385]"
F32013,30,40,0.9,"[76965.34999023576, 12.200527906417847]"
F32013,30,40,1.0,"[103668.05866885876, 13.549773216247559]"
F32013,30,41,0.01,"[9.608657589980847e+27, 0.15763068199157715]"
F32013,30,41,0.1,"[5.85467814507501e+25, 1.357701063156128]"
F32013,30,41,0.2,"[7.724468451359702e+23, 2.68459153175354]"
F32013,30,41,0.3,"[9.807849938875432e+21, 4.010551691055298]"
F32013,30,41,0.4,"[9.514438947093324e+19, 5.335046291351318]"
F32013,30,41,0.5,"[7.467475035923753e+17, 6.657660007476807]"
F32013,30,41,0.6,"[6564076070121323.0, 7.982107877731323]"
F32013,30,41,0.7,"[105528373682372.75, 9.309754133224487]"
F32013,30,41,0.8,"[1712483327812.9739, 10.637608766555786]"
F32013,30,41,0.9,"[81812419007.89784, 11.968086004257202]"
F32013,30,41,1.0,"[5375293744.350931, 13.295501947402954]"
F32013,30,42,0.01,"[1.1963796324564485e+26, 0.13614964485168457]"
F32013,30,42,0.1,"[5.434220688299307e+23, 1.3607561588287354]"
F32013,30,42,0.2,"[4.353824485524238e+21, 2.7220702171325684]"
F32013,30,42,0.3,"[4.563931134671221e+19, 4.082444906234741]"
F32013,30,42,0.4,"[4.058144065244108e+17, 5.436450242996216]"
F32013,30,42,0.5,"[4991497248123989.0, 6.787582874298096]"
F32013,30,42,0.6,"[130139467095522.0, 8.135915279388428]"
F32013,30,42,0.7,"[960738512278.872, 9.494874238967896]"
F32013,30,42,0.8,"[71841541082.61037, 10.859221696853638]"
F32013,30,42,0.9,"[1461852301.7009687, 12.216107368469238]"
F32013,30,42,1.0,"[523991.39267975814, 13.572846412658691]"
F32013,30,43,0.01,"[2.0444484624334342e+21, 0.13621950149536133]"
F32013,30,43,0.1,"[1.0538774423350856e+19, 1.3621435165405273]"
F32013,30,43,0.2,"[1.1269663471327158e+17, 2.7208504676818848]"
F32013,30,43,0.3,"[1164692192526731.5, 4.080259323120117]"
F32013,30,43,0.4,"[13105646386312.459, 5.435740232467651]"
F32013,30,43,0.5,"[400682088295.0257, 6.7889204025268555]"
F32013,30,43,0.6,"[87416515208.61299, 8.139886617660522]"
F32013,30,43,0.7,"[14532236.091647707, 9.498400926589966]"
F32013,30,43,0.8,"[3888629.6051563425, 10.85565447807312]"
F32013,30,43,0.9,"[2774640.4742206973, 12.213895797729492]"
F32013,30,43,1.0,"[1540254.1033522866, 13.573027849197388]"
F32013,30,44,0.01,"[6.506397420678796e+23, 0.17384028434753418]"
F32013,30,44,0.1,"[3.2576982986897836e+21, 1.387162208557129]"
F32013,30,44,0.2,"[3.233080122941439e+19, 2.7320117950439453]"
F32013,30,44,0.3,"[2.8810494542293357e+17, 4.0770604610443115]"
F32013,30,44,0.4,"[3732070444312804.0, 5.417896747589111]"
F32013,30,44,0.5,"[75106389631402.89, 6.759244441986084]"
F32013,30,44,0.6,"[1244024992526.9124, 8.097276210784912]"
F32013,30,44,0.7,"[109972019990.56662, 9.438185691833496]"
F32013,30,44,0.8,"[1885233092.0429888, 10.781371593475342]"
F32013,30,44,0.9,"[26788.81143556488, 12.129348516464233]"
F32013,30,44,1.0,"[118810.91735163919, 13.476768732070923]"
F32013,30,45,0.01,"[2.3366556487637283e+27, 0.17533087730407715]"
F32013,30,45,0.1,"[1.982306850511492e+25, 1.3925607204437256]"
F32013,30,45,0.2,"[1.7832380012079504e+23, 2.741795539855957]"
F32013,30,45,0.3,"[1.788534542513683e+21, 4.0877838134765625]"
F32013,30,45,0.4,"[3.1597921485104587e+19, 5.429315567016602]"
F32013,30,45,0.5,"[4.014964038029779e+17, 6.773475646972656]"
F32013,30,45,0.6,"[8947074584302760.0, 8.113832950592041]"
F32013,30,45,0.7,"[77502491033734.2, 9.456812858581543]"
F32013,30,45,0.8,"[535565315497.97534, 10.801067590713501]"
F32013,30,45,0.9,"[95601275208.44342, 12.151244640350342]"
F32013,30,45,1.0,"[458170193.40041023, 13.497520685195923]"
F32013,30,46,0.01,"[3.0095483525478404e+28, 0.16184115409851074]"
F32013,30,46,0.1,"[1.3857415045019011e+26, 1.3816637992858887]"
F32013,30,46,0.2,"[1.131890269252374e+24, 2.731679916381836]"
F32013,30,46,0.3,"[1.1574309624161455e+22, 4.08176326751709]"
F32013,30,46,0.4,"[2.4495296045698266e+20, 5.430267095565796]"
F32013,30,46,0.5,"[2.258062843633807e+18, 6.782098770141602]"
F32013,30,46,0.6,"[2.41052653472243e+16, 8.127376317977905]"
F32013,30,46,0.7,"[353529053429765.56, 9.474325895309448]"
F32013,30,46,0.8,"[3199472296805.2773, 10.821357727050781]"
F32013,30,46,0.9,"[77549076235.61153, 12.173553466796875]"
F32013,30,46,1.0,"[12335272497.716253, 13.52144718170166]"
F32013,30,47,0.01,"[1.6193400595192415e+23, 0.1591181755065918]"
F32013,30,47,0.1,"[7.712456023054879e+20, 1.3833682537078857]"
F32013,30,47,0.2,"[5.798474935729324e+18, 2.7422869205474854]"
F32013,30,47,0.3,"[4.760739523727899e+16, 4.105782747268677]"
F32013,30,47,0.4,"[590847053459077.6, 5.4618847370147705]"
F32013,30,47,0.5,"[6226273336725.224, 6.813271999359131]"
F32013,30,47,0.6,"[175397662060.62448, 8.160449504852295]"
F32013,30,47,0.7,"[49946353513.59148, 9.513965368270874]"
F32013,30,47,0.8,"[0.691450424722234, 10.87177300453186]"
F32013,30,47,0.9,"[171198.3518885051, 12.226411581039429]"
F32013,30,47,1.0,"[105816.32473077683, 13.582146167755127]"
F32013,30,48,0.01,"[7.557879641673001e+27, 0.13290977478027344]"
F32013,30,48,0.1,"[3.355486278147435e+25, 1.3240065574645996]"
F32013,30,48,0.2,"[2.6675616263603394e+23, 2.6454451084136963]"
F32013,30,48,0.3,"[2.695875398716683e+21, 3.9698593616485596]"
F32013,30,48,0.4,"[2.4899370698243154e+19, 5.291402101516724]"
F32013,30,48,0.5,"[3.6771229217609363e+17, 6.613417625427246]"
F32013,30,48,0.6,"[4287023689941387.0, 7.935765027999878]"
F32013,30,48,0.7,"[39725912974155.516, 9.258616209030151]"
F32013,30,48,0.8,"[470499498345.109, 10.580576181411743]"
F32013,30,48,0.9,"[58737470621.17782, 11.905565977096558]"
F32013,30,48,1.0,"[103859968.81358108, 13.223225355148315]"
F32013,30,49,0.01,"[1.0332697514505248e+23, 0.13268327713012695]"
F32013,30,49,0.1,"[7.787897644839849e+20, 1.3202788829803467]"
F32013,30,49,0.2,"[8.278003853293965e+18, 2.635781764984131]"
F32013,30,49,0.3,"[1.8372665344593568e+17, 3.9510514736175537]"
F32013,30,49,0.4,"[2939453788488798.5, 5.26664662361145]"
F32013,30,49,0.5,"[40111267548729.64, 6.582622051239014]"
F32013,30,49,0.6,"[697864276988.0872, 7.897731065750122]"
F32013,30,49,0.7,"[106892826284.8994, 9.211992740631104]"
F32013,30,49,0.8,"[124530522.24283259, 10.52538514137268]"
F32013,30,49,0.9,"[3304825.568157454, 11.842096090316772]"
F32013,30,49,1.0,"[1482966.141631056, 13.1585111618042]"
F32013,30,50,0.01,"[8.066209174431068e+25, 0.13234686851501465]"
F32013,30,50,0.1,"[3.3533843272290064e+23, 1.3159418106079102]"
F32013,30,50,0.2,"[2.6079558217038886e+21, 2.630399465560913]"
F32013,30,50,0.3,"[2.3737240161700835e+19, 3.9448623657226562]"
F32013,30,50,0.4,"[2.3194908621915296e+17, 5.260677099227905]"
F32013,30,50,0.5,"[2066959816505956.8, 6.578933954238892]"
F32013,30,50,0.6,"[24416976610988.383, 7.895242929458618]"
F32013,30,50,0.7,"[277507668359.044, 9.211829900741577]"
F32013,30,50,0.8,"[99477155915.2931, 10.52668046951294]"
F32013,30,50,0.9,"[324137.3860096274, 11.840227603912354]"
F32013,30,50,1.0,"[1.810649896936411, 13.155443668365479]"
F32013,50,0,0.01,"[1.2534735545404539e+19, 0.2936522960662842]"
F32013,50,0,0.1,"[8.015972410232168e+16, 2.4680440425872803]"
F32013,50,0,0.2,"[487747040986309.2, 4.8926262855529785]"
F32013,50,0,0.3,"[5504335779272.26, 7.309396743774414]"
F32013,50,0,0.4,"[257286636319.14752, 9.731640100479126]"
F32013,50,0,0.5,"[134767128188.29527, 12.138520002365112]"
F32013,50,0,0.6,"[986075.8567391564, 14.553555965423584]"
F32013,50,0,0.7,"[57292.938656334976, 16.969613075256348]"
F32013,50,0,0.8,"[355996.2548152631, 19.392563104629517]"
F32013,50,0,0.9,"[260440.03088245486, 21.803294897079468]"
F32013,50,0,1.0,"[221589.38534129757, 24.21476650238037]"
F32013,50,1,0.01,"[1.186102859609843e+21, 0.27571582794189453]"
F32013,50,1,0.1,"[6.055700389753372e+18, 2.452887773513794]"
F32013,50,1,0.2,"[3.934766085280765e+16, 4.879855632781982]"
F32013,50,1,0.3,"[262826319500801.03, 7.300135135650635]"
F32013,50,1,0.4,"[4132724674798.3276, 9.7237868309021]"
F32013,50,1,0.5,"[253604418884.0712, 12.144622325897217]"
F32013,50,1,0.6,"[22516473966.253796, 14.571659326553345]"
F32013,50,1,0.7,"[330907.09680338827, 16.99424433708191]"
F32013,50,1,0.8,"[194994.5376321038, 19.427632093429565]"
F32013,50,1,0.9,"[262232.12415269855, 21.85016655921936]"
F32013,50,1,1.0,"[268542.8977894955, 24.27824115753174]"
F32013,50,2,0.01,"[8.340895489885559e+22, 0.24436545372009277]"
F32013,50,2,0.1,"[4.227118534508205e+20, 2.427267074584961]"
F32013,50,2,0.2,"[3.154112628497901e+18, 4.855999231338501]"
F32013,50,2,0.3,"[3.2309110384967156e+16, 7.277545213699341]"
F32013,50,2,0.4,"[343045973498896.06, 9.703181266784668]"
F32013,50,2,0.5,"[4129932901017.738, 12.123271942138672]"
F32013,50,2,0.6,"[477585164488.33563, 14.546979427337646]"
F32013,50,2,0.7,"[66487627860.89413, 16.963697910308838]"
F32013,50,2,0.8,"[47711130.60925173, 19.3878333568573]"
F32013,50,2,0.9,"[46699935.180620976, 21.803664684295654]"
F32013,50,2,1.0,"[16363969.328001563, 24.224058628082275]"
F32013,50,3,0.01,"[1.9395492522341407e+21, 0.2859780788421631]"
F32013,50,3,0.1,"[1.215489263999601e+19, 2.463390588760376]"
F32013,50,3,0.2,"[1.2200869764782166e+17, 4.88797664642334]"
F32013,50,3,0.3,"[1407625131478652.5, 7.308756589889526]"
F32013,50,3,0.4,"[16842313280760.04, 9.72990870475769]"
F32013,50,3,0.5,"[539462243716.2761, 12.139734506607056]"
F32013,50,3,0.6,"[111775517144.20271, 14.552992105484009]"
F32013,50,3,0.7,"[2245091.890110014, 16.96654224395752]"
F32013,50,3,0.8,"[467263.00322478695, 19.393293380737305]"
F32013,50,3,0.9,"[284747.5801256977, 21.804585695266724]"
F32013,50,3,1.0,"[165733.7855645987, 24.213325262069702]"
F32013,50,4,0.01,"[2.800168461060231e+23, 0.24394965171813965]"
F32013,50,4,0.1,"[3.67235385319804e+21, 2.4273505210876465]"
F32013,50,4,0.2,"[3.3911570694642147e+19, 4.8574230670928955]"
F32013,50,4,0.3,"[3.058831386649962e+17, 7.2826268672943115]"
F32013,50,4,0.4,"[4709702796425690.0, 9.711413860321045]"
F32013,50,4,0.5,"[60521590388553.266, 12.133000373840332]"
F32013,50,4,0.6,"[628506054970.191, 14.562756538391113]"
F32013,50,4,0.7,"[156464667666.00577, 16.98950505256653]"
F32013,50,4,0.8,"[8427950.508358024, 19.418277263641357]"
F32013,50,4,0.9,"[19299.90967727008, 21.84551978111267]"
F32013,50,4,1.0,"[154955.97715498554, 24.268555641174316]"
F32013,50,5,0.01,"[1.9664986230686665e+22, 0.24930644035339355]"
F32013,50,5,0.1,"[2.5397159962286296e+20, 2.4271390438079834]"
F32013,50,5,0.2,"[4.4772208818510766e+18, 4.848620176315308]"
F32013,50,5,0.3,"[6.889379741684328e+16, 7.266572713851929]"
F32013,50,5,0.4,"[656402461005199.5, 9.68441653251648]"
F32013,50,5,0.5,"[8285042367185.094, 12.099344730377197]"
F32013,50,5,0.6,"[244299973084.51865, 14.516949653625488]"
F32013,50,5,0.7,"[37707414339.70476, 16.931613206863403]"
F32013,50,5,0.8,"[42922086.666235395, 19.34855556488037]"
F32013,50,5,0.9,"[15244075.870508024, 21.757561922073364]"
F32013,50,5,1.0,"[337525.4827919363, 24.17570185661316]"
F32013,50,6,0.01,"[6.010427901314999e+19, 0.2869999408721924]"
F32013,50,6,0.1,"[2.6077252976850445e+17, 2.4779934883117676]"
F32013,50,6,0.2,"[1710782219274230.8, 4.9259114265441895]"
F32013,50,6,0.3,"[17044529556161.55, 7.358422040939331]"
F32013,50,6,0.4,"[812896709641.9089, 9.788856506347656]"
F32013,50,6,0.5,"[120152808750.5342, 12.218090534210205]"
F32013,50,6,0.6,"[22409014.52828347, 14.647773265838623]"
F32013,50,6,0.7,"[18609415.083362844, 17.070476770401]"
F32013,50,6,0.8,"[4820877.273194643, 19.50889229774475]"
F32013,50,6,0.9,"[142754.70121345622, 21.936344146728516]"
F32013,50,6,1.0,"[68087.54251087428, 24.362704038619995]"
F32013,50,7,0.01,"[2.926825654493978e+31, 0.24467873573303223]"
F32013,50,7,0.1,"[2.9971896293713032e+29, 2.4265248775482178]"
F32013,50,7,0.2,"[2.114237429796548e+27, 4.858216285705566]"
F32013,50,7,0.3,"[1.5116634286419563e+25, 7.291391372680664]"
F32013,50,7,0.4,"[1.3959407925526026e+23, 9.723780870437622]"
F32013,50,7,0.5,"[3.5451801448430006e+21, 12.142751455307007]"
F32013,50,7,0.6,"[2.62229783297665e+19, 14.571815490722656]"
F32013,50,7,0.7,"[3.2428403351008986e+17, 16.999577283859253]"
F32013,50,7,0.8,"[2520467337834674.0, 19.43860125541687]"
F32013,50,7,0.9,"[26002080871182.477, 21.875081300735474]"
F32013,50,7,1.0,"[1087691089027.9716, 24.30941081047058]"
F32013,50,8,0.01,"[8.109219504903271e+19, 0.24390625953674316]"
F32013,50,8,0.1,"[1.4109704905394657e+18, 2.42331600189209]"
F32013,50,8,0.2,"[1.4740892514744996e+16, 4.850035667419434]"
F32013,50,8,0.3,"[139821133683579.66, 7.275241851806641]"
F32013,50,8,0.4,"[1834620335616.1045, 9.696486711502075]"
F32013,50,8,0.5,"[161981463087.21997, 12.117516040802002]"
F32013,50,8,0.6,"[2486128300.3344364, 14.53963589668274]"
F32013,50,8,0.7,"[70626095.49668247, 16.955826997756958]"
F32013,50,8,0.8,"[40241560.743576236, 19.375777006149292]"
F32013,50,8,0.9,"[48790565.14363465, 21.786757469177246]"
F32013,50,8,1.0,"[19348431.23020586, 24.206775426864624]"
F32013,50,9,0.01,"[1.6812365024665454e+23, 0.24352073669433594]"
F32013,50,9,0.1,"[1.0562144730990878e+21, 2.4255640506744385]"
F32013,50,9,0.2,"[1.2226119102140625e+19, 4.8473289012908936]"
F32013,50,9,0.3,"[1.7156745480548186e+17, 7.268342971801758]"
F32013,50,9,0.4,"[1805004718198372.0, 9.692438125610352]"
F32013,50,9,0.5,"[35441568902960.46, 12.109308958053589]"
F32013,50,9,0.6,"[900870322680.9596, 14.532483339309692]"
F32013,50,9,0.7,"[130432157912.15758, 16.954110145568848]"
F32013,50,9,0.8,"[1554879.0782507942, 19.38109850883484]"
F32013,50,9,0.9,"[3573972.7864867984, 21.8006751537323]"
F32013,50,9,1.0,"[298365.39877922414, 24.21839666366577]"
F32013,50,10,0.01,"[2.5919679753965496e+27, 0.2648355960845947]"
F32013,50,10,0.1,"[2.4786124949231926e+25, 2.475163221359253]"
F32013,50,10,0.2,"[1.76389260102024e+23, 4.911200761795044]"
F32013,50,10,0.3,"[2.635993428458052e+21, 7.347695350646973]"
F32013,50,10,0.4,"[4.04506070671336e+19, 9.781070232391357]"
F32013,50,10,0.5,"[2.924576749731278e+17, 12.20339822769165]"
F32013,50,10,0.6,"[1809157738626203.2, 14.630489826202393]"
F32013,50,10,0.7,"[31829845751296.184, 17.055445194244385]"
F32013,50,10,0.8,"[1702306056664.6128, 19.487573623657227]"
F32013,50,10,0.9,"[175466800008.28754, 21.916001319885254]"
F32013,50,10,1.0,"[7128525.261736806, 24.342756271362305]"
F32013,50,11,0.01,"[1.1943357052432445e+18, 0.2675356864929199]"
F32013,50,11,0.1,"[1.1009372150374528e+16, 2.45224928855896]"
F32013,50,11,0.2,"[150396406235069.66, 4.85825252532959]"
F32013,50,11,0.3,"[1596747311352.6418, 7.256490707397461]"
F32013,50,11,0.4,"[179304179152.412, 9.672996759414673]"
F32013,50,11,0.5,"[394375213.21620667, 12.080483198165894]"
F32013,50,11,0.6,"[335.40502325431294, 14.487945556640625]"
F32013,50,11,0.7,"[132458.59913317565, 16.899724006652832]"
F32013,50,11,0.8,"[224992.71471608625, 19.329416751861572]"
F32013,50,11,0.9,"[292272.5771911095, 21.77002477645874]"
F32013,50,11,1.0,"[182168.94055453123, 24.183435201644897]"
F32013,50,12,0.01,"[4.957999884576911e+24, 0.2802438735961914]"
F32013,50,12,0.1,"[9.959992012609113e+22, 2.453052520751953]"
F32013,50,12,0.2,"[1.075481540168017e+21, 4.86417293548584]"
F32013,50,12,0.3,"[1.004149338994756e+19, 7.269909381866455]"
F32013,50,12,0.4,"[8.417480441903478e+16, 9.676248550415039]"
F32013,50,12,0.5,"[510647567840028.56, 12.075073003768921]"
F32013,50,12,0.6,"[6477290077333.833, 14.47545051574707]"
F32013,50,12,0.7,"[371275867647.5718, 16.880051136016846]"
F32013,50,12,0.8,"[63792011829.62177, 19.29427480697632]"
F32013,50,12,0.9,"[1.2526721361250566, 21.700953483581543]"
F32013,50,12,1.0,"[222230.2449148621, 24.113065719604492]"
F32013,50,13,0.01,"[1.5886704277021638e+28, 0.24243450164794922]"
F32013,50,13,0.1,"[3.5006920480951475e+26, 2.4107000827789307]"
F32013,50,13,0.2,"[2.9511850601661874e+24, 4.8237409591674805]"
F32013,50,13,0.3,"[2.736907270996423e+22, 7.243517160415649]"
F32013,50,13,0.4,"[3.788576325820346e+20, 9.659823179244995]"
F32013,50,13,0.5,"[5.055451804071438e+18, 12.075605630874634]"
F32013,50,13,0.6,"[5.446587666457599e+16, 14.490296363830566]"
F32013,50,13,0.7,"[492288560996146.56, 16.901566743850708]"
F32013,50,13,0.8,"[9826852781180.244, 19.319087028503418]"
F32013,50,13,0.9,"[308728354583.9101, 21.729983806610107]"
F32013,50,13,1.0,"[39597780263.750046, 24.14678382873535]"
F32013,50,14,0.01,"[3937064524363282.5, 0.28735947608947754]"
F32013,50,14,0.1,"[98273336701134.44, 2.4440982341766357]"
F32013,50,14,0.2,"[3035544004804.7437, 4.850492000579834]"
F32013,50,14,0.3,"[252487143271.09726, 7.2551891803741455]"
F32013,50,14,0.4,"[301352024.8194923, 9.670344591140747]"
F32013,50,14,0.5,"[5200001.902254549, 12.080267429351807]"
F32013,50,14,0.6,"[5465.320517708063, 14.491505861282349]"
F32013,50,14,0.7,"[115680.32538310254, 16.900628566741943]"
F32013,50,14,0.8,"[375601.9473693569, 19.316697120666504]"
F32013,50,14,0.9,"[234422.02202945514, 21.730878353118896]"
F32013,50,14,1.0,"[223278.13471734917, 24.15211033821106]"
F32013,50,15,0.01,"[1.501482166515993e+17, 0.29648876190185547]"
F32013,50,15,0.1,"[1679754522804790.5, 2.45996356010437]"
F32013,50,15,0.2,"[15441746944585.426, 4.870809555053711]"
F32013,50,15,0.3,"[342288767061.7796, 7.27938437461853]"
F32013,50,15,0.4,"[100537564967.06271, 9.686710357666016]"
F32013,50,15,0.5,"[655.6280689146885, 12.094349145889282]"
F32013,50,15,0.6,"[7.482966349091157, 14.511756420135498]"
F32013,50,15,0.7,"[234737.1343073327, 16.91516375541687]"
F32013,50,15,0.8,"[409172.72099405876, 19.32504415512085]"
F32013,50,15,0.9,"[100297.37885029553, 21.732867002487183]"
F32013,50,15,1.0,"[215944.39200641427, 24.14968514442444]"
F32013,50,16,0.01,"[3.0384982150622055e+22, 0.2713344097137451]"
F32013,50,16,0.1,"[3.591444832963691e+20, 2.399151563644409]"
F32013,50,16,0.2,"[4.858209099583011e+18, 4.768921136856079]"
F32013,50,16,0.3,"[4.598714772863291e+16, 7.137751340866089]"
F32013,50,16,0.4,"[926399506834831.5, 9.511165380477905]"
F32013,50,16,0.5,"[17629130802390.05, 11.880089282989502]"
F32013,50,16,0.6,"[317831293069.1665, 14.249207496643066]"
F32013,50,16,0.7,"[113056970876.03793, 16.612611055374146]"
F32013,50,16,0.8,"[49795397.22947324, 18.98219895362854]"
F32013,50,16,0.9,"[33738988.70467363, 21.33486032485962]"
F32013,50,16,1.0,"[20622357.879232444, 23.701512336730957]"
F32013,50,17,0.01,"[4.1044985588486344e+27, 0.24225354194641113]"
F32013,50,17,0.1,"[3.108416126483429e+25, 2.3903868198394775]"
F32013,50,17,0.2,"[3.117704280300457e+23, 4.769158363342285]"
F32013,50,17,0.3,"[2.527492071487383e+21, 7.157892227172852]"
F32013,50,17,0.4,"[1.6912245745538753e+19, 9.548842668533325]"
F32013,50,17,0.5,"[1.6729974554467475e+17, 11.923967361450195]"
F32013,50,17,0.6,"[2505378319324360.5, 14.298310995101929]"
F32013,50,17,0.7,"[48544946913668.43, 16.67921781539917]"
F32013,50,17,0.8,"[646333236705.7072, 19.068609714508057]"
F32013,50,17,0.9,"[164547446746.1443, 21.454545736312866]"
F32013,50,17,1.0,"[15648653.033928473, 23.840107202529907]"
F32013,50,18,0.01,"[8.589403338972433e+22, 0.27822303771972656]"
F32013,50,18,0.1,"[7.394301418222297e+21, 2.4167582988739014]"
F32013,50,18,0.2,"[1.2307807928202704e+20, 4.8054585456848145]"
F32013,50,18,0.3,"[1.4014165308405363e+18, 7.201130151748657]"
F32013,50,18,0.4,"[1.3891638524941586e+16, 9.596654891967773]"
F32013,50,18,0.5,"[116854092701712.95, 11.97744870185852]"
F32013,50,18,0.6,"[2781280798494.326, 14.355087041854858]"
F32013,50,18,0.7,"[135241858015.90144, 16.729650497436523]"
F32013,50,18,0.8,"[212550416.04819837, 19.111293077468872]"
F32013,50,18,0.9,"[40.842849022241126, 21.489509344100952]"
F32013,50,18,1.0,"[219597.93077721735, 23.872354984283447]"
F32013,50,19,0.01,"[3.0244595312416116e+20, 0.2431490421295166]"
F32013,50,19,0.1,"[2.1815619722003644e+19, 2.3675315380096436]"
F32013,50,19,0.2,"[2.1893232334344538e+17, 4.734857082366943]"
F32013,50,19,0.3,"[2222373718046625.0, 7.100869178771973]"
F32013,50,19,0.4,"[39644687609100.945, 9.472136974334717]"
F32013,50,19,0.5,"[468471220576.2554, 11.842841148376465]"
F32013,50,19,0.6,"[165239549987.9025, 14.20726490020752]"
F32013,50,19,0.7,"[133047.94495818956, 16.567164182662964]"
F32013,50,19,0.8,"[16953.260565901473, 18.92703604698181]"
F32013,50,19,0.9,"[327743.4981098864, 21.286632299423218]"
F32013,50,19,1.0,"[275205.8221162272, 23.65343165397644]"
F32013,50,20,0.01,"[9.487952604376697e+21, 0.28931570053100586]"
F32013,50,20,0.1,"[5.15880788388335e+19, 2.424582004547119]"
F32013,50,20,0.2,"[4.121299388593811e+17, 4.797132730484009]"
F32013,50,20,0.3,"[4278241940554649.0, 7.170837163925171]"
F32013,50,20,0.4,"[32194227520850.81, 9.547911882400513]"
F32013,50,20,0.5,"[771911789718.3328, 11.92304277420044]"
F32013,50,20,0.6,"[115021139237.72281, 14.297390699386597]"
F32013,50,20,0.7,"[64995.14778812399, 16.666569471359253]"
F32013,50,20,0.8,"[27236.787167793005, 19.048373222351074]"
F32013,50,20,0.9,"[139942.12629627413, 21.42313313484192]"
F32013,50,20,1.0,"[264037.5372149282, 23.802632570266724]"
F32013,50,21,0.01,"[3.988371055661871e+23, 0.2387709617614746]"
F32013,50,21,0.1,"[3.7271949217012285e+22, 2.362914562225342]"
F32013,50,21,0.2,"[3.1678837615728335e+20, 4.721747636795044]"
F32013,50,21,0.3,"[2.5593204123249336e+18, 7.087103843688965]"
F32013,50,21,0.4,"[2.609810749680682e+16, 9.449397087097168]"
F32013,50,21,0.5,"[182319399133929.66, 11.80775761604309]"
F32013,50,21,0.6,"[3381807818759.7695, 14.165582418441772]"
F32013,50,21,0.7,"[233256146476.64706, 16.520192623138428]"
F32013,50,21,0.8,"[10128241743.254648, 18.879833936691284]"
F32013,50,21,0.9,"[58.048911078262336, 21.22995376586914]"
F32013,50,21,1.0,"[140269.31517214846, 23.601447820663452]"
F32013,50,22,0.01,"[1.556336532361132e+23, 0.24026226997375488]"
F32013,50,22,0.1,"[9.467644368133392e+20, 2.369313955307007]"
F32013,50,22,0.2,"[8.126770861312461e+18, 4.742215633392334]"
F32013,50,22,0.3,"[6.5509513287545224e+16, 7.108948230743408]"
F32013,50,22,0.4,"[600631705556802.9, 9.483633518218994]"
F32013,50,22,0.5,"[12449586766163.49, 11.856497287750244]"
F32013,50,22,0.6,"[447280979196.3489, 14.222025156021118]"
F32013,50,22,0.7,"[101505169180.79105, 16.584007024765015]"
F32013,50,22,0.8,"[265386.17820988136, 18.951079845428467]"
F32013,50,22,0.9,"[2803.937734399664, 21.31195044517517]"
F32013,50,22,1.0,"[184954.44434605623, 23.68070673942566]"
F32013,50,23,0.01,"[6.649747008811532e+18, 0.2629361152648926]"
F32013,50,23,0.1,"[6.029599880225217e+16, 2.413149118423462]"
F32013,50,23,0.2,"[1790269242628567.8, 4.8070855140686035]"
F32013,50,23,0.3,"[24621839137295.71, 7.207136154174805]"
F32013,50,23,0.4,"[402394332408.86884, 9.617046594619751]"
F32013,50,23,0.5,"[144933587616.20947, 12.02578067779541]"
F32013,50,23,0.6,"[528.0592345074143, 14.437541961669922]"
F32013,50,23,0.7,"[6052.553189387668, 16.837509870529175]"
F32013,50,23,0.8,"[149048.91207982096, 19.244263410568237]"
F32013,50,23,0.9,"[311811.5721034636, 21.651064157485962]"
F32013,50,23,1.0,"[193278.85613223247, 24.07892417907715]"
F32013,50,24,0.01,"[3.598390800534122e+24, 0.2423081398010254]"
F32013,50,24,0.1,"[3.2565365206175195e+22, 2.4002816677093506]"
F32013,50,24,0.2,"[2.3861450872648906e+20, 4.802589178085327]"
F32013,50,24,0.3,"[3.4044725024154015e+18, 7.204794406890869]"
F32013,50,24,0.4,"[5.2082433708247384e+16, 9.609419584274292]"
F32013,50,24,0.5,"[682481460405011.8, 12.012599229812622]"
F32013,50,24,0.6,"[14848355627322.219, 14.414628028869629]"
F32013,50,24,0.7,"[393075393780.41907, 16.809025049209595]"
F32013,50,24,0.8,"[54823549974.12745, 19.212530374526978]"
F32013,50,24,0.9,"[0.6233171008393583, 21.611949682235718]"
F32013,50,24,1.0,"[223392.40176700885, 24.019349813461304]"
F32013,50,25,0.01,"[1.967135996489633e+20, 0.2773110866546631]"
F32013,50,25,0.1,"[2.1731661832811727e+18, 2.468675374984741]"
F32013,50,25,0.2,"[3.0424146042584588e+16, 4.9070725440979]"
F32013,50,25,0.3,"[366099661034530.3, 7.343778133392334]"
F32013,50,25,0.4,"[2491051142877.332, 9.778995990753174]"
F32013,50,25,0.5,"[413308836678.2736, 12.201092004776001]"
F32013,50,25,0.6,"[43213420962.54925, 14.627069473266602]"
F32013,50,25,0.7,"[35848.51451018904, 17.054095029830933]"
F32013,50,25,0.8,"[167287.77334154895, 19.49120259284973]"
F32013,50,25,0.9,"[212154.84508213933, 21.925235986709595]"
F32013,50,25,1.0,"[223685.8490626858, 24.363285779953003]"
F32013,50,26,0.01,"[9.953836235053531e+33, 0.3211941719055176]"
F32013,50,26,0.1,"[9.660261503485147e+31, 2.4977855682373047]"
F32013,50,26,0.2,"[6.925721548492469e+29, 4.925333261489868]"
F32013,50,26,0.3,"[5.071360388622483e+27, 7.348301887512207]"
F32013,50,26,0.4,"[3.7160024559053146e+25, 9.768249273300171]"
F32013,50,26,0.5,"[2.6131685018649094e+23, 12.183260917663574]"
F32013,50,26,0.6,"[3.110703165447426e+21, 14.60325026512146]"
F32013,50,26,0.7,"[8.18671255394139e+19, 17.015689611434937]"
F32013,50,26,0.8,"[8.698397383653655e+17, 19.438875675201416]"
F32013,50,26,0.9,"[7864286822648455.0, 21.858360767364502]"
F32013,50,26,1.0,"[84667181999791.08, 24.27510976791382]"
F32013,50,27,0.01,"[8.968434658236299e+23, 0.26261329650878906]"
F32013,50,27,0.1,"[7.811157941477235e+21, 2.444046974182129]"
F32013,50,27,0.2,"[1.08103987713471e+20, 4.872374057769775]"
F32013,50,27,0.3,"[9.144267199537517e+17, 7.29231071472168]"
F32013,50,27,0.4,"[1.1623760758803926e+16, 9.715938806533813]"
F32013,50,27,0.5,"[221161865215639.75, 12.135593891143799]"
F32013,50,27,0.6,"[1633472251940.4417, 14.558347702026367]"
F32013,50,27,0.7,"[165994955846.28854, 16.975669622421265]"
F32013,50,27,0.8,"[8399713669.942826, 19.400593280792236]"
F32013,50,27,0.9,"[13953503.090901336, 21.818523645401]"
F32013,50,27,1.0,"[8722427.884457655, 24.238637685775757]"
F32013,50,28,0.01,"[6.538469974999305e+35, 0.24267292022705078]"
F32013,50,28,0.1,"[5.80232860077217e+33, 2.4054226875305176]"
F32013,50,28,0.2,"[4.292610874384543e+31, 4.815003156661987]"
F32013,50,28,0.3,"[3.1364306823646782e+29, 7.223953485488892]"
F32013,50,28,0.4,"[2.860780282340928e+27, 9.645347118377686]"
F32013,50,28,0.5,"[2.6212715919260066e+25, 12.062573671340942]"
F32013,50,28,0.6,"[1.908430381995522e+23, 14.47390341758728]"
F32013,50,28,0.7,"[2.5887851211167944e+21, 16.87148952484131]"
F32013,50,28,0.8,"[2.5673509535635902e+19, 19.276236295700073]"
F32013,50,28,0.9,"[1.9670190166804006e+17, 21.685258865356445]"
F32013,50,28,1.0,"[1843184706581087.2, 24.10063147544861]"
F32013,50,29,0.01,"[3.1951042990206457e+30, 0.2591586112976074]"
F32013,50,29,0.1,"[4.230137888433576e+28, 2.417165756225586]"
F32013,50,29,0.2,"[4.749320926976183e+26, 4.8189451694488525]"
F32013,50,29,0.3,"[4.4764576176362735e+24, 7.218221664428711]"
F32013,50,29,0.4,"[3.207588597257295e+22, 9.626339673995972]"
F32013,50,29,0.5,"[2.228050427221725e+20, 12.03251600265503]"
F32013,50,29,0.6,"[1.6518783896541036e+18, 14.443912029266357]"
F32013,50,29,0.7,"[4.957493017100735e+16, 16.84236764907837]"
F32013,50,29,0.8,"[879767226802496.2, 19.247289896011353]"
F32013,50,29,0.9,"[4868788483264.609, 21.64835500717163]"
F32013,50,29,1.0,"[269383779020.68384, 24.055646896362305]"
F32013,50,30,0.01,"[7.48089452679741e+17, 0.2698802947998047]"
F32013,50,30,0.1,"[4636873325581651.0, 2.454486846923828]"
F32013,50,30,0.2,"[47696390326580.3, 4.882953405380249]"
F32013,50,30,0.3,"[988783459941.2377, 7.312878847122192]"
F32013,50,30,0.4,"[185662207178.26718, 9.745699167251587]"
F32013,50,30,0.5,"[82486751.89058667, 12.168447971343994]"
F32013,50,30,0.6,"[36960214.182408616, 14.591161727905273]"
F32013,50,30,0.7,"[36436720.80415525, 17.013726949691772]"
F32013,50,30,0.8,"[33035716.967044685, 19.447187662124634]"
F32013,50,30,0.9,"[15246678.509246642, 21.87803888320923]"
F32013,50,30,1.0,"[1729400.6944383178, 24.309170484542847]"
F32013,50,31,0.01,"[1.4127532816426524e+26, 0.24416208267211914]"
F32013,50,31,0.1,"[1.1537417509483968e+24, 2.426271677017212]"
F32013,50,31,0.2,"[7.905803428274381e+21, 4.861792325973511]"
F32013,50,31,0.3,"[5.311751773290668e+19, 7.2964026927948]"
F32013,50,31,0.4,"[8.038463724898893e+17, 9.731166124343872]"
F32013,50,31,0.5,"[1.5776642101644874e+16, 12.150682926177979]"
F32013,50,31,0.6,"[130727035949412.28, 14.572754383087158]"
F32013,50,31,0.7,"[1077636817698.2876, 16.990846157073975]"
F32013,50,31,0.8,"[224620412328.80487, 19.42070245742798]"
F32013,50,31,0.9,"[4022351180.2414546, 21.845187425613403]"
F32013,50,31,1.0,"[3839998.3085850505, 24.2721529006958]"
F32013,50,32,0.01,"[1.6758135816215116e+24, 0.27710604667663574]"
F32013,50,32,0.1,"[8.773251644035531e+21, 2.4504494667053223]"
F32013,50,32,0.2,"[9.677357148729906e+19, 4.866214036941528]"
F32013,50,32,0.3,"[1.0454157467544513e+18, 7.278183698654175]"
F32013,50,32,0.4,"[7916479200754774.0, 9.691855907440186]"
F32013,50,32,0.5,"[87753348613326.52, 12.094759702682495]"
F32013,50,32,0.6,"[1294453674092.5923, 14.502612352371216]"
F32013,50,32,0.7,"[137295902496.43904, 16.907378911972046]"
F32013,50,32,0.8,"[1360270940.7055836, 19.320521593093872]"
F32013,50,32,0.9,"[26.2532829678064, 21.728506326675415]"
F32013,50,32,1.0,"[132789.04317903685, 24.13971209526062]"
F32013,50,33,0.01,"[9.625635791459832e+24, 0.2735111713409424]"
F32013,50,33,0.1,"[4.555889633623924e+22, 2.452711820602417]"
F32013,50,33,0.2,"[4.322839933301606e+20, 4.87439227104187]"
F32013,50,33,0.3,"[4.335907197898717e+18, 7.293849468231201]"
F32013,50,33,0.4,"[2.933254075278173e+16, 9.715173959732056]"
F32013,50,33,0.5,"[294127069619962.94, 12.132120847702026]"
F32013,50,33,0.6,"[4969800108886.274, 14.554961442947388]"
F32013,50,33,0.7,"[236624506138.94925, 16.979467153549194]"
F32013,50,33,0.8,"[33048734757.788418, 19.4058039188385]"
F32013,50,33,0.9,"[713.3709251920338, 21.826472759246826]"
F32013,50,33,1.0,"[319552.7290740789, 24.245965719223022]"
F32013,50,34,0.01,"[4.733690561410687e+21, 0.24638819694519043]"
F32013,50,34,0.1,"[5.61795590373666e+19, 2.439976215362549]"
F32013,50,34,0.2,"[1.1089035824193932e+18, 4.877959489822388]"
F32013,50,34,0.3,"[8480158549528364.0, 7.315478324890137]"
F32013,50,34,0.4,"[69112587473210.52, 9.752611875534058]"
F32013,50,34,0.5,"[1937586124650.6824, 12.182932376861572]"
F32013,50,34,0.6,"[160934091641.71634, 14.618393659591675]"
F32013,50,34,0.7,"[103748153.5721262, 17.051987886428833]"
F32013,50,34,0.8,"[34578536.941408545, 19.487977504730225]"
F32013,50,34,0.9,"[30316757.88930738, 21.9190936088562]"
F32013,50,34,1.0,"[8821544.809038354, 24.351466178894043]"
F32013,50,35,0.01,"[3.69741455876227e+22, 0.2834324836730957]"
F32013,50,35,0.1,"[9.031462472479008e+20, 2.450327157974243]"
F32013,50,35,0.2,"[5.895898016198911e+18, 4.852058172225952]"
F32013,50,35,0.3,"[3.936420474134005e+16, 7.248958587646484]"
F32013,50,35,0.4,"[596635818090487.2, 9.645606994628906]"
F32013,50,35,0.5,"[7029503853605.85, 12.03569769859314]"
F32013,50,35,0.6,"[343341824908.3925, 14.429356336593628]"
F32013,50,35,0.7,"[65248446163.716415, 16.82382106781006]"
F32013,50,35,0.8,"[8154.409101482714, 19.226849794387817]"
F32013,50,35,0.9,"[63034.5539670278, 21.622899770736694]"
F32013,50,35,1.0,"[147882.8294543682, 24.019731283187866]"
F32013,50,36,0.01,"[6.215615011115768e+38, 0.2902035713195801]"
F32013,50,36,0.1,"[4.912806912741202e+36, 2.4817941188812256]"
F32013,50,36,0.2,"[3.660116393677901e+34, 4.909875392913818]"
F32013,50,36,0.3,"[2.6927978971975146e+32, 7.333933115005493]"
F32013,50,36,0.4,"[1.9326201137685644e+30, 9.77096676826477]"
F32013,50,36,0.5,"[1.381084668938073e+28, 12.191646575927734]"
F32013,50,36,0.6,"[9.708420531142504e+25, 14.620157718658447]"
F32013,50,36,0.7,"[6.76650589074492e+23, 17.043090343475342]"
F32013,50,36,0.8,"[4.981858425205994e+21, 19.471007585525513]"
F32013,50,36,0.9,"[8.228791174656605e+19, 21.890363931655884]"
F32013,50,36,1.0,"[7.628325818990606e+17, 24.308828353881836]"
F32013,50,37,0.01,"[6.2556976279297576e+22, 0.24369239807128906]"
F32013,50,37,0.1,"[4.6589294583917406e+20, 2.422391891479492]"
F32013,50,37,0.2,"[5.751846877677059e+18, 4.842432022094727]"
F32013,50,37,0.3,"[4.7939275697798744e+16, 7.264689683914185]"
F32013,50,37,0.4,"[645240283115543.0, 9.687922716140747]"
F32013,50,37,0.5,"[6219661510110.745, 12.107283592224121]"
F32013,50,37,0.6,"[221119589804.47928, 14.53365707397461]"
F32013,50,37,0.7,"[51553029272.02444, 16.976551055908203]"
F32013,50,37,0.8,"[212.5668266695011, 19.41562581062317]"
F32013,50,37,0.9,"[113814.9001598895, 21.84277367591858]"
F32013,50,37,1.0,"[271258.9521246228, 24.268678426742554]"
F32013,50,38,0.01,"[3.172463964572652e+23, 0.24263668060302734]"
F32013,50,38,0.1,"[8.232925821954001e+21, 2.4140512943267822]"
F32013,50,38,0.2,"[7.911639929914674e+19, 4.838586807250977]"
F32013,50,38,0.3,"[7.305465612160698e+17, 7.258228778839111]"
F32013,50,38,0.4,"[1.407540817240304e+16, 9.676483869552612]"
F32013,50,38,0.5,"[127430064093761.33, 12.088507175445557]"
F32013,50,38,0.6,"[3129886522751.573, 14.503136157989502]"
F32013,50,38,0.7,"[217920894036.72122, 16.917327404022217]"
F32013,50,38,0.8,"[21245117964.70335, 19.338232278823853]"
F32013,50,38,0.9,"[533109258.83869284, 21.75085473060608]"
F32013,50,38,1.0,"[14.082749491464938, 24.1663761138916]"
F32013,50,39,0.01,"[3.585935418859838e+28, 0.28032469749450684]"
F32013,50,39,0.1,"[3.480854590520209e+26, 2.454608201980591]"
F32013,50,39,0.2,"[2.5701884436656764e+24, 4.868850469589233]"
F32013,50,39,0.3,"[2.157498246896853e+22, 7.282163619995117]"
F32013,50,39,0.4,"[2.3280954596615245e+20, 9.689052104949951]"
F32013,50,39,0.5,"[3.811477081874412e+18, 12.092684745788574]"
F32013,50,39,0.6,"[2.689240558013123e+16, 14.501061201095581]"
F32013,50,39,0.7,"[305869047424594.25, 16.910459995269775]"
F32013,50,39,0.8,"[3242942147684.359, 19.325565338134766]"
F32013,50,39,0.9,"[267411487118.97223, 21.73189902305603]"
F32013,50,39,1.0,"[63266104513.45186, 24.137388944625854]"
F32013,50,40,0.01,"[1.3215197501829921e+32, 0.3228335380554199]"
F32013,50,40,0.1,"[1.373924900296434e+30, 2.4934065341949463]"
F32013,50,40,0.2,"[9.723871834022917e+27, 4.9200053215026855]"
F32013,50,40,0.3,"[6.87761894001567e+25, 7.334507465362549]"
F32013,50,40,0.4,"[5.5444026444263734e+23, 9.74361252784729]"
F32013,50,40,0.5,"[4.511203136148647e+21, 12.143493890762329]"
F32013,50,40,0.6,"[3.2167288388221833e+19, 14.550322532653809]"
F32013,50,40,0.7,"[1.0312120697958295e+18, 16.9527108669281]"
F32013,50,40,0.8,"[1.2729762840344198e+16, 19.36027693748474]"
F32013,50,40,0.9,"[145982589545187.28, 21.760723114013672]"
F32013,50,40,1.0,"[3872622510060.6606, 24.159940481185913]"
F32013,50,41,0.01,"[1.7131832138043118e+21, 0.27576208114624023]"
F32013,50,41,0.1,"[7.050176117381718e+18, 2.455732822418213]"
F32013,50,41,0.2,"[6.325445761886748e+16, 4.875940322875977]"
F32013,50,41,0.3,"[643168430603556.1, 7.286957263946533]"
F32013,50,41,0.4,"[14367820541795.459, 9.702819347381592]"
F32013,50,41,0.5,"[352158503632.2833, 12.111848592758179]"
F32013,50,41,0.6,"[82116781969.42648, 14.527316808700562]"
F32013,50,41,0.7,"[48901428.00932304, 16.934429168701172]"
F32013,50,41,0.8,"[77606239.77445325, 19.34491753578186]"
F32013,50,41,0.9,"[50643307.35711823, 21.75020670890808]"
F32013,50,41,1.0,"[50494706.4807293, 24.163424253463745]"
F32013,50,42,0.01,"[2.1352394858844377e+27, 0.31119871139526367]"
F32013,50,42,0.1,"[3.6943216923046983e+25, 2.494537591934204]"
F32013,50,42,0.2,"[3.383919960708315e+23, 4.921952247619629]"
F32013,50,42,0.3,"[3.4034688029364563e+21, 7.340139865875244]"
F32013,50,42,0.4,"[3.6947901806745215e+19, 9.75744342803955]"
F32013,50,42,0.5,"[8.718130416991252e+17, 12.172983407974243]"
F32013,50,42,0.6,"[1.0264965042863368e+16, 14.593119144439697]"
F32013,50,42,0.7,"[95266925170331.55, 17.007474184036255]"
F32013,50,42,0.8,"[1279764355886.8142, 19.42555046081543]"
F32013,50,42,0.9,"[163337018028.53903, 21.834466457366943]"
F32013,50,42,1.0,"[84785113.07246429, 24.248878002166748]"
F32013,50,43,0.01,"[7.670464859791649e+22, 0.326061487197876]"
F32013,50,43,0.1,"[2.733608797218044e+20, 2.507718086242676]"
F32013,50,43,0.2,"[2.3609561446211144e+18, 4.933310508728027]"
F32013,50,43,0.3,"[2.0553926283691764e+16, 7.352990627288818]"
F32013,50,43,0.4,"[149481930898730.2, 9.776675701141357]"
F32013,50,43,0.5,"[4003717685153.4204, 12.198332786560059]"
F32013,50,43,0.6,"[246375443927.39087, 14.621757745742798]"
F32013,50,43,0.7,"[11358155046.558052, 17.039010047912598]"
F32013,50,43,0.8,"[12881322.320594843, 19.48654532432556]"
F32013,50,43,0.9,"[1803955.886933463, 21.916935443878174]"
F32013,50,43,1.0,"[233988.66039905613, 24.33950924873352]"
F32013,50,44,0.01,"[3.098954436629634e+23, 0.2446446418762207]"
F32013,50,44,0.1,"[2.2336903388194464e+21, 2.4156792163848877]"
F32013,50,44,0.2,"[1.4801841737284663e+19, 4.825080394744873]"
F32013,50,44,0.3,"[1.2491099950421259e+17, 7.233383417129517]"
F32013,50,44,0.4,"[1241336061542799.5, 9.6433687210083]"
F32013,50,44,0.5,"[26091897025701.0, 12.053549766540527]"
F32013,50,44,0.6,"[693762405806.1968, 14.466271162033081]"
F32013,50,44,0.7,"[197902293632.15494, 16.874751567840576]"
F32013,50,44,0.8,"[49795808.861721255, 19.29885721206665]"
F32013,50,44,0.9,"[630.9621418244928, 21.713849782943726]"
F32013,50,44,1.0,"[310573.50324920774, 24.121601104736328]"
F32013,50,45,0.01,"[5.177604328910696e+40, 0.24447321891784668]"
F32013,50,45,0.1,"[3.4099249045831574e+38, 2.420217752456665]"
F32013,50,45,0.2,"[2.4765481754986807e+36, 4.844106912612915]"
F32013,50,45,0.3,"[1.8108881852658528e+34, 7.262392520904541]"
F32013,50,45,0.4,"[1.3084360715689698e+32, 9.669922351837158]"
F32013,50,45,0.5,"[9.850627365957318e+29, 12.07020378112793]"
F32013,50,45,0.6,"[7.060926034750499e+27, 14.47513461112976]"
F32013,50,45,0.7,"[5.074259612258785e+25, 16.87704825401306]"
F32013,50,45,0.8,"[3.518357066225484e+23, 19.287200212478638]"
F32013,50,45,0.9,"[2.8524556101947884e+21, 21.69215226173401]"
F32013,50,45,1.0,"[7.906727190596128e+19, 24.100664615631104]"
F32013,50,46,0.01,"[5.3096451494829064e+19, 0.2971627712249756]"
F32013,50,46,0.1,"[7.284225136946148e+17, 2.463362216949463]"
F32013,50,46,0.2,"[4628724912907858.0, 4.865885019302368]"
F32013,50,46,0.3,"[42812537926823.54, 7.27165150642395]"
F32013,50,46,0.4,"[1147776295711.3596, 9.68122124671936]"
F32013,50,46,0.5,"[119562948877.61705, 12.090100049972534]"
F32013,50,46,0.6,"[163628806.2240063, 14.49721646308899]"
F32013,50,46,0.7,"[62532219.2144661, 16.899095058441162]"
F32013,50,46,0.8,"[21777339.338747423, 19.308246612548828]"
F32013,50,46,0.9,"[13324338.823166143, 21.713147401809692]"
F32013,50,46,1.0,"[1511273.9064179545, 24.121911764144897]"
F32013,50,47,0.01,"[4.003620015841716e+32, 0.2808704376220703]"
F32013,50,47,0.1,"[3.8991040533577695e+30, 2.459566831588745]"
F32013,50,47,0.2,"[2.763679812812313e+28, 4.877959489822388]"
F32013,50,47,0.3,"[1.9561163253317053e+26, 7.294405937194824]"
F32013,50,47,0.4,"[1.3940011429288986e+24, 9.709680318832397]"
F32013,50,47,0.5,"[1.0078751744187383e+22, 12.120762348175049]"
F32013,50,47,0.6,"[2.0218552592010425e+20, 14.528631210327148]"
F32013,50,47,0.7,"[3.560963432197513e+18, 16.933881521224976]"
F32013,50,47,0.8,"[3.3925716654432052e+16, 19.348342657089233]"
F32013,50,47,0.9,"[428985660483807.44, 21.75224804878235]"
F32013,50,47,1.0,"[4115398515949.4624, 24.16112732887268]"
F32013,50,48,0.01,"[8.058003490461714e+24, 0.2396681308746338]"
F32013,50,48,0.1,"[6.607673855106227e+22, 2.373002529144287]"
F32013,50,48,0.2,"[5.925334233062212e+20, 4.749631643295288]"
F32013,50,48,0.3,"[4.901631759485598e+18, 7.1216700077056885]"
F32013,50,48,0.4,"[6.519916654396705e+16, 9.502969980239868]"
F32013,50,48,0.5,"[529451731988025.2, 11.8757905960083]"
F32013,50,48,0.6,"[5656667333473.935, 14.247979164123535]"
F32013,50,48,0.7,"[370073757524.1066, 16.624250888824463]"
F32013,50,48,0.8,"[110018948680.8042, 18.99931311607361]"
F32013,50,48,0.9,"[2448408.6927337516, 21.37054419517517]"
F32013,50,48,1.0,"[30615.079837375713, 23.740920066833496]"
F32013,50,49,0.01,"[3.661681291896832e+27, 0.2392895221710205]"
F32013,50,49,0.1,"[1.866978330896858e+25, 2.37178373336792]"
F32013,50,49,0.2,"[1.2631320718335409e+23, 4.7381203174591064]"
F32013,50,49,0.3,"[8.509322509143112e+20, 7.093160152435303]"
F32013,50,49,0.4,"[6.572190335827467e+18, 9.446916341781616]"
F32013,50,49,0.5,"[8.754577532008528e+16, 11.805784225463867]"
F32013,50,49,0.6,"[1384925255141149.5, 14.163708925247192]"
F32013,50,49,0.7,"[15441941905674.12, 16.52159023284912]"
F32013,50,49,0.8,"[290486054637.0657, 18.88776206970215]"
F32013,50,49,0.9,"[50731526072.76928, 21.244046211242676]"
F32013,50,49,1.0,"[235.78193604114233, 23.604735136032104]"
F32013,50,50,0.01,"[1.2039536766146993e+21, 0.2391340732574463]"
F32013,50,50,0.1,"[5.189851432067042e+18, 2.3666317462921143]"
F32013,50,50,0.2,"[4.151969238474229e+16, 4.734877347946167]"
F32013,50,50,0.3,"[319353777604650.94, 7.090730428695679]"
F32013,50,50,0.4,"[2653065864050.47, 9.45391297340393]"
F32013,50,50,0.5,"[243447028295.55804, 11.811383485794067]"
F32013,50,50,0.6,"[18298083306.916573, 14.176088809967041]"
F32013,50,50,0.7,"[22.074347147442268, 16.549997568130493]"
F32013,50,50,0.8,"[189124.98432041254, 18.91980791091919]"
F32013,50,50,0.9,"[218071.19616698628, 21.279711723327637]"
F32013,50,50,1.0,"[307000.01728811645, 23.642301321029663]"
