function,dimension,run,checkpoint,error
F62013,10,0,0.01,"[163.20783576942438, 0.04709172248840332]"
F62013,10,0,0.1,"[9.855445249381546, 0.463651180267334]"
F62013,10,0,0.2,"[9.813372165832675, 0.9257974624633789]"
F62013,10,0,0.3,"[9.850538950663804, 1.3959002494812012]"
F62013,10,0,0.4,"[9.812765779297479, 1.8629333972930908]"
F62013,10,0,0.5,"[9.812431118254835, 2.3293678760528564]"
F62013,10,0,0.6,"[9.812424262911009, 2.795717239379883]"
F62013,10,0,0.7,"[9.812428029244415, 3.2644729614257812]"
F62013,10,0,0.8,"[9.813189748769105, 3.7261388301849365]"
F62013,10,0,0.9,"[9.812440155304898, 4.185301303863525]"
F62013,10,0,1.0,"[9.812637483615504, 4.644430160522461]"
F62013,10,1,0.01,"[2036.581902671995, 0.04719829559326172]"
F62013,10,1,0.1,"[77.40739776160069, 0.4773075580596924]"
F62013,10,1,0.2,"[9.81244756417368, 0.9395778179168701]"
F62013,10,1,0.3,"[9.813261456391842, 1.4039242267608643]"
F62013,10,1,0.4,"[9.812424020736216, 1.8696990013122559]"
F62013,10,1,0.5,"[9.816814147965033, 2.334791660308838]"
F62013,10,1,0.6,"[9.813302634770253, 2.801021099090576]"
F62013,10,1,0.7,"[9.906873800111612, 3.2661945819854736]"
F62013,10,1,0.8,"[9.812766623109269, 3.728569984436035]"
F62013,10,1,0.9,"[9.813966283829359, 4.1887712478637695]"
F62013,10,1,1.0,"[9.81242363843944, 4.649165630340576]"
F62013,10,2,0.01,"[2606.660059618839, 0.04746127128601074]"
F62013,10,2,0.1,"[0.4663188066800785, 0.46747493743896484]"
F62013,10,2,0.2,"[0.08104796429734051, 0.9313428401947021]"
F62013,10,2,0.3,"[0.004579828967393951, 1.396683692932129]"
F62013,10,2,0.4,"[0.002280972875610132, 1.8630976676940918]"
F62013,10,2,0.5,"[0.0017674658091664242, 2.3293426036834717]"
F62013,10,2,0.6,"[0.002387556016628878, 2.795499324798584]"
F62013,10,2,0.7,"[0.006460409623286978, 3.261866569519043]"
F62013,10,2,0.8,"[0.0004994436634433441, 3.727200984954834]"
F62013,10,2,0.9,"[0.02900724680625899, 4.190917015075684]"
F62013,10,2,1.0,"[0.05924719490201369, 4.652794122695923]"
F62013,10,3,0.01,"[509.09455960251927, 0.06946134567260742]"
F62013,10,3,0.1,"[9.831652148658577, 0.48860645294189453]"
F62013,10,3,0.2,"[9.812731453464608, 0.951427698135376]"
F62013,10,3,0.3,"[9.812422811306192, 1.416841983795166]"
F62013,10,3,0.4,"[9.812437266076358, 1.8837954998016357]"
F62013,10,3,0.5,"[9.813740992558564, 2.350895404815674]"
F62013,10,3,0.6,"[9.812473395358552, 2.8175196647644043]"
F62013,10,3,0.7,"[9.815532868330365, 3.284949541091919]"
F62013,10,3,0.8,"[9.813132033397892, 3.7492809295654297]"
F62013,10,3,0.9,"[9.812683841047033, 4.2149505615234375]"
F62013,10,3,1.0,"[9.812429563889964, 4.67722487449646]"
F62013,10,4,0.01,"[217.24131084349392, 0.047226667404174805]"
F62013,10,4,0.1,"[9.821278647978602, 0.4644761085510254]"
F62013,10,4,0.2,"[9.8124456975969, 0.928983211517334]"
F62013,10,4,0.3,"[9.85700252227889, 1.3963782787322998]"
F62013,10,4,0.4,"[9.812427533080495, 1.863128423690796]"
F62013,10,4,0.5,"[9.822258314993519, 2.329556465148926]"
F62013,10,4,0.6,"[9.873843052056259, 2.7949559688568115]"
F62013,10,4,0.7,"[9.812427701637489, 3.261066198348999]"
F62013,10,4,0.8,"[9.814352636249396, 3.722560405731201]"
F62013,10,4,0.9,"[9.814148799732152, 4.183452844619751]"
F62013,10,4,1.0,"[9.815063618685372, 4.6431145668029785]"
F62013,10,5,0.01,"[1876.861886811359, 0.04802513122558594]"
F62013,10,5,0.1,"[9.831935881954792, 0.4620020389556885]"
F62013,10,5,0.2,"[9.812522641177338, 0.9214777946472168]"
F62013,10,5,0.3,"[9.812515424620642, 1.383646011352539]"
F62013,10,5,0.4,"[9.81353020544725, 1.846585750579834]"
F62013,10,5,0.5,"[9.812887144414503, 2.308420181274414]"
F62013,10,5,0.6,"[9.812682455229037, 2.771535634994507]"
F62013,10,5,0.7,"[9.812469942073335, 3.2336199283599854]"
F62013,10,5,0.8,"[9.812463331373579, 3.6920652389526367]"
F62013,10,5,0.9,"[9.812423013720377, 4.150521993637085]"
F62013,10,5,1.0,"[9.81242295184984, 4.6073479652404785]"
F62013,10,6,0.01,"[837.9552171090882, 0.04806399345397949]"
F62013,10,6,0.1,"[1.4343927605390263, 0.47307777404785156]"
F62013,10,6,0.2,"[0.06491582369153548, 0.9461047649383545]"
F62013,10,6,0.3,"[0.0054629597220809956, 1.4213247299194336]"
F62013,10,6,0.4,"[0.08761322921623105, 1.8931725025177002]"
F62013,10,6,0.5,"[0.0027873614335476304, 2.364558458328247]"
F62013,10,6,0.6,"[0.022070305912620825, 2.8349709510803223]"
F62013,10,6,0.7,"[0.0003302991719920101, 3.306995391845703]"
F62013,10,6,0.8,"[0.002658418658370465, 3.7752761840820312]"
F62013,10,6,0.9,"[0.0006760198792790106, 4.246500253677368]"
F62013,10,6,1.0,"[0.013315012255134206, 4.71951961517334]"
F62013,10,7,0.01,"[360.9164919846835, 0.04773545265197754]"
F62013,10,7,0.1,"[9.859399469177333, 0.49523353576660156]"
F62013,10,7,0.2,"[9.812423564183291, 0.9635121822357178]"
F62013,10,7,0.3,"[9.812764451475005, 1.4308648109436035]"
F62013,10,7,0.4,"[9.816231303979976, 1.8947422504425049]"
F62013,10,7,0.5,"[9.812477540380883, 2.359283685684204]"
F62013,10,7,0.6,"[9.812447241351379, 2.8286402225494385]"
F62013,10,7,0.7,"[9.812559249414903, 3.293548107147217]"
F62013,10,7,0.8,"[9.81407826450561, 3.7563350200653076]"
F62013,10,7,0.9,"[9.812485273015568, 4.222429513931274]"
F62013,10,7,1.0,"[9.814395416106777, 4.686138868331909]"
F62013,10,8,0.01,"[3253.612497451256, 0.047745466232299805]"
F62013,10,8,0.1,"[9.904699922112172, 0.4721088409423828]"
F62013,10,8,0.2,"[9.812497580351533, 0.9422423839569092]"
F62013,10,8,0.3,"[9.81339898756687, 1.4155573844909668]"
F62013,10,8,0.4,"[9.812431400577452, 1.8858437538146973]"
F62013,10,8,0.5,"[9.81243195143054, 2.3562116622924805]"
F62013,10,8,0.6,"[9.88522621646382, 2.8265018463134766]"
F62013,10,8,0.7,"[9.81446106616977, 3.296520709991455]"
F62013,10,8,0.8,"[9.86727975696408, 3.764129400253296]"
F62013,10,8,0.9,"[9.812446516469095, 4.230210781097412]"
F62013,10,8,1.0,"[9.812485621078395, 4.695263862609863]"
F62013,10,9,0.01,"[441.6602979489888, 0.09559082984924316]"
F62013,10,9,0.1,"[0.01403564098689003, 0.560591459274292]"
F62013,10,9,0.2,"[0.0003477919582337563, 1.0258276462554932]"
F62013,10,9,0.3,"[0.0012562881393023417, 1.4935522079467773]"
F62013,10,9,0.4,"[0.09548625172510583, 1.9625675678253174]"
F62013,10,9,0.5,"[0.06098102530961569, 2.4311766624450684]"
F62013,10,9,0.6,"[0.01003349091331529, 2.8996963500976562]"
F62013,10,9,0.7,"[0.00034795800399933796, 3.3680591583251953]"
F62013,10,9,0.8,"[0.0034213081650023014, 3.834926128387451]"
F62013,10,9,0.9,"[0.018674232164130444, 4.3013715744018555]"
F62013,10,9,1.0,"[0.018139855436515973, 4.766982316970825]"
F62013,10,10,0.01,"[377.4248792643914, 0.047422170639038086]"
F62013,10,10,0.1,"[9.908828706037866, 0.47738122940063477]"
F62013,10,10,0.2,"[9.812426162122392, 0.9423491954803467]"
F62013,10,10,0.3,"[9.812425889172118, 1.41148042678833]"
F62013,10,10,0.4,"[9.838781602243444, 1.881256103515625]"
F62013,10,10,0.5,"[9.812729997129395, 2.3507065773010254]"
F62013,10,10,0.6,"[9.812474840732875, 2.8195278644561768]"
F62013,10,10,0.7,"[9.862506364194928, 3.288344144821167]"
F62013,10,10,0.8,"[9.813215068126624, 3.7560131549835205]"
F62013,10,10,0.9,"[9.826002104150916, 4.222745180130005]"
F62013,10,10,1.0,"[9.812423713826547, 4.688698768615723]"
F62013,10,11,0.01,"[1228.3753814568026, 0.0473477840423584]"
F62013,10,11,0.1,"[9.814650942363528, 0.4674098491668701]"
F62013,10,11,0.2,"[9.823705897312152, 0.9298281669616699]"
F62013,10,11,0.3,"[9.813122947157694, 1.394256353378296]"
F62013,10,11,0.4,"[9.812461128907671, 1.8614397048950195]"
F62013,10,11,0.5,"[9.812540897529175, 2.327104091644287]"
F62013,10,11,0.6,"[9.812829430094553, 2.7928149700164795]"
F62013,10,11,0.7,"[9.813080216210324, 3.259096384048462]"
F62013,10,11,0.8,"[9.812425665196884, 3.722653388977051]"
F62013,10,11,0.9,"[9.81244852348982, 4.1858885288238525]"
F62013,10,11,1.0,"[9.816417698860846, 4.647411823272705]"
F62013,10,12,0.01,"[1252.3938872767226, 0.04718208312988281]"
F62013,10,12,0.1,"[9.122547588874795, 0.46721315383911133]"
F62013,10,12,0.2,"[0.0241299100695187, 0.9317576885223389]"
F62013,10,12,0.3,"[0.005938475168477453, 1.3976495265960693]"
F62013,10,12,0.4,"[0.00621069240912675, 1.8670074939727783]"
F62013,10,12,0.5,"[0.004638694369532459, 2.3626909255981445]"
F62013,10,12,0.6,"[0.0007273124698485844, 2.8294782638549805]"
F62013,10,12,0.7,"[0.001346885966654554, 3.2965385913848877]"
F62013,10,12,0.8,"[0.01880704673794753, 3.7588114738464355]"
F62013,10,12,0.9,"[0.012714682859723325, 4.220613956451416]"
F62013,10,12,1.0,"[0.00013686671377399762, 4.681248903274536]"
F62013,10,13,0.01,"[159.28447458086498, 0.04743504524230957]"
F62013,10,13,0.1,"[9.812835942722131, 0.46658873558044434]"
F62013,10,13,0.2,"[9.815626705496811, 0.9290263652801514]"
F62013,10,13,0.3,"[9.820653802903962, 1.3936536312103271]"
F62013,10,13,0.4,"[9.873158478957293, 1.859255313873291]"
F62013,10,13,0.5,"[9.875733878389156, 2.3244831562042236]"
F62013,10,13,0.6,"[9.835317155179496, 2.7902612686157227]"
F62013,10,13,0.7,"[9.812444660103324, 3.256512403488159]"
F62013,10,13,0.8,"[9.813049061009679, 3.720388412475586]"
F62013,10,13,0.9,"[9.8204469059051, 4.183606863021851]"
F62013,10,13,1.0,"[9.815107025691532, 4.645285129547119]"
F62013,10,14,0.01,"[1219.17583016171, 0.04710674285888672]"
F62013,10,14,0.1,"[10.094372365187269, 0.46129894256591797]"
F62013,10,14,0.2,"[9.815650114285631, 0.919600248336792]"
F62013,10,14,0.3,"[9.815404093279199, 1.3813667297363281]"
F62013,10,14,0.4,"[9.813693512666305, 1.8449525833129883]"
F62013,10,14,0.5,"[9.812430697476884, 2.3084380626678467]"
F62013,10,14,0.6,"[9.812439334855071, 2.773111343383789]"
F62013,10,14,0.7,"[9.812463803956575, 3.2362215518951416]"
F62013,10,14,0.8,"[9.813279025501288, 3.6963207721710205]"
F62013,10,14,0.9,"[9.819729832337657, 4.157574892044067]"
F62013,10,14,1.0,"[9.829543702742967, 4.617428302764893]"
F62013,10,15,0.01,"[1798.7374731084678, 0.04703092575073242]"
F62013,10,15,0.1,"[1.3084976395947479, 0.4635500907897949]"
F62013,10,15,0.2,"[0.10272264964180522, 0.925095796585083]"
F62013,10,15,0.3,"[0.000527043485590184, 1.3897860050201416]"
F62013,10,15,0.4,"[0.0004630950927548838, 1.8552086353302002]"
F62013,10,15,0.5,"[0.030546962122684818, 2.319851875305176]"
F62013,10,15,0.6,"[0.0798845720760255, 2.7855005264282227]"
F62013,10,15,0.7,"[0.001323436810594103, 3.24953556060791]"
F62013,10,15,0.8,"[0.0017532876452150958, 3.712440252304077]"
F62013,10,15,0.9,"[0.00036775624050733313, 4.171560764312744]"
F62013,10,15,1.0,"[0.05885504915056572, 4.631149530410767]"
F62013,10,16,0.01,"[371.2791595856704, 0.04788923263549805]"
F62013,10,16,0.1,"[9.81813722828656, 0.47297167778015137]"
F62013,10,16,0.2,"[9.817779682470132, 0.9595108032226562]"
F62013,10,16,0.3,"[9.813393886043627, 1.5160419940948486]"
F62013,10,16,0.4,"[9.812423758514228, 1.9901468753814697]"
F62013,10,16,0.5,"[9.812440147907864, 2.4898746013641357]"
F62013,10,16,0.6,"[9.821953129972599, 2.9625301361083984]"
F62013,10,16,0.7,"[9.813029103084887, 3.4357128143310547]"
F62013,10,16,0.8,"[9.814937228082954, 3.907586097717285]"
F62013,10,16,0.9,"[9.81859098053883, 4.380594730377197]"
F62013,10,16,1.0,"[9.812428813180532, 4.851016521453857]"
F62013,10,17,0.01,"[144.24731149124727, 0.04798531532287598]"
F62013,10,17,0.1,"[10.108309723698426, 0.47359776496887207]"
F62013,10,17,0.2,"[9.812423756883959, 0.9449505805969238]"
F62013,10,17,0.3,"[9.812730639808933, 1.4184174537658691]"
F62013,10,17,0.4,"[9.815515622755129, 1.8899924755096436]"
F62013,10,17,0.5,"[9.812809069279979, 2.3618757724761963]"
F62013,10,17,0.6,"[9.863038969560307, 2.832690477371216]"
F62013,10,17,0.7,"[9.812424122931816, 3.303529739379883]"
F62013,10,17,0.8,"[9.818253942303272, 3.773045539855957]"
F62013,10,17,0.9,"[9.812465808928778, 4.241235017776489]"
F62013,10,17,1.0,"[9.813896739104507, 4.708180665969849]"
F62013,10,18,0.01,"[2955.700107366863, 0.0907278060913086]"
F62013,10,18,0.1,"[10.055433804243648, 0.5087385177612305]"
F62013,10,18,0.2,"[9.817317558491482, 0.9703269004821777]"
F62013,10,18,0.3,"[9.812434689149086, 1.433323621749878]"
F62013,10,18,0.4,"[9.812423984921566, 1.897057294845581]"
F62013,10,18,0.5,"[9.812458523769692, 2.359745502471924]"
F62013,10,18,0.6,"[9.812427256615706, 2.8228118419647217]"
F62013,10,18,0.7,"[9.812483989451266, 3.2865800857543945]"
F62013,10,18,0.8,"[9.812984510298861, 3.7479588985443115]"
F62013,10,18,0.9,"[9.812431624706392, 4.2089128494262695]"
F62013,10,18,1.0,"[9.812423373036495, 4.668083906173706]"
F62013,10,19,0.01,"[1632.0009706571898, 0.04711723327636719]"
F62013,10,19,0.1,"[10.049966026046945, 0.56781005859375]"
F62013,10,19,0.2,"[9.819689445925064, 1.11293363571167]"
F62013,10,19,0.3,"[9.812441505981383, 1.573333978652954]"
F62013,10,19,0.4,"[9.81243168861647, 2.03529953956604]"
F62013,10,19,0.5,"[9.812472987216779, 2.496743679046631]"
F62013,10,19,0.6,"[9.812497247684519, 2.9589760303497314]"
F62013,10,19,0.7,"[9.814113129415432, 3.4214847087860107]"
F62013,10,19,0.8,"[9.812430836236217, 3.8816123008728027]"
F62013,10,19,0.9,"[9.812429529160454, 4.341555118560791]"
F62013,10,19,1.0,"[9.812433184542556, 4.7996826171875]"
F62013,10,20,0.01,"[498.0556719745391, 0.04683804512023926]"
F62013,10,20,0.1,"[9.979783759517773, 0.46015477180480957]"
F62013,10,20,0.2,"[9.81242701685892, 0.9203405380249023]"
F62013,10,20,0.3,"[9.830513285768802, 1.3828132152557373]"
F62013,10,20,0.4,"[9.812840155600952, 1.8450944423675537]"
F62013,10,20,0.5,"[9.81243865162628, 2.307307004928589]"
F62013,10,20,0.6,"[9.814490158507283, 2.7689096927642822]"
F62013,10,20,0.7,"[9.812422896945918, 3.2301251888275146]"
F62013,10,20,0.8,"[9.812424475258808, 3.6880204677581787]"
F62013,10,20,0.9,"[9.81277327287512, 4.145663261413574]"
F62013,10,20,1.0,"[9.812447275267914, 4.602409601211548]"
F62013,10,21,0.01,"[750.8361153853051, 0.09662532806396484]"
F62013,10,21,0.1,"[10.061554478966741, 0.5262882709503174]"
F62013,10,21,0.2,"[9.814622036196738, 0.9823057651519775]"
F62013,10,21,0.3,"[9.818871815723242, 1.4414865970611572]"
F62013,10,21,0.4,"[9.813470724615968, 1.9011797904968262]"
F62013,10,21,0.5,"[9.812424654867414, 2.3600852489471436]"
F62013,10,21,0.6,"[9.81266768121327, 2.820448637008667]"
F62013,10,21,0.7,"[9.812669566166392, 3.2795820236206055]"
F62013,10,21,0.8,"[9.879027744459563, 3.7352445125579834]"
F62013,10,21,0.9,"[9.812821891042177, 4.190388917922974]"
F62013,10,21,1.0,"[9.812836867076385, 4.644002676010132]"
F62013,10,22,0.01,"[3733.61157820931, 0.08593893051147461]"
F62013,10,22,0.1,"[9.813086617432305, 0.7256429195404053]"
F62013,10,22,0.2,"[9.812473103781713, 1.2786822319030762]"
F62013,10,22,0.3,"[9.812440266912176, 1.915299415588379]"
F62013,10,22,0.4,"[9.813108072326713, 2.379065752029419]"
F62013,10,22,0.5,"[9.819288056301843, 2.852694272994995]"
F62013,10,22,0.6,"[9.816138606504865, 3.3195619583129883]"
F62013,10,22,0.7,"[9.829761875434201, 3.7877535820007324]"
F62013,10,22,0.8,"[9.812527233093988, 4.246945381164551]"
F62013,10,22,0.9,"[9.812501410955747, 4.706459999084473]"
F62013,10,22,1.0,"[9.812889885878235, 5.164689779281616]"
F62013,10,23,0.01,"[742.7076777142729, 0.047136545181274414]"
F62013,10,23,0.1,"[14.287306776094852, 0.46481943130493164]"
F62013,10,23,0.2,"[9.820043669357915, 0.9282128810882568]"
F62013,10,23,0.3,"[9.829005001637142, 1.3953578472137451]"
F62013,10,23,0.4,"[9.814033880035822, 1.8610820770263672]"
F62013,10,23,0.5,"[9.816073373596964, 2.32585072517395]"
F62013,10,23,0.6,"[9.812851273222009, 2.7913565635681152]"
F62013,10,23,0.7,"[9.911639953733811, 3.255831480026245]"
F62013,10,23,0.8,"[9.812585952213112, 3.7165334224700928]"
F62013,10,23,0.9,"[9.81242684054962, 4.1773598194122314]"
F62013,10,23,1.0,"[9.812431499215563, 4.636207103729248]"
F62013,10,24,0.01,"[1321.9752598847679, 0.04736518859863281]"
F62013,10,24,0.1,"[10.107874408211728, 0.46744418144226074]"
F62013,10,24,0.2,"[9.81247032955116, 0.9338600635528564]"
F62013,10,24,0.3,"[9.849759744580638, 1.4012091159820557]"
F62013,10,24,0.4,"[9.81647691060516, 1.8680353164672852]"
F62013,10,24,0.5,"[9.812664767689625, 2.3331031799316406]"
F62013,10,24,0.6,"[9.812442724671428, 2.7989721298217773]"
F62013,10,24,0.7,"[9.813463918903949, 3.2638039588928223]"
F62013,10,24,0.8,"[9.812868764576478, 3.7256581783294678]"
F62013,10,24,0.9,"[9.812423295954659, 4.187747240066528]"
F62013,10,24,1.0,"[9.812422851638303, 4.647630214691162]"
F62013,10,25,0.01,"[1089.6924763819934, 0.04724884033203125]"
F62013,10,25,0.1,"[9.98433528762962, 0.46453332901000977]"
F62013,10,25,0.2,"[9.812575736704048, 0.9277114868164062]"
F62013,10,25,0.3,"[9.812460532101454, 1.394723892211914]"
F62013,10,25,0.4,"[9.812441778986567, 1.8626604080200195]"
F62013,10,25,0.5,"[9.812425048936234, 2.3293635845184326]"
F62013,10,25,0.6,"[9.812628630573613, 2.7959001064300537]"
F62013,10,25,0.7,"[9.812573793873298, 3.262624979019165]"
F62013,10,25,0.8,"[9.812500427549253, 3.7279858589172363]"
F62013,10,25,0.9,"[9.812423553360418, 4.193284034729004]"
F62013,10,25,1.0,"[9.812689759563227, 4.657506942749023]"
F62013,10,26,0.01,"[362.23479887504004, 0.06029868125915527]"
F62013,10,26,0.1,"[0.9541724020035645, 0.47750377655029297]"
F62013,10,26,0.2,"[0.06794847965500139, 0.940354585647583]"
F62013,10,26,0.3,"[0.00039684182888777286, 1.406611680984497]"
F62013,10,26,0.4,"[0.002129047386233651, 1.873650312423706]"
F62013,10,26,0.5,"[0.01648080829704668, 2.3401405811309814]"
F62013,10,26,0.6,"[0.0007566298062329224, 2.8064844608306885]"
F62013,10,26,0.7,"[0.02106192789585748, 3.272669792175293]"
F62013,10,26,0.8,"[0.001080770058933922, 3.737868309020996]"
F62013,10,26,0.9,"[0.011278016279220537, 4.202268600463867]"
F62013,10,26,1.0,"[0.010712433987237091, 4.665931224822998]"
F62013,10,27,0.01,"[1843.171052540635, 0.04670429229736328]"
F62013,10,27,0.1,"[75.0203741816083, 0.4590442180633545]"
F62013,10,27,0.2,"[9.81257367444357, 0.9155473709106445]"
F62013,10,27,0.3,"[9.812983704065914, 1.374427318572998]"
F62013,10,27,0.4,"[9.812423509583596, 1.8353958129882812]"
F62013,10,27,0.5,"[9.812425220264345, 2.2953460216522217]"
F62013,10,27,0.6,"[9.81242824474407, 2.7565083503723145]"
F62013,10,27,0.7,"[9.812428314907606, 3.2163851261138916]"
F62013,10,27,0.8,"[9.812428893949573, 3.672816753387451]"
F62013,10,27,0.9,"[9.815221182602272, 4.128846645355225]"
F62013,10,27,1.0,"[9.887638437665032, 4.58320689201355]"
F62013,10,28,0.01,"[1163.376912656736, 0.07798433303833008]"
F62013,10,28,0.1,"[77.75136634707133, 0.48934388160705566]"
F62013,10,28,0.2,"[9.812646596348827, 0.9451277256011963]"
F62013,10,28,0.3,"[9.817252329680628, 1.4039311408996582]"
F62013,10,28,0.4,"[9.812468014478782, 1.8641760349273682]"
F62013,10,28,0.5,"[9.812647618336314, 2.3233840465545654]"
F62013,10,28,0.6,"[9.812438925533115, 2.784409999847412]"
F62013,10,28,0.7,"[9.812436766461815, 3.2436070442199707]"
F62013,10,28,0.8,"[9.812459626676855, 3.6992640495300293]"
F62013,10,28,0.9,"[9.812717572307747, 4.1548449993133545]"
F62013,10,28,1.0,"[9.81248440186721, 4.608816146850586]"
F62013,10,29,0.01,"[723.57780604091, 0.04707956314086914]"
F62013,10,29,0.1,"[10.087791211675835, 0.4628784656524658]"
F62013,10,29,0.2,"[9.816138546805632, 0.9258239269256592]"
F62013,10,29,0.3,"[9.812440473976721, 1.3905277252197266]"
F62013,10,29,0.4,"[9.812445785563568, 1.855362892150879]"
F62013,10,29,0.5,"[9.812910547737943, 2.3193185329437256]"
F62013,10,29,0.6,"[9.825766711728306, 2.7822861671447754]"
F62013,10,29,0.7,"[9.812433207759113, 3.246263265609741]"
F62013,10,29,0.8,"[9.812629638029534, 3.7064647674560547]"
F62013,10,29,0.9,"[9.812428795284518, 4.166369438171387]"
F62013,10,29,1.0,"[9.813191859385142, 4.62501072883606]"
F62013,10,30,0.01,"[510.1634784865184, 0.04707837104797363]"
F62013,10,30,0.1,"[75.72382476083715, 0.46168041229248047]"
F62013,10,30,0.2,"[9.81242813479821, 0.9231545925140381]"
F62013,10,30,0.3,"[9.812463624203929, 1.3872036933898926]"
F62013,10,30,0.4,"[9.812851572926434, 1.850778579711914]"
F62013,10,30,0.5,"[9.823975123162882, 2.3152196407318115]"
F62013,10,30,0.6,"[9.812426142525283, 2.7784078121185303]"
F62013,10,30,0.7,"[9.816883223129253, 3.2404110431671143]"
F62013,10,30,0.8,"[9.812427081959413, 3.699475049972534]"
F62013,10,30,0.9,"[9.8124870446552, 4.158693552017212]"
F62013,10,30,1.0,"[9.812445336211681, 4.616189002990723]"
F62013,10,31,0.01,"[1395.1770509587766, 0.09404706954956055]"
F62013,10,31,0.1,"[9.8128039500358, 0.532886266708374]"
F62013,10,31,0.2,"[9.81242318098839, 0.9894282817840576]"
F62013,10,31,0.3,"[9.812543628838625, 1.4496188163757324]"
F62013,10,31,0.4,"[9.816550805020825, 1.9118316173553467]"
F62013,10,31,0.5,"[9.812424564217622, 2.377009391784668]"
F62013,10,31,0.6,"[9.85841145874133, 2.8389344215393066]"
F62013,10,31,0.7,"[9.836120977629776, 3.299675464630127]"
F62013,10,31,0.8,"[9.812426135210217, 3.75895357131958]"
F62013,10,31,0.9,"[9.882907568202995, 4.219969034194946]"
F62013,10,31,1.0,"[9.812532243961755, 4.67805814743042]"
F62013,10,32,0.01,"[2811.762200287776, 0.07606935501098633]"
F62013,10,32,0.1,"[78.34887566092368, 0.4887573719024658]"
F62013,10,32,0.2,"[9.882098213762447, 0.9464445114135742]"
F62013,10,32,0.3,"[9.814317565457372, 1.4075007438659668]"
F62013,10,32,0.4,"[9.812481543675176, 1.8695833683013916]"
F62013,10,32,0.5,"[9.812423561775518, 2.3310389518737793]"
F62013,10,32,0.6,"[9.835282545139421, 2.7936103343963623]"
F62013,10,32,0.7,"[9.812483599648658, 3.2548329830169678]"
F62013,10,32,0.8,"[9.812478620193815, 3.712985038757324]"
F62013,10,32,0.9,"[9.812429311464484, 4.174615144729614]"
F62013,10,32,1.0,"[9.814024604799101, 4.632071495056152]"
F62013,10,33,0.01,"[445.7184224487428, 0.08243489265441895]"
F62013,10,33,0.1,"[9.889084520296933, 0.5194001197814941]"
F62013,10,33,0.2,"[9.812435569254376, 0.9747574329376221]"
F62013,10,33,0.3,"[9.824209989263522, 1.4331164360046387]"
F62013,10,33,0.4,"[9.812474463851345, 1.8957839012145996]"
F62013,10,33,0.5,"[9.812740036418177, 2.356085777282715]"
F62013,10,33,0.6,"[9.820097293853905, 2.8165903091430664]"
F62013,10,33,0.7,"[9.812455083454097, 3.2759320735931396]"
F62013,10,33,0.8,"[9.816592073160336, 3.735243082046509]"
F62013,10,33,0.9,"[9.8126179101655, 4.190997123718262]"
F62013,10,33,1.0,"[9.812441768306826, 4.644888639450073]"
F62013,10,34,0.01,"[1372.9156716505397, 0.04612421989440918]"
F62013,10,34,0.1,"[9.938681913119467, 0.45479631423950195]"
F62013,10,34,0.2,"[9.812451077185756, 0.910031795501709]"
F62013,10,34,0.3,"[9.812559397871496, 1.3677098751068115]"
F62013,10,34,0.4,"[9.812478145739988, 1.8264763355255127]"
F62013,10,34,0.5,"[9.81255296682582, 2.284123182296753]"
F62013,10,34,0.6,"[9.812423950455695, 2.7415900230407715]"
F62013,10,34,0.7,"[9.839643413048634, 3.1986982822418213]"
F62013,10,34,0.8,"[9.812432827476755, 3.6523776054382324]"
F62013,10,34,0.9,"[9.812431274797746, 4.105590581893921]"
F62013,10,34,1.0,"[9.812636163473144, 4.557926177978516]"
F62013,10,35,0.01,"[1715.5655701119772, 0.057128190994262695]"
F62013,10,35,0.1,"[9.861646182964023, 0.4678018093109131]"
F62013,10,35,0.2,"[9.837244581666482, 0.9239871501922607]"
F62013,10,35,0.3,"[9.816352478370845, 1.3824069499969482]"
F62013,10,35,0.4,"[9.833487338258124, 1.839735984802246]"
F62013,10,35,0.5,"[9.812424406551486, 2.296309471130371]"
F62013,10,35,0.6,"[9.815845629792648, 2.7533562183380127]"
F62013,10,35,0.7,"[9.812423086137414, 3.2095468044281006]"
F62013,10,35,0.8,"[9.812437303168963, 3.662566900253296]"
F62013,10,35,0.9,"[9.812437561493198, 4.1157917976379395]"
F62013,10,35,1.0,"[9.8124462970178, 4.566781997680664]"
F62013,10,36,0.01,"[482.24229624985924, 0.07194924354553223]"
F62013,10,36,0.1,"[71.04762469760544, 0.4774167537689209]"
F62013,10,36,0.2,"[9.82459323199896, 0.9264190196990967]"
F62013,10,36,0.3,"[9.812602050542523, 1.3787841796875]"
F62013,10,36,0.4,"[9.8124547687014, 1.8341753482818604]"
F62013,10,36,0.5,"[9.884108167687373, 2.2889580726623535]"
F62013,10,36,0.6,"[9.874705101796621, 2.7456252574920654]"
F62013,10,36,0.7,"[9.812424889142108, 3.200793981552124]"
F62013,10,36,0.8,"[9.812438344669317, 3.6521999835968018]"
F62013,10,36,0.9,"[9.87835935222597, 4.103126049041748]"
F62013,10,36,1.0,"[9.864735748645785, 4.552831649780273]"
F62013,10,37,0.01,"[217.08880145761236, 0.046224355697631836]"
F62013,10,37,0.1,"[9.842917085098406, 0.4586160182952881]"
F62013,10,37,0.2,"[9.824776197880169, 1.2635483741760254]"
F62013,10,37,0.3,"[9.817404551335699, 1.9236714839935303]"
F62013,10,37,0.4,"[9.812516469834122, 2.383221387863159]"
F62013,10,37,0.5,"[9.812488690293094, 2.842067003250122]"
F62013,10,37,0.6,"[9.812491066546727, 3.3012776374816895]"
F62013,10,37,0.7,"[9.812479247240503, 3.7604904174804688]"
F62013,10,37,0.8,"[9.813586547968157, 4.215101718902588]"
F62013,10,37,0.9,"[9.812423560805655, 4.670210599899292]"
F62013,10,37,1.0,"[9.812468662634615, 5.123465538024902]"
F62013,10,38,0.01,"[802.5653578785684, 0.09421467781066895]"
F62013,10,38,0.1,"[9.889351649031482, 0.6325039863586426]"
F62013,10,38,0.2,"[9.813345097283104, 1.1838264465332031]"
F62013,10,38,0.3,"[9.855555391978783, 1.6408956050872803]"
F62013,10,38,0.4,"[9.812695548094212, 2.099287748336792]"
F62013,10,38,0.5,"[9.812433690204102, 2.5571541786193848]"
F62013,10,38,0.6,"[9.812827184309981, 3.014286994934082]"
F62013,10,38,0.7,"[9.81242568886239, 3.470489025115967]"
F62013,10,38,0.8,"[9.819284953901729, 3.923539161682129]"
F62013,10,38,0.9,"[9.812442714256576, 4.375877857208252]"
F62013,10,38,1.0,"[9.812754959519566, 4.827160120010376]"
F62013,10,39,0.01,"[90.43114446573986, 0.07821965217590332]"
F62013,10,39,0.1,"[9.825202034679705, 0.5005426406860352]"
F62013,10,39,0.2,"[9.812425702004134, 0.9698424339294434]"
F62013,10,39,0.3,"[9.812922626203317, 1.4396896362304688]"
F62013,10,39,0.4,"[9.813681581263609, 1.907231330871582]"
F62013,10,39,0.5,"[9.81342357908477, 2.3747830390930176]"
F62013,10,39,0.6,"[9.82703425226282, 2.841156244277954]"
F62013,10,39,0.7,"[9.812924465549145, 3.3084359169006348]"
F62013,10,39,0.8,"[9.81242855633468, 3.7747902870178223]"
F62013,10,39,0.9,"[9.812512945882986, 4.240766763687134]"
F62013,10,39,1.0,"[9.831523313177172, 4.707087755203247]"
F62013,10,40,0.01,"[338.83716884990054, 0.07012796401977539]"
F62013,10,40,0.1,"[9.816875484970751, 0.494171142578125]"
F62013,10,40,0.2,"[9.812428870420149, 0.9656937122344971]"
F62013,10,40,0.3,"[9.812677552418563, 1.4399220943450928]"
F62013,10,40,0.4,"[9.812952616468124, 1.9133274555206299]"
F62013,10,40,0.5,"[9.814971451707152, 2.3866355419158936]"
F62013,10,40,0.6,"[9.812550783399729, 2.8592724800109863]"
F62013,10,40,0.7,"[9.81243715698838, 3.3319504261016846]"
F62013,10,40,0.8,"[9.812803544180497, 3.8023312091827393]"
F62013,10,40,0.9,"[9.818016928791167, 4.2725830078125]"
F62013,10,40,1.0,"[9.812617901275985, 4.742316722869873]"
F62013,10,41,0.01,"[912.355712015355, 0.06137990951538086]"
F62013,10,41,0.1,"[1.1379989871222733, 0.47791123390197754]"
F62013,10,41,0.2,"[0.0012417995700388929, 0.9378190040588379]"
F62013,10,41,0.3,"[0.0008325707414087447, 1.4038989543914795]"
F62013,10,41,0.4,"[0.0014091659744508434, 1.8675639629364014]"
F62013,10,41,0.5,"[0.00016605726625584794, 2.3303754329681396]"
F62013,10,41,0.6,"[0.09743793672157608, 2.794010877609253]"
F62013,10,41,0.7,"[0.0018281072030958967, 3.258150577545166]"
F62013,10,41,0.8,"[0.0008666315063692309, 3.7200944423675537]"
F62013,10,41,0.9,"[0.001761717899512405, 4.180996417999268]"
F62013,10,41,1.0,"[0.0002128995066641437, 4.640300989151001]"
F62013,10,42,0.01,"[341.03055480629735, 0.07615947723388672]"
F62013,10,42,0.1,"[26.30314702498754, 0.4925844669342041]"
F62013,10,42,0.2,"[9.812743810492975, 0.9600768089294434]"
F62013,10,42,0.3,"[9.812506269666528, 1.4220554828643799]"
F62013,10,42,0.4,"[9.812516127640038, 1.884843111038208]"
F62013,10,42,0.5,"[9.812427378310076, 2.3475162982940674]"
F62013,10,42,0.6,"[9.81263146365643, 2.8107261657714844]"
F62013,10,42,0.7,"[9.812814085415198, 3.2741262912750244]"
F62013,10,42,0.8,"[9.81242334686965, 3.7356269359588623]"
F62013,10,42,0.9,"[9.814449230938408, 4.196603298187256]"
F62013,10,42,1.0,"[9.812423477798916, 4.655688047409058]"
F62013,10,43,0.01,"[2247.030796423739, 0.05234408378601074]"
F62013,10,43,0.1,"[9.867920111668582, 0.5168890953063965]"
F62013,10,43,0.2,"[9.814382569400095, 1.0343072414398193]"
F62013,10,43,0.3,"[9.832766388615141, 1.5512471199035645]"
F62013,10,43,0.4,"[9.812423969262568, 2.0692641735076904]"
F62013,10,43,0.5,"[9.812435093170507, 2.5862057209014893]"
F62013,10,43,0.6,"[9.812434244409019, 3.103989839553833]"
F62013,10,43,0.7,"[9.853445175356114, 3.6200602054595947]"
F62013,10,43,0.8,"[9.816622333418877, 4.133270263671875]"
F62013,10,43,0.9,"[9.812460585850886, 4.6464574337005615]"
F62013,10,43,1.0,"[9.812429070645749, 5.157831907272339]"
F62013,10,44,0.01,"[404.8110510489514, 0.0661172866821289]"
F62013,10,44,0.1,"[0.7036417905152348, 0.4807446002960205]"
F62013,10,44,0.2,"[0.00456403919611148, 0.9412946701049805]"
F62013,10,44,0.3,"[0.003476207012568011, 1.4037489891052246]"
F62013,10,44,0.4,"[0.0033634894401757265, 1.8675332069396973]"
F62013,10,44,0.5,"[0.01871814861101484, 2.333291530609131]"
F62013,10,44,0.6,"[0.007886926065566513, 2.795706272125244]"
F62013,10,44,0.7,"[0.0007889709607979967, 3.2577457427978516]"
F62013,10,44,0.8,"[0.009611961585733297, 3.7163779735565186]"
F62013,10,44,0.9,"[0.0060434112729126355, 4.17446494102478]"
F62013,10,44,1.0,"[0.003245048896019398, 4.631443738937378]"
F62013,10,45,0.01,"[1557.577722620931, 0.04692482948303223]"
F62013,10,45,0.1,"[9.874295604141935, 0.461254358291626]"
F62013,10,45,0.2,"[9.812820154451742, 0.9220316410064697]"
F62013,10,45,0.3,"[9.81244220263818, 1.38484787940979]"
F62013,10,45,0.4,"[9.842010698492572, 1.847219467163086]"
F62013,10,45,0.5,"[9.812497916949951, 2.3090453147888184]"
F62013,10,45,0.6,"[9.81257550256771, 2.7704503536224365]"
F62013,10,45,0.7,"[9.813366525793413, 3.231459379196167]"
F62013,10,45,0.8,"[9.813169110512376, 3.6892271041870117]"
F62013,10,45,0.9,"[9.812426693913267, 4.146469354629517]"
F62013,10,45,1.0,"[9.81242782984225, 4.6032116413116455]"
F62013,10,46,0.01,"[1289.231735945365, 0.05208754539489746]"
F62013,10,46,0.1,"[9.817692592925368, 0.46587610244750977]"
F62013,10,46,0.2,"[9.812510749086755, 0.9262111186981201]"
F62013,10,46,0.3,"[9.832048896223228, 1.389711618423462]"
F62013,10,46,0.4,"[9.830981991355657, 1.8535089492797852]"
F62013,10,46,0.5,"[9.81242971381198, 2.3182427883148193]"
F62013,10,46,0.6,"[9.828658514475478, 2.781048536300659]"
F62013,10,46,0.7,"[9.812738703422724, 3.2434887886047363]"
F62013,10,46,0.8,"[9.81242425661037, 3.7023348808288574]"
F62013,10,46,0.9,"[9.82258397911437, 4.161921262741089]"
F62013,10,46,1.0,"[9.812428662493858, 4.619322299957275]"
F62013,10,47,0.01,"[3460.7627811820644, 0.04610586166381836]"
F62013,10,47,0.1,"[70.26728021570682, 0.45455503463745117]"
F62013,10,47,0.2,"[9.812444024319234, 0.9096453189849854]"
F62013,10,47,0.3,"[9.81242522882917, 1.3657324314117432]"
F62013,10,47,0.4,"[9.812767009604954, 1.8232181072235107]"
F62013,10,47,0.5,"[9.81242305876458, 2.283883571624756]"
F62013,10,47,0.6,"[9.812454163550115, 2.740756034851074]"
F62013,10,47,0.7,"[9.812435788563903, 3.1973965167999268]"
F62013,10,47,0.8,"[9.818331730811337, 3.650402545928955]"
F62013,10,47,0.9,"[9.812423981361576, 4.102879524230957]"
F62013,10,47,1.0,"[9.812456029779582, 4.554175138473511]"
F62013,10,48,0.01,"[173.0993739237813, 0.04613995552062988]"
F62013,10,48,0.1,"[9.812966216047926, 0.45714735984802246]"
F62013,10,48,0.2,"[9.812795193821216, 0.9133658409118652]"
F62013,10,48,0.3,"[9.813413809245503, 1.3696331977844238]"
F62013,10,48,0.4,"[9.820738454637308, 1.8255796432495117]"
F62013,10,48,0.5,"[9.812427496115674, 2.2826359272003174]"
F62013,10,48,0.6,"[9.812522089075742, 2.7413418292999268]"
F62013,10,48,0.7,"[9.81412457147428, 3.1996304988861084]"
F62013,10,48,0.8,"[9.81243426621279, 3.6566009521484375]"
F62013,10,48,0.9,"[9.81242369123106, 4.111903190612793]"
F62013,10,48,1.0,"[9.812456177851686, 4.565049886703491]"
F62013,10,49,0.01,"[351.1022279336172, 0.046878814697265625]"
F62013,10,49,0.1,"[0.25676607832372156, 0.4602515697479248]"
F62013,10,49,0.2,"[0.0016702630730378587, 0.9188475608825684]"
F62013,10,49,0.3,"[0.0017404651746346644, 1.376692295074463]"
F62013,10,49,0.4,"[0.00031269822022750304, 1.8360297679901123]"
F62013,10,49,0.5,"[0.005797972881964597, 2.2976224422454834]"
F62013,10,49,0.6,"[7.005776114965556e-05, 2.759077787399292]"
F62013,10,49,0.7,"[0.001375256282585724, 3.218654155731201]"
F62013,10,49,0.8,"[0.01542898226205125, 3.67861008644104]"
F62013,10,49,0.9,"[0.002726188601627655, 4.137656211853027]"
F62013,10,49,1.0,"[0.033218277252217376, 4.595300674438477]"
F62013,10,50,0.01,"[1084.7216738916202, 0.046823740005493164]"
F62013,10,50,0.1,"[1.700009768476093, 0.46024513244628906]"
F62013,10,50,0.2,"[0.009842461023595206, 0.918170690536499]"
F62013,10,50,0.3,"[0.0005412771595274535, 1.3755121231079102]"
F62013,10,50,0.4,"[0.006682743497663068, 1.8340175151824951]"
F62013,10,50,0.5,"[0.004327376342871503, 2.294361114501953]"
F62013,10,50,0.6,"[0.024540508167092412, 2.7541074752807617]"
F62013,10,50,0.7,"[0.0003355449175614922, 3.211832284927368]"
F62013,10,50,0.8,"[0.0004571590776549783, 3.6697816848754883]"
F62013,10,50,0.9,"[0.0021999512011916522, 4.127373933792114]"
F62013,10,50,1.0,"[0.008351109230147813, 4.585213899612427]"
F62013,30,0,0.01,"[7969.23746383936, 0.2770357131958008]"
F62013,30,0,0.1,"[76.79770845200699, 2.7076632976531982]"
F62013,30,0,0.2,"[0.04530765695858463, 5.367390871047974]"
F62013,30,0,0.3,"[0.046796824148259475, 8.04117727279663]"
F62013,30,0,0.4,"[0.004243825939170165, 10.706836462020874]"
F62013,30,0,0.5,"[0.047745962152362154, 13.38680362701416]"
F62013,30,0,0.6,"[0.0027324440457050514, 16.06300163269043]"
F62013,30,0,0.7,"[0.005603342809990863, 18.734232664108276]"
F62013,30,0,0.8,"[0.02719392158030587, 21.484585523605347]"
F62013,30,0,0.9,"[0.016014807381111495, 24.176288843154907]"
F62013,30,0,1.0,"[0.05215932897158382, 26.871095895767212]"
F62013,30,1,0.01,"[1527.090738033634, 0.28363513946533203]"
F62013,30,1,0.1,"[37.68075627665621, 2.7470057010650635]"
F62013,30,1,0.2,"[0.005700357319483373, 5.4537353515625]"
F62013,30,1,0.3,"[0.026102353326336925, 8.204294681549072]"
F62013,30,1,0.4,"[0.09734160211041853, 10.964234113693237]"
F62013,30,1,0.5,"[0.006058421713760254, 13.753335237503052]"
F62013,30,1,0.6,"[0.01602716283900918, 16.512055158615112]"
F62013,30,1,0.7,"[0.03308788693686893, 19.287636280059814]"
F62013,30,1,0.8,"[0.014581947701231002, 22.07368803024292]"
F62013,30,1,0.9,"[0.01795496638806071, 24.860525608062744]"
F62013,30,1,1.0,"[0.054408001279057316, 27.646304607391357]"
F62013,30,2,0.01,"[7700.988832899116, 0.2768852710723877]"
F62013,30,2,0.1,"[73.55197553588073, 2.7289092540740967]"
F62013,30,2,0.2,"[0.0187498302836957, 5.394235134124756]"
F62013,30,2,0.3,"[0.004236713728118957, 8.103797197341919]"
F62013,30,2,0.4,"[0.020425113453711674, 10.828608751296997]"
F62013,30,2,0.5,"[0.005781796339192624, 13.577475786209106]"
F62013,30,2,0.6,"[0.04994055030283562, 16.269391775131226]"
F62013,30,2,0.7,"[0.016242117856677396, 18.940244913101196]"
F62013,30,2,0.8,"[0.01869560175668994, 21.6452693939209]"
F62013,30,2,0.9,"[0.01461206670512638, 24.36515522003174]"
F62013,30,2,1.0,"[0.04087120138854061, 27.146180629730225]"
F62013,30,3,0.01,"[970.2903401811442, 0.2782633304595947]"
F62013,30,3,0.1,"[26.413591394846094, 2.7104146480560303]"
F62013,30,3,0.2,"[26.442375931734432, 5.389526128768921]"
F62013,30,3,0.3,"[26.407561954924518, 8.141091346740723]"
F62013,30,3,0.4,"[26.563639754793144, 10.849368810653687]"
F62013,30,3,0.5,"[26.410521846964116, 13.578253269195557]"
F62013,30,3,0.6,"[26.48679627860747, 16.26264977455139]"
F62013,30,3,0.7,"[26.53256636170113, 18.944288969039917]"
F62013,30,3,0.8,"[26.424716493992946, 21.631321907043457]"
F62013,30,3,0.9,"[26.40744901699634, 24.339420795440674]"
F62013,30,3,1.0,"[26.417463734036915, 27.06205940246582]"
F62013,30,4,0.01,"[3135.908111553177, 0.27724766731262207]"
F62013,30,4,0.1,"[15.949169361148279, 2.781672477722168]"
F62013,30,4,0.2,"[0.042084628223165055, 5.600055694580078]"
F62013,30,4,0.3,"[0.11531096379314931, 8.476266860961914]"
F62013,30,4,0.4,"[0.004608907799024564, 11.315035820007324]"
F62013,30,4,0.5,"[0.01646989211747041, 14.157560110092163]"
F62013,30,4,0.6,"[0.026887298262181503, 17.01919412612915]"
F62013,30,4,0.7,"[0.0032981360257053893, 19.790711879730225]"
F62013,30,4,0.8,"[0.004697555963730338, 22.550812482833862]"
F62013,30,4,0.9,"[0.004515013257673672, 25.31511878967285]"
F62013,30,4,1.0,"[0.01758201001780435, 28.185479640960693]"
F62013,30,5,0.01,"[5560.787913191757, 0.2772948741912842]"
F62013,30,5,0.1,"[97.45825845262425, 2.7339630126953125]"
F62013,30,5,0.2,"[0.15068062672025917, 5.413949012756348]"
F62013,30,5,0.3,"[0.038057047087249884, 8.15591287612915]"
F62013,30,5,0.4,"[0.024218213884978468, 10.87716031074524]"
F62013,30,5,0.5,"[0.035794753375398614, 13.597191095352173]"
F62013,30,5,0.6,"[0.0026719332796574236, 16.318659782409668]"
F62013,30,5,0.7,"[0.03983809851524711, 19.03382444381714]"
F62013,30,5,0.8,"[0.025552841136459392, 21.76787757873535]"
F62013,30,5,0.9,"[0.0769722310897123, 24.50915217399597]"
F62013,30,5,1.0,"[0.10765058328922805, 27.25958824157715]"
F62013,30,6,0.01,"[5621.826366628753, 0.2806072235107422]"
F62013,30,6,0.1,"[77.03088592529025, 2.770855188369751]"
F62013,30,6,0.2,"[26.42310150704111, 5.47220778465271]"
F62013,30,6,0.3,"[26.410044115576852, 8.259891748428345]"
F62013,30,6,0.4,"[26.41777970914245, 10.996500968933105]"
F62013,30,6,0.5,"[26.40842070240228, 13.71636414527893]"
F62013,30,6,0.6,"[26.414623177348517, 16.47943353652954]"
F62013,30,6,0.7,"[26.431453173293335, 19.243951559066772]"
F62013,30,6,0.8,"[26.407815292100395, 22.024786710739136]"
F62013,30,6,0.9,"[26.447695911071946, 24.848896265029907]"
F62013,30,6,1.0,"[26.45128120547986, 27.68565273284912]"
F62013,30,7,0.01,"[2548.067242761742, 0.27184295654296875]"
F62013,30,7,0.1,"[28.09277281104403, 2.7214317321777344]"
F62013,30,7,0.2,"[0.04406067896741206, 5.465063095092773]"
F62013,30,7,0.3,"[0.009838067528562533, 8.294028997421265]"
F62013,30,7,0.4,"[0.01762327150549936, 11.112843751907349]"
F62013,30,7,0.5,"[0.05411564727364748, 13.950880289077759]"
F62013,30,7,0.6,"[0.024163123769312733, 16.75509476661682]"
F62013,30,7,0.7,"[0.036436762232938236, 19.56371259689331]"
F62013,30,7,0.8,"[0.02184109273582635, 22.318528175354004]"
F62013,30,7,0.9,"[0.03943080162162005, 25.075260639190674]"
F62013,30,7,1.0,"[0.03269233148330386, 27.882144451141357]"
F62013,30,8,0.01,"[5620.528709711487, 0.2881464958190918]"
F62013,30,8,0.1,"[69.03343437360968, 2.7406842708587646]"
F62013,30,8,0.2,"[0.10748135229744094, 5.450455665588379]"
F62013,30,8,0.3,"[0.10501608294646303, 8.271074295043945]"
F62013,30,8,0.4,"[0.011976691742461298, 10.995392084121704]"
F62013,30,8,0.5,"[0.09927817827076524, 13.768220663070679]"
F62013,30,8,0.6,"[0.009304033943408285, 16.515871047973633]"
F62013,30,8,0.7,"[0.12703870170832943, 19.281982421875]"
F62013,30,8,0.8,"[0.014874225711878353, 22.055256366729736]"
F62013,30,8,0.9,"[0.04273539709970464, 24.803627490997314]"
F62013,30,8,1.0,"[0.048888324332097, 27.599039554595947]"
F62013,30,9,0.01,"[6525.094907450495, 0.29573822021484375]"
F62013,30,9,0.1,"[19.185315458766127, 2.76753568649292]"
F62013,30,9,0.2,"[0.023517946719380234, 5.486916542053223]"
F62013,30,9,0.3,"[0.010035892766268262, 8.216108083724976]"
F62013,30,9,0.4,"[0.010292222295333886, 10.93414306640625]"
F62013,30,9,0.5,"[0.007511573063425203, 13.72298526763916]"
F62013,30,9,0.6,"[0.08118015757770536, 16.47025179862976]"
F62013,30,9,0.7,"[0.05725284054983604, 19.213884115219116]"
F62013,30,9,0.8,"[0.027887165132597147, 21.936925649642944]"
F62013,30,9,0.9,"[0.01989056682896262, 24.666837453842163]"
F62013,30,9,1.0,"[0.08655544358839506, 27.3987398147583]"
F62013,30,10,0.01,"[2463.131616484801, 0.2978212833404541]"
F62013,30,10,0.1,"[76.64794078289333, 2.724118947982788]"
F62013,30,10,0.2,"[4.004639755958465, 5.401838064193726]"
F62013,30,10,0.3,"[3.9981523052123293, 8.184712648391724]"
F62013,30,10,0.4,"[4.028646990093762, 11.038935661315918]"
F62013,30,10,0.5,"[3.9941502169508567, 13.851683139801025]"
F62013,30,10,0.6,"[4.017968107121533, 16.577120542526245]"
F62013,30,10,0.7,"[3.9998134063750967, 19.351954460144043]"
F62013,30,10,0.8,"[4.029077213269829, 22.199472665786743]"
F62013,30,10,0.9,"[4.0345181951771565, 25.092840671539307]"
F62013,30,10,1.0,"[4.017985455486041, 27.924275159835815]"
F62013,30,11,0.01,"[1844.8624209558789, 0.2839388847351074]"
F62013,30,11,0.1,"[44.374134101663685, 2.7149734497070312]"
F62013,30,11,0.2,"[0.04946229237987154, 5.42342209815979]"
F62013,30,11,0.3,"[0.013851936571199985, 8.16260814666748]"
F62013,30,11,0.4,"[0.02312322611271611, 10.940745115280151]"
F62013,30,11,0.5,"[0.004826346103186552, 13.64674687385559]"
F62013,30,11,0.6,"[0.03103573448777297, 16.355902433395386]"
F62013,30,11,0.7,"[0.006054875105405699, 19.03564763069153]"
F62013,30,11,0.8,"[0.023396433886659906, 21.692774057388306]"
F62013,30,11,0.9,"[0.07523496080557379, 24.368110418319702]"
F62013,30,11,1.0,"[0.009493646466125938, 27.073845148086548]"
F62013,30,12,0.01,"[8300.581128171627, 0.27075934410095215]"
F62013,30,12,0.1,"[71.3962114732434, 2.741995096206665]"
F62013,30,12,0.2,"[0.1046336717909071, 5.417559862136841]"
F62013,30,12,0.3,"[0.014256161581442939, 8.177811622619629]"
F62013,30,12,0.4,"[0.010407850325918844, 10.92387342453003]"
F62013,30,12,0.5,"[0.020105413423380014, 13.661855697631836]"
F62013,30,12,0.6,"[0.017063873223378323, 16.412997007369995]"
F62013,30,12,0.7,"[0.024948031626649936, 19.153790712356567]"
F62013,30,12,0.8,"[0.03925301581466556, 21.90668272972107]"
F62013,30,12,0.9,"[0.009006732358784575, 24.659125089645386]"
F62013,30,12,1.0,"[0.018393048276720947, 27.434577465057373]"
F62013,30,13,0.01,"[2701.7823254956957, 0.2858898639678955]"
F62013,30,13,0.1,"[72.36213810063953, 2.806105375289917]"
F62013,30,13,0.2,"[0.13332421217432966, 5.573824167251587]"
F62013,30,13,0.3,"[0.00660953537669684, 8.446855306625366]"
F62013,30,13,0.4,"[0.012427916484512025, 11.30799126625061]"
F62013,30,13,0.5,"[0.07788224332466598, 14.160356760025024]"
F62013,30,13,0.6,"[0.03742630251315404, 17.018394231796265]"
F62013,30,13,0.7,"[0.00610896028354091, 19.90117883682251]"
F62013,30,13,0.8,"[0.03402421984128523, 22.793514490127563]"
F62013,30,13,0.9,"[0.08598652889395453, 25.64080834388733]"
F62013,30,13,1.0,"[0.018448194037887333, 28.46286106109619]"
F62013,30,14,0.01,"[2530.6164095637237, 0.27884936332702637]"
F62013,30,14,0.1,"[76.81691908528308, 2.707383871078491]"
F62013,30,14,0.2,"[0.015292071767703419, 5.420478582382202]"
F62013,30,14,0.3,"[0.0802451436386491, 8.23253083229065]"
F62013,30,14,0.4,"[0.010899255264575913, 11.021963834762573]"
F62013,30,14,0.5,"[0.019902672494026774, 13.773998975753784]"
F62013,30,14,0.6,"[0.07799644866895505, 16.558834552764893]"
F62013,30,14,0.7,"[0.08725576872325291, 19.309052228927612]"
F62013,30,14,0.8,"[0.028547138867452304, 22.07481575012207]"
F62013,30,14,0.9,"[0.03829900402581643, 24.808784246444702]"
F62013,30,14,1.0,"[0.03096960834488982, 27.538010835647583]"
F62013,30,15,0.01,"[5855.274537680352, 0.27998900413513184]"
F62013,30,15,0.1,"[16.93036453253501, 2.729139566421509]"
F62013,30,15,0.2,"[0.05942910826718162, 5.420175790786743]"
F62013,30,15,0.3,"[0.08523009231578271, 8.219947099685669]"
F62013,30,15,0.4,"[0.07359925215121166, 10.97177243232727]"
F62013,30,15,0.5,"[0.0093858796344648, 13.747171640396118]"
F62013,30,15,0.6,"[0.07884977657931813, 16.515657901763916]"
F62013,30,15,0.7,"[0.008453456560573613, 19.250477075576782]"
F62013,30,15,0.8,"[0.04528179254987208, 21.992305994033813]"
F62013,30,15,0.9,"[0.02495745252292636, 24.73804783821106]"
F62013,30,15,1.0,"[0.008067066932085254, 27.50931143760681]"
F62013,30,16,0.01,"[15854.090458212082, 0.274017333984375]"
F62013,30,16,0.1,"[106.32374188139829, 2.6765995025634766]"
F62013,30,16,0.2,"[0.03449709163260195, 5.32655668258667]"
F62013,30,16,0.3,"[0.008912152459288336, 8.066996335983276]"
F62013,30,16,0.4,"[0.018666801687800216, 10.80344843864441]"
F62013,30,16,0.5,"[0.014672976290057704, 13.530668258666992]"
F62013,30,16,0.6,"[0.2605380572365448, 16.280706644058228]"
F62013,30,16,0.7,"[0.0069547365570770125, 19.081210374832153]"
F62013,30,16,0.8,"[0.03448228379124885, 21.821661949157715]"
F62013,30,16,0.9,"[0.03792156451390838, 24.5676052570343]"
F62013,30,16,1.0,"[0.017535717966325137, 27.34355354309082]"
F62013,30,17,0.01,"[2994.453546212519, 0.2774343490600586]"
F62013,30,17,0.1,"[78.53356332016017, 2.7548301219940186]"
F62013,30,17,0.2,"[26.417185281359934, 5.48187780380249]"
F62013,30,17,0.3,"[26.445680243305787, 8.314339876174927]"
F62013,30,17,0.4,"[26.407922850603086, 11.106492519378662]"
F62013,30,17,0.5,"[26.41239242458903, 13.9566490650177]"
F62013,30,17,0.6,"[26.410365413672025, 16.782994270324707]"
F62013,30,17,0.7,"[26.719866417102025, 19.577672004699707]"
F62013,30,17,0.8,"[26.47034199746099, 22.364875078201294]"
F62013,30,17,0.9,"[26.425686552546722, 25.161198616027832]"
F62013,30,17,1.0,"[26.40755044541686, 28.0176260471344]"
F62013,30,18,0.01,"[7132.7335718048935, 0.289975643157959]"
F62013,30,18,0.1,"[76.90081640680364, 2.7996952533721924]"
F62013,30,18,0.2,"[0.05978977311588096, 5.553958177566528]"
F62013,30,18,0.3,"[0.005071457092071796, 8.329609394073486]"
F62013,30,18,0.4,"[0.07268156011298288, 11.080832481384277]"
F62013,30,18,0.5,"[0.04897063460032314, 13.858107566833496]"
F62013,30,18,0.6,"[0.008419843115007097, 16.675825119018555]"
F62013,30,18,0.7,"[0.010615079710078135, 19.452645778656006]"
F62013,30,18,0.8,"[0.004086691771817641, 22.205676794052124]"
F62013,30,18,0.9,"[0.013131512082736663, 24.972596168518066]"
F62013,30,18,1.0,"[0.010880764494800133, 27.70750856399536]"
F62013,30,19,0.01,"[2463.602599671623, 0.2786891460418701]"
F62013,30,19,0.1,"[70.55982854448644, 2.707162618637085]"
F62013,30,19,0.2,"[0.033980837235844774, 5.3605523109436035]"
F62013,30,19,0.3,"[0.058797491490508946, 8.037060260772705]"
F62013,30,19,0.4,"[0.011575827680417206, 10.730891227722168]"
F62013,30,19,0.5,"[0.015788906506145395, 13.481394290924072]"
F62013,30,19,0.6,"[0.008711542697369623, 16.15714955329895]"
F62013,30,19,0.7,"[0.04151795750306064, 18.830474138259888]"
F62013,30,19,0.8,"[0.01106442096659066, 21.503559827804565]"
F62013,30,19,0.9,"[0.12614177920522707, 24.17441701889038]"
F62013,30,19,1.0,"[0.016114002958261153, 26.916205406188965]"
F62013,30,20,0.01,"[825.3254639193207, 0.2825615406036377]"
F62013,30,20,0.1,"[15.77542574749532, 2.778355598449707]"
F62013,30,20,0.2,"[0.0058277690498016455, 5.528971433639526]"
F62013,30,20,0.3,"[0.0357317838572726, 8.303025245666504]"
F62013,30,20,0.4,"[0.060536749183029315, 11.052043914794922]"
F62013,30,20,0.5,"[0.007383508485645507, 13.79548192024231]"
F62013,30,20,0.6,"[0.005231349311429767, 16.581743478775024]"
F62013,30,20,0.7,"[0.056833545860968115, 19.327272415161133]"
F62013,30,20,0.8,"[0.001806532164437158, 22.041977882385254]"
F62013,30,20,0.9,"[0.016441175488125737, 24.754037857055664]"
F62013,30,20,1.0,"[0.008154554269253822, 27.505926370620728]"
F62013,30,21,0.01,"[4169.1805019178155, 0.2672607898712158]"
F62013,30,21,0.1,"[16.322265988635195, 2.679800033569336]"
F62013,30,21,0.2,"[0.026482284446956328, 5.327143430709839]"
F62013,30,21,0.3,"[0.008949865269300972, 8.048789501190186]"
F62013,30,21,0.4,"[0.016612829045243416, 10.711499691009521]"
F62013,30,21,0.5,"[0.0402722332016765, 13.42032265663147]"
F62013,30,21,0.6,"[0.012564258651309501, 16.16741967201233]"
F62013,30,21,0.7,"[0.0074680386580894265, 18.896629095077515]"
F62013,30,21,0.8,"[0.15324747731096977, 21.628640174865723]"
F62013,30,21,0.9,"[0.0034037499618762013, 24.35995388031006]"
F62013,30,21,1.0,"[0.012210968909357689, 27.1177020072937]"
F62013,30,22,0.01,"[5105.20064458205, 0.28478002548217773]"
F62013,30,22,0.1,"[75.35328048614497, 2.7559823989868164]"
F62013,30,22,0.2,"[0.1289088548383006, 5.4807586669921875]"
F62013,30,22,0.3,"[0.05102833353612368, 8.230955123901367]"
F62013,30,22,0.4,"[0.007562566876345045, 10.980666160583496]"
F62013,30,22,0.5,"[0.03267305499912254, 13.701430320739746]"
F62013,30,22,0.6,"[0.03267368612807786, 16.409518480300903]"
F62013,30,22,0.7,"[0.0045970726597488465, 19.09425139427185]"
F62013,30,22,0.8,"[0.006576761578571677, 21.7590913772583]"
F62013,30,22,0.9,"[0.09019024873691706, 24.436211347579956]"
F62013,30,22,1.0,"[0.005302967503325817, 27.126873016357422]"
F62013,30,23,0.01,"[4807.062017203147, 0.2836453914642334]"
F62013,30,23,0.1,"[80.08114820428614, 2.7210302352905273]"
F62013,30,23,0.2,"[0.014387132251727053, 5.39768648147583]"
F62013,30,23,0.3,"[0.023099989446336622, 8.100887298583984]"
F62013,30,23,0.4,"[0.06065116594118081, 10.791355609893799]"
F62013,30,23,0.5,"[0.020572086180663973, 13.518070936203003]"
F62013,30,23,0.6,"[0.12058369188457618, 16.23995566368103]"
F62013,30,23,0.7,"[0.03250938821872751, 18.966694116592407]"
F62013,30,23,0.8,"[0.048021817790868226, 21.681821584701538]"
F62013,30,23,0.9,"[0.009660503567829437, 24.385040521621704]"
F62013,30,23,1.0,"[0.038787726209420725, 27.098753690719604]"
F62013,30,24,0.01,"[6794.736598121621, 0.284576416015625]"
F62013,30,24,0.1,"[15.778421510106341, 2.7116854190826416]"
F62013,30,24,0.2,"[0.0696328787140601, 5.380070209503174]"
F62013,30,24,0.3,"[0.013108655178029949, 8.107918977737427]"
F62013,30,24,0.4,"[0.026914840981589805, 10.812259435653687]"
F62013,30,24,0.5,"[0.02620473816125468, 13.522595643997192]"
F62013,30,24,0.6,"[0.022172183793713884, 16.26653289794922]"
F62013,30,24,0.7,"[0.10459005347536277, 19.015066146850586]"
F62013,30,24,0.8,"[0.041286293422672316, 21.73632311820984]"
F62013,30,24,0.9,"[0.008167841946828958, 24.527373552322388]"
F62013,30,24,1.0,"[0.02784796832406755, 27.286261558532715]"
F62013,30,25,0.01,"[6360.295759631954, 0.2861340045928955]"
F62013,30,25,0.1,"[10.79989022964537, 2.7458488941192627]"
F62013,30,25,0.2,"[0.06597369133783104, 5.4093217849731445]"
F62013,30,25,0.3,"[0.0419521673223926, 8.20154595375061]"
F62013,30,25,0.4,"[0.012715569319425413, 10.990140914916992]"
F62013,30,25,0.5,"[0.009005240785995738, 13.77785062789917]"
F62013,30,25,0.6,"[0.0039634216753938745, 16.498860120773315]"
F62013,30,25,0.7,"[0.005715509553965603, 19.251956701278687]"
F62013,30,25,0.8,"[0.005666062471732403, 22.01871943473816]"
F62013,30,25,0.9,"[0.00853927177888636, 24.812153816223145]"
F62013,30,25,1.0,"[0.00564476995464247, 27.644928216934204]"
F62013,30,26,0.01,"[5679.8418491084285, 0.2847456932067871]"
F62013,30,26,0.1,"[75.96253073358139, 2.832263946533203]"
F62013,30,26,0.2,"[0.054675963957606655, 5.652810096740723]"
F62013,30,26,0.3,"[0.002828221599884273, 8.53117322921753]"
F62013,30,26,0.4,"[0.006667456900686375, 11.406622886657715]"
F62013,30,26,0.5,"[0.007619234534786301, 14.28417158126831]"
F62013,30,26,0.6,"[0.042986828148627865, 17.181089878082275]"
F62013,30,26,0.7,"[0.015712789228359725, 20.059443712234497]"
F62013,30,26,0.8,"[0.015355466363871528, 22.938657522201538]"
F62013,30,26,0.9,"[0.020272475187653072, 25.81461811065674]"
F62013,30,26,1.0,"[0.04305374028501774, 28.693620204925537]"
F62013,30,27,0.01,"[2618.414385207833, 0.27858853340148926]"
F62013,30,27,0.1,"[16.11890741257855, 2.7564797401428223]"
F62013,30,27,0.2,"[0.015139529906150528, 5.481323003768921]"
F62013,30,27,0.3,"[0.02032927648895111, 8.253212451934814]"
F62013,30,27,0.4,"[0.011547679045406767, 11.005111455917358]"
F62013,30,27,0.5,"[0.04955288797873436, 13.779607772827148]"
F62013,30,27,0.6,"[0.0880041138281058, 16.535824060440063]"
F62013,30,27,0.7,"[0.003488659118374926, 19.27804470062256]"
F62013,30,27,0.8,"[0.004420968808631187, 22.071298837661743]"
F62013,30,27,0.9,"[0.04785979501093607, 24.881638526916504]"
F62013,30,27,1.0,"[0.03528523414888696, 27.688563108444214]"
F62013,30,28,0.01,"[1999.888396113179, 0.26856374740600586]"
F62013,30,28,0.1,"[72.83439151301855, 2.719348669052124]"
F62013,30,28,0.2,"[0.046359001099631314, 5.436954498291016]"
F62013,30,28,0.3,"[0.08654365533732289, 8.180591821670532]"
F62013,30,28,0.4,"[0.05505715046115256, 10.89371132850647]"
F62013,30,28,0.5,"[0.02420248089299548, 13.576821327209473]"
F62013,30,28,0.6,"[0.01928896928825452, 16.268417358398438]"
F62013,30,28,0.7,"[0.011465307490311716, 18.982850790023804]"
F62013,30,28,0.8,"[0.02235409719207837, 21.702542304992676]"
F62013,30,28,0.9,"[0.011276243737484037, 24.418226957321167]"
F62013,30,28,1.0,"[0.004406479260978813, 27.10933780670166]"
F62013,30,29,0.01,"[2778.4275468733717, 0.27379584312438965]"
F62013,30,29,0.1,"[76.59518787098978, 2.687108278274536]"
F62013,30,29,0.2,"[0.012797006960227009, 5.36594033241272]"
F62013,30,29,0.3,"[0.06952110615395668, 8.116519927978516]"
F62013,30,29,0.4,"[0.030191851991617114, 10.84898066520691]"
F62013,30,29,0.5,"[0.04088097599685625, 13.609537363052368]"
F62013,30,29,0.6,"[0.05931061729643261, 16.334901332855225]"
F62013,30,29,0.7,"[0.01961141951380796, 19.096238136291504]"
F62013,30,29,0.8,"[0.061457501542349746, 21.868298053741455]"
F62013,30,29,0.9,"[0.06529915040641754, 24.626604080200195]"
F62013,30,29,1.0,"[0.017991956745959214, 27.35550546646118]"
F62013,30,30,0.01,"[4338.420508449081, 0.278336763381958]"
F62013,30,30,0.1,"[79.96947363516404, 2.679492950439453]"
F62013,30,30,0.2,"[0.023945487907212737, 5.379986524581909]"
F62013,30,30,0.3,"[0.027472343817862566, 8.177785158157349]"
F62013,30,30,0.4,"[0.014484819846643404, 10.930838823318481]"
F62013,30,30,0.5,"[0.023034867562728323, 13.6637122631073]"
F62013,30,30,0.6,"[0.04032859639346498, 16.3748619556427]"
F62013,30,30,0.7,"[0.00837633516812275, 19.080154180526733]"
F62013,30,30,0.8,"[0.01469792980890361, 21.793763637542725]"
F62013,30,30,0.9,"[0.006428010746617474, 24.540797472000122]"
F62013,30,30,1.0,"[0.0568510520148493, 27.334190607070923]"
F62013,30,31,0.01,"[3034.6672261864055, 0.2901637554168701]"
F62013,30,31,0.1,"[15.880250493163203, 2.7468314170837402]"
F62013,30,31,0.2,"[0.01669814691092597, 5.447461366653442]"
F62013,30,31,0.3,"[0.019994542346012167, 8.181126832962036]"
F62013,30,31,0.4,"[0.02306284587700702, 10.910858869552612]"
F62013,30,31,0.5,"[0.08282342258655717, 13.616145849227905]"
F62013,30,31,0.6,"[0.049277511138029695, 16.365830659866333]"
F62013,30,31,0.7,"[0.0514584454361966, 19.104206562042236]"
F62013,30,31,0.8,"[0.08623471817736572, 21.868016004562378]"
F62013,30,31,0.9,"[0.0035270034023824337, 24.61081552505493]"
F62013,30,31,1.0,"[0.035680159491903396, 27.390016555786133]"
F62013,30,32,0.01,"[5465.535582557251, 0.283740758895874]"
F62013,30,32,0.1,"[43.176515461632334, 2.7482264041900635]"
F62013,30,32,0.2,"[0.17238791538943588, 5.480506420135498]"
F62013,30,32,0.3,"[0.006886236526270295, 8.346034288406372]"
F62013,30,32,0.4,"[0.044045313058745705, 11.210239171981812]"
F62013,30,32,0.5,"[0.06858130706712018, 14.054308652877808]"
F62013,30,32,0.6,"[0.017073722160375837, 16.87543487548828]"
F62013,30,32,0.7,"[0.0299439727277786, 19.709213256835938]"
F62013,30,32,0.8,"[0.03474921537917908, 22.517423152923584]"
F62013,30,32,0.9,"[0.010262244697514689, 25.339812994003296]"
F62013,30,32,1.0,"[0.0053547972671594835, 28.166059732437134]"
F62013,30,33,0.01,"[3304.840113679373, 0.27402353286743164]"
F62013,30,33,0.1,"[15.87956718758187, 2.7275662422180176]"
F62013,30,33,0.2,"[0.057301155067648324, 5.3997766971588135]"
F62013,30,33,0.3,"[0.035737614939648665, 8.148529529571533]"
F62013,30,33,0.4,"[0.006021328252700187, 10.912866115570068]"
F62013,30,33,0.5,"[0.016697144556474086, 13.705429315567017]"
F62013,30,33,0.6,"[0.006178897509357739, 16.513235330581665]"
F62013,30,33,0.7,"[0.011922096799139581, 19.322446823120117]"
F62013,30,33,0.8,"[0.018132163907466747, 22.12965726852417]"
F62013,30,33,0.9,"[0.006947508684902459, 24.96135926246643]"
F62013,30,33,1.0,"[0.059829523790199346, 27.72839879989624]"
F62013,30,34,0.01,"[5338.7312449681085, 0.2694051265716553]"
F62013,30,34,0.1,"[31.6610805989975, 2.687126874923706]"
F62013,30,34,0.2,"[26.411895399754826, 5.334588289260864]"
F62013,30,34,0.3,"[26.407955472351773, 8.080215215682983]"
F62013,30,34,0.4,"[26.408874958071692, 10.800209045410156]"
F62013,30,34,0.5,"[26.423233908669204, 13.495355367660522]"
F62013,30,34,0.6,"[26.448751942216518, 16.17330050468445]"
F62013,30,34,0.7,"[26.463951367417735, 18.932241916656494]"
F62013,30,34,0.8,"[26.480420296340526, 21.64998722076416]"
F62013,30,34,0.9,"[26.631596673402896, 24.373834371566772]"
F62013,30,34,1.0,"[26.40902086011579, 27.119077920913696]"
F62013,30,35,0.01,"[6580.94109090316, 0.27114319801330566]"
F62013,30,35,0.1,"[71.56968205502471, 2.6897928714752197]"
F62013,30,35,0.2,"[0.04367429350168095, 5.345811128616333]"
F62013,30,35,0.3,"[0.006217345443701561, 8.023539304733276]"
F62013,30,35,0.4,"[0.0022661058893618247, 10.686908483505249]"
F62013,30,35,0.5,"[0.007519946572642766, 13.361441373825073]"
F62013,30,35,0.6,"[0.016063773666473935, 16.030661582946777]"
F62013,30,35,0.7,"[0.042171588308633545, 18.71118187904358]"
F62013,30,35,0.8,"[0.024657952185179965, 21.378847360610962]"
F62013,30,35,0.9,"[0.019255946341218078, 24.055033206939697]"
F62013,30,35,1.0,"[0.10573904558145841, 26.83655858039856]"
F62013,30,36,0.01,"[3883.881130768472, 0.2748711109161377]"
F62013,30,36,0.1,"[67.66795881912981, 2.7100491523742676]"
F62013,30,36,0.2,"[0.03883140268101215, 5.3881871700286865]"
F62013,30,36,0.3,"[0.14909778363914938, 8.142998456954956]"
F62013,30,36,0.4,"[0.10141232881414908, 10.875580072402954]"
F62013,30,36,0.5,"[0.039284909127445644, 13.64281415939331]"
F62013,30,36,0.6,"[0.031886159546616, 16.420763731002808]"
F62013,30,36,0.7,"[0.001617846131580336, 19.162709951400757]"
F62013,30,36,0.8,"[0.014974274668702492, 21.895318508148193]"
F62013,30,36,0.9,"[0.05287039295399154, 24.624452590942383]"
F62013,30,36,1.0,"[0.012172978579428673, 27.354822158813477]"
F62013,30,37,0.01,"[4271.306246399687, 0.2758798599243164]"
F62013,30,37,0.1,"[15.737487160065825, 2.703209638595581]"
F62013,30,37,0.2,"[0.02259765787653123, 5.421304225921631]"
F62013,30,37,0.3,"[0.01713694384318387, 8.200740575790405]"
F62013,30,37,0.4,"[0.13348738578974917, 10.938003778457642]"
F62013,30,37,0.5,"[0.026363605204551277, 13.73361587524414]"
F62013,30,37,0.6,"[0.028048429614841552, 16.525978326797485]"
F62013,30,37,0.7,"[0.016183734512424053, 19.29547619819641]"
F62013,30,37,0.8,"[0.011445888150547034, 22.070220708847046]"
F62013,30,37,0.9,"[0.009183098959510971, 24.8330979347229]"
F62013,30,37,1.0,"[0.020286869742562885, 27.572604417800903]"
F62013,30,38,0.01,"[2461.2846405096393, 0.2705087661743164]"
F62013,30,38,0.1,"[91.86046465528182, 2.6891465187072754]"
F62013,30,38,0.2,"[4.09769481006208, 5.360113620758057]"
F62013,30,38,0.3,"[4.0469073739253645, 8.092603206634521]"
F62013,30,38,0.4,"[4.001304817206346, 10.809193849563599]"
F62013,30,38,0.5,"[4.043579922995264, 13.588529348373413]"
F62013,30,38,0.6,"[4.107398949979483, 16.35073709487915]"
F62013,30,38,0.7,"[4.01392294948846, 19.14400339126587]"
F62013,30,38,0.8,"[4.013059240523148, 21.98147463798523]"
F62013,30,38,0.9,"[3.989377042303431, 24.77212643623352]"
F62013,30,38,1.0,"[4.053038214146227, 27.57495379447937]"
F62013,30,39,0.01,"[4362.987643121067, 0.27465081214904785]"
F62013,30,39,0.1,"[16.003658327751282, 2.704993724822998]"
F62013,30,39,0.2,"[0.018758371020680897, 5.378156423568726]"
F62013,30,39,0.3,"[0.05932154374784204, 8.187485218048096]"
F62013,30,39,0.4,"[0.023969975780573805, 10.923659801483154]"
F62013,30,39,0.5,"[0.04602802400700057, 13.753807306289673]"
F62013,30,39,0.6,"[0.01587280929084045, 16.570765495300293]"
F62013,30,39,0.7,"[0.012666917652154552, 19.36206364631653]"
F62013,30,39,0.8,"[0.02003112559566489, 22.14726424217224]"
F62013,30,39,0.9,"[0.010734363741903508, 24.904382705688477]"
F62013,30,39,1.0,"[0.031582838886947684, 27.701746940612793]"
F62013,30,40,0.01,"[2865.5527587962565, 0.28058385848999023]"
F62013,30,40,0.1,"[43.15093383959663, 2.739657163619995]"
F62013,30,40,0.2,"[0.03786710222425427, 5.478238344192505]"
F62013,30,40,0.3,"[0.011372314332902533, 8.301455736160278]"
F62013,30,40,0.4,"[0.03844642372780527, 11.103742599487305]"
F62013,30,40,0.5,"[0.00549607775747063, 13.903989553451538]"
F62013,30,40,0.6,"[0.002916085082574682, 16.609623432159424]"
F62013,30,40,0.7,"[0.0809141000861473, 19.340893030166626]"
F62013,30,40,0.8,"[0.03808663886400154, 22.074968338012695]"
F62013,30,40,0.9,"[0.044516741287679906, 24.80719304084778]"
F62013,30,40,1.0,"[0.043349450818027435, 27.553478956222534]"
F62013,30,41,0.01,"[4158.704171581336, 0.27663731575012207]"
F62013,30,41,0.1,"[16.360620683575235, 2.7141101360321045]"
F62013,30,41,0.2,"[0.014437651852063027, 5.397679567337036]"
F62013,30,41,0.3,"[0.022072289990319405, 8.13854694366455]"
F62013,30,41,0.4,"[0.028223174106983606, 10.854768514633179]"
F62013,30,41,0.5,"[0.015690866490672306, 13.56833028793335]"
F62013,30,41,0.6,"[0.016163591141662437, 16.372573614120483]"
F62013,30,41,0.7,"[0.01445729586203015, 19.21323013305664]"
F62013,30,41,0.8,"[0.010250142194990985, 22.03661012649536]"
F62013,30,41,0.9,"[0.00735679173749304, 24.858813285827637]"
F62013,30,41,1.0,"[0.010348528733743478, 27.699108123779297]"
F62013,30,42,0.01,"[3307.8761034882937, 0.2738001346588135]"
F62013,30,42,0.1,"[27.37244431501631, 2.6957571506500244]"
F62013,30,42,0.2,"[26.467601632346828, 5.356475114822388]"
F62013,30,42,0.3,"[26.442162869964477, 8.075741052627563]"
F62013,30,42,0.4,"[26.449619336408205, 10.80269455909729]"
F62013,30,42,0.5,"[26.45102595788785, 13.556643724441528]"
F62013,30,42,0.6,"[26.407609223786835, 16.304009675979614]"
F62013,30,42,0.7,"[26.41624491609616, 19.041049003601074]"
F62013,30,42,0.8,"[26.40771340776962, 21.793368577957153]"
F62013,30,42,0.9,"[26.49197305716291, 24.555920124053955]"
F62013,30,42,1.0,"[26.412716732789818, 27.332272052764893]"
F62013,30,43,0.01,"[7447.509108856361, 0.2769174575805664]"
F62013,30,43,0.1,"[73.86943173620773, 2.7398681640625]"
F62013,30,43,0.2,"[0.026349285281185075, 5.483956575393677]"
F62013,30,43,0.3,"[0.028356992361864286, 8.246565580368042]"
F62013,30,43,0.4,"[0.010121354923967374, 11.014634847640991]"
F62013,30,43,0.5,"[0.05106290605999675, 13.753037452697754]"
F62013,30,43,0.6,"[0.05114693181531038, 16.51459312438965]"
F62013,30,43,0.7,"[0.011724157127787294, 19.213939428329468]"
F62013,30,43,0.8,"[0.02431149305721192, 21.935731410980225]"
F62013,30,43,0.9,"[0.12284931980002511, 24.695484399795532]"
F62013,30,43,1.0,"[0.02843214251754489, 27.437175035476685]"
F62013,30,44,0.01,"[4833.747798594643, 0.280468225479126]"
F62013,30,44,0.1,"[79.21691954821222, 2.7082316875457764]"
F62013,30,44,0.2,"[0.0443597681518213, 5.385378122329712]"
F62013,30,44,0.3,"[0.010384973665281905, 8.11922550201416]"
F62013,30,44,0.4,"[0.02928727929827346, 10.839539051055908]"
F62013,30,44,0.5,"[0.0007161055368669622, 13.603225708007812]"
F62013,30,44,0.6,"[0.038937076205343146, 16.396944999694824]"
F62013,30,44,0.7,"[0.008632081557607307, 19.150598526000977]"
F62013,30,44,0.8,"[0.038663324410663336, 21.938891172409058]"
F62013,30,44,0.9,"[0.020397481115082883, 24.71076989173889]"
F62013,30,44,1.0,"[0.017875593720759753, 27.478559970855713]"
F62013,30,45,0.01,"[5275.854634647653, 0.2625279426574707]"
F62013,30,45,0.1,"[76.50228329267247, 2.6697051525115967]"
F62013,30,45,0.2,"[26.408436729703226, 5.3182151317596436]"
F62013,30,45,0.3,"[26.418572881059163, 7.999090909957886]"
F62013,30,45,0.4,"[26.412610134136685, 10.67555284500122]"
F62013,30,45,0.5,"[26.443584579696676, 13.340263605117798]"
F62013,30,45,0.6,"[26.47682736831655, 15.942634105682373]"
F62013,30,45,0.7,"[26.40910039579228, 18.537824869155884]"
F62013,30,45,0.8,"[26.408008780296655, 21.127489805221558]"
F62013,30,45,0.9,"[26.408859022261822, 23.731903791427612]"
F62013,30,45,1.0,"[26.419047177340076, 26.333212852478027]"
F62013,30,46,0.01,"[5046.842612788923, 0.2801480293273926]"
F62013,30,46,0.1,"[87.11736475239502, 2.6620771884918213]"
F62013,30,46,0.2,"[0.02759827836439399, 5.323576927185059]"
F62013,30,46,0.3,"[0.11128047374540984, 7.966472625732422]"
F62013,30,46,0.4,"[0.03207335127342503, 10.623170375823975]"
F62013,30,46,0.5,"[0.007077295416706875, 13.269526481628418]"
F62013,30,46,0.6,"[0.05692856641212529, 15.885665655136108]"
F62013,30,46,0.7,"[0.017313837734718618, 18.478378534317017]"
F62013,30,46,0.8,"[0.005281528784735201, 21.068684339523315]"
F62013,30,46,0.9,"[0.013230219438014501, 23.7250714302063]"
F62013,30,46,1.0,"[0.0048362365805587615, 26.317352294921875]"
F62013,30,47,0.01,"[3740.998474513938, 0.29882335662841797]"
F62013,30,47,0.1,"[68.2560996401146, 2.79740571975708]"
F62013,30,47,0.2,"[0.045715326528807054, 5.454122066497803]"
F62013,30,47,0.3,"[0.02485163132780599, 8.185597658157349]"
F62013,30,47,0.4,"[0.01454170706210789, 10.949383020401001]"
F62013,30,47,0.5,"[0.05428328841310304, 13.743191719055176]"
F62013,30,47,0.6,"[0.01412025782371984, 16.47152876853943]"
F62013,30,47,0.7,"[0.1412741967897091, 19.167689561843872]"
F62013,30,47,0.8,"[0.01751685980389084, 21.876306533813477]"
F62013,30,47,0.9,"[0.015709914155081606, 24.61143660545349]"
F62013,30,47,1.0,"[0.0327321773335143, 27.346763849258423]"
F62013,30,48,0.01,"[2886.632300220676, 0.260922908782959]"
F62013,30,48,0.1,"[5.051250412656373, 2.5917530059814453]"
F62013,30,48,0.2,"[4.026308550915132, 5.178747177124023]"
F62013,30,48,0.3,"[3.9913030964213476, 7.762087821960449]"
F62013,30,48,0.4,"[4.023333378232337, 10.344940185546875]"
F62013,30,48,0.5,"[4.008929216745628, 12.930000305175781]"
F62013,30,48,0.6,"[4.033860427992522, 15.516956090927124]"
F62013,30,48,0.7,"[4.012102933795973, 18.11185574531555]"
F62013,30,48,0.8,"[4.071552507711317, 20.704172134399414]"
F62013,30,48,0.9,"[4.058697476205111, 23.300130605697632]"
F62013,30,48,1.0,"[4.0700104695205255, 25.89362406730652]"
F62013,30,49,0.01,"[2722.638419334304, 0.2638053894042969]"
F62013,30,49,0.1,"[16.382187930485998, 2.620408058166504]"
F62013,30,49,0.2,"[0.05241691168396301, 5.234127044677734]"
F62013,30,49,0.3,"[0.012476884321813486, 7.8403613567352295]"
F62013,30,49,0.4,"[0.011343225069708751, 10.446759700775146]"
F62013,30,49,0.5,"[0.015120207530458174, 13.058992147445679]"
F62013,30,49,0.6,"[0.02279361659532242, 15.667847394943237]"
F62013,30,49,0.7,"[0.01586693932677008, 18.282528162002563]"
F62013,30,49,0.8,"[0.004985930598422783, 20.893190145492554]"
F62013,30,49,0.9,"[0.09327159653071249, 23.507002115249634]"
F62013,30,49,1.0,"[0.0050305549190170495, 26.115249633789062]"
F62013,30,50,0.01,"[6705.335079972974, 0.26390624046325684]"
F62013,30,50,0.1,"[72.24954932071455, 2.651685953140259]"
F62013,30,50,0.2,"[0.008232837133959947, 5.286390066146851]"
F62013,30,50,0.3,"[0.044185142901369545, 7.889998435974121]"
F62013,30,50,0.4,"[0.0482021067068672, 10.491264820098877]"
F62013,30,50,0.5,"[0.01958024934720015, 13.097277402877808]"
F62013,30,50,0.6,"[0.003818554045324163, 15.704530954360962]"
F62013,30,50,0.7,"[0.0769153531067559, 18.31692123413086]"
F62013,30,50,0.8,"[0.04661008107427733, 20.92580556869507]"
F62013,30,50,0.9,"[0.015103626958534733, 23.538028240203857]"
F62013,30,50,1.0,"[0.013375041941230847, 26.146257638931274]"
F62013,50,0,0.01,"[2266.71920622832, 0.8225677013397217]"
F62013,50,0,0.1,"[88.81437693932594, 7.242269277572632]"
F62013,50,0,0.2,"[0.03456351511044886, 14.468281507492065]"
F62013,50,0,0.3,"[0.05815301667564654, 21.602980136871338]"
F62013,50,0,0.4,"[0.059513680297072824, 28.734508752822876]"
F62013,50,0,0.5,"[0.08196897066295605, 35.853705644607544]"
F62013,50,0,0.6,"[0.024785709218804186, 42.97804594039917]"
F62013,50,0,0.7,"[0.0603339647351504, 50.11369824409485]"
F62013,50,0,0.8,"[0.06411586285400972, 57.2599458694458]"
F62013,50,0,0.9,"[0.009678358032147116, 64.41364192962646]"
F62013,50,0,1.0,"[0.006070243073509118, 71.56714344024658]"
F62013,50,1,0.01,"[5257.009720287352, 0.6768088340759277]"
F62013,50,1,0.1,"[43.96112355555522, 6.698752164840698]"
F62013,50,1,0.2,"[43.45172104145013, 13.421445608139038]"
F62013,50,1,0.3,"[43.450626918696685, 20.1181960105896]"
F62013,50,1,0.4,"[43.45666685493654, 26.813936710357666]"
F62013,50,1,0.5,"[43.45359009015874, 33.5224244594574]"
F62013,50,1,0.6,"[43.49351748931758, 40.242851972579956]"
F62013,50,1,0.7,"[43.468635637735815, 46.955665826797485]"
F62013,50,1,0.8,"[43.5686593293633, 53.68878769874573]"
F62013,50,1,0.9,"[43.528137023027284, 60.41556787490845]"
F62013,50,1,1.0,"[43.44750205004823, 67.1297779083252]"
F62013,50,2,0.01,"[1842.729275347008, 0.6933293342590332]"
F62013,50,2,0.1,"[94.48810535583243, 6.872607469558716]"
F62013,50,2,0.2,"[0.11720540640942545, 13.763813972473145]"
F62013,50,2,0.3,"[0.030472674680595446, 20.59443950653076]"
F62013,50,2,0.4,"[0.03471455812211843, 27.432152032852173]"
F62013,50,2,0.5,"[0.02181945796121454, 34.30742955207825]"
F62013,50,2,0.6,"[0.14907750681607013, 41.19608807563782]"
F62013,50,2,0.7,"[0.00788046623711125, 48.03433680534363]"
F62013,50,2,0.8,"[0.026691772283584214, 54.8926727771759]"
F62013,50,2,0.9,"[0.07525180821858157, 61.744553089141846]"
F62013,50,2,1.0,"[0.025388820667330947, 68.47791075706482]"
F62013,50,3,0.01,"[4558.429137753824, 0.6966557502746582]"
F62013,50,3,0.1,"[93.9634640131934, 6.900753021240234]"
F62013,50,3,0.2,"[81.83960739065685, 13.814821243286133]"
F62013,50,3,0.3,"[81.89501207152227, 20.6746346950531]"
F62013,50,3,0.4,"[81.83802049505573, 27.53484869003296]"
F62013,50,3,0.5,"[82.10412690815565, 34.42806625366211]"
F62013,50,3,0.6,"[81.91611491307867, 41.332813024520874]"
F62013,50,3,0.7,"[81.87555304173975, 48.19261693954468]"
F62013,50,3,0.8,"[81.84558411214539, 55.073270320892334]"
F62013,50,3,0.9,"[81.92393026472473, 61.95221972465515]"
F62013,50,3,1.0,"[81.8530552890661, 68.71696066856384]"
F62013,50,4,0.01,"[3029.695612816027, 0.686539888381958]"
F62013,50,4,0.1,"[49.14545464379887, 6.834007978439331]"
F62013,50,4,0.2,"[43.44973302662197, 13.68692660331726]"
F62013,50,4,0.3,"[43.46687942678477, 20.5348379611969]"
F62013,50,4,0.4,"[43.44809440014194, 27.38828706741333]"
F62013,50,4,0.5,"[43.45293597621378, 34.26055121421814]"
F62013,50,4,0.6,"[43.52837084824432, 41.11444163322449]"
F62013,50,4,0.7,"[43.46688354613718, 47.97177076339722]"
F62013,50,4,0.8,"[43.44953166265168, 54.81439733505249]"
F62013,50,4,0.9,"[43.48654433213278, 61.680917739868164]"
F62013,50,4,1.0,"[43.44897354473153, 68.5453736782074]"
F62013,50,5,0.01,"[9354.500256495674, 0.9262263774871826]"
F62013,50,5,0.1,"[49.177328250765754, 7.001399517059326]"
F62013,50,5,0.2,"[49.127328466408926, 13.772940874099731]"
F62013,50,5,0.3,"[49.12795145223913, 20.510117769241333]"
F62013,50,5,0.4,"[49.15167628128427, 27.25899362564087]"
F62013,50,5,0.5,"[49.13051367927119, 34.036566972732544]"
F62013,50,5,0.6,"[49.1298968653482, 40.84009003639221]"
F62013,50,5,0.7,"[49.127351689528155, 47.648744106292725]"
F62013,50,5,0.8,"[49.127553774657486, 54.45728921890259]"
F62013,50,5,0.9,"[49.15073101098005, 61.252275705337524]"
F62013,50,5,1.0,"[49.12742018490246, 68.0459213256836]"
F62013,50,6,0.01,"[5208.532434629064, 0.8231198787689209]"
F62013,50,6,0.1,"[99.97452078261415, 6.996625185012817]"
F62013,50,6,0.2,"[4.0618204485460865, 13.880215644836426]"
F62013,50,6,0.3,"[4.156184601593623, 20.704463481903076]"
F62013,50,6,0.4,"[4.021494545290807, 27.53876781463623]"
F62013,50,6,0.5,"[4.024363873906623, 34.401960372924805]"
F62013,50,6,0.6,"[4.054404959950375, 41.279030323028564]"
F62013,50,6,0.7,"[4.099777964287341, 48.10984683036804]"
F62013,50,6,0.8,"[4.008299509788571, 54.96297574043274]"
F62013,50,6,0.9,"[4.0282318575603995, 61.81821823120117]"
F62013,50,6,1.0,"[4.010183441054778, 68.55703353881836]"
F62013,50,7,0.01,"[2913.9959394359125, 0.6742188930511475]"
F62013,50,7,0.1,"[85.21823080496483, 6.697611331939697]"
F62013,50,7,0.2,"[0.04574937744212093, 13.423326253890991]"
F62013,50,7,0.3,"[0.02222531451013765, 20.120304107666016]"
F62013,50,7,0.4,"[0.2484900967899648, 26.80832290649414]"
F62013,50,7,0.5,"[0.12997352499678527, 33.5317804813385]"
F62013,50,7,0.6,"[0.04355104215983374, 40.27363681793213]"
F62013,50,7,0.7,"[0.04939024074326426, 47.00991940498352]"
F62013,50,7,0.8,"[0.020735850457754168, 53.7673819065094]"
F62013,50,7,0.9,"[0.09420334582807754, 60.504234313964844]"
F62013,50,7,1.0,"[0.04840350128654336, 67.22013425827026]"
F62013,50,8,0.01,"[3480.0694287071747, 0.6741561889648438]"
F62013,50,8,0.1,"[43.44991283038553, 6.68649435043335]"
F62013,50,8,0.2,"[43.448487482186465, 13.393893718719482]"
F62013,50,8,0.3,"[43.448902229288365, 20.076828718185425]"
F62013,50,8,0.4,"[43.458597369635186, 26.756988763809204]"
F62013,50,8,0.5,"[43.450138403506116, 33.4666850566864]"
F62013,50,8,0.6,"[43.45486043445703, 40.17771792411804]"
F62013,50,8,0.7,"[43.50052275755388, 46.87591767311096]"
F62013,50,8,0.8,"[43.46073049663619, 53.59512495994568]"
F62013,50,8,0.9,"[43.62337711161388, 60.31131052970886]"
F62013,50,8,1.0,"[43.54964127848905, 67.00991654396057]"
F62013,50,9,0.01,"[1750.9170102060173, 0.7517685890197754]"
F62013,50,9,0.1,"[49.30406851138616, 6.887789249420166]"
F62013,50,9,0.2,"[49.130762943085415, 13.733494758605957]"
F62013,50,9,0.3,"[49.128095512998925, 20.514079093933105]"
F62013,50,9,0.4,"[49.13810522032725, 27.310160398483276]"
F62013,50,9,0.5,"[49.12925454083211, 34.125916481018066]"
F62013,50,9,0.6,"[49.13252766259177, 40.96221566200256]"
F62013,50,9,0.7,"[49.13046606206626, 47.7582368850708]"
F62013,50,9,0.8,"[49.127373908852974, 54.57476806640625]"
F62013,50,9,0.9,"[49.13554325926168, 61.389323711395264]"
F62013,50,9,1.0,"[49.12757725543486, 68.08954620361328]"
F62013,50,10,0.01,"[3979.5124401182497, 0.7478034496307373]"
F62013,50,10,0.1,"[97.64823015969648, 6.887963771820068]"
F62013,50,10,0.2,"[4.042517413009136, 13.760770559310913]"
F62013,50,10,0.3,"[4.0946347481260545, 20.56358504295349]"
F62013,50,10,0.4,"[4.0387636496230925, 27.380321741104126]"
F62013,50,10,0.5,"[4.02935683445628, 34.21857166290283]"
F62013,50,10,0.6,"[4.020800095617233, 41.06664156913757]"
F62013,50,10,0.7,"[4.056345092044012, 47.870378494262695]"
F62013,50,10,0.8,"[4.0168989975190925, 54.69846963882446]"
F62013,50,10,0.9,"[4.101068151601567, 61.528258323669434]"
F62013,50,10,1.0,"[4.043674276118509, 68.25992155075073]"
F62013,50,11,0.01,"[2141.7486951818387, 0.6866145133972168]"
F62013,50,11,0.1,"[44.66283345783188, 6.807742357254028]"
F62013,50,11,0.2,"[43.45021380695755, 13.639188528060913]"
F62013,50,11,0.3,"[43.50292221288089, 20.443007230758667]"
F62013,50,11,0.4,"[43.523691686027405, 27.233542919158936]"
F62013,50,11,0.5,"[43.46805083506001, 34.05389881134033]"
F62013,50,11,0.6,"[43.456110708212236, 40.85369682312012]"
F62013,50,11,0.7,"[43.46514218333789, 47.633461475372314]"
F62013,50,11,0.8,"[43.71825925705639, 54.448846101760864]"
F62013,50,11,0.9,"[43.47069924781135, 61.21905755996704]"
F62013,50,11,1.0,"[43.60065781426613, 67.97294044494629]"
F62013,50,12,0.01,"[4357.683925695041, 0.6850159168243408]"
F62013,50,12,0.1,"[47.402251073092316, 6.8030383586883545]"
F62013,50,12,0.2,"[43.468734833760095, 13.632561445236206]"
F62013,50,12,0.3,"[43.447395146968915, 20.435909271240234]"
F62013,50,12,0.4,"[43.52539265044447, 27.2290620803833]"
F62013,50,12,0.5,"[43.46391168776097, 34.05539917945862]"
F62013,50,12,0.6,"[43.84602083439654, 40.85732984542847]"
F62013,50,12,0.7,"[43.449213871917664, 47.63732600212097]"
F62013,50,12,0.8,"[43.46053572217738, 54.44820547103882]"
F62013,50,12,0.9,"[43.483993611770984, 61.21691298484802]"
F62013,50,12,1.0,"[43.49519251350034, 67.97322511672974]"
F62013,50,13,0.01,"[3536.5407205209517, 0.6983888149261475]"
F62013,50,13,0.1,"[44.98752169244301, 6.812743902206421]"
F62013,50,13,0.2,"[43.451012316620336, 13.629737615585327]"
F62013,50,13,0.3,"[43.562934850244915, 20.388855695724487]"
F62013,50,13,0.4,"[43.45219585843813, 27.166118144989014]"
F62013,50,13,0.5,"[43.50269229946571, 33.97613310813904]"
F62013,50,13,0.6,"[43.482516832245324, 40.80179023742676]"
F62013,50,13,0.7,"[43.44803960771742, 47.59390735626221]"
F62013,50,13,0.8,"[43.472130731444736, 54.39930844306946]"
F62013,50,13,0.9,"[43.54819468927644, 61.197922706604004]"
F62013,50,13,1.0,"[43.45467331428813, 67.89873194694519]"
F62013,50,14,0.01,"[10347.454523293076, 0.6879334449768066]"
F62013,50,14,0.1,"[49.92408254997008, 6.813731908798218]"
F62013,50,14,0.2,"[49.13180996027381, 13.652470350265503]"
F62013,50,14,0.3,"[49.127617424550635, 20.480287790298462]"
F62013,50,14,0.4,"[49.19998535014861, 27.3038592338562]"
F62013,50,14,0.5,"[49.128438984968625, 34.11394476890564]"
F62013,50,14,0.6,"[49.133633568083496, 40.92197799682617]"
F62013,50,14,0.7,"[49.128387781874494, 47.741153717041016]"
F62013,50,14,0.8,"[49.19281130190279, 54.57782340049744]"
F62013,50,14,0.9,"[49.14792357906538, 61.427361726760864]"
F62013,50,14,1.0,"[49.13897041555447, 68.2668604850769]"
F62013,50,15,0.01,"[4865.783576910579, 0.6888346672058105]"
F62013,50,15,0.1,"[43.49969341764461, 6.793382406234741]"
F62013,50,15,0.2,"[43.50907344599432, 13.623279094696045]"
F62013,50,15,0.3,"[43.60216047481913, 20.415521144866943]"
F62013,50,15,0.4,"[43.45483210089094, 27.199451208114624]"
F62013,50,15,0.5,"[43.45223580807101, 34.02149319648743]"
F62013,50,15,0.6,"[43.519099328322454, 40.81799268722534]"
F62013,50,15,0.7,"[43.47325947513616, 47.593459606170654]"
F62013,50,15,0.8,"[43.47611621249325, 54.40121030807495]"
F62013,50,15,0.9,"[43.46795773926533, 61.16301989555359]"
F62013,50,15,1.0,"[43.46219159156976, 67.89960026741028]"
F62013,50,16,0.01,"[2260.753976500198, 0.6980867385864258]"
F62013,50,16,0.1,"[91.38937299065117, 6.669932126998901]"
F62013,50,16,0.2,"[81.84239108386146, 13.341444730758667]"
F62013,50,16,0.3,"[81.84554937324742, 19.97806692123413]"
F62013,50,16,0.4,"[81.83816630486547, 26.61873459815979]"
F62013,50,16,0.5,"[81.84627303912464, 33.2857780456543]"
F62013,50,16,0.6,"[81.89216027627788, 39.954997062683105]"
F62013,50,16,0.7,"[81.85296589948825, 46.626394271850586]"
F62013,50,16,0.8,"[81.86230870103941, 53.32616424560547]"
F62013,50,16,0.9,"[81.84817868704124, 60.00660800933838]"
F62013,50,16,1.0,"[81.84638752440162, 66.6712691783905]"
F62013,50,17,0.01,"[3622.6684519824967, 0.77243971824646]"
F62013,50,17,0.1,"[92.09499053896116, 6.870647192001343]"
F62013,50,17,0.2,"[4.061660477936243, 13.70228123664856]"
F62013,50,17,0.3,"[4.073440434874328, 20.516338109970093]"
F62013,50,17,0.4,"[4.011005584880081, 27.3252010345459]"
F62013,50,17,0.5,"[4.0297485196539355, 34.120893716812134]"
F62013,50,17,0.6,"[4.076259691263999, 40.9150333404541]"
F62013,50,17,0.7,"[4.068256068439723, 47.73096179962158]"
F62013,50,17,0.8,"[4.057665320079764, 54.54904580116272]"
F62013,50,17,0.9,"[4.005032904891095, 61.38202786445618]"
F62013,50,17,1.0,"[4.031254979217238, 68.225581407547]"
F62013,50,18,0.01,"[1974.9517703364963, 0.9072904586791992]"
F62013,50,18,0.1,"[29.89857795117723, 7.015723705291748]"
F62013,50,18,0.2,"[0.03618450559656594, 13.838899374008179]"
F62013,50,18,0.3,"[0.06852877144478953, 20.650277853012085]"
F62013,50,18,0.4,"[0.041980447071864546, 27.476327896118164]"
F62013,50,18,0.5,"[0.1994287100856127, 34.286051511764526]"
F62013,50,18,0.6,"[0.05911939817212897, 41.08144021034241]"
F62013,50,18,0.7,"[0.055833335489069214, 47.89100980758667]"
F62013,50,18,0.8,"[0.06317969044937399, 54.71781039237976]"
F62013,50,18,0.9,"[0.02986536659284411, 61.561556816101074]"
F62013,50,18,1.0,"[0.03315534290550204, 68.38897752761841]"
F62013,50,19,0.01,"[3124.369049688441, 0.7651059627532959]"
F62013,50,19,0.1,"[29.234558099423452, 6.859809637069702]"
F62013,50,19,0.2,"[0.12906364747072985, 13.65245246887207]"
F62013,50,19,0.3,"[0.05151484084922231, 20.419374704360962]"
F62013,50,19,0.4,"[0.02715272280966019, 27.180176258087158]"
F62013,50,19,0.5,"[0.04022256535017732, 33.971086502075195]"
F62013,50,19,0.6,"[0.014569114590585741, 40.78538250923157]"
F62013,50,19,0.7,"[0.09350533253518734, 47.610068559646606]"
F62013,50,19,0.8,"[0.13103387043702241, 54.42948770523071]"
F62013,50,19,0.9,"[0.024131249318656955, 61.24000811576843]"
F62013,50,19,1.0,"[0.10857770022994373, 68.05180191993713]"
F62013,50,20,0.01,"[2517.6561858636846, 0.6744563579559326]"
F62013,50,20,0.1,"[49.160657890658854, 6.678935527801514]"
F62013,50,20,0.2,"[49.13096715547499, 13.360678672790527]"
F62013,50,20,0.3,"[49.1607011289459, 20.018303394317627]"
F62013,50,20,0.4,"[49.128264476210234, 26.68707513809204]"
F62013,50,20,0.5,"[49.20962924518369, 33.364235401153564]"
F62013,50,20,0.6,"[49.15611292621975, 40.08055305480957]"
F62013,50,20,0.7,"[49.12735283289908, 46.79405951499939]"
F62013,50,20,0.8,"[49.15341680167171, 53.51348257064819]"
F62013,50,20,0.9,"[49.12744641573397, 60.23940467834473]"
F62013,50,20,1.0,"[49.36294101137139, 66.97370839118958]"
F62013,50,21,0.01,"[4250.672048423112, 0.753089427947998]"
F62013,50,21,0.1,"[102.12960190058095, 6.881711721420288]"
F62013,50,21,0.2,"[4.067902313180298, 13.71886157989502]"
F62013,50,21,0.3,"[4.01156110696661, 20.52897834777832]"
F62013,50,21,0.4,"[4.02261268184543, 27.33980441093445]"
F62013,50,21,0.5,"[4.063671847149294, 34.13675379753113]"
F62013,50,21,0.6,"[4.009467165898172, 40.95726776123047]"
F62013,50,21,0.7,"[4.032330785658701, 47.808849573135376]"
F62013,50,21,0.8,"[4.013479442345101, 54.65660738945007]"
F62013,50,21,0.9,"[4.033050703641038, 61.524765968322754]"
F62013,50,21,1.0,"[4.02373643590056, 68.38650465011597]"
F62013,50,22,0.01,"[3026.6197651368034, 0.7944619655609131]"
F62013,50,22,0.1,"[43.447376743323844, 6.852558374404907]"
F62013,50,22,0.2,"[43.45617218015434, 13.595299005508423]"
F62013,50,22,0.3,"[43.456923113546395, 20.335107564926147]"
F62013,50,22,0.4,"[43.462006431309305, 27.106698036193848]"
F62013,50,22,0.5,"[43.47164518600346, 33.90166687965393]"
F62013,50,22,0.6,"[43.48775439908036, 40.68420648574829]"
F62013,50,22,0.7,"[43.50962973636388, 47.49255967140198]"
F62013,50,22,0.8,"[43.45143850881118, 54.26119518280029]"
F62013,50,22,0.9,"[43.48219027961761, 61.06237602233887]"
F62013,50,22,1.0,"[43.51244261350166, 67.866135597229]"
F62013,50,23,0.01,"[4137.1156805296305, 0.6816186904907227]"
F62013,50,23,0.1,"[93.97528185273086, 6.705995321273804]"
F62013,50,23,0.2,"[0.08947181973053375, 13.43760061264038]"
F62013,50,23,0.3,"[0.05006814295484219, 20.13912558555603]"
F62013,50,23,0.4,"[0.05773216640716328, 26.838621377944946]"
F62013,50,23,0.5,"[0.08387108160115986, 33.566935300827026]"
F62013,50,23,0.6,"[0.05081720194243644, 40.2974956035614]"
F62013,50,23,0.7,"[0.0219234976042344, 47.01744556427002]"
F62013,50,23,0.8,"[0.0575414154078544, 53.75670790672302]"
F62013,50,23,0.9,"[0.043483830458171724, 60.48549556732178]"
F62013,50,23,1.0,"[0.06952659532294092, 67.19672513008118]"
F62013,50,24,0.01,"[4054.6149736418265, 0.6783380508422852]"
F62013,50,24,0.1,"[97.54485033357196, 6.7147536277771]"
F62013,50,24,0.2,"[0.007975163039191102, 13.468148231506348]"
F62013,50,24,0.3,"[0.06399006424840081, 20.195451974868774]"
F62013,50,24,0.4,"[0.06318642563371668, 26.91818618774414]"
F62013,50,24,0.5,"[0.08394379701792332, 33.67680287361145]"
F62013,50,24,0.6,"[0.049773727264778245, 40.43389081954956]"
F62013,50,24,0.7,"[0.07788608572025169, 47.17386865615845]"
F62013,50,24,0.8,"[0.02374328138648707, 53.93821430206299]"
F62013,50,24,0.9,"[0.10490138111754277, 60.69115328788757]"
F62013,50,24,1.0,"[0.007118698705880888, 67.43079328536987]"
F62013,50,25,0.01,"[5470.131794582943, 0.7199122905731201]"
F62013,50,25,0.1,"[46.346352906741345, 6.890893936157227]"
F62013,50,25,0.2,"[43.48420636043977, 13.78262996673584]"
F62013,50,25,0.3,"[43.44889560007016, 20.661757469177246]"
F62013,50,25,0.4,"[43.77002705068867, 27.529754877090454]"
F62013,50,25,0.5,"[43.44846397710478, 34.38237476348877]"
F62013,50,25,0.6,"[43.46112005140992, 41.22794222831726]"
F62013,50,25,0.7,"[43.622529633527165, 48.08798551559448]"
F62013,50,25,0.8,"[43.45338837299187, 54.954999923706055]"
F62013,50,25,0.9,"[43.50892664040282, 61.83908772468567]"
F62013,50,25,1.0,"[43.453827160212995, 68.72222375869751]"
F62013,50,26,0.01,"[2180.4304443675046, 0.6831867694854736]"
F62013,50,26,0.1,"[95.85537411939981, 6.784450531005859]"
F62013,50,26,0.2,"[0.06706834307499321, 13.592814445495605]"
F62013,50,26,0.3,"[0.12370803016563059, 20.383033752441406]"
F62013,50,26,0.4,"[0.05484987442207512, 27.1637921333313]"
F62013,50,26,0.5,"[0.1912658030377088, 33.97590517997742]"
F62013,50,26,0.6,"[0.13594618892659582, 40.79546236991882]"
F62013,50,26,0.7,"[0.071217747998503, 47.60620713233948]"
F62013,50,26,0.8,"[0.007952262839012292, 54.44073271751404]"
F62013,50,26,0.9,"[0.018530471583403596, 61.258702754974365]"
F62013,50,26,1.0,"[0.08079304722525649, 68.0578544139862]"
F62013,50,27,0.01,"[1520.5796844346594, 0.6970183849334717]"
F62013,50,27,0.1,"[93.83469859263846, 6.765397548675537]"
F62013,50,27,0.2,"[81.85563790964875, 13.53852391242981]"
F62013,50,27,0.3,"[81.8411081130721, 20.28318977355957]"
F62013,50,27,0.4,"[81.83825171694696, 27.018721342086792]"
F62013,50,27,0.5,"[81.8434931931289, 33.78769826889038]"
F62013,50,27,0.6,"[81.85192958392497, 40.563762187957764]"
F62013,50,27,0.7,"[81.88205274710879, 47.34273433685303]"
F62013,50,27,0.8,"[81.84173870608095, 54.137030601501465]"
F62013,50,27,0.9,"[81.86666958637409, 60.908918142318726]"
F62013,50,27,1.0,"[81.8639838279397, 67.65516805648804]"
F62013,50,28,0.01,"[3376.004051670725, 0.6888346672058105]"
F62013,50,28,0.1,"[30.10474808560707, 6.845371723175049]"
F62013,50,28,0.2,"[0.09284186504896752, 13.717612028121948]"
F62013,50,28,0.3,"[0.0606627883270221, 20.56499671936035]"
F62013,50,28,0.4,"[0.10546078303468676, 27.396223068237305]"
F62013,50,28,0.5,"[0.05324157761026527, 34.26751112937927]"
F62013,50,28,0.6,"[0.08451791458355729, 41.117969036102295]"
F62013,50,28,0.7,"[0.05888066759371213, 47.942551374435425]"
F62013,50,28,0.8,"[0.01769101542424778, 54.79691529273987]"
F62013,50,28,0.9,"[0.04385151925669106, 61.5993173122406]"
F62013,50,28,1.0,"[0.0480196384021383, 68.37827515602112]"
F62013,50,29,0.01,"[4396.512394751133, 0.6791141033172607]"
F62013,50,29,0.1,"[103.57731262115158, 6.721290826797485]"
F62013,50,29,0.2,"[0.04854953715459942, 13.452254295349121]"
F62013,50,29,0.3,"[0.13817802844801008, 20.18341851234436]"
F62013,50,29,0.4,"[0.04910315447989433, 26.91329312324524]"
F62013,50,29,0.5,"[0.06627893596180456, 33.66050672531128]"
F62013,50,29,0.6,"[0.06736589707224994, 40.39635515213013]"
F62013,50,29,0.7,"[0.015405145790282404, 47.124412059783936]"
F62013,50,29,0.8,"[0.02373554746429818, 53.87895917892456]"
F62013,50,29,0.9,"[0.019389664715845356, 60.6145966053009]"
F62013,50,29,1.0,"[0.07013018804570947, 67.28988814353943]"
F62013,50,30,0.01,"[2168.460796308026, 0.6788849830627441]"
F62013,50,30,0.1,"[96.72794226199153, 6.736072301864624]"
F62013,50,30,0.2,"[43.635491079119106, 13.508082866668701]"
F62013,50,30,0.3,"[43.462849626129696, 20.266618967056274]"
F62013,50,30,0.4,"[43.44878570486469, 27.04515838623047]"
F62013,50,30,0.5,"[43.498570221612226, 33.82258987426758]"
F62013,50,30,0.6,"[43.4482955942658, 40.596269607543945]"
F62013,50,30,0.7,"[43.4641376155821, 47.34930658340454]"
F62013,50,30,0.8,"[43.453130849538184, 54.10933327674866]"
F62013,50,30,0.9,"[43.44743134421776, 60.9042694568634]"
F62013,50,30,1.0,"[43.50044572033278, 67.65709280967712]"
F62013,50,31,0.01,"[1021.490060029812, 0.6927626132965088]"
F62013,50,31,0.1,"[49.13117845463944, 6.867587566375732]"
F62013,50,31,0.2,"[49.12961770048173, 13.764218091964722]"
F62013,50,31,0.3,"[49.127423028654334, 20.6480073928833]"
F62013,50,31,0.4,"[49.14142000130198, 27.525193452835083]"
F62013,50,31,0.5,"[49.13255287286245, 34.39820098876953]"
F62013,50,31,0.6,"[49.13399269067827, 41.26987814903259]"
F62013,50,31,0.7,"[49.1762932111526, 48.15401840209961]"
F62013,50,31,0.8,"[49.12941458853584, 55.04669523239136]"
F62013,50,31,0.9,"[49.12730216208752, 61.95422720909119]"
F62013,50,31,1.0,"[49.45433950922427, 68.85415291786194]"
F62013,50,32,0.01,"[3802.0967634418384, 0.6757559776306152]"
F62013,50,32,0.1,"[43.447346553615944, 6.7129905223846436]"
F62013,50,32,0.2,"[43.44799886034389, 13.446923732757568]"
F62013,50,32,0.3,"[43.45438166808867, 20.156811714172363]"
F62013,50,32,0.4,"[43.46920298679288, 26.866108655929565]"
F62013,50,32,0.5,"[43.44787374514124, 33.61645221710205]"
F62013,50,32,0.6,"[43.48764901757011, 40.35122847557068]"
F62013,50,32,0.7,"[43.44801827784045, 47.078983783721924]"
F62013,50,32,0.8,"[43.46223786338135, 53.8260760307312]"
F62013,50,32,0.9,"[43.48398230009252, 60.54602003097534]"
F62013,50,32,1.0,"[43.4804855257604, 67.26496911048889]"
F62013,50,33,0.01,"[2841.674314911115, 0.7021849155426025]"
F62013,50,33,0.1,"[49.11742408979899, 6.745865821838379]"
F62013,50,33,0.2,"[43.47083928224947, 13.490585565567017]"
F62013,50,33,0.3,"[43.447662303531956, 20.207497119903564]"
F62013,50,33,0.4,"[43.44745303225022, 26.92048168182373]"
F62013,50,33,0.5,"[43.45216077374789, 33.662702798843384]"
F62013,50,33,0.6,"[43.80731682948135, 40.41692590713501]"
F62013,50,33,0.7,"[43.447520846382645, 47.16271638870239]"
F62013,50,33,0.8,"[43.44807075195763, 53.92369627952576]"
F62013,50,33,0.9,"[43.49119903913606, 60.659584760665894]"
F62013,50,33,1.0,"[43.44781872812655, 67.38484859466553]"
F62013,50,34,0.01,"[3214.2631123736437, 0.7916154861450195]"
F62013,50,34,0.1,"[45.68003514363488, 6.9395530223846436]"
F62013,50,34,0.2,"[43.64244923955653, 13.793002367019653]"
F62013,50,34,0.3,"[43.657868746609324, 20.621790170669556]"
F62013,50,34,0.4,"[43.4482952345146, 27.447845697402954]"
F62013,50,34,0.5,"[43.49901176014862, 34.30382180213928]"
F62013,50,34,0.6,"[43.45459604283383, 41.18708062171936]"
F62013,50,34,0.7,"[43.637329897858535, 48.077317237854004]"
F62013,50,34,0.8,"[43.45412732693535, 54.966089963912964]"
F62013,50,34,0.9,"[43.54961929154206, 61.83694577217102]"
F62013,50,34,1.0,"[43.45363936284082, 68.71691727638245]"
F62013,50,35,0.01,"[3261.2661018646395, 0.8182930946350098]"
F62013,50,35,0.1,"[92.04083766603901, 6.965034246444702]"
F62013,50,35,0.2,"[4.040725645606585, 13.818764686584473]"
F62013,50,35,0.3,"[4.021448663174738, 20.65189290046692]"
F62013,50,35,0.4,"[4.062033889933559, 27.47018074989319]"
F62013,50,35,0.5,"[4.062375222921105, 34.32838034629822]"
F62013,50,35,0.6,"[3.9943181957420393, 41.215455770492554]"
F62013,50,35,0.7,"[4.039706086901219, 48.10856366157532]"
F62013,50,35,0.8,"[4.028882691875424, 55.0030198097229]"
F62013,50,35,0.9,"[3.997887033138454, 61.876245975494385]"
F62013,50,35,1.0,"[4.052753672517042, 68.75784754753113]"
F62013,50,36,0.01,"[4875.1849240139045, 0.7404451370239258]"
F62013,50,36,0.1,"[43.64689622844526, 6.938604354858398]"
F62013,50,36,0.2,"[43.51249959440315, 13.864680767059326]"
F62013,50,36,0.3,"[43.45002971542374, 20.735624074935913]"
F62013,50,36,0.4,"[43.53398692338192, 27.59707498550415]"
F62013,50,36,0.5,"[43.452009129842395, 34.501015424728394]"
F62013,50,36,0.6,"[43.57863917708187, 41.42243528366089]"
F62013,50,36,0.7,"[43.44918191881334, 48.30343723297119]"
F62013,50,36,0.8,"[43.453102304370304, 55.203906774520874]"
F62013,50,36,0.9,"[43.45039874257054, 62.10416626930237]"
F62013,50,36,1.0,"[43.523063933413255, 68.88548302650452]"
F62013,50,37,0.01,"[2876.240889390056, 0.7635595798492432]"
F62013,50,37,0.1,"[96.1270721354706, 6.94513463973999]"
F62013,50,37,0.2,"[0.051830296776529394, 13.838838815689087]"
F62013,50,37,0.3,"[0.013926204372864959, 20.67623257637024]"
F62013,50,37,0.4,"[0.0827370398601488, 27.519941806793213]"
F62013,50,37,0.5,"[0.01903875684331524, 34.3919095993042]"
F62013,50,37,0.6,"[0.038016395164390815, 41.28052496910095]"
F62013,50,37,0.7,"[0.07097782017228838, 48.12740421295166]"
F62013,50,37,0.8,"[0.06969402963034099, 54.987685680389404]"
F62013,50,37,0.9,"[0.010022709436384503, 61.85161733627319]"
F62013,50,37,1.0,"[0.055855444209441885, 68.6098198890686]"
F62013,50,38,0.01,"[2346.897750004538, 0.6788816452026367]"
F62013,50,38,0.1,"[20.987757386226917, 6.730340242385864]"
F62013,50,38,0.2,"[0.06966135896266223, 13.486181497573853]"
F62013,50,38,0.3,"[0.030615079185167815, 20.217071294784546]"
F62013,50,38,0.4,"[0.07811247010965872, 26.943939447402954]"
F62013,50,38,0.5,"[0.09934208413835677, 33.69950985908508]"
F62013,50,38,0.6,"[0.04617772471885928, 40.474486351013184]"
F62013,50,38,0.7,"[0.04724293867002416, 47.23072290420532]"
F62013,50,38,0.8,"[0.038480376833717855, 54.0082585811615]"
F62013,50,38,0.9,"[0.04320758720359663, 60.777345418930054]"
F62013,50,38,1.0,"[0.03262479685679409, 67.52247190475464]"
F62013,50,39,0.01,"[3371.961652089755, 0.7082200050354004]"
F62013,50,39,0.1,"[100.66872366604753, 6.686797618865967]"
F62013,50,39,0.2,"[4.013703267406413, 13.359688997268677]"
F62013,50,39,0.3,"[4.122492290506443, 20.00078535079956]"
F62013,50,39,0.4,"[4.057510132927291, 26.64448571205139]"
F62013,50,39,0.5,"[4.0253823738866, 33.33335566520691]"
F62013,50,39,0.6,"[4.070626009768489, 40.02150559425354]"
F62013,50,39,0.7,"[4.002727149503244, 46.708773612976074]"
F62013,50,39,0.8,"[4.049844991665736, 53.42410182952881]"
F62013,50,39,0.9,"[4.019399121609922, 60.13050127029419]"
F62013,50,39,1.0,"[4.132082574811534, 66.82957077026367]"
F62013,50,40,0.01,"[8179.389595809887, 0.67226243019104]"
F62013,50,40,0.1,"[101.4004396508692, 6.644410848617554]"
F62013,50,40,0.2,"[0.0979283402391502, 13.314839601516724]"
F62013,50,40,0.3,"[0.014305270696581829, 19.960082530975342]"
F62013,50,40,0.4,"[0.13818577038921376, 26.606446027755737]"
F62013,50,40,0.5,"[0.11417838843192385, 33.28595781326294]"
F62013,50,40,0.6,"[0.12576404404956065, 39.98383402824402]"
F62013,50,40,0.7,"[0.014791836504855382, 46.66893434524536]"
F62013,50,40,0.8,"[0.026988840471290132, 53.37351083755493]"
F62013,50,40,0.9,"[0.03421217149286804, 60.06355166435242]"
F62013,50,40,1.0,"[0.08951327698616751, 66.74245119094849]"
F62013,50,41,0.01,"[2182.7004406194906, 0.6773030757904053]"
F62013,50,41,0.1,"[89.66393193955366, 6.74917459487915]"
F62013,50,41,0.2,"[89.63572399093914, 13.511579036712646]"
F62013,50,41,0.3,"[89.58939478499076, 20.268051624298096]"
F62013,50,41,0.4,"[89.61557214310278, 27.030507802963257]"
F62013,50,41,0.5,"[89.64952345763061, 33.811285734176636]"
F62013,50,41,0.6,"[89.64039700086687, 40.58464479446411]"
F62013,50,41,0.7,"[89.60079833742338, 47.37177133560181]"
F62013,50,41,0.8,"[89.60116889329151, 54.144964933395386]"
F62013,50,41,0.9,"[89.86978738155813, 60.925676584243774]"
F62013,50,41,1.0,"[89.67205692074049, 67.71718335151672]"
F62013,50,42,0.01,"[2879.1742640720504, 0.6780679225921631]"
F62013,50,42,0.1,"[43.44737770166523, 6.748773574829102]"
F62013,50,42,0.2,"[43.449932422772235, 13.491611957550049]"
F62013,50,42,0.3,"[43.49412543201163, 20.232149839401245]"
F62013,50,42,0.4,"[43.447695554651546, 26.97724461555481]"
F62013,50,42,0.5,"[43.450193016593744, 33.74522399902344]"
F62013,50,42,0.6,"[43.45043184144117, 40.499516010284424]"
F62013,50,42,0.7,"[43.44870411249758, 47.25789141654968]"
F62013,50,42,0.8,"[43.534588829572044, 53.99934768676758]"
F62013,50,42,0.9,"[43.45073749461835, 60.757264852523804]"
F62013,50,42,1.0,"[43.44742306318392, 67.51746129989624]"
F62013,50,43,0.01,"[4492.371567230868, 0.8615787029266357]"
F62013,50,43,0.1,"[43.762767286934945, 6.933398723602295]"
F62013,50,43,0.2,"[43.460863802601466, 13.818740129470825]"
F62013,50,43,0.3,"[43.46746288658767, 20.573431730270386]"
F62013,50,43,0.4,"[43.45544920695147, 27.30905318260193]"
F62013,50,43,0.5,"[43.523108496147984, 34.08227753639221]"
F62013,50,43,0.6,"[43.450073844447616, 40.88666749000549]"
F62013,50,43,0.7,"[43.46710589401084, 47.69649004936218]"
F62013,50,43,0.8,"[43.45110992801574, 54.49792814254761]"
F62013,50,43,0.9,"[43.450130656487204, 61.28540921211243]"
F62013,50,43,1.0,"[43.45614423020277, 68.08561396598816]"
F62013,50,44,0.01,"[1576.2220989178145, 0.6702845096588135]"
F62013,50,44,0.1,"[89.86731619947147, 6.650231122970581]"
F62013,50,44,0.2,"[88.15613877905241, 13.329878568649292]"
F62013,50,44,0.3,"[88.2980854920396, 19.970595121383667]"
F62013,50,44,0.4,"[88.15422031164871, 26.6154682636261]"
F62013,50,44,0.5,"[88.19918714838855, 33.30186581611633]"
F62013,50,44,0.6,"[88.18877218069383, 39.992422103881836]"
F62013,50,44,0.7,"[88.18612521204238, 46.669721603393555]"
F62013,50,44,0.8,"[88.2103673910558, 53.371835708618164]"
F62013,50,44,0.9,"[88.2190372847075, 60.06478953361511]"
F62013,50,44,1.0,"[88.15021375041283, 66.74789595603943]"
F62013,50,45,0.01,"[4199.074942581369, 0.7237236499786377]"
F62013,50,45,0.1,"[22.299396386596754, 6.8150646686553955]"
F62013,50,45,0.2,"[0.04961582196722247, 13.61119270324707]"
F62013,50,45,0.3,"[0.07742306474790439, 20.377132177352905]"
F62013,50,45,0.4,"[0.13558242959504696, 27.136534214019775]"
F62013,50,45,0.5,"[0.04658939541957352, 33.92493486404419]"
F62013,50,45,0.6,"[0.11816460609770729, 40.74700975418091]"
F62013,50,45,0.7,"[0.06815382543891246, 47.57046461105347]"
F62013,50,45,0.8,"[0.016393090468568516, 54.39445519447327]"
F62013,50,45,0.9,"[0.12031250121958692, 61.20260167121887]"
F62013,50,45,1.0,"[0.10571047805456146, 68.00431180000305]"
F62013,50,46,0.01,"[2706.9266801550234, 0.7166638374328613]"
F62013,50,46,0.1,"[140.50107788077878, 6.761188983917236]"
F62013,50,46,0.2,"[0.1117365993114845, 13.499473571777344]"
F62013,50,46,0.3,"[0.1048939012291612, 20.23853588104248]"
F62013,50,46,0.4,"[0.0892347295819036, 26.996997833251953]"
F62013,50,46,0.5,"[0.062145787750523596, 33.762245178222656]"
F62013,50,46,0.6,"[0.1333881036046023, 40.50833773612976]"
F62013,50,46,0.7,"[0.14485998528141408, 47.270944118499756]"
F62013,50,46,0.8,"[0.1700294202363466, 54.01265859603882]"
F62013,50,46,0.9,"[0.0633095617924937, 60.77059054374695]"
F62013,50,46,1.0,"[0.07128674205443986, 67.53205966949463]"
F62013,50,47,0.01,"[3126.3337312499834, 0.8527638912200928]"
F62013,50,47,0.1,"[91.74351548075526, 6.8724541664123535]"
F62013,50,47,0.2,"[82.01632648630459, 13.58912205696106]"
F62013,50,47,0.3,"[81.91722849232406, 20.285061359405518]"
F62013,50,47,0.4,"[81.84832167610125, 26.97780442237854]"
F62013,50,47,0.5,"[81.91600570367359, 33.70132279396057]"
F62013,50,47,0.6,"[82.08289351335804, 40.43051266670227]"
F62013,50,47,0.7,"[82.3195939939659, 47.154943227767944]"
F62013,50,47,0.8,"[81.83761769439104, 53.9032940864563]"
F62013,50,47,0.9,"[81.88162880130062, 60.628552198410034]"
F62013,50,47,1.0,"[81.8392338017627, 67.33938431739807]"
F62013,50,48,0.01,"[4613.742752479196, 0.6773459911346436]"
F62013,50,48,0.1,"[43.51434753119668, 6.694994926452637]"
F62013,50,48,0.2,"[43.44923332637893, 13.385176181793213]"
F62013,50,48,0.3,"[43.447628676106206, 20.07274103164673]"
F62013,50,48,0.4,"[43.4749196762607, 26.763206005096436]"
F62013,50,48,0.5,"[43.52673954085117, 33.50598406791687]"
F62013,50,48,0.6,"[43.44754005351183, 40.21252655982971]"
F62013,50,48,0.7,"[43.49947748725947, 46.87891221046448]"
F62013,50,48,0.8,"[43.456606874790054, 53.55079245567322]"
F62013,50,48,0.9,"[43.48463864916039, 60.2165892124176]"
F62013,50,48,1.0,"[43.52509037233381, 66.87823939323425]"
F62013,50,49,0.01,"[1475.730377138225, 0.6843438148498535]"
F62013,50,49,0.1,"[90.65471367437033, 6.725847482681274]"
F62013,50,49,0.2,"[0.00780980848821855, 13.44666051864624]"
F62013,50,49,0.3,"[0.056475314407748556, 20.12692952156067]"
F62013,50,49,0.4,"[0.03499945953421957, 26.79487943649292]"
F62013,50,49,0.5,"[0.029264928090924514, 33.5395131111145]"
F62013,50,49,0.6,"[0.046095887180854334, 40.23108386993408]"
F62013,50,49,0.7,"[0.03699178321892305, 46.90570306777954]"
F62013,50,49,0.8,"[0.06409516394512593, 53.586602449417114]"
F62013,50,49,0.9,"[0.03298100586448527, 60.251577854156494]"
F62013,50,49,1.0,"[0.060812569607719524, 66.95135378837585]"
F62013,50,50,0.01,"[2235.521932892794, 0.680112361907959]"
F62013,50,50,0.1,"[43.477961320483246, 6.728155851364136]"
F62013,50,50,0.2,"[43.44875721422591, 13.452949523925781]"
F62013,50,50,0.3,"[43.448157804180255, 20.16458535194397]"
F62013,50,50,0.4,"[43.47078221686729, 26.905009746551514]"
F62013,50,50,0.5,"[43.45491758521837, 33.679099321365356]"
F62013,50,50,0.6,"[43.44814024141181, 40.435617446899414]"
F62013,50,50,0.7,"[43.56123675315439, 47.163105487823486]"
F62013,50,50,0.8,"[43.47029679189495, 53.90419888496399]"
F62013,50,50,0.9,"[43.448199865475885, 60.62432265281677]"
F62013,50,50,1.0,"[43.574903815631274, 67.35794425010681]"
