function,dimension,run,checkpoint,error
F242013,10,0,0.01,"[484.0083335098743, 0.6590104103088379]"
F242013,10,0,0.1,"[471.5755321196334, 6.95801568031311]"
F242013,10,0,0.2,"[372.8041386084051, 12.661129474639893]"
F242013,10,0,0.3,"[354.4502803645446, 18.363065719604492]"
F242013,10,0,0.4,"[276.1078873771721, 24.07329797744751]"
F242013,10,0,0.5,"[275.431321882219, 29.776766300201416]"
F242013,10,0,0.6,"[377.44550242723426, 35.47527861595154]"
F242013,10,0,0.7,"[447.1636770461746, 41.17804551124573]"
F242013,10,0,0.8,"[397.74623526393793, 46.87289118766785]"
F242013,10,0,0.9,"[471.9878713959806, 52.56900954246521]"
F242013,10,0,1.0,"[443.1881988335201, 58.2714204788208]"
F242013,10,1,0.01,"[505.1047283005298, 0.5757484436035156]"
F242013,10,1,0.1,"[295.63038364825434, 5.6990814208984375]"
F242013,10,1,0.2,"[241.20870899195597, 11.389014959335327]"
F242013,10,1,0.3,"[232.07288113889422, 17.07331943511963]"
F242013,10,1,0.4,"[226.13036972318537, 22.762051820755005]"
F242013,10,1,0.5,"[216.30790870437409, 28.440067291259766]"
F242013,10,1,0.6,"[226.3839334079962, 34.11996340751648]"
F242013,10,1,0.7,"[216.26243196200994, 39.81010413169861]"
F242013,10,1,0.8,"[214.45989521639603, 45.49023652076721]"
F242013,10,1,0.9,"[214.35976766938484, 51.171024560928345]"
F242013,10,1,1.0,"[217.6711281143273, 56.85487771034241]"
F242013,10,2,0.01,"[508.8540312356181, 0.5738735198974609]"
F242013,10,2,0.1,"[511.3583613991, 5.697601795196533]"
F242013,10,2,0.2,"[509.3780151223625, 11.39725637435913]"
F242013,10,2,0.3,"[510.36858464653596, 17.07201361656189]"
F242013,10,2,0.4,"[511.63830494611716, 22.748744010925293]"
F242013,10,2,0.5,"[509.54539152120765, 28.419182538986206]"
F242013,10,2,0.6,"[509.7426474331792, 34.0912983417511]"
F242013,10,2,0.7,"[509.3366772410393, 39.7691490650177]"
F242013,10,2,0.8,"[510.71547508380786, 45.436537742614746]"
F242013,10,2,0.9,"[510.94459626370053, 51.11298727989197]"
F242013,10,2,1.0,"[510.38642993666326, 56.80858063697815]"
F242013,10,3,0.01,"[769.9397858895763, 0.5740599632263184]"
F242013,10,3,0.1,"[310.2069405416828, 5.681160926818848]"
F242013,10,3,0.2,"[248.2743976931922, 11.349723815917969]"
F242013,10,3,0.3,"[262.0980070055348, 17.009525299072266]"
F242013,10,3,0.4,"[231.56628380612392, 22.67570447921753]"
F242013,10,3,0.5,"[227.78652384519455, 28.3321373462677]"
F242013,10,3,0.6,"[227.29971626461565, 33.99084138870239]"
F242013,10,3,0.7,"[223.56455292109013, 39.65544605255127]"
F242013,10,3,0.8,"[226.26838590841066, 45.30724763870239]"
F242013,10,3,0.9,"[228.15261338114396, 50.96019983291626]"
F242013,10,3,1.0,"[225.46408063372132, 56.621283531188965]"
F242013,10,4,0.01,"[405.4143810300375, 0.5718624591827393]"
F242013,10,4,0.1,"[411.2241021960813, 5.674258708953857]"
F242013,10,4,0.2,"[410.464740795745, 11.434358358383179]"
F242013,10,4,0.3,"[413.88657069299506, 17.09565234184265]"
F242013,10,4,0.4,"[405.68954183649885, 22.762773036956787]"
F242013,10,4,0.5,"[431.0354776561087, 28.4252188205719]"
F242013,10,4,0.6,"[409.88129338095155, 34.088228702545166]"
F242013,10,4,0.7,"[417.5620655449068, 39.75754952430725]"
F242013,10,4,0.8,"[411.6464964275506, 45.41543412208557]"
F242013,10,4,0.9,"[424.1109642032154, 51.071924924850464]"
F242013,10,4,1.0,"[412.5261381342402, 56.73717522621155]"
F242013,10,5,0.01,"[822.4089901392558, 0.5769615173339844]"
F242013,10,5,0.1,"[576.9455488063472, 5.717328071594238]"
F242013,10,5,0.2,"[349.451729380047, 11.423298120498657]"
F242013,10,5,0.3,"[523.3335569828942, 17.126747369766235]"
F242013,10,5,0.4,"[323.24643610261114, 22.83929705619812]"
F242013,10,5,0.5,"[294.38709913676325, 28.54246997833252]"
F242013,10,5,0.6,"[341.75111258666334, 34.245176792144775]"
F242013,10,5,0.7,"[348.020792832172, 39.959643840789795]"
F242013,10,5,0.8,"[297.71957367735604, 45.657095432281494]"
F242013,10,5,0.9,"[340.53634371247745, 51.36163401603699]"
F242013,10,5,1.0,"[359.42847950823784, 57.121713161468506]"
F242013,10,6,0.01,"[482.3248134543196, 0.5755701065063477]"
F242013,10,6,0.1,"[479.1917650769585, 5.703388214111328]"
F242013,10,6,0.2,"[466.66438228042966, 11.395841836929321]"
F242013,10,6,0.3,"[464.6296761579108, 17.093153715133667]"
F242013,10,6,0.4,"[453.4563524695268, 22.793299913406372]"
F242013,10,6,0.5,"[461.9504598941794, 28.48681330680847]"
F242013,10,6,0.6,"[474.4196219806536, 34.17727994918823]"
F242013,10,6,0.7,"[484.40343449333795, 39.881110429763794]"
F242013,10,6,0.8,"[449.6391553369101, 45.57516431808472]"
F242013,10,6,0.9,"[457.55733221669107, 51.26843595504761]"
F242013,10,6,1.0,"[465.27070555776436, 56.966819763183594]"
F242013,10,7,0.01,"[333.86256195412716, 0.5736920833587646]"
F242013,10,7,0.1,"[334.0704325623965, 5.695418119430542]"
F242013,10,7,0.2,"[334.07588950233844, 11.373590469360352]"
F242013,10,7,0.3,"[333.89904245724665, 17.05235481262207]"
F242013,10,7,0.4,"[333.84892098091836, 22.733200073242188]"
F242013,10,7,0.5,"[333.66746950902166, 28.407270431518555]"
F242013,10,7,0.6,"[334.1328106693247, 34.087886333465576]"
F242013,10,7,0.7,"[334.095718726649, 39.77521514892578]"
F242013,10,7,0.8,"[333.8126193380224, 45.4584596157074]"
F242013,10,7,0.9,"[333.7252547991252, 51.137829303741455]"
F242013,10,7,1.0,"[333.7237745848238, 56.83112454414368]"
F242013,10,8,0.01,"[377.37751324454507, 0.5743405818939209]"
F242013,10,8,0.1,"[377.55413761976934, 5.709212779998779]"
F242013,10,8,0.2,"[378.15266548209047, 11.41580581665039]"
F242013,10,8,0.3,"[377.68170382048174, 17.109007596969604]"
F242013,10,8,0.4,"[377.3829036798302, 22.804603338241577]"
F242013,10,8,0.5,"[378.78317126339743, 28.495443105697632]"
F242013,10,8,0.6,"[377.41012356964393, 34.19170165061951]"
F242013,10,8,0.7,"[377.41347734007013, 39.889827728271484]"
F242013,10,8,0.8,"[377.673017839267, 45.58266091346741]"
F242013,10,8,0.9,"[377.3744843158461, 51.2763192653656]"
F242013,10,8,1.0,"[377.8846687318321, 56.98564338684082]"
F242013,10,9,0.01,"[447.54792746587145, 0.5769634246826172]"
F242013,10,9,0.1,"[360.50806269725877, 5.720586538314819]"
F242013,10,9,0.2,"[352.41577352820923, 11.4914231300354]"
F242013,10,9,0.3,"[354.02627270279027, 17.19740343093872]"
F242013,10,9,0.4,"[364.85537935508137, 22.91196846961975]"
F242013,10,9,0.5,"[353.8695042875993, 28.620076179504395]"
F242013,10,9,0.6,"[352.3345524007259, 34.32921600341797]"
F242013,10,9,0.7,"[362.9015370869681, 40.043654441833496]"
F242013,10,9,0.8,"[364.78106640686065, 45.746378660202026]"
F242013,10,9,0.9,"[382.5999524214444, 51.44922423362732]"
F242013,10,9,1.0,"[385.71868724188334, 57.15884017944336]"
F242013,10,10,0.01,"[515.2632307775561, 0.5732145309448242]"
F242013,10,10,0.1,"[517.171145982662, 5.690339803695679]"
F242013,10,10,0.2,"[516.6204903422363, 11.540160417556763]"
F242013,10,10,0.3,"[516.3874617331539, 17.23541784286499]"
F242013,10,10,0.4,"[515.9666881812391, 22.933550357818604]"
F242013,10,10,0.5,"[515.8619498012388, 28.626379013061523]"
F242013,10,10,0.6,"[515.616275019903, 34.320483684539795]"
F242013,10,10,0.7,"[515.3006481099492, 40.019866943359375]"
F242013,10,10,0.8,"[515.1051380011963, 45.712098598480225]"
F242013,10,10,0.9,"[515.4473796976729, 51.40240240097046]"
F242013,10,10,1.0,"[515.1767518479483, 57.09978127479553]"
F242013,10,11,0.01,"[371.6331027769386, 0.5749261379241943]"
F242013,10,11,0.1,"[573.8081173991213, 5.692544460296631]"
F242013,10,11,0.2,"[520.1663193263598, 11.362667322158813]"
F242013,10,11,0.3,"[846.8921825504353, 17.026763200759888]"
F242013,10,11,0.4,"[569.123333094059, 22.69755482673645]"
F242013,10,11,0.5,"[296.00013649403263, 28.359697341918945]"
F242013,10,11,0.6,"[377.5129816014362, 34.02509355545044]"
F242013,10,11,0.7,"[381.44729432170766, 39.70051193237305]"
F242013,10,11,0.8,"[301.87752493574044, 45.36447238922119]"
F242013,10,11,0.9,"[300.276022866919, 51.036048889160156]"
F242013,10,11,1.0,"[355.57912049415336, 56.719374656677246]"
F242013,10,12,0.01,"[830.7334149372082, 0.5724620819091797]"
F242013,10,12,0.1,"[788.7367807793364, 5.678858518600464]"
F242013,10,12,0.2,"[783.9853361615067, 11.34981107711792]"
F242013,10,12,0.3,"[748.5012487193808, 17.015849590301514]"
F242013,10,12,0.4,"[514.8271995597465, 22.68651795387268]"
F242013,10,12,0.5,"[510.9980247003946, 28.35079574584961]"
F242013,10,12,0.6,"[512.3744804126127, 34.014511585235596]"
F242013,10,12,0.7,"[488.5728716717956, 39.67970418930054]"
F242013,10,12,0.8,"[488.7262415533439, 45.33361077308655]"
F242013,10,12,0.9,"[481.4344966082017, 50.98837232589722]"
F242013,10,12,1.0,"[446.83139183541107, 56.65262198448181]"
F242013,10,13,0.01,"[462.9200456787669, 0.6006197929382324]"
F242013,10,13,0.1,"[463.42986185077507, 5.719157934188843]"
F242013,10,13,0.2,"[462.17587764487985, 11.396939039230347]"
F242013,10,13,0.3,"[462.33760020080285, 17.06986403465271]"
F242013,10,13,0.4,"[462.0257517588275, 22.75012469291687]"
F242013,10,13,0.5,"[460.0964421725189, 28.4230740070343]"
F242013,10,13,0.6,"[463.3396243456516, 34.09951138496399]"
F242013,10,13,0.7,"[460.76666678838023, 39.78166890144348]"
F242013,10,13,0.8,"[458.806251066957, 45.45318007469177]"
F242013,10,13,0.9,"[466.22537788984164, 51.14344072341919]"
F242013,10,13,1.0,"[461.9544119330574, 56.83876848220825]"
F242013,10,14,0.01,"[859.1451477245457, 0.5758998394012451]"
F242013,10,14,0.1,"[353.6828488359115, 5.70335841178894]"
F242013,10,14,0.2,"[258.40043500383536, 11.394834995269775]"
F242013,10,14,0.3,"[255.79198872519692, 17.083997011184692]"
F242013,10,14,0.4,"[201.3037119951623, 22.779929876327515]"
F242013,10,14,0.5,"[209.42550032070835, 28.46283793449402]"
F242013,10,14,0.6,"[201.08986063026646, 34.14521360397339]"
F242013,10,14,0.7,"[206.77389100381583, 39.83764123916626]"
F242013,10,14,0.8,"[198.43202302254986, 45.52306246757507]"
F242013,10,14,0.9,"[212.4962132009132, 51.203744888305664]"
F242013,10,14,1.0,"[212.8343780893606, 56.888896226882935]"
F242013,10,15,0.01,"[783.2632003482167, 0.5780467987060547]"
F242013,10,15,0.1,"[629.2493856432247, 5.721146583557129]"
F242013,10,15,0.2,"[416.210358675575, 11.433797121047974]"
F242013,10,15,0.3,"[367.1071871168599, 17.15146803855896]"
F242013,10,15,0.4,"[361.67720056023586, 22.87903141975403]"
F242013,10,15,0.5,"[414.0930251377058, 28.602079153060913]"
F242013,10,15,0.6,"[477.36183950380087, 34.3145694732666]"
F242013,10,15,0.7,"[463.92833284001426, 40.032970666885376]"
F242013,10,15,0.8,"[378.21960533141146, 45.749157667160034]"
F242013,10,15,0.9,"[304.4176385840001, 51.47416019439697]"
F242013,10,15,1.0,"[287.8058880301562, 57.20983958244324]"
F242013,10,16,0.01,"[328.92880536550615, 0.5732269287109375]"
F242013,10,16,0.1,"[329.007988582508, 5.681793689727783]"
F242013,10,16,0.2,"[329.29993569234057, 11.353686809539795]"
F242013,10,16,0.3,"[328.9557595833003, 17.026881217956543]"
F242013,10,16,0.4,"[328.93732602448495, 22.705392360687256]"
F242013,10,16,0.5,"[330.93038436850657, 28.373070001602173]"
F242013,10,16,0.6,"[329.71185054913485, 34.041776180267334]"
F242013,10,16,0.7,"[328.9445270247295, 39.72284913063049]"
F242013,10,16,0.8,"[329.27770472526186, 45.395360708236694]"
F242013,10,16,0.9,"[328.9647065988506, 51.066598892211914]"
F242013,10,16,1.0,"[329.21538405158594, 56.74638867378235]"
F242013,10,17,0.01,"[605.5674664096482, 0.5758140087127686]"
F242013,10,17,0.1,"[605.9625747815958, 5.710488796234131]"
F242013,10,17,0.2,"[605.5693753957098, 11.409745931625366]"
F242013,10,17,0.3,"[606.7058715126595, 17.111115217208862]"
F242013,10,17,0.4,"[605.8306172371567, 22.81667709350586]"
F242013,10,17,0.5,"[605.5413591996357, 28.520994186401367]"
F242013,10,17,0.6,"[605.7145221583305, 34.22584319114685]"
F242013,10,17,0.7,"[605.9267857146519, 39.93463730812073]"
F242013,10,17,0.8,"[605.520567137698, 45.63809037208557]"
F242013,10,17,0.9,"[605.5829084162626, 51.341858863830566]"
F242013,10,17,1.0,"[605.5379195167163, 57.05028963088989]"
F242013,10,18,0.01,"[362.67326804171853, 0.5728840827941895]"
F242013,10,18,0.1,"[390.92822201083527, 5.67460823059082]"
F242013,10,18,0.2,"[396.4239968923562, 11.3393874168396]"
F242013,10,18,0.3,"[603.3936526037251, 17.0031259059906]"
F242013,10,18,0.4,"[307.2715621582038, 22.672878980636597]"
F242013,10,18,0.5,"[484.8342468802755, 28.334667921066284]"
F242013,10,18,0.6,"[369.95820485276226, 33.99635410308838]"
F242013,10,18,0.7,"[411.6892846595115, 39.66482710838318]"
F242013,10,18,0.8,"[435.220982489182, 45.31913495063782]"
F242013,10,18,0.9,"[356.92185234300996, 50.97861433029175]"
F242013,10,18,1.0,"[318.1859555611404, 56.66002106666565]"
F242013,10,19,0.01,"[562.9551241416466, 0.5746321678161621]"
F242013,10,19,0.1,"[372.3366319909637, 5.6907572746276855]"
F242013,10,19,0.2,"[267.78209320748897, 11.362497568130493]"
F242013,10,19,0.3,"[222.76936436901065, 17.028907299041748]"
F242013,10,19,0.4,"[214.91655543303523, 22.70253300666809]"
F242013,10,19,0.5,"[209.29655643284786, 28.370408296585083]"
F242013,10,19,0.6,"[204.8606187909445, 34.039191484451294]"
F242013,10,19,0.7,"[201.1287381294187, 39.71355652809143]"
F242013,10,19,0.8,"[216.81377765363231, 45.378204107284546]"
F242013,10,19,0.9,"[198.5657382346892, 51.04369020462036]"
F242013,10,19,1.0,"[203.2214774835495, 56.7214412689209]"
F242013,10,20,0.01,"[979.4095587509969, 0.5747084617614746]"
F242013,10,20,0.1,"[979.7568332691344, 5.708634376525879]"
F242013,10,20,0.2,"[979.5758882481587, 11.386541366577148]"
F242013,10,20,0.3,"[979.896685807626, 17.061883449554443]"
F242013,10,20,0.4,"[979.6072204991242, 22.743221282958984]"
F242013,10,20,0.5,"[980.8171089174803, 28.415687322616577]"
F242013,10,20,0.6,"[979.4476031412382, 34.10126495361328]"
F242013,10,20,0.7,"[979.2030760011751, 39.78630709648132]"
F242013,10,20,0.8,"[979.8589537962357, 45.45884871482849]"
F242013,10,20,0.9,"[980.0838736374585, 51.14341163635254]"
F242013,10,20,1.0,"[980.531165957173, 56.8581178188324]"
F242013,10,21,0.01,"[683.6971896527502, 0.5709407329559326]"
F242013,10,21,0.1,"[445.54322627233, 5.660928726196289]"
F242013,10,21,0.2,"[316.23869892507173, 11.312267303466797]"
F242013,10,21,0.3,"[450.2897087872343, 16.95489263534546]"
F242013,10,21,0.4,"[398.8276744563923, 22.605067491531372]"
F242013,10,21,0.5,"[426.73407921297303, 28.24786114692688]"
F242013,10,21,0.6,"[402.43757096741933, 33.88977909088135]"
F242013,10,21,0.7,"[329.9667857954796, 39.536669969558716]"
F242013,10,21,0.8,"[585.1021344009823, 45.17197823524475]"
F242013,10,21,0.9,"[284.9409211858492, 50.80763268470764]"
F242013,10,21,1.0,"[287.77213770950857, 56.45636177062988]"
F242013,10,22,0.01,"[763.1451492657361, 0.5747940540313721]"
F242013,10,22,0.1,"[502.14335362382394, 5.685919761657715]"
F242013,10,22,0.2,"[467.0708372300678, 11.384697675704956]"
F242013,10,22,0.3,"[277.5354142787555, 17.08827805519104]"
F242013,10,22,0.4,"[292.0867172288383, 22.777742385864258]"
F242013,10,22,0.5,"[320.1004216813053, 28.44565176963806]"
F242013,10,22,0.6,"[337.8188602604903, 34.1181800365448]"
F242013,10,22,0.7,"[272.0377052408239, 39.79931926727295]"
F242013,10,22,0.8,"[278.03558071386874, 45.46682381629944]"
F242013,10,22,0.9,"[273.4329894783298, 51.13646125793457]"
F242013,10,22,1.0,"[285.0500734472248, 56.81930708885193]"
F242013,10,23,0.01,"[432.36932994030326, 0.5735177993774414]"
F242013,10,23,0.1,"[450.18946181723663, 8.660975933074951]"
F242013,10,23,0.2,"[427.59259066845743, 14.503413915634155]"
F242013,10,23,0.3,"[453.98667434564663, 20.16559147834778]"
F242013,10,23,0.4,"[439.1866612516146, 25.834763288497925]"
F242013,10,23,0.5,"[455.2895014204239, 31.49529266357422]"
F242013,10,23,0.6,"[430.9991480425049, 37.15599799156189]"
F242013,10,23,0.7,"[426.1976274908925, 42.824761152267456]"
F242013,10,23,0.8,"[441.6430269456232, 48.483036041259766]"
F242013,10,23,0.9,"[439.80266274180804, 54.145524978637695]"
F242013,10,23,1.0,"[443.1583288903121, 59.81076908111572]"
F242013,10,24,0.01,"[500.33203241132924, 0.576915979385376]"
F242013,10,24,0.1,"[433.5261566581339, 5.701668739318848]"
F242013,10,24,0.2,"[438.4787089900467, 11.390784978866577]"
F242013,10,24,0.3,"[447.08170557679773, 17.07642412185669]"
F242013,10,24,0.4,"[435.2811815164864, 22.768906831741333]"
F242013,10,24,0.5,"[464.7859200088469, 28.45594573020935]"
F242013,10,24,0.6,"[465.26227421945146, 34.14424443244934]"
F242013,10,24,0.7,"[458.0972381833667, 39.83527684211731]"
F242013,10,24,0.8,"[440.38918225696466, 45.51594567298889]"
F242013,10,24,0.9,"[454.8239429439832, 51.196104526519775]"
F242013,10,24,1.0,"[435.7572076642923, 56.8850359916687]"
F242013,10,25,0.01,"[637.9637230593489, 0.5747172832489014]"
F242013,10,25,0.1,"[581.6766671642852, 5.689731597900391]"
F242013,10,25,0.2,"[664.8903837741132, 11.368984460830688]"
F242013,10,25,0.3,"[499.97886862422934, 17.043666124343872]"
F242013,10,25,0.4,"[350.15028225333754, 22.72809934616089]"
F242013,10,25,0.5,"[637.6975081950804, 28.40196466445923]"
F242013,10,25,0.6,"[671.926142524645, 34.07944917678833]"
F242013,10,25,0.7,"[349.8986268428546, 39.75897479057312]"
F242013,10,25,0.8,"[345.0822517302556, 45.42893886566162]"
F242013,10,25,0.9,"[317.0980375937711, 51.101696729660034]"
F242013,10,25,1.0,"[353.0261412424061, 56.77985501289368]"
F242013,10,26,0.01,"[548.4029918279853, 0.5767598152160645]"
F242013,10,26,0.1,"[546.3055426712328, 5.701379060745239]"
F242013,10,26,0.2,"[545.6552630540994, 11.392508268356323]"
F242013,10,26,0.3,"[544.7290517812332, 17.077470541000366]"
F242013,10,26,0.4,"[547.691946517541, 22.77119779586792]"
F242013,10,26,0.5,"[545.8064328106843, 28.461355924606323]"
F242013,10,26,0.6,"[545.2089250054378, 34.161102056503296]"
F242013,10,26,0.7,"[546.1043133013204, 39.85979080200195]"
F242013,10,26,0.8,"[547.9168778814199, 45.54824113845825]"
F242013,10,26,0.9,"[547.8319853515063, 51.2317898273468]"
F242013,10,26,1.0,"[546.8689520429336, 56.92405128479004]"
F242013,10,27,0.01,"[565.1632484811366, 0.5760085582733154]"
F242013,10,27,0.1,"[476.22727655922336, 6.049946546554565]"
F242013,10,27,0.2,"[364.32912604133685, 11.770796775817871]"
F242013,10,27,0.3,"[415.81464141465403, 17.437790393829346]"
F242013,10,27,0.4,"[382.1609104783922, 23.115965127944946]"
F242013,10,27,0.5,"[414.429957600865, 28.78915810585022]"
F242013,10,27,0.6,"[578.5521344514286, 34.46058964729309]"
F242013,10,27,0.7,"[496.134561914193, 40.139782428741455]"
F242013,10,27,0.8,"[335.039023109166, 45.8074095249176]"
F242013,10,27,0.9,"[524.4852388232039, 51.47326922416687]"
F242013,10,27,1.0,"[320.124945029017, 57.20590662956238]"
F242013,10,28,0.01,"[1099.7917495707566, 0.5805339813232422]"
F242013,10,28,0.1,"[657.5088432232262, 5.701342821121216]"
F242013,10,28,0.2,"[627.3003366970636, 11.384376525878906]"
F242013,10,28,0.3,"[554.1219526108257, 17.066977500915527]"
F242013,10,28,0.4,"[498.46981797389617, 22.75454831123352]"
F242013,10,28,0.5,"[496.6497223683664, 28.43555784225464]"
F242013,10,28,0.6,"[492.6095919714826, 34.115946531295776]"
F242013,10,28,0.7,"[472.2775123625365, 39.798856019973755]"
F242013,10,28,0.8,"[473.09450788512413, 45.47245168685913]"
F242013,10,28,0.9,"[469.94563546087966, 51.14462161064148]"
F242013,10,28,1.0,"[473.96491914965463, 56.82482051849365]"
F242013,10,29,0.01,"[697.2285390090078, 0.575880765914917]"
F242013,10,29,0.1,"[697.9370545909787, 5.6973876953125]"
F242013,10,29,0.2,"[697.2852875890637, 11.600675582885742]"
F242013,10,29,0.3,"[697.3672166358706, 18.10611367225647]"
F242013,10,29,0.4,"[698.3570264256932, 24.61786985397339]"
F242013,10,29,0.5,"[697.8416472494928, 31.116408348083496]"
F242013,10,29,0.6,"[697.4184133759804, 37.61742091178894]"
F242013,10,29,0.7,"[697.423165413988, 44.1272611618042]"
F242013,10,29,0.8,"[697.2852604495574, 50.623749017715454]"
F242013,10,29,0.9,"[697.8720992056365, 57.124403953552246]"
F242013,10,29,1.0,"[697.6088546867709, 63.35220170021057]"
F242013,10,30,0.01,"[817.5933760672933, 0.602567195892334]"
F242013,10,30,0.1,"[479.56347712784736, 7.207245349884033]"
F242013,10,30,0.2,"[527.3948440253946, 12.842463970184326]"
F242013,10,30,0.3,"[285.62522438913993, 18.474054098129272]"
F242013,10,30,0.4,"[318.80976613557846, 24.112173080444336]"
F242013,10,30,0.5,"[269.7015663557954, 29.74176049232483]"
F242013,10,30,0.6,"[291.7588234144148, 35.371676445007324]"
F242013,10,30,0.7,"[484.19556498737325, 41.00753712654114]"
F242013,10,30,0.8,"[468.8549080301966, 46.633163928985596]"
F242013,10,30,0.9,"[339.42367164678194, 52.259772062301636]"
F242013,10,30,1.0,"[312.1531509766967, 57.8963828086853]"
F242013,10,31,0.01,"[542.1324266547888, 0.5739736557006836]"
F242013,10,31,0.1,"[542.193535027413, 5.683349609375]"
F242013,10,31,0.2,"[543.1640141099051, 11.352266311645508]"
F242013,10,31,0.3,"[542.1527550674145, 17.01233720779419]"
F242013,10,31,0.4,"[542.464457450968, 22.67976474761963]"
F242013,10,31,0.5,"[542.2891501132021, 28.34090304374695]"
F242013,10,31,0.6,"[542.2413049048866, 34.00517821311951]"
F242013,10,31,0.7,"[542.1520579614587, 39.67529582977295]"
F242013,10,31,0.8,"[543.5939808298281, 45.33457398414612]"
F242013,10,31,0.9,"[542.2336705863411, 50.99420952796936]"
F242013,10,31,1.0,"[542.133838048087, 56.69259452819824]"
F242013,10,32,0.01,"[910.444009897305, 0.5740563869476318]"
F242013,10,32,0.1,"[909.8011507495976, 5.684171676635742]"
F242013,10,32,0.2,"[911.5925720349828, 11.360056161880493]"
F242013,10,32,0.3,"[910.7749693524815, 17.02925181388855]"
F242013,10,32,0.4,"[912.4408456186216, 22.705583333969116]"
F242013,10,32,0.5,"[910.1145601622338, 28.374658823013306]"
F242013,10,32,0.6,"[910.3467324778367, 34.048112869262695]"
F242013,10,32,0.7,"[911.1436750764319, 39.73980951309204]"
F242013,10,32,0.8,"[910.1663001115198, 45.413185596466064]"
F242013,10,32,0.9,"[912.2152616376165, 51.0916383266449]"
F242013,10,32,1.0,"[911.2508704881113, 56.775460720062256]"
F242013,10,33,0.01,"[455.3970033122307, 0.5749125480651855]"
F242013,10,33,0.1,"[449.11262015364923, 6.074589252471924]"
F242013,10,33,0.2,"[447.6806795173752, 11.758640050888062]"
F242013,10,33,0.3,"[453.2557637040304, 17.436718702316284]"
F242013,10,33,0.4,"[440.9753674805354, 23.123865127563477]"
F242013,10,33,0.5,"[471.8119497483765, 28.804943561553955]"
F242013,10,33,0.6,"[454.0364041216228, 34.484817028045654]"
F242013,10,33,0.7,"[458.25888491432397, 40.170801877975464]"
F242013,10,33,0.8,"[445.7546819435747, 45.84647560119629]"
F242013,10,33,0.9,"[449.17809594585674, 51.52312445640564]"
F242013,10,33,1.0,"[454.2772213399876, 57.2105987071991]"
F242013,10,34,0.01,"[561.129213559168, 0.574244499206543]"
F242013,10,34,0.1,"[563.3123044420734, 5.682188987731934]"
F242013,10,34,0.2,"[561.9512259312633, 11.359040021896362]"
F242013,10,34,0.3,"[567.4059119056951, 17.027337551116943]"
F242013,10,34,0.4,"[562.2058716699087, 22.70207452774048]"
F242013,10,34,0.5,"[564.2983315380861, 28.36821675300598]"
F242013,10,34,0.6,"[560.5329848182423, 34.03392553329468]"
F242013,10,34,0.7,"[559.8602328192039, 39.7057089805603]"
F242013,10,34,0.8,"[561.0680560629216, 45.36624717712402]"
F242013,10,34,0.9,"[561.7797461604591, 51.030057191848755]"
F242013,10,34,1.0,"[560.3666211204195, 56.70090436935425]"
F242013,10,35,0.01,"[513.58906265015, 0.5798590183258057]"
F242013,10,35,0.1,"[516.1569022719293, 5.709944725036621]"
F242013,10,35,0.2,"[513.800618029966, 11.405691146850586]"
F242013,10,35,0.3,"[513.8467097701671, 17.09667158126831]"
F242013,10,35,0.4,"[514.6418171005987, 22.794069528579712]"
F242013,10,35,0.5,"[513.6075188934378, 28.47876477241516]"
F242013,10,35,0.6,"[514.2593807505136, 34.162798166275024]"
F242013,10,35,0.7,"[512.3732325423557, 39.858102321624756]"
F242013,10,35,0.8,"[513.2171886629076, 45.54232859611511]"
F242013,10,35,0.9,"[513.3491091882256, 51.22838640213013]"
F242013,10,35,1.0,"[514.2721332495264, 56.91661596298218]"
F242013,10,36,0.01,"[483.60379262525043, 0.5729398727416992]"
F242013,10,36,0.1,"[484.6756517608926, 5.666964530944824]"
F242013,10,36,0.2,"[484.0089657099393, 11.324091672897339]"
F242013,10,36,0.3,"[484.0959664795746, 16.976202726364136]"
F242013,10,36,0.4,"[483.2841768320168, 22.637160778045654]"
F242013,10,36,0.5,"[483.73290992416287, 28.285020112991333]"
F242013,10,36,0.6,"[485.2345560588169, 33.93126368522644]"
F242013,10,36,0.7,"[485.62409246896596, 39.58967089653015]"
F242013,10,36,0.8,"[483.8819393115655, 45.23824691772461]"
F242013,10,36,0.9,"[483.5801861432137, 50.884867668151855]"
F242013,10,36,1.0,"[484.54618127849017, 56.535492181777954]"
F242013,10,37,0.01,"[678.2026000989517, 0.5726296901702881]"
F242013,10,37,0.1,"[575.7318324799453, 5.6696155071258545]"
F242013,10,37,0.2,"[444.9667317366793, 11.324976682662964]"
F242013,10,37,0.3,"[434.43748947128734, 16.973560571670532]"
F242013,10,37,0.4,"[459.61782375806956, 22.629530668258667]"
F242013,10,37,0.5,"[433.06791522519643, 28.278964042663574]"
F242013,10,37,0.6,"[485.0234391313443, 33.932353258132935]"
F242013,10,37,0.7,"[473.3864649882337, 39.592193603515625]"
F242013,10,37,0.8,"[435.38272840412446, 45.24134826660156]"
F242013,10,37,0.9,"[431.96178480787535, 50.890870332717896]"
F242013,10,37,1.0,"[387.6794973348983, 56.55512571334839]"
F242013,10,38,0.01,"[839.6713756210443, 0.5717554092407227]"
F242013,10,38,0.1,"[841.8283513992856, 5.659600496292114]"
F242013,10,38,0.2,"[839.6315819090894, 11.311250448226929]"
F242013,10,38,0.3,"[839.5621902788021, 16.9575777053833]"
F242013,10,38,0.4,"[839.8422207224139, 22.6149320602417]"
F242013,10,38,0.5,"[839.8222785187779, 28.255571126937866]"
F242013,10,38,0.6,"[840.4315922359538, 33.895323753356934]"
F242013,10,38,0.7,"[839.743341815029, 39.54718852043152]"
F242013,10,38,0.8,"[839.553290918695, 45.1874885559082]"
F242013,10,38,0.9,"[839.4926163290811, 50.82867193222046]"
F242013,10,38,1.0,"[839.5330014024428, 56.47096848487854]"
F242013,10,39,0.01,"[529.3742478337858, 0.5747170448303223]"
F242013,10,39,0.1,"[388.49047538637524, 5.695040225982666]"
F242013,10,39,0.2,"[376.7508284354135, 11.379749298095703]"
F242013,10,39,0.3,"[360.6612997662951, 17.068244695663452]"
F242013,10,39,0.4,"[355.9913697503114, 22.762205600738525]"
F242013,10,39,0.5,"[394.01999728515034, 28.44496774673462]"
F242013,10,39,0.6,"[313.9349019943652, 34.1234085559845]"
F242013,10,39,0.7,"[316.8511011675537, 39.814600229263306]"
F242013,10,39,0.8,"[312.7522527341962, 45.500428676605225]"
F242013,10,39,0.9,"[304.67217124778017, 51.184808015823364]"
F242013,10,39,1.0,"[308.8626500593084, 56.874741554260254]"
F242013,10,40,0.01,"[866.6147300672446, 0.57533860206604]"
F242013,10,40,0.1,"[866.780762122813, 5.691584825515747]"
F242013,10,40,0.2,"[866.8660313499645, 11.366563558578491]"
F242013,10,40,0.3,"[866.5075740878874, 17.043643951416016]"
F242013,10,40,0.4,"[866.5800997170036, 22.726192712783813]"
F242013,10,40,0.5,"[866.821839718224, 28.398048400878906]"
F242013,10,40,0.6,"[866.6000925173112, 34.07251191139221]"
F242013,10,40,0.7,"[866.6525024628058, 39.76771259307861]"
F242013,10,40,0.8,"[866.3581282345758, 45.4453809261322]"
F242013,10,40,0.9,"[867.0856392897949, 51.12071466445923]"
F242013,10,40,1.0,"[866.98067068828, 56.80070209503174]"
F242013,10,41,0.01,"[559.1249624591869, 0.5698857307434082]"
F242013,10,41,0.1,"[564.6446790563884, 5.6434831619262695]"
F242013,10,41,0.2,"[517.0824282219123, 11.275542497634888]"
F242013,10,41,0.3,"[527.933611241674, 16.90226697921753]"
F242013,10,41,0.4,"[525.7079101783977, 22.53634762763977]"
F242013,10,41,0.5,"[538.0506964945889, 28.16073203086853]"
F242013,10,41,0.6,"[517.2433681612856, 33.7852303981781]"
F242013,10,41,0.7,"[573.0279782869784, 39.414342403411865]"
F242013,10,41,0.8,"[545.8759496240073, 45.031521797180176]"
F242013,10,41,0.9,"[540.4756950788887, 50.64999222755432]"
F242013,10,41,1.0,"[555.0900655152491, 56.27885055541992]"
F242013,10,42,0.01,"[394.2388987626309, 0.5706007480621338]"
F242013,10,42,0.1,"[394.65859036952975, 5.652424335479736]"
F242013,10,42,0.2,"[367.6082339471502, 11.297535181045532]"
F242013,10,42,0.3,"[430.215879998824, 16.936752557754517]"
F242013,10,42,0.4,"[208.54848950848213, 22.584256410598755]"
F242013,10,42,0.5,"[187.4153334710486, 28.225588083267212]"
F242013,10,42,0.6,"[214.04884071441484, 33.867445945739746]"
F242013,10,42,0.7,"[188.86506195929906, 39.51939606666565]"
F242013,10,42,0.8,"[166.40256928010513, 45.15619397163391]"
F242013,10,42,0.9,"[156.80059298392416, 50.79694700241089]"
F242013,10,42,1.0,"[166.00215582919918, 56.439038038253784]"
F242013,10,43,0.01,"[506.1366077560324, 0.574113130569458]"
F242013,10,43,0.1,"[508.65357760176175, 5.688466548919678]"
F242013,10,43,0.2,"[338.3083867497962, 11.377349138259888]"
F242013,10,43,0.3,"[333.8631572939537, 17.051382541656494]"
F242013,10,43,0.4,"[383.9013342031574, 22.737751007080078]"
F242013,10,43,0.5,"[321.29986999779567, 28.417431354522705]"
F242013,10,43,0.6,"[315.12741443196865, 34.103599309921265]"
F242013,10,43,0.7,"[263.26610697791125, 39.79387903213501]"
F242013,10,43,0.8,"[251.27184921333787, 45.48599863052368]"
F242013,10,43,0.9,"[335.89443318930125, 51.16897511482239]"
F242013,10,43,1.0,"[267.74605481269145, 56.8628990650177]"
F242013,10,44,0.01,"[668.014391553831, 0.572627067565918]"
F242013,10,44,0.1,"[651.3260738694057, 5.671411752700806]"
F242013,10,44,0.2,"[343.1442515131098, 11.354706525802612]"
F242013,10,44,0.3,"[232.42242894120568, 17.013442993164062]"
F242013,10,44,0.4,"[226.3188773730078, 22.6827654838562]"
F242013,10,44,0.5,"[214.4917180271625, 28.351638078689575]"
F242013,10,44,0.6,"[196.6321534417482, 34.0110387802124]"
F242013,10,44,0.7,"[196.26947907654267, 39.676955223083496]"
F242013,10,44,0.8,"[196.42523692597297, 45.336716175079346]"
F242013,10,44,0.9,"[193.70376921199477, 50.99524474143982]"
F242013,10,44,1.0,"[189.9112671690525, 56.65495586395264]"
F242013,10,45,0.01,"[368.74334732973557, 0.5742013454437256]"
F242013,10,45,0.1,"[368.7543554302124, 5.686826944351196]"
F242013,10,45,0.2,"[371.203131920985, 11.366788864135742]"
F242013,10,45,0.3,"[368.8792379411375, 17.042718648910522]"
F242013,10,45,0.4,"[368.8809426140483, 22.723817825317383]"
F242013,10,45,0.5,"[368.7842684072889, 28.4000825881958]"
F242013,10,45,0.6,"[368.773911938252, 34.07667016983032]"
F242013,10,45,0.7,"[368.78720046726016, 39.7567925453186]"
F242013,10,45,0.8,"[369.46811766929727, 45.423595905303955]"
F242013,10,45,0.9,"[368.99484627589186, 51.092156410217285]"
F242013,10,45,1.0,"[369.24981205511335, 56.77541899681091]"
F242013,10,46,0.01,"[376.35897852172593, 0.5726473331451416]"
F242013,10,46,0.1,"[376.6150506765666, 5.671693563461304]"
F242013,10,46,0.2,"[376.6799392966409, 11.338019609451294]"
F242013,10,46,0.3,"[377.3886285082385, 16.99592089653015]"
F242013,10,46,0.4,"[376.9981621368131, 22.660603284835815]"
F242013,10,46,0.5,"[377.7931845582648, 28.317633390426636]"
F242013,10,46,0.6,"[377.7029502140292, 33.976001024246216]"
F242013,10,46,0.7,"[377.6965511983408, 39.64161396026611]"
F242013,10,46,0.8,"[377.52792171490773, 45.29795598983765]"
F242013,10,46,0.9,"[377.87721490592594, 50.95322370529175]"
F242013,10,46,1.0,"[377.07731720816446, 56.615896701812744]"
F242013,10,47,0.01,"[987.5337732384378, 0.5730898380279541]"
F242013,10,47,0.1,"[456.21262632634057, 5.68050217628479]"
F242013,10,47,0.2,"[471.6267193142087, 11.35164213180542]"
F242013,10,47,0.3,"[375.80490857726863, 17.017277479171753]"
F242013,10,47,0.4,"[395.6832662359002, 22.689689874649048]"
F242013,10,47,0.5,"[468.70482560995697, 28.355820655822754]"
F242013,10,47,0.6,"[483.1638687571808, 34.02030301094055]"
F242013,10,47,0.7,"[498.8606934734946, 39.697752714157104]"
F242013,10,47,0.8,"[429.9874064632902, 45.368736267089844]"
F242013,10,47,0.9,"[543.478877819362, 51.03896188735962]"
F242013,10,47,1.0,"[335.05399132706316, 56.72203779220581]"
F242013,10,48,0.01,"[383.2402639807999, 0.5698332786560059]"
F242013,10,48,0.1,"[258.82290491746744, 5.65337872505188]"
F242013,10,48,0.2,"[274.42546473914626, 11.292969703674316]"
F242013,10,48,0.3,"[236.51987590786098, 16.935081481933594]"
F242013,10,48,0.4,"[240.72045168460136, 22.57791018486023]"
F242013,10,48,0.5,"[237.87508855406668, 28.216256141662598]"
F242013,10,48,0.6,"[229.21111987815289, 33.85462188720703]"
F242013,10,48,0.7,"[239.2029204653968, 39.495890855789185]"
F242013,10,48,0.8,"[235.8226610619156, 45.129438161849976]"
F242013,10,48,0.9,"[226.7854189443824, 50.768354654312134]"
F242013,10,48,1.0,"[228.5067148213907, 56.41949772834778]"
F242013,10,49,0.01,"[366.3378270894475, 0.5727138519287109]"
F242013,10,49,0.1,"[367.63833971592, 5.674832344055176]"
F242013,10,49,0.2,"[372.37768340893217, 11.344903230667114]"
F242013,10,49,0.3,"[372.3420694080344, 17.012983798980713]"
F242013,10,49,0.4,"[373.93923671970333, 22.68411612510681]"
F242013,10,49,0.5,"[373.6448843234607, 28.346237659454346]"
F242013,10,49,0.6,"[370.31742866383, 34.0092933177948]"
F242013,10,49,0.7,"[368.70746245771716, 39.678518295288086]"
F242013,10,49,0.8,"[367.4640879651015, 45.3436164855957]"
F242013,10,49,0.9,"[370.72277654498043, 51.00899815559387]"
F242013,10,49,1.0,"[367.4493418343079, 56.688730239868164]"
F242013,10,50,0.01,"[525.1162606897456, 0.5776629447937012]"
F242013,10,50,0.1,"[446.666518095823, 5.691117763519287]"
F242013,10,50,0.2,"[454.6352538496369, 11.366030931472778]"
F242013,10,50,0.3,"[482.5077402854554, 17.03842043876648]"
F242013,10,50,0.4,"[474.1005004004023, 22.714651584625244]"
F242013,10,50,0.5,"[437.17800659820364, 28.383466482162476]"
F242013,10,50,0.6,"[458.28869988905535, 34.05983543395996]"
F242013,10,50,0.7,"[456.78233379668495, 39.7327299118042]"
F242013,10,50,0.8,"[456.87557628764876, 45.40572738647461]"
F242013,10,50,0.9,"[454.85715789752385, 51.08171272277832]"
F242013,10,50,1.0,"[438.2219922369318, 56.77119588851929]"
F242013,30,0,0.01,"[1410.835912618787, 2.7997965812683105]"
F242013,30,0,0.1,"[1025.7997158583478, 27.907577753067017]"
F242013,30,0,0.2,"[872.798804539319, 55.77505326271057]"
F242013,30,0,0.3,"[739.5362049074054, 83.69833278656006]"
F242013,30,0,0.4,"[526.7401245101339, 111.47313189506531]"
F242013,30,0,0.5,"[473.0655547858728, 139.24398756027222]"
F242013,30,0,0.6,"[453.1776290691623, 167.00646305084229]"
F242013,30,0,0.7,"[450.67532485362085, 194.81032919883728]"
F242013,30,0,0.8,"[595.6378135405657, 222.59438109397888]"
F242013,30,0,0.9,"[611.1187356313669, 250.40487575531006]"
F242013,30,0,1.0,"[667.2884702657411, 278.1520676612854]"
F242013,30,1,0.01,"[1684.8969360251594, 2.8173627853393555]"
F242013,30,1,0.1,"[1626.5765921958546, 28.008065938949585]"
F242013,30,1,0.2,"[1627.7778615796196, 55.95458769798279]"
F242013,30,1,0.3,"[1612.9770702007909, 83.98010611534119]"
F242013,30,1,0.4,"[1614.6145569397568, 111.94543385505676]"
F242013,30,1,0.5,"[1623.2562863500443, 139.9700882434845]"
F242013,30,1,0.6,"[1606.2785129688973, 167.98318886756897]"
F242013,30,1,0.7,"[1641.9966885977656, 196.8386480808258]"
F242013,30,1,0.8,"[1573.9424905754818, 229.1957676410675]"
F242013,30,1,0.9,"[1573.4801971847091, 261.6652891635895]"
F242013,30,1,1.0,"[1560.1932202833927, 292.18636441230774]"
F242013,30,2,0.01,"[860.192907871618, 2.801232099533081]"
F242013,30,2,0.1,"[629.6321897009366, 27.94180727005005]"
F242013,30,2,0.2,"[971.1765095480539, 55.84026622772217]"
F242013,30,2,0.3,"[742.1668643892958, 83.77009677886963]"
F242013,30,2,0.4,"[446.4704171788585, 111.66514706611633]"
F242013,30,2,0.5,"[494.86085677708434, 139.61899876594543]"
F242013,30,2,0.6,"[548.0623187665769, 167.5609049797058]"
F242013,30,2,0.7,"[539.7234590182675, 195.57616543769836]"
F242013,30,2,0.8,"[410.61634580719647, 223.5720818042755]"
F242013,30,2,0.9,"[406.97765087838775, 251.5854685306549]"
F242013,30,2,1.0,"[480.8534653526599, 279.53151512145996]"
F242013,30,3,0.01,"[1911.6380676783, 2.8073954582214355]"
F242013,30,3,0.1,"[1908.5090076274573, 27.987788200378418]"
F242013,30,3,0.2,"[1740.1197692839005, 55.9359450340271]"
F242013,30,3,0.3,"[1640.905971820478, 83.92567658424377]"
F242013,30,3,0.4,"[1664.3052008189406, 111.86475348472595]"
F242013,30,3,0.5,"[1684.986235998511, 139.84740614891052]"
F242013,30,3,0.6,"[1660.554908098714, 167.79759097099304]"
F242013,30,3,0.7,"[1796.0240684350374, 195.79464673995972]"
F242013,30,3,0.8,"[1698.7941866558035, 223.77946853637695]"
F242013,30,3,0.9,"[1727.7333594599386, 251.78803968429565]"
F242013,30,3,1.0,"[1650.02432560338, 279.7438397407532]"
F242013,30,4,0.01,"[1624.686165394548, 2.8002068996429443]"
F242013,30,4,0.1,"[749.8963477291916, 27.916597604751587]"
F242013,30,4,0.2,"[573.7924966149599, 55.79205942153931]"
F242013,30,4,0.3,"[522.0526277178553, 83.69887375831604]"
F242013,30,4,0.4,"[463.57270705329734, 111.5802493095398]"
F242013,30,4,0.5,"[471.6503877449213, 139.52431988716125]"
F242013,30,4,0.6,"[447.1086093275867, 167.3729691505432]"
F242013,30,4,0.7,"[447.48585499983415, 195.25293350219727]"
F242013,30,4,0.8,"[447.4302271366439, 223.11134362220764]"
F242013,30,4,0.9,"[427.4220664079585, 250.993483543396]"
F242013,30,4,1.0,"[445.6540312474035, 278.80833625793457]"
F242013,30,5,0.01,"[2628.859662370201, 2.823310136795044]"
F242013,30,5,0.1,"[1395.1885342267651, 27.973710536956787]"
F242013,30,5,0.2,"[923.4215815826374, 55.886444091796875]"
F242013,30,5,0.3,"[782.7512745500771, 83.7527985572815]"
F242013,30,5,0.4,"[774.4436913581844, 111.57716369628906]"
F242013,30,5,0.5,"[754.4748862072347, 139.45152521133423]"
F242013,30,5,0.6,"[765.8983217799832, 167.30364060401917]"
F242013,30,5,0.7,"[756.3663081646287, 195.210857629776]"
F242013,30,5,0.8,"[767.5140852887555, 223.10092854499817]"
F242013,30,5,0.9,"[744.0639060383905, 251.01240277290344]"
F242013,30,5,1.0,"[734.6358260802135, 278.8584065437317]"
F242013,30,6,0.01,"[946.23167072458, 2.8060131072998047]"
F242013,30,6,0.1,"[670.577719962417, 28.040469646453857]"
F242013,30,6,0.2,"[539.4349133294756, 56.06988215446472]"
F242013,30,6,0.3,"[534.1244595363901, 84.21788263320923]"
F242013,30,6,0.4,"[510.2050770382118, 112.26455926895142]"
F242013,30,6,0.5,"[498.6022323189652, 140.35170197486877]"
F242013,30,6,0.6,"[401.3648744956856, 168.38587307929993]"
F242013,30,6,0.7,"[531.1012251057405, 196.4815375804901]"
F242013,30,6,0.8,"[518.3071484114357, 224.53574967384338]"
F242013,30,6,0.9,"[490.3747361349119, 252.59678745269775]"
F242013,30,6,1.0,"[496.82655251158144, 280.64334058761597]"
F242013,30,7,0.01,"[1907.3711995489493, 2.79651141166687]"
F242013,30,7,0.1,"[1074.0634353285445, 27.904146909713745]"
F242013,30,7,0.2,"[1069.0988733462773, 55.781388998031616]"
F242013,30,7,0.3,"[832.7182573051628, 83.76239395141602]"
F242013,30,7,0.4,"[682.6789055163056, 111.74082541465759]"
F242013,30,7,0.5,"[917.9644077075031, 139.74592399597168]"
F242013,30,7,0.6,"[516.1824098235854, 167.6807301044464]"
F242013,30,7,0.7,"[1107.2495420618734, 195.64733600616455]"
F242013,30,7,0.8,"[631.497212310891, 223.59377360343933]"
F242013,30,7,0.9,"[762.4514761222856, 251.58676099777222]"
F242013,30,7,1.0,"[696.4619390749774, 279.4931204319]"
F242013,30,8,0.01,"[1366.0857275179342, 2.7970640659332275]"
F242013,30,8,0.1,"[527.9179730660187, 27.90235209465027]"
F242013,30,8,0.2,"[510.34427470777473, 55.78027939796448]"
F242013,30,8,0.3,"[1024.8217305412154, 83.69337296485901]"
F242013,30,8,0.4,"[854.8414115906346, 111.58496069908142]"
F242013,30,8,0.5,"[1200.341607765221, 139.60247826576233]"
F242013,30,8,0.6,"[788.5865466154573, 167.57659769058228]"
F242013,30,8,0.7,"[595.2832237263526, 195.58414578437805]"
F242013,30,8,0.8,"[678.9699433263497, 223.53392887115479]"
F242013,30,8,0.9,"[704.2525926274348, 251.51787400245667]"
F242013,30,8,1.0,"[767.8396563717774, 279.4530415534973]"
F242013,30,9,0.01,"[1583.7401071096683, 2.804051399230957]"
F242013,30,9,0.1,"[1340.7567858137018, 28.02402091026306]"
F242013,30,9,0.2,"[581.2558808114147, 56.037553787231445]"
F242013,30,9,0.3,"[662.6656593203973, 84.08396291732788]"
F242013,30,9,0.4,"[569.2524852350793, 112.05540108680725]"
F242013,30,9,0.5,"[610.5004856617993, 140.0688762664795]"
F242013,30,9,0.6,"[571.0149129452004, 168.09516739845276]"
F242013,30,9,0.7,"[747.1034699789848, 196.19864296913147]"
F242013,30,9,0.8,"[829.0689972983423, 224.2686789035797]"
F242013,30,9,0.9,"[517.6711631611204, 252.3519103527069]"
F242013,30,9,1.0,"[388.5074405511091, 280.3740417957306]"
F242013,30,10,0.01,"[2426.1991004757397, 2.8037359714508057]"
F242013,30,10,0.1,"[1254.9298349808223, 27.963072061538696]"
F242013,30,10,0.2,"[761.9117490029807, 55.90623664855957]"
F242013,30,10,0.3,"[782.9358660578575, 83.85221099853516]"
F242013,30,10,0.4,"[697.0540356607648, 111.78167009353638]"
F242013,30,10,0.5,"[797.4657134673516, 139.8024275302887]"
F242013,30,10,0.6,"[554.9341712813739, 167.77582621574402]"
F242013,30,10,0.7,"[443.58740019729294, 195.80679965019226]"
F242013,30,10,0.8,"[502.95403198630925, 223.78911805152893]"
F242013,30,10,0.9,"[520.4609148107381, 251.79382801055908]"
F242013,30,10,1.0,"[425.2595105587766, 279.7693657875061]"
F242013,30,11,0.01,"[2394.6039274614145, 3.2435648441314697]"
F242013,30,11,0.1,"[1129.12915915634, 32.39287304878235]"
F242013,30,11,0.2,"[550.6598328891159, 64.86862397193909]"
F242013,30,11,0.3,"[453.2534468659678, 97.39339709281921]"
F242013,30,11,0.4,"[582.2939144426264, 129.7804572582245]"
F242013,30,11,0.5,"[438.8648955320982, 162.2071418762207]"
F242013,30,11,0.6,"[786.8552147031819, 194.1214771270752]"
F242013,30,11,0.7,"[908.4111741142424, 222.10198426246643]"
F242013,30,11,0.8,"[669.2807164615288, 250.0271713733673]"
F242013,30,11,0.9,"[730.2308174912425, 277.94803071022034]"
F242013,30,11,1.0,"[714.1912167847438, 305.8061571121216]"
F242013,30,12,0.01,"[1786.3628056221323, 2.835599660873413]"
F242013,30,12,0.1,"[1035.828483268854, 28.174533128738403]"
F242013,30,12,0.2,"[521.6869166549191, 56.30972409248352]"
F242013,30,12,0.3,"[643.6732891961924, 84.47173142433167]"
F242013,30,12,0.4,"[763.2578604728142, 112.5879921913147]"
F242013,30,12,0.5,"[894.7358590953604, 140.75155568122864]"
F242013,30,12,0.6,"[651.4777491210111, 168.89132165908813]"
F242013,30,12,0.7,"[791.5627325083337, 197.07950162887573]"
F242013,30,12,0.8,"[1096.0037634214314, 225.2630410194397]"
F242013,30,12,0.9,"[919.5572840233508, 253.47935247421265]"
F242013,30,12,1.0,"[849.0027720559344, 281.6576066017151]"
F242013,30,13,0.01,"[959.6922282118685, 2.8057336807250977]"
F242013,30,13,0.1,"[746.3758769313304, 27.98815393447876]"
F242013,30,13,0.2,"[912.0889300673157, 55.93875193595886]"
F242013,30,13,0.3,"[1004.3129434110929, 83.92873406410217]"
F242013,30,13,0.4,"[886.0929669449506, 111.88749861717224]"
F242013,30,13,0.5,"[420.20426474473584, 139.89319610595703]"
F242013,30,13,0.6,"[494.73638515879543, 167.8637397289276]"
F242013,30,13,0.7,"[841.4192033341765, 195.8691086769104]"
F242013,30,13,0.8,"[709.685072091527, 223.81915712356567]"
F242013,30,13,0.9,"[565.3480484389502, 251.79740357398987]"
F242013,30,13,1.0,"[521.0297380549441, 279.72983145713806]"
F242013,30,14,0.01,"[1526.0873262944724, 2.890489101409912]"
F242013,30,14,0.1,"[1197.8652914897757, 28.02342987060547]"
F242013,30,14,0.2,"[1411.0872539961583, 55.93731904029846]"
F242013,30,14,0.3,"[698.6077554029594, 83.93950629234314]"
F242013,30,14,0.4,"[993.3336720817399, 111.85766434669495]"
F242013,30,14,0.5,"[666.3571548644536, 139.81556749343872]"
F242013,30,14,0.6,"[606.1751204093807, 167.74907898902893]"
F242013,30,14,0.7,"[540.0668244015214, 195.7222559452057]"
F242013,30,14,0.8,"[743.9882931547004, 223.68537163734436]"
F242013,30,14,0.9,"[513.6917021634729, 251.66767382621765]"
F242013,30,14,1.0,"[563.3959667859829, 279.58068013191223]"
F242013,30,15,0.01,"[1107.250320809997, 2.7980639934539795]"
F242013,30,15,0.1,"[828.8653896283577, 27.942938804626465]"
F242013,30,15,0.2,"[793.1318061903489, 55.859583377838135]"
F242013,30,15,0.3,"[1129.0084236185817, 83.81522512435913]"
F242013,30,15,0.4,"[924.0078968959119, 111.74958872795105]"
F242013,30,15,0.5,"[885.8737410932717, 139.75173139572144]"
F242013,30,15,0.6,"[478.066117334796, 167.73508739471436]"
F242013,30,15,0.7,"[556.4099954044787, 195.77183961868286]"
F242013,30,15,0.8,"[419.4597312218259, 223.76954650878906]"
F242013,30,15,0.9,"[404.7166327252039, 251.7631003856659]"
F242013,30,15,1.0,"[469.74479985996936, 279.6973867416382]"
F242013,30,16,0.01,"[1915.929171586402, 2.7872228622436523]"
F242013,30,16,0.1,"[872.7042221282352, 27.83101773262024]"
F242013,30,16,0.2,"[779.5351554169174, 55.65912342071533]"
F242013,30,16,0.3,"[775.2222016337068, 83.52311325073242]"
F242013,30,16,0.4,"[795.9244164979696, 111.34251952171326]"
F242013,30,16,0.5,"[736.3991045806338, 139.20894742012024]"
F242013,30,16,0.6,"[756.7887536789844, 167.0553684234619]"
F242013,30,16,0.7,"[722.0821993999361, 194.94679594039917]"
F242013,30,16,0.8,"[722.478553562858, 222.82847595214844]"
F242013,30,16,0.9,"[747.6614121334374, 250.73518252372742]"
F242013,30,16,1.0,"[738.9862158889623, 278.59884786605835]"
F242013,30,17,0.01,"[2395.042635811368, 2.812243700027466]"
F242013,30,17,0.1,"[1070.7341184672377, 27.957575798034668]"
F242013,30,17,0.2,"[783.908078137058, 55.85189723968506]"
F242013,30,17,0.3,"[827.6646664800146, 83.74481868743896]"
F242013,30,17,0.4,"[1402.978236236334, 111.60188245773315]"
F242013,30,17,0.5,"[739.0570594551132, 139.54267287254333]"
F242013,30,17,0.6,"[495.0791300126498, 167.4152672290802]"
F242013,30,17,0.7,"[589.995768112313, 195.33018112182617]"
F242013,30,17,0.8,"[679.9140729716769, 223.22366189956665]"
F242013,30,17,0.9,"[651.5015033175596, 251.14642214775085]"
F242013,30,17,1.0,"[523.8650782977502, 279.02984952926636]"
F242013,30,18,0.01,"[1832.5567166979245, 2.7977728843688965]"
F242013,30,18,0.1,"[1500.6619230592432, 27.913493394851685]"
F242013,30,18,0.2,"[1269.9301508821718, 55.79454159736633]"
F242013,30,18,0.3,"[1330.7941008392972, 83.73180031776428]"
F242013,30,18,0.4,"[1346.6060996960732, 111.65888810157776]"
F242013,30,18,0.5,"[1248.2488877635292, 139.6311492919922]"
F242013,30,18,0.6,"[1331.3912231803306, 167.56470322608948]"
F242013,30,18,0.7,"[1351.9574299415558, 195.52946782112122]"
F242013,30,18,0.8,"[1189.8991844218658, 223.42547154426575]"
F242013,30,18,0.9,"[1167.2764589150875, 251.35808515548706]"
F242013,30,18,1.0,"[1247.0401385322057, 279.24175667762756]"
F242013,30,19,0.01,"[2365.948354365184, 2.790635347366333]"
F242013,30,19,0.1,"[1163.6147296233448, 27.878751754760742]"
F242013,30,19,0.2,"[889.2022470813645, 55.716524600982666]"
F242013,30,19,0.3,"[633.5064770917486, 83.64037299156189]"
F242013,30,19,0.4,"[729.8019601670801, 111.47961473464966]"
F242013,30,19,0.5,"[782.2771940403643, 139.35256218910217]"
F242013,30,19,0.6,"[754.0606441505104, 167.17584776878357]"
F242013,30,19,0.7,"[552.7667960983476, 195.06385493278503]"
F242013,30,19,0.8,"[753.7356407140574, 222.93890643119812]"
F242013,30,19,0.9,"[846.4035127854261, 250.8329656124115]"
F242013,30,19,1.0,"[514.3406208118586, 278.67605423927307]"
F242013,30,20,0.01,"[1917.682247837718, 2.7984447479248047]"
F242013,30,20,0.1,"[1571.0918970233952, 27.93785834312439]"
F242013,30,20,0.2,"[1495.858264643824, 55.866485357284546]"
F242013,30,20,0.3,"[1470.3895388766896, 83.83369374275208]"
F242013,30,20,0.4,"[1487.6288215245513, 111.76010513305664]"
F242013,30,20,0.5,"[1284.4254263854746, 139.7215597629547]"
F242013,30,20,0.6,"[1371.9312693873044, 167.5948145389557]"
F242013,30,20,0.7,"[1197.9476501832369, 195.52553415298462]"
F242013,30,20,0.8,"[1252.3342729873334, 223.39791417121887]"
F242013,30,20,0.9,"[1168.7139112443583, 251.43375205993652]"
F242013,30,20,1.0,"[1194.9037365172408, 279.3574287891388]"
F242013,30,21,0.01,"[985.7848596358949, 2.7857449054718018]"
F242013,30,21,0.1,"[1130.5470431246013, 27.83472180366516]"
F242013,30,21,0.2,"[528.0964938193897, 55.65209984779358]"
F242013,30,21,0.3,"[541.6318963859837, 83.62279605865479]"
F242013,30,21,0.4,"[628.2845665307166, 111.42228031158447]"
F242013,30,21,0.5,"[491.78704635500753, 139.2980191707611]"
F242013,30,21,0.6,"[418.9012104016292, 167.13572812080383]"
F242013,30,21,0.7,"[421.6460301159402, 195.061537027359]"
F242013,30,21,0.8,"[396.0510777198533, 222.9432201385498]"
F242013,30,21,0.9,"[538.8306677401686, 250.8260316848755]"
F242013,30,21,1.0,"[546.7723232669587, 278.64354729652405]"
F242013,30,22,0.01,"[993.9444513228691, 2.7918262481689453]"
F242013,30,22,0.1,"[622.2735570084355, 27.87168312072754]"
F242013,30,22,0.2,"[639.3610922318835, 55.71321225166321]"
F242013,30,22,0.3,"[525.0528858410421, 83.57961988449097]"
F242013,30,22,0.4,"[594.4193316672436, 111.44030833244324]"
F242013,30,22,0.5,"[439.52090018823947, 139.33967304229736]"
F242013,30,22,0.6,"[435.5054367224352, 167.19400024414062]"
F242013,30,22,0.7,"[517.3647416826075, 195.08946228027344]"
F242013,30,22,0.8,"[431.7310753373713, 222.91206860542297]"
F242013,30,22,0.9,"[467.1246905658072, 250.76386904716492]"
F242013,30,22,1.0,"[379.961439913503, 278.60018491744995]"
F242013,30,23,0.01,"[1923.9036211538892, 2.804940938949585]"
F242013,30,23,0.1,"[1925.3691444957212, 27.917275428771973]"
F242013,30,23,0.2,"[1923.3289246127006, 55.81242895126343]"
F242013,30,23,0.3,"[1954.5603207755576, 83.75240278244019]"
F242013,30,23,0.4,"[1931.2257450657453, 111.6489634513855]"
F242013,30,23,0.5,"[1910.2492175860716, 139.64209604263306]"
F242013,30,23,0.6,"[1938.0972535814276, 167.56408834457397]"
F242013,30,23,0.7,"[1926.6113024410115, 195.54973459243774]"
F242013,30,23,0.8,"[1931.9212096124756, 223.470148563385]"
F242013,30,23,0.9,"[1931.1643944372422, 251.40969920158386]"
F242013,30,23,1.0,"[1933.1407468604311, 279.31091833114624]"
F242013,30,24,0.01,"[1484.6074458242083, 2.8404059410095215]"
F242013,30,24,0.1,"[790.4483099605638, 28.11493945121765]"
F242013,30,24,0.2,"[1214.9942448781103, 56.13957762718201]"
F242013,30,24,0.3,"[670.890165528308, 84.16718792915344]"
F242013,30,24,0.4,"[750.5524464903813, 112.16183757781982]"
F242013,30,24,0.5,"[784.7903466919606, 140.26645040512085]"
F242013,30,24,0.6,"[559.9693350253362, 168.31327724456787]"
F242013,30,24,0.7,"[419.2905399455258, 196.51098608970642]"
F242013,30,24,0.8,"[491.67631147827365, 224.62111163139343]"
F242013,30,24,0.9,"[560.4768580257874, 252.75182628631592]"
F242013,30,24,1.0,"[532.4814044381328, 280.82921624183655]"
F242013,30,25,0.01,"[1606.778561098913, 2.8099427223205566]"
F242013,30,25,0.1,"[824.8290433239572, 28.02677607536316]"
F242013,30,25,0.2,"[418.3646648544229, 56.005491495132446]"
F242013,30,25,0.3,"[411.0577660250399, 84.01865887641907]"
F242013,30,25,0.4,"[431.9883777941068, 111.98373985290527]"
F242013,30,25,0.5,"[597.6396411023497, 139.96839904785156]"
F242013,30,25,0.6,"[798.9486012471928, 167.96219611167908]"
F242013,30,25,0.7,"[649.276754501182, 196.02626514434814]"
F242013,30,25,0.8,"[543.0056161645452, 224.06465697288513]"
F242013,30,25,0.9,"[429.6095217062243, 252.12483668327332]"
F242013,30,25,1.0,"[444.79399638218, 280.1335275173187]"
F242013,30,26,0.01,"[2281.5342536880235, 2.811208963394165]"
F242013,30,26,0.1,"[1251.3311692361435, 27.998372316360474]"
F242013,30,26,0.2,"[1007.7831190075963, 55.95587730407715]"
F242013,30,26,0.3,"[1101.5180348567897, 83.94868922233582]"
F242013,30,26,0.4,"[787.6625913617709, 111.92124342918396]"
F242013,30,26,0.5,"[920.1966618679166, 139.97481966018677]"
F242013,30,26,0.6,"[512.7217817659671, 167.99652194976807]"
F242013,30,26,0.7,"[456.580334573287, 196.12130045890808]"
F242013,30,26,0.8,"[456.3821319580343, 224.20448565483093]"
F242013,30,26,0.9,"[392.280304255381, 252.3078966140747]"
F242013,30,26,1.0,"[422.1626993371033, 280.3456175327301]"
F242013,30,27,0.01,"[2116.72998899491, 2.8054699897766113]"
F242013,30,27,0.1,"[769.0930646195729, 27.959944248199463]"
F242013,30,27,0.2,"[781.1573809633533, 55.87207770347595]"
F242013,30,27,0.3,"[900.779889100449, 83.83284497261047]"
F242013,30,27,0.4,"[839.8964342759309, 111.76797223091125]"
F242013,30,27,0.5,"[596.9384852663552, 139.75824546813965]"
F242013,30,27,0.6,"[763.7131420091246, 167.7283697128296]"
F242013,30,27,0.7,"[1062.707910563725, 195.74373483657837]"
F242013,30,27,0.8,"[1181.9583151927745, 223.72151923179626]"
F242013,30,27,0.9,"[706.9791222951683, 251.74710869789124]"
F242013,30,27,1.0,"[436.9272807620878, 279.6885223388672]"
F242013,30,28,0.01,"[2138.4166229990824, 2.805532693862915]"
F242013,30,28,0.1,"[1507.7929707902717, 27.943693161010742]"
F242013,30,28,0.2,"[1461.6367811587743, 55.84794783592224]"
F242013,30,28,0.3,"[1368.619301994494, 83.81309866905212]"
F242013,30,28,0.4,"[1323.944551423966, 111.72977423667908]"
F242013,30,28,0.5,"[1163.6575937383723, 139.68929266929626]"
F242013,30,28,0.6,"[1302.2775749925913, 167.56483626365662]"
F242013,30,28,0.7,"[1178.418640249326, 195.52314591407776]"
F242013,30,28,0.8,"[1183.8692621675873, 223.4453113079071]"
F242013,30,28,0.9,"[1741.092626596202, 251.4060196876526]"
F242013,30,28,1.0,"[1468.0568591829615, 279.3274691104889]"
F242013,30,29,0.01,"[1649.2973908541958, 2.811593532562256]"
F242013,30,29,0.1,"[808.255886870224, 28.054560661315918]"
F242013,30,29,0.2,"[690.3248873778793, 56.07888841629028]"
F242013,30,29,0.3,"[830.3301319106631, 84.12568640708923]"
F242013,30,29,0.4,"[662.3268166616019, 112.13927435874939]"
F242013,30,29,0.5,"[479.42920120072654, 140.18060183525085]"
F242013,30,29,0.6,"[575.6149494387682, 168.18547105789185]"
F242013,30,29,0.7,"[522.0956866655738, 196.24328541755676]"
F242013,30,29,0.8,"[513.1191922440353, 224.31210780143738]"
F242013,30,29,0.9,"[999.5009401562361, 252.38520193099976]"
F242013,30,29,1.0,"[713.5380594147096, 280.41217136383057]"
F242013,30,30,0.01,"[1092.0479858279896, 2.81000018119812]"
F242013,30,30,0.1,"[577.4610732773695, 28.018271923065186]"
F242013,30,30,0.2,"[440.71692832192616, 55.979270935058594]"
F242013,30,30,0.3,"[422.9331736521806, 83.95308780670166]"
F242013,30,30,0.4,"[585.1960444972074, 111.88755583763123]"
F242013,30,30,0.5,"[845.1717290081519, 139.8675389289856]"
F242013,30,30,0.6,"[936.416571890398, 167.8553695678711]"
F242013,30,30,0.7,"[797.8023102120719, 195.92126774787903]"
F242013,30,30,0.8,"[488.089342281952, 223.954763174057]"
F242013,30,30,0.9,"[557.9363902207076, 252.00224614143372]"
F242013,30,30,1.0,"[542.6564694934757, 280.01417875289917]"
F242013,30,31,0.01,"[2351.4356880484784, 2.877423048019409]"
F242013,30,31,0.1,"[841.7879159043332, 28.104853630065918]"
F242013,30,31,0.2,"[889.2441787836317, 56.104788064956665]"
F242013,30,31,0.3,"[700.822412512241, 84.13220500946045]"
F242013,30,31,0.4,"[387.19368519518025, 112.12177777290344]"
F242013,30,31,0.5,"[510.638697409981, 140.17400765419006]"
F242013,30,31,0.6,"[697.7300106823027, 168.19064831733704]"
F242013,30,31,0.7,"[867.0063234174643, 196.29548239707947]"
F242013,30,31,0.8,"[797.0685262708716, 224.3797538280487]"
F242013,30,31,0.9,"[671.9152919382736, 252.47605276107788]"
F242013,30,31,1.0,"[706.5011596908553, 280.53141021728516]"
F242013,30,32,0.01,"[484.50945111197643, 2.8035643100738525]"
F242013,30,32,0.1,"[367.8407601225865, 27.92595410346985]"
F242013,30,32,0.2,"[375.1644982879534, 55.788498401641846]"
F242013,30,32,0.3,"[394.1749519049424, 83.73674869537354]"
F242013,30,32,0.4,"[404.6781990789027, 111.64231657981873]"
F242013,30,32,0.5,"[932.9931701737441, 139.59815049171448]"
F242013,30,32,0.6,"[631.8197769949986, 167.5492708683014]"
F242013,30,32,0.7,"[774.6836799517519, 195.56882524490356]"
F242013,30,32,0.8,"[666.0687675610225, 223.55640077590942]"
F242013,30,32,0.9,"[874.3191654972302, 251.56848692893982]"
F242013,30,32,1.0,"[998.4411161159887, 279.5296223163605]"
F242013,30,33,0.01,"[1265.124433246162, 2.809920072555542]"
F242013,30,33,0.1,"[1147.625916973262, 27.998645305633545]"
F242013,30,33,0.2,"[720.1870494990978, 55.940006732940674]"
F242013,30,33,0.3,"[552.1311277365835, 84.0069739818573]"
F242013,30,33,0.4,"[463.44428256159154, 112.08074712753296]"
F242013,30,33,0.5,"[373.8379823362616, 140.19950485229492]"
F242013,30,33,0.6,"[517.2546243474176, 168.29614067077637]"
F242013,30,33,0.7,"[707.9728226478433, 196.40670442581177]"
F242013,30,33,0.8,"[537.158330087022, 224.46765780448914]"
F242013,30,33,0.9,"[719.6662585894042, 252.5445704460144]"
F242013,30,33,1.0,"[646.077809760739, 280.5795359611511]"
F242013,30,34,0.01,"[2077.155922711375, 2.7948479652404785]"
F242013,30,34,0.1,"[1720.9777045401424, 27.867109537124634]"
F242013,30,34,0.2,"[1747.2823754998217, 55.69063115119934]"
F242013,30,34,0.3,"[576.3310607420015, 83.5668842792511]"
F242013,30,34,0.4,"[548.5022656326896, 111.40577983856201]"
F242013,30,34,0.5,"[570.1171728863185, 139.29215931892395]"
F242013,30,34,0.6,"[545.1671396332861, 167.1678910255432]"
F242013,30,34,0.7,"[482.49000936843163, 195.09772396087646]"
F242013,30,34,0.8,"[477.28726612722267, 223.00444865226746]"
F242013,30,34,0.9,"[516.9114919929643, 250.91529846191406]"
F242013,30,34,1.0,"[434.40998766822577, 278.7863790988922]"
F242013,30,35,0.01,"[1259.8318305656267, 2.7921197414398193]"
F242013,30,35,0.1,"[822.1659494831554, 27.841097354888916]"
F242013,30,35,0.2,"[910.3762400076359, 55.65135478973389]"
F242013,30,35,0.3,"[623.6133340432493, 83.49827647209167]"
F242013,30,35,0.4,"[1052.3436774304882, 111.2964653968811]"
F242013,30,35,0.5,"[1174.5595174570258, 139.16022062301636]"
F242013,30,35,0.6,"[1011.1823125424576, 167.02834844589233]"
F242013,30,35,0.7,"[674.455864618524, 194.9231617450714]"
F242013,30,35,0.8,"[582.5653897670727, 222.81575727462769]"
F242013,30,35,0.9,"[616.7010336701887, 250.70973372459412]"
F242013,30,35,1.0,"[430.4602582729183, 278.51948642730713]"
F242013,30,36,0.01,"[1405.195417960651, 2.8004109859466553]"
F242013,30,36,0.1,"[1005.8887330284706, 27.922099590301514]"
F242013,30,36,0.2,"[476.9042561156964, 55.79326295852661]"
F242013,30,36,0.3,"[446.74956761010594, 83.73953604698181]"
F242013,30,36,0.4,"[553.5352573041685, 111.66489148139954]"
F242013,30,36,0.5,"[672.5778584793457, 139.60387420654297]"
F242013,30,36,0.6,"[824.9026752994105, 167.50199389457703]"
F242013,30,36,0.7,"[492.69906936758593, 195.45515394210815]"
F242013,30,36,0.8,"[416.0140848489991, 223.37693738937378]"
F242013,30,36,0.9,"[490.4993879165356, 251.32710075378418]"
F242013,30,36,1.0,"[864.1748750965016, 279.2268714904785]"
F242013,30,37,0.01,"[2147.8940567455957, 2.792559862136841]"
F242013,30,37,0.1,"[1923.2721712188272, 27.89280128479004]"
F242013,30,37,0.2,"[1830.9142614817183, 55.74333453178406]"
F242013,30,37,0.3,"[1347.3705704113477, 83.6250855922699]"
F242013,30,37,0.4,"[696.4286257243423, 111.49607753753662]"
F242013,30,37,0.5,"[436.8913906365033, 139.42548489570618]"
F242013,30,37,0.6,"[829.9013945722843, 167.3185932636261]"
F242013,30,37,0.7,"[1142.0216457258857, 195.26728105545044]"
F242013,30,37,0.8,"[678.2946164824925, 223.18935751914978]"
F242013,30,37,0.9,"[891.7752018796614, 251.13505697250366]"
F242013,30,37,1.0,"[694.9235594180313, 279.01788878440857]"
F242013,30,38,0.01,"[1554.8230382341867, 2.81112003326416]"
F242013,30,38,0.1,"[881.1375905100113, 28.005311965942383]"
F242013,30,38,0.2,"[814.3290722871384, 55.94863247871399]"
F242013,30,38,0.3,"[889.1275456305711, 83.91893458366394]"
F242013,30,38,0.4,"[1286.971830791852, 111.86056685447693]"
F242013,30,38,0.5,"[971.2264475263378, 139.84475946426392]"
F242013,30,38,0.6,"[703.9650496596944, 167.83797216415405]"
F242013,30,38,0.7,"[959.57927427648, 195.87541389465332]"
F242013,30,38,0.8,"[1104.861450709227, 223.90150928497314]"
F242013,30,38,0.9,"[1380.0919417714667, 251.9443485736847]"
F242013,30,38,1.0,"[761.0133706122801, 279.92180824279785]"
F242013,30,39,0.01,"[1862.278811858871, 2.793107748031616]"
F242013,30,39,0.1,"[1222.7254138747649, 27.8354012966156]"
F242013,30,39,0.2,"[755.3709013327646, 55.606098890304565]"
F242013,30,39,0.3,"[888.7301579076538, 83.42295455932617]"
F242013,30,39,0.4,"[578.3949998489529, 111.21880030632019]"
F242013,30,39,0.5,"[505.4438339064268, 139.06952214241028]"
F242013,30,39,0.6,"[799.0697839811421, 166.8753879070282]"
F242013,30,39,0.7,"[500.3388884008202, 194.7223241329193]"
F242013,30,39,0.8,"[443.94368835115074, 222.5450518131256]"
F242013,30,39,0.9,"[471.5775718297316, 250.42251801490784]"
F242013,30,39,1.0,"[649.6368729057504, 278.2331807613373]"
F242013,30,40,0.01,"[2030.7294869704929, 2.799241065979004]"
F242013,30,40,0.1,"[1337.1420340903815, 27.903496742248535]"
F242013,30,40,0.2,"[864.2621287904497, 55.76389837265015]"
F242013,30,40,0.3,"[788.4294257760257, 83.66558861732483]"
F242013,30,40,0.4,"[511.7309873788263, 111.54276132583618]"
F242013,30,40,0.5,"[432.03350536647713, 139.49320149421692]"
F242013,30,40,0.6,"[526.8117652240376, 167.44272470474243]"
F242013,30,40,0.7,"[1011.1637038117838, 195.44152808189392]"
F242013,30,40,0.8,"[692.0710746370023, 223.39915227890015]"
F242013,30,40,0.9,"[835.8978027452767, 251.38296675682068]"
F242013,30,40,1.0,"[529.0888367476296, 279.30151319503784]"
F242013,30,41,0.01,"[1398.9266206757966, 2.795908212661743]"
F242013,30,41,0.1,"[611.6178933995657, 27.863508939743042]"
F242013,30,41,0.2,"[391.61164976589976, 55.67327928543091]"
F242013,30,41,0.3,"[403.74231304670957, 83.50262832641602]"
F242013,30,41,0.4,"[398.01787009100167, 111.29914355278015]"
F242013,30,41,0.5,"[557.8899617906236, 139.17409229278564]"
F242013,30,41,0.6,"[684.0612881039156, 167.0269272327423]"
F242013,30,41,0.7,"[491.07876381871324, 194.90923619270325]"
F242013,30,41,0.8,"[624.331964610061, 222.77697157859802]"
F242013,30,41,0.9,"[454.7897552226905, 250.66595339775085]"
F242013,30,41,1.0,"[462.6777891723318, 278.48499941825867]"
F242013,30,42,0.01,"[2017.4029384911505, 2.8005030155181885]"
F242013,30,42,0.1,"[2045.0084118038453, 27.874637126922607]"
F242013,30,42,0.2,"[1962.0466722474143, 55.7022545337677]"
F242013,30,42,0.3,"[1963.8037051744132, 83.55748653411865]"
F242013,30,42,0.4,"[1855.5492924071573, 111.37918782234192]"
F242013,30,42,0.5,"[1875.753969085361, 139.251647233963]"
F242013,30,42,0.6,"[1915.057570326815, 167.1066436767578]"
F242013,30,42,0.7,"[1937.3479153913395, 195.00771594047546]"
F242013,30,42,0.8,"[1893.5791079958076, 222.89190340042114]"
F242013,30,42,0.9,"[1889.9336947607317, 250.7933349609375]"
F242013,30,42,1.0,"[1910.4543778674179, 278.6348965167999]"
F242013,30,43,0.01,"[2078.5515289106033, 2.8080201148986816]"
F242013,30,43,0.1,"[1124.585669639383, 28.00623321533203]"
F242013,30,43,0.2,"[610.350050590589, 55.915385723114014]"
F242013,30,43,0.3,"[485.8176918897643, 83.9105954170227]"
F242013,30,43,0.4,"[473.29486295862307, 111.83894276618958]"
F242013,30,43,0.5,"[510.0863171806077, 139.80290246009827]"
F242013,30,43,0.6,"[800.1675262111314, 167.75781631469727]"
F242013,30,43,0.7,"[741.6198916478515, 195.75947856903076]"
F242013,30,43,0.8,"[1164.6354212165706, 223.74299025535583]"
F242013,30,43,0.9,"[924.4445303567327, 251.739333152771]"
F242013,30,43,1.0,"[745.803155538795, 279.6868064403534]"
F242013,30,44,0.01,"[1911.9549764808899, 2.8022987842559814]"
F242013,30,44,0.1,"[665.7715112164856, 27.911529064178467]"
F242013,30,44,0.2,"[826.317464968151, 55.76939272880554]"
F242013,30,44,0.3,"[1054.991899549761, 83.68054962158203]"
F242013,30,44,0.4,"[787.9070054867066, 111.57716608047485]"
F242013,30,44,0.5,"[657.6263732974885, 139.49108862876892]"
F242013,30,44,0.6,"[1094.0941607220238, 167.34962439537048]"
F242013,30,44,0.7,"[1009.0601876711339, 195.25762295722961]"
F242013,30,44,0.8,"[1057.2284337583123, 223.1221263408661]"
F242013,30,44,0.9,"[994.6469650048061, 251.0310502052307]"
F242013,30,44,1.0,"[752.0484432617302, 278.9085199832916]"
F242013,30,45,0.01,"[1954.279409935115, 2.797978401184082]"
F242013,30,45,0.1,"[868.458223171067, 27.866562604904175]"
F242013,30,45,0.2,"[676.6444703978646, 55.70871543884277]"
F242013,30,45,0.3,"[683.412052321984, 83.56621980667114]"
F242013,30,45,0.4,"[571.1881573998978, 111.37431192398071]"
F242013,30,45,0.5,"[621.1774482217775, 139.2200756072998]"
F242013,30,45,0.6,"[430.5437851468514, 167.04414081573486]"
F242013,30,45,0.7,"[411.6202041730187, 194.88417792320251]"
F242013,30,45,0.8,"[443.13678116156143, 222.6544647216797]"
F242013,30,45,0.9,"[396.4370568890315, 250.4879186153412]"
F242013,30,45,1.0,"[464.4252265001112, 278.328754901886]"
F242013,30,46,0.01,"[1962.1709546369293, 2.807758092880249]"
F242013,30,46,0.1,"[824.8381612578974, 27.944092988967896]"
F242013,30,46,0.2,"[768.1204885838288, 55.858278036117554]"
F242013,30,46,0.3,"[784.6213938739083, 83.82382321357727]"
F242013,30,46,0.4,"[874.0476821029695, 111.7464702129364]"
F242013,30,46,0.5,"[693.2960771299822, 139.64283871650696]"
F242013,30,46,0.6,"[1245.210152426066, 167.47980642318726]"
F242013,30,46,0.7,"[519.8302581983717, 195.41277933120728]"
F242013,30,46,0.8,"[723.3536711890642, 223.35717010498047]"
F242013,30,46,0.9,"[675.5906135622406, 251.3288929462433]"
F242013,30,46,1.0,"[627.234229245837, 279.27172684669495]"
F242013,30,47,0.01,"[2131.7909246393388, 2.798659324645996]"
F242013,30,47,0.1,"[2011.6030188935092, 27.89098358154297]"
F242013,30,47,0.2,"[1928.4549970732273, 55.726513385772705]"
F242013,30,47,0.3,"[1932.6276660534868, 83.59704375267029]"
F242013,30,47,0.4,"[1935.4447481274938, 111.46190094947815]"
F242013,30,47,0.5,"[1903.637873375042, 139.38812947273254]"
F242013,30,47,0.6,"[1928.887376457199, 167.29306840896606]"
F242013,30,47,0.7,"[1904.312446236237, 195.23761749267578]"
F242013,30,47,0.8,"[1947.6721914706172, 223.1607642173767]"
F242013,30,47,0.9,"[1909.177954349183, 251.08704042434692]"
F242013,30,47,1.0,"[1859.9153575559185, 278.9436671733856]"
F242013,30,48,0.01,"[2098.3266905267396, 2.779419422149658]"
F242013,30,48,0.1,"[1479.4661793260257, 27.70173192024231]"
F242013,30,48,0.2,"[1614.17798001352, 55.647364139556885]"
F242013,30,48,0.3,"[841.415052023995, 83.38269400596619]"
F242013,30,48,0.4,"[835.1231694961136, 111.0588047504425]"
F242013,30,48,0.5,"[700.6713750679842, 138.75591111183167]"
F242013,30,48,0.6,"[413.15217295369416, 166.42187476158142]"
F242013,30,48,0.7,"[428.012523923614, 194.06918001174927]"
F242013,30,48,0.8,"[414.7525509297277, 221.69073677062988]"
F242013,30,48,0.9,"[525.6115036067231, 249.3239336013794]"
F242013,30,48,1.0,"[714.6253797849786, 276.9377689361572]"
F242013,30,49,0.01,"[2519.026141553639, 2.7975285053253174]"
F242013,30,49,0.1,"[1368.7103975977525, 27.930251598358154]"
F242013,30,49,0.2,"[835.407290656392, 55.804964780807495]"
F242013,30,49,0.3,"[551.6167447347593, 83.71678447723389]"
F242013,30,49,0.4,"[1281.3199153710357, 111.59288191795349]"
F242013,30,49,0.5,"[613.667175794578, 139.51633739471436]"
F242013,30,49,0.6,"[464.48067977802907, 167.40845346450806]"
F242013,30,49,0.7,"[508.3415639078971, 195.3216574192047]"
F242013,30,49,0.8,"[535.7833239228285, 223.22757959365845]"
F242013,30,49,0.9,"[470.33729568793774, 251.15117502212524]"
F242013,30,49,1.0,"[551.3534631244538, 279.0160460472107]"
F242013,30,50,0.01,"[1822.9516690012197, 2.798905611038208]"
F242013,30,50,0.1,"[1096.2114176044943, 27.93542981147766]"
F242013,30,50,0.2,"[612.9861623489642, 55.847180128097534]"
F242013,30,50,0.3,"[932.6207187335378, 83.8066680431366]"
F242013,30,50,0.4,"[654.5761387074576, 111.72250866889954]"
F242013,30,50,0.5,"[504.30157393380614, 139.67878913879395]"
F242013,30,50,0.6,"[447.1268220357683, 167.5987536907196]"
F242013,30,50,0.7,"[525.5882019922601, 195.53625440597534]"
F242013,30,50,0.8,"[798.8251188048307, 223.44704365730286]"
F242013,30,50,0.9,"[506.22949859688333, 251.38093781471252]"
F242013,30,50,1.0,"[469.0288224737076, 279.2832691669464]"
F242013,50,0,0.01,"[3588.6932009093953, 6.472118139266968]"
F242013,50,0,0.1,"[2108.596783594487, 64.12741112709045]"
F242013,50,0,0.2,"[1048.8387991989553, 128.0142858028412]"
F242013,50,0,0.3,"[986.4770695847415, 191.77603340148926]"
F242013,50,0,0.4,"[877.2985675755108, 255.6465561389923]"
F242013,50,0,0.5,"[838.4119017941798, 324.35888743400574]"
F242013,50,0,0.6,"[825.6167182168233, 396.92890334129333]"
F242013,50,0,0.7,"[811.1161736157578, 468.70037937164307]"
F242013,50,0,0.8,"[825.7629084741088, 532.5186138153076]"
F242013,50,0,0.9,"[788.3603711182213, 596.2645502090454]"
F242013,50,0,1.0,"[787.6861025792705, 660.2191107273102]"
F242013,50,1,0.01,"[3523.702742552373, 6.451576471328735]"
F242013,50,1,0.1,"[2091.6555570479377, 63.92974495887756]"
F242013,50,1,0.2,"[1684.8049238670328, 127.85031628608704]"
F242013,50,1,0.3,"[1524.9848719049965, 191.6999089717865]"
F242013,50,1,0.4,"[1234.36587756151, 255.43933248519897]"
F242013,50,1,0.5,"[1025.9971249441794, 319.08245849609375]"
F242013,50,1,0.6,"[747.9186175904397, 382.843092918396]"
F242013,50,1,0.7,"[800.618592660258, 446.531574010849]"
F242013,50,1,0.8,"[1704.6771996039179, 510.37317395210266]"
F242013,50,1,0.9,"[1113.5853830771634, 574.0917162895203]"
F242013,50,1,1.0,"[1372.4123554274493, 638.0277097225189]"
F242013,50,2,0.01,"[3093.501130937326, 6.520183324813843]"
F242013,50,2,0.1,"[2522.186786361936, 64.34159302711487]"
F242013,50,2,0.2,"[2744.654547659889, 128.66165041923523]"
F242013,50,2,0.3,"[2392.0536591479413, 192.915629863739]"
F242013,50,2,0.4,"[2268.031584543837, 257.1985385417938]"
F242013,50,2,0.5,"[2242.426695819916, 321.2870054244995]"
F242013,50,2,0.6,"[2231.882857806555, 385.21014404296875]"
F242013,50,2,0.7,"[2162.0339219327693, 449.1083447933197]"
F242013,50,2,0.8,"[2155.359727232599, 513.0938594341278]"
F242013,50,2,0.9,"[2098.063274735296, 577.0738730430603]"
F242013,50,2,1.0,"[2076.4285538153713, 641.2887778282166]"
F242013,50,3,0.01,"[3272.9209015864926, 6.504550933837891]"
F242013,50,3,0.1,"[1685.771541810107, 64.30165457725525]"
F242013,50,3,0.2,"[1278.4096113865644, 128.60461735725403]"
F242013,50,3,0.3,"[1389.5162239410238, 192.81862330436707]"
F242013,50,3,0.4,"[1485.4223835146963, 257.0658676624298]"
F242013,50,3,0.5,"[1794.132843848046, 321.20665550231934]"
F242013,50,3,0.6,"[817.6698317451662, 385.39660239219666]"
F242013,50,3,0.7,"[670.4459711783193, 449.3332431316376]"
F242013,50,3,0.8,"[559.9932372540493, 513.3257391452789]"
F242013,50,3,0.9,"[760.6933310783675, 577.3175802230835]"
F242013,50,3,1.0,"[807.1818686407239, 641.5543282032013]"
F242013,50,4,0.01,"[4151.012128088136, 6.477876901626587]"
F242013,50,4,0.1,"[1845.0609533450197, 64.24483728408813]"
F242013,50,4,0.2,"[1768.6126211014398, 128.52722787857056]"
F242013,50,4,0.3,"[1052.929652259878, 192.77052545547485]"
F242013,50,4,0.4,"[1023.2566057025144, 257.0393342971802]"
F242013,50,4,0.5,"[1083.6556478063776, 321.1231994628906]"
F242013,50,4,0.6,"[908.4873117488405, 385.3203504085541]"
F242013,50,4,0.7,"[1316.617298779268, 449.47658491134644]"
F242013,50,4,0.8,"[960.5783791755957, 513.6955707073212]"
F242013,50,4,0.9,"[1332.3234872070298, 577.6933305263519]"
F242013,50,4,1.0,"[1124.9667316377809, 641.9609761238098]"
F242013,50,5,0.01,"[3752.3076712976363, 6.463553428649902]"
F242013,50,5,0.1,"[1793.6569045666047, 64.06096625328064]"
F242013,50,5,0.2,"[1948.7255143890343, 128.1146845817566]"
F242013,50,5,0.3,"[1151.1660491812754, 192.08893728256226]"
F242013,50,5,0.4,"[1230.3572677701486, 256.1108207702637]"
F242013,50,5,0.5,"[1161.773134020405, 320.04641103744507]"
F242013,50,5,0.6,"[839.7866490295282, 384.0308027267456]"
F242013,50,5,0.7,"[914.8649661208738, 447.963534116745]"
F242013,50,5,0.8,"[773.4808805316966, 511.9650402069092]"
F242013,50,5,0.9,"[765.3165530721503, 576.0061011314392]"
F242013,50,5,1.0,"[791.2362038679398, 640.1293997764587]"
F242013,50,6,0.01,"[2301.891161848166, 7.365546464920044]"
F242013,50,6,0.1,"[1612.274932288341, 72.9954481124878]"
F242013,50,6,0.2,"[1081.4945968731563, 146.02940917015076]"
F242013,50,6,0.3,"[956.4834681583698, 212.09100651741028]"
F242013,50,6,0.4,"[915.1162312893398, 276.111745595932]"
F242013,50,6,0.5,"[918.019093425183, 340.1156356334686]"
F242013,50,6,0.6,"[1388.1083928176213, 404.16807317733765]"
F242013,50,6,0.7,"[1339.3002486420473, 468.10750579833984]"
F242013,50,6,0.8,"[1209.50765841758, 532.1467282772064]"
F242013,50,6,0.9,"[1546.1301338942303, 596.2330875396729]"
F242013,50,6,1.0,"[1341.755864202949, 660.4936428070068]"
F242013,50,7,0.01,"[2793.420514173706, 6.471679925918579]"
F242013,50,7,0.1,"[3120.729203875515, 64.17785453796387]"
F242013,50,7,0.2,"[2036.381092393197, 128.36105728149414]"
F242013,50,7,0.3,"[1250.0877731170613, 192.48091435432434]"
F242013,50,7,0.4,"[1513.8981698690186, 256.65826869010925]"
F242013,50,7,0.5,"[1390.4238186937428, 320.74428057670593]"
F242013,50,7,0.6,"[1008.8126556697143, 384.89055585861206]"
F242013,50,7,0.7,"[1558.5634071994182, 448.9687592983246]"
F242013,50,7,0.8,"[1188.7346256367855, 513.171483039856]"
F242013,50,7,0.9,"[1125.304996571217, 577.3772451877594]"
F242013,50,7,1.0,"[647.8499167787427, 641.7477560043335]"
F242013,50,8,0.01,"[3974.66030897947, 6.4738898277282715]"
F242013,50,8,0.1,"[3288.0053849221476, 64.11912679672241]"
F242013,50,8,0.2,"[1788.8398976992048, 128.2965669631958]"
F242013,50,8,0.3,"[996.2974190723751, 192.40536379814148]"
F242013,50,8,0.4,"[997.0041596174519, 256.51762342453003]"
F242013,50,8,0.5,"[1352.3173925268866, 320.56345796585083]"
F242013,50,8,0.6,"[1614.037368797441, 384.81757140159607]"
F242013,50,8,0.7,"[1383.7067061708785, 449.13824939727783]"
F242013,50,8,0.8,"[1049.158447565209, 513.37335896492]"
F242013,50,8,0.9,"[1036.1706262293449, 577.5868487358093]"
F242013,50,8,1.0,"[957.6704150164824, 642.0659749507904]"
F242013,50,9,0.01,"[3592.7710869085895, 6.47501540184021]"
F242013,50,9,0.1,"[2163.2726532998813, 64.17824912071228]"
F242013,50,9,0.2,"[1514.2055932237313, 128.26278352737427]"
F242013,50,9,0.3,"[1413.8610510125982, 192.28765606880188]"
F242013,50,9,0.4,"[1148.4942772534741, 256.3980450630188]"
F242013,50,9,0.5,"[1831.5640404257656, 320.4504954814911]"
F242013,50,9,0.6,"[1079.501267581455, 384.52614545822144]"
F242013,50,9,0.7,"[1260.6564118992337, 448.4579894542694]"
F242013,50,9,0.8,"[1081.9980581853588, 512.5058302879333]"
F242013,50,9,0.9,"[1788.7757713546034, 576.6474270820618]"
F242013,50,9,1.0,"[1625.9571600307108, 640.9981505870819]"
F242013,50,10,0.01,"[3105.669143710209, 6.473612070083618]"
F242013,50,10,0.1,"[2136.628470402542, 64.21477723121643]"
F242013,50,10,0.2,"[1110.382931968833, 128.41330099105835]"
F242013,50,10,0.3,"[997.4790434008414, 192.54246711730957]"
F242013,50,10,0.4,"[1096.0140931863598, 256.7732033729553]"
F242013,50,10,0.5,"[817.6297075586465, 320.92390871047974]"
F242013,50,10,0.6,"[1243.3140742518535, 385.1360216140747]"
F242013,50,10,0.7,"[976.3765747264506, 449.3214395046234]"
F242013,50,10,0.8,"[1451.6049454041831, 513.5842156410217]"
F242013,50,10,0.9,"[856.6630084468877, 577.8482828140259]"
F242013,50,10,1.0,"[1321.4433285456762, 642.262433052063]"
F242013,50,11,0.01,"[3703.6582226847677, 6.491865873336792]"
F242013,50,11,0.1,"[2413.8075742339634, 64.31962156295776]"
F242013,50,11,0.2,"[1100.66031051361, 128.67100143432617]"
F242013,50,11,0.3,"[722.6710537353465, 192.97067260742188]"
F242013,50,11,0.4,"[739.5961058595187, 257.26104855537415]"
F242013,50,11,0.5,"[1359.5067403806079, 321.42266941070557]"
F242013,50,11,0.6,"[946.661777632321, 385.65853667259216]"
F242013,50,11,0.7,"[738.6658048778777, 449.93466114997864]"
F242013,50,11,0.8,"[832.0899676237927, 514.1200025081635]"
F242013,50,11,0.9,"[801.7096574486984, 578.3334827423096]"
F242013,50,11,1.0,"[581.4738143340528, 642.6931984424591]"
F242013,50,12,0.01,"[3019.524521775116, 6.470014572143555]"
F242013,50,12,0.1,"[2421.394168147292, 64.06200051307678]"
F242013,50,12,0.2,"[1444.435864115796, 128.15578651428223]"
F242013,50,12,0.3,"[981.9599882449183, 196.2514410018921]"
F242013,50,12,0.4,"[1016.1316711360987, 263.66305708885193]"
F242013,50,12,0.5,"[985.861428942693, 327.8043522834778]"
F242013,50,12,0.6,"[1341.1235338383176, 391.98423314094543]"
F242013,50,12,0.7,"[1149.7549411573968, 456.1794366836548]"
F242013,50,12,0.8,"[1435.6641068416689, 528.1687934398651]"
F242013,50,12,0.9,"[936.6280056317678, 601.10036277771]"
F242013,50,12,1.0,"[1517.97820118374, 670.0853383541107]"
F242013,50,13,0.01,"[2486.235347184926, 6.456094741821289]"
F242013,50,13,0.1,"[1877.9963945473314, 64.08092927932739]"
F242013,50,13,0.2,"[1415.394267842065, 128.18813800811768]"
F242013,50,13,0.3,"[696.930763686936, 192.14499711990356]"
F242013,50,13,0.4,"[808.228053248848, 256.1444523334503]"
F242013,50,13,0.5,"[737.4482012426556, 320.0556273460388]"
F242013,50,13,0.6,"[580.0742999876543, 384.0123198032379]"
F242013,50,13,0.7,"[661.9881460418815, 447.953161239624]"
F242013,50,13,0.8,"[764.8142508165006, 511.9561197757721]"
F242013,50,13,0.9,"[909.6618290924769, 575.9306826591492]"
F242013,50,13,1.0,"[754.3462656422175, 640.105185508728]"
F242013,50,14,0.01,"[3559.6964140069085, 6.5191450119018555]"
F242013,50,14,0.1,"[1725.479603147755, 64.16556167602539]"
F242013,50,14,0.2,"[1078.7114244635045, 128.22219395637512]"
F242013,50,14,0.3,"[930.2005688920767, 192.20661067962646]"
F242013,50,14,0.4,"[902.5006093975244, 256.250474691391]"
F242013,50,14,0.5,"[831.8360377972217, 320.2098214626312]"
F242013,50,14,0.6,"[795.4257233893559, 384.21073865890503]"
F242013,50,14,0.7,"[805.7038608106063, 448.14865231513977]"
F242013,50,14,0.8,"[779.2358239695895, 512.1927623748779]"
F242013,50,14,0.9,"[768.9083379812389, 576.2311973571777]"
F242013,50,14,1.0,"[782.0345553209158, 640.4596347808838]"
F242013,50,15,0.01,"[3560.036183802671, 6.464051246643066]"
F242013,50,15,0.1,"[2854.9165296198116, 64.06181120872498]"
F242013,50,15,0.2,"[2704.2549772858692, 128.1448872089386]"
F242013,50,15,0.3,"[2515.992483955102, 192.20364832878113]"
F242013,50,15,0.4,"[2545.7965694339186, 256.3175256252289]"
F242013,50,15,0.5,"[2217.047702504758, 320.3284454345703]"
F242013,50,15,0.6,"[2329.8248332015405, 384.40967321395874]"
F242013,50,15,0.7,"[2300.0074697964187, 448.51112627983093]"
F242013,50,15,0.8,"[2226.1161265127785, 512.5511181354523]"
F242013,50,15,0.9,"[2341.4150015305745, 576.565071105957]"
F242013,50,15,1.0,"[2337.9622009281743, 640.8099443912506]"
F242013,50,16,0.01,"[4431.744271649641, 6.458017587661743]"
F242013,50,16,0.1,"[2510.6591703253234, 64.0064868927002]"
F242013,50,16,0.2,"[1856.949959562765, 127.94907927513123]"
F242013,50,16,0.3,"[1195.5346092408508, 191.81928062438965]"
F242013,50,16,0.4,"[1532.7326748193318, 255.70430207252502]"
F242013,50,16,0.5,"[1544.4456544082914, 319.50630378723145]"
F242013,50,16,0.6,"[1113.2150987479013, 383.35047364234924]"
F242013,50,16,0.7,"[1076.105266197861, 447.15582942962646]"
F242013,50,16,0.8,"[949.1321709391282, 511.0704483985901]"
F242013,50,16,0.9,"[799.6217578922119, 574.907797574997]"
F242013,50,16,1.0,"[914.0413641265452, 639.0015690326691]"
F242013,50,17,0.01,"[3945.0564748561155, 6.442292213439941]"
F242013,50,17,0.1,"[1643.8396964306075, 63.813326358795166]"
F242013,50,17,0.2,"[966.197778293249, 127.60129809379578]"
F242013,50,17,0.3,"[971.0222074455824, 191.2989363670349]"
F242013,50,17,0.4,"[1040.945976240428, 255.06866979599]"
F242013,50,17,0.5,"[802.1504584099193, 318.8043050765991]"
F242013,50,17,0.6,"[692.4036973074094, 382.5571811199188]"
F242013,50,17,0.7,"[781.8343544902709, 446.2139539718628]"
F242013,50,17,0.8,"[780.5952691468312, 509.9612011909485]"
F242013,50,17,0.9,"[968.0799225417691, 573.6938245296478]"
F242013,50,17,1.0,"[1383.6345025382443, 637.6522023677826]"
F242013,50,18,0.01,"[4125.242346906983, 6.436926364898682]"
F242013,50,18,0.1,"[1952.766640686952, 63.80094504356384]"
F242013,50,18,0.2,"[1183.4551685099505, 127.59374237060547]"
F242013,50,18,0.3,"[879.1318439667568, 191.32799696922302]"
F242013,50,18,0.4,"[795.0277575031041, 255.12328958511353]"
F242013,50,18,0.5,"[837.8377427585642, 318.8443880081177]"
F242013,50,18,0.6,"[896.0006411332301, 382.5819010734558]"
F242013,50,18,0.7,"[1199.3683184359552, 446.29609060287476]"
F242013,50,18,0.8,"[1051.4975855340927, 510.4826285839081]"
F242013,50,18,0.9,"[1120.374523237625, 574.1092739105225]"
F242013,50,18,1.0,"[1059.4805175413962, 637.9397852420807]"
F242013,50,19,0.01,"[2676.594166529084, 6.44770073890686]"
F242013,50,19,0.1,"[1040.1559697407554, 63.91244864463806]"
F242013,50,19,0.2,"[1213.4392429998047, 127.77228569984436]"
F242013,50,19,0.3,"[1585.3402386840198, 191.53838181495667]"
F242013,50,19,0.4,"[1229.1957737085518, 255.36897253990173]"
F242013,50,19,0.5,"[1973.3442973069014, 319.1622223854065]"
F242013,50,19,0.6,"[847.0823218938667, 383.0286183357239]"
F242013,50,19,0.7,"[1217.9137483538675, 446.8919839859009]"
F242013,50,19,0.8,"[835.8212708572646, 510.8283166885376]"
F242013,50,19,0.9,"[853.5151166590515, 574.7730808258057]"
F242013,50,19,1.0,"[1128.9476231934518, 638.9939951896667]"
F242013,50,20,0.01,"[3440.581239826777, 6.426354169845581]"
F242013,50,20,0.1,"[1311.3810809939378, 63.66791296005249]"
F242013,50,20,0.2,"[968.7529395357274, 127.40085434913635]"
F242013,50,20,0.3,"[994.4589388644001, 191.06092286109924]"
F242013,50,20,0.4,"[1314.351724176237, 259.123628616333]"
F242013,50,20,0.5,"[1158.402093560901, 325.72248888015747]"
F242013,50,20,0.6,"[1406.8587836873967, 389.3915345668793]"
F242013,50,20,0.7,"[1087.665326084063, 452.9959180355072]"
F242013,50,20,0.8,"[1097.6308795108725, 516.7427339553833]"
F242013,50,20,0.9,"[943.4811159755259, 580.4756891727448]"
F242013,50,20,1.0,"[874.9749925275423, 644.4160461425781]"
F242013,50,21,0.01,"[3560.313863877611, 6.445462226867676]"
F242013,50,21,0.1,"[2735.380851226674, 63.87878108024597]"
F242013,50,21,0.2,"[1932.749050340326, 127.70524907112122]"
F242013,50,21,0.3,"[1096.0957549749996, 191.45906949043274]"
F242013,50,21,0.4,"[1097.8938324187789, 255.28160548210144]"
F242013,50,21,0.5,"[830.0462811832244, 319.0561623573303]"
F242013,50,21,0.6,"[961.5010718915751, 382.8913424015045]"
F242013,50,21,0.7,"[703.5163951808365, 446.7010118961334]"
F242013,50,21,0.8,"[869.156653900543, 510.59848046302795]"
F242013,50,21,0.9,"[1333.0469789574036, 574.5063486099243]"
F242013,50,21,1.0,"[780.9508240180339, 638.6088221073151]"
F242013,50,22,0.01,"[2602.4947002121185, 6.460876941680908]"
F242013,50,22,0.1,"[1813.9367774226657, 64.09415936470032]"
F242013,50,22,0.2,"[1160.9145158695992, 128.2150583267212]"
F242013,50,22,0.3,"[1661.4060733507567, 192.23209738731384]"
F242013,50,22,0.4,"[1449.5487717308447, 256.2437119483948]"
F242013,50,22,0.5,"[1256.5733631101434, 320.2934594154358]"
F242013,50,22,0.6,"[1419.5367199603616, 384.38812160491943]"
F242013,50,22,0.7,"[917.6359502013588, 448.3463788032532]"
F242013,50,22,0.8,"[796.9500754607002, 512.3671042919159]"
F242013,50,22,0.9,"[832.1164972356519, 576.3835232257843]"
F242013,50,22,1.0,"[854.3142309166415, 640.6826889514923]"
F242013,50,23,0.01,"[4615.633202458511, 6.447116136550903]"
F242013,50,23,0.1,"[2885.0200025951867, 63.96094989776611]"
F242013,50,23,0.2,"[1584.5299008390757, 127.94471335411072]"
F242013,50,23,0.3,"[1474.0755383925025, 191.82146430015564]"
F242013,50,23,0.4,"[1251.669282780841, 255.79760575294495]"
F242013,50,23,0.5,"[1664.8088995680519, 319.7982180118561]"
F242013,50,23,0.6,"[1685.4189924081493, 383.8847918510437]"
F242013,50,23,0.7,"[1862.2475785786219, 447.8124179840088]"
F242013,50,23,0.8,"[1654.655110496417, 511.8706679344177]"
F242013,50,23,0.9,"[798.61484760124, 575.8585042953491]"
F242013,50,23,1.0,"[974.1354650701714, 640.1113259792328]"
F242013,50,24,0.01,"[2369.0685099045677, 6.477053165435791]"
F242013,50,24,0.1,"[1374.5648868784842, 64.23238921165466]"
F242013,50,24,0.2,"[1031.4139154584145, 128.46103477478027]"
F242013,50,24,0.3,"[846.1148531987035, 192.65100622177124]"
F242013,50,24,0.4,"[629.9685712425526, 256.91230368614197]"
F242013,50,24,0.5,"[591.0163792681815, 321.0678768157959]"
F242013,50,24,0.6,"[619.916532147125, 385.3596341609955]"
F242013,50,24,0.7,"[607.3378294343445, 449.5942704677582]"
F242013,50,24,0.8,"[749.3023960093983, 513.8082256317139]"
F242013,50,24,0.9,"[856.6663396762997, 578.0955302715302]"
F242013,50,24,1.0,"[919.4351298779079, 642.4982216358185]"
F242013,50,25,0.01,"[3259.102862162901, 6.476548910140991]"
F242013,50,25,0.1,"[3073.758153855486, 64.20845293998718]"
F242013,50,25,0.2,"[2930.770575156232, 128.325453042984]"
F242013,50,25,0.3,"[3018.794290454163, 192.37523436546326]"
F242013,50,25,0.4,"[2490.249331419519, 256.5983374118805]"
F242013,50,25,0.5,"[1094.9208315119258, 320.64454221725464]"
F242013,50,25,0.6,"[908.5257074973802, 384.74250841140747]"
F242013,50,25,0.7,"[855.6714311324636, 448.7591133117676]"
F242013,50,25,0.8,"[815.0037630197864, 512.8762774467468]"
F242013,50,25,0.9,"[793.2989164981113, 576.9790773391724]"
F242013,50,25,1.0,"[855.4868464980416, 641.2507858276367]"
F242013,50,26,0.01,"[3985.692679636023, 6.4704270362854]"
F242013,50,26,0.1,"[2144.7038548792248, 64.0916543006897]"
F242013,50,26,0.2,"[1462.1734393481106, 128.20418047904968]"
F242013,50,26,0.3,"[1200.808220799002, 192.21091628074646]"
F242013,50,26,0.4,"[1105.271983345484, 256.2259097099304]"
F242013,50,26,0.5,"[1059.4596622225272, 320.1707229614258]"
F242013,50,26,0.6,"[1347.2323303557487, 384.19688153266907]"
F242013,50,26,0.7,"[816.4492368455658, 448.14710664749146]"
F242013,50,26,0.8,"[636.1505957025643, 512.188738822937]"
F242013,50,26,0.9,"[700.7084549610379, 576.2124629020691]"
F242013,50,26,1.0,"[859.4948862875119, 640.4085042476654]"
F242013,50,27,0.01,"[2856.794635621405, 6.45696759223938]"
F242013,50,27,0.1,"[2208.643969473384, 63.997671604156494]"
F242013,50,27,0.2,"[2285.330774422579, 127.86782503128052]"
F242013,50,27,0.3,"[1940.9639457412013, 191.6539340019226]"
F242013,50,27,0.4,"[1734.6972326078458, 255.48458886146545]"
F242013,50,27,0.5,"[2132.205192872555, 319.2393789291382]"
F242013,50,27,0.6,"[1738.8700722146518, 383.14034271240234]"
F242013,50,27,0.7,"[1907.72477301252, 446.95683312416077]"
F242013,50,27,0.8,"[1642.4989607740808, 510.83109855651855]"
F242013,50,27,0.9,"[1868.7842559159049, 574.6619122028351]"
F242013,50,27,1.0,"[1960.1849180742856, 638.7204370498657]"
F242013,50,28,0.01,"[4057.494038870276, 6.434516429901123]"
F242013,50,28,0.1,"[3734.673425302838, 63.7849223613739]"
F242013,50,28,0.2,"[3697.292575772921, 127.5913290977478]"
F242013,50,28,0.3,"[3690.488755072013, 191.36142587661743]"
F242013,50,28,0.4,"[3705.023895653745, 255.15121173858643]"
F242013,50,28,0.5,"[3687.5939998117983, 318.8557209968567]"
F242013,50,28,0.6,"[3680.78926695078, 382.59067130088806]"
F242013,50,28,0.7,"[3658.050786449112, 446.2641179561615]"
F242013,50,28,0.8,"[3600.3537265992845, 510.0886878967285]"
F242013,50,28,0.9,"[3512.2573954458403, 573.9168384075165]"
F242013,50,28,1.0,"[3372.8335301339075, 637.9683375358582]"
F242013,50,29,0.01,"[3598.539959335917, 6.470398902893066]"
F242013,50,29,0.1,"[2744.4182843707413, 64.15609335899353]"
F242013,50,29,0.2,"[1328.1489426847565, 128.33367037773132]"
F242013,50,29,0.3,"[1230.6764515556029, 192.43603706359863]"
F242013,50,29,0.4,"[1028.6146737348952, 256.52484226226807]"
F242013,50,29,0.5,"[935.2141096531907, 320.5077254772186]"
F242013,50,29,0.6,"[1226.367924588572, 384.5417366027832]"
F242013,50,29,0.7,"[1088.6019480641303, 449.1834099292755]"
F242013,50,29,0.8,"[1123.8719656504845, 513.2896628379822]"
F242013,50,29,0.9,"[1464.273720722099, 577.3829398155212]"
F242013,50,29,1.0,"[860.3740189735245, 641.7432017326355]"
F242013,50,30,0.01,"[3821.3344712078497, 6.442972421646118]"
F242013,50,30,0.1,"[2764.09471171387, 63.884876012802124]"
F242013,50,30,0.2,"[1224.9397626268915, 127.75920271873474]"
F242013,50,30,0.3,"[1440.3235161133912, 191.6283130645752]"
F242013,50,30,0.4,"[943.3811326045497, 255.60073590278625]"
F242013,50,30,0.5,"[837.4467588941022, 319.4342141151428]"
F242013,50,30,0.6,"[988.96761291545, 383.37865447998047]"
F242013,50,30,0.7,"[1719.9174371838753, 447.2517161369324]"
F242013,50,30,0.8,"[1290.817093041881, 511.2172145843506]"
F242013,50,30,0.9,"[1726.2429043691936, 575.1681880950928]"
F242013,50,30,1.0,"[961.4337848839391, 639.2799649238586]"
F242013,50,31,0.01,"[2121.7307310886267, 6.462031841278076]"
F242013,50,31,0.1,"[1206.7808615891008, 64.1385748386383]"
F242013,50,31,0.2,"[1127.4321330830717, 128.30371713638306]"
F242013,50,31,0.3,"[1146.0597092019793, 192.53898668289185]"
F242013,50,31,0.4,"[993.4647919637962, 256.7674081325531]"
F242013,50,31,0.5,"[1031.9279630187768, 320.834201335907]"
F242013,50,31,0.6,"[1222.2577223842545, 385.01680088043213]"
F242013,50,31,0.7,"[1098.841259576218, 449.3888204097748]"
F242013,50,31,0.8,"[949.535890544535, 514.1127600669861]"
F242013,50,31,0.9,"[710.8712787186778, 578.3050377368927]"
F242013,50,31,1.0,"[756.6120814785309, 642.6424329280853]"
F242013,50,32,0.01,"[3714.9071882576154, 6.454935550689697]"
F242013,50,32,0.1,"[1594.5072838557853, 64.0232527256012]"
F242013,50,32,0.2,"[893.4267091403105, 127.99882221221924]"
F242013,50,32,0.3,"[840.5990586152577, 191.9080102443695]"
F242013,50,32,0.4,"[829.9201809617616, 255.88611459732056]"
F242013,50,32,0.5,"[744.8375279229026, 319.7818820476532]"
F242013,50,32,0.6,"[938.4039813342556, 383.71892619132996]"
F242013,50,32,0.7,"[805.9181318301657, 447.60096430778503]"
F242013,50,32,0.8,"[646.9479220644353, 511.863840341568]"
F242013,50,32,0.9,"[604.5174601998447, 575.694846868515]"
F242013,50,32,1.0,"[608.9191840595681, 639.7501158714294]"
F242013,50,33,0.01,"[4609.8977596187315, 6.454635381698608]"
F242013,50,33,0.1,"[1589.5521121927559, 63.97257995605469]"
F242013,50,33,0.2,"[870.4680582163016, 127.97963213920593]"
F242013,50,33,0.3,"[771.9690531688989, 191.9879491329193]"
F242013,50,33,0.4,"[849.102926104059, 256.06893253326416]"
F242013,50,33,0.5,"[1388.0832436466922, 320.0382170677185]"
F242013,50,33,0.6,"[1317.8598267726584, 384.08230662345886]"
F242013,50,33,0.7,"[1255.999239847626, 448.0700035095215]"
F242013,50,33,0.8,"[1111.4360054367771, 512.1311328411102]"
F242013,50,33,0.9,"[1328.984480776231, 576.1861042976379]"
F242013,50,33,1.0,"[1130.0344850506872, 640.4805583953857]"
F242013,50,34,0.01,"[3058.6292466349055, 6.477221965789795]"
F242013,50,34,0.1,"[1742.2956285469877, 64.2323215007782]"
F242013,50,34,0.2,"[1086.9418018222837, 128.4042727947235]"
F242013,50,34,0.3,"[1681.0978542214775, 192.46664118766785]"
F242013,50,34,0.4,"[739.9398323934961, 256.5772895812988]"
F242013,50,34,0.5,"[676.0288384868666, 320.6529951095581]"
F242013,50,34,0.6,"[1210.3858428151707, 384.8215034008026]"
F242013,50,34,0.7,"[817.0186908291598, 448.9151825904846]"
F242013,50,34,0.8,"[1001.4657361865961, 513.6404302120209]"
F242013,50,34,0.9,"[881.1009175721242, 577.8502292633057]"
F242013,50,34,1.0,"[1363.197949450544, 642.3020493984222]"
F242013,50,35,0.01,"[3391.0004669749505, 6.4719414710998535]"
F242013,50,35,0.1,"[2130.0491431117957, 64.14349222183228]"
F242013,50,35,0.2,"[1802.5778546559009, 128.3042552471161]"
F242013,50,35,0.3,"[1474.263793548831, 192.37208533287048]"
F242013,50,35,0.4,"[1005.0598477860874, 256.4725480079651]"
F242013,50,35,0.5,"[750.111442197247, 320.5213408470154]"
F242013,50,35,0.6,"[923.0456390425809, 384.6523051261902]"
F242013,50,35,0.7,"[833.485491301552, 448.7158603668213]"
F242013,50,35,0.8,"[903.4609971101036, 512.8895282745361]"
F242013,50,35,0.9,"[618.6636199419049, 577.0201270580292]"
F242013,50,35,1.0,"[666.9701954121738, 641.379002571106]"
F242013,50,36,0.01,"[2744.925712343956, 6.462580919265747]"
F242013,50,36,0.1,"[2619.349946442458, 64.06599617004395]"
F242013,50,36,0.2,"[2620.5241979717275, 128.12629652023315]"
F242013,50,36,0.3,"[2511.9233559889067, 192.12710165977478]"
F242013,50,36,0.4,"[2545.8783622433543, 256.1765675544739]"
F242013,50,36,0.5,"[2530.210532341752, 320.1515803337097]"
F242013,50,36,0.6,"[2547.974359568832, 384.1598792076111]"
F242013,50,36,0.7,"[2529.8426256208254, 448.05162739753723]"
F242013,50,36,0.8,"[2560.876320165574, 512.0655884742737]"
F242013,50,36,0.9,"[2526.1951822951755, 576.0172824859619]"
F242013,50,36,1.0,"[2524.645554442124, 640.2033789157867]"
F242013,50,37,0.01,"[2667.4760588011904, 6.483295679092407]"
F242013,50,37,0.1,"[2198.6576865511975, 64.22021174430847]"
F242013,50,37,0.2,"[1827.3881910419213, 128.42329216003418]"
F242013,50,37,0.3,"[1927.6070607652364, 192.5497272014618]"
F242013,50,37,0.4,"[1461.1575949642329, 256.7460734844208]"
F242013,50,37,0.5,"[1035.7629954560073, 320.85459065437317]"
F242013,50,37,0.6,"[1206.3609016605005, 384.99577617645264]"
F242013,50,37,0.7,"[1003.1181399344248, 449.0448021888733]"
F242013,50,37,0.8,"[822.2179750117307, 513.1342148780823]"
F242013,50,37,0.9,"[1018.7246362973742, 577.2395687103271]"
F242013,50,37,1.0,"[992.0929683447996, 641.5947022438049]"
F242013,50,38,0.01,"[2990.171188334188, 6.444981098175049]"
F242013,50,38,0.1,"[1521.119211028683, 63.92723870277405]"
F242013,50,38,0.2,"[1173.412904732426, 127.88006687164307]"
F242013,50,38,0.3,"[1225.2164463870877, 191.75198984146118]"
F242013,50,38,0.4,"[950.7410980182394, 255.71099591255188]"
F242013,50,38,0.5,"[625.4600567208438, 319.518009185791]"
F242013,50,38,0.6,"[736.4754408756153, 383.4053316116333]"
F242013,50,38,0.7,"[755.3951152271729, 447.2317669391632]"
F242013,50,38,0.8,"[682.7219389428892, 511.12642455101013]"
F242013,50,38,0.9,"[896.4041052545954, 574.9912486076355]"
F242013,50,38,1.0,"[895.5440231890952, 639.1104326248169]"
F242013,50,39,0.01,"[2311.575643161642, 6.453732490539551]"
F242013,50,39,0.1,"[1445.5268740438278, 63.973018169403076]"
F242013,50,39,0.2,"[1393.770010587, 127.91588234901428]"
F242013,50,39,0.3,"[1279.115848970805, 191.7881772518158]"
F242013,50,39,0.4,"[1274.503665146793, 255.73475980758667]"
F242013,50,39,0.5,"[1272.7865684801773, 319.58943724632263]"
F242013,50,39,0.6,"[1267.0912342039155, 383.52731585502625]"
F242013,50,39,0.7,"[1252.1807845118255, 447.377388715744]"
F242013,50,39,0.8,"[1242.0166855846064, 511.797265291214]"
F242013,50,39,0.9,"[1237.9057817337125, 575.8109540939331]"
F242013,50,39,1.0,"[1243.8785726595615, 640.105152130127]"
F242013,50,40,0.01,"[3735.452887439791, 6.445511817932129]"
F242013,50,40,0.1,"[1630.580829332982, 63.85979199409485]"
F242013,50,40,0.2,"[1867.3504684875925, 127.76391816139221]"
F242013,50,40,0.3,"[1331.2111013483845, 191.58950924873352]"
F242013,50,40,0.4,"[853.6737733312857, 255.4597282409668]"
F242013,50,40,0.5,"[1529.310329596109, 319.2854382991791]"
F242013,50,40,0.6,"[1071.5561644082345, 383.2419865131378]"
F242013,50,40,0.7,"[876.3672120018146, 447.2358455657959]"
F242013,50,40,0.8,"[830.0414270946314, 511.6565582752228]"
F242013,50,40,0.9,"[608.9686100101753, 575.663626909256]"
F242013,50,40,1.0,"[575.9201101490248, 639.970671415329]"
F242013,50,41,0.01,"[3546.9298541116495, 6.454020023345947]"
F242013,50,41,0.1,"[1350.3319519091906, 63.914162397384644]"
F242013,50,41,0.2,"[1739.8375067765269, 127.82194757461548]"
F242013,50,41,0.3,"[2095.0971591344182, 191.65432286262512]"
F242013,50,41,0.4,"[1425.4018848319797, 255.5608401298523]"
F242013,50,41,0.5,"[1237.0516647667173, 319.49821496009827]"
F242013,50,41,0.6,"[896.2931080272274, 383.4569742679596]"
F242013,50,41,0.7,"[1408.969930316738, 447.30861473083496]"
F242013,50,41,0.8,"[1392.2354502014186, 511.26210165023804]"
F242013,50,41,0.9,"[1394.8472872937282, 575.24924659729]"
F242013,50,41,1.0,"[1070.7022685791562, 639.5259582996368]"
F242013,50,42,0.01,"[4304.53012604915, 6.49902606010437]"
F242013,50,42,0.1,"[2036.2525423689558, 64.17777132987976]"
F242013,50,42,0.2,"[1635.5259405726829, 128.32328391075134]"
F242013,50,42,0.3,"[1537.6463710940739, 192.36512303352356]"
F242013,50,42,0.4,"[1217.6479686230437, 256.4404089450836]"
F242013,50,42,0.5,"[1134.7942789863737, 320.4584319591522]"
F242013,50,42,0.6,"[978.700992618715, 384.5662109851837]"
F242013,50,42,0.7,"[951.3719904256184, 448.7149658203125]"
F242013,50,42,0.8,"[668.6002959564507, 512.8965394496918]"
F242013,50,42,0.9,"[782.9080480022185, 577.0552206039429]"
F242013,50,42,1.0,"[771.4389130329205, 641.495228767395]"
F242013,50,43,0.01,"[3435.5834820795626, 6.490392208099365]"
F242013,50,43,0.1,"[2956.7242322619986, 64.00047898292542]"
F242013,50,43,0.2,"[2869.514971849925, 127.9878466129303]"
F242013,50,43,0.3,"[2677.3014907020834, 191.94134187698364]"
F242013,50,43,0.4,"[2545.2043876408384, 255.82817792892456]"
F242013,50,43,0.5,"[2414.8513013804322, 319.68516969680786]"
F242013,50,43,0.6,"[2374.452587717455, 383.6503562927246]"
F242013,50,43,0.7,"[2328.629820560779, 447.93253231048584]"
F242013,50,43,0.8,"[2327.365757029187, 512.3449761867523]"
F242013,50,43,0.9,"[2247.235866560325, 576.3340864181519]"
F242013,50,43,1.0,"[2150.4009124614486, 640.5324659347534]"
F242013,50,44,0.01,"[4674.791567270066, 6.433002710342407]"
F242013,50,44,0.1,"[3650.4302486197885, 63.70575213432312]"
F242013,50,44,0.2,"[3697.0588046257617, 127.40607404708862]"
F242013,50,44,0.3,"[3631.6753379914344, 190.9840075969696]"
F242013,50,44,0.4,"[3627.974147165429, 254.65615510940552]"
F242013,50,44,0.5,"[3645.848530889788, 318.29160928726196]"
F242013,50,44,0.6,"[3630.4057895766146, 381.99542593955994]"
F242013,50,44,0.7,"[3617.1943047978366, 445.6058051586151]"
F242013,50,44,0.8,"[3553.0936045633753, 509.30227637290955]"
F242013,50,44,0.9,"[3605.7943349096004, 573.0325517654419]"
F242013,50,44,1.0,"[3364.3036751207273, 637.1238529682159]"
F242013,50,45,0.01,"[3590.9281372621144, 6.532803773880005]"
F242013,50,45,0.1,"[2138.5907789215485, 64.09734225273132]"
F242013,50,45,0.2,"[1842.878869728931, 128.08542895317078]"
F242013,50,45,0.3,"[1166.144363342536, 191.98960256576538]"
F242013,50,45,0.4,"[873.3949891805128, 255.94420838356018]"
F242013,50,45,0.5,"[779.7059752659475, 319.82509422302246]"
F242013,50,45,0.6,"[684.3497390612906, 383.7912380695343]"
F242013,50,45,0.7,"[866.2509685245459, 447.7626826763153]"
F242013,50,45,0.8,"[1137.765532756161, 511.8691656589508]"
F242013,50,45,0.9,"[1184.1799608417732, 576.0008652210236]"
F242013,50,45,1.0,"[967.9790439140752, 640.3765530586243]"
F242013,50,46,0.01,"[2961.0281576450216, 6.479891300201416]"
F242013,50,46,0.1,"[2785.091593883788, 64.09329462051392]"
F242013,50,46,0.2,"[2604.596666774047, 128.17694759368896]"
F242013,50,46,0.3,"[3284.9061443533174, 192.2324161529541]"
F242013,50,46,0.4,"[1483.162668961439, 256.33565640449524]"
F242013,50,46,0.5,"[1486.0263847960514, 320.37995648384094]"
F242013,50,46,0.6,"[1086.2267638990888, 384.5159487724304]"
F242013,50,46,0.7,"[1019.3330689142913, 448.48384261131287]"
F242013,50,46,0.8,"[1352.674621290128, 512.5009877681732]"
F242013,50,46,0.9,"[1143.2007497563513, 576.4657547473907]"
F242013,50,46,1.0,"[1100.9854427420778, 640.6775817871094]"
F242013,50,47,0.01,"[2624.7686866006543, 6.480292797088623]"
F242013,50,47,0.1,"[2545.8848349514474, 64.22356104850769]"
F242013,50,47,0.2,"[2514.1467918287926, 128.41094994544983]"
F242013,50,47,0.3,"[2416.909810162412, 192.4534707069397]"
F242013,50,47,0.4,"[2448.988417111432, 256.6373043060303]"
F242013,50,47,0.5,"[2469.764829971842, 320.82000041007996]"
F242013,50,47,0.6,"[2454.752192918306, 385.0132794380188]"
F242013,50,47,0.7,"[2479.780946025491, 449.1717920303345]"
F242013,50,47,0.8,"[2472.140803644187, 513.4402413368225]"
F242013,50,47,0.9,"[2444.535083476575, 577.733564376831]"
F242013,50,47,1.0,"[2411.634674983539, 642.1475777626038]"
F242013,50,48,0.01,"[3528.3310789938787, 6.438872575759888]"
F242013,50,48,0.1,"[1440.36842188347, 63.84587621688843]"
F242013,50,48,0.2,"[1072.6680468872196, 127.65672659873962]"
F242013,50,48,0.3,"[940.331660011444, 191.38287997245789]"
F242013,50,48,0.4,"[943.2320478640097, 255.22635316848755]"
F242013,50,48,0.5,"[944.6766325559279, 319.0208520889282]"
F242013,50,48,0.6,"[939.9524207585505, 382.92315697669983]"
F242013,50,48,0.7,"[936.079526498328, 446.8244559764862]"
F242013,50,48,0.8,"[890.5549861422767, 510.7982382774353]"
F242013,50,48,0.9,"[848.6310955122196, 574.744175195694]"
F242013,50,48,1.0,"[844.9367635860208, 638.7970831394196]"
F242013,50,49,0.01,"[2122.7524012411554, 6.435851573944092]"
F242013,50,49,0.1,"[922.5488422445408, 63.78873252868652]"
F242013,50,49,0.2,"[1142.980757495959, 127.54990029335022]"
F242013,50,49,0.3,"[1054.9773219843796, 191.22438883781433]"
F242013,50,49,0.4,"[1079.4337824253498, 254.93372130393982]"
F242013,50,49,0.5,"[857.4671720831761, 318.59621953964233]"
F242013,50,49,0.6,"[667.6528800830308, 382.3503313064575]"
F242013,50,49,0.7,"[691.7223269528274, 446.13206005096436]"
F242013,50,49,0.8,"[830.5922951689276, 510.0186240673065]"
F242013,50,49,0.9,"[717.9944603512836, 573.9014620780945]"
F242013,50,49,1.0,"[811.7589599279199, 637.8794956207275]"
F242013,50,50,0.01,"[3541.238943163191, 6.430053234100342]"
F242013,50,50,0.1,"[2718.523931415163, 63.62751340866089]"
F242013,50,50,0.2,"[2628.008681474255, 127.21078252792358]"
F242013,50,50,0.3,"[2574.132875037272, 190.70221376419067]"
F242013,50,50,0.4,"[2557.8329483665866, 254.2682557106018]"
F242013,50,50,0.5,"[2571.3591803858208, 317.81314611434937]"
F242013,50,50,0.6,"[2477.736103915616, 381.4477918148041]"
F242013,50,50,0.7,"[2472.9924608460306, 445.1204516887665]"
F242013,50,50,0.8,"[2468.3852479219904, 508.89742064476013]"
F242013,50,50,0.9,"[2461.8147096544017, 572.6596162319183]"
F242013,50,50,1.0,"[2480.9368004058488, 636.5306379795074]"
