function,dimension,run,checkpoint,error
F232013,10,0,0.01,"[1884.5064980833308, 0.5109834671020508]"
F232013,10,0,0.1,"[1889.6492477201155, 5.046874523162842]"
F232013,10,0,0.2,"[1888.1285810686159, 10.08629560470581]"
F232013,10,0,0.3,"[1890.2451062399628, 15.124613523483276]"
F232013,10,0,0.4,"[1885.4104353295115, 20.171422004699707]"
F232013,10,0,0.5,"[1885.5161791777682, 25.209424257278442]"
F232013,10,0,0.6,"[1886.2458582014378, 30.25341010093689]"
F232013,10,0,0.7,"[1885.4068965940114, 35.29556488990784]"
F232013,10,0,0.8,"[1889.0269745581763, 40.32461404800415]"
F232013,10,0,0.9,"[1885.717090781127, 45.35718607902527]"
F232013,10,0,1.0,"[1886.8416805701709, 50.397387742996216]"
F232013,10,1,0.01,"[3018.5815708475566, 0.510183572769165]"
F232013,10,1,0.1,"[3018.9011858330487, 5.057022571563721]"
F232013,10,1,0.2,"[3020.3185646143256, 10.104230165481567]"
F232013,10,1,0.3,"[3020.322955262296, 15.152055263519287]"
F232013,10,1,0.4,"[3018.9653679439484, 20.202190399169922]"
F232013,10,1,0.5,"[3020.6508218981958, 25.250935077667236]"
F232013,10,1,0.6,"[3019.406434220479, 30.30098795890808]"
F232013,10,1,0.7,"[3020.1974554796325, 35.3574104309082]"
F232013,10,1,0.8,"[3019.092791098098, 40.40697240829468]"
F232013,10,1,0.9,"[3018.792123565833, 45.45493245124817]"
F232013,10,1,1.0,"[3020.7639549174796, 50.51015329360962]"
F232013,10,2,0.01,"[1514.656230963592, 0.5090591907501221]"
F232013,10,2,0.1,"[1516.060203623988, 5.040655136108398]"
F232013,10,2,0.2,"[1514.8941469932752, 10.063484191894531]"
F232013,10,2,0.3,"[1516.4650740815691, 15.092326402664185]"
F232013,10,2,0.4,"[1516.2481788875875, 20.11901330947876]"
F232013,10,2,0.5,"[1518.7839284969914, 25.14459466934204]"
F232013,10,2,0.6,"[1514.679730192901, 30.196840047836304]"
F232013,10,2,0.7,"[1523.3149414787613, 35.23883557319641]"
F232013,10,2,0.8,"[1516.5027581874765, 40.27282190322876]"
F232013,10,2,0.9,"[1515.330037910766, 45.30814790725708]"
F232013,10,2,1.0,"[1514.7440251555818, 50.34834051132202]"
F232013,10,3,0.01,"[3348.153712735334, 0.509000301361084]"
F232013,10,3,0.1,"[3279.278959002554, 5.508831262588501]"
F232013,10,3,0.2,"[3403.691259902668, 11.064570426940918]"
F232013,10,3,0.3,"[3359.3323369630853, 16.650006532669067]"
F232013,10,3,0.4,"[3367.185030756591, 22.189940452575684]"
F232013,10,3,0.5,"[3348.807960787455, 27.732789278030396]"
F232013,10,3,0.6,"[3283.6921657981147, 33.270371198654175]"
F232013,10,3,0.7,"[3395.3869801957635, 38.81161022186279]"
F232013,10,3,0.8,"[3271.0254211955853, 44.3466055393219]"
F232013,10,3,0.9,"[3314.6662245324706, 49.88463521003723]"
F232013,10,3,1.0,"[3331.1442248508283, 54.98116135597229]"
F232013,10,4,0.01,"[1615.5603373687618, 0.511206865310669]"
F232013,10,4,0.1,"[1616.8539635414982, 5.064009189605713]"
F232013,10,4,0.2,"[1621.3730332541309, 10.118096113204956]"
F232013,10,4,0.3,"[1616.7337386727208, 15.174984455108643]"
F232013,10,4,0.4,"[1615.5676003408526, 20.240131855010986]"
F232013,10,4,0.5,"[1615.8955082477923, 25.299229383468628]"
F232013,10,4,0.6,"[1616.3205059377515, 30.356690645217896]"
F232013,10,4,0.7,"[1620.8465779053672, 35.41947793960571]"
F232013,10,4,0.8,"[1615.8204544384535, 40.48072600364685]"
F232013,10,4,0.9,"[1616.5678553431944, 45.54080557823181]"
F232013,10,4,1.0,"[1618.7088922050307, 50.603216886520386]"
F232013,10,5,0.01,"[2791.7593762699057, 0.510767936706543]"
F232013,10,5,0.1,"[2793.571172523796, 5.061748027801514]"
F232013,10,5,0.2,"[2794.046482423234, 10.109782934188843]"
F232013,10,5,0.3,"[2791.8113773984487, 15.160011768341064]"
F232013,10,5,0.4,"[2797.0103145675143, 20.21305274963379]"
F232013,10,5,0.5,"[2794.5930764499126, 25.263127088546753]"
F232013,10,5,0.6,"[2796.1015668375653, 30.31484055519104]"
F232013,10,5,0.7,"[2792.0634337215174, 35.367738008499146]"
F232013,10,5,0.8,"[2798.553027126547, 40.414531230926514]"
F232013,10,5,0.9,"[2792.6581641062894, 45.46246671676636]"
F232013,10,5,1.0,"[2793.791437437594, 50.51490330696106]"
F232013,10,6,0.01,"[1992.5671793010579, 0.5610508918762207]"
F232013,10,6,0.1,"[1993.3352288428478, 5.09069561958313]"
F232013,10,6,0.2,"[1993.834568124772, 10.094144582748413]"
F232013,10,6,0.3,"[1992.930689065145, 15.091323614120483]"
F232013,10,6,0.4,"[1993.7271283055861, 20.09587574005127]"
F232013,10,6,0.5,"[1993.736474613892, 25.097712755203247]"
F232013,10,6,0.6,"[1992.8614468892747, 30.099672555923462]"
F232013,10,6,0.7,"[1994.7030277856084, 35.10155367851257]"
F232013,10,6,0.8,"[1993.182005244189, 40.10055613517761]"
F232013,10,6,0.9,"[1998.532622929783, 45.09810018539429]"
F232013,10,6,1.0,"[1993.562456385328, 50.10149049758911]"
F232013,10,7,0.01,"[1948.1698154751493, 0.5100359916687012]"
F232013,10,7,0.1,"[1950.240574712645, 5.048039436340332]"
F232013,10,7,0.2,"[1949.6943093800292, 10.087067604064941]"
F232013,10,7,0.3,"[1949.1913129553172, 15.123812198638916]"
F232013,10,7,0.4,"[1950.641284761944, 20.170740127563477]"
F232013,10,7,0.5,"[1949.3173701337237, 25.210524797439575]"
F232013,10,7,0.6,"[1948.4215560151033, 30.251911640167236]"
F232013,10,7,0.7,"[1952.1120423273487, 35.29106068611145]"
F232013,10,7,0.8,"[1954.9900597223254, 40.325682163238525]"
F232013,10,7,0.9,"[1956.2933841350823, 45.35702848434448]"
F232013,10,7,1.0,"[1969.4319920924972, 50.396270990371704]"
F232013,10,8,0.01,"[2088.657948223497, 0.5104310512542725]"
F232013,10,8,0.1,"[2089.363432350729, 5.051231622695923]"
F232013,10,8,0.2,"[2089.4819944866927, 10.089754819869995]"
F232013,10,8,0.3,"[2091.439955472794, 15.126222133636475]"
F232013,10,8,0.4,"[2093.738085651905, 20.168426513671875]"
F232013,10,8,0.5,"[2089.3537895537297, 25.22105383872986]"
F232013,10,8,0.6,"[2092.090921171989, 30.253548860549927]"
F232013,10,8,0.7,"[2088.7550717903373, 35.28946304321289]"
F232013,10,8,0.8,"[2088.8957114409022, 40.32125997543335]"
F232013,10,8,0.9,"[2089.103461964677, 45.349942207336426]"
F232013,10,8,1.0,"[2089.432088991113, 50.386890172958374]"
F232013,10,9,0.01,"[2679.931012610133, 0.5102994441986084]"
F232013,10,9,0.1,"[2731.2695248184973, 5.061039447784424]"
F232013,10,9,0.2,"[2757.2150264466677, 10.101903438568115]"
F232013,10,9,0.3,"[2715.7917076237177, 15.142060995101929]"
F232013,10,9,0.4,"[2678.5628145241412, 20.184210538864136]"
F232013,10,9,0.5,"[2695.409744380011, 25.22194004058838]"
F232013,10,9,0.6,"[2730.941488493324, 30.266308546066284]"
F232013,10,9,0.7,"[2723.741651180379, 35.3186719417572]"
F232013,10,9,0.8,"[2685.89761140014, 40.35603189468384]"
F232013,10,9,0.9,"[2703.890029530659, 45.38604712486267]"
F232013,10,9,1.0,"[2720.3458202549155, 50.427414417266846]"
F232013,10,10,0.01,"[2612.2833558518473, 0.5113065242767334]"
F232013,10,10,0.1,"[2634.0932673769676, 5.06441593170166]"
F232013,10,10,0.2,"[2612.7193259727924, 10.119381666183472]"
F232013,10,10,0.3,"[2613.02199917655, 15.178337097167969]"
F232013,10,10,0.4,"[2625.88265129995, 20.234252214431763]"
F232013,10,10,0.5,"[2612.8818965188043, 25.289841413497925]"
F232013,10,10,0.6,"[2612.787554297713, 30.35080862045288]"
F232013,10,10,0.7,"[2613.0363149346135, 35.408753395080566]"
F232013,10,10,0.8,"[2616.1870816824953, 40.45479202270508]"
F232013,10,10,0.9,"[2624.277248169161, 45.50681805610657]"
F232013,10,10,1.0,"[2612.7655844215683, 50.563374757766724]"
F232013,10,11,0.01,"[2424.104935735007, 0.5117716789245605]"
F232013,10,11,0.1,"[2424.9260173212747, 5.061533212661743]"
F232013,10,11,0.2,"[2424.2465580508137, 10.139017105102539]"
F232013,10,11,0.3,"[2434.631350743231, 15.220561265945435]"
F232013,10,11,0.4,"[2424.1951557308867, 20.306727409362793]"
F232013,10,11,0.5,"[2425.8345430070126, 25.367011070251465]"
F232013,10,11,0.6,"[2425.660155655482, 30.424853086471558]"
F232013,10,11,0.7,"[2429.2419711160583, 35.49113583564758]"
F232013,10,11,0.8,"[2424.9121676087216, 40.554214000701904]"
F232013,10,11,0.9,"[2424.5178322036604, 45.61001491546631]"
F232013,10,11,1.0,"[2428.8067506816, 50.66861629486084]"
F232013,10,12,0.01,"[2049.35269822537, 0.5934040546417236]"
F232013,10,12,0.1,"[2053.349324979507, 5.121049880981445]"
F232013,10,12,0.2,"[2050.1787628066213, 10.146574974060059]"
F232013,10,12,0.3,"[2050.8221065473895, 15.170547008514404]"
F232013,10,12,0.4,"[2051.9000335216883, 20.2026846408844]"
F232013,10,12,0.5,"[2053.9372926012807, 25.2315514087677]"
F232013,10,12,0.6,"[2055.3951677942673, 30.264378786087036]"
F232013,10,12,0.7,"[2051.5929569856403, 35.29970026016235]"
F232013,10,12,0.8,"[2051.9375916775107, 40.32971954345703]"
F232013,10,12,0.9,"[2055.6352293684376, 45.36088538169861]"
F232013,10,12,1.0,"[2052.5222667824273, 50.394304037094116]"
F232013,10,13,0.01,"[1557.5687797245837, 0.5099494457244873]"
F232013,10,13,0.1,"[1584.2049478189156, 5.0538904666900635]"
F232013,10,13,0.2,"[1572.0198739500206, 10.093930959701538]"
F232013,10,13,0.3,"[1561.6948406149404, 15.134783267974854]"
F232013,10,13,0.4,"[1584.1897955140157, 20.178409337997437]"
F232013,10,13,0.5,"[1572.0190915961575, 25.21902084350586]"
F232013,10,13,0.6,"[1561.6951055698396, 30.257232666015625]"
F232013,10,13,0.7,"[1584.1894787327647, 35.30089569091797]"
F232013,10,13,0.8,"[1572.0185214166868, 40.34099292755127]"
F232013,10,13,0.9,"[1561.696344236725, 45.38172483444214]"
F232013,10,13,1.0,"[1584.1905848708284, 50.42562389373779]"
F232013,10,14,0.01,"[2037.2255549215465, 0.5221338272094727]"
F232013,10,14,0.1,"[2038.2213402911339, 5.04931640625]"
F232013,10,14,0.2,"[2038.3921346307316, 10.068993091583252]"
F232013,10,14,0.3,"[2037.2482245848823, 15.085130214691162]"
F232013,10,14,0.4,"[2038.3139481100438, 20.105238914489746]"
F232013,10,14,0.5,"[2037.268066654182, 25.123432397842407]"
F232013,10,14,0.6,"[2037.5270518417537, 30.141974687576294]"
F232013,10,14,0.7,"[2037.8177946766223, 35.16711115837097]"
F232013,10,14,0.8,"[2037.560173041763, 40.181697607040405]"
F232013,10,14,0.9,"[2037.3857709020367, 45.20009922981262]"
F232013,10,14,1.0,"[2038.4785537288963, 50.2225821018219]"
F232013,10,15,0.01,"[2372.4761793433318, 0.5090188980102539]"
F232013,10,15,0.1,"[2372.687230300421, 5.037681341171265]"
F232013,10,15,0.2,"[2373.2451179417117, 10.060159921646118]"
F232013,10,15,0.3,"[2399.1822939977556, 15.082175254821777]"
F232013,10,15,0.4,"[2379.105399561638, 20.11044979095459]"
F232013,10,15,0.5,"[2373.304305704618, 25.136045694351196]"
F232013,10,15,0.6,"[2372.611194045008, 30.16022491455078]"
F232013,10,15,0.7,"[2376.0132091946584, 35.1901421546936]"
F232013,10,15,0.8,"[2373.4476596175737, 40.21301460266113]"
F232013,10,15,0.9,"[2373.759534353495, 45.234703540802]"
F232013,10,15,1.0,"[2374.549364925624, 50.26587152481079]"
F232013,10,16,0.01,"[2276.0476444165784, 0.5107583999633789]"
F232013,10,16,0.1,"[2277.5246776995155, 5.046339273452759]"
F232013,10,16,0.2,"[2270.263849201847, 10.074214458465576]"
F232013,10,16,0.3,"[2222.1023941429817, 15.101396799087524]"
F232013,10,16,0.4,"[2277.5262070810145, 20.13493776321411]"
F232013,10,16,0.5,"[2270.264086142877, 25.162466287612915]"
F232013,10,16,0.6,"[2222.1024143975433, 30.186839818954468]"
F232013,10,16,0.7,"[2277.5268092665847, 35.21613669395447]"
F232013,10,16,0.8,"[2270.263361229094, 40.23922634124756]"
F232013,10,16,0.9,"[2222.102191120536, 45.258965730667114]"
F232013,10,16,1.0,"[2277.52639964065, 50.28233051300049]"
F232013,10,17,0.01,"[2989.0937884336117, 0.5084652900695801]"
F232013,10,17,0.1,"[2939.882057952224, 5.0361127853393555]"
F232013,10,17,0.2,"[2931.945734392027, 10.058652400970459]"
F232013,10,17,0.3,"[2991.3943502018383, 15.085992336273193]"
F232013,10,17,0.4,"[2939.96201503152, 20.115838289260864]"
F232013,10,17,0.5,"[2932.019696144282, 25.141550302505493]"
F232013,10,17,0.6,"[2991.3319271889713, 30.200161933898926]"
F232013,10,17,0.7,"[2939.6695991029947, 35.22961974143982]"
F232013,10,17,0.8,"[2932.0174550806164, 40.25429081916809]"
F232013,10,17,0.9,"[2991.338921072355, 45.27721166610718]"
F232013,10,17,1.0,"[2939.5973150305117, 50.307440757751465]"
F232013,10,18,0.01,"[2144.6494933675217, 0.539963960647583]"
F232013,10,18,0.1,"[2144.779271603904, 5.077672243118286]"
F232013,10,18,0.2,"[2145.3040805155556, 10.107766151428223]"
F232013,10,18,0.3,"[2146.9752898960764, 15.13354778289795]"
F232013,10,18,0.4,"[2145.3273770511037, 20.170958518981934]"
F232013,10,18,0.5,"[2145.6188434926526, 25.19994592666626]"
F232013,10,18,0.6,"[2147.415546310951, 30.267752170562744]"
F232013,10,18,0.7,"[2146.524696975181, 35.30372476577759]"
F232013,10,18,0.8,"[2149.95025472641, 40.33292770385742]"
F232013,10,18,0.9,"[2145.154678683504, 45.356518268585205]"
F232013,10,18,1.0,"[2148.059286610966, 50.39050507545471]"
F232013,10,19,0.01,"[2250.2627314313336, 0.511009693145752]"
F232013,10,19,0.1,"[2252.1411327015817, 5.057341814041138]"
F232013,10,19,0.2,"[2252.1596066209195, 10.107722520828247]"
F232013,10,19,0.3,"[2250.3348207057484, 15.157472372055054]"
F232013,10,19,0.4,"[2257.7643113167205, 20.217846632003784]"
F232013,10,19,0.5,"[2250.2988457053107, 25.270223379135132]"
F232013,10,19,0.6,"[2250.694334564431, 30.324729204177856]"
F232013,10,19,0.7,"[2252.7681215222856, 35.378551959991455]"
F232013,10,19,0.8,"[2260.218339208555, 40.429351806640625]"
F232013,10,19,0.9,"[2250.2865556809443, 45.47716546058655]"
F232013,10,19,1.0,"[2250.9450421689535, 50.530720472335815]"
F232013,10,20,0.01,"[2495.66129460581, 0.5097436904907227]"
F232013,10,20,0.1,"[2495.6906446272415, 5.028399229049683]"
F232013,10,20,0.2,"[2501.247464521231, 10.04189419746399]"
F232013,10,20,0.3,"[2495.756038951973, 15.055431604385376]"
F232013,10,20,0.4,"[2496.063802880928, 20.07508158683777]"
F232013,10,20,0.5,"[2497.0211880190745, 25.088848114013672]"
F232013,10,20,0.6,"[2497.888764254634, 30.102357864379883]"
F232013,10,20,0.7,"[2519.35127719564, 35.12217903137207]"
F232013,10,20,0.8,"[2495.857620914187, 40.135305404663086]"
F232013,10,20,0.9,"[2495.7733504687194, 45.14813828468323]"
F232013,10,20,1.0,"[2499.1898276229176, 50.167237520217896]"
F232013,10,21,0.01,"[1918.297522767858, 0.5061771869659424]"
F232013,10,21,0.1,"[1919.6832963597453, 5.007837295532227]"
F232013,10,21,0.2,"[1918.3511530266114, 10.000337362289429]"
F232013,10,21,0.3,"[1921.83900593822, 14.994678258895874]"
F232013,10,21,0.4,"[1918.406640188813, 19.997642993927002]"
F232013,10,21,0.5,"[1934.7496222437449, 24.99724245071411]"
F232013,10,21,0.6,"[1919.1469003471857, 29.990917682647705]"
F232013,10,21,0.7,"[1918.6272213666598, 34.990060567855835]"
F232013,10,21,0.8,"[1918.422686038523, 39.984402894973755]"
F232013,10,21,0.9,"[1918.3890680563445, 44.9787540435791]"
F232013,10,21,1.0,"[1918.764261546517, 49.979464292526245]"
F232013,10,22,0.01,"[2346.2939422450736, 0.5058929920196533]"
F232013,10,22,0.1,"[2346.6004083771895, 5.007586717605591]"
F232013,10,22,0.2,"[2351.999044570361, 9.998207330703735]"
F232013,10,22,0.3,"[2350.458111362021, 14.99103307723999]"
F232013,10,22,0.4,"[2348.257776826384, 19.989375114440918]"
F232013,10,22,0.5,"[2347.564173103047, 24.981990337371826]"
F232013,10,22,0.6,"[2348.763686029071, 29.975937843322754]"
F232013,10,22,0.7,"[2346.4446218290386, 34.9727087020874]"
F232013,10,22,0.8,"[2346.4886549804355, 39.96715760231018]"
F232013,10,22,0.9,"[2346.5138079607295, 44.959346771240234]"
F232013,10,22,1.0,"[2358.9221417284994, 49.95931100845337]"
F232013,10,23,0.01,"[1101.245577086496, 0.5097875595092773]"
F232013,10,23,0.1,"[1102.365070022749, 5.054194211959839]"
F232013,10,23,0.2,"[1102.8089013049607, 10.072138786315918]"
F232013,10,23,0.3,"[1103.9045324552537, 15.090787649154663]"
F232013,10,23,0.4,"[1101.2753437958218, 20.111570358276367]"
F232013,10,23,0.5,"[1103.1344246410492, 25.13047456741333]"
F232013,10,23,0.6,"[1101.7546244851865, 30.14782214164734]"
F232013,10,23,0.7,"[1101.4176911027266, 35.16995334625244]"
F232013,10,23,0.8,"[1111.0934527072118, 40.18561911582947]"
F232013,10,23,0.9,"[1101.3637421586623, 45.197861194610596]"
F232013,10,23,1.0,"[1102.2445672861568, 50.215740442276]"
F232013,10,24,0.01,"[3121.673838751767, 0.5342187881469727]"
F232013,10,24,0.1,"[3123.98250895357, 5.07153582572937]"
F232013,10,24,0.2,"[3129.3474150279576, 10.100158452987671]"
F232013,10,24,0.3,"[3168.6260872181842, 15.129124402999878]"
F232013,10,24,0.4,"[3141.1854409548732, 20.161478996276855]"
F232013,10,24,0.5,"[3124.691127745221, 25.188633680343628]"
F232013,10,24,0.6,"[3147.532325511965, 30.238154649734497]"
F232013,10,24,0.7,"[3120.4294785223806, 35.27394127845764]"
F232013,10,24,0.8,"[3137.4138782306345, 40.3036208152771]"
F232013,10,24,0.9,"[3148.8536534106265, 45.32848787307739]"
F232013,10,24,1.0,"[3123.983298190522, 50.36071586608887]"
F232013,10,25,0.01,"[2189.8385463513823, 0.5807578563690186]"
F232013,10,25,0.1,"[2190.5673927468356, 5.104359865188599]"
F232013,10,25,0.2,"[2189.977823354525, 10.118370771408081]"
F232013,10,25,0.3,"[2190.0347693758126, 15.129591226577759]"
F232013,10,25,0.4,"[2196.8020430260535, 20.14909338951111]"
F232013,10,25,0.5,"[2189.9706624176224, 25.16377830505371]"
F232013,10,25,0.6,"[2190.2766475371905, 30.17809271812439]"
F232013,10,25,0.7,"[2190.830513497365, 35.191951513290405]"
F232013,10,25,0.8,"[2192.7297078851498, 40.19990944862366]"
F232013,10,25,0.9,"[2198.6405286282074, 45.20670676231384]"
F232013,10,25,1.0,"[2196.9043209766774, 50.223328590393066]"
F232013,10,26,0.01,"[2199.6163142679093, 0.5264601707458496]"
F232013,10,26,0.1,"[2199.6879860781905, 5.040291786193848]"
F232013,10,26,0.2,"[2200.5765627547853, 10.049421310424805]"
F232013,10,26,0.3,"[2199.7430606337666, 15.0589017868042]"
F232013,10,26,0.4,"[2199.8141155960307, 20.073311805725098]"
F232013,10,26,0.5,"[2203.9691277832753, 25.08490777015686]"
F232013,10,26,0.6,"[2199.9257493180235, 30.09463405609131]"
F232013,10,26,0.7,"[2199.6333959977455, 35.10679268836975]"
F232013,10,26,0.8,"[2200.4456768690143, 40.11197590827942]"
F232013,10,26,0.9,"[2199.6533933717155, 45.1181058883667]"
F232013,10,26,1.0,"[2200.712051202158, 50.1332061290741]"
F232013,10,27,0.01,"[2213.7123763416753, 0.5096912384033203]"
F232013,10,27,0.1,"[2230.629659010866, 5.034524202346802]"
F232013,10,27,0.2,"[2213.879093444086, 10.049289226531982]"
F232013,10,27,0.3,"[2214.802795990977, 15.060574769973755]"
F232013,10,27,0.4,"[2213.802940697623, 20.077214002609253]"
F232013,10,27,0.5,"[2217.9750619385263, 25.085774183273315]"
F232013,10,27,0.6,"[2222.9246712849426, 30.094395875930786]"
F232013,10,27,0.7,"[2215.7753720296446, 35.10630679130554]"
F232013,10,27,0.8,"[2220.2060388717678, 40.11362171173096]"
F232013,10,27,0.9,"[2213.9237660971485, 45.11572456359863]"
F232013,10,27,1.0,"[2215.857897082233, 50.12592554092407]"
F232013,10,28,0.01,"[2055.4881983486675, 0.5105466842651367]"
F232013,10,28,0.1,"[2056.729933854, 5.043946027755737]"
F232013,10,28,0.2,"[2057.6338637769127, 10.07408332824707]"
F232013,10,28,0.3,"[2056.93956460199, 15.104086875915527]"
F232013,10,28,0.4,"[2074.857294443996, 20.135265350341797]"
F232013,10,28,0.5,"[2056.777448784405, 25.163549661636353]"
F232013,10,28,0.6,"[2057.265011449671, 30.189549922943115]"
F232013,10,28,0.7,"[2055.6897892117645, 35.220378398895264]"
F232013,10,28,0.8,"[2057.003244029367, 40.24432134628296]"
F232013,10,28,0.9,"[2056.176271615834, 45.26865029335022]"
F232013,10,28,1.0,"[2056.227679203296, 50.29790449142456]"
F232013,10,29,0.01,"[2654.7577072916524, 0.5082948207855225]"
F232013,10,29,0.1,"[2670.9787294219745, 5.030771493911743]"
F232013,10,29,0.2,"[2664.018452476056, 10.045965433120728]"
F232013,10,29,0.3,"[2657.578765127444, 15.062572956085205]"
F232013,10,29,0.4,"[2666.9508315887756, 20.084726333618164]"
F232013,10,29,0.5,"[2655.13206050476, 25.103843450546265]"
F232013,10,29,0.6,"[2663.040843668119, 30.193791151046753]"
F232013,10,29,0.7,"[2655.5428642966185, 35.22016739845276]"
F232013,10,29,0.8,"[2661.318294112116, 40.23880958557129]"
F232013,10,29,0.9,"[2657.4170338637177, 45.25815296173096]"
F232013,10,29,1.0,"[2655.162022496739, 50.285680532455444]"
F232013,10,30,0.01,"[2683.2388530551652, 0.5508236885070801]"
F232013,10,30,0.1,"[2678.293700791281, 5.071051359176636]"
F232013,10,30,0.2,"[2796.3516278496077, 10.08618974685669]"
F232013,10,30,0.3,"[2676.4442747149697, 15.102163553237915]"
F232013,10,30,0.4,"[2717.6845348934958, 20.12110161781311]"
F232013,10,30,0.5,"[2675.9861486717095, 25.135635137557983]"
F232013,10,30,0.6,"[2718.8330552184643, 30.153109550476074]"
F232013,10,30,0.7,"[2690.4186100920183, 35.17401719093323]"
F232013,10,30,0.8,"[2716.423552459861, 40.19266390800476]"
F232013,10,30,0.9,"[2795.065692354219, 45.206185817718506]"
F232013,10,30,1.0,"[2662.6942215034937, 50.2266366481781]"
F232013,10,31,0.01,"[3094.6769173910648, 0.507819414138794]"
F232013,10,31,0.1,"[2950.0692095538934, 5.018326997756958]"
F232013,10,31,0.2,"[3099.1472715567743, 10.025710582733154]"
F232013,10,31,0.3,"[3093.5962582781503, 15.026481866836548]"
F232013,10,31,0.4,"[3095.9871948363357, 20.03347635269165]"
F232013,10,31,0.5,"[3095.838123250726, 25.03464150428772]"
F232013,10,31,0.6,"[3097.9213538865342, 30.037233352661133]"
F232013,10,31,0.7,"[3099.301515968006, 35.04485821723938]"
F232013,10,31,0.8,"[3099.1341266769905, 40.04208731651306]"
F232013,10,31,0.9,"[3086.0386199442028, 45.04198861122131]"
F232013,10,31,1.0,"[3097.2774372303293, 50.04699730873108]"
F232013,10,32,0.01,"[2702.9636947512727, 0.5087673664093018]"
F232013,10,32,0.1,"[2703.5279823128885, 5.036550998687744]"
F232013,10,32,0.2,"[2708.4691857174953, 10.062134504318237]"
F232013,10,32,0.3,"[2703.0808211662893, 15.088698625564575]"
F232013,10,32,0.4,"[2706.3816489373817, 20.124350786209106]"
F232013,10,32,0.5,"[2705.7166925587335, 25.14748501777649]"
F232013,10,32,0.6,"[2708.1872365373024, 30.177189350128174]"
F232013,10,32,0.7,"[2703.345753877715, 35.20909810066223]"
F232013,10,32,0.8,"[2703.274237674312, 40.2369544506073]"
F232013,10,32,0.9,"[2703.002187006239, 45.26450991630554]"
F232013,10,32,1.0,"[2702.9659496560207, 50.29740047454834]"
F232013,10,33,0.01,"[3088.870704535264, 0.5124430656433105]"
F232013,10,33,0.1,"[3029.292894887897, 5.033231735229492]"
F232013,10,33,0.2,"[3070.6802919247198, 10.048556089401245]"
F232013,10,33,0.3,"[3003.7055545729468, 15.059647560119629]"
F232013,10,33,0.4,"[3102.718801446405, 20.07879066467285]"
F232013,10,33,0.5,"[3111.228104935687, 25.08910322189331]"
F232013,10,33,0.6,"[3097.6470959170815, 30.129568815231323]"
F232013,10,33,0.7,"[3100.774847341283, 35.1475989818573]"
F232013,10,33,0.8,"[3109.0372397256388, 40.16285991668701]"
F232013,10,33,0.9,"[3095.3291059650237, 45.169235706329346]"
F232013,10,33,1.0,"[3098.6646868716243, 50.18264937400818]"
F232013,10,34,0.01,"[3033.690358218951, 0.5071749687194824]"
F232013,10,34,0.1,"[3040.0147844332473, 5.014421701431274]"
F232013,10,34,0.2,"[3035.629868846401, 10.014137506484985]"
F232013,10,34,0.3,"[3035.4639782600516, 15.010277509689331]"
F232013,10,34,0.4,"[3037.340158546733, 20.01758885383606]"
F232013,10,34,0.5,"[3035.8176029928504, 25.016547441482544]"
F232013,10,34,0.6,"[3036.5966892729803, 30.017985820770264]"
F232013,10,34,0.7,"[3036.460072673697, 35.01793384552002]"
F232013,10,34,0.8,"[3040.457231091806, 40.0106987953186]"
F232013,10,34,0.9,"[3036.9268992649686, 45.00376081466675]"
F232013,10,34,1.0,"[3039.673155680388, 49.99891448020935]"
F232013,10,35,0.01,"[1946.9688202448006, 0.5104877948760986]"
F232013,10,35,0.1,"[1995.984189483519, 5.044879674911499]"
F232013,10,35,0.2,"[1961.7718740191658, 10.073806524276733]"
F232013,10,35,0.3,"[1948.1062824246505, 15.104336500167847]"
F232013,10,35,0.4,"[1995.9853076858317, 20.14022946357727]"
F232013,10,35,0.5,"[1961.7721201716304, 25.17503547668457]"
F232013,10,35,0.6,"[1948.1070788004245, 30.205552339553833]"
F232013,10,35,0.7,"[1995.9856952386199, 35.243590116500854]"
F232013,10,35,0.8,"[1961.7724399980216, 40.27199411392212]"
F232013,10,35,0.9,"[1948.105675787052, 45.300195932388306]"
F232013,10,35,1.0,"[1995.9852986199621, 50.36707353591919]"
F232013,10,36,0.01,"[1864.401695384724, 0.510169267654419]"
F232013,10,36,0.1,"[1851.4754088279574, 5.011833667755127]"
F232013,10,36,0.2,"[1852.5341230980248, 10.011492490768433]"
F232013,10,36,0.3,"[1851.6687409224887, 15.010990858078003]"
F232013,10,36,0.4,"[1854.076903883878, 20.020413875579834]"
F232013,10,36,0.5,"[1854.0473516937845, 25.01996421813965]"
F232013,10,36,0.6,"[1854.8494549240431, 30.020817518234253]"
F232013,10,36,0.7,"[1854.8547255692706, 35.02727508544922]"
F232013,10,36,0.8,"[1868.174400309419, 40.01993680000305]"
F232013,10,36,0.9,"[1869.3761778138032, 45.00820565223694]"
F232013,10,36,1.0,"[1865.1292464012558, 50.00873422622681]"
F232013,10,37,0.01,"[1568.3827931449887, 0.5055758953094482]"
F232013,10,37,0.1,"[1569.3168048026155, 5.013533115386963]"
F232013,10,37,0.2,"[1582.3946399375086, 10.017600774765015]"
F232013,10,37,0.3,"[1568.6311758862735, 15.025868654251099]"
F232013,10,37,0.4,"[1569.310309106546, 20.04041028022766]"
F232013,10,37,0.5,"[1569.103074063356, 25.050531148910522]"
F232013,10,37,0.6,"[1568.5448884197622, 30.06274127960205]"
F232013,10,37,0.7,"[1574.0269176649167, 35.080589056015015]"
F232013,10,37,0.8,"[1572.1633971136125, 40.091612815856934]"
F232013,10,37,0.9,"[1568.6360861542967, 45.101128816604614]"
F232013,10,37,1.0,"[1569.0245877014145, 50.119425773620605]"
F232013,10,38,0.01,"[2304.935647096652, 0.5088028907775879]"
F232013,10,38,0.1,"[2344.7208076384663, 5.027656316757202]"
F232013,10,38,0.2,"[2376.599253521136, 10.047107458114624]"
F232013,10,38,0.3,"[2332.647216947324, 15.067691326141357]"
F232013,10,38,0.4,"[2227.3499112557597, 20.090317964553833]"
F232013,10,38,0.5,"[2254.026064574193, 25.10888957977295]"
F232013,10,38,0.6,"[2180.17286787208, 30.125244617462158]"
F232013,10,38,0.7,"[2253.774171947535, 35.147064208984375]"
F232013,10,38,0.8,"[2431.665375158532, 40.16589832305908]"
F232013,10,38,0.9,"[2456.1632068208305, 45.18107795715332]"
F232013,10,38,1.0,"[2222.794388306937, 50.20584774017334]"
F232013,10,39,0.01,"[2466.646301137824, 0.5156972408294678]"
F232013,10,39,0.1,"[2466.925276441101, 5.077902793884277]"
F232013,10,39,0.2,"[2469.0625061189867, 10.13944125175476]"
F232013,10,39,0.3,"[2468.833408794538, 15.203898429870605]"
F232013,10,39,0.4,"[2475.27306519448, 20.27254319190979]"
F232013,10,39,0.5,"[2489.6209645982276, 25.337581634521484]"
F232013,10,39,0.6,"[2468.0223514947725, 30.397165298461914]"
F232013,10,39,0.7,"[2487.5392900236184, 35.46285676956177]"
F232013,10,39,0.8,"[2466.8999530672177, 40.52254390716553]"
F232013,10,39,0.9,"[2467.2743193323286, 45.58197093009949]"
F232013,10,39,1.0,"[2468.8280311703047, 50.65296196937561]"
F232013,10,40,0.01,"[2152.18637063971, 0.509617805480957]"
F232013,10,40,0.1,"[2152.953465647537, 5.051241159439087]"
F232013,10,40,0.2,"[2166.5484200727756, 10.090446710586548]"
F232013,10,40,0.3,"[2154.9906946583724, 15.133382081985474]"
F232013,10,40,0.4,"[2152.353052106947, 20.175643920898438]"
F232013,10,40,0.5,"[2153.0827744967823, 25.213685750961304]"
F232013,10,40,0.6,"[2152.52774248477, 30.252537965774536]"
F232013,10,40,0.7,"[2152.214634231909, 35.29497766494751]"
F232013,10,40,0.8,"[2166.3096384296673, 40.33351993560791]"
F232013,10,40,0.9,"[2154.9755987215444, 45.368284940719604]"
F232013,10,40,1.0,"[2152.468855854915, 50.41178607940674]"
F232013,10,41,0.01,"[2765.1035923027393, 0.5055911540985107]"
F232013,10,41,0.1,"[2764.6450847577385, 5.000735759735107]"
F232013,10,41,0.2,"[2684.436946676119, 9.992514371871948]"
F232013,10,41,0.3,"[2772.779575810566, 14.983597040176392]"
F232013,10,41,0.4,"[2765.0603489549544, 19.982550859451294]"
F232013,10,41,0.5,"[2763.8887964313753, 24.979065656661987]"
F232013,10,41,0.6,"[2686.2277678616274, 29.967947244644165]"
F232013,10,41,0.7,"[2684.3719815828504, 34.960288286209106]"
F232013,10,41,0.8,"[2687.4643286703104, 39.94546627998352]"
F232013,10,41,0.9,"[2687.29044295866, 44.93006992340088]"
F232013,10,41,1.0,"[2763.783475888603, 49.921658992767334]"
F232013,10,42,0.01,"[2521.6451310239654, 0.5048871040344238]"
F232013,10,42,0.1,"[2522.370008245151, 4.9971418380737305]"
F232013,10,42,0.2,"[2521.705241558043, 9.980438232421875]"
F232013,10,42,0.3,"[2522.6141848616744, 14.971346855163574]"
F232013,10,42,0.4,"[2521.9938692843693, 19.96223473548889]"
F232013,10,42,0.5,"[2522.758581617899, 24.951893091201782]"
F232013,10,42,0.6,"[2522.3103068627397, 29.938161611557007]"
F232013,10,42,0.7,"[2521.987910330839, 34.927467584609985]"
F232013,10,42,0.8,"[2522.5903533182905, 39.91314911842346]"
F232013,10,42,0.9,"[2522.000403338106, 44.89704942703247]"
F232013,10,42,1.0,"[2524.5036168487645, 49.88825750350952]"
F232013,10,43,0.01,"[1949.1332435678323, 0.5070316791534424]"
F232013,10,43,0.1,"[1951.1468376996172, 5.022264003753662]"
F232013,10,43,0.2,"[1951.5149419936001, 10.031278371810913]"
F232013,10,43,0.3,"[1951.6441919469348, 15.044925928115845]"
F232013,10,43,0.4,"[1955.1664482054975, 20.06401538848877]"
F232013,10,43,0.5,"[1953.3924554382756, 25.08075737953186]"
F232013,10,43,0.6,"[1954.3885492974568, 30.096747636795044]"
F232013,10,43,0.7,"[1950.6201195497274, 35.11682629585266]"
F232013,10,43,0.8,"[1949.9779574678023, 40.12891435623169]"
F232013,10,43,0.9,"[1952.3207554433466, 45.14099311828613]"
F232013,10,43,1.0,"[1949.5633449350507, 50.159367084503174]"
F232013,10,44,0.01,"[2085.886352167078, 0.5056352615356445]"
F232013,10,44,0.1,"[2094.7058134595095, 5.0157630443573]"
F232013,10,44,0.2,"[2096.716421331309, 10.013503313064575]"
F232013,10,44,0.3,"[2031.106963443517, 15.009065389633179]"
F232013,10,44,0.4,"[2031.10568452203, 20.01042103767395]"
F232013,10,44,0.5,"[2085.448325674788, 25.00291347503662]"
F232013,10,44,0.6,"[1977.6078061989256, 29.993454694747925]"
F232013,10,44,0.7,"[1977.6071134711792, 34.985655784606934]"
F232013,10,44,0.8,"[1994.875032211035, 39.975924491882324]"
F232013,10,44,0.9,"[2094.7071552778166, 44.963050365448]"
F232013,10,44,1.0,"[2094.7084514730236, 49.958921670913696]"
F232013,10,45,0.01,"[2480.273667072718, 0.5020351409912109]"
F232013,10,45,0.1,"[2475.7497762765956, 4.978320837020874]"
F232013,10,45,0.2,"[2475.229019737487, 9.954431295394897]"
F232013,10,45,0.3,"[2475.101090662865, 14.925950527191162]"
F232013,10,45,0.4,"[2478.196526217793, 19.902806997299194]"
F232013,10,45,0.5,"[2477.560936075362, 24.86832046508789]"
F232013,10,45,0.6,"[2477.491311569268, 29.83937668800354]"
F232013,10,45,0.7,"[2478.401007108138, 34.81024503707886]"
F232013,10,45,0.8,"[2477.65012269194, 39.773183822631836]"
F232013,10,45,0.9,"[2478.790960101817, 44.74348449707031]"
F232013,10,45,1.0,"[2475.261483938207, 49.71660661697388]"
F232013,10,46,0.01,"[1750.2220329170786, 0.5562856197357178]"
F232013,10,46,0.1,"[1724.605652078374, 5.091293096542358]"
F232013,10,46,0.2,"[1714.3899899154185, 10.077353715896606]"
F232013,10,46,0.3,"[1689.9769185050409, 15.062937259674072]"
F232013,10,46,0.4,"[1724.5515057412426, 20.04985523223877]"
F232013,10,46,0.5,"[1714.398325993101, 25.03323483467102]"
F232013,10,46,0.6,"[1689.9770870203229, 30.020503997802734]"
F232013,10,46,0.7,"[1724.5515632100223, 35.014259338378906]"
F232013,10,46,0.8,"[1714.3989242413572, 40.011961698532104]"
F232013,10,46,0.9,"[1689.9764453892967, 44.99631309509277]"
F232013,10,46,1.0,"[1724.549955686331, 49.984015703201294]"
F232013,10,47,0.01,"[2413.348226457625, 0.5060701370239258]"
F232013,10,47,0.1,"[2414.090466362894, 4.997953414916992]"
F232013,10,47,0.2,"[2414.945197608282, 9.987216234207153]"
F232013,10,47,0.3,"[2414.58014691233, 14.97670865058899]"
F232013,10,47,0.4,"[2413.3883397336986, 19.972739458084106]"
F232013,10,47,0.5,"[2415.1211156853665, 24.961166381835938]"
F232013,10,47,0.6,"[2414.424253787898, 29.951202630996704]"
F232013,10,47,0.7,"[2417.6236185204416, 34.94712209701538]"
F232013,10,47,0.8,"[2414.50196725929, 39.94106125831604]"
F232013,10,47,0.9,"[2415.17433527152, 44.93430256843567]"
F232013,10,47,1.0,"[2432.1726827323782, 49.93404507637024]"
F232013,10,48,0.01,"[2130.3485586178786, 0.5047082901000977]"
F232013,10,48,0.1,"[2135.3491027084433, 4.9963603019714355]"
F232013,10,48,0.2,"[2154.079371971239, 9.98779034614563]"
F232013,10,48,0.3,"[2113.296735836543, 14.984023571014404]"
F232013,10,48,0.4,"[2200.648662486636, 19.986437559127808]"
F232013,10,48,0.5,"[2099.080700298128, 24.983458995819092]"
F232013,10,48,0.6,"[2091.618563624641, 29.976585626602173]"
F232013,10,48,0.7,"[2122.442869371093, 34.97303485870361]"
F232013,10,48,0.8,"[2099.595799482194, 39.9642219543457]"
F232013,10,48,0.9,"[2194.646207102357, 44.95468759536743]"
F232013,10,48,1.0,"[2182.2613034440674, 49.95179200172424]"
F232013,10,49,0.01,"[2694.9601195163104, 0.5077738761901855]"
F232013,10,49,0.1,"[2674.4378678994885, 5.030680179595947]"
F232013,10,49,0.2,"[2719.707854260188, 10.052832841873169]"
F232013,10,49,0.3,"[2676.53750121797, 15.076612710952759]"
F232013,10,49,0.4,"[2744.918084621652, 20.10303044319153]"
F232013,10,49,0.5,"[2689.806442619793, 25.126362562179565]"
F232013,10,49,0.6,"[2724.8193005429703, 30.145652532577515]"
F232013,10,49,0.7,"[2697.482715451583, 35.16634798049927]"
F232013,10,49,0.8,"[2702.4760508961713, 40.18123412132263]"
F232013,10,49,0.9,"[2708.376037599856, 45.18959164619446]"
F232013,10,49,1.0,"[2571.8566649916897, 50.20600700378418]"
F232013,10,50,0.01,"[3238.8687830835697, 0.5177168846130371]"
F232013,10,50,0.1,"[3243.6783626618817, 5.006944179534912]"
F232013,10,50,0.2,"[3244.2211888876336, 10.003583431243896]"
F232013,10,50,0.3,"[3239.1494458154384, 14.997029781341553]"
F232013,10,50,0.4,"[3242.0009620426663, 20.002498388290405]"
F232013,10,50,0.5,"[3239.863253874122, 24.99924087524414]"
F232013,10,50,0.6,"[3240.354722723091, 29.993273735046387]"
F232013,10,50,0.7,"[3240.3158012219374, 34.996002435684204]"
F232013,10,50,0.8,"[3240.03796120322, 39.98902893066406]"
F232013,10,50,0.9,"[3240.5464614186603, 44.97184443473816]"
F232013,10,50,1.0,"[3244.2894806940603, 49.950671672821045]"
F232013,30,0,0.01,"[8108.8555786551005, 1.6167411804199219]"
F232013,30,0,0.1,"[8066.774980246926, 16.066080331802368]"
F232013,30,0,0.2,"[8080.345299939214, 32.10618257522583]"
F232013,30,0,0.3,"[8068.423169879838, 48.156848192214966]"
F232013,30,0,0.4,"[8050.056751501928, 64.20755410194397]"
F232013,30,0,0.5,"[8163.868228398123, 80.27981877326965]"
F232013,30,0,0.6,"[8008.652590815273, 96.32170915603638]"
F232013,30,0,0.7,"[8081.059946578622, 112.30312275886536]"
F232013,30,0,0.8,"[8047.719661479274, 128.25002598762512]"
F232013,30,0,0.9,"[7987.123863484536, 144.2110471725464]"
F232013,30,0,1.0,"[8032.263253422971, 160.13277792930603]"
F232013,30,1,0.01,"[6570.214442476506, 1.6136374473571777]"
F232013,30,1,0.1,"[6271.702280371345, 16.035942316055298]"
F232013,30,1,0.2,"[6264.545069212057, 32.05715537071228]"
F232013,30,1,0.3,"[6262.987789351826, 48.10869264602661]"
F232013,30,1,0.4,"[6273.736073422961, 64.14687323570251]"
F232013,30,1,0.5,"[6268.870074705992, 80.19984245300293]"
F232013,30,1,0.6,"[6270.363855774867, 96.22178244590759]"
F232013,30,1,0.7,"[6263.423586797227, 112.26171779632568]"
F232013,30,1,0.8,"[6268.2875822622855, 128.27624344825745]"
F232013,30,1,0.9,"[6267.631555318039, 144.31376457214355]"
F232013,30,1,1.0,"[6269.64931720139, 160.32594799995422]"
F232013,30,2,0.01,"[7122.186491997385, 1.6977148056030273]"
F232013,30,2,0.1,"[7170.139261045712, 15.9993257522583]"
F232013,30,2,0.2,"[7130.107786074206, 31.85580587387085]"
F232013,30,2,0.3,"[7151.245313860079, 47.73359394073486]"
F232013,30,2,0.4,"[7148.760895889818, 63.60001850128174]"
F232013,30,2,0.5,"[7100.559289734531, 79.48076629638672]"
F232013,30,2,0.6,"[7190.78275146362, 95.34132194519043]"
F232013,30,2,0.7,"[7172.767900162102, 111.2146167755127]"
F232013,30,2,0.8,"[7106.33359501181, 127.07040047645569]"
F232013,30,2,0.9,"[7153.587178971498, 142.92554688453674]"
F232013,30,2,1.0,"[7148.996466516822, 158.76730966567993]"
F232013,30,3,0.01,"[8547.200786591131, 1.8076376914978027]"
F232013,30,3,0.1,"[8581.87829365135, 16.35558819770813]"
F232013,30,3,0.2,"[8578.775514646724, 32.497971296310425]"
F232013,30,3,0.3,"[8611.517915386701, 48.6696674823761]"
F232013,30,3,0.4,"[8580.124729013934, 64.83937621116638]"
F232013,30,3,0.5,"[8575.759024994142, 80.99432063102722]"
F232013,30,3,0.6,"[8641.441768519233, 97.10461759567261]"
F232013,30,3,0.7,"[8633.707159543414, 113.22559094429016]"
F232013,30,3,0.8,"[8615.442423767267, 129.32251977920532]"
F232013,30,3,0.9,"[8556.147503213684, 145.4371087551117]"
F232013,30,3,1.0,"[8581.662188578777, 161.54220747947693]"
F232013,30,4,0.01,"[6264.458563776714, 1.6126148700714111]"
F232013,30,4,0.1,"[6446.424359497857, 15.995944023132324]"
F232013,30,4,0.2,"[6490.666375914723, 31.956721782684326]"
F232013,30,4,0.3,"[6220.409447702664, 47.94131088256836]"
F232013,30,4,0.4,"[6264.613142878183, 63.898902893066406]"
F232013,30,4,0.5,"[6342.033678136509, 79.86995339393616]"
F232013,30,4,0.6,"[6430.779073768676, 95.81734585762024]"
F232013,30,4,0.7,"[6228.026638393829, 111.78605890274048]"
F232013,30,4,0.8,"[6217.759207223192, 127.73373103141785]"
F232013,30,4,0.9,"[6190.980156651178, 143.68538331985474]"
F232013,30,4,1.0,"[6299.571941964489, 159.6150770187378]"
F232013,30,5,0.01,"[6591.447453508445, 1.6167595386505127]"
F232013,30,5,0.1,"[6613.382966447141, 16.055525064468384]"
F232013,30,5,0.2,"[6602.007923022126, 32.0839946269989]"
F232013,30,5,0.3,"[6602.886995245002, 48.13385224342346]"
F232013,30,5,0.4,"[6588.335999922947, 64.16852283477783]"
F232013,30,5,0.5,"[6611.5920937364135, 80.22280669212341]"
F232013,30,5,0.6,"[6601.986351242266, 96.25666499137878]"
F232013,30,5,0.7,"[6602.905310794271, 112.47248435020447]"
F232013,30,5,0.8,"[6588.339946036111, 128.55045580863953]"
F232013,30,5,0.9,"[6611.590838732163, 144.61915707588196]"
F232013,30,5,1.0,"[6601.9842068766575, 160.70366883277893]"
F232013,30,6,0.01,"[6909.462238161883, 1.6078612804412842]"
F232013,30,6,0.1,"[6895.940895795599, 15.990890264511108]"
F232013,30,6,0.2,"[6844.448236216658, 31.952261924743652]"
F232013,30,6,0.3,"[6894.143207627787, 47.92574906349182]"
F232013,30,6,0.4,"[6837.286874361203, 63.8859920501709]"
F232013,30,6,0.5,"[6896.24841968724, 79.89611983299255]"
F232013,30,6,0.6,"[6838.396165470074, 95.87025547027588]"
F232013,30,6,0.7,"[6898.582357623254, 111.84098052978516]"
F232013,30,6,0.8,"[6858.834453575408, 127.79692125320435]"
F232013,30,6,0.9,"[6893.841023750312, 143.75274062156677]"
F232013,30,6,1.0,"[6837.316273207174, 159.6884961128235]"
F232013,30,7,0.01,"[7240.601985977488, 1.6115682125091553]"
F232013,30,7,0.1,"[7240.715235237822, 16.043468236923218]"
F232013,30,7,0.2,"[7244.354422385366, 32.056007385253906]"
F232013,30,7,0.3,"[7242.479129034866, 48.08033561706543]"
F232013,30,7,0.4,"[7244.6730341101675, 64.09293723106384]"
F232013,30,7,0.5,"[7257.346106385561, 80.11388397216797]"
F232013,30,7,0.6,"[7240.96298689179, 96.101811170578]"
F232013,30,7,0.7,"[7241.48666665188, 112.09977126121521]"
F232013,30,7,0.8,"[7294.658195969871, 128.08403372764587]"
F232013,30,7,0.9,"[7246.623324336543, 144.08642268180847]"
F232013,30,7,1.0,"[7242.407124171085, 160.06996250152588]"
F232013,30,8,0.01,"[7529.0578432913735, 1.6140995025634766]"
F232013,30,8,0.1,"[7587.332347557978, 16.025036573410034]"
F232013,30,8,0.2,"[7522.088747876645, 32.012598276138306]"
F232013,30,8,0.3,"[7545.756598624255, 48.03047466278076]"
F232013,30,8,0.4,"[7553.814660052143, 64.03133058547974]"
F232013,30,8,0.5,"[7521.903799361444, 80.04247450828552]"
F232013,30,8,0.6,"[7532.474976929163, 96.05559539794922]"
F232013,30,8,0.7,"[7568.009441882681, 112.06274890899658]"
F232013,30,8,0.8,"[7520.063887269156, 128.06019687652588]"
F232013,30,8,0.9,"[7541.895728058709, 144.07179188728333]"
F232013,30,8,1.0,"[7544.539959655558, 160.06419920921326]"
F232013,30,9,0.01,"[7372.222776411614, 1.623891830444336]"
F232013,30,9,0.1,"[7262.393356015339, 16.175804138183594]"
F232013,30,9,0.2,"[7244.653370656555, 32.319748401641846]"
F232013,30,9,0.3,"[7254.433957848574, 48.50468444824219]"
F232013,30,9,0.4,"[7271.2837270278405, 64.67636466026306]"
F232013,30,9,0.5,"[7266.102567832937, 80.84249567985535]"
F232013,30,9,0.6,"[7414.851152779949, 96.97826981544495]"
F232013,30,9,0.7,"[7389.01573632142, 113.12702059745789]"
F232013,30,9,0.8,"[7262.342898399235, 129.2563660144806]"
F232013,30,9,0.9,"[7320.810895641107, 145.39391016960144]"
F232013,30,9,1.0,"[7254.435937161917, 161.50534200668335]"
F232013,30,10,0.01,"[5813.754190232523, 1.719003677368164]"
F232013,30,10,0.1,"[5932.164511101628, 16.060490369796753]"
F232013,30,10,0.2,"[6031.410969795802, 31.98717761039734]"
F232013,30,10,0.3,"[5842.3973049147935, 47.943251609802246]"
F232013,30,10,0.4,"[5782.512654819838, 63.901941776275635]"
F232013,30,10,0.5,"[6055.050581933375, 79.88250637054443]"
F232013,30,10,0.6,"[5950.446982114479, 95.89507460594177]"
F232013,30,10,0.7,"[5777.657533617474, 111.86577248573303]"
F232013,30,10,0.8,"[5988.053737925571, 127.82251787185669]"
F232013,30,10,0.9,"[5823.53468425335, 143.78481769561768]"
F232013,30,10,1.0,"[5977.540473244304, 159.72358345985413]"
F232013,30,11,0.01,"[7047.61738561025, 1.6265385150909424]"
F232013,30,11,0.1,"[7058.031410690667, 16.124095916748047]"
F232013,30,11,0.2,"[7059.533161603856, 32.216243505477905]"
F232013,30,11,0.3,"[7058.663933341871, 48.3241446018219]"
F232013,30,11,0.4,"[7051.677173748997, 64.42957592010498]"
F232013,30,11,0.5,"[7058.921617668601, 80.57668495178223]"
F232013,30,11,0.6,"[7052.621203337562, 96.68959975242615]"
F232013,30,11,0.7,"[7063.653931131833, 112.82945442199707]"
F232013,30,11,0.8,"[7049.5005014558865, 128.95249366760254]"
F232013,30,11,0.9,"[7054.898018461922, 145.0827763080597]"
F232013,30,11,1.0,"[7050.586973564288, 161.20446753501892]"
F232013,30,12,0.01,"[7810.03732227581, 1.7728068828582764]"
F232013,30,12,0.1,"[7821.095264677868, 16.300233602523804]"
F232013,30,12,0.2,"[7787.189482873331, 32.43433356285095]"
F232013,30,12,0.3,"[7785.453728347875, 48.61009764671326]"
F232013,30,12,0.4,"[7816.004861480955, 64.76783728599548]"
F232013,30,12,0.5,"[7788.276600617421, 80.94628500938416]"
F232013,30,12,0.6,"[7796.6867655573005, 97.0968668460846]"
F232013,30,12,0.7,"[7792.915559536934, 113.26062965393066]"
F232013,30,12,0.8,"[7787.669810278285, 129.4141652584076]"
F232013,30,12,0.9,"[7806.392831316471, 145.59213972091675]"
F232013,30,12,1.0,"[7780.303259154525, 161.7961974143982]"
F232013,30,13,0.01,"[5599.702153182803, 1.6192784309387207]"
F232013,30,13,0.1,"[5538.13403048481, 16.15200138092041]"
F232013,30,13,0.2,"[5505.074252527914, 32.25595760345459]"
F232013,30,13,0.3,"[5537.764616301137, 48.38750147819519]"
F232013,30,13,0.4,"[5504.73085913643, 64.4651849269867]"
F232013,30,13,0.5,"[5537.69540716255, 80.54996347427368]"
F232013,30,13,0.6,"[5505.3483371016955, 96.62835216522217]"
F232013,30,13,0.7,"[5537.979186302784, 112.75168871879578]"
F232013,30,13,0.8,"[5504.540826484944, 128.8637180328369]"
F232013,30,13,0.9,"[5537.695067860274, 144.94812273979187]"
F232013,30,13,1.0,"[5504.9496887318855, 161.02319145202637]"
F232013,30,14,0.01,"[7250.744720939237, 1.6121487617492676]"
F232013,30,14,0.1,"[7104.8037364781185, 16.091434955596924]"
F232013,30,14,0.2,"[7200.3964500600405, 32.11489510536194]"
F232013,30,14,0.3,"[7070.657801992305, 48.155733585357666]"
F232013,30,14,0.4,"[7189.540251603389, 64.25999093055725]"
F232013,30,14,0.5,"[7185.336482285996, 80.29338312149048]"
F232013,30,14,0.6,"[7097.446683332598, 96.30310320854187]"
F232013,30,14,0.7,"[7149.8984269213115, 112.32274889945984]"
F232013,30,14,0.8,"[7094.309434996026, 128.32815265655518]"
F232013,30,14,0.9,"[7041.4734538396515, 144.33203840255737]"
F232013,30,14,1.0,"[7152.574724522558, 160.3123745918274]"
F232013,30,15,0.01,"[7499.644405914376, 1.6392896175384521]"
F232013,30,15,0.1,"[7193.836068709752, 15.98905348777771]"
F232013,30,15,0.2,"[7228.434382645827, 31.923682928085327]"
F232013,30,15,0.3,"[7227.647611094125, 47.87780213356018]"
F232013,30,15,0.4,"[7165.291391005742, 63.82565689086914]"
F232013,30,15,0.5,"[7265.923143074145, 79.79646849632263]"
F232013,30,15,0.6,"[7420.596040327453, 95.73565340042114]"
F232013,30,15,0.7,"[7231.100574585761, 111.68771290779114]"
F232013,30,15,0.8,"[7161.979865763086, 127.61750912666321]"
F232013,30,15,0.9,"[7157.767283064598, 143.55596327781677]"
F232013,30,15,1.0,"[7177.641458095599, 159.4728388786316]"
F232013,30,16,0.01,"[7086.207324876545, 1.614337682723999]"
F232013,30,16,0.1,"[7091.277844768107, 16.00707745552063]"
F232013,30,16,0.2,"[7051.438939829959, 31.993062734603882]"
F232013,30,16,0.3,"[6973.560941502074, 48.010077238082886]"
F232013,30,16,0.4,"[7039.177507285599, 64.01092338562012]"
F232013,30,16,0.5,"[7040.0011508467005, 80.03026485443115]"
F232013,30,16,0.6,"[7070.449395973105, 96.02261519432068]"
F232013,30,16,0.7,"[7063.946656369056, 112.02515387535095]"
F232013,30,16,0.8,"[7069.366695610366, 128.00557923316956]"
F232013,30,16,0.9,"[7079.836457628368, 144.00311613082886]"
F232013,30,16,1.0,"[7093.906396878774, 159.98590755462646]"
F232013,30,17,0.01,"[7289.034632939681, 1.615527868270874]"
F232013,30,17,0.1,"[7262.159517729356, 16.065068006515503]"
F232013,30,17,0.2,"[7254.20135277603, 32.10854196548462]"
F232013,30,17,0.3,"[7264.8182779521585, 48.16434144973755]"
F232013,30,17,0.4,"[7254.7625551181445, 64.20352721214294]"
F232013,30,17,0.5,"[7262.240850777486, 80.26257419586182]"
F232013,30,17,0.6,"[7254.165097446089, 96.29610323905945]"
F232013,30,17,0.7,"[7262.890000952578, 112.35039281845093]"
F232013,30,17,0.8,"[7255.478733899789, 128.39105010032654]"
F232013,30,17,0.9,"[7262.543198894513, 144.4490876197815]"
F232013,30,17,1.0,"[7254.22780333695, 160.48694515228271]"
F232013,30,18,0.01,"[6482.719736590412, 1.6070430278778076]"
F232013,30,18,0.1,"[6570.123209483118, 15.992347240447998]"
F232013,30,18,0.2,"[6627.718181685544, 31.94447374343872]"
F232013,30,18,0.3,"[6558.391981397983, 47.92123222351074]"
F232013,30,18,0.4,"[6513.670551159428, 63.89200782775879]"
F232013,30,18,0.5,"[6598.040816937091, 79.88025546073914]"
F232013,30,18,0.6,"[6555.639654912646, 95.84204411506653]"
F232013,30,18,0.7,"[6644.444185094922, 111.81509494781494]"
F232013,30,18,0.8,"[6596.785759761045, 127.76994585990906]"
F232013,30,18,0.9,"[6497.693480936945, 143.72877836227417]"
F232013,30,18,1.0,"[6550.7050967091645, 159.66927218437195]"
F232013,30,19,0.01,"[8170.485737533567, 1.696749210357666]"
F232013,30,19,0.1,"[8121.669149790365, 16.19461154937744]"
F232013,30,19,0.2,"[8244.430852539528, 32.28027033805847]"
F232013,30,19,0.3,"[8150.254008860378, 48.41019630432129]"
F232013,30,19,0.4,"[8151.717118767396, 64.50535988807678]"
F232013,30,19,0.5,"[8132.114653432876, 80.62270998954773]"
F232013,30,19,0.6,"[8221.091301131304, 96.72844624519348]"
F232013,30,19,0.7,"[8181.542818580183, 112.84196281433105]"
F232013,30,19,0.8,"[8137.985305365957, 128.93314838409424]"
F232013,30,19,0.9,"[8074.798282174281, 145.03359866142273]"
F232013,30,19,1.0,"[8128.300724120858, 161.11106181144714]"
F232013,30,20,0.01,"[4947.143199167947, 1.808936357498169]"
F232013,30,20,0.1,"[4955.261889924149, 16.228301525115967]"
F232013,30,20,0.2,"[4954.8044042746205, 32.25052261352539]"
F232013,30,20,0.3,"[4953.7981043628915, 48.30856704711914]"
F232013,30,20,0.4,"[4962.229583412498, 64.33761191368103]"
F232013,30,20,0.5,"[4955.633220071581, 80.38654708862305]"
F232013,30,20,0.6,"[4952.27579478205, 96.41894340515137]"
F232013,30,20,0.7,"[4952.53862862489, 112.46191048622131]"
F232013,30,20,0.8,"[4953.199853751249, 128.4868359565735]"
F232013,30,20,0.9,"[4957.878347101834, 144.53613924980164]"
F232013,30,20,1.0,"[4954.578258162336, 160.5623755455017]"
F232013,30,21,0.01,"[5337.132923021315, 1.6376006603240967]"
F232013,30,21,0.1,"[5379.934806783941, 16.008110523223877]"
F232013,30,21,0.2,"[5402.074191391705, 31.970619440078735]"
F232013,30,21,0.3,"[5376.330464612343, 47.962987422943115]"
F232013,30,21,0.4,"[5382.728759884904, 63.945656299591064]"
F232013,30,21,0.5,"[5355.324120957025, 79.94916892051697]"
F232013,30,21,0.6,"[5376.329340128237, 95.92469882965088]"
F232013,30,21,0.7,"[5372.509453166206, 111.9230637550354]"
F232013,30,21,0.8,"[5355.3260446848035, 127.90246319770813]"
F232013,30,21,0.9,"[5447.363014050373, 143.89091992378235]"
F232013,30,21,1.0,"[5372.510900730178, 159.8575255870819]"
F232013,30,22,0.01,"[7797.818632243569, 1.6882896423339844]"
F232013,30,22,0.1,"[7693.151619467626, 16.015063047409058]"
F232013,30,22,0.2,"[7867.4054145873815, 31.91651201248169]"
F232013,30,22,0.3,"[7761.326562327256, 47.84580111503601]"
F232013,30,22,0.4,"[7779.330747647815, 63.76349663734436]"
F232013,30,22,0.5,"[7820.922737971163, 79.70195293426514]"
F232013,30,22,0.6,"[7765.916859103392, 95.60186338424683]"
F232013,30,22,0.7,"[7775.677666702173, 111.51241278648376]"
F232013,30,22,0.8,"[7833.34731295134, 127.38416600227356]"
F232013,30,22,0.9,"[7609.12281478849, 143.2783100605011]"
F232013,30,22,1.0,"[7668.562760576804, 159.1789948940277]"
F232013,30,23,0.01,"[7652.905010889748, 1.7321951389312744]"
F232013,30,23,0.1,"[7667.12070097242, 15.99072527885437]"
F232013,30,23,0.2,"[7731.27811535581, 31.80272364616394]"
F232013,30,23,0.3,"[7660.280930703362, 47.65740942955017]"
F232013,30,23,0.4,"[7642.380030075521, 63.50526690483093]"
F232013,30,23,0.5,"[7678.287032123555, 79.36278247833252]"
F232013,30,23,0.6,"[7646.214076321423, 95.19187927246094]"
F232013,30,23,0.7,"[7650.175427977862, 111.02336263656616]"
F232013,30,23,0.8,"[7663.60052925329, 126.84056496620178]"
F232013,30,23,0.9,"[7649.268550022844, 142.65083646774292]"
F232013,30,23,1.0,"[7728.797505677272, 158.45365476608276]"
F232013,30,24,0.01,"[7116.468863593868, 1.8875017166137695]"
F232013,30,24,0.1,"[7164.547680302196, 16.401593446731567]"
F232013,30,24,0.2,"[7104.814501707615, 32.51006269454956]"
F232013,30,24,0.3,"[7228.89621739128, 48.63740301132202]"
F232013,30,24,0.4,"[7229.501030421443, 64.75223755836487]"
F232013,30,24,0.5,"[7165.785774980708, 80.87557244300842]"
F232013,30,24,0.6,"[7212.8229806561285, 96.99835753440857]"
F232013,30,24,0.7,"[7197.456057937404, 113.2418303489685]"
F232013,30,24,0.8,"[7184.7905520772665, 129.37177348136902]"
F232013,30,24,0.9,"[7230.508249194666, 145.4728786945343]"
F232013,30,24,1.0,"[7098.495440042747, 161.55738520622253]"
F232013,30,25,0.01,"[5690.267465337437, 1.7901856899261475]"
F232013,30,25,0.1,"[5642.641068653456, 16.22551679611206]"
F232013,30,25,0.2,"[5684.1372710303385, 32.25078463554382]"
F232013,30,25,0.3,"[5653.296838487722, 48.31435227394104]"
F232013,30,25,0.4,"[5659.293338534125, 64.3563768863678]"
F232013,30,25,0.5,"[5676.404345673345, 80.38603496551514]"
F232013,30,25,0.6,"[5716.509914489176, 96.38471055030823]"
F232013,30,25,0.7,"[5682.8545202715995, 112.40866327285767]"
F232013,30,25,0.8,"[5645.533815601753, 128.43877625465393]"
F232013,30,25,0.9,"[5635.221224669902, 144.51678037643433]"
F232013,30,25,1.0,"[5642.639095169583, 160.54116463661194]"
F232013,30,26,0.01,"[6054.048609113863, 1.6374459266662598]"
F232013,30,26,0.1,"[6069.70863704155, 15.99811577796936]"
F232013,30,26,0.2,"[6042.796693821623, 31.880112648010254]"
F232013,30,26,0.3,"[6065.182719414415, 47.8671236038208]"
F232013,30,26,0.4,"[6071.750996823656, 63.801512002944946]"
F232013,30,26,0.5,"[6088.859186490001, 79.71772408485413]"
F232013,30,26,0.6,"[6089.784915251735, 95.6260838508606]"
F232013,30,26,0.7,"[6076.784191221063, 111.50586247444153]"
F232013,30,26,0.8,"[6067.063563102136, 127.37212181091309]"
F232013,30,26,0.9,"[6051.666508698207, 143.25701451301575]"
F232013,30,26,1.0,"[6059.887107218379, 159.11376023292542]"
F232013,30,27,0.01,"[7148.954170371994, 1.7848215103149414]"
F232013,30,27,0.1,"[7174.357712117901, 16.193628787994385]"
F232013,30,27,0.2,"[7175.301288371953, 32.19730234146118]"
F232013,30,27,0.3,"[7154.5067538854, 48.22520041465759]"
F232013,30,27,0.4,"[7107.34809198413, 64.24014091491699]"
F232013,30,27,0.5,"[7141.689337962166, 80.28118181228638]"
F232013,30,27,0.6,"[7120.582731294826, 96.30364775657654]"
F232013,30,27,0.7,"[7120.455938651326, 112.3228371143341]"
F232013,30,27,0.8,"[7142.964281234579, 128.30115342140198]"
F232013,30,27,0.9,"[7142.8148707346045, 144.30563473701477]"
F232013,30,27,1.0,"[7105.384322972161, 160.28561735153198]"
F232013,30,28,0.01,"[7315.969494972895, 1.6056418418884277]"
F232013,30,28,0.1,"[7324.645038545037, 15.951276779174805]"
F232013,30,28,0.2,"[7367.426656689053, 31.86523747444153]"
F232013,30,28,0.3,"[7297.235741296634, 47.805588483810425]"
F232013,30,28,0.4,"[7373.62257900455, 63.734636306762695]"
F232013,30,28,0.5,"[7366.616270888255, 79.67540860176086]"
F232013,30,28,0.6,"[7355.250270404278, 95.5783338546753]"
F232013,30,28,0.7,"[7357.456448008841, 111.48792362213135]"
F232013,30,28,0.8,"[7352.240769732358, 127.374427318573]"
F232013,30,28,0.9,"[7356.062702112025, 143.3036744594574]"
F232013,30,28,1.0,"[7355.308789900424, 159.20937633514404]"
F232013,30,29,0.01,"[5746.996493211066, 1.6223046779632568]"
F232013,30,29,0.1,"[5771.376441007639, 16.002419233322144]"
F232013,30,29,0.2,"[5794.1170424303455, 31.981454372406006]"
F232013,30,29,0.3,"[5751.259562108864, 47.98255395889282]"
F232013,30,29,0.4,"[5753.157183481133, 63.979623794555664]"
F232013,30,29,0.5,"[5749.684405941972, 80.01981329917908]"
F232013,30,29,0.6,"[5766.663523112656, 96.01752853393555]"
F232013,30,29,0.7,"[5764.431075582245, 112.01272749900818]"
F232013,30,29,0.8,"[5751.779641122493, 127.99174475669861]"
F232013,30,29,0.9,"[5752.80993822738, 143.99030995368958]"
F232013,30,29,1.0,"[5754.635935022187, 159.9622447490692]"
F232013,30,30,0.01,"[6458.437433015566, 1.6192543506622314]"
F232013,30,30,0.1,"[6461.044416721374, 16.109129905700684]"
F232013,30,30,0.2,"[6490.147966151609, 32.193684816360474]"
F232013,30,30,0.3,"[6486.974798712279, 48.29558753967285]"
F232013,30,30,0.4,"[6455.4753753332825, 64.39606475830078]"
F232013,30,30,0.5,"[6452.816908649239, 80.50787210464478]"
F232013,30,30,0.6,"[6468.8146723405425, 96.58427619934082]"
F232013,30,30,0.7,"[6466.817177888549, 112.67437076568604]"
F232013,30,30,0.8,"[6480.829641304433, 128.74752354621887]"
F232013,30,30,0.9,"[6478.882021164073, 144.82364797592163]"
F232013,30,30,1.0,"[6485.527167335378, 160.88952016830444]"
F232013,30,31,0.01,"[6171.729374453629, 1.6211626529693604]"
F232013,30,31,0.1,"[6197.815565468347, 16.133093118667603]"
F232013,30,31,0.2,"[6173.077837839373, 32.22549796104431]"
F232013,30,31,0.3,"[6178.478839389534, 48.33282995223999]"
F232013,30,31,0.4,"[6186.497487978439, 64.42892074584961]"
F232013,30,31,0.5,"[6177.899526039258, 80.53551745414734]"
F232013,30,31,0.6,"[6172.242354413747, 96.61133074760437]"
F232013,30,31,0.7,"[6174.85820382792, 112.71442437171936]"
F232013,30,31,0.8,"[6178.2792170052335, 128.80220341682434]"
F232013,30,31,0.9,"[6171.66825019245, 144.90272879600525]"
F232013,30,31,1.0,"[6174.152895776034, 160.9863178730011]"
F232013,30,32,0.01,"[7837.506068521474, 1.6160163879394531]"
F232013,30,32,0.1,"[7816.060450587398, 16.069479942321777]"
F232013,30,32,0.2,"[7819.067670301398, 32.10922908782959]"
F232013,30,32,0.3,"[7817.920752608319, 48.17645835876465]"
F232013,30,32,0.4,"[7819.1709241168355, 64.22641110420227]"
F232013,30,32,0.5,"[7817.91734810163, 80.30001068115234]"
F232013,30,32,0.6,"[7819.170312724884, 96.35070085525513]"
F232013,30,32,0.7,"[7817.918230762092, 112.41066408157349]"
F232013,30,32,0.8,"[7819.168450226665, 128.455561876297]"
F232013,30,32,0.9,"[7817.918147397497, 144.5132875442505]"
F232013,30,32,1.0,"[7819.169487733994, 160.54704761505127]"
F232013,30,33,0.01,"[8204.17791386814, 1.6487269401550293]"
F232013,30,33,0.1,"[8143.976414357701, 15.999067783355713]"
F232013,30,33,0.2,"[8179.33816590445, 31.933277130126953]"
F232013,30,33,0.3,"[8240.980055198506, 47.88298201560974]"
F232013,30,33,0.4,"[8198.514077279226, 63.820457220077515]"
F232013,30,33,0.5,"[8159.947983401198, 79.77479290962219]"
F232013,30,33,0.6,"[8188.5459470856185, 95.72506308555603]"
F232013,30,33,0.7,"[8178.022440085631, 111.67290782928467]"
F232013,30,33,0.8,"[8282.742892258371, 127.58775591850281]"
F232013,30,33,0.9,"[8172.2930577896, 143.5224769115448]"
F232013,30,33,1.0,"[8174.056545988737, 159.43143010139465]"
F232013,30,34,0.01,"[7629.830260748651, 1.6243400573730469]"
F232013,30,34,0.1,"[7618.74613397925, 16.16183304786682]"
F232013,30,34,0.2,"[7603.18618974038, 32.31533646583557]"
F232013,30,34,0.3,"[7624.757695884931, 48.48153209686279]"
F232013,30,34,0.4,"[7607.905053992825, 64.71452617645264]"
F232013,30,34,0.5,"[7634.240859763238, 80.88158679008484]"
F232013,30,34,0.6,"[7599.980406592083, 97.01331067085266]"
F232013,30,34,0.7,"[7624.293398698845, 113.15962409973145]"
F232013,30,34,0.8,"[7618.538098454406, 129.29657983779907]"
F232013,30,34,0.9,"[7589.690409892199, 145.44783926010132]"
F232013,30,34,1.0,"[7613.656425342457, 161.58583641052246]"
F232013,30,35,0.01,"[7645.639751141143, 1.6079368591308594]"
F232013,30,35,0.1,"[7627.17729762302, 15.995755434036255]"
F232013,30,35,0.2,"[7677.778986081357, 31.947684288024902]"
F232013,30,35,0.3,"[7697.672594761942, 47.923012018203735]"
F232013,30,35,0.4,"[7670.053935903612, 63.89230751991272]"
F232013,30,35,0.5,"[7694.098982408072, 79.88310432434082]"
F232013,30,35,0.6,"[7711.416313555052, 95.84095001220703]"
F232013,30,35,0.7,"[7689.088278951851, 111.8129563331604]"
F232013,30,35,0.8,"[7671.639580122941, 127.76329946517944]"
F232013,30,35,0.9,"[7714.705519502768, 143.7170820236206]"
F232013,30,35,1.0,"[7712.9879369810915, 159.64762616157532]"
F232013,30,36,0.01,"[6667.290582184421, 1.666388750076294]"
F232013,30,36,0.1,"[6519.98530825144, 16.143131256103516]"
F232013,30,36,0.2,"[6588.778496144011, 32.18964862823486]"
F232013,30,36,0.3,"[6545.798247101653, 48.24590015411377]"
F232013,30,36,0.4,"[6473.55728892276, 64.34156966209412]"
F232013,30,36,0.5,"[6466.5230821309, 80.41496872901917]"
F232013,30,36,0.6,"[6474.992990879172, 96.46243214607239]"
F232013,30,36,0.7,"[6556.314702586123, 112.53623938560486]"
F232013,30,36,0.8,"[6490.106452169042, 128.59057927131653]"
F232013,30,36,0.9,"[6491.626947836149, 144.6428611278534]"
F232013,30,36,1.0,"[6519.993825142669, 160.6678910255432]"
F232013,30,37,0.01,"[7595.058424555362, 1.7739768028259277]"
F232013,30,37,0.1,"[7618.574468524979, 17.627713680267334]"
F232013,30,37,0.2,"[7626.372305544897, 35.22334337234497]"
F232013,30,37,0.3,"[7657.040231402156, 52.82974433898926]"
F232013,30,37,0.4,"[7610.682538432164, 70.40533447265625]"
F232013,30,37,0.5,"[7595.148945378751, 88.00162863731384]"
F232013,30,37,0.6,"[7615.8676186025405, 105.58365225791931]"
F232013,30,37,0.7,"[7619.255328531111, 123.1755690574646]"
F232013,30,37,0.8,"[7604.345301988582, 140.7516918182373]"
F232013,30,37,0.9,"[7619.358843442937, 158.33882784843445]"
F232013,30,37,1.0,"[7628.881290762623, 174.5295307636261]"
F232013,30,38,0.01,"[7604.852827937775, 1.6210777759552002]"
F232013,30,38,0.1,"[7415.922961240771, 16.12311553955078]"
F232013,30,38,0.2,"[7371.374446603637, 32.21844410896301]"
F232013,30,38,0.3,"[7495.3755637844515, 48.331100940704346]"
F232013,30,38,0.4,"[7432.271493213604, 64.41489934921265]"
F232013,30,38,0.5,"[7309.337645216954, 80.5156741142273]"
F232013,30,38,0.6,"[7246.0856964636805, 96.58624410629272]"
F232013,30,38,0.7,"[7182.564016232104, 112.67775845527649]"
F232013,30,38,0.8,"[7306.451939337296, 128.78052377700806]"
F232013,30,38,0.9,"[7360.651713196499, 144.87960577011108]"
F232013,30,38,1.0,"[7365.3072008708605, 161.00278735160828]"
F232013,30,39,0.01,"[8491.535913301252, 1.6102409362792969]"
F232013,30,39,0.1,"[8384.95236297501, 16.038809061050415]"
F232013,30,39,0.2,"[8487.227519186918, 32.05911421775818]"
F232013,30,39,0.3,"[8493.418246563002, 48.104923248291016]"
F232013,30,39,0.4,"[8466.109334980076, 64.14496874809265]"
F232013,30,39,0.5,"[8596.431028874502, 80.18071174621582]"
F232013,30,39,0.6,"[8428.036338576516, 96.19276213645935]"
F232013,30,39,0.7,"[8360.255375520312, 112.22058725357056]"
F232013,30,39,0.8,"[8487.057048759945, 128.23500227928162]"
F232013,30,39,0.9,"[8401.334330844566, 144.26090145111084]"
F232013,30,39,1.0,"[8474.268503437383, 160.2839069366455]"
F232013,30,40,0.01,"[6837.737682675621, 1.6152751445770264]"
F232013,30,40,0.1,"[6789.149899537471, 16.070351362228394]"
F232013,30,40,0.2,"[6751.119272243037, 32.114763021469116]"
F232013,30,40,0.3,"[6816.665823390909, 48.16622805595398]"
F232013,30,40,0.4,"[6784.50295862061, 64.18288588523865]"
F232013,30,40,0.5,"[6852.808637807545, 80.21625304222107]"
F232013,30,40,0.6,"[6816.407539932353, 96.21820139884949]"
F232013,30,40,0.7,"[6754.2479538673915, 112.24131560325623]"
F232013,30,40,0.8,"[6851.064945442495, 128.24389386177063]"
F232013,30,40,0.9,"[6785.046752957642, 144.25988841056824]"
F232013,30,40,1.0,"[6755.132932781563, 160.27211618423462]"
F232013,30,41,0.01,"[7641.225995769113, 1.6121091842651367]"
F232013,30,41,0.1,"[7257.32345705972, 16.017295122146606]"
F232013,30,41,0.2,"[7277.645765295888, 32.015944719314575]"
F232013,30,41,0.3,"[7272.565829083347, 48.03466606140137]"
F232013,30,41,0.4,"[7303.70756784705, 64.03803420066833]"
F232013,30,41,0.5,"[7296.73904814319, 80.06225895881653]"
F232013,30,41,0.6,"[7246.438178657036, 96.05911254882812]"
F232013,30,41,0.7,"[7279.830386353319, 112.06595706939697]"
F232013,30,41,0.8,"[7266.0133534799925, 128.07178235054016]"
F232013,30,41,0.9,"[7275.8386772168315, 144.083025932312]"
F232013,30,41,1.0,"[7285.560867685111, 160.08445715904236]"
F232013,30,42,0.01,"[6146.866959305643, 1.6123378276824951]"
F232013,30,42,0.1,"[6229.942109546579, 16.03870701789856]"
F232013,30,42,0.2,"[6231.185440295647, 32.044891119003296]"
F232013,30,42,0.3,"[6207.068981933499, 48.08361625671387]"
F232013,30,42,0.4,"[6125.908936702461, 64.0889208316803]"
F232013,30,42,0.5,"[6132.486083601457, 80.1115972995758]"
F232013,30,42,0.6,"[6246.4891517908145, 96.11224460601807]"
F232013,30,42,0.7,"[6219.623591824394, 112.12980508804321]"
F232013,30,42,0.8,"[6171.726192474319, 128.14346313476562]"
F232013,30,42,0.9,"[6129.876726097654, 144.1610403060913]"
F232013,30,42,1.0,"[6210.48884114622, 160.178781747818]"
F232013,30,43,0.01,"[7471.829430572794, 1.7073111534118652]"
F232013,30,43,0.1,"[7403.361580566754, 16.09243130683899]"
F232013,30,43,0.2,"[7382.031643467828, 32.06864404678345]"
F232013,30,43,0.3,"[7403.358919349554, 48.073405265808105]"
F232013,30,43,0.4,"[7382.032597282596, 64.04770517349243]"
F232013,30,43,0.5,"[7403.3596399483085, 80.0442304611206]"
F232013,30,43,0.6,"[7382.030380427797, 96.02063798904419]"
F232013,30,43,0.7,"[7403.359625759187, 112.00755977630615]"
F232013,30,43,0.8,"[7382.033282764674, 127.98879742622375]"
F232013,30,43,0.9,"[7403.359375556196, 143.9794852733612]"
F232013,30,43,1.0,"[7382.033258972859, 159.96142315864563]"
F232013,30,44,0.01,"[8386.29034453066, 1.6354668140411377]"
F232013,30,44,0.1,"[7903.737705043655, 16.104506731033325]"
F232013,30,44,0.2,"[7944.449131521445, 32.151097536087036]"
F232013,30,44,0.3,"[8019.630857146738, 48.34253811836243]"
F232013,30,44,0.4,"[7958.103741379793, 64.39435720443726]"
F232013,30,44,0.5,"[7989.334299629683, 80.45279884338379]"
F232013,30,44,0.6,"[8053.33106093935, 96.48692846298218]"
F232013,30,44,0.7,"[8000.418149090367, 112.51386523246765]"
F232013,30,44,0.8,"[8001.016837481049, 128.51895213127136]"
F232013,30,44,0.9,"[8025.61652101174, 144.5407145023346]"
F232013,30,44,1.0,"[8105.039848284516, 160.53865146636963]"
F232013,30,45,0.01,"[7562.792361476204, 1.7255885601043701]"
F232013,30,45,0.1,"[7567.239562029401, 15.942654132843018]"
F232013,30,45,0.2,"[7618.387191001273, 31.72162890434265]"
F232013,30,45,0.3,"[7656.1783996397135, 47.52291226387024]"
F232013,30,45,0.4,"[7638.420333414255, 63.31317186355591]"
F232013,30,45,0.5,"[7618.533378306987, 79.12162637710571]"
F232013,30,45,0.6,"[7574.593449817357, 94.90032577514648]"
F232013,30,45,0.7,"[7660.101768857348, 110.67510414123535]"
F232013,30,45,0.8,"[7642.978340229238, 126.42792797088623]"
F232013,30,45,0.9,"[7554.52496992992, 142.20843625068665]"
F232013,30,45,1.0,"[7567.241575835604, 157.976655960083]"
F232013,30,46,0.01,"[7748.400244952625, 1.689063549041748]"
F232013,30,46,0.1,"[7764.6025658036815, 16.136347770690918]"
F232013,30,46,0.2,"[7665.78020301045, 32.16624355316162]"
F232013,30,46,0.3,"[7788.558003313523, 48.219980001449585]"
F232013,30,46,0.4,"[7726.943790354497, 64.24688911437988]"
F232013,30,46,0.5,"[7715.644735469325, 80.31418657302856]"
F232013,30,46,0.6,"[7660.231784867994, 96.36625123023987]"
F232013,30,46,0.7,"[7750.072847583047, 112.43490886688232]"
F232013,30,46,0.8,"[7635.349145067452, 128.51546096801758]"
F232013,30,46,0.9,"[7711.65351026073, 144.59449100494385]"
F232013,30,46,1.0,"[7661.089133616762, 160.6649935245514]"
F232013,30,47,0.01,"[8103.404807433319, 1.604611873626709]"
F232013,30,47,0.1,"[8003.162567800875, 15.940929412841797]"
F232013,30,47,0.2,"[8004.613318320746, 31.85953664779663]"
F232013,30,47,0.3,"[8004.618459635494, 47.82026386260986]"
F232013,30,47,0.4,"[8059.132573565439, 63.7491238117218]"
F232013,30,47,0.5,"[8059.1298894992, 79.70864915847778]"
F232013,30,47,0.6,"[7999.545116519486, 95.6399130821228]"
F232013,30,47,0.7,"[7999.543931011676, 111.57783365249634]"
F232013,30,47,0.8,"[8018.712440598982, 127.4916365146637]"
F232013,30,47,0.9,"[8018.711936567306, 143.42681193351746]"
F232013,30,47,1.0,"[8135.979872153177, 159.3421666622162]"
F232013,30,48,0.01,"[6753.939680727761, 1.6066365242004395]"
F232013,30,48,0.1,"[6727.458634756516, 15.91510009765625]"
F232013,30,48,0.2,"[6785.655108491811, 32.3906044960022]"
F232013,30,48,0.3,"[6745.158397821292, 49.25441336631775]"
F232013,30,48,0.4,"[6543.75760903846, 65.47985100746155]"
F232013,30,48,0.5,"[6556.682887694697, 81.3784532546997]"
F232013,30,48,0.6,"[6897.417414081639, 97.24732160568237]"
F232013,30,48,0.7,"[6640.182822357614, 113.12714695930481]"
F232013,30,48,0.8,"[6699.289436473575, 128.97811818122864]"
F232013,30,48,0.9,"[6698.525693030816, 144.83823561668396]"
F232013,30,48,1.0,"[6509.522652406455, 160.6880340576172]"
F232013,30,49,0.01,"[5669.176958143139, 1.6051831245422363]"
F232013,30,49,0.1,"[5677.907059537401, 15.922696352005005]"
F232013,30,49,0.2,"[5677.060968525086, 32.0438928604126]"
F232013,30,49,0.3,"[5674.34963587056, 47.91542720794678]"
F232013,30,49,0.4,"[5672.130232995122, 63.94136047363281]"
F232013,30,49,0.5,"[5676.3096795635975, 79.8167896270752]"
F232013,30,49,0.6,"[5674.02727792932, 95.66736698150635]"
F232013,30,49,0.7,"[5670.477285765755, 111.53369212150574]"
F232013,30,49,0.8,"[5679.627921506215, 127.3610942363739]"
F232013,30,49,0.9,"[5674.627550697336, 143.2094042301178]"
F232013,30,49,1.0,"[5671.380926355984, 159.03348541259766]"
F232013,30,50,0.01,"[7458.651251111522, 1.6238250732421875]"
F232013,30,50,0.1,"[7458.131469842181, 16.147586822509766]"
F232013,30,50,0.2,"[7515.101419800136, 32.26611590385437]"
F232013,30,50,0.3,"[7528.401018422239, 48.40535497665405]"
F232013,30,50,0.4,"[7544.25947763295, 64.51927900314331]"
F232013,30,50,0.5,"[7512.765047873185, 80.65014576911926]"
F232013,30,50,0.6,"[7464.699516499251, 96.76658535003662]"
F232013,30,50,0.7,"[7504.8911214745785, 112.89894604682922]"
F232013,30,50,0.8,"[7456.022009265023, 129.0223913192749]"
F232013,30,50,0.9,"[7463.899243569202, 145.13267397880554]"
F232013,30,50,1.0,"[7483.489957593149, 161.12129473686218]"
F232013,50,0,0.01,"[14072.65563074585, 3.18656849861145]"
F232013,50,0,0.1,"[14046.384699361595, 31.474554777145386]"
F232013,50,0,0.2,"[13887.184140159035, 62.90937161445618]"
F232013,50,0,0.3,"[13913.22623474245, 93.86697506904602]"
F232013,50,0,0.4,"[13889.832442322946, 122.5410590171814]"
F232013,50,0,0.5,"[13908.118738128433, 151.1712670326233]"
F232013,50,0,0.6,"[13967.441678370016, 179.83517408370972]"
F232013,50,0,0.7,"[13994.751872849609, 208.46663761138916]"
F232013,50,0,0.8,"[13852.81170615828, 237.16830921173096]"
F232013,50,0,0.9,"[13877.179918372352, 265.89686369895935]"
F232013,50,0,1.0,"[13950.899108079679, 294.6927716732025]"
F232013,50,1,0.01,"[13280.372010224151, 2.908445358276367]"
F232013,50,1,0.1,"[13099.73516490894, 28.837189197540283]"
F232013,50,1,0.2,"[13293.676956606037, 57.61655569076538]"
F232013,50,1,0.3,"[13279.751555030994, 86.3630940914154]"
F232013,50,1,0.4,"[13262.048758900379, 115.14145517349243]"
F232013,50,1,0.5,"[13290.478939364484, 143.86916089057922]"
F232013,50,1,0.6,"[13299.707251511738, 172.62367129325867]"
F232013,50,1,0.7,"[13261.911949407151, 201.3339068889618]"
F232013,50,1,0.8,"[13353.934202607208, 230.04479908943176]"
F232013,50,1,0.9,"[13336.523299147942, 258.76574873924255]"
F232013,50,1,1.0,"[13212.843585679437, 287.5494828224182]"
F232013,50,2,0.01,"[12634.679401520705, 3.041595697402954]"
F232013,50,2,0.1,"[12542.820651145974, 29.151429176330566]"
F232013,50,2,0.2,"[12574.030859005747, 58.036683797836304]"
F232013,50,2,0.3,"[12617.727778097393, 86.86782097816467]"
F232013,50,2,0.4,"[12659.540083889975, 115.73964262008667]"
F232013,50,2,0.5,"[12563.771096629856, 144.57227516174316]"
F232013,50,2,0.6,"[12575.406982374081, 173.51935935020447]"
F232013,50,2,0.7,"[12603.32606411826, 202.36073470115662]"
F232013,50,2,0.8,"[12652.567585217916, 231.28663420677185]"
F232013,50,2,0.9,"[12542.743667361623, 260.2123267650604]"
F232013,50,2,1.0,"[12574.073380546772, 289.2320680618286]"
F232013,50,3,0.01,"[13471.01326507006, 2.9307234287261963]"
F232013,50,3,0.1,"[13535.106035627041, 28.968218326568604]"
F232013,50,3,0.2,"[13449.757093404422, 57.89297842979431]"
F232013,50,3,0.3,"[13496.222119624124, 86.80936670303345]"
F232013,50,3,0.4,"[13297.525754711276, 115.74946165084839]"
F232013,50,3,0.5,"[13464.677769049986, 144.65502071380615]"
F232013,50,3,0.6,"[13470.043473276146, 173.58760046958923]"
F232013,50,3,0.7,"[13423.603485772355, 202.48830819129944]"
F232013,50,3,0.8,"[13467.779265465862, 231.4620132446289]"
F232013,50,3,0.9,"[13466.613768215024, 260.4518210887909]"
F232013,50,3,1.0,"[13455.63942134225, 289.50115275382996]"
F232013,50,4,0.01,"[12052.490505216037, 2.9990603923797607]"
F232013,50,4,0.1,"[12068.200823582776, 28.935878038406372]"
F232013,50,4,0.2,"[12225.30056389608, 57.760268211364746]"
F232013,50,4,0.3,"[12055.89226902747, 86.54524946212769]"
F232013,50,4,0.4,"[12125.31270975461, 115.36883735656738]"
F232013,50,4,0.5,"[12056.198192538903, 144.15545749664307]"
F232013,50,4,0.6,"[12134.974217827326, 172.97342824935913]"
F232013,50,4,0.7,"[12172.608533060005, 201.74264526367188]"
F232013,50,4,0.8,"[12013.085050108371, 230.57235765457153]"
F232013,50,4,0.9,"[12016.226626785701, 259.41342997550964]"
F232013,50,4,1.0,"[12221.862950761722, 288.3277487754822]"
F232013,50,5,0.01,"[14963.810689729107, 2.98673152923584]"
F232013,50,5,0.1,"[14712.41197715408, 29.042413234710693]"
F232013,50,5,0.2,"[14726.160419362672, 58.00206398963928]"
F232013,50,5,0.3,"[14669.331869027195, 86.92111110687256]"
F232013,50,5,0.4,"[14670.709816710449, 115.86587285995483]"
F232013,50,5,0.5,"[14675.739763422558, 144.7569761276245]"
F232013,50,5,0.6,"[14653.248220476806, 173.67701840400696]"
F232013,50,5,0.7,"[14661.87458553221, 202.55252838134766]"
F232013,50,5,0.8,"[14663.859696647769, 231.53454446792603]"
F232013,50,5,0.9,"[14676.245399966416, 260.53814911842346]"
F232013,50,5,1.0,"[14707.727446820965, 289.60272669792175]"
F232013,50,6,0.01,"[11505.44435105732, 2.9102578163146973]"
F232013,50,6,0.1,"[11591.460003432607, 28.812448263168335]"
F232013,50,6,0.2,"[11512.24370358238, 57.61102890968323]"
F232013,50,6,0.3,"[11608.484063986067, 86.35750532150269]"
F232013,50,6,0.4,"[11537.65239619051, 115.1264705657959]"
F232013,50,6,0.5,"[11543.89569154746, 143.8521330356598]"
F232013,50,6,0.6,"[11725.938935864355, 172.71382069587708]"
F232013,50,6,0.7,"[11558.631511494787, 201.46639966964722]"
F232013,50,6,0.8,"[11489.736978832747, 230.26098489761353]"
F232013,50,6,0.9,"[11623.287418667824, 259.0663266181946]"
F232013,50,6,1.0,"[11514.667240230556, 287.97258830070496]"
F232013,50,7,0.01,"[12542.493870763137, 2.957120180130005]"
F232013,50,7,0.1,"[12512.151348082261, 28.921891450881958]"
F232013,50,7,0.2,"[12491.259726084736, 57.77038812637329]"
F232013,50,7,0.3,"[12578.165427148298, 86.6019880771637]"
F232013,50,7,0.4,"[12394.81202563383, 115.45699548721313]"
F232013,50,7,0.5,"[12464.93169988008, 144.25699996948242]"
F232013,50,7,0.6,"[12444.468915278356, 173.0846552848816]"
F232013,50,7,0.7,"[12677.524832659361, 201.8678684234619]"
F232013,50,7,0.8,"[12637.723906469653, 230.74024868011475]"
F232013,50,7,0.9,"[12601.565635895897, 259.63608264923096]"
F232013,50,7,1.0,"[12456.30270800686, 288.6298186779022]"
F232013,50,8,0.01,"[12972.627353762351, 3.0332531929016113]"
F232013,50,8,0.1,"[12954.473356909006, 29.071834087371826]"
F232013,50,8,0.2,"[12866.328697443116, 58.01082253456116]"
F232013,50,8,0.3,"[12890.082614688814, 86.88935589790344]"
F232013,50,8,0.4,"[12954.58747617839, 115.79284286499023]"
F232013,50,8,0.5,"[12979.992199234315, 144.65169072151184]"
F232013,50,8,0.6,"[12958.904979060397, 173.54528331756592]"
F232013,50,8,0.7,"[12913.542475719332, 202.41257619857788]"
F232013,50,8,0.8,"[12971.741010621548, 231.35677933692932]"
F232013,50,8,0.9,"[12999.405788146629, 260.3264362812042]"
F232013,50,8,1.0,"[12873.065569624381, 289.3354105949402]"
F232013,50,9,0.01,"[12659.39098965685, 2.905181884765625]"
F232013,50,9,0.1,"[12779.624198749108, 28.76231813430786]"
F232013,50,9,0.2,"[12740.733579329823, 57.50607943534851]"
F232013,50,9,0.3,"[12779.416470103815, 86.21764039993286]"
F232013,50,9,0.4,"[12816.031573545173, 114.96821284294128]"
F232013,50,9,0.5,"[12654.572705548513, 143.6885905265808]"
F232013,50,9,0.6,"[12889.780663631927, 172.44125270843506]"
F232013,50,9,0.7,"[12736.249656180707, 201.12881064414978]"
F232013,50,9,0.8,"[12829.089574709882, 229.90214109420776]"
F232013,50,9,0.9,"[12845.514931561436, 258.7002851963043]"
F232013,50,9,1.0,"[12744.225781442125, 287.54180431365967]"
F232013,50,10,0.01,"[13342.143636421102, 2.898110866546631]"
F232013,50,10,0.1,"[13364.997275611553, 28.75194787979126]"
F232013,50,10,0.2,"[13074.448121546373, 57.46678924560547]"
F232013,50,10,0.3,"[13175.181063724203, 86.14717197418213]"
F232013,50,10,0.4,"[13102.457160116795, 114.87047958374023]"
F232013,50,10,0.5,"[13196.532835094911, 143.52578997612]"
F232013,50,10,0.6,"[13098.147323236673, 172.2195234298706]"
F232013,50,10,0.7,"[13202.431099812024, 200.8708152770996]"
F232013,50,10,0.8,"[13151.789632960117, 229.59092926979065]"
F232013,50,10,0.9,"[13207.653083755788, 258.31939005851746]"
F232013,50,10,1.0,"[13255.20392781859, 287.1013481616974]"
F232013,50,11,0.01,"[12974.075488107352, 2.914376735687256]"
F232013,50,11,0.1,"[12780.087089609338, 28.88642144203186]"
F232013,50,11,0.2,"[12711.086685999862, 57.742711544036865]"
F232013,50,11,0.3,"[12815.825252492628, 86.57441854476929]"
F232013,50,11,0.4,"[12739.373962066307, 115.42356705665588]"
F232013,50,11,0.5,"[12838.563027050192, 144.24229431152344]"
F232013,50,11,0.6,"[12816.943385871436, 173.10044121742249]"
F232013,50,11,0.7,"[12671.140944248373, 201.89948844909668]"
F232013,50,11,0.8,"[12645.251046196508, 230.80431079864502]"
F232013,50,11,0.9,"[12824.888247460141, 259.7774908542633]"
F232013,50,11,1.0,"[12877.168901999903, 288.75738525390625]"
F232013,50,12,0.01,"[13577.49196501435, 2.929668426513672]"
F232013,50,12,0.1,"[13612.138026575882, 29.018605709075928]"
F232013,50,12,0.2,"[13596.571129437138, 58.04053568840027]"
F232013,50,12,0.3,"[13670.605629828056, 87.02830696105957]"
F232013,50,12,0.4,"[13577.77979772986, 116.04646801948547]"
F232013,50,12,0.5,"[13614.054915036495, 145.00245094299316]"
F232013,50,12,0.6,"[13599.88059029759, 173.99038004875183]"
F232013,50,12,0.7,"[13619.33732172405, 202.92132377624512]"
F232013,50,12,0.8,"[13582.9679115266, 232.0626082420349]"
F232013,50,12,0.9,"[13619.094002693062, 261.21846556663513]"
F232013,50,12,1.0,"[13540.28009830157, 290.43258571624756]"
F232013,50,13,0.01,"[13280.179166539268, 2.9124109745025635]"
F232013,50,13,0.1,"[13269.972433557961, 28.831753253936768]"
F232013,50,13,0.2,"[13275.985353485881, 57.64195513725281]"
F232013,50,13,0.3,"[13309.684502008977, 86.4228265285492]"
F232013,50,13,0.4,"[13276.226182875173, 115.23413491249084]"
F232013,50,13,0.5,"[13297.825223243517, 144.00691533088684]"
F232013,50,13,0.6,"[13372.642514958603, 172.79579520225525]"
F232013,50,13,0.7,"[13277.625429925214, 201.53786706924438]"
F232013,50,13,0.8,"[13293.332017848687, 230.35412049293518]"
F232013,50,13,0.9,"[13294.691143993954, 259.20549416542053]"
F232013,50,13,1.0,"[13307.264419564752, 288.11535477638245]"
F232013,50,14,0.01,"[13892.324082961677, 2.912692070007324]"
F232013,50,14,0.1,"[13747.070932370501, 28.866890907287598]"
F232013,50,14,0.2,"[13753.128486302388, 57.73614549636841]"
F232013,50,14,0.3,"[13766.00592309232, 86.57072877883911]"
F232013,50,14,0.4,"[13744.706407063753, 115.41422009468079]"
F232013,50,14,0.5,"[13737.58392786645, 144.2297065258026]"
F232013,50,14,0.6,"[13771.468251592787, 173.05203557014465]"
F232013,50,14,0.7,"[13813.0330754729, 201.83114290237427]"
F232013,50,14,0.8,"[13765.950595693188, 230.7197563648224]"
F232013,50,14,0.9,"[13774.96458325512, 259.6123149394989]"
F232013,50,14,1.0,"[13761.747534729988, 288.6098299026489]"
F232013,50,15,0.01,"[13523.221926849801, 2.9263288974761963]"
F232013,50,15,0.1,"[13565.665182321134, 29.025367736816406]"
F232013,50,15,0.2,"[13631.584229089154, 58.050273180007935]"
F232013,50,15,0.3,"[13522.818646847261, 87.04492449760437]"
F232013,50,15,0.4,"[13571.99594853024, 116.08554077148438]"
F232013,50,15,0.5,"[13499.573035151137, 145.06011939048767]"
F232013,50,15,0.6,"[13507.110850550418, 174.1102728843689]"
F232013,50,15,0.7,"[13512.549005514373, 203.09014678001404]"
F232013,50,15,0.8,"[13556.915787821465, 232.15917491912842]"
F232013,50,15,0.9,"[13546.919499804602, 261.2139825820923]"
F232013,50,15,1.0,"[13519.689094263382, 290.3422679901123]"
F232013,50,16,0.01,"[12194.562922628807, 2.933669090270996]"
F232013,50,16,0.1,"[12040.71877195, 29.049845933914185]"
F232013,50,16,0.2,"[12161.14549290686, 58.07254385948181]"
F232013,50,16,0.3,"[12156.689521869412, 87.07906365394592]"
F232013,50,16,0.4,"[12049.369174546979, 116.11575698852539]"
F232013,50,16,0.5,"[12102.667183977706, 145.1178240776062]"
F232013,50,16,0.6,"[12172.619898133924, 174.1519811153412]"
F232013,50,16,0.7,"[12073.009928032128, 203.15529918670654]"
F232013,50,16,0.8,"[12160.803567392642, 232.21457505226135]"
F232013,50,16,0.9,"[12077.538966082851, 261.2873845100403]"
F232013,50,16,1.0,"[12031.018720240445, 290.4446032047272]"
F232013,50,17,0.01,"[11338.053856320994, 2.9788670539855957]"
F232013,50,17,0.1,"[11424.15135581837, 28.875004529953003]"
F232013,50,17,0.2,"[11331.439634480606, 57.66846513748169]"
F232013,50,17,0.3,"[11381.044257086984, 86.42967367172241]"
F232013,50,17,0.4,"[11457.385002739698, 115.23659801483154]"
F232013,50,17,0.5,"[11342.10303071937, 143.9898557662964]"
F232013,50,17,0.6,"[11314.082960708161, 172.8199999332428]"
F232013,50,17,0.7,"[11346.520833109329, 201.56355237960815]"
F232013,50,17,0.8,"[11392.498877564896, 230.39464378356934]"
F232013,50,17,0.9,"[11378.413067762738, 259.2373263835907]"
F232013,50,17,1.0,"[11365.174100981103, 288.1294240951538]"
F232013,50,18,0.01,"[9866.236030000653, 2.8908891677856445]"
F232013,50,18,0.1,"[9872.083539823492, 28.618295431137085]"
F232013,50,18,0.2,"[9954.20700088012, 57.1897406578064]"
F232013,50,18,0.3,"[10067.873500630987, 85.74564957618713]"
F232013,50,18,0.4,"[9933.338101603804, 114.35256862640381]"
F232013,50,18,0.5,"[9785.279246555521, 142.9325897693634]"
F232013,50,18,0.6,"[9760.243823764562, 171.55263876914978]"
F232013,50,18,0.7,"[9872.528800480319, 200.09495997428894]"
F232013,50,18,0.8,"[9737.923434863284, 228.74025630950928]"
F232013,50,18,0.9,"[9740.535859231395, 257.4012086391449]"
F232013,50,18,1.0,"[9898.389252348145, 286.09444546699524]"
F232013,50,19,0.01,"[13882.36295142887, 2.889847755432129]"
F232013,50,19,0.1,"[13769.874742375323, 28.61500096321106]"
F232013,50,19,0.2,"[13784.058158661563, 57.209118604660034]"
F232013,50,19,0.3,"[13665.319179021672, 85.77426624298096]"
F232013,50,19,0.4,"[13730.694357825549, 114.35000443458557]"
F232013,50,19,0.5,"[13781.635111053893, 142.91055846214294]"
F232013,50,19,0.6,"[13784.866494854605, 171.4926414489746]"
F232013,50,19,0.7,"[13774.53215880787, 200.04482316970825]"
F232013,50,19,0.8,"[13636.915649176317, 228.6894383430481]"
F232013,50,19,0.9,"[13649.467913204426, 257.3631854057312]"
F232013,50,19,1.0,"[13735.23979707286, 286.09268593788147]"
F232013,50,20,0.01,"[10385.183335848455, 2.995357036590576]"
F232013,50,20,0.1,"[10129.096545397058, 28.59911561012268]"
F232013,50,20,0.2,"[10145.149789729738, 57.056140422821045]"
F232013,50,20,0.3,"[10079.417864859144, 85.486971616745]"
F232013,50,20,0.4,"[10354.531663936865, 113.94923186302185]"
F232013,50,20,0.5,"[10352.291131838881, 142.42229795455933]"
F232013,50,20,0.6,"[10240.43236837158, 170.8762867450714]"
F232013,50,20,0.7,"[10478.885010708718, 199.2908878326416]"
F232013,50,20,0.8,"[10269.694471537392, 227.81382608413696]"
F232013,50,20,0.9,"[10316.26046713092, 256.34479570388794]"
F232013,50,20,1.0,"[10273.795332070404, 285.0137665271759]"
F232013,50,21,0.01,"[11195.385014252717, 2.891641139984131]"
F232013,50,21,0.1,"[11227.962527071912, 28.63522434234619]"
F232013,50,21,0.2,"[10889.597255755287, 57.246429204940796]"
F232013,50,21,0.3,"[11275.569881923688, 85.81923222541809]"
F232013,50,21,0.4,"[11285.88781537689, 114.41147994995117]"
F232013,50,21,0.5,"[11289.478243371574, 142.96797060966492]"
F232013,50,21,0.6,"[11078.330858555877, 171.58507585525513]"
F232013,50,21,0.7,"[11304.037234918736, 200.16388654708862]"
F232013,50,21,0.8,"[11142.955310796331, 228.83406853675842]"
F232013,50,21,0.9,"[11252.576309164395, 257.52747106552124]"
F232013,50,21,1.0,"[11031.402001934308, 286.266126871109]"
F232013,50,22,0.01,"[13313.639451044137, 2.8859848976135254]"
F232013,50,22,0.1,"[13373.626483187416, 28.57326316833496]"
F232013,50,22,0.2,"[13322.763692631186, 57.11471223831177]"
F232013,50,22,0.3,"[13381.617218149466, 85.60035181045532]"
F232013,50,22,0.4,"[13327.709403756542, 114.10248470306396]"
F232013,50,22,0.5,"[13355.115147626926, 142.58228039741516]"
F232013,50,22,0.6,"[13338.785268235448, 171.12029671669006]"
F232013,50,22,0.7,"[13366.931699409344, 199.61132097244263]"
F232013,50,22,0.8,"[13326.563069859396, 228.20701479911804]"
F232013,50,22,0.9,"[13379.829786863183, 256.8267774581909]"
F232013,50,22,1.0,"[13349.913188499057, 285.5132839679718]"
F232013,50,23,0.01,"[12113.354706921598, 3.0433897972106934]"
F232013,50,23,0.1,"[12145.833852277361, 29.04275608062744]"
F232013,50,23,0.2,"[12102.860833155237, 57.94186973571777]"
F232013,50,23,0.3,"[12112.997896472232, 86.79455184936523]"
F232013,50,23,0.4,"[12147.286813458999, 115.68523836135864]"
F232013,50,23,0.5,"[12088.038442834248, 144.5678083896637]"
F232013,50,23,0.6,"[12277.307527824372, 173.46978974342346]"
F232013,50,23,0.7,"[12105.20336299371, 202.3097710609436]"
F232013,50,23,0.8,"[12132.637747145502, 231.2543556690216]"
F232013,50,23,0.9,"[12180.220472229626, 260.2236680984497]"
F232013,50,23,1.0,"[12161.234023602543, 289.2591450214386]"
F232013,50,24,0.01,"[10452.75546215993, 2.9841980934143066]"
F232013,50,24,0.1,"[10411.37609703742, 28.872112035751343]"
F232013,50,24,0.2,"[10382.92000931758, 57.584442377090454]"
F232013,50,24,0.3,"[10259.223539481773, 86.2714512348175]"
F232013,50,24,0.4,"[10118.974186424912, 114.99330019950867]"
F232013,50,24,0.5,"[10317.78807883385, 143.66620659828186]"
F232013,50,24,0.6,"[10154.820702523404, 172.40411591529846]"
F232013,50,24,0.7,"[10154.494420918425, 201.05990767478943]"
F232013,50,24,0.8,"[10135.188531495656, 229.78615808486938]"
F232013,50,24,0.9,"[10089.031179192487, 258.5250680446625]"
F232013,50,24,1.0,"[10306.54338145257, 287.3402109146118]"
F232013,50,25,0.01,"[12394.867590643511, 2.917402505874634]"
F232013,50,25,0.1,"[11616.805691881935, 28.927809953689575]"
F232013,50,25,0.2,"[11566.888727599622, 57.820645809173584]"
F232013,50,25,0.3,"[11655.750525774098, 86.66649746894836]"
F232013,50,25,0.4,"[11680.168401135139, 117.96862244606018]"
F232013,50,25,0.5,"[11795.555658600817, 149.42509293556213]"
F232013,50,25,0.6,"[11646.680221033044, 180.921733379364]"
F232013,50,25,0.7,"[11837.654029802961, 212.45358633995056]"
F232013,50,25,0.8,"[11599.020838076372, 243.99624729156494]"
F232013,50,25,0.9,"[11610.834094056105, 274.97538232803345]"
F232013,50,25,1.0,"[11570.763453448615, 303.9255590438843]"
F232013,50,26,0.01,"[13358.062074757047, 2.9040112495422363]"
F232013,50,26,0.1,"[13335.311175188901, 28.763818502426147]"
F232013,50,26,0.2,"[13295.311714188307, 57.49816060066223]"
F232013,50,26,0.3,"[13270.268764803903, 86.21633458137512]"
F232013,50,26,0.4,"[13389.323613383825, 115.01797556877136]"
F232013,50,26,0.5,"[13372.50618364816, 143.74964308738708]"
F232013,50,26,0.6,"[13407.859436991559, 172.51956033706665]"
F232013,50,26,0.7,"[13203.424080608549, 201.236661195755]"
F232013,50,26,0.8,"[13078.094993611106, 230.05638313293457]"
F232013,50,26,0.9,"[13225.229316378489, 258.84068298339844]"
F232013,50,26,1.0,"[13159.973079377247, 287.70991563796997]"
F232013,50,27,0.01,"[11219.103676242506, 2.907379627227783]"
F232013,50,27,0.1,"[11200.182922572409, 28.826431035995483]"
F232013,50,27,0.2,"[11207.711987661376, 57.64834761619568]"
F232013,50,27,0.3,"[11202.580399350843, 86.41148614883423]"
F232013,50,27,0.4,"[11221.137345165816, 115.24186897277832]"
F232013,50,27,0.5,"[11186.59716283524, 144.01044392585754]"
F232013,50,27,0.6,"[11233.64438699873, 172.81968235969543]"
F232013,50,27,0.7,"[11196.457781952828, 201.573073387146]"
F232013,50,27,0.8,"[11219.759312606257, 230.3768186569214]"
F232013,50,27,0.9,"[11199.897025011926, 259.15276980400085]"
F232013,50,27,1.0,"[11208.942172373894, 287.9831259250641]"
F232013,50,28,0.01,"[13374.900370924117, 2.9464457035064697]"
F232013,50,28,0.1,"[13377.108736155447, 28.897992372512817]"
F232013,50,28,0.2,"[13424.836851933349, 57.730400800704956]"
F232013,50,28,0.3,"[13390.780865435045, 86.5561842918396]"
F232013,50,28,0.4,"[13395.280028230061, 115.39362597465515]"
F232013,50,28,0.5,"[13365.30246683808, 144.18378829956055]"
F232013,50,28,0.6,"[13390.809964167109, 173.0064721107483]"
F232013,50,28,0.7,"[13408.665984280982, 201.77124762535095]"
F232013,50,28,0.8,"[13384.157870377483, 230.63748407363892]"
F232013,50,28,0.9,"[13411.307922116544, 259.548237323761]"
F232013,50,28,1.0,"[13410.717001880283, 288.49905252456665]"
F232013,50,29,0.01,"[9992.95872450678, 2.9601614475250244]"
F232013,50,29,0.1,"[10075.808187218217, 28.80838942527771]"
F232013,50,29,0.2,"[9987.92417735232, 57.54433345794678]"
F232013,50,29,0.3,"[10093.39155436802, 86.27271246910095]"
F232013,50,29,0.4,"[10081.259683263712, 114.98738718032837]"
F232013,50,29,0.5,"[10118.325951469556, 143.6607255935669]"
F232013,50,29,0.6,"[10066.279957447612, 172.4117021560669]"
F232013,50,29,0.7,"[10122.544014772988, 201.07868242263794]"
F232013,50,29,0.8,"[9918.420074476107, 229.87086248397827]"
F232013,50,29,0.9,"[10025.157808836013, 258.70790553092957]"
F232013,50,29,1.0,"[10075.934427408958, 287.5718138217926]"
F232013,50,30,0.01,"[13619.896554280218, 2.915931224822998]"
F232013,50,30,0.1,"[13624.821310956371, 28.860738039016724]"
F232013,50,30,0.2,"[13582.725354190852, 57.695043325424194]"
F232013,50,30,0.3,"[13609.1044120467, 86.50363087654114]"
F232013,50,30,0.4,"[13584.882779662657, 115.34343528747559]"
F232013,50,30,0.5,"[13579.343906191603, 144.14650440216064]"
F232013,50,30,0.6,"[13637.157074340692, 172.96359491348267]"
F232013,50,30,0.7,"[13617.733118374741, 201.7546272277832]"
F232013,50,30,0.8,"[13615.213555175309, 230.6235625743866]"
F232013,50,30,0.9,"[13646.474669082401, 259.5064027309418]"
F232013,50,30,1.0,"[13678.13220022604, 288.42968916893005]"
F232013,50,31,0.01,"[10233.146592336569, 2.9308505058288574]"
F232013,50,31,0.1,"[9976.43322328743, 29.041812658309937]"
F232013,50,31,0.2,"[9876.243630126433, 58.05195331573486]"
F232013,50,31,0.3,"[9799.3170199187, 87.02985739707947]"
F232013,50,31,0.4,"[9814.663182666796, 116.05112504959106]"
F232013,50,31,0.5,"[9876.277984558777, 145.0188546180725]"
F232013,50,31,0.6,"[9936.856271380733, 174.03290843963623]"
F232013,50,31,0.7,"[9814.663426750863, 203.00973200798035]"
F232013,50,31,0.8,"[9827.150028237274, 232.07489204406738]"
F232013,50,31,0.9,"[9936.858088663954, 261.1532440185547]"
F232013,50,31,1.0,"[9928.095044425172, 290.2505874633789]"
F232013,50,32,0.01,"[9185.642647183655, 2.9079177379608154]"
F232013,50,32,0.1,"[9181.378934996583, 28.82494330406189]"
F232013,50,32,0.2,"[9181.01707764835, 57.5815052986145]"
F232013,50,32,0.3,"[9311.208980621926, 86.27952718734741]"
F232013,50,32,0.4,"[9311.125848535576, 114.99881505966187]"
F232013,50,32,0.5,"[9373.357019329205, 143.65857028961182]"
F232013,50,32,0.6,"[9373.048872842506, 172.35280203819275]"
F232013,50,32,0.7,"[9329.837671819643, 200.99977374076843]"
F232013,50,32,0.8,"[9329.862267252942, 229.73388481140137]"
F232013,50,32,0.9,"[9188.618697460977, 258.47869324684143]"
F232013,50,32,1.0,"[9188.736786334439, 287.2920138835907]"
F232013,50,33,0.01,"[13223.409452195549, 2.9124562740325928]"
F232013,50,33,0.1,"[13209.71369966537, 28.852462768554688]"
F232013,50,33,0.2,"[13226.136132458761, 57.628278493881226]"
F232013,50,33,0.3,"[13232.894447066074, 86.373055934906]"
F232013,50,33,0.4,"[13270.913334539056, 115.14131617546082]"
F232013,50,33,0.5,"[13215.671507559111, 143.84881067276]"
F232013,50,33,0.6,"[13206.547418529375, 172.5937798023224]"
F232013,50,33,0.7,"[13252.642405629269, 201.29627299308777]"
F232013,50,33,0.8,"[13233.038531427806, 230.09212708473206]"
F232013,50,33,0.9,"[13206.229918163812, 258.8997507095337]"
F232013,50,33,1.0,"[13206.13829734998, 287.791631937027]"
F232013,50,34,0.01,"[11984.626450179003, 2.93271803855896]"
F232013,50,34,0.1,"[11803.563465078836, 28.954910039901733]"
F232013,50,34,0.2,"[11823.447581018625, 57.89170956611633]"
F232013,50,34,0.3,"[11816.803013794997, 86.78415155410767]"
F232013,50,34,0.4,"[11741.530237200663, 115.69957780838013]"
F232013,50,34,0.5,"[11843.799584935128, 144.5827214717865]"
F232013,50,34,0.6,"[11762.61299581673, 173.5184338092804]"
F232013,50,34,0.7,"[11812.583980642647, 202.3990821838379]"
F232013,50,34,0.8,"[11823.632585015303, 231.36697912216187]"
F232013,50,34,0.9,"[11657.32925834982, 260.3636691570282]"
F232013,50,34,1.0,"[11690.957357427053, 289.4329891204834]"
F232013,50,35,0.01,"[11063.078966942037, 3.00128436088562]"
F232013,50,35,0.1,"[10873.116684025072, 28.965667247772217]"
F232013,50,35,0.2,"[10843.565890412212, 57.79999542236328]"
F232013,50,35,0.3,"[10822.89365557479, 86.5868411064148]"
F232013,50,35,0.4,"[10888.90965161512, 115.39213037490845]"
F232013,50,35,0.5,"[10818.173654822629, 144.2151165008545]"
F232013,50,35,0.6,"[10903.975503512656, 173.0573923587799]"
F232013,50,35,0.7,"[10836.077115657059, 201.84652590751648]"
F232013,50,35,0.8,"[10898.246976479608, 230.78651690483093]"
F232013,50,35,0.9,"[10960.960306779083, 259.6904103755951]"
F232013,50,35,1.0,"[10848.684106206254, 288.6884572505951]"
F232013,50,36,0.01,"[13418.238415264092, 2.9199442863464355]"
F232013,50,36,0.1,"[13538.383699649392, 28.93770956993103]"
F232013,50,36,0.2,"[13415.97038941256, 57.84111976623535]"
F232013,50,36,0.3,"[13400.507769832455, 86.69740152359009]"
F232013,50,36,0.4,"[13486.337111913015, 115.59559512138367]"
F232013,50,36,0.5,"[13401.41584165042, 144.4420404434204]"
F232013,50,36,0.6,"[13466.657056632625, 173.33879852294922]"
F232013,50,36,0.7,"[13423.30310185015, 202.18666076660156]"
F232013,50,36,0.8,"[13397.248720278596, 231.11179995536804]"
F232013,50,36,0.9,"[13448.229571039275, 260.0436341762543]"
F232013,50,36,1.0,"[13388.604525194045, 289.068412065506]"
F232013,50,37,0.01,"[12460.59798116963, 2.93229079246521]"
F232013,50,37,0.1,"[12433.316383604217, 28.948755264282227]"
F232013,50,37,0.2,"[12410.9606620009, 57.888503074645996]"
F232013,50,37,0.3,"[12415.39523236917, 86.79042410850525]"
F232013,50,37,0.4,"[12319.853256031278, 115.75068616867065]"
F232013,50,37,0.5,"[12256.181754558667, 144.6781554222107]"
F232013,50,37,0.6,"[12511.952880397635, 173.55530428886414]"
F232013,50,37,0.7,"[12322.232540348108, 202.3785457611084]"
F232013,50,37,0.8,"[12260.942941528436, 231.2895860671997]"
F232013,50,37,0.9,"[12352.995395763435, 260.2149610519409]"
F232013,50,37,1.0,"[12393.908279678004, 289.1940612792969]"
F232013,50,38,0.01,"[14039.419122183577, 2.9085142612457275]"
F232013,50,38,0.1,"[13735.560836296552, 28.9139883518219]"
F232013,50,38,0.2,"[13849.969386768755, 57.79755687713623]"
F232013,50,38,0.3,"[13760.54723796483, 86.71068358421326]"
F232013,50,38,0.4,"[13786.714786626238, 115.57050943374634]"
F232013,50,38,0.5,"[13818.705233634035, 144.40048623085022]"
F232013,50,38,0.6,"[13830.93714095946, 173.26143622398376]"
F232013,50,38,0.7,"[13809.36328817839, 202.05617237091064]"
F232013,50,38,0.8,"[13795.662493715878, 230.96658897399902]"
F232013,50,38,0.9,"[13641.65414328542, 259.8454740047455]"
F232013,50,38,1.0,"[13884.775889728027, 288.8147394657135]"
F232013,50,39,0.01,"[12663.810392126388, 2.931678056716919]"
F232013,50,39,0.1,"[12721.282834529868, 29.061257123947144]"
F232013,50,39,0.2,"[12491.989014689914, 58.136475801467896]"
F232013,50,39,0.3,"[12621.276851098657, 87.19235110282898]"
F232013,50,39,0.4,"[12622.94352338056, 116.27890491485596]"
F232013,50,39,0.5,"[12618.933820246933, 145.30018067359924]"
F232013,50,39,0.6,"[12661.149259343812, 174.3189618587494]"
F232013,50,39,0.7,"[12645.134759513814, 203.2996437549591]"
F232013,50,39,0.8,"[12690.258350959879, 232.45385909080505]"
F232013,50,39,0.9,"[12636.072881612587, 261.53512930870056]"
F232013,50,39,1.0,"[12580.204982712945, 292.2882590293884]"
F232013,50,40,0.01,"[11051.23801784911, 2.972440242767334]"
F232013,50,40,0.1,"[10973.169639991114, 29.09067177772522]"
F232013,50,40,0.2,"[10972.40509964717, 58.07876706123352]"
F232013,50,40,0.3,"[10998.965564529208, 87.04009246826172]"
F232013,50,40,0.4,"[10990.498154795136, 116.03388261795044]"
F232013,50,40,0.5,"[10994.192995551051, 144.98050618171692]"
F232013,50,40,0.6,"[11002.144928978822, 173.96967697143555]"
F232013,50,40,0.7,"[10966.844599261565, 202.90918135643005]"
F232013,50,40,0.8,"[10966.140026373376, 231.92668271064758]"
F232013,50,40,0.9,"[11080.159512646966, 260.9410755634308]"
F232013,50,40,1.0,"[11057.851655629123, 290.02435064315796]"
F232013,50,41,0.01,"[13799.514501194662, 2.9207804203033447]"
F232013,50,41,0.1,"[13690.921003966227, 28.920812845230103]"
F232013,50,41,0.2,"[13763.045215179698, 57.78256344795227]"
F232013,50,41,0.3,"[13810.60429853664, 86.57583165168762]"
F232013,50,41,0.4,"[13702.971332983616, 115.40120220184326]"
F232013,50,41,0.5,"[13794.326355582472, 144.19431471824646]"
F232013,50,41,0.6,"[13699.02412274417, 173.05710124969482]"
F232013,50,41,0.7,"[13688.86045428712, 201.85681557655334]"
F232013,50,41,0.8,"[13840.49407893656, 230.7527198791504]"
F232013,50,41,0.9,"[13699.062431294968, 259.70179557800293]"
F232013,50,41,1.0,"[13834.848139322106, 288.7169942855835]"
F232013,50,42,0.01,"[10537.252476993284, 2.935425281524658]"
F232013,50,42,0.1,"[10518.693850885338, 28.934978723526]"
F232013,50,42,0.2,"[10606.25035147739, 57.823729515075684]"
F232013,50,42,0.3,"[10578.9509654848, 86.66420245170593]"
F232013,50,42,0.4,"[10473.841772652757, 115.52899408340454]"
F232013,50,42,0.5,"[10607.7791619396, 144.36338639259338]"
F232013,50,42,0.6,"[10510.419867764664, 173.24470782279968]"
F232013,50,42,0.7,"[10477.78671425507, 202.07794380187988]"
F232013,50,42,0.8,"[10574.180023311092, 231.00481629371643]"
F232013,50,42,0.9,"[10510.905685233705, 259.9475679397583]"
F232013,50,42,1.0,"[10607.397695724478, 288.9536814689636]"
F232013,50,43,0.01,"[15337.976011029868, 2.916398525238037]"
F232013,50,43,0.1,"[15281.114828339576, 28.84270405769348]"
F232013,50,43,0.2,"[15268.31116988784, 57.67697262763977]"
F232013,50,43,0.3,"[15318.376125406618, 86.47430920600891]"
F232013,50,43,0.4,"[15281.726927760381, 115.36681890487671]"
F232013,50,43,0.5,"[15338.971521218438, 144.1772584915161]"
F232013,50,43,0.6,"[15302.770371998742, 173.01010656356812]"
F232013,50,43,0.7,"[15355.33862885352, 201.80012035369873]"
F232013,50,43,0.8,"[15422.326014506452, 230.67790365219116]"
F232013,50,43,0.9,"[15303.091266676736, 259.56462383270264]"
F232013,50,43,1.0,"[15389.484449576072, 288.5401768684387]"
F232013,50,44,0.01,"[12707.079793541387, 2.9214060306549072]"
F232013,50,44,0.1,"[12690.90312491569, 28.927591562271118]"
F232013,50,44,0.2,"[12675.237920299485, 57.84348249435425]"
F232013,50,44,0.3,"[12815.119938795402, 86.76130867004395]"
F232013,50,44,0.4,"[12733.97026839821, 115.69264435768127]"
F232013,50,44,0.5,"[12784.783597293308, 144.57987642288208]"
F232013,50,44,0.6,"[12702.933421318228, 173.5003411769867]"
F232013,50,44,0.7,"[12784.981015902022, 202.3998520374298]"
F232013,50,44,0.8,"[12709.928398877855, 231.36319518089294]"
F232013,50,44,0.9,"[12749.846273072717, 260.3534128665924]"
F232013,50,44,1.0,"[12716.761002977388, 289.5061819553375]"
F232013,50,45,0.01,"[13800.907651314103, 2.920086145401001]"
F232013,50,45,0.1,"[13939.635240440422, 28.823280096054077]"
F232013,50,45,0.2,"[13772.397351618452, 57.618587017059326]"
F232013,50,45,0.3,"[13885.664334672812, 86.36135816574097]"
F232013,50,45,0.4,"[13836.66730746085, 115.1310601234436]"
F232013,50,45,0.5,"[13715.66651832187, 143.8776135444641]"
F232013,50,45,0.6,"[13770.82517763991, 172.6617295742035]"
F232013,50,45,0.7,"[13803.573791300594, 201.4248342514038]"
F232013,50,45,0.8,"[13849.368470551477, 230.27565717697144]"
F232013,50,45,0.9,"[13922.162497111998, 259.1484251022339]"
F232013,50,45,1.0,"[13728.370392724926, 288.08393263816833]"
F232013,50,46,0.01,"[12000.755470043176, 2.9464688301086426]"
F232013,50,46,0.1,"[11863.213356517696, 28.749459266662598]"
F232013,50,46,0.2,"[11516.347379249333, 57.41461706161499]"
F232013,50,46,0.3,"[11603.775845886588, 86.02649688720703]"
F232013,50,46,0.4,"[11709.618301363742, 114.71393322944641]"
F232013,50,46,0.5,"[11538.921241825647, 143.32416033744812]"
F232013,50,46,0.6,"[11644.273295757994, 171.97163462638855]"
F232013,50,46,0.7,"[11662.831606716421, 200.56597518920898]"
F232013,50,46,0.8,"[11623.463062676745, 229.25128412246704]"
F232013,50,46,0.9,"[11670.730303913311, 257.95967292785645]"
F232013,50,46,1.0,"[11533.202864284951, 286.75333309173584]"
F232013,50,47,0.01,"[12971.376624821467, 2.912108898162842]"
F232013,50,47,0.1,"[12754.505109865373, 28.84569764137268]"
F232013,50,47,0.2,"[12799.086945105673, 57.6776967048645]"
F232013,50,47,0.3,"[12791.489629758662, 86.45942997932434]"
F232013,50,47,0.4,"[12852.737772981844, 115.26465487480164]"
F232013,50,47,0.5,"[12329.940318942568, 144.03718543052673]"
F232013,50,47,0.6,"[12331.994546386752, 172.86746287345886]"
F232013,50,47,0.7,"[12328.556881460689, 201.64000034332275]"
F232013,50,47,0.8,"[12335.095272293718, 230.50566124916077]"
F232013,50,47,0.9,"[12324.932112942208, 259.4081964492798]"
F232013,50,47,1.0,"[12395.652910481496, 288.37081265449524]"
F232013,50,48,0.01,"[12345.776397445223, 2.8809216022491455]"
F232013,50,48,0.1,"[12365.558669623299, 28.531241178512573]"
F232013,50,48,0.2,"[12297.692766161006, 57.04958367347717]"
F232013,50,48,0.3,"[12358.95405943795, 85.52286291122437]"
F232013,50,48,0.4,"[12328.064027880524, 114.04461550712585]"
F232013,50,48,0.5,"[12266.473493228175, 142.55521655082703]"
F232013,50,48,0.6,"[12342.511513051686, 171.14070010185242]"
F232013,50,48,0.7,"[12257.554029061454, 199.7788269519806]"
F232013,50,48,0.8,"[12265.735139076309, 228.44023489952087]"
F232013,50,48,0.9,"[12404.483244253988, 257.09380745887756]"
F232013,50,48,1.0,"[12271.198829575054, 285.757541179657]"
F232013,50,49,0.01,"[13013.684178115464, 2.8940508365631104]"
F232013,50,49,0.1,"[12950.319270798049, 28.653772354125977]"
F232013,50,49,0.2,"[12945.303165864623, 57.29445719718933]"
F232013,50,49,0.3,"[13018.039514482605, 85.90079879760742]"
F232013,50,49,0.4,"[13006.627168193278, 114.52478647232056]"
F232013,50,49,0.5,"[12941.984278949727, 143.13380932807922]"
F232013,50,49,0.6,"[12951.873632523499, 171.84507942199707]"
F232013,50,49,0.7,"[13018.79093476883, 200.59759879112244]"
F232013,50,49,0.8,"[13007.63524033041, 229.38977026939392]"
F232013,50,49,0.9,"[12946.819889940352, 258.1815085411072]"
F232013,50,49,1.0,"[12944.253718382548, 286.9708352088928]"
F232013,50,50,0.01,"[12848.708290849749, 2.876345157623291]"
F232013,50,50,0.1,"[12770.734315496577, 28.478785276412964]"
F232013,50,50,0.2,"[12927.920180285102, 56.96533727645874]"
F232013,50,50,0.3,"[12803.4541739057, 85.41445660591125]"
F232013,50,50,0.4,"[12892.691311649109, 113.88726758956909]"
F232013,50,50,0.5,"[12915.656951588906, 142.34693431854248]"
F232013,50,50,0.6,"[12805.189016951233, 170.8746383190155]"
F232013,50,50,0.7,"[12945.650679527684, 199.45278120040894]"
F232013,50,50,0.8,"[12933.030574795075, 228.041668176651]"
F232013,50,50,0.9,"[12764.394628385031, 256.64664101600647]"
F232013,50,50,1.0,"[12747.363340811977, 285.2623109817505]"
