function,dimension,run,checkpoint,error
F122013,10,0,0.01,"[716.3888046595306, 0.0936727523803711]"
F122013,10,0,0.1,"[718.7227839916028, 0.9197044372558594]"
F122013,10,0,0.2,"[716.3054070324871, 1.8389856815338135]"
F122013,10,0,0.3,"[716.888127684926, 2.755993366241455]"
F122013,10,0,0.4,"[716.3471592041315, 3.6745057106018066]"
F122013,10,0,0.5,"[716.5647440172345, 4.592098236083984]"
F122013,10,0,0.6,"[717.8425707392379, 5.510531425476074]"
F122013,10,0,0.7,"[716.4418883650972, 6.428112506866455]"
F122013,10,0,0.8,"[716.3405559343757, 7.344104766845703]"
F122013,10,0,0.9,"[717.3887133755655, 8.259738683700562]"
F122013,10,0,1.0,"[716.884043435634, 9.176199674606323]"
F122013,10,1,0.01,"[522.4701003786195, 0.09410691261291504]"
F122013,10,1,0.1,"[523.4088566046221, 0.9250915050506592]"
F122013,10,1,0.2,"[523.2460571970706, 1.8490614891052246]"
F122013,10,1,0.3,"[522.3211235815681, 2.771700859069824]"
F122013,10,1,0.4,"[522.5695307421091, 3.6967074871063232]"
F122013,10,1,0.5,"[522.326077982875, 4.627394676208496]"
F122013,10,1,0.6,"[522.3240148243875, 5.5507988929748535]"
F122013,10,1,0.7,"[522.8691124772865, 6.474740028381348]"
F122013,10,1,0.8,"[522.5091820528233, 7.39845085144043]"
F122013,10,1,0.9,"[522.4853135956891, 8.321759462356567]"
F122013,10,1,1.0,"[524.165258594774, 9.24479365348816]"
F122013,10,2,0.01,"[778.9779246042812, 0.09333968162536621]"
F122013,10,2,0.1,"[779.8333810457758, 0.91684889793396]"
F122013,10,2,0.2,"[778.991015927012, 1.8341727256774902]"
F122013,10,2,0.3,"[780.3586883667318, 2.7497398853302]"
F122013,10,2,0.4,"[779.123221521592, 3.6678643226623535]"
F122013,10,2,0.5,"[779.1271948532088, 4.583970785140991]"
F122013,10,2,0.6,"[779.4768721144943, 5.500026702880859]"
F122013,10,2,0.7,"[779.3994302504929, 6.415721654891968]"
F122013,10,2,0.8,"[778.9936636594558, 7.329888820648193]"
F122013,10,2,0.9,"[779.3096302433784, 8.245022296905518]"
F122013,10,2,1.0,"[779.0555201540681, 9.160915851593018]"
F122013,10,3,0.01,"[622.7921280312796, 0.09433937072753906]"
F122013,10,3,0.1,"[622.8413714175723, 0.9252281188964844]"
F122013,10,3,0.2,"[622.8400272569955, 1.8519060611724854]"
F122013,10,3,0.3,"[623.403305774294, 2.774968147277832]"
F122013,10,3,0.4,"[622.9495524725837, 3.6986868381500244]"
F122013,10,3,0.5,"[622.9114698580588, 4.622224569320679]"
F122013,10,3,0.6,"[622.8084993626751, 5.545560598373413]"
F122013,10,3,0.7,"[622.7922336458537, 6.469329357147217]"
F122013,10,3,0.8,"[622.9772813375824, 7.392508029937744]"
F122013,10,3,0.9,"[622.9489209728692, 8.315968036651611]"
F122013,10,3,1.0,"[623.0099688051713, 9.240291118621826]"
F122013,10,4,0.01,"[348.2233131156978, 0.0940244197845459]"
F122013,10,4,0.1,"[349.65946677514944, 0.9175527095794678]"
F122013,10,4,0.2,"[348.4399975325564, 1.8318443298339844]"
F122013,10,4,0.3,"[348.33633835205995, 2.7441389560699463]"
F122013,10,4,0.4,"[349.31145675843527, 3.6611087322235107]"
F122013,10,4,0.5,"[348.24915530984487, 4.576104164123535]"
F122013,10,4,0.6,"[348.33238481314163, 5.492004156112671]"
F122013,10,4,0.7,"[348.5401570355407, 6.409353494644165]"
F122013,10,4,0.8,"[348.43454099439504, 7.323467493057251]"
F122013,10,4,0.9,"[348.390609362136, 8.235566139221191]"
F122013,10,4,1.0,"[348.26378366644917, 9.14860463142395]"
F122013,10,5,0.01,"[539.2440286677289, 0.09361982345581055]"
F122013,10,5,0.1,"[539.307350844784, 0.9182479381561279]"
F122013,10,5,0.2,"[539.3012294510124, 1.8359920978546143]"
F122013,10,5,0.3,"[539.993663211256, 2.7525508403778076]"
F122013,10,5,0.4,"[539.4369685599639, 3.6729235649108887]"
F122013,10,5,0.5,"[539.854643174683, 4.5909082889556885]"
F122013,10,5,0.6,"[539.4452696478344, 5.5103607177734375]"
F122013,10,5,0.7,"[539.3146494925661, 6.439914226531982]"
F122013,10,5,0.8,"[539.6530333164487, 7.356999635696411]"
F122013,10,5,0.9,"[539.2522499820202, 8.2750723361969]"
F122013,10,5,1.0,"[539.6014363463389, 9.195398569107056]"
F122013,10,6,0.01,"[927.189541102895, 0.09432649612426758]"
F122013,10,6,0.1,"[927.8208527077373, 0.9262382984161377]"
F122013,10,6,0.2,"[929.1061925019347, 1.8515172004699707]"
F122013,10,6,0.3,"[928.6720070472012, 2.772608995437622]"
F122013,10,6,0.4,"[929.1306693743611, 3.695392370223999]"
F122013,10,6,0.5,"[929.4634855414241, 4.618304014205933]"
F122013,10,6,0.6,"[929.0766959183456, 5.541382312774658]"
F122013,10,6,0.7,"[929.2749963821756, 6.464637279510498]"
F122013,10,6,0.8,"[929.8129476903406, 7.387894868850708]"
F122013,10,6,0.9,"[929.2256812583696, 8.311233758926392]"
F122013,10,6,1.0,"[929.2506947771006, 9.235514879226685]"
F122013,10,7,0.01,"[1238.825471121806, 0.09395027160644531]"
F122013,10,7,0.1,"[1238.972352379481, 0.922415018081665]"
F122013,10,7,0.2,"[1238.891758207504, 1.8443677425384521]"
F122013,10,7,0.3,"[1238.978108715755, 2.7630929946899414]"
F122013,10,7,0.4,"[1238.859911926926, 3.6835274696350098]"
F122013,10,7,0.5,"[1238.835669763778, 4.602503299713135]"
F122013,10,7,0.6,"[1239.3084024362356, 5.52135157585144]"
F122013,10,7,0.7,"[1238.8833786265088, 6.440693140029907]"
F122013,10,7,0.8,"[1239.0376604481482, 7.360121488571167]"
F122013,10,7,0.9,"[1238.872405379612, 8.279597997665405]"
F122013,10,7,1.0,"[1238.9239973842832, 9.199243068695068]"
F122013,10,8,0.01,"[426.8216599706075, 0.09450435638427734]"
F122013,10,8,0.1,"[427.3125020119239, 0.9290671348571777]"
F122013,10,8,0.2,"[426.82201297444215, 1.855454444885254]"
F122013,10,8,0.3,"[426.90431896813584, 2.781079053878784]"
F122013,10,8,0.4,"[426.82401715574105, 3.7078449726104736]"
F122013,10,8,0.5,"[426.9018101016683, 4.6356706619262695]"
F122013,10,8,0.6,"[430.61034680084373, 5.5605854988098145]"
F122013,10,8,0.7,"[426.82306748624626, 6.486643552780151]"
F122013,10,8,0.8,"[426.8249365703517, 7.4097983837127686]"
F122013,10,8,0.9,"[426.8264498270828, 8.334269762039185]"
F122013,10,8,1.0,"[426.8288563943752, 9.260003089904785]"
F122013,10,9,0.01,"[406.92622893344117, 0.10589241981506348]"
F122013,10,9,0.1,"[406.92890418732844, 0.9309725761413574]"
F122013,10,9,0.2,"[407.0283949656954, 1.8507194519042969]"
F122013,10,9,0.3,"[407.3819251002662, 2.7674362659454346]"
F122013,10,9,0.4,"[406.92992546306766, 3.6855173110961914]"
F122013,10,9,0.5,"[408.96949837307716, 4.60281777381897]"
F122013,10,9,0.6,"[407.4363489687004, 5.519551038742065]"
F122013,10,9,0.7,"[406.9267206197118, 6.436885833740234]"
F122013,10,9,0.8,"[407.07886076530855, 7.352532863616943]"
F122013,10,9,0.9,"[407.09522114272073, 8.269396543502808]"
F122013,10,9,1.0,"[407.1418474563626, 9.186020374298096]"
F122013,10,10,0.01,"[805.8632373494589, 0.09366512298583984]"
F122013,10,10,0.1,"[806.2343554273033, 0.9186363220214844]"
F122013,10,10,0.2,"[806.1683592058837, 1.8355331420898438]"
F122013,10,10,0.3,"[805.9284622612034, 2.7492642402648926]"
F122013,10,10,0.4,"[806.5218369265176, 3.6671297550201416]"
F122013,10,10,0.5,"[805.8940944181842, 4.583097696304321]"
F122013,10,10,0.6,"[805.9747765068585, 5.500251770019531]"
F122013,10,10,0.7,"[806.0712444458131, 6.417994260787964]"
F122013,10,10,0.8,"[806.1053207208683, 7.333557605743408]"
F122013,10,10,0.9,"[806.1969931613816, 8.24765133857727]"
F122013,10,10,1.0,"[806.2058074307572, 9.16266131401062]"
F122013,10,11,0.01,"[590.9673112650512, 0.09403061866760254]"
F122013,10,11,0.1,"[590.9680189821021, 0.9240961074829102]"
F122013,10,11,0.2,"[591.0521759813772, 1.8475348949432373]"
F122013,10,11,0.3,"[591.2044327484149, 2.767521858215332]"
F122013,10,11,0.4,"[591.0161602917851, 3.6912739276885986]"
F122013,10,11,0.5,"[591.0751149730885, 4.613753795623779]"
F122013,10,11,0.6,"[591.1629570015889, 5.536485433578491]"
F122013,10,11,0.7,"[591.6333831635985, 6.460614442825317]"
F122013,10,11,0.8,"[591.7484503424786, 7.38223123550415]"
F122013,10,11,0.9,"[591.1671660700503, 8.302565097808838]"
F122013,10,11,1.0,"[591.3290738460607, 9.224658966064453]"
F122013,10,12,0.01,"[237.79012086667515, 0.09465694427490234]"
F122013,10,12,0.1,"[237.88621381631762, 0.9247617721557617]"
F122013,10,12,0.2,"[238.0770888670822, 1.848252296447754]"
F122013,10,12,0.3,"[237.84412033388386, 2.7689626216888428]"
F122013,10,12,0.4,"[237.8332076953855, 3.691035747528076]"
F122013,10,12,0.5,"[237.81372841511967, 4.6122355461120605]"
F122013,10,12,0.6,"[237.89562263104662, 5.5328123569488525]"
F122013,10,12,0.7,"[237.7991738566071, 6.4544618129730225]"
F122013,10,12,0.8,"[237.80512765523792, 7.374434471130371]"
F122013,10,12,0.9,"[237.921615792058, 8.2958345413208]"
F122013,10,12,1.0,"[237.89744770234813, 9.217198848724365]"
F122013,10,13,0.01,"[702.3898419876912, 0.09650230407714844]"
F122013,10,13,0.1,"[702.451303667401, 0.9358687400817871]"
F122013,10,13,0.2,"[702.5164359502338, 1.8677537441253662]"
F122013,10,13,0.3,"[703.4980697098434, 2.7979576587677]"
F122013,10,13,0.4,"[702.5694921553411, 3.7294845581054688]"
F122013,10,13,0.5,"[703.4360829744021, 4.661786317825317]"
F122013,10,13,0.6,"[702.9542431970439, 5.590635299682617]"
F122013,10,13,0.7,"[702.4234365912519, 6.521758317947388]"
F122013,10,13,0.8,"[702.5068424036144, 7.450733423233032]"
F122013,10,13,0.9,"[702.416271183485, 8.38035774230957]"
F122013,10,13,1.0,"[702.4333524648642, 9.310924053192139]"
F122013,10,14,0.01,"[675.5316952752593, 0.16042780876159668]"
F122013,10,14,0.1,"[675.5623415108992, 0.9900112152099609]"
F122013,10,14,0.2,"[676.6793192478916, 1.9118421077728271]"
F122013,10,14,0.3,"[675.7111035985382, 2.8326776027679443]"
F122013,10,14,0.4,"[677.7112477752902, 3.7542076110839844]"
F122013,10,14,0.5,"[675.6989469011066, 4.677567720413208]"
F122013,10,14,0.6,"[676.8871689377755, 5.596839427947998]"
F122013,10,14,0.7,"[675.6330233503833, 6.518930912017822]"
F122013,10,14,0.8,"[675.7145435515736, 7.437193393707275]"
F122013,10,14,0.9,"[675.570038522288, 8.366038799285889]"
F122013,10,14,1.0,"[675.5663618074138, 9.287173986434937]"
F122013,10,15,0.01,"[234.80544979848622, 0.10698747634887695]"
F122013,10,15,0.1,"[234.9871681848718, 0.9332571029663086]"
F122013,10,15,0.2,"[234.822415415935, 1.850938081741333]"
F122013,10,15,0.3,"[234.8519858381137, 2.7648046016693115]"
F122013,10,15,0.4,"[234.86387088833726, 3.6826484203338623]"
F122013,10,15,0.5,"[234.87693532805775, 4.599237680435181]"
F122013,10,15,0.6,"[234.9753938247139, 5.516021251678467]"
F122013,10,15,0.7,"[235.0312385035267, 6.434067010879517]"
F122013,10,15,0.8,"[234.93714722907174, 7.349221706390381]"
F122013,10,15,0.9,"[234.8541802210517, 8.263582944869995]"
F122013,10,15,1.0,"[234.90501654732373, 9.178507566452026]"
F122013,10,16,0.01,"[876.4756368634794, 0.14132237434387207]"
F122013,10,16,0.1,"[877.0985515175242, 0.9720289707183838]"
F122013,10,16,0.2,"[877.2925207263052, 1.8980448246002197]"
F122013,10,16,0.3,"[876.7854798757342, 2.8201420307159424]"
F122013,10,16,0.4,"[876.6719963130714, 3.7459330558776855]"
F122013,10,16,0.5,"[878.9693064310183, 4.670575857162476]"
F122013,10,16,0.6,"[876.5202765652084, 5.597520351409912]"
F122013,10,16,0.7,"[876.48226950878, 6.523810386657715]"
F122013,10,16,0.8,"[876.5146166013121, 7.44719386100769]"
F122013,10,16,0.9,"[878.0534859326209, 8.369679689407349]"
F122013,10,16,1.0,"[876.6270250360477, 9.291414976119995]"
F122013,10,17,0.01,"[431.8024416816568, 0.0944983959197998]"
F122013,10,17,0.1,"[431.863170925987, 0.9268176555633545]"
F122013,10,17,0.2,"[432.04517812509073, 1.8526263236999512]"
F122013,10,17,0.3,"[431.8071145137938, 2.776968479156494]"
F122013,10,17,0.4,"[431.99793706857145, 3.7020440101623535]"
F122013,10,17,0.5,"[431.9093623418311, 4.627759218215942]"
F122013,10,17,0.6,"[432.050741099263, 5.55264687538147]"
F122013,10,17,0.7,"[431.85098459179636, 6.4770543575286865]"
F122013,10,17,0.8,"[431.81913221207276, 7.401388645172119]"
F122013,10,17,0.9,"[431.86153471833086, 8.326145648956299]"
F122013,10,17,1.0,"[431.8518641858307, 9.252801656723022]"
F122013,10,18,0.01,"[369.11900429203564, 0.09317207336425781]"
F122013,10,18,0.1,"[369.1432589250426, 0.9130299091339111]"
F122013,10,18,0.2,"[369.2112126142499, 1.8234736919403076]"
F122013,10,18,0.3,"[369.13740370096684, 2.731208086013794]"
F122013,10,18,0.4,"[370.0034569642347, 3.6383330821990967]"
F122013,10,18,0.5,"[369.2070648442857, 4.547154188156128]"
F122013,10,18,0.6,"[369.1396510279798, 5.455071210861206]"
F122013,10,18,0.7,"[369.168507840122, 6.364259243011475]"
F122013,10,18,0.8,"[370.3619288842756, 7.273242473602295]"
F122013,10,18,0.9,"[369.30070621760757, 8.183843612670898]"
F122013,10,18,1.0,"[369.1527126823571, 9.096662521362305]"
F122013,10,19,0.01,"[654.539989303543, 0.09357380867004395]"
F122013,10,19,0.1,"[654.6576114192427, 0.9146637916564941]"
F122013,10,19,0.2,"[654.5421618098632, 1.8269453048706055]"
F122013,10,19,0.3,"[654.8885363882532, 2.736246347427368]"
F122013,10,19,0.4,"[656.5101385979364, 3.6457772254943848]"
F122013,10,19,0.5,"[654.5442913688097, 4.554241895675659]"
F122013,10,19,0.6,"[655.0618579920467, 5.4632837772369385]"
F122013,10,19,0.7,"[655.2527566623683, 6.372071743011475]"
F122013,10,19,0.8,"[655.3622690796487, 7.281403541564941]"
F122013,10,19,0.9,"[654.5417736380175, 8.189602613449097]"
F122013,10,19,1.0,"[654.689891318228, 9.098961591720581]"
F122013,10,20,0.01,"[621.816220774396, 0.1078948974609375]"
F122013,10,20,0.1,"[622.4063054955732, 0.9324815273284912]"
F122013,10,20,0.2,"[621.8914317171295, 1.8492467403411865]"
F122013,10,20,0.3,"[621.8386997398042, 2.7639732360839844]"
F122013,10,20,0.4,"[622.786192736891, 3.6800906658172607]"
F122013,10,20,0.5,"[622.0427398044395, 4.595826148986816]"
F122013,10,20,0.6,"[622.0671267620615, 5.50777792930603]"
F122013,10,20,0.7,"[622.2240550601206, 6.423526048660278]"
F122013,10,20,0.8,"[622.9182830318865, 7.336616277694702]"
F122013,10,20,0.9,"[622.2268332737517, 8.249402284622192]"
F122013,10,20,1.0,"[621.9309387674774, 9.164602041244507]"
F122013,10,21,0.01,"[588.9849394487784, 0.09357786178588867]"
F122013,10,21,0.1,"[589.0488071936376, 0.915715217590332]"
F122013,10,21,0.2,"[589.5521198243085, 1.8309953212738037]"
F122013,10,21,0.3,"[589.2563928052407, 2.7455427646636963]"
F122013,10,21,0.4,"[590.8974914043093, 3.6623692512512207]"
F122013,10,21,0.5,"[590.0258803160829, 4.580028057098389]"
F122013,10,21,0.6,"[589.0146617797516, 5.493757486343384]"
F122013,10,21,0.7,"[588.9838754664614, 6.411027908325195]"
F122013,10,21,0.8,"[588.9905856880683, 7.325448036193848]"
F122013,10,21,0.9,"[589.1139038369125, 8.239919900894165]"
F122013,10,21,1.0,"[589.7305163660566, 9.156373977661133]"
F122013,10,22,0.01,"[709.3565861846516, 0.09435582160949707]"
F122013,10,22,0.1,"[709.694722153711, 0.9200217723846436]"
F122013,10,22,0.2,"[711.3504489406718, 1.835458755493164]"
F122013,10,22,0.3,"[709.4514217094793, 2.7478203773498535]"
F122013,10,22,0.4,"[709.3570989309536, 3.6628193855285645]"
F122013,10,22,0.5,"[709.3560879620208, 4.575441837310791]"
F122013,10,22,0.6,"[709.3718699085915, 5.488394260406494]"
F122013,10,22,0.7,"[709.6123113672685, 6.401752710342407]"
F122013,10,22,0.8,"[709.7550951394769, 7.31486177444458]"
F122013,10,22,0.9,"[709.642115280188, 8.227818965911865]"
F122013,10,22,1.0,"[709.432359834305, 9.141952753067017]"
F122013,10,23,0.01,"[1064.386309708758, 0.09376001358032227]"
F122013,10,23,0.1,"[1064.629957814325, 0.9141356945037842]"
F122013,10,23,0.2,"[1064.4268660676853, 1.8254203796386719]"
F122013,10,23,0.3,"[1064.4071598397904, 2.7351865768432617]"
F122013,10,23,0.4,"[1064.5852730056947, 3.647939682006836]"
F122013,10,23,0.5,"[1064.3840314807753, 4.558345794677734]"
F122013,10,23,0.6,"[1064.4254313980005, 5.4692223072052]"
F122013,10,23,0.7,"[1065.1973708364444, 6.380141019821167]"
F122013,10,23,0.8,"[1064.3815571880825, 7.290547609329224]"
F122013,10,23,0.9,"[1064.450228423143, 8.20054817199707]"
F122013,10,23,1.0,"[1064.381704586331, 9.109512567520142]"
F122013,10,24,0.01,"[661.6158058712298, 0.13924789428710938]"
F122013,10,24,0.1,"[665.209671891266, 0.9553823471069336]"
F122013,10,24,0.2,"[662.0459060186464, 1.8638908863067627]"
F122013,10,24,0.3,"[661.6158217366539, 2.7720813751220703]"
F122013,10,24,0.4,"[661.6230133478268, 3.680387496948242]"
F122013,10,24,0.5,"[661.6435794969764, 4.589532375335693]"
F122013,10,24,0.6,"[662.2095036597385, 5.49788498878479]"
F122013,10,24,0.7,"[662.8359386450563, 6.40643048286438]"
F122013,10,24,0.8,"[661.7847183376241, 7.310366153717041]"
F122013,10,24,0.9,"[661.6167855299736, 8.21528935432434]"
F122013,10,24,1.0,"[662.5273020888746, 9.122009754180908]"
F122013,10,25,0.01,"[516.3516938933947, 0.18311047554016113]"
F122013,10,25,0.1,"[516.4641172510852, 1.0039067268371582]"
F122013,10,25,0.2,"[516.4167147548758, 1.9168474674224854]"
F122013,10,25,0.3,"[517.313438897946, 2.8287556171417236]"
F122013,10,25,0.4,"[516.3695036761779, 3.7406022548675537]"
F122013,10,25,0.5,"[516.5762507685521, 4.6607866287231445]"
F122013,10,25,0.6,"[516.841400063764, 5.572160243988037]"
F122013,10,25,0.7,"[516.4499708154599, 6.484277725219727]"
F122013,10,25,0.8,"[516.6246568248874, 7.39708399772644]"
F122013,10,25,0.9,"[516.5053217070348, 8.309120416641235]"
F122013,10,25,1.0,"[516.4459075061997, 9.223378658294678]"
F122013,10,26,0.01,"[326.33900290590816, 0.09450221061706543]"
F122013,10,26,0.1,"[326.362481972432, 0.9234085083007812]"
F122013,10,26,0.2,"[326.4217900825934, 1.8421428203582764]"
F122013,10,26,0.3,"[326.3509060865456, 2.7581570148468018]"
F122013,10,26,0.4,"[326.599251434962, 3.678117513656616]"
F122013,10,26,0.5,"[326.6812666834865, 4.5962371826171875]"
F122013,10,26,0.6,"[326.3557497283172, 5.526599168777466]"
F122013,10,26,0.7,"[326.3979645286392, 6.446252822875977]"
F122013,10,26,0.8,"[326.3988468965157, 7.363027334213257]"
F122013,10,26,0.9,"[326.5706623736478, 8.277910232543945]"
F122013,10,26,1.0,"[326.45528022371315, 9.194434642791748]"
F122013,10,27,0.01,"[452.69010371963645, 0.09418964385986328]"
F122013,10,27,0.1,"[453.26295823142607, 0.9194111824035645]"
F122013,10,27,0.2,"[452.6922722699579, 1.834517002105713]"
F122013,10,27,0.3,"[452.6976350435424, 2.7491910457611084]"
F122013,10,27,0.4,"[452.7220537214249, 3.6665008068084717]"
F122013,10,27,0.5,"[452.70667834235536, 4.581780672073364]"
F122013,10,27,0.6,"[452.6940968829618, 5.497608184814453]"
F122013,10,27,0.7,"[452.7239452698203, 6.413802862167358]"
F122013,10,27,0.8,"[452.91813930889936, 7.329527378082275]"
F122013,10,27,0.9,"[452.72754557494557, 8.244494915008545]"
F122013,10,27,1.0,"[452.69502688690596, 9.158644676208496]"
F122013,10,28,0.01,"[738.200556319624, 0.12148571014404297]"
F122013,10,28,0.1,"[738.2119715937414, 0.9481213092803955]"
F122013,10,28,0.2,"[739.802123392277, 1.8652255535125732]"
F122013,10,28,0.3,"[738.4537676914778, 2.7788732051849365]"
F122013,10,28,0.4,"[738.2395587634251, 3.6959080696105957]"
F122013,10,28,0.5,"[738.4757343985374, 4.61131739616394]"
F122013,10,28,0.6,"[738.4091350281504, 5.52783203125]"
F122013,10,28,0.7,"[738.3999832806145, 6.443126201629639]"
F122013,10,28,0.8,"[738.7050253275763, 7.356709957122803]"
F122013,10,28,0.9,"[739.1380646166745, 8.271082878112793]"
F122013,10,28,1.0,"[738.6626587200162, 9.184264183044434]"
F122013,10,29,0.01,"[584.017663133921, 0.12501287460327148]"
F122013,10,29,0.1,"[584.3974485740389, 0.9471888542175293]"
F122013,10,29,0.2,"[584.1143011599206, 1.8603551387786865]"
F122013,10,29,0.3,"[584.1287728679845, 2.7725112438201904]"
F122013,10,29,0.4,"[584.0546173864502, 3.685046911239624]"
F122013,10,29,0.5,"[584.1653936495495, 4.598214387893677]"
F122013,10,29,0.6,"[584.6577866409463, 5.514748573303223]"
F122013,10,29,0.7,"[584.1161370737723, 6.427981853485107]"
F122013,10,29,0.8,"[584.3238798808678, 7.341301679611206]"
F122013,10,29,0.9,"[584.342566261488, 8.253697872161865]"
F122013,10,29,1.0,"[584.1755339535488, 9.1687753200531]"
F122013,10,30,0.01,"[938.1365497242114, 0.09431672096252441]"
F122013,10,30,0.1,"[938.6355504170198, 0.9177634716033936]"
F122013,10,30,0.2,"[938.2672497045616, 1.8328351974487305]"
F122013,10,30,0.3,"[938.276465528257, 2.7453114986419678]"
F122013,10,30,0.4,"[938.2303594402802, 3.658235788345337]"
F122013,10,30,0.5,"[938.73928452121, 4.57138466835022]"
F122013,10,30,0.6,"[938.4019590351963, 5.48335862159729]"
F122013,10,30,0.7,"[938.2699644366259, 6.39527440071106]"
F122013,10,30,0.8,"[938.137516324848, 7.307910919189453]"
F122013,10,30,0.9,"[938.5228370813152, 8.220144510269165]"
F122013,10,30,1.0,"[938.1594366216581, 9.134376287460327]"
F122013,10,31,0.01,"[544.2185283877989, 0.09299898147583008]"
F122013,10,31,0.1,"[544.2711224959594, 0.9071223735809326]"
F122013,10,31,0.2,"[544.223633817233, 1.812676191329956]"
F122013,10,31,0.3,"[544.2613196208355, 2.7154455184936523]"
F122013,10,31,0.4,"[544.7908215398401, 3.62040638923645]"
F122013,10,31,0.5,"[544.2819436485256, 4.524083852767944]"
F122013,10,31,0.6,"[544.4341396413423, 5.4267847537994385]"
F122013,10,31,0.7,"[544.2244835166402, 6.330578088760376]"
F122013,10,31,0.8,"[544.2807611469817, 7.232278108596802]"
F122013,10,31,0.9,"[544.2726691502053, 8.134844779968262]"
F122013,10,31,1.0,"[544.6961863093146, 9.036656856536865]"
F122013,10,32,0.01,"[100.49024291321973, 0.13589859008789062]"
F122013,10,32,0.1,"[100.54948248242465, 0.9495649337768555]"
F122013,10,32,0.2,"[100.90881612773518, 1.8554868698120117]"
F122013,10,32,0.3,"[100.49102293075933, 2.759469747543335]"
F122013,10,32,0.4,"[100.50243746056248, 3.6656835079193115]"
F122013,10,32,0.5,"[100.54558870657439, 4.570970773696899]"
F122013,10,32,0.6,"[100.54523508872077, 5.476254463195801]"
F122013,10,32,0.7,"[100.68954879359126, 6.382012605667114]"
F122013,10,32,0.8,"[100.63676926770168, 7.28641939163208]"
F122013,10,32,0.9,"[100.92916959638524, 8.19039273262024]"
F122013,10,32,1.0,"[100.60361208683065, 9.095508337020874]"
F122013,10,33,0.01,"[570.0791857055327, 0.17641949653625488]"
F122013,10,33,0.1,"[570.554003754072, 1.0049848556518555]"
F122013,10,33,0.2,"[571.445489308309, 1.9240272045135498]"
F122013,10,33,0.3,"[570.173172116502, 2.8383870124816895]"
F122013,10,33,0.4,"[570.4230793938017, 3.7561070919036865]"
F122013,10,33,0.5,"[570.2833540817381, 4.672846078872681]"
F122013,10,33,0.6,"[571.0388222442363, 5.589850902557373]"
F122013,10,33,0.7,"[571.2349906858922, 6.508324146270752]"
F122013,10,33,0.8,"[570.3430275674302, 7.4236390590667725]"
F122013,10,33,0.9,"[570.1087425815532, 8.338517665863037]"
F122013,10,33,1.0,"[570.2470820917825, 9.253630638122559]"
F122013,10,34,0.01,"[233.81001305745028, 0.09379935264587402]"
F122013,10,34,0.1,"[233.91670184180387, 0.9186382293701172]"
F122013,10,34,0.2,"[233.8412914321628, 1.8356614112854004]"
F122013,10,34,0.3,"[233.8317338630094, 2.751051902770996]"
F122013,10,34,0.4,"[233.91240719577115, 3.668311834335327]"
F122013,10,34,0.5,"[234.00653347116582, 4.584688663482666]"
F122013,10,34,0.6,"[233.84879542368625, 5.500763416290283]"
F122013,10,34,0.7,"[233.94133918100454, 6.417094707489014]"
F122013,10,34,0.8,"[233.8454431408373, 7.331743240356445]"
F122013,10,34,0.9,"[233.868127897229, 8.246320724487305]"
F122013,10,34,1.0,"[233.97447044456536, 9.16177749633789]"
F122013,10,35,0.01,"[919.2441777205426, 0.09382033348083496]"
F122013,10,35,0.1,"[919.2476896953785, 0.9204826354980469]"
F122013,10,35,0.2,"[919.4396923750205, 1.8403444290161133]"
F122013,10,35,0.3,"[919.361075322345, 2.7581281661987305]"
F122013,10,35,0.4,"[919.2840468295551, 3.6781086921691895]"
F122013,10,35,0.5,"[919.2607509698493, 4.597691774368286]"
F122013,10,35,0.6,"[919.4980097451318, 5.516454458236694]"
F122013,10,35,0.7,"[920.2289432633202, 6.435329914093018]"
F122013,10,35,0.8,"[919.4295251326008, 7.352495908737183]"
F122013,10,35,0.9,"[919.3414272546189, 8.270022630691528]"
F122013,10,35,1.0,"[919.4975906460417, 9.18767523765564]"
F122013,10,36,0.01,"[919.2809831122914, 0.09371256828308105]"
F122013,10,36,0.1,"[919.7398728784879, 0.9192564487457275]"
F122013,10,36,0.2,"[920.6605765482337, 1.838151216506958]"
F122013,10,36,0.3,"[919.3720969624248, 2.75276255607605]"
F122013,10,36,0.4,"[919.3957690546652, 3.669881820678711]"
F122013,10,36,0.5,"[919.2174695324672, 4.586565971374512]"
F122013,10,36,0.6,"[919.3651571120693, 5.50269889831543]"
F122013,10,36,0.7,"[919.2233863986022, 6.4198102951049805]"
F122013,10,36,0.8,"[919.2196620276728, 7.335595369338989]"
F122013,10,36,0.9,"[919.9627286657598, 8.251716613769531]"
F122013,10,36,1.0,"[919.4845870282052, 9.165807247161865]"
F122013,10,37,0.01,"[625.787121786184, 0.09319567680358887]"
F122013,10,37,0.1,"[627.1915250431003, 0.9142169952392578]"
F122013,10,37,0.2,"[625.8019124146767, 1.8288004398345947]"
F122013,10,37,0.3,"[625.8194777448052, 2.745760679244995]"
F122013,10,37,0.4,"[626.1463364998403, 3.661526918411255]"
F122013,10,37,0.5,"[625.7948411190231, 4.58039116859436]"
F122013,10,37,0.6,"[626.0773009802273, 5.495009899139404]"
F122013,10,37,0.7,"[625.8298096440146, 6.410648345947266]"
F122013,10,37,0.8,"[625.9242775702053, 7.3226354122161865]"
F122013,10,37,0.9,"[625.832325435542, 8.234688520431519]"
F122013,10,37,1.0,"[625.8172115364292, 9.146742820739746]"
F122013,10,38,0.01,"[888.4199234234538, 0.09388256072998047]"
F122013,10,38,0.1,"[888.6379713667446, 0.9206297397613525]"
F122013,10,38,0.2,"[888.4621835404465, 1.841217041015625]"
F122013,10,38,0.3,"[888.6431990099742, 2.761054277420044]"
F122013,10,38,0.4,"[888.7414086162565, 3.6822450160980225]"
F122013,10,38,0.5,"[889.0477392586585, 4.603765964508057]"
F122013,10,38,0.6,"[888.447672726904, 5.522035837173462]"
F122013,10,38,0.7,"[888.4902517374544, 6.44301438331604]"
F122013,10,38,0.8,"[888.4601779826797, 7.361013650894165]"
F122013,10,38,0.9,"[892.2533464901261, 8.279581069946289]"
F122013,10,38,1.0,"[889.9908217374298, 9.199835538864136]"
F122013,10,39,0.01,"[1158.9867931781148, 0.09417510032653809]"
F122013,10,39,0.1,"[1159.0367445807055, 0.920701265335083]"
F122013,10,39,0.2,"[1159.053250020286, 1.838141918182373]"
F122013,10,39,0.3,"[1159.2334657586277, 2.7526116371154785]"
F122013,10,39,0.4,"[1159.2094690252004, 3.6685566902160645]"
F122013,10,39,0.5,"[1159.0318768284883, 4.5829339027404785]"
F122013,10,39,0.6,"[1159.9774384440502, 5.497305154800415]"
F122013,10,39,0.7,"[1159.404230369084, 6.412248373031616]"
F122013,10,39,0.8,"[1159.2015200873009, 7.327005386352539]"
F122013,10,39,0.9,"[1159.4264165374893, 8.240740537643433]"
F122013,10,39,1.0,"[1159.4711648110601, 9.156434059143066]"
F122013,10,40,0.01,"[665.6009885951805, 0.09406399726867676]"
F122013,10,40,0.1,"[667.9195151410686, 0.9177305698394775]"
F122013,10,40,0.2,"[665.6327303568593, 1.8333923816680908]"
F122013,10,40,0.3,"[665.6202932892415, 2.746187686920166]"
F122013,10,40,0.4,"[666.9626842088052, 3.6609983444213867]"
F122013,10,40,0.5,"[666.5711534389923, 4.575503349304199]"
F122013,10,40,0.6,"[665.6421729000404, 5.489521026611328]"
F122013,10,40,0.7,"[665.6267975705578, 6.4039037227630615]"
F122013,10,40,0.8,"[665.6319353125725, 7.315130949020386]"
F122013,10,40,0.9,"[665.8438484896294, 8.228137969970703]"
F122013,10,40,1.0,"[665.6405916156134, 9.141412019729614]"
F122013,10,41,0.01,"[737.2259831486103, 0.11592316627502441]"
F122013,10,41,0.1,"[737.2292923473789, 0.9491446018218994]"
F122013,10,41,0.2,"[737.357197582037, 1.8772997856140137]"
F122013,10,41,0.3,"[737.8602314342342, 2.8027610778808594]"
F122013,10,41,0.4,"[737.3747404571325, 3.7283782958984375]"
F122013,10,41,0.5,"[737.2502351916917, 4.654216051101685]"
F122013,10,41,0.6,"[737.7993891690747, 5.57913613319397]"
F122013,10,41,0.7,"[737.8468192619551, 6.504899263381958]"
F122013,10,41,0.8,"[738.3092456986212, 7.4300220012664795]"
F122013,10,41,0.9,"[739.2059657760622, 8.355854034423828]"
F122013,10,41,1.0,"[737.8194560968581, 9.283034801483154]"
F122013,10,42,0.01,"[1204.7771694002274, 0.10071659088134766]"
F122013,10,42,0.1,"[1205.1765885750697, 0.9261868000030518]"
F122013,10,42,0.2,"[1204.7889654525025, 1.8444385528564453]"
F122013,10,42,0.3,"[1205.593251474595, 2.7610623836517334]"
F122013,10,42,0.4,"[1204.8618258559443, 3.6801037788391113]"
F122013,10,42,0.5,"[1204.784644235197, 4.598062038421631]"
F122013,10,42,0.6,"[1204.904882376777, 5.515486478805542]"
F122013,10,42,0.7,"[1204.7792294091723, 6.433618545532227]"
F122013,10,42,0.8,"[1204.7834210327392, 7.350932598114014]"
F122013,10,42,0.9,"[1204.8853241150146, 8.268588304519653]"
F122013,10,42,1.0,"[1204.784509904975, 9.186607599258423]"
F122013,10,43,0.01,"[561.1270091985248, 0.09328103065490723]"
F122013,10,43,0.1,"[561.1291619279724, 0.9145157337188721]"
F122013,10,43,0.2,"[561.1594872972412, 1.8279321193695068]"
F122013,10,43,0.3,"[561.1272412134107, 2.7394092082977295]"
F122013,10,43,0.4,"[561.1704131394163, 3.652771472930908]"
F122013,10,43,0.5,"[561.2192243867928, 4.565064907073975]"
F122013,10,43,0.6,"[561.156970348638, 5.476707935333252]"
F122013,10,43,0.7,"[561.3585932375094, 6.393082618713379]"
F122013,10,43,0.8,"[561.4784859621722, 7.304919481277466]"
F122013,10,43,0.9,"[561.3877127111986, 8.217507362365723]"
F122013,10,43,1.0,"[561.3031806712445, 9.133617401123047]"
F122013,10,44,0.01,"[906.2926629247005, 0.09309697151184082]"
F122013,10,44,0.1,"[906.7147250749741, 0.9124588966369629]"
F122013,10,44,0.2,"[906.7958486237034, 1.82283353805542]"
F122013,10,44,0.3,"[907.3924191265245, 2.729438543319702]"
F122013,10,44,0.4,"[906.5768353723271, 3.640040636062622]"
F122013,10,44,0.5,"[906.8102563891922, 4.548856258392334]"
F122013,10,44,0.6,"[906.6351859348848, 5.457841396331787]"
F122013,10,44,0.7,"[906.8848193338947, 6.3679258823394775]"
F122013,10,44,0.8,"[906.3375574362515, 7.273958206176758]"
F122013,10,44,0.9,"[910.0725082479311, 8.179429054260254]"
F122013,10,44,1.0,"[907.8222156120918, 9.086727857589722]"
F122013,10,45,0.01,"[734.2340380347134, 0.09237933158874512]"
F122013,10,45,0.1,"[734.2665397734944, 0.9057703018188477]"
F122013,10,45,0.2,"[735.382539497168, 1.8115859031677246]"
F122013,10,45,0.3,"[734.2692279500193, 2.7148351669311523]"
F122013,10,45,0.4,"[734.2484959041552, 3.6199233531951904]"
F122013,10,45,0.5,"[734.2654116000234, 4.523535490036011]"
F122013,10,45,0.6,"[734.4008249206635, 5.425984144210815]"
F122013,10,45,0.7,"[734.2931964819902, 6.329668760299683]"
F122013,10,45,0.8,"[734.3983052745625, 7.231514930725098]"
F122013,10,45,0.9,"[734.431351680425, 8.134275674819946]"
F122013,10,45,1.0,"[734.2830864514963, 9.037322759628296]"
F122013,10,46,0.01,"[1057.5012752128152, 0.14388537406921387]"
F122013,10,46,0.1,"[1057.7321184645375, 0.9535634517669678]"
F122013,10,46,0.2,"[1057.9722283348935, 1.8534936904907227]"
F122013,10,46,0.3,"[1058.0986738860736, 2.7515628337860107]"
F122013,10,46,0.4,"[1057.844324490025, 3.6516220569610596]"
F122013,10,46,0.5,"[1057.7116409281623, 4.551153182983398]"
F122013,10,46,0.6,"[1057.5675117897713, 5.449672698974609]"
F122013,10,46,0.7,"[1057.793298783759, 6.34825587272644]"
F122013,10,46,0.8,"[1057.774772750129, 7.245727300643921]"
F122013,10,46,0.9,"[1057.6674446239954, 8.143482685089111]"
F122013,10,46,1.0,"[1057.5432117426176, 9.04075574874878]"
F122013,10,47,0.01,"[829.7284868222407, 0.10586047172546387]"
F122013,10,47,0.1,"[831.504266705175, 1.0409178733825684]"
F122013,10,47,0.2,"[830.9237738058824, 2.081406593322754]"
F122013,10,47,0.3,"[829.9592195572887, 3.1329758167266846]"
F122013,10,47,0.4,"[831.0406200746, 4.176509857177734]"
F122013,10,47,0.5,"[834.9111454161913, 5.219010829925537]"
F122013,10,47,0.6,"[829.7660075617848, 6.259706497192383]"
F122013,10,47,0.7,"[829.7300610601174, 7.301419734954834]"
F122013,10,47,0.8,"[830.265530131344, 8.341821432113647]"
F122013,10,47,0.9,"[831.6265097218543, 9.375873565673828]"
F122013,10,47,1.0,"[829.7693477373097, 10.276597499847412]"
F122013,10,48,0.01,"[811.8173239999898, 0.09149575233459473]"
F122013,10,48,0.1,"[812.0519387191126, 0.9042816162109375]"
F122013,10,48,0.2,"[812.4974303781042, 1.8096959590911865]"
F122013,10,48,0.3,"[811.9205585362603, 2.714724063873291]"
F122013,10,48,0.4,"[812.2805507570858, 3.619844436645508]"
F122013,10,48,0.5,"[811.8230905463747, 4.523533821105957]"
F122013,10,48,0.6,"[811.881850044042, 5.427084684371948]"
F122013,10,48,0.7,"[811.8883001814949, 6.331382513046265]"
F122013,10,48,0.8,"[811.8521032538267, 7.2339067459106445]"
F122013,10,48,0.9,"[811.861112491841, 8.136786222457886]"
F122013,10,48,1.0,"[812.2314330151645, 9.042017459869385]"
F122013,10,49,0.01,"[762.1703221135482, 0.09234118461608887]"
F122013,10,49,0.1,"[762.2052835348292, 0.9209811687469482]"
F122013,10,49,0.2,"[762.2073434960467, 1.8380064964294434]"
F122013,10,49,0.3,"[762.1308717692204, 2.7558748722076416]"
F122013,10,49,0.4,"[762.5799230476289, 3.676126718521118]"
F122013,10,49,0.5,"[762.2998003206079, 4.59596848487854]"
F122013,10,49,0.6,"[762.4954878868618, 5.511925935745239]"
F122013,10,49,0.7,"[762.3552377469052, 6.42853569984436]"
F122013,10,49,0.8,"[762.8929104477564, 7.344108581542969]"
F122013,10,49,0.9,"[762.0891738717107, 8.260931730270386]"
F122013,10,49,1.0,"[762.2450691120066, 9.177865505218506]"
F122013,10,50,0.01,"[727.259437011886, 0.09132671356201172]"
F122013,10,50,0.1,"[727.5581204907245, 0.9028890132904053]"
F122013,10,50,0.2,"[727.3520111227738, 1.8026103973388672]"
F122013,10,50,0.3,"[727.3241322737692, 2.7044501304626465]"
F122013,10,50,0.4,"[727.5193990861462, 3.606135606765747]"
F122013,10,50,0.5,"[727.2708375720176, 4.5081467628479]"
F122013,10,50,0.6,"[727.3535230622108, 5.4081711769104]"
F122013,10,50,0.7,"[727.638163001051, 6.3106770515441895]"
F122013,10,50,0.8,"[727.631499042283, 7.210720777511597]"
F122013,10,50,0.9,"[727.270692011421, 8.112154483795166]"
F122013,10,50,1.0,"[727.8862540916349, 9.014850378036499]"
F122013,30,0,0.01,"[2829.4052733973285, 0.29268598556518555]"
F122013,30,0,0.1,"[2831.7139079546423, 2.925171375274658]"
F122013,30,0,0.2,"[2832.455385146647, 5.846639633178711]"
F122013,30,0,0.3,"[2830.6380292533513, 8.777079343795776]"
F122013,30,0,0.4,"[2831.7372788684497, 11.692129611968994]"
F122013,30,0,0.5,"[2830.522189235489, 14.608649969100952]"
F122013,30,0,0.6,"[2830.623179368009, 17.527772426605225]"
F122013,30,0,0.7,"[2829.8290485102293, 20.451287269592285]"
F122013,30,0,0.8,"[2830.105661919504, 23.36531376838684]"
F122013,30,0,0.9,"[2830.414573252617, 26.281475067138672]"
F122013,30,0,1.0,"[2830.4509149346327, 29.193053722381592]"
F122013,30,1,0.01,"[2544.1976236872492, 0.2944941520690918]"
F122013,30,1,0.1,"[2549.5542255249297, 2.943870782852173]"
F122013,30,1,0.2,"[2547.3613860217934, 5.886777877807617]"
F122013,30,1,0.3,"[2546.5398749184715, 8.829328536987305]"
F122013,30,1,0.4,"[2544.401360380282, 11.758103609085083]"
F122013,30,1,0.5,"[2544.7232847432765, 14.694845199584961]"
F122013,30,1,0.6,"[2544.9703979097503, 17.634138107299805]"
F122013,30,1,0.7,"[2544.272877494717, 20.58067488670349]"
F122013,30,1,0.8,"[2545.4292364943726, 23.521130561828613]"
F122013,30,1,0.9,"[2544.2806588654466, 26.46101975440979]"
F122013,30,1,1.0,"[2544.7473366139084, 29.399520874023438]"
F122013,30,2,0.01,"[2036.55518704749, 0.29344606399536133]"
F122013,30,2,0.1,"[2036.5693220480355, 2.932133197784424]"
F122013,30,2,0.2,"[2036.812053545947, 5.861739635467529]"
F122013,30,2,0.3,"[2039.6290052743755, 8.797312021255493]"
F122013,30,2,0.4,"[2036.8000579705163, 11.730276346206665]"
F122013,30,2,0.5,"[2036.554977513566, 14.664623498916626]"
F122013,30,2,0.6,"[2037.0547195062143, 17.59230899810791]"
F122013,30,2,0.7,"[2036.6718250023498, 20.537197828292847]"
F122013,30,2,0.8,"[2040.7026203343455, 23.481720447540283]"
F122013,30,2,0.9,"[2036.6296666769802, 26.4209246635437]"
F122013,30,2,1.0,"[2039.861812908757, 29.36050510406494]"
F122013,30,3,0.01,"[3256.077364151366, 0.2935190200805664]"
F122013,30,3,0.1,"[3255.8365275441697, 2.940713405609131]"
F122013,30,3,0.2,"[3261.642433824761, 5.878207683563232]"
F122013,30,3,0.3,"[3258.1811058486624, 8.81522250175476]"
F122013,30,3,0.4,"[3255.63438843974, 11.736816883087158]"
F122013,30,3,0.5,"[3256.074421300809, 14.667373895645142]"
F122013,30,3,0.6,"[3259.4412683597275, 17.601980686187744]"
F122013,30,3,0.7,"[3257.0307079121735, 20.541465997695923]"
F122013,30,3,0.8,"[3255.6910670255656, 23.47306537628174]"
F122013,30,3,0.9,"[3255.945959294533, 26.407241821289062]"
F122013,30,3,1.0,"[3260.1037728611554, 29.336034059524536]"
F122013,30,4,0.01,"[2125.199339229314, 0.2920975685119629]"
F122013,30,4,0.1,"[2129.9449779649076, 2.920137405395508]"
F122013,30,4,0.2,"[2125.7311150996975, 5.838479518890381]"
F122013,30,4,0.3,"[2126.384403267935, 8.763415813446045]"
F122013,30,4,0.4,"[2126.1963425871118, 11.673455476760864]"
F122013,30,4,0.5,"[2125.1349099122203, 14.584831953048706]"
F122013,30,4,0.6,"[2125.833788622687, 17.496592044830322]"
F122013,30,4,0.7,"[2125.9417311644556, 20.41439199447632]"
F122013,30,4,0.8,"[2129.888053389598, 23.32374143600464]"
F122013,30,4,0.9,"[2126.455322071154, 26.2363703250885]"
F122013,30,4,1.0,"[2125.5986385308047, 29.146532773971558]"
F122013,30,5,0.01,"[1993.2754489420588, 0.3719658851623535]"
F122013,30,5,0.1,"[1996.2008442008137, 2.9823033809661865]"
F122013,30,5,0.2,"[1991.9557542403268, 5.880792140960693]"
F122013,30,5,0.3,"[1991.8682257928192, 8.783161401748657]"
F122013,30,5,0.4,"[1992.956901736716, 11.673425674438477]"
F122013,30,5,0.5,"[1992.3981443270818, 14.572704553604126]"
F122013,30,5,0.6,"[1993.675181003982, 17.467042446136475]"
F122013,30,5,0.7,"[1992.364829009756, 20.37599205970764]"
F122013,30,5,0.8,"[1991.9776410737256, 23.273650884628296]"
F122013,30,5,0.9,"[1991.8334417282033, 26.17516779899597]"
F122013,30,5,1.0,"[1992.4114335924298, 29.066421508789062]"
F122013,30,6,0.01,"[2264.344138603623, 0.33786821365356445]"
F122013,30,6,0.1,"[2266.479304955624, 2.972147226333618]"
F122013,30,6,0.2,"[2265.818715311187, 5.882809400558472]"
F122013,30,6,0.3,"[2269.171869399762, 8.798149824142456]"
F122013,30,6,0.4,"[2267.1550409724496, 11.706840753555298]"
F122013,30,6,0.5,"[2265.187113844602, 14.624277353286743]"
F122013,30,6,0.6,"[2264.569428762676, 17.535013675689697]"
F122013,30,6,0.7,"[2267.9968437704524, 20.456148862838745]"
F122013,30,6,0.8,"[2264.5678159910035, 23.385056972503662]"
F122013,30,6,0.9,"[2265.5649029928913, 26.310126543045044]"
F122013,30,6,1.0,"[2267.442682951783, 29.233477115631104]"
F122013,30,7,0.01,"[2278.2584997197655, 0.3401811122894287]"
F122013,30,7,0.1,"[2278.500210219676, 2.9707233905792236]"
F122013,30,7,0.2,"[2280.909759678657, 5.888978004455566]"
F122013,30,7,0.3,"[2280.753510160077, 8.810057401657104]"
F122013,30,7,0.4,"[2278.3832840767905, 11.717830896377563]"
F122013,30,7,0.5,"[2280.3050105678694, 14.642058372497559]"
F122013,30,7,0.6,"[2278.707018910064, 17.562095880508423]"
F122013,30,7,0.7,"[2279.7703570307813, 20.495702028274536]"
F122013,30,7,0.8,"[2280.889308625451, 23.416404724121094]"
F122013,30,7,0.9,"[2279.9223835038492, 26.341437101364136]"
F122013,30,7,1.0,"[2278.291709950265, 29.25584363937378]"
F122013,30,8,0.01,"[2198.202838319961, 0.29036927223205566]"
F122013,30,8,0.1,"[2200.120272661129, 2.903456687927246]"
F122013,30,8,0.2,"[2197.8258794094404, 5.802649259567261]"
F122013,30,8,0.3,"[2198.291035133445, 8.702290296554565]"
F122013,30,8,0.4,"[2205.360224004807, 11.594276189804077]"
F122013,30,8,0.5,"[2198.774287302556, 14.494879245758057]"
F122013,30,8,0.6,"[2199.075485617655, 17.392139196395874]"
F122013,30,8,0.7,"[2199.466218896657, 20.302552938461304]"
F122013,30,8,0.8,"[2198.802995901991, 23.20378065109253]"
F122013,30,8,0.9,"[2199.2763123122186, 26.1050808429718]"
F122013,30,8,1.0,"[2205.33986619125, 29.00015139579773]"
F122013,30,9,0.01,"[2559.025968916092, 0.3449079990386963]"
F122013,30,9,0.1,"[2555.0194522559905, 3.348010540008545]"
F122013,30,9,0.2,"[2557.3298782649726, 6.682766437530518]"
F122013,30,9,0.3,"[2557.0589061858673, 10.01486873626709]"
F122013,30,9,0.4,"[2553.784055017477, 13.362228631973267]"
F122013,30,9,0.5,"[2555.000705776749, 16.7511944770813]"
F122013,30,9,0.6,"[2558.1456693491255, 20.08029317855835]"
F122013,30,9,0.7,"[2554.8413745700536, 23.421995162963867]"
F122013,30,9,0.8,"[2553.6945491290717, 26.753143072128296]"
F122013,30,9,0.9,"[2558.744951411248, 30.08733296394348]"
F122013,30,9,1.0,"[2556.828427152906, 33.411693811416626]"
F122013,30,10,0.01,"[2015.680736160724, 0.3464787006378174]"
F122013,30,10,0.1,"[2015.8101380385635, 2.9744808673858643]"
F122013,30,10,0.2,"[2016.1481063858625, 5.894795894622803]"
F122013,30,10,0.3,"[2017.164783051189, 8.817506790161133]"
F122013,30,10,0.4,"[2016.0829390957188, 11.730454444885254]"
F122013,30,10,0.5,"[2016.7683263201823, 14.656108617782593]"
F122013,30,10,0.6,"[2018.6613948356764, 17.575429439544678]"
F122013,30,10,0.7,"[2017.0399856486115, 20.510908365249634]"
F122013,30,10,0.8,"[2017.3264251003252, 23.437060117721558]"
F122013,30,10,0.9,"[2016.3064988511144, 26.36676049232483]"
F122013,30,10,1.0,"[2016.075419782301, 29.282787561416626]"
F122013,30,11,0.01,"[1745.462935429222, 0.3250865936279297]"
F122013,30,11,0.1,"[1745.0920100018518, 2.9717931747436523]"
F122013,30,11,0.2,"[1746.3246134203923, 5.914405822753906]"
F122013,30,11,0.3,"[1746.4794285814785, 8.871861696243286]"
F122013,30,11,0.4,"[1745.1254026624442, 11.827873229980469]"
F122013,30,11,0.5,"[1745.3876705992723, 14.783382654190063]"
F122013,30,11,0.6,"[1745.3706638769713, 17.734808683395386]"
F122013,30,11,0.7,"[1747.1090987444568, 20.698736667633057]"
F122013,30,11,0.8,"[1745.06142803977, 23.642220497131348]"
F122013,30,11,0.9,"[1745.9471028579824, 26.592276573181152]"
F122013,30,11,1.0,"[1745.228910569516, 29.530905723571777]"
F122013,30,12,0.01,"[2297.1547639700325, 0.32686853408813477]"
F122013,30,12,0.1,"[2306.008348470476, 2.9558677673339844]"
F122013,30,12,0.2,"[2303.107596575202, 5.876173496246338]"
F122013,30,12,0.3,"[2297.1839067763135, 8.80005168914795]"
F122013,30,12,0.4,"[2299.46147801397, 11.713292121887207]"
F122013,30,12,0.5,"[2299.1527692691943, 14.63563847541809]"
F122013,30,12,0.6,"[2307.4309388349693, 17.555201053619385]"
F122013,30,12,0.7,"[2300.496714367973, 20.47714924812317]"
F122013,30,12,0.8,"[2297.687911028486, 23.39699912071228]"
F122013,30,12,0.9,"[2298.401627345796, 26.31901717185974]"
F122013,30,12,1.0,"[2297.1897197382737, 29.239701509475708]"
F122013,30,13,0.01,"[2934.0656149849665, 0.29210734367370605]"
F122013,30,13,0.1,"[2934.5514971133875, 2.923349618911743]"
F122013,30,13,0.2,"[2933.992791244281, 5.844108819961548]"
F122013,30,13,0.3,"[2934.1151455646136, 8.772716045379639]"
F122013,30,13,0.4,"[2938.068044428347, 11.70488715171814]"
F122013,30,13,0.5,"[2936.636316304466, 14.636560440063477]"
F122013,30,13,0.6,"[2895.8370150043106, 17.56550884246826]"
F122013,30,13,0.7,"[2895.8478556698615, 20.502617835998535]"
F122013,30,13,0.8,"[2895.5442408689173, 23.439467906951904]"
F122013,30,13,0.9,"[2895.612597815724, 26.373552322387695]"
F122013,30,13,1.0,"[2895.596639730834, 29.307279586791992]"
F122013,30,14,0.01,"[2136.0023624178866, 0.2921559810638428]"
F122013,30,14,0.1,"[2139.976704364606, 2.9207870960235596]"
F122013,30,14,0.2,"[2141.503124060879, 5.876413822174072]"
F122013,30,14,0.3,"[2136.4413565460427, 8.936127424240112]"
F122013,30,14,0.4,"[2137.8342304950997, 11.897958040237427]"
F122013,30,14,0.5,"[2138.358140897654, 14.824684381484985]"
F122013,30,14,0.6,"[2137.316581475337, 17.746066570281982]"
F122013,30,14,0.7,"[2136.0521140009237, 20.7022488117218]"
F122013,30,14,0.8,"[2141.0011266083793, 23.624122619628906]"
F122013,30,14,0.9,"[2137.721128701057, 26.574471712112427]"
F122013,30,14,1.0,"[2139.9030137818463, 29.487075328826904]"
F122013,30,15,0.01,"[1334.3314497054862, 0.2909247875213623]"
F122013,30,15,0.1,"[1332.8839029069547, 2.9144136905670166]"
F122013,30,15,0.2,"[1332.2390546134764, 5.831576824188232]"
F122013,30,15,0.3,"[1332.2067193377018, 8.74916386604309]"
F122013,30,15,0.4,"[1332.8709935067257, 11.664509296417236]"
F122013,30,15,0.5,"[1332.2128268109345, 14.579989910125732]"
F122013,30,15,0.6,"[1332.1720794816606, 17.504739999771118]"
F122013,30,15,0.7,"[1332.9602579826137, 20.43306612968445]"
F122013,30,15,0.8,"[1335.236723142611, 23.35598063468933]"
F122013,30,15,0.9,"[1333.0702585705155, 26.278767824172974]"
F122013,30,15,1.0,"[1332.4222531964142, 29.202205181121826]"
F122013,30,16,0.01,"[1327.308421521587, 0.29268574714660645]"
F122013,30,16,0.1,"[1327.385187359226, 2.91508150100708]"
F122013,30,16,0.2,"[1327.233339518567, 5.83349084854126]"
F122013,30,16,0.3,"[1329.4407422134168, 8.759507417678833]"
F122013,30,16,0.4,"[1327.6760544635356, 11.68457818031311]"
F122013,30,16,0.5,"[1330.889298481072, 14.611732959747314]"
F122013,30,16,0.6,"[1330.5120303187914, 17.5363028049469]"
F122013,30,16,0.7,"[1327.4345320288119, 20.46869134902954]"
F122013,30,16,0.8,"[1328.067136846445, 23.404288291931152]"
F122013,30,16,0.9,"[1327.9390263263758, 26.33672571182251]"
F122013,30,16,1.0,"[1327.7313073808336, 29.261419534683228]"
F122013,30,17,0.01,"[2264.853163695305, 0.2889444828033447]"
F122013,30,17,0.1,"[2256.501021002087, 2.8554904460906982]"
F122013,30,17,0.2,"[2253.9114399174136, 5.708933591842651]"
F122013,30,17,0.3,"[2254.372700306366, 8.5792977809906]"
F122013,30,17,0.4,"[2253.7989065154957, 11.441661357879639]"
F122013,30,17,0.5,"[2253.7117774510784, 14.30515170097351]"
F122013,30,17,0.6,"[2253.880818710965, 17.16770029067993]"
F122013,30,17,0.7,"[2253.8564643864884, 20.032909870147705]"
F122013,30,17,0.8,"[2253.922728728362, 22.89467763900757]"
F122013,30,17,0.9,"[2255.5914734204825, 25.76415252685547]"
F122013,30,17,1.0,"[2254.804595262943, 28.625304460525513]"
F122013,30,18,0.01,"[2511.605743657111, 0.28879213333129883]"
F122013,30,18,0.1,"[2510.1645672638915, 2.8779120445251465]"
F122013,30,18,0.2,"[2511.723915002818, 5.745964050292969]"
F122013,30,18,0.3,"[2512.151652629136, 8.6200590133667]"
F122013,30,18,0.4,"[2510.2775960127356, 11.490861892700195]"
F122013,30,18,0.5,"[2514.9388263877013, 14.364727973937988]"
F122013,30,18,0.6,"[2511.246286741129, 17.23422598838806]"
F122013,30,18,0.7,"[2510.439269569801, 20.104227304458618]"
F122013,30,18,0.8,"[2514.537561791572, 22.972172021865845]"
F122013,30,18,0.9,"[2514.2635128177776, 25.861348628997803]"
F122013,30,18,1.0,"[2510.13744266122, 28.73021388053894]"
F122013,30,19,0.01,"[2584.6899631971633, 0.29054808616638184]"
F122013,30,19,0.1,"[2585.262711513907, 2.8890151977539062]"
F122013,30,19,0.2,"[2587.157240537251, 5.766088962554932]"
F122013,30,19,0.3,"[2584.7056725173575, 8.655043363571167]"
F122013,30,19,0.4,"[2585.4595314807602, 11.534262895584106]"
F122013,30,19,0.5,"[2585.5596408273545, 14.41301965713501]"
F122013,30,19,0.6,"[2585.1434423544597, 17.293503522872925]"
F122013,30,19,0.7,"[2586.0178865964417, 20.17680597305298]"
F122013,30,19,0.8,"[2586.8448612893267, 23.05085563659668]"
F122013,30,19,0.9,"[2585.769191981263, 25.930251598358154]"
F122013,30,19,1.0,"[2587.3718774804656, 28.806668519973755]"
F122013,30,20,0.01,"[1770.1017658882442, 0.28998446464538574]"
F122013,30,20,0.1,"[1770.169986987249, 2.873701333999634]"
F122013,30,20,0.2,"[1770.0295345840998, 5.7439751625061035]"
F122013,30,20,0.3,"[1771.4418227577175, 8.62393856048584]"
F122013,30,20,0.4,"[1770.1588494868663, 11.503585815429688]"
F122013,30,20,0.5,"[1770.3200852441798, 14.385298490524292]"
F122013,30,20,0.6,"[1773.7061308581806, 17.26438546180725]"
F122013,30,20,0.7,"[1771.839414644368, 20.14404010772705]"
F122013,30,20,0.8,"[1770.2096831210893, 23.0230450630188]"
F122013,30,20,0.9,"[1771.1778997796816, 25.909509658813477]"
F122013,30,20,1.0,"[1770.524199841971, 28.785861492156982]"
F122013,30,21,0.01,"[2048.4457932340115, 0.28807878494262695]"
F122013,30,21,0.1,"[2050.009882075443, 2.8639793395996094]"
F122013,30,21,0.2,"[2051.7819315415563, 5.7314229011535645]"
F122013,30,21,0.3,"[2048.512442967145, 8.60363483428955]"
F122013,30,21,0.4,"[2049.0475635896564, 11.471429586410522]"
F122013,30,21,0.5,"[2049.0020702302386, 14.340709209442139]"
F122013,30,21,0.6,"[2048.561598032644, 17.20751428604126]"
F122013,30,21,0.7,"[2048.78592345743, 20.07838535308838]"
F122013,30,21,0.8,"[2048.828567939509, 22.942475080490112]"
F122013,30,21,0.9,"[2049.10361063432, 25.809982299804688]"
F122013,30,21,1.0,"[2053.203395105702, 28.675378799438477]"
F122013,30,22,0.01,"[2851.327911354109, 0.2922830581665039]"
F122013,30,22,0.1,"[2852.158562151467, 2.9025027751922607]"
F122013,30,22,0.2,"[2859.9755188707586, 5.798310995101929]"
F122013,30,22,0.3,"[2856.013224279943, 8.695255517959595]"
F122013,30,22,0.4,"[2852.320782795232, 11.590262651443481]"
F122013,30,22,0.5,"[2851.4233609515245, 14.479260921478271]"
F122013,30,22,0.6,"[2851.868513903686, 17.400981903076172]"
F122013,30,22,0.7,"[2860.087536853244, 20.294407606124878]"
F122013,30,22,0.8,"[2852.1989042004693, 23.18182063102722]"
F122013,30,22,0.9,"[2858.112691423877, 26.073768615722656]"
F122013,30,22,1.0,"[2852.90946118487, 28.96368145942688]"
F122013,30,23,0.01,"[2541.987079994071, 0.29045581817626953]"
F122013,30,23,0.1,"[2548.581096845383, 2.896925210952759]"
F122013,30,23,0.2,"[2542.1292818705588, 5.800234317779541]"
F122013,30,23,0.3,"[2544.7525553655732, 8.708030700683594]"
F122013,30,23,0.4,"[2543.298951984634, 11.610411882400513]"
F122013,30,23,0.5,"[2543.568688704223, 14.516919136047363]"
F122013,30,23,0.6,"[2545.187357818065, 17.424227714538574]"
F122013,30,23,0.7,"[2542.140011601623, 20.332112312316895]"
F122013,30,23,0.8,"[2543.343159813789, 23.242275953292847]"
F122013,30,23,0.9,"[2542.4178957701397, 26.149468898773193]"
F122013,30,23,1.0,"[2542.1900649964928, 29.054797172546387]"
F122013,30,24,0.01,"[3552.9858905389137, 0.28958988189697266]"
F122013,30,24,0.1,"[3554.771160673514, 2.8926095962524414]"
F122013,30,24,0.2,"[3557.237485886093, 5.840625762939453]"
F122013,30,24,0.3,"[3551.783186868077, 8.747298955917358]"
F122013,30,24,0.4,"[3554.4929092749526, 11.65239691734314]"
F122013,30,24,0.5,"[3552.843784416169, 14.555332660675049]"
F122013,30,24,0.6,"[3556.932695000483, 17.461583852767944]"
F122013,30,24,0.7,"[3554.4626892094366, 20.370540380477905]"
F122013,30,24,0.8,"[3552.2544866937765, 23.28078818321228]"
F122013,30,24,0.9,"[3553.9636411660385, 26.188883304595947]"
F122013,30,24,1.0,"[3552.0488824381223, 29.096776723861694]"
F122013,30,25,0.01,"[1733.1239880729954, 0.2905435562133789]"
F122013,30,25,0.1,"[1733.7952109493117, 2.9057462215423584]"
F122013,30,25,0.2,"[1736.4346198161497, 5.81611180305481]"
F122013,30,25,0.3,"[1733.4397527986323, 8.735176086425781]"
F122013,30,25,0.4,"[1733.2903294896682, 11.627769708633423]"
F122013,30,25,0.5,"[1735.3015442566684, 14.52912950515747]"
F122013,30,25,0.6,"[1733.5931409513146, 17.442790746688843]"
F122013,30,25,0.7,"[1734.9075403233019, 20.36609411239624]"
F122013,30,25,0.8,"[1734.2171474172505, 23.266752004623413]"
F122013,30,25,0.9,"[1734.0506637533501, 26.173543691635132]"
F122013,30,25,1.0,"[1733.8227549682451, 29.070900678634644]"
F122013,30,26,0.01,"[1699.2123579008892, 0.2905240058898926]"
F122013,30,26,0.1,"[1685.7964566091982, 2.900908946990967]"
F122013,30,26,0.2,"[1686.3325015053408, 5.798152923583984]"
F122013,30,26,0.3,"[1685.479811926549, 8.697443008422852]"
F122013,30,26,0.4,"[1686.489032289041, 11.586620330810547]"
F122013,30,26,0.5,"[1686.7991269720987, 14.485437154769897]"
F122013,30,26,0.6,"[1688.62450077984, 17.377400875091553]"
F122013,30,26,0.7,"[1692.2911868007827, 20.284969568252563]"
F122013,30,26,0.8,"[1686.2336189757323, 23.18005633354187]"
F122013,30,26,0.9,"[1685.659559239908, 26.076698064804077]"
F122013,30,26,1.0,"[1686.821249262201, 28.971140146255493]"
F122013,30,27,0.01,"[1328.7668674673962, 0.32285046577453613]"
F122013,30,27,0.1,"[1329.0262173368046, 2.969064235687256]"
F122013,30,27,0.2,"[1332.3254894022944, 5.905872344970703]"
F122013,30,27,0.3,"[1328.6082393478164, 8.846135139465332]"
F122013,30,27,0.4,"[1331.211028640063, 11.772247314453125]"
F122013,30,27,0.5,"[1328.7255793726538, 14.711518049240112]"
F122013,30,27,0.6,"[1329.1086883899943, 17.648101329803467]"
F122013,30,27,0.7,"[1329.029944480983, 20.590199947357178]"
F122013,30,27,0.8,"[1329.0616589439232, 23.52999258041382]"
F122013,30,27,0.9,"[1332.506073454408, 26.469473838806152]"
F122013,30,27,1.0,"[1329.299206578782, 29.407531261444092]"
F122013,30,28,0.01,"[2402.439535816818, 0.29118776321411133]"
F122013,30,28,0.1,"[2403.71703597711, 2.9175820350646973]"
F122013,30,28,0.2,"[2401.195681550741, 5.838199615478516]"
F122013,30,28,0.3,"[2404.1547117605164, 8.76291298866272]"
F122013,30,28,0.4,"[2400.7227989460694, 11.685111284255981]"
F122013,30,28,0.5,"[2402.0829660111344, 14.605243444442749]"
F122013,30,28,0.6,"[2400.5128529558597, 17.527933597564697]"
F122013,30,28,0.7,"[2400.488025423312, 20.4541437625885]"
F122013,30,28,0.8,"[2409.911248900775, 23.37622618675232]"
F122013,30,28,0.9,"[2401.109050875264, 26.301109075546265]"
F122013,30,28,1.0,"[2403.9568695403023, 29.22295355796814]"
F122013,30,29,0.01,"[2731.8244439796576, 0.2889542579650879]"
F122013,30,29,0.1,"[2736.76877964678, 2.890326976776123]"
F122013,30,29,0.2,"[2730.906124805358, 5.7866387367248535]"
F122013,30,29,0.3,"[2733.21617100492, 8.687732696533203]"
F122013,30,29,0.4,"[2734.1515976782043, 11.590325117111206]"
F122013,30,29,0.5,"[2736.4124196573644, 14.497889995574951]"
F122013,30,29,0.6,"[2731.3956527459995, 17.39593768119812]"
F122013,30,29,0.7,"[2732.018819549971, 20.300626516342163]"
F122013,30,29,0.8,"[2734.23507919834, 23.207160472869873]"
F122013,30,29,0.9,"[2733.7401511636444, 26.118335723876953]"
F122013,30,29,1.0,"[2732.756670210284, 29.02251434326172]"
F122013,30,30,0.01,"[2815.727200530929, 0.4314284324645996]"
F122013,30,30,0.1,"[2816.542135682925, 3.041623115539551]"
F122013,30,30,0.2,"[2811.0869111020647, 5.932284593582153]"
F122013,30,30,0.3,"[2809.9525865411865, 8.828097105026245]"
F122013,30,30,0.4,"[2810.722924341931, 11.721832275390625]"
F122013,30,30,0.5,"[2811.8107984090316, 14.619186162948608]"
F122013,30,30,0.6,"[2811.3897098358857, 17.506420135498047]"
F122013,30,30,0.7,"[2812.277092668735, 20.40730333328247]"
F122013,30,30,0.8,"[2812.401584861765, 23.31258797645569]"
F122013,30,30,0.9,"[2810.260227357268, 26.217137575149536]"
F122013,30,30,1.0,"[2810.800924384412, 29.11921525001526]"
F122013,30,31,0.01,"[1379.6996579568465, 0.3644075393676758]"
F122013,30,31,0.1,"[1371.7806485359597, 2.9719715118408203]"
F122013,30,31,0.2,"[1368.2333377274203, 5.864703178405762]"
F122013,30,31,0.3,"[1370.2694781909906, 8.7595374584198]"
F122013,30,31,0.4,"[1368.6921584845277, 11.646612882614136]"
F122013,30,31,0.5,"[1369.019820287963, 14.570935249328613]"
F122013,30,31,0.6,"[1369.4056707179693, 17.464226245880127]"
F122013,30,31,0.7,"[1369.0245531227965, 20.394060373306274]"
F122013,30,31,0.8,"[1368.5101584240729, 23.2871515750885]"
F122013,30,31,0.9,"[1368.3147322023683, 26.17919087409973]"
F122013,30,31,1.0,"[1368.1940702646561, 29.06792187690735]"
F122013,30,32,0.01,"[2706.9942479289584, 0.31911563873291016]"
F122013,30,32,0.1,"[2707.118520944234, 2.927626371383667]"
F122013,30,32,0.2,"[2709.567311140813, 5.823854207992554]"
F122013,30,32,0.3,"[2708.1631391606484, 8.721323013305664]"
F122013,30,32,0.4,"[2710.0683325150976, 11.608593940734863]"
F122013,30,32,0.5,"[2707.6427088907967, 14.507207870483398]"
F122013,30,32,0.6,"[2710.366053177182, 17.4015154838562]"
F122013,30,32,0.7,"[2710.06575941733, 20.309086561203003]"
F122013,30,32,0.8,"[2707.33303128162, 23.20606756210327]"
F122013,30,32,0.9,"[2707.0725016435676, 26.105396509170532]"
F122013,30,32,1.0,"[2709.405133699634, 29.001139640808105]"
F122013,30,33,0.01,"[1802.9178272339989, 0.29332900047302246]"
F122013,30,33,0.1,"[1788.5081712687022, 2.9303910732269287]"
F122013,30,33,0.2,"[1788.5315454338718, 5.856320381164551]"
F122013,30,33,0.3,"[1788.5143959870768, 8.786285400390625]"
F122013,30,33,0.4,"[1791.1677467470488, 11.706147909164429]"
F122013,30,33,0.5,"[1792.4342663301657, 14.63143801689148]"
F122013,30,33,0.6,"[1790.2967975991692, 17.56070637702942]"
F122013,30,33,0.7,"[1789.1951510056879, 20.500959873199463]"
F122013,30,33,0.8,"[1788.901875518837, 23.435331106185913]"
F122013,30,33,0.9,"[1790.0409881750948, 26.373760223388672]"
F122013,30,33,1.0,"[1789.5559577418842, 29.308191537857056]"
F122013,30,34,0.01,"[2663.2383676593477, 0.3904097080230713]"
F122013,30,34,0.1,"[2665.036157003741, 3.0414247512817383]"
F122013,30,34,0.2,"[2667.2920910165903, 5.985990047454834]"
F122013,30,34,0.3,"[2663.396950561477, 8.929842233657837]"
F122013,30,34,0.4,"[2664.819034360632, 11.862213611602783]"
F122013,30,34,0.5,"[2663.648587989276, 14.800910472869873]"
F122013,30,34,0.6,"[2664.337610178567, 17.737000465393066]"
F122013,30,34,0.7,"[2663.6201425690683, 20.677879095077515]"
F122013,30,34,0.8,"[2664.086200049174, 23.614403009414673]"
F122013,30,34,0.9,"[2663.472553372629, 26.551870822906494]"
F122013,30,34,1.0,"[2664.570965141506, 29.487422704696655]"
F122013,30,35,0.01,"[2072.9869880523192, 0.41120028495788574]"
F122013,30,35,0.1,"[2075.4223786849107, 3.0371062755584717]"
F122013,30,35,0.2,"[2073.175798919649, 5.9506142139434814]"
F122013,30,35,0.3,"[2073.801241400325, 8.869731903076172]"
F122013,30,35,0.4,"[2078.5057568982306, 11.778011322021484]"
F122013,30,35,0.5,"[2073.0054454542314, 14.687318563461304]"
F122013,30,35,0.6,"[2073.16784115227, 17.599169492721558]"
F122013,30,35,0.7,"[2073.903091346608, 20.51432156562805]"
F122013,30,35,0.8,"[2078.2893057532224, 23.41879105567932]"
F122013,30,35,0.9,"[2073.8481176260575, 26.328592538833618]"
F122013,30,35,1.0,"[2077.8117411833946, 29.234941720962524]"
F122013,30,36,0.01,"[2212.657385939155, 0.2922506332397461]"
F122013,30,36,0.1,"[2214.214643753371, 2.92283034324646]"
F122013,30,36,0.2,"[2213.279334057292, 5.839921474456787]"
F122013,30,36,0.3,"[2212.741554741827, 8.76134204864502]"
F122013,30,36,0.4,"[2215.1144931676904, 11.671079397201538]"
F122013,30,36,0.5,"[2212.7866556031986, 14.580559253692627]"
F122013,30,36,0.6,"[2212.709263481921, 17.49239468574524]"
F122013,30,36,0.7,"[2212.7308421460025, 20.40972661972046]"
F122013,30,36,0.8,"[2216.343483920286, 23.315919399261475]"
F122013,30,36,0.9,"[2213.745125834764, 26.226781368255615]"
F122013,30,36,1.0,"[2213.9510719241734, 29.1339008808136]"
F122013,30,37,0.01,"[2781.6149573780212, 0.36621904373168945]"
F122013,30,37,0.1,"[2782.378177132699, 3.0013585090637207]"
F122013,30,37,0.2,"[2784.3430103000323, 5.928954362869263]"
F122013,30,37,0.3,"[2783.462920868642, 8.853968143463135]"
F122013,30,37,0.4,"[2781.8257012955733, 11.771328449249268]"
F122013,30,37,0.5,"[2783.4177430091313, 14.701622486114502]"
F122013,30,37,0.6,"[2781.763039220869, 17.626343488693237]"
F122013,30,37,0.7,"[2782.7716693337534, 20.564871072769165]"
F122013,30,37,0.8,"[2783.0097386182274, 23.496309757232666]"
F122013,30,37,0.9,"[2782.317684542496, 26.43118119239807]"
F122013,30,37,1.0,"[2784.6036101324275, 29.353251934051514]"
F122013,30,38,0.01,"[2880.1876251021486, 0.2951371669769287]"
F122013,30,38,0.1,"[2880.610345091943, 2.949359655380249]"
F122013,30,38,0.2,"[2882.7373284973364, 5.89638352394104]"
F122013,30,38,0.3,"[2880.3250549359336, 8.845536708831787]"
F122013,30,38,0.4,"[2881.638496774294, 11.791752576828003]"
F122013,30,38,0.5,"[2885.389200237495, 14.740859031677246]"
F122013,30,38,0.6,"[2881.2624549861903, 17.685386896133423]"
F122013,30,38,0.7,"[2881.1454323493836, 20.641210079193115]"
F122013,30,38,0.8,"[2881.632790133394, 23.596684217453003]"
F122013,30,38,0.9,"[2880.7742057524847, 26.547852754592896]"
F122013,30,38,1.0,"[2885.192576850855, 29.495371341705322]"
F122013,30,39,0.01,"[2565.3977999292238, 0.32245445251464844]"
F122013,30,39,0.1,"[2566.082301067792, 2.976670980453491]"
F122013,30,39,0.2,"[2566.8355003547717, 5.924563884735107]"
F122013,30,39,0.3,"[2566.650495969557, 8.878803253173828]"
F122013,30,39,0.4,"[2565.7865579930817, 11.83354902267456]"
F122013,30,39,0.5,"[2567.407783211639, 14.787982940673828]"
F122013,30,39,0.6,"[2565.850034269255, 17.738081693649292]"
F122013,30,39,0.7,"[2565.8297794854834, 20.703580617904663]"
F122013,30,39,0.8,"[2565.80057018321, 23.666534662246704]"
F122013,30,39,0.9,"[2565.4833100049923, 26.622420072555542]"
F122013,30,39,1.0,"[2565.642464622681, 29.577543020248413]"
F122013,30,40,0.01,"[2927.21116399099, 0.3362162113189697]"
F122013,30,40,0.1,"[2927.554786523548, 2.977165937423706]"
F122013,30,40,0.2,"[2926.169686339431, 5.909067392349243]"
F122013,30,40,0.3,"[2928.2802765099395, 8.865986824035645]"
F122013,30,40,0.4,"[2926.4332892633574, 11.792765617370605]"
F122013,30,40,0.5,"[2928.1447248280197, 14.727255582809448]"
F122013,30,40,0.6,"[2926.6370404125028, 17.656282424926758]"
F122013,30,40,0.7,"[2926.6180812817693, 20.60017204284668]"
F122013,30,40,0.8,"[2929.573823848698, 23.53020453453064]"
F122013,30,40,0.9,"[2927.6565856114944, 26.46986222267151]"
F122013,30,40,1.0,"[2926.1622202886624, 29.42177104949951]"
F122013,30,41,0.01,"[2357.8856999917466, 0.38542819023132324]"
F122013,30,41,0.1,"[2358.4587304093207, 3.017387628555298]"
F122013,30,41,0.2,"[2358.099019790173, 5.937376499176025]"
F122013,30,41,0.3,"[2359.1672604566315, 8.85730266571045]"
F122013,30,41,0.4,"[2358.534129242708, 11.765167474746704]"
F122013,30,41,0.5,"[2358.1220212103362, 14.682531356811523]"
F122013,30,41,0.6,"[2358.037382599998, 17.594709396362305]"
F122013,30,41,0.7,"[2360.879966460774, 20.52071785926819]"
F122013,30,41,0.8,"[2359.1389230538125, 23.436734914779663]"
F122013,30,41,0.9,"[2357.9263793042987, 26.35283398628235]"
F122013,30,41,1.0,"[2360.5035715685153, 29.263611555099487]"
F122013,30,42,0.01,"[2418.0590785464683, 0.419691801071167]"
F122013,30,42,0.1,"[2418.0721402329063, 3.0629234313964844]"
F122013,30,42,0.2,"[2426.962367494647, 5.997870683670044]"
F122013,30,42,0.3,"[2422.095542696037, 8.942739248275757]"
F122013,30,42,0.4,"[2419.8892018946185, 11.87079119682312]"
F122013,30,42,0.5,"[2420.1664264265396, 14.799497127532959]"
F122013,30,42,0.6,"[2417.483223841236, 17.729757070541382]"
F122013,30,42,0.7,"[2418.3347927760014, 20.66495633125305]"
F122013,30,42,0.8,"[2417.9329878748467, 23.591639041900635]"
F122013,30,42,0.9,"[2421.7329852469447, 26.520443201065063]"
F122013,30,42,1.0,"[2418.628728732921, 29.4448721408844]"
F122013,30,43,0.01,"[3632.6173995864983, 0.4017064571380615]"
F122013,30,43,0.1,"[3637.445652148089, 3.0497045516967773]"
F122013,30,43,0.2,"[3632.000925184536, 5.984046459197998]"
F122013,30,43,0.3,"[3633.9036184095153, 8.919902801513672]"
F122013,30,43,0.4,"[3637.2230409223016, 11.843288898468018]"
F122013,30,43,0.5,"[3632.6491385427566, 14.770462989807129]"
F122013,30,43,0.6,"[3632.1522495290183, 17.697078466415405]"
F122013,30,43,0.7,"[3632.1907127688933, 20.630051136016846]"
F122013,30,43,0.8,"[3638.6394518181924, 23.551021814346313]"
F122013,30,43,0.9,"[3632.2802448249067, 26.474560737609863]"
F122013,30,43,1.0,"[3632.3758627028174, 29.39822244644165]"
F122013,30,44,0.01,"[2192.6487790254646, 0.40511178970336914]"
F122013,30,44,0.1,"[2186.8072427028883, 3.049039602279663]"
F122013,30,44,0.2,"[2184.614901553902, 5.985905647277832]"
F122013,30,44,0.3,"[2183.7223503809414, 8.930947065353394]"
F122013,30,44,0.4,"[2187.8574028159783, 11.88026738166809]"
F122013,30,44,0.5,"[2185.860533340829, 14.842679977416992]"
F122013,30,44,0.6,"[2183.8399874899883, 17.795837879180908]"
F122013,30,44,0.7,"[2184.159345103117, 20.76536226272583]"
F122013,30,44,0.8,"[2184.0329572801206, 23.716705799102783]"
F122013,30,44,0.9,"[2184.6311765795767, 26.675507068634033]"
F122013,30,44,1.0,"[2184.4140831070686, 29.62807559967041]"
F122013,30,45,0.01,"[1543.268658989352, 0.305220365524292]"
F122013,30,45,0.1,"[1545.026231423914, 2.9670252799987793]"
F122013,30,45,0.2,"[1544.2360413010736, 5.924302101135254]"
F122013,30,45,0.3,"[1543.981953889082, 8.876798868179321]"
F122013,30,45,0.4,"[1545.4922678324108, 11.84836220741272]"
F122013,30,45,0.5,"[1545.9641354834325, 14.809502124786377]"
F122013,30,45,0.6,"[1543.4151988958477, 17.766419887542725]"
F122013,30,45,0.7,"[1543.968882187421, 20.732410192489624]"
F122013,30,45,0.8,"[1545.1016899550737, 23.69538974761963]"
F122013,30,45,0.9,"[1543.2183624053464, 26.670040130615234]"
F122013,30,45,1.0,"[1543.691652912877, 29.64221978187561]"
F122013,30,46,0.01,"[2540.939884080231, 0.34731507301330566]"
F122013,30,46,0.1,"[2546.0012431871387, 2.992365837097168]"
F122013,30,46,0.2,"[2541.1246401892713, 5.929685592651367]"
F122013,30,46,0.3,"[2541.462982316652, 8.884562492370605]"
F122013,30,46,0.4,"[2542.054283597208, 11.83101511001587]"
F122013,30,46,0.5,"[2544.5896440725633, 14.778461694717407]"
F122013,30,46,0.6,"[2540.993935082645, 17.724284887313843]"
F122013,30,46,0.7,"[2542.454111133172, 20.676625967025757]"
F122013,30,46,0.8,"[2544.7356796159534, 23.61944603919983]"
F122013,30,46,0.9,"[2542.674324733723, 26.565094709396362]"
F122013,30,46,1.0,"[2541.393046951253, 29.51006054878235]"
F122013,30,47,0.01,"[2917.867744860697, 0.33785557746887207]"
F122013,30,47,0.1,"[2917.996235571369, 3.00628662109375]"
F122013,30,47,0.2,"[2920.8686400274887, 5.971652507781982]"
F122013,30,47,0.3,"[2919.28190663145, 8.936891794204712]"
F122013,30,47,0.4,"[2922.507912059814, 11.891886711120605]"
F122013,30,47,0.5,"[2919.5872731488926, 14.857168674468994]"
F122013,30,47,0.6,"[2921.910790295963, 17.82125735282898]"
F122013,30,47,0.7,"[2919.454856905799, 20.7903048992157]"
F122013,30,47,0.8,"[2921.43376003846, 23.75419521331787]"
F122013,30,47,0.9,"[2921.6470914921265, 26.71966242790222]"
F122013,30,47,1.0,"[2918.4862192930054, 29.68383765220642]"
F122013,30,48,0.01,"[2044.0850637930942, 0.28873729705810547]"
F122013,30,48,0.1,"[2044.6278562194598, 2.865086555480957]"
F122013,30,48,0.2,"[2045.369439319984, 5.7280285358428955]"
F122013,30,48,0.3,"[2044.534757153945, 8.591004848480225]"
F122013,30,48,0.4,"[2045.6464315172568, 11.448901414871216]"
F122013,30,48,0.5,"[2046.4602487798493, 14.316694021224976]"
F122013,30,48,0.6,"[2045.0662657548946, 17.182682275772095]"
F122013,30,48,0.7,"[2044.1320598818259, 20.045690059661865]"
F122013,30,48,0.8,"[2046.2351411515886, 22.908256769180298]"
F122013,30,48,0.9,"[2044.1287980693057, 25.774280786514282]"
F122013,30,48,1.0,"[2046.2015089271358, 28.635738372802734]"
F122013,30,49,0.01,"[2581.225606498472, 0.2900514602661133]"
F122013,30,49,0.1,"[2581.8295743131557, 2.8913826942443848]"
F122013,30,49,0.2,"[2583.0489628029068, 5.777562379837036]"
F122013,30,49,0.3,"[2584.175889904024, 8.665062189102173]"
F122013,30,49,0.4,"[2583.041863745391, 11.557219743728638]"
F122013,30,49,0.5,"[2581.5210200684514, 14.459487915039062]"
F122013,30,49,0.6,"[2581.2287638695257, 17.347190141677856]"
F122013,30,49,0.7,"[2581.30623881437, 20.24517798423767]"
F122013,30,49,0.8,"[2582.791748746412, 23.138014316558838]"
F122013,30,49,0.9,"[2584.8861586612707, 26.037184953689575]"
F122013,30,49,1.0,"[2582.5880332851366, 28.92924189567566]"
F122013,30,50,0.01,"[2383.731424962982, 0.28980159759521484]"
F122013,30,50,0.1,"[2384.0347879932797, 2.884483575820923]"
F122013,30,50,0.2,"[2383.7916636594587, 5.869307041168213]"
F122013,30,50,0.3,"[2384.7493131767974, 9.06946063041687]"
F122013,30,50,0.4,"[2384.4661785265744, 12.245973348617554]"
F122013,30,50,0.5,"[2384.6825262266548, 15.482581377029419]"
F122013,30,50,0.6,"[2385.8542946503567, 18.67832922935486]"
F122013,30,50,0.7,"[2389.9839100099475, 21.87300181388855]"
F122013,30,50,0.8,"[2384.390320628769, 25.076656103134155]"
F122013,30,50,0.9,"[2385.8545515557976, 28.279086589813232]"
F122013,30,50,1.0,"[2384.016989556672, 31.205775260925293]"
F122013,50,0,0.01,"[3696.894887915498, 0.5713100433349609]"
F122013,50,0,0.1,"[3704.5138764640533, 5.687819719314575]"
F122013,50,0,0.2,"[3699.1300158516665, 11.374824047088623]"
F122013,50,0,0.3,"[3697.3130135967426, 17.05259871482849]"
F122013,50,0,0.4,"[3698.528511285665, 22.737321138381958]"
F122013,50,0,0.5,"[3704.5963990001933, 28.411656141281128]"
F122013,50,0,0.6,"[3697.6349582526573, 34.083242893218994]"
F122013,50,0,0.7,"[3697.192283076243, 39.75500822067261]"
F122013,50,0,0.8,"[3700.02477405144, 45.43906807899475]"
F122013,50,0,0.9,"[3701.670186729998, 51.10889196395874]"
F122013,50,0,1.0,"[3703.0359776143223, 56.779866218566895]"
F122013,50,1,0.01,"[2941.4282907635325, 0.5613665580749512]"
F122013,50,1,0.1,"[2944.2305154087044, 5.577651023864746]"
F122013,50,1,0.2,"[2941.8282713934773, 11.150847673416138]"
F122013,50,1,0.3,"[2944.1462265182686, 16.721559762954712]"
F122013,50,1,0.4,"[2953.537916353762, 22.315303087234497]"
F122013,50,1,0.5,"[2941.6428811273427, 27.89506506919861]"
F122013,50,1,0.6,"[2947.070517772867, 33.49694013595581]"
F122013,50,1,0.7,"[2940.8793843026097, 39.05583190917969]"
F122013,50,1,0.8,"[2941.6107138067546, 44.62819528579712]"
F122013,50,1,0.9,"[2941.4393109786547, 50.208312034606934]"
F122013,50,1,1.0,"[2940.940177366142, 55.81978797912598]"
F122013,50,2,0.01,"[3233.352769326118, 0.5689074993133545]"
F122013,50,2,0.1,"[3234.9393651239993, 5.691889762878418]"
F122013,50,2,0.2,"[3233.7646769462676, 11.360934019088745]"
F122013,50,2,0.3,"[3232.3861818591527, 17.020601987838745]"
F122013,50,2,0.4,"[3233.7488838078566, 22.699986696243286]"
F122013,50,2,0.5,"[3238.234614637309, 28.360777616500854]"
F122013,50,2,0.6,"[3233.9725342414467, 34.02191734313965]"
F122013,50,2,0.7,"[3232.5319371600594, 39.68343949317932]"
F122013,50,2,0.8,"[3232.419485765583, 45.34217429161072]"
F122013,50,2,0.9,"[3232.547030292605, 50.98536443710327]"
F122013,50,2,1.0,"[3233.955795673457, 56.63960385322571]"
F122013,50,3,0.01,"[3883.732354781453, 0.5694727897644043]"
F122013,50,3,0.1,"[3880.2796127389756, 5.670152425765991]"
F122013,50,3,0.2,"[3882.0668047623803, 11.336889505386353]"
F122013,50,3,0.3,"[3883.633027845136, 16.98986315727234]"
F122013,50,3,0.4,"[3881.0363012893654, 22.65464448928833]"
F122013,50,3,0.5,"[3880.068340907177, 28.30249810218811]"
F122013,50,3,0.6,"[3881.539456918881, 33.96077919006348]"
F122013,50,3,0.7,"[3880.004203654001, 39.62075757980347]"
F122013,50,3,0.8,"[3880.1830372232457, 45.28834009170532]"
F122013,50,3,0.9,"[3893.3707274941116, 50.941569089889526]"
F122013,50,3,1.0,"[3880.4700050251545, 56.594616413116455]"
F122013,50,4,0.01,"[3460.234901728272, 0.5675833225250244]"
F122013,50,4,0.1,"[3469.563462577139, 5.653862714767456]"
F122013,50,4,0.2,"[3461.6672805054523, 11.2980318069458]"
F122013,50,4,0.3,"[3463.2030466069673, 16.933431148529053]"
F122013,50,4,0.4,"[3462.359572997787, 22.582027196884155]"
F122013,50,4,0.5,"[3460.301778027853, 28.21108102798462]"
F122013,50,4,0.6,"[3460.906281906541, 33.84215569496155]"
F122013,50,4,0.7,"[3461.0119662862276, 39.488643169403076]"
F122013,50,4,0.8,"[3464.208712450243, 45.13572382926941]"
F122013,50,4,0.9,"[3472.0336373338446, 50.771209955215454]"
F122013,50,4,1.0,"[3463.137375792649, 56.407846450805664]"
F122013,50,5,0.01,"[4722.242131915722, 0.5670206546783447]"
F122013,50,5,0.1,"[4731.56623725376, 5.644865036010742]"
F122013,50,5,0.2,"[4722.421447982221, 11.279810428619385]"
F122013,50,5,0.3,"[4722.432683725535, 16.907885789871216]"
F122013,50,5,0.4,"[4726.478665909864, 22.547127723693848]"
F122013,50,5,0.5,"[4724.193964940737, 28.16817021369934]"
F122013,50,5,0.6,"[4723.255648353168, 33.78692030906677]"
F122013,50,5,0.7,"[4738.361805931709, 39.41986703872681]"
F122013,50,5,0.8,"[4723.093099931904, 45.060081481933594]"
F122013,50,5,0.9,"[4732.521163121055, 50.68670082092285]"
F122013,50,5,1.0,"[4724.819607945248, 56.31061553955078]"
F122013,50,6,0.01,"[4047.8110300506323, 0.5691335201263428]"
F122013,50,6,0.1,"[4036.092592893313, 5.66461181640625]"
F122013,50,6,0.2,"[4038.140620807875, 11.323937177658081]"
F122013,50,6,0.3,"[4036.911732680317, 16.973327159881592]"
F122013,50,6,0.4,"[4037.1728636433972, 22.640260934829712]"
F122013,50,6,0.5,"[4045.914256262867, 28.298523902893066]"
F122013,50,6,0.6,"[4036.4193740411297, 33.958075284957886]"
F122013,50,6,0.7,"[4038.5461297350853, 39.61371612548828]"
F122013,50,6,0.8,"[4039.0047112703555, 45.278088331222534]"
F122013,50,6,0.9,"[4036.495630454472, 50.93865084648132]"
F122013,50,6,1.0,"[4039.806185991974, 56.610010862350464]"
F122013,50,7,0.01,"[3864.166191998729, 0.5662298202514648]"
F122013,50,7,0.1,"[3866.027924797318, 5.639254570007324]"
F122013,50,7,0.2,"[3864.983389982336, 11.269556760787964]"
F122013,50,7,0.3,"[3864.545809761645, 16.886643886566162]"
F122013,50,7,0.4,"[3864.270649867662, 22.519760608673096]"
F122013,50,7,0.5,"[3864.9258780719238, 28.13385558128357]"
F122013,50,7,0.6,"[3865.4695778580417, 33.74899625778198]"
F122013,50,7,0.7,"[3864.7803776301253, 39.37312865257263]"
F122013,50,7,0.8,"[3864.7782446490965, 44.99933457374573]"
F122013,50,7,0.9,"[3864.566400520737, 50.61696434020996]"
F122013,50,7,1.0,"[3866.040658003621, 56.23442006111145]"
F122013,50,8,0.01,"[3195.509761786634, 0.5713815689086914]"
F122013,50,8,0.1,"[3197.820148099089, 5.675419092178345]"
F122013,50,8,0.2,"[3196.882247062679, 11.351028680801392]"
F122013,50,8,0.3,"[3195.2127402086876, 17.022397756576538]"
F122013,50,8,0.4,"[3195.185731221093, 22.69953417778015]"
F122013,50,8,0.5,"[3194.8507815538596, 28.354459524154663]"
F122013,50,8,0.6,"[3196.2068219632047, 34.02301597595215]"
F122013,50,8,0.7,"[3195.421089110822, 39.692195653915405]"
F122013,50,8,0.8,"[3196.134517404291, 45.36448335647583]"
F122013,50,8,0.9,"[3196.3241648225585, 51.0251784324646]"
F122013,50,8,1.0,"[3196.290968888497, 56.68410658836365]"
F122013,50,9,0.01,"[4813.119236221995, 0.5711085796356201]"
F122013,50,9,0.1,"[4814.461174751258, 5.6945555210113525]"
F122013,50,9,0.2,"[4813.889451265167, 11.3896324634552]"
F122013,50,9,0.3,"[4813.813180355745, 17.118870973587036]"
F122013,50,9,0.4,"[4814.599386100489, 22.830920457839966]"
F122013,50,9,0.5,"[4814.289938538647, 28.50321078300476]"
F122013,50,9,0.6,"[4813.9364163412565, 34.17669916152954]"
F122013,50,9,0.7,"[4814.995580868142, 39.87267088890076]"
F122013,50,9,0.8,"[4819.1456611559715, 45.572853088378906]"
F122013,50,9,0.9,"[4813.443187209831, 51.26679348945618]"
F122013,50,9,1.0,"[4813.418479191635, 56.95736312866211]"
F122013,50,10,0.01,"[2371.656995209525, 0.5638613700866699]"
F122013,50,10,0.1,"[2370.570518681481, 5.601270437240601]"
F122013,50,10,0.2,"[2370.1444437943546, 11.182931900024414]"
F122013,50,10,0.3,"[2370.3484245716727, 16.755136013031006]"
F122013,50,10,0.4,"[2370.949134861192, 22.346468925476074]"
F122013,50,10,0.5,"[2371.9620858951307, 27.91520929336548]"
F122013,50,10,0.6,"[2373.3567507273237, 33.48494839668274]"
F122013,50,10,0.7,"[2369.897310875119, 39.06183385848999]"
F122013,50,10,0.8,"[2370.10699858093, 44.64426231384277]"
F122013,50,10,0.9,"[2369.986797374643, 50.22418427467346]"
F122013,50,10,1.0,"[2370.7775407617396, 55.80269694328308]"
F122013,50,11,0.01,"[2412.871018035526, 0.5636436939239502]"
F122013,50,11,0.1,"[2406.3203789177137, 5.582926511764526]"
F122013,50,11,0.2,"[2420.3893556295543, 11.149560928344727]"
F122013,50,11,0.3,"[2408.275242047091, 16.70793843269348]"
F122013,50,11,0.4,"[2405.6483250838833, 22.281201601028442]"
F122013,50,11,0.5,"[2406.031925612579, 27.834096431732178]"
F122013,50,11,0.6,"[2405.9404847177525, 33.38842701911926]"
F122013,50,11,0.7,"[2406.447429910488, 38.95249056816101]"
F122013,50,11,0.8,"[2406.096728181874, 44.51973867416382]"
F122013,50,11,0.9,"[2405.652190804403, 50.0784969329834]"
F122013,50,11,1.0,"[2405.6453306195694, 55.63718128204346]"
F122013,50,12,0.01,"[2848.907374577042, 0.5653293132781982]"
F122013,50,12,0.1,"[2848.7605910201637, 5.606989622116089]"
F122013,50,12,0.2,"[2848.701467489194, 11.203410148620605]"
F122013,50,12,0.3,"[2848.8224298407854, 16.791011333465576]"
F122013,50,12,0.4,"[2848.972674287181, 22.399794340133667]"
F122013,50,12,0.5,"[2852.0698457709127, 27.983226537704468]"
F122013,50,12,0.6,"[2849.209926308201, 33.568257331848145]"
F122013,50,12,0.7,"[2849.3874911748035, 39.16029596328735]"
F122013,50,12,0.8,"[2849.1424744354845, 44.76180553436279]"
F122013,50,12,0.9,"[2848.3396682716716, 50.3571662902832]"
F122013,50,12,1.0,"[2848.4455550945695, 55.94954586029053]"
F122013,50,13,0.01,"[3805.7405370906113, 0.5678880214691162]"
F122013,50,13,0.1,"[3807.4485312993183, 5.659397125244141]"
F122013,50,13,0.2,"[3810.843841298131, 11.30289626121521]"
F122013,50,13,0.3,"[3806.375874578502, 16.93841004371643]"
F122013,50,13,0.4,"[3807.4628019640227, 22.58974266052246]"
F122013,50,13,0.5,"[3805.4790362709423, 28.220012187957764]"
F122013,50,13,0.6,"[3805.769764855178, 33.84971070289612]"
F122013,50,13,0.7,"[3806.08910116476, 39.493305921554565]"
F122013,50,13,0.8,"[3806.8599881713144, 45.148154497146606]"
F122013,50,13,0.9,"[3807.581647104846, 50.78777623176575]"
F122013,50,13,1.0,"[3808.1909176389704, 56.42521142959595]"
F122013,50,14,0.01,"[3946.5061124593926, 0.5675175189971924]"
F122013,50,14,0.1,"[3946.47002645519, 5.6458563804626465]"
F122013,50,14,0.2,"[3946.583327122132, 11.283209562301636]"
F122013,50,14,0.3,"[3949.1301466122336, 16.91671347618103]"
F122013,50,14,0.4,"[3948.224472696623, 22.55967140197754]"
F122013,50,14,0.5,"[3946.2651127597223, 28.182992935180664]"
F122013,50,14,0.6,"[3953.172714504294, 33.80722904205322]"
F122013,50,14,0.7,"[3947.2551621531866, 39.44491744041443]"
F122013,50,14,0.8,"[3947.2586723736513, 45.086294412612915]"
F122013,50,14,0.9,"[3947.387618492477, 50.717440366744995]"
F122013,50,14,1.0,"[3946.906597227202, 56.3484468460083]"
F122013,50,15,0.01,"[2740.451722237642, 0.5684773921966553]"
F122013,50,15,0.1,"[2739.812490529479, 5.672118902206421]"
F122013,50,15,0.2,"[2741.4074980116106, 11.35370421409607]"
F122013,50,15,0.3,"[2740.3568132401233, 17.031985759735107]"
F122013,50,15,0.4,"[2738.983135101053, 22.768938064575195]"
F122013,50,15,0.5,"[2745.4175494762394, 28.4545578956604]"
F122013,50,15,0.6,"[2741.0450347589435, 34.1740288734436]"
F122013,50,15,0.7,"[2738.9855303442637, 39.859323024749756]"
F122013,50,15,0.8,"[2739.1363531163456, 45.56486129760742]"
F122013,50,15,0.9,"[2743.0427779586553, 51.257359981536865]"
F122013,50,15,1.0,"[2740.2090564379787, 56.97926354408264]"
F122013,50,16,0.01,"[3879.396801070445, 0.567258358001709]"
F122013,50,16,0.1,"[3875.230035747606, 5.681052207946777]"
F122013,50,16,0.2,"[3875.2981807360993, 11.358853340148926]"
F122013,50,16,0.3,"[3875.470603889443, 17.04037642478943]"
F122013,50,16,0.4,"[3897.728248646934, 22.73107147216797]"
F122013,50,16,0.5,"[3875.4829972540097, 28.40462040901184]"
F122013,50,16,0.6,"[3884.1440280024426, 34.10640215873718]"
F122013,50,16,0.7,"[3879.224196813336, 39.771541357040405]"
F122013,50,16,0.8,"[3877.755085014453, 45.4460723400116]"
F122013,50,16,0.9,"[3875.0313550205074, 51.117626905441284]"
F122013,50,16,1.0,"[3875.008626114411, 56.80605149269104]"
F122013,50,17,0.01,"[2734.947636436314, 0.5627610683441162]"
F122013,50,17,0.1,"[2735.654595730009, 5.660623788833618]"
F122013,50,17,0.2,"[2735.3508457535518, 11.288716316223145]"
F122013,50,17,0.3,"[2735.2227328419276, 16.902889728546143]"
F122013,50,17,0.4,"[2736.1645311985094, 22.53931212425232]"
F122013,50,17,0.5,"[2735.004579678848, 28.156100511550903]"
F122013,50,17,0.6,"[2735.5817865770778, 33.78578495979309]"
F122013,50,17,0.7,"[2739.8408291359146, 39.382076263427734]"
F122013,50,17,0.8,"[2735.265303662716, 44.98432159423828]"
F122013,50,17,0.9,"[2736.6635426070975, 50.595306634902954]"
F122013,50,17,1.0,"[2735.2178829825752, 56.223283529281616]"
F122013,50,18,0.01,"[4108.436971250435, 0.565087080001831]"
F122013,50,18,0.1,"[4095.5695489529558, 5.792237043380737]"
F122013,50,18,0.2,"[4086.3706966139075, 11.418744087219238]"
F122013,50,18,0.3,"[4086.210818699712, 17.04695701599121]"
F122013,50,18,0.4,"[4086.093981708347, 22.688490390777588]"
F122013,50,18,0.5,"[4093.014236544748, 28.329395532608032]"
F122013,50,18,0.6,"[4087.502014753475, 33.976033449172974]"
F122013,50,18,0.7,"[4094.6548666352996, 39.59631657600403]"
F122013,50,18,0.8,"[4088.565808850607, 45.218406677246094]"
F122013,50,18,0.9,"[4096.454759220891, 50.83642888069153]"
F122013,50,18,1.0,"[4085.831885472738, 56.47733521461487]"
F122013,50,19,0.01,"[3444.054784982476, 0.5683913230895996]"
F122013,50,19,0.1,"[3447.160559868354, 5.627819061279297]"
F122013,50,19,0.2,"[3444.223647207374, 11.270014762878418]"
F122013,50,19,0.3,"[3442.253205620871, 16.89143681526184]"
F122013,50,19,0.4,"[3443.7201212964405, 22.54087209701538]"
F122013,50,19,0.5,"[3444.9515591635654, 28.174065828323364]"
F122013,50,19,0.6,"[3448.2257506442747, 33.81753611564636]"
F122013,50,19,0.7,"[3442.1952380078415, 39.44533634185791]"
F122013,50,19,0.8,"[3445.3667814571, 45.06831097602844]"
F122013,50,19,0.9,"[3444.291785175817, 50.699044942855835]"
F122013,50,19,1.0,"[3447.2239968646295, 56.3382933139801]"
F122013,50,20,0.01,"[3916.124496309932, 0.565300464630127]"
F122013,50,20,0.1,"[3918.8814032496052, 5.630805253982544]"
F122013,50,20,0.2,"[3916.062648376257, 11.258435249328613]"
F122013,50,20,0.3,"[3916.277784838187, 16.884544610977173]"
F122013,50,20,0.4,"[3916.886408561928, 22.53527855873108]"
F122013,50,20,0.5,"[3918.6775575174934, 28.190006732940674]"
F122013,50,20,0.6,"[3921.4195343075894, 33.8507297039032]"
F122013,50,20,0.7,"[3921.062226223718, 39.462583780288696]"
F122013,50,20,0.8,"[3917.187809865565, 45.08297657966614]"
F122013,50,20,0.9,"[3915.67357433013, 50.71141791343689]"
F122013,50,20,1.0,"[3918.5037674691025, 56.35614037513733]"
F122013,50,21,0.01,"[6049.952120489865, 0.5681259632110596]"
F122013,50,21,0.1,"[6047.501782673515, 5.6573896408081055]"
F122013,50,21,0.2,"[6047.811021316658, 11.322832584381104]"
F122013,50,21,0.3,"[6046.7282849603225, 16.972623825073242]"
F122013,50,21,0.4,"[6057.257561905142, 22.649803638458252]"
F122013,50,21,0.5,"[6055.975350740339, 28.3140926361084]"
F122013,50,21,0.6,"[6065.683103021472, 33.99723029136658]"
F122013,50,21,0.7,"[6051.46947776975, 39.6463041305542]"
F122013,50,21,0.8,"[6054.580282523925, 45.30282139778137]"
F122013,50,21,0.9,"[6048.656049583574, 50.96053147315979]"
F122013,50,21,1.0,"[6068.475026372735, 56.62946915626526]"
F122013,50,22,0.01,"[4129.6033257259605, 0.5645689964294434]"
F122013,50,22,0.1,"[4153.261029774753, 5.62684965133667]"
F122013,50,22,0.2,"[4130.909485217104, 11.270811080932617]"
F122013,50,22,0.3,"[4129.678703057423, 16.915778636932373]"
F122013,50,22,0.4,"[4129.720772520799, 22.583613634109497]"
F122013,50,22,0.5,"[4132.245916816984, 28.236469984054565]"
F122013,50,22,0.6,"[4130.0081719937, 33.90211224555969]"
F122013,50,22,0.7,"[4139.321491783582, 39.531235694885254]"
F122013,50,22,0.8,"[4129.900573821514, 45.16960787773132]"
F122013,50,22,0.9,"[4131.921465432918, 50.817793130874634]"
F122013,50,22,1.0,"[4129.959940639896, 56.47938895225525]"
F122013,50,23,0.01,"[4128.823095880786, 0.5733861923217773]"
F122013,50,23,0.1,"[4130.713931766916, 5.643695831298828]"
F122013,50,23,0.2,"[4129.31595737361, 11.25607180595398]"
F122013,50,23,0.3,"[4132.913246041791, 16.869608163833618]"
F122013,50,23,0.4,"[4128.8946997649755, 22.49888277053833]"
F122013,50,23,0.5,"[4128.753025390942, 28.119162797927856]"
F122013,50,23,0.6,"[4128.774244569487, 33.739620208740234]"
F122013,50,23,0.7,"[4128.915688992369, 39.35585594177246]"
F122013,50,23,0.8,"[4129.196982913136, 44.988314628601074]"
F122013,50,23,0.9,"[4128.656558037689, 50.60075044631958]"
F122013,50,23,1.0,"[4129.130510942147, 56.210357427597046]"
F122013,50,24,0.01,"[2220.74997567803, 0.5682508945465088]"
F122013,50,24,0.1,"[2224.5614897127593, 5.636934995651245]"
F122013,50,24,0.2,"[2220.6039859218135, 11.265176773071289]"
F122013,50,24,0.3,"[2220.7764572833275, 16.893129587173462]"
F122013,50,24,0.4,"[2222.319432644898, 22.534194946289062]"
F122013,50,24,0.5,"[2220.6030531198517, 28.14147186279297]"
F122013,50,24,0.6,"[2220.8055707760377, 33.75906944274902]"
F122013,50,24,0.7,"[2222.359691086429, 39.38889265060425]"
F122013,50,24,0.8,"[2223.4312828763914, 45.0172438621521]"
F122013,50,24,0.9,"[2220.743894687508, 50.64607310295105]"
F122013,50,24,1.0,"[2220.906335796501, 56.27529287338257]"
F122013,50,25,0.01,"[3288.7830461129183, 0.5724201202392578]"
F122013,50,25,0.1,"[3288.6499080854974, 5.693316698074341]"
F122013,50,25,0.2,"[3288.243695829126, 11.38608717918396]"
F122013,50,25,0.3,"[3289.6626863236606, 17.068705081939697]"
F122013,50,25,0.4,"[3302.086587068089, 22.756720066070557]"
F122013,50,25,0.5,"[3289.657202501254, 28.42747139930725]"
F122013,50,25,0.6,"[3293.724877333371, 34.111502170562744]"
F122013,50,25,0.7,"[3288.2885536624017, 39.79485893249512]"
F122013,50,25,0.8,"[3292.2109033447373, 45.48254084587097]"
F122013,50,25,0.9,"[3288.1314594864616, 51.158188343048096]"
F122013,50,25,1.0,"[3288.422935156113, 56.827481746673584]"
F122013,50,26,0.01,"[3577.9756220668733, 0.5696954727172852]"
F122013,50,26,0.1,"[3577.9463714022263, 5.674992561340332]"
F122013,50,26,0.2,"[3586.8266913223647, 11.344130992889404]"
F122013,50,26,0.3,"[3590.5628190843063, 17.01039981842041]"
F122013,50,26,0.4,"[3578.541932890835, 22.681440830230713]"
F122013,50,26,0.5,"[3577.9750486841026, 28.32864236831665]"
F122013,50,26,0.6,"[3588.9010496404685, 33.99815320968628]"
F122013,50,26,0.7,"[3578.4917024923866, 39.665496587753296]"
F122013,50,26,0.8,"[3578.388434811841, 45.34101319313049]"
F122013,50,26,0.9,"[3583.843407239834, 50.99245762825012]"
F122013,50,26,1.0,"[3578.889404961936, 56.64799118041992]"
F122013,50,27,0.01,"[3431.9798973098505, 0.6386523246765137]"
F122013,50,27,0.1,"[3430.489241226061, 6.339623928070068]"
F122013,50,27,0.2,"[3431.2382050514516, 12.694279909133911]"
F122013,50,27,0.3,"[3433.3332553815335, 19.045385122299194]"
F122013,50,27,0.4,"[3430.3490193733496, 25.41472887992859]"
F122013,50,27,0.5,"[3430.948477738059, 31.76074242591858]"
F122013,50,27,0.6,"[3431.922232837206, 38.10750770568848]"
F122013,50,27,0.7,"[3432.679861590512, 44.47012424468994]"
F122013,50,27,0.8,"[3430.6349641894917, 50.850040674209595]"
F122013,50,27,0.9,"[3431.774559327769, 57.135985374450684]"
F122013,50,27,1.0,"[3430.3587528572903, 63.473013162612915]"
F122013,50,28,0.01,"[3328.251780899844, 0.5795426368713379]"
F122013,50,28,0.1,"[3329.587085101901, 5.652743577957153]"
F122013,50,28,0.2,"[3326.937582530307, 11.285939931869507]"
F122013,50,28,0.3,"[3328.1582439318336, 16.910632371902466]"
F122013,50,28,0.4,"[3326.9876325794817, 22.546776294708252]"
F122013,50,28,0.5,"[3327.5583036965068, 28.162601709365845]"
F122013,50,28,0.6,"[3329.488022913715, 33.776437520980835]"
F122013,50,28,0.7,"[3333.9339085771994, 39.39926528930664]"
F122013,50,28,0.8,"[3327.249668939609, 45.02550530433655]"
F122013,50,28,0.9,"[3330.0061059428463, 50.656219720840454]"
F122013,50,28,1.0,"[3328.4997372942457, 56.27556395530701]"
F122013,50,29,0.01,"[3447.103605291267, 0.5756242275238037]"
F122013,50,29,0.1,"[3447.3238572248893, 5.640379190444946]"
F122013,50,29,0.2,"[3449.5216513108508, 11.26865816116333]"
F122013,50,29,0.3,"[3452.0036731439045, 16.905486822128296]"
F122013,50,29,0.4,"[3447.487438563046, 22.556018590927124]"
F122013,50,29,0.5,"[3449.294108580465, 28.19349217414856]"
F122013,50,29,0.6,"[3448.2076423441354, 33.835479736328125]"
F122013,50,29,0.7,"[3447.54422220617, 39.4551305770874]"
F122013,50,29,0.8,"[3453.7240780655566, 45.088236570358276]"
F122013,50,29,0.9,"[3447.6527364595627, 50.71559810638428]"
F122013,50,29,1.0,"[3448.350313721591, 56.35077691078186]"
F122013,50,30,0.01,"[4179.709327215833, 0.5657329559326172]"
F122013,50,30,0.1,"[4180.932678577067, 5.642752408981323]"
F122013,50,30,0.2,"[4182.404992563472, 11.28347659111023]"
F122013,50,30,0.3,"[4183.13316371488, 16.93294095993042]"
F122013,50,30,0.4,"[4181.316863376309, 22.594530820846558]"
F122013,50,30,0.5,"[4182.6807193569275, 28.238805532455444]"
F122013,50,30,0.6,"[4180.798844502073, 33.89082455635071]"
F122013,50,30,0.7,"[4181.11239726695, 39.52161002159119]"
F122013,50,30,0.8,"[4182.787417921336, 45.16416954994202]"
F122013,50,30,0.9,"[4184.788479946629, 50.79764366149902]"
F122013,50,30,1.0,"[4181.829307739189, 56.43843603134155]"
F122013,50,31,0.01,"[2660.568899123667, 0.5684878826141357]"
F122013,50,31,0.1,"[2650.2224028753826, 5.717461585998535]"
F122013,50,31,0.2,"[2650.541414734698, 11.367194175720215]"
F122013,50,31,0.3,"[2651.6281111977264, 17.008592128753662]"
F122013,50,31,0.4,"[2657.6230168275847, 22.662273406982422]"
F122013,50,31,0.5,"[2662.4291883815285, 28.296638011932373]"
F122013,50,31,0.6,"[2649.637097615341, 33.944833755493164]"
F122013,50,31,0.7,"[2652.9710567484403, 39.58207178115845]"
F122013,50,31,0.8,"[2656.9892290453568, 45.22751331329346]"
F122013,50,31,0.9,"[2649.4685415116505, 50.87529397010803]"
F122013,50,31,1.0,"[2649.84978493541, 56.54492163658142]"
F122013,50,32,0.01,"[3912.8756842291823, 0.5787835121154785]"
F122013,50,32,0.1,"[3907.6133664466456, 5.699484825134277]"
F122013,50,32,0.2,"[3908.4290437300956, 11.3888521194458]"
F122013,50,32,0.3,"[3907.8245649303644, 17.088181495666504]"
F122013,50,32,0.4,"[3905.6663264959643, 22.776514530181885]"
F122013,50,32,0.5,"[3921.1867775199635, 28.445160627365112]"
F122013,50,32,0.6,"[3906.34277032989, 34.12625002861023]"
F122013,50,32,0.7,"[3911.869922725322, 39.812490940093994]"
F122013,50,32,0.8,"[3907.2366319340317, 45.50032424926758]"
F122013,50,32,0.9,"[3919.6393550175794, 51.17688775062561]"
F122013,50,32,1.0,"[3908.9522429385543, 56.85603141784668]"
F122013,50,33,0.01,"[3069.8635253743832, 0.5803267955780029]"
F122013,50,33,0.1,"[3066.7477658196203, 5.669417142868042]"
F122013,50,33,0.2,"[3062.051841385864, 11.319798469543457]"
F122013,50,33,0.3,"[3062.1867715749804, 16.963454246520996]"
F122013,50,33,0.4,"[3061.659227459198, 22.621983766555786]"
F122013,50,33,0.5,"[3061.8590148931476, 28.25619125366211]"
F122013,50,33,0.6,"[3062.9303071064737, 33.89178681373596]"
F122013,50,33,0.7,"[3063.445677316557, 39.53774952888489]"
F122013,50,33,0.8,"[3063.2601561764664, 45.18605947494507]"
F122013,50,33,0.9,"[3062.204311693517, 50.826241970062256]"
F122013,50,33,1.0,"[3061.5486568054303, 56.46660757064819]"
F122013,50,34,0.01,"[1778.2147356601706, 0.5664856433868408]"
F122013,50,34,0.1,"[1777.0268830336227, 5.635648250579834]"
F122013,50,34,0.2,"[1779.4341228735975, 11.258089303970337]"
F122013,50,34,0.3,"[1776.0355382987532, 16.870787858963013]"
F122013,50,34,0.4,"[1777.4730293124112, 22.500151872634888]"
F122013,50,34,0.5,"[1779.6995759946562, 28.1081383228302]"
F122013,50,34,0.6,"[1777.012055831836, 33.71662902832031]"
F122013,50,34,0.7,"[1780.9614587511935, 39.335352659225464]"
F122013,50,34,0.8,"[1776.488240608317, 44.950828075408936]"
F122013,50,34,0.9,"[1775.9892418771549, 50.55765247344971]"
F122013,50,34,1.0,"[1777.2489090695558, 56.18223595619202]"
F122013,50,35,0.01,"[5133.3972853394935, 0.5774960517883301]"
F122013,50,35,0.1,"[5133.941481778145, 5.68883490562439]"
F122013,50,35,0.2,"[5136.782312877459, 11.368281126022339]"
F122013,50,35,0.3,"[5138.224352968339, 17.041536569595337]"
F122013,50,35,0.4,"[5136.220140264925, 22.728392839431763]"
F122013,50,35,0.5,"[5158.724810241907, 28.401533603668213]"
F122013,50,35,0.6,"[5133.855399097116, 34.07493877410889]"
F122013,50,35,0.7,"[5136.810402725887, 39.75068473815918]"
F122013,50,35,0.8,"[5136.475232800822, 45.43277835845947]"
F122013,50,35,0.9,"[5140.295015133417, 51.11376762390137]"
F122013,50,35,1.0,"[5134.551147639943, 56.80084252357483]"
F122013,50,36,0.01,"[2072.5207964232773, 0.5805811882019043]"
F122013,50,36,0.1,"[2073.1549857476416, 5.701470375061035]"
F122013,50,36,0.2,"[2072.6070196573514, 11.39156699180603]"
F122013,50,36,0.3,"[2073.400951782962, 17.07449197769165]"
F122013,50,36,0.4,"[2081.168009546253, 22.7753849029541]"
F122013,50,36,0.5,"[2072.5813295335656, 28.463162183761597]"
F122013,50,36,0.6,"[2074.4445957152393, 34.14642286300659]"
F122013,50,36,0.7,"[2072.7154532045306, 39.82533669471741]"
F122013,50,36,0.8,"[2073.239168524815, 45.50994062423706]"
F122013,50,36,0.9,"[2072.6822451386606, 51.1879186630249]"
F122013,50,36,1.0,"[2072.4406546562273, 56.87733459472656]"
F122013,50,37,0.01,"[4227.245714469658, 0.5695853233337402]"
F122013,50,37,0.1,"[4228.63649193249, 5.645469665527344]"
F122013,50,37,0.2,"[4231.363389419462, 11.273128747940063]"
F122013,50,37,0.3,"[4227.258008476167, 16.901719331741333]"
F122013,50,37,0.4,"[4227.371450444787, 22.5453941822052]"
F122013,50,37,0.5,"[4230.111646841082, 28.17007803916931]"
F122013,50,37,0.6,"[4228.04864805176, 33.800459146499634]"
F122013,50,37,0.7,"[4249.907465881441, 39.42467427253723]"
F122013,50,37,0.8,"[4231.123163474352, 45.06277012825012]"
F122013,50,37,0.9,"[4230.884013117623, 50.69069814682007]"
F122013,50,37,1.0,"[4229.367820743787, 56.31345558166504]"
F122013,50,38,0.01,"[2648.640336254365, 0.5713257789611816]"
F122013,50,38,0.1,"[2654.0325478742184, 5.669947147369385]"
F122013,50,38,0.2,"[2649.651000053378, 11.35153865814209]"
F122013,50,38,0.3,"[2649.9982221358778, 17.004810094833374]"
F122013,50,38,0.4,"[2649.633043730693, 22.703963041305542]"
F122013,50,38,0.5,"[2650.8169469876234, 28.386622667312622]"
F122013,50,38,0.6,"[2649.316766691169, 34.06142067909241]"
F122013,50,38,0.7,"[2649.5160779498933, 39.70993685722351]"
F122013,50,38,0.8,"[2649.857354654177, 45.369418144226074]"
F122013,50,38,0.9,"[2651.870654018997, 51.012306928634644]"
F122013,50,38,1.0,"[2648.500126355409, 56.65858459472656]"
F122013,50,39,0.01,"[3691.878134637866, 0.5891473293304443]"
F122013,50,39,0.1,"[3703.4793953837784, 5.704777956008911]"
F122013,50,39,0.2,"[3703.8937949468454, 11.37858533859253]"
F122013,50,39,0.3,"[3698.8419586619148, 17.041913986206055]"
F122013,50,39,0.4,"[3690.9472480465656, 22.709844827651978]"
F122013,50,39,0.5,"[3693.2916869281544, 28.355873584747314]"
F122013,50,39,0.6,"[3692.8452824629385, 34.0120267868042]"
F122013,50,39,0.7,"[3690.9999169745893, 39.686856508255005]"
F122013,50,39,0.8,"[3695.8649428860485, 45.363762855529785]"
F122013,50,39,0.9,"[3692.9064051369783, 51.025148153305054]"
F122013,50,39,1.0,"[3694.428846068785, 56.68485951423645]"
F122013,50,40,0.01,"[3545.966440052265, 0.5714786052703857]"
F122013,50,40,0.1,"[3546.979028568727, 5.666195631027222]"
F122013,50,40,0.2,"[3546.4872570109083, 11.3077073097229]"
F122013,50,40,0.3,"[3546.07034089252, 16.94191002845764]"
F122013,50,40,0.4,"[3546.843802518689, 22.591131448745728]"
F122013,50,40,0.5,"[3546.4803320728192, 28.22066068649292]"
F122013,50,40,0.6,"[3549.0075773592116, 33.85285019874573]"
F122013,50,40,0.7,"[3546.989588903029, 39.495012044906616]"
F122013,50,40,0.8,"[3547.062949656446, 45.14159321784973]"
F122013,50,40,0.9,"[3546.8595722771665, 50.775452852249146]"
F122013,50,40,1.0,"[3546.2586386841363, 56.41111516952515]"
F122013,50,41,0.01,"[3594.2325607789544, 0.5736994743347168]"
F122013,50,41,0.1,"[3595.3750349901957, 5.687528371810913]"
F122013,50,41,0.2,"[3594.284365562783, 11.347411632537842]"
F122013,50,41,0.3,"[3596.816306939462, 17.003534078598022]"
F122013,50,41,0.4,"[3597.208922490212, 22.678349256515503]"
F122013,50,41,0.5,"[3594.9276456261114, 28.342661142349243]"
F122013,50,41,0.6,"[3594.3327916047756, 34.008504152297974]"
F122013,50,41,0.7,"[3595.308382574251, 39.66687512397766]"
F122013,50,41,0.8,"[3594.172254983138, 45.33222270011902]"
F122013,50,41,0.9,"[3595.8653332839385, 50.99127912521362]"
F122013,50,41,1.0,"[3594.902389147521, 56.653865814208984]"
F122013,50,42,0.01,"[3558.4141179347216, 0.571948766708374]"
F122013,50,42,0.1,"[3558.2186648531806, 5.670820713043213]"
F122013,50,42,0.2,"[3559.3830674172127, 11.324190616607666]"
F122013,50,42,0.3,"[3559.0389747511613, 16.975355863571167]"
F122013,50,42,0.4,"[3557.791235263869, 22.644166707992554]"
F122013,50,42,0.5,"[3559.22182934166, 28.291965007781982]"
F122013,50,42,0.6,"[3557.927082590062, 33.9443883895874]"
F122013,50,42,0.7,"[3559.3138186507986, 39.58949303627014]"
F122013,50,42,0.8,"[3560.2782830629144, 45.25481581687927]"
F122013,50,42,0.9,"[3564.157660477454, 50.89847421646118]"
F122013,50,42,1.0,"[3558.6396851019886, 56.539714336395264]"
F122013,50,43,0.01,"[3809.5695736886023, 0.5680830478668213]"
F122013,50,43,0.1,"[3813.3105033179395, 5.641862154006958]"
F122013,50,43,0.2,"[3814.3664801092877, 11.271438360214233]"
F122013,50,43,0.3,"[3810.013352747627, 16.901164054870605]"
F122013,50,43,0.4,"[3811.512364357358, 22.547037363052368]"
F122013,50,43,0.5,"[3809.5014384891274, 28.170069694519043]"
F122013,50,43,0.6,"[3809.3993588022818, 33.79380679130554]"
F122013,50,43,0.7,"[3817.75231903766, 39.41666078567505]"
F122013,50,43,0.8,"[3813.8026395698635, 45.053415060043335]"
F122013,50,43,0.9,"[3810.9615229440406, 50.6765456199646]"
F122013,50,43,1.0,"[3810.946242067897, 56.31006693840027]"
F122013,50,44,0.01,"[2530.6517616841465, 0.5778090953826904]"
F122013,50,44,0.1,"[2530.6438444918567, 5.664273977279663]"
F122013,50,44,0.2,"[2530.2163456548237, 11.308152675628662]"
F122013,50,44,0.3,"[2544.061758135474, 16.934420108795166]"
F122013,50,44,0.4,"[2532.12287176265, 22.570127248764038]"
F122013,50,44,0.5,"[2533.0851794416235, 28.194480895996094]"
F122013,50,44,0.6,"[2530.1016233882397, 33.8211944103241]"
F122013,50,44,0.7,"[2532.3528087025807, 39.44882822036743]"
F122013,50,44,0.8,"[2530.0898392373115, 45.08543062210083]"
F122013,50,44,0.9,"[2530.180605842819, 50.711581230163574]"
F122013,50,44,1.0,"[2534.0286836953405, 56.34055781364441]"
F122013,50,45,0.01,"[3362.603309746392, 0.5740065574645996]"
F122013,50,45,0.1,"[3367.3950374745327, 5.684377431869507]"
F122013,50,45,0.2,"[3371.1514995352777, 11.359429121017456]"
F122013,50,45,0.3,"[3364.4902254963854, 17.014070749282837]"
F122013,50,45,0.4,"[3373.097457596814, 22.676631450653076]"
F122013,50,45,0.5,"[3365.429307390955, 28.324799060821533]"
F122013,50,45,0.6,"[3369.880155087335, 33.97751522064209]"
F122013,50,45,0.7,"[3370.491075788018, 39.63618087768555]"
F122013,50,45,0.8,"[3366.432891075483, 45.30370759963989]"
F122013,50,45,0.9,"[3365.1326467027534, 50.95469307899475]"
F122013,50,45,1.0,"[3364.2861922764864, 56.612451791763306]"
F122013,50,46,0.01,"[3015.624521483261, 0.5704174041748047]"
F122013,50,46,0.1,"[3018.022229362531, 5.665578603744507]"
F122013,50,46,0.2,"[3016.1095772814942, 11.315258502960205]"
F122013,50,46,0.3,"[3016.0986642808693, 16.95727229118347]"
F122013,50,46,0.4,"[3032.473734163959, 22.61530351638794]"
F122013,50,46,0.5,"[3016.1723513737734, 28.243961334228516]"
F122013,50,46,0.6,"[3018.8266121447623, 33.87288165092468]"
F122013,50,46,0.7,"[3016.987460209381, 39.511539697647095]"
F122013,50,46,0.8,"[3020.937253359806, 45.15887689590454]"
F122013,50,46,0.9,"[3018.849930183356, 50.795188426971436]"
F122013,50,46,1.0,"[3017.313103645397, 56.435229778289795]"
F122013,50,47,0.01,"[3136.8494953281006, 0.577763557434082]"
F122013,50,47,0.1,"[3136.884371950461, 5.718985080718994]"
F122013,50,47,0.2,"[3138.517142378753, 11.424772024154663]"
F122013,50,47,0.3,"[3136.90832245813, 17.119271516799927]"
F122013,50,47,0.4,"[3136.7971563871247, 22.825066566467285]"
F122013,50,47,0.5,"[3138.475844283685, 28.506450414657593]"
F122013,50,47,0.6,"[3137.0239276611833, 34.18915247917175]"
F122013,50,47,0.7,"[3137.87643327021, 39.88191866874695]"
F122013,50,47,0.8,"[3137.027726264965, 45.58340001106262]"
F122013,50,47,0.9,"[3139.756778098156, 51.280681133270264]"
F122013,50,47,1.0,"[3138.6524580846426, 56.97973418235779]"
F122013,50,48,0.01,"[4092.873500888641, 0.5581197738647461]"
F122013,50,48,0.1,"[4089.017449864329, 5.52722692489624]"
F122013,50,48,0.2,"[4088.054114069512, 11.06673288345337]"
F122013,50,48,0.3,"[4094.31192780706, 16.587499141693115]"
F122013,50,48,0.4,"[4088.9690399223355, 22.124900817871094]"
F122013,50,48,0.5,"[4092.312678135387, 27.648760080337524]"
F122013,50,48,0.6,"[4091.1353536444435, 33.18031191825867]"
F122013,50,48,0.7,"[4091.6684150421947, 38.70715093612671]"
F122013,50,48,0.8,"[4088.5318824813257, 44.24662661552429]"
F122013,50,48,0.9,"[4090.411400171976, 49.76915407180786]"
F122013,50,48,1.0,"[4090.8219556058266, 55.31040167808533]"
F122013,50,49,0.01,"[4158.54497534845, 0.5600342750549316]"
F122013,50,49,0.1,"[4159.6873051707935, 5.5254411697387695]"
F122013,50,49,0.2,"[4160.595745500586, 11.0558500289917]"
F122013,50,49,0.3,"[4159.3325099692265, 16.57874870300293]"
F122013,50,49,0.4,"[4158.681313538385, 22.11626124382019]"
F122013,50,49,0.5,"[4159.17433714055, 27.646912574768066]"
F122013,50,49,0.6,"[4158.937062412768, 33.19463062286377]"
F122013,50,49,0.7,"[4162.020145731068, 38.72816348075867]"
F122013,50,49,0.8,"[4160.144456379781, 44.267534017562866]"
F122013,50,49,0.9,"[4159.943416346576, 49.81194829940796]"
F122013,50,49,1.0,"[4158.9667264123, 55.35831689834595]"
F122013,50,50,0.01,"[2766.9306280521005, 0.5653610229492188]"
F122013,50,50,0.1,"[2768.912851988215, 5.582526683807373]"
F122013,50,50,0.2,"[2768.467746184814, 11.513851881027222]"
F122013,50,50,0.3,"[2767.2715313858716, 17.63982605934143]"
F122013,50,50,0.4,"[2768.452260279444, 23.79698133468628]"
F122013,50,50,0.5,"[2772.8229326068595, 29.915897846221924]"
F122013,50,50,0.6,"[2769.225313686537, 36.03965377807617]"
F122013,50,50,0.7,"[2767.1557207858596, 42.1212043762207]"
F122013,50,50,0.8,"[2767.247938298236, 48.237008571624756]"
F122013,50,50,0.9,"[2767.072019318658, 54.345584869384766]"
F122013,50,50,1.0,"[2767.7726551025444, 60.0411159992218]"
