function,dimension,run,checkpoint,error
F262013,10,0,0.01,"[343.1797625195893, 0.735417366027832]"
F262013,10,0,0.1,"[415.3126289964646, 7.534099102020264]"
F262013,10,0,0.2,"[332.5184004804205, 14.833715200424194]"
F262013,10,0,0.3,"[379.86626190992365, 22.134870529174805]"
F262013,10,0,0.4,"[364.27180511968686, 29.43491506576538]"
F262013,10,0,0.5,"[353.27476073452135, 36.723676919937134]"
F262013,10,0,0.6,"[355.489031197686, 44.005340337753296]"
F262013,10,0,0.7,"[357.4379259328134, 51.310117959976196]"
F262013,10,0,0.8,"[342.44536158334176, 58.610278606414795]"
F262013,10,0,0.9,"[375.16575796461257, 65.89332294464111]"
F262013,10,0,1.0,"[564.7184001168757, 73.18743872642517]"
F262013,10,1,0.01,"[576.3653847271744, 0.735771894454956]"
F262013,10,1,0.1,"[571.4397154612411, 7.285282611846924]"
F262013,10,1,0.2,"[507.295998598589, 14.552766799926758]"
F262013,10,1,0.3,"[398.6370863214431, 21.823354244232178]"
F262013,10,1,0.4,"[418.8972745311801, 29.097153902053833]"
F262013,10,1,0.5,"[393.8112751260412, 36.36293053627014]"
F262013,10,1,0.6,"[687.0375064063064, 43.63069033622742]"
F262013,10,1,0.7,"[500.85299741414565, 50.90904521942139]"
F262013,10,1,0.8,"[429.38680976475075, 58.17578601837158]"
F262013,10,1,0.9,"[387.6405684420565, 65.43654894828796]"
F262013,10,1,1.0,"[386.13918189430797, 72.713547706604]"
F262013,10,2,0.01,"[208.56769271471308, 0.7489316463470459]"
F262013,10,2,0.1,"[200.0480170253743, 7.348827123641968]"
F262013,10,2,0.2,"[200.00458386465516, 14.672790288925171]"
F262013,10,2,0.3,"[200.00427573405022, 21.999674320220947]"
F262013,10,2,0.4,"[200.00289409020297, 29.334142446517944]"
F262013,10,2,0.5,"[200.00262683450728, 36.65669012069702]"
F262013,10,2,0.6,"[200.01393661664656, 43.97843360900879]"
F262013,10,2,0.7,"[200.0022538836172, 51.31097149848938]"
F262013,10,2,0.8,"[200.00211224192458, 58.63294839859009]"
F262013,10,2,0.9,"[200.0043772882775, 65.95378088951111]"
F262013,10,2,1.0,"[200.06617688610686, 73.27944827079773]"
F262013,10,3,0.01,"[219.98168359840383, 0.7412405014038086]"
F262013,10,3,0.1,"[200.17065950694996, 7.350068807601929]"
F262013,10,3,0.2,"[200.22969849734955, 14.687968969345093]"
F262013,10,3,0.3,"[200.00620804566643, 22.024147748947144]"
F262013,10,3,0.4,"[200.00311168875442, 29.366204023361206]"
F262013,10,3,0.5,"[200.0033075910701, 36.696227073669434]"
F262013,10,3,0.6,"[200.0161042910845, 44.02760076522827]"
F262013,10,3,0.7,"[200.00655977462134, 51.36452388763428]"
F262013,10,3,0.8,"[200.00183416945129, 58.69281983375549]"
F262013,10,3,0.9,"[200.00347097366466, 66.02001714706421]"
F262013,10,3,1.0,"[200.00145721978856, 73.35431385040283]"
F262013,10,4,0.01,"[439.3000146961424, 0.7373843193054199]"
F262013,10,4,0.1,"[439.3674267080801, 7.315678358078003]"
F262013,10,4,0.2,"[439.32690090478695, 15.727725505828857]"
F262013,10,4,0.3,"[439.31471436806487, 24.167439460754395]"
F262013,10,4,0.4,"[439.55195851758276, 32.59899020195007]"
F262013,10,4,0.5,"[439.3172214133017, 41.008877754211426]"
F262013,10,4,0.6,"[439.7616306900161, 49.42305827140808]"
F262013,10,4,0.7,"[441.17553974790485, 57.86190986633301]"
F262013,10,4,0.8,"[439.3208199297778, 66.27525472640991]"
F262013,10,4,0.9,"[439.36563050186646, 74.47020888328552]"
F262013,10,4,1.0,"[439.3391373577633, 81.78820133209229]"
F262013,10,5,0.01,"[184.57152262992213, 0.7968337535858154]"
F262013,10,5,0.1,"[184.670023406243, 7.355965852737427]"
F262013,10,5,0.2,"[184.59644367357805, 14.634955406188965]"
F262013,10,5,0.3,"[184.57518575279846, 21.922184705734253]"
F262013,10,5,0.4,"[184.71435182642153, 29.21138048171997]"
F262013,10,5,0.5,"[184.6212545253734, 36.485143184661865]"
F262013,10,5,0.6,"[184.6420001928666, 43.76221823692322]"
F262013,10,5,0.7,"[184.58106662398654, 51.04285264015198]"
F262013,10,5,0.8,"[184.5990811925767, 58.313148736953735]"
F262013,10,5,0.9,"[184.57225722250064, 65.58532667160034]"
F262013,10,5,1.0,"[184.65350650231267, 72.86038041114807]"
F262013,10,6,0.01,"[717.2219214987817, 0.7307083606719971]"
F262013,10,6,0.1,"[351.9757309014426, 7.252095699310303]"
F262013,10,6,0.2,"[351.74840120140016, 14.48586916923523]"
F262013,10,6,0.3,"[359.0094482487905, 21.717960596084595]"
F262013,10,6,0.4,"[356.58234696432805, 28.955267667770386]"
F262013,10,6,0.5,"[388.50061478833754, 36.19369339942932]"
F262013,10,6,0.6,"[345.34227299841996, 43.44181489944458]"
F262013,10,6,0.7,"[347.6736007990735, 50.69338631629944]"
F262013,10,6,0.8,"[353.01626998801476, 57.928733110427856]"
F262013,10,6,0.9,"[356.83004401491144, 65.16466450691223]"
F262013,10,6,1.0,"[405.8514951758307, 72.4083993434906]"
F262013,10,7,0.01,"[349.1547976328038, 0.7608840465545654]"
F262013,10,7,0.1,"[382.41348685994967, 7.339716672897339]"
F262013,10,7,0.2,"[345.306789287489, 14.636683702468872]"
F262013,10,7,0.3,"[351.44651297266205, 21.938300848007202]"
F262013,10,7,0.4,"[346.2215266404778, 29.24717092514038]"
F262013,10,7,0.5,"[339.7027225694155, 36.54556632041931]"
F262013,10,7,0.6,"[344.3299723894145, 43.84424090385437]"
F262013,10,7,0.7,"[344.30002047741095, 51.15362882614136]"
F262013,10,7,0.8,"[350.5291324848131, 58.49656629562378]"
F262013,10,7,0.9,"[358.7906069886001, 65.80818176269531]"
F262013,10,7,1.0,"[443.6181394678142, 73.1142954826355]"
F262013,10,8,0.01,"[585.499686691785, 0.7515766620635986]"
F262013,10,8,0.1,"[585.6368905826739, 7.337404727935791]"
F262013,10,8,0.2,"[585.5165673368545, 14.645914316177368]"
F262013,10,8,0.3,"[588.0271301014413, 21.957899808883667]"
F262013,10,8,0.4,"[585.7354226588357, 29.275789976119995]"
F262013,10,8,0.5,"[585.7802280764452, 36.580588817596436]"
F262013,10,8,0.6,"[585.6758777630566, 43.88941717147827]"
F262013,10,8,0.7,"[585.6478467971476, 51.1996648311615]"
F262013,10,8,0.8,"[586.8076342770182, 58.535701274871826]"
F262013,10,8,0.9,"[586.409832920881, 65.83781790733337]"
F262013,10,8,1.0,"[586.3217720395485, 73.15157628059387]"
F262013,10,9,0.01,"[347.0580407224961, 0.7409765720367432]"
F262013,10,9,0.1,"[353.05016422566223, 7.347886562347412]"
F262013,10,9,0.2,"[340.8131638568034, 14.682023286819458]"
F262013,10,9,0.3,"[341.59436628039043, 22.024420499801636]"
F262013,10,9,0.4,"[352.8205715750437, 29.378641843795776]"
F262013,10,9,0.5,"[349.6709068973523, 36.716962814331055]"
F262013,10,9,0.6,"[355.70822433375906, 44.056851625442505]"
F262013,10,9,0.7,"[348.19618438957013, 51.40536165237427]"
F262013,10,9,0.8,"[365.5977334422764, 58.74211049079895]"
F262013,10,9,0.9,"[367.5535988370989, 66.08345437049866]"
F262013,10,9,1.0,"[357.6258092853668, 73.42788004875183]"
F262013,10,10,0.01,"[352.6970209146725, 0.7435753345489502]"
F262013,10,10,0.1,"[347.99667867361404, 7.326414346694946]"
F262013,10,10,0.2,"[354.1408569066498, 14.637181997299194]"
F262013,10,10,0.3,"[352.22877785582796, 21.94481611251831]"
F262013,10,10,0.4,"[342.21871983349865, 29.257392406463623]"
F262013,10,10,0.5,"[351.56628548043295, 36.55531024932861]"
F262013,10,10,0.6,"[404.59698744311845, 43.85936975479126]"
F262013,10,10,0.7,"[357.8420056870282, 51.16642880439758]"
F262013,10,10,0.8,"[374.7481489621664, 58.462061643600464]"
F262013,10,10,0.9,"[360.64979887799655, 65.75622797012329]"
F262013,10,10,1.0,"[369.0799022075896, 73.05257940292358]"
F262013,10,11,0.01,"[876.5390914321956, 0.7327299118041992]"
F262013,10,11,0.1,"[450.31629811424204, 7.27339243888855]"
F262013,10,11,0.2,"[366.6289699448696, 14.533531665802002]"
F262013,10,11,0.3,"[346.8282758313667, 21.81168794631958]"
F262013,10,11,0.4,"[345.742208630445, 29.085388660430908]"
F262013,10,11,0.5,"[371.58996332296556, 36.353166818618774]"
F262013,10,11,0.6,"[351.08701605643523, 43.61552977561951]"
F262013,10,11,0.7,"[357.7406137729572, 50.89068102836609]"
F262013,10,11,0.8,"[363.02476155336626, 58.164196729660034]"
F262013,10,11,0.9,"[357.59180166652754, 65.43313503265381]"
F262013,10,11,1.0,"[347.7819546197745, 72.7124993801117]"
F262013,10,12,0.01,"[368.71512364691057, 0.7312984466552734]"
F262013,10,12,0.1,"[369.04673856762247, 7.253319263458252]"
F262013,10,12,0.2,"[369.21103416756205, 14.495750665664673]"
F262013,10,12,0.3,"[368.72786122648404, 21.74704885482788]"
F262013,10,12,0.4,"[372.711565283312, 29.001113653182983]"
F262013,10,12,0.5,"[369.23382701378046, 36.242982387542725]"
F262013,10,12,0.6,"[369.3858359026726, 43.488473653793335]"
F262013,10,12,0.7,"[369.752373915057, 50.74226260185242]"
F262013,10,12,0.8,"[369.06565418339846, 57.99135065078735]"
F262013,10,12,0.9,"[369.75900497925795, 65.23584818840027]"
F262013,10,12,1.0,"[368.7274593740417, 72.4844388961792]"
F262013,10,13,0.01,"[315.09247601243624, 0.7332141399383545]"
F262013,10,13,0.1,"[315.01405303319393, 7.257776975631714]"
F262013,10,13,0.2,"[315.0055066440559, 14.500447511672974]"
F262013,10,13,0.3,"[315.31965245202105, 21.74990749359131]"
F262013,10,13,0.4,"[315.0125216977053, 29.00342845916748]"
F262013,10,13,0.5,"[315.14337560154195, 36.2547721862793]"
F262013,10,13,0.6,"[315.0527981078726, 43.50398302078247]"
F262013,10,13,0.7,"[315.0858390525116, 50.761935234069824]"
F262013,10,13,0.8,"[315.03087564394446, 58.064406871795654]"
F262013,10,13,0.9,"[315.12379606313334, 65.31008839607239]"
F262013,10,13,1.0,"[315.2856242833054, 72.56099581718445]"
F262013,10,14,0.01,"[815.9357026379366, 0.7351045608520508]"
F262013,10,14,0.1,"[700.4235991768533, 7.293591737747192]"
F262013,10,14,0.2,"[613.0767405733261, 14.567945957183838]"
F262013,10,14,0.3,"[605.0994893973068, 21.845435857772827]"
F262013,10,14,0.4,"[607.4301170915974, 29.134236097335815]"
F262013,10,14,0.5,"[609.341045674536, 36.41288423538208]"
F262013,10,14,0.6,"[607.5603547190872, 43.68790864944458]"
F262013,10,14,0.7,"[610.9447602634427, 50.97004246711731]"
F262013,10,14,0.8,"[607.2902862223905, 58.276264905929565]"
F262013,10,14,0.9,"[608.6866531707001, 65.54932069778442]"
F262013,10,14,1.0,"[605.3016793656238, 72.83093881607056]"
F262013,10,15,0.01,"[448.1038175292456, 0.7335307598114014]"
F262013,10,15,0.1,"[446.762374029855, 7.277437448501587]"
F262013,10,15,0.2,"[444.09812206174615, 14.542845964431763]"
F262013,10,15,0.3,"[447.2823157472026, 21.8133864402771]"
F262013,10,15,0.4,"[445.17038623583926, 29.08670735359192]"
F262013,10,15,0.5,"[438.22483392492313, 36.35277771949768]"
F262013,10,15,0.6,"[446.05397343195136, 43.61647605895996]"
F262013,10,15,0.7,"[445.1981743430897, 50.88952827453613]"
F262013,10,15,0.8,"[434.9771276419583, 58.16143870353699]"
F262013,10,15,0.9,"[437.46321902698605, 65.42405724525452]"
F262013,10,15,1.0,"[447.268717250955, 72.69682312011719]"
F262013,10,16,0.01,"[645.5965329986684, 0.746471643447876]"
F262013,10,16,0.1,"[630.6451580877706, 7.318877458572388]"
F262013,10,16,0.2,"[632.552409534967, 14.613821268081665]"
F262013,10,16,0.3,"[631.1287626332787, 21.91368579864502]"
F262013,10,16,0.4,"[630.9313305912037, 29.219120740890503]"
F262013,10,16,0.5,"[631.448315296112, 36.51711583137512]"
F262013,10,16,0.6,"[631.9535046771982, 43.81489396095276]"
F262013,10,16,0.7,"[630.6376176096926, 51.12564969062805]"
F262013,10,16,0.8,"[631.5862538724425, 58.42749285697937]"
F262013,10,16,0.9,"[630.796578603904, 65.72582960128784]"
F262013,10,16,1.0,"[630.6055493680315, 73.03221726417542]"
F262013,10,17,0.01,"[733.3772036797186, 0.7413740158081055]"
F262013,10,17,0.1,"[366.62212301090676, 7.264294147491455]"
F262013,10,17,0.2,"[511.9890388734334, 14.507936716079712]"
F262013,10,17,0.3,"[353.55931536959406, 21.754822254180908]"
F262013,10,17,0.4,"[348.9035642213646, 29.00099515914917]"
F262013,10,17,0.5,"[349.6174649276834, 36.241342067718506]"
F262013,10,17,0.6,"[326.23597584203753, 43.47822451591492]"
F262013,10,17,0.7,"[309.50962300578954, 50.71947979927063]"
F262013,10,17,0.8,"[302.4525836723792, 57.95410180091858]"
F262013,10,17,0.9,"[303.9784626587807, 65.18528723716736]"
F262013,10,17,1.0,"[307.4415420738908, 72.42300534248352]"
F262013,10,18,0.01,"[490.86995468969667, 0.7381746768951416]"
F262013,10,18,0.1,"[490.04871462171036, 7.303074836730957]"
F262013,10,18,0.2,"[490.2695545553179, 14.591610193252563]"
F262013,10,18,0.3,"[490.9291214654504, 21.886292457580566]"
F262013,10,18,0.4,"[490.12926155928017, 29.183886289596558]"
F262013,10,18,0.5,"[490.90090777612113, 36.47278618812561]"
F262013,10,18,0.6,"[490.70683174571377, 43.76132607460022]"
F262013,10,18,0.7,"[489.7277003521044, 51.06022500991821]"
F262013,10,18,0.8,"[489.73321651155265, 58.345866203308105]"
F262013,10,18,0.9,"[489.75487744688553, 65.6311092376709]"
F262013,10,18,1.0,"[490.085454050145, 72.92493677139282]"
F262013,10,19,0.01,"[1269.6701343137875, 0.7431647777557373]"
F262013,10,19,0.1,"[1017.5211903615264, 7.293684720993042]"
F262013,10,19,0.2,"[1017.9597022775106, 14.567200660705566]"
F262013,10,19,0.3,"[1017.6724927194086, 21.843693494796753]"
F262013,10,19,0.4,"[1017.3660399591445, 29.124306201934814]"
F262013,10,19,0.5,"[1019.6657115573244, 36.39679837226868]"
F262013,10,19,0.6,"[1017.4130200556292, 43.669787645339966]"
F262013,10,19,0.7,"[1017.1272641273331, 50.949480295181274]"
F262013,10,19,0.8,"[1017.1629388063188, 58.219440937042236]"
F262013,10,19,0.9,"[1017.1300675811563, 65.48718333244324]"
F262013,10,19,1.0,"[1021.7295431005427, 72.76460218429565]"
F262013,10,20,0.01,"[228.49654132853357, 0.7344777584075928]"
F262013,10,20,0.1,"[200.0903361905889, 7.279327154159546]"
F262013,10,20,0.2,"[200.00611968629755, 14.542341232299805]"
F262013,10,20,0.3,"[200.002919601749, 21.817726612091064]"
F262013,10,20,0.4,"[200.00342899871066, 29.10078239440918]"
F262013,10,20,0.5,"[200.0025552709178, 36.37386131286621]"
F262013,10,20,0.6,"[200.00197467712178, 43.64646124839783]"
F262013,10,20,0.7,"[200.00176636926335, 50.931374311447144]"
F262013,10,20,0.8,"[200.00156220303234, 58.20797777175903]"
F262013,10,20,0.9,"[200.0578173401575, 65.48567223548889]"
F262013,10,20,1.0,"[200.00405045429443, 72.77538871765137]"
F262013,10,21,0.01,"[361.41634041693897, 0.7368476390838623]"
F262013,10,21,0.1,"[350.80636036540045, 7.3099589347839355]"
F262013,10,21,0.2,"[353.0145090142223, 14.611099004745483]"
F262013,10,21,0.3,"[452.80735789967093, 21.910295724868774]"
F262013,10,21,0.4,"[205.22195597575046, 29.21878147125244]"
F262013,10,21,0.5,"[200.10450284637932, 36.519028663635254]"
F262013,10,21,0.6,"[200.21984972703194, 43.81857204437256]"
F262013,10,21,0.7,"[200.00375461720887, 51.12730431556702]"
F262013,10,21,0.8,"[200.00287223905593, 58.42977476119995]"
F262013,10,21,0.9,"[200.00245741151366, 65.72613739967346]"
F262013,10,21,1.0,"[200.00240801214295, 73.03186082839966]"
F262013,10,22,0.01,"[427.0608860668949, 0.7347941398620605]"
F262013,10,22,0.1,"[427.23258419376907, 7.271558523178101]"
F262013,10,22,0.2,"[427.5993030099446, 14.52774715423584]"
F262013,10,22,0.3,"[428.53139549739853, 21.78805136680603]"
F262013,10,22,0.4,"[427.54182857582487, 29.05398440361023]"
F262013,10,22,0.5,"[427.01918698171903, 36.309561014175415]"
F262013,10,22,0.6,"[426.9235141174581, 43.567582845687866]"
F262013,10,22,0.7,"[427.78298710010927, 50.836583614349365]"
F262013,10,22,0.8,"[427.1710710914408, 58.092626333236694]"
F262013,10,22,0.9,"[428.3052584259967, 65.34531664848328]"
F262013,10,22,1.0,"[426.9893703759792, 72.60549807548523]"
F262013,10,23,0.01,"[406.49333561795856, 0.7348926067352295]"
F262013,10,23,0.1,"[406.50082548378464, 7.270975828170776]"
F262013,10,23,0.2,"[407.0182093500223, 14.523584604263306]"
F262013,10,23,0.3,"[407.8669251560341, 21.78573203086853]"
F262013,10,23,0.4,"[406.4946022491165, 29.049392223358154]"
F262013,10,23,0.5,"[406.514457437745, 36.30677318572998]"
F262013,10,23,0.6,"[406.8304175954595, 43.56407356262207]"
F262013,10,23,0.7,"[407.00313108671685, 50.82562828063965]"
F262013,10,23,0.8,"[406.5044511193571, 58.07599401473999]"
F262013,10,23,0.9,"[406.5369784624145, 65.32584857940674]"
F262013,10,23,1.0,"[406.4995437686448, 72.58615732192993]"
F262013,10,24,0.01,"[355.5305849145202, 0.7524857521057129]"
F262013,10,24,0.1,"[348.77461724364025, 7.30203914642334]"
F262013,10,24,0.2,"[609.9929114497036, 14.570918560028076]"
F262013,10,24,0.3,"[730.6099419839825, 21.847834587097168]"
F262013,10,24,0.4,"[402.2002719338311, 29.12634825706482]"
F262013,10,24,0.5,"[299.7726914204559, 36.39657282829285]"
F262013,10,24,0.6,"[202.3718791243591, 43.664478063583374]"
F262013,10,24,0.7,"[200.07027799651087, 50.93585801124573]"
F262013,10,24,0.8,"[200.005305543247, 58.19684195518494]"
F262013,10,24,0.9,"[200.0013947268203, 65.45461130142212]"
F262013,10,24,1.0,"[200.0010044293856, 72.72320485115051]"
F262013,10,25,0.01,"[378.7089839111229, 0.7315456867218018]"
F262013,10,25,0.1,"[378.97638964686394, 7.23867130279541]"
F262013,10,25,0.2,"[379.125406710119, 14.458218812942505]"
F262013,10,25,0.3,"[379.0896632677177, 21.684664964675903]"
F262013,10,25,0.4,"[379.2882864130254, 28.913800477981567]"
F262013,10,25,0.5,"[379.8240492047569, 36.13332724571228]"
F262013,10,25,0.6,"[378.9807993702109, 43.356165409088135]"
F262013,10,25,0.7,"[378.85810992969436, 50.58393573760986]"
F262013,10,25,0.8,"[379.5744300560882, 57.799938440322876]"
F262013,10,25,0.9,"[378.77036776901446, 65.01389646530151]"
F262013,10,25,1.0,"[380.1876432409599, 72.2365837097168]"
F262013,10,26,0.01,"[409.2578360495884, 0.733830451965332]"
F262013,10,26,0.1,"[644.3235846011899, 7.298448085784912]"
F262013,10,26,0.2,"[358.95003820111924, 14.618613004684448]"
F262013,10,26,0.3,"[357.44038591345225, 21.915696144104004]"
F262013,10,26,0.4,"[347.4878552266059, 29.220370769500732]"
F262013,10,26,0.5,"[347.0380167998769, 36.50988459587097]"
F262013,10,26,0.6,"[347.0422758742716, 43.80168390274048]"
F262013,10,26,0.7,"[348.28861067570665, 51.10126090049744]"
F262013,10,26,0.8,"[346.2644434323745, 58.43473410606384]"
F262013,10,26,0.9,"[355.602118719622, 65.72817516326904]"
F262013,10,26,1.0,"[355.7577925587111, 73.02794098854065]"
F262013,10,27,0.01,"[695.1617966712497, 0.7375717163085938]"
F262013,10,27,0.1,"[408.1626223954124, 7.293845176696777]"
F262013,10,27,0.2,"[365.74035885636977, 14.572147607803345]"
F262013,10,27,0.3,"[569.5323147094441, 21.857433557510376]"
F262013,10,27,0.4,"[464.3967224706473, 29.144734144210815]"
F262013,10,27,0.5,"[407.2793159719165, 36.427021741867065]"
F262013,10,27,0.6,"[416.2822545483905, 43.70886564254761]"
F262013,10,27,0.7,"[404.40053429323734, 50.99790859222412]"
F262013,10,27,0.8,"[409.3293671742963, 58.28597116470337]"
F262013,10,27,0.9,"[406.61812316794203, 65.56789541244507]"
F262013,10,27,1.0,"[407.73721971466193, 72.85483193397522]"
F262013,10,28,0.01,"[1048.4808402137778, 0.7352893352508545]"
F262013,10,28,0.1,"[368.5794767316943, 7.284759521484375]"
F262013,10,28,0.2,"[362.24986624855114, 14.543503046035767]"
F262013,10,28,0.3,"[347.71019629496914, 21.80813217163086]"
F262013,10,28,0.4,"[348.29434081827617, 29.07022738456726]"
F262013,10,28,0.5,"[402.223900023082, 36.32717847824097]"
F262013,10,28,0.6,"[351.32599056873846, 43.58285164833069]"
F262013,10,28,0.7,"[343.0829557370689, 50.84575319290161]"
F262013,10,28,0.8,"[351.75913917071694, 58.10817265510559]"
F262013,10,28,0.9,"[384.49277890959183, 65.36102175712585]"
F262013,10,28,1.0,"[362.60449799663934, 72.62487721443176]"
F262013,10,29,0.01,"[4357.247339460481, 0.7397842407226562]"
F262013,10,29,0.1,"[415.59151660569137, 7.299542665481567]"
F262013,10,29,0.2,"[413.4613141810969, 14.582449197769165]"
F262013,10,29,0.3,"[427.9341815681678, 21.868445873260498]"
F262013,10,29,0.4,"[418.0892701774426, 29.16343855857849]"
F262013,10,29,0.5,"[410.3478632527972, 36.44695496559143]"
F262013,10,29,0.6,"[410.3308154662566, 43.733497858047485]"
F262013,10,29,0.7,"[425.56107336074, 51.028048515319824]"
F262013,10,29,0.8,"[414.6570455779374, 58.31318712234497]"
F262013,10,29,0.9,"[413.19992562613675, 65.59650564193726]"
F262013,10,29,1.0,"[415.2651788666176, 72.88870930671692]"
F262013,10,30,0.01,"[367.97080864431155, 0.7312381267547607]"
F262013,10,30,0.1,"[351.79068404904115, 7.243589639663696]"
F262013,10,30,0.2,"[420.47792126569857, 14.470943927764893]"
F262013,10,30,0.3,"[339.8733956071351, 21.706934690475464]"
F262013,10,30,0.4,"[515.9362399904783, 28.953430891036987]"
F262013,10,30,0.5,"[540.5950863676333, 36.187822103500366]"
F262013,10,30,0.6,"[675.8098798557467, 43.42284822463989]"
F262013,10,30,0.7,"[533.2554926438563, 50.66520714759827]"
F262013,10,30,0.8,"[479.8904646150727, 57.90738105773926]"
F262013,10,30,0.9,"[377.63720563539573, 65.13488507270813]"
F262013,10,30,1.0,"[381.34969385639147, 72.36735653877258]"
F262013,10,31,0.01,"[477.92597588718377, 0.7323765754699707]"
F262013,10,31,0.1,"[478.66068163274963, 7.248324632644653]"
F262013,10,31,0.2,"[479.3319068657447, 14.473132371902466]"
F262013,10,31,0.3,"[478.5925583755122, 21.702102184295654]"
F262013,10,31,0.4,"[478.1947898209837, 28.935121536254883]"
F262013,10,31,0.5,"[479.03639195015444, 36.15778350830078]"
F262013,10,31,0.6,"[479.20740546008255, 43.380592584609985]"
F262013,10,31,0.7,"[478.6553491670197, 50.61148977279663]"
F262013,10,31,0.8,"[478.76350011994873, 57.83500003814697]"
F262013,10,31,0.9,"[478.972416837476, 65.05546474456787]"
F262013,10,31,1.0,"[478.7473985452614, 72.28411054611206]"
F262013,10,32,0.01,"[552.4884962720489, 0.7423028945922852]"
F262013,10,32,0.1,"[552.8743260212896, 7.32484769821167]"
F262013,10,32,0.2,"[552.6678882034441, 14.633031845092773]"
F262013,10,32,0.3,"[552.5132012015986, 21.951816082000732]"
F262013,10,32,0.4,"[553.4841172461288, 29.284848928451538]"
F262013,10,32,0.5,"[556.7944512892557, 36.59685254096985]"
F262013,10,32,0.6,"[552.622436131722, 43.89467191696167]"
F262013,10,32,0.7,"[552.7448970140322, 51.20059561729431]"
F262013,10,32,0.8,"[552.5062956875026, 58.496060848236084]"
F262013,10,32,0.9,"[552.5750663649246, 65.78760361671448]"
F262013,10,32,1.0,"[553.1268530869802, 73.08960914611816]"
F262013,10,33,0.01,"[325.1503996892377, 0.7406265735626221]"
F262013,10,33,0.1,"[200.6088670269403, 7.275398254394531]"
F262013,10,33,0.2,"[200.01438762313137, 14.520889282226562]"
F262013,10,33,0.3,"[200.00142412032164, 21.773908853530884]"
F262013,10,33,0.4,"[200.0008568135563, 29.027841806411743]"
F262013,10,33,0.5,"[200.0006714554545, 36.26965618133545]"
F262013,10,33,0.6,"[200.0004405005982, 43.51618456840515]"
F262013,10,33,0.7,"[200.00035525833573, 50.76446533203125]"
F262013,10,33,0.8,"[200.00031981629581, 58.00413489341736]"
F262013,10,33,0.9,"[200.00115545071685, 65.25039052963257]"
F262013,10,33,1.0,"[200.0057717616014, 72.49377846717834]"
F262013,10,34,0.01,"[300.06158684554657, 0.7318601608276367]"
F262013,10,34,0.1,"[300.16261712113624, 7.22891640663147]"
F262013,10,34,0.2,"[300.8825748958975, 14.438233852386475]"
F262013,10,34,0.3,"[300.0965477679006, 21.655776977539062]"
F262013,10,34,0.4,"[300.36444941644413, 28.87473177909851]"
F262013,10,34,0.5,"[300.594857872019, 36.08068871498108]"
F262013,10,34,0.6,"[302.1649195317382, 43.29177141189575]"
F262013,10,34,0.7,"[300.1092463593832, 50.5055627822876]"
F262013,10,34,0.8,"[300.14885959569483, 57.70628905296326]"
F262013,10,34,0.9,"[301.874324388604, 64.90943908691406]"
F262013,10,34,1.0,"[301.4608224431181, 72.11775588989258]"
F262013,10,35,0.01,"[897.2075587240774, 0.7430734634399414]"
F262013,10,35,0.1,"[456.5195538218661, 7.317393779754639]"
F262013,10,35,0.2,"[411.3503169443402, 14.613774538040161]"
F262013,10,35,0.3,"[410.6012019051102, 21.917982578277588]"
F262013,10,35,0.4,"[415.07167369706804, 29.228017807006836]"
F262013,10,35,0.5,"[412.73520798497975, 36.52823305130005]"
F262013,10,35,0.6,"[411.74651617393147, 43.84607934951782]"
F262013,10,35,0.7,"[413.60173618590875, 51.16477155685425]"
F262013,10,35,0.8,"[440.73781889047564, 58.47872972488403]"
F262013,10,35,0.9,"[413.8463176634566, 65.79816770553589]"
F262013,10,35,1.0,"[415.3197532442118, 73.1301498413086]"
F262013,10,36,0.01,"[351.8115395761447, 0.7442629337310791]"
F262013,10,36,0.1,"[351.87687476955966, 7.2740397453308105]"
F262013,10,36,0.2,"[351.62311540406427, 14.51712155342102]"
F262013,10,36,0.3,"[351.7582526012593, 21.767038822174072]"
F262013,10,36,0.4,"[351.9590502977569, 29.020936012268066]"
F262013,10,36,0.5,"[351.7065858080475, 36.264878273010254]"
F262013,10,36,0.6,"[352.1396510034774, 43.509596824645996]"
F262013,10,36,0.7,"[352.1642967017324, 50.76030468940735]"
F262013,10,36,0.8,"[351.59254952573747, 57.99948811531067]"
F262013,10,36,0.9,"[352.66913463048104, 65.23773980140686]"
F262013,10,36,1.0,"[352.3667985313191, 72.48477053642273]"
F262013,10,37,0.01,"[547.1100185671121, 0.803398609161377]"
F262013,10,37,0.1,"[366.0193915880652, 7.34795069694519]"
F262013,10,37,0.2,"[344.6706696353792, 14.61104440689087]"
F262013,10,37,0.3,"[357.79747030277485, 21.879101991653442]"
F262013,10,37,0.4,"[346.8465348459531, 29.15550947189331]"
F262013,10,37,0.5,"[573.0654772856783, 36.42522406578064]"
F262013,10,37,0.6,"[361.5188161053477, 43.698649644851685]"
F262013,10,37,0.7,"[510.154379938637, 50.983020067214966]"
F262013,10,37,0.8,"[394.1664510027449, 58.25788235664368]"
F262013,10,37,0.9,"[432.4360756995193, 65.52651929855347]"
F262013,10,37,1.0,"[480.8255335363933, 72.80577754974365]"
F262013,10,38,0.01,"[2668.1786165277376, 0.7321863174438477]"
F262013,10,38,0.1,"[415.48543872590153, 7.2451252937316895]"
F262013,10,38,0.2,"[410.7529717292523, 14.472698450088501]"
F262013,10,38,0.3,"[415.53818136485233, 21.706809759140015]"
F262013,10,38,0.4,"[414.8250789926035, 28.945440530776978]"
F262013,10,38,0.5,"[458.65627054194283, 36.176945209503174]"
F262013,10,38,0.6,"[413.29544079968036, 43.413414001464844]"
F262013,10,38,0.7,"[413.3851232772654, 50.65690493583679]"
F262013,10,38,0.8,"[411.89482738701713, 57.88910388946533]"
F262013,10,38,0.9,"[412.49710284900357, 65.12103509902954]"
F262013,10,38,1.0,"[425.719617017224, 72.35637784004211]"
F262013,10,39,0.01,"[666.3168217666635, 0.8536167144775391]"
F262013,10,39,0.1,"[666.327961469492, 7.48569917678833]"
F262013,10,39,0.2,"[666.4202438899742, 14.826266050338745]"
F262013,10,39,0.3,"[666.4429781431845, 22.17264151573181]"
F262013,10,39,0.4,"[666.2972284356913, 29.52530837059021]"
F262013,10,39,0.5,"[621.4563730242573, 36.866400480270386]"
F262013,10,39,0.6,"[622.2798768976236, 44.20977568626404]"
F262013,10,39,0.7,"[620.868611104705, 51.562841176986694]"
F262013,10,39,0.8,"[620.9307451013906, 58.91069984436035]"
F262013,10,39,0.9,"[620.8405927604053, 66.25577449798584]"
F262013,10,39,1.0,"[620.8517238002319, 73.6047751903534]"
F262013,10,40,0.01,"[565.3183273617854, 0.740018367767334]"
F262013,10,40,0.1,"[461.95065622515017, 7.317713499069214]"
F262013,10,40,0.2,"[368.3000261136042, 14.617567300796509]"
F262013,10,40,0.3,"[338.7384921692619, 21.927932262420654]"
F262013,10,40,0.4,"[359.2220223091756, 29.240840435028076]"
F262013,10,40,0.5,"[352.56809836225125, 36.538926124572754]"
F262013,10,40,0.6,"[352.85673478638637, 43.835001945495605]"
F262013,10,40,0.7,"[355.3299825586598, 51.13955020904541]"
F262013,10,40,0.8,"[342.7591703273447, 58.440555572509766]"
F262013,10,40,0.9,"[339.2074781322756, 65.72977757453918]"
F262013,10,40,1.0,"[345.2900891450613, 73.02835869789124]"
F262013,10,41,0.01,"[505.6340463173274, 0.7299704551696777]"
F262013,10,41,0.1,"[352.24841446727896, 7.238824367523193]"
F262013,10,41,0.2,"[384.6931644863564, 14.464852809906006]"
F262013,10,41,0.3,"[355.1873741437603, 21.69376540184021]"
F262013,10,41,0.4,"[362.0130512157625, 28.923789262771606]"
F262013,10,41,0.5,"[519.9094134788079, 36.1440110206604]"
F262013,10,41,0.6,"[553.1347885762459, 43.366732120513916]"
F262013,10,41,0.7,"[378.4523174879862, 50.58742117881775]"
F262013,10,41,0.8,"[416.59662185957905, 57.797447204589844]"
F262013,10,41,0.9,"[587.4732739041442, 65.01236295700073]"
F262013,10,41,1.0,"[611.9803986671568, 72.23062562942505]"
F262013,10,42,0.01,"[469.2514371857351, 0.7320044040679932]"
F262013,10,42,0.1,"[377.5601522084571, 7.2561140060424805]"
F262013,10,42,0.2,"[377.8223293668591, 14.49491572380066]"
F262013,10,42,0.3,"[377.7617726186297, 21.744978189468384]"
F262013,10,42,0.4,"[377.8176789092954, 28.997266054153442]"
F262013,10,42,0.5,"[378.35125012908907, 36.241172075271606]"
F262013,10,42,0.6,"[377.7793508197865, 43.485090255737305]"
F262013,10,42,0.7,"[377.90036887986594, 50.735941886901855]"
F262013,10,42,0.8,"[377.7176490621496, 57.97998356819153]"
F262013,10,42,0.9,"[377.7285111120714, 65.21939945220947]"
F262013,10,42,1.0,"[377.6455722799933, 72.4660177230835]"
F262013,10,43,0.01,"[666.0101737301211, 0.7335777282714844]"
F262013,10,43,0.1,"[666.0857458251428, 7.328448534011841]"
F262013,10,43,0.2,"[666.0295471931852, 14.590682744979858]"
F262013,10,43,0.3,"[666.0692297184805, 21.853384733200073]"
F262013,10,43,0.4,"[666.0336170757826, 29.123046159744263]"
F262013,10,43,0.5,"[666.0473444824297, 36.383917570114136]"
F262013,10,43,0.6,"[666.0667088538739, 43.64450192451477]"
F262013,10,43,0.7,"[666.412088714907, 50.91535210609436]"
F262013,10,43,0.8,"[666.5664412591627, 58.17820453643799]"
F262013,10,43,0.9,"[666.2233564441701, 65.44259691238403]"
F262013,10,43,1.0,"[666.2590588045064, 72.71445322036743]"
F262013,10,44,0.01,"[954.2182942574027, 0.7340676784515381]"
F262013,10,44,0.1,"[506.1357479818291, 8.25022840499878]"
F262013,10,44,0.2,"[469.5733694367598, 15.54934549331665]"
F262013,10,44,0.3,"[500.416444781737, 22.84936547279358]"
F262013,10,44,0.4,"[346.9610642784289, 30.132936239242554]"
F262013,10,44,0.5,"[345.3744443928497, 37.41269016265869]"
F262013,10,44,0.6,"[346.77369406742446, 44.691580295562744]"
F262013,10,44,0.7,"[334.48999223219585, 51.983389139175415]"
F262013,10,44,0.8,"[358.55230735068926, 59.26039671897888]"
F262013,10,44,0.9,"[350.01211899047394, 66.5280327796936]"
F262013,10,44,1.0,"[364.9568415211113, 73.8056128025055]"
F262013,10,45,0.01,"[365.37401394464223, 0.7335033416748047]"
F262013,10,45,0.1,"[345.0274073268911, 7.270940065383911]"
F262013,10,45,0.2,"[352.27934025250397, 14.525386095046997]"
F262013,10,45,0.3,"[353.9726318737962, 21.787310123443604]"
F262013,10,45,0.4,"[342.01886560729827, 29.058555126190186]"
F262013,10,45,0.5,"[636.1771590777237, 36.32068133354187]"
F262013,10,45,0.6,"[256.23344870567485, 43.583988904953]"
F262013,10,45,0.7,"[200.30642347812977, 50.85209918022156]"
F262013,10,45,0.8,"[200.01817988962785, 58.111243724823]"
F262013,10,45,0.9,"[200.00680944355008, 65.37097907066345]"
F262013,10,45,1.0,"[200.0009731691298, 72.64206194877625]"
F262013,10,46,0.01,"[867.4351779781737, 0.7389309406280518]"
F262013,10,46,0.1,"[362.23270543532567, 7.304858684539795]"
F262013,10,46,0.2,"[419.59807494580537, 14.588473796844482]"
F262013,10,46,0.3,"[809.5824402751468, 21.875873804092407]"
F262013,10,46,0.4,"[379.0546004288924, 29.170488834381104]"
F262013,10,46,0.5,"[643.0702238944755, 36.45825719833374]"
F262013,10,46,0.6,"[480.8200678331698, 43.7405161857605]"
F262013,10,46,0.7,"[383.2787838608647, 51.03559446334839]"
F262013,10,46,0.8,"[276.0745268728126, 58.33440160751343]"
F262013,10,46,0.9,"[259.9336190565957, 65.6201434135437]"
F262013,10,46,1.0,"[259.4656920495679, 72.91323065757751]"
F262013,10,47,0.01,"[459.65981794390973, 0.7341704368591309]"
F262013,10,47,0.1,"[443.3769443131439, 7.281136512756348]"
F262013,10,47,0.2,"[348.5518974356694, 14.543546199798584]"
F262013,10,47,0.3,"[297.47187019516537, 21.811294317245483]"
F262013,10,47,0.4,"[203.68861416510185, 29.085378646850586]"
F262013,10,47,0.5,"[200.06090604591668, 36.35175919532776]"
F262013,10,47,0.6,"[200.00607097115562, 43.61926221847534]"
F262013,10,47,0.7,"[200.00242809279393, 50.90463137626648]"
F262013,10,47,0.8,"[200.00204738655043, 58.18143153190613]"
F262013,10,47,0.9,"[200.00180464937466, 65.45462203025818]"
F262013,10,47,1.0,"[200.0016189102239, 72.73630118370056]"
F262013,10,48,0.01,"[939.0511776672079, 0.7390074729919434]"
F262013,10,48,0.1,"[433.50256332625827, 7.334866523742676]"
F262013,10,48,0.2,"[368.8539058428123, 14.657829761505127]"
F262013,10,48,0.3,"[348.9295221290595, 21.977782487869263]"
F262013,10,48,0.4,"[344.65637445197126, 29.3059663772583]"
F262013,10,48,0.5,"[362.4665711902005, 36.620863914489746]"
F262013,10,48,0.6,"[351.8190188453286, 43.93208932876587]"
F262013,10,48,0.7,"[349.45846050147065, 51.25136733055115]"
F262013,10,48,0.8,"[780.5373460238054, 58.56405448913574]"
F262013,10,48,0.9,"[353.8672103648778, 65.86526536941528]"
F262013,10,48,1.0,"[338.48906457068824, 73.1833508014679]"
F262013,10,49,0.01,"[200.55996869579235, 0.7384927272796631]"
F262013,10,49,0.1,"[200.01022103757737, 7.3207619190216064]"
F262013,10,49,0.2,"[200.00360352399957, 14.6396484375]"
F262013,10,49,0.3,"[200.00272949606642, 21.95544195175171]"
F262013,10,49,0.4,"[200.00255432706558, 29.270740270614624]"
F262013,10,49,0.5,"[200.00724437573353, 36.576544761657715]"
F262013,10,49,0.6,"[200.0017629126978, 43.88094758987427]"
F262013,10,49,0.7,"[200.00155243983386, 51.19154906272888]"
F262013,10,49,0.8,"[200.0183171099975, 58.48972821235657]"
F262013,10,49,0.9,"[200.01999607157427, 65.79201698303223]"
F262013,10,49,1.0,"[200.00112688353715, 73.1005334854126]"
F262013,10,50,0.01,"[347.9010340951404, 0.7361176013946533]"
F262013,10,50,0.1,"[356.06946138626245, 7.314196825027466]"
F262013,10,50,0.2,"[354.8186575787902, 14.607021808624268]"
F262013,10,50,0.3,"[347.0307134477948, 21.904398202896118]"
F262013,10,50,0.4,"[349.1825751258323, 29.204826831817627]"
F262013,10,50,0.5,"[513.5754614407974, 36.4996178150177]"
F262013,10,50,0.6,"[347.42900558907604, 43.794015407562256]"
F262013,10,50,0.7,"[340.20641059068294, 51.09465432167053]"
F262013,10,50,0.8,"[347.6084292812584, 58.376300573349]"
F262013,10,50,0.9,"[358.7585733453982, 65.66045331954956]"
F262013,10,50,1.0,"[468.83047872217935, 72.94851636886597]"
F262013,30,0,0.01,"[2139.5589252103887, 3.5079567432403564]"
F262013,30,0,0.1,"[2140.8283762625088, 34.95398211479187]"
F262013,30,0,0.2,"[2140.211814760499, 69.88163733482361]"
F262013,30,0,0.3,"[2140.034644951741, 104.78657531738281]"
F262013,30,0,0.4,"[2140.0530609623293, 139.51231956481934]"
F262013,30,0,0.5,"[2139.5955924942205, 174.33625555038452]"
F262013,30,0,0.6,"[2140.8067364702983, 209.10279178619385]"
F262013,30,0,0.7,"[2143.7447856763056, 243.89954686164856]"
F262013,30,0,0.8,"[2139.6891813826096, 280.11474680900574]"
F262013,30,0,0.9,"[2143.2303489023693, 320.5259246826172]"
F262013,30,0,1.0,"[2140.202022023581, 359.6446590423584]"
F262013,30,1,0.01,"[665.7415984206593, 3.5833041667938232]"
F262013,30,1,0.1,"[626.6219054501989, 35.305718421936035]"
F262013,30,1,0.2,"[456.60203985046155, 70.53463077545166]"
F262013,30,1,0.3,"[440.11793299673354, 105.77769255638123]"
F262013,30,1,0.4,"[586.0087483427194, 141.01043558120728]"
F262013,30,1,0.5,"[448.5186005872297, 176.2671835422516]"
F262013,30,1,0.6,"[446.5293111254334, 211.50891304016113]"
F262013,30,1,0.7,"[501.83301105270266, 246.6423544883728]"
F262013,30,1,0.8,"[480.9623673233832, 281.7791323661804]"
F262013,30,1,0.9,"[1283.3236530553354, 316.9398229122162]"
F262013,30,1,1.0,"[701.2243091273797, 352.0445034503937]"
F262013,30,2,0.01,"[939.8656210223876, 3.5694591999053955]"
F262013,30,2,0.1,"[521.1640334433125, 35.14972734451294]"
F262013,30,2,0.2,"[514.7846969581574, 70.22358179092407]"
F262013,30,2,0.3,"[767.0503367909223, 105.2944815158844]"
F262013,30,2,0.4,"[722.1539823793855, 140.3180546760559]"
F262013,30,2,0.5,"[703.7900399375301, 175.399644613266]"
F262013,30,2,0.6,"[701.3795081598068, 210.45584082603455]"
F262013,30,2,0.7,"[459.0706064599922, 245.5474693775177]"
F262013,30,2,0.8,"[523.8046778673088, 280.6496798992157]"
F262013,30,2,0.9,"[446.42932317845725, 315.6909513473511]"
F262013,30,2,1.0,"[466.9212752666001, 350.5975661277771]"
F262013,30,3,0.01,"[984.8896297817118, 3.507340431213379]"
F262013,30,3,0.1,"[446.6349864681313, 34.98220372200012]"
F262013,30,3,0.2,"[540.4705456086026, 69.96226453781128]"
F262013,30,3,0.3,"[567.8989210007244, 104.96662926673889]"
F262013,30,3,0.4,"[492.01004121086635, 139.91923761367798]"
F262013,30,3,0.5,"[1065.6279417455407, 174.96907949447632]"
F262013,30,3,0.6,"[452.4135921663708, 210.04583024978638]"
F262013,30,3,0.7,"[450.78216612425626, 245.13138818740845]"
F262013,30,3,0.8,"[465.30391092298396, 280.20936727523804]"
F262013,30,3,0.9,"[473.95043270729957, 315.26398491859436]"
F262013,30,3,1.0,"[529.1291269390356, 350.3058223724365]"
F262013,30,4,0.01,"[960.4460464837352, 3.5354506969451904]"
F262013,30,4,0.1,"[457.894266976484, 35.18067526817322]"
F262013,30,4,0.2,"[466.216856120805, 70.35424518585205]"
F262013,30,4,0.3,"[818.6639743105111, 105.540367603302]"
F262013,30,4,0.4,"[466.3569633256725, 140.6636927127838]"
F262013,30,4,0.5,"[444.4467077427066, 175.82961225509644]"
F262013,30,4,0.6,"[456.9415326382041, 210.9943883419037]"
F262013,30,4,0.7,"[431.41867876292235, 246.1713526248932]"
F262013,30,4,0.8,"[504.42942092789394, 281.32602310180664]"
F262013,30,4,0.9,"[539.8859072683672, 316.5000829696655]"
F262013,30,4,1.0,"[479.9730123945983, 351.6363117694855]"
F262013,30,5,0.01,"[1041.4220561825819, 3.5633718967437744]"
F262013,30,5,0.1,"[455.4901719319637, 35.24920582771301]"
F262013,30,5,0.2,"[756.8917708727092, 70.43544101715088]"
F262013,30,5,0.3,"[478.7315362394522, 105.63927745819092]"
F262013,30,5,0.4,"[450.3846859917844, 140.8071677684784]"
F262013,30,5,0.5,"[436.35250052345623, 176.06960940361023]"
F262013,30,5,0.6,"[456.05003901328655, 211.2614016532898]"
F262013,30,5,0.7,"[538.1586853899009, 246.4691698551178]"
F262013,30,5,0.8,"[1141.5516609906208, 281.6915953159332]"
F262013,30,5,0.9,"[603.3688218688935, 316.90811109542847]"
F262013,30,5,1.0,"[495.9575320793174, 352.0997211933136]"
F262013,30,6,0.01,"[16543.517103859765, 3.5283710956573486]"
F262013,30,6,0.1,"[418.69897314988816, 35.178404808044434]"
F262013,30,6,0.2,"[411.2712791229951, 70.34228038787842]"
F262013,30,6,0.3,"[411.4850761448497, 105.55369520187378]"
F262013,30,6,0.4,"[410.6644185995606, 140.71067261695862]"
F262013,30,6,0.5,"[409.6224335958989, 175.89902687072754]"
F262013,30,6,0.6,"[413.50349798861976, 211.091561794281]"
F262013,30,6,0.7,"[411.26228452070427, 246.323739528656]"
F262013,30,6,0.8,"[413.05247177541537, 281.52421045303345]"
F262013,30,6,0.9,"[413.0512014418573, 316.7138421535492]"
F262013,30,6,1.0,"[411.44962447264675, 351.8903968334198]"
F262013,30,7,0.01,"[2622.7841393563344, 3.5369298458099365]"
F262013,30,7,0.1,"[2626.457417897952, 35.15367388725281]"
F262013,30,7,0.2,"[2627.207212476482, 70.27109622955322]"
F262013,30,7,0.3,"[2627.3181475218553, 105.42368125915527]"
F262013,30,7,0.4,"[2623.3990342552556, 140.48589849472046]"
F262013,30,7,0.5,"[2623.655510218116, 175.5910997390747]"
F262013,30,7,0.6,"[2624.1755399817885, 210.6945583820343]"
F262013,30,7,0.7,"[2626.9369799429846, 245.8313353061676]"
F262013,30,7,0.8,"[2623.0396705360204, 280.9339189529419]"
F262013,30,7,0.9,"[2623.4531477458045, 316.04151010513306]"
F262013,30,7,1.0,"[2624.717778179795, 351.1274712085724]"
F262013,30,8,0.01,"[10495.848029837847, 3.532994508743286]"
F262013,30,8,0.1,"[410.45180793227905, 35.19167137145996]"
F262013,30,8,0.2,"[412.6706830273354, 70.34159278869629]"
F262013,30,8,0.3,"[409.6406973160399, 105.49553203582764]"
F262013,30,8,0.4,"[416.021199784665, 140.61746501922607]"
F262013,30,8,0.5,"[412.4821363371973, 175.77430272102356]"
F262013,30,8,0.6,"[414.5817698070191, 210.91375637054443]"
F262013,30,8,0.7,"[423.53542343045865, 246.07507252693176]"
F262013,30,8,0.8,"[419.2615279520087, 281.2482633590698]"
F262013,30,8,0.9,"[413.9240839529489, 316.438170671463]"
F262013,30,8,1.0,"[412.178687453096, 351.5926444530487]"
F262013,30,9,0.01,"[577.3334886350908, 3.5298266410827637]"
F262013,30,9,0.1,"[204.56157598118102, 35.185261726379395]"
F262013,30,9,0.2,"[200.1034270917246, 70.33828139305115]"
F262013,30,9,0.3,"[200.05167025055243, 105.49937057495117]"
F262013,30,9,0.4,"[200.03873349121432, 140.60806798934937]"
F262013,30,9,0.5,"[200.03336482191048, 175.7787253856659]"
F262013,30,9,0.6,"[200.02635646641488, 210.93031287193298]"
F262013,30,9,0.7,"[200.0228620638561, 246.10050511360168]"
F262013,30,9,0.8,"[200.02056454809622, 281.23397421836853]"
F262013,30,9,0.9,"[200.01966842105708, 316.37311577796936]"
F262013,30,9,1.0,"[200.0161917612918, 351.5176537036896]"
F262013,30,10,0.01,"[10709.473795704207, 3.5368192195892334]"
F262013,30,10,0.1,"[410.73181786254145, 35.226977825164795]"
F262013,30,10,0.2,"[422.9786842171993, 70.37787866592407]"
F262013,30,10,0.3,"[411.56705102586716, 105.54931163787842]"
F262013,30,10,0.4,"[423.68465060936205, 140.67839884757996]"
F262013,30,10,0.5,"[417.2391282861695, 175.88694524765015]"
F262013,30,10,0.6,"[411.78091819503675, 211.0131471157074]"
F262013,30,10,0.7,"[410.6054928853873, 246.17678785324097]"
F262013,30,10,0.8,"[410.56780149245014, 281.2877388000488]"
F262013,30,10,0.9,"[414.3724414882595, 316.4422435760498]"
F262013,30,10,1.0,"[410.90029455411695, 351.5769684314728]"
F262013,30,11,0.01,"[1947.0982771118947, 3.593320369720459]"
F262013,30,11,0.1,"[1869.833240549533, 35.30384302139282]"
F262013,30,11,0.2,"[1870.2901493100044, 70.46531200408936]"
F262013,30,11,0.3,"[1868.9017202707728, 105.65542602539062]"
F262013,30,11,0.4,"[1871.772582335555, 140.82015347480774]"
F262013,30,11,0.5,"[1869.603208457283, 176.00320672988892]"
F262013,30,11,0.6,"[1869.5880548823907, 211.16693449020386]"
F262013,30,11,0.7,"[1869.1793580982958, 246.33713603019714]"
F262013,30,11,0.8,"[1869.0755576570423, 281.50594878196716]"
F262013,30,11,0.9,"[1872.3159865879575, 316.7320442199707]"
F262013,30,11,1.0,"[1868.4339954518537, 351.92001152038574]"
F262013,30,12,0.01,"[1290.1031980491402, 3.5422019958496094]"
F262013,30,12,0.1,"[204.43912193235337, 35.30304312705994]"
F262013,30,12,0.2,"[200.1002708254282, 70.52993774414062]"
F262013,30,12,0.3,"[200.85637178178558, 105.73284316062927]"
F262013,30,12,0.4,"[200.029440697092, 140.9118902683258]"
F262013,30,12,0.5,"[200.0190299696394, 176.13261914253235]"
F262013,30,12,0.6,"[200.03623867536157, 214.94995832443237]"
F262013,30,12,0.7,"[200.01082979437842, 255.813782453537]"
F262013,30,12,0.8,"[200.01464432775992, 293.0006742477417]"
F262013,30,12,0.9,"[200.00812432579914, 328.22951221466064]"
F262013,30,12,1.0,"[200.03783872917347, 363.40478587150574]"
F262013,30,13,0.01,"[2125.5190015678395, 3.571207046508789]"
F262013,30,13,0.1,"[2127.2083339244105, 35.40079164505005]"
F262013,30,13,0.2,"[2129.943014588245, 70.72132444381714]"
F262013,30,13,0.3,"[2125.7833526355134, 106.07245254516602]"
F262013,30,13,0.4,"[2127.9009377824336, 141.3702335357666]"
F262013,30,13,0.5,"[2126.9151953691658, 176.71703791618347]"
F262013,30,13,0.6,"[2129.8256811867745, 212.06353068351746]"
F262013,30,13,0.7,"[2129.8890797968274, 247.42836570739746]"
F262013,30,13,0.8,"[2127.2854818750475, 282.75356793403625]"
F262013,30,13,0.9,"[2126.9729183355967, 318.1090455055237]"
F262013,30,13,1.0,"[2126.1732639406564, 353.4400451183319]"
F262013,30,14,0.01,"[1315.1164104279783, 3.5448124408721924]"
F262013,30,14,0.1,"[1315.0871067062822, 35.317591190338135]"
F262013,30,14,0.2,"[1315.2520777994255, 70.5848331451416]"
F262013,30,14,0.3,"[1315.1113454853948, 105.8725802898407]"
F262013,30,14,0.4,"[1315.4233070709483, 141.13202381134033]"
F262013,30,14,0.5,"[1315.0858775386532, 176.43480038642883]"
F262013,30,14,0.6,"[1315.1457285810543, 211.70961236953735]"
F262013,30,14,0.7,"[1319.289369951097, 247.02081990242004]"
F262013,30,14,0.8,"[1316.2787796187995, 282.3155953884125]"
F262013,30,14,0.9,"[1315.0342818883191, 317.64202880859375]"
F262013,30,14,1.0,"[1315.412404353398, 352.9475357532501]"
F262013,30,15,0.01,"[1720.7827206174015, 3.525696039199829]"
F262013,30,15,0.1,"[1721.0744336822236, 35.15515947341919]"
F262013,30,15,0.2,"[1721.2577277431274, 70.27515506744385]"
F262013,30,15,0.3,"[1722.0674384107742, 105.40339756011963]"
F262013,30,15,0.4,"[1721.8379444290604, 140.5054750442505]"
F262013,30,15,0.5,"[1721.6888688642848, 175.66944098472595]"
F262013,30,15,0.6,"[1721.6766494320482, 210.79996180534363]"
F262013,30,15,0.7,"[1721.7859823694198, 245.95500779151917]"
F262013,30,15,0.8,"[1724.315450615174, 281.12238216400146]"
F262013,30,15,0.9,"[1722.0948230172462, 316.309862613678]"
F262013,30,15,1.0,"[1720.8535838550633, 351.46715664863586]"
F262013,30,16,0.01,"[427.6928394008087, 3.5241096019744873]"
F262013,30,16,0.1,"[203.40980186562865, 35.087427616119385]"
F262013,30,16,0.2,"[200.07034331356658, 70.12717151641846]"
F262013,30,16,0.3,"[200.03239866816034, 105.1867036819458]"
F262013,30,16,0.4,"[200.02498027637398, 140.18348336219788]"
F262013,30,16,0.5,"[200.02108960436044, 175.23919320106506]"
F262013,30,16,0.6,"[200.02222966462705, 210.27679920196533]"
F262013,30,16,0.7,"[200.01697196359828, 245.3521466255188]"
F262013,30,16,0.8,"[200.01569177748502, 280.4137337207794]"
F262013,30,16,0.9,"[200.01469850201147, 315.47551465034485]"
F262013,30,16,1.0,"[200.07185862280858, 350.50112891197205]"
F262013,30,17,0.01,"[21681.140920345948, 3.547428607940674]"
F262013,30,17,0.1,"[411.90811102280486, 35.358712911605835]"
F262013,30,17,0.2,"[414.4803512157873, 70.66025638580322]"
F262013,30,17,0.3,"[410.8192216697789, 105.97812247276306]"
F262013,30,17,0.4,"[411.67616204053434, 141.2561376094818]"
F262013,30,17,0.5,"[411.99558571521356, 176.58231687545776]"
F262013,30,17,0.6,"[410.5418604731278, 211.89761519432068]"
F262013,30,17,0.7,"[411.6125584861363, 247.2518768310547]"
F262013,30,17,0.8,"[415.6630206258551, 282.5954806804657]"
F262013,30,17,0.9,"[412.9329437789711, 317.9648711681366]"
F262013,30,17,1.0,"[410.7954137859724, 353.3865749835968]"
F262013,30,18,0.01,"[8784.548083808626, 3.5251095294952393]"
F262013,30,18,0.1,"[419.8708906091849, 35.16421914100647]"
F262013,30,18,0.2,"[416.1496278640309, 70.27473425865173]"
F262013,30,18,0.3,"[410.42648084787834, 105.40733695030212]"
F262013,30,18,0.4,"[410.20359662023634, 140.5130763053894]"
F262013,30,18,0.5,"[433.76227539106185, 175.6451096534729]"
F262013,30,18,0.6,"[413.51605675453357, 210.7460856437683]"
F262013,30,18,0.7,"[414.1803537811245, 245.87286853790283]"
F262013,30,18,0.8,"[441.1098432228446, 280.996470451355]"
F262013,30,18,0.9,"[410.1465596879443, 316.17202043533325]"
F262013,30,18,1.0,"[413.8624799915185, 351.29634523391724]"
F262013,30,19,0.01,"[2068.674208250851, 3.5302553176879883]"
F262013,30,19,0.1,"[2044.1618820910185, 35.19051957130432]"
F262013,30,19,0.2,"[2044.1751154578214, 70.3436222076416]"
F262013,30,19,0.3,"[2044.4185365714075, 105.51105070114136]"
F262013,30,19,0.4,"[2044.580723130919, 140.6357181072235]"
F262013,30,19,0.5,"[2045.3026909020932, 175.9134759902954]"
F262013,30,19,0.6,"[2044.5696349234827, 211.04792976379395]"
F262013,30,19,0.7,"[2045.4137055328633, 246.21337699890137]"
F262013,30,19,0.8,"[2044.3034677202072, 281.37144684791565]"
F262013,30,19,0.9,"[2045.3594546063036, 316.5882248878479]"
F262013,30,19,1.0,"[2044.4672459249223, 351.75936365127563]"
F262013,30,20,0.01,"[2353.5163324541477, 3.5209593772888184]"
F262013,30,20,0.1,"[1982.9816850397065, 35.072120666503906]"
F262013,30,20,0.2,"[1992.3865998805622, 70.10367226600647]"
F262013,30,20,0.3,"[1977.5610080717843, 105.19557881355286]"
F262013,30,20,0.4,"[1975.2223479981562, 140.2208070755005]"
F262013,30,20,0.5,"[2005.6901104582053, 175.28908467292786]"
F262013,30,20,0.6,"[2008.2574199364908, 210.33395624160767]"
F262013,30,20,0.7,"[1994.5849328801119, 245.43675565719604]"
F262013,30,20,0.8,"[2011.2679959849265, 280.52774810791016]"
F262013,30,20,0.9,"[1985.7399900980854, 315.64301919937134]"
F262013,30,20,1.0,"[1986.1779046593333, 350.71385645866394]"
F262013,30,21,0.01,"[2141.0742669953247, 3.5348784923553467]"
F262013,30,21,0.1,"[1692.1939673767547, 35.2933886051178]"
F262013,30,21,0.2,"[1692.9518947768993, 70.5293493270874]"
F262013,30,21,0.3,"[1700.0289625498035, 105.76845669746399]"
F262013,30,21,0.4,"[1692.5824815853675, 140.9587574005127]"
F262013,30,21,0.5,"[1692.2464993005578, 176.19646406173706]"
F262013,30,21,0.6,"[1692.2877915662584, 211.4177725315094]"
F262013,30,21,0.7,"[1692.6013531845638, 246.69964838027954]"
F262013,30,21,0.8,"[1693.7103084231003, 281.97484397888184]"
F262013,30,21,0.9,"[1694.8591748305848, 317.2317132949829]"
F262013,30,21,1.0,"[1693.712642297296, 352.4664363861084]"
F262013,30,22,0.01,"[470.1619503608881, 3.524421453475952]"
F262013,30,22,0.1,"[201.10814253764102, 35.19221043586731]"
F262013,30,22,0.2,"[200.04640263581268, 70.33143377304077]"
F262013,30,22,0.3,"[200.02520954977808, 105.5330171585083]"
F262013,30,22,0.4,"[200.03810549857667, 140.69275498390198]"
F262013,30,22,0.5,"[200.01159611972662, 175.9359335899353]"
F262013,30,22,0.6,"[200.00945190296943, 211.12101936340332]"
F262013,30,22,0.7,"[200.00870238167408, 246.34418654441833]"
F262013,30,22,0.8,"[200.012151764475, 281.5658893585205]"
F262013,30,22,0.9,"[200.08133853239337, 316.8093526363373]"
F262013,30,22,1.0,"[200.009222214808, 352.0020639896393]"
F262013,30,23,0.01,"[651.9988289802372, 3.5928032398223877]"
F262013,30,23,0.1,"[203.5927471957193, 35.33869123458862]"
F262013,30,23,0.2,"[200.08456371032003, 70.49989366531372]"
F262013,30,23,0.3,"[200.02971427099715, 105.67438578605652]"
F262013,30,23,0.4,"[200.0189354047866, 140.79364275932312]"
F262013,30,23,0.5,"[200.01423710978997, 175.94948172569275]"
F262013,30,23,0.6,"[200.01170793405754, 211.08108592033386]"
F262013,30,23,0.7,"[200.01038271480252, 246.27024626731873]"
F262013,30,23,0.8,"[200.00934774621646, 281.44813799858093]"
F262013,30,23,0.9,"[200.00868135861333, 316.6529667377472]"
F262013,30,23,1.0,"[200.00827254487626, 351.8723347187042]"
F262013,30,24,0.01,"[2300.4225639485567, 3.5833609104156494]"
F262013,30,24,0.1,"[1658.2973404366976, 35.21832084655762]"
F262013,30,24,0.2,"[1656.4358216614091, 70.33970975875854]"
F262013,30,24,0.3,"[1659.58074530463, 105.45793032646179]"
F262013,30,24,0.4,"[1655.861318035716, 140.54376482963562]"
F262013,30,24,0.5,"[1661.9763478610748, 175.6731457710266]"
F262013,30,24,0.6,"[1661.5519871707402, 210.7832636833191]"
F262013,30,24,0.7,"[1656.9183477111628, 245.91221642494202]"
F262013,30,24,0.8,"[1658.0510472203623, 281.0432319641113]"
F262013,30,24,0.9,"[1656.4626668738456, 316.1708059310913]"
F262013,30,24,1.0,"[1656.8443071893616, 351.2801716327667]"
F262013,30,25,0.01,"[3314.945065698652, 3.557690382003784]"
F262013,30,25,0.1,"[3303.354856206016, 35.26316237449646]"
F262013,30,25,0.2,"[3303.820043454475, 70.4641637802124]"
F262013,30,25,0.3,"[3305.2546005614677, 105.70614004135132]"
F262013,30,25,0.4,"[3302.8226459857415, 140.86913204193115]"
F262013,30,25,0.5,"[3305.2267633578012, 176.0762357711792]"
F262013,30,25,0.6,"[3307.8877393081493, 211.27394127845764]"
F262013,30,25,0.7,"[3310.0159281974393, 246.46846652030945]"
F262013,30,25,0.8,"[3302.737978999914, 281.6664593219757]"
F262013,30,25,0.9,"[3306.903655568385, 316.8757436275482]"
F262013,30,25,1.0,"[3304.0469113729723, 352.06869769096375]"
F262013,30,26,0.01,"[2963.9934383644686, 3.599870443344116]"
F262013,30,26,0.1,"[2507.9363383093832, 35.307459592819214]"
F262013,30,26,0.2,"[2509.1623633688873, 70.50540900230408]"
F262013,30,26,0.3,"[2508.12644972445, 105.73224806785583]"
F262013,30,26,0.4,"[2508.8268923318874, 140.92379188537598]"
F262013,30,26,0.5,"[2509.6057580679562, 176.15915870666504]"
F262013,30,26,0.6,"[2510.2267198558548, 211.37510776519775]"
F262013,30,26,0.7,"[2508.6104400083777, 246.62516117095947]"
F262013,30,26,0.8,"[2507.8761594632683, 281.8792521953583]"
F262013,30,26,0.9,"[2508.7102028613895, 317.13339018821716]"
F262013,30,26,1.0,"[2512.2670953036713, 352.3601722717285]"
F262013,30,27,0.01,"[701.0626099741842, 3.540576934814453]"
F262013,30,27,0.1,"[521.2645531279682, 35.260024547576904]"
F262013,30,27,0.2,"[482.90821875282086, 70.45841646194458]"
F262013,30,27,0.3,"[488.122738283972, 105.67643189430237]"
F262013,30,27,0.4,"[590.934266401402, 140.86957216262817]"
F262013,30,27,0.5,"[516.4937807266347, 176.10532474517822]"
F262013,30,27,0.6,"[601.7771257704655, 211.31629872322083]"
F262013,30,27,0.7,"[642.5760217257753, 246.5493721961975]"
F262013,30,27,0.8,"[610.2911145016396, 281.8336820602417]"
F262013,30,27,0.9,"[954.4894832512464, 317.13162541389465]"
F262013,30,27,1.0,"[672.0400178075547, 352.40113949775696]"
F262013,30,28,0.01,"[317.37101630924417, 3.580531358718872]"
F262013,30,28,0.1,"[200.24332701721187, 35.21813726425171]"
F262013,30,28,0.2,"[200.0506718693971, 70.26974844932556]"
F262013,30,28,0.3,"[200.0320018189061, 105.35096430778503]"
F262013,30,28,0.4,"[200.02836652613018, 140.4362235069275]"
F262013,30,28,0.5,"[200.04442051741876, 175.53877878189087]"
F262013,30,28,0.6,"[200.01555674528845, 210.60368585586548]"
F262013,30,28,0.7,"[200.01538017690314, 245.73021817207336]"
F262013,30,28,0.8,"[200.01211735986885, 280.81944584846497]"
F262013,30,28,0.9,"[200.01406320597675, 315.9628396034241]"
F262013,30,28,1.0,"[200.0098292604373, 351.14983463287354]"
F262013,30,29,0.01,"[1329.7770419618582, 3.5965514183044434]"
F262013,30,29,0.1,"[473.0087973432619, 35.30171513557434]"
F262013,30,29,0.2,"[535.4462852169081, 70.49450397491455]"
F262013,30,29,0.3,"[554.6267540809044, 105.6980152130127]"
F262013,30,29,0.4,"[454.14580461728497, 140.8804337978363]"
F262013,30,29,0.5,"[475.97470500262693, 176.11408042907715]"
F262013,30,29,0.6,"[463.0968570984244, 211.29251146316528]"
F262013,30,29,0.7,"[586.162259843672, 246.51774501800537]"
F262013,30,29,0.8,"[531.0065683046221, 281.7104125022888]"
F262013,30,29,0.9,"[464.148124130852, 316.9285132884979]"
F262013,30,29,1.0,"[513.4727370787039, 352.0973677635193]"
F262013,30,30,0.01,"[743.3787021489968, 3.5351340770721436]"
F262013,30,30,0.1,"[868.702487014195, 35.17424774169922]"
F262013,30,30,0.2,"[440.54291342116494, 70.31033372879028]"
F262013,30,30,0.3,"[579.176827956841, 105.47663164138794]"
F262013,30,30,0.4,"[1192.6024176927413, 140.59428000450134]"
F262013,30,30,0.5,"[455.4599037280891, 175.78517818450928]"
F262013,30,30,0.6,"[451.0925011547822, 210.95159482955933]"
F262013,30,30,0.7,"[1194.2830578201006, 246.08716583251953]"
F262013,30,30,0.8,"[494.674706347565, 281.2324366569519]"
F262013,30,30,0.9,"[854.91939189822, 316.4048709869385]"
F262013,30,30,1.0,"[506.65589183114116, 351.5334231853485]"
F262013,30,31,0.01,"[7141.1597516149595, 3.5356128215789795]"
F262013,30,31,0.1,"[416.4844252100679, 35.19662141799927]"
F262013,30,31,0.2,"[410.6014341981995, 70.35364985466003]"
F262013,30,31,0.3,"[410.15477573646376, 105.51889634132385]"
F262013,30,31,0.4,"[421.79569472520143, 140.66877222061157]"
F262013,30,31,0.5,"[410.8684783122367, 175.85024309158325]"
F262013,30,31,0.6,"[410.50301114564377, 210.99477338790894]"
F262013,30,31,0.7,"[418.2586318923627, 246.16413974761963]"
F262013,30,31,0.8,"[411.76562199589944, 281.3302550315857]"
F262013,30,31,0.9,"[417.9592153641606, 316.51703691482544]"
F262013,30,31,1.0,"[411.8206391844708, 351.6700654029846]"
F262013,30,32,0.01,"[2178.405412084356, 3.53590726852417]"
F262013,30,32,0.1,"[1519.5181050649162, 35.20165300369263]"
F262013,30,32,0.2,"[1558.5247817681093, 70.35287380218506]"
F262013,30,32,0.3,"[1544.913281791155, 105.52040767669678]"
F262013,30,32,0.4,"[1538.5595871476698, 140.6522786617279]"
F262013,30,32,0.5,"[1514.587638157278, 175.83390927314758]"
F262013,30,32,0.6,"[1551.3609364672375, 210.98040175437927]"
F262013,30,32,0.7,"[1558.8597027186006, 246.17696070671082]"
F262013,30,32,0.8,"[1513.0614969478456, 281.3594374656677]"
F262013,30,32,0.9,"[1522.5728785471329, 316.5740604400635]"
F262013,30,32,1.0,"[1505.4541397875219, 351.7565095424652]"
F262013,30,33,0.01,"[2301.46456229744, 3.580305576324463]"
F262013,30,33,0.1,"[2236.7386942107546, 35.321324586868286]"
F262013,30,33,0.2,"[2240.8158214084997, 70.54175090789795]"
F262013,30,33,0.3,"[2240.2677731627796, 105.7658622264862]"
F262013,30,33,0.4,"[2236.85734983804, 140.9580535888672]"
F262013,30,33,0.5,"[2249.9690674317453, 176.1785638332367]"
F262013,30,33,0.6,"[2241.8074113174766, 211.40538024902344]"
F262013,30,33,0.7,"[2237.6011347450385, 246.64991116523743]"
F262013,30,33,0.8,"[2236.6397877499007, 281.882524728775]"
F262013,30,33,0.9,"[2243.3417498228214, 317.1379237174988]"
F262013,30,33,1.0,"[2239.145821765691, 352.3668372631073]"
F262013,30,34,0.01,"[689.5358549104972, 3.5657095909118652]"
F262013,30,34,0.1,"[596.8009483622495, 35.13038182258606]"
F262013,30,34,0.2,"[698.5811601254104, 70.19314503669739]"
F262013,30,34,0.3,"[862.251492495006, 105.20510458946228]"
F262013,30,34,0.4,"[1068.2390432311722, 140.14388132095337]"
F262013,30,34,0.5,"[845.8201881748446, 175.13143062591553]"
F262013,30,34,0.6,"[672.8232039492036, 210.10858750343323]"
F262013,30,34,0.7,"[637.1084410154499, 245.19594430923462]"
F262013,30,34,0.8,"[461.8938800438823, 280.22928285598755]"
F262013,30,34,0.9,"[461.0399081862522, 315.2471432685852]"
F262013,30,34,1.0,"[622.8473354541281, 350.2504484653473]"
F262013,30,35,0.01,"[16261.40156242397, 3.5014493465423584]"
F262013,30,35,0.1,"[445.5920682685553, 34.91252398490906]"
F262013,30,35,0.2,"[413.33228135156014, 69.85264205932617]"
F262013,30,35,0.3,"[412.0206029032447, 104.78034138679504]"
F262013,30,35,0.4,"[412.9322706830967, 139.67372870445251]"
F262013,30,35,0.5,"[417.4220812376425, 174.56806349754333]"
F262013,30,35,0.6,"[411.71258539268433, 209.46791696548462]"
F262013,30,35,0.7,"[412.56940656545066, 244.46209287643433]"
F262013,30,35,0.8,"[411.76077997330435, 279.4201023578644]"
F262013,30,35,0.9,"[410.22595028962246, 314.346932888031]"
F262013,30,35,1.0,"[411.2638988527988, 349.2283225059509]"
F262013,30,36,0.01,"[2065.6223386210077, 3.571221113204956]"
F262013,30,36,0.1,"[1645.975389811777, 35.14550828933716]"
F262013,30,36,0.2,"[1647.0673739942345, 70.22807550430298]"
F262013,30,36,0.3,"[1647.566268124092, 105.33370566368103]"
F262013,30,36,0.4,"[1647.910391672463, 140.38594961166382]"
F262013,30,36,0.5,"[1647.288371116485, 175.4737048149109]"
F262013,30,36,0.6,"[1645.8821812067572, 210.5556676387787]"
F262013,30,36,0.7,"[1648.225561616036, 245.67052030563354]"
F262013,30,36,0.8,"[1645.9266268352267, 280.7555913925171]"
F262013,30,36,0.9,"[1647.004359212593, 315.84105253219604]"
F262013,30,36,1.0,"[1645.8651628640446, 350.8981263637543]"
F262013,30,37,0.01,"[315.3654360197331, 4.1276843547821045]"
F262013,30,37,0.1,"[200.9755268594406, 40.83260679244995]"
F262013,30,37,0.2,"[200.04990215589646, 81.60651803016663]"
F262013,30,37,0.3,"[200.11300545807558, 122.38217544555664]"
F262013,30,37,0.4,"[200.03669358465004, 163.09562182426453]"
F262013,30,37,0.5,"[200.02083706718804, 201.71193957328796]"
F262013,30,37,0.6,"[200.02081731068301, 236.74768161773682]"
F262013,30,37,0.7,"[200.01928394550418, 271.87859869003296]"
F262013,30,37,0.8,"[200.01272301696076, 306.9639332294464]"
F262013,30,37,0.9,"[200.2382772046583, 342.0755867958069]"
F262013,30,37,1.0,"[200.03562890537, 377.11132431030273]"
F262013,30,38,0.01,"[1365.8620728844348, 3.5714261531829834]"
F262013,30,38,0.1,"[228.10980288878181, 35.24018979072571]"
F262013,30,38,0.2,"[200.31447283423768, 70.37226939201355]"
F262013,30,38,0.3,"[200.27897693707882, 105.53774499893188]"
F262013,30,38,0.4,"[200.01198322706432, 140.66628742218018]"
F262013,30,38,0.5,"[200.0209968265326, 175.83082270622253]"
F262013,30,38,0.6,"[200.01693507573736, 210.96823048591614]"
F262013,30,38,0.7,"[200.00799635663202, 246.16342067718506]"
F262013,30,38,0.8,"[200.00774709864163, 281.31452989578247]"
F262013,30,38,0.9,"[200.00756473047204, 316.50603127479553]"
F262013,30,38,1.0,"[200.0086679507715, 351.6360683441162]"
F262013,30,39,0.01,"[402.01410899307893, 3.5695295333862305]"
F262013,30,39,0.1,"[200.60483410243432, 35.13134741783142]"
F262013,30,39,0.2,"[200.0351189605699, 70.1489462852478]"
F262013,30,39,0.3,"[200.02079477400662, 105.23779487609863]"
F262013,30,39,0.4,"[200.01522448032688, 140.2381191253662]"
F262013,30,39,0.5,"[200.01261942145038, 175.30823063850403]"
F262013,30,39,0.6,"[200.01222732957422, 210.3638949394226]"
F262013,30,39,0.7,"[200.00964833782746, 245.4653069972992]"
F262013,30,39,0.8,"[200.0087559804199, 280.5458779335022]"
F262013,30,39,0.9,"[200.00815093737629, 315.63370013237]"
F262013,30,39,1.0,"[200.00768004357815, 350.7016291618347]"
F262013,30,40,0.01,"[502.7231326596973, 3.568119764328003]"
F262013,30,40,0.1,"[569.2570717530575, 35.14041876792908]"
F262013,30,40,0.2,"[500.1310898053466, 70.18572306632996]"
F262013,30,40,0.3,"[558.3431611632584, 105.2369155883789]"
F262013,30,40,0.4,"[480.8622355899529, 140.23983001708984]"
F262013,30,40,0.5,"[445.68551944652063, 175.30974173545837]"
F262013,30,40,0.6,"[452.2206442686713, 210.34912776947021]"
F262013,30,40,0.7,"[455.3391949884867, 245.40786790847778]"
F262013,30,40,0.8,"[495.52319285320846, 280.47700214385986]"
F262013,30,40,0.9,"[499.01013661757565, 315.5481836795807]"
F262013,30,40,1.0,"[453.64223046349116, 350.58897948265076]"
F262013,30,41,0.01,"[1509.3891693450569, 3.5162601470947266]"
F262013,30,41,0.1,"[1348.3717801245698, 35.02049994468689]"
F262013,30,41,0.2,"[1350.4023685390107, 70.0055685043335]"
F262013,30,41,0.3,"[1348.886594309165, 104.98935198783875]"
F262013,30,41,0.4,"[1348.7688929197375, 139.92907071113586]"
F262013,30,41,0.5,"[1348.458925183916, 174.92683911323547]"
F262013,30,41,0.6,"[1347.5293837836284, 209.92620253562927]"
F262013,30,41,0.7,"[1348.1026363508568, 244.9555869102478]"
F262013,30,41,0.8,"[1351.3383559900344, 279.98272824287415]"
F262013,30,41,0.9,"[1352.1710026725623, 314.9926996231079]"
F262013,30,41,1.0,"[1350.909606617056, 349.9876592159271]"
F262013,30,42,0.01,"[1150.3664156530585, 3.524035930633545]"
F262013,30,42,0.1,"[480.4094731683499, 35.110844135284424]"
F262013,30,42,0.2,"[471.05922271116947, 70.18662357330322]"
F262013,30,42,0.3,"[463.7694761812338, 105.27654385566711]"
F262013,30,42,0.4,"[479.3384870576208, 140.3329086303711]"
F262013,30,42,0.5,"[503.3615896985982, 175.43379616737366]"
F262013,30,42,0.6,"[471.37136437763047, 210.55251598358154]"
F262013,30,42,0.7,"[499.2701359930736, 245.6571581363678]"
F262013,30,42,0.8,"[511.689300657451, 280.79257702827454]"
F262013,30,42,0.9,"[500.08502842069174, 315.8873646259308]"
F262013,30,42,1.0,"[443.9521038175517, 350.957688331604]"
F262013,30,43,0.01,"[582.4243608447891, 3.5426456928253174]"
F262013,30,43,0.1,"[745.1580781922944, 35.27318549156189]"
F262013,30,43,0.2,"[462.44505453159763, 70.50357985496521]"
F262013,30,43,0.3,"[557.9147264553435, 105.74733281135559]"
F262013,30,43,0.4,"[453.60536799120473, 140.95667695999146]"
F262013,30,43,0.5,"[849.6882103131697, 176.21305632591248]"
F262013,30,43,0.6,"[512.6391931855521, 211.43082904815674]"
F262013,30,43,0.7,"[449.04136613256924, 246.70285868644714]"
F262013,30,43,0.8,"[465.52102842851946, 281.96722650527954]"
F262013,30,43,0.9,"[475.4247934830139, 317.24379539489746]"
F262013,30,43,1.0,"[471.02903995256065, 352.4987452030182]"
F262013,30,44,0.01,"[992.0397583339995, 3.588233232498169]"
F262013,30,44,0.1,"[203.95163899929344, 35.29207921028137]"
F262013,30,44,0.2,"[200.16589450889956, 70.43057179450989]"
F262013,30,44,0.3,"[200.0531273152494, 105.62142729759216]"
F262013,30,44,0.4,"[200.03894637652502, 140.75703167915344]"
F262013,30,44,0.5,"[200.0326490343498, 175.93763375282288]"
F262013,30,44,0.6,"[200.0266852705504, 211.0606849193573]"
F262013,30,44,0.7,"[200.02290505630594, 246.2258288860321]"
F262013,30,44,0.8,"[200.02194937008517, 281.36600708961487]"
F262013,30,44,0.9,"[200.0176830828425, 316.55597138404846]"
F262013,30,44,1.0,"[200.01581102604973, 351.6983563899994]"
F262013,30,45,0.01,"[2114.688886846309, 3.5208775997161865]"
F262013,30,45,0.1,"[649.7477919122416, 35.08726096153259]"
F262013,30,45,0.2,"[749.9035453775598, 70.12486457824707]"
F262013,30,45,0.3,"[488.35565019494015, 105.203866481781]"
F262013,30,45,0.4,"[692.6149932689766, 140.20831990242004]"
F262013,30,45,0.5,"[643.8734548177549, 175.27790641784668]"
F262013,30,45,0.6,"[667.0554731102634, 210.287415266037]"
F262013,30,45,0.7,"[449.11577937955667, 245.31114745140076]"
F262013,30,45,0.8,"[482.13785507172634, 280.3963987827301]"
F262013,30,45,0.9,"[438.70915122947326, 315.49019861221313]"
F262013,30,45,1.0,"[461.26137926513843, 350.54375433921814]"
F262013,30,46,0.01,"[639.5448691091792, 3.532327175140381]"
F262013,30,46,0.1,"[446.21566898664446, 35.207271575927734]"
F262013,30,46,0.2,"[447.9504851513898, 70.38146424293518]"
F262013,30,46,0.3,"[446.94898155628357, 105.57848834991455]"
F262013,30,46,0.4,"[468.0140550725632, 140.74252891540527]"
F262013,30,46,0.5,"[483.07162952555336, 175.94910073280334]"
F262013,30,46,0.6,"[457.2650723040638, 211.12791967391968]"
F262013,30,46,0.7,"[458.2541309802466, 246.3104522228241]"
F262013,30,46,0.8,"[448.8641559362418, 281.44775581359863]"
F262013,30,46,0.9,"[515.0887731911971, 316.65215277671814]"
F262013,30,46,1.0,"[484.7842442547262, 351.8310298919678]"
F262013,30,47,0.01,"[2068.0139238268694, 3.530592203140259]"
F262013,30,47,0.1,"[454.007589151754, 35.132734298706055]"
F262013,30,47,0.2,"[446.93654854880333, 70.26536536216736]"
F262013,30,47,0.3,"[583.8284183387648, 105.40712714195251]"
F262013,30,47,0.4,"[845.8408159063383, 140.49362468719482]"
F262013,30,47,0.5,"[565.9222418938409, 175.63633680343628]"
F262013,30,47,0.6,"[436.9297731263041, 210.74609684944153]"
F262013,30,47,0.7,"[532.385700631439, 245.8800539970398]"
F262013,30,47,0.8,"[508.04789167362605, 280.99701595306396]"
F262013,30,47,0.9,"[445.9742560517095, 316.13865661621094]"
F262013,30,47,1.0,"[555.4449099019625, 351.2488384246826]"
F262013,30,48,0.01,"[884.2696293169765, 3.5350325107574463]"
F262013,30,48,0.1,"[576.0345399517275, 35.22980189323425]"
F262013,30,48,0.2,"[487.3074633723711, 70.4076075553894]"
F262013,30,48,0.3,"[541.3999851453561, 105.62919688224792]"
F262013,30,48,0.4,"[438.217920924802, 140.84271025657654]"
F262013,30,48,0.5,"[443.59949399859306, 176.09379410743713]"
F262013,30,48,0.6,"[417.1728660003346, 211.32035899162292]"
F262013,30,48,0.7,"[450.83557696777075, 246.5786280632019]"
F262013,30,48,0.8,"[747.5795231089346, 281.79106545448303]"
F262013,30,48,0.9,"[477.6919066180235, 317.05105996131897]"
F262013,30,48,1.0,"[441.17322714353986, 352.2627823352814]"
F262013,30,49,0.01,"[2816.3323734515284, 3.5068018436431885]"
F262013,30,49,0.1,"[2820.521654391548, 34.9757866859436]"
F262013,30,49,0.2,"[2819.9429184721507, 69.90193486213684]"
F262013,30,49,0.3,"[2818.235087812522, 104.8417398929596]"
F262013,30,49,0.4,"[2818.7404687872436, 139.77012419700623]"
F262013,30,49,0.5,"[2817.1154713017963, 174.74102210998535]"
F262013,30,49,0.6,"[2817.9240572431117, 209.68733882904053]"
F262013,30,49,0.7,"[2818.8380699881313, 244.70027709007263]"
F262013,30,49,0.8,"[2819.8553754639775, 279.66511058807373]"
F262013,30,49,0.9,"[2819.156551587389, 314.6397280693054]"
F262013,30,49,1.0,"[2820.2363058093124, 349.604749917984]"
F262013,30,50,0.01,"[2448.3981317010025, 3.51296067237854]"
F262013,30,50,0.1,"[2147.359407906091, 35.01784896850586]"
F262013,30,50,0.2,"[2081.9649459118427, 69.9175910949707]"
F262013,30,50,0.3,"[2091.7195335272386, 104.74558639526367]"
F262013,30,50,0.4,"[2104.11065479456, 139.5240035057068]"
F262013,30,50,0.5,"[2136.1535635654836, 174.35349440574646]"
F262013,30,50,0.6,"[2116.9363796075877, 209.166588306427]"
F262013,30,50,0.7,"[2101.060199327691, 244.00234723091125]"
F262013,30,50,0.8,"[2118.2701120244465, 278.78900837898254]"
F262013,30,50,0.9,"[2109.4662519147737, 313.6330313682556]"
F262013,30,50,1.0,"[2094.0435452585543, 348.43616700172424]"
F262013,50,0,0.01,"[26403.41202600781, 7.998857498168945]"
F262013,50,0,0.1,"[411.43307979132373, 83.98091411590576]"
F262013,50,0,0.2,"[410.7856282487494, 174.04779291152954]"
F262013,50,0,0.3,"[415.87330422031596, 263.9265139102936]"
F262013,50,0,0.4,"[411.5479041584558, 353.8944847583771]"
F262013,50,0,0.5,"[412.82696007058894, 443.72716307640076]"
F262013,50,0,0.6,"[433.17290079250824, 533.6041331291199]"
F262013,50,0,0.7,"[411.9082857016531, 623.3899083137512]"
F262013,50,0,0.8,"[422.71188759978236, 713.3674111366272]"
F262013,50,0,0.9,"[414.43583826950976, 802.9782552719116]"
F262013,50,0,1.0,"[417.6461218536492, 893.4049484729767]"
F262013,50,1,0.01,"[1059.0362270095047, 8.013102293014526]"
F262013,50,1,0.1,"[884.4072810984699, 79.49648666381836]"
F262013,50,1,0.2,"[664.4436555319853, 158.94745707511902]"
F262013,50,1,0.3,"[515.4729001827188, 238.16428637504578]"
F262013,50,1,0.4,"[559.8369389140844, 317.3726029396057]"
F262013,50,1,0.5,"[638.0246020956429, 396.56075167655945]"
F262013,50,1,0.6,"[672.6635940387532, 475.79837250709534]"
F262013,50,1,0.7,"[622.7436694050148, 554.9203326702118]"
F262013,50,1,0.8,"[660.9724768198298, 634.1437036991119]"
F262013,50,1,0.9,"[843.4561791446113, 713.3426043987274]"
F262013,50,1,1.0,"[555.9801185482306, 792.5997180938721]"
F262013,50,2,0.01,"[1377.0406576983705, 8.443593502044678]"
F262013,50,2,0.1,"[648.2690501108286, 80.0840334892273]"
F262013,50,2,0.2,"[744.0520532634603, 159.7463686466217]"
F262013,50,2,0.3,"[568.13328953669, 239.25999450683594]"
F262013,50,2,0.4,"[640.0800584161266, 318.76255106925964]"
F262013,50,2,0.5,"[605.3427002712308, 397.9867584705353]"
F262013,50,2,0.6,"[555.8662774296606, 477.3008465766907]"
F262013,50,2,0.7,"[540.1107825791833, 556.5235586166382]"
F262013,50,2,0.8,"[553.6049639603066, 635.7054779529572]"
F262013,50,2,0.9,"[570.4714312481376, 715.0181052684784]"
F262013,50,2,1.0,"[568.9197811861429, 794.3985183238983]"
F262013,50,3,0.01,"[1227.3806483793715, 8.610847473144531]"
F262013,50,3,0.1,"[692.4098990637513, 84.5667941570282]"
F262013,50,3,0.2,"[595.4298561335195, 163.78046703338623]"
F262013,50,3,0.3,"[659.9085365359424, 242.8810122013092]"
F262013,50,3,0.4,"[622.9956523281589, 322.025013923645]"
F262013,50,3,0.5,"[666.6500257543139, 401.13768792152405]"
F262013,50,3,0.6,"[681.4717690867519, 479.99315762519836]"
F262013,50,3,0.7,"[568.0759328657937, 558.6888461112976]"
F262013,50,3,0.8,"[537.0258989243684, 637.5177750587463]"
F262013,50,3,0.9,"[573.4058674305427, 716.4343979358673]"
F262013,50,3,1.0,"[689.0676702235069, 795.4293308258057]"
F262013,50,4,0.01,"[1424.4219878347794, 7.969086408615112]"
F262013,50,4,0.1,"[622.1473539157764, 78.9786148071289]"
F262013,50,4,0.2,"[665.0032720323543, 158.01324152946472]"
F262013,50,4,0.3,"[729.7514424348021, 237.14881086349487]"
F262013,50,4,0.4,"[890.501614609705, 316.21814227104187]"
F262013,50,4,0.5,"[544.7058431087512, 395.2243721485138]"
F262013,50,4,0.6,"[549.9683727091847, 474.3097438812256]"
F262013,50,4,0.7,"[564.121119388531, 553.2213695049286]"
F262013,50,4,0.8,"[543.1163657554882, 632.1777300834656]"
F262013,50,4,0.9,"[593.3745297825653, 711.1151471138]"
F262013,50,4,1.0,"[635.1659664341516, 790.1203293800354]"
F262013,50,5,0.01,"[1526.8238687561534, 8.012240648269653]"
F262013,50,5,0.1,"[894.2895143214414, 79.39255356788635]"
F262013,50,5,0.2,"[652.0390679731995, 158.7989785671234]"
F262013,50,5,0.3,"[643.2643977373098, 238.17028403282166]"
F262013,50,5,0.4,"[683.1806407941235, 317.5344731807709]"
F262013,50,5,0.5,"[619.1903737049747, 396.8386709690094]"
F262013,50,5,0.6,"[537.7035861116112, 476.42739605903625]"
F262013,50,5,0.7,"[685.5706307859332, 555.8066530227661]"
F262013,50,5,0.8,"[560.9197619390247, 635.1510329246521]"
F262013,50,5,0.9,"[586.7962630818072, 714.3640613555908]"
F262013,50,5,1.0,"[598.133330640655, 793.6292972564697]"
F262013,50,6,0.01,"[987.1409204227266, 8.763129711151123]"
F262013,50,6,0.1,"[209.1446035258043, 80.18379282951355]"
F262013,50,6,0.2,"[200.4021743451283, 159.63475942611694]"
F262013,50,6,0.3,"[200.03496302827625, 238.97586035728455]"
F262013,50,6,0.4,"[200.02505498252867, 318.37508821487427]"
F262013,50,6,0.5,"[200.28037302684106, 397.8208909034729]"
F262013,50,6,0.6,"[200.01276113549648, 477.27937960624695]"
F262013,50,6,0.7,"[200.74997749275713, 556.6416563987732]"
F262013,50,6,0.8,"[200.01791069497745, 636.1735785007477]"
F262013,50,6,0.9,"[200.00990684859153, 715.6531381607056]"
F262013,50,6,1.0,"[200.00747475298567, 794.9753859043121]"
F262013,50,7,0.01,"[3578.9000222185405, 8.02935242652893]"
F262013,50,7,0.1,"[3581.38908803052, 79.49821662902832]"
F262013,50,7,0.2,"[3579.378735798293, 158.99563241004944]"
F262013,50,7,0.3,"[3580.2711160862946, 238.41201066970825]"
F262013,50,7,0.4,"[3585.2342621620282, 317.84621953964233]"
F262013,50,7,0.5,"[3580.0753159983933, 397.1449887752533]"
F262013,50,7,0.6,"[3579.3567377606596, 476.57487630844116]"
F262013,50,7,0.7,"[3582.9914125828955, 555.9174177646637]"
F262013,50,7,0.8,"[3581.414850592024, 635.3977818489075]"
F262013,50,7,0.9,"[3584.65799242894, 714.8810157775879]"
F262013,50,7,1.0,"[3579.0319713068093, 794.44886302948]"
F262013,50,8,0.01,"[3352.5603061723996, 7.988133192062378]"
F262013,50,8,0.1,"[2800.637500238108, 79.20059490203857]"
F262013,50,8,0.2,"[2816.0973323648946, 158.48214960098267]"
F262013,50,8,0.3,"[2787.417091459505, 237.526104927063]"
F262013,50,8,0.4,"[2786.850587402147, 316.6539421081543]"
F262013,50,8,0.5,"[2808.502657957278, 395.65667629241943]"
F262013,50,8,0.6,"[2809.0907469670474, 474.80398631095886]"
F262013,50,8,0.7,"[2803.1768709410144, 553.8552100658417]"
F262013,50,8,0.8,"[2802.6907392940893, 633.0036563873291]"
F262013,50,8,0.9,"[2803.7317846994265, 712.1512608528137]"
F262013,50,8,1.0,"[2803.6517204693255, 791.4175550937653]"
F262013,50,9,0.01,"[1347.7237681038014, 7.992809772491455]"
F262013,50,9,0.1,"[590.8661954862014, 79.24754047393799]"
F262013,50,9,0.2,"[587.8312551904141, 158.52266573905945]"
F262013,50,9,0.3,"[569.8145016356114, 237.7030634880066]"
F262013,50,9,0.4,"[575.2212847574094, 316.9683327674866]"
F262013,50,9,0.5,"[1151.3669257050196, 396.156201839447]"
F262013,50,9,0.6,"[1186.4717735479494, 475.53627014160156]"
F262013,50,9,0.7,"[666.3521533536698, 554.7620177268982]"
F262013,50,9,0.8,"[1290.3956836491252, 634.0467164516449]"
F262013,50,9,0.9,"[715.8964470183114, 713.3530476093292]"
F262013,50,9,1.0,"[594.4319279519032, 792.7450795173645]"
F262013,50,10,0.01,"[436.8083573640697, 7.99608302116394]"
F262013,50,10,0.1,"[200.6707544237081, 79.2335934638977]"
F262013,50,10,0.2,"[200.05002591962102, 158.4846625328064]"
F262013,50,10,0.3,"[200.02840615146874, 237.65740609169006]"
F262013,50,10,0.4,"[200.0216908282123, 316.87430024147034]"
F262013,50,10,0.5,"[200.0163280980937, 395.9701964855194]"
F262013,50,10,0.6,"[200.01377469239128, 475.6521837711334]"
F262013,50,10,0.7,"[200.01414485699252, 554.8363308906555]"
F262013,50,10,0.8,"[200.01217573694498, 634.1267557144165]"
F262013,50,10,0.9,"[200.0099013739582, 713.4392259120941]"
F262013,50,10,1.0,"[200.00834423342076, 792.8557949066162]"
F262013,50,11,0.01,"[1135.2647948254644, 8.001444578170776]"
F262013,50,11,0.1,"[552.7468849062407, 79.38828945159912]"
F262013,50,11,0.2,"[563.2725133217004, 158.7384922504425]"
F262013,50,11,0.3,"[858.6678009609191, 238.0093424320221]"
F262013,50,11,0.4,"[1044.821038451797, 317.3832948207855]"
F262013,50,11,0.5,"[682.2320888055947, 396.6060907840729]"
F262013,50,11,0.6,"[559.3544968995279, 476.02717566490173]"
F262013,50,11,0.7,"[699.8794526277634, 555.1983470916748]"
F262013,50,11,0.8,"[762.6640498067777, 634.4437730312347]"
F262013,50,11,0.9,"[843.3150676666344, 713.7354025840759]"
F262013,50,11,1.0,"[1106.2129737228452, 793.1879756450653]"
F262013,50,12,0.01,"[12230.75477781543, 7.996112585067749]"
F262013,50,12,0.1,"[410.91816345825623, 79.22727465629578]"
F262013,50,12,0.2,"[411.0607676337638, 158.48477387428284]"
F262013,50,12,0.3,"[413.35296141726576, 237.77806496620178]"
F262013,50,12,0.4,"[410.7371436053693, 317.13935351371765]"
F262013,50,12,0.5,"[411.58854376947784, 396.3477818965912]"
F262013,50,12,0.6,"[410.53599758730206, 475.62402987480164]"
F262013,50,12,0.7,"[412.1812349288473, 554.8194947242737]"
F262013,50,12,0.8,"[411.74934947702286, 634.1130316257477]"
F262013,50,12,0.9,"[414.1427746222814, 713.5425045490265]"
F262013,50,12,1.0,"[411.1867831531081, 792.882575750351]"
F262013,50,13,0.01,"[1868.828713280258, 8.002011775970459]"
F262013,50,13,0.1,"[689.3695304453656, 79.39149165153503]"
F262013,50,13,0.2,"[640.5472175017214, 158.86234641075134]"
F262013,50,13,0.3,"[838.5174148936435, 238.21147084236145]"
F262013,50,13,0.4,"[650.2355246267739, 317.6437406539917]"
F262013,50,13,0.5,"[554.8875632645816, 397.0040295124054]"
F262013,50,13,0.6,"[545.6050396145047, 476.47556495666504]"
F262013,50,13,0.7,"[587.9385316952457, 555.8234355449677]"
F262013,50,13,0.8,"[535.9385836871338, 635.2893180847168]"
F262013,50,13,0.9,"[604.6103611190777, 714.7759892940521]"
F262013,50,13,1.0,"[569.8277527115015, 794.3623917102814]"
F262013,50,14,0.01,"[1894.6709940993574, 8.02041745185852]"
F262013,50,14,0.1,"[826.6695740334212, 79.53446960449219]"
F262013,50,14,0.2,"[697.7559566984853, 159.02871227264404]"
F262013,50,14,0.3,"[1319.1262333480472, 238.40210914611816]"
F262013,50,14,0.4,"[755.2235891790046, 317.8778021335602]"
F262013,50,14,0.5,"[580.3047593913491, 397.2291522026062]"
F262013,50,14,0.6,"[923.2267421952947, 476.73000478744507]"
F262013,50,14,0.7,"[777.7155518274119, 556.1282937526703]"
F262013,50,14,0.8,"[561.1474268342997, 635.6003813743591]"
F262013,50,14,0.9,"[535.6715522349236, 715.1152017116547]"
F262013,50,14,1.0,"[542.9968695262826, 794.7853479385376]"
F262013,50,15,0.01,"[1420.590072740722, 8.025629043579102]"
F262013,50,15,0.1,"[758.1044749892567, 79.52470207214355]"
F262013,50,15,0.2,"[638.7459250423967, 159.00303101539612]"
F262013,50,15,0.3,"[551.6032368685492, 238.38397431373596]"
F262013,50,15,0.4,"[555.104827121535, 317.8421700000763]"
F262013,50,15,0.5,"[596.2209862860432, 397.2058815956116]"
F262013,50,15,0.6,"[600.7349676917133, 476.9456932544708]"
F262013,50,15,0.7,"[1104.7275787283525, 556.6040081977844]"
F262013,50,15,0.8,"[699.2893426470014, 636.4432573318481]"
F262013,50,15,0.9,"[578.8362235191566, 716.2244322299957]"
F262013,50,15,1.0,"[556.1027014988299, 795.9033944606781]"
F262013,50,16,0.01,"[17064.15649844644, 8.00122356414795]"
F262013,50,16,0.1,"[412.14054286405894, 79.34268832206726]"
F262013,50,16,0.2,"[410.87450598871965, 158.73445391654968]"
F262013,50,16,0.3,"[412.18671138426043, 237.99711060523987]"
F262013,50,16,0.4,"[413.08145305297217, 317.33918023109436]"
F262013,50,16,0.5,"[411.90378944703684, 396.6091139316559]"
F262013,50,16,0.6,"[419.84892461700065, 475.94328784942627]"
F262013,50,16,0.7,"[426.30178714705016, 555.1669230461121]"
F262013,50,16,0.8,"[415.23264142614266, 634.4906058311462]"
F262013,50,16,0.9,"[410.77125367645635, 713.7938117980957]"
F262013,50,16,1.0,"[424.87492613718405, 793.180819272995]"
F262013,50,17,0.01,"[2417.331008739792, 8.0027174949646]"
F262013,50,17,0.1,"[2433.872353261766, 79.10677599906921]"
F262013,50,17,0.2,"[2436.0546093887274, 158.22176456451416]"
F262013,50,17,0.3,"[2412.2458818549494, 237.22811222076416]"
F262013,50,17,0.4,"[2457.402508830542, 316.2995343208313]"
F262013,50,17,0.5,"[2510.9379504135377, 395.23977279663086]"
F262013,50,17,0.6,"[2419.703500028781, 474.32397389411926]"
F262013,50,17,0.7,"[2412.7275190523665, 553.3035180568695]"
F262013,50,17,0.8,"[2424.768523346904, 632.3651733398438]"
F262013,50,17,0.9,"[2432.3388186370303, 711.4534428119659]"
F262013,50,17,1.0,"[2429.4298736241662, 790.6067099571228]"
F262013,50,18,0.01,"[2456.5978313970536, 7.991535425186157]"
F262013,50,18,0.1,"[2445.636460956765, 79.23765754699707]"
F262013,50,18,0.2,"[2445.364909766928, 158.4811737537384]"
F262013,50,18,0.3,"[2443.0856166900603, 237.62727999687195]"
F262013,50,18,0.4,"[2450.1082840254962, 316.860068321228]"
F262013,50,18,0.5,"[2446.394066476578, 395.9826409816742]"
F262013,50,18,0.6,"[2443.4592417235394, 475.2133400440216]"
F262013,50,18,0.7,"[2446.467418490667, 554.3830361366272]"
F262013,50,18,0.8,"[2445.5699721429846, 633.6807866096497]"
F262013,50,18,0.9,"[2445.456118080796, 712.9181053638458]"
F262013,50,18,1.0,"[2443.0744023947996, 792.2608001232147]"
F262013,50,19,0.01,"[1036.913829765626, 8.05802035331726]"
F262013,50,19,0.1,"[210.05442204235555, 79.32650899887085]"
F262013,50,19,0.2,"[200.10203384720148, 158.5966203212738]"
F262013,50,19,0.3,"[200.0405766564861, 237.71933960914612]"
F262013,50,19,0.4,"[200.01102428019726, 316.9461133480072]"
F262013,50,19,0.5,"[200.00753633282693, 396.0493092536926]"
F262013,50,19,0.6,"[200.00646850364456, 475.4271628856659]"
F262013,50,19,0.7,"[200.00468490733783, 554.596822977066]"
F262013,50,19,0.8,"[200.00388099647944, 633.8576529026031]"
F262013,50,19,0.9,"[200.00348786742097, 713.1802358627319]"
F262013,50,19,1.0,"[200.00301171923138, 792.5435299873352]"
F262013,50,20,0.01,"[3952.7317550539447, 7.98223876953125]"
F262013,50,20,0.1,"[3284.2059425964053, 79.2154905796051]"
F262013,50,20,0.2,"[3282.815772457232, 158.40872168540955]"
F262013,50,20,0.3,"[3282.4962603494987, 237.49416041374207]"
F262013,50,20,0.4,"[3282.428494521195, 316.71466398239136]"
F262013,50,20,0.5,"[3283.3859967306107, 395.79571294784546]"
F262013,50,20,0.6,"[3286.371917172817, 475.0475924015045]"
F262013,50,20,0.7,"[3285.478911097407, 554.151772737503]"
F262013,50,20,0.8,"[3298.6708844624636, 633.334329366684]"
F262013,50,20,0.9,"[3285.219943231533, 712.5898072719574]"
F262013,50,20,1.0,"[3287.2126616171463, 791.8936367034912]"
F262013,50,21,0.01,"[6498.709316374226, 8.126729011535645]"
F262013,50,21,0.1,"[411.9409284879962, 79.17589807510376]"
F262013,50,21,0.2,"[416.39270896035896, 158.29430270195007]"
F262013,50,21,0.3,"[411.6862953435225, 237.2466742992401]"
F262013,50,21,0.4,"[411.74985917882236, 316.2775526046753]"
F262013,50,21,0.5,"[410.86538843110793, 395.19966316223145]"
F262013,50,21,0.6,"[409.9301433906335, 474.22977662086487]"
F262013,50,21,0.7,"[412.33864486509196, 553.1665163040161]"
F262013,50,21,0.8,"[411.69699606120616, 632.2270638942719]"
F262013,50,21,0.9,"[411.0403721320986, 711.364100933075]"
F262013,50,21,1.0,"[411.3559621787383, 790.5449774265289]"
F262013,50,22,0.01,"[1152.886423185726, 8.010468006134033]"
F262013,50,22,0.1,"[576.1639436506348, 79.30355930328369]"
F262013,50,22,0.2,"[574.184029195475, 158.64510655403137]"
F262013,50,22,0.3,"[981.8243798276726, 237.8264195919037]"
F262013,50,22,0.4,"[763.6777312361178, 317.0985288619995]"
F262013,50,22,0.5,"[722.0737406987387, 396.2463684082031]"
F262013,50,22,0.6,"[634.6454394037723, 475.6370487213135]"
F262013,50,22,0.7,"[842.2563410042962, 554.8700969219208]"
F262013,50,22,0.8,"[625.7575586666603, 634.1739139556885]"
F262013,50,22,0.9,"[672.9823341470508, 713.4852907657623]"
F262013,50,22,1.0,"[569.9727296464262, 792.9073898792267]"
F262013,50,23,0.01,"[1836.3675555016512, 7.993906021118164]"
F262013,50,23,0.1,"[641.6562442694769, 79.27648973464966]"
F262013,50,23,0.2,"[580.4518455367552, 158.58659315109253]"
F262013,50,23,0.3,"[599.5210857379675, 237.79495096206665]"
F262013,50,23,0.4,"[915.9943369745738, 317.03043365478516]"
F262013,50,23,0.5,"[555.9488178471006, 396.14099287986755]"
F262013,50,23,0.6,"[546.1468680383166, 477.5137052536011]"
F262013,50,23,0.7,"[735.3076433143221, 556.5278952121735]"
F262013,50,23,0.8,"[892.126574509075, 635.6350295543671]"
F262013,50,23,0.9,"[750.1440221402688, 714.8225200176239]"
F262013,50,23,1.0,"[773.4630553372685, 794.1526908874512]"
F262013,50,24,0.01,"[2821.800897484874, 7.988206386566162]"
F262013,50,24,0.1,"[2697.600560021739, 79.1521348953247]"
F262013,50,24,0.2,"[2655.374370140557, 158.32556009292603]"
F262013,50,24,0.3,"[2664.617404427392, 237.36255192756653]"
F262013,50,24,0.4,"[2674.3054400832793, 316.4983232021332]"
F262013,50,24,0.5,"[2655.0053891986313, 395.5153958797455]"
F262013,50,24,0.6,"[2678.4271992546874, 474.6900403499603]"
F262013,50,24,0.7,"[2721.485003393716, 553.8686690330505]"
F262013,50,24,0.8,"[2717.68136225522, 633.0931856632233]"
F262013,50,24,0.9,"[2718.5871746246635, 712.4153828620911]"
F262013,50,24,1.0,"[2630.854191014198, 791.7658362388611]"
F262013,50,25,0.01,"[12153.581038346225, 8.673436403274536]"
F262013,50,25,0.1,"[411.4067597836638, 80.01587796211243]"
F262013,50,25,0.2,"[413.04806877105534, 159.38860321044922]"
F262013,50,25,0.3,"[417.60043518699376, 238.6698546409607]"
F262013,50,25,0.4,"[410.8904383697245, 318.0404312610626]"
F262013,50,25,0.5,"[412.7199752947249, 397.3389904499054]"
F262013,50,25,0.6,"[415.8108166147083, 476.75672674179077]"
F262013,50,25,0.7,"[411.06128791275273, 556.1281633377075]"
F262013,50,25,0.8,"[411.7874924998134, 635.6279051303864]"
F262013,50,25,0.9,"[411.7746723915893, 714.9950518608093]"
F262013,50,25,1.0,"[417.509253055478, 794.4053988456726]"
F262013,50,26,0.01,"[17548.751833845345, 7.998706579208374]"
F262013,50,26,0.1,"[413.0074828178699, 79.26650714874268]"
F262013,50,26,0.2,"[410.5834919752706, 158.51815676689148]"
F262013,50,26,0.3,"[410.35544579969655, 237.67077589035034]"
F262013,50,26,0.4,"[413.0226399300868, 316.91981053352356]"
F262013,50,26,0.5,"[411.63417015675077, 396.07113695144653]"
F262013,50,26,0.6,"[415.55305936628906, 475.5177969932556]"
F262013,50,26,0.7,"[414.038488944283, 554.662300825119]"
F262013,50,26,0.8,"[416.7764496410691, 633.9047305583954]"
F262013,50,26,0.9,"[432.24309709574845, 713.2198281288147]"
F262013,50,26,1.0,"[415.9686788089298, 792.5861349105835]"
F262013,50,27,0.01,"[5551.257845305431, 7.979586362838745]"
F262013,50,27,0.1,"[5040.714466342032, 79.1188976764679]"
F262013,50,27,0.2,"[5036.1380354025105, 158.2453854084015]"
F262013,50,27,0.3,"[5036.85387879069, 237.28196692466736]"
F262013,50,27,0.4,"[5038.05097153403, 316.38448572158813]"
F262013,50,27,0.5,"[5038.584049802512, 395.3782844543457]"
F262013,50,27,0.6,"[5036.370541364963, 474.4688620567322]"
F262013,50,27,0.7,"[5042.725844838051, 553.4665200710297]"
F262013,50,27,0.8,"[5043.296744421273, 632.55189204216]"
F262013,50,27,0.9,"[5036.527772385588, 711.7280721664429]"
F262013,50,27,1.0,"[5036.535733412599, 790.9539575576782]"
F262013,50,28,0.01,"[2496.64245271601, 8.026814937591553]"
F262013,50,28,0.1,"[739.8023654087035, 79.59593057632446]"
F262013,50,28,0.2,"[641.6501652941452, 159.156480550766]"
F262013,50,28,0.3,"[735.151592819745, 238.6138777732849]"
F262013,50,28,0.4,"[559.6929111893726, 318.1635649204254]"
F262013,50,28,0.5,"[839.3403077205467, 397.65459299087524]"
F262013,50,28,0.6,"[678.3929068103998, 477.5201551914215]"
F262013,50,28,0.7,"[690.1189591512366, 557.0979404449463]"
F262013,50,28,0.8,"[694.7538033554758, 636.8884756565094]"
F262013,50,28,0.9,"[546.505972560142, 716.5498394966125]"
F262013,50,28,1.0,"[772.1622005067907, 796.3235023021698]"
F262013,50,29,0.01,"[3034.9268844925427, 8.02254033088684]"
F262013,50,29,0.1,"[3036.6575051807304, 79.54233908653259]"
F262013,50,29,0.2,"[3034.84334950638, 159.1046850681305]"
F262013,50,29,0.3,"[3037.5566677553225, 238.58950662612915]"
F262013,50,29,0.4,"[3036.8201748788633, 317.9768850803375]"
F262013,50,29,0.5,"[3038.993941336108, 397.2689642906189]"
F262013,50,29,0.6,"[3037.2471148046006, 477.15390062332153]"
F262013,50,29,0.7,"[3037.936482332274, 556.6315069198608]"
F262013,50,29,0.8,"[3037.3699787950773, 636.2274887561798]"
F262013,50,29,0.9,"[3037.758779776137, 715.8014144897461]"
F262013,50,29,1.0,"[3037.705358434807, 795.5080347061157]"
F262013,50,30,0.01,"[3307.208951439633, 8.005647659301758]"
F262013,50,30,0.1,"[3310.1933841089985, 79.38342022895813]"
F262013,50,30,0.2,"[3307.20647669396, 158.77923202514648]"
F262013,50,30,0.3,"[3306.25738126981, 238.08859014511108]"
F262013,50,30,0.4,"[3308.0822643337397, 317.4856901168823]"
F262013,50,30,0.5,"[3310.9398667286987, 396.78481364250183]"
F262013,50,30,0.6,"[3306.231139118747, 476.21585154533386]"
F262013,50,30,0.7,"[3307.216179481198, 555.5077702999115]"
F262013,50,30,0.8,"[3308.180369770823, 634.9123587608337]"
F262013,50,30,0.9,"[3307.846648893129, 714.2980144023895]"
F262013,50,30,1.0,"[3306.69469081392, 793.7050094604492]"
F262013,50,31,0.01,"[15402.568754080734, 8.003119945526123]"
F262013,50,31,0.1,"[410.80996415762297, 79.30497431755066]"
F262013,50,31,0.2,"[412.0783721753612, 158.59622049331665]"
F262013,50,31,0.3,"[413.7876594430061, 237.77855372428894]"
F262013,50,31,0.4,"[411.3266316932486, 317.0418083667755]"
F262013,50,31,0.5,"[440.28797910583216, 396.2221167087555]"
F262013,50,31,0.6,"[422.51055669610946, 475.51793360710144]"
F262013,50,31,0.7,"[412.156457352952, 554.7327079772949]"
F262013,50,31,0.8,"[415.9803069054092, 634.0364859104156]"
F262013,50,31,0.9,"[413.956733508536, 713.3660001754761]"
F262013,50,31,1.0,"[411.8399140789072, 792.8417716026306]"
F262013,50,32,0.01,"[29493.51665168813, 7.990755796432495]"
F262013,50,32,0.1,"[411.2544415712946, 79.15164470672607]"
F262013,50,32,0.2,"[410.5877498330947, 158.28913855552673]"
F262013,50,32,0.3,"[415.73365158856495, 237.30718445777893]"
F262013,50,32,0.4,"[410.380313754526, 316.4170615673065]"
F262013,50,32,0.5,"[415.17767994123824, 395.4353938102722]"
F262013,50,32,0.6,"[410.8759818395374, 474.54554533958435]"
F262013,50,32,0.7,"[411.1008110372409, 553.5700380802155]"
F262013,50,32,0.8,"[411.26514934290935, 632.674076795578]"
F262013,50,32,0.9,"[413.3787946891789, 711.8245844841003]"
F262013,50,32,1.0,"[410.45761765535144, 791.0781843662262]"
F262013,50,33,0.01,"[2368.924421476805, 7.97314190864563]"
F262013,50,33,0.1,"[723.3314598315737, 79.05557036399841]"
F262013,50,33,0.2,"[1002.3738139918378, 158.1139509677887]"
F262013,50,33,0.3,"[728.1568737539624, 237.08058404922485]"
F262013,50,33,0.4,"[647.8120034057297, 316.1552667617798]"
F262013,50,33,0.5,"[636.3360894591144, 395.1317310333252]"
F262013,50,33,0.6,"[614.0080135115818, 474.1839015483856]"
F262013,50,33,0.7,"[690.8450427699527, 553.1585783958435]"
F262013,50,33,0.8,"[1035.8103659437693, 632.1975378990173]"
F262013,50,33,0.9,"[745.5788894814903, 711.2729320526123]"
F262013,50,33,1.0,"[795.3968380905078, 790.436781167984]"
F262013,50,34,0.01,"[3493.38201005444, 7.976929187774658]"
F262013,50,34,0.1,"[705.4489091450598, 79.09207057952881]"
F262013,50,34,0.2,"[526.0322167686945, 158.21371340751648]"
F262013,50,34,0.3,"[536.4991039008378, 237.21082401275635]"
F262013,50,34,0.4,"[627.0284927222717, 316.2725100517273]"
F262013,50,34,0.5,"[578.314105566024, 395.3425211906433]"
F262013,50,34,0.6,"[726.4871739507475, 474.45645809173584]"
F262013,50,34,0.7,"[874.3607900682723, 553.3619058132172]"
F262013,50,34,0.8,"[820.320317073453, 632.3435788154602]"
F262013,50,34,0.9,"[815.0364928476095, 711.4517908096313]"
F262013,50,34,1.0,"[944.9331090728583, 790.557380437851]"
F262013,50,35,0.01,"[4352.806113195412, 8.020131826400757]"
F262013,50,35,0.1,"[4200.120533646559, 79.48976016044617]"
F262013,50,35,0.2,"[4199.726309849247, 159.00389456748962]"
F262013,50,35,0.3,"[4201.362602771209, 238.43724822998047]"
F262013,50,35,0.4,"[4199.821374775927, 317.9736633300781]"
F262013,50,35,0.5,"[4199.862043160459, 397.4191846847534]"
F262013,50,35,0.6,"[4201.691763417959, 476.9785645008087]"
F262013,50,35,0.7,"[4200.4363145538755, 556.4190826416016]"
F262013,50,35,0.8,"[4199.80538049251, 635.9772667884827]"
F262013,50,35,0.9,"[4200.808619361394, 715.502005815506]"
F262013,50,35,1.0,"[4201.570084961347, 795.1440947055817]"
F262013,50,36,0.01,"[1452.9811893733731, 8.023943424224854]"
F262013,50,36,0.1,"[617.0139079168143, 79.68669724464417]"
F262013,50,36,0.2,"[806.4909315687269, 159.20205211639404]"
F262013,50,36,0.3,"[568.2800841599937, 238.57054162025452]"
F262013,50,36,0.4,"[561.3361942250958, 318.0473539829254]"
F262013,50,36,0.5,"[725.4851624293674, 397.3672182559967]"
F262013,50,36,0.6,"[1113.2291947347012, 476.8623206615448]"
F262013,50,36,0.7,"[933.0615298324715, 556.2647829055786]"
F262013,50,36,0.8,"[634.4738474197302, 635.7510650157928]"
F262013,50,36,0.9,"[676.0000818419383, 715.2969455718994]"
F262013,50,36,1.0,"[564.659917092993, 794.9354410171509]"
F262013,50,37,0.01,"[1219.0007011308667, 8.012558937072754]"
F262013,50,37,0.1,"[209.04752309889864, 79.46616435050964]"
F262013,50,37,0.2,"[200.11216970723285, 158.86048936843872]"
F262013,50,37,0.3,"[200.14426180333135, 238.14364290237427]"
F262013,50,37,0.4,"[200.01342211479823, 317.54813718795776]"
F262013,50,37,0.5,"[200.0105555214668, 396.8373758792877]"
F262013,50,37,0.6,"[200.00753787977692, 476.33985114097595]"
F262013,50,37,0.7,"[200.01487550242518, 555.8067064285278]"
F262013,50,37,0.8,"[200.0108392948282, 635.3572382926941]"
F262013,50,37,0.9,"[200.0038442640555, 714.9989633560181]"
F262013,50,37,1.0,"[200.00324648379888, 794.7671308517456]"
F262013,50,38,0.01,"[3198.9200789687384, 8.008290767669678]"
F262013,50,38,0.1,"[3202.2997460390234, 79.46616673469543]"
F262013,50,38,0.2,"[3198.5889430912393, 158.87107872962952]"
F262013,50,38,0.3,"[3199.6727878298325, 238.24567556381226]"
F262013,50,38,0.4,"[3195.0929782092408, 317.650217294693]"
F262013,50,38,0.5,"[3196.8527493814963, 396.980553150177]"
F262013,50,38,0.6,"[3199.1325889984446, 476.3949239253998]"
F262013,50,38,0.7,"[3198.7926410926957, 555.6667168140411]"
F262013,50,38,0.8,"[3198.6363471121613, 635.0709850788116]"
F262013,50,38,0.9,"[3212.361540512692, 714.5330312252045]"
F262013,50,38,1.0,"[3200.9184088662496, 794.3085360527039]"
F262013,50,39,0.01,"[2813.9455076780837, 7.997570753097534]"
F262013,50,39,0.1,"[271.763095171794, 79.30855774879456]"
F262013,50,39,0.2,"[200.36096560611531, 158.66256475448608]"
F262013,50,39,0.3,"[200.05490931833742, 237.9372935295105]"
F262013,50,39,0.4,"[200.07210702896236, 317.2184569835663]"
F262013,50,39,0.5,"[200.02356370027906, 396.44655871391296]"
F262013,50,39,0.6,"[200.01733363965332, 478.02997279167175]"
F262013,50,39,0.7,"[200.0137254888491, 557.1689155101776]"
F262013,50,39,0.8,"[200.0130165794501, 636.3695847988129]"
F262013,50,39,0.9,"[200.01386654033558, 715.5874280929565]"
F262013,50,39,1.0,"[200.00808381004322, 794.9931156635284]"
F262013,50,40,0.01,"[859.9153810045345, 7.992034196853638]"
F262013,50,40,0.1,"[562.7249165763506, 79.25707578659058]"
F262013,50,40,0.2,"[705.8923965224849, 158.53308010101318]"
F262013,50,40,0.3,"[922.533912242478, 237.73113632202148]"
F262013,50,40,0.4,"[565.9476994140086, 317.1451578140259]"
F262013,50,40,0.5,"[754.8035410164891, 396.35432171821594]"
F262013,50,40,0.6,"[607.4936828172677, 475.66232323646545]"
F262013,50,40,0.7,"[646.118362466299, 554.8610618114471]"
F262013,50,40,0.8,"[595.3671440951084, 634.1662752628326]"
F262013,50,40,0.9,"[612.4881028298933, 713.5096888542175]"
F262013,50,40,1.0,"[756.7494165895605, 792.9291822910309]"
F262013,50,41,0.01,"[4107.433027092393, 8.003280401229858]"
F262013,50,41,0.1,"[2681.761632376164, 79.31528353691101]"
F262013,50,41,0.2,"[2615.9833382496436, 158.70569443702698]"
F262013,50,41,0.3,"[2603.134101659262, 237.91778182983398]"
F262013,50,41,0.4,"[2698.36713277666, 317.2610046863556]"
F262013,50,41,0.5,"[2621.5267585827937, 396.44618368148804]"
F262013,50,41,0.6,"[2610.589187416993, 476.72608613967896]"
F262013,50,41,0.7,"[2591.9889471486645, 555.9589076042175]"
F262013,50,41,0.8,"[2606.34529978248, 635.4159076213837]"
F262013,50,41,0.9,"[2605.484339267945, 714.7674098014832]"
F262013,50,41,1.0,"[2628.6215661590104, 794.3850076198578]"
F262013,50,42,0.01,"[1353.259553488936, 8.01435899734497]"
F262013,50,42,0.1,"[589.2947533561987, 79.47195649147034]"
F262013,50,42,0.2,"[554.3141726361359, 158.9523799419403]"
F262013,50,42,0.3,"[585.4492308315844, 238.3528094291687]"
F262013,50,42,0.4,"[618.125753453905, 317.78364777565]"
F262013,50,42,0.5,"[580.5462129767461, 397.1279695034027]"
F262013,50,42,0.6,"[562.4313851529821, 476.7326183319092]"
F262013,50,42,0.7,"[595.1789970630421, 556.045444726944]"
F262013,50,42,0.8,"[615.5217259449964, 635.4737949371338]"
F262013,50,42,0.9,"[533.4599171334476, 714.9467723369598]"
F262013,50,42,1.0,"[636.2219958784174, 794.5012204647064]"
F262013,50,43,0.01,"[16123.782741395982, 7.990898609161377]"
F262013,50,43,0.1,"[415.95192385221594, 79.19477128982544]"
F262013,50,43,0.2,"[412.2458230639868, 158.36547994613647]"
F262013,50,43,0.3,"[428.7909769290786, 237.45548963546753]"
F262013,50,43,0.4,"[410.65278193413747, 316.6488411426544]"
F262013,50,43,0.5,"[411.6732502295649, 395.6415672302246]"
F262013,50,43,0.6,"[411.14990889137107, 475.6755917072296]"
F262013,50,43,0.7,"[544.9906450279473, 554.6970779895782]"
F262013,50,43,0.8,"[410.6700434709892, 633.825629234314]"
F262013,50,43,0.9,"[411.2292830035708, 713.0079545974731]"
F262013,50,43,1.0,"[412.6844200709352, 792.2728073596954]"
F262013,50,44,0.01,"[987.9999191860961, 7.980151653289795]"
F262013,50,44,0.1,"[761.6739829515352, 79.14130783081055]"
F262013,50,44,0.2,"[996.5908121248931, 158.2806737422943]"
F262013,50,44,0.3,"[710.5084498237197, 237.33965158462524]"
F262013,50,44,0.4,"[813.1937866521539, 316.4715828895569]"
F262013,50,44,0.5,"[732.6239169189139, 395.48618602752686]"
F262013,50,44,0.6,"[550.4151708767963, 475.03559374809265]"
F262013,50,44,0.7,"[624.3320082435644, 554.10427069664]"
F262013,50,44,0.8,"[594.8460704522072, 633.244238615036]"
F262013,50,44,0.9,"[586.381035018368, 712.4426028728485]"
F262013,50,44,1.0,"[610.0081135775342, 791.7596323490143]"
F262013,50,45,0.01,"[2015.5944944846487, 8.004249095916748]"
F262013,50,45,0.1,"[566.4759107609557, 79.27183651924133]"
F262013,50,45,0.2,"[598.0975427214703, 158.54150485992432]"
F262013,50,45,0.3,"[654.0125333788476, 237.70578980445862]"
F262013,50,45,0.4,"[573.2109756079344, 316.96495056152344]"
F262013,50,45,0.5,"[711.2381558566262, 396.10812425613403]"
F262013,50,45,0.6,"[630.8008055904384, 475.33187532424927]"
F262013,50,45,0.7,"[581.3381147729215, 554.4547293186188]"
F262013,50,45,0.8,"[556.3455926484544, 633.6686449050903]"
F262013,50,45,0.9,"[523.1621243451145, 712.9062614440918]"
F262013,50,45,1.0,"[528.5435331639817, 792.2799549102783]"
F262013,50,46,0.01,"[15886.551305230776, 8.003636598587036]"
F262013,50,46,0.1,"[411.27379205837224, 79.2659740447998]"
F262013,50,46,0.2,"[414.26052406101076, 158.4477825164795]"
F262013,50,46,0.3,"[410.9367588974683, 237.65388202667236]"
F262013,50,46,0.4,"[412.1620590151281, 316.8243932723999]"
F262013,50,46,0.5,"[410.78955961687575, 395.9586057662964]"
F262013,50,46,0.6,"[410.3722813388267, 475.0947082042694]"
F262013,50,46,0.7,"[410.64828672268845, 553.9997098445892]"
F262013,50,46,0.8,"[412.89494377465394, 633.0873782634735]"
F262013,50,46,0.9,"[421.23211845843025, 712.1913537979126]"
F262013,50,46,1.0,"[411.3433900765831, 791.354469537735]"
F262013,50,47,0.01,"[1778.5179846661526, 7.995850563049316]"
F262013,50,47,0.1,"[577.2176245202559, 79.28002309799194]"
F262013,50,47,0.2,"[1023.9554464500593, 158.5707221031189]"
F262013,50,47,0.3,"[563.9832743352097, 237.7216649055481]"
F262013,50,47,0.4,"[533.8424661314134, 316.92698407173157]"
F262013,50,47,0.5,"[577.2544390534554, 396.01414799690247]"
F262013,50,47,0.6,"[549.3869140388977, 475.20614981651306]"
F262013,50,47,0.7,"[518.0461867326653, 554.3181290626526]"
F262013,50,47,0.8,"[595.3811381581877, 633.510339975357]"
F262013,50,47,0.9,"[578.3677988437771, 712.7754142284393]"
F262013,50,47,1.0,"[604.2623634556128, 792.1562490463257]"
F262013,50,48,0.01,"[16972.525982680287, 7.994734525680542]"
F262013,50,48,0.1,"[411.4216202727307, 79.38296627998352]"
F262013,50,48,0.2,"[413.088894976358, 158.77115941047668]"
F262013,50,48,0.3,"[411.41225650663455, 238.0787694454193]"
F262013,50,48,0.4,"[412.27741938916915, 317.4669301509857]"
F262013,50,48,0.5,"[416.2698428168551, 396.77998661994934]"
F262013,50,48,0.6,"[412.7350291723294, 476.190806388855]"
F262013,50,48,0.7,"[411.94401581778266, 555.5690703392029]"
F262013,50,48,0.8,"[412.7506531154663, 634.9804399013519]"
F262013,50,48,0.9,"[428.722556139209, 714.3569951057434]"
F262013,50,48,1.0,"[429.6595639947145, 793.8282248973846]"
F262013,50,49,0.01,"[2371.2604374196208, 8.013189554214478]"
F262013,50,49,0.1,"[228.57678532949262, 79.63833260536194]"
F262013,50,49,0.2,"[200.32569895794654, 159.2523808479309]"
F262013,50,49,0.3,"[200.04060400193407, 238.76151371002197]"
F262013,50,49,0.4,"[200.03176488400368, 318.4217836856842]"
F262013,50,49,0.5,"[200.01623515644428, 397.99393010139465]"
F262013,50,49,0.6,"[200.01880310240335, 477.6426451206207]"
F262013,50,49,0.7,"[200.01056834298674, 557.2324185371399]"
F262013,50,49,0.8,"[200.00891278936047, 636.9575810432434]"
F262013,50,49,0.9,"[200.8706776151687, 716.6310524940491]"
F262013,50,49,1.0,"[200.00645895920115, 796.38596367836]"
F262013,50,50,0.01,"[2203.7856792599214, 7.97017502784729]"
F262013,50,50,0.1,"[592.5702867606028, 79.22973489761353]"
F262013,50,50,0.2,"[542.1866802537779, 158.49182057380676]"
F262013,50,50,0.3,"[690.8819483847678, 237.6564221382141]"
F262013,50,50,0.4,"[695.4497958152597, 316.9456479549408]"
F262013,50,50,0.5,"[650.0234453469511, 396.13424277305603]"
F262013,50,50,0.6,"[594.3040828777735, 475.45599365234375]"
F262013,50,50,0.7,"[798.7777633835576, 554.636287689209]"
F262013,50,50,0.8,"[546.2370605151693, 633.993949174881]"
F262013,50,50,0.9,"[606.8031609227469, 713.3214192390442]"
F262013,50,50,1.0,"[625.5949667226796, 792.669997215271]"
