function,dimension,run,checkpoint,error
F152013,10,0,0.01,"[2159.882492719218, 1.3660003934055567]"
F152013,10,0,0.1,"[888.2177836469828, 9.892870140261948]"
F152013,10,0,0.2,"[888.2177836469828, 18.93211275432259]"
F152013,10,0,0.3,"[888.2177836469828, 27.71164846420288]"
F152013,10,0,0.4,"[888.2177836469828, 36.60909217130393]"
F152013,10,0,0.5,"[888.2177836469828, 45.310891962144524]"
F152013,10,0,0.6,"[888.2177836469828, 54.60176909901202]"
F152013,10,0,0.7,"[888.2177836469828, 63.316012831404805]"
F152013,10,0,0.8,"[888.2177836469828, 72.67386887408793]"
F152013,10,0,0.9,"[888.2177836469828, 79.90424119122326]"
F152013,10,0,1.0,"[888.2177836469828, 86.93449767725542]"
F152013,10,1,0.01,"[2211.3465949806473, 0.5689299958758056]"
F152013,10,1,0.1,"[1443.0557351141447, 6.602113123051822]"
F152013,10,1,0.2,"[1443.0557351141447, 16.277135016862303]"
F152013,10,1,0.3,"[1443.0557351141447, 25.125288606155664]"
F152013,10,1,0.4,"[1443.0557351141447, 33.28902733605355]"
F152013,10,1,0.5,"[1443.0557351141447, 41.557813175953925]"
F152013,10,1,0.6,"[1443.0557351141447, 49.84221354313195]"
F152013,10,1,0.7,"[1443.0557351141447, 59.72634138120338]"
F152013,10,1,0.8,"[1443.0557351141447, 69.09296191995963]"
F152013,10,1,0.9,"[1443.0557351141447, 78.70604910422117]"
F152013,10,1,1.0,"[1443.0557351141447, 86.87635303195566]"
F152013,10,2,0.01,"[1246.2879477650818, 1.3955498547293246]"
F152013,10,2,0.1,"[723.3737010817526, 10.513195841107517]"
F152013,10,2,0.2,"[723.3737010817526, 18.879187306854874]"
F152013,10,2,0.3,"[723.3737010817526, 27.28726954711601]"
F152013,10,2,0.4,"[723.3737010817526, 36.59445230290294]"
F152013,10,2,0.5,"[723.3737010817526, 45.55724831903353]"
F152013,10,2,0.6,"[723.3737010817526, 54.907942360732704]"
F152013,10,2,0.7,"[723.3737010817526, 64.20232580089942]"
F152013,10,2,0.8,"[723.3737010817526, 72.83655000478029]"
F152013,10,2,0.9,"[723.3737010817526, 81.88134499872103]"
F152013,10,2,1.0,"[723.3737010817526, 87.77292115986347]"
F152013,10,3,0.01,"[1636.823430073675, 1.3893063981086016]"
F152013,10,3,0.1,"[489.6787779453798, 11.695708976127207]"
F152013,10,3,0.2,"[489.6787779453798, 20.88656859099865]"
F152013,10,3,0.3,"[489.6787779453798, 29.55897762114182]"
F152013,10,3,0.4,"[489.6787779453798, 38.56086785206571]"
F152013,10,3,0.5,"[489.6787779453798, 46.56089936289936]"
F152013,10,3,0.6,"[489.6787779453798, 55.27527311211452]"
F152013,10,3,0.7,"[489.6787779453798, 65.29049254301935]"
F152013,10,3,0.8,"[489.6787779453798, 74.64316013408825]"
F152013,10,3,0.9,"[489.6787779453798, 83.716634450946]"
F152013,10,3,1.0,"[489.6787779453798, 87.8354959860444]"
F152013,10,4,0.01,"[2053.3165416066063, 1.3236569426953793]"
F152013,10,4,0.1,"[728.8647833197856, 9.1477185850963]"
F152013,10,4,0.2,"[728.8647833197851, 17.656498853117228]"
F152013,10,4,0.3,"[728.8647833197851, 27.052020570728928]"
F152013,10,4,0.4,"[728.8647833197847, 36.748551544733346]"
F152013,10,4,0.5,"[728.8647833197847, 47.568524717818946]"
F152013,10,4,0.6,"[728.8647833197847, 57.18947476102039]"
F152013,10,4,0.7,"[728.8647833197847, 66.28650152590126]"
F152013,10,4,0.8,"[728.8647833197847, 75.35526119405404]"
F152013,10,4,0.9,"[728.8647833197847, 85.03617519373074]"
F152013,10,4,1.0,"[728.8647833197847, 89.01524422178045]"
F152013,10,5,0.01,"[1727.8053173388503, 0.3890844820998609]"
F152013,10,5,0.1,"[600.1572428466166, 5.0382307870313525]"
F152013,10,5,0.2,"[600.1572428466166, 14.27188358316198]"
F152013,10,5,0.3,"[600.1572428466166, 22.831816771999]"
F152013,10,5,0.4,"[600.1572428466166, 32.47906873608008]"
F152013,10,5,0.5,"[600.1572428466166, 41.15002429811284]"
F152013,10,5,0.6,"[600.1572428466166, 49.937557673081756]"
F152013,10,5,0.7,"[600.1572428466166, 58.900354826357216]"
F152013,10,5,0.8,"[600.1572428466166, 67.75840232521296]"
F152013,10,5,0.9,"[600.1572428466166, 76.49961022706702]"
F152013,10,5,1.0,"[600.1572428466166, 83.63825773820281]"
F152013,10,6,0.01,"[1164.4655083620128, 1.110203661955893]"
F152013,10,6,0.1,"[870.9209110489974, 9.649262932129204]"
F152013,10,6,0.2,"[870.9209110486431, 20.147330275271088]"
F152013,10,6,0.3,"[870.9209110486431, 29.55396693525836]"
F152013,10,6,0.4,"[870.9209110481374, 38.209948115982115]"
F152013,10,6,0.5,"[870.9209110481374, 47.55235947109759]"
F152013,10,6,0.6,"[870.9209110479478, 54.94316126732156]"
F152013,10,6,0.7,"[870.9209110479478, 63.54034611303359]"
F152013,10,6,0.8,"[870.9209110472834, 72.56063165515661]"
F152013,10,6,0.9,"[870.9209110472834, 81.94884645799175]"
F152013,10,6,1.0,"[870.9209110472834, 87.43993524322286]"
F152013,10,7,0.01,"[1988.635200134383, 1.0629104631952941]"
F152013,10,7,0.1,"[919.5204186782321, 10.39913059398532]"
F152013,10,7,0.2,"[919.5204186782321, 20.590475500095636]"
F152013,10,7,0.3,"[919.5204186782321, 31.50648426124826]"
F152013,10,7,0.4,"[919.5204186782321, 42.86761618917808]"
F152013,10,7,0.5,"[919.5204186782321, 51.5645894613117]"
F152013,10,7,0.6,"[919.5204186782321, 60.80006263637915]"
F152013,10,7,0.7,"[919.5204186782321, 67.80030215438455]"
F152013,10,7,0.8,"[919.5204186782316, 76.62145507428795]"
F152013,10,7,0.9,"[919.5204186782316, 83.54723266512156]"
F152013,10,7,1.0,"[919.5204186782316, 87.8165302281268]"
F152013,10,8,0.01,"[2244.644665291317, 1.3499171216972172]"
F152013,10,8,0.1,"[787.7296368475604, 10.909305342938751]"
F152013,10,8,0.2,"[787.7296368475604, 19.942459685727954]"
F152013,10,8,0.3,"[787.7296368475604, 29.083773107733577]"
F152013,10,8,0.4,"[787.7296368475604, 36.249290838837624]"
F152013,10,8,0.5,"[787.7296368475604, 45.32200914202258]"
F152013,10,8,0.6,"[787.7296368475604, 54.77629679488018]"
F152013,10,8,0.7,"[787.7296368475604, 62.71019384171814]"
F152013,10,8,0.8,"[787.7296368475604, 71.39415555587038]"
F152013,10,8,0.9,"[787.7296368475604, 80.20309941191226]"
F152013,10,8,1.0,"[787.7296368475604, 87.0553793576546]"
F152013,10,9,0.01,"[2098.8394432663463, 1.0472397133708]"
F152013,10,9,0.1,"[579.8753611121347, 10.890205366071314]"
F152013,10,9,0.2,"[579.8753611121347, 20.492969724349678]"
F152013,10,9,0.3,"[579.8753611121347, 29.700965200085193]"
F152013,10,9,0.4,"[579.8753611121347, 35.14173246733844]"
F152013,10,9,0.5,"[579.8753611121347, 43.506593632977456]"
F152013,10,9,0.6,"[579.8753611121347, 52.297033990267664]"
F152013,10,9,0.7,"[579.8753611121347, 60.69772166432813]"
F152013,10,9,0.8,"[579.8753611121347, 70.01505179237574]"
F152013,10,9,0.9,"[579.8753611121347, 79.59858486335725]"
F152013,10,9,1.0,"[579.8753611121347, 86.8769123563543]"
F152013,10,10,0.01,"[2158.4623188943206, 0.7402982828207314]"
F152013,10,10,0.1,"[854.4752453999758, 10.34802001900971]"
F152013,10,10,0.2,"[854.4752453999758, 20.302526930812746]"
F152013,10,10,0.3,"[854.4752453999758, 28.343406687956303]"
F152013,10,10,0.4,"[854.4752453999758, 32.10419163061306]"
F152013,10,10,0.5,"[854.4752453999758, 40.07133029960096]"
F152013,10,10,0.6,"[854.4752453999758, 49.18951889965683]"
F152013,10,10,0.7,"[854.4752453999758, 58.9598462828435]"
F152013,10,10,0.8,"[854.4752453999758, 66.97485334984958]"
F152013,10,10,0.9,"[854.4752453999758, 75.59969173977152]"
F152013,10,10,1.0,"[854.4752453999758, 84.63191292900592]"
F152013,10,11,0.01,"[1762.6576307201644, 0.8577826642431319]"
F152013,10,11,0.1,"[959.5813952062676, 8.74949879432097]"
F152013,10,11,0.2,"[959.5813952062676, 17.559052566066384]"
F152013,10,11,0.3,"[959.5813952062676, 26.445551736280322]"
F152013,10,11,0.4,"[959.5813952062676, 33.84922265820205]"
F152013,10,11,0.5,"[959.5813952062676, 42.68808644404635]"
F152013,10,11,0.6,"[959.5813952062676, 52.06173542421311]"
F152013,10,11,0.7,"[959.5813952062676, 60.753396060317755]"
F152013,10,11,0.8,"[959.5813952062676, 69.48818631935865]"
F152013,10,11,0.9,"[959.5813952062676, 78.67022982332855]"
F152013,10,11,1.0,"[959.5813952062676, 85.10982079897076]"
F152013,10,12,0.01,"[2153.8475637432407, 0.46541424421593547]"
F152013,10,12,0.1,"[923.1947025660802, 8.792366926092654]"
F152013,10,12,0.2,"[923.1947025660802, 17.91643890598789]"
F152013,10,12,0.3,"[923.1947025660802, 26.34378272201866]"
F152013,10,12,0.4,"[923.1947025660802, 35.1523601571098]"
F152013,10,12,0.5,"[923.1947025660802, 43.786606478039175]"
F152013,10,12,0.6,"[923.1947025660802, 52.5054955361411]"
F152013,10,12,0.7,"[923.1947025660802, 61.33547734608874]"
F152013,10,12,0.8,"[923.1947025660802, 69.54267640225589]"
F152013,10,12,0.9,"[923.1947025660802, 78.79848724603653]"
F152013,10,12,1.0,"[923.1947025660802, 85.73398159025237]"
F152013,10,13,0.01,"[1506.171607983269, 1.5050957472994924]"
F152013,10,13,0.1,"[1170.7471555142165, 10.294047923292965]"
F152013,10,13,0.2,"[1170.7471555142165, 19.297395395115018]"
F152013,10,13,0.3,"[1170.747155514216, 28.136787419207394]"
F152013,10,13,0.4,"[1170.747155514216, 36.96337359119207]"
F152013,10,13,0.5,"[1170.747155514216, 45.65882714325562]"
F152013,10,13,0.6,"[1170.747155514216, 55.072519737295806]"
F152013,10,13,0.7,"[1170.747155514216, 62.63226725207642]"
F152013,10,13,0.8,"[1170.747155514216, 66.76855837833136]"
F152013,10,13,0.9,"[1170.747155514216, 75.68837700411677]"
F152013,10,13,1.0,"[1170.747155514216, 83.54291481617838]"
F152013,10,14,0.01,"[2032.7335403726865, 0.7567145228385925]"
F152013,10,14,0.1,"[1201.5065172672944, 8.577017256990075]"
F152013,10,14,0.2,"[1201.5065172672944, 18.673404151108116]"
F152013,10,14,0.3,"[1201.5065172672944, 27.219295548275113]"
F152013,10,14,0.4,"[1201.5065172672944, 33.53456684527919]"
F152013,10,14,0.5,"[1201.5065172672944, 41.662649357225746]"
F152013,10,14,0.6,"[1201.5065172672944, 50.515194699168205]"
F152013,10,14,0.7,"[1201.5065172672944, 59.06931134406477]"
F152013,10,14,0.8,"[1201.5065172672944, 68.37272364785895]"
F152013,10,14,0.9,"[1201.5065172672944, 77.11825910396874]"
F152013,10,14,1.0,"[1201.5065172672944, 83.60783341806382]"
F152013,10,15,0.01,"[1959.593876791812, 0.9006390618160367]"
F152013,10,15,0.1,"[863.9210686249307, 9.171293839812279]"
F152013,10,15,0.2,"[863.9210686249307, 17.897087464109063]"
F152013,10,15,0.3,"[863.9210686249303, 25.619232318829745]"
F152013,10,15,0.4,"[863.9210686249303, 34.2381338737905]"
F152013,10,15,0.5,"[863.9210686249303, 40.31440678378567]"
F152013,10,15,0.6,"[863.9210686249303, 44.91181882517412]"
F152013,10,15,0.7,"[863.9210686249303, 53.33101934194565]"
F152013,10,15,0.8,"[863.9210686249303, 60.84365552989766]"
F152013,10,15,0.9,"[863.9210686249303, 69.97314254520461]"
F152013,10,15,1.0,"[863.9210686249303, 79.09966106992215]"
F152013,10,16,0.01,"[1671.0658328696222, 1.187987316865474]"
F152013,10,16,0.1,"[938.6578266519282, 8.283177785109729]"
F152013,10,16,0.2,"[938.6578266519277, 15.61210802802816]"
F152013,10,16,0.3,"[938.6578266519277, 24.301653746981174]"
F152013,10,16,0.4,"[938.6578266519277, 34.37778573483229]"
F152013,10,16,0.5,"[938.6578266519277, 43.04559068614617]"
F152013,10,16,0.6,"[938.6578266519277, 52.67431008070707]"
F152013,10,16,0.7,"[938.6578266519277, 61.2557208170183]"
F152013,10,16,0.8,"[938.6578266519277, 70.89708307711408]"
F152013,10,16,0.9,"[938.6578266519277, 79.71977366507053]"
F152013,10,16,1.0,"[938.6578266519277, 86.44830522872508]"
F152013,10,17,0.01,"[1570.2437520288072, 1.2453892561607063]"
F152013,10,17,0.1,"[632.6466401713928, 8.970943875145167]"
F152013,10,17,0.2,"[632.6466401713928, 16.673055785242468]"
F152013,10,17,0.3,"[632.6466401713928, 25.19752401439473]"
F152013,10,17,0.4,"[632.6466401713928, 33.758616572245955]"
F152013,10,17,0.5,"[632.6466401713924, 42.654340122360736]"
F152013,10,17,0.6,"[632.6466401713924, 51.5513259479776]"
F152013,10,17,0.7,"[632.6466401713924, 60.53098643897101]"
F152013,10,17,0.8,"[632.6466401713924, 69.60781756415963]"
F152013,10,17,0.9,"[632.6466401713924, 78.93129049427807]"
F152013,10,17,1.0,"[632.6466401713924, 85.33492984203622]"
F152013,10,18,0.01,"[2111.0281844059923, 0.8944048183038831]"
F152013,10,18,0.1,"[847.2903680073978, 10.16261765314266]"
F152013,10,18,0.2,"[847.2903680073978, 19.99890609132126]"
F152013,10,18,0.3,"[847.2903680073978, 28.534320736303926]"
F152013,10,18,0.4,"[847.2903680073978, 35.85103412531316]"
F152013,10,18,0.5,"[847.2903680073978, 44.19998218398541]"
F152013,10,18,0.6,"[847.2903680073978, 53.07124287309125]"
F152013,10,18,0.7,"[847.2903680073978, 63.9547478929162]"
F152013,10,18,0.8,"[847.2903680073973, 73.52834721608087]"
F152013,10,18,0.9,"[847.2903680073973, 82.51594633888453]"
F152013,10,18,1.0,"[847.2903680073973, 87.88827629899606]"
F152013,10,19,0.01,"[2212.599865742507, 1.2226301711052656]"
F152013,10,19,0.1,"[687.3311566735701, 8.281587190926075]"
F152013,10,19,0.2,"[687.329489875221, 15.974039316177368]"
F152013,10,19,0.3,"[687.329489875221, 25.236180054023862]"
F152013,10,19,0.4,"[687.329489875221, 33.17791770584881]"
F152013,10,19,0.5,"[687.329489875221, 42.24949106015265]"
F152013,10,19,0.6,"[687.329489875221, 51.67794224480167]"
F152013,10,19,0.7,"[687.329489875221, 60.76299105910584]"
F152013,10,19,0.8,"[687.329489875221, 69.73005934385583]"
F152013,10,19,0.9,"[687.329489875221, 79.68607624294236]"
F152013,10,19,1.0,"[687.329489875221, 86.55524685420096]"
F152013,10,20,0.01,"[2098.3638412466785, 0.7904993742704391]"
F152013,10,20,0.1,"[374.0444864188744, 7.385720832273364]"
F152013,10,20,0.2,"[374.0444864188744, 17.10390949435532]"
F152013,10,20,0.3,"[374.0444864188744, 25.952620265074074]"
F152013,10,20,0.4,"[374.0444864188744, 33.95717012044042]"
F152013,10,20,0.5,"[374.0444864188744, 42.79476861516014]"
F152013,10,20,0.6,"[374.0444864188744, 50.34940041415393]"
F152013,10,20,0.7,"[374.0444864188744, 61.02962473826483]"
F152013,10,20,0.8,"[374.0444864188744, 70.54805184341967]"
F152013,10,20,0.9,"[374.0444864188744, 78.81695902114734]"
F152013,10,20,1.0,"[374.0444864188744, 86.40226308302954]"
F152013,10,21,0.01,"[1925.0746676179142, 1.0373987960629165]"
F152013,10,21,0.1,"[757.3408005035799, 10.092331959865987]"
F152013,10,21,0.2,"[757.3408005035799, 18.538690023124218]"
F152013,10,21,0.3,"[757.3408005035794, 27.09511048020795]"
F152013,10,21,0.4,"[757.3408005035794, 36.585768909193575]"
F152013,10,21,0.5,"[757.3408005035794, 45.639698647893965]"
F152013,10,21,0.6,"[757.3408005035794, 54.976282412186265]"
F152013,10,21,0.7,"[757.3408005035794, 64.5342355389148]"
F152013,10,21,0.8,"[757.3408005035794, 72.82533067418262]"
F152013,10,21,0.9,"[757.3408005035794, 80.099682147149]"
F152013,10,21,1.0,"[757.3408005035794, 86.86864816816524]"
F152013,10,22,0.01,"[1884.7637163711674, 1.2752658668905497]"
F152013,10,22,0.1,"[478.8724193293574, 8.601803155615926]"
F152013,10,22,0.2,"[478.8724193293574, 13.71645466471091]"
F152013,10,22,0.3,"[478.8724193293574, 23.64475889177993]"
F152013,10,22,0.4,"[478.8724193293574, 31.746233719866723]"
F152013,10,22,0.5,"[478.8724193293574, 39.270543922670186]"
F152013,10,22,0.6,"[478.8724193293574, 48.69594645872712]"
F152013,10,22,0.7,"[478.8724193293574, 57.404569543898106]"
F152013,10,22,0.8,"[478.8724193293574, 65.10081874672323]"
F152013,10,22,0.9,"[478.8724193293574, 74.14873292390257]"
F152013,10,22,1.0,"[478.8724193293574, 84.12940544588491]"
F152013,10,23,0.01,"[1566.074374292512, 1.3177993427962065]"
F152013,10,23,0.1,"[465.66953288079003, 7.843805426731706]"
F152013,10,23,0.2,"[465.66953288063996, 17.253075833898038]"
F152013,10,23,0.3,"[465.66953288063996, 26.69950689189136]"
F152013,10,23,0.4,"[465.66953288063996, 36.970333816017956]"
F152013,10,23,0.5,"[465.66953288063996, 44.10673863394186]"
F152013,10,23,0.6,"[465.66953288063996, 53.0529957767576]"
F152013,10,23,0.7,"[465.66953288063996, 62.96159360464662]"
F152013,10,23,0.8,"[465.66953288063996, 74.36129875481129]"
F152013,10,23,0.9,"[465.66953288063996, 83.79565136367455]"
F152013,10,23,1.0,"[465.66953288063996, 87.7544919620268]"
F152013,10,24,0.01,"[2157.4255134846217, 1.395381286740303]"
F152013,10,24,0.1,"[537.1415186211502, 8.774554744828492]"
F152013,10,24,0.2,"[537.1415186211502, 17.109468386042863]"
F152013,10,24,0.3,"[537.1415186211502, 25.50768981873989]"
F152013,10,24,0.4,"[537.1415186211502, 30.735881766770035]"
F152013,10,24,0.5,"[537.1415186211502, 35.46236253203824]"
F152013,10,24,0.6,"[537.1415186211502, 43.625713124871254]"
F152013,10,24,0.7,"[537.1415186211502, 52.66870881896466]"
F152013,10,24,0.8,"[537.1415186211502, 61.61446993006393]"
F152013,10,24,0.9,"[537.1415186211502, 70.60371035384014]"
F152013,10,24,1.0,"[537.1415186211502, 79.43987926281989]"
F152013,10,25,0.01,"[2188.673139692737, 1.1614443166181445]"
F152013,10,25,0.1,"[724.789519378352, 6.992318231612444]"
F152013,10,25,0.2,"[724.789519378352, 15.852473394945264]"
F152013,10,25,0.3,"[724.789519378352, 25.505699055735022]"
F152013,10,25,0.4,"[724.789519378352, 35.40758507698774]"
F152013,10,25,0.5,"[724.789519378352, 45.357608194928616]"
F152013,10,25,0.6,"[724.789519378352, 55.47057816479355]"
F152013,10,25,0.7,"[724.789519378352, 64.74366021482274]"
F152013,10,25,0.8,"[724.789519378352, 73.80548832798377]"
F152013,10,25,0.9,"[724.789519378352, 82.85631040390581]"
F152013,10,25,1.0,"[724.789519378352, 87.69012311473489]"
F152013,10,26,0.01,"[1895.2623113978188, 1.0680422601290047]"
F152013,10,26,0.1,"[878.1157320205225, 8.817994148936123]"
F152013,10,26,0.2,"[878.1157320205225, 14.899364512879401]"
F152013,10,26,0.3,"[878.1157320205225, 23.88391651585698]"
F152013,10,26,0.4,"[878.1157320205225, 32.7164921942167]"
F152013,10,26,0.5,"[878.1157320205225, 41.053009550087154]"
F152013,10,26,0.6,"[878.1157320205225, 49.65877590700984]"
F152013,10,26,0.7,"[878.1157320205225, 58.61170153087005]"
F152013,10,26,0.8,"[878.1157320205225, 67.97390916012228]"
F152013,10,26,0.9,"[878.1157320205225, 77.46561814285815]"
F152013,10,26,1.0,"[878.1157320205225, 86.11665009707212]"
F152013,10,27,0.01,"[1564.7248332747417, 1.3733003810048103]"
F152013,10,27,0.1,"[800.3470730160989, 9.032731847837567]"
F152013,10,27,0.2,"[800.3470730160989, 18.171902982983738]"
F152013,10,27,0.3,"[800.3470730160989, 27.268368773628026]"
F152013,10,27,0.4,"[800.3470730160989, 36.91054980875924]"
F152013,10,27,0.5,"[800.3470730160989, 45.88295733369887]"
F152013,10,27,0.6,"[800.3470730160989, 54.85675139678642]"
F152013,10,27,0.7,"[800.3470730160989, 63.68153766868636]"
F152013,10,27,0.8,"[800.3470730160989, 72.76146023580804]"
F152013,10,27,0.9,"[800.3470730160989, 81.71592386579141]"
F152013,10,27,1.0,"[800.3470730160989, 87.87388133490458]"
F152013,10,28,0.01,"[2492.1452863315167, 0.7643143460154533]"
F152013,10,28,0.1,"[619.8868715974977, 9.098944064229727]"
F152013,10,28,0.2,"[619.8868715974977, 17.858535503037274]"
F152013,10,28,0.3,"[619.8868715974977, 28.63598321331665]"
F152013,10,28,0.4,"[619.8868715974977, 37.91896710731089]"
F152013,10,28,0.5,"[619.8868715974977, 45.998534340411425]"
F152013,10,28,0.6,"[619.8868715974977, 54.9411040591076]"
F152013,10,28,0.7,"[619.8868715974977, 63.51535892719403]"
F152013,10,28,0.8,"[619.8868715974977, 71.21847385913134]"
F152013,10,28,0.9,"[619.8868715974977, 77.77497342042625]"
F152013,10,28,1.0,"[619.8868715974972, 85.46189635014161]"
F152013,10,29,0.01,"[1993.8043948851387, 1.108847230207175]"
F152013,10,29,0.1,"[1049.2843029022301, 10.04329332523048]"
F152013,10,29,0.2,"[1049.2843029022301, 19.61536602396518]"
F152013,10,29,0.3,"[1049.2843029022301, 28.50622846931219]"
F152013,10,29,0.4,"[1049.2843029022301, 36.095072091091424]"
F152013,10,29,0.5,"[1049.2843029022301, 44.56181384297088]"
F152013,10,29,0.6,"[1049.2843029022301, 50.558866085950285]"
F152013,10,29,0.7,"[1049.2843029022301, 56.44161668093875]"
F152013,10,29,0.8,"[1049.2843029022301, 59.7904772721231]"
F152013,10,29,0.9,"[1049.2843029022301, 67.46107031032443]"
F152013,10,29,1.0,"[1049.2843029022301, 76.3088760310784]"
F152013,10,30,0.01,"[1912.8834871799131, 1.1810539020225406]"
F152013,10,30,0.1,"[1644.690690770698, 9.727425380144268]"
F152013,10,30,0.2,"[1644.690690770698, 18.265773503109813]"
F152013,10,30,0.3,"[1644.690690770698, 27.333157101180404]"
F152013,10,30,0.4,"[1644.690690770698, 34.85152114182711]"
F152013,10,30,0.5,"[1644.690690770698, 42.99779934482649]"
F152013,10,30,0.6,"[1644.690690770698, 51.547532870899886]"
F152013,10,30,0.7,"[1644.690690770698, 60.044115010183305]"
F152013,10,30,0.8,"[1644.690690770698, 68.88759122882038]"
F152013,10,30,0.9,"[1644.690690770698, 78.14938824484125]"
F152013,10,30,1.0,"[1644.690690770698, 86.4419296272099]"
F152013,10,31,0.01,"[2242.337431196652, 0.5370269962586462]"
F152013,10,31,0.1,"[1040.3061977582925, 7.196221743244678]"
F152013,10,31,0.2,"[1040.3061977582925, 15.461122138891369]"
F152013,10,31,0.3,"[1040.3061977582925, 23.25816283421591]"
F152013,10,31,0.4,"[1040.3061977582925, 31.648089413996786]"
F152013,10,31,0.5,"[1040.3061977582925, 40.07652960019186]"
F152013,10,31,0.6,"[1040.3061977582925, 48.19000458018854]"
F152013,10,31,0.7,"[1040.3061977582925, 57.583062829915434]"
F152013,10,31,0.8,"[1040.3061977582925, 66.68266295315698]"
F152013,10,31,0.9,"[1040.3061977582925, 75.00278604216874]"
F152013,10,31,1.0,"[1040.3061977582925, 83.2663429020904]"
F152013,10,32,0.01,"[1794.6982915873355, 1.4503527358174324]"
F152013,10,32,0.1,"[866.0906132603368, 8.930508909747005]"
F152013,10,32,0.2,"[866.0906132603368, 17.331286877859384]"
F152013,10,32,0.3,"[866.0906132603368, 25.171716706827283]"
F152013,10,32,0.4,"[866.0906132603368, 33.13857132894918]"
F152013,10,32,0.5,"[866.0906132603368, 39.098355752881616]"
F152013,10,32,0.6,"[866.0906132603368, 47.98365010274574]"
F152013,10,32,0.7,"[866.0906132603368, 56.71267315372825]"
F152013,10,32,0.8,"[866.0906132603363, 65.64001487987116]"
F152013,10,32,0.9,"[866.0906132603363, 74.52931722300127]"
F152013,10,32,1.0,"[866.0906132603363, 83.27868007170036]"
F152013,10,33,0.01,"[1268.7010971287905, 1.504752459935844]"
F152013,10,33,0.1,"[465.70781628983013, 9.76269731996581]"
F152013,10,33,0.2,"[465.70781628983013, 20.026806997600943]"
F152013,10,33,0.3,"[465.70781628983013, 29.13688607001677]"
F152013,10,33,0.4,"[465.70781628983013, 36.53197429468855]"
F152013,10,33,0.5,"[465.70781628983013, 45.30334896268323]"
F152013,10,33,0.6,"[465.70781628983013, 52.39943990856409]"
F152013,10,33,0.7,"[465.70781628983013, 58.44341812375933]"
F152013,10,33,0.8,"[465.70781628983013, 67.03146564168856]"
F152013,10,33,0.9,"[465.70781628983013, 76.0271239709109]"
F152013,10,33,1.0,"[465.70781628983013, 84.79589398484677]"
F152013,10,34,0.01,"[1901.5802004724428, 0.504657902289182]"
F152013,10,34,0.1,"[509.1013460386448, 7.964318970218301]"
F152013,10,34,0.2,"[509.1013460386448, 16.52481052838266]"
F152013,10,34,0.3,"[509.1013460386448, 24.267965983133763]"
F152013,10,34,0.4,"[509.1013460386448, 31.442751843016595]"
F152013,10,34,0.5,"[509.1013460386448, 38.80184588721022]"
F152013,10,34,0.6,"[509.1013460386448, 47.74426593538374]"
F152013,10,34,0.7,"[509.1013460386448, 56.73062594933435]"
F152013,10,34,0.8,"[509.1013460386448, 65.69545802427456]"
F152013,10,34,0.9,"[509.1013460386448, 74.62177448300645]"
F152013,10,34,1.0,"[509.1013460386448, 83.56753566302359]"
F152013,10,35,0.01,"[2123.4036937449505, 1.3102310639806092]"
F152013,10,35,0.1,"[559.1187111035756, 9.45524020679295]"
F152013,10,35,0.2,"[559.1187111035756, 15.645531091839075]"
F152013,10,35,0.3,"[559.1187111035756, 24.407580677885562]"
F152013,10,35,0.4,"[559.1187111035752, 32.96599545516074]"
F152013,10,35,0.5,"[559.1187111035752, 41.91307188896462]"
F152013,10,35,0.6,"[559.1187111035752, 50.61044796789065]"
F152013,10,35,0.7,"[559.1187111035752, 59.72029188880697]"
F152013,10,35,0.8,"[559.1187111035752, 68.7417641589418]"
F152013,10,35,0.9,"[559.1187111035752, 77.72341220499948]"
F152013,10,35,1.0,"[559.1187111035752, 85.37090840702876]"
F152013,10,36,0.01,"[1814.7890401815603, 1.1024207849986851]"
F152013,10,36,0.1,"[504.5349353902852, 8.8554513938725]"
F152013,10,36,0.2,"[504.5349353902852, 17.030257985927165]"
F152013,10,36,0.3,"[504.5349353902852, 25.732227921951562]"
F152013,10,36,0.4,"[504.5349353902852, 32.837925244122744]"
F152013,10,36,0.5,"[504.5349353902852, 41.60276043089107]"
F152013,10,36,0.6,"[504.5349353902852, 50.440943903289735]"
F152013,10,36,0.7,"[504.5349353902852, 57.650233472231776]"
F152013,10,36,0.8,"[504.5349353902852, 66.63176098186523]"
F152013,10,36,0.9,"[504.5349353902852, 75.63855454325676]"
F152013,10,36,1.0,"[504.5349353902852, 84.38169531617314]"
F152013,10,37,0.01,"[2040.5729505278223, 1.031817015260458]"
F152013,10,37,0.1,"[864.9344256857562, 8.163054969161749]"
F152013,10,37,0.2,"[864.9344256857562, 16.729510749224573]"
F152013,10,37,0.3,"[864.9344256857562, 24.815814710222185]"
F152013,10,37,0.4,"[864.9344256857562, 29.630049630999565]"
F152013,10,37,0.5,"[864.9344256857562, 38.9774669399485]"
F152013,10,37,0.6,"[864.9344256857562, 47.987046994268894]"
F152013,10,37,0.7,"[864.9344256857562, 56.8608231311664]"
F152013,10,37,0.8,"[864.9344256857562, 65.79956311918795]"
F152013,10,37,0.9,"[864.9344256857562, 74.74500122340396]"
F152013,10,37,1.0,"[864.9344256857562, 83.66429742937908]"
F152013,10,38,0.01,"[2296.034970145247, 1.0168720409274101]"
F152013,10,38,0.1,"[982.5818772526263, 9.852203884162009]"
F152013,10,38,0.2,"[982.5818772517655, 18.987841309979558]"
F152013,10,38,0.3,"[982.5818772517277, 28.220166359096766]"
F152013,10,38,0.4,"[982.5818772517277, 35.54159006010741]"
F152013,10,38,0.5,"[982.5818772517018, 41.12834214698523]"
F152013,10,38,0.6,"[982.5818772517018, 50.26598890405148]"
F152013,10,38,0.7,"[982.5818772517018, 60.31880540493876]"
F152013,10,38,0.8,"[982.5818772517018, 67.94979200512171]"
F152013,10,38,0.9,"[982.5818772517018, 76.79628922510892]"
F152013,10,38,1.0,"[982.5818772517018, 84.82038041390479]"
F152013,10,39,0.01,"[1804.235800226962, 0.8266165992245078]"
F152013,10,39,0.1,"[442.35781339871664, 8.824355256278068]"
F152013,10,39,0.2,"[442.35781339871664, 18.565950724296272]"
F152013,10,39,0.3,"[442.35781339871664, 27.498911147005856]"
F152013,10,39,0.4,"[442.35781339871664, 36.77968443604186]"
F152013,10,39,0.5,"[442.35781339871664, 45.983612437266856]"
F152013,10,39,0.6,"[442.35781339871664, 55.31527836993337]"
F152013,10,39,0.7,"[442.35781339871664, 65.89763116510585]"
F152013,10,39,0.8,"[442.35781339871664, 75.19504594616592]"
F152013,10,39,0.9,"[442.35781339871664, 83.92900440003723]"
F152013,10,39,1.0,"[442.35781339871664, 88.27795017510653]"
F152013,10,40,0.01,"[2212.973925175171, 0.7887792619876564]"
F152013,10,40,0.1,"[524.6083547303133, 8.185566205065697]"
F152013,10,40,0.2,"[524.6083547303128, 16.873391351196915]"
F152013,10,40,0.3,"[524.6083547303128, 24.020993397105485]"
F152013,10,40,0.4,"[524.6083547303128, 33.3673053230159]"
F152013,10,40,0.5,"[524.6083547303128, 43.512965145055205]"
F152013,10,40,0.6,"[524.6083547303128, 52.80263687809929]"
F152013,10,40,0.7,"[524.6083547303128, 63.11784150311723]"
F152013,10,40,0.8,"[524.6083547303128, 73.60807686578482]"
F152013,10,40,0.9,"[524.6083547303128, 82.51751467678696]"
F152013,10,40,1.0,"[524.6083547303128, 88.03212966676801]"
F152013,10,41,0.01,"[2109.759071055529, 1.0405966900289059]"
F152013,10,41,0.1,"[494.95462177002173, 9.10231594601646]"
F152013,10,41,0.2,"[494.95462177002173, 19.56908195000142]"
F152013,10,41,0.3,"[494.95462177002173, 30.319474136456847]"
F152013,10,41,0.4,"[494.95462177002173, 39.245425349101424]"
F152013,10,41,0.5,"[494.95462177002173, 47.0736352824606]"
F152013,10,41,0.6,"[494.95462177002173, 55.991854393389076]"
F152013,10,41,0.7,"[494.95462177002173, 64.92487467313185]"
F152013,10,41,0.8,"[494.95462177002173, 69.70186935225502]"
F152013,10,41,0.9,"[494.95462177002173, 76.41212787246332]"
F152013,10,41,1.0,"[494.95462177002173, 84.645127564203]"
F152013,10,42,0.01,"[2156.5028023686195, 1.3350188937038183]"
F152013,10,42,0.1,"[1125.2488278148148, 9.302822793833911]"
F152013,10,42,0.2,"[1125.248827814793, 16.043099683709443]"
F152013,10,42,0.3,"[1125.248827814793, 19.862116071861237]"
F152013,10,42,0.4,"[1125.248827814793, 22.84068682184443]"
F152013,10,42,0.5,"[1125.2488278147925, 29.19631954561919]"
F152013,10,42,0.6,"[1125.2488278147925, 35.52925952197984]"
F152013,10,42,0.7,"[1125.2488278147925, 44.07776824804023]"
F152013,10,42,0.8,"[1125.2488278147925, 52.92842942196876]"
F152013,10,42,0.9,"[1125.2488278147925, 62.66605210490525]"
F152013,10,42,1.0,"[1125.2488278147925, 72.05938116880134]"
F152013,10,43,0.01,"[1813.1673308601503, 1.05525486683473]"
F152013,10,43,0.1,"[781.5886787221552, 8.818741695024073]"
F152013,10,43,0.2,"[781.5886787221548, 12.139281241688877]"
F152013,10,43,0.3,"[781.5886787221548, 17.286633943673223]"
F152013,10,43,0.4,"[781.5886787221548, 25.754715755581856]"
F152013,10,43,0.5,"[781.5886787221548, 31.453714202623814]"
F152013,10,43,0.6,"[781.5886787221548, 39.451079283840954]"
F152013,10,43,0.7,"[781.5886787221548, 48.3609191798605]"
F152013,10,43,0.8,"[781.5886787221548, 57.60929925367236]"
F152013,10,43,0.9,"[781.5886787221548, 66.53644282184541]"
F152013,10,43,1.0,"[781.5886787221548, 75.52303037792444]"
F152013,10,44,0.01,"[2184.7049403114834, 1.0902948030270636]"
F152013,10,44,0.1,"[553.357351041815, 10.380479353945702]"
F152013,10,44,0.2,"[553.357351041815, 18.900599006097764]"
F152013,10,44,0.3,"[553.357351041815, 26.79931940091774]"
F152013,10,44,0.4,"[553.357351041815, 33.43640346592292]"
F152013,10,44,0.5,"[553.357351041815, 40.66286379424855]"
F152013,10,44,0.6,"[553.357351041815, 49.284157497342676]"
F152013,10,44,0.7,"[553.357351041815, 57.6821984029375]"
F152013,10,44,0.8,"[553.357351041815, 66.76286431029439]"
F152013,10,44,0.9,"[553.357351041815, 74.82466116733849]"
F152013,10,44,1.0,"[553.357351041815, 83.5266100470908]"
F152013,10,45,0.01,"[2034.320712684791, 1.2364249872043729]"
F152013,10,45,0.1,"[1011.4377625428851, 8.745202518068254]"
F152013,10,45,0.2,"[1011.4377625428851, 17.587149184197187]"
F152013,10,45,0.3,"[1011.4377625428851, 26.252243406139314]"
F152013,10,45,0.4,"[1011.4377625428851, 36.00121966516599]"
F152013,10,45,0.5,"[1011.4377625428851, 44.73594765504822]"
F152013,10,45,0.6,"[1011.4377625428851, 53.480346399825066]"
F152013,10,45,0.7,"[1011.4377625428851, 61.64883408881724]"
F152013,10,45,0.8,"[1011.4377625428851, 69.4931636499241]"
F152013,10,45,0.9,"[1011.4377625428851, 78.48844069987535]"
F152013,10,45,1.0,"[1011.4377625428851, 85.53703898377717]"
F152013,10,46,0.01,"[2194.5730343840014, 0.8025157838128507]"
F152013,10,46,0.1,"[595.7267769938762, 9.348921965807676]"
F152013,10,46,0.2,"[595.7267769938762, 18.682229987811297]"
F152013,10,46,0.3,"[595.7267769938762, 27.463463664986193]"
F152013,10,46,0.4,"[595.7267769938762, 35.22397743957117]"
F152013,10,46,0.5,"[595.7267769938762, 44.860959224868566]"
F152013,10,46,0.6,"[595.7267769938762, 53.865363464690745]"
F152013,10,46,0.7,"[595.7267769938762, 62.2008163779974]"
F152013,10,46,0.8,"[595.7267769938762, 72.01329099060968]"
F152013,10,46,0.9,"[595.7267769938762, 81.73591407481581]"
F152013,10,46,1.0,"[595.7267769938762, 87.57456035679206]"
F152013,10,47,0.01,"[1505.3520223800756, 1.0249974089674652]"
F152013,10,47,0.1,"[908.6612832529945, 8.878148421645164]"
F152013,10,47,0.2,"[908.6612832529945, 17.849897522013634]"
F152013,10,47,0.3,"[908.6612832529945, 26.026182275731117]"
F152013,10,47,0.4,"[908.6612832529945, 33.96865936368704]"
F152013,10,47,0.5,"[908.6612832529945, 45.04328966373578]"
F152013,10,47,0.6,"[908.6612832529945, 54.434435159899294]"
F152013,10,47,0.7,"[908.6612832529945, 63.72908055363223]"
F152013,10,47,0.8,"[908.6612832529945, 73.27392462082207]"
F152013,10,47,0.9,"[908.6612832529945, 82.53558891871944]"
F152013,10,47,1.0,"[908.6612832529945, 88.00296958675608]"
F152013,10,48,0.01,"[1937.6653890568336, 0.8644748236984015]"
F152013,10,48,0.1,"[646.5515788399175, 8.097246168646961]"
F152013,10,48,0.2,"[646.5515788399175, 14.59513776563108]"
F152013,10,48,0.3,"[646.5515788399175, 17.48598514404148]"
F152013,10,48,0.4,"[646.5515788399175, 20.2770982417278]"
F152013,10,48,0.5,"[646.5515788399175, 23.10691626975313]"
F152013,10,48,0.6,"[646.5515788399175, 26.051635254640132]"
F152013,10,48,0.7,"[646.5515788399175, 28.996540951076895]"
F152013,10,48,0.8,"[646.5515788399175, 31.94111094577238]"
F152013,10,48,0.9,"[646.5515788399175, 34.885011475067586]"
F152013,10,48,1.0,"[646.5515788399175, 37.83594374265522]"
F152013,10,49,0.01,"[1894.7906240563116, 0.8892280091531575]"
F152013,10,49,0.1,"[585.8875727354452, 6.363254197407514]"
F152013,10,49,0.2,"[585.8875727354452, 9.699312006123364]"
F152013,10,49,0.3,"[585.8875727354452, 12.832912519108504]"
F152013,10,49,0.4,"[585.8875727354452, 15.610963941086084]"
F152013,10,49,0.5,"[585.8875727354452, 18.40101662930101]"
F152013,10,49,0.6,"[585.8875727354452, 21.339078505989164]"
F152013,10,49,0.7,"[585.8875727354452, 24.27341001527384]"
F152013,10,49,0.8,"[585.8875727354452, 27.21006739139557]"
F152013,10,49,0.9,"[585.8875727354452, 30.14499568240717]"
F152013,10,49,1.0,"[585.8875727354452, 33.081149296369404]"
F152013,10,50,0.01,"[2235.9573925520062, 1.2072713440284133]"
F152013,10,50,0.1,"[324.41853234508517, 8.235178692266345]"
F152013,10,50,0.2,"[324.41853234508517, 11.715624009259045]"
F152013,10,50,0.3,"[324.41853234508517, 14.503933120053262]"
F152013,10,50,0.4,"[324.41853234508517, 17.291599510237575]"
F152013,10,50,0.5,"[324.41853234508517, 20.226821278221905]"
F152013,10,50,0.6,"[324.41853234508517, 23.17459825798869]"
F152013,10,50,0.7,"[324.41853234508517, 26.123937306925654]"
F152013,10,50,0.8,"[324.41853234508517, 29.075397082138807]"
F152013,10,50,0.9,"[324.41853234508517, 32.02320190984756]"
F152013,10,50,1.0,"[324.41853234508517, 35.043267788831145]"
F152013,30,0,0.01,"[7306.201267938167, 7.388372265268117]"
F152013,30,0,0.1,"[3429.413637766005, 72.21295575797558]"
F152013,30,0,0.2,"[3429.413637766005, 148.63541103620082]"
F152013,30,0,0.3,"[3429.413637766005, 212.8395959790796]"
F152013,30,0,0.4,"[3429.413637766005, 286.2171462960541]"
F152013,30,0,0.5,"[3429.413637766005, 360.31762036215514]"
F152013,30,0,0.6,"[3429.413637766005, 432.6949352719821]"
F152013,30,0,0.7,"[3429.413637766005, 511.2891874322668]"
F152013,30,0,0.8,"[3429.413637766005, 587.523178292904]"
F152013,30,0,0.9,"[3429.413637766005, 663.1916242521256]"
F152013,30,0,1.0,"[3429.413637766005, 723.2135781082325]"
F152013,30,1,0.01,"[2199.100494106826, 8.558953528292477]"
F152013,30,1,0.1,"[2115.0351447214325, 73.57829202897847]"
F152013,30,1,0.2,"[2115.0351447214325, 140.77793842414394]"
F152013,30,1,0.3,"[2115.0351447214325, 216.34201576095074]"
F152013,30,1,0.4,"[2115.0351447214325, 285.17908558109775]"
F152013,30,1,0.5,"[2115.0351447214325, 356.3996568103321]"
F152013,30,1,0.6,"[2115.0351447214325, 431.1964577641338]"
F152013,30,1,0.7,"[2115.0351447214325, 501.7459205822088]"
F152013,30,1,0.8,"[2115.0351447214325, 570.8323612362146]"
F152013,30,1,0.9,"[2115.0351447214325, 632.4258888931945]"
F152013,30,1,1.0,"[2115.0351447214325, 700.7765041682869]"
F152013,30,2,0.01,"[5079.499702712049, 7.987525023985654]"
F152013,30,2,0.1,"[3414.0564485511004, 76.01952648628503]"
F152013,30,2,0.2,"[3414.0564485511004, 150.98778649698943]"
F152013,30,2,0.3,"[3414.0564485511004, 224.03862759191543]"
F152013,30,2,0.4,"[3414.0564485511004, 300.0721125421114]"
F152013,30,2,0.5,"[3414.0564485511004, 374.54563467018306]"
F152013,30,2,0.6,"[3414.0564485511004, 451.5830261609517]"
F152013,30,2,0.7,"[3414.0564485511004, 530.3687542402185]"
F152013,30,2,0.8,"[3414.0564485511004, 606.7421913282014]"
F152013,30,2,0.9,"[3414.0564485511004, 668.4701722329482]"
F152013,30,2,1.0,"[3414.0564485511004, 730.0814662952907]"
F152013,30,3,0.01,"[8494.12356787022, 7.682218747213483]"
F152013,30,3,0.1,"[2771.48238505655, 77.60401208605617]"
F152013,30,3,0.2,"[2771.482385056548, 155.78863311605528]"
F152013,30,3,0.3,"[2771.482385056548, 234.02223951742053]"
F152013,30,3,0.4,"[2771.482385056548, 312.22784617124125]"
F152013,30,3,0.5,"[2771.482385056548, 390.6060526133515]"
F152013,30,3,0.6,"[2771.482385056548, 467.71502615325153]"
F152013,30,3,0.7,"[2771.482385056548, 545.5481846383773]"
F152013,30,3,0.8,"[2771.482385056548, 617.752911481075]"
F152013,30,3,0.9,"[2771.482385056548, 670.646285707131]"
F152013,30,3,1.0,"[2771.482385056548, 732.2156793363392]"
F152013,30,4,0.01,"[8035.479970944387, 7.886010712012649]"
F152013,30,4,0.1,"[2319.641472118663, 76.5117718889378]"
F152013,30,4,0.2,"[2319.641472118661, 148.1293039917946]"
F152013,30,4,0.3,"[2319.641472118661, 217.16268370021135]"
F152013,30,4,0.4,"[2319.641472118661, 285.39538729190826]"
F152013,30,4,0.5,"[2319.641472118661, 351.5314761069603]"
F152013,30,4,0.6,"[2319.641472118661, 426.31370536983013]"
F152013,30,4,0.7,"[2319.641472118661, 503.1571588180959]"
F152013,30,4,0.8,"[2319.641472118661, 581.5150557551533]"
F152013,30,4,0.9,"[2319.641472118661, 666.330636553932]"
F152013,30,4,1.0,"[2319.641472118661, 733.5112201650627]"
F152013,30,5,0.01,"[8248.734002630834, 6.090632321313024]"
F152013,30,5,0.1,"[2843.130506721245, 70.65945440623909]"
F152013,30,5,0.2,"[2843.130501476704, 149.56595060694963]"
F152013,30,5,0.3,"[2843.130501476704, 225.44019873719662]"
F152013,30,5,0.4,"[2843.130501476704, 305.27374471817166]"
F152013,30,5,0.5,"[2843.130501476704, 383.37212031008676]"
F152013,30,5,0.6,"[2843.130501476704, 460.02182538900524]"
F152013,30,5,0.7,"[2843.130501476704, 530.0888068838976]"
F152013,30,5,0.8,"[2843.130501476704, 607.3113609813154]"
F152013,30,5,0.9,"[2843.130501476704, 674.1016548769549]"
F152013,30,5,1.0,"[2843.130501476704, 737.119783275295]"
F152013,30,6,0.01,"[8065.341118856297, 7.684493194334209]"
F152013,30,6,0.1,"[2717.5414080133523, 70.80812626937404]"
F152013,30,6,0.2,"[2717.5414080133523, 138.74070242140442]"
F152013,30,6,0.3,"[2717.5414080133523, 212.23553192336112]"
F152013,30,6,0.4,"[2717.5414080133523, 287.12617120100185]"
F152013,30,6,0.5,"[2717.5414080133523, 361.77061705011874]"
F152013,30,6,0.6,"[2717.5414080133523, 436.86431948514655]"
F152013,30,6,0.7,"[2717.5414080133523, 509.18487177137285]"
F152013,30,6,0.8,"[2717.5414080133523, 584.0555351860821]"
F152013,30,6,0.9,"[2717.5414080133523, 657.9974929704331]"
F152013,30,6,1.0,"[2717.5414080133523, 726.8966765161604]"
F152013,30,7,0.01,"[8044.578753773624, 7.8181700790300965]"
F152013,30,7,0.1,"[2944.0876399369263, 67.1641035140492]"
F152013,30,7,0.2,"[2944.0876237782595, 135.24533261405304]"
F152013,30,7,0.3,"[2944.0876237781777, 212.0490760859102]"
F152013,30,7,0.4,"[2944.0876237780994, 289.9069366338663]"
F152013,30,7,0.5,"[2944.0876237780994, 366.479089607019]"
F152013,30,7,0.6,"[2944.0876237780994, 441.3552026487887]"
F152013,30,7,0.7,"[2944.0876237780994, 517.7461995459162]"
F152013,30,7,0.8,"[2944.0876237780994, 594.5829421309754]"
F152013,30,7,0.9,"[2944.0876237780612, 670.3508248720318]"
F152013,30,7,1.0,"[2944.0876237780612, 732.8146286550909]"
F152013,30,8,0.01,"[5649.009579115513, 7.790362459141761]"
F152013,30,8,0.1,"[2480.0297672174383, 78.10023891506717]"
F152013,30,8,0.2,"[2480.0297672174383, 146.02554172091186]"
F152013,30,8,0.3,"[2480.0297672174383, 225.40409118821844]"
F152013,30,8,0.4,"[2480.0297672174383, 303.7746802470647]"
F152013,30,8,0.5,"[2480.0297672174383, 382.7776450291276]"
F152013,30,8,0.6,"[2480.0297672174383, 460.4970799628645]"
F152013,30,8,0.7,"[2480.0297672174383, 537.5968954609707]"
F152013,30,8,0.8,"[2480.0297672174383, 614.0628312597983]"
F152013,30,8,0.9,"[2480.0297672174383, 688.0297076920979]"
F152013,30,8,1.0,"[2480.0297672174383, 742.4800972668454]"
F152013,30,9,0.01,"[8023.81197614923, 6.44679103884846]"
F152013,30,9,0.1,"[2825.840800457734, 71.90065368171781]"
F152013,30,9,0.2,"[2825.840800457734, 147.5448644310236]"
F152013,30,9,0.3,"[2825.840800457734, 224.58309775497764]"
F152013,30,9,0.4,"[2825.840800457734, 299.8177638500929]"
F152013,30,9,0.5,"[2825.840800457734, 373.3065535146743]"
F152013,30,9,0.6,"[2825.840800457734, 449.1355351037346]"
F152013,30,9,0.7,"[2825.840800457734, 523.7756739947945]"
F152013,30,9,0.8,"[2825.840800457734, 596.1754471627064]"
F152013,30,9,0.9,"[2825.840800457734, 669.6406988566741]"
F152013,30,9,1.0,"[2825.840800457734, 734.476227692794]"
F152013,30,10,0.01,"[7951.122090406934, 8.468552297912538]"
F152013,30,10,0.1,"[2165.9267187255973, 75.68022670503706]"
F152013,30,10,0.2,"[2165.9267187255973, 154.0166614218615]"
F152013,30,10,0.3,"[2165.9267187255973, 231.07398971822113]"
F152013,30,10,0.4,"[2165.9267187255973, 308.275353576988]"
F152013,30,10,0.5,"[2165.9267187255973, 387.83032696321607]"
F152013,30,10,0.6,"[2165.9267187255973, 463.52483491180465]"
F152013,30,10,0.7,"[2165.9267187255973, 538.7521260078065]"
F152013,30,10,0.8,"[2165.9267187255973, 613.914375170134]"
F152013,30,10,0.9,"[2165.9267187255973, 687.9666482661851]"
F152013,30,10,1.0,"[2165.9267187255973, 732.1393888951279]"
F152013,30,11,0.01,"[8515.741885510459, 7.179037970025092]"
F152013,30,11,0.1,"[2711.871299154476, 72.26330258185044]"
F152013,30,11,0.2,"[2711.871299154476, 146.64588099299]"
F152013,30,11,0.3,"[2711.871299154476, 223.33861268078908]"
F152013,30,11,0.4,"[2711.871299154476, 301.1159927477129]"
F152013,30,11,0.5,"[2711.871299154476, 379.12623144779354]"
F152013,30,11,0.6,"[2711.871299154476, 459.1593963778578]"
F152013,30,11,0.7,"[2711.871299154476, 536.0287841507234]"
F152013,30,11,0.8,"[2711.871299154476, 611.3921791827306]"
F152013,30,11,0.9,"[2711.871299154476, 688.336211389862]"
F152013,30,11,1.0,"[2711.871299154476, 738.9904271881096]"
F152013,30,12,0.01,"[8156.096679716597, 8.268733244389296]"
F152013,30,12,0.1,"[3031.087071254058, 72.47209063917398]"
F152013,30,12,0.2,"[3031.087071253767, 148.56205836730078]"
F152013,30,12,0.3,"[3031.087071253767, 214.0036653331481]"
F152013,30,12,0.4,"[3031.087071253767, 285.8836533529684]"
F152013,30,12,0.5,"[3031.087071253767, 363.66019325796515]"
F152013,30,12,0.6,"[3031.087071253767, 430.83691905112937]"
F152013,30,12,0.7,"[3031.087071253767, 496.7814414780587]"
F152013,30,12,0.8,"[3031.087071253767, 573.8915873481892]"
F152013,30,12,0.9,"[3031.087071253767, 636.187713496387]"
F152013,30,12,1.0,"[3031.087071253767, 707.8598735653795]"
F152013,30,13,0.01,"[7947.157976142859, 8.493640079628676]"
F152013,30,13,0.1,"[1877.4845013423146, 72.10747365001589]"
F152013,30,13,0.2,"[1877.4845013423146, 136.45349680492654]"
F152013,30,13,0.3,"[1877.4845013423146, 201.43703601369634]"
F152013,30,13,0.4,"[1877.4845013423146, 260.27158908965066]"
F152013,30,13,0.5,"[1877.4845013423146, 333.70361742563546]"
F152013,30,13,0.6,"[1877.4845013423146, 407.6710939500481]"
F152013,30,13,0.7,"[1877.4845013423146, 460.04073688108474]"
F152013,30,13,0.8,"[1877.4845013423146, 513.7256320919842]"
F152013,30,13,0.9,"[1877.4845013423146, 571.2117554829456]"
F152013,30,13,1.0,"[1877.4845013423146, 633.0273675718345]"
F152013,30,14,0.01,"[7792.0614225457875, 7.615620811935514]"
F152013,30,14,0.1,"[3510.6895710684457, 66.23713853908703]"
F152013,30,14,0.2,"[3510.689555492316, 136.08347543515265]"
F152013,30,14,0.3,"[3510.689555492316, 194.08711854321882]"
F152013,30,14,0.4,"[3510.689555492316, 241.31652983604]"
F152013,30,14,0.5,"[3510.689555492316, 310.98980306927115]"
F152013,30,14,0.6,"[3510.689555492316, 387.7862394261174]"
F152013,30,14,0.7,"[3510.689555492316, 462.06730121327564]"
F152013,30,14,0.8,"[3510.689555492316, 537.388100982178]"
F152013,30,14,0.9,"[3510.689555492316, 612.5800781771541]"
F152013,30,14,1.0,"[3510.689555492316, 688.9370814962313]"
F152013,30,15,0.01,"[7839.41779933716, 8.391877699177712]"
F152013,30,15,0.1,"[2183.846667381482, 75.95690145902336]"
F152013,30,15,0.2,"[2183.846667381482, 152.918128374964]"
F152013,30,15,0.3,"[2183.846667381482, 232.42736654682085]"
F152013,30,15,0.4,"[2183.846667381482, 309.2974757649936]"
F152013,30,15,0.5,"[2183.846667381482, 386.6090447511524]"
F152013,30,15,0.6,"[2183.846667381482, 463.2863091812469]"
F152013,30,15,0.7,"[2183.846667381482, 537.6901285899803]"
F152013,30,15,0.8,"[2183.846667381482, 611.56467828108]"
F152013,30,15,0.9,"[2183.846667381482, 687.023375696037]"
F152013,30,15,1.0,"[2183.846667381482, 741.7228837339208]"
F152013,30,16,0.01,"[5968.578414371714, 8.425408659968525]"
F152013,30,16,0.1,"[3017.759051420804, 80.91009393660352]"
F152013,30,16,0.2,"[3017.759051420804, 154.15896180970594]"
F152013,30,16,0.3,"[3017.759051420804, 231.7487175958231]"
F152013,30,16,0.4,"[3017.759051420804, 311.8658281886019]"
F152013,30,16,0.5,"[3017.759051420804, 389.8694181749597]"
F152013,30,16,0.6,"[3017.759051420804, 465.7503658765927]"
F152013,30,16,0.7,"[3017.759051420804, 543.6099433759227]"
F152013,30,16,0.8,"[3017.759051420804, 617.9572763578035]"
F152013,30,16,0.9,"[3017.759051420804, 694.985215024557]"
F152013,30,16,1.0,"[3017.759051420804, 744.6137848277576]"
F152013,30,17,0.01,"[6345.481959522807, 5.681953263003379]"
F152013,30,17,0.1,"[2506.39824824266, 66.2145876577124]"
F152013,30,17,0.2,"[2506.398236489682, 135.14616344403476]"
F152013,30,17,0.3,"[2506.398236489682, 212.87191479606554]"
F152013,30,17,0.4,"[2506.398236489682, 279.07019514078274]"
F152013,30,17,0.5,"[2506.398236489682, 357.6620864267461]"
F152013,30,17,0.6,"[2506.398236489682, 433.8576455418952]"
F152013,30,17,0.7,"[2506.398236489682, 502.2102709277533]"
F152013,30,17,0.8,"[2506.398236489682, 572.717552579008]"
F152013,30,17,0.9,"[2506.398236489682, 646.9385359897278]"
F152013,30,17,1.0,"[2506.398236489682, 717.2757484279573]"
F152013,30,18,0.01,"[8624.121849943516, 8.81683422671631]"
F152013,30,18,0.1,"[2509.293337383664, 75.12178624700755]"
F152013,30,18,0.2,"[2509.293337383664, 113.80133401975036]"
F152013,30,18,0.3,"[2509.293337383664, 173.09173497371376]"
F152013,30,18,0.4,"[2509.293337383664, 248.72396979574114]"
F152013,30,18,0.5,"[2509.293337383664, 323.1601892109029]"
F152013,30,18,0.6,"[2509.293337383664, 395.72109517781064]"
F152013,30,18,0.7,"[2509.293337383664, 458.90299279475585]"
F152013,30,18,0.8,"[2509.293337383664, 528.3710894999094]"
F152013,30,18,0.9,"[2509.293337383664, 601.1620532427914]"
F152013,30,18,1.0,"[2509.293337383664, 676.3347152308561]"
F152013,30,19,0.01,"[7968.269756664466, 6.387403206899762]"
F152013,30,19,0.1,"[3033.347777018751, 75.15977442124858]"
F152013,30,19,0.2,"[3033.346465949993, 155.49448747606948]"
F152013,30,19,0.3,"[3033.346465949993, 238.5241049733013]"
F152013,30,19,0.4,"[3033.346465949993, 322.7537535810843]"
F152013,30,19,0.5,"[3033.346465949993, 403.7896695109084]"
F152013,30,19,0.6,"[3033.346465949993, 488.66148688690737]"
F152013,30,19,0.7,"[3033.346465949993, 566.7432534592226]"
F152013,30,19,0.8,"[3033.346465949993, 647.0677414149977]"
F152013,30,19,0.9,"[3033.346465949993, 719.5381783163175]"
F152013,30,19,1.0,"[3033.346465949993, 746.3050500000827]"
F152013,30,20,0.01,"[8575.21729849582, 5.971916648093611]"
F152013,30,20,0.1,"[2578.159142504788, 74.47339074919]"
F152013,30,20,0.2,"[2578.1591425047864, 149.610678632278]"
F152013,30,20,0.3,"[2578.1591425047864, 222.88371008029208]"
F152013,30,20,0.4,"[2578.1591425047864, 297.2990827159956]"
F152013,30,20,0.5,"[2578.1591425047864, 368.7059151781723]"
F152013,30,20,0.6,"[2578.1591425047864, 443.6603901423514]"
F152013,30,20,0.7,"[2578.1591425047864, 522.528327552136]"
F152013,30,20,0.8,"[2578.1591425047864, 599.5727835712023]"
F152013,30,20,0.9,"[2578.1591425047864, 673.5623340983875]"
F152013,30,20,1.0,"[2578.1591425047864, 738.012757115066]"
F152013,30,21,0.01,"[3092.9362440029254, 6.425626548007131]"
F152013,30,21,0.1,"[2457.4628500190665, 73.6729051140137]"
F152013,30,21,0.2,"[2457.4628485702124, 150.3557128580287]"
F152013,30,21,0.3,"[2457.4628485702124, 228.63412086619064]"
F152013,30,21,0.4,"[2457.4628485702124, 305.45724210189655]"
F152013,30,21,0.5,"[2457.4628485702124, 382.13441236689687]"
F152013,30,21,0.6,"[2457.4628485702124, 459.2731343000196]"
F152013,30,21,0.7,"[2457.4628485702124, 538.2545115421526]"
F152013,30,21,0.8,"[2457.4628485702124, 615.9739655349404]"
F152013,30,21,0.9,"[2457.4628485702124, 695.8413859610446]"
F152013,30,21,1.0,"[2457.4628485702124, 740.8669334561564]"
F152013,30,22,0.01,"[4519.2214748504875, 6.660631330218166]"
F152013,30,22,0.1,"[2855.889846577207, 70.05899537913501]"
F152013,30,22,0.2,"[2855.889846577207, 137.94433471234515]"
F152013,30,22,0.3,"[2855.889846577207, 205.95553025323898]"
F152013,30,22,0.4,"[2855.889846577207, 259.89365223422647]"
F152013,30,22,0.5,"[2855.889846577207, 333.86376003501937]"
F152013,30,22,0.6,"[2855.889846577207, 404.5987341841683]"
F152013,30,22,0.7,"[2855.889846577207, 481.0604257150553]"
F152013,30,22,0.8,"[2855.889846577207, 562.2623577821068]"
F152013,30,22,0.9,"[2855.889846577207, 637.559545009397]"
F152013,30,22,1.0,"[2855.889846577207, 713.1840256080031]"
F152013,30,23,0.01,"[7788.097542103236, 7.92825813498348]"
F152013,30,23,0.1,"[2878.311232875185, 74.40868210187182]"
F152013,30,23,0.2,"[2878.3112288494067, 152.35535510396585]"
F152013,30,23,0.3,"[2878.3112288494067, 212.99362406274304]"
F152013,30,23,0.4,"[2878.3112288494067, 288.7078949101269]"
F152013,30,23,0.5,"[2878.3112288494067, 362.10372164379805]"
F152013,30,23,0.6,"[2878.3112288494067, 442.45066116191447]"
F152013,30,23,0.7,"[2878.3112288494067, 526.5288275438361]"
F152013,30,23,0.8,"[2878.3112288494067, 612.7690020198934]"
F152013,30,23,0.9,"[2878.3112288494067, 683.5576990358531]"
F152013,30,23,1.0,"[2878.3112288494067, 739.6492306627333]"
F152013,30,24,0.01,"[7986.5603441795965, 6.255488081369549]"
F152013,30,24,0.1,"[1978.280020500255, 69.78306775912642]"
F152013,30,24,0.2,"[1978.280020500255, 142.57366047333926]"
F152013,30,24,0.3,"[1978.280020500255, 214.49863966507837]"
F152013,30,24,0.4,"[1978.280020500255, 280.0744423009455]"
F152013,30,24,0.5,"[1978.280020500255, 353.68482400709763]"
F152013,30,24,0.6,"[1978.280020500255, 419.49393211724237]"
F152013,30,24,0.7,"[1978.280020500255, 484.8414637930691]"
F152013,30,24,0.8,"[1978.280020500255, 549.2518714172766]"
F152013,30,24,0.9,"[1978.280020500255, 618.3158047450706]"
F152013,30,24,1.0,"[1978.280020500255, 688.7537911590189]"
F152013,30,25,0.01,"[7250.032391474886, 4.770757830236107]"
F152013,30,25,0.1,"[3862.238513922068, 67.46777360094711]"
F152013,30,25,0.2,"[3862.238501879945, 142.6676682671532]"
F152013,30,25,0.3,"[3862.238501879945, 217.10873354412615]"
F152013,30,25,0.4,"[3862.2385018795776, 293.17316284636036]"
F152013,30,25,0.5,"[3862.2385018795776, 366.7243240759708]"
F152013,30,25,0.6,"[3862.2385018795776, 441.8638360062614]"
F152013,30,25,0.7,"[3862.2385018795285, 525.7495122421533]"
F152013,30,25,0.8,"[3862.2385018795285, 608.7010991782881]"
F152013,30,25,0.9,"[3862.2385018795285, 684.8677563280798]"
F152013,30,25,1.0,"[3862.2385018795285, 736.6887149102986]"
F152013,30,26,0.01,"[8146.9158164056025, 6.697680321987718]"
F152013,30,26,0.1,"[2765.5027801954693, 76.82742696302012]"
F152013,30,26,0.2,"[2765.502773055745, 158.06643565697595]"
F152013,30,26,0.3,"[2765.502773055745, 242.99679583869874]"
F152013,30,26,0.4,"[2765.502773055745, 326.91571336984634]"
F152013,30,26,0.5,"[2765.502773055745, 408.8938660947606]"
F152013,30,26,0.6,"[2765.502773055745, 488.3123606387526]"
F152013,30,26,0.7,"[2765.502773055745, 575.5622996781021]"
F152013,30,26,0.8,"[2765.502773055745, 656.7374391229823]"
F152013,30,26,0.9,"[2765.502773055745, 727.7341242530383]"
F152013,30,26,1.0,"[2765.502773055745, 750.0273241568357]"
F152013,30,27,0.01,"[7457.077709832217, 7.983029573224485]"
F152013,30,27,0.1,"[2653.6580045880346, 76.91680324496701]"
F152013,30,27,0.2,"[2653.6580045880346, 150.28761256532744]"
F152013,30,27,0.3,"[2653.6580045880346, 231.02471694722772]"
F152013,30,27,0.4,"[2653.6580045880346, 308.267850974109]"
F152013,30,27,0.5,"[2653.6580045880346, 384.0869963229634]"
F152013,30,27,0.6,"[2653.6580045880346, 458.96601833729073]"
F152013,30,27,0.7,"[2653.6580045880346, 536.3837491613813]"
F152013,30,27,0.8,"[2653.6580045880346, 609.4039779533632]"
F152013,30,27,0.9,"[2653.6580045880346, 684.693318806123]"
F152013,30,27,1.0,"[2653.6580045880346, 741.0892066792585]"
F152013,30,28,0.01,"[6562.248587525549, 6.608053964097053]"
F152013,30,28,0.1,"[3434.4551846093873, 69.4260761491023]"
F152013,30,28,0.2,"[3434.4551846093855, 131.05302546499297]"
F152013,30,28,0.3,"[3434.4551846093855, 205.4927756311372]"
F152013,30,28,0.4,"[3434.4551846093855, 271.3277385220863]"
F152013,30,28,0.5,"[3434.4551846093855, 332.9133732612245]"
F152013,30,28,0.6,"[3434.4551846093855, 409.1561228232458]"
F152013,30,28,0.7,"[3434.4551846093855, 482.9086224040948]"
F152013,30,28,0.8,"[3434.4551846093855, 556.7321912809275]"
F152013,30,28,0.9,"[3434.4551846093855, 619.2525655059144]"
F152013,30,28,1.0,"[3434.4551846093855, 692.4992675948888]"
F152013,30,29,0.01,"[7186.230599095635, 8.989923293236643]"
F152013,30,29,0.1,"[3482.120468050738, 76.12202529236674]"
F152013,30,29,0.2,"[3482.120468050738, 145.91615712735802]"
F152013,30,29,0.3,"[3482.120468050738, 225.86197468126193]"
F152013,30,29,0.4,"[3482.120468050738, 299.85833054222167]"
F152013,30,29,0.5,"[3482.120468050738, 375.2967771640979]"
F152013,30,29,0.6,"[3482.120468050738, 450.03574205422774]"
F152013,30,29,0.7,"[3482.120468050738, 521.007736208383]"
F152013,30,29,0.8,"[3482.120468050738, 594.2597203319892]"
F152013,30,29,0.9,"[3482.120468050738, 669.520386015065]"
F152013,30,29,1.0,"[3482.120468050738, 733.2583471443504]"
F152013,30,30,0.01,"[7127.133353547585, 7.367584581952542]"
F152013,30,30,0.1,"[2290.658692461666, 72.0796443768777]"
F152013,30,30,0.2,"[2290.658692461666, 142.36255558906123]"
F152013,30,30,0.3,"[2290.658692461666, 215.61370951402932]"
F152013,30,30,0.4,"[2290.658692461666, 289.0143000469543]"
F152013,30,30,0.5,"[2290.658692461666, 362.4832626497373]"
F152013,30,30,0.6,"[2290.658692461666, 435.1156993000768]"
F152013,30,30,0.7,"[2290.658692461666, 506.5545670809224]"
F152013,30,30,0.8,"[2290.658692461666, 581.2306451518089]"
F152013,30,30,0.9,"[2290.658692461666, 655.1681303060614]"
F152013,30,30,1.0,"[2290.658692461666, 727.0738655379973]"
F152013,30,31,0.01,"[6879.959276703947, 7.775662810076028]"
F152013,30,31,0.1,"[3035.956581176437, 74.8485596338287]"
F152013,30,31,0.2,"[3035.956581176437, 141.8728084708564]"
F152013,30,31,0.3,"[3035.956581176437, 218.4910831428133]"
F152013,30,31,0.4,"[3035.956581176437, 294.1364226290025]"
F152013,30,31,0.5,"[3035.956581176437, 369.0642042090185]"
F152013,30,31,0.6,"[3035.956581176437, 441.3995294100605]"
F152013,30,31,0.7,"[3035.956581176437, 513.8198050777428]"
F152013,30,31,0.8,"[3035.956581176437, 590.1686029499397]"
F152013,30,31,0.9,"[3035.956581176437, 660.7630365639925]"
F152013,30,31,1.0,"[3035.956581176437, 728.1333826659247]"
F152013,30,32,0.01,"[8166.251107787692, 7.434534448664635]"
F152013,30,32,0.1,"[2233.1560175710583, 71.2861595749855]"
F152013,30,32,0.2,"[2233.1560052244968, 146.60549718281254]"
F152013,30,32,0.3,"[2233.1560052244968, 229.6060864040628]"
F152013,30,32,0.4,"[2233.1560052244968, 305.8276812527329]"
F152013,30,32,0.5,"[2233.1560052244968, 381.21591760078445]"
F152013,30,32,0.6,"[2233.1560052244968, 456.48820413369685]"
F152013,30,32,0.7,"[2233.1560052244968, 522.0420948360115]"
F152013,30,32,0.8,"[2233.1560052244968, 600.893289594911]"
F152013,30,32,0.9,"[2233.1560052244968, 678.6005987040699]"
F152013,30,32,1.0,"[2233.1560052244968, 736.9963791766204]"
F152013,30,33,0.01,"[8114.37258407777, 7.835855177138001]"
F152013,30,33,0.1,"[2414.3546665558642, 70.05309342313558]"
F152013,30,33,0.2,"[2414.3546665558642, 139.08400748996064]"
F152013,30,33,0.3,"[2414.3546665558642, 214.1530537349172]"
F152013,30,33,0.4,"[2414.3546665558642, 289.1068252339028]"
F152013,30,33,0.5,"[2414.3546665558642, 361.4923503641039]"
F152013,30,33,0.6,"[2414.3546665558642, 431.8728440012783]"
F152013,30,33,0.7,"[2414.3546665558642, 504.157177799847]"
F152013,30,33,0.8,"[2414.3546665558642, 579.2486306461506]"
F152013,30,33,0.9,"[2414.3546665558642, 651.8681698511355]"
F152013,30,33,1.0,"[2414.3546665558642, 724.1830939790234]"
F152013,30,34,0.01,"[8150.5144799149275, 8.5477129179053]"
F152013,30,34,0.1,"[2171.629381219387, 70.93723060423508]"
F152013,30,34,0.2,"[2171.6293650280622, 139.2303235041909]"
F152013,30,34,0.3,"[2171.6293650280622, 207.41247279010713]"
F152013,30,34,0.4,"[2171.6293650280622, 254.75920298323035]"
F152013,30,34,0.5,"[2171.6293650280622, 330.25288313720375]"
F152013,30,34,0.6,"[2171.6293650280622, 399.43192716594785]"
F152013,30,34,0.7,"[2171.6293650280622, 471.867684900295]"
F152013,30,34,0.8,"[2171.6293650280622, 548.1279369699769]"
F152013,30,34,0.9,"[2171.6293650280622, 623.2692285790108]"
F152013,30,34,1.0,"[2171.6293650280622, 700.5141455400735]"
F152013,30,35,0.01,"[8365.649704386438, 7.548017389141023]"
F152013,30,35,0.1,"[2565.8809836766595, 70.17213738197461]"
F152013,30,35,0.2,"[2565.8809836766595, 136.97810488194227]"
F152013,30,35,0.3,"[2565.8809836766595, 213.26891065295786]"
F152013,30,35,0.4,"[2565.8809836766595, 289.3620310141705]"
F152013,30,35,0.5,"[2565.8809836766595, 364.6054153027944]"
F152013,30,35,0.6,"[2565.8809836766595, 437.7964856759645]"
F152013,30,35,0.7,"[2565.8809836766595, 510.03157952800393]"
F152013,30,35,0.8,"[2565.8809836766595, 585.1137076239102]"
F152013,30,35,0.9,"[2565.8809836766595, 659.2036198698916]"
F152013,30,35,1.0,"[2565.8809836766595, 727.1522304671817]"
F152013,30,36,0.01,"[7672.416743806095, 7.522018744144589]"
F152013,30,36,0.1,"[2867.2008261257106, 69.39626605808735]"
F152013,30,36,0.2,"[2867.2008261257106, 139.49943225597963]"
F152013,30,36,0.3,"[2867.2008261257106, 213.69837470678613]"
F152013,30,36,0.4,"[2867.2008261257106, 289.05974474782124]"
F152013,30,36,0.5,"[2867.2008261257106, 363.3927749050781]"
F152013,30,36,0.6,"[2867.2008261257106, 425.14644103497267]"
F152013,30,36,0.7,"[2867.2008261257106, 498.29085919680074]"
F152013,30,36,0.8,"[2867.2008261257106, 572.3917208719067]"
F152013,30,36,0.9,"[2867.2008261257106, 646.1148319370113]"
F152013,30,36,1.0,"[2867.2008261257106, 718.097144133877]"
F152013,30,37,0.01,"[3112.850591540917, 7.413984797894955]"
F152013,30,37,0.1,"[2830.0941361661135, 71.87353989714757]"
F152013,30,37,0.2,"[2830.0941361661135, 141.61133203096688]"
F152013,30,37,0.3,"[2830.0941361661135, 216.09430671483278]"
F152013,30,37,0.4,"[2830.0941361661135, 291.03125911485404]"
F152013,30,37,0.5,"[2830.0941361661135, 368.9145729220472]"
F152013,30,37,0.6,"[2830.0941361661135, 434.7819855539128]"
F152013,30,37,0.7,"[2830.0941361661135, 500.8466355758719]"
F152013,30,37,0.8,"[2830.0941361661135, 576.7954587042332]"
F152013,30,37,0.9,"[2830.0941361661135, 650.3655823520385]"
F152013,30,37,1.0,"[2830.0941361661135, 721.7582325302064]"
F152013,30,38,0.01,"[7918.943171133883, 6.782449861988425]"
F152013,30,38,0.1,"[3634.405858898681, 69.67535867867991]"
F152013,30,38,0.2,"[3634.404705762723, 143.44065260188654]"
F152013,30,38,0.3,"[3634.404705762723, 215.25121543183923]"
F152013,30,38,0.4,"[3634.404705762723, 291.4234229978174]"
F152013,30,38,0.5,"[3634.404705762723, 367.99245609669015]"
F152013,30,38,0.6,"[3634.404705762723, 444.419527977705]"
F152013,30,38,0.7,"[3634.404705762723, 525.590307478793]"
F152013,30,38,0.8,"[3634.404705762723, 604.5580015429296]"
F152013,30,38,0.9,"[3634.404705762723, 683.6331173027866]"
F152013,30,38,1.0,"[3634.404705762723, 738.7889369297773]"
F152013,30,39,0.01,"[8612.956144401473, 7.023719748016447]"
F152013,30,39,0.1,"[2335.736509381859, 55.66030727978796]"
F152013,30,39,0.2,"[2335.7364994163854, 132.52303623082116]"
F152013,30,39,0.3,"[2335.7364994163854, 205.64481937792152]"
F152013,30,39,0.4,"[2335.7364994163854, 279.36601327499375]"
F152013,30,39,0.5,"[2335.7364994163854, 355.0275846719742]"
F152013,30,39,0.6,"[2335.7364994163854, 430.60717702284455]"
F152013,30,39,0.7,"[2335.7364994163854, 509.82016322994605]"
F152013,30,39,0.8,"[2335.7364994163854, 588.836235681083]"
F152013,30,39,0.9,"[2335.7364994163854, 666.9726494369097]"
F152013,30,39,1.0,"[2335.7364994163854, 736.1936901737936]"
F152013,30,40,0.01,"[8079.07848758292, 6.323318141978234]"
F152013,30,40,0.1,"[3228.0137246440863, 58.60278793703765]"
F152013,30,40,0.2,"[3228.0137246440863, 135.01602009125054]"
F152013,30,40,0.3,"[3228.0137246440863, 206.80815365538]"
F152013,30,40,0.4,"[3228.0137246440863, 270.9561807019636]"
F152013,30,40,0.5,"[3228.0137246440863, 346.9393299622461]"
F152013,30,40,0.6,"[3228.0137246440863, 421.8778961650096]"
F152013,30,40,0.7,"[3228.0137246440863, 499.5808363482356]"
F152013,30,40,0.8,"[3228.0137246440863, 575.9217471950687]"
F152013,30,40,0.9,"[3228.0137246440863, 650.9894763743505]"
F152013,30,40,1.0,"[3228.0137246440863, 722.3422251511365]"
F152013,30,41,0.01,"[7780.03615890047, 1.3241635421290994]"
F152013,30,41,0.1,"[2146.933221922689, 65.65234040096402]"
F152013,30,41,0.2,"[2146.933221922507, 144.56668496737257]"
F152013,30,41,0.3,"[2146.933221922507, 220.1337668960914]"
F152013,30,41,0.4,"[2146.933221922507, 295.36073532514274]"
F152013,30,41,0.5,"[2146.933221922507, 374.2060123360716]"
F152013,30,41,0.6,"[2146.933221922507, 451.88666085433215]"
F152013,30,41,0.7,"[2146.933221922507, 532.9158461950719]"
F152013,30,41,0.8,"[2146.933221922507, 614.2131747752428]"
F152013,30,41,0.9,"[2146.933221922507, 695.5598650011234]"
F152013,30,41,1.0,"[2146.933221922507, 739.9528925400227]"
F152013,30,42,0.01,"[8031.379912048601, 8.071246756706387]"
F152013,30,42,0.1,"[1996.1854814628077, 71.00041438592598]"
F152013,30,42,0.2,"[1996.1854814628077, 146.75287411967292]"
F152013,30,42,0.3,"[1996.1854814628077, 207.73937239078805]"
F152013,30,42,0.4,"[1996.1854814628077, 263.702525538858]"
F152013,30,42,0.5,"[1996.1854814628077, 334.0556075889617]"
F152013,30,42,0.6,"[1996.1854814628077, 403.04043285595253]"
F152013,30,42,0.7,"[1996.1854814628077, 474.60156353283674]"
F152013,30,42,0.8,"[1996.1854814628077, 549.1414354708977]"
F152013,30,42,0.9,"[1996.1854814628077, 620.1398543869145]"
F152013,30,42,1.0,"[1996.1854814628077, 689.610556661617]"
F152013,30,43,0.01,"[7890.562867220098, 7.825745741836727]"
F152013,30,43,0.1,"[2608.039429505092, 71.91237412486225]"
F152013,30,43,0.2,"[2608.039427841226, 128.34319641301408]"
F152013,30,43,0.3,"[2608.039427841095, 198.39839762076735]"
F152013,30,43,0.4,"[2608.039427841095, 278.0623063519597]"
F152013,30,43,0.5,"[2608.039427841095, 358.45800938783213]"
F152013,30,43,0.6,"[2608.039427841095, 439.6654870728962]"
F152013,30,43,0.7,"[2608.0394278410477, 518.409417363815]"
F152013,30,43,0.8,"[2608.0394278410477, 596.2910351338796]"
F152013,30,43,0.9,"[2608.0394278410477, 675.3245406989008]"
F152013,30,43,1.0,"[2608.0394278410477, 739.3570101079531]"
F152013,30,44,0.01,"[8442.161937207347, 8.361570362001657]"
F152013,30,44,0.1,"[3395.506931050166, 76.20768454717472]"
F152013,30,44,0.2,"[3395.506931050166, 152.5023264931515]"
F152013,30,44,0.3,"[3395.506931050166, 230.33754587406293]"
F152013,30,44,0.4,"[3395.506931050166, 307.50063750334084]"
F152013,30,44,0.5,"[3395.506931050166, 386.03179195104167]"
F152013,30,44,0.6,"[3395.506931050166, 460.7168884379789]"
F152013,30,44,0.7,"[3395.506931050166, 534.5949542969465]"
F152013,30,44,0.8,"[3395.506931050166, 610.3579319021665]"
F152013,30,44,0.9,"[3395.506931050166, 687.4518175721169]"
F152013,30,44,1.0,"[3395.506931050166, 741.685929749161]"
F152013,30,45,0.01,"[7968.6552493802255, 7.139540604315698]"
F152013,30,45,0.1,"[3152.4721856201995, 73.01534848101437]"
F152013,30,45,0.2,"[3152.4721856201995, 137.3781821890734]"
F152013,30,45,0.3,"[3152.4721856201995, 218.80514116911218]"
F152013,30,45,0.4,"[3152.4721856201995, 298.20272327400744]"
F152013,30,45,0.5,"[3152.4721856201995, 376.98044987628236]"
F152013,30,45,0.6,"[3152.4721856201995, 448.78658671304584]"
F152013,30,45,0.7,"[3152.4721856201995, 525.911241310183]"
F152013,30,45,0.8,"[3152.4721856201995, 599.0893472032622]"
F152013,30,45,0.9,"[3152.4721856201995, 673.2139898664318]"
F152013,30,45,1.0,"[3152.4721856201995, 739.5353348823264]"
F152013,30,46,0.01,"[6561.921352326748, 5.417486170772463]"
F152013,30,46,0.1,"[2646.152716968025, 72.08976610098034]"
F152013,30,46,0.2,"[2646.152712006249, 150.3482235088013]"
F152013,30,46,0.3,"[2646.1527120062055, 222.6829588371329]"
F152013,30,46,0.4,"[2646.1527120062037, 301.7205221168697]"
F152013,30,46,0.5,"[2646.152712006189, 381.2124829511158]"
F152013,30,46,0.6,"[2646.1527120061855, 456.7464831639081]"
F152013,30,46,0.7,"[2646.1527120061855, 529.4763023257256]"
F152013,30,46,0.8,"[2646.1527120061855, 598.9593802969903]"
F152013,30,46,0.9,"[2646.1527120061655, 675.0872674076818]"
F152013,30,46,1.0,"[2646.1527120061655, 736.5946439038962]"
F152013,30,47,0.01,"[7427.31040893626, 7.001250057015568]"
F152013,30,47,0.1,"[1974.1864000955684, 72.46333498787135]"
F152013,30,47,0.2,"[1974.1864000955666, 150.76789622567594]"
F152013,30,47,0.3,"[1974.1864000955666, 230.89139327965677]"
F152013,30,47,0.4,"[1974.1864000955666, 309.05531907081604]"
F152013,30,47,0.5,"[1974.1864000955666, 386.018439817708]"
F152013,30,47,0.6,"[1974.1864000955666, 462.55761625478044]"
F152013,30,47,0.7,"[1974.1864000955666, 537.3897179700434]"
F152013,30,47,0.8,"[1974.1864000955666, 613.0285654240288]"
F152013,30,47,0.9,"[1974.1864000955666, 691.1479848106392]"
F152013,30,47,1.0,"[1974.1864000955666, 742.1181602627039]"
F152013,30,48,0.01,"[8267.29498913181, 7.897110397927463]"
F152013,30,48,0.1,"[2187.2404358361764, 70.63624712778255]"
F152013,30,48,0.2,"[2187.2404358361764, 110.12877464015037]"
F152013,30,48,0.3,"[2187.2404358361764, 118.94996272679418]"
F152013,30,48,0.4,"[2187.2404358361764, 127.76629810314626]"
F152013,30,48,0.5,"[2187.2404358361764, 136.55568722076714]"
F152013,30,48,0.6,"[2187.2404358361764, 145.33778011519462]"
F152013,30,48,0.7,"[2187.2404358361764, 154.1177652347833]"
F152013,30,48,0.8,"[2187.2404358361764, 162.8834647689946]"
F152013,30,48,0.9,"[2187.2404358361764, 171.6443498157896]"
F152013,30,48,1.0,"[2187.2404358361764, 180.40345585811883]"
F152013,30,49,0.01,"[7736.445643865444, 7.929002956021577]"
F152013,30,49,0.1,"[2320.363417666944, 56.979351956862956]"
F152013,30,49,0.2,"[2320.363417666944, 69.25728801311925]"
F152013,30,49,0.3,"[2320.363417666944, 78.04378770105541]"
F152013,30,49,0.4,"[2320.363417666944, 86.83940689684823]"
F152013,30,49,0.5,"[2320.363417666944, 95.62793886289]"
F152013,30,49,0.6,"[2320.363417666944, 104.40865990007296]"
F152013,30,49,0.7,"[2320.363417666944, 113.23305648099631]"
F152013,30,49,0.8,"[2320.363417666944, 122.05690293619409]"
F152013,30,49,0.9,"[2320.363417666944, 130.8780671991408]"
F152013,30,49,1.0,"[2320.363417666944, 139.7009607180953]"
F152013,30,50,0.01,"[7209.181339000313, 5.916698642540723]"
F152013,30,50,0.1,"[3026.723961456495, 51.599012894555926]"
F152013,30,50,0.2,"[3026.723961456495, 60.95976420491934]"
F152013,30,50,0.3,"[3026.723961456495, 69.74464350286871]"
F152013,30,50,0.4,"[3026.723961456495, 78.5199235077016]"
F152013,30,50,0.5,"[3026.723961456495, 87.29202258493751]"
F152013,30,50,0.6,"[3026.723961456495, 96.05432205367833]"
F152013,30,50,0.7,"[3026.723961456495, 104.81548056891188]"
F152013,30,50,0.8,"[3026.723961456495, 113.57926153158769]"
F152013,30,50,0.9,"[3026.723961456495, 122.33494799863547]"
F152013,30,50,1.0,"[3026.723961456495, 131.1291198367253]"
F152013,50,0,0.01,"[6281.857297090473, 23.539917160756886]"
F152013,50,0,0.1,"[5238.906366036699, 215.56963428482413]"
F152013,50,0,0.2,"[5238.906366036699, 425.02565657906234]"
F152013,50,0,0.3,"[5238.906366036699, 617.7613983568735]"
F152013,50,0,0.4,"[5238.906366036699, 834.3699192358181]"
F152013,50,0,0.5,"[5238.906366036699, 1070.774147212971]"
F152013,50,0,0.6,"[5238.906366036699, 1288.8736328766681]"
F152013,50,0,0.7,"[5238.906366036699, 1524.955638372805]"
F152013,50,0,0.8,"[5238.906366036699, 1765.2826727400534]"
F152013,50,0,0.9,"[5238.906366036699, 1990.6575863687322]"
F152013,50,0,1.0,"[5238.906366036699, 2156.562769593671]"
F152013,50,1,0.01,"[14466.92458736581, 23.44505845103413]"
F152013,50,1,0.1,"[4957.212120600709, 209.79883651668206]"
F152013,50,1,0.2,"[4957.1775080974785, 418.14257412869483]"
F152013,50,1,0.3,"[4957.177497448316, 637.1867546970025]"
F152013,50,1,0.4,"[4957.177497448316, 856.5578626450151]"
F152013,50,1,0.5,"[4957.177497448316, 1084.7517779460177]"
F152013,50,1,0.6,"[4957.177497448316, 1300.319079306908]"
F152013,50,1,0.7,"[4957.177497448316, 1526.0151167348959]"
F152013,50,1,0.8,"[4957.177497448316, 1738.4630598938093]"
F152013,50,1,0.9,"[4957.177497448316, 1961.756227707956]"
F152013,50,1,1.0,"[4957.177497448316, 2150.6151311919093]"
F152013,50,2,0.01,"[11742.80908721764, 23.99239229876548]"
F152013,50,2,0.1,"[5647.557945258661, 236.3716241628863]"
F152013,50,2,0.2,"[5647.557945258661, 457.52126934658736]"
F152013,50,2,0.3,"[5647.557945258661, 683.5862374417484]"
F152013,50,2,0.4,"[5647.557945258661, 906.3983703949489]"
F152013,50,2,0.5,"[5647.557945258661, 1144.587122255005]"
F152013,50,2,0.6,"[5647.557945258661, 1372.5535665368661]"
F152013,50,2,0.7,"[5647.557945258661, 1596.2452964917757]"
F152013,50,2,0.8,"[5647.557945258661, 1808.809794823639]"
F152013,50,2,0.9,"[5647.557945258661, 2022.81404361967]"
F152013,50,2,1.0,"[5647.557945258661, 2164.098134830594]"
F152013,50,3,0.01,"[14847.426311516201, 20.66856126114726]"
F152013,50,3,0.1,"[5054.561465032757, 205.11601389804855]"
F152013,50,3,0.2,"[5054.561465032755, 361.52598698204383]"
F152013,50,3,0.3,"[5054.561465032755, 568.8246242222376]"
F152013,50,3,0.4,"[5054.561465032755, 785.8054191879928]"
F152013,50,3,0.5,"[5054.561465032755, 1002.6278697992675]"
F152013,50,3,0.6,"[5054.561465032755, 1219.1752256038599]"
F152013,50,3,0.7,"[5054.561465032755, 1431.8363048369065]"
F152013,50,3,0.8,"[5054.561465032755, 1642.850778691005]"
F152013,50,3,0.9,"[5054.561465032755, 1853.8622484970838]"
F152013,50,3,1.0,"[5054.561465032755, 2068.4977070959285]"
F152013,50,4,0.01,"[11830.751739088842, 21.454443112015724]"
F152013,50,4,0.1,"[4656.369064373661, 164.6060630059801]"
F152013,50,4,0.2,"[4656.3689943893605, 375.7121193436906]"
F152013,50,4,0.3,"[4656.368994388222, 557.1098939287476]"
F152013,50,4,0.4,"[4656.368994388222, 777.9162460817024]"
F152013,50,4,0.5,"[4656.368994388222, 1005.8975950116292]"
F152013,50,4,0.6,"[4656.368994388222, 1226.004297444597]"
F152013,50,4,0.7,"[4656.368994388222, 1450.8579593347386]"
F152013,50,4,0.8,"[4656.368994388222, 1672.480743215885]"
F152013,50,4,0.9,"[4656.368994388222, 1897.944108071737]"
F152013,50,4,1.0,"[4656.368994388222, 2112.957669276744]"
F152013,50,5,0.01,"[15126.685203311004, 22.524093294981867]"
F152013,50,5,0.1,"[5095.921652417335, 212.78588689211756]"
F152013,50,5,0.2,"[5095.9216524173335, 418.26322861993685]"
F152013,50,5,0.3,"[5095.9216524173335, 593.9513122620992]"
F152013,50,5,0.4,"[5095.9216524173335, 814.8476121737622]"
F152013,50,5,0.5,"[5095.9216524173335, 1044.498933632858]"
F152013,50,5,0.6,"[5095.9216524173335, 1236.901674053166]"
F152013,50,5,0.7,"[5095.9216524173335, 1469.9002972049639]"
F152013,50,5,0.8,"[5095.9216524173335, 1703.1048324531876]"
F152013,50,5,0.9,"[5095.9216524173335, 1883.6722612311132]"
F152013,50,5,1.0,"[5095.9216524173335, 2096.236125694122]"
F152013,50,6,0.01,"[14787.652551434385, 21.62708995072171]"
F152013,50,6,0.1,"[5988.066893008878, 207.33078222395852]"
F152013,50,6,0.2,"[5988.066102846982, 404.242023285944]"
F152013,50,6,0.3,"[5988.066102843928, 605.7460803980939]"
F152013,50,6,0.4,"[5988.066102843928, 810.0882134297863]"
F152013,50,6,0.5,"[5988.066102843928, 1014.6278139268979]"
F152013,50,6,0.6,"[5988.066102843928, 1221.8823152347468]"
F152013,50,6,0.7,"[5988.066102843928, 1426.1201830497012]"
F152013,50,6,0.8,"[5988.066102843928, 1638.1232684808783]"
F152013,50,6,0.9,"[5988.066102843917, 1831.2876556427218]"
F152013,50,6,1.0,"[5988.066102843917, 2033.9579406059347]"
F152013,50,7,0.01,"[13480.57404940261, 23.364586281124502]"
F152013,50,7,0.1,"[5779.739793425057, 211.4748065257445]"
F152013,50,7,0.2,"[5779.739267133551, 428.2278385660611]"
F152013,50,7,0.3,"[5779.739267130559, 642.0963922068477]"
F152013,50,7,0.4,"[5779.739267130559, 857.2398695559241]"
F152013,50,7,0.5,"[5779.739267130559, 1080.19051904371]"
F152013,50,7,0.6,"[5779.739267130559, 1301.4485822031274]"
F152013,50,7,0.7,"[5779.739267130559, 1528.7250148570165]"
F152013,50,7,0.8,"[5779.739267130559, 1753.9341822611168]"
F152013,50,7,0.9,"[5779.739267130559, 1977.6062654880807]"
F152013,50,7,1.0,"[5779.739267130559, 2156.6828785766847]"
F152013,50,8,0.01,"[15898.936814171473, 20.415652344934642]"
F152013,50,8,0.1,"[6516.859410387986, 207.06349566299468]"
F152013,50,8,0.2,"[6516.859410387986, 419.04917391203344]"
F152013,50,8,0.3,"[6516.859410387986, 596.9659287310205]"
F152013,50,8,0.4,"[6516.859410387986, 805.6989363268949]"
F152013,50,8,0.5,"[6516.859410387986, 1022.9382455809973]"
F152013,50,8,0.6,"[6516.859410387986, 1196.0862002130598]"
F152013,50,8,0.7,"[6516.859410387986, 1408.9760349798016]"
F152013,50,8,0.8,"[6516.859410387986, 1630.1792497476563]"
F152013,50,8,0.9,"[6516.859410387986, 1833.1913738567382]"
F152013,50,8,1.0,"[6516.859410387986, 2030.6234731026925]"
F152013,50,9,0.01,"[15419.228851456046, 21.57115573482588]"
F152013,50,9,0.1,"[6647.896272262853, 190.9071074151434]"
F152013,50,9,0.2,"[6647.895317303892, 400.6132504809648]"
F152013,50,9,0.3,"[6647.89531730116, 599.4577583498321]"
F152013,50,9,0.4,"[6647.89531730116, 782.3418682729825]"
F152013,50,9,0.5,"[6647.89531730116, 981.4564351188019]"
F152013,50,9,0.6,"[6647.89531730116, 1161.9136428590864]"
F152013,50,9,0.7,"[6647.89531730116, 1364.9608806739561]"
F152013,50,9,0.8,"[6647.89531730116, 1557.1510791019537]"
F152013,50,9,0.9,"[6647.89531730116, 1704.7887136591598]"
F152013,50,9,1.0,"[6647.89531730116, 1909.200036486145]"
F152013,50,10,0.01,"[13261.195168656477, 20.764113252051175]"
F152013,50,10,0.1,"[4508.590774847191, 201.06447147438303]"
F152013,50,10,0.2,"[4508.589806431584, 414.87760069640353]"
F152013,50,10,0.3,"[4508.5898064248795, 603.29996330617]"
F152013,50,10,0.4,"[4508.5898064248795, 824.4847373720258]"
F152013,50,10,0.5,"[4508.5898064248795, 1027.2377065601759]"
F152013,50,10,0.6,"[4508.5898064248795, 1253.0050088600256]"
F152013,50,10,0.7,"[4508.5898064248795, 1452.6198145709932]"
F152013,50,10,0.8,"[4508.5898064248795, 1677.227608351037]"
F152013,50,10,0.9,"[4508.5898064248795, 1899.4473900212906]"
F152013,50,10,1.0,"[4508.5898064248795, 2109.4011373030953]"
F152013,50,11,0.01,"[11396.109513351274, 21.556440677959472]"
F152013,50,11,0.1,"[5088.109918205006, 207.43766095116735]"
F152013,50,11,0.2,"[5088.1092855749375, 424.76488049374893]"
F152013,50,11,0.3,"[5088.109285572138, 613.5862499810755]"
F152013,50,11,0.4,"[5088.109285572138, 836.4110032678582]"
F152013,50,11,0.5,"[5088.109285572138, 1025.0561873838305]"
F152013,50,11,0.6,"[5088.109285572138, 1231.8558060149662]"
F152013,50,11,0.7,"[5088.109285572138, 1450.2515911730006]"
F152013,50,11,0.8,"[5088.109285572138, 1676.7987893051468]"
F152013,50,11,0.9,"[5088.109285572138, 1899.9167255810462]"
F152013,50,11,1.0,"[5088.109285572138, 2112.417601502035]"
F152013,50,12,0.01,"[12965.006517922366, 23.251761619001627]"
F152013,50,12,0.1,"[5368.336562070106, 192.8620198550634]"
F152013,50,12,0.2,"[5368.336095250506, 389.1024162382819]"
F152013,50,12,0.3,"[5368.336095245288, 589.2565660942346]"
F152013,50,12,0.4,"[5368.336095245288, 815.1424426990561]"
F152013,50,12,0.5,"[5368.336095245288, 1039.0279533960856]"
F152013,50,12,0.6,"[5368.336095245288, 1260.1869820570573]"
F152013,50,12,0.7,"[5368.336095245288, 1486.6734316260554]"
F152013,50,12,0.8,"[5368.336095245288, 1712.1429915963672]"
F152013,50,12,0.9,"[5368.336095245288, 1938.8894021492451]"
F152013,50,12,1.0,"[5368.336095245288, 2137.0512433899567]"
F152013,50,13,0.01,"[13038.443659532655, 21.831872554961592]"
F152013,50,13,0.1,"[6609.409764470369, 215.89211854198948]"
F152013,50,13,0.2,"[6609.396487845863, 440.5893440847285]"
F152013,50,13,0.3,"[6609.396487044154, 645.2078715036623]"
F152013,50,13,0.4,"[6609.396487044154, 878.9308754177764]"
F152013,50,13,0.5,"[6609.396487044154, 1115.987328761723]"
F152013,50,13,0.6,"[6609.396487044154, 1352.4944485886954]"
F152013,50,13,0.7,"[6609.396487044154, 1583.8485160050914]"
F152013,50,13,0.8,"[6609.396487044154, 1821.0793220289052]"
F152013,50,13,0.9,"[6609.396487044154, 2040.763724514749]"
F152013,50,13,1.0,"[6609.396487044154, 2174.823385600932]"
F152013,50,14,0.01,"[11888.85605663696, 23.931063508149236]"
F152013,50,14,0.1,"[5395.453095032788, 213.2529805819504]"
F152013,50,14,0.2,"[5395.453057617138, 417.8163906559348]"
F152013,50,14,0.3,"[5395.453057617138, 638.9964493359439]"
F152013,50,14,0.4,"[5395.453057617138, 866.1736490959302]"
F152013,50,14,0.5,"[5395.453057617138, 1090.212734775152]"
F152013,50,14,0.6,"[5395.453057617138, 1314.9709742367268]"
F152013,50,14,0.7,"[5395.453057617138, 1547.5139291011728]"
F152013,50,14,0.8,"[5395.453057617138, 1784.1802579648793]"
F152013,50,14,0.9,"[5395.453057617138, 2012.3648115401156]"
F152013,50,14,1.0,"[5395.453057617138, 2166.891031432897]"
F152013,50,15,0.01,"[14804.671300237802, 23.135303949005902]"
F152013,50,15,0.1,"[5536.884105909603, 212.71158559899777]"
F152013,50,15,0.2,"[5536.883954331481, 432.59413995873183]"
F152013,50,15,0.3,"[5536.8839543299855, 659.9581718510017]"
F152013,50,15,0.4,"[5536.8839543299855, 890.2363307541236]"
F152013,50,15,0.5,"[5536.8839543299855, 1108.7171905199066]"
F152013,50,15,0.6,"[5536.8839543299855, 1336.940048766788]"
F152013,50,15,0.7,"[5536.8839543299855, 1562.4125274750404]"
F152013,50,15,0.8,"[5536.8839543299855, 1793.323261212092]"
F152013,50,15,0.9,"[5536.8839543299855, 2019.6343452837318]"
F152013,50,15,1.0,"[5536.8839543299855, 2171.663104579784]"
F152013,50,16,0.01,"[14520.658720589336, 20.21734455320984]"
F152013,50,16,0.1,"[6080.277509872796, 187.78594953380525]"
F152013,50,16,0.2,"[6080.277509872796, 405.13351545110345]"
F152013,50,16,0.3,"[6080.277509872796, 622.1145033380017]"
F152013,50,16,0.4,"[6080.277509872796, 843.2395849418826]"
F152013,50,16,0.5,"[6080.277509872796, 1061.1442263009958]"
F152013,50,16,0.6,"[6080.277509872796, 1275.0122666819952]"
F152013,50,16,0.7,"[6080.277509872796, 1493.1345627037808]"
F152013,50,16,0.8,"[6080.277509872796, 1707.657657817006]"
F152013,50,16,0.9,"[6080.277509872796, 1899.7438057218678]"
F152013,50,16,1.0,"[6080.277509872796, 2098.0557614108548]"
F152013,50,17,0.01,"[12013.134368786208, 23.275081445928663]"
F152013,50,17,0.1,"[6192.945238931137, 223.88852895237505]"
F152013,50,17,0.2,"[6192.945189583936, 445.4054542640224]"
F152013,50,17,0.3,"[6192.945189583936, 672.2434969879687]"
F152013,50,17,0.4,"[6192.945189583936, 899.9802447622642]"
F152013,50,17,0.5,"[6192.945189583936, 1126.6885570213199]"
F152013,50,17,0.6,"[6192.945189583936, 1347.7907057362609]"
F152013,50,17,0.7,"[6192.945189583936, 1573.993080564309]"
F152013,50,17,0.8,"[6192.945189583936, 1796.884511018172]"
F152013,50,17,0.9,"[6192.945189583936, 2022.8249849663116]"
F152013,50,17,1.0,"[6192.945189583936, 2170.7464473061264]"
F152013,50,18,0.01,"[10542.40463393021, 23.05941751273349]"
F152013,50,18,0.1,"[3855.3748246896503, 220.2170053049922]"
F152013,50,18,0.2,"[3855.3747186105393, 449.49632807588205]"
F152013,50,18,0.3,"[3855.3747186100372, 675.2067944039591]"
F152013,50,18,0.4,"[3855.3747186100372, 901.6637681038119]"
F152013,50,18,0.5,"[3855.3747186100372, 1148.70800506277]"
F152013,50,18,0.6,"[3855.3747186100372, 1379.5195649266243]"
F152013,50,18,0.7,"[3855.3747186100372, 1620.5607851678506]"
F152013,50,18,0.8,"[3855.3747186100372, 1851.2312207259238]"
F152013,50,18,0.9,"[3855.3747186100372, 2078.7268026806414]"
F152013,50,18,1.0,"[3855.3747186100372, 2176.5521541796625]"
F152013,50,19,0.01,"[14086.382001930917, 22.460667678155005]"
F152013,50,19,0.1,"[6769.3482452180015, 220.29950733296573]"
F152013,50,19,0.2,"[6769.348244787356, 456.39897502586246]"
F152013,50,19,0.3,"[6769.348244787356, 655.2551669040695]"
F152013,50,19,0.4,"[6769.348244787356, 880.943006888032]"
F152013,50,19,0.5,"[6769.348244787356, 1103.7835795339197]"
F152013,50,19,0.6,"[6769.348244787356, 1329.813126631081]"
F152013,50,19,0.7,"[6769.348244787356, 1551.3260771781206]"
F152013,50,19,0.8,"[6769.348244787356, 1790.5310513740405]"
F152013,50,19,0.9,"[6769.348244787356, 2009.9093789360486]"
F152013,50,19,1.0,"[6769.348244787356, 2167.9671124271117]"
F152013,50,20,0.01,"[13317.771404116796, 21.453989096917212]"
F152013,50,20,0.1,"[5066.242633783262, 215.4042238658294]"
F152013,50,20,0.2,"[5066.242231286242, 367.4951544748619]"
F152013,50,20,0.3,"[5066.242231284174, 570.4978214558214]"
F152013,50,20,0.4,"[5066.242231284174, 791.4505250500515]"
F152013,50,20,0.5,"[5066.242231284174, 999.2187153431587]"
F152013,50,20,0.6,"[5066.242231284174, 1147.7760237390175]"
F152013,50,20,0.7,"[5066.242231284174, 1382.960060740821]"
F152013,50,20,0.8,"[5066.242231284174, 1605.0151861621998]"
F152013,50,20,0.9,"[5066.242231284174, 1835.932036689017]"
F152013,50,20,1.0,"[5066.242231284174, 2039.9715394978411]"
F152013,50,21,0.01,"[15631.345514711313, 21.38053604727611]"
F152013,50,21,0.1,"[5957.400982720579, 208.58367696031928]"
F152013,50,21,0.2,"[5957.399843253212, 422.9067570869811]"
F152013,50,21,0.3,"[5957.399843234569, 632.8896628231741]"
F152013,50,21,0.4,"[5957.399843234569, 849.5008278433233]"
F152013,50,21,0.5,"[5957.399843234569, 1032.8783779982477]"
F152013,50,21,0.6,"[5957.399843234569, 1239.2970778900199]"
F152013,50,21,0.7,"[5957.399843234569, 1477.7984899203293]"
F152013,50,21,0.8,"[5957.399843234569, 1711.3953863442875]"
F152013,50,21,0.9,"[5957.399843234569, 1935.4845857052132]"
F152013,50,21,1.0,"[5957.399843234569, 2140.410504758358]"
F152013,50,22,0.01,"[13708.643461587886, 21.350419737864286]"
F152013,50,22,0.1,"[5228.783525014016, 219.15321904793382]"
F152013,50,22,0.2,"[5228.783525014016, 434.81268884195015]"
F152013,50,22,0.3,"[5228.783525014016, 632.7328553409316]"
F152013,50,22,0.4,"[5228.783525014016, 856.0575242307968]"
F152013,50,22,0.5,"[5228.783525014016, 1079.7051302539185]"
F152013,50,22,0.6,"[5228.783525014016, 1273.6473339400254]"
F152013,50,22,0.7,"[5228.783525014016, 1497.4275089278817]"
F152013,50,22,0.8,"[5228.783525014016, 1720.2915377956815]"
F152013,50,22,0.9,"[5228.783525014016, 1918.2076458968222]"
F152013,50,22,1.0,"[5228.783525014016, 2114.0403562290594]"
F152013,50,23,0.01,"[15022.502959228754, 20.887985127978027]"
F152013,50,23,0.1,"[5686.421081436765, 176.5244025909342]"
F152013,50,23,0.2,"[5686.421081436765, 386.50442539155483]"
F152013,50,23,0.3,"[5686.421081436765, 592.1996416496113]"
F152013,50,23,0.4,"[5686.421081436765, 807.8833756688982]"
F152013,50,23,0.5,"[5686.421081436765, 1029.3516406817362]"
F152013,50,23,0.6,"[5686.421081436765, 1242.3556302045472]"
F152013,50,23,0.7,"[5686.421081436765, 1462.0508778989315]"
F152013,50,23,0.8,"[5686.421081436765, 1662.733427658677]"
F152013,50,23,0.9,"[5686.421081436765, 1880.875840835739]"
F152013,50,23,1.0,"[5686.421081436765, 2076.5905025438406]"
F152013,50,24,0.01,"[14831.05157675902, 24.168004372157156]"
F152013,50,24,0.1,"[5453.493873060916, 206.23486906522885]"
F152013,50,24,0.2,"[5453.493873060916, 434.5983859640546]"
F152013,50,24,0.3,"[5453.493873060916, 660.0020928010345]"
F152013,50,24,0.4,"[5453.493873060916, 886.7065383382142]"
F152013,50,24,0.5,"[5453.493873060916, 1115.2804560121149]"
F152013,50,24,0.6,"[5453.493873060916, 1333.9709791671485]"
F152013,50,24,0.7,"[5453.493873060916, 1559.6075821840204]"
F152013,50,24,0.8,"[5453.493873060916, 1788.532240793109]"
F152013,50,24,0.9,"[5453.493873060916, 1994.9043868510053]"
F152013,50,24,1.0,"[5453.493873060916, 2160.7618759172037]"
F152013,50,25,0.01,"[13734.4207955512, 22.7946735820733]"
F152013,50,25,0.1,"[5735.769443679565, 195.17520896578208]"
F152013,50,25,0.2,"[5735.766855331858, 404.96844516601413]"
F152013,50,25,0.3,"[5735.766855174348, 636.2016834891401]"
F152013,50,25,0.4,"[5735.766855174348, 861.9440425778739]"
F152013,50,25,0.5,"[5735.766855174348, 1096.4563613981009]"
F152013,50,25,0.6,"[5735.766855174348, 1323.0309080458246]"
F152013,50,25,0.7,"[5735.766855174348, 1554.5855095381849]"
F152013,50,25,0.8,"[5735.766855174348, 1781.0591656551696]"
F152013,50,25,0.9,"[5735.766855174348, 2010.434055538848]"
F152013,50,25,1.0,"[5735.766855174348, 2169.948548404034]"
F152013,50,26,0.01,"[11426.616160150774, 21.834582343697548]"
F152013,50,26,0.1,"[5072.1662524035255, 207.89542680699378]"
F152013,50,26,0.2,"[5072.166252403524, 427.3154007010162]"
F152013,50,26,0.3,"[5072.166252403524, 632.62413147185]"
F152013,50,26,0.4,"[5072.166252403524, 847.586558863055]"
F152013,50,26,0.5,"[5072.166252403524, 1034.4857998429798]"
F152013,50,26,0.6,"[5072.166252403524, 1250.4362660790794]"
F152013,50,26,0.7,"[5072.166252403524, 1466.2927494659089]"
F152013,50,26,0.8,"[5072.166252403524, 1696.3580284970812]"
F152013,50,26,0.9,"[5072.166252403524, 1908.9098118520342]"
F152013,50,26,1.0,"[5072.166252403524, 2116.159286086913]"
F152013,50,27,0.01,"[11477.046838088818, 21.625555058009923]"
F152013,50,27,0.1,"[6315.967390027225, 205.33820352703333]"
F152013,50,27,0.2,"[6315.967389557911, 399.341076286044]"
F152013,50,27,0.3,"[6315.967389557911, 606.7634296291508]"
F152013,50,27,0.4,"[6315.967389557911, 813.1540079731494]"
F152013,50,27,0.5,"[6315.967389557911, 1014.5037513999268]"
F152013,50,27,0.6,"[6315.967389557911, 1220.9484096770175]"
F152013,50,27,0.7,"[6315.967389557911, 1416.593356268946]"
F152013,50,27,0.8,"[6315.967389557911, 1625.0014319331385]"
F152013,50,27,0.9,"[6315.967389557911, 1693.18418307323]"
F152013,50,27,1.0,"[6315.967389557911, 1846.1822717343457]"
F152013,50,28,0.01,"[14648.701043788507, 22.752933675888926]"
F152013,50,28,0.1,"[6636.147670285951, 192.71239261189476]"
F152013,50,28,0.2,"[6636.131731626847, 404.93600997375324]"
F152013,50,28,0.3,"[6636.131729192593, 623.9863247936592]"
F152013,50,28,0.4,"[6636.131729192593, 833.8289750278927]"
F152013,50,28,0.5,"[6636.131729192593, 1063.0853996006772]"
F152013,50,28,0.6,"[6636.131729192593, 1281.9342949786223]"
F152013,50,28,0.7,"[6636.131729192593, 1500.9545413558371]"
F152013,50,28,0.8,"[6636.131729192593, 1729.155524615664]"
F152013,50,28,0.9,"[6636.131729192593, 1919.6937433527783]"
F152013,50,28,1.0,"[6636.131729192593, 2117.7783328909427]"
F152013,50,29,0.01,"[13564.014939384128, 20.737459882628173]"
F152013,50,29,0.1,"[6079.100270800376, 199.82875812100247]"
F152013,50,29,0.2,"[6078.382420729533, 379.29417357593775]"
F152013,50,29,0.3,"[6078.38151156688, 592.1292964909226]"
F152013,50,29,0.4,"[6078.381510606907, 815.0168685396202]"
F152013,50,29,0.5,"[6078.381510606907, 1031.6026030350477]"
F152013,50,29,0.6,"[6078.381510606907, 1262.6229704227298]"
F152013,50,29,0.7,"[6078.381510606907, 1492.004297874868]"
F152013,50,29,0.8,"[6078.381510606907, 1726.541976004839]"
F152013,50,29,0.9,"[6078.381510606907, 1947.5725732808933]"
F152013,50,29,1.0,"[6078.381510606907, 2134.4731078767218]"
F152013,50,30,0.01,"[14246.16317471125, 24.805486792698503]"
F152013,50,30,0.1,"[6866.434814842034, 232.64822560967878]"
F152013,50,30,0.2,"[6866.434623552232, 454.69807397481054]"
F152013,50,30,0.3,"[6866.434623551739, 689.6602442129515]"
F152013,50,30,0.4,"[6866.434623551739, 925.0433261636645]"
F152013,50,30,0.5,"[6866.434623551739, 1160.1765789738856]"
F152013,50,30,0.6,"[6866.434623551739, 1395.730345859658]"
F152013,50,30,0.7,"[6866.434623551739, 1641.3130789208226]"
F152013,50,30,0.8,"[6866.434623551739, 1886.1814490137622]"
F152013,50,30,0.9,"[6866.434623551739, 2108.3688758839853]"
F152013,50,30,1.0,"[6866.434623551739, 2178.795836209785]"
F152013,50,31,0.01,"[15331.436426306514, 22.129199046175927]"
F152013,50,31,0.1,"[5763.142121870011, 208.54237661603838]"
F152013,50,31,0.2,"[5763.133841014376, 430.31960828090087]"
F152013,50,31,0.3,"[5763.133840326844, 655.571295552887]"
F152013,50,31,0.4,"[5763.133840326844, 879.4574345801957]"
F152013,50,31,0.5,"[5763.133840326844, 1115.7053150208667]"
F152013,50,31,0.6,"[5763.133840326844, 1341.331380005926]"
F152013,50,31,0.7,"[5763.133840326844, 1567.5842076302506]"
F152013,50,31,0.8,"[5763.133840326844, 1791.3984754821286]"
F152013,50,31,0.9,"[5763.133840326844, 2015.176887303125]"
F152013,50,31,1.0,"[5763.133840326844, 2170.7341403942555]"
F152013,50,32,0.01,"[14122.03969806623, 23.104454909916967]"
F152013,50,32,0.1,"[5341.493954877853, 187.68297417555004]"
F152013,50,32,0.2,"[5341.493540243991, 351.88484887359664]"
F152013,50,32,0.3,"[5341.4935402402825, 551.4316167705692]"
F152013,50,32,0.4,"[5341.4935402402825, 779.7065775599331]"
F152013,50,32,0.5,"[5341.4935402402825, 982.1961768497713]"
F152013,50,32,0.6,"[5341.4935402402825, 1168.5561357536353]"
F152013,50,32,0.7,"[5341.4935402402825, 1399.9851267365739]"
F152013,50,32,0.8,"[5341.4935402402825, 1622.6961623476818]"
F152013,50,32,0.9,"[5341.4935402402825, 1843.2183515159413]"
F152013,50,32,1.0,"[5341.4935402402825, 2071.749040043913]"
F152013,50,33,0.01,"[11086.43218818391, 21.311320655979216]"
F152013,50,33,0.1,"[6060.47430636645, 208.69455345813185]"
F152013,50,33,0.2,"[6060.47430636645, 400.0174951632507]"
F152013,50,33,0.3,"[6060.474306366448, 606.7637564390898]"
F152013,50,33,0.4,"[6060.474306366448, 810.1043303818442]"
F152013,50,33,0.5,"[6060.474306366448, 1024.874368222896]"
F152013,50,33,0.6,"[6060.474306366448, 1231.0477685788646]"
F152013,50,33,0.7,"[6060.474306366448, 1451.2305184500292]"
F152013,50,33,0.8,"[6060.474306366448, 1671.8372444910929]"
F152013,50,33,0.9,"[6060.474306366448, 1877.1587968221866]"
F152013,50,33,1.0,"[6060.474306366448, 2087.098512497265]"
F152013,50,34,0.01,"[14368.101815172598, 20.49421007791534]"
F152013,50,34,0.1,"[4321.369824506801, 212.5221371250227]"
F152013,50,34,0.2,"[4321.3698224962245, 423.40702604316175]"
F152013,50,34,0.3,"[4321.3698224962245, 659.9223136641085]"
F152013,50,34,0.4,"[4321.3698224962245, 883.6620829538442]"
F152013,50,34,0.5,"[4321.3698224962245, 1121.7856338438578]"
F152013,50,34,0.6,"[4321.3698224962245, 1336.3537183618173]"
F152013,50,34,0.7,"[4321.3698224962245, 1562.6643446939997]"
F152013,50,34,0.8,"[4321.3698224962245, 1800.132908792235]"
F152013,50,34,0.9,"[4321.3698224962245, 2025.1627534581348]"
F152013,50,34,1.0,"[4321.3698224962245, 2170.6592318550684]"
F152013,50,35,0.01,"[10126.959758120056, 21.452123295050114]"
F152013,50,35,0.1,"[6049.993549655028, 216.62366333324462]"
F152013,50,35,0.2,"[6049.993159309181, 436.45161508535966]"
F152013,50,35,0.3,"[6049.993159307072, 646.5610401462764]"
F152013,50,35,0.4,"[6049.993159307072, 881.100570299197]"
F152013,50,35,0.5,"[6049.993159307072, 1105.2470468161628]"
F152013,50,35,0.6,"[6049.993159307072, 1312.5456798863597]"
F152013,50,35,0.7,"[6049.993159307072, 1541.668842726387]"
F152013,50,35,0.8,"[6049.993159307072, 1759.6606736872345]"
F152013,50,35,0.9,"[6049.993159307072, 1980.677134405356]"
F152013,50,35,1.0,"[6049.993159307072, 2155.1492230473086]"
F152013,50,36,0.01,"[13626.28248111328, 20.36349224112928]"
F152013,50,36,0.1,"[5598.722271646278, 184.84255361417308]"
F152013,50,36,0.2,"[5598.72178987748, 392.0184964630753]"
F152013,50,36,0.3,"[5598.721789871888, 601.0185554753989]"
F152013,50,36,0.4,"[5598.721789871888, 824.5690345512703]"
F152013,50,36,0.5,"[5598.721789871888, 1038.3575877142139]"
F152013,50,36,0.6,"[5598.721789871888, 1230.4352735602297]"
F152013,50,36,0.7,"[5598.721789871888, 1457.932386124041]"
F152013,50,36,0.8,"[5598.721789871888, 1672.2576511600055]"
F152013,50,36,0.9,"[5598.721789871888, 1895.2086846600287]"
F152013,50,36,1.0,"[5598.721789871888, 2112.0603157281876]"
F152013,50,37,0.01,"[14185.39483133977, 18.750597001984715]"
F152013,50,37,0.1,"[6990.721402552297, 206.0254671210423]"
F152013,50,37,0.2,"[6990.721402552297, 423.82522836793214]"
F152013,50,37,0.3,"[6990.721402552297, 609.7369025470689]"
F152013,50,37,0.4,"[6990.721402552297, 823.6974715110846]"
F152013,50,37,0.5,"[6990.721402552297, 1036.6888573928736]"
F152013,50,37,0.6,"[6990.721402552297, 1247.9829460917972]"
F152013,50,37,0.7,"[6990.721402552297, 1472.2004579189233]"
F152013,50,37,0.8,"[6990.721402552297, 1699.624960300047]"
F152013,50,37,0.9,"[6990.721402552297, 1905.2053122087382]"
F152013,50,37,1.0,"[6990.721402552297, 2111.066091693938]"
F152013,50,38,0.01,"[11444.315716602294, 19.60777476290241]"
F152013,50,38,0.1,"[6478.174561169439, 206.0262605426833]"
F152013,50,38,0.2,"[6478.174248253234, 406.74092849483714]"
F152013,50,38,0.3,"[6478.174248251256, 631.0895428746007]"
F152013,50,38,0.4,"[6478.174248251256, 864.5627589356154]"
F152013,50,38,0.5,"[6478.174248251256, 1095.248552893754]"
F152013,50,38,0.6,"[6478.174248251256, 1330.6376562286168]"
F152013,50,38,0.7,"[6478.174248251256, 1563.829000950791]"
F152013,50,38,0.8,"[6478.174248251256, 1799.523560270667]"
F152013,50,38,0.9,"[6478.174248251256, 2021.7413196149282]"
F152013,50,38,1.0,"[6478.174248251256, 2169.7928569586948]"
F152013,50,39,0.01,"[14630.726008466285, 22.183778095059097]"
F152013,50,39,0.1,"[5060.704382244476, 214.7915389481932]"
F152013,50,39,0.2,"[5060.704382244476, 417.52129917917773]"
F152013,50,39,0.3,"[5060.704382244476, 635.2824687692337]"
F152013,50,39,0.4,"[5060.704382244476, 855.9515520189889]"
F152013,50,39,0.5,"[5060.704382244476, 1071.0382471452467]"
F152013,50,39,0.6,"[5060.704382244476, 1290.8149469969794]"
F152013,50,39,0.7,"[5060.704382244476, 1509.5996840503067]"
F152013,50,39,0.8,"[5060.704382244476, 1726.4649399919435]"
F152013,50,39,0.9,"[5060.704382244476, 1945.0520840543322]"
F152013,50,39,1.0,"[5060.704382244476, 2134.9224870470352]"
F152013,50,40,0.01,"[7046.13468639691, 22.793839199934155]"
F152013,50,40,0.1,"[5281.526328652402, 214.52216546796262]"
F152013,50,40,0.2,"[5281.526328652402, 431.30414474895224]"
F152013,50,40,0.3,"[5281.526328652402, 667.6475425679237]"
F152013,50,40,0.4,"[5281.526328652402, 903.6867692670785]"
F152013,50,40,0.5,"[5281.526328652402, 1138.240076968912]"
F152013,50,40,0.6,"[5281.526328652402, 1368.3533724518493]"
F152013,50,40,0.7,"[5281.526328652402, 1589.4083326910622]"
F152013,50,40,0.8,"[5281.526328652402, 1816.94105705712]"
F152013,50,40,0.9,"[5281.526328652402, 2034.6069198409095]"
F152013,50,40,1.0,"[5281.526328652402, 2170.4013157049194]"
F152013,50,41,0.01,"[11951.730366882211, 21.47468213737011]"
F152013,50,41,0.1,"[5344.4971849763715, 200.38448119396344]"
F152013,50,41,0.2,"[5344.496815367216, 414.1616707709618]"
F152013,50,41,0.3,"[5344.496815366094, 623.0844408790581]"
F152013,50,41,0.4,"[5344.496815366094, 857.610622279346]"
F152013,50,41,0.5,"[5344.496815366094, 1077.0708999731578]"
F152013,50,41,0.6,"[5344.496815366094, 1282.7662106873468]"
F152013,50,41,0.7,"[5344.496815366094, 1502.9920503892936]"
F152013,50,41,0.8,"[5344.496815366094, 1744.1411723182537]"
F152013,50,41,0.9,"[5344.496815366094, 1968.5005933023058]"
F152013,50,41,1.0,"[5344.496815366094, 2147.344198221341]"
F152013,50,42,0.01,"[14363.636390566222, 22.14710694598034]"
F152013,50,42,0.1,"[6542.931465559386, 199.17755841184407]"
F152013,50,42,0.2,"[6542.9308669512975, 384.8781465990469]"
F152013,50,42,0.3,"[6542.930866948711, 574.6241990560666]"
F152013,50,42,0.4,"[6542.930866948711, 789.0698928069323]"
F152013,50,42,0.5,"[6542.930866948711, 1006.4530442869291]"
F152013,50,42,0.6,"[6542.930866948711, 1218.7921657357365]"
F152013,50,42,0.7,"[6542.930866948711, 1443.3596716439351]"
F152013,50,42,0.8,"[6542.930866948711, 1653.088496339973]"
F152013,50,42,0.9,"[6542.930866948711, 1877.8288384368643]"
F152013,50,42,1.0,"[6542.930866948711, 2096.0340994289145]"
F152013,50,43,0.01,"[14303.390162486096, 22.66900343587622]"
F152013,50,43,0.1,"[5039.247713707246, 212.0771891400218]"
F152013,50,43,0.2,"[5039.206071075978, 448.9357929681428]"
F152013,50,43,0.3,"[5039.206069843787, 675.0889858761802]"
F152013,50,43,0.4,"[5039.206069843787, 848.2502809478901]"
F152013,50,43,0.5,"[5039.206069843787, 1060.5487090740353]"
F152013,50,43,0.6,"[5039.206069843787, 1272.6311061461456]"
F152013,50,43,0.7,"[5039.206069843787, 1494.29308794206]"
F152013,50,43,0.8,"[5039.206069843787, 1724.349492053967]"
F152013,50,43,0.9,"[5039.206069843787, 1941.855401076842]"
F152013,50,43,1.0,"[5039.206069843787, 2143.210276104044]"
F152013,50,44,0.01,"[10122.255954939224, 20.27050469489768]"
F152013,50,44,0.1,"[5354.37273571858, 191.08109689410776]"
F152013,50,44,0.2,"[5354.365163278066, 406.5919325919822]"
F152013,50,44,0.3,"[5354.36516239246, 603.2928384779952]"
F152013,50,44,0.4,"[5354.36516239246, 826.3055449076928]"
F152013,50,44,0.5,"[5354.36516239246, 1049.8376733129844]"
F152013,50,44,0.6,"[5354.36516239246, 1263.4167757760733]"
F152013,50,44,0.7,"[5354.36516239246, 1490.2190186870284]"
F152013,50,44,0.8,"[5354.36516239246, 1719.0044255270623]"
F152013,50,44,0.9,"[5354.36516239246, 1932.9443330466747]"
F152013,50,44,1.0,"[5354.36516239246, 2134.595865373034]"
F152013,50,45,0.01,"[12194.423245732058, 25.573618285823613]"
F152013,50,45,0.1,"[5653.593798829104, 213.01592275500298]"
F152013,50,45,0.2,"[5653.593798829104, 435.87767147878185]"
F152013,50,45,0.3,"[5653.593798829104, 648.2607992286794]"
F152013,50,45,0.4,"[5653.593798829104, 868.5101279406808]"
F152013,50,45,0.5,"[5653.593798829104, 1061.317717003636]"
F152013,50,45,0.6,"[5653.593798829104, 1261.3076337790117]"
F152013,50,45,0.7,"[5653.593798829104, 1456.9296211707406]"
F152013,50,45,0.8,"[5653.593798829104, 1658.8133273497224]"
F152013,50,45,0.9,"[5653.593798829104, 1851.6573354126886]"
F152013,50,45,1.0,"[5653.593798829104, 2044.7591460486874]"
F152013,50,46,0.01,"[11530.602918355955, 23.115331741049886]"
F152013,50,46,0.1,"[5784.460537939005, 224.20769742317498]"
F152013,50,46,0.2,"[5784.447453757857, 450.4733172021806]"
F152013,50,46,0.3,"[5784.447453211145, 662.5096283233725]"
F152013,50,46,0.4,"[5784.447453211145, 884.529848203063]"
F152013,50,46,0.5,"[5784.447453211145, 1092.110083584208]"
F152013,50,46,0.6,"[5784.447453211145, 1273.074263941031]"
F152013,50,46,0.7,"[5784.447453211145, 1506.6043210132048]"
F152013,50,46,0.8,"[5784.447453211145, 1735.151099135168]"
F152013,50,46,0.9,"[5784.447453211145, 1949.3811724833213]"
F152013,50,46,1.0,"[5784.447453211145, 2142.5640864479356]"
F152013,50,47,0.01,"[10605.274155499948, 24.27441651886329]"
F152013,50,47,0.1,"[4904.069165209079, 233.85948505159467]"
F152013,50,47,0.2,"[4904.046543569588, 478.1196315558627]"
F152013,50,47,0.3,"[4904.046537245309, 709.3268638500012]"
F152013,50,47,0.4,"[4904.046537245309, 937.4929176759906]"
F152013,50,47,0.5,"[4904.046537245309, 1170.1293417839333]"
F152013,50,47,0.6,"[4904.046537245309, 1415.0885561169125]"
F152013,50,47,0.7,"[4904.046537245309, 1637.4205800718628]"
F152013,50,47,0.8,"[4904.046537245309, 1832.2894406137057]"
F152013,50,47,0.9,"[4904.046537245309, 2057.3827427066863]"
F152013,50,47,1.0,"[4904.046537245309, 2174.335109254811]"
F152013,50,48,0.01,"[14105.494829111849, 21.70218093600124]"
F152013,50,48,0.1,"[4319.002829042056, 199.3228191556409]"
F152013,50,48,0.2,"[4319.0001717850355, 321.7719393069856]"
F152013,50,48,0.3,"[4319.000171754164, 340.3551606195979]"
F152013,50,48,0.4,"[4319.000171754164, 357.6750043015927]"
F152013,50,48,0.5,"[4319.000171754164, 374.9365679109469]"
F152013,50,48,0.6,"[4319.000171754164, 392.11704499367625]"
F152013,50,48,0.7,"[4319.000171754164, 409.30885557085276]"
F152013,50,48,0.8,"[4319.000171754164, 426.49034196697176]"
F152013,50,48,0.9,"[4319.000171754164, 443.65894102072343]"
F152013,50,48,1.0,"[4319.000171754164, 460.7756587387994]"
F152013,50,49,0.01,"[9379.710817754218, 20.25342221884057]"
F152013,50,49,0.1,"[5697.637473149114, 184.28963558468968]"
F152013,50,49,0.2,"[5696.551522990272, 267.46367111383006]"
F152013,50,49,0.3,"[5696.550442923606, 283.88703811494634]"
F152013,50,49,0.4,"[5696.550440405916, 300.5635362416506]"
F152013,50,49,0.5,"[5696.550440405916, 317.6599768358283]"
F152013,50,49,0.6,"[5696.550440405916, 334.739291545935]"
F152013,50,49,0.7,"[5696.550440405916, 351.78455960471183]"
F152013,50,49,0.8,"[5696.550440405916, 368.8036988796666]"
F152013,50,49,0.9,"[5696.550440405916, 385.7788134459406]"
F152013,50,49,1.0,"[5696.550440405916, 402.7532906839624]"
F152013,50,50,0.01,"[13638.18590445121, 21.707334651146084]"
F152013,50,50,0.1,"[4534.868656174825, 137.0694893701002]"
F152013,50,50,0.2,"[4475.255472801469, 155.60640620533377]"
F152013,50,50,0.3,"[4475.255468864354, 172.27877385402098]"
F152013,50,50,0.4,"[4475.255468864354, 189.54013933287933]"
F152013,50,50,0.5,"[4475.255468864354, 206.74059513024986]"
F152013,50,50,0.6,"[4475.255468864354, 223.92036987794563]"
F152013,50,50,0.7,"[4475.255468864354, 241.05226057209074]"
F152013,50,50,0.8,"[4475.255468864354, 258.1694959839806]"
F152013,50,50,0.9,"[4475.255468864354, 275.265372348018]"
F152013,50,50,1.0,"[4475.255468864354, 292.396866180934]"
