function,dimension,run,checkpoint,error
F272013,10,0,0.01,"[1568.926396043537, 0.07815766334533691]"
F272013,10,0,0.1,"[1256.9075915540025, 0.716961145401001]"
F272013,10,0,0.2,"[911.8780474400969, 1.4267690181732178]"
F272013,10,0,0.3,"[906.723141705952, 2.1338043212890625]"
F272013,10,0,0.4,"[906.7040961415228, 2.849781036376953]"
F272013,10,0,0.5,"[906.3689929849452, 3.554173231124878]"
F272013,10,0,0.6,"[899.975561971064, 4.2626683712005615]"
F272013,10,0,0.7,"[899.9404843749148, 4.976531982421875]"
F272013,10,0,0.8,"[899.9392910146989, 5.681127548217773]"
F272013,10,0,0.9,"[899.9392910146989, 6.386576890945435]"
F272013,10,0,1.0,"[899.9392910146989, 7.0986480712890625]"
F272013,10,1,0.01,"[1760.637691348361, 0.07752156257629395]"
F272013,10,1,0.1,"[1345.7696084928912, 0.7140357494354248]"
F272013,10,1,0.2,"[1343.293374573771, 1.4217169284820557]"
F272013,10,1,0.3,"[876.9448815089868, 2.130164861679077]"
F272013,10,1,0.4,"[874.053661532676, 2.8477280139923096]"
F272013,10,1,0.5,"[824.8769605752059, 3.553041458129883]"
F272013,10,1,0.6,"[806.2808067795036, 4.255390167236328]"
F272013,10,1,0.7,"[805.7295725169233, 4.970548152923584]"
F272013,10,1,0.8,"[805.6004513713883, 5.675210952758789]"
F272013,10,1,0.9,"[805.6004485059475, 6.37897801399231]"
F272013,10,1,1.0,"[805.6004485059475, 7.0922136306762695]"
F272013,10,2,0.01,"[768.9768625409029, 0.07739639282226562]"
F272013,10,2,0.1,"[757.58234264763, 0.7121446132659912]"
F272013,10,2,0.2,"[750.3004398520766, 1.41713547706604]"
F272013,10,2,0.3,"[735.4854876031322, 2.1204991340637207]"
F272013,10,2,0.4,"[734.5060118606089, 2.8332021236419678]"
F272013,10,2,0.5,"[734.4845282598724, 3.5345754623413086]"
F272013,10,2,0.6,"[734.4801441015625, 4.234476804733276]"
F272013,10,2,0.7,"[734.4797619313601, 4.944223403930664]"
F272013,10,2,0.8,"[734.4797463181608, 5.645474195480347]"
F272013,10,2,0.9,"[734.4797463181608, 6.349183082580566]"
F272013,10,2,1.0,"[734.4797463181608, 7.059169292449951]"
F272013,10,3,0.01,"[3027.8950386451143, 0.07769250869750977]"
F272013,10,3,0.1,"[2831.7444183263597, 0.714137077331543]"
F272013,10,3,0.2,"[1177.8282197392227, 1.4208643436431885]"
F272013,10,3,0.3,"[1002.8370153528376, 2.12827205657959]"
F272013,10,3,0.4,"[847.0382026181537, 2.842316150665283]"
F272013,10,3,0.5,"[806.8316539299262, 3.54994535446167]"
F272013,10,3,0.6,"[718.4086200273377, 4.251993179321289]"
F272013,10,3,0.7,"[649.4457651366918, 4.9639997482299805]"
F272013,10,3,0.8,"[603.8894314859317, 5.670906066894531]"
F272013,10,3,0.9,"[588.4718365727717, 6.375831365585327]"
F272013,10,3,1.0,"[560.286786477053, 7.088061571121216]"
F272013,10,4,0.01,"[804.2855118660436, 0.07756328582763672]"
F272013,10,4,0.1,"[802.3723756178774, 0.713568925857544]"
F272013,10,4,0.2,"[769.3189620518533, 1.4220964908599854]"
F272013,10,4,0.3,"[769.2610742602119, 2.1283090114593506]"
F272013,10,4,0.4,"[769.2606864342961, 2.842768669128418]"
F272013,10,4,0.5,"[769.2606864342961, 3.5476348400115967]"
F272013,10,4,0.6,"[769.2606864342961, 4.25078010559082]"
F272013,10,4,0.7,"[769.2606864342961, 4.963007688522339]"
F272013,10,4,0.8,"[769.2606864342961, 5.667828559875488]"
F272013,10,4,0.9,"[769.2606864342961, 6.3696815967559814]"
F272013,10,4,1.0,"[769.2606864342961, 7.081036806106567]"
F272013,10,5,0.01,"[2341.767531531107, 0.08443689346313477]"
F272013,10,5,0.1,"[2328.630959627402, 0.7203536033630371]"
F272013,10,5,0.2,"[874.8362838432095, 1.428283929824829]"
F272013,10,5,0.3,"[711.3648652217908, 2.131817102432251]"
F272013,10,5,0.4,"[700.540202305388, 2.8435347080230713]"
F272013,10,5,0.5,"[686.6026137232025, 3.547598123550415]"
F272013,10,5,0.6,"[686.6014556626901, 4.249175786972046]"
F272013,10,5,0.7,"[685.3189800907683, 4.960376262664795]"
F272013,10,5,0.8,"[673.9877950503353, 5.660902976989746]"
F272013,10,5,0.9,"[673.9540508890864, 6.360135316848755]"
F272013,10,5,1.0,"[673.9540072845834, 7.071450233459473]"
F272013,10,6,0.01,"[1785.4186114067543, 0.07754778861999512]"
F272013,10,6,0.1,"[1782.1667695124079, 0.7137537002563477]"
F272013,10,6,0.2,"[1690.0083608709183, 1.420306921005249]"
F272013,10,6,0.3,"[1066.7376372773429, 2.1239633560180664]"
F272013,10,6,0.4,"[920.1551977520321, 2.8342363834381104]"
F272013,10,6,0.5,"[920.1313724360989, 3.53779935836792]"
F272013,10,6,0.6,"[919.446653398586, 4.235230922698975]"
F272013,10,6,0.7,"[919.4466374090061, 4.945335388183594]"
F272013,10,6,0.8,"[919.4466374090061, 5.649824619293213]"
F272013,10,6,0.9,"[919.4466374090061, 6.350141525268555]"
F272013,10,6,1.0,"[919.4466374090061, 7.059981346130371]"
F272013,10,7,0.01,"[1257.3440111770938, 0.07764291763305664]"
F272013,10,7,0.1,"[1252.7542034218445, 0.7154829502105713]"
F272013,10,7,0.2,"[832.6836385543711, 1.4208719730377197]"
F272013,10,7,0.3,"[815.3436265100181, 2.1238863468170166]"
F272013,10,7,0.4,"[737.6087422139863, 2.834409475326538]"
F272013,10,7,0.5,"[736.3173417640373, 3.5342297554016113]"
F272013,10,7,0.6,"[733.5185938655586, 4.237449407577515]"
F272013,10,7,0.7,"[733.515271471621, 4.950226545333862]"
F272013,10,7,0.8,"[723.7162280475477, 5.654952526092529]"
F272013,10,7,0.9,"[707.0596478884386, 6.361372470855713]"
F272013,10,7,1.0,"[656.6309901073669, 7.077253818511963]"
F272013,10,8,0.01,"[2725.807413795884, 0.0781092643737793]"
F272013,10,8,0.1,"[2724.0537414476375, 0.7185659408569336]"
F272013,10,8,0.2,"[2180.3714883757225, 1.4262642860412598]"
F272013,10,8,0.3,"[1455.754109034864, 2.128856897354126]"
F272013,10,8,0.4,"[1345.379512525375, 2.8407320976257324]"
F272013,10,8,0.5,"[1249.352278803688, 3.5430519580841064]"
F272013,10,8,0.6,"[946.8422066428029, 4.2440550327301025]"
F272013,10,8,0.7,"[945.9274170965932, 4.955406904220581]"
F272013,10,8,0.8,"[939.6841548760212, 5.658701181411743]"
F272013,10,8,0.9,"[938.8346506778107, 6.363744735717773]"
F272013,10,8,1.0,"[938.6252577781565, 7.074063062667847]"
F272013,10,9,0.01,"[759.0503847496184, 0.07701635360717773]"
F272013,10,9,0.1,"[714.694970439698, 0.7075252532958984]"
F272013,10,9,0.2,"[681.0251337863103, 1.4103965759277344]"
F272013,10,9,0.3,"[646.8188642449807, 2.1108322143554688]"
F272013,10,9,0.4,"[646.8170420314277, 2.8219077587127686]"
F272013,10,9,0.5,"[646.8170420314277, 3.5211431980133057]"
F272013,10,9,0.6,"[646.8170420314277, 4.220598220825195]"
F272013,10,9,0.7,"[646.8170420314277, 4.927753210067749]"
F272013,10,9,0.8,"[646.8170420314277, 5.627964973449707]"
F272013,10,9,0.9,"[646.8170420314277, 6.328031063079834]"
F272013,10,9,1.0,"[646.8170420314277, 7.0328874588012695]"
F272013,10,10,0.01,"[3709.3898894313334, 0.07712554931640625]"
F272013,10,10,0.1,"[3709.3735615750948, 0.709968090057373]"
F272013,10,10,0.2,"[1254.6255028370642, 1.4134032726287842]"
F272013,10,10,0.3,"[1254.6255028370642, 2.111537456512451]"
F272013,10,10,0.4,"[1043.3461670483762, 2.821023464202881]"
F272013,10,10,0.5,"[978.7324995058088, 3.526843786239624]"
F272013,10,10,0.6,"[933.5924729647559, 4.231043577194214]"
F272013,10,10,0.7,"[762.637077323307, 4.938634634017944]"
F272013,10,10,0.8,"[762.2053065225155, 5.638850688934326]"
F272013,10,10,0.9,"[761.9436009588067, 6.340296506881714]"
F272013,10,10,1.0,"[761.9436003758588, 7.0517706871032715]"
F272013,10,11,0.01,"[1560.479024820002, 0.07702255249023438]"
F272013,10,11,0.1,"[1138.7716322679094, 0.7108550071716309]"
F272013,10,11,0.2,"[1136.1850533681427, 1.4146828651428223]"
F272013,10,11,0.3,"[1128.9803968079104, 2.1141088008880615]"
F272013,10,11,0.4,"[1119.2286540453188, 2.824998617172241]"
F272013,10,11,0.5,"[754.5090252465457, 3.5222015380859375]"
F272013,10,11,0.6,"[751.6717296579363, 4.218843221664429]"
F272013,10,11,0.7,"[734.7142677022848, 4.925889015197754]"
F272013,10,11,0.8,"[734.1115247380203, 5.62370753288269]"
F272013,10,11,0.9,"[734.1114770133386, 6.322186231613159]"
F272013,10,11,1.0,"[734.1114770133386, 7.029260873794556]"
F272013,10,12,0.01,"[1418.505855165963, 0.07721471786499023]"
F272013,10,12,0.1,"[1418.3496433857645, 0.7111532688140869]"
F272013,10,12,0.2,"[1398.8937455908153, 1.4142134189605713]"
F272013,10,12,0.3,"[1314.9269060180459, 2.1100151538848877]"
F272013,10,12,0.4,"[1310.9057979831773, 2.8140981197357178]"
F272013,10,12,0.5,"[1310.8686131983786, 3.5169060230255127]"
F272013,10,12,0.6,"[1310.8686131983786, 4.217765808105469]"
F272013,10,12,0.7,"[1310.8686131983786, 4.924911260604858]"
F272013,10,12,0.8,"[1310.8686131983786, 5.625004529953003]"
F272013,10,12,0.9,"[1310.8686131983786, 6.323805093765259]"
F272013,10,12,1.0,"[1310.8686131983786, 7.0275232791900635]"
F272013,10,13,0.01,"[914.9337800970711, 0.07750177383422852]"
F272013,10,13,0.1,"[910.9482888692833, 0.7134950160980225]"
F272013,10,13,0.2,"[910.3910922548998, 1.417067050933838]"
F272013,10,13,0.3,"[910.3834829926395, 2.1173388957977295]"
F272013,10,13,0.4,"[910.2505228280406, 2.8284912109375]"
F272013,10,13,0.5,"[896.1257670214186, 3.5295588970184326]"
F272013,10,13,0.6,"[884.5064772341307, 4.232060194015503]"
F272013,10,13,0.7,"[883.9771565188566, 4.944281578063965]"
F272013,10,13,0.8,"[883.9771565188566, 5.649192810058594]"
F272013,10,13,0.9,"[883.9771565188566, 6.35338568687439]"
F272013,10,13,1.0,"[883.9771565188566, 7.066242456436157]"
F272013,10,14,0.01,"[3475.611026330941, 0.0768899917602539]"
F272013,10,14,0.1,"[1203.1839590619657, 0.7086772918701172]"
F272013,10,14,0.2,"[1176.9205044909309, 1.4111287593841553]"
F272013,10,14,0.3,"[1176.9099720188033, 2.1064951419830322]"
F272013,10,14,0.4,"[1176.9099720177396, 2.813673734664917]"
F272013,10,14,0.5,"[1176.9099720177396, 3.5172460079193115]"
F272013,10,14,0.6,"[1176.9099720177396, 4.217845439910889]"
F272013,10,14,0.7,"[1176.9099720177396, 4.927495241165161]"
F272013,10,14,0.8,"[1176.9099720177396, 5.6258111000061035]"
F272013,10,14,0.9,"[1176.9099720177396, 6.3205273151397705]"
F272013,10,14,1.0,"[1176.9099720177396, 7.023446083068848]"
F272013,10,15,0.01,"[1202.7032411940572, 0.07816886901855469]"
F272013,10,15,0.1,"[1201.4368769015382, 0.7141134738922119]"
F272013,10,15,0.2,"[1201.4297482688462, 1.4159138202667236]"
F272013,10,15,0.3,"[1201.4297482688344, 2.1204261779785156]"
F272013,10,15,0.4,"[1201.4297482688344, 2.836273670196533]"
F272013,10,15,0.5,"[1201.4297482688344, 3.5432422161102295]"
F272013,10,15,0.6,"[1201.4297482688344, 4.246838092803955]"
F272013,10,15,0.7,"[1201.4297482688344, 4.954391241073608]"
F272013,10,15,0.8,"[1201.4297482688344, 5.656666040420532]"
F272013,10,15,0.9,"[1201.4297482688344, 6.358899831771851]"
F272013,10,15,1.0,"[1201.4297482688344, 7.072452068328857]"
F272013,10,16,0.01,"[1843.7109722307364, 0.07767581939697266]"
F272013,10,16,0.1,"[1620.7234882033613, 0.711789608001709]"
F272013,10,16,0.2,"[1407.2190920563453, 1.4130852222442627]"
F272013,10,16,0.3,"[1087.0430946750084, 2.1134469509124756]"
F272013,10,16,0.4,"[926.5172935406886, 2.824359893798828]"
F272013,10,16,0.5,"[806.042118567007, 3.530639410018921]"
F272013,10,16,0.6,"[801.1356402407264, 4.235530614852905]"
F272013,10,16,0.7,"[801.135592511413, 4.949325799942017]"
F272013,10,16,0.8,"[801.135592511413, 5.652181625366211]"
F272013,10,16,0.9,"[801.135592511413, 6.356094837188721]"
F272013,10,16,1.0,"[801.135592511413, 7.067885637283325]"
F272013,10,17,0.01,"[1593.1592007167555, 0.07800889015197754]"
F272013,10,17,0.1,"[625.8401011663757, 0.7106838226318359]"
F272013,10,17,0.2,"[611.2981174144452, 1.4105157852172852]"
F272013,10,17,0.3,"[611.2568042194116, 2.110933780670166]"
F272013,10,17,0.4,"[611.2515450204673, 2.8215067386627197]"
F272013,10,17,0.5,"[611.2489366651666, 3.523927927017212]"
F272013,10,17,0.6,"[611.2489366651666, 4.231389760971069]"
F272013,10,17,0.7,"[611.2489366651666, 4.944507122039795]"
F272013,10,17,0.8,"[611.2489366651666, 5.649206638336182]"
F272013,10,17,0.9,"[611.2489366651666, 6.350266218185425]"
F272013,10,17,1.0,"[611.2489366651666, 7.057544946670532]"
F272013,10,18,0.01,"[3278.2236629895287, 0.07751226425170898]"
F272013,10,18,0.1,"[1071.2949346925516, 0.7130124568939209]"
F272013,10,18,0.2,"[998.2356016412641, 1.417876958847046]"
F272013,10,18,0.3,"[998.0361682888633, 2.1228010654449463]"
F272013,10,18,0.4,"[998.0353871199814, 2.8327858448028564]"
F272013,10,18,0.5,"[998.0353871199814, 3.5374488830566406]"
F272013,10,18,0.6,"[998.0353871199814, 4.24080753326416]"
F272013,10,18,0.7,"[998.0353871199814, 4.952157020568848]"
F272013,10,18,0.8,"[998.0353871199814, 5.654186964035034]"
F272013,10,18,0.9,"[998.0353871199814, 6.352822542190552]"
F272013,10,18,1.0,"[998.0353871199814, 7.064537286758423]"
F272013,10,19,0.01,"[3786.704848409161, 0.07766175270080566]"
F272013,10,19,0.1,"[754.2196517859793, 0.716181755065918]"
F272013,10,19,0.2,"[754.216692084412, 1.4228672981262207]"
F272013,10,19,0.3,"[751.5632598939956, 2.127126693725586]"
F272013,10,19,0.4,"[751.4667071249837, 2.8392012119293213]"
F272013,10,19,0.5,"[732.18186530392, 3.5403637886047363]"
F272013,10,19,0.6,"[732.18186530392, 4.241633653640747]"
F272013,10,19,0.7,"[732.18186530392, 4.9493443965911865]"
F272013,10,19,0.8,"[732.18186530392, 5.651110649108887]"
F272013,10,19,0.9,"[732.18186530392, 6.354180812835693]"
F272013,10,19,1.0,"[732.18186530392, 7.065219163894653]"
F272013,10,20,0.01,"[2118.644120570181, 0.07735347747802734]"
F272013,10,20,0.1,"[1428.2801643683488, 0.714139461517334]"
F272013,10,20,0.2,"[1416.9535965600935, 1.4190983772277832]"
F272013,10,20,0.3,"[809.6141766745732, 2.118638753890991]"
F272013,10,20,0.4,"[666.6733149891056, 2.8266210556030273]"
F272013,10,20,0.5,"[666.6628155336155, 3.529719591140747]"
F272013,10,20,0.6,"[666.6628155336155, 4.232826471328735]"
F272013,10,20,0.7,"[666.6628155336155, 4.943875312805176]"
F272013,10,20,0.8,"[666.6628155336155, 5.644998073577881]"
F272013,10,20,0.9,"[666.6628155336155, 6.344323635101318]"
F272013,10,20,1.0,"[666.6628155336155, 7.050155162811279]"
F272013,10,21,0.01,"[1756.3011257148423, 0.07796716690063477]"
F272013,10,21,0.1,"[1018.3786339273279, 0.7116591930389404]"
F272013,10,21,0.2,"[760.1269289556249, 1.4153203964233398]"
F272013,10,21,0.3,"[759.5837204545223, 2.1181366443634033]"
F272013,10,21,0.4,"[753.6739602704124, 2.830950975418091]"
F272013,10,21,0.5,"[753.3904637142459, 3.537341833114624]"
F272013,10,21,0.6,"[752.7860325263609, 4.2390360832214355]"
F272013,10,21,0.7,"[751.8159122328934, 4.9513044357299805]"
F272013,10,21,0.8,"[751.4880264562835, 5.653673410415649]"
F272013,10,21,0.9,"[750.9270078323216, 6.356121301651001]"
F272013,10,21,1.0,"[750.8308804811759, 7.060641765594482]"
F272013,10,22,0.01,"[2118.4005817125626, 0.07738900184631348]"
F272013,10,22,0.1,"[1555.5776569560303, 0.7096304893493652]"
F272013,10,22,0.2,"[1555.5776569560303, 1.4106359481811523]"
F272013,10,22,0.3,"[1542.3817904888801, 2.109557628631592]"
F272013,10,22,0.4,"[962.4207880551994, 2.8138766288757324]"
F272013,10,22,0.5,"[961.2419530248126, 3.5104739665985107]"
F272013,10,22,0.6,"[961.2001804108095, 4.207888841629028]"
F272013,10,22,0.7,"[961.2001804108095, 4.914796829223633]"
F272013,10,22,0.8,"[961.2001804108095, 5.611969947814941]"
F272013,10,22,0.9,"[961.2001804108095, 6.30860710144043]"
F272013,10,22,1.0,"[961.2001804108095, 7.011059045791626]"
F272013,10,23,0.01,"[1604.9796085373782, 0.07726097106933594]"
F272013,10,23,0.1,"[1250.4947226443423, 0.7082881927490234]"
F272013,10,23,0.2,"[1080.9576445046723, 1.4101481437683105]"
F272013,10,23,0.3,"[1075.1229808341213, 2.1105191707611084]"
F272013,10,23,0.4,"[1074.8187591760989, 2.8197216987609863]"
F272013,10,23,0.5,"[1074.818181327882, 3.5193817615509033]"
F272013,10,23,0.6,"[1074.818181327882, 4.216233491897583]"
F272013,10,23,0.7,"[1074.818181327882, 4.921754837036133]"
F272013,10,23,0.8,"[1074.818181327882, 5.618164300918579]"
F272013,10,23,0.9,"[1074.818181327882, 6.315477132797241]"
F272013,10,23,1.0,"[1074.818181327882, 7.0190958976745605]"
F272013,10,24,0.01,"[2210.339518164843, 0.07792854309082031]"
F272013,10,24,0.1,"[2194.435197877702, 0.7140183448791504]"
F272013,10,24,0.2,"[1336.0379598695345, 1.4220833778381348]"
F272013,10,24,0.3,"[1300.717582239513, 2.1265087127685547]"
F272013,10,24,0.4,"[1172.7713114347061, 2.8399457931518555]"
F272013,10,24,0.5,"[824.7965026701481, 3.5440685749053955]"
F272013,10,24,0.6,"[818.6701546724344, 4.250194072723389]"
F272013,10,24,0.7,"[705.7653983533942, 4.9631898403167725]"
F272013,10,24,0.8,"[705.7653983533942, 5.667263746261597]"
F272013,10,24,0.9,"[704.4056791673802, 6.36910343170166]"
F272013,10,24,1.0,"[698.5737842882631, 7.082485675811768]"
F272013,10,25,0.01,"[1795.9920313192852, 0.1240074634552002]"
F272013,10,25,0.1,"[1575.926364416161, 0.8496551513671875]"
F272013,10,25,0.2,"[1015.788369087988, 1.658707857131958]"
F272013,10,25,0.3,"[965.8068980557427, 2.461261749267578]"
F272013,10,25,0.4,"[965.79195060846, 3.275148391723633]"
F272013,10,25,0.5,"[826.2924251176014, 4.07848596572876]"
F272013,10,25,0.6,"[826.2924251176014, 4.88001823425293]"
F272013,10,25,0.7,"[826.2924251176014, 5.692777395248413]"
F272013,10,25,0.8,"[826.2924251176014, 6.494938611984253]"
F272013,10,25,0.9,"[810.9011789247725, 7.300439357757568]"
F272013,10,25,1.0,"[797.9689812073848, 8.111991882324219]"
F272013,10,26,0.01,"[765.371679496342, 0.07758307456970215]"
F272013,10,26,0.1,"[759.1441078888147, 0.7120184898376465]"
F272013,10,26,0.2,"[756.7862654273727, 1.4166436195373535]"
F272013,10,26,0.3,"[720.1197513328, 2.1163671016693115]"
F272013,10,26,0.4,"[720.0602088583266, 2.8257553577423096]"
F272013,10,26,0.5,"[718.7417164503618, 3.529444694519043]"
F272013,10,26,0.6,"[718.7417164503618, 4.232794284820557]"
F272013,10,26,0.7,"[666.7394377815733, 4.945233583450317]"
F272013,10,26,0.8,"[666.6867517739486, 5.650323152542114]"
F272013,10,26,0.9,"[666.5878758336962, 6.351211071014404]"
F272013,10,26,1.0,"[666.5083420946899, 7.064338684082031]"
F272013,10,27,0.01,"[2002.5160141026809, 0.10381674766540527]"
F272013,10,27,0.1,"[1019.8020236480515, 0.7366933822631836]"
F272013,10,27,0.2,"[988.706184440754, 1.4373185634613037]"
F272013,10,27,0.3,"[988.7057267132063, 2.139258623123169]"
F272013,10,27,0.4,"[988.7057266577449, 2.85193133354187]"
F272013,10,27,0.5,"[988.7057266577449, 3.5581181049346924]"
F272013,10,27,0.6,"[988.7057266577449, 4.262482404708862]"
F272013,10,27,0.7,"[988.7057266577449, 4.974116325378418]"
F272013,10,27,0.8,"[988.7057266577449, 5.679466724395752]"
F272013,10,27,0.9,"[988.7057266577449, 6.382554769515991]"
F272013,10,27,1.0,"[988.7057266577449, 7.094342947006226]"
F272013,10,28,0.01,"[1592.2007221703388, 0.1090402603149414]"
F272013,10,28,0.1,"[1537.976222855596, 0.7434844970703125]"
F272013,10,28,0.2,"[726.4294737466437, 1.4479269981384277]"
F272013,10,28,0.3,"[726.2845495084182, 2.1501433849334717]"
F272013,10,28,0.4,"[726.2552921816537, 2.8622682094573975]"
F272013,10,28,0.5,"[726.2552282818865, 3.564018726348877]"
F272013,10,28,0.6,"[726.2552282818865, 4.2690558433532715]"
F272013,10,28,0.7,"[726.2552282818865, 4.976522445678711]"
F272013,10,28,0.8,"[726.2552282818865, 5.6799867153167725]"
F272013,10,28,0.9,"[726.2552282818865, 6.383948087692261]"
F272013,10,28,1.0,"[726.2552282818865, 7.094517230987549]"
F272013,10,29,0.01,"[1153.131819733435, 0.07730817794799805]"
F272013,10,29,0.1,"[737.4767919904389, 0.710360050201416]"
F272013,10,29,0.2,"[727.192216088255, 1.4132575988769531]"
F272013,10,29,0.3,"[723.4377157946556, 2.1156303882598877]"
F272013,10,29,0.4,"[723.0936093067107, 2.8236162662506104]"
F272013,10,29,0.5,"[723.0753883114585, 3.524360418319702]"
F272013,10,29,0.6,"[723.0753883114585, 4.230818271636963]"
F272013,10,29,0.7,"[723.0753883114585, 4.938076734542847]"
F272013,10,29,0.8,"[723.0753883114585, 5.636896371841431]"
F272013,10,29,0.9,"[723.0753883114585, 6.333554983139038]"
F272013,10,29,1.0,"[723.0753883114585, 7.043163537979126]"
F272013,10,30,0.01,"[1972.3976959704005, 0.07706618309020996]"
F272013,10,30,0.1,"[1471.6112946007552, 0.7058982849121094]"
F272013,10,30,0.2,"[1445.2849128975367, 1.4034278392791748]"
F272013,10,30,0.3,"[1001.8795431018343, 2.102527379989624]"
F272013,10,30,0.4,"[857.0632768499436, 2.8104801177978516]"
F272013,10,30,0.5,"[843.0336759443089, 3.5115444660186768]"
F272013,10,30,0.6,"[842.968382422302, 4.210163593292236]"
F272013,10,30,0.7,"[842.9582366451441, 4.916420936584473]"
F272013,10,30,0.8,"[842.9578663351281, 5.613817930221558]"
F272013,10,30,0.9,"[781.041207405447, 6.31131386756897]"
F272013,10,30,1.0,"[781.041207405447, 7.014188051223755]"
F272013,10,31,0.01,"[914.2023555401283, 0.07707595825195312]"
F272013,10,31,0.1,"[901.2726227090361, 0.7066400051116943]"
F272013,10,31,0.2,"[896.9754119419836, 1.407696008682251]"
F272013,10,31,0.3,"[775.0986335165398, 2.1065003871917725]"
F272013,10,31,0.4,"[769.7799991378733, 2.81247615814209]"
F272013,10,31,0.5,"[769.7795790943742, 3.5110249519348145]"
F272013,10,31,0.6,"[769.7795790943742, 4.209532022476196]"
F272013,10,31,0.7,"[769.7795790943742, 4.917515993118286]"
F272013,10,31,0.8,"[769.7795790943742, 5.612230062484741]"
F272013,10,31,0.9,"[769.7795790943742, 6.308939218521118]"
F272013,10,31,1.0,"[769.7795790943742, 7.012936353683472]"
F272013,10,32,0.01,"[3056.5096140265186, 0.07770013809204102]"
F272013,10,32,0.1,"[870.0348088319229, 0.7150661945343018]"
F272013,10,32,0.2,"[870.0348088319229, 1.4228839874267578]"
F272013,10,32,0.3,"[778.9211221262085, 2.1306748390197754]"
F272013,10,32,0.4,"[775.7216083170483, 2.8460254669189453]"
F272013,10,32,0.5,"[775.7111902178008, 3.5495243072509766]"
F272013,10,32,0.6,"[775.6979501709184, 4.252003192901611]"
F272013,10,32,0.7,"[775.6979501709184, 4.965992450714111]"
F272013,10,32,0.8,"[775.6979501709184, 5.672285318374634]"
F272013,10,32,0.9,"[775.6979501709184, 6.372154235839844]"
F272013,10,32,1.0,"[775.6979501709184, 7.083837032318115]"
F272013,10,33,0.01,"[1489.355129891328, 0.07762813568115234]"
F272013,10,33,0.1,"[856.986126740424, 0.7145323753356934]"
F272013,10,33,0.2,"[856.0520906301854, 1.4165165424346924]"
F272013,10,33,0.3,"[848.4141160920681, 2.115849256515503]"
F272013,10,33,0.4,"[848.0583455536926, 2.821991443634033]"
F272013,10,33,0.5,"[847.7199160675027, 3.524404525756836]"
F272013,10,33,0.6,"[769.8777973125402, 4.2266762256622314]"
F272013,10,33,0.7,"[716.994828276418, 4.9388649463653564]"
F272013,10,33,0.8,"[711.5895147282154, 5.644635438919067]"
F272013,10,33,0.9,"[711.026541266755, 6.35251784324646]"
F272013,10,33,1.0,"[710.7270598551586, 7.068611145019531]"
F272013,10,34,0.01,"[1452.4740681370654, 0.12824654579162598]"
F272013,10,34,0.1,"[983.7573057885097, 0.7650694847106934]"
F272013,10,34,0.2,"[806.711688053208, 1.4728388786315918]"
F272013,10,34,0.3,"[770.5560511950525, 2.1758475303649902]"
F272013,10,34,0.4,"[663.2421863989109, 2.884979486465454]"
F272013,10,34,0.5,"[589.2657347230283, 3.586246967315674]"
F272013,10,34,0.6,"[580.0216823666783, 4.290848016738892]"
F272013,10,34,0.7,"[563.6743178400343, 5.001689910888672]"
F272013,10,34,0.8,"[557.8497664497852, 5.700642347335815]"
F272013,10,34,0.9,"[505.1261522261834, 6.400303602218628]"
F272013,10,34,1.0,"[498.7029066746402, 7.108046531677246]"
F272013,10,35,0.01,"[832.6937944527899, 0.07659554481506348]"
F272013,10,35,0.1,"[832.6937944527899, 0.7048296928405762]"
F272013,10,35,0.2,"[806.3348712409484, 1.4039921760559082]"
F272013,10,35,0.3,"[775.013386643463, 2.102651357650757]"
F272013,10,35,0.4,"[661.0114662566098, 2.809621810913086]"
F272013,10,35,0.5,"[654.1635632944538, 3.5059447288513184]"
F272013,10,35,0.6,"[654.136559453234, 4.201879978179932]"
F272013,10,35,0.7,"[654.1363175572824, 4.9070775508880615]"
F272013,10,35,0.8,"[643.8380972892687, 5.60527777671814]"
F272013,10,35,0.9,"[638.3279950118044, 6.302927732467651]"
F272013,10,35,1.0,"[638.2978282482391, 7.008300065994263]"
F272013,10,36,0.01,"[1029.9091316503477, 0.0787510871887207]"
F272013,10,36,0.1,"[789.7137961496655, 0.7148494720458984]"
F272013,10,36,0.2,"[789.7137961496655, 1.4218287467956543]"
F272013,10,36,0.3,"[789.4234511672771, 2.1274027824401855]"
F272013,10,36,0.4,"[789.4192233053818, 2.8395891189575195]"
F272013,10,36,0.5,"[780.9182829153438, 3.541598320007324]"
F272013,10,36,0.6,"[776.5523893511809, 4.241150617599487]"
F272013,10,36,0.7,"[774.7873109103953, 4.95111608505249]"
F272013,10,36,0.8,"[774.7873109103953, 5.656015396118164]"
F272013,10,36,0.9,"[757.550375789182, 6.361726999282837]"
F272013,10,36,1.0,"[757.4862103432729, 7.076349258422852]"
F272013,10,37,0.01,"[851.5118334122212, 0.07962846755981445]"
F272013,10,37,0.1,"[740.6787453560362, 0.7144362926483154]"
F272013,10,37,0.2,"[738.2903827279238, 1.4211366176605225]"
F272013,10,37,0.3,"[709.5650511798062, 2.1258881092071533]"
F272013,10,37,0.4,"[709.0992325967711, 2.835665225982666]"
F272013,10,37,0.5,"[706.6068117225304, 3.536188840866089]"
F272013,10,37,0.6,"[706.603953511996, 4.235763072967529]"
F272013,10,37,0.7,"[706.603953511996, 4.94702410697937]"
F272013,10,37,0.8,"[706.603953511996, 5.648456335067749]"
F272013,10,37,0.9,"[706.603953511996, 6.350543975830078]"
F272013,10,37,1.0,"[706.603953511996, 7.060671806335449]"
F272013,10,38,0.01,"[2687.813801628371, 0.07694458961486816]"
F272013,10,38,0.1,"[2611.2493940293766, 0.711859941482544]"
F272013,10,38,0.2,"[776.0541645235321, 1.4156055450439453]"
F272013,10,38,0.3,"[760.7252372348289, 2.118925094604492]"
F272013,10,38,0.4,"[758.4386359919858, 2.8301777839660645]"
F272013,10,38,0.5,"[758.4386330957295, 3.53164005279541]"
F272013,10,38,0.6,"[758.4386330957295, 4.232501983642578]"
F272013,10,38,0.7,"[758.4386330957295, 4.941988468170166]"
F272013,10,38,0.8,"[758.4386330957295, 5.641369819641113]"
F272013,10,38,0.9,"[758.4386330957295, 6.342020273208618]"
F272013,10,38,1.0,"[758.4386330957295, 7.048696279525757]"
F272013,10,39,0.01,"[1099.2386476055044, 0.07676219940185547]"
F272013,10,39,0.1,"[1098.8455137665446, 0.7098972797393799]"
F272013,10,39,0.2,"[1098.7805762505636, 1.4129953384399414]"
F272013,10,39,0.3,"[930.2547304394516, 2.1127357482910156]"
F272013,10,39,0.4,"[826.9613710754543, 2.819934606552124]"
F272013,10,39,0.5,"[787.150765275745, 3.5209152698516846]"
F272013,10,39,0.6,"[783.6524024828923, 4.219295978546143]"
F272013,10,39,0.7,"[783.3639800441365, 4.927284240722656]"
F272013,10,39,0.8,"[783.3635234933781, 5.626044511795044]"
F272013,10,39,0.9,"[783.3635234933781, 6.326653480529785]"
F272013,10,39,1.0,"[783.3635234933781, 7.0383687019348145]"
F272013,10,40,0.01,"[1545.503207728777, 0.08393120765686035]"
F272013,10,40,0.1,"[1522.440728394521, 0.719627857208252]"
F272013,10,40,0.2,"[1504.1950719009733, 1.425999641418457]"
F272013,10,40,0.3,"[1479.212676245611, 2.1288259029388428]"
F272013,10,40,0.4,"[947.8896158617235, 2.8427634239196777]"
F272013,10,40,0.5,"[946.9858930638093, 3.5489695072174072]"
F272013,10,40,0.6,"[923.2729314653147, 4.25359034538269]"
F272013,10,40,0.7,"[914.3317962821866, 4.970330238342285]"
F272013,10,40,0.8,"[776.1530010064944, 5.677881956100464]"
F272013,10,40,0.9,"[766.0890129037844, 6.383036136627197]"
F272013,10,40,1.0,"[724.4130275354946, 7.101457834243774]"
F272013,10,41,0.01,"[741.4803620379885, 0.07749342918395996]"
F272013,10,41,0.1,"[729.7513843768261, 0.7155618667602539]"
F272013,10,41,0.2,"[724.6761488538318, 1.4243531227111816]"
F272013,10,41,0.3,"[720.1018216829311, 2.1313090324401855]"
F272013,10,41,0.4,"[720.0925134517418, 2.8467001914978027]"
F272013,10,41,0.5,"[719.9143382144971, 3.554434061050415]"
F272013,10,41,0.6,"[719.9080491193877, 4.262532472610474]"
F272013,10,41,0.7,"[719.9080339159864, 4.976638555526733]"
F272013,10,41,0.8,"[719.9080339159864, 5.683570861816406]"
F272013,10,41,0.9,"[719.9080339159864, 6.387685298919678]"
F272013,10,41,1.0,"[719.9080339159864, 7.100768804550171]"
F272013,10,42,0.01,"[1401.4029314297336, 0.12918305397033691]"
F272013,10,42,0.1,"[1393.3205190294511, 0.7664248943328857]"
F272013,10,42,0.2,"[1393.316814486735, 1.4744069576263428]"
F272013,10,42,0.3,"[1393.316814486735, 2.1785688400268555]"
F272013,10,42,0.4,"[1393.316814486735, 2.892040491104126]"
F272013,10,42,0.5,"[1393.316814486735, 3.601496696472168]"
F272013,10,42,0.6,"[1393.316814486735, 4.308245897293091]"
F272013,10,42,0.7,"[1393.316814486735, 5.024232864379883]"
F272013,10,42,0.8,"[1393.316814486735, 5.7263946533203125]"
F272013,10,42,0.9,"[1393.316814486735, 6.428302049636841]"
F272013,10,42,1.0,"[1393.316814486735, 7.138963937759399]"
F272013,10,43,0.01,"[1320.4685774931368, 0.10895705223083496]"
F272013,10,43,0.1,"[823.6621317188506, 0.7461624145507812]"
F272013,10,43,0.2,"[823.5668286100349, 1.4542691707611084]"
F272013,10,43,0.3,"[816.8433363602494, 2.159594774246216]"
F272013,10,43,0.4,"[816.8433319905898, 2.8737072944641113]"
F272013,10,43,0.5,"[816.8433319905898, 3.5778181552886963]"
F272013,10,43,0.6,"[816.8433319905898, 4.283692359924316]"
F272013,10,43,0.7,"[816.8433319905898, 4.996225118637085]"
F272013,10,43,0.8,"[816.8433319905898, 5.701374292373657]"
F272013,10,43,0.9,"[816.8433319905898, 6.404421329498291]"
F272013,10,43,1.0,"[816.8433319905898, 7.113457202911377]"
F272013,10,44,0.01,"[1358.9268001000046, 0.09804248809814453]"
F272013,10,44,0.1,"[860.6018503405403, 0.7334194183349609]"
F272013,10,44,0.2,"[816.0597903732187, 1.4379186630249023]"
F272013,10,44,0.3,"[814.3889008639294, 2.140627861022949]"
F272013,10,44,0.4,"[814.2760986887506, 2.8525795936584473]"
F272013,10,44,0.5,"[814.2003812700782, 3.5579802989959717]"
F272013,10,44,0.6,"[736.6125167790208, 4.263660192489624]"
F272013,10,44,0.7,"[736.6125167790208, 4.976226806640625]"
F272013,10,44,0.8,"[736.6125167790208, 5.678983449935913]"
F272013,10,44,0.9,"[736.6125167790208, 6.381622791290283]"
F272013,10,44,1.0,"[736.6125167790208, 7.094037771224976]"
F272013,10,45,0.01,"[2908.5781086862453, 0.11271834373474121]"
F272013,10,45,0.1,"[754.1300424745241, 0.7445290088653564]"
F272013,10,45,0.2,"[752.0524920017374, 1.4435598850250244]"
F272013,10,45,0.3,"[751.9003365283561, 2.140592575073242]"
F272013,10,45,0.4,"[749.4288809531358, 2.8469760417938232]"
F272013,10,45,0.5,"[749.4244882540675, 3.5484886169433594]"
F272013,10,45,0.6,"[749.4244881446116, 4.249163627624512]"
F272013,10,45,0.7,"[749.4244881446116, 4.9575605392456055]"
F272013,10,45,0.8,"[749.4244881446116, 5.657167673110962]"
F272013,10,45,0.9,"[749.4244881446116, 6.3595075607299805]"
F272013,10,45,1.0,"[749.4244881446116, 7.067386150360107]"
F272013,10,46,0.01,"[951.0573606730973, 0.13797974586486816]"
F272013,10,46,0.1,"[938.2438852731166, 0.7678327560424805]"
F272013,10,46,0.2,"[618.2271772145136, 1.4694287776947021]"
F272013,10,46,0.3,"[618.2039617647874, 2.1677286624908447]"
F272013,10,46,0.4,"[593.7082734404257, 2.8764092922210693]"
F272013,10,46,0.5,"[583.3493506731984, 3.5738272666931152]"
F272013,10,46,0.6,"[571.3178224194294, 4.2746803760528564]"
F272013,10,46,0.7,"[571.1081388688094, 4.98946738243103]"
F272013,10,46,0.8,"[548.1906399434001, 5.689746856689453]"
F272013,10,46,0.9,"[531.302323298884, 6.39414381980896]"
F272013,10,46,1.0,"[530.7770450808325, 7.110551834106445]"
F272013,10,47,0.01,"[1170.7192376176663, 0.07669210433959961]"
F272013,10,47,0.1,"[1077.3599528612294, 0.7119731903076172]"
F272013,10,47,0.2,"[1077.3536418543554, 1.417445182800293]"
F272013,10,47,0.3,"[769.4484015610788, 2.1235437393188477]"
F272013,10,47,0.4,"[767.1876967992175, 2.836578607559204]"
F272013,10,47,0.5,"[731.7033901384902, 3.543134927749634]"
F272013,10,47,0.6,"[721.9866798410717, 4.25089955329895]"
F272013,10,47,0.7,"[721.6494160843104, 4.9668192863464355]"
F272013,10,47,0.8,"[721.6303908830628, 5.674704313278198]"
F272013,10,47,0.9,"[721.2641564643766, 6.382852792739868]"
F272013,10,47,1.0,"[720.8921482580163, 7.09910249710083]"
F272013,10,48,0.01,"[2673.083159208647, 0.0757608413696289]"
F272013,10,48,0.1,"[2150.7067924465027, 0.7058696746826172]"
F272013,10,48,0.2,"[1974.0859082474626, 1.4079937934875488]"
F272013,10,48,0.3,"[1026.9462228886932, 2.1509714126586914]"
F272013,10,48,0.4,"[996.4660699225387, 2.9295358657836914]"
F272013,10,48,0.5,"[969.0332933250029, 3.624375104904175]"
F272013,10,48,0.6,"[879.282080832656, 4.347885370254517]"
F272013,10,48,0.7,"[827.1289780840702, 5.137170791625977]"
F272013,10,48,0.8,"[815.4549007758951, 5.835205554962158]"
F272013,10,48,0.9,"[791.0178393781785, 6.530608892440796]"
F272013,10,48,1.0,"[790.9139210172807, 7.236607551574707]"
F272013,10,49,0.01,"[948.0071387903495, 0.0758211612701416]"
F272013,10,49,0.1,"[780.0353760945054, 0.7051658630371094]"
F272013,10,49,0.2,"[780.0332539122851, 1.397688865661621]"
F272013,10,49,0.3,"[780.032559812445, 2.092430353164673]"
F272013,10,49,0.4,"[780.032559812445, 2.793428659439087]"
F272013,10,49,0.5,"[780.032559812445, 3.487192153930664]"
F272013,10,49,0.6,"[780.032559812445, 4.1826863288879395]"
F272013,10,49,0.7,"[780.032559812445, 4.888893365859985]"
F272013,10,49,0.8,"[780.032559812445, 5.587530136108398]"
F272013,10,49,0.9,"[780.032559812445, 6.281099557876587]"
F272013,10,49,1.0,"[780.032559812445, 6.98353123664856]"
F272013,10,50,0.01,"[2355.9024459250895, 0.07598590850830078]"
F272013,10,50,0.1,"[2310.417034299014, 0.7073962688446045]"
F272013,10,50,0.2,"[1853.515644846415, 1.4054467678070068]"
F272013,10,50,0.3,"[1812.605744456825, 2.100252151489258]"
F272013,10,50,0.4,"[1652.4042159539458, 2.801819086074829]"
F272013,10,50,0.5,"[1652.4042159539458, 3.4953081607818604]"
F272013,10,50,0.6,"[838.3938515342388, 4.193857908248901]"
F272013,10,50,0.7,"[838.1530707549991, 4.896473407745361]"
F272013,10,50,0.8,"[838.1530707549991, 5.591601133346558]"
F272013,10,50,0.9,"[838.1530707549991, 6.288619041442871]"
F272013,10,50,1.0,"[838.1530707549991, 6.9888951778411865]"
F272013,30,0,0.01,"[11583.961544880787, 0.14701390266418457]"
F272013,30,0,0.1,"[11327.546421519462, 1.1802034378051758]"
F272013,30,0,0.2,"[11327.546421519462, 2.3088979721069336]"
F272013,30,0,0.3,"[1940.1821162949568, 3.440497398376465]"
F272013,30,0,0.4,"[1938.7208827860104, 4.573925495147705]"
F272013,30,0,0.5,"[1938.6492207006854, 5.744653701782227]"
F272013,30,0,0.6,"[1938.6408361429449, 6.879361867904663]"
F272013,30,0,0.7,"[1932.2801678565147, 8.01265549659729]"
F272013,30,0,0.8,"[1932.2801678565147, 9.143706798553467]"
F272013,30,0,0.9,"[1932.2801678565147, 10.310080528259277]"
F272013,30,0,1.0,"[1932.2801678565147, 11.439797401428223]"
F272013,30,1,0.01,"[7384.495075381143, 0.20707154273986816]"
F272013,30,1,0.1,"[7384.376292249286, 1.2328460216522217]"
F272013,30,1,0.2,"[6770.395367040239, 2.3665952682495117]"
F272013,30,1,0.3,"[4764.3209085756325, 3.502026319503784]"
F272013,30,1,0.4,"[2966.6962883612086, 4.638625860214233]"
F272013,30,1,0.5,"[2410.187983456013, 5.813384771347046]"
F272013,30,1,0.6,"[2410.0308677486505, 6.950538873672485]"
F272013,30,1,0.7,"[2406.4171651485594, 8.087943315505981]"
F272013,30,1,0.8,"[2406.4171651485594, 9.225706815719604]"
F272013,30,1,0.9,"[2406.4171651485594, 10.398118495941162]"
F272013,30,1,1.0,"[2406.4171651485594, 11.527043581008911]"
F272013,30,2,0.01,"[8555.045126578962, 0.22216129302978516]"
F272013,30,2,0.1,"[8459.34869132345, 1.2409214973449707]"
F272013,30,2,0.2,"[5560.577300447585, 2.3673617839813232]"
F272013,30,2,0.3,"[4431.521509500733, 3.4948601722717285]"
F272013,30,2,0.4,"[4431.49647070476, 4.624375343322754]"
F272013,30,2,0.5,"[2386.2101810293075, 5.793888092041016]"
F272013,30,2,0.6,"[2385.6087256770693, 6.924905061721802]"
F272013,30,2,0.7,"[1728.4101573138319, 8.051507472991943]"
F272013,30,2,0.8,"[1728.1747782649913, 9.178869485855103]"
F272013,30,2,0.9,"[1728.0161808645462, 10.341196298599243]"
F272013,30,2,1.0,"[1677.0375588085485, 11.466710090637207]"
F272013,30,3,0.01,"[11320.265417636974, 0.14746379852294922]"
F272013,30,3,0.1,"[11320.133921981931, 1.171677827835083]"
F272013,30,3,0.2,"[2540.0948320897046, 2.3046116828918457]"
F272013,30,3,0.3,"[2534.04459936646, 3.438883066177368]"
F272013,30,3,0.4,"[2534.04459936646, 4.576748847961426]"
F272013,30,3,0.5,"[2525.7985512651544, 5.751528024673462]"
F272013,30,3,0.6,"[2525.732979180922, 6.883820533752441]"
F272013,30,3,0.7,"[2493.7516141411725, 8.015084981918335]"
F272013,30,3,0.8,"[2493.7516141411725, 9.145108222961426]"
F272013,30,3,0.9,"[2493.7516141411725, 10.311250925064087]"
F272013,30,3,1.0,"[2493.7516141411725, 11.439273595809937]"
F272013,30,4,0.01,"[9142.190485741612, 0.1588759422302246]"
F272013,30,4,0.1,"[8768.574108096567, 1.175246238708496]"
F272013,30,4,0.2,"[8143.281870173265, 2.302452564239502]"
F272013,30,4,0.3,"[7538.608364985412, 3.4310648441314697]"
F272013,30,4,0.4,"[7527.215188356156, 4.560415506362915]"
F272013,30,4,0.5,"[6316.319110664997, 5.7275121212005615]"
F272013,30,4,0.6,"[6315.9905534551835, 6.855673551559448]"
F272013,30,4,0.7,"[4734.637464175301, 7.984780311584473]"
F272013,30,4,0.8,"[3624.424039527631, 9.115599870681763]"
F272013,30,4,0.9,"[3623.38117393664, 10.320372581481934]"
F272013,30,4,1.0,"[3623.3374992813688, 11.47335171699524]"
F272013,30,5,0.01,"[8896.547166585939, 0.14705562591552734]"
F272013,30,5,0.1,"[8695.190460060465, 1.1679377555847168]"
F272013,30,5,0.2,"[8594.296657801016, 2.296034574508667]"
F272013,30,5,0.3,"[7060.171617482816, 3.4218568801879883]"
F272013,30,5,0.4,"[7058.992336232459, 4.553711891174316]"
F272013,30,5,0.5,"[6323.600286542485, 5.720963954925537]"
F272013,30,5,0.6,"[6319.4406751632705, 6.8475751876831055]"
F272013,30,5,0.7,"[5739.554471179184, 7.973011016845703]"
F272013,30,5,0.8,"[5490.833418151473, 9.099460124969482]"
F272013,30,5,0.9,"[5479.242321742157, 10.260323762893677]"
F272013,30,5,1.0,"[4120.0542200445125, 11.385724544525146]"
F272013,30,6,0.01,"[7633.565196041565, 0.14803338050842285]"
F272013,30,6,0.1,"[7633.45073985835, 1.1741764545440674]"
F272013,30,6,0.2,"[7555.588752984373, 2.3099167346954346]"
F272013,30,6,0.3,"[7499.470385021425, 3.447115182876587]"
F272013,30,6,0.4,"[7141.621434848625, 4.586947202682495]"
F272013,30,6,0.5,"[3522.4797168926198, 5.764193534851074]"
F272013,30,6,0.6,"[3502.519779383352, 6.900171518325806]"
F272013,30,6,0.7,"[2256.0166565259265, 8.035053253173828]"
F272013,30,6,0.8,"[2255.1573167874085, 9.168214797973633]"
F272013,30,6,0.9,"[2250.3805103017435, 10.337827682495117]"
F272013,30,6,1.0,"[2250.380443282, 11.469657182693481]"
F272013,30,7,0.01,"[9067.974783984822, 0.15015840530395508]"
F272013,30,7,0.1,"[9066.946122031166, 1.1715922355651855]"
F272013,30,7,0.2,"[7862.895641185933, 2.3004934787750244]"
F272013,30,7,0.3,"[7862.790858727698, 3.4292588233947754]"
F272013,30,7,0.4,"[5278.759987924135, 4.558278560638428]"
F272013,30,7,0.5,"[5278.5705561488685, 5.7236669063568115]"
F272013,30,7,0.6,"[5277.392393852234, 6.852385520935059]"
F272013,30,7,0.7,"[5089.160862452806, 7.9808759689331055]"
F272013,30,7,0.8,"[5089.001694341612, 9.107661247253418]"
F272013,30,7,0.9,"[5089.001694341612, 10.269736528396606]"
F272013,30,7,1.0,"[5089.001694341612, 11.394572019577026]"
F272013,30,8,0.01,"[6264.1838550798475, 0.147874116897583]"
F272013,30,8,0.1,"[6263.81520744604, 1.1716580390930176]"
F272013,30,8,0.2,"[6263.583513146907, 2.303361177444458]"
F272013,30,8,0.3,"[4364.260815062136, 3.4386398792266846]"
F272013,30,8,0.4,"[4364.060708989216, 4.579559087753296]"
F272013,30,8,0.5,"[2178.495532593504, 5.756730079650879]"
F272013,30,8,0.6,"[2178.190817858296, 6.894057273864746]"
F272013,30,8,0.7,"[2178.189284488701, 8.031165599822998]"
F272013,30,8,0.8,"[2178.1727931010087, 9.166104316711426]"
F272013,30,8,0.9,"[2178.1608889390895, 10.33323335647583]"
F272013,30,8,1.0,"[2178.1592318023586, 11.463226079940796]"
F272013,30,9,0.01,"[14757.008972172109, 0.15487337112426758]"
F272013,30,9,0.1,"[14179.994864789523, 1.1756138801574707]"
F272013,30,9,0.2,"[4111.40826842621, 2.3045897483825684]"
F272013,30,9,0.3,"[3561.4875957136774, 3.4330551624298096]"
F272013,30,9,0.4,"[3561.4875957136774, 4.564732789993286]"
F272013,30,9,0.5,"[3561.4875957136774, 5.733083724975586]"
F272013,30,9,0.6,"[3561.4875957136774, 6.864725112915039]"
F272013,30,9,0.7,"[3561.4875957136774, 7.9961817264556885]"
F272013,30,9,0.8,"[3561.4875957136774, 9.124837398529053]"
F272013,30,9,0.9,"[3561.4875957136774, 10.290584564208984]"
F272013,30,9,1.0,"[3561.4875957136774, 11.417284488677979]"
F272013,30,10,0.01,"[3181.6699251380396, 0.14718127250671387]"
F272013,30,10,0.1,"[3179.1521308558486, 1.167051076889038]"
F272013,30,10,0.2,"[3179.148993032941, 2.294987678527832]"
F272013,30,10,0.3,"[3179.1476533606783, 3.426299571990967]"
F272013,30,10,0.4,"[2794.6839254688584, 4.560944318771362]"
F272013,30,10,0.5,"[2794.6839254688584, 5.733165502548218]"
F272013,30,10,0.6,"[2794.6839254688584, 6.867530107498169]"
F272013,30,10,0.7,"[2794.6839254688584, 8.0019371509552]"
F272013,30,10,0.8,"[2794.6839254688584, 9.136643648147583]"
F272013,30,10,0.9,"[2794.6839254688584, 10.307050466537476]"
F272013,30,10,1.0,"[2293.872997406607, 11.43818187713623]"
F272013,30,11,0.01,"[6446.732484962666, 0.23040485382080078]"
F272013,30,11,0.1,"[6441.5220212738, 1.2508957386016846]"
F272013,30,11,0.2,"[6441.519867630358, 2.380399227142334]"
F272013,30,11,0.3,"[5996.517113840925, 3.512529134750366]"
F272013,30,11,0.4,"[4904.310678732287, 4.642678260803223]"
F272013,30,11,0.5,"[4903.521124996638, 5.8102264404296875]"
F272013,30,11,0.6,"[3744.002715329543, 6.9382336139678955]"
F272013,30,11,0.7,"[3743.995034774144, 8.068128824234009]"
F272013,30,11,0.8,"[3743.9399236389563, 9.197649717330933]"
F272013,30,11,0.9,"[3743.936853563764, 10.361793518066406]"
F272013,30,11,1.0,"[2757.9748578116423, 11.48911714553833]"
F272013,30,12,0.01,"[4317.710737153135, 0.14733076095581055]"
F272013,30,12,0.1,"[4315.306376624176, 1.1680028438568115]"
F272013,30,12,0.2,"[4315.306376624176, 2.29767107963562]"
F272013,30,12,0.3,"[4315.306376624176, 3.426684617996216]"
F272013,30,12,0.4,"[4315.167035421228, 4.560516834259033]"
F272013,30,12,0.5,"[2019.3093965234802, 5.731975078582764]"
F272013,30,12,0.6,"[2015.6409650129408, 6.867007255554199]"
F272013,30,12,0.7,"[2015.6219178762913, 8.002314805984497]"
F272013,30,12,0.8,"[2015.6210545245544, 9.136794805526733]"
F272013,30,12,0.9,"[2015.6210435914973, 10.307626724243164]"
F272013,30,12,1.0,"[2015.6210435914973, 11.437616348266602]"
F272013,30,13,0.01,"[9343.586490115653, 0.1640636920928955]"
F272013,30,13,0.1,"[7144.362079286757, 1.1842238903045654]"
F272013,30,13,0.2,"[7144.362079286757, 2.3089778423309326]"
F272013,30,13,0.3,"[6546.587908299847, 3.4337990283966064]"
F272013,30,13,0.4,"[5407.984875385885, 4.557527303695679]"
F272013,30,13,0.5,"[5296.516569098142, 5.719175815582275]"
F272013,30,13,0.6,"[5292.207250985731, 6.845346212387085]"
F272013,30,13,0.7,"[5290.013713589643, 7.970427751541138]"
F272013,30,13,0.8,"[5290.012022121802, 9.094653606414795]"
F272013,30,13,0.9,"[3730.212657675578, 10.253682613372803]"
F272013,30,13,1.0,"[3730.1727231604855, 11.377472400665283]"
F272013,30,14,0.01,"[6978.3839732906745, 0.15871310234069824]"
F272013,30,14,0.1,"[6021.124858691874, 1.1800835132598877]"
F272013,30,14,0.2,"[5897.217570821297, 2.3125689029693604]"
F272013,30,14,0.3,"[5897.2026312337175, 3.443822145462036]"
F272013,30,14,0.4,"[4466.718744463572, 4.57720422744751]"
F272013,30,14,0.5,"[4465.39752518258, 5.7474071979522705]"
F272013,30,14,0.6,"[4215.699669260742, 6.882395267486572]"
F272013,30,14,0.7,"[4215.338630576002, 8.01814866065979]"
F272013,30,14,0.8,"[4215.338630576002, 9.151828527450562]"
F272013,30,14,0.9,"[3698.020459421391, 10.323143482208252]"
F272013,30,14,1.0,"[3591.453249655724, 11.458702325820923]"
F272013,30,15,0.01,"[7169.644813890409, 0.27341771125793457]"
F272013,30,15,0.1,"[7100.7300469533475, 1.2964062690734863]"
F272013,30,15,0.2,"[4878.402501613975, 2.4271957874298096]"
F272013,30,15,0.3,"[4877.81585069405, 3.559791088104248]"
F272013,30,15,0.4,"[4803.323710983531, 4.69607138633728]"
F272013,30,15,0.5,"[4633.953752843882, 5.867549180984497]"
F272013,30,15,0.6,"[4627.470734313926, 6.995710611343384]"
F272013,30,15,0.7,"[4608.429812572464, 8.124881029129028]"
F272013,30,15,0.8,"[2128.671283294378, 9.256490707397461]"
F272013,30,15,0.9,"[2128.66993328506, 10.43424940109253]"
F272013,30,15,1.0,"[2128.6690976686764, 11.566108465194702]"
F272013,30,16,0.01,"[7491.45146638609, 0.21527504920959473]"
F272013,30,16,0.1,"[7478.475570814671, 1.2378849983215332]"
F272013,30,16,0.2,"[7478.475452864332, 2.3696088790893555]"
F272013,30,16,0.3,"[7478.474092405846, 3.500213384628296]"
F272013,30,16,0.4,"[7478.473391973897, 4.632591962814331]"
F272013,30,16,0.5,"[7478.473266800418, 5.807397365570068]"
F272013,30,16,0.6,"[5101.894522453973, 6.943456172943115]"
F272013,30,16,0.7,"[5101.7973064370635, 8.080316066741943]"
F272013,30,16,0.8,"[5100.80277082689, 9.21796727180481]"
F272013,30,16,0.9,"[5100.643479253019, 10.390373706817627]"
F272013,30,16,1.0,"[5100.592462590269, 11.52346158027649]"
F272013,30,17,0.01,"[9559.996122598763, 0.14704275131225586]"
F272013,30,17,0.1,"[9453.099392658813, 1.1679432392120361]"
F272013,30,17,0.2,"[9125.437430773085, 2.2965683937072754]"
F272013,30,17,0.3,"[9125.2245118983, 3.426311492919922]"
F272013,30,17,0.4,"[8377.031092644904, 4.558128595352173]"
F272013,30,17,0.5,"[7400.12453656549, 5.7277867794036865]"
F272013,30,17,0.6,"[6252.182588224791, 6.857550621032715]"
F272013,30,17,0.7,"[4299.332820922335, 7.983976602554321]"
F272013,30,17,0.8,"[4299.332820922335, 9.106663703918457]"
F272013,30,17,0.9,"[4139.241692066967, 10.271771907806396]"
F272013,30,17,1.0,"[4091.693887139065, 11.425219297409058]"
F272013,30,18,0.01,"[5990.118451281636, 0.20998620986938477]"
F272013,30,18,0.1,"[5990.111844682619, 1.2250001430511475]"
F272013,30,18,0.2,"[5207.999788114726, 2.3492684364318848]"
F272013,30,18,0.3,"[5207.711498268567, 3.474846839904785]"
F272013,30,18,0.4,"[4375.605070276653, 4.602599143981934]"
F272013,30,18,0.5,"[4375.130524392502, 5.769112825393677]"
F272013,30,18,0.6,"[4374.189955213262, 6.896599531173706]"
F272013,30,18,0.7,"[4367.488125613406, 8.022643566131592]"
F272013,30,18,0.8,"[4359.706284861567, 9.149853944778442]"
F272013,30,18,0.9,"[4352.189954815404, 10.312225580215454]"
F272013,30,18,1.0,"[4349.073908135665, 11.436024904251099]"
F272013,30,19,0.01,"[6114.9774561902395, 0.14627552032470703]"
F272013,30,19,0.1,"[5890.718127369843, 1.1636834144592285]"
F272013,30,19,0.2,"[5890.718127369843, 2.2894039154052734]"
F272013,30,19,0.3,"[5890.718127369843, 3.4127285480499268]"
F272013,30,19,0.4,"[5390.268850699358, 4.539072036743164]"
F272013,30,19,0.5,"[5374.1751717200605, 5.710909128189087]"
F272013,30,19,0.6,"[4527.008779000777, 6.842564582824707]"
F272013,30,19,0.7,"[4197.854299187, 7.974790334701538]"
F272013,30,19,0.8,"[3761.056338841696, 9.106241941452026]"
F272013,30,19,0.9,"[3760.9967572121277, 10.269190311431885]"
F272013,30,19,1.0,"[3685.8789014515023, 11.39541506767273]"
F272013,30,20,0.01,"[13296.056576995943, 0.18382644653320312]"
F272013,30,20,0.1,"[10943.133337071362, 1.1994881629943848]"
F272013,30,20,0.2,"[9324.927394286797, 2.3227713108062744]"
F272013,30,20,0.3,"[8765.861765572901, 3.4479103088378906]"
F272013,30,20,0.4,"[7306.499790264868, 4.572403430938721]"
F272013,30,20,0.5,"[7219.017601456548, 5.730322599411011]"
F272013,30,20,0.6,"[6028.843011659138, 6.850582599639893]"
F272013,30,20,0.7,"[2135.300795604828, 7.971287488937378]"
F272013,30,20,0.8,"[2135.1817578157816, 9.094288110733032]"
F272013,30,20,0.9,"[2135.180051297511, 10.252051830291748]"
F272013,30,20,1.0,"[2135.179619998591, 11.372329235076904]"
F272013,30,21,0.01,"[13696.537826529462, 0.2619445323944092]"
F272013,30,21,0.1,"[11433.030549823005, 1.2823188304901123]"
F272013,30,21,0.2,"[7359.756217959237, 2.412508249282837]"
F272013,30,21,0.3,"[6418.877465164907, 3.5461483001708984]"
F272013,30,21,0.4,"[5938.511565088884, 4.685322284698486]"
F272013,30,21,0.5,"[4652.739079109992, 5.859699726104736]"
F272013,30,21,0.6,"[4612.757595714731, 6.993880271911621]"
F272013,30,21,0.7,"[4437.523024187086, 8.128486633300781]"
F272013,30,21,0.8,"[2453.030594923956, 9.260270118713379]"
F272013,30,21,0.9,"[2453.0254231108556, 10.42557668685913]"
F272013,30,21,1.0,"[2172.4077222282426, 11.554840803146362]"
F272013,30,22,0.01,"[10147.3812117755, 0.15421295166015625]"
F272013,30,22,0.1,"[9524.532924247209, 1.1709551811218262]"
F272013,30,22,0.2,"[8987.079777081348, 2.29380464553833]"
F272013,30,22,0.3,"[8524.236712390908, 3.417222738265991]"
F272013,30,22,0.4,"[8378.963125570039, 4.53901481628418]"
F272013,30,22,0.5,"[8093.155201008152, 5.696264028549194]"
F272013,30,22,0.6,"[6449.846469391249, 6.818023920059204]"
F272013,30,22,0.7,"[6449.8333558156155, 7.9374353885650635]"
F272013,30,22,0.8,"[5717.7299915814765, 9.060055017471313]"
F272013,30,22,0.9,"[5344.792220742945, 10.214589595794678]"
F272013,30,22,1.0,"[5265.455010710928, 11.332620620727539]"
F272013,30,23,0.01,"[7931.793939201627, 0.1476902961730957]"
F272013,30,23,0.1,"[6599.844698258989, 1.172095537185669]"
F272013,30,23,0.2,"[3115.4056493520566, 2.304501533508301]"
F272013,30,23,0.3,"[3115.3728312997428, 3.4361538887023926]"
F272013,30,23,0.4,"[3113.461944390816, 4.5728325843811035]"
F272013,30,23,0.5,"[3113.4432321165787, 5.745939254760742]"
F272013,30,23,0.6,"[3113.315490257588, 6.8828747272491455]"
F272013,30,23,0.7,"[2023.5722456296762, 8.020037174224854]"
F272013,30,23,0.8,"[2023.3891292661183, 9.15964126586914]"
F272013,30,23,0.9,"[2021.9421050645187, 10.335893154144287]"
F272013,30,23,1.0,"[2019.534226219992, 11.473738193511963]"
F272013,30,24,0.01,"[5377.952117496669, 0.1469893455505371]"
F272013,30,24,0.1,"[5377.950656423502, 1.167433738708496]"
F272013,30,24,0.2,"[5326.542213421537, 2.2965033054351807]"
F272013,30,24,0.3,"[5326.287428955282, 3.423877716064453]"
F272013,30,24,0.4,"[5326.28693204023, 4.554239273071289]"
F272013,30,24,0.5,"[3157.2866211501223, 5.723601341247559]"
F272013,30,24,0.6,"[3157.250481375596, 6.853137016296387]"
F272013,30,24,0.7,"[3154.9349146808236, 7.982693433761597]"
F272013,30,24,0.8,"[3154.9349146808236, 9.111899137496948]"
F272013,30,24,0.9,"[3154.9349146808236, 10.277260303497314]"
F272013,30,24,1.0,"[3153.8959651670993, 11.40415358543396]"
F272013,30,25,0.01,"[3999.19837755956, 0.14765048027038574]"
F272013,30,25,0.1,"[3982.117492971399, 1.1709859371185303]"
F272013,30,25,0.2,"[3627.244957050905, 2.301389217376709]"
F272013,30,25,0.3,"[3618.7227919373117, 3.431565523147583]"
F272013,30,25,0.4,"[3204.018378036035, 4.563780784606934]"
F272013,30,25,0.5,"[3204.018378036035, 5.738008499145508]"
F272013,30,25,0.6,"[3204.018378036035, 6.871633052825928]"
F272013,30,25,0.7,"[3204.018378036035, 8.003350496292114]"
F272013,30,25,0.8,"[3204.018378036035, 9.136870861053467]"
F272013,30,25,0.9,"[3204.018378036035, 10.302722454071045]"
F272013,30,25,1.0,"[3204.018378036035, 11.429017305374146]"
F272013,30,26,0.01,"[3634.446107460395, 0.14783000946044922]"
F272013,30,26,0.1,"[3634.1137566749185, 1.1718356609344482]"
F272013,30,26,0.2,"[3634.1119318291803, 2.302077293395996]"
F272013,30,26,0.3,"[3634.109310278581, 3.4317028522491455]"
F272013,30,26,0.4,"[2286.3313118444316, 4.566026449203491]"
F272013,30,26,0.5,"[2262.419792256706, 5.739871501922607]"
F272013,30,26,0.6,"[2262.4197778992425, 6.872651815414429]"
F272013,30,26,0.7,"[2262.260173369809, 8.006517171859741]"
F272013,30,26,0.8,"[1847.8886479917592, 9.139156341552734]"
F272013,30,26,0.9,"[1843.5213705416163, 10.307330846786499]"
F272013,30,26,1.0,"[1841.175607319592, 11.438132286071777]"
F272013,30,27,0.01,"[5997.16778363315, 0.23255014419555664]"
F272013,30,27,0.1,"[5996.997610516724, 1.255629539489746]"
F272013,30,27,0.2,"[2313.118940551047, 2.386406660079956]"
F272013,30,27,0.3,"[2272.009493391057, 3.51910400390625]"
F272013,30,27,0.4,"[2272.0011400376966, 4.655102252960205]"
F272013,30,27,0.5,"[2271.9262640328993, 5.8277907371521]"
F272013,30,27,0.6,"[2271.838564603945, 6.962845802307129]"
F272013,30,27,0.7,"[2271.789435249049, 8.094824075698853]"
F272013,30,27,0.8,"[1939.5252708523622, 9.228668689727783]"
F272013,30,27,0.9,"[1939.1379047669025, 10.395881414413452]"
F272013,30,27,1.0,"[1939.1377890623667, 11.528040885925293]"
F272013,30,28,0.01,"[8151.319827124204, 0.2283461093902588]"
F272013,30,28,0.1,"[3172.1645478821138, 1.2506983280181885]"
F272013,30,28,0.2,"[3172.1260056484525, 2.380035877227783]"
F272013,30,28,0.3,"[3171.2875241308284, 3.513859272003174]"
F272013,30,28,0.4,"[3171.273602553587, 4.651676177978516]"
F272013,30,28,0.5,"[3171.2718511405874, 5.826059579849243]"
F272013,30,28,0.6,"[3147.6598184603126, 6.962926626205444]"
F272013,30,28,0.7,"[3147.6598184603126, 8.096502780914307]"
F272013,30,28,0.8,"[3147.6598184603126, 9.22741413116455]"
F272013,30,28,0.9,"[2119.016410764096, 10.398247003555298]"
F272013,30,28,1.0,"[2071.966017014212, 11.528743982315063]"
F272013,30,29,0.01,"[8646.468081381192, 0.14773321151733398]"
F272013,30,29,0.1,"[8593.461930228868, 1.17415452003479]"
F272013,30,29,0.2,"[8593.411921051747, 2.307271957397461]"
F272013,30,29,0.3,"[6643.137514183616, 3.4399261474609375]"
F272013,30,29,0.4,"[6526.47285114843, 4.572038173675537]"
F272013,30,29,0.5,"[6457.404926414117, 5.739679336547852]"
F272013,30,29,0.6,"[6457.0246289356965, 6.870553493499756]"
F272013,30,29,0.7,"[6219.591599701106, 8.002302408218384]"
F272013,30,29,0.8,"[6219.591599701106, 9.13306450843811]"
F272013,30,29,0.9,"[5539.633842026272, 10.299439191818237]"
F272013,30,29,1.0,"[5538.668753709642, 11.431775331497192]"
F272013,30,30,0.01,"[9300.634373292403, 0.14731478691101074]"
F272013,30,30,0.1,"[8974.028828224658, 1.171842336654663]"
F272013,30,30,0.2,"[8894.982887017202, 2.305894374847412]"
F272013,30,30,0.3,"[6835.974024760824, 3.4418649673461914]"
F272013,30,30,0.4,"[6661.391518473801, 4.576107501983643]"
F272013,30,30,0.5,"[6660.654623192439, 5.747687101364136]"
F272013,30,30,0.6,"[6660.6472206815, 6.881187438964844]"
F272013,30,30,0.7,"[6312.296261555392, 8.012810230255127]"
F272013,30,30,0.8,"[6148.90610520162, 9.143380403518677]"
F272013,30,30,0.9,"[5499.5853102212, 10.30823040008545]"
F272013,30,30,1.0,"[5174.0282470305665, 11.438182353973389]"
F272013,30,31,0.01,"[12787.236384064112, 0.14606690406799316]"
F272013,30,31,0.1,"[9950.007906896513, 1.163433313369751]"
F272013,30,31,0.2,"[7445.165607987514, 2.289768695831299]"
F272013,30,31,0.3,"[7445.150997073206, 3.4147419929504395]"
F272013,30,31,0.4,"[7444.80837235768, 4.543111085891724]"
F272013,30,31,0.5,"[7444.808186552473, 5.704929828643799]"
F272013,30,31,0.6,"[7444.806513810725, 6.829384088516235]"
F272013,30,31,0.7,"[7444.806060296898, 7.9569947719573975]"
F272013,30,31,0.8,"[7444.8059440782745, 9.081139326095581]"
F272013,30,31,0.9,"[2585.453802539824, 10.239683866500854]"
F272013,30,31,1.0,"[2571.705306651665, 11.360320091247559]"
F272013,30,32,0.01,"[7075.318027228797, 0.16659808158874512]"
F272013,30,32,0.1,"[6465.363292115957, 1.1918087005615234]"
F272013,30,32,0.2,"[6353.297258238473, 2.32523250579834]"
F272013,30,32,0.3,"[6352.718155166878, 3.457711935043335]"
F272013,30,32,0.4,"[5637.670803722397, 4.594162702560425]"
F272013,30,32,0.5,"[5582.246752593891, 5.768259763717651]"
F272013,30,32,0.6,"[5574.908194613716, 6.903841257095337]"
F272013,30,32,0.7,"[5232.311273875932, 8.037638187408447]"
F272013,30,32,0.8,"[5230.281490594326, 9.167488098144531]"
F272013,30,32,0.9,"[5230.281490594326, 10.33260726928711]"
F272013,30,32,1.0,"[5230.281490594326, 11.462943077087402]"
F272013,30,33,0.01,"[3145.9624608805216, 0.14736127853393555]"
F272013,30,33,0.1,"[3145.2411691467987, 1.169891357421875]"
F272013,30,33,0.2,"[2644.103188160967, 2.304654121398926]"
F272013,30,33,0.3,"[2644.055560965035, 3.440417528152466]"
F272013,30,33,0.4,"[2644.046416423534, 4.574384689331055]"
F272013,30,33,0.5,"[2644.042135967828, 5.743728160858154]"
F272013,30,33,0.6,"[2644.041813216059, 6.874115705490112]"
F272013,30,33,0.7,"[2644.0418074862005, 8.001946687698364]"
F272013,30,33,0.8,"[2644.0418074862005, 9.128684520721436]"
F272013,30,33,0.9,"[2644.0418074862005, 10.29243803024292]"
F272013,30,33,1.0,"[2644.0418074862005, 11.420671224594116]"
F272013,30,34,0.01,"[10211.951827517512, 0.14722537994384766]"
F272013,30,34,0.1,"[4679.345891942179, 1.1710872650146484]"
F272013,30,34,0.2,"[4674.359178137449, 2.3044116497039795]"
F272013,30,34,0.3,"[4673.336586336526, 3.440981149673462]"
F272013,30,34,0.4,"[4673.329447128842, 4.576526165008545]"
F272013,30,34,0.5,"[4673.328614485013, 5.747692823410034]"
F272013,30,34,0.6,"[4673.303395078188, 6.877845287322998]"
F272013,30,34,0.7,"[4673.300791795238, 8.006768941879272]"
F272013,30,34,0.8,"[4673.300643903112, 9.133729696273804]"
F272013,30,34,0.9,"[4673.300459154946, 10.297791719436646]"
F272013,30,34,1.0,"[4668.5813896166765, 11.428691864013672]"
F272013,30,35,0.01,"[2644.0631005136133, 0.14755797386169434]"
F272013,30,35,0.1,"[2627.7133677188076, 1.1740672588348389]"
F272013,30,35,0.2,"[2505.6155605252075, 2.308105707168579]"
F272013,30,35,0.3,"[2502.0587568528376, 3.441575288772583]"
F272013,30,35,0.4,"[2502.0587568528376, 4.573279619216919]"
F272013,30,35,0.5,"[2502.0587568528376, 5.743998289108276]"
F272013,30,35,0.6,"[2502.0587568528376, 6.87249755859375]"
F272013,30,35,0.7,"[2502.0587568528376, 8.001226902008057]"
F272013,30,35,0.8,"[2300.0316481275304, 9.132197141647339]"
F272013,30,35,0.9,"[2300.008659641076, 10.297851800918579]"
F272013,30,35,1.0,"[2300.006523987101, 11.424729347229004]"
F272013,30,36,0.01,"[3038.879430805777, 0.14645957946777344]"
F272013,30,36,0.1,"[2610.3738004396246, 1.16426420211792]"
F272013,30,36,0.2,"[2610.373520449761, 2.288865566253662]"
F272013,30,36,0.3,"[2610.372192704006, 3.4068546295166016]"
F272013,30,36,0.4,"[2496.929283542345, 4.531388282775879]"
F272013,30,36,0.5,"[2493.3165121863694, 5.692924737930298]"
F272013,30,36,0.6,"[2493.255643801623, 6.818346738815308]"
F272013,30,36,0.7,"[2493.2550648075357, 7.94141697883606]"
F272013,30,36,0.8,"[2493.253555398086, 9.066124200820923]"
F272013,30,36,0.9,"[2493.253342404431, 10.224531650543213]"
F272013,30,36,1.0,"[2320.1009669145847, 11.341957330703735]"
F272013,30,37,0.01,"[4000.791090534416, 0.146989107131958]"
F272013,30,37,0.1,"[3810.0918980836204, 1.167426586151123]"
F272013,30,37,0.2,"[3796.547009146867, 2.296138286590576]"
F272013,30,37,0.3,"[3796.2927967573596, 3.4240779876708984]"
F272013,30,37,0.4,"[3796.292632916051, 4.553848743438721]"
F272013,30,37,0.5,"[3796.291635688649, 5.726512670516968]"
F272013,30,37,0.6,"[3794.940220591223, 6.859211206436157]"
F272013,30,37,0.7,"[3794.9238599893843, 7.985299348831177]"
F272013,30,37,0.8,"[3794.9210925997068, 9.109641551971436]"
F272013,30,37,0.9,"[3791.4351678479234, 10.269999027252197]"
F272013,30,37,1.0,"[3791.4351678479234, 11.395655393600464]"
F272013,30,38,0.01,"[8811.65860360988, 0.14781951904296875]"
F272013,30,38,0.1,"[8786.792634248408, 1.1752307415008545]"
F272013,30,38,0.2,"[4926.733366822612, 2.30243182182312]"
F272013,30,38,0.3,"[4439.644141927121, 3.436347723007202]"
F272013,30,38,0.4,"[3843.255143330942, 4.569913625717163]"
F272013,30,38,0.5,"[3789.5640654887693, 5.737350940704346]"
F272013,30,38,0.6,"[3789.4461495541054, 6.865256309509277]"
F272013,30,38,0.7,"[3555.166431714246, 7.9899961948394775]"
F272013,30,38,0.8,"[3491.59487317652, 9.110729694366455]"
F272013,30,38,0.9,"[3478.943144103092, 10.265371799468994]"
F272013,30,38,1.0,"[3450.392325632636, 11.38618016242981]"
F272013,30,39,0.01,"[8812.948181309577, 0.14770865440368652]"
F272013,30,39,0.1,"[7252.647741171455, 1.1724364757537842]"
F272013,30,39,0.2,"[2197.6417366211863, 2.3065285682678223]"
F272013,30,39,0.3,"[2197.6417366211863, 3.442622184753418]"
F272013,30,39,0.4,"[2197.6417366211863, 4.584094047546387]"
F272013,30,39,0.5,"[2197.6417366211863, 5.761953592300415]"
F272013,30,39,0.6,"[2197.6417366211863, 6.897139549255371]"
F272013,30,39,0.7,"[2197.6417366211863, 8.034283638000488]"
F272013,30,39,0.8,"[2197.6417366211863, 9.171662330627441]"
F272013,30,39,0.9,"[2197.6417366211863, 10.34528398513794]"
F272013,30,39,1.0,"[2197.6417366211863, 11.47843861579895]"
F272013,30,40,0.01,"[6063.471096310158, 0.2029266357421875]"
F272013,30,40,0.1,"[5965.849398208786, 1.2269225120544434]"
F272013,30,40,0.2,"[2232.4075241327373, 2.3575117588043213]"
F272013,30,40,0.3,"[2232.125863503862, 3.4889750480651855]"
F272013,30,40,0.4,"[2036.591094111055, 4.6205384731292725]"
F272013,30,40,0.5,"[2032.760678089212, 5.7871739864349365]"
F272013,30,40,0.6,"[2025.6205229737934, 6.920155763626099]"
F272013,30,40,0.7,"[2020.791619057818, 8.047988176345825]"
F272013,30,40,0.8,"[2020.725814393475, 9.172914028167725]"
F272013,30,40,0.9,"[2012.5980609762328, 10.334419965744019]"
F272013,30,40,1.0,"[2012.5870338169361, 11.460288286209106]"
F272013,30,41,0.01,"[2583.649800236495, 0.21313166618347168]"
F272013,30,41,0.1,"[2484.020772209149, 1.23897123336792]"
F272013,30,41,0.2,"[2483.9658084163634, 2.3719279766082764]"
F272013,30,41,0.3,"[2483.2447147907255, 3.5028908252716064]"
F272013,30,41,0.4,"[2483.178392030449, 4.630438804626465]"
F272013,30,41,0.5,"[2483.1770016205633, 5.798806190490723]"
F272013,30,41,0.6,"[2483.1768112366235, 6.929106950759888]"
F272013,30,41,0.7,"[1939.2667887468288, 8.055402994155884]"
F272013,30,41,0.8,"[1939.266318541806, 9.181474447250366]"
F272013,30,41,0.9,"[1932.542905049845, 10.34288477897644]"
F272013,30,41,1.0,"[1932.5173442901687, 11.465842723846436]"
F272013,30,42,0.01,"[5098.588488134576, 0.14664363861083984]"
F272013,30,42,0.1,"[5027.35887790636, 1.1712944507598877]"
F272013,30,42,0.2,"[5017.806697400696, 2.303102731704712]"
F272013,30,42,0.3,"[3692.87303710363, 3.433136224746704]"
F272013,30,42,0.4,"[3676.037876508469, 4.5685389041900635]"
F272013,30,42,0.5,"[3676.025736259924, 5.739150285720825]"
F272013,30,42,0.6,"[3495.107309318457, 6.867152214050293]"
F272013,30,42,0.7,"[3494.6971561297923, 7.994573354721069]"
F272013,30,42,0.8,"[3494.639860062298, 9.122525930404663]"
F272013,30,42,0.9,"[3494.6328181470417, 10.283896446228027]"
F272013,30,42,1.0,"[3489.2935565182815, 11.409984350204468]"
F272013,30,43,0.01,"[9741.769591228145, 0.21608686447143555]"
F272013,30,43,0.1,"[9083.56796278436, 1.2438609600067139]"
F272013,30,43,0.2,"[8713.797511071194, 2.3802707195281982]"
F272013,30,43,0.3,"[8713.14703113307, 3.5157310962677]"
F272013,30,43,0.4,"[3671.834612368403, 4.650050401687622]"
F272013,30,43,0.5,"[3671.83002222074, 5.824932098388672]"
F272013,30,43,0.6,"[3671.8293587811786, 6.960967063903809]"
F272013,30,43,0.7,"[2354.8924241034674, 8.095369100570679]"
F272013,30,43,0.8,"[2354.799238574198, 9.228843212127686]"
F272013,30,43,0.9,"[2341.1500372431497, 10.397922039031982]"
F272013,30,43,1.0,"[2335.9324610633926, 11.532554149627686]"
F272013,30,44,0.01,"[5019.774526709752, 0.18645691871643066]"
F272013,30,44,0.1,"[5019.728048957658, 1.2166523933410645]"
F272013,30,44,0.2,"[4917.523667198141, 2.356743097305298]"
F272013,30,44,0.3,"[3098.519606485046, 3.4957714080810547]"
F272013,30,44,0.4,"[3063.010063636748, 4.632933139801025]"
F272013,30,44,0.5,"[1942.3009319650619, 5.8065714836120605]"
F272013,30,44,0.6,"[1941.952299919306, 6.9398932456970215]"
F272013,30,44,0.7,"[1941.5417172481439, 8.073778629302979]"
F272013,30,44,0.8,"[1941.3564919708415, 9.206607341766357]"
F272013,30,44,0.9,"[1941.3561651519503, 10.376073360443115]"
F272013,30,44,1.0,"[1907.3922642204047, 11.508813381195068]"
F272013,30,45,0.01,"[11595.197399348732, 0.23779988288879395]"
F272013,30,45,0.1,"[3183.2973432691942, 1.2661006450653076]"
F272013,30,45,0.2,"[3180.4238804799606, 2.4049432277679443]"
F272013,30,45,0.3,"[3180.409890709114, 3.541090726852417]"
F272013,30,45,0.4,"[3180.4065071892283, 4.678859710693359]"
F272013,30,45,0.5,"[3179.870425840463, 5.8528876304626465]"
F272013,30,45,0.6,"[2667.3252277696297, 6.98768162727356]"
F272013,30,45,0.7,"[2666.9433841245564, 8.123389959335327]"
F272013,30,45,0.8,"[2666.913894078113, 9.258456230163574]"
F272013,30,45,0.9,"[2666.8850274161537, 10.428847551345825]"
F272013,30,45,1.0,"[2666.0215753132916, 11.562232255935669]"
F272013,30,46,0.01,"[7341.078040897224, 0.25908613204956055]"
F272013,30,46,0.1,"[7012.54206980269, 1.2864153385162354]"
F272013,30,46,0.2,"[4762.104020678865, 2.4186458587646484]"
F272013,30,46,0.3,"[4729.6681599941685, 3.5521256923675537]"
F272013,30,46,0.4,"[4729.559807335388, 4.68370509147644]"
F272013,30,46,0.5,"[4276.994886709569, 5.851661682128906]"
F272013,30,46,0.6,"[4276.146858596831, 6.981926441192627]"
F272013,30,46,0.7,"[2858.470119136644, 8.111553192138672]"
F272013,30,46,0.8,"[2712.508911692599, 9.238483190536499]"
F272013,30,46,0.9,"[2712.185155754919, 10.400190591812134]"
F272013,30,46,1.0,"[2712.1850002435685, 11.527920722961426]"
F272013,30,47,0.01,"[7226.857901839172, 0.17166614532470703]"
F272013,30,47,0.1,"[7219.436896021707, 1.3714334964752197]"
F272013,30,47,0.2,"[1824.473131184914, 2.6968724727630615]"
F272013,30,47,0.3,"[1811.2604117693627, 4.016830921173096]"
F272013,30,47,0.4,"[1808.99015785133, 5.346235513687134]"
F272013,30,47,0.5,"[1808.7460893731368, 6.715129852294922]"
F272013,30,47,0.6,"[1808.730224988827, 8.04346513748169]"
F272013,30,47,0.7,"[1808.7299809465903, 9.36573076248169]"
F272013,30,47,0.8,"[1808.7288239341287, 10.707717180252075]"
F272013,30,47,0.9,"[1808.7276827232026, 12.063783168792725]"
F272013,30,47,1.0,"[1808.726750770782, 13.377958536148071]"
F272013,30,48,0.01,"[7778.963212291244, 0.14580011367797852]"
F272013,30,48,0.1,"[7776.588549292228, 1.1651160717010498]"
F272013,30,48,0.2,"[7775.944336406537, 2.289430856704712]"
F272013,30,48,0.3,"[7519.010568541271, 3.416041135787964]"
F272013,30,48,0.4,"[7519.010568541271, 4.542888641357422]"
F272013,30,48,0.5,"[5406.01355906052, 5.703386068344116]"
F272013,30,48,0.6,"[5398.290000057524, 6.824601888656616]"
F272013,30,48,0.7,"[4970.9407495289115, 7.944911479949951]"
F272013,30,48,0.8,"[3907.4968476096064, 9.066246509552002]"
F272013,30,48,0.9,"[3713.6837458105283, 10.221374988555908]"
F272013,30,48,1.0,"[3265.5864764098096, 11.340617656707764]"
F272013,30,49,0.01,"[4193.839990776434, 0.14505743980407715]"
F272013,30,49,0.1,"[3951.113887368624, 1.1571471691131592]"
F272013,30,49,0.2,"[3945.387170456056, 2.282841444015503]"
F272013,30,49,0.3,"[3945.385430543978, 3.405174493789673]"
F272013,30,49,0.4,"[3945.0197661724405, 4.523125410079956]"
F272013,30,49,0.5,"[3944.999904765673, 5.677839517593384]"
F272013,30,49,0.6,"[3944.9993384937243, 6.7942795753479]"
F272013,30,49,0.7,"[3531.1459944330627, 7.9079749584198]"
F272013,30,49,0.8,"[3530.976091379541, 9.02268362045288]"
F272013,30,49,0.9,"[3530.96736586949, 10.171426773071289]"
F272013,30,49,1.0,"[3507.8924416750306, 11.290578365325928]"
F272013,30,50,0.01,"[8272.506876229983, 0.14471983909606934]"
F272013,30,50,0.1,"[7328.18144829067, 1.1530914306640625]"
F272013,30,50,0.2,"[5906.591765508212, 2.2655935287475586]"
F272013,30,50,0.3,"[5905.957252049678, 3.3782858848571777]"
F272013,30,50,0.4,"[5905.880730227528, 4.488707065582275]"
F272013,30,50,0.5,"[5016.182549616988, 5.638399839401245]"
F272013,30,50,0.6,"[4370.599252620067, 6.756117105484009]"
F272013,30,50,0.7,"[4365.573830529567, 7.872593402862549]"
F272013,30,50,0.8,"[4365.573830529567, 8.990391492843628]"
F272013,30,50,0.9,"[4365.573830529567, 10.143296718597412]"
F272013,30,50,1.0,"[4365.573830529567, 11.257773637771606]"
F272013,50,0,0.01,"[10655.761575724258, 0.1636495590209961]"
F272013,50,0,0.1,"[6268.653168660957, 1.6270110607147217]"
F272013,50,0,0.2,"[6268.054636200578, 3.189539670944214]"
F272013,50,0,0.3,"[6253.733528346265, 4.732858180999756]"
F272013,50,0,0.4,"[6212.511849474718, 6.379381895065308]"
F272013,50,0,0.5,"[6185.811243269479, 7.998634576797485]"
F272013,50,0,0.6,"[6025.1157521045625, 9.531045913696289]"
F272013,50,0,0.7,"[6025.1157521045625, 11.066956281661987]"
F272013,50,0,0.8,"[6025.1157521045625, 12.600362777709961]"
F272013,50,0,0.9,"[6007.099949775451, 14.215683221817017]"
F272013,50,0,1.0,"[6005.392422406648, 15.751619815826416]"
F272013,50,1,0.01,"[8195.11493341715, 0.16368436813354492]"
F272013,50,1,0.1,"[8184.463568245927, 1.6270692348480225]"
F272013,50,1,0.2,"[8168.021893311485, 3.1722981929779053]"
F272013,50,1,0.3,"[8168.021893311485, 4.711095571517944]"
F272013,50,1,0.4,"[8168.021893311485, 6.2508385181427]"
F272013,50,1,0.5,"[8168.021893311485, 7.869637966156006]"
F272013,50,1,0.6,"[8039.021643887276, 9.406028985977173]"
F272013,50,1,0.7,"[8035.797988398506, 10.940025329589844]"
F272013,50,1,0.8,"[8034.838941300437, 12.47355580329895]"
F272013,50,1,0.9,"[8034.838003381676, 14.085020542144775]"
F272013,50,1,1.0,"[8034.835785240306, 15.618870258331299]"
F272013,50,2,0.01,"[11305.193950066416, 0.16317272186279297]"
F272013,50,2,0.1,"[11303.28805640075, 1.622565507888794]"
F272013,50,2,0.2,"[10967.687618993301, 3.1580424308776855]"
F272013,50,2,0.3,"[9759.143260099621, 4.688607454299927]"
F272013,50,2,0.4,"[9758.712867193073, 6.216502666473389]"
F272013,50,2,0.5,"[9758.712867193073, 7.823125839233398]"
F272013,50,2,0.6,"[9758.712867193073, 9.351645469665527]"
F272013,50,2,0.7,"[9285.826480848025, 10.878626346588135]"
F272013,50,2,0.8,"[9054.951310018807, 12.410468101501465]"
F272013,50,2,0.9,"[9054.440311555038, 14.019901752471924]"
F272013,50,2,1.0,"[9054.407871184127, 15.5469810962677]"
F272013,50,3,0.01,"[20330.66258104953, 0.16287970542907715]"
F272013,50,3,0.1,"[13770.024990763408, 1.6406383514404297]"
F272013,50,3,0.2,"[13770.004953476722, 3.183476686477661]"
F272013,50,3,0.3,"[13770.004493246064, 4.723252296447754]"
F272013,50,3,0.4,"[9859.106712716355, 6.2627716064453125]"
F272013,50,3,0.5,"[9771.101897836388, 7.880112648010254]"
F272013,50,3,0.6,"[9771.101897836388, 9.417185306549072]"
F272013,50,3,0.7,"[5906.627992675198, 10.95385456085205]"
F272013,50,3,0.8,"[5906.526997409507, 12.489277124404907]"
F272013,50,3,0.9,"[5906.525859762078, 14.104344129562378]"
F272013,50,3,1.0,"[5906.5258471766465, 15.640557527542114]"
F272013,50,4,0.01,"[10223.951147018512, 0.16278409957885742]"
F272013,50,4,0.1,"[9674.825123697117, 1.6191763877868652]"
F272013,50,4,0.2,"[9674.82080994015, 3.154527425765991]"
F272013,50,4,0.3,"[5540.378463877528, 4.683860778808594]"
F272013,50,4,0.4,"[5540.378463877528, 6.211455821990967]"
F272013,50,4,0.5,"[5540.3461623923695, 7.820434808731079]"
F272013,50,4,0.6,"[5538.456207787013, 9.349556684494019]"
F272013,50,4,0.7,"[5535.489103210244, 10.876371383666992]"
F272013,50,4,0.8,"[5535.447442924413, 12.4051034450531]"
F272013,50,4,0.9,"[5535.431938894959, 14.013044357299805]"
F272013,50,4,1.0,"[5535.431064043072, 15.539082765579224]"
F272013,50,5,0.01,"[13695.941716832383, 0.16389751434326172]"
F272013,50,5,0.1,"[11162.150372079612, 1.6297607421875]"
F272013,50,5,0.2,"[11161.963552286517, 3.1774463653564453]"
F272013,50,5,0.3,"[11161.465380397465, 4.7208733558654785]"
F272013,50,5,0.4,"[11161.36491164341, 6.26101279258728]"
F272013,50,5,0.5,"[11161.364656739746, 7.881534814834595]"
F272013,50,5,0.6,"[11158.424723790013, 9.415464639663696]"
F272013,50,5,0.7,"[10943.789959201227, 10.947827816009521]"
F272013,50,5,0.8,"[10751.152246800246, 12.47937273979187]"
F272013,50,5,0.9,"[9207.289886618364, 14.090893983840942]"
F272013,50,5,1.0,"[9206.101008772948, 15.620615720748901]"
F272013,50,6,0.01,"[13818.500508375406, 0.16295099258422852]"
F272013,50,6,0.1,"[13818.500508375406, 1.6216809749603271]"
F272013,50,6,0.2,"[12370.320155786554, 3.157377004623413]"
F272013,50,6,0.3,"[12291.04652312602, 4.687820911407471]"
F272013,50,6,0.4,"[3611.7732698113923, 6.223278284072876]"
F272013,50,6,0.5,"[3611.76822304543, 7.837145090103149]"
F272013,50,6,0.6,"[3595.748107326155, 9.371217250823975]"
F272013,50,6,0.7,"[3595.4950610484448, 10.905078649520874]"
F272013,50,6,0.8,"[3595.4371981272543, 12.441296577453613]"
F272013,50,6,0.9,"[3595.128427211992, 14.05819320678711]"
F272013,50,6,1.0,"[3595.014647064919, 15.598686933517456]"
F272013,50,7,0.01,"[11005.858873378726, 0.1631007194519043]"
F272013,50,7,0.1,"[9289.686531787564, 1.6224563121795654]"
F272013,50,7,0.2,"[7857.397021934201, 3.1591556072235107]"
F272013,50,7,0.3,"[7816.547333101687, 4.690483570098877]"
F272013,50,7,0.4,"[7815.91954368796, 6.2226057052612305]"
F272013,50,7,0.5,"[7815.919541661004, 7.8377344608306885]"
F272013,50,7,0.6,"[7815.892210485679, 9.369884490966797]"
F272013,50,7,0.7,"[7815.889536405264, 10.899564743041992]"
F272013,50,7,0.8,"[7584.141292894883, 12.433840036392212]"
F272013,50,7,0.9,"[7478.254603170755, 14.047917366027832]"
F272013,50,7,1.0,"[7478.170866594373, 15.580649614334106]"
F272013,50,8,0.01,"[18311.970272043367, 0.1631450653076172]"
F272013,50,8,0.1,"[16082.114342571898, 1.623781681060791]"
F272013,50,8,0.2,"[16022.14503109175, 3.164649486541748]"
F272013,50,8,0.3,"[14141.336584793373, 4.71299147605896]"
F272013,50,8,0.4,"[14141.318447534673, 6.251209020614624]"
F272013,50,8,0.5,"[13272.103146483509, 7.8699705600738525]"
F272013,50,8,0.6,"[13272.103146483509, 9.410683631896973]"
F272013,50,8,0.7,"[13272.103146483509, 10.948891162872314]"
F272013,50,8,0.8,"[13272.103146483509, 12.485315799713135]"
F272013,50,8,0.9,"[9655.145484123022, 14.103142023086548]"
F272013,50,8,1.0,"[8226.197173279645, 15.640925168991089]"
F272013,50,9,0.01,"[7296.224172190316, 0.16324710845947266]"
F272013,50,9,0.1,"[4598.580066081467, 1.6253399848937988]"
F272013,50,9,0.2,"[4595.230176801125, 3.166249990463257]"
F272013,50,9,0.3,"[4582.566708845045, 4.703620195388794]"
F272013,50,9,0.4,"[4582.566708845045, 6.24090838432312]"
F272013,50,9,0.5,"[4582.566708845045, 7.856060266494751]"
F272013,50,9,0.6,"[4581.669677934844, 9.387896299362183]"
F272013,50,9,0.7,"[4581.66798404644, 10.92000937461853]"
F272013,50,9,0.8,"[4581.667981323781, 12.456160545349121]"
F272013,50,9,0.9,"[4581.666138264916, 14.072656393051147]"
F272013,50,9,1.0,"[4581.665913631354, 15.609482526779175]"
F272013,50,10,0.01,"[11113.303767460508, 0.16272759437561035]"
F272013,50,10,0.1,"[9891.038319672944, 1.619960069656372]"
F272013,50,10,0.2,"[7263.654373554924, 3.154808282852173]"
F272013,50,10,0.3,"[7263.033773281068, 4.6851983070373535]"
F272013,50,10,0.4,"[7262.998146890834, 6.2148377895355225]"
F272013,50,10,0.5,"[7262.998146890779, 7.825776815414429]"
F272013,50,10,0.6,"[6942.3091647912715, 9.358398914337158]"
F272013,50,10,0.7,"[6935.519337842679, 10.886266231536865]"
F272013,50,10,0.8,"[6935.51869264945, 12.414601802825928]"
F272013,50,10,0.9,"[6935.508034704388, 14.026508092880249]"
F272013,50,10,1.0,"[6935.505390901855, 15.55626392364502]"
F272013,50,11,0.01,"[16389.634734827385, 0.16264581680297852]"
F272013,50,11,0.1,"[12066.029653448033, 1.6162028312683105]"
F272013,50,11,0.2,"[10281.438202700316, 3.150590658187866]"
F272013,50,11,0.3,"[8581.847150304262, 4.685368061065674]"
F272013,50,11,0.4,"[8392.445755969107, 6.22150731086731]"
F272013,50,11,0.5,"[3784.639719853788, 7.838223934173584]"
F272013,50,11,0.6,"[3781.4719634412704, 9.372359037399292]"
F272013,50,11,0.7,"[3781.097930998193, 10.903181076049805]"
F272013,50,11,0.8,"[3781.0977423585746, 12.439046859741211]"
F272013,50,11,0.9,"[3781.0792064228935, 14.056215763092041]"
F272013,50,11,1.0,"[3781.0773901293596, 15.592233657836914]"
F272013,50,12,0.01,"[13073.46092489939, 0.1638503074645996]"
F272013,50,12,0.1,"[11625.137343314758, 1.618682861328125]"
F272013,50,12,0.2,"[11506.561241796648, 3.151900291442871]"
F272013,50,12,0.3,"[11505.274028198466, 4.686563968658447]"
F272013,50,12,0.4,"[11505.140030002016, 6.2246177196502686]"
F272013,50,12,0.5,"[11505.138094881326, 7.840820074081421]"
F272013,50,12,0.6,"[11505.136562482647, 9.37858510017395]"
F272013,50,12,0.7,"[10098.038881278626, 10.91415548324585]"
F272013,50,12,0.8,"[10098.038881278626, 12.44798731803894]"
F272013,50,12,0.9,"[9051.21569556585, 14.063403844833374]"
F272013,50,12,1.0,"[9027.26530729738, 15.599844217300415]"
F272013,50,13,0.01,"[7944.754832767332, 0.16308903694152832]"
F272013,50,13,0.1,"[7941.973206084322, 1.614936113357544]"
F272013,50,13,0.2,"[7577.385242099725, 3.149122476577759]"
F272013,50,13,0.3,"[7514.457756031725, 4.683778285980225]"
F272013,50,13,0.4,"[7508.32536320739, 6.220139980316162]"
F272013,50,13,0.5,"[7508.32536320739, 7.8381054401397705]"
F272013,50,13,0.6,"[6154.96544139511, 9.377654552459717]"
F272013,50,13,0.7,"[6141.843827881637, 10.91032099723816]"
F272013,50,13,0.8,"[6140.814398564861, 12.445651054382324]"
F272013,50,13,0.9,"[6138.295299013654, 14.062505006790161]"
F272013,50,13,1.0,"[6138.295299013654, 15.597726583480835]"
F272013,50,14,0.01,"[22560.00124315797, 0.16277599334716797]"
F272013,50,14,0.1,"[15620.56378799785, 1.6112391948699951]"
F272013,50,14,0.2,"[15620.56378799785, 3.1394548416137695]"
F272013,50,14,0.3,"[14302.05725665354, 4.668438673019409]"
F272013,50,14,0.4,"[14155.983777340984, 6.197924375534058]"
F272013,50,14,0.5,"[12725.965054122993, 7.807717561721802]"
F272013,50,14,0.6,"[12306.51558541819, 9.343652248382568]"
F272013,50,14,0.7,"[12303.847632429395, 10.878286600112915]"
F272013,50,14,0.8,"[12276.233790193235, 12.410093069076538]"
F272013,50,14,0.9,"[12276.226041507296, 14.025562524795532]"
F272013,50,14,1.0,"[12276.226033000326, 15.559977293014526]"
F272013,50,15,0.01,"[22879.022915658035, 0.16143798828125]"
F272013,50,15,0.1,"[9794.681896536431, 1.611938238143921]"
F272013,50,15,0.2,"[9780.135470661226, 3.1424202919006348]"
F272013,50,15,0.3,"[6824.505519327337, 4.6739342212677]"
F272013,50,15,0.4,"[6817.615431587717, 6.207563400268555]"
F272013,50,15,0.5,"[6816.988980763204, 7.821163654327393]"
F272013,50,15,0.6,"[6601.273121822616, 9.354336977005005]"
F272013,50,15,0.7,"[6592.7151246244985, 10.881496667861938]"
F272013,50,15,0.8,"[6496.820229851832, 12.411765575408936]"
F272013,50,15,0.9,"[6495.7448562115615, 14.020992994308472]"
F272013,50,15,1.0,"[6495.67769913071, 15.550787925720215]"
F272013,50,16,0.01,"[11785.451595500823, 0.16257143020629883]"
F272013,50,16,0.1,"[10352.148039901178, 1.608161449432373]"
F272013,50,16,0.2,"[10352.05397374997, 3.1354446411132812]"
F272013,50,16,0.3,"[10352.05397348266, 4.661822557449341]"
F272013,50,16,0.4,"[8679.031315754437, 6.193190574645996]"
F272013,50,16,0.5,"[8606.394515102225, 7.800109386444092]"
F272013,50,16,0.6,"[8606.394512366558, 9.327341318130493]"
F272013,50,16,0.7,"[8509.881084809938, 10.856940984725952]"
F272013,50,16,0.8,"[8286.564905118707, 12.38421368598938]"
F272013,50,16,0.9,"[8282.51098477709, 13.988396167755127]"
F272013,50,16,1.0,"[8282.505698168883, 15.514650583267212]"
F272013,50,17,0.01,"[17905.488326450653, 0.16221308708190918]"
F272013,50,17,0.1,"[15947.178443929188, 1.6068751811981201]"
F272013,50,17,0.2,"[11810.275267098408, 3.1342673301696777]"
F272013,50,17,0.3,"[11810.243738567411, 4.663089990615845]"
F272013,50,17,0.4,"[11810.232133769043, 6.194113254547119]"
F272013,50,17,0.5,"[11138.13171256723, 7.805750370025635]"
F272013,50,17,0.6,"[11138.117317269582, 9.337054252624512]"
F272013,50,17,0.7,"[10103.628839064475, 10.866276979446411]"
F272013,50,17,0.8,"[9773.53651449372, 12.39366102218628]"
F272013,50,17,0.9,"[9771.323446115752, 14.000689268112183]"
F272013,50,17,1.0,"[8591.51479682024, 15.530745029449463]"
F272013,50,18,0.01,"[4490.632983705959, 0.16220951080322266]"
F272013,50,18,0.1,"[4447.504727572602, 1.6138241291046143]"
F272013,50,18,0.2,"[4447.47276125457, 3.148235559463501]"
F272013,50,18,0.3,"[4447.470609845754, 4.681354999542236]"
F272013,50,18,0.4,"[4447.465492243441, 6.213888645172119]"
F272013,50,18,0.5,"[4447.463930110367, 7.827068567276001]"
F272013,50,18,0.6,"[4447.463790337321, 9.361633062362671]"
F272013,50,18,0.7,"[3849.80554354792, 10.888139724731445]"
F272013,50,18,0.8,"[3849.80554354792, 12.419941425323486]"
F272013,50,18,0.9,"[3849.80554354792, 14.032853126525879]"
F272013,50,18,1.0,"[3849.80554354792, 15.564838171005249]"
F272013,50,19,0.01,"[13358.449265988402, 0.16169285774230957]"
F272013,50,19,0.1,"[11579.796033549816, 1.6036841869354248]"
F272013,50,19,0.2,"[11578.687039909111, 3.125828266143799]"
F272013,50,19,0.3,"[11578.491561480378, 4.6490795612335205]"
F272013,50,19,0.4,"[4108.465233897163, 6.176128149032593]"
F272013,50,19,0.5,"[4104.661595830972, 7.780048370361328]"
F272013,50,19,0.6,"[4094.1268580785572, 9.30696988105774]"
F272013,50,19,0.7,"[4094.1268580785572, 10.834069013595581]"
F272013,50,19,0.8,"[4094.1268580785572, 12.359068632125854]"
F272013,50,19,0.9,"[4094.1268580785572, 13.964034080505371]"
F272013,50,19,1.0,"[4094.1268580785572, 15.486928939819336]"
F272013,50,20,0.01,"[11335.846204657873, 0.16215896606445312]"
F272013,50,20,0.1,"[8862.474554861934, 1.606032133102417]"
F272013,50,20,0.2,"[8862.458883089746, 3.130185127258301]"
F272013,50,20,0.3,"[8862.431803436693, 4.656774044036865]"
F272013,50,20,0.4,"[8862.43123950029, 6.181373596191406]"
F272013,50,20,0.5,"[8862.429504745769, 7.788896560668945]"
F272013,50,20,0.6,"[8248.563357825764, 9.317257642745972]"
F272013,50,20,0.7,"[8247.073757323436, 10.844355583190918]"
F272013,50,20,0.8,"[8246.92833305303, 12.371545791625977]"
F272013,50,20,0.9,"[7931.070235939591, 13.98362922668457]"
F272013,50,20,1.0,"[7931.00805430055, 15.517388582229614]"
F272013,50,21,0.01,"[17064.150231038493, 0.1625995635986328]"
F272013,50,21,0.1,"[11842.560990271673, 1.6127309799194336]"
F272013,50,21,0.2,"[11786.141912677263, 3.144191265106201]"
F272013,50,21,0.3,"[11784.647415224761, 4.676655054092407]"
F272013,50,21,0.4,"[11784.647415224761, 6.21152400970459]"
F272013,50,21,0.5,"[11672.381858398812, 7.823953628540039]"
F272013,50,21,0.6,"[11582.517716593236, 9.356996059417725]"
F272013,50,21,0.7,"[10838.965215738606, 10.888799667358398]"
F272013,50,21,0.8,"[10807.445757337384, 12.418691158294678]"
F272013,50,21,0.9,"[10335.631634100437, 14.027512788772583]"
F272013,50,21,1.0,"[8671.588204676194, 15.5564444065094]"
F272013,50,22,0.01,"[18704.37969390099, 0.16185569763183594]"
F272013,50,22,0.1,"[16856.248488184992, 1.6038143634796143]"
F272013,50,22,0.2,"[16769.143518457116, 3.127352714538574]"
F272013,50,22,0.3,"[14212.617929906286, 4.650898694992065]"
F272013,50,22,0.4,"[14212.613377373365, 6.174290895462036]"
F272013,50,22,0.5,"[14212.428937553144, 7.780759572982788]"
F272013,50,22,0.6,"[14211.842737864365, 9.30825138092041]"
F272013,50,22,0.7,"[14211.842737864365, 10.83453106880188]"
F272013,50,22,0.8,"[13494.330582798455, 12.361517906188965]"
F272013,50,22,0.9,"[13493.682484726474, 13.971690654754639]"
F272013,50,22,1.0,"[13493.6769616677, 15.503918886184692]"
F272013,50,23,0.01,"[17546.282226790874, 0.1624917984008789]"
F272013,50,23,0.1,"[14973.787849891944, 1.6160223484039307]"
F272013,50,23,0.2,"[14812.406416323985, 3.150379180908203]"
F272013,50,23,0.3,"[14797.229803834789, 4.683519601821899]"
F272013,50,23,0.4,"[14797.229803834789, 6.2212677001953125]"
F272013,50,23,0.5,"[12362.721557605491, 7.832040309906006]"
F272013,50,23,0.6,"[12362.680617820957, 9.367995500564575]"
F272013,50,23,0.7,"[10904.537869145544, 10.903408527374268]"
F272013,50,23,0.8,"[10904.50542519847, 12.439966917037964]"
F272013,50,23,0.9,"[10790.250788311565, 14.053838729858398]"
F272013,50,23,1.0,"[10544.478065977411, 15.587907314300537]"
F272013,50,24,0.01,"[12971.042544541471, 0.16266560554504395]"
F272013,50,24,0.1,"[10261.354953507582, 1.6109402179718018]"
F272013,50,24,0.2,"[10252.68188084303, 3.137734889984131]"
F272013,50,24,0.3,"[10252.331299318586, 4.664196252822876]"
F272013,50,24,0.4,"[10252.331287607882, 6.191603183746338]"
F272013,50,24,0.5,"[7277.022582111727, 7.803128242492676]"
F272013,50,24,0.6,"[7276.720929955587, 9.336109638214111]"
F272013,50,24,0.7,"[7275.545573755533, 10.869665622711182]"
F272013,50,24,0.8,"[7273.906590862211, 12.398507833480835]"
F272013,50,24,0.9,"[7273.356274331511, 14.013890743255615]"
F272013,50,24,1.0,"[7273.356274331511, 15.550978899002075]"
F272013,50,25,0.01,"[12568.623211696133, 0.16277241706848145]"
F272013,50,25,0.1,"[8572.253508021135, 1.6224582195281982]"
F272013,50,25,0.2,"[8572.209428310965, 3.161310911178589]"
F272013,50,25,0.3,"[8518.692728179589, 4.69842004776001]"
F272013,50,25,0.4,"[8457.668543340049, 6.2350897789001465]"
F272013,50,25,0.5,"[8427.267279391868, 7.852382183074951]"
F272013,50,25,0.6,"[8426.986834339457, 9.385788440704346]"
F272013,50,25,0.7,"[8056.3331096009315, 10.9200758934021]"
F272013,50,25,0.8,"[8055.6974171810525, 12.451927423477173]"
F272013,50,25,0.9,"[8054.253367437152, 14.062787294387817]"
F272013,50,25,1.0,"[7481.160186638866, 15.59432601928711]"
F272013,50,26,0.01,"[12989.872540688577, 0.16346335411071777]"
F272013,50,26,0.1,"[9684.866615550633, 1.6289207935333252]"
F272013,50,26,0.2,"[9655.942433637045, 3.178171396255493]"
F272013,50,26,0.3,"[9648.106241648951, 4.72115421295166]"
F272013,50,26,0.4,"[8956.133048240843, 6.261062860488892]"
F272013,50,26,0.5,"[6714.06158546363, 7.880470275878906]"
F272013,50,26,0.6,"[6714.06158546363, 9.415379762649536]"
F272013,50,26,0.7,"[6714.06158546363, 10.952879905700684]"
F272013,50,26,0.8,"[6594.702176458737, 12.4904465675354]"
F272013,50,26,0.9,"[6351.810970529963, 14.110536575317383]"
F272013,50,26,1.0,"[6312.369263980892, 15.648791551589966]"
F272013,50,27,0.01,"[6719.101708480807, 0.16301989555358887]"
F272013,50,27,0.1,"[6711.701712761653, 1.6406519412994385]"
F272013,50,27,0.2,"[6711.690499490777, 3.1996686458587646]"
F272013,50,27,0.3,"[6711.668710926279, 4.740187168121338]"
F272013,50,27,0.4,"[6711.665374877579, 6.276247978210449]"
F272013,50,27,0.5,"[6711.660394828033, 7.8937318325042725]"
F272013,50,27,0.6,"[6641.921865187241, 9.428518295288086]"
F272013,50,27,0.7,"[6625.944867043022, 10.961535215377808]"
F272013,50,27,0.8,"[6625.9447062222525, 12.495636463165283]"
F272013,50,27,0.9,"[6625.942669705761, 14.110241889953613]"
F272013,50,27,1.0,"[5862.761001580445, 15.648751735687256]"
F272013,50,28,0.01,"[23913.919841404866, 0.16237759590148926]"
F272013,50,28,0.1,"[19548.600651724228, 1.6126677989959717]"
F272013,50,28,0.2,"[19364.255101326802, 3.1431407928466797]"
F272013,50,28,0.3,"[5229.26899401452, 4.675697088241577]"
F272013,50,28,0.4,"[5229.192767105164, 6.213209867477417]"
F272013,50,28,0.5,"[5205.013637669237, 7.828359365463257]"
F272013,50,28,0.6,"[4518.860024497017, 9.361763715744019]"
F272013,50,28,0.7,"[4511.85019378597, 10.893720149993896]"
F272013,50,28,0.8,"[4511.822415393259, 12.42793607711792]"
F272013,50,28,0.9,"[4511.813196732763, 14.044081211090088]"
F272013,50,28,1.0,"[4511.632393815233, 15.580389261245728]"
F272013,50,29,0.01,"[3120.7646290327757, 0.1633298397064209]"
F272013,50,29,0.1,"[3120.4101965363698, 1.6217148303985596]"
F272013,50,29,0.2,"[3120.410194623635, 3.1569008827209473]"
F272013,50,29,0.3,"[3120.400307428785, 4.693472385406494]"
F272013,50,29,0.4,"[3071.2874525028938, 6.228177785873413]"
F272013,50,29,0.5,"[3012.953582546882, 7.844506025314331]"
F272013,50,29,0.6,"[3011.2492022835177, 9.384863376617432]"
F272013,50,29,0.7,"[3010.7735290286064, 10.923362016677856]"
F272013,50,29,0.8,"[3009.7448342626612, 12.461284637451172]"
F272013,50,29,0.9,"[3009.6066936738625, 14.082239866256714]"
F272013,50,29,1.0,"[3009.0695119379116, 15.618818998336792]"
F272013,50,30,0.01,"[23209.13758595012, 0.16331911087036133]"
F272013,50,30,0.1,"[17162.033526603038, 1.6292977333068848]"
F272013,50,30,0.2,"[8519.652938953952, 3.1755921840667725]"
F272013,50,30,0.3,"[8519.231769461923, 4.718743085861206]"
F272013,50,30,0.4,"[4126.082920867615, 6.2599265575408936]"
F272013,50,30,0.5,"[3964.4917137880275, 7.883391857147217]"
F272013,50,30,0.6,"[3941.4739175664618, 9.428992509841919]"
F272013,50,30,0.7,"[3941.4739175664618, 10.97519063949585]"
F272013,50,30,0.8,"[3941.4739175664618, 12.52147126197815]"
F272013,50,30,0.9,"[3941.4739175664618, 14.147555351257324]"
F272013,50,30,1.0,"[3941.4739175664618, 15.691513538360596]"
F272013,50,31,0.01,"[5017.016953469878, 0.16322994232177734]"
F272013,50,31,0.1,"[5015.648576326418, 1.6244316101074219]"
F272013,50,31,0.2,"[5015.632822513864, 3.1654090881347656]"
F272013,50,31,0.3,"[5015.632822513864, 4.701963424682617]"
F272013,50,31,0.4,"[5015.491005048303, 6.239791393280029]"
F272013,50,31,0.5,"[5015.489976698243, 7.85713267326355]"
F272013,50,31,0.6,"[5015.489956329831, 9.394323825836182]"
F272013,50,31,0.7,"[5015.485963728242, 10.9311203956604]"
F272013,50,31,0.8,"[5015.484437845269, 12.466788530349731]"
F272013,50,31,0.9,"[5015.484355092286, 14.085360765457153]"
F272013,50,31,1.0,"[5013.390663493831, 15.624868392944336]"
F272013,50,32,0.01,"[14333.520475303749, 0.16328978538513184]"
F272013,50,32,0.1,"[13591.503039434283, 1.622771978378296]"
F272013,50,32,0.2,"[13591.502579088736, 3.1624040603637695]"
F272013,50,32,0.3,"[13591.50253740907, 4.699614763259888]"
F272013,50,32,0.4,"[13591.096148106797, 6.239378452301025]"
F272013,50,32,0.5,"[12911.694922727476, 7.858784437179565]"
F272013,50,32,0.6,"[12905.660515423473, 9.391018152236938]"
F272013,50,32,0.7,"[12889.526403581702, 10.923590898513794]"
F272013,50,32,0.8,"[12719.191047723536, 12.458069324493408]"
F272013,50,32,0.9,"[12719.191047723536, 14.073312282562256]"
F272013,50,32,1.0,"[12719.191047723536, 15.609572649002075]"
F272013,50,33,0.01,"[11367.820539840164, 0.1634681224822998]"
F272013,50,33,0.1,"[11270.57050904689, 1.6278767585754395]"
F272013,50,33,0.2,"[11270.57050904689, 3.1727702617645264]"
F272013,50,33,0.3,"[11262.299740217326, 4.71088719367981]"
F272013,50,33,0.4,"[11094.244569556004, 6.247194766998291]"
F272013,50,33,0.5,"[11094.22185258017, 7.861780405044556]"
F272013,50,33,0.6,"[11076.760985888806, 9.393589973449707]"
F272013,50,33,0.7,"[11076.74014562838, 10.923812627792358]"
F272013,50,33,0.8,"[11076.739290457217, 12.4570152759552]"
F272013,50,33,0.9,"[9236.848072291541, 14.06936526298523]"
F272013,50,33,1.0,"[9236.848072291541, 15.601989507675171]"
F272013,50,34,0.01,"[8894.550499696572, 0.16338419914245605]"
F272013,50,34,0.1,"[8893.767239894534, 1.626466989517212]"
F272013,50,34,0.2,"[8893.623740769717, 3.184001922607422]"
F272013,50,34,0.3,"[8893.620167116862, 4.71998143196106]"
F272013,50,34,0.4,"[8893.618676625389, 6.257650136947632]"
F272013,50,34,0.5,"[7990.620825684964, 7.876547813415527]"
F272013,50,34,0.6,"[7990.497395904917, 9.414165735244751]"
F272013,50,34,0.7,"[7990.497395904917, 10.948453903198242]"
F272013,50,34,0.8,"[7988.994281197611, 12.480865001678467]"
F272013,50,34,0.9,"[7988.7790742635625, 14.09543752670288]"
F272013,50,34,1.0,"[7988.733066665798, 15.630604982376099]"
F272013,50,35,0.01,"[4456.480050448923, 0.16317033767700195]"
F272013,50,35,0.1,"[4301.467995690138, 1.6290411949157715]"
F272013,50,35,0.2,"[4301.466310868545, 3.1879210472106934]"
F272013,50,35,0.3,"[4301.463903170489, 4.774804592132568]"
F272013,50,35,0.4,"[4301.463620814372, 6.322618246078491]"
F272013,50,35,0.5,"[4301.463334160164, 7.944744348526001]"
F272013,50,35,0.6,"[4301.40582748882, 9.486807823181152]"
F272013,50,35,0.7,"[4301.400423482963, 11.025331497192383]"
F272013,50,35,0.8,"[4301.398409337015, 12.562807321548462]"
F272013,50,35,0.9,"[4301.39789426652, 14.18117618560791]"
F272013,50,35,1.0,"[4301.397825529119, 15.71701717376709]"
F272013,50,36,0.01,"[21738.40683118132, 0.16267728805541992]"
F272013,50,36,0.1,"[18199.454293680967, 1.6153035163879395]"
F272013,50,36,0.2,"[18199.451478723033, 3.1506032943725586]"
F272013,50,36,0.3,"[13379.937689375884, 4.686048269271851]"
F272013,50,36,0.4,"[13379.937689375884, 6.219590425491333]"
F272013,50,36,0.5,"[11052.65316973175, 7.833747386932373]"
F272013,50,36,0.6,"[11048.24176865759, 9.364850759506226]"
F272013,50,36,0.7,"[11047.846265729167, 10.89557933807373]"
F272013,50,36,0.8,"[11046.903329869594, 12.426470756530762]"
F272013,50,36,0.9,"[11046.890542295783, 14.037734508514404]"
F272013,50,36,1.0,"[9895.35834246917, 15.570062398910522]"
F272013,50,37,0.01,"[12262.204702627792, 0.16301584243774414]"
F272013,50,37,0.1,"[12077.750138447464, 1.6162610054016113]"
F272013,50,37,0.2,"[11274.62028612923, 3.1635146141052246]"
F272013,50,37,0.3,"[11274.147919608165, 4.69800329208374]"
F272013,50,37,0.4,"[11274.142255321412, 6.2304394245147705]"
F272013,50,37,0.5,"[9936.32099537802, 7.84333348274231]"
F272013,50,37,0.6,"[9936.32099537802, 9.37536883354187]"
F272013,50,37,0.7,"[9936.32099537802, 10.907976388931274]"
F272013,50,37,0.8,"[9936.32099537802, 12.440994262695312]"
F272013,50,37,0.9,"[9936.32099537802, 14.053298711776733]"
F272013,50,37,1.0,"[7368.79324832046, 15.59630799293518]"
F272013,50,38,0.01,"[19385.91921120362, 0.16337919235229492]"
F272013,50,38,0.1,"[15929.10716300624, 1.6263258457183838]"
F272013,50,38,0.2,"[15929.007003102015, 3.1749062538146973]"
F272013,50,38,0.3,"[12064.539157737532, 4.713670492172241]"
F272013,50,38,0.4,"[11740.875659499927, 6.252999544143677]"
F272013,50,38,0.5,"[11633.377491954376, 7.872058629989624]"
F272013,50,38,0.6,"[11633.377491954376, 9.410060167312622]"
F272013,50,38,0.7,"[10962.826508809298, 10.94605016708374]"
F272013,50,38,0.8,"[10935.685030358094, 12.488953351974487]"
F272013,50,38,0.9,"[10935.684655284582, 14.110238552093506]"
F272013,50,38,1.0,"[9687.22016133519, 15.648659944534302]"
F272013,50,39,0.01,"[17795.507246601162, 0.16290593147277832]"
F272013,50,39,0.1,"[14435.351570765943, 1.6242880821228027]"
F272013,50,39,0.2,"[3221.211971286006, 3.163620948791504]"
F272013,50,39,0.3,"[3216.5470475659804, 4.6979899406433105]"
F272013,50,39,0.4,"[3216.077927404054, 6.233858346939087]"
F272013,50,39,0.5,"[3216.0778692797494, 7.851666688919067]"
F272013,50,39,0.6,"[3216.0777710973307, 9.389642238616943]"
F272013,50,39,0.7,"[3206.533325691118, 10.92655348777771]"
F272013,50,39,0.8,"[3206.532326116674, 12.461644411087036]"
F272013,50,39,0.9,"[3204.245686555738, 14.079784631729126]"
F272013,50,39,1.0,"[3204.245686555738, 15.617441177368164]"
F272013,50,40,0.01,"[13390.82231604365, 0.2027571201324463]"
F272013,50,40,0.1,"[12219.86056290708, 1.868234634399414]"
F272013,50,40,0.2,"[12089.480560612608, 3.6183807849884033]"
F272013,50,40,0.3,"[12089.416232628557, 5.3654186725616455]"
F272013,50,40,0.4,"[12089.380378186273, 7.110662460327148]"
F272013,50,40,0.5,"[12089.38032077244, 8.948551654815674]"
F272013,50,40,0.6,"[9656.343467031504, 10.692729234695435]"
F272013,50,40,0.7,"[8894.680237976865, 12.437618970870972]"
F272013,50,40,0.8,"[8886.78992248564, 14.185163259506226]"
F272013,50,40,0.9,"[8884.434332705661, 16.022685050964355]"
F272013,50,40,1.0,"[8883.523265565404, 17.770501375198364]"
F272013,50,41,0.01,"[10584.812177556456, 0.16829895973205566]"
F272013,50,41,0.1,"[10584.765809715422, 1.6295058727264404]"
F272013,50,41,0.2,"[10330.30312545921, 3.1722309589385986]"
F272013,50,41,0.3,"[10326.219503228456, 4.707714796066284]"
F272013,50,41,0.4,"[10325.740162046779, 6.243624925613403]"
F272013,50,41,0.5,"[10325.575717763413, 7.861039400100708]"
F272013,50,41,0.6,"[6495.835367903166, 9.396594524383545]"
F272013,50,41,0.7,"[6494.443528530207, 10.9298255443573]"
F272013,50,41,0.8,"[6494.3979581000185, 12.464093923568726]"
F272013,50,41,0.9,"[6491.76616258669, 14.080576181411743]"
F272013,50,41,1.0,"[6491.748145482979, 15.616368532180786]"
F272013,50,42,0.01,"[10992.153750302281, 0.16286969184875488]"
F272013,50,42,0.1,"[7385.484030923395, 1.6227564811706543]"
F272013,50,42,0.2,"[7074.59818114098, 3.1635942459106445]"
F272013,50,42,0.3,"[6985.42173185986, 4.698958396911621]"
F272013,50,42,0.4,"[6985.417912818535, 6.235279560089111]"
F272013,50,42,0.5,"[6981.719352597558, 7.851321458816528]"
F272013,50,42,0.6,"[6981.714945863783, 9.382234334945679]"
F272013,50,42,0.7,"[6981.714945863783, 10.913748025894165]"
F272013,50,42,0.8,"[6971.784427474075, 12.447199583053589]"
F272013,50,42,0.9,"[6971.7840403947885, 14.059666872024536]"
F272013,50,42,1.0,"[6971.774575055693, 15.591769218444824]"
F272013,50,43,0.01,"[17151.40197696068, 0.16341042518615723]"
F272013,50,43,0.1,"[12151.787039220411, 1.6248023509979248]"
F272013,50,43,0.2,"[10827.9961868718, 3.1666102409362793]"
F272013,50,43,0.3,"[9472.68088657022, 4.701478958129883]"
F272013,50,43,0.4,"[6690.722119092734, 6.239350318908691]"
F272013,50,43,0.5,"[6690.722119092734, 7.858882904052734]"
F272013,50,43,0.6,"[6690.722119092734, 9.391934633255005]"
F272013,50,43,0.7,"[6690.722119092734, 10.925218105316162]"
F272013,50,43,0.8,"[6149.109602247667, 12.459218740463257]"
F272013,50,43,0.9,"[5504.142406897382, 14.074279308319092]"
F272013,50,43,1.0,"[5503.987268894755, 15.608191967010498]"
F272013,50,44,0.01,"[11859.838438780886, 0.16347813606262207]"
F272013,50,44,0.1,"[9632.556641486175, 1.6207728385925293]"
F272013,50,44,0.2,"[9632.490845452103, 3.1603164672851562]"
F272013,50,44,0.3,"[9308.12556592121, 4.6948020458221436]"
F272013,50,44,0.4,"[9307.874674952873, 6.229060173034668]"
F272013,50,44,0.5,"[9307.22523584869, 7.842744827270508]"
F272013,50,44,0.6,"[9307.19685810303, 9.377232313156128]"
F272013,50,44,0.7,"[8922.589295855623, 10.911837577819824]"
F272013,50,44,0.8,"[8921.56445259309, 12.441943645477295]"
F272013,50,44,0.9,"[8921.282528763735, 14.054100275039673]"
F272013,50,44,1.0,"[8921.276167956836, 15.5884530544281]"
F272013,50,45,0.01,"[18669.846635765953, 0.16229581832885742]"
F272013,50,45,0.1,"[14930.089568578736, 1.6144309043884277]"
F272013,50,45,0.2,"[14930.085863222983, 3.1471242904663086]"
F272013,50,45,0.3,"[4671.860698746282, 4.685840368270874]"
F272013,50,45,0.4,"[4671.860698746282, 6.221388578414917]"
F272013,50,45,0.5,"[4671.860698746282, 7.840556859970093]"
F272013,50,45,0.6,"[4671.860698746282, 9.374056577682495]"
F272013,50,45,0.7,"[4671.860698746282, 10.902765989303589]"
F272013,50,45,0.8,"[4671.860698746282, 12.435053825378418]"
F272013,50,45,0.9,"[4671.860698746282, 14.042379140853882]"
F272013,50,45,1.0,"[4671.860698746282, 15.570298671722412]"
F272013,50,46,0.01,"[26207.463083646162, 0.16253209114074707]"
F272013,50,46,0.1,"[18363.007175830488, 1.6166021823883057]"
F272013,50,46,0.2,"[18362.98683493484, 3.150791645050049]"
F272013,50,46,0.3,"[14282.509496610981, 4.685358047485352]"
F272013,50,46,0.4,"[13848.415796579417, 6.2176830768585205]"
F272013,50,46,0.5,"[11071.845522016882, 7.8316755294799805]"
F272013,50,46,0.6,"[11064.777777230745, 9.365899324417114]"
F272013,50,46,0.7,"[9533.252378614825, 10.898590326309204]"
F272013,50,46,0.8,"[9192.67515339778, 12.431555271148682]"
F272013,50,46,0.9,"[9156.260665301554, 14.042757987976074]"
F272013,50,46,1.0,"[9150.429462969234, 15.572844743728638]"
F272013,50,47,0.01,"[3744.2656449493297, 0.16329360008239746]"
F272013,50,47,0.1,"[3728.337765070799, 1.6290149688720703]"
F272013,50,47,0.2,"[3728.312770963461, 3.176602363586426]"
F272013,50,47,0.3,"[3597.885397302067, 4.713450908660889]"
F272013,50,47,0.4,"[3597.885392117092, 6.2499098777771]"
F272013,50,47,0.5,"[3597.4630749208427, 7.865355491638184]"
F272013,50,47,0.6,"[3597.4630749208427, 9.402445793151855]"
F272013,50,47,0.7,"[3597.4630749208427, 10.934696435928345]"
F272013,50,47,0.8,"[3597.337027339595, 12.47138524055481]"
F272013,50,47,0.9,"[3597.320755795172, 14.087156295776367]"
F272013,50,47,1.0,"[3597.320325990906, 15.624291896820068]"
F272013,50,48,0.01,"[19933.819819933742, 0.1622457504272461]"
F272013,50,48,0.1,"[19140.99283093632, 1.6205129623413086]"
F272013,50,48,0.2,"[16422.257972127292, 3.154883861541748]"
F272013,50,48,0.3,"[16193.072659298574, 4.692330598831177]"
F272013,50,48,0.4,"[15977.37948516581, 6.227255344390869]"
F272013,50,48,0.5,"[15099.441901120634, 7.837390422821045]"
F272013,50,48,0.6,"[13954.9913837501, 9.366106271743774]"
F272013,50,48,0.7,"[13954.967139645816, 10.895887613296509]"
F272013,50,48,0.8,"[13954.95900395527, 12.426610469818115]"
F272013,50,48,0.9,"[12144.090093246225, 14.0368173122406]"
F272013,50,48,1.0,"[12144.089952231581, 15.566158056259155]"
F272013,50,49,0.01,"[19082.527072017067, 0.16101837158203125]"
F272013,50,49,0.1,"[13401.180319656794, 1.6112890243530273]"
F272013,50,49,0.2,"[13018.029771191175, 3.1383755207061768]"
F272013,50,49,0.3,"[13018.029771191175, 4.663316249847412]"
F272013,50,49,0.4,"[13018.029771191175, 6.189473628997803]"
F272013,50,49,0.5,"[11215.958530225204, 7.80448317527771]"
F272013,50,49,0.6,"[7807.651536434565, 9.336633443832397]"
F272013,50,49,0.7,"[7807.267643994413, 10.871995687484741]"
F272013,50,49,0.8,"[7802.264239068456, 12.409568071365356]"
F272013,50,49,0.9,"[7496.846556224487, 14.026855707168579]"
F272013,50,49,1.0,"[7475.346272272138, 15.561543703079224]"
F272013,50,50,0.01,"[17905.013996203874, 0.16194486618041992]"
F272013,50,50,0.1,"[13363.61068818474, 1.6117985248565674]"
F272013,50,50,0.2,"[13363.608812412247, 3.144848346710205]"
F272013,50,50,0.3,"[6408.8022138002925, 4.675605297088623]"
F272013,50,50,0.4,"[6408.799602101299, 6.209715843200684]"
F272013,50,50,0.5,"[6408.798512068368, 7.822160959243774]"
F272013,50,50,0.6,"[6408.796453680585, 9.388730764389038]"
F272013,50,50,0.7,"[6408.796410478155, 10.979446172714233]"
F272013,50,50,0.8,"[6408.796401302916, 12.550256252288818]"
F272013,50,50,0.9,"[6408.796401302728, 14.316389083862305]"
F272013,50,50,1.0,"[6408.796401302728, 16.018056392669678]"
