function,dimension,run,checkpoint,error
F212013,10,0,0.01,"[920.5134371620061, 0.02513408660888672]"
F212013,10,0,0.1,"[301.50106819784014, 0.22651243209838867]"
F212013,10,0,0.2,"[300.00528297305596, 0.44937777519226074]"
F212013,10,0,0.3,"[300.0000314454762, 0.6732404232025146]"
F212013,10,0,0.4,"[300.00000014484385, 0.9008290767669678]"
F212013,10,0,0.5,"[300.000000119683, 1.1296799182891846]"
F212013,10,0,0.6,"[300.000000119683, 1.3562102317810059]"
F212013,10,0,0.7,"[300.000000119683, 1.5851829051971436]"
F212013,10,0,0.8,"[300.000000119683, 1.8127589225769043]"
F212013,10,0,0.9,"[300.000000119683, 2.0384881496429443]"
F212013,10,0,1.0,"[300.000000119683, 2.2663512229919434]"
F212013,10,1,0.01,"[771.980399936557, 0.025337696075439453]"
F212013,10,1,0.1,"[400.2073532074778, 0.22750043869018555]"
F212013,10,1,0.2,"[400.00177927724553, 0.44917941093444824]"
F212013,10,1,0.3,"[400.000030178609, 0.673123836517334]"
F212013,10,1,0.4,"[400.0000000539553, 0.9022276401519775]"
F212013,10,1,0.5,"[400.0000000539553, 1.1312458515167236]"
F212013,10,1,0.6,"[400.0000000539553, 1.3589622974395752]"
F212013,10,1,0.7,"[400.0000000539553, 1.5872089862823486]"
F212013,10,1,0.8,"[400.0000000539553, 1.8148767948150635]"
F212013,10,1,0.9,"[400.0000000539553, 2.0413339138031006]"
F212013,10,1,1.0,"[400.0000000539553, 2.2704238891601562]"
F212013,10,2,0.01,"[823.8640520307426, 0.025144338607788086]"
F212013,10,2,0.1,"[400.0479898177564, 0.22696447372436523]"
F212013,10,2,0.2,"[400.00013237104736, 0.4485468864440918]"
F212013,10,2,0.3,"[400.0000017272346, 0.6720373630523682]"
F212013,10,2,0.4,"[400.0000001452943, 0.9012136459350586]"
F212013,10,2,0.5,"[400.0000001452943, 1.128507375717163]"
F212013,10,2,0.6,"[400.0000001452943, 1.3540475368499756]"
F212013,10,2,0.7,"[400.0000001452943, 1.583578109741211]"
F212013,10,2,0.8,"[400.0000001452943, 1.8093039989471436]"
F212013,10,2,0.9,"[400.0000001452943, 2.0338268280029297]"
F212013,10,2,1.0,"[400.0000001452943, 2.2628490924835205]"
F212013,10,3,0.01,"[706.0909187481348, 0.024854183197021484]"
F212013,10,3,0.1,"[300.8039984799086, 0.2248377799987793]"
F212013,10,3,0.2,"[300.0056718909218, 0.44535231590270996]"
F212013,10,3,0.3,"[300.00002775772873, 0.6671197414398193]"
F212013,10,3,0.4,"[300.00000026887415, 0.8937118053436279]"
F212013,10,3,0.5,"[300.00000014001944, 1.1230392456054688]"
F212013,10,3,0.6,"[300.00000014001944, 1.347710371017456]"
F212013,10,3,0.7,"[300.00000014001944, 1.5748636722564697]"
F212013,10,3,0.8,"[300.00000014001944, 1.7981681823730469]"
F212013,10,3,0.9,"[300.00000014001944, 2.0213775634765625]"
F212013,10,3,1.0,"[300.00000014001944, 2.248326301574707]"
F212013,10,4,0.01,"[845.2483767156436, 0.024832725524902344]"
F212013,10,4,0.1,"[400.1168425732758, 0.22574377059936523]"
F212013,10,4,0.2,"[400.00057438687395, 0.4458444118499756]"
F212013,10,4,0.3,"[400.000002732339, 0.6673157215118408]"
F212013,10,4,0.4,"[400.00000006307346, 0.8947417736053467]"
F212013,10,4,0.5,"[400.00000006307346, 1.1230506896972656]"
F212013,10,4,0.6,"[400.00000006307346, 1.3473262786865234]"
F212013,10,4,0.7,"[400.00000006307346, 1.573786973953247]"
F212013,10,4,0.8,"[400.00000006307346, 1.7986235618591309]"
F212013,10,4,0.9,"[400.00000006307346, 2.0235016345977783]"
F212013,10,4,1.0,"[400.00000006307346, 2.250533103942871]"
F212013,10,5,0.01,"[626.5906223170473, 0.025165796279907227]"
F212013,10,5,0.1,"[400.2117106084388, 0.22863054275512695]"
F212013,10,5,0.2,"[400.0027321839875, 0.45342493057250977]"
F212013,10,5,0.3,"[400.0000676545294, 0.6776878833770752]"
F212013,10,5,0.4,"[400.00000281965185, 0.9079515933990479]"
F212013,10,5,0.5,"[400.00000011405996, 1.1376705169677734]"
F212013,10,5,0.6,"[400.00000011405996, 1.3642926216125488]"
F212013,10,5,0.7,"[400.00000011405996, 1.5938334465026855]"
F212013,10,5,0.8,"[400.00000011405996, 1.8201336860656738]"
F212013,10,5,0.9,"[400.00000011405996, 2.0463051795959473]"
F212013,10,5,1.0,"[400.00000011405996, 2.2768266201019287]"
F212013,10,6,0.01,"[416.27027763121646, 0.025188684463500977]"
F212013,10,6,0.1,"[400.0226788779621, 0.22840642929077148]"
F212013,10,6,0.2,"[400.00001578514366, 0.4528050422668457]"
F212013,10,6,0.3,"[400.000000018465, 0.6802816390991211]"
F212013,10,6,0.4,"[400.000000018465, 0.909315824508667]"
F212013,10,6,0.5,"[400.000000018465, 1.1368370056152344]"
F212013,10,6,0.6,"[400.000000018465, 1.361753225326538]"
F212013,10,6,0.7,"[400.000000018465, 1.5901048183441162]"
F212013,10,6,0.8,"[400.000000018465, 1.8168768882751465]"
F212013,10,6,0.9,"[400.000000018465, 2.0425221920013428]"
F212013,10,6,1.0,"[400.000000018465, 2.271684408187866]"
F212013,10,7,0.01,"[560.0685095474053, 0.025170326232910156]"
F212013,10,7,0.1,"[400.0859923259054, 0.228302001953125]"
F212013,10,7,0.2,"[400.0015088111784, 0.45214247703552246]"
F212013,10,7,0.3,"[400.0000033403171, 0.676459550857544]"
F212013,10,7,0.4,"[400.00000060775324, 0.9045825004577637]"
F212013,10,7,0.5,"[400.00000060775324, 1.133863925933838]"
F212013,10,7,0.6,"[400.00000060775324, 1.360161542892456]"
F212013,10,7,0.7,"[400.00000060775324, 1.5885190963745117]"
F212013,10,7,0.8,"[400.00000060775324, 1.814082145690918]"
F212013,10,7,0.9,"[400.00000060775324, 2.0398881435394287]"
F212013,10,7,1.0,"[400.00000060775324, 2.2686870098114014]"
F212013,10,8,0.01,"[824.3802499444623, 0.02521228790283203]"
F212013,10,8,0.1,"[102.38691653964895, 0.22693419456481934]"
F212013,10,8,0.2,"[100.00958862325865, 0.44960498809814453]"
F212013,10,8,0.3,"[100.0000589317549, 0.6731135845184326]"
F212013,10,8,0.4,"[100.00000023433506, 0.9003236293792725]"
F212013,10,8,0.5,"[100.00000017668185, 1.126932144165039]"
F212013,10,8,0.6,"[100.00000017668185, 1.35435152053833]"
F212013,10,8,0.7,"[100.00000017668185, 1.5828213691711426]"
F212013,10,8,0.8,"[100.00000017668185, 1.8082120418548584]"
F212013,10,8,0.9,"[100.00000017668185, 2.03413987159729]"
F212013,10,8,1.0,"[100.00000017668185, 2.2621824741363525]"
F212013,10,9,0.01,"[429.61978413959923, 0.02530694007873535]"
F212013,10,9,0.1,"[400.03935226134126, 0.22721552848815918]"
F212013,10,9,0.2,"[400.00058442193017, 0.45017147064208984]"
F212013,10,9,0.3,"[400.0000054031307, 0.6745941638946533]"
F212013,10,9,0.4,"[400.0000000225307, 0.903834342956543]"
F212013,10,9,0.5,"[400.0000000225307, 1.133697271347046]"
F212013,10,9,0.6,"[400.0000000225307, 1.3608379364013672]"
F212013,10,9,0.7,"[400.0000000225307, 1.5903029441833496]"
F212013,10,9,0.8,"[400.0000000225307, 1.8170795440673828]"
F212013,10,9,0.9,"[400.0000000225307, 2.043551206588745]"
F212013,10,9,1.0,"[400.0000000225307, 2.273402452468872]"
F212013,10,10,0.01,"[2207.5373517732323, 0.025007009506225586]"
F212013,10,10,0.1,"[301.8274015602535, 0.22601747512817383]"
F212013,10,10,0.2,"[300.0302740771822, 0.4470360279083252]"
F212013,10,10,0.3,"[300.0001742895606, 0.6703493595123291]"
F212013,10,10,0.4,"[300.0000012198242, 0.8984272480010986]"
F212013,10,10,0.5,"[300.00000014044485, 1.1261005401611328]"
F212013,10,10,0.6,"[300.00000014044485, 1.3504738807678223]"
F212013,10,10,0.7,"[300.00000014044485, 1.5782110691070557]"
F212013,10,10,0.8,"[300.00000014044485, 1.8025572299957275]"
F212013,10,10,0.9,"[300.00000014044485, 2.0276641845703125]"
F212013,10,10,1.0,"[300.00000014044485, 2.254398822784424]"
F212013,10,11,0.01,"[571.5235508729711, 0.02531886100769043]"
F212013,10,11,0.1,"[400.0798337939541, 0.22765779495239258]"
F212013,10,11,0.2,"[400.0003715927073, 0.4517664909362793]"
F212013,10,11,0.3,"[400.0000026146836, 0.6755783557891846]"
F212013,10,11,0.4,"[400.000000021148, 0.9057102203369141]"
F212013,10,11,0.5,"[400.000000021148, 1.1320428848266602]"
F212013,10,11,0.6,"[400.000000021148, 1.3580296039581299]"
F212013,10,11,0.7,"[400.000000021148, 1.5873873233795166]"
F212013,10,11,0.8,"[400.000000021148, 1.8135433197021484]"
F212013,10,11,0.9,"[400.000000021148, 2.0391483306884766]"
F212013,10,11,1.0,"[400.000000021148, 2.2682838439941406]"
F212013,10,12,0.01,"[476.0893492971618, 0.025373220443725586]"
F212013,10,12,0.1,"[201.22154345838226, 0.22695446014404297]"
F212013,10,12,0.2,"[200.0061390985196, 0.4497873783111572]"
F212013,10,12,0.3,"[200.00004006657684, 0.6722934246063232]"
F212013,10,12,0.4,"[200.00000053585586, 0.9003317356109619]"
F212013,10,12,0.5,"[200.00000016785498, 1.1269121170043945]"
F212013,10,12,0.6,"[200.00000016785498, 1.3502724170684814]"
F212013,10,12,0.7,"[200.00000016785498, 1.5752630233764648]"
F212013,10,12,0.8,"[200.00000016785498, 1.7974178791046143]"
F212013,10,12,0.9,"[200.00000016785498, 2.020601987838745]"
F212013,10,12,1.0,"[200.00000016785498, 2.2471868991851807]"
F212013,10,13,0.01,"[603.155902085206, 0.0248568058013916]"
F212013,10,13,0.1,"[400.03696914065335, 0.22538423538208008]"
F212013,10,13,0.2,"[400.0001461166014, 0.4454195499420166]"
F212013,10,13,0.3,"[400.00000099989074, 0.6669294834136963]"
F212013,10,13,0.4,"[400.00000092652544, 0.8917293548583984]"
F212013,10,13,0.5,"[400.00000092652544, 1.1154043674468994]"
F212013,10,13,0.6,"[400.00000092652544, 1.3373968601226807]"
F212013,10,13,0.7,"[400.00000092652544, 1.5617091655731201]"
F212013,10,13,0.8,"[400.00000092652544, 1.7835054397583008]"
F212013,10,13,0.9,"[400.00000092652544, 2.0041756629943848]"
F212013,10,13,1.0,"[400.00000092652544, 2.2283778190612793]"
F212013,10,14,0.01,"[782.7026867740096, 0.02526378631591797]"
F212013,10,14,0.1,"[400.1942976183336, 0.2256331443786621]"
F212013,10,14,0.2,"[400.0009243524444, 0.44711804389953613]"
F212013,10,14,0.3,"[400.00001011067116, 0.671588659286499]"
F212013,10,14,0.4,"[400.0000007136405, 0.8998725414276123]"
F212013,10,14,0.5,"[400.0000007136405, 1.1267824172973633]"
F212013,10,14,0.6,"[400.0000007136405, 1.3529071807861328]"
F212013,10,14,0.7,"[400.0000007136405, 1.579786777496338]"
F212013,10,14,0.8,"[400.0000007136405, 1.8036525249481201]"
F212013,10,14,0.9,"[400.0000007136405, 2.0288429260253906]"
F212013,10,14,1.0,"[400.0000007136405, 2.2559421062469482]"
F212013,10,15,0.01,"[745.7657105269327, 0.02519702911376953]"
F212013,10,15,0.1,"[400.58551709825565, 0.2285599708557129]"
F212013,10,15,0.2,"[400.0036342204344, 0.45165109634399414]"
F212013,10,15,0.3,"[400.0000460807387, 0.6773037910461426]"
F212013,10,15,0.4,"[400.00000002610614, 0.905689001083374]"
F212013,10,15,0.5,"[400.00000002157253, 1.1327452659606934]"
F212013,10,15,0.6,"[400.00000002157253, 1.3573195934295654]"
F212013,10,15,0.7,"[400.00000002157253, 1.5842289924621582]"
F212013,10,15,0.8,"[400.00000002157253, 1.8090248107910156]"
F212013,10,15,0.9,"[400.00000002157253, 2.0338966846466064]"
F212013,10,15,1.0,"[400.00000002157253, 2.262176036834717]"
F212013,10,16,0.01,"[810.2941604679254, 0.025417566299438477]"
F212013,10,16,0.1,"[400.0790144198236, 0.22824954986572266]"
F212013,10,16,0.2,"[400.00091501364045, 0.45240259170532227]"
F212013,10,16,0.3,"[400.0000030756837, 0.6758723258972168]"
F212013,10,16,0.4,"[400.00000002196407, 0.9006731510162354]"
F212013,10,16,0.5,"[400.00000002196407, 1.1260974407196045]"
F212013,10,16,0.6,"[400.00000002196407, 1.3498671054840088]"
F212013,10,16,0.7,"[400.00000002196407, 1.577458381652832]"
F212013,10,16,0.8,"[400.00000002196407, 1.800870656967163]"
F212013,10,16,0.9,"[400.00000002196407, 2.024054527282715]"
F212013,10,16,1.0,"[400.00000002196407, 2.250758647918701]"
F212013,10,17,0.01,"[418.588744238089, 0.025450944900512695]"
F212013,10,17,0.1,"[400.03580018937464, 0.22794675827026367]"
F212013,10,17,0.2,"[400.0002818249186, 0.450439453125]"
F212013,10,17,0.3,"[400.0000014327916, 0.6742827892303467]"
F212013,10,17,0.4,"[400.0000001940566, 0.9017019271850586]"
F212013,10,17,0.5,"[400.0000001940566, 1.128263235092163]"
F212013,10,17,0.6,"[400.0000001940566, 1.3522684574127197]"
F212013,10,17,0.7,"[400.0000001940566, 1.5783464908599854]"
F212013,10,17,0.8,"[400.0000001940566, 1.8018043041229248]"
F212013,10,17,0.9,"[400.0000001940566, 2.025414228439331]"
F212013,10,17,1.0,"[400.0000001940566, 2.2536582946777344]"
F212013,10,18,0.01,"[682.1781396071831, 0.02532172203063965]"
F212013,10,18,0.1,"[400.1995493565564, 0.22657203674316406]"
F212013,10,18,0.2,"[400.00526896751376, 0.44846248626708984]"
F212013,10,18,0.3,"[400.0002011527404, 0.6712002754211426]"
F212013,10,18,0.4,"[400.0000053656597, 0.8963418006896973]"
F212013,10,18,0.5,"[400.00000096273106, 1.1224944591522217]"
F212013,10,18,0.6,"[400.00000096273106, 1.3470227718353271]"
F212013,10,18,0.7,"[400.00000096273106, 1.5763556957244873]"
F212013,10,18,0.8,"[400.00000096273106, 1.8023974895477295]"
F212013,10,18,0.9,"[400.00000096273106, 2.0266988277435303]"
F212013,10,18,1.0,"[400.00000096273106, 2.253516435623169]"
F212013,10,19,0.01,"[634.4085012372661, 0.025212526321411133]"
F212013,10,19,0.1,"[400.1750182221733, 0.22696757316589355]"
F212013,10,19,0.2,"[400.0033877242797, 0.44870471954345703]"
F212013,10,19,0.3,"[400.0000653311124, 0.6713030338287354]"
F212013,10,19,0.4,"[400.00000016513445, 0.8986196517944336]"
F212013,10,19,0.5,"[400.00000016513445, 1.1260504722595215]"
F212013,10,19,0.6,"[400.00000016513445, 1.3517510890960693]"
F212013,10,19,0.7,"[400.00000016513445, 1.580348014831543]"
F212013,10,19,0.8,"[400.00000016513445, 1.8049006462097168]"
F212013,10,19,0.9,"[400.00000016513445, 2.02817964553833]"
F212013,10,19,1.0,"[400.00000016513445, 2.2542619705200195]"
F212013,10,20,0.01,"[836.0792535455798, 0.02507758140563965]"
F212013,10,20,0.1,"[400.53605269249215, 0.22584748268127441]"
F212013,10,20,0.2,"[400.0025475659377, 0.4456150531768799]"
F212013,10,20,0.3,"[400.000018423666, 0.6673507690429688]"
F212013,10,20,0.4,"[400.0000000227624, 0.8952028751373291]"
F212013,10,20,0.5,"[400.0000000227624, 1.1227693557739258]"
F212013,10,20,0.6,"[400.0000000227624, 1.347414255142212]"
F212013,10,20,0.7,"[400.0000000227624, 1.5744681358337402]"
F212013,10,20,0.8,"[400.0000000227624, 1.796755313873291]"
F212013,10,20,0.9,"[400.0000000227624, 2.02047061920166]"
F212013,10,20,1.0,"[400.0000000227624, 2.2482733726501465]"
F212013,10,21,0.01,"[842.8000833521892, 0.02529144287109375]"
F212013,10,21,0.1,"[400.0819333701154, 0.22706961631774902]"
F212013,10,21,0.2,"[400.0004475946189, 0.4486241340637207]"
F212013,10,21,0.3,"[400.0000013903682, 0.6713120937347412]"
F212013,10,21,0.4,"[400.00000054517113, 0.9003396034240723]"
F212013,10,21,0.5,"[400.00000054517113, 1.1278181076049805]"
F212013,10,21,0.6,"[400.00000054517113, 1.3533015251159668]"
F212013,10,21,0.7,"[400.00000054517113, 1.5802991390228271]"
F212013,10,21,0.8,"[400.00000054517113, 1.8033177852630615]"
F212013,10,21,0.9,"[400.00000054517113, 2.0267908573150635]"
F212013,10,21,1.0,"[400.00000054517113, 2.2542355060577393]"
F212013,10,22,0.01,"[445.84901496133807, 0.025075912475585938]"
F212013,10,22,0.1,"[400.036232231364, 0.2254936695098877]"
F212013,10,22,0.2,"[400.0001868334107, 0.44640445709228516]"
F212013,10,22,0.3,"[400.00000120371055, 0.6687393188476562]"
F212013,10,22,0.4,"[400.0000010214644, 0.8974096775054932]"
F212013,10,22,0.5,"[400.0000010214644, 1.1228809356689453]"
F212013,10,22,0.6,"[400.0000010214644, 1.3472511768341064]"
F212013,10,22,0.7,"[400.0000010214644, 1.5739805698394775]"
F212013,10,22,0.8,"[400.0000010214644, 1.7966225147247314]"
F212013,10,22,0.9,"[400.0000010214644, 2.019899368286133]"
F212013,10,22,1.0,"[400.0000010214644, 2.2471954822540283]"
F212013,10,23,0.01,"[502.7204845449851, 0.048282623291015625]"
F212013,10,23,0.1,"[400.01272435690134, 0.24994540214538574]"
F212013,10,23,0.2,"[400.00005018307024, 0.4714841842651367]"
F212013,10,23,0.3,"[400.0000000185689, 0.6943461894989014]"
F212013,10,23,0.4,"[400.0000000185689, 0.9211292266845703]"
F212013,10,23,0.5,"[400.0000000185689, 1.1476752758026123]"
F212013,10,23,0.6,"[400.0000000185689, 1.373171091079712]"
F212013,10,23,0.7,"[400.0000000185689, 1.5975472927093506]"
F212013,10,23,0.8,"[400.0000000185689, 1.8222627639770508]"
F212013,10,23,0.9,"[400.0000000185689, 2.04640793800354]"
F212013,10,23,1.0,"[400.0000000185689, 2.2733051776885986]"
F212013,10,24,0.01,"[750.740836094594, 0.042287349700927734]"
F212013,10,24,0.1,"[201.79857667761166, 0.3084235191345215]"
F212013,10,24,0.2,"[200.01035158942693, 0.5299487113952637]"
F212013,10,24,0.3,"[200.00009751722416, 0.7530934810638428]"
F212013,10,24,0.4,"[200.000000617542, 0.9803023338317871]"
F212013,10,24,0.5,"[200.00000016773913, 1.2102916240692139]"
F212013,10,24,0.6,"[200.00000016603337, 1.4352385997772217]"
F212013,10,24,0.7,"[200.00000016603337, 1.6608219146728516]"
F212013,10,24,0.8,"[200.00000016603337, 1.8855066299438477]"
F212013,10,24,0.9,"[200.00000016603337, 2.111177682876587]"
F212013,10,24,1.0,"[200.00000016603337, 2.339745283126831]"
F212013,10,25,0.01,"[414.7997022429904, 0.02525472640991211]"
F212013,10,25,0.1,"[400.04028371489585, 0.2264409065246582]"
F212013,10,25,0.2,"[400.00015766828005, 0.4475839138031006]"
F212013,10,25,0.3,"[400.00000250878816, 0.6708028316497803]"
F212013,10,25,0.4,"[400.000000025841, 0.9007623195648193]"
F212013,10,25,0.5,"[400.0000000226528, 1.1285467147827148]"
F212013,10,25,0.6,"[400.0000000226528, 1.3524973392486572]"
F212013,10,25,0.7,"[400.0000000226528, 1.5790491104125977]"
F212013,10,25,0.8,"[400.0000000226528, 1.8047733306884766]"
F212013,10,25,0.9,"[400.0000000226528, 2.0298116207122803]"
F212013,10,25,1.0,"[400.0000000226528, 2.257422685623169]"
F212013,10,26,0.01,"[465.89372644630976, 0.03322792053222656]"
F212013,10,26,0.1,"[103.65541730714335, 0.23386693000793457]"
F212013,10,26,0.2,"[100.01658120183902, 0.45444512367248535]"
F212013,10,26,0.3,"[100.00012570323281, 0.675727128982544]"
F212013,10,26,0.4,"[100.00000063144432, 0.9020428657531738]"
F212013,10,26,0.5,"[100.00000024102371, 1.1300301551818848]"
F212013,10,26,0.6,"[100.00000024102371, 1.3545808792114258]"
F212013,10,26,0.7,"[100.00000024102371, 1.5797932147979736]"
F212013,10,26,0.8,"[100.00000024102371, 1.8040566444396973]"
F212013,10,26,0.9,"[100.00000024102371, 2.0286712646484375]"
F212013,10,26,1.0,"[100.00000024102371, 2.2553203105926514]"
F212013,10,27,0.01,"[810.5493473925401, 0.039661407470703125]"
F212013,10,27,0.1,"[400.2190956886893, 0.24262022972106934]"
F212013,10,27,0.2,"[400.0021811137774, 0.4639575481414795]"
F212013,10,27,0.3,"[400.0000278969678, 0.686887264251709]"
F212013,10,27,0.4,"[400.00000041794397, 0.9137938022613525]"
F212013,10,27,0.5,"[400.00000002120237, 1.1435768604278564]"
F212013,10,27,0.6,"[400.00000002120237, 1.372375726699829]"
F212013,10,27,0.7,"[400.00000002120237, 1.5988423824310303]"
F212013,10,27,0.8,"[400.00000002120237, 1.8236994743347168]"
F212013,10,27,0.9,"[400.00000002120237, 2.0494275093078613]"
F212013,10,27,1.0,"[400.00000002120237, 2.278317928314209]"
F212013,10,28,0.01,"[430.64982557593225, 0.025125741958618164]"
F212013,10,28,0.1,"[400.0136089733419, 0.22595930099487305]"
F212013,10,28,0.2,"[400.0001686445494, 0.4470181465148926]"
F212013,10,28,0.3,"[400.0000015455553, 0.6705894470214844]"
F212013,10,28,0.4,"[400.0000000235898, 0.9000484943389893]"
F212013,10,28,0.5,"[400.0000000235698, 1.1281578540802002]"
F212013,10,28,0.6,"[400.0000000235698, 1.3522024154663086]"
F212013,10,28,0.7,"[400.0000000235698, 1.5790932178497314]"
F212013,10,28,0.8,"[400.0000000235698, 1.8049569129943848]"
F212013,10,28,0.9,"[400.0000000235698, 2.030165195465088]"
F212013,10,28,1.0,"[400.0000000235698, 2.258573055267334]"
F212013,10,29,0.01,"[740.5801604689732, 0.04230499267578125]"
F212013,10,29,0.1,"[400.0712026362944, 0.24318599700927734]"
F212013,10,29,0.2,"[400.0017224673579, 0.46494197845458984]"
F212013,10,29,0.3,"[400.0000279723922, 0.688399076461792]"
F212013,10,29,0.4,"[400.0000001578619, 0.914247989654541]"
F212013,10,29,0.5,"[400.0000000204309, 1.1399917602539062]"
F212013,10,29,0.6,"[400.0000000204309, 1.3658473491668701]"
F212013,10,29,0.7,"[400.0000000204309, 1.5912156105041504]"
F212013,10,29,0.8,"[400.0000000204309, 1.8138489723205566]"
F212013,10,29,0.9,"[400.0000000204309, 2.037388324737549]"
F212013,10,29,1.0,"[400.0000000204309, 2.2645514011383057]"
F212013,10,30,0.01,"[913.1940090951257, 0.03222084045410156]"
F212013,10,30,0.1,"[400.18809694777497, 0.23281216621398926]"
F212013,10,30,0.2,"[400.0023091632245, 0.45551061630249023]"
F212013,10,30,0.3,"[400.00003391323867, 0.6788058280944824]"
F212013,10,30,0.4,"[400.0000000502587, 0.906693696975708]"
F212013,10,30,0.5,"[400.0000000219716, 1.1357028484344482]"
F212013,10,30,0.6,"[400.0000000219716, 1.3601293563842773]"
F212013,10,30,0.7,"[400.0000000219716, 1.5867037773132324]"
F212013,10,30,0.8,"[400.0000000219716, 1.810476303100586]"
F212013,10,30,0.9,"[400.0000000219716, 2.035811424255371]"
F212013,10,30,1.0,"[400.0000000219716, 2.2634952068328857]"
F212013,10,31,0.01,"[886.2684885739109, 0.04105949401855469]"
F212013,10,31,0.1,"[400.25251799820126, 0.24607491493225098]"
F212013,10,31,0.2,"[400.0011618071262, 0.4674198627471924]"
F212013,10,31,0.3,"[400.000004889848, 0.6899721622467041]"
F212013,10,31,0.4,"[400.00000139239455, 0.9169552326202393]"
F212013,10,31,0.5,"[400.00000139239455, 1.1450164318084717]"
F212013,10,31,0.6,"[400.00000139239455, 1.3694474697113037]"
F212013,10,31,0.7,"[400.00000139239455, 1.5963025093078613]"
F212013,10,31,0.8,"[400.00000139239455, 1.8184821605682373]"
F212013,10,31,0.9,"[400.00000139239455, 2.0418508052825928]"
F212013,10,31,1.0,"[400.00000139239455, 2.267979383468628]"
F212013,10,32,0.01,"[582.2248672809255, 0.02502155303955078]"
F212013,10,32,0.1,"[300.695649765245, 0.2251291275024414]"
F212013,10,32,0.2,"[300.0091821489283, 0.4462249279022217]"
F212013,10,32,0.3,"[300.0000364643281, 0.6690897941589355]"
F212013,10,32,0.4,"[300.00000017696595, 0.8958902359008789]"
F212013,10,32,0.5,"[300.0000001591666, 1.1233139038085938]"
F212013,10,32,0.6,"[300.0000001591666, 1.350113868713379]"
F212013,10,32,0.7,"[300.0000001591666, 1.5775675773620605]"
F212013,10,32,0.8,"[300.0000001591666, 1.8033573627471924]"
F212013,10,32,0.9,"[300.0000001591666, 2.0298800468444824]"
F212013,10,32,1.0,"[300.0000001591666, 2.2586171627044678]"
F212013,10,33,0.01,"[890.9055723074678, 0.02806854248046875]"
F212013,10,33,0.1,"[400.1057394269076, 0.22621464729309082]"
F212013,10,33,0.2,"[400.0029318520001, 0.4446127414703369]"
F212013,10,33,0.3,"[400.000054050985, 0.6634824275970459]"
F212013,10,33,0.4,"[400.00000002239585, 0.8887767791748047]"
F212013,10,33,0.5,"[400.00000002227944, 1.116072177886963]"
F212013,10,33,0.6,"[400.00000002227944, 1.3403584957122803]"
F212013,10,33,0.7,"[400.00000002227944, 1.5674712657928467]"
F212013,10,33,0.8,"[400.00000002227944, 1.78898024559021]"
F212013,10,33,0.9,"[400.00000002227944, 2.011972427368164]"
F212013,10,33,1.0,"[400.00000002227944, 2.2380852699279785]"
F212013,10,34,0.01,"[1162.1579735602822, 0.04387211799621582]"
F212013,10,34,0.1,"[300.6002592156042, 0.24285054206848145]"
F212013,10,34,0.2,"[300.01165606538893, 0.46157288551330566]"
F212013,10,34,0.3,"[300.00019143814313, 0.6832380294799805]"
F212013,10,34,0.4,"[300.0000014897287, 0.9077548980712891]"
F212013,10,34,0.5,"[300.0000001199189, 1.1339778900146484]"
F212013,10,34,0.6,"[300.0000001199189, 1.3585031032562256]"
F212013,10,34,0.7,"[300.0000001199189, 1.5855917930603027]"
F212013,10,34,0.8,"[300.0000001199189, 1.8093137741088867]"
F212013,10,34,0.9,"[300.0000001199189, 2.0339667797088623]"
F212013,10,34,1.0,"[300.0000001199189, 2.2610979080200195]"
F212013,10,35,0.01,"[541.0094184093273, 0.047173261642456055]"
F212013,10,35,0.1,"[400.2273343358206, 0.2576301097869873]"
F212013,10,35,0.2,"[400.0085681611258, 0.47895097732543945]"
F212013,10,35,0.3,"[400.00015452803905, 0.7012014389038086]"
F212013,10,35,0.4,"[400.0000062224649, 0.9283566474914551]"
F212013,10,35,0.5,"[400.00000002230126, 1.1572039127349854]"
F212013,10,35,0.6,"[400.00000002230126, 1.3831562995910645]"
F212013,10,35,0.7,"[400.00000002230126, 1.610546588897705]"
F212013,10,35,0.8,"[400.00000002230126, 1.8344347476959229]"
F212013,10,35,0.9,"[400.00000002230126, 2.0595650672912598]"
F212013,10,35,1.0,"[400.00000002230126, 2.2872421741485596]"
F212013,10,36,0.01,"[1131.3420124988413, 0.025050640106201172]"
F212013,10,36,0.1,"[400.2103881061025, 0.22519493103027344]"
F212013,10,36,0.2,"[400.0053317963948, 0.44667792320251465]"
F212013,10,36,0.3,"[400.0000747783811, 0.6698238849639893]"
F212013,10,36,0.4,"[400.00000199821716, 0.8967669010162354]"
F212013,10,36,0.5,"[400.0000003452483, 1.123237133026123]"
F212013,10,36,0.6,"[400.0000003452483, 1.3480019569396973]"
F212013,10,36,0.7,"[400.0000003452483, 1.5749835968017578]"
F212013,10,36,0.8,"[400.0000003452483, 1.7989792823791504]"
F212013,10,36,0.9,"[400.0000003452483, 2.0227067470550537]"
F212013,10,36,1.0,"[400.0000003452483, 2.2478764057159424]"
F212013,10,37,0.01,"[602.2926473594366, 0.05401492118835449]"
F212013,10,37,0.1,"[400.0636719633417, 0.30591630935668945]"
F212013,10,37,0.2,"[400.0003388852176, 0.5265889167785645]"
F212013,10,37,0.3,"[400.00000151829295, 0.7487564086914062]"
F212013,10,37,0.4,"[400.0000000205114, 0.9770817756652832]"
F212013,10,37,0.5,"[400.0000000205114, 1.2037723064422607]"
F212013,10,37,0.6,"[400.0000000205114, 1.4277567863464355]"
F212013,10,37,0.7,"[400.0000000205114, 1.6536948680877686]"
F212013,10,37,0.8,"[400.0000000205114, 1.8769817352294922]"
F212013,10,37,0.9,"[400.0000000205114, 2.102742910385132]"
F212013,10,37,1.0,"[400.0000000205114, 2.330498695373535]"
F212013,10,38,0.01,"[645.6482223658927, 0.04311847686767578]"
F212013,10,38,0.1,"[400.1461682205745, 0.2447986602783203]"
F212013,10,38,0.2,"[400.00095097201256, 0.466869592666626]"
F212013,10,38,0.3,"[400.0000027696892, 0.6901044845581055]"
F212013,10,38,0.4,"[400.0000001596454, 0.9182794094085693]"
F212013,10,38,0.5,"[400.0000001596454, 1.1448569297790527]"
F212013,10,38,0.6,"[400.0000001596454, 1.3679285049438477]"
F212013,10,38,0.7,"[400.0000001596454, 1.5924534797668457]"
F212013,10,38,0.8,"[400.0000001596454, 1.8145017623901367]"
F212013,10,38,0.9,"[400.0000001596454, 2.036188840866089]"
F212013,10,38,1.0,"[400.0000001596454, 2.2636473178863525]"
F212013,10,39,0.01,"[807.5695704066163, 0.029345035552978516]"
F212013,10,39,0.1,"[300.94305653100935, 0.26592040061950684]"
F212013,10,39,0.2,"[300.00572255886095, 0.5267536640167236]"
F212013,10,39,0.3,"[300.0000359595881, 0.7908978462219238]"
F212013,10,39,0.4,"[300.0000002770561, 1.0593762397766113]"
F212013,10,39,0.5,"[300.0000001460909, 1.3145220279693604]"
F212013,10,39,0.6,"[300.0000001460895, 1.5403716564178467]"
F212013,10,39,0.7,"[300.0000001460895, 1.7677319049835205]"
F212013,10,39,0.8,"[300.0000001460895, 1.9926838874816895]"
F212013,10,39,0.9,"[300.0000001460895, 2.219386577606201]"
F212013,10,39,1.0,"[300.0000001460895, 2.4463858604431152]"
F212013,10,40,0.01,"[748.7045749472154, 0.025257110595703125]"
F212013,10,40,0.1,"[400.14376369756746, 0.226898193359375]"
F212013,10,40,0.2,"[400.00290057583516, 0.4499497413635254]"
F212013,10,40,0.3,"[400.00003096729915, 0.6733834743499756]"
F212013,10,40,0.4,"[400.0000011974307, 0.8998613357543945]"
F212013,10,40,0.5,"[400.00000045198567, 1.1277406215667725]"
F212013,10,40,0.6,"[400.00000045198567, 1.3538801670074463]"
F212013,10,40,0.7,"[400.00000045198567, 1.5825481414794922]"
F212013,10,40,0.8,"[400.00000045198567, 1.8070104122161865]"
F212013,10,40,0.9,"[400.00000045198567, 2.0315356254577637]"
F212013,10,40,1.0,"[400.00000045198567, 2.2589831352233887]"
F212013,10,41,0.01,"[620.2478011056423, 0.04303693771362305]"
F212013,10,41,0.1,"[400.06243479089335, 0.24562954902648926]"
F212013,10,41,0.2,"[400.0000516766381, 0.4661116600036621]"
F212013,10,41,0.3,"[400.00000005609854, 0.6903300285339355]"
F212013,10,41,0.4,"[400.00000005609854, 0.9197897911071777]"
F212013,10,41,0.5,"[400.00000005609854, 1.1498818397521973]"
F212013,10,41,0.6,"[400.00000005609854, 1.375549554824829]"
F212013,10,41,0.7,"[400.00000005609854, 1.6040096282958984]"
F212013,10,41,0.8,"[400.00000005609854, 1.8271050453186035]"
F212013,10,41,0.9,"[400.00000005609854, 2.0513293743133545]"
F212013,10,41,1.0,"[400.00000005609854, 2.277719259262085]"
F212013,10,42,0.01,"[889.248978438035, 0.024870872497558594]"
F212013,10,42,0.1,"[400.0336085448414, 0.2258620262145996]"
F212013,10,42,0.2,"[400.00017947219567, 0.44728851318359375]"
F212013,10,42,0.3,"[400.0000014515722, 0.6699752807617188]"
F212013,10,42,0.4,"[400.00000047784283, 0.8985874652862549]"
F212013,10,42,0.5,"[400.00000047784283, 1.124342441558838]"
F212013,10,42,0.6,"[400.00000047784283, 1.4002914428710938]"
F212013,10,42,0.7,"[400.00000047784283, 1.6677558422088623]"
F212013,10,42,0.8,"[400.00000047784283, 1.9327518939971924]"
F212013,10,42,0.9,"[400.00000047784283, 2.1973865032196045]"
F212013,10,42,1.0,"[400.00000047784283, 2.4650120735168457]"
F212013,10,43,0.01,"[490.0451602407468, 0.0503382682800293]"
F212013,10,43,0.1,"[400.0402094867004, 0.2650270462036133]"
F212013,10,43,0.2,"[400.00052425980493, 0.48731350898742676]"
F212013,10,43,0.3,"[400.000010744704, 0.7098727226257324]"
F212013,10,43,0.4,"[400.00000068907707, 0.9380946159362793]"
F212013,10,43,0.5,"[400.00000068907707, 1.1648578643798828]"
F212013,10,43,0.6,"[400.00000068907707, 1.3898394107818604]"
F212013,10,43,0.7,"[400.00000068907707, 1.6160731315612793]"
F212013,10,43,0.8,"[400.00000068907707, 1.8396775722503662]"
F212013,10,43,0.9,"[400.00000068907707, 2.0658395290374756]"
F212013,10,43,1.0,"[400.00000068907707, 2.2936699390411377]"
F212013,10,44,0.01,"[499.1593401237667, 0.025157928466796875]"
F212013,10,44,0.1,"[400.09584797121715, 0.22571754455566406]"
F212013,10,44,0.2,"[400.0005908829537, 0.44601917266845703]"
F212013,10,44,0.3,"[400.00000255389, 0.6681630611419678]"
F212013,10,44,0.4,"[400.00000002431216, 0.8972787857055664]"
F212013,10,44,0.5,"[400.00000002299566, 1.1220159530639648]"
F212013,10,44,0.6,"[400.00000002299566, 1.3464691638946533]"
F212013,10,44,0.7,"[400.00000002299566, 1.5747153759002686]"
F212013,10,44,0.8,"[400.00000002299566, 1.799489974975586]"
F212013,10,44,0.9,"[400.00000002299566, 2.0240564346313477]"
F212013,10,44,1.0,"[400.00000002299566, 2.25201678276062]"
F212013,10,45,0.01,"[858.941283930903, 0.02487969398498535]"
F212013,10,45,0.1,"[302.225632701976, 0.2249147891998291]"
F212013,10,45,0.2,"[300.0099412089388, 0.44534873962402344]"
F212013,10,45,0.3,"[300.0000556233797, 0.6675207614898682]"
F212013,10,45,0.4,"[300.0000001603081, 0.8939719200134277]"
F212013,10,45,0.5,"[300.00000015218166, 1.119385004043579]"
F212013,10,45,0.6,"[300.00000015218166, 1.3433949947357178]"
F212013,10,45,0.7,"[300.00000015218166, 1.5698254108428955]"
F212013,10,45,0.8,"[300.00000015218166, 1.7938575744628906]"
F212013,10,45,0.9,"[300.00000015218166, 2.0184576511383057]"
F212013,10,45,1.0,"[300.00000015218166, 2.244464159011841]"
F212013,10,46,0.01,"[666.1711503579036, 0.025067806243896484]"
F212013,10,46,0.1,"[400.14078058915516, 0.22702264785766602]"
F212013,10,46,0.2,"[400.00093413859213, 0.4507160186767578]"
F212013,10,46,0.3,"[400.0000034730574, 0.6745247840881348]"
F212013,10,46,0.4,"[400.00000015546334, 0.9019341468811035]"
F212013,10,46,0.5,"[400.00000015546334, 1.127582311630249]"
F212013,10,46,0.6,"[400.00000015546334, 1.3516147136688232]"
F212013,10,46,0.7,"[400.00000015546334, 1.5789387226104736]"
F212013,10,46,0.8,"[400.00000015546334, 1.8042588233947754]"
F212013,10,46,0.9,"[400.00000015546334, 2.0289087295532227]"
F212013,10,46,1.0,"[400.00000015546334, 2.256606340408325]"
F212013,10,47,0.01,"[671.8488276132434, 0.03779101371765137]"
F212013,10,47,0.1,"[400.19765293208457, 0.2362353801727295]"
F212013,10,47,0.2,"[400.0024160100377, 0.45459699630737305]"
F212013,10,47,0.3,"[400.0000227419605, 0.6745710372924805]"
F212013,10,47,0.4,"[400.00000030024876, 0.8988025188446045]"
F212013,10,47,0.5,"[400.00000030024876, 1.1237201690673828]"
F212013,10,47,0.6,"[400.00000030024876, 1.3471786975860596]"
F212013,10,47,0.7,"[400.00000030024876, 1.571279764175415]"
F212013,10,47,0.8,"[400.00000030024876, 1.7935922145843506]"
F212013,10,47,0.9,"[400.00000030024876, 2.015648603439331]"
F212013,10,47,1.0,"[400.00000030024876, 2.2404861450195312]"
F212013,10,48,0.01,"[1032.5805569619529, 0.024338245391845703]"
F212013,10,48,0.1,"[400.0852373192174, 0.224928617477417]"
F212013,10,48,0.2,"[400.00036430968, 0.4468405246734619]"
F212013,10,48,0.3,"[400.0000032978742, 0.6685779094696045]"
F212013,10,48,0.4,"[400.0000011113309, 0.8953325748443604]"
F212013,10,48,0.5,"[400.0000011113309, 1.1175167560577393]"
F212013,10,48,0.6,"[400.0000011113309, 1.340848445892334]"
F212013,10,48,0.7,"[400.0000011113309, 1.5682172775268555]"
F212013,10,48,0.8,"[400.0000011113309, 1.7909212112426758]"
F212013,10,48,0.9,"[400.0000011113309, 2.0150082111358643]"
F212013,10,48,1.0,"[400.0000011113309, 2.2421042919158936]"
F212013,10,49,0.01,"[781.5197111967736, 0.024172067642211914]"
F212013,10,49,0.1,"[300.3809314302057, 0.2219533920288086]"
F212013,10,49,0.2,"[300.0057433510399, 0.4442403316497803]"
F212013,10,49,0.3,"[300.00002437945545, 0.7035384178161621]"
F212013,10,49,0.4,"[300.00000024051724, 0.9378409385681152]"
F212013,10,49,0.5,"[300.00000014618945, 1.1815159320831299]"
F212013,10,49,0.6,"[300.00000014618945, 1.4206509590148926]"
F212013,10,49,0.7,"[300.00000014618945, 1.6606659889221191]"
F212013,10,49,0.8,"[300.00000014618945, 1.896265983581543]"
F212013,10,49,0.9,"[300.00000014618945, 2.132838487625122]"
F212013,10,49,1.0,"[300.00000014618945, 2.3656485080718994]"
F212013,10,50,0.01,"[507.5232722678443, 0.024272918701171875]"
F212013,10,50,0.1,"[300.06803211129386, 0.22135257720947266]"
F212013,10,50,0.2,"[300.00007602482185, 0.4390099048614502]"
F212013,10,50,0.3,"[300.0000002227373, 0.6592755317687988]"
F212013,10,50,0.4,"[300.00000014466684, 0.8903355598449707]"
F212013,10,50,0.5,"[300.00000014466684, 1.1268517971038818]"
F212013,10,50,0.6,"[300.00000014466684, 1.3674843311309814]"
F212013,10,50,0.7,"[300.00000014466684, 1.6107869148254395]"
F212013,10,50,0.8,"[300.00000014466684, 1.8434104919433594]"
F212013,10,50,0.9,"[300.00000014466684, 2.0716655254364014]"
F212013,10,50,1.0,"[300.00000014466684, 2.311861276626587]"
F212013,30,0,0.01,"[24336.339861006873, 0.040242910385131836]"
F212013,30,0,0.1,"[1351.182025569221, 0.3171830177307129]"
F212013,30,0,0.2,"[475.15817313925663, 0.6246931552886963]"
F212013,30,0,0.3,"[376.33592245723185, 0.9318838119506836]"
F212013,30,0,0.4,"[302.10696467544847, 1.242006778717041]"
F212013,30,0,0.5,"[300.1895323893042, 1.5627872943878174]"
F212013,30,0,0.6,"[300.0267690749397, 1.8708789348602295]"
F212013,30,0,0.7,"[300.001993759058, 2.1805856227874756]"
F212013,30,0,0.8,"[300.00017547526727, 2.4894046783447266]"
F212013,30,0,0.9,"[300.00001289330817, 2.80802583694458]"
F212013,30,0,1.0,"[300.00000333567414, 3.1467833518981934]"
F212013,30,1,0.01,"[3646.0528441451825, 0.04062700271606445]"
F212013,30,1,0.1,"[1269.2183906882406, 0.32056236267089844]"
F212013,30,1,0.2,"[1269.2183904273475, 0.633427619934082]"
F212013,30,1,0.3,"[1269.2183904212357, 0.9439043998718262]"
F212013,30,1,0.4,"[1269.218390385363, 1.2585299015045166]"
F212013,30,1,0.5,"[1269.2183903831483, 1.5824310779571533]"
F212013,30,1,0.6,"[1269.2183903808634, 1.8951706886291504]"
F212013,30,1,0.7,"[1269.218390378893, 2.206787586212158]"
F212013,30,1,0.8,"[1269.21839037706, 2.5182723999023438]"
F212013,30,1,0.9,"[1269.2183903751798, 2.8387343883514404]"
F212013,30,1,1.0,"[1269.2183903736836, 3.1528730392456055]"
F212013,30,2,0.01,"[4825.37284242481, 0.040718793869018555]"
F212013,30,2,0.1,"[1139.2525285792378, 0.3232240676879883]"
F212013,30,2,0.2,"[1139.2525285764211, 0.6369657516479492]"
F212013,30,2,0.3,"[1139.2525285732959, 0.9519517421722412]"
F212013,30,2,0.4,"[1139.2525285709892, 1.2694990634918213]"
F212013,30,2,0.5,"[1139.2525285681802, 1.5934040546417236]"
F212013,30,2,0.6,"[1139.252528565373, 1.9063823223114014]"
F212013,30,2,0.7,"[1139.2525285630797, 2.21840500831604]"
F212013,30,2,0.8,"[1139.2525285609822, 2.531827211380005]"
F212013,30,2,0.9,"[1139.2525285592208, 2.855340003967285]"
F212013,30,2,1.0,"[1139.2525285573975, 3.1700730323791504]"
F212013,30,3,0.01,"[24333.83755563129, 0.040732622146606445]"
F212013,30,3,0.1,"[594.9448048935387, 0.32160520553588867]"
F212013,30,3,0.2,"[473.13780870917344, 0.632683515548706]"
F212013,30,3,0.3,"[431.8557874868902, 0.9427511692047119]"
F212013,30,3,0.4,"[377.8942375622553, 1.2535874843597412]"
F212013,30,3,0.5,"[356.2988133580559, 1.5746219158172607]"
F212013,30,3,0.6,"[305.2005206110257, 1.8861820697784424]"
F212013,30,3,0.7,"[300.90203474330656, 2.1999101638793945]"
F212013,30,3,0.8,"[300.3184134249925, 2.520070791244507]"
F212013,30,3,0.9,"[300.0430685763895, 2.8483734130859375]"
F212013,30,3,1.0,"[300.0062091841544, 3.165271759033203]"
F212013,30,4,0.01,"[11225.314053102089, 0.04095339775085449]"
F212013,30,4,0.1,"[1139.2525285780566, 0.3230729103088379]"
F212013,30,4,0.2,"[1139.2525285754487, 0.637937068939209]"
F212013,30,4,0.3,"[1139.2525285724037, 0.9512050151824951]"
F212013,30,4,0.4,"[1139.2525285698418, 1.267648696899414]"
F212013,30,4,0.5,"[1139.2525285674114, 1.5910210609436035]"
F212013,30,4,0.6,"[1139.2525285650881, 1.9036951065063477]"
F212013,30,4,0.7,"[1139.252528562638, 2.217402935028076]"
F212013,30,4,0.8,"[1139.2525285606644, 2.5296471118927]"
F212013,30,4,0.9,"[1139.252528558664, 2.851550579071045]"
F212013,30,4,1.0,"[1139.2525285564761, 3.16391921043396]"
F212013,30,5,0.01,"[7847.517675158066, 0.04000663757324219]"
F212013,30,5,0.1,"[1139.3568685615423, 0.3168947696685791]"
F212013,30,5,0.2,"[1139.252528740918, 0.6246085166931152]"
F212013,30,5,0.3,"[1139.2525286607863, 0.931485652923584]"
F212013,30,5,0.4,"[1139.2525285685967, 1.2427215576171875]"
F212013,30,5,0.5,"[1139.2525285661507, 1.5600318908691406]"
F212013,30,5,0.6,"[1139.2525285641416, 1.8691401481628418]"
F212013,30,5,0.7,"[1139.2525285624697, 2.179356098175049]"
F212013,30,5,0.8,"[1139.2525285604852, 2.488520860671997]"
F212013,30,5,0.9,"[1139.2525285585932, 2.807217597961426]"
F212013,30,5,1.0,"[1139.2525285568506, 3.1158254146575928]"
F212013,30,6,0.01,"[8192.35072616953, 0.04057455062866211]"
F212013,30,6,0.1,"[1269.218390889449, 0.32016491889953613]"
F212013,30,6,0.2,"[1269.2183907059064, 0.6321945190429688]"
F212013,30,6,0.3,"[1269.218390518777, 0.9439511299133301]"
F212013,30,6,0.4,"[1269.218390505126, 1.2566287517547607]"
F212013,30,6,0.5,"[1269.2183904319181, 1.5785014629364014]"
F212013,30,6,0.6,"[1269.2183904276549, 1.890373706817627]"
F212013,30,6,0.7,"[1269.2183904226451, 2.200899839401245]"
F212013,30,6,0.8,"[1269.2183903911227, 2.5130884647369385]"
F212013,30,6,0.9,"[1269.218390388955, 2.8341331481933594]"
F212013,30,6,1.0,"[1269.2183903872547, 3.1466007232666016]"
F212013,30,7,0.01,"[5558.727739215719, 0.040406227111816406]"
F212013,30,7,0.1,"[1358.860328865646, 0.3180527687072754]"
F212013,30,7,0.2,"[546.0666997359972, 0.6277444362640381]"
F212013,30,7,0.3,"[489.9027458471619, 0.9365699291229248]"
F212013,30,7,0.4,"[415.320685594877, 1.2464516162872314]"
F212013,30,7,0.5,"[331.2645051659447, 1.56559419631958]"
F212013,30,7,0.6,"[315.1126938537392, 1.876514196395874]"
F212013,30,7,0.7,"[302.2275101065494, 2.188065767288208]"
F212013,30,7,0.8,"[300.8557627996008, 2.4992175102233887]"
F212013,30,7,0.9,"[300.1404422288417, 2.8217854499816895]"
F212013,30,7,1.0,"[300.03819721238494, 3.13436222076416]"
F212013,30,8,0.01,"[6817.839901778297, 0.040363311767578125]"
F212013,30,8,0.1,"[1162.8430228396592, 0.31847357749938965]"
F212013,30,8,0.2,"[1139.2525285755573, 0.6312627792358398]"
F212013,30,8,0.3,"[1139.252528573027, 0.9451675415039062]"
F212013,30,8,0.4,"[1139.2525285698773, 1.260028600692749]"
F212013,30,8,0.5,"[1139.2525285675495, 1.5829205513000488]"
F212013,30,8,0.6,"[1139.2525285650331, 1.8956480026245117]"
F212013,30,8,0.7,"[1139.2525285627742, 2.2091634273529053]"
F212013,30,8,0.8,"[1139.2525285609715, 2.521878480911255]"
F212013,30,8,0.9,"[1139.2525285586075, 2.843553066253662]"
F212013,30,8,1.0,"[1139.2525285563884, 3.157118558883667]"
F212013,30,9,0.01,"[5632.444652585916, 0.04040265083312988]"
F212013,30,9,0.1,"[1139.2525288119123, 0.31983423233032227]"
F212013,30,9,0.2,"[1139.2525287943324, 0.6319549083709717]"
F212013,30,9,0.3,"[1139.2525286327032, 0.9421820640563965]"
F212013,30,9,0.4,"[1139.2525286270277, 1.2570834159851074]"
F212013,30,9,0.5,"[1139.2525286227055, 1.5797531604766846]"
F212013,30,9,0.6,"[1139.2525286178777, 1.8919658660888672]"
F212013,30,9,0.7,"[1139.2525286135635, 2.2030105590820312]"
F212013,30,9,0.8,"[1139.2525286095913, 2.5138723850250244]"
F212013,30,9,0.9,"[1139.2525286056095, 2.835714817047119]"
F212013,30,9,1.0,"[1139.252528600878, 3.147888422012329]"
F212013,30,10,0.01,"[24335.051671905807, 0.06757712364196777]"
F212013,30,10,0.1,"[569.6310359926531, 0.3459038734436035]"
F212013,30,10,0.2,"[494.4720401001282, 0.6557493209838867]"
F212013,30,10,0.3,"[421.76008036709095, 0.9655857086181641]"
F212013,30,10,0.4,"[384.02121526574433, 1.2775366306304932]"
F212013,30,10,0.5,"[314.52735809831677, 1.5973191261291504]"
F212013,30,10,0.6,"[302.77564469133483, 1.9074902534484863]"
F212013,30,10,0.7,"[301.19307982470286, 2.2192492485046387]"
F212013,30,10,0.8,"[300.17823556590986, 2.530019521713257]"
F212013,30,10,0.9,"[300.03363211108615, 2.8526997566223145]"
F212013,30,10,1.0,"[300.00840887701975, 3.164949655532837]"
F212013,30,11,0.01,"[25498.60012349523, 0.04020953178405762]"
F212013,30,11,0.1,"[1139.2548283942579, 0.3178088665008545]"
F212013,30,11,0.2,"[1139.2525286066768, 0.6316776275634766]"
F212013,30,11,0.3,"[1139.2525286009131, 0.9461045265197754]"
F212013,30,11,0.4,"[1139.2525285958889, 1.2631325721740723]"
F212013,30,11,0.5,"[1139.252528589817, 1.5873937606811523]"
F212013,30,11,0.6,"[1139.2525285854285, 1.9026284217834473]"
F212013,30,11,0.7,"[1139.2525285815657, 2.216014862060547]"
F212013,30,11,0.8,"[1139.2525285772037, 2.52856707572937]"
F212013,30,11,0.9,"[1139.2525285737668, 2.8521926403045654]"
F212013,30,11,1.0,"[1139.2525285706565, 3.165806531906128]"
F212013,30,12,0.01,"[24179.39530143174, 0.040793418884277344]"
F212013,30,12,0.1,"[537.2508271991219, 0.32106733322143555]"
F212013,30,12,0.2,"[493.43873670172593, 0.6323351860046387]"
F212013,30,12,0.3,"[435.09384780078904, 0.9434678554534912]"
F212013,30,12,0.4,"[322.1059493614175, 1.2559523582458496]"
F212013,30,12,0.5,"[307.6532665204545, 1.5780487060546875]"
F212013,30,12,0.6,"[301.1452142196572, 1.8900501728057861]"
F212013,30,12,0.7,"[300.24447838707067, 2.203232765197754]"
F212013,30,12,0.8,"[300.0452486701804, 2.5153539180755615]"
F212013,30,12,0.9,"[300.0066877606388, 2.838569164276123]"
F212013,30,12,1.0,"[300.0020010142272, 3.150886297225952]"
F212013,30,13,0.01,"[11528.400686277351, 0.04018855094909668]"
F212013,30,13,0.1,"[332.18260531981923, 0.3163137435913086]"
F212013,30,13,0.2,"[234.3270030583849, 0.6236021518707275]"
F212013,30,13,0.3,"[206.65136192506384, 0.9307346343994141]"
F212013,30,13,0.4,"[201.19616798960874, 1.2374603748321533]"
F212013,30,13,0.5,"[200.19828081378444, 1.5544617176055908]"
F212013,30,13,0.6,"[200.05614825672228, 1.8637728691101074]"
F212013,30,13,0.7,"[200.01234632102955, 2.173454999923706]"
F212013,30,13,0.8,"[200.001613606354, 2.482602119445801]"
F212013,30,13,0.9,"[200.00067505056165, 2.8024656772613525]"
F212013,30,13,1.0,"[200.0000975193227, 3.11217999458313]"
F212013,30,14,0.01,"[25498.736627186823, 0.05751228332519531]"
F212013,30,14,0.1,"[1003.7966797741458, 0.3352675437927246]"
F212013,30,14,0.2,"[495.6456995545502, 0.645667314529419]"
F212013,30,14,0.3,"[414.14594236544644, 0.9555768966674805]"
F212013,30,14,0.4,"[403.61573243102885, 1.2676031589508057]"
F212013,30,14,0.5,"[400.494147795167, 1.5886127948760986]"
F212013,30,14,0.6,"[400.1414689458222, 1.8984785079956055]"
F212013,30,14,0.7,"[400.0215480303443, 2.208362579345703]"
F212013,30,14,0.8,"[400.0031067329844, 2.5177595615386963]"
F212013,30,14,0.9,"[400.00070485918786, 2.84006929397583]"
F212013,30,14,1.0,"[400.00012053802766, 3.155010461807251]"
F212013,30,15,0.01,"[24319.7311195924, 0.04059934616088867]"
F212013,30,15,0.1,"[667.0461838939859, 0.3186008930206299]"
F212013,30,15,0.2,"[403.6417812286784, 0.6287846565246582]"
F212013,30,15,0.3,"[342.16445112542897, 0.9396965503692627]"
F212013,30,15,0.4,"[302.869056203594, 1.2534115314483643]"
F212013,30,15,0.5,"[300.1238907495433, 1.5732779502868652]"
F212013,30,15,0.6,"[300.0106497637523, 1.8838465213775635]"
F212013,30,15,0.7,"[300.00073247067064, 2.19413423538208]"
F212013,30,15,0.8,"[300.00006918979443, 2.504167079925537]"
F212013,30,15,0.9,"[300.000002906385, 2.8252570629119873]"
F212013,30,15,1.0,"[300.0000027005717, 3.1632769107818604]"
F212013,30,16,0.01,"[7677.6533037725385, 0.04031729698181152]"
F212013,30,16,0.1,"[792.8539412400551, 0.3160073757171631]"
F212013,30,16,0.2,"[497.10319461197787, 0.6241002082824707]"
F212013,30,16,0.3,"[453.5924593077382, 0.9316310882568359]"
F212013,30,16,0.4,"[413.3084129948618, 1.2400553226470947]"
F212013,30,16,0.5,"[307.2437980704251, 1.5581364631652832]"
F212013,30,16,0.6,"[302.3656421998396, 1.8658447265625]"
F212013,30,16,0.7,"[300.9154565787667, 2.1752283573150635]"
F212013,30,16,0.8,"[300.12100881760693, 2.483407974243164]"
F212013,30,16,0.9,"[300.0295846236852, 2.800995349884033]"
F212013,30,16,1.0,"[300.00573598735843, 3.1104979515075684]"
F212013,30,17,0.01,"[25498.689484613482, 0.0406491756439209]"
F212013,30,17,0.1,"[929.7728101723433, 0.3183438777923584]"
F212013,30,17,0.2,"[490.3214926263711, 0.6289350986480713]"
F212013,30,17,0.3,"[418.9036956706648, 0.9385125637054443]"
F212013,30,17,0.4,"[403.5118155367061, 1.249281644821167]"
F212013,30,17,0.5,"[401.54991336323974, 1.5698144435882568]"
F212013,30,17,0.6,"[400.2819547588115, 1.8795340061187744]"
F212013,30,17,0.7,"[400.0851098376711, 2.189788341522217]"
F212013,30,17,0.8,"[400.01154598465496, 2.5001988410949707]"
F212013,30,17,0.9,"[400.00283216230173, 2.821126699447632]"
F212013,30,17,1.0,"[400.0005843977499, 3.1343538761138916]"
F212013,30,18,0.01,"[25498.76013179944, 0.06137704849243164]"
F212013,30,18,0.1,"[1472.2225714814858, 0.33585643768310547]"
F212013,30,18,0.2,"[1269.2183903920543, 0.6452822685241699]"
F212013,30,18,0.3,"[1269.2183903895443, 0.95530104637146]"
F212013,30,18,0.4,"[1269.2183903874998, 1.270725965499878]"
F212013,30,18,0.5,"[1269.2183903855255, 1.5889060497283936]"
F212013,30,18,0.6,"[1269.218390366465, 1.8962006568908691]"
F212013,30,18,0.7,"[1269.218390365415, 2.205188751220703]"
F212013,30,18,0.8,"[1269.2183903645137, 2.517625331878662]"
F212013,30,18,0.9,"[1269.2183903634423, 2.8380331993103027]"
F212013,30,18,1.0,"[1269.2183903625394, 3.1492037773132324]"
F212013,30,19,0.01,"[24336.335277447168, 0.044831275939941406]"
F212013,30,19,0.1,"[704.885606855338, 0.32354068756103516]"
F212013,30,19,0.2,"[522.6921361275636, 0.6341631412506104]"
F212013,30,19,0.3,"[491.69017099106213, 0.9447379112243652]"
F212013,30,19,0.4,"[441.2761960670348, 1.2576260566711426]"
F212013,30,19,0.5,"[307.67544400212046, 1.577873706817627]"
F212013,30,19,0.6,"[303.7247058600757, 1.888061761856079]"
F212013,30,19,0.7,"[300.3408864769108, 2.200169324874878]"
F212013,30,19,0.8,"[300.068072199639, 2.511061906814575]"
F212013,30,19,0.9,"[300.014450567782, 2.833082437515259]"
F212013,30,19,1.0,"[300.00378406975403, 3.147416591644287]"
F212013,30,20,0.01,"[26001.0376147695, 0.04657936096191406]"
F212013,30,20,0.1,"[535.3546374501616, 0.32317185401916504]"
F212013,30,20,0.2,"[497.12206974990636, 0.6323630809783936]"
F212013,30,20,0.3,"[497.12206974990636, 0.9452941417694092]"
F212013,30,20,0.4,"[497.12206974990636, 1.2628967761993408]"
F212013,30,20,0.5,"[497.12206974990636, 1.5845668315887451]"
F212013,30,20,0.6,"[497.12206974990636, 1.8950204849243164]"
F212013,30,20,0.7,"[497.12206974990636, 2.205552816390991]"
F212013,30,20,0.8,"[497.12206974990636, 2.5171141624450684]"
F212013,30,20,0.9,"[497.12206974990636, 2.8374364376068115]"
F212013,30,20,1.0,"[497.12206974990636, 3.1509835720062256]"
F212013,30,21,0.01,"[24336.334822867095, 0.06970524787902832]"
F212013,30,21,0.1,"[696.2378219174798, 0.3481884002685547]"
F212013,30,21,0.2,"[504.53257132477233, 0.6589603424072266]"
F212013,30,21,0.3,"[465.62189618823504, 0.9692869186401367]"
F212013,30,21,0.4,"[358.64812801339576, 1.2792296409606934]"
F212013,30,21,0.5,"[322.0714246563565, 1.5998647212982178]"
F212013,30,21,0.6,"[304.34329045903974, 1.9113476276397705]"
F212013,30,21,0.7,"[301.41007968077406, 2.2225289344787598]"
F212013,30,21,0.8,"[300.15521215159026, 2.5319881439208984]"
F212013,30,21,0.9,"[300.0596387896296, 2.8547065258026123]"
F212013,30,21,1.0,"[300.0059076242742, 3.1689536571502686]"
F212013,30,22,0.01,"[49010.174878132864, 0.040560245513916016]"
F212013,30,22,0.1,"[1139.252528711325, 0.319821834564209]"
F212013,30,22,0.2,"[1139.2525287027347, 0.6320388317108154]"
F212013,30,22,0.3,"[1139.252528650622, 0.9430813789367676]"
F212013,30,22,0.4,"[1139.252528568551, 1.2601113319396973]"
F212013,30,22,0.5,"[1139.2525285665263, 1.584533929824829]"
F212013,30,22,0.6,"[1139.2525285646077, 1.8961756229400635]"
F212013,30,22,0.7,"[1139.252528562942, 2.2075417041778564]"
F212013,30,22,0.8,"[1139.2525285609129, 2.5177531242370605]"
F212013,30,22,0.9,"[1139.2525285585928, 2.8377180099487305]"
F212013,30,22,1.0,"[1139.2525285566571, 3.1492879390716553]"
F212013,30,23,0.01,"[24336.33541776263, 0.05830240249633789]"
F212013,30,23,0.1,"[673.9095463106435, 0.3351705074310303]"
F212013,30,23,0.2,"[516.1580780182737, 0.6428494453430176]"
F212013,30,23,0.3,"[491.0290725581285, 0.952197790145874]"
F212013,30,23,0.4,"[491.0290725581285, 1.2661633491516113]"
F212013,30,23,0.5,"[491.0290725581285, 1.5871403217315674]"
F212013,30,23,0.6,"[491.0290725581285, 1.8976328372955322]"
F212013,30,23,0.7,"[491.0290725581285, 2.208775758743286]"
F212013,30,23,0.8,"[491.0290725581285, 2.5186400413513184]"
F212013,30,23,0.9,"[491.0290725581285, 2.838458776473999]"
F212013,30,23,1.0,"[491.0290725581285, 3.148888111114502]"
F212013,30,24,0.01,"[5132.084436319711, 0.040239810943603516]"
F212013,30,24,0.1,"[725.9933012593813, 0.3177940845489502]"
F212013,30,24,0.2,"[430.0406251766667, 0.6262619495391846]"
F212013,30,24,0.3,"[403.89318688682124, 0.9332759380340576]"
F212013,30,24,0.4,"[400.7711754577599, 1.2435534000396729]"
F212013,30,24,0.5,"[400.10391368433875, 1.561753273010254]"
F212013,30,24,0.6,"[400.03351396991116, 1.8708481788635254]"
F212013,30,24,0.7,"[400.00515768043874, 2.181204319000244]"
F212013,30,24,0.8,"[400.00173427435357, 2.4914395809173584]"
F212013,30,24,0.9,"[400.0002387719603, 2.810924768447876]"
F212013,30,24,1.0,"[400.00008972205615, 3.1203787326812744]"
F212013,30,25,0.01,"[7577.12749466376, 0.04084134101867676]"
F212013,30,25,0.1,"[1139.2533280112245, 0.3203916549682617]"
F212013,30,25,0.2,"[1139.252528620611, 0.633948802947998]"
F212013,30,25,0.3,"[1139.2525286138596, 0.9473831653594971]"
F212013,30,25,0.4,"[1139.252528608643, 1.26137113571167]"
F212013,30,25,0.5,"[1139.2525286022192, 1.5855565071105957]"
F212013,30,25,0.6,"[1139.252528597005, 1.8990552425384521]"
F212013,30,25,0.7,"[1139.2525285922698, 2.2137210369110107]"
F212013,30,25,0.8,"[1139.2525285879906, 2.52641224861145]"
F212013,30,25,0.9,"[1139.252528584014, 2.8492565155029297]"
F212013,30,25,1.0,"[1139.2525285804109, 3.1638405323028564]"
F212013,30,26,0.01,"[7384.44107396663, 0.04349827766418457]"
F212013,30,26,0.1,"[1141.4582125311877, 0.3243288993835449]"
F212013,30,26,0.2,"[1139.252529045223, 0.6366665363311768]"
F212013,30,26,0.3,"[1139.2525289464256, 0.9501659870147705]"
F212013,30,26,0.4,"[1139.2525286778061, 1.2621395587921143]"
F212013,30,26,0.5,"[1139.252528660126, 1.5845468044281006]"
F212013,30,26,0.6,"[1139.252528652192, 1.8961188793182373]"
F212013,30,26,0.7,"[1139.2525285799377, 2.2087008953094482]"
F212013,30,26,0.8,"[1139.2525285774577, 2.5216946601867676]"
F212013,30,26,0.9,"[1139.2525285747772, 2.8452341556549072]"
F212013,30,26,1.0,"[1139.252528572372, 3.158317804336548]"
F212013,30,27,0.01,"[8785.418854509795, 0.04062700271606445]"
F212013,30,27,0.1,"[1488.2332605141041, 0.32039880752563477]"
F212013,30,27,0.2,"[628.7450798692967, 0.6300384998321533]"
F212013,30,27,0.3,"[479.49585265520886, 0.9381108283996582]"
F212013,30,27,0.4,"[478.31605345066896, 1.2520811557769775]"
F212013,30,27,0.5,"[478.31605345066896, 1.573798656463623]"
F212013,30,27,0.6,"[478.31605345066896, 1.8871467113494873]"
F212013,30,27,0.7,"[478.31605345066896, 2.197645425796509]"
F212013,30,27,0.8,"[478.31605345066896, 2.510085105895996]"
F212013,30,27,0.9,"[478.31605345066896, 2.8317782878875732]"
F212013,30,27,1.0,"[478.31605345066896, 3.146148204803467]"
F212013,30,28,0.01,"[5277.755643497037, 0.04067397117614746]"
F212013,30,28,0.1,"[1139.2525285777501, 0.3227071762084961]"
F212013,30,28,0.2,"[1139.2525285746055, 0.636991024017334]"
F212013,30,28,0.3,"[1139.2525285717436, 0.9509060382843018]"
F212013,30,28,0.4,"[1139.2525285692368, 1.2652270793914795]"
F212013,30,28,0.5,"[1139.2525285673373, 1.588134527206421]"
F212013,30,28,0.6,"[1139.2525285649808, 1.9018964767456055]"
F212013,30,28,0.7,"[1139.252528562383, 2.2148237228393555]"
F212013,30,28,0.8,"[1139.2525285605423, 2.5266566276550293]"
F212013,30,28,0.9,"[1139.2525285605423, 2.8473968505859375]"
F212013,30,28,1.0,"[1139.2525285605423, 3.1607630252838135]"
F212013,30,29,0.01,"[4024.6357184715052, 0.04077458381652832]"
F212013,30,29,0.1,"[1139.2525285800605, 0.32357263565063477]"
F212013,30,29,0.2,"[1139.2525285769293, 0.6377966403961182]"
F212013,30,29,0.3,"[1139.2525285743811, 0.9526548385620117]"
F212013,30,29,0.4,"[1139.2525285725633, 1.267582893371582]"
F212013,30,29,0.5,"[1139.2525285700574, 1.591691255569458]"
F212013,30,29,0.6,"[1139.252528567439, 1.9056615829467773]"
F212013,30,29,0.7,"[1139.2525285650788, 2.2218856811523438]"
F212013,30,29,0.8,"[1139.252528562882, 2.5358822345733643]"
F212013,30,29,0.9,"[1139.252528560282, 2.857874870300293]"
F212013,30,29,1.0,"[1139.252528558608, 3.172024965286255]"
F212013,30,30,0.01,"[8042.170541538202, 0.040853261947631836]"
F212013,30,30,0.1,"[1139.2525307548028, 0.3216707706451416]"
F212013,30,30,0.2,"[1139.252528909877, 0.6354162693023682]"
F212013,30,30,0.3,"[1139.2525286618643, 0.947516679763794]"
F212013,30,30,0.4,"[1139.2525285616512, 1.2641444206237793]"
F212013,30,30,0.5,"[1139.2525285598927, 1.5907948017120361]"
F212013,30,30,0.6,"[1139.2525285579632, 1.9052326679229736]"
F212013,30,30,0.7,"[1139.252528556389, 2.218632459640503]"
F212013,30,30,0.8,"[1139.2525285544484, 2.5306248664855957]"
F212013,30,30,0.9,"[1139.2525285529564, 2.853914260864258]"
F212013,30,30,1.0,"[1139.2525285513934, 3.1683990955352783]"
F212013,30,31,0.01,"[25464.24086152026, 0.040261030197143555]"
F212013,30,31,0.1,"[1139.2525392237114, 0.3164341449737549]"
F212013,30,31,0.2,"[1139.2525285662887, 0.6262273788452148]"
F212013,30,31,0.3,"[1139.2525285646425, 0.9371311664581299]"
F212013,30,31,0.4,"[1139.2525285628271, 1.2474713325500488]"
F212013,30,31,0.5,"[1139.2525285601873, 1.5649762153625488]"
F212013,30,31,0.6,"[1139.2525285582856, 1.8757061958312988]"
F212013,30,31,0.7,"[1139.2525285561742, 2.1861531734466553]"
F212013,30,31,0.8,"[1139.2525285544075, 2.4948647022247314]"
F212013,30,31,0.9,"[1139.2525285528377, 2.813136577606201]"
F212013,30,31,1.0,"[1139.2525285504946, 3.125255823135376]"
F212013,30,32,0.01,"[11076.021170528411, 0.04094195365905762]"
F212013,30,32,0.1,"[1216.0104425328288, 0.3217141628265381]"
F212013,30,32,0.2,"[481.4125030857226, 0.633777379989624]"
F212013,30,32,0.3,"[419.1100025728647, 0.9425058364868164]"
F212013,30,32,0.4,"[403.6557150255551, 1.2550523281097412]"
F212013,30,32,0.5,"[400.9749338385309, 1.5769233703613281]"
F212013,30,32,0.6,"[400.32540412075195, 1.8913664817810059]"
F212013,30,32,0.7,"[400.064448340991, 2.2036051750183105]"
F212013,30,32,0.8,"[400.01926417714594, 2.515892744064331]"
F212013,30,32,0.9,"[400.00414825312464, 2.837367534637451]"
F212013,30,32,1.0,"[400.00122090436025, 3.1485729217529297]"
F212013,30,33,0.01,"[24336.267285785878, 0.0407407283782959]"
F212013,30,33,0.1,"[1297.7134766963231, 0.32157135009765625]"
F212013,30,33,0.2,"[496.2764061841192, 0.6333386898040771]"
F212013,30,33,0.3,"[496.2764061841192, 0.9465444087982178]"
F212013,30,33,0.4,"[496.2764061841192, 1.261122703552246]"
F212013,30,33,0.5,"[496.2764061841192, 1.5836281776428223]"
F212013,30,33,0.6,"[496.2764061841192, 1.8973326683044434]"
F212013,30,33,0.7,"[496.2764061841192, 2.211812973022461]"
F212013,30,33,0.8,"[496.2764061841192, 2.522822618484497]"
F212013,30,33,0.9,"[496.2764061841192, 2.8444406986236572]"
F212013,30,33,1.0,"[496.2764061841192, 3.158489942550659]"
F212013,30,34,0.01,"[25495.65910862351, 0.040572404861450195]"
F212013,30,34,0.1,"[1676.8603796290872, 0.3210146427154541]"
F212013,30,34,0.2,"[1288.2794726526333, 0.6320199966430664]"
F212013,30,34,0.3,"[1269.2183904435763, 0.9452598094940186]"
F212013,30,34,0.4,"[1269.2183904369294, 1.261681318283081]"
F212013,30,34,0.5,"[1269.2183904310982, 1.585421085357666]"
F212013,30,34,0.6,"[1269.2183904257802, 1.898679494857788]"
F212013,30,34,0.7,"[1269.2183904207775, 2.2125589847564697]"
F212013,30,34,0.8,"[1269.2183904155997, 2.5262539386749268]"
F212013,30,34,0.9,"[1269.2183904110148, 2.8500020503997803]"
F212013,30,34,1.0,"[1269.2183904066585, 3.1640658378601074]"
F212013,30,35,0.01,"[25495.99640440064, 0.05136919021606445]"
F212013,30,35,0.1,"[1139.2541633668554, 0.330272912979126]"
F212013,30,35,0.2,"[1139.2525286261814, 0.6390540599822998]"
F212013,30,35,0.3,"[1139.2525286220134, 0.9471733570098877]"
F212013,30,35,0.4,"[1139.2525286174532, 1.2577643394470215]"
F212013,30,35,0.5,"[1139.2525286141217, 1.5789310932159424]"
F212013,30,35,0.6,"[1139.2525286105574, 1.8884861469268799]"
F212013,30,35,0.7,"[1139.2525286071448, 2.1989450454711914]"
F212013,30,35,0.8,"[1139.2525286036705, 2.5090670585632324]"
F212013,30,35,0.9,"[1139.252528599776, 2.8291738033294678]"
F212013,30,35,1.0,"[1139.252528596322, 3.1398119926452637]"
F212013,30,36,0.01,"[21188.45764755021, 0.040265560150146484]"
F212013,30,36,0.1,"[382.2523561095172, 0.3181028366088867]"
F212013,30,36,0.2,"[215.6571487677661, 0.6259686946868896]"
F212013,30,36,0.3,"[203.15551361820485, 0.9323697090148926]"
F212013,30,36,0.4,"[200.3450530090979, 1.2417044639587402]"
F212013,30,36,0.5,"[200.0332093432188, 1.5620734691619873]"
F212013,30,36,0.6,"[200.00729384068745, 1.871877670288086]"
F212013,30,36,0.7,"[200.00077336373442, 2.1816627979278564]"
F212013,30,36,0.8,"[200.00009029539, 2.490689754486084]"
F212013,30,36,0.9,"[200.00001536680998, 2.809126377105713]"
F212013,30,36,1.0,"[200.00000197093584, 3.116827964782715]"
F212013,30,37,0.01,"[24336.33998569678, 0.040985822677612305]"
F212013,30,37,0.1,"[2380.9147592844424, 0.32292699813842773]"
F212013,30,37,0.2,"[632.2509726096778, 0.6347014904022217]"
F212013,30,37,0.3,"[469.459694640924, 0.9466900825500488]"
F212013,30,37,0.4,"[469.459694640924, 1.2637865543365479]"
F212013,30,37,0.5,"[469.459694640924, 1.5885710716247559]"
F212013,30,37,0.6,"[469.459694640924, 1.9033212661743164]"
F212013,30,37,0.7,"[469.459694640924, 2.2165145874023438]"
F212013,30,37,0.8,"[469.459694640924, 2.529900550842285]"
F212013,30,37,0.9,"[469.459694640924, 2.853217601776123]"
F212013,30,37,1.0,"[469.459694640924, 3.1687192916870117]"
F212013,30,38,0.01,"[24861.370190580357, 0.0522160530090332]"
F212013,30,38,0.1,"[1139.2525309788816, 0.33115458488464355]"
F212013,30,38,0.2,"[1139.2525286030138, 0.6402068138122559]"
F212013,30,38,0.3,"[1139.2525285989054, 0.9489271640777588]"
F212013,30,38,0.4,"[1139.2525285952722, 1.259958028793335]"
F212013,30,38,0.5,"[1139.2525285922752, 1.5793070793151855]"
F212013,30,38,0.6,"[1139.2525285887714, 1.8884878158569336]"
F212013,30,38,0.7,"[1139.2525285857407, 2.1969470977783203]"
F212013,30,38,0.8,"[1139.252528582917, 2.5068769454956055]"
F212013,30,38,0.9,"[1139.2525285795818, 2.826622724533081]"
F212013,30,38,1.0,"[1139.2525285766837, 3.137678861618042]"
F212013,30,39,0.01,"[25498.584117745857, 0.0618441104888916]"
F212013,30,39,0.1,"[1160.2727717436899, 0.34310221672058105]"
F212013,30,39,0.2,"[1139.2525286020498, 0.6572480201721191]"
F212013,30,39,0.3,"[1139.2525285989766, 0.972170352935791]"
F212013,30,39,0.4,"[1139.2525285949528, 1.286036491394043]"
F212013,30,39,0.5,"[1139.2525285949528, 1.60858154296875]"
F212013,30,39,0.6,"[1139.2525285949528, 1.918811559677124]"
F212013,30,39,0.7,"[1139.2525285949528, 2.231934070587158]"
F212013,30,39,0.8,"[1139.2525285949528, 2.543647527694702]"
F212013,30,39,0.9,"[1139.2525285949528, 2.8668081760406494]"
F212013,30,39,1.0,"[1139.2525285949528, 3.1798360347747803]"
F212013,30,40,0.01,"[4985.213273859639, 0.040288448333740234]"
F212013,30,40,0.1,"[1139.2525285756856, 0.3195366859436035]"
F212013,30,40,0.2,"[1139.2525285719846, 0.6307597160339355]"
F212013,30,40,0.3,"[1139.2525285679333, 0.9388725757598877]"
F212013,30,40,0.4,"[1139.252528564833, 1.2495839595794678]"
F212013,30,40,0.5,"[1139.2525285625154, 1.570063829421997]"
F212013,30,40,0.6,"[1139.252528560263, 1.8795661926269531]"
F212013,30,40,0.7,"[1139.2525285584443, 2.191244602203369]"
F212013,30,40,0.8,"[1139.252528556358, 2.49967885017395]"
F212013,30,40,0.9,"[1139.2525285541062, 2.8176655769348145]"
F212013,30,40,1.0,"[1139.2525285524896, 3.128208637237549]"
F212013,30,41,0.01,"[8037.380560460664, 0.04045534133911133]"
F212013,30,41,0.1,"[397.9656918674741, 0.32033276557922363]"
F212013,30,41,0.2,"[229.63076277158018, 0.630469560623169]"
F212013,30,41,0.3,"[205.31833430407573, 0.9399874210357666]"
F212013,30,41,0.4,"[200.6137121936722, 1.2529826164245605]"
F212013,30,41,0.5,"[200.06218889458876, 1.574554443359375]"
F212013,30,41,0.6,"[200.01072243034957, 1.8878288269042969]"
F212013,30,41,0.7,"[200.00114070283564, 2.2015230655670166]"
F212013,30,41,0.8,"[200.00014760801582, 2.51503586769104]"
F212013,30,41,0.9,"[200.00001817674274, 2.8376591205596924]"
F212013,30,41,1.0,"[200.0000026877508, 3.1496243476867676]"
F212013,30,42,0.01,"[12483.603876583664, 0.040663957595825195]"
F212013,30,42,0.1,"[1139.2525295507887, 0.3221855163574219]"
F212013,30,42,0.2,"[1139.2525288898632, 0.6339106559753418]"
F212013,30,42,0.3,"[1139.2525288392735, 0.9477310180664062]"
F212013,30,42,0.4,"[1139.25252859501, 1.2650232315063477]"
F212013,30,42,0.5,"[1139.2525285915356, 1.5907745361328125]"
F212013,30,42,0.6,"[1139.2525285879685, 1.9060754776000977]"
F212013,30,42,0.7,"[1139.2525285847014, 2.219653606414795]"
F212013,30,42,0.8,"[1139.2525285816548, 2.534550189971924]"
F212013,30,42,0.9,"[1139.252528578456, 2.8579490184783936]"
F212013,30,42,1.0,"[1139.2525285760842, 3.1722121238708496]"
F212013,30,43,0.01,"[26179.74618022179, 0.040117740631103516]"
F212013,30,43,0.1,"[1125.2429984914559, 0.3170175552368164]"
F212013,30,43,0.2,"[561.2925768692351, 0.6238160133361816]"
F212013,30,43,0.3,"[349.12018425470205, 0.9305891990661621]"
F212013,30,43,0.4,"[302.4625504782766, 1.238187551498413]"
F212013,30,43,0.5,"[300.1735894383437, 1.554180383682251]"
F212013,30,43,0.6,"[300.01278401182117, 1.8608815670013428]"
F212013,30,43,0.7,"[300.00095286222074, 2.168917179107666]"
F212013,30,43,0.8,"[300.00007012890194, 2.476102113723755]"
F212013,30,43,0.9,"[300.0000047306553, 2.792931318283081]"
F212013,30,43,1.0,"[300.00000324688733, 3.104193925857544]"
F212013,30,44,0.01,"[6222.131993260598, 0.040505170822143555]"
F212013,30,44,0.1,"[1269.2183908075317, 0.3197135925292969]"
F212013,30,44,0.2,"[1269.2183906381579, 0.6303229331970215]"
F212013,30,44,0.3,"[1269.218390472272, 0.9415738582611084]"
F212013,30,44,0.4,"[1269.2183904603437, 1.2530498504638672]"
F212013,30,44,0.5,"[1269.218390393459, 1.5716538429260254]"
F212013,30,44,0.6,"[1269.2183903903715, 1.8813490867614746]"
F212013,30,44,0.7,"[1269.2183903880466, 2.193629741668701]"
F212013,30,44,0.8,"[1269.2183903858559, 2.505070924758911]"
F212013,30,44,0.9,"[1269.2183903838347, 2.8256826400756836]"
F212013,30,44,1.0,"[1269.2183903817051, 3.137530565261841]"
F212013,30,45,0.01,"[25494.201368949405, 0.047859907150268555]"
F212013,30,45,0.1,"[841.5690647031909, 0.3292250633239746]"
F212013,30,45,0.2,"[557.2378338838957, 0.6405227184295654]"
F212013,30,45,0.3,"[433.5476509825187, 0.9529409408569336]"
F212013,30,45,0.4,"[405.873504615857, 1.2657380104064941]"
F212013,30,45,0.5,"[401.33324727157833, 1.587453842163086]"
F212013,30,45,0.6,"[400.23991044307286, 1.8986713886260986]"
F212013,30,45,0.7,"[400.03264342533, 2.211324453353882]"
F212013,30,45,0.8,"[400.0081072577325, 2.522793769836426]"
F212013,30,45,0.9,"[400.0011725206148, 2.843527317047119]"
F212013,30,45,1.0,"[400.00037229352483, 3.153425931930542]"
F212013,30,46,0.01,"[24330.537802811665, 0.042264461517333984]"
F212013,30,46,0.1,"[1269.2184057230268, 0.3196864128112793]"
F212013,30,46,0.2,"[1269.2183904170734, 0.6303541660308838]"
F212013,30,46,0.3,"[1269.2183904141439, 0.940349817276001]"
F212013,30,46,0.4,"[1269.2183904113847, 1.2551653385162354]"
F212013,30,46,0.5,"[1269.2183904084739, 1.5752007961273193]"
F212013,30,46,0.6,"[1269.2183904056699, 1.8833088874816895]"
F212013,30,46,0.7,"[1269.218390402547, 2.1920673847198486]"
F212013,30,46,0.8,"[1269.2183903999683, 2.502607822418213]"
F212013,30,46,0.9,"[1269.2183903969578, 2.8212552070617676]"
F212013,30,46,1.0,"[1269.2183903942594, 3.1319832801818848]"
F212013,30,47,0.01,"[6693.530687681309, 0.04081463813781738]"
F212013,30,47,0.1,"[726.7862130226601, 0.32329273223876953]"
F212013,30,47,0.2,"[431.068242336763, 0.6361658573150635]"
F212013,30,47,0.3,"[405.4192115139597, 0.9482481479644775]"
F212013,30,47,0.4,"[400.7679863235958, 1.2618026733398438]"
F212013,30,47,0.5,"[400.06438098497983, 1.585259199142456]"
F212013,30,47,0.6,"[400.0059157827361, 1.8986492156982422]"
F212013,30,47,0.7,"[400.00063011017664, 2.212721586227417]"
F212013,30,47,0.8,"[400.00013461936874, 2.526174545288086]"
F212013,30,47,0.9,"[400.0000170958392, 2.848947286605835]"
F212013,30,47,1.0,"[400.000003869656, 3.1604647636413574]"
F212013,30,48,0.01,"[21476.74551444996, 0.040238380432128906]"
F212013,30,48,0.1,"[830.5361159035863, 0.3134119510650635]"
F212013,30,48,0.2,"[495.4504953813371, 0.6185588836669922]"
F212013,30,48,0.3,"[495.4504953813371, 0.929387092590332]"
F212013,30,48,0.4,"[495.4504953813371, 1.2389955520629883]"
F212013,30,48,0.5,"[495.4504953813371, 1.5596230030059814]"
F212013,30,48,0.6,"[495.4504953813371, 1.8687248229980469]"
F212013,30,48,0.7,"[495.4504953813371, 2.181838035583496]"
F212013,30,48,0.8,"[495.4504953813371, 2.4900195598602295]"
F212013,30,48,0.9,"[495.4504953813371, 2.8085899353027344]"
F212013,30,48,1.0,"[495.4504953813371, 3.117908000946045]"
F212013,30,49,0.01,"[5705.7822581442515, 0.039914846420288086]"
F212013,30,49,0.1,"[959.7104713594476, 0.3147928714752197]"
F212013,30,49,0.2,"[506.3276733465973, 0.6183488368988037]"
F212013,30,49,0.3,"[474.420170782505, 0.9227738380432129]"
F212013,30,49,0.4,"[474.420170782505, 1.2288599014282227]"
F212013,30,49,0.5,"[474.420170782505, 1.5421524047851562]"
F212013,30,49,0.6,"[474.420170782505, 1.8485479354858398]"
F212013,30,49,0.7,"[474.420170782505, 2.157301425933838]"
F212013,30,49,0.8,"[474.420170782505, 2.4670183658599854]"
F212013,30,49,0.9,"[474.420170782505, 2.7848873138427734]"
F212013,30,49,1.0,"[474.420170782505, 3.091433525085449]"
F212013,30,50,0.01,"[24318.99900875512, 0.039010047912597656]"
F212013,30,50,0.1,"[585.3585314891775, 0.311002254486084]"
F212013,30,50,0.2,"[489.669347283741, 0.6119852066040039]"
F212013,30,50,0.3,"[489.42101552572694, 0.9123969078063965]"
F212013,30,50,0.4,"[489.2792179613916, 1.2180800437927246]"
F212013,30,50,0.5,"[489.2792179613916, 1.5326390266418457]"
F212013,30,50,0.6,"[489.2792179613916, 1.838587999343872]"
F212013,30,50,0.7,"[489.2792179613916, 2.144031286239624]"
F212013,30,50,0.8,"[489.2792179613916, 2.450538158416748]"
F212013,30,50,0.9,"[489.2792179613916, 2.767237663269043]"
F212013,30,50,1.0,"[489.2792179613916, 3.0734102725982666]"
F212013,50,0,0.01,"[1433386.000252861, 0.038478851318359375]"
F212013,50,0,0.1,"[659.8263758937333, 0.3773682117462158]"
F212013,50,0,0.2,"[438.8414293401447, 0.7354376316070557]"
F212013,50,0,0.3,"[430.6777163714503, 1.0953402519226074]"
F212013,50,0,0.4,"[425.4622364651036, 1.4525935649871826]"
F212013,50,0,0.5,"[413.4295722126508, 1.8289275169372559]"
F212013,50,0,0.6,"[404.42259086293393, 2.1875813007354736]"
F212013,50,0,0.7,"[401.50742308696863, 2.5458428859710693]"
F212013,50,0,0.8,"[400.73031165872567, 2.903294324874878]"
F212013,50,0,0.9,"[400.3727511955367, 3.2792203426361084]"
F212013,50,0,1.0,"[400.10874447117976, 3.6372177600860596]"
F212013,50,1,0.01,"[21781.99252018538, 0.03870344161987305]"
F212013,50,1,0.1,"[537.7101872703145, 0.3797273635864258]"
F212013,50,1,0.2,"[436.3352112240668, 0.7398765087127686]"
F212013,50,1,0.3,"[428.8833043940306, 1.1026551723480225]"
F212013,50,1,0.4,"[424.12080278451776, 1.4631843566894531]"
F212013,50,1,0.5,"[407.45091900166517, 1.844019889831543]"
F212013,50,1,0.6,"[404.12905554194253, 2.2056212425231934]"
F212013,50,1,0.7,"[401.55678667134134, 2.5675411224365234]"
F212013,50,1,0.8,"[400.80190524264935, 2.9292192459106445]"
F212013,50,1,0.9,"[400.2289699061164, 3.3094677925109863]"
F212013,50,1,1.0,"[400.0862535616743, 3.6715309619903564]"
F212013,50,2,0.01,"[43890.436237799244, 0.039017438888549805]"
F212013,50,2,0.1,"[2569.512145394676, 0.38225436210632324]"
F212013,50,2,0.2,"[495.6004618757315, 0.7446541786193848]"
F212013,50,2,0.3,"[434.9410659181308, 1.1095008850097656]"
F212013,50,2,0.4,"[424.89185088106274, 1.4723005294799805]"
F212013,50,2,0.5,"[424.8396126163111, 1.8545587062835693]"
F212013,50,2,0.6,"[424.8396126163111, 2.2195091247558594]"
F212013,50,2,0.7,"[424.8396126163111, 2.583893060684204]"
F212013,50,2,0.8,"[424.8396126163111, 2.949263572692871]"
F212013,50,2,0.9,"[424.8396126163111, 3.3341104984283447]"
F212013,50,2,1.0,"[424.8396126163111, 3.698193311691284]"
F212013,50,3,0.01,"[43890.436237799244, 0.03891921043395996]"
F212013,50,3,0.1,"[2636.6868463817336, 0.3801248073577881]"
F212013,50,3,0.2,"[400.12829290944364, 0.7418408393859863]"
F212013,50,3,0.3,"[223.91213252217415, 1.1056544780731201]"
F212013,50,3,0.4,"[211.30329535621865, 1.4676563739776611]"
F212013,50,3,0.5,"[207.42988792937945, 1.8487884998321533]"
F212013,50,3,0.6,"[200.89925845820176, 2.2109107971191406]"
F212013,50,3,0.7,"[200.40197916331556, 2.572391986846924]"
F212013,50,3,0.8,"[200.1357805299624, 2.9343621730804443]"
F212013,50,3,0.9,"[200.02678971512353, 3.3165690898895264]"
F212013,50,3,1.0,"[200.01542671416416, 3.6799936294555664]"
F212013,50,4,0.01,"[44895.62560775179, 0.03844261169433594]"
F212013,50,4,0.1,"[2631.0554710567344, 0.3754866123199463]"
F212013,50,4,0.2,"[2393.7971697626613, 0.7332086563110352]"
F212013,50,4,0.3,"[435.30094656880306, 1.0934040546417236]"
F212013,50,4,0.4,"[425.57849119766547, 1.4514479637145996]"
F212013,50,4,0.5,"[417.45419399168054, 1.8281810283660889]"
F212013,50,4,0.6,"[411.9894927000628, 2.187633752822876]"
F212013,50,4,0.7,"[401.95050072051527, 2.5458011627197266]"
F212013,50,4,0.8,"[401.1507673954384, 2.902963638305664]"
F212013,50,4,0.9,"[400.4737812106248, 3.28135085105896]"
F212013,50,4,1.0,"[400.2132518677845, 3.6402699947357178]"
F212013,50,5,0.01,"[17943.101177749264, 0.03900861740112305]"
F212013,50,5,0.1,"[17943.101177749264, 0.3859391212463379]"
F212013,50,5,0.2,"[17943.101177749264, 0.7518100738525391]"
F212013,50,5,0.3,"[17943.101177749264, 1.1195824146270752]"
F212013,50,5,0.4,"[17943.101177749264, 1.4869420528411865]"
F212013,50,5,0.5,"[17943.101177749264, 1.874563217163086]"
F212013,50,5,0.6,"[17943.101177749264, 2.2403690814971924]"
F212013,50,5,0.7,"[17943.101177749264, 2.606537103652954]"
F212013,50,5,0.8,"[17943.101177749264, 2.971066951751709]"
F212013,50,5,0.9,"[17943.101177749264, 3.3553109169006348]"
F212013,50,5,1.0,"[17943.101177749264, 3.7202606201171875]"
F212013,50,6,0.01,"[43890.436237799244, 0.038774967193603516]"
F212013,50,6,0.1,"[1842.8688355806366, 0.3813021183013916]"
F212013,50,6,0.2,"[365.0686431202057, 0.7431354522705078]"
F212013,50,6,0.3,"[241.89068681402568, 1.10807466506958]"
F212013,50,6,0.4,"[216.16707328074358, 1.4702279567718506]"
F212013,50,6,0.5,"[206.30271562720714, 1.853144645690918]"
F212013,50,6,0.6,"[202.2240534170444, 2.2166519165039062]"
F212013,50,6,0.7,"[200.57597115105784, 2.579435348510742]"
F212013,50,6,0.8,"[200.31626562737847, 2.943612575531006]"
F212013,50,6,0.9,"[200.1305724851942, 3.3269221782684326]"
F212013,50,6,1.0,"[200.03616742772613, 3.6899819374084473]"
F212013,50,7,0.01,"[10453105.963383788, 0.0385284423828125]"
F212013,50,7,0.1,"[4680.125894391698, 0.376467227935791]"
F212013,50,7,0.2,"[452.0410081251896, 0.734306812286377]"
F212013,50,7,0.3,"[430.2561946259159, 1.094069242477417]"
F212013,50,7,0.4,"[422.754076426183, 1.4518523216247559]"
F212013,50,7,0.5,"[416.888245274876, 1.828338384628296]"
F212013,50,7,0.6,"[410.032072929753, 2.186000347137451]"
F212013,50,7,0.7,"[402.23214827564016, 2.5430047512054443]"
F212013,50,7,0.8,"[400.9011871265452, 2.9008548259735107]"
F212013,50,7,0.9,"[400.22436969303567, 3.276608943939209]"
F212013,50,7,1.0,"[400.0612397214845, 3.6335272789001465]"
F212013,50,8,0.01,"[15150.452377236625, 0.03867959976196289]"
F212013,50,8,0.1,"[457.0015077684816, 0.3795180320739746]"
F212013,50,8,0.2,"[433.48579213693415, 0.7392942905426025]"
F212013,50,8,0.3,"[429.50071623773897, 1.1016972064971924]"
F212013,50,8,0.4,"[413.43842565051114, 1.4617362022399902]"
F212013,50,8,0.5,"[406.51300300507046, 1.8410735130310059]"
F212013,50,8,0.6,"[400.6549858002734, 2.2015669345855713]"
F212013,50,8,0.7,"[400.3371968576057, 2.562636375427246]"
F212013,50,8,0.8,"[400.199780468525, 2.9238123893737793]"
F212013,50,8,0.9,"[400.04208064156, 3.3037025928497314]"
F212013,50,8,1.0,"[400.0159287603592, 3.6645796298980713]"
F212013,50,9,0.01,"[20432.39449500635, 0.03896331787109375]"
F212013,50,9,0.1,"[469.48548501148116, 0.3795816898345947]"
F212013,50,9,0.2,"[437.38547068600883, 0.739372968673706]"
F212013,50,9,0.3,"[430.2420771948148, 1.1021990776062012]"
F212013,50,9,0.4,"[428.0626171592678, 1.4640777111053467]"
F212013,50,9,0.5,"[424.85774991313315, 1.856656789779663]"
F212013,50,9,0.6,"[416.10963704168216, 2.2184765338897705]"
F212013,50,9,0.7,"[402.51073406936075, 2.5808520317077637]"
F212013,50,9,0.8,"[401.2859185123118, 2.942822217941284]"
F212013,50,9,0.9,"[400.69072615822665, 3.3244762420654297]"
F212013,50,9,1.0,"[400.14366681782053, 3.686457395553589]"
F212013,50,10,0.01,"[19687.831955146838, 0.03859901428222656]"
F212013,50,10,0.1,"[514.3807220529372, 0.3760826587677002]"
F212013,50,10,0.2,"[438.7864062559115, 0.7328753471374512]"
F212013,50,10,0.3,"[416.8479066375994, 1.0913612842559814]"
F212013,50,10,0.4,"[416.2974927383657, 1.4483363628387451]"
F212013,50,10,0.5,"[410.3793395343682, 1.8358790874481201]"
F212013,50,10,0.6,"[409.5204057634346, 2.1932668685913086]"
F212013,50,10,0.7,"[401.2699932455223, 2.5506677627563477]"
F212013,50,10,0.8,"[400.62295537619684, 2.9074854850769043]"
F212013,50,10,0.9,"[400.26485488767435, 3.2834925651550293]"
F212013,50,10,1.0,"[400.161296315845, 3.641281843185425]"
F212013,50,11,0.01,"[43890.436237799244, 0.038279056549072266]"
F212013,50,11,0.1,"[753.5123862400783, 0.3783102035522461]"
F212013,50,11,0.2,"[338.9390648770425, 0.7376441955566406]"
F212013,50,11,0.3,"[229.9225983294234, 1.1007866859436035]"
F212013,50,11,0.4,"[208.24113033096035, 1.4612021446228027]"
F212013,50,11,0.5,"[203.62560429298958, 1.8403701782226562]"
F212013,50,11,0.6,"[200.49864284065757, 2.198791980743408]"
F212013,50,11,0.7,"[200.29603930635892, 2.5583419799804688]"
F212013,50,11,0.8,"[200.0593563030211, 2.918341875076294]"
F212013,50,11,0.9,"[200.01498855773377, 3.29826021194458]"
F212013,50,11,1.0,"[200.00857731735175, 3.6589035987854004]"
F212013,50,12,0.01,"[43890.436237799244, 0.038684844970703125]"
F212013,50,12,0.1,"[3423.1749764583174, 0.37645936012268066]"
F212013,50,12,0.2,"[1217.4501406821048, 0.7329306602478027]"
F212013,50,12,0.3,"[433.09612922670453, 1.091733455657959]"
F212013,50,12,0.4,"[429.15277743520096, 1.4487669467926025]"
F212013,50,12,0.5,"[415.0076680130114, 1.825789451599121]"
F212013,50,12,0.6,"[410.9884832167579, 2.182723045349121]"
F212013,50,12,0.7,"[403.64054728992824, 2.5399560928344727]"
F212013,50,12,0.8,"[400.6647135643327, 2.8959522247314453]"
F212013,50,12,0.9,"[400.41549394362573, 3.270827054977417]"
F212013,50,12,1.0,"[400.3307702774166, 3.6286401748657227]"
F212013,50,13,0.01,"[46549.79289407885, 0.03889656066894531]"
F212013,50,13,0.1,"[2215.564414217921, 0.3830580711364746]"
F212013,50,13,0.2,"[453.2888061788094, 0.7440896034240723]"
F212013,50,13,0.3,"[432.90962102847493, 1.1047263145446777]"
F212013,50,13,0.4,"[415.8353269513211, 1.4632980823516846]"
F212013,50,13,0.5,"[404.08989715397365, 1.8401100635528564]"
F212013,50,13,0.6,"[401.4954135771977, 2.200543165206909]"
F212013,50,13,0.7,"[400.75063990960757, 2.562805414199829]"
F212013,50,13,0.8,"[400.2346284760954, 2.9231839179992676]"
F212013,50,13,0.9,"[400.07852933015215, 3.303978681564331]"
F212013,50,13,1.0,"[400.0424852194642, 3.664818048477173]"
F212013,50,14,0.01,"[43890.436237799244, 0.03844022750854492]"
F212013,50,14,0.1,"[609.1093766379743, 0.38075757026672363]"
F212013,50,14,0.2,"[391.3618801699606, 0.7437744140625]"
F212013,50,14,0.3,"[252.5288464451428, 1.1095430850982666]"
F212013,50,14,0.4,"[212.05153844060533, 1.4728176593780518]"
F212013,50,14,0.5,"[204.73625916184574, 1.8544161319732666]"
F212013,50,14,0.6,"[201.19492630873503, 2.2180819511413574]"
F212013,50,14,0.7,"[200.34439115151667, 2.5815846920013428]"
F212013,50,14,0.8,"[200.12245898388744, 2.9436886310577393]"
F212013,50,14,0.9,"[200.04901533679708, 3.326890230178833]"
F212013,50,14,1.0,"[200.01006228757842, 3.6901702880859375]"
F212013,50,15,0.01,"[13841.588366238308, 0.03843426704406738]"
F212013,50,15,0.1,"[444.21015127250075, 0.3769536018371582]"
F212013,50,15,0.2,"[430.47916661912245, 0.7338671684265137]"
F212013,50,15,0.3,"[424.7764727957792, 1.093646764755249]"
F212013,50,15,0.4,"[413.4656635171423, 1.451075792312622]"
F212013,50,15,0.5,"[410.5971124932403, 1.8268308639526367]"
F212013,50,15,0.6,"[403.07963789860355, 2.181969404220581]"
F212013,50,15,0.7,"[401.47005086342847, 2.537607431411743]"
F212013,50,15,0.8,"[400.50019945595386, 2.8939008712768555]"
F212013,50,15,0.9,"[400.1026454541643, 3.2696163654327393]"
F212013,50,15,1.0,"[400.04265651925084, 3.6268882751464844]"
F212013,50,16,0.01,"[43890.436237799244, 0.03817582130432129]"
F212013,50,16,0.1,"[735.7971973376764, 0.3743600845336914]"
F212013,50,16,0.2,"[340.36607056071307, 0.7286827564239502]"
F212013,50,16,0.3,"[232.7221520064868, 1.084815263748169]"
F212013,50,16,0.4,"[207.43587342920932, 1.4391608238220215]"
F212013,50,16,0.5,"[202.59052117671013, 1.8122224807739258]"
F212013,50,16,0.6,"[200.59427937211626, 2.165818452835083]"
F212013,50,16,0.7,"[200.1477614110113, 2.519291639328003]"
F212013,50,16,0.8,"[200.0366231294712, 2.873227119445801]"
F212013,50,16,0.9,"[200.00709002111103, 3.2723464965820312]"
F212013,50,16,1.0,"[200.0030592651707, 3.626142740249634]"
F212013,50,17,0.01,"[4222210.224522842, 0.038023948669433594]"
F212013,50,17,0.1,"[11532.518996569703, 0.3764958381652832]"
F212013,50,17,0.2,"[1655.998942748408, 0.73480224609375]"
F212013,50,17,0.3,"[1654.2438036086305, 1.0961923599243164]"
F212013,50,17,0.4,"[1654.2438034521465, 1.4556338787078857]"
F212013,50,17,0.5,"[1654.2438034521465, 1.8341343402862549]"
F212013,50,17,0.6,"[1654.2438034521465, 2.1950268745422363]"
F212013,50,17,0.7,"[1654.2438034521465, 2.552208185195923]"
F212013,50,17,0.8,"[1654.2438034521465, 2.9106223583221436]"
F212013,50,17,0.9,"[1654.2438034521465, 3.288295030593872]"
F212013,50,17,1.0,"[1654.2438034521465, 3.648362159729004]"
F212013,50,18,0.01,"[28626.66714941633, 0.03816556930541992]"
F212013,50,18,0.1,"[604.2755627738484, 0.37920045852661133]"
F212013,50,18,0.2,"[431.9420716783702, 0.7386276721954346]"
F212013,50,18,0.3,"[425.9533291516907, 1.1009032726287842]"
F212013,50,18,0.4,"[424.4320431308306, 1.4591867923736572]"
F212013,50,18,0.5,"[418.7531010883604, 1.836740493774414]"
F212013,50,18,0.6,"[412.17168389849303, 2.194106340408325]"
F212013,50,18,0.7,"[402.97980719567613, 2.550821542739868]"
F212013,50,18,0.8,"[400.9445486198597, 2.9089322090148926]"
F212013,50,18,0.9,"[400.5295908864073, 3.2874298095703125]"
F212013,50,18,1.0,"[400.27777433656274, 3.647775411605835]"
F212013,50,19,0.01,"[43890.436237799244, 0.037779808044433594]"
F212013,50,19,0.1,"[577.0989913499116, 0.37246203422546387]"
F212013,50,19,0.2,"[329.67306391600437, 0.7265703678131104]"
F212013,50,19,0.3,"[253.64194862550812, 1.082472324371338]"
F212013,50,19,0.4,"[210.44096459916204, 1.4371082782745361]"
F212013,50,19,0.5,"[206.19589583650531, 1.810103416442871]"
F212013,50,19,0.6,"[202.3355464128798, 2.165501594543457]"
F212013,50,19,0.7,"[200.5266429213341, 2.520559310913086]"
F212013,50,19,0.8,"[200.192535916643, 2.874943733215332]"
F212013,50,19,0.9,"[200.03499173948273, 3.2479279041290283]"
F212013,50,19,1.0,"[200.01957760392997, 3.603640079498291]"
F212013,50,20,0.01,"[34994.53061690581, 0.03868722915649414]"
F212013,50,20,0.1,"[530.7110855525343, 0.3794128894805908]"
F212013,50,20,0.2,"[429.55189944766494, 0.7385611534118652]"
F212013,50,20,0.3,"[424.69480698034545, 1.1008920669555664]"
F212013,50,20,0.4,"[420.94328855874437, 1.4603419303894043]"
F212013,50,20,0.5,"[410.1111447596804, 1.839383602142334]"
F212013,50,20,0.6,"[404.8602870405557, 2.1993517875671387]"
F212013,50,20,0.7,"[401.4043645734373, 2.558669328689575]"
F212013,50,20,0.8,"[400.75270023551593, 2.918887138366699]"
F212013,50,20,0.9,"[400.26007406762506, 3.298150062561035]"
F212013,50,20,1.0,"[400.06244160338633, 3.658397674560547]"
F212013,50,21,0.01,"[44895.62560775179, 0.03801703453063965]"
F212013,50,21,0.1,"[3429.345483765681, 0.3718292713165283]"
F212013,50,21,0.2,"[2449.719782934155, 0.7260715961456299]"
F212013,50,21,0.3,"[2449.719782934155, 1.0863878726959229]"
F212013,50,21,0.4,"[2449.719782934155, 1.443162202835083]"
F212013,50,21,0.5,"[2449.719782934155, 1.8180592060089111]"
F212013,50,21,0.6,"[2449.719782934155, 2.173999786376953]"
F212013,50,21,0.7,"[2449.719782934155, 2.530304193496704]"
F212013,50,21,0.8,"[2449.719782934155, 2.8865184783935547]"
F212013,50,21,0.9,"[2449.719782934155, 3.2590291500091553]"
F212013,50,21,1.0,"[2449.719782934155, 3.611517906188965]"
F212013,50,22,0.01,"[43890.436237799244, 0.037882328033447266]"
F212013,50,22,0.1,"[2366.24193236207, 0.36945605278015137]"
F212013,50,22,0.2,"[2160.5704321875824, 0.7207357883453369]"
F212013,50,22,0.3,"[453.76341774046614, 1.0729477405548096]"
F212013,50,22,0.4,"[435.2475911999941, 1.42332124710083]"
F212013,50,22,0.5,"[428.3673229328408, 1.7910034656524658]"
F212013,50,22,0.6,"[419.48392313908266, 2.140756130218506]"
F212013,50,22,0.7,"[410.52658655536834, 2.490713357925415]"
F212013,50,22,0.8,"[405.96856602034904, 2.841087818145752]"
F212013,50,22,0.9,"[401.7406536300077, 3.211667537689209]"
F212013,50,22,1.0,"[400.81073140077183, 3.562331199645996]"
F212013,50,23,0.01,"[15288.301124220367, 0.0418698787689209]"
F212013,50,23,0.1,"[980.7018500023214, 0.3779768943786621]"
F212013,50,23,0.2,"[437.824840883354, 0.7326884269714355]"
F212013,50,23,0.3,"[428.3196333848873, 1.0914435386657715]"
F212013,50,23,0.4,"[423.2859089105855, 1.4469034671783447]"
F212013,50,23,0.5,"[417.9279432275032, 1.819913387298584]"
F212013,50,23,0.6,"[412.2836843722582, 2.1746442317962646]"
F212013,50,23,0.7,"[403.7947164781508, 2.5306951999664307]"
F212013,50,23,0.8,"[401.1962668103779, 2.8866989612579346]"
F212013,50,23,0.9,"[400.62948228470964, 3.2620348930358887]"
F212013,50,23,1.0,"[400.15540877275953, 3.6175763607025146]"
F212013,50,24,0.01,"[43890.436237799244, 0.03848004341125488]"
F212013,50,24,0.1,"[697.5637313668387, 0.3770105838775635]"
F212013,50,24,0.2,"[346.54655241846467, 0.7354869842529297]"
F212013,50,24,0.3,"[227.85348983168137, 1.0950202941894531]"
F212013,50,24,0.4,"[209.90506207369447, 1.4531104564666748]"
F212013,50,24,0.5,"[202.8362713231686, 1.8312458992004395]"
F212013,50,24,0.6,"[200.8998298186491, 2.1897263526916504]"
F212013,50,24,0.7,"[200.39496030509815, 2.5485782623291016]"
F212013,50,24,0.8,"[200.0769911314543, 2.9079413414001465]"
F212013,50,24,0.9,"[200.02552427988894, 3.2870941162109375]"
F212013,50,24,1.0,"[200.00767501804592, 3.647085666656494]"
F212013,50,25,0.01,"[43890.436237799244, 0.039002180099487305]"
F212013,50,25,0.1,"[1413.7472129110702, 0.3803825378417969]"
F212013,50,25,0.2,"[497.4711466322294, 0.7424414157867432]"
F212013,50,25,0.3,"[285.14998634141944, 1.1063382625579834]"
F212013,50,25,0.4,"[219.38938472563495, 1.467508316040039]"
F212013,50,25,0.5,"[210.74265171272066, 1.8485264778137207]"
F212013,50,25,0.6,"[202.31988183780413, 2.2113492488861084]"
F212013,50,25,0.7,"[200.6450581413535, 2.573664426803589]"
F212013,50,25,0.8,"[200.31850828440702, 2.934326171875]"
F212013,50,25,0.9,"[200.07758224302654, 3.314927577972412]"
F212013,50,25,1.0,"[200.0226538331002, 3.677633285522461]"
F212013,50,26,0.01,"[43890.436237799244, 0.06896018981933594]"
F212013,50,26,0.1,"[2680.5645816918477, 0.4116342067718506]"
F212013,50,26,0.2,"[2610.4511041835926, 0.7751400470733643]"
F212013,50,26,0.3,"[372.3382508231193, 1.1440308094024658]"
F212013,50,26,0.4,"[257.05861105442943, 1.5086126327514648]"
F212013,50,26,0.5,"[218.99416267385482, 1.8924529552459717]"
F212013,50,26,0.6,"[205.29640889256643, 2.256953239440918]"
F212013,50,26,0.7,"[201.34431496714478, 2.62369441986084]"
F212013,50,26,0.8,"[200.54784821950318, 2.9893829822540283]"
F212013,50,26,0.9,"[200.27515415756602, 3.374441623687744]"
F212013,50,26,1.0,"[200.06909530358894, 3.740234851837158]"
F212013,50,27,0.01,"[43890.436237799244, 0.07094693183898926]"
F212013,50,27,0.1,"[519.7523137638354, 0.42522692680358887]"
F212013,50,27,0.2,"[281.0972216350116, 0.7860970497131348]"
F212013,50,27,0.3,"[240.5383253481258, 1.1498422622680664]"
F212013,50,27,0.4,"[206.491829924091, 1.5115022659301758]"
F212013,50,27,0.5,"[202.62064483397353, 1.8911387920379639]"
F212013,50,27,0.6,"[200.83721264029327, 2.2534711360931396]"
F212013,50,27,0.7,"[200.1867643699877, 2.6153171062469482]"
F212013,50,27,0.8,"[200.12048608864563, 2.976290225982666]"
F212013,50,27,0.9,"[200.01168289809857, 3.3569841384887695]"
F212013,50,27,1.0,"[200.005514904743, 3.7195792198181152]"
F212013,50,28,0.01,"[259676.64090859212, 0.03849053382873535]"
F212013,50,28,0.1,"[519.0793658949942, 0.380234956741333]"
F212013,50,28,0.2,"[441.1705989251441, 0.7407209873199463]"
F212013,50,28,0.3,"[427.533668534767, 1.1029322147369385]"
F212013,50,28,0.4,"[417.57266226053594, 1.4633324146270752]"
F212013,50,28,0.5,"[409.93532602212167, 1.8426859378814697]"
F212013,50,28,0.6,"[401.37383675915135, 2.202345371246338]"
F212013,50,28,0.7,"[400.88576504435605, 2.562350034713745]"
F212013,50,28,0.8,"[400.4806929391982, 2.922410249710083]"
F212013,50,28,0.9,"[400.0731232130229, 3.3021726608276367]"
F212013,50,28,1.0,"[400.0348246706326, 3.6635963916778564]"
F212013,50,29,0.01,"[55358.82755192166, 0.0387110710144043]"
F212013,50,29,0.1,"[580.6137346693044, 0.3786351680755615]"
F212013,50,29,0.2,"[427.1365095296528, 0.7393112182617188]"
F212013,50,29,0.3,"[424.2750952290414, 1.1017627716064453]"
F212013,50,29,0.4,"[415.9164455640573, 1.4634103775024414]"
F212013,50,29,0.5,"[413.08877940728144, 1.8449203968048096]"
F212013,50,29,0.6,"[406.9449508381099, 2.2048847675323486]"
F212013,50,29,0.7,"[402.0395751914332, 2.5654873847961426]"
F212013,50,29,0.8,"[400.7685330508489, 2.9262232780456543]"
F212013,50,29,0.9,"[400.3664491735351, 3.308037757873535]"
F212013,50,29,1.0,"[400.1212328162976, 3.670475482940674]"
F212013,50,30,0.01,"[43890.436237799244, 0.03900408744812012]"
F212013,50,30,0.1,"[43890.22308317952, 0.3827798366546631]"
F212013,50,30,0.2,"[14401.16127467201, 0.7481226921081543]"
F212013,50,30,0.3,"[14401.16127467201, 1.1158289909362793]"
F212013,50,30,0.4,"[14401.16127467201, 1.4814255237579346]"
F212013,50,30,0.5,"[14401.16127467201, 1.8642621040344238]"
F212013,50,30,0.6,"[14401.16127467201, 2.2257466316223145]"
F212013,50,30,0.7,"[14401.16127467201, 2.5904316902160645]"
F212013,50,30,0.8,"[14401.16127467201, 2.95513653755188]"
F212013,50,30,0.9,"[14401.16127467201, 3.3395462036132812]"
F212013,50,30,1.0,"[14401.16127467201, 3.704091787338257]"
F212013,50,31,0.01,"[43890.436237799244, 0.03888273239135742]"
F212013,50,31,0.1,"[793.2938170784091, 0.38011741638183594]"
F212013,50,31,0.2,"[324.98783849968913, 0.7431080341339111]"
F212013,50,31,0.3,"[216.30518413293976, 1.1069021224975586]"
F212013,50,31,0.4,"[207.74891359788853, 1.4714851379394531]"
F212013,50,31,0.5,"[203.7751042722864, 1.8549773693084717]"
F212013,50,31,0.6,"[200.56571592120622, 2.219301462173462]"
F212013,50,31,0.7,"[200.28764072775925, 2.582759380340576]"
F212013,50,31,0.8,"[200.06205939326276, 2.9464399814605713]"
F212013,50,31,0.9,"[200.01454390848357, 3.354800224304199]"
F212013,50,31,1.0,"[200.00350949879362, 3.720669984817505]"
F212013,50,32,0.01,"[14239.33830248271, 0.03870415687561035]"
F212013,50,32,0.1,"[479.3993875964252, 0.3801388740539551]"
F212013,50,32,0.2,"[435.9828347774203, 0.7403180599212646]"
F212013,50,32,0.3,"[423.0901134181024, 1.1021528244018555]"
F212013,50,32,0.4,"[416.00359897677686, 1.463449478149414]"
F212013,50,32,0.5,"[406.5778633011623, 1.8441383838653564]"
F212013,50,32,0.6,"[402.1693839640136, 2.2064170837402344]"
F212013,50,32,0.7,"[400.8074521367912, 2.568537712097168]"
F212013,50,32,0.8,"[400.386642448394, 2.9313206672668457]"
F212013,50,32,0.9,"[400.17267206606743, 3.31451416015625]"
F212013,50,32,1.0,"[400.0984525698252, 3.677849054336548]"
F212013,50,33,0.01,"[51111.7660140585, 0.03881382942199707]"
F212013,50,33,0.1,"[518.8853105411868, 0.3809928894042969]"
F212013,50,33,0.2,"[445.42972975673683, 0.7427144050598145]"
F212013,50,33,0.3,"[428.99983163088564, 1.1053566932678223]"
F212013,50,33,0.4,"[417.8247580439329, 1.4669597148895264]"
F212013,50,33,0.5,"[411.27611257391345, 1.8490047454833984]"
F212013,50,33,0.6,"[401.5953206649219, 2.2116503715515137]"
F212013,50,33,0.7,"[400.44622789359687, 2.5736355781555176]"
F212013,50,33,0.8,"[400.2591548416467, 2.933044195175171]"
F212013,50,33,0.9,"[400.0765146359038, 3.3130903244018555]"
F212013,50,33,1.0,"[400.02643379876326, 3.675384283065796]"
F212013,50,34,0.01,"[43890.436237799244, 0.03876638412475586]"
F212013,50,34,0.1,"[949.5373811377262, 0.38146424293518066]"
F212013,50,34,0.2,"[312.4223355488068, 0.7442359924316406]"
F212013,50,34,0.3,"[241.17803925142073, 1.1084930896759033]"
F212013,50,34,0.4,"[208.7932627314499, 1.471256971359253]"
F212013,50,34,0.5,"[201.60432611837177, 1.8536155223846436]"
F212013,50,34,0.6,"[200.3717176163167, 2.2192835807800293]"
F212013,50,34,0.7,"[200.09116885375738, 2.583026647567749]"
F212013,50,34,0.8,"[200.02791832076502, 2.9441847801208496]"
F212013,50,34,0.9,"[200.0024375412355, 3.325741767883301]"
F212013,50,34,1.0,"[200.00066418374638, 3.6888370513916016]"
F212013,50,35,0.01,"[18734.494422725198, 0.03879737854003906]"
F212013,50,35,0.1,"[479.8058788968722, 0.37874484062194824]"
F212013,50,35,0.2,"[432.91406591051987, 0.7364625930786133]"
F212013,50,35,0.3,"[432.91406591051987, 1.0931270122528076]"
F212013,50,35,0.4,"[432.91406591051987, 1.4485669136047363]"
F212013,50,35,0.5,"[432.91406591051987, 1.8223974704742432]"
F212013,50,35,0.6,"[432.91406591051987, 2.17677903175354]"
F212013,50,35,0.7,"[432.91406591051987, 2.5314760208129883]"
F212013,50,35,0.8,"[432.91406591051987, 2.887678384780884]"
F212013,50,35,0.9,"[432.91406591051987, 3.2624361515045166]"
F212013,50,35,1.0,"[432.91406591051987, 3.6192822456359863]"
F212013,50,36,0.01,"[24823.414445586437, 0.038504600524902344]"
F212013,50,36,0.1,"[443.3630526030631, 0.3806631565093994]"
F212013,50,36,0.2,"[430.8708941293444, 0.7419121265411377]"
F212013,50,36,0.3,"[426.6847469058673, 1.1031825542449951]"
F212013,50,36,0.4,"[419.8363387651975, 1.4638779163360596]"
F212013,50,36,0.5,"[410.5709059431929, 1.84285306930542]"
F212013,50,36,0.6,"[402.77515423581985, 2.2037999629974365]"
F212013,50,36,0.7,"[400.8757551742251, 2.5656588077545166]"
F212013,50,36,0.8,"[400.4351088779308, 2.9255993366241455]"
F212013,50,36,0.9,"[400.1810362506242, 3.3059864044189453]"
F212013,50,36,1.0,"[400.06663953782663, 3.6680314540863037]"
F212013,50,37,0.01,"[13554.639460359087, 0.03811907768249512]"
F212013,50,37,0.1,"[2966.9588190473733, 0.3777618408203125]"
F212013,50,37,0.2,"[447.07893854549275, 0.7367968559265137]"
F212013,50,37,0.3,"[429.71152535469855, 1.0971133708953857]"
F212013,50,37,0.4,"[421.8082012879206, 1.4553325176239014]"
F212013,50,37,0.5,"[418.12796138790645, 1.8331718444824219]"
F212013,50,37,0.6,"[409.88136434246917, 2.192676067352295]"
F212013,50,37,0.7,"[406.18086321032683, 2.552274227142334]"
F212013,50,37,0.8,"[402.04303916633194, 2.9121720790863037]"
F212013,50,37,0.9,"[400.7866492047742, 3.2917628288269043]"
F212013,50,37,1.0,"[400.26918359250203, 3.6515109539031982]"
F212013,50,38,0.01,"[34060.26910743915, 0.038790225982666016]"
F212013,50,38,0.1,"[3808.492020654112, 0.38097190856933594]"
F212013,50,38,0.2,"[1654.245331813574, 0.7420477867126465]"
F212013,50,38,0.3,"[1654.2452619103647, 1.1097240447998047]"
F212013,50,38,0.4,"[1654.2452618928155, 1.4780247211456299]"
F212013,50,38,0.5,"[1654.2452618838506, 1.8654179573059082]"
F212013,50,38,0.6,"[1654.2452618838506, 2.233006000518799]"
F212013,50,38,0.7,"[1654.2452618838506, 2.5995399951934814]"
F212013,50,38,0.8,"[1654.2452618838506, 2.964268922805786]"
F212013,50,38,0.9,"[1654.2452618838506, 3.349487543106079]"
F212013,50,38,1.0,"[1654.2452618838506, 3.7158620357513428]"
F212013,50,39,0.01,"[14141.526440260339, 0.03842973709106445]"
F212013,50,39,0.1,"[1249.6338150131264, 0.3780386447906494]"
F212013,50,39,0.2,"[439.2499765906955, 0.7357840538024902]"
F212013,50,39,0.3,"[429.9509577393194, 1.0959503650665283]"
F212013,50,39,0.4,"[423.2088158683098, 1.4544131755828857]"
F212013,50,39,0.5,"[411.4041996504243, 1.830836534500122]"
F212013,50,39,0.6,"[408.4815631044801, 2.1896770000457764]"
F212013,50,39,0.7,"[401.68805805950615, 2.5499026775360107]"
F212013,50,39,0.8,"[400.32495532623875, 2.910421371459961]"
F212013,50,39,0.9,"[400.2592154195836, 3.2887027263641357]"
F212013,50,39,1.0,"[400.18932268030767, 3.648116111755371]"
F212013,50,40,0.01,"[1433386.000252861, 0.08246326446533203]"
F212013,50,40,0.1,"[1088.699238654959, 0.43413472175598145]"
F212013,50,40,0.2,"[445.052879371749, 0.7978599071502686]"
F212013,50,40,0.3,"[430.9206329675401, 1.164158582687378]"
F212013,50,40,0.4,"[421.32241549870264, 1.5273938179016113]"
F212013,50,40,0.5,"[416.41213586675167, 1.9097137451171875]"
F212013,50,40,0.6,"[401.89083116579354, 2.2747044563293457]"
F212013,50,40,0.7,"[400.7660697655615, 2.6385459899902344]"
F212013,50,40,0.8,"[400.5267725404335, 3.0015969276428223]"
F212013,50,40,0.9,"[400.14758562566317, 3.385662078857422]"
F212013,50,40,1.0,"[400.03139720254603, 3.750105619430542]"
F212013,50,41,0.01,"[43890.436237799244, 0.037949323654174805]"
F212013,50,41,0.1,"[43890.436237799244, 0.38400697708129883]"
F212013,50,41,0.2,"[43890.436237799244, 0.7511796951293945]"
F212013,50,41,0.3,"[43890.436237799244, 1.1190845966339111]"
F212013,50,41,0.4,"[43890.436237799244, 1.4843223094940186]"
F212013,50,41,0.5,"[43890.436237799244, 1.871424913406372]"
F212013,50,41,0.6,"[43890.436237799244, 2.2387595176696777]"
F212013,50,41,0.7,"[43890.436237799244, 2.607806444168091]"
F212013,50,41,0.8,"[43890.436237799244, 2.9768402576446533]"
F212013,50,41,0.9,"[43890.436237799244, 3.364924192428589]"
F212013,50,41,1.0,"[43890.436237799244, 3.733417272567749]"
F212013,50,42,0.01,"[19946.610439726035, 0.03859066963195801]"
F212013,50,42,0.1,"[468.4634157473729, 0.38341307640075684]"
F212013,50,42,0.2,"[427.8553350219895, 0.7479367256164551]"
F212013,50,42,0.3,"[421.8739674335734, 1.1131718158721924]"
F212013,50,42,0.4,"[419.01362468862294, 1.4781436920166016]"
F212013,50,42,0.5,"[411.66412552627753, 1.861145257949829]"
F212013,50,42,0.6,"[403.360778578658, 2.226449489593506]"
F212013,50,42,0.7,"[400.7666363870769, 2.5916128158569336]"
F212013,50,42,0.8,"[400.51988778545183, 2.9548232555389404]"
F212013,50,42,0.9,"[400.0918622085669, 3.339322090148926]"
F212013,50,42,1.0,"[400.0518777666093, 3.7044501304626465]"
F212013,50,43,0.01,"[43890.436237799244, 0.03835129737854004]"
F212013,50,43,0.1,"[847.9831286151843, 0.38271546363830566]"
F212013,50,43,0.2,"[316.7346419914595, 0.747685432434082]"
F212013,50,43,0.3,"[224.4457698727697, 1.1143698692321777]"
F212013,50,43,0.4,"[207.53835742138006, 1.4789936542510986]"
F212013,50,43,0.5,"[202.22738908523434, 1.8631327152252197]"
F212013,50,43,0.6,"[200.6491867009438, 2.227511405944824]"
F212013,50,43,0.7,"[200.189489311844, 2.5919291973114014]"
F212013,50,43,0.8,"[200.04111287768524, 2.9557745456695557]"
F212013,50,43,0.9,"[200.01529927998376, 3.3395369052886963]"
F212013,50,43,1.0,"[200.00373987180615, 3.705653190612793]"
F212013,50,44,0.01,"[43890.436237799244, 0.03840374946594238]"
F212013,50,44,0.1,"[7933.141348226844, 0.38522934913635254]"
F212013,50,44,0.2,"[438.62502335544355, 0.7527101039886475]"
F212013,50,44,0.3,"[298.50519718165276, 1.1211299896240234]"
F212013,50,44,0.4,"[260.32464313696346, 1.488011121749878]"
F212013,50,44,0.5,"[208.0991285681671, 1.8735671043395996]"
F212013,50,44,0.6,"[203.90344334340568, 2.240000009536743]"
F212013,50,44,0.7,"[201.7687420396269, 2.6066346168518066]"
F212013,50,44,0.8,"[200.6782661472414, 2.9738004207611084]"
F212013,50,44,0.9,"[200.14810044447438, 3.361083507537842]"
F212013,50,44,1.0,"[200.0634422406232, 3.729107141494751]"
F212013,50,45,0.01,"[43890.436237799244, 0.03887605667114258]"
F212013,50,45,0.1,"[2508.512592094318, 0.3868370056152344]"
F212013,50,45,0.2,"[351.6253831912411, 0.7550764083862305]"
F212013,50,45,0.3,"[228.92628824350254, 1.1247079372406006]"
F212013,50,45,0.4,"[214.8994155440505, 1.4918415546417236]"
F212013,50,45,0.5,"[206.49974452789775, 1.877486228942871]"
F212013,50,45,0.6,"[201.407331453525, 2.2440402507781982]"
F212013,50,45,0.7,"[200.50762561322892, 2.6093695163726807]"
F212013,50,45,0.8,"[200.14099951586445, 2.9759163856506348]"
F212013,50,45,0.9,"[200.05712432577957, 3.3624281883239746]"
F212013,50,45,1.0,"[200.01621248585525, 3.7287778854370117]"
F212013,50,46,0.01,"[22488.919899314704, 0.0773935317993164]"
F212013,50,46,0.1,"[579.5866707499606, 0.4201359748840332]"
F212013,50,46,0.2,"[433.20893285348166, 0.7830259799957275]"
F212013,50,46,0.3,"[422.98644615369517, 1.1465544700622559]"
F212013,50,46,0.4,"[415.36501527251266, 1.509040355682373]"
F212013,50,46,0.5,"[404.92922457619306, 1.8914103507995605]"
F212013,50,46,0.6,"[401.5493096961227, 2.254887819290161]"
F212013,50,46,0.7,"[400.9795088696378, 2.6192963123321533]"
F212013,50,46,0.8,"[400.36058324642, 2.982713222503662]"
F212013,50,46,0.9,"[400.14082329879125, 3.3660237789154053]"
F212013,50,46,1.0,"[400.04436397678455, 3.7303366661071777]"
F212013,50,47,0.01,"[43890.436237799244, 0.038667917251586914]"
F212013,50,47,0.1,"[537.1290765424774, 0.3830230236053467]"
F212013,50,47,0.2,"[409.96905652197347, 0.7467961311340332]"
F212013,50,47,0.3,"[243.22379406621144, 1.114248514175415]"
F212013,50,47,0.4,"[217.15394889587174, 1.4788150787353516]"
F212013,50,47,0.5,"[204.81275914285493, 1.8621978759765625]"
F212013,50,47,0.6,"[201.15067734197146, 2.2285494804382324]"
F212013,50,47,0.7,"[200.35416679122977, 2.594708204269409]"
F212013,50,47,0.8,"[200.10297287100207, 2.959331750869751]"
F212013,50,47,0.9,"[200.02554560628437, 3.3453052043914795]"
F212013,50,47,1.0,"[200.00548409528972, 3.7112338542938232]"
F212013,50,48,0.01,"[27236.246590763192, 0.03776812553405762]"
F212013,50,48,0.1,"[1385.9349138264097, 0.37322998046875]"
F212013,50,48,0.2,"[444.0651829500589, 0.7278156280517578]"
F212013,50,48,0.3,"[433.84254267037295, 1.0814874172210693]"
F212013,50,48,0.4,"[424.0302379870536, 1.436021089553833]"
F212013,50,48,0.5,"[416.48612452249563, 1.807490348815918]"
F212013,50,48,0.6,"[414.05624842519046, 2.1610734462738037]"
F212013,50,48,0.7,"[409.61365970134284, 2.5147228240966797]"
F212013,50,48,0.8,"[401.07169087762713, 2.867396831512451]"
F212013,50,48,0.9,"[400.3895697829539, 3.2384045124053955]"
F212013,50,48,1.0,"[400.22437319837854, 3.59063458442688]"
F212013,50,49,0.01,"[13353.046802920913, 0.0374147891998291]"
F212013,50,49,0.1,"[483.5313188217265, 0.3723602294921875]"
F212013,50,49,0.2,"[440.7617016773538, 0.7243571281433105]"
F212013,50,49,0.3,"[428.0212967830603, 1.0770089626312256]"
F212013,50,49,0.4,"[423.62263013623397, 1.430311679840088]"
F212013,50,49,0.5,"[411.9835473279261, 1.8008065223693848]"
F212013,50,49,0.6,"[406.310402768358, 2.153940439224243]"
F212013,50,49,0.7,"[402.1447465071826, 2.507030963897705]"
F212013,50,49,0.8,"[400.9749767377273, 2.8613667488098145]"
F212013,50,49,0.9,"[400.4300888341663, 3.2322540283203125]"
F212013,50,49,1.0,"[400.1754880566234, 3.5850632190704346]"
F212013,50,50,0.01,"[44895.62560775179, 0.037450551986694336]"
F212013,50,50,0.1,"[2525.695013297688, 0.3708357810974121]"
F212013,50,50,0.2,"[1541.283885925035, 0.7227134704589844]"
F212013,50,50,0.3,"[432.85356864271193, 1.0734755992889404]"
F212013,50,50,0.4,"[425.3497381691286, 1.424259901046753]"
F212013,50,50,0.5,"[421.6522827365975, 1.7936515808105469]"
F212013,50,50,0.6,"[416.26893958325445, 2.1436636447906494]"
F212013,50,50,0.7,"[414.76858749495386, 2.4942517280578613]"
F212013,50,50,0.8,"[400.8865533746705, 2.8459219932556152]"
F212013,50,50,0.9,"[400.4983079577496, 3.216063976287842]"
F212013,50,50,1.0,"[400.3581184983632, 3.5688438415527344]"
