function,dimension,run,checkpoint,error
F182013,10,0,0.01,"[1478.7261971274102, 0.009384393692016602]"
F182013,10,0,0.1,"[1404.2950971736077, 0.05988454818725586]"
F182013,10,0,0.2,"[1404.2950971736077, 0.05988812446594238]"
F182013,10,0,0.3,"[1404.2950971736077, 0.0598902702331543]"
F182013,10,0,0.4,"[1404.2950971736077, 0.05989193916320801]"
F182013,10,0,0.5,"[1404.2950971736077, 0.05989384651184082]"
F182013,10,0,0.6,"[1404.2950971736077, 0.059895992279052734]"
F182013,10,0,0.7,"[1404.2950971736077, 0.059897661209106445]"
F182013,10,0,0.8,"[1404.2950971736077, 0.05990028381347656]"
F182013,10,0,0.9,"[1404.2950971736077, 0.059902191162109375]"
F182013,10,0,1.0,"[1404.2950971736077, 0.059903860092163086]"
F182013,10,1,0.01,"[1017.9748349572474, 0.009235143661499023]"
F182013,10,1,0.1,"[942.360094088885, 0.05106067657470703]"
F182013,10,1,0.2,"[942.360094088885, 0.051064252853393555]"
F182013,10,1,0.3,"[942.360094088885, 0.05106639862060547]"
F182013,10,1,0.4,"[942.360094088885, 0.05106830596923828]"
F182013,10,1,0.5,"[942.360094088885, 0.051070451736450195]"
F182013,10,1,0.6,"[942.360094088885, 0.05107235908508301]"
F182013,10,1,0.7,"[942.360094088885, 0.05107426643371582]"
F182013,10,1,0.8,"[942.360094088885, 0.051076412200927734]"
F182013,10,1,0.9,"[942.360094088885, 0.051078081130981445]"
F182013,10,1,1.0,"[942.360094088885, 0.05107998847961426]"
F182013,10,2,0.01,"[1351.24281679476, 0.009380102157592773]"
F182013,10,2,0.1,"[1306.7426123405146, 0.05858874320983887]"
F182013,10,2,0.2,"[1306.7426123405146, 0.05859231948852539]"
F182013,10,2,0.3,"[1306.7426123405146, 0.058594465255737305]"
F182013,10,2,0.4,"[1306.7426123405146, 0.058596134185791016]"
F182013,10,2,0.5,"[1306.7426123405146, 0.05859851837158203]"
F182013,10,2,0.6,"[1306.7426123405146, 0.05860018730163574]"
F182013,10,2,0.7,"[1306.7426123405146, 0.058602094650268555]"
F182013,10,2,0.8,"[1306.7426123405146, 0.05860400199890137]"
F182013,10,2,0.9,"[1306.7426123405146, 0.05860614776611328]"
F182013,10,2,1.0,"[1306.7426123405146, 0.05860781669616699]"
F182013,10,3,0.01,"[1056.9306796631874, 0.009293556213378906]"
F182013,10,3,0.1,"[1056.9306796631874, 0.04104781150817871]"
F182013,10,3,0.2,"[1056.9306796631874, 0.041051626205444336]"
F182013,10,3,0.3,"[1056.9306796631874, 0.04105377197265625]"
F182013,10,3,0.4,"[1056.9306796631874, 0.04105567932128906]"
F182013,10,3,0.5,"[1056.9306796631874, 0.04105782508850098]"
F182013,10,3,0.6,"[1056.9306796631874, 0.04105973243713379]"
F182013,10,3,0.7,"[1056.9306796631874, 0.0410614013671875]"
F182013,10,3,0.8,"[1056.9306796631874, 0.041063547134399414]"
F182013,10,3,0.9,"[1056.9306796631874, 0.04106569290161133]"
F182013,10,3,1.0,"[1056.9306796631874, 0.04106760025024414]"
F182013,10,4,0.01,"[1116.4647794212394, 0.009249210357666016]"
F182013,10,4,0.1,"[828.4918865753275, 0.05888247489929199]"
F182013,10,4,0.2,"[828.4918865753275, 0.058886051177978516]"
F182013,10,4,0.3,"[828.4918865753275, 0.05888843536376953]"
F182013,10,4,0.4,"[828.4918865753275, 0.058890342712402344]"
F182013,10,4,0.5,"[828.4918865753275, 0.05889248847961426]"
F182013,10,4,0.6,"[828.4918865753275, 0.05889415740966797]"
F182013,10,4,0.7,"[828.4918865753275, 0.05889606475830078]"
F182013,10,4,0.8,"[828.4918865753275, 0.05889773368835449]"
F182013,10,4,0.9,"[828.4918865753275, 0.058899879455566406]"
F182013,10,4,1.0,"[828.4918865753275, 0.05890178680419922]"
F182013,10,5,0.01,"[1085.0203283921621, 0.010680675506591797]"
F182013,10,5,0.1,"[1017.0322545064296, 0.06040310859680176]"
F182013,10,5,0.2,"[1017.0322545064296, 0.06040668487548828]"
F182013,10,5,0.3,"[1017.0322545064296, 0.0604090690612793]"
F182013,10,5,0.4,"[1017.0322545064296, 0.06041073799133301]"
F182013,10,5,0.5,"[1017.0322545064296, 0.06041288375854492]"
F182013,10,5,0.6,"[1017.0322545064296, 0.060414791107177734]"
F182013,10,5,0.7,"[1017.0322545064296, 0.06041669845581055]"
F182013,10,5,0.8,"[1017.0322545064296, 0.06041860580444336]"
F182013,10,5,0.9,"[1017.0322545064296, 0.06042051315307617]"
F182013,10,5,1.0,"[1017.0322545064296, 0.060422420501708984]"
F182013,10,6,0.01,"[1785.6927675188563, 0.009444713592529297]"
F182013,10,6,0.1,"[1692.1682069848275, 0.06834793090820312]"
F182013,10,6,0.2,"[1692.1682069848275, 0.06835174560546875]"
F182013,10,6,0.3,"[1692.1682069848275, 0.06835412979125977]"
F182013,10,6,0.4,"[1692.1682069848275, 0.06835627555847168]"
F182013,10,6,0.5,"[1692.1682069848275, 0.0683586597442627]"
F182013,10,6,0.6,"[1692.1682069848275, 0.06836080551147461]"
F182013,10,6,0.7,"[1692.1682069848275, 0.06836247444152832]"
F182013,10,6,0.8,"[1692.1682069848275, 0.06836509704589844]"
F182013,10,6,0.9,"[1692.1682069848275, 0.06836676597595215]"
F182013,10,6,1.0,"[1692.1682069848275, 0.06836891174316406]"
F182013,10,7,0.01,"[2778.8591939484595, 0.00914621353149414]"
F182013,10,7,0.1,"[2679.0667311523725, 0.05933570861816406]"
F182013,10,7,0.2,"[2679.0667311523725, 0.059339284896850586]"
F182013,10,7,0.3,"[2679.0667311523725, 0.0593416690826416]"
F182013,10,7,0.4,"[2679.0667311523725, 0.05934333801269531]"
F182013,10,7,0.5,"[2679.0667311523725, 0.05934572219848633]"
F182013,10,7,0.6,"[2679.0667311523725, 0.05934786796569824]"
F182013,10,7,0.7,"[2679.0667311523725, 0.05934929847717285]"
F182013,10,7,0.8,"[2679.0667311523725, 0.059351444244384766]"
F182013,10,7,0.9,"[2679.0667311523725, 0.05935335159301758]"
F182013,10,7,1.0,"[2679.0667311523725, 0.05935525894165039]"
F182013,10,8,0.01,"[1851.2720369805793, 0.00907135009765625]"
F182013,10,8,0.1,"[1772.2616742783252, 0.06997060775756836]"
F182013,10,8,0.2,"[1772.2616742783252, 0.06997442245483398]"
F182013,10,8,0.3,"[1772.2616742783252, 0.069976806640625]"
F182013,10,8,0.4,"[1772.2616742783252, 0.06997823715209961]"
F182013,10,8,0.5,"[1772.2616742783252, 0.06998085975646973]"
F182013,10,8,0.6,"[1772.2616742783252, 0.06998252868652344]"
F182013,10,8,0.7,"[1772.2616742783252, 0.06998419761657715]"
F182013,10,8,0.8,"[1772.2616742783252, 0.06998610496520996]"
F182013,10,8,0.9,"[1772.2616742783252, 0.06998825073242188]"
F182013,10,8,1.0,"[1772.2616742783252, 0.06999063491821289]"
F182013,10,9,0.01,"[1993.0268098716156, 0.009279966354370117]"
F182013,10,9,0.1,"[1944.0064563793749, 0.05026531219482422]"
F182013,10,9,0.2,"[1944.0064563793749, 0.05026888847351074]"
F182013,10,9,0.3,"[1944.0064563793749, 0.05027127265930176]"
F182013,10,9,0.4,"[1944.0064563793749, 0.05027341842651367]"
F182013,10,9,0.5,"[1944.0064563793749, 0.050275564193725586]"
F182013,10,9,0.6,"[1944.0064563793749, 0.0502774715423584]"
F182013,10,9,0.7,"[1944.0064563793749, 0.05027937889099121]"
F182013,10,9,0.8,"[1944.0064563793749, 0.050281524658203125]"
F182013,10,9,0.9,"[1944.0064563793749, 0.05028367042541504]"
F182013,10,9,1.0,"[1944.0064563793749, 0.05028557777404785]"
F182013,10,10,0.01,"[1695.4895890241223, 0.00929570198059082]"
F182013,10,10,0.1,"[1614.8631489945064, 0.06509900093078613]"
F182013,10,10,0.2,"[1614.8631489945064, 0.06510329246520996]"
F182013,10,10,0.3,"[1614.8631489945064, 0.06510567665100098]"
F182013,10,10,0.4,"[1614.8631489945064, 0.06510782241821289]"
F182013,10,10,0.5,"[1614.8631489945064, 0.0651102066040039]"
F182013,10,10,0.6,"[1614.8631489945064, 0.06511211395263672]"
F182013,10,10,0.7,"[1614.8631489945064, 0.06511402130126953]"
F182013,10,10,0.8,"[1614.8631489945064, 0.06511616706848145]"
F182013,10,10,0.9,"[1614.8631489945064, 0.06511807441711426]"
F182013,10,10,1.0,"[1614.8631489945064, 0.06512022018432617]"
F182013,10,11,0.01,"[1918.0053452198017, 0.009305000305175781]"
F182013,10,11,0.1,"[1082.796056857807, 0.08339142799377441]"
F182013,10,11,0.2,"[1082.796056857807, 0.08339524269104004]"
F182013,10,11,0.3,"[1082.796056857807, 0.08339762687683105]"
F182013,10,11,0.4,"[1082.796056857807, 0.08339929580688477]"
F182013,10,11,0.5,"[1082.796056857807, 0.08340144157409668]"
F182013,10,11,0.6,"[1082.796056857807, 0.08340311050415039]"
F182013,10,11,0.7,"[1082.796056857807, 0.0834052562713623]"
F182013,10,11,0.8,"[1082.796056857807, 0.08340787887573242]"
F182013,10,11,0.9,"[1082.796056857807, 0.08340930938720703]"
F182013,10,11,1.0,"[1082.796056857807, 0.08341145515441895]"
F182013,10,12,0.01,"[2053.549447847459, 0.009198188781738281]"
F182013,10,12,0.1,"[2010.5642859577556, 0.06370663642883301]"
F182013,10,12,0.2,"[2010.5642859577556, 0.06371092796325684]"
F182013,10,12,0.3,"[2010.5642859577556, 0.06371331214904785]"
F182013,10,12,0.4,"[2010.5642859577556, 0.06371498107910156]"
F182013,10,12,0.5,"[2010.5642859577556, 0.06371736526489258]"
F182013,10,12,0.6,"[2010.5642859577556, 0.06371927261352539]"
F182013,10,12,0.7,"[2010.5642859577556, 0.0637211799621582]"
F182013,10,12,0.8,"[2010.5642859577556, 0.06372332572937012]"
F182013,10,12,0.9,"[2010.5642859577556, 0.06372523307800293]"
F182013,10,12,1.0,"[2010.5642859577556, 0.06372737884521484]"
F182013,10,13,0.01,"[844.2111695494063, 0.009092569351196289]"
F182013,10,13,0.1,"[783.4072551662084, 0.06734943389892578]"
F182013,10,13,0.2,"[783.4072551662084, 0.0673530101776123]"
F182013,10,13,0.3,"[783.4072551662084, 0.06735515594482422]"
F182013,10,13,0.4,"[783.4072551662084, 0.06735682487487793]"
F182013,10,13,0.5,"[783.4072551662084, 0.06735944747924805]"
F182013,10,13,0.6,"[783.4072551662084, 0.06736111640930176]"
F182013,10,13,0.7,"[783.4072551662084, 0.06736302375793457]"
F182013,10,13,0.8,"[783.4072551662084, 0.06736540794372559]"
F182013,10,13,0.9,"[783.4072551662084, 0.0673673152923584]"
F182013,10,13,1.0,"[783.4072551662084, 0.06736922264099121]"
F182013,10,14,0.01,"[1958.551285433885, 0.0221405029296875]"
F182013,10,14,0.1,"[1872.1272836941844, 0.05423736572265625]"
F182013,10,14,0.2,"[1872.1272836941844, 0.05424046516418457]"
F182013,10,14,0.3,"[1872.1272836941844, 0.05424237251281738]"
F182013,10,14,0.4,"[1872.1272836941844, 0.054244279861450195]"
F182013,10,14,0.5,"[1872.1272836941844, 0.05424642562866211]"
F182013,10,14,0.6,"[1872.1272836941844, 0.05424809455871582]"
F182013,10,14,0.7,"[1872.1272836941844, 0.05425000190734863]"
F182013,10,14,0.8,"[1872.1272836941844, 0.054251909255981445]"
F182013,10,14,0.9,"[1872.1272836941844, 0.05425381660461426]"
F182013,10,14,1.0,"[1872.1272836941844, 0.05425548553466797]"
F182013,10,15,0.01,"[2309.980588310926, 0.009344100952148438]"
F182013,10,15,0.1,"[2283.134106778477, 0.053154706954956055]"
F182013,10,15,0.2,"[2283.134106778477, 0.05315828323364258]"
F182013,10,15,0.3,"[2283.134106778477, 0.053160667419433594]"
F182013,10,15,0.4,"[2283.134106778477, 0.05316281318664551]"
F182013,10,15,0.5,"[2283.134106778477, 0.05316472053527832]"
F182013,10,15,0.6,"[2283.134106778477, 0.05316662788391113]"
F182013,10,15,0.7,"[2283.134106778477, 0.053168535232543945]"
F182013,10,15,0.8,"[2283.134106778477, 0.05317068099975586]"
F182013,10,15,0.9,"[2283.134106778477, 0.05317258834838867]"
F182013,10,15,1.0,"[2283.134106778477, 0.053174495697021484]"
F182013,10,16,0.01,"[1809.141169906432, 0.00919342041015625]"
F182013,10,16,0.1,"[1776.3450808031225, 0.042496442794799805]"
F182013,10,16,0.2,"[1776.3450808031225, 0.042499542236328125]"
F182013,10,16,0.3,"[1776.3450808031225, 0.04250216484069824]"
F182013,10,16,0.4,"[1776.3450808031225, 0.042504310607910156]"
F182013,10,16,0.5,"[1776.3450808031225, 0.04250645637512207]"
F182013,10,16,0.6,"[1776.3450808031225, 0.04250836372375488]"
F182013,10,16,0.7,"[1776.3450808031225, 0.04251670837402344]"
F182013,10,16,0.8,"[1776.3450808031225, 0.04251909255981445]"
F182013,10,16,0.9,"[1776.3450808031225, 0.042520761489868164]"
F182013,10,16,1.0,"[1776.3450808031225, 0.042522430419921875]"
F182013,10,17,0.01,"[1314.6772202857135, 0.009218692779541016]"
F182013,10,17,0.1,"[1172.2213725957565, 0.06377863883972168]"
F182013,10,17,0.2,"[1172.2213725957565, 0.0637822151184082]"
F182013,10,17,0.3,"[1172.2213725957565, 0.06378436088562012]"
F182013,10,17,0.4,"[1172.2213725957565, 0.06378626823425293]"
F182013,10,17,0.5,"[1172.2213725957565, 0.06378865242004395]"
F182013,10,17,0.6,"[1172.2213725957565, 0.06379055976867676]"
F182013,10,17,0.7,"[1172.2213725957565, 0.06379246711730957]"
F182013,10,17,0.8,"[1172.2213725957565, 0.06379437446594238]"
F182013,10,17,0.9,"[1172.2213725957565, 0.0637965202331543]"
F182013,10,17,1.0,"[1172.2213725957565, 0.06379818916320801]"
F182013,10,18,0.01,"[915.1028159416855, 0.009342193603515625]"
F182013,10,18,0.1,"[877.8879540973664, 0.06746315956115723]"
F182013,10,18,0.2,"[877.8879540973664, 0.06746625900268555]"
F182013,10,18,0.3,"[877.8879540973664, 0.06746864318847656]"
F182013,10,18,0.4,"[877.8879540973664, 0.06747007369995117]"
F182013,10,18,0.5,"[877.8879540973664, 0.06747221946716309]"
F182013,10,18,0.6,"[877.8879540973664, 0.0674736499786377]"
F182013,10,18,0.7,"[877.8879540973664, 0.06747555732727051]"
F182013,10,18,0.8,"[877.8879540973664, 0.06747746467590332]"
F182013,10,18,0.9,"[877.8879540973664, 0.06747937202453613]"
F182013,10,18,1.0,"[877.8879540973664, 0.06748104095458984]"
F182013,10,19,0.01,"[2392.446283847736, 0.009215116500854492]"
F182013,10,19,0.1,"[2361.1120602914775, 0.050848960876464844]"
F182013,10,19,0.2,"[2361.1120602914775, 0.050852298736572266]"
F182013,10,19,0.3,"[2361.1120602914775, 0.05085468292236328]"
F182013,10,19,0.4,"[2361.1120602914775, 0.05085635185241699]"
F182013,10,19,0.5,"[2361.1120602914775, 0.05085873603820801]"
F182013,10,19,0.6,"[2361.1120602914775, 0.05086064338684082]"
F182013,10,19,0.7,"[2361.1120602914775, 0.05086207389831543]"
F182013,10,19,0.8,"[2361.1120602914775, 0.050864219665527344]"
F182013,10,19,0.9,"[2361.1120602914775, 0.050866127014160156]"
F182013,10,19,1.0,"[2361.1120602914775, 0.05086803436279297]"
F182013,10,20,0.01,"[1403.4072286751002, 0.009137392044067383]"
F182013,10,20,0.1,"[1314.7532378184392, 0.05726766586303711]"
F182013,10,20,0.2,"[1314.7532378184392, 0.05727100372314453]"
F182013,10,20,0.3,"[1314.7532378184392, 0.057272911071777344]"
F182013,10,20,0.4,"[1314.7532378184392, 0.057274818420410156]"
F182013,10,20,0.5,"[1314.7532378184392, 0.05727696418762207]"
F182013,10,20,0.6,"[1314.7532378184392, 0.05727863311767578]"
F182013,10,20,0.7,"[1314.7532378184392, 0.057280540466308594]"
F182013,10,20,0.8,"[1314.7532378184392, 0.057282447814941406]"
F182013,10,20,0.9,"[1314.7532378184392, 0.05728459358215332]"
F182013,10,20,1.0,"[1314.7532378184392, 0.057286739349365234]"
F182013,10,21,0.01,"[1766.5871394483393, 0.009277820587158203]"
F182013,10,21,0.1,"[1640.8422657073304, 0.07967782020568848]"
F182013,10,21,0.2,"[1640.4785351957237, 0.09800934791564941]"
F182013,10,21,0.3,"[1640.4785351957237, 0.09801268577575684]"
F182013,10,21,0.4,"[1640.4785351957237, 0.09801459312438965]"
F182013,10,21,0.5,"[1640.4785351957237, 0.09801721572875977]"
F182013,10,21,0.6,"[1640.4785351957237, 0.09801888465881348]"
F182013,10,21,0.7,"[1640.4785351957237, 0.09802079200744629]"
F182013,10,21,0.8,"[1640.4785351957237, 0.0980224609375]"
F182013,10,21,0.9,"[1640.4785351957237, 0.09802484512329102]"
F182013,10,21,1.0,"[1640.4785351957237, 0.09802675247192383]"
F182013,10,22,0.01,"[2060.5972177553713, 0.009300708770751953]"
F182013,10,22,0.1,"[1998.797311129435, 0.046665191650390625]"
F182013,10,22,0.2,"[1998.797311129435, 0.04666852951049805]"
F182013,10,22,0.3,"[1998.797311129435, 0.04667067527770996]"
F182013,10,22,0.4,"[1998.797311129435, 0.04667234420776367]"
F182013,10,22,0.5,"[1998.797311129435, 0.04667496681213379]"
F182013,10,22,0.6,"[1998.797311129435, 0.0466766357421875]"
F182013,10,22,0.7,"[1998.797311129435, 0.04667830467224121]"
F182013,10,22,0.8,"[1998.797311129435, 0.046680450439453125]"
F182013,10,22,0.9,"[1998.797311129435, 0.046682119369506836]"
F182013,10,22,1.0,"[1998.797311129435, 0.04668402671813965]"
F182013,10,23,0.01,"[1914.9288677901486, 0.009483575820922852]"
F182013,10,23,0.1,"[1844.7987666763484, 0.053861141204833984]"
F182013,10,23,0.2,"[1844.7987666763484, 0.05386471748352051]"
F182013,10,23,0.3,"[1844.7987666763484, 0.05386710166931152]"
F182013,10,23,0.4,"[1844.7987666763484, 0.05386853218078613]"
F182013,10,23,0.5,"[1844.7987666763484, 0.05387091636657715]"
F182013,10,23,0.6,"[1844.7987666763484, 0.05387234687805176]"
F182013,10,23,0.7,"[1844.7987666763484, 0.05387425422668457]"
F182013,10,23,0.8,"[1844.7987666763484, 0.053876399993896484]"
F182013,10,23,0.9,"[1844.7987666763484, 0.0538783073425293]"
F182013,10,23,1.0,"[1844.7987666763484, 0.05388021469116211]"
F182013,10,24,0.01,"[3330.576639663989, 0.009252309799194336]"
F182013,10,24,0.1,"[3235.791712884605, 0.05218958854675293]"
F182013,10,24,0.2,"[3235.791712884605, 0.052193403244018555]"
F182013,10,24,0.3,"[3235.791712884605, 0.05219602584838867]"
F182013,10,24,0.4,"[3235.791712884605, 0.052197933197021484]"
F182013,10,24,0.5,"[3235.791712884605, 0.0522000789642334]"
F182013,10,24,0.6,"[3235.791712884605, 0.05220198631286621]"
F182013,10,24,0.7,"[3235.791712884605, 0.05220389366149902]"
F182013,10,24,0.8,"[3235.791712884605, 0.05220603942871094]"
F182013,10,24,0.9,"[3235.791712884605, 0.05220794677734375]"
F182013,10,24,1.0,"[3235.791712884605, 0.05220961570739746]"
F182013,10,25,0.01,"[1933.4838167626322, 0.009210586547851562]"
F182013,10,25,0.1,"[1883.3355874652916, 0.03587055206298828]"
F182013,10,25,0.2,"[1883.3355874652916, 0.035874128341674805]"
F182013,10,25,0.3,"[1883.3355874652916, 0.03587627410888672]"
F182013,10,25,0.4,"[1883.3355874652916, 0.03587794303894043]"
F182013,10,25,0.5,"[1883.3355874652916, 0.035880088806152344]"
F182013,10,25,0.6,"[1883.3355874652916, 0.035881996154785156]"
F182013,10,25,0.7,"[1883.3355874652916, 0.03588390350341797]"
F182013,10,25,0.8,"[1883.3355874652916, 0.03588604927062988]"
F182013,10,25,0.9,"[1883.3355874652916, 0.035887956619262695]"
F182013,10,25,1.0,"[1883.3355874652916, 0.03588986396789551]"
F182013,10,26,0.01,"[1009.8826300690916, 0.00921630859375]"
F182013,10,26,0.1,"[933.6348692576153, 0.07516717910766602]"
F182013,10,26,0.2,"[933.6348692576153, 0.07517075538635254]"
F182013,10,26,0.3,"[933.6348692576153, 0.07517290115356445]"
F182013,10,26,0.4,"[933.6348692576153, 0.07517480850219727]"
F182013,10,26,0.5,"[933.6348692576153, 0.07517695426940918]"
F182013,10,26,0.6,"[933.6348692576153, 0.0751793384552002]"
F182013,10,26,0.7,"[933.6348692576153, 0.0751810073852539]"
F182013,10,26,0.8,"[933.6348692576153, 0.07518339157104492]"
F182013,10,26,0.9,"[933.6348692576153, 0.07518506050109863]"
F182013,10,26,1.0,"[933.6348692576153, 0.07518696784973145]"
F182013,10,27,0.01,"[1512.7877524844146, 0.02229928970336914]"
F182013,10,27,0.1,"[1455.9307911950991, 0.07063698768615723]"
F182013,10,27,0.2,"[1455.9307911950991, 0.07064104080200195]"
F182013,10,27,0.3,"[1455.9307911950991, 0.07064366340637207]"
F182013,10,27,0.4,"[1455.9307911950991, 0.07064533233642578]"
F182013,10,27,0.5,"[1455.9307911950991, 0.0706479549407959]"
F182013,10,27,0.6,"[1455.9307911950991, 0.07065010070800781]"
F182013,10,27,0.7,"[1455.9307911950991, 0.07065176963806152]"
F182013,10,27,0.8,"[1455.9307911950991, 0.07065415382385254]"
F182013,10,27,0.9,"[1455.9307911950991, 0.07065582275390625]"
F182013,10,27,1.0,"[1455.9307911950991, 0.07065773010253906]"
F182013,10,28,0.01,"[1037.029607756515, 0.009249687194824219]"
F182013,10,28,0.1,"[558.7896019907917, 0.09203863143920898]"
F182013,10,28,0.2,"[558.7892752381787, 0.09509992599487305]"
F182013,10,28,0.3,"[558.7892752381787, 0.09510302543640137]"
F182013,10,28,0.4,"[558.7892752381787, 0.09510517120361328]"
F182013,10,28,0.5,"[558.7892752381787, 0.0951070785522461]"
F182013,10,28,0.6,"[558.7892752381787, 0.09510922431945801]"
F182013,10,28,0.7,"[558.7892752381787, 0.09511065483093262]"
F182013,10,28,0.8,"[558.7892752381787, 0.09511256217956543]"
F182013,10,28,0.9,"[558.7892752381787, 0.09511446952819824]"
F182013,10,28,1.0,"[558.7892752381787, 0.09511613845825195]"
F182013,10,29,0.01,"[2083.447401085995, 0.009477615356445312]"
F182013,10,29,0.1,"[1978.8957754689409, 0.06178164482116699]"
F182013,10,29,0.2,"[1978.8957754689409, 0.06178569793701172]"
F182013,10,29,0.3,"[1978.8957754689409, 0.06178760528564453]"
F182013,10,29,0.4,"[1978.8957754689409, 0.061789512634277344]"
F182013,10,29,0.5,"[1978.8957754689409, 0.061791419982910156]"
F182013,10,29,0.6,"[1978.8957754689409, 0.06179332733154297]"
F182013,10,29,0.7,"[1978.8957754689409, 0.06179523468017578]"
F182013,10,29,0.8,"[1978.8957754689409, 0.061797142028808594]"
F182013,10,29,0.9,"[1978.8957754689409, 0.061798810958862305]"
F182013,10,29,1.0,"[1978.8957754689409, 0.06180071830749512]"
F182013,10,30,0.01,"[2139.6878287328, 0.009204387664794922]"
F182013,10,30,0.1,"[2063.518795305833, 0.0574641227722168]"
F182013,10,30,0.2,"[2063.518795305833, 0.05746722221374512]"
F182013,10,30,0.3,"[2063.518795305833, 0.05746936798095703]"
F182013,10,30,0.4,"[2063.518795305833, 0.05747103691101074]"
F182013,10,30,0.5,"[2063.518795305833, 0.057473182678222656]"
F182013,10,30,0.6,"[2063.518795305833, 0.05747485160827637]"
F182013,10,30,0.7,"[2063.518795305833, 0.05747652053833008]"
F182013,10,30,0.8,"[2063.518795305833, 0.05747866630554199]"
F182013,10,30,0.9,"[2063.518795305833, 0.057480573654174805]"
F182013,10,30,1.0,"[2063.518795305833, 0.05748248100280762]"
F182013,10,31,0.01,"[3042.2160034051158, 0.009227752685546875]"
F182013,10,31,0.1,"[2379.371159377916, 0.07122802734375]"
F182013,10,31,0.2,"[2379.371159377916, 0.07123136520385742]"
F182013,10,31,0.3,"[2379.371159377916, 0.07123374938964844]"
F182013,10,31,0.4,"[2379.371159377916, 0.07123517990112305]"
F182013,10,31,0.5,"[2379.371159377916, 0.07123756408691406]"
F182013,10,31,0.6,"[2379.371159377916, 0.07123923301696777]"
F182013,10,31,0.7,"[2379.371159377916, 0.07124090194702148]"
F182013,10,31,0.8,"[2379.371159377916, 0.0712428092956543]"
F182013,10,31,0.9,"[2379.371159377916, 0.07124495506286621]"
F182013,10,31,1.0,"[2379.371159377916, 0.07124662399291992]"
F182013,10,32,0.01,"[1429.3057826434028, 0.009141683578491211]"
F182013,10,32,0.1,"[1390.1493983437058, 0.03660154342651367]"
F182013,10,32,0.2,"[1390.1493983437058, 0.03660464286804199]"
F182013,10,32,0.3,"[1390.1493983437058, 0.036606788635253906]"
F182013,10,32,0.4,"[1390.1493983437058, 0.03660845756530762]"
F182013,10,32,0.5,"[1390.1493983437058, 0.03661060333251953]"
F182013,10,32,0.6,"[1390.1493983437058, 0.03661227226257324]"
F182013,10,32,0.7,"[1390.1493983437058, 0.03661394119262695]"
F182013,10,32,0.8,"[1390.1493983437058, 0.036615610122680664]"
F182013,10,32,0.9,"[1390.1493983437058, 0.03661751747131348]"
F182013,10,32,1.0,"[1390.1493983437058, 0.03661918640136719]"
F182013,10,33,0.01,"[1394.3228934598217, 0.009203433990478516]"
F182013,10,33,0.1,"[1320.2810676026559, 0.04671049118041992]"
F182013,10,33,0.2,"[1320.2810676026559, 0.046713829040527344]"
F182013,10,33,0.3,"[1320.2810676026559, 0.046715736389160156]"
F182013,10,33,0.4,"[1320.2810676026559, 0.04671740531921387]"
F182013,10,33,0.5,"[1320.2810676026559, 0.04671955108642578]"
F182013,10,33,0.6,"[1320.2810676026559, 0.04672098159790039]"
F182013,10,33,0.7,"[1320.2810676026559, 0.0467228889465332]"
F182013,10,33,0.8,"[1320.2810676026559, 0.046724796295166016]"
F182013,10,33,0.9,"[1320.2810676026559, 0.04672670364379883]"
F182013,10,33,1.0,"[1320.2810676026559, 0.04672813415527344]"
F182013,10,34,0.01,"[1556.4817416057215, 0.009201288223266602]"
F182013,10,34,0.1,"[1472.6675621327922, 0.05057930946350098]"
F182013,10,34,0.2,"[1472.6675621327922, 0.0505824089050293]"
F182013,10,34,0.3,"[1472.6675621327922, 0.05058431625366211]"
F182013,10,34,0.4,"[1472.6675621327922, 0.05058598518371582]"
F182013,10,34,0.5,"[1472.6675621327922, 0.05058789253234863]"
F182013,10,34,0.6,"[1472.6675621327922, 0.050589799880981445]"
F182013,10,34,0.7,"[1472.6675621327922, 0.050591468811035156]"
F182013,10,34,0.8,"[1472.6675621327922, 0.05059385299682617]"
F182013,10,34,0.9,"[1472.6675621327922, 0.05059552192687988]"
F182013,10,34,1.0,"[1472.6675621327922, 0.050597429275512695]"
F182013,10,35,0.01,"[1907.7062055862198, 0.009230375289916992]"
F182013,10,35,0.1,"[1798.9361564609676, 0.07099747657775879]"
F182013,10,35,0.2,"[1798.9361564609676, 0.07100105285644531]"
F182013,10,35,0.3,"[1798.9361564609676, 0.07100319862365723]"
F182013,10,35,0.4,"[1798.9361564609676, 0.07100462913513184]"
F182013,10,35,0.5,"[1798.9361564609676, 0.07100653648376465]"
F182013,10,35,0.6,"[1798.9361564609676, 0.07100820541381836]"
F182013,10,35,0.7,"[1798.9361564609676, 0.07101011276245117]"
F182013,10,35,0.8,"[1798.9361564609676, 0.07101202011108398]"
F182013,10,35,0.9,"[1798.9361564609676, 0.0710136890411377]"
F182013,10,35,1.0,"[1798.9361564609676, 0.0710153579711914]"
F182013,10,36,0.01,"[2052.4812835760986, 0.021901369094848633]"
F182013,10,36,0.1,"[2014.6624709725875, 0.05834388732910156]"
F182013,10,36,0.2,"[2014.6624709725875, 0.058347225189208984]"
F182013,10,36,0.3,"[2014.6624709725875, 0.0583493709564209]"
F182013,10,36,0.4,"[2014.6624709725875, 0.05835080146789551]"
F182013,10,36,0.5,"[2014.6624709725875, 0.05835294723510742]"
F182013,10,36,0.6,"[2014.6624709725875, 0.05835461616516113]"
F182013,10,36,0.7,"[2014.6624709725875, 0.058356285095214844]"
F182013,10,36,0.8,"[2014.6624709725875, 0.05835866928100586]"
F182013,10,36,0.9,"[2014.6624709725875, 0.05836033821105957]"
F182013,10,36,1.0,"[2014.6624709725875, 0.05836224555969238]"
F182013,10,37,0.01,"[1507.563365962362, 0.00930023193359375]"
F182013,10,37,0.1,"[1444.2921259085235, 0.04623222351074219]"
F182013,10,37,0.2,"[1444.2921259085235, 0.04623556137084961]"
F182013,10,37,0.3,"[1444.2921259085235, 0.046237945556640625]"
F182013,10,37,0.4,"[1444.2921259085235, 0.04623913764953613]"
F182013,10,37,0.5,"[1444.2921259085235, 0.04624128341674805]"
F182013,10,37,0.6,"[1444.2921259085235, 0.04624342918395996]"
F182013,10,37,0.7,"[1444.2921259085235, 0.04624509811401367]"
F182013,10,37,0.8,"[1444.2921259085235, 0.046247005462646484]"
F182013,10,37,0.9,"[1444.2921259085235, 0.046248674392700195]"
F182013,10,37,1.0,"[1444.2921259085235, 0.04625058174133301]"
F182013,10,38,0.01,"[891.2188523521654, 0.00915217399597168]"
F182013,10,38,0.1,"[819.229212216529, 0.03718447685241699]"
F182013,10,38,0.2,"[819.229212216529, 0.037187814712524414]"
F182013,10,38,0.3,"[819.229212216529, 0.03718972206115723]"
F182013,10,38,0.4,"[819.229212216529, 0.03719162940979004]"
F182013,10,38,0.5,"[819.229212216529, 0.03719353675842285]"
F182013,10,38,0.6,"[819.229212216529, 0.037195444107055664]"
F182013,10,38,0.7,"[819.229212216529, 0.03719687461853027]"
F182013,10,38,0.8,"[819.229212216529, 0.037198781967163086]"
F182013,10,38,0.9,"[819.229212216529, 0.0372004508972168]"
F182013,10,38,1.0,"[819.229212216529, 0.03720235824584961]"
F182013,10,39,0.01,"[1896.1347113152106, 0.00930929183959961]"
F182013,10,39,0.1,"[1814.0464019096116, 0.04787397384643555]"
F182013,10,39,0.2,"[1814.0464019096116, 0.04787755012512207]"
F182013,10,39,0.3,"[1814.0464019096116, 0.04787945747375488]"
F182013,10,39,0.4,"[1814.0464019096116, 0.047881126403808594]"
F182013,10,39,0.5,"[1814.0464019096116, 0.047883033752441406]"
F182013,10,39,0.6,"[1814.0464019096116, 0.04788470268249512]"
F182013,10,39,0.7,"[1814.0464019096116, 0.04788637161254883]"
F182013,10,39,0.8,"[1814.0464019096116, 0.04788851737976074]"
F182013,10,39,0.9,"[1814.0464019096116, 0.04789018630981445]"
F182013,10,39,1.0,"[1814.0464019096116, 0.047892093658447266]"
F182013,10,40,0.01,"[1539.4565280718161, 0.00918436050415039]"
F182013,10,40,0.1,"[1469.7971960875416, 0.07332420349121094]"
F182013,10,40,0.2,"[1469.7971960875416, 0.07332754135131836]"
F182013,10,40,0.3,"[1469.7971960875416, 0.07332992553710938]"
F182013,10,40,0.4,"[1469.7971960875416, 0.07333135604858398]"
F182013,10,40,0.5,"[1469.7971960875416, 0.0733335018157959]"
F182013,10,40,0.6,"[1469.7971960875416, 0.07333493232727051]"
F182013,10,40,0.7,"[1469.7971960875416, 0.07333707809448242]"
F182013,10,40,0.8,"[1469.7971960875416, 0.07333898544311523]"
F182013,10,40,0.9,"[1469.7971960875416, 0.07334089279174805]"
F182013,10,40,1.0,"[1469.7971960875416, 0.07334256172180176]"
F182013,10,41,0.01,"[1370.0948440893417, 0.019819021224975586]"
F182013,10,41,0.1,"[1311.8083586402306, 0.07233023643493652]"
F182013,10,41,0.2,"[1311.8083586402306, 0.07233357429504395]"
F182013,10,41,0.3,"[1311.8083586402306, 0.07233548164367676]"
F182013,10,41,0.4,"[1311.8083586402306, 0.07233715057373047]"
F182013,10,41,0.5,"[1311.8083586402306, 0.07233905792236328]"
F182013,10,41,0.6,"[1311.8083586402306, 0.0723412036895752]"
F182013,10,41,0.7,"[1311.8083586402306, 0.0723426342010498]"
F182013,10,41,0.8,"[1311.8083586402306, 0.07234454154968262]"
F182013,10,41,0.9,"[1311.8083586402306, 0.07234644889831543]"
F182013,10,41,1.0,"[1311.8083586402306, 0.07234811782836914]"
F182013,10,42,0.01,"[2397.5836028698996, 0.009280204772949219]"
F182013,10,42,0.1,"[1074.8613839689638, 0.06831574440002441]"
F182013,10,42,0.2,"[1074.8613839689638, 0.06831908226013184]"
F182013,10,42,0.3,"[1074.8613839689638, 0.06832146644592285]"
F182013,10,42,0.4,"[1074.8613839689638, 0.06832361221313477]"
F182013,10,42,0.5,"[1074.8613839689638, 0.06832575798034668]"
F182013,10,42,0.6,"[1074.8613839689638, 0.0683279037475586]"
F182013,10,42,0.7,"[1074.8613839689638, 0.0683293342590332]"
F182013,10,42,0.8,"[1074.8613839689638, 0.06833195686340332]"
F182013,10,42,0.9,"[1074.8613839689638, 0.06833410263061523]"
F182013,10,42,1.0,"[1074.8613839689638, 0.06833577156066895]"
F182013,10,43,0.01,"[1258.1964620287279, 0.009282827377319336]"
F182013,10,43,0.1,"[1190.0459013945228, 0.0443878173828125]"
F182013,10,43,0.2,"[1190.0459013945228, 0.04439091682434082]"
F182013,10,43,0.3,"[1190.0459013945228, 0.044393062591552734]"
F182013,10,43,0.4,"[1190.0459013945228, 0.044394731521606445]"
F182013,10,43,0.5,"[1190.0459013945228, 0.04439663887023926]"
F182013,10,43,0.6,"[1190.0459013945228, 0.04439830780029297]"
F182013,10,43,0.7,"[1190.0459013945228, 0.04440021514892578]"
F182013,10,43,0.8,"[1190.0459013945228, 0.044402122497558594]"
F182013,10,43,0.9,"[1190.0459013945228, 0.044404029846191406]"
F182013,10,43,1.0,"[1190.0459013945228, 0.04440569877624512]"
F182013,10,44,0.01,"[2255.5680324325776, 0.009224176406860352]"
F182013,10,44,0.1,"[2157.2547508053613, 0.05718183517456055]"
F182013,10,44,0.2,"[2157.2547508053613, 0.05718541145324707]"
F182013,10,44,0.3,"[2157.2547508053613, 0.05719423294067383]"
F182013,10,44,0.4,"[2157.2547508053613, 0.05719614028930664]"
F182013,10,44,0.5,"[2157.2547508053613, 0.05719804763793945]"
F182013,10,44,0.6,"[2157.2547508053613, 0.05720019340515137]"
F182013,10,44,0.7,"[2157.2547508053613, 0.05720186233520508]"
F182013,10,44,0.8,"[2157.2547508053613, 0.05720376968383789]"
F182013,10,44,0.9,"[2157.2547508053613, 0.0572056770324707]"
F182013,10,44,1.0,"[2157.2547508053613, 0.057207584381103516]"
F182013,10,45,0.01,"[1845.5175015393843, 0.009239673614501953]"
F182013,10,45,0.1,"[1777.137269259475, 0.0384984016418457]"
F182013,10,45,0.2,"[1777.137269259475, 0.038501739501953125]"
F182013,10,45,0.3,"[1777.137269259475, 0.03850412368774414]"
F182013,10,45,0.4,"[1777.137269259475, 0.03850579261779785]"
F182013,10,45,0.5,"[1777.137269259475, 0.038507938385009766]"
F182013,10,45,0.6,"[1777.137269259475, 0.038509368896484375]"
F182013,10,45,0.7,"[1777.137269259475, 0.03851127624511719]"
F182013,10,45,0.8,"[1777.137269259475, 0.0385129451751709]"
F182013,10,45,0.9,"[1777.137269259475, 0.03851485252380371]"
F182013,10,45,1.0,"[1777.137269259475, 0.03851652145385742]"
F182013,10,46,0.01,"[2348.440039641212, 0.009217023849487305]"
F182013,10,46,0.1,"[2276.4005773033673, 0.04127931594848633]"
F182013,10,46,0.2,"[2276.4005773033673, 0.04128241539001465]"
F182013,10,46,0.3,"[2276.4005773033673, 0.04128432273864746]"
F182013,10,46,0.4,"[2276.4005773033673, 0.04128623008728027]"
F182013,10,46,0.5,"[2276.4005773033673, 0.041288137435913086]"
F182013,10,46,0.6,"[2276.4005773033673, 0.0412900447845459]"
F182013,10,46,0.7,"[2276.4005773033673, 0.04129171371459961]"
F182013,10,46,0.8,"[2276.4005773033673, 0.04129385948181152]"
F182013,10,46,0.9,"[2276.4005773033673, 0.041295528411865234]"
F182013,10,46,1.0,"[2276.4005773033673, 0.04129767417907715]"
F182013,10,47,0.01,"[1878.8629767410484, 0.009237527847290039]"
F182013,10,47,0.1,"[1805.4232430354532, 0.043182373046875]"
F182013,10,47,0.2,"[1805.4232430354532, 0.04318594932556152]"
F182013,10,47,0.3,"[1805.4232430354532, 0.04318833351135254]"
F182013,10,47,0.4,"[1805.4232430354532, 0.04318976402282715]"
F182013,10,47,0.5,"[1805.4232430354532, 0.04319190979003906]"
F182013,10,47,0.6,"[1805.4232430354532, 0.04319357872009277]"
F182013,10,47,0.7,"[1805.4232430354532, 0.043195247650146484]"
F182013,10,47,0.8,"[1805.4232430354532, 0.0431976318359375]"
F182013,10,47,0.9,"[1805.4232430354532, 0.04319953918457031]"
F182013,10,47,1.0,"[1805.4232430354532, 0.043201446533203125]"
F182013,10,48,0.01,"[2447.184188721538, 0.008456230163574219]"
F182013,10,48,0.1,"[2054.4106900558077, 0.0680077075958252]"
F182013,10,48,0.2,"[2054.4106900558077, 0.06801033020019531]"
F182013,10,48,0.3,"[2054.4106900558077, 0.06801247596740723]"
F182013,10,48,0.4,"[2054.4106900558077, 0.06801438331604004]"
F182013,10,48,0.5,"[2054.4106900558077, 0.06801605224609375]"
F182013,10,48,0.6,"[2054.4106900558077, 0.06801795959472656]"
F182013,10,48,0.7,"[2054.4106900558077, 0.06801939010620117]"
F182013,10,48,0.8,"[2054.4106900558077, 0.06802129745483398]"
F182013,10,48,0.9,"[2054.4106900558077, 0.0680227279663086]"
F182013,10,48,1.0,"[2054.4106900558077, 0.0680243968963623]"
F182013,10,49,0.01,"[1954.714287363553, 0.008543252944946289]"
F182013,10,49,0.1,"[1901.9525037763578, 0.07773470878601074]"
F182013,10,49,0.2,"[1901.2606675253937, 0.15410399436950684]"
F182013,10,49,0.3,"[1901.260665249646, 0.1750802993774414]"
F182013,10,49,0.4,"[1901.260665249646, 0.17508316040039062]"
F182013,10,49,0.5,"[1901.260665249646, 0.17508554458618164]"
F182013,10,49,0.6,"[1901.260665249646, 0.17508745193481445]"
F182013,10,49,0.7,"[1901.260665249646, 0.17508912086486816]"
F182013,10,49,0.8,"[1901.260665249646, 0.17509078979492188]"
F182013,10,49,0.9,"[1901.260665249646, 0.17509222030639648]"
F182013,10,49,1.0,"[1901.260665249646, 0.1750943660736084]"
F182013,10,50,0.01,"[2272.218160433112, 0.008507013320922852]"
F182013,10,50,0.1,"[1759.5087032227657, 0.07363367080688477]"
F182013,10,50,0.2,"[1759.5087032227657, 0.07363677024841309]"
F182013,10,50,0.3,"[1759.5087032227657, 0.0736386775970459]"
F182013,10,50,0.4,"[1759.5087032227657, 0.07364034652709961]"
F182013,10,50,0.5,"[1759.5087032227657, 0.07364201545715332]"
F182013,10,50,0.6,"[1759.5087032227657, 0.07364392280578613]"
F182013,10,50,0.7,"[1759.5087032227657, 0.07364535331726074]"
F182013,10,50,0.8,"[1759.5087032227657, 0.07364726066589355]"
F182013,10,50,0.9,"[1759.5087032227657, 0.07364869117736816]"
F182013,10,50,1.0,"[1759.5087032227657, 0.07365036010742188]"
F182013,30,0,0.01,"[7810.946931075305, 0.011031150817871094]"
F182013,30,0,0.1,"[7499.108014835253, 0.08056831359863281]"
F182013,30,0,0.2,"[7442.542768549617, 0.15752935409545898]"
F182013,30,0,0.3,"[7442.5352444702985, 0.2337784767150879]"
F182013,30,0,0.4,"[7442.535242810641, 0.2510521411895752]"
F182013,30,0,0.5,"[7442.535242810641, 0.2510559558868408]"
F182013,30,0,0.6,"[7442.535242810641, 0.25105834007263184]"
F182013,30,0,0.7,"[7442.535242810641, 0.25106024742126465]"
F182013,30,0,0.8,"[7442.535242810641, 0.25106215476989746]"
F182013,30,0,0.9,"[7442.535242810641, 0.2510645389556885]"
F182013,30,0,1.0,"[7442.535242810641, 0.2510666847229004]"
F182013,30,1,0.01,"[8317.544476462324, 0.010893583297729492]"
F182013,30,1,0.1,"[7843.384688291211, 0.07935285568237305]"
F182013,30,1,0.2,"[7719.459630721817, 0.1558692455291748]"
F182013,30,1,0.3,"[7719.443091823608, 0.2002696990966797]"
F182013,30,1,0.4,"[7719.443091823608, 0.200272798538208]"
F182013,30,1,0.5,"[7719.443091823608, 0.20027542114257812]"
F182013,30,1,0.6,"[7719.443091823608, 0.20027756690979004]"
F182013,30,1,0.7,"[7719.443091823608, 0.20027923583984375]"
F182013,30,1,0.8,"[7719.443091823608, 0.20028138160705566]"
F182013,30,1,0.9,"[7719.443091823608, 0.20028328895568848]"
F182013,30,1,1.0,"[7719.443091823608, 0.2002851963043213]"
F182013,30,2,0.01,"[6772.845443766588, 0.011739730834960938]"
F182013,30,2,0.1,"[6517.1471658491355, 0.08056974411010742]"
F182013,30,2,0.2,"[6517.019806775204, 0.15190362930297852]"
F182013,30,2,0.3,"[6517.019806775204, 0.15190720558166504]"
F182013,30,2,0.4,"[6517.019806775204, 0.15190958976745605]"
F182013,30,2,0.5,"[6517.019806775204, 0.15191197395324707]"
F182013,30,2,0.6,"[6517.019806775204, 0.15191364288330078]"
F182013,30,2,0.7,"[6517.019806775204, 0.1519155502319336]"
F182013,30,2,0.8,"[6517.019806775204, 0.1519172191619873]"
F182013,30,2,0.9,"[6517.019806775204, 0.15192008018493652]"
F182013,30,2,1.0,"[6517.019806775204, 0.15192174911499023]"
F182013,30,3,0.01,"[6908.652474925692, 0.010888338088989258]"
F182013,30,3,0.1,"[4824.465370899322, 0.0789635181427002]"
F182013,30,3,0.2,"[4614.623537426375, 0.15503787994384766]"
F182013,30,3,0.3,"[4614.606635304755, 0.21648621559143066]"
F182013,30,3,0.4,"[4614.606635304755, 0.21648907661437988]"
F182013,30,3,0.5,"[4614.606635304755, 0.21649169921875]"
F182013,30,3,0.6,"[4614.606635304755, 0.21649384498596191]"
F182013,30,3,0.7,"[4614.606635304755, 0.21649575233459473]"
F182013,30,3,0.8,"[4614.606635304755, 0.21649765968322754]"
F182013,30,3,0.9,"[4614.606635304755, 0.21649980545043945]"
F182013,30,3,1.0,"[4614.606635304755, 0.21650171279907227]"
F182013,30,4,0.01,"[5774.753590862633, 0.010895967483520508]"
F182013,30,4,0.1,"[5003.315576660469, 0.07987070083618164]"
F182013,30,4,0.2,"[4883.058536955999, 0.1567399501800537]"
F182013,30,4,0.3,"[4883.051679818958, 0.19658541679382324]"
F182013,30,4,0.4,"[4883.051679818958, 0.19658875465393066]"
F182013,30,4,0.5,"[4883.051679818958, 0.19659137725830078]"
F182013,30,4,0.6,"[4883.051679818958, 0.1965935230255127]"
F182013,30,4,0.7,"[4883.051679818958, 0.1965951919555664]"
F182013,30,4,0.8,"[4883.051679818958, 0.19659709930419922]"
F182013,30,4,0.9,"[4883.051679818958, 0.19659900665283203]"
F182013,30,4,1.0,"[4883.051679818958, 0.19660115242004395]"
F182013,30,5,0.01,"[8177.783617789732, 0.010877609252929688]"
F182013,30,5,0.1,"[5867.020981985941, 0.0792849063873291]"
F182013,30,5,0.2,"[5867.020981985941, 0.15575671195983887]"
F182013,30,5,0.3,"[5867.020981985941, 0.16089701652526855]"
F182013,30,5,0.4,"[5867.020981985941, 0.16090011596679688]"
F182013,30,5,0.5,"[5867.020981985941, 0.1609025001525879]"
F182013,30,5,0.6,"[5867.020981985941, 0.1609046459197998]"
F182013,30,5,0.7,"[5867.020981985941, 0.16090631484985352]"
F182013,30,5,0.8,"[5867.020981985941, 0.16090822219848633]"
F182013,30,5,0.9,"[5867.020981985941, 0.16091036796569824]"
F182013,30,5,1.0,"[5867.020981985941, 0.16091227531433105]"
F182013,30,6,0.01,"[9170.793968214652, 0.01081085205078125]"
F182013,30,6,0.1,"[6918.855207686692, 0.0790870189666748]"
F182013,30,6,0.2,"[6729.71580803237, 0.1548624038696289]"
F182013,30,6,0.3,"[6727.248269322128, 0.23096251487731934]"
F182013,30,6,0.4,"[6727.248239827669, 0.2360537052154541]"
F182013,30,6,0.5,"[6727.248239827669, 0.23605728149414062]"
F182013,30,6,0.6,"[6727.248239827669, 0.23605966567993164]"
F182013,30,6,0.7,"[6727.248239827669, 0.23606133460998535]"
F182013,30,6,0.8,"[6727.248239827669, 0.23606324195861816]"
F182013,30,6,0.9,"[6727.248239827669, 0.23606538772583008]"
F182013,30,6,1.0,"[6727.248239827669, 0.2360670566558838]"
F182013,30,7,0.01,"[7121.349637355845, 0.010859012603759766]"
F182013,30,7,0.1,"[6296.031991366671, 0.07941651344299316]"
F182013,30,7,0.2,"[6159.850161834489, 0.15630602836608887]"
F182013,30,7,0.3,"[6159.733817947029, 0.23238492012023926]"
F182013,30,7,0.4,"[6159.652210300415, 0.3083641529083252]"
F182013,30,7,0.5,"[6159.640243289361, 0.3870508670806885]"
F182013,30,7,0.6,"[6159.640233808341, 0.4408862590789795]"
F182013,30,7,0.7,"[6159.640233808341, 0.4408893585205078]"
F182013,30,7,0.8,"[6159.640233808341, 0.4408915042877197]"
F182013,30,7,0.9,"[6159.640233808341, 0.44089341163635254]"
F182013,30,7,1.0,"[6159.640233808341, 0.44089579582214355]"
F182013,30,8,0.01,"[4693.000277518888, 0.010864734649658203]"
F182013,30,8,0.1,"[3870.8224266016496, 0.07974886894226074]"
F182013,30,8,0.2,"[3696.9021657395806, 0.15624785423278809]"
F182013,30,8,0.3,"[3695.705862933518, 0.23277664184570312]"
F182013,30,8,0.4,"[3695.705843821819, 0.23788046836853027]"
F182013,30,8,0.5,"[3695.705843821819, 0.237884521484375]"
F182013,30,8,0.6,"[3695.705843821819, 0.2378864288330078]"
F182013,30,8,0.7,"[3695.705843821819, 0.23788833618164062]"
F182013,30,8,0.8,"[3695.705843821819, 0.23789000511169434]"
F182013,30,8,0.9,"[3695.705843821819, 0.23789262771606445]"
F182013,30,8,1.0,"[3695.705843821819, 0.23789405822753906]"
F182013,30,9,0.01,"[5762.349326461419, 0.010888338088989258]"
F182013,30,9,0.1,"[5212.681898187944, 0.07929611206054688]"
F182013,30,9,0.2,"[4991.459040298192, 0.1556873321533203]"
F182013,30,9,0.3,"[4991.288748858497, 0.21250629425048828]"
F182013,30,9,0.4,"[4991.288748858497, 0.2125093936920166]"
F182013,30,9,0.5,"[4991.288748858497, 0.21251177787780762]"
F182013,30,9,0.6,"[4991.288748858497, 0.21251368522644043]"
F182013,30,9,0.7,"[4991.288748858497, 0.21251535415649414]"
F182013,30,9,0.8,"[4991.288748858497, 0.21251726150512695]"
F182013,30,9,0.9,"[4991.288748858497, 0.21251916885375977]"
F182013,30,9,1.0,"[4991.288748858497, 0.21252155303955078]"
F182013,30,10,0.01,"[5406.031383597092, 0.01251983642578125]"
F182013,30,10,0.1,"[5087.761544584478, 0.08123970031738281]"
F182013,30,10,0.2,"[5082.704024216712, 0.1580367088317871]"
F182013,30,10,0.3,"[5082.703903294695, 0.16813969612121582]"
F182013,30,10,0.4,"[5082.703903294695, 0.16814279556274414]"
F182013,30,10,0.5,"[5082.703903294695, 0.16814541816711426]"
F182013,30,10,0.6,"[5082.703903294695, 0.16814732551574707]"
F182013,30,10,0.7,"[5082.703903294695, 0.16814899444580078]"
F182013,30,10,0.8,"[5082.703903294695, 0.1681509017944336]"
F182013,30,10,0.9,"[5082.703903294695, 0.1681530475616455]"
F182013,30,10,1.0,"[5082.703903294695, 0.16815543174743652]"
F182013,30,11,0.01,"[7852.013584630393, 0.011929750442504883]"
F182013,30,11,0.1,"[4427.376694550079, 0.18106436729431152]"
F182013,30,11,0.2,"[4332.584541440695, 0.2565922737121582]"
F182013,30,11,0.3,"[4214.201547956343, 0.3324413299560547]"
F182013,30,11,0.4,"[4214.195957088534, 0.36690211296081543]"
F182013,30,11,0.5,"[4214.195957088534, 0.36690568923950195]"
F182013,30,11,0.6,"[4214.195957088534, 0.36690783500671387]"
F182013,30,11,0.7,"[4214.195957088534, 0.3669097423553467]"
F182013,30,11,0.8,"[4214.195957088534, 0.3669116497039795]"
F182013,30,11,0.9,"[4214.195957088534, 0.3669135570526123]"
F182013,30,11,1.0,"[4214.195957088534, 0.3669154644012451]"
F182013,30,12,0.01,"[7449.631438879758, 0.010915517807006836]"
F182013,30,12,0.1,"[6918.882602272418, 0.07970666885375977]"
F182013,30,12,0.2,"[6758.0217527716495, 0.15664911270141602]"
F182013,30,12,0.3,"[6758.017474829721, 0.21143841743469238]"
F182013,30,12,0.4,"[6758.017474829721, 0.2114412784576416]"
F182013,30,12,0.5,"[6758.017474829721, 0.21144390106201172]"
F182013,30,12,0.6,"[6758.017474829721, 0.21144604682922363]"
F182013,30,12,0.7,"[6758.017474829721, 0.21144747734069824]"
F182013,30,12,0.8,"[6758.017474829721, 0.21144938468933105]"
F182013,30,12,0.9,"[6758.017474829721, 0.21145129203796387]"
F182013,30,12,1.0,"[6758.017474829721, 0.21145367622375488]"
F182013,30,13,0.01,"[5630.074069795985, 0.010861635208129883]"
F182013,30,13,0.1,"[5331.016276380604, 0.08022856712341309]"
F182013,30,13,0.2,"[5323.688305394105, 0.15746760368347168]"
F182013,30,13,0.3,"[5323.687982303764, 0.18730664253234863]"
F182013,30,13,0.4,"[5323.687982303764, 0.18730926513671875]"
F182013,30,13,0.5,"[5323.687982303764, 0.18731236457824707]"
F182013,30,13,0.6,"[5323.687982303764, 0.18731451034545898]"
F182013,30,13,0.7,"[5323.687982303764, 0.1873161792755127]"
F182013,30,13,0.8,"[5323.687982303764, 0.1873180866241455]"
F182013,30,13,0.9,"[5323.687982303764, 0.18732023239135742]"
F182013,30,13,1.0,"[5323.687982303764, 0.18732261657714844]"
F182013,30,14,0.01,"[5188.050154883887, 0.010718822479248047]"
F182013,30,14,0.1,"[3429.762612017788, 0.0789952278137207]"
F182013,30,14,0.2,"[3328.4809395995017, 0.15504884719848633]"
F182013,30,14,0.3,"[3328.3085655109708, 0.23088407516479492]"
F182013,30,14,0.4,"[3328.274769331516, 0.3065304756164551]"
F182013,30,14,0.5,"[3328.273447762859, 0.38469457626342773]"
F182013,30,14,0.6,"[3328.2716368574943, 0.4601094722747803]"
F182013,30,14,0.7,"[3328.265230900415, 0.5357096195220947]"
F182013,30,14,0.8,"[3328.2616398609357, 0.6116385459899902]"
F182013,30,14,0.9,"[3328.2612847074874, 0.6898541450500488]"
F182013,30,14,1.0,"[3328.261266119595, 0.7633910179138184]"
F182013,30,15,0.01,"[6406.419244168302, 0.010744094848632812]"
F182013,30,15,0.1,"[6165.776031751025, 0.07975363731384277]"
F182013,30,15,0.2,"[6165.6858157583265, 0.13454937934875488]"
F182013,30,15,0.3,"[6165.6858157583265, 0.1345524787902832]"
F182013,30,15,0.4,"[6165.6858157583265, 0.13455438613891602]"
F182013,30,15,0.5,"[6165.6858157583265, 0.13455677032470703]"
F182013,30,15,0.6,"[6165.6858157583265, 0.13455915451049805]"
F182013,30,15,0.7,"[6165.6858157583265, 0.13456082344055176]"
F182013,30,15,0.8,"[6165.6858157583265, 0.13456296920776367]"
F182013,30,15,0.9,"[6165.6858157583265, 0.1345653533935547]"
F182013,30,15,1.0,"[6165.6858157583265, 0.1345674991607666]"
F182013,30,16,0.01,"[7001.093282781772, 0.010954856872558594]"
F182013,30,16,0.1,"[6316.6279066604675, 0.08010649681091309]"
F182013,30,16,0.2,"[6138.315678873858, 0.15705633163452148]"
F182013,30,16,0.3,"[6138.308827516055, 0.18694853782653809]"
F182013,30,16,0.4,"[6138.308827516055, 0.1869518756866455]"
F182013,30,16,0.5,"[6138.308827516055, 0.18695449829101562]"
F182013,30,16,0.6,"[6138.308827516055, 0.18695640563964844]"
F182013,30,16,0.7,"[6138.308827516055, 0.18695831298828125]"
F182013,30,16,0.8,"[6138.308827516055, 0.18695974349975586]"
F182013,30,16,0.9,"[6138.308827516055, 0.18696188926696777]"
F182013,30,16,1.0,"[6138.308827516055, 0.1869640350341797]"
F182013,30,17,0.01,"[7554.898930254814, 0.010756731033325195]"
F182013,30,17,0.1,"[6481.931688638988, 0.07997989654541016]"
F182013,30,17,0.2,"[6356.582326017348, 0.15678000450134277]"
F182013,30,17,0.3,"[6356.3875829066865, 0.21134281158447266]"
F182013,30,17,0.4,"[6356.3875829066865, 0.21134614944458008]"
F182013,30,17,0.5,"[6356.3875829066865, 0.2113492488861084]"
F182013,30,17,0.6,"[6356.3875829066865, 0.2113509178161621]"
F182013,30,17,0.7,"[6356.3875829066865, 0.21135306358337402]"
F182013,30,17,0.8,"[6356.3875829066865, 0.21135497093200684]"
F182013,30,17,0.9,"[6356.3875829066865, 0.21135711669921875]"
F182013,30,17,1.0,"[6356.3875829066865, 0.21135997772216797]"
F182013,30,18,0.01,"[6463.76882759988, 0.010689496994018555]"
F182013,30,18,0.1,"[4810.563365208332, 0.07921051979064941]"
F182013,30,18,0.2,"[4740.494882086921, 0.1556074619293213]"
F182013,30,18,0.3,"[4740.494169108178, 0.1827402114868164]"
F182013,30,18,0.4,"[4740.494169108178, 0.18274307250976562]"
F182013,30,18,0.5,"[4740.494169108178, 0.18274617195129395]"
F182013,30,18,0.6,"[4740.494169108178, 0.18274807929992676]"
F182013,30,18,0.7,"[4740.494169108178, 0.18274998664855957]"
F182013,30,18,0.8,"[4740.494169108178, 0.18275141716003418]"
F182013,30,18,0.9,"[4740.494169108178, 0.1827538013458252]"
F182013,30,18,1.0,"[4740.494169108178, 0.1827564239501953]"
F182013,30,19,0.01,"[8163.621735946243, 0.01074981689453125]"
F182013,30,19,0.1,"[7888.438262195834, 0.08019685745239258]"
F182013,30,19,0.2,"[7887.246984367102, 0.1547379493713379]"
F182013,30,19,0.3,"[7887.246984367102, 0.1547410488128662]"
F182013,30,19,0.4,"[7887.246984367102, 0.15474295616149902]"
F182013,30,19,0.5,"[7887.246984367102, 0.15474557876586914]"
F182013,30,19,0.6,"[7887.246984367102, 0.15474748611450195]"
F182013,30,19,0.7,"[7887.246984367102, 0.15474939346313477]"
F182013,30,19,0.8,"[7887.246984367102, 0.15475153923034668]"
F182013,30,19,0.9,"[7887.246984367102, 0.1547536849975586]"
F182013,30,19,1.0,"[7887.246984367102, 0.1547555923461914]"
F182013,30,20,0.01,"[5734.842345743451, 0.023897886276245117]"
F182013,30,20,0.1,"[5478.167183212044, 0.10291290283203125]"
F182013,30,20,0.2,"[5428.532495986461, 0.17977046966552734]"
F182013,30,20,0.3,"[5428.5324144633805, 0.19720101356506348]"
F182013,30,20,0.4,"[5428.5324144633805, 0.1972038745880127]"
F182013,30,20,0.5,"[5428.5324144633805, 0.1972064971923828]"
F182013,30,20,0.6,"[5428.5324144633805, 0.19720864295959473]"
F182013,30,20,0.7,"[5428.5324144633805, 0.19721078872680664]"
F182013,30,20,0.8,"[5428.5324144633805, 0.19721221923828125]"
F182013,30,20,0.9,"[5428.5324144633805, 0.19721460342407227]"
F182013,30,20,1.0,"[5428.5324144633805, 0.19721674919128418]"
F182013,30,21,0.01,"[6885.630228660073, 0.023679733276367188]"
F182013,30,21,0.1,"[5682.95671833294, 0.13128948211669922]"
F182013,30,21,0.2,"[5510.128904298323, 0.2076718807220459]"
F182013,30,21,0.3,"[5510.084539660733, 0.2643570899963379]"
F182013,30,21,0.4,"[5510.084539660733, 0.2643604278564453]"
F182013,30,21,0.5,"[5510.084539660733, 0.26436305046081543]"
F182013,30,21,0.6,"[5510.084539660733, 0.26436519622802734]"
F182013,30,21,0.7,"[5510.084539660733, 0.26436710357666016]"
F182013,30,21,0.8,"[5510.084539660733, 0.26436901092529297]"
F182013,30,21,0.9,"[5510.084539660733, 0.2643709182739258]"
F182013,30,21,1.0,"[5510.084539660733, 0.2643730640411377]"
F182013,30,22,0.01,"[7280.212809897959, 0.010800600051879883]"
F182013,30,22,0.1,"[5491.390457163617, 0.07981705665588379]"
F182013,30,22,0.2,"[5470.390518968982, 0.1565544605255127]"
F182013,30,22,0.3,"[5470.389770342713, 0.1862936019897461]"
F182013,30,22,0.4,"[5470.389770342713, 0.1862962245941162]"
F182013,30,22,0.5,"[5470.389770342713, 0.18629908561706543]"
F182013,30,22,0.6,"[5470.389770342713, 0.18630099296569824]"
F182013,30,22,0.7,"[5470.389770342713, 0.18630313873291016]"
F182013,30,22,0.8,"[5470.389770342713, 0.18630480766296387]"
F182013,30,22,0.9,"[5470.389770342713, 0.18630671501159668]"
F182013,30,22,1.0,"[5470.389770342713, 0.1863088607788086]"
F182013,30,23,0.01,"[5344.149720866756, 0.01090097427368164]"
F182013,30,23,0.1,"[4535.30775816571, 0.08001065254211426]"
F182013,30,23,0.2,"[4338.450197143786, 0.15714359283447266]"
F182013,30,23,0.3,"[4338.394319677337, 0.21186161041259766]"
F182013,30,23,0.4,"[4338.394319677337, 0.21186470985412598]"
F182013,30,23,0.5,"[4338.394319677337, 0.2118675708770752]"
F182013,30,23,0.6,"[4338.394319677337, 0.2118701934814453]"
F182013,30,23,0.7,"[4338.394319677337, 0.21187210083007812]"
F182013,30,23,0.8,"[4338.394319677337, 0.21187400817871094]"
F182013,30,23,0.9,"[4338.394319677337, 0.21187639236450195]"
F182013,30,23,1.0,"[4338.394319677337, 0.21187829971313477]"
F182013,30,24,0.01,"[6925.320561855433, 0.010738372802734375]"
F182013,30,24,0.1,"[5365.5034921662445, 0.07942366600036621]"
F182013,30,24,0.2,"[5237.7572424161035, 0.15641379356384277]"
F182013,30,24,0.3,"[5237.75498277098, 0.18387627601623535]"
F182013,30,24,0.4,"[5237.75498277098, 0.18387985229492188]"
F182013,30,24,0.5,"[5237.75498277098, 0.1838827133178711]"
F182013,30,24,0.6,"[5237.75498277098, 0.183884859085083]"
F182013,30,24,0.7,"[5237.75498277098, 0.18388676643371582]"
F182013,30,24,0.8,"[5237.75498277098, 0.18388867378234863]"
F182013,30,24,0.9,"[5237.75498277098, 0.18389081954956055]"
F182013,30,24,1.0,"[5237.75498277098, 0.18389272689819336]"
F182013,30,25,0.01,"[5828.559699687474, 0.03263998031616211]"
F182013,30,25,0.1,"[5522.635741402576, 0.11925196647644043]"
F182013,30,25,0.2,"[5522.065230930636, 0.19548702239990234]"
F182013,30,25,0.3,"[5522.065207259874, 0.20537900924682617]"
F182013,30,25,0.4,"[5522.065207259874, 0.2053821086883545]"
F182013,30,25,0.5,"[5522.065207259874, 0.2053844928741455]"
F182013,30,25,0.6,"[5522.065207259874, 0.20538687705993652]"
F182013,30,25,0.7,"[5522.065207259874, 0.20538854598999023]"
F182013,30,25,0.8,"[5522.065207259874, 0.20539021492004395]"
F182013,30,25,0.9,"[5522.065207259874, 0.20539259910583496]"
F182013,30,25,1.0,"[5522.065207259874, 0.20539474487304688]"
F182013,30,26,0.01,"[5822.496291311459, 0.033655405044555664]"
F182013,30,26,0.1,"[5555.365429987337, 0.1443185806274414]"
F182013,30,26,0.2,"[5549.565843492494, 0.2205810546875]"
F182013,30,26,0.3,"[5549.565836438635, 0.22563457489013672]"
F182013,30,26,0.4,"[5549.565836438635, 0.22563767433166504]"
F182013,30,26,0.5,"[5549.565836438635, 0.22564029693603516]"
F182013,30,26,0.6,"[5549.565836438635, 0.22564244270324707]"
F182013,30,26,0.7,"[5549.565836438635, 0.22564411163330078]"
F182013,30,26,0.8,"[5549.565836438635, 0.2256460189819336]"
F182013,30,26,0.9,"[5549.565836438635, 0.2256481647491455]"
F182013,30,26,1.0,"[5549.565836438635, 0.22565031051635742]"
F182013,30,27,0.01,"[7913.994073644728, 0.023736953735351562]"
F182013,30,27,0.1,"[7611.973918661109, 0.09194803237915039]"
F182013,30,27,0.2,"[7514.778678347261, 0.16828703880310059]"
F182013,30,27,0.3,"[7514.7755112285095, 0.20027446746826172]"
F182013,30,27,0.4,"[7514.7755112285095, 0.20027732849121094]"
F182013,30,27,0.5,"[7514.7755112285095, 0.20027995109558105]"
F182013,30,27,0.6,"[7514.7755112285095, 0.20028185844421387]"
F182013,30,27,0.7,"[7514.7755112285095, 0.20028352737426758]"
F182013,30,27,0.8,"[7514.7755112285095, 0.2002854347229004]"
F182013,30,27,0.9,"[7514.7755112285095, 0.2002875804901123]"
F182013,30,27,1.0,"[7514.7755112285095, 0.20028972625732422]"
F182013,30,28,0.01,"[7312.714833874482, 0.0187835693359375]"
F182013,30,28,0.1,"[5692.612920066113, 0.08771705627441406]"
F182013,30,28,0.2,"[5579.907937144269, 0.1640312671661377]"
F182013,30,28,0.3,"[5473.9510679462355, 0.240675687789917]"
F182013,30,28,0.4,"[5473.945730336698, 0.2730095386505127]"
F182013,30,28,0.5,"[5473.945730336698, 0.2730131149291992]"
F182013,30,28,0.6,"[5473.945730336698, 0.27301549911499023]"
F182013,30,28,0.7,"[5473.945730336698, 0.27301764488220215]"
F182013,30,28,0.8,"[5473.945730336698, 0.27301955223083496]"
F182013,30,28,0.9,"[5473.945730336698, 0.27302122116088867]"
F182013,30,28,1.0,"[5473.945730336698, 0.2730231285095215]"
F182013,30,29,0.01,"[6772.291232527494, 0.032720327377319336]"
F182013,30,29,0.1,"[5230.048641490146, 0.10165286064147949]"
F182013,30,29,0.2,"[5016.3129061109585, 0.17812108993530273]"
F182013,30,29,0.3,"[5015.664415068748, 0.25208091735839844]"
F182013,30,29,0.4,"[5015.664415068748, 0.25208401679992676]"
F182013,30,29,0.5,"[5015.664415068748, 0.2520866394042969]"
F182013,30,29,0.6,"[5015.664415068748, 0.2520887851715088]"
F182013,30,29,0.7,"[5015.664415068748, 0.2520906925201416]"
F182013,30,29,0.8,"[5015.664415068748, 0.2520923614501953]"
F182013,30,29,0.9,"[5015.664415068748, 0.252094030380249]"
F182013,30,29,1.0,"[5015.664415068748, 0.25209617614746094]"
F182013,30,30,0.01,"[6925.920134852722, 0.012573480606079102]"
F182013,30,30,0.1,"[6019.256093996988, 0.09433674812316895]"
F182013,30,30,0.2,"[5863.02905938132, 0.1849374771118164]"
F182013,30,30,0.3,"[5861.6650804940555, 0.27486348152160645]"
F182013,30,30,0.4,"[5861.653973012123, 0.3299543857574463]"
F182013,30,30,0.5,"[5861.653973012123, 0.3299582004547119]"
F182013,30,30,0.6,"[5861.653973012123, 0.32996034622192383]"
F182013,30,30,0.7,"[5861.653973012123, 0.32996225357055664]"
F182013,30,30,0.8,"[5861.653973012123, 0.32996392250061035]"
F182013,30,30,0.9,"[5861.653973012123, 0.32996606826782227]"
F182013,30,30,1.0,"[5861.653973012123, 0.329967737197876]"
F182013,30,31,0.01,"[5767.600779491998, 0.019695520401000977]"
F182013,30,31,0.1,"[5464.049341632803, 0.09072017669677734]"
F182013,30,31,0.2,"[5463.706861490187, 0.1623837947845459]"
F182013,30,31,0.3,"[5463.706861490187, 0.16238689422607422]"
F182013,30,31,0.4,"[5463.706861490187, 0.16238903999328613]"
F182013,30,31,0.5,"[5463.706861490187, 0.16239118576049805]"
F182013,30,31,0.6,"[5463.706861490187, 0.16239309310913086]"
F182013,30,31,0.7,"[5463.706861490187, 0.16239500045776367]"
F182013,30,31,0.8,"[5463.706861490187, 0.16239666938781738]"
F182013,30,31,0.9,"[5463.706861490187, 0.1623990535736084]"
F182013,30,31,1.0,"[5463.706861490187, 0.1624009609222412]"
F182013,30,32,0.01,"[7866.407374016493, 0.01062321662902832]"
F182013,30,32,0.1,"[5515.711839898155, 0.07900214195251465]"
F182013,30,32,0.2,"[5271.266027436564, 0.15471649169921875]"
F182013,30,32,0.3,"[5234.922154129483, 0.23063993453979492]"
F182013,30,32,0.4,"[5234.921754165654, 0.24558305740356445]"
F182013,30,32,0.5,"[5234.921754165654, 0.24558639526367188]"
F182013,30,32,0.6,"[5234.921754165654, 0.2455885410308838]"
F182013,30,32,0.7,"[5234.921754165654, 0.2455904483795166]"
F182013,30,32,0.8,"[5234.921754165654, 0.24559235572814941]"
F182013,30,32,0.9,"[5234.921754165654, 0.24559473991394043]"
F182013,30,32,1.0,"[5234.921754165654, 0.24559664726257324]"
F182013,30,33,0.01,"[5896.678291287106, 0.010582447052001953]"
F182013,30,33,0.1,"[5600.908585795028, 0.07940340042114258]"
F182013,30,33,0.2,"[5600.360094501499, 0.15560007095336914]"
F182013,30,33,0.3,"[5600.360089887376, 0.16553425788879395]"
F182013,30,33,0.4,"[5600.360089887376, 0.16553735733032227]"
F182013,30,33,0.5,"[5600.360089887376, 0.16554021835327148]"
F182013,30,33,0.6,"[5600.360089887376, 0.1655418872833252]"
F182013,30,33,0.7,"[5600.360089887376, 0.165543794631958]"
F182013,30,33,0.8,"[5600.360089887376, 0.16554594039916992]"
F182013,30,33,0.9,"[5600.360089887376, 0.16554808616638184]"
F182013,30,33,1.0,"[5600.360089887376, 0.16555023193359375]"
F182013,30,34,0.01,"[5000.997644126132, 0.010681629180908203]"
F182013,30,34,0.1,"[4156.947842731723, 0.0793602466583252]"
F182013,30,34,0.2,"[4021.520236138467, 0.15589642524719238]"
F182013,30,34,0.3,"[4021.4487220155243, 0.20537471771240234]"
F182013,30,34,0.4,"[4021.4487220155243, 0.20537781715393066]"
F182013,30,34,0.5,"[4021.4487220155243, 0.20538043975830078]"
F182013,30,34,0.6,"[4021.4487220155243, 0.2053823471069336]"
F182013,30,34,0.7,"[4021.4487220155243, 0.2053842544555664]"
F182013,30,34,0.8,"[4021.4487220155243, 0.20538592338562012]"
F182013,30,34,0.9,"[4021.4487220155243, 0.20538830757141113]"
F182013,30,34,1.0,"[4021.4487220155243, 0.20539069175720215]"
F182013,30,35,0.01,"[6642.788533574169, 0.022992372512817383]"
F182013,30,35,0.1,"[6428.757930676822, 0.15956473350524902]"
F182013,30,35,0.2,"[6428.466023177359, 0.22187209129333496]"
F182013,30,35,0.3,"[6428.466023177359, 0.22187519073486328]"
F182013,30,35,0.4,"[6428.466023177359, 0.2218773365020752]"
F182013,30,35,0.5,"[6428.466023177359, 0.2218794822692871]"
F182013,30,35,0.6,"[6428.466023177359, 0.22188162803649902]"
F182013,30,35,0.7,"[6428.466023177359, 0.22188353538513184]"
F182013,30,35,0.8,"[6428.466023177359, 0.22188520431518555]"
F182013,30,35,0.9,"[6428.466023177359, 0.22188758850097656]"
F182013,30,35,1.0,"[6428.466023177359, 0.22188925743103027]"
F182013,30,36,0.01,"[5536.069212038579, 0.010705232620239258]"
F182013,30,36,0.1,"[5317.24359114094, 0.08015155792236328]"
F182013,30,36,0.2,"[5317.0168834473425, 0.1374211311340332]"
F182013,30,36,0.3,"[5317.0168834473425, 0.13742423057556152]"
F182013,30,36,0.4,"[5317.0168834473425, 0.13742637634277344]"
F182013,30,36,0.5,"[5317.0168834473425, 0.13742852210998535]"
F182013,30,36,0.6,"[5317.0168834473425, 0.13743042945861816]"
F182013,30,36,0.7,"[5317.0168834473425, 0.13743257522583008]"
F182013,30,36,0.8,"[5317.0168834473425, 0.1374340057373047]"
F182013,30,36,0.9,"[5317.0168834473425, 0.1374366283416748]"
F182013,30,36,1.0,"[5317.0168834473425, 0.13743829727172852]"
F182013,30,37,0.01,"[6476.892729192577, 0.03174233436584473]"
F182013,30,37,0.1,"[6097.684536573833, 0.1527242660522461]"
F182013,30,37,0.2,"[6064.347197816486, 0.2294902801513672]"
F182013,30,37,0.3,"[6064.346999623294, 0.24196934700012207]"
F182013,30,37,0.4,"[6064.346999623294, 0.2419726848602295]"
F182013,30,37,0.5,"[6064.346999623294, 0.2419750690460205]"
F182013,30,37,0.6,"[6064.346999623294, 0.24197721481323242]"
F182013,30,37,0.7,"[6064.346999623294, 0.24197888374328613]"
F182013,30,37,0.8,"[6064.346999623294, 0.24198079109191895]"
F182013,30,37,0.9,"[6064.346999623294, 0.24198317527770996]"
F182013,30,37,1.0,"[6064.346999623294, 0.24198508262634277]"
F182013,30,38,0.01,"[6092.91071164231, 0.023781538009643555]"
F182013,30,38,0.1,"[5234.234854585952, 0.14254021644592285]"
F182013,30,38,0.2,"[3844.494396402488, 0.21880125999450684]"
F182013,30,38,0.3,"[3627.6270978485545, 0.2951369285583496]"
F182013,30,38,0.4,"[3627.295333503281, 0.37137866020202637]"
F182013,30,38,0.5,"[3627.295321669291, 0.37654781341552734]"
F182013,30,38,0.6,"[3627.295321669291, 0.37655091285705566]"
F182013,30,38,0.7,"[3627.295321669291, 0.3765532970428467]"
F182013,30,38,0.8,"[3627.295321669291, 0.3765554428100586]"
F182013,30,38,0.9,"[3627.295321669291, 0.3765573501586914]"
F182013,30,38,1.0,"[3627.295321669291, 0.3765594959259033]"
F182013,30,39,0.01,"[7146.924749000315, 0.010602235794067383]"
F182013,30,39,0.1,"[3837.2893146827373, 0.07915115356445312]"
F182013,30,39,0.2,"[3694.0886852942876, 0.15489554405212402]"
F182013,30,39,0.3,"[3582.017030632654, 0.2306511402130127]"
F182013,30,39,0.4,"[3581.9014254430963, 0.3066396713256836]"
F182013,30,39,0.5,"[3581.901421632833, 0.31169629096984863]"
F182013,30,39,0.6,"[3581.901421632833, 0.31169962882995605]"
F182013,30,39,0.7,"[3581.901421632833, 0.31170201301574707]"
F182013,30,39,0.8,"[3581.901421632833, 0.3117036819458008]"
F182013,30,39,0.9,"[3581.901421632833, 0.3117058277130127]"
F182013,30,39,1.0,"[3581.901421632833, 0.3117077350616455]"
F182013,30,40,0.01,"[7661.010486961927, 0.010536670684814453]"
F182013,30,40,0.1,"[7392.871493407472, 0.14371514320373535]"
F182013,30,40,0.2,"[7378.709372696746, 0.22031188011169434]"
F182013,30,40,0.3,"[7378.70917470308, 0.23521900177001953]"
F182013,30,40,0.4,"[7378.70917470308, 0.23522210121154785]"
F182013,30,40,0.5,"[7378.70917470308, 0.23522472381591797]"
F182013,30,40,0.6,"[7378.70917470308, 0.23522686958312988]"
F182013,30,40,0.7,"[7378.70917470308, 0.2352285385131836]"
F182013,30,40,0.8,"[7378.70917470308, 0.2352304458618164]"
F182013,30,40,0.9,"[7378.70917470308, 0.23523259162902832]"
F182013,30,40,1.0,"[7378.70917470308, 0.23523449897766113]"
F182013,30,41,0.01,"[5094.9898165747845, 0.010677814483642578]"
F182013,30,41,0.1,"[4595.409482866071, 0.0787663459777832]"
F182013,30,41,0.2,"[4532.2426863578485, 0.15487456321716309]"
F182013,30,41,0.3,"[4532.233671109442, 0.22078919410705566]"
F182013,30,41,0.4,"[4532.233671109442, 0.22079253196716309]"
F182013,30,41,0.5,"[4532.233671109442, 0.2207953929901123]"
F182013,30,41,0.6,"[4532.233671109442, 0.22079777717590332]"
F182013,30,41,0.7,"[4532.233671109442, 0.22079944610595703]"
F182013,30,41,0.8,"[4532.233671109442, 0.22080135345458984]"
F182013,30,41,0.9,"[4532.233671109442, 0.22080326080322266]"
F182013,30,41,1.0,"[4532.233671109442, 0.22080564498901367]"
F182013,30,42,0.01,"[4490.878891003432, 0.04355502128601074]"
F182013,30,42,0.1,"[3311.7195277461324, 0.11261940002441406]"
F182013,30,42,0.2,"[3083.064048780075, 0.1897745132446289]"
F182013,30,42,0.3,"[3082.9082514079983, 0.25446343421936035]"
F182013,30,42,0.4,"[3082.9082514079983, 0.2544667720794678]"
F182013,30,42,0.5,"[3082.9082514079983, 0.254469633102417]"
F182013,30,42,0.6,"[3082.9082514079983, 0.2544715404510498]"
F182013,30,42,0.7,"[3082.9082514079983, 0.2544739246368408]"
F182013,30,42,0.8,"[3082.9082514079983, 0.25447607040405273]"
F182013,30,42,0.9,"[3082.9082514079983, 0.25447797775268555]"
F182013,30,42,1.0,"[3082.9082514079983, 0.25448036193847656]"
F182013,30,43,0.01,"[7198.07686534787, 0.021527767181396484]"
F182013,30,43,0.1,"[6845.0210997411505, 0.15250658988952637]"
F182013,30,43,0.2,"[6587.43855982133, 0.22903990745544434]"
F182013,30,43,0.3,"[6580.474698483804, 0.3054018020629883]"
F182013,30,43,0.4,"[6580.474545824488, 0.3203463554382324]"
F182013,30,43,0.5,"[6580.474545824488, 0.32034993171691895]"
F182013,30,43,0.6,"[6580.474545824488, 0.32035183906555176]"
F182013,30,43,0.7,"[6580.474545824488, 0.32035374641418457]"
F182013,30,43,0.8,"[6580.474545824488, 0.3203554153442383]"
F182013,30,43,0.9,"[6580.474545824488, 0.3203573226928711]"
F182013,30,43,1.0,"[6580.474545824488, 0.32036280632019043]"
F182013,30,44,0.01,"[4899.436149955391, 0.01057887077331543]"
F182013,30,44,0.1,"[3823.5649105353405, 0.13523483276367188]"
F182013,30,44,0.2,"[3808.8459875131484, 0.21213364601135254]"
F182013,30,44,0.3,"[3808.8443201423124, 0.24687814712524414]"
F182013,30,44,0.4,"[3808.8443201423124, 0.24688100814819336]"
F182013,30,44,0.5,"[3808.8443201423124, 0.24688363075256348]"
F182013,30,44,0.6,"[3808.8443201423124, 0.2468857765197754]"
F182013,30,44,0.7,"[3808.8443201423124, 0.2468874454498291]"
F182013,30,44,0.8,"[3808.8443201423124, 0.24688935279846191]"
F182013,30,44,0.9,"[3808.8443201423124, 0.24689126014709473]"
F182013,30,44,1.0,"[3808.8443201423124, 0.24689364433288574]"
F182013,30,45,0.01,"[3478.871067204506, 0.02658224105834961]"
F182013,30,45,0.1,"[3229.6805274218195, 0.1408405303955078]"
F182013,30,45,0.2,"[3229.6084353742963, 0.21771717071533203]"
F182013,30,45,0.3,"[3229.606096820904, 0.29429030418395996]"
F182013,30,45,0.4,"[3229.6059092569403, 0.370577335357666]"
F182013,30,45,0.5,"[3229.6059052875084, 0.3905057907104492]"
F182013,30,45,0.6,"[3229.6059052875084, 0.39050912857055664]"
F182013,30,45,0.7,"[3229.6059052875084, 0.39051151275634766]"
F182013,30,45,0.8,"[3229.6059052875084, 0.39051342010498047]"
F182013,30,45,0.9,"[3229.6059052875084, 0.3905155658721924]"
F182013,30,45,1.0,"[3229.6059052875084, 0.3905177116394043]"
F182013,30,46,0.01,"[5041.709199180841, 0.010599613189697266]"
F182013,30,46,0.1,"[3350.9432295054066, 0.11574649810791016]"
F182013,30,46,0.2,"[3161.1489036178214, 0.1923370361328125]"
F182013,30,46,0.3,"[3153.6420523721063, 0.26868247985839844]"
F182013,30,46,0.4,"[3153.641043383912, 0.2984476089477539]"
F182013,30,46,0.5,"[3153.641043383912, 0.29845118522644043]"
F182013,30,46,0.6,"[3153.641043383912, 0.29845333099365234]"
F182013,30,46,0.7,"[3153.641043383912, 0.29845547676086426]"
F182013,30,46,0.8,"[3153.641043383912, 0.29845738410949707]"
F182013,30,46,0.9,"[3153.641043383912, 0.2984590530395508]"
F182013,30,46,1.0,"[3153.641043383912, 0.2984611988067627]"
F182013,30,47,0.01,"[5933.928133418046, 0.010613679885864258]"
F182013,30,47,0.1,"[4020.2369621442385, 0.1412043571472168]"
F182013,30,47,0.2,"[4007.440985710129, 0.21841025352478027]"
F182013,30,47,0.3,"[4007.4408564802943, 0.23352980613708496]"
F182013,30,47,0.4,"[4007.4408564802943, 0.23353362083435059]"
F182013,30,47,0.5,"[4007.4408564802943, 0.2335371971130371]"
F182013,30,47,0.6,"[4007.4408564802943, 0.23353910446166992]"
F182013,30,47,0.7,"[4007.4408564802943, 0.23354148864746094]"
F182013,30,47,0.8,"[4007.4408564802943, 0.23354363441467285]"
F182013,30,47,0.9,"[4007.4408564802943, 0.23354578018188477]"
F182013,30,47,1.0,"[4007.4408564802943, 0.23354840278625488]"
F182013,30,48,0.01,"[7833.761074342934, 0.010039567947387695]"
F182013,30,48,0.1,"[5696.197134775835, 0.07805609703063965]"
F182013,30,48,0.2,"[5430.527641092096, 0.15349745750427246]"
F182013,30,48,0.3,"[5430.449966067844, 0.22199106216430664]"
F182013,30,48,0.4,"[5430.449966067844, 0.22199392318725586]"
F182013,30,48,0.5,"[5430.449966067844, 0.22199630737304688]"
F182013,30,48,0.6,"[5430.449966067844, 0.22199797630310059]"
F182013,30,48,0.7,"[5430.449966067844, 0.2219996452331543]"
F182013,30,48,0.8,"[5430.449966067844, 0.222001314163208]"
F182013,30,48,0.9,"[5430.449966067844, 0.22200298309326172]"
F182013,30,48,1.0,"[5430.449966067844, 0.22200465202331543]"
F182013,30,49,0.01,"[6038.816557490127, 0.013180732727050781]"
F182013,30,49,0.1,"[5675.179003504833, 0.08201169967651367]"
F182013,30,49,0.2,"[5620.627102313324, 0.1585071086883545]"
F182013,30,49,0.3,"[5620.626879714985, 0.18298673629760742]"
F182013,30,49,0.4,"[5620.626879714985, 0.18298959732055664]"
F182013,30,49,0.5,"[5620.626879714985, 0.18299174308776855]"
F182013,30,49,0.6,"[5620.626879714985, 0.18299365043640137]"
F182013,30,49,0.7,"[5620.626879714985, 0.18299508094787598]"
F182013,30,49,0.8,"[5620.626879714985, 0.1829969882965088]"
F182013,30,49,0.9,"[5620.626879714985, 0.1829984188079834]"
F182013,30,49,1.0,"[5620.626879714985, 0.1830003261566162]"
F182013,30,50,0.01,"[7188.673532377189, 0.010104179382324219]"
F182013,30,50,0.1,"[6401.866146254456, 0.07844877243041992]"
F182013,30,50,0.2,"[3224.5350177193154, 0.15427899360656738]"
F182013,30,50,0.3,"[3124.9282124210104, 0.22997593879699707]"
F182013,30,50,0.4,"[2822.68542815686, 0.30625009536743164]"
F182013,30,50,0.5,"[2811.142952988823, 0.38541364669799805]"
F182013,30,50,0.6,"[2811.1425204819643, 0.4103550910949707]"
F182013,30,50,0.7,"[2811.1425204819643, 0.410358190536499]"
F182013,30,50,0.8,"[2811.1425204819643, 0.41036033630371094]"
F182013,30,50,0.9,"[2811.1425204819643, 0.41036200523376465]"
F182013,30,50,1.0,"[2811.1425204819643, 0.41036391258239746]"
F182013,50,0,0.01,"[10896.86583411234, 0.03275704383850098]"
F182013,50,0,0.1,"[9628.814360294979, 0.18976068496704102]"
F182013,50,0,0.2,"[9376.757334429698, 0.272369384765625]"
F182013,50,0,0.3,"[9249.014905511465, 0.355759859085083]"
F182013,50,0,0.4,"[9248.915577835975, 0.43916773796081543]"
F182013,50,0,0.5,"[9248.915382407282, 0.47885704040527344]"
F182013,50,0,0.6,"[9248.915382407282, 0.47886037826538086]"
F182013,50,0,0.7,"[9248.915382407282, 0.4788625240325928]"
F182013,50,0,0.8,"[9248.915382407282, 0.4788644313812256]"
F182013,50,0,0.9,"[9248.915382407282, 0.4788663387298584]"
F182013,50,0,1.0,"[9248.915382407282, 0.4788680076599121]"
F182013,50,1,0.01,"[9738.520243691142, 0.009870767593383789]"
F182013,50,1,0.1,"[9187.83762150099, 0.08900570869445801]"
F182013,50,1,0.2,"[8914.471060524247, 0.1729278564453125]"
F182013,50,1,0.3,"[8913.689359888915, 0.25675392150878906]"
F182013,50,1,0.4,"[8913.687072070108, 0.32273125648498535]"
F182013,50,1,0.5,"[8913.687072070108, 0.3227348327636719]"
F182013,50,1,0.6,"[8913.687072070108, 0.3227379322052002]"
F182013,50,1,0.7,"[8913.687072070108, 0.3227396011352539]"
F182013,50,1,0.8,"[8913.687072070108, 0.3227415084838867]"
F182013,50,1,0.9,"[8913.687072070108, 0.32274317741394043]"
F182013,50,1,1.0,"[8913.687072070108, 0.32274532318115234]"
F182013,50,2,0.01,"[9251.239255368662, 0.009832620620727539]"
F182013,50,2,0.1,"[7462.475789902909, 0.08945703506469727]"
F182013,50,2,0.2,"[7134.299342631641, 0.1728811264038086]"
F182013,50,2,0.3,"[6973.009131190302, 0.2563595771789551]"
F182013,50,2,0.4,"[6972.838715758137, 0.33970069885253906]"
F182013,50,2,0.5,"[6972.83790089574, 0.3839449882507324]"
F182013,50,2,0.6,"[6972.83790089574, 0.38394808769226074]"
F182013,50,2,0.7,"[6972.83790089574, 0.38395023345947266]"
F182013,50,2,0.8,"[6972.83790089574, 0.38395214080810547]"
F182013,50,2,0.9,"[6972.83790089574, 0.3839540481567383]"
F182013,50,2,1.0,"[6972.83790089574, 0.3839559555053711]"
F182013,50,3,0.01,"[12307.419600907611, 0.009722471237182617]"
F182013,50,3,0.1,"[10659.760752387647, 0.08880949020385742]"
F182013,50,3,0.2,"[10508.906243377221, 0.17182445526123047]"
F182013,50,3,0.3,"[10508.723535916082, 0.2550239562988281]"
F182013,50,3,0.4,"[10508.723535916082, 0.255230188369751]"
F182013,50,3,0.5,"[10508.723535916082, 0.2552337646484375]"
F182013,50,3,0.6,"[10508.723535916082, 0.2552356719970703]"
F182013,50,3,0.7,"[10508.723535916082, 0.2552375793457031]"
F182013,50,3,0.8,"[10508.723535916082, 0.25523924827575684]"
F182013,50,3,0.9,"[10508.723535916082, 0.25524115562438965]"
F182013,50,3,1.0,"[10508.723535916082, 0.25524282455444336]"
F182013,50,4,0.01,"[6832.83920272277, 0.009901285171508789]"
F182013,50,4,0.1,"[5649.112609920932, 0.08917713165283203]"
F182013,50,4,0.2,"[5368.68151009852, 0.17241430282592773]"
F182013,50,4,0.3,"[5333.488902640116, 0.25586390495300293]"
F182013,50,4,0.4,"[5333.469663176616, 0.339261531829834]"
F182013,50,4,0.5,"[5333.469663176616, 0.339447021484375]"
F182013,50,4,0.6,"[5333.469663176616, 0.3394498825073242]"
F182013,50,4,0.7,"[5333.469663176616, 0.33945202827453613]"
F182013,50,4,0.8,"[5333.469663176616, 0.33945369720458984]"
F182013,50,4,0.9,"[5333.469663176616, 0.33945584297180176]"
F182013,50,4,1.0,"[5333.469663176616, 0.33945775032043457]"
F182013,50,5,0.01,"[9049.293888011787, 0.009854316711425781]"
F182013,50,5,0.1,"[8422.6952005567, 0.08866310119628906]"
F182013,50,5,0.2,"[8090.245324266831, 0.17208528518676758]"
F182013,50,5,0.3,"[8084.376682171158, 0.25569939613342285]"
F182013,50,5,0.4,"[8084.372372894713, 0.32204604148864746]"
F182013,50,5,0.5,"[8084.372372894713, 0.3220493793487549]"
F182013,50,5,0.6,"[8084.372372894713, 0.3220515251159668]"
F182013,50,5,0.7,"[8084.372372894713, 0.3220534324645996]"
F182013,50,5,0.8,"[8084.372372894713, 0.3220551013946533]"
F182013,50,5,0.9,"[8084.372372894713, 0.32205748558044434]"
F182013,50,5,1.0,"[8084.372372894713, 0.32205939292907715]"
F182013,50,6,0.01,"[12743.575932975831, 0.009835243225097656]"
F182013,50,6,0.1,"[10274.547982130853, 0.08901143074035645]"
F182013,50,6,0.2,"[10001.798048963992, 0.1726057529449463]"
F182013,50,6,0.3,"[10001.339548788974, 0.256056547164917]"
F182013,50,6,0.4,"[10001.338437616394, 0.30878591537475586]"
F182013,50,6,0.5,"[10001.338437616394, 0.3087894916534424]"
F182013,50,6,0.6,"[10001.338437616394, 0.3087918758392334]"
F182013,50,6,0.7,"[10001.338437616394, 0.308793306350708]"
F182013,50,6,0.8,"[10001.338437616394, 0.3087949752807617]"
F182013,50,6,0.9,"[10001.338437616394, 0.30879640579223633]"
F182013,50,6,1.0,"[10001.338437616394, 0.30879831314086914]"
F182013,50,7,0.01,"[9362.103838555871, 0.009848833084106445]"
F182013,50,7,0.1,"[7252.52524247384, 0.08901214599609375]"
F182013,50,7,0.2,"[7072.408790631345, 0.1721785068511963]"
F182013,50,7,0.3,"[7071.920615051946, 0.25531435012817383]"
F182013,50,7,0.4,"[7071.9182779795765, 0.30832958221435547]"
F182013,50,7,0.5,"[7071.9182779795765, 0.308333158493042]"
F182013,50,7,0.6,"[7071.9182779795765, 0.308335542678833]"
F182013,50,7,0.7,"[7071.9182779795765, 0.3083369731903076]"
F182013,50,7,0.8,"[7071.9182779795765, 0.3083384037017822]"
F182013,50,7,0.9,"[7071.9182779795765, 0.30834031105041504]"
F182013,50,7,1.0,"[7071.9182779795765, 0.30834221839904785]"
F182013,50,8,0.01,"[11034.937730357335, 0.009897947311401367]"
F182013,50,8,0.1,"[9907.652306272159, 0.08901405334472656]"
F182013,50,8,0.2,"[9539.060259933798, 0.17198705673217773]"
F182013,50,8,0.3,"[9506.129902932285, 0.255230188369751]"
F182013,50,8,0.4,"[9506.09363822677, 0.3383028507232666]"
F182013,50,8,0.5,"[9506.09363822677, 0.33849287033081055]"
F182013,50,8,0.6,"[9506.09363822677, 0.33849573135375977]"
F182013,50,8,0.7,"[9506.09363822677, 0.3384978771209717]"
F182013,50,8,0.8,"[9506.09363822677, 0.3384995460510254]"
F182013,50,8,0.9,"[9506.09363822677, 0.3385014533996582]"
F182013,50,8,1.0,"[9506.09363822677, 0.338503360748291]"
F182013,50,9,0.01,"[10414.764356447246, 0.009896993637084961]"
F182013,50,9,0.1,"[9103.277500887072, 0.08887434005737305]"
F182013,50,9,0.2,"[8961.453510821178, 0.17147231101989746]"
F182013,50,9,0.3,"[8703.47245203841, 0.2545943260192871]"
F182013,50,9,0.4,"[8693.834014189533, 0.33789968490600586]"
F182013,50,9,0.5,"[8693.82875204789, 0.3950767517089844]"
F182013,50,9,0.6,"[8693.82875204789, 0.3950803279876709]"
F182013,50,9,0.7,"[8693.82875204789, 0.3950824737548828]"
F182013,50,9,0.8,"[8693.82875204789, 0.3950843811035156]"
F182013,50,9,0.9,"[8693.82875204789, 0.39508652687072754]"
F182013,50,9,1.0,"[8693.82875204789, 0.39508843421936035]"
F182013,50,10,0.01,"[13231.384148466497, 0.009813785552978516]"
F182013,50,10,0.1,"[10887.536097093283, 0.08927464485168457]"
F182013,50,10,0.2,"[10553.420053686883, 0.1725473403930664]"
F182013,50,10,0.3,"[10490.505552545193, 0.2561326026916504]"
F182013,50,10,0.4,"[10490.461146874826, 0.33971333503723145]"
F182013,50,10,0.5,"[10490.461109030059, 0.3486826419830322]"
F182013,50,10,0.6,"[10490.461109030059, 0.34868574142456055]"
F182013,50,10,0.7,"[10490.461109030059, 0.34868788719177246]"
F182013,50,10,0.8,"[10490.461109030059, 0.34868955612182617]"
F182013,50,10,0.9,"[10490.461109030059, 0.348691463470459]"
F182013,50,10,1.0,"[10490.461109030059, 0.3486931324005127]"
F182013,50,11,0.01,"[11204.019795077067, 0.009767770767211914]"
F182013,50,11,0.1,"[6685.726910166328, 0.08854818344116211]"
F182013,50,11,0.2,"[6653.838915262457, 0.17107367515563965]"
F182013,50,11,0.3,"[6376.933115683273, 0.25383782386779785]"
F182013,50,11,0.4,"[6252.760609310928, 0.33693552017211914]"
F182013,50,11,0.5,"[6252.460588351734, 0.42421650886535645]"
F182013,50,11,0.6,"[6252.460230292492, 0.45504236221313477]"
F182013,50,11,0.7,"[6252.460230292492, 0.455045223236084]"
F182013,50,11,0.8,"[6252.460230292492, 0.455047607421875]"
F182013,50,11,0.9,"[6252.460230292492, 0.4550495147705078]"
F182013,50,11,1.0,"[6252.460230292492, 0.4550514221191406]"
F182013,50,12,0.01,"[13841.22997717327, 0.009784698486328125]"
F182013,50,12,0.1,"[12192.129522581665, 0.08916711807250977]"
F182013,50,12,0.2,"[11845.63514593647, 0.17288517951965332]"
F182013,50,12,0.3,"[11836.146486774021, 0.2567138671875]"
F182013,50,12,0.4,"[11836.138246523586, 0.3184702396392822]"
F182013,50,12,0.5,"[11836.138246523586, 0.31847453117370605]"
F182013,50,12,0.6,"[11836.138246523586, 0.31847667694091797]"
F182013,50,12,0.7,"[11836.138246523586, 0.3184783458709717]"
F182013,50,12,0.8,"[11836.138246523586, 0.3184800148010254]"
F182013,50,12,0.9,"[11836.138246523586, 0.3184821605682373]"
F182013,50,12,1.0,"[11836.138246523586, 0.318483829498291]"
F182013,50,13,0.01,"[10661.079978391497, 0.009804964065551758]"
F182013,50,13,0.1,"[7601.983850227493, 0.0891578197479248]"
F182013,50,13,0.2,"[7333.915549376413, 0.17284154891967773]"
F182013,50,13,0.3,"[7330.7724513969715, 0.25645995140075684]"
F182013,50,13,0.4,"[7330.769616695553, 0.3138120174407959]"
F182013,50,13,0.5,"[7330.769616695553, 0.3138158321380615]"
F182013,50,13,0.6,"[7330.769616695553, 0.31381821632385254]"
F182013,50,13,0.7,"[7330.769616695553, 0.31381988525390625]"
F182013,50,13,0.8,"[7330.769616695553, 0.31382179260253906]"
F182013,50,13,0.9,"[7330.769616695553, 0.3138236999511719]"
F182013,50,13,1.0,"[7330.769616695553, 0.3138256072998047]"
F182013,50,14,0.01,"[9845.32737523377, 0.009891033172607422]"
F182013,50,14,0.1,"[9087.402318611921, 0.08896708488464355]"
F182013,50,14,0.2,"[8777.05927245576, 0.17264890670776367]"
F182013,50,14,0.3,"[8776.269052437987, 0.25607967376708984]"
F182013,50,14,0.4,"[8776.26404802971, 0.27393603324890137]"
F182013,50,14,0.5,"[8776.26404802971, 0.2739393711090088]"
F182013,50,14,0.6,"[8776.26404802971, 0.2739417552947998]"
F182013,50,14,0.7,"[8776.26404802971, 0.2739431858062744]"
F182013,50,14,0.8,"[8776.26404802971, 0.2739448547363281]"
F182013,50,14,0.9,"[8776.26404802971, 0.27394676208496094]"
F182013,50,14,1.0,"[8776.26404802971, 0.27394866943359375]"
F182013,50,15,0.01,"[10526.45154035331, 0.009881019592285156]"
F182013,50,15,0.1,"[8078.346891305617, 0.0884697437286377]"
F182013,50,15,0.2,"[7699.438415208287, 0.17094874382019043]"
F182013,50,15,0.3,"[7687.184375058237, 0.2539553642272949]"
F182013,50,15,0.4,"[7687.1756994393345, 0.31952857971191406]"
F182013,50,15,0.5,"[7687.1756994393345, 0.3195326328277588]"
F182013,50,15,0.6,"[7687.1756994393345, 0.3195345401763916]"
F182013,50,15,0.7,"[7687.1756994393345, 0.3195364475250244]"
F182013,50,15,0.8,"[7687.1756994393345, 0.3195381164550781]"
F182013,50,15,0.9,"[7687.1756994393345, 0.31954026222229004]"
F182013,50,15,1.0,"[7687.1756994393345, 0.31954193115234375]"
F182013,50,16,0.01,"[8404.211936251733, 0.009668111801147461]"
F182013,50,16,0.1,"[7662.672115221573, 0.17404556274414062]"
F182013,50,16,0.2,"[7361.678088679145, 0.2611360549926758]"
F182013,50,16,0.3,"[7359.409986796614, 0.3447887897491455]"
F182013,50,16,0.4,"[7359.393849227919, 0.41095471382141113]"
F182013,50,16,0.5,"[7359.393849227919, 0.41095829010009766]"
F182013,50,16,0.6,"[7359.393849227919, 0.41096067428588867]"
F182013,50,16,0.7,"[7359.393849227919, 0.4109625816345215]"
F182013,50,16,0.8,"[7359.393849227919, 0.4109644889831543]"
F182013,50,16,0.9,"[7359.393849227919, 0.4109666347503662]"
F182013,50,16,1.0,"[7359.393849227919, 0.4109687805175781]"
F182013,50,17,0.01,"[11306.937753792781, 0.009760618209838867]"
F182013,50,17,0.1,"[10709.675309133478, 0.08867192268371582]"
F182013,50,17,0.2,"[10286.26467205454, 0.17185258865356445]"
F182013,50,17,0.3,"[10266.240752895854, 0.25529050827026367]"
F182013,50,17,0.4,"[10266.20336941168, 0.338390588760376]"
F182013,50,17,0.5,"[10266.203310505096, 0.34732818603515625]"
F182013,50,17,0.6,"[10266.203310505096, 0.34733152389526367]"
F182013,50,17,0.7,"[10266.203310505096, 0.3473334312438965]"
F182013,50,17,0.8,"[10266.203310505096, 0.3473355770111084]"
F182013,50,17,0.9,"[10266.203310505096, 0.3473374843597412]"
F182013,50,17,1.0,"[10266.203310505096, 0.3473391532897949]"
F182013,50,18,0.01,"[11792.82840374588, 0.009878873825073242]"
F182013,50,18,0.1,"[10121.190023656021, 0.08941245079040527]"
F182013,50,18,0.2,"[9948.37034001756, 0.17302274703979492]"
F182013,50,18,0.3,"[9948.074882930856, 0.25656652450561523]"
F182013,50,18,0.4,"[9948.07466706301, 0.274308443069458]"
F182013,50,18,0.5,"[9948.07466706301, 0.27431225776672363]"
F182013,50,18,0.6,"[9948.07466706301, 0.27431464195251465]"
F182013,50,18,0.7,"[9948.07466706301, 0.27431678771972656]"
F182013,50,18,0.8,"[9948.07466706301, 0.2743186950683594]"
F182013,50,18,0.9,"[9948.07466706301, 0.2743206024169922]"
F182013,50,18,1.0,"[9948.07466706301, 0.274322509765625]"
F182013,50,19,0.01,"[15096.640410907283, 0.009773492813110352]"
F182013,50,19,0.1,"[6905.87001855684, 0.08881592750549316]"
F182013,50,19,0.2,"[6776.2432796636795, 0.18479323387145996]"
F182013,50,19,0.3,"[6577.534985634897, 0.27773094177246094]"
F182013,50,19,0.4,"[6347.1798588827005, 0.36096715927124023]"
F182013,50,19,0.5,"[6346.552499658999, 0.4485487937927246]"
F182013,50,19,0.6,"[6346.552170207067, 0.4835810661315918]"
F182013,50,19,0.7,"[6346.552170207067, 0.483583927154541]"
F182013,50,19,0.8,"[6346.552170207067, 0.48358583450317383]"
F182013,50,19,0.9,"[6346.552170207067, 0.48358798027038574]"
F182013,50,19,1.0,"[6346.552170207067, 0.48358988761901855]"
F182013,50,20,0.01,"[6833.280875620911, 0.03430056571960449]"
F182013,50,20,0.1,"[6091.526378802715, 0.13748931884765625]"
F182013,50,20,0.2,"[5998.102217978982, 0.23477578163146973]"
F182013,50,20,0.3,"[5997.826868336023, 0.3318138122558594]"
F182013,50,20,0.4,"[5997.826326084151, 0.36788296699523926]"
F182013,50,20,0.5,"[5997.826326084151, 0.3678867816925049]"
F182013,50,20,0.6,"[5997.826326084151, 0.3678891658782959]"
F182013,50,20,0.7,"[5997.826326084151, 0.3678905963897705]"
F182013,50,20,0.8,"[5997.826326084151, 0.3678927421569824]"
F182013,50,20,0.9,"[5997.826326084151, 0.36789464950561523]"
F182013,50,20,1.0,"[5997.826326084151, 0.36789679527282715]"
F182013,50,21,0.01,"[11167.042795106863, 0.009679317474365234]"
F182013,50,21,0.1,"[7078.466608116876, 0.0885629653930664]"
F182013,50,21,0.2,"[6814.9039071467405, 0.17176580429077148]"
F182013,50,21,0.3,"[6773.17812169101, 0.2551705837249756]"
F182013,50,21,0.4,"[6773.125110936429, 0.3302021026611328]"
F182013,50,21,0.5,"[6773.125110936429, 0.33020567893981934]"
F182013,50,21,0.6,"[6773.125110936429, 0.33020758628845215]"
F182013,50,21,0.7,"[6773.125110936429, 0.33020973205566406]"
F182013,50,21,0.8,"[6773.125110936429, 0.3302116394042969]"
F182013,50,21,0.9,"[6773.125110936429, 0.3302133083343506]"
F182013,50,21,1.0,"[6773.125110936429, 0.3302152156829834]"
F182013,50,22,0.01,"[12535.69454868319, 0.009716033935546875]"
F182013,50,22,0.1,"[8747.3821322025, 0.08866000175476074]"
F182013,50,22,0.2,"[8376.754470775973, 0.1719202995300293]"
F182013,50,22,0.3,"[8357.122505490277, 0.2552163600921631]"
F182013,50,22,0.4,"[8357.102437306667, 0.33840012550354004]"
F182013,50,22,0.5,"[8357.102437306667, 0.33858251571655273]"
F182013,50,22,0.6,"[8357.102437306667, 0.33858537673950195]"
F182013,50,22,0.7,"[8357.102437306667, 0.33858752250671387]"
F182013,50,22,0.8,"[8357.102437306667, 0.3385894298553467]"
F182013,50,22,0.9,"[8357.102437306667, 0.3385913372039795]"
F182013,50,22,1.0,"[8357.102437306667, 0.3385934829711914]"
F182013,50,23,0.01,"[13052.81212081398, 0.009638309478759766]"
F182013,50,23,0.1,"[11841.731088195558, 0.08855128288269043]"
F182013,50,23,0.2,"[11547.80855818119, 0.17146921157836914]"
F182013,50,23,0.3,"[11530.925079313147, 0.2547140121459961]"
F182013,50,23,0.4,"[11530.886542807282, 0.32971692085266113]"
F182013,50,23,0.5,"[11530.886542807282, 0.32972049713134766]"
F182013,50,23,0.6,"[11530.886542807282, 0.32972240447998047]"
F182013,50,23,0.7,"[11530.886542807282, 0.3297245502471924]"
F182013,50,23,0.8,"[11530.886542807282, 0.3297262191772461]"
F182013,50,23,0.9,"[11530.886542807282, 0.3297281265258789]"
F182013,50,23,1.0,"[11530.886542807282, 0.3297297954559326]"
F182013,50,24,0.01,"[8373.715288708047, 0.009677410125732422]"
F182013,50,24,0.1,"[7558.687494696416, 0.08855366706848145]"
F182013,50,24,0.2,"[7338.048835764718, 0.17135095596313477]"
F182013,50,24,0.3,"[7337.300143121751, 0.2545311450958252]"
F182013,50,24,0.4,"[7337.300142025417, 0.26775074005126953]"
F182013,50,24,0.5,"[7337.300142025417, 0.26775431632995605]"
F182013,50,24,0.6,"[7337.300142025417, 0.26775646209716797]"
F182013,50,24,0.7,"[7337.300142025417, 0.2677586078643799]"
F182013,50,24,0.8,"[7337.300142025417, 0.2677600383758545]"
F182013,50,24,0.9,"[7337.300142025417, 0.2677624225616455]"
F182013,50,24,1.0,"[7337.300142025417, 0.2677640914916992]"
F182013,50,25,0.01,"[7981.064681033751, 0.009725570678710938]"
F182013,50,25,0.1,"[7287.371526456435, 0.143280029296875]"
F182013,50,25,0.2,"[7112.51405089888, 0.22712445259094238]"
F182013,50,25,0.3,"[7112.006465496557, 0.31108880043029785]"
F182013,50,25,0.4,"[7112.006062626125, 0.3594973087310791]"
F182013,50,25,0.5,"[7112.006062626125, 0.3595008850097656]"
F182013,50,25,0.6,"[7112.006062626125, 0.35950326919555664]"
F182013,50,25,0.7,"[7112.006062626125, 0.35950493812561035]"
F182013,50,25,0.8,"[7112.006062626125, 0.35950708389282227]"
F182013,50,25,0.9,"[7112.006062626125, 0.3595089912414551]"
F182013,50,25,1.0,"[7112.006062626125, 0.3595113754272461]"
F182013,50,26,0.01,"[12206.803627032969, 0.009582042694091797]"
F182013,50,26,0.1,"[8723.69720989443, 0.08860540390014648]"
F182013,50,26,0.2,"[8409.48115544099, 0.17171072959899902]"
F182013,50,26,0.3,"[8362.73381806216, 0.2553093433380127]"
F182013,50,26,0.4,"[8362.699497945316, 0.33855390548706055]"
F182013,50,26,0.5,"[8362.699415281466, 0.3518950939178467]"
F182013,50,26,0.6,"[8362.699415281466, 0.351898193359375]"
F182013,50,26,0.7,"[8362.699415281466, 0.3519001007080078]"
F182013,50,26,0.8,"[8362.699415281466, 0.35190248489379883]"
F182013,50,26,0.9,"[8362.699415281466, 0.35190439224243164]"
F182013,50,26,1.0,"[8362.699415281466, 0.35190629959106445]"
F182013,50,27,0.01,"[10184.780555368317, 0.009635686874389648]"
F182013,50,27,0.1,"[5930.8865290498525, 0.08874726295471191]"
F182013,50,27,0.2,"[5563.196078703147, 0.17184829711914062]"
F182013,50,27,0.3,"[5492.3780046958545, 0.25512170791625977]"
F182013,50,27,0.4,"[5492.165713705786, 0.3381810188293457]"
F182013,50,27,0.5,"[5492.16560433606, 0.3949112892150879]"
F182013,50,27,0.6,"[5492.16560433606, 0.3949146270751953]"
F182013,50,27,0.7,"[5492.16560433606, 0.3949167728424072]"
F182013,50,27,0.8,"[5492.16560433606, 0.39491844177246094]"
F182013,50,27,0.9,"[5492.16560433606, 0.39492034912109375]"
F182013,50,27,1.0,"[5492.16560433606, 0.39492225646972656]"
F182013,50,28,0.01,"[10497.840676884027, 0.009732484817504883]"
F182013,50,28,0.1,"[9358.766103376876, 0.08911705017089844]"
F182013,50,28,0.2,"[9267.481848765978, 0.17249226570129395]"
F182013,50,28,0.3,"[9267.333561375135, 0.2561073303222656]"
F182013,50,28,0.4,"[9267.30705193054, 0.3267641067504883]"
F182013,50,28,0.5,"[9267.30705193054, 0.3267676830291748]"
F182013,50,28,0.6,"[9267.30705193054, 0.3267700672149658]"
F182013,50,28,0.7,"[9267.30705193054, 0.32677173614501953]"
F182013,50,28,0.8,"[9267.30705193054, 0.32677364349365234]"
F182013,50,28,0.9,"[9267.30705193054, 0.32677578926086426]"
F182013,50,28,1.0,"[9267.30705193054, 0.32677769660949707]"
F182013,50,29,0.01,"[10624.888185633641, 0.009761810302734375]"
F182013,50,29,0.1,"[8871.18735071825, 0.08919048309326172]"
F182013,50,29,0.2,"[8563.499170092806, 0.17232608795166016]"
F182013,50,29,0.3,"[8479.505252170999, 0.2556741237640381]"
F182013,50,29,0.4,"[8479.399171482963, 0.33895039558410645]"
F182013,50,29,0.5,"[8479.399156439853, 0.34351325035095215]"
F182013,50,29,0.6,"[8479.399156439853, 0.34351634979248047]"
F182013,50,29,0.7,"[8479.399156439853, 0.3435184955596924]"
F182013,50,29,0.8,"[8479.399156439853, 0.3435204029083252]"
F182013,50,29,0.9,"[8479.399156439853, 0.343522310256958]"
F182013,50,29,1.0,"[8479.399156439853, 0.3435244560241699]"
F182013,50,30,0.01,"[11201.89016310918, 0.009698152542114258]"
F182013,50,30,0.1,"[10417.533870448495, 0.0885763168334961]"
F182013,50,30,0.2,"[10163.472540179338, 0.17189693450927734]"
F182013,50,30,0.3,"[10162.203253710131, 0.25528955459594727]"
F182013,50,30,0.4,"[10162.202881187557, 0.30364084243774414]"
F182013,50,30,0.5,"[10162.202881187557, 0.30364441871643066]"
F182013,50,30,0.6,"[10162.202881187557, 0.3036465644836426]"
F182013,50,30,0.7,"[10162.202881187557, 0.3036487102508545]"
F182013,50,30,0.8,"[10162.202881187557, 0.3036506175994873]"
F182013,50,30,0.9,"[10162.202881187557, 0.3036525249481201]"
F182013,50,30,1.0,"[10162.202881187557, 0.30365419387817383]"
F182013,50,31,0.01,"[11148.58504644099, 0.009791135787963867]"
F182013,50,31,0.1,"[7620.1385997851, 0.08861994743347168]"
F182013,50,31,0.2,"[7250.331230332128, 0.1719036102294922]"
F182013,50,31,0.3,"[7242.232913455751, 0.25562596321105957]"
F182013,50,31,0.4,"[7242.221523791214, 0.33921313285827637]"
F182013,50,31,0.5,"[7242.221523791214, 0.3394017219543457]"
F182013,50,31,0.6,"[7242.221523791214, 0.3394045829772949]"
F182013,50,31,0.7,"[7242.221523791214, 0.33940672874450684]"
F182013,50,31,0.8,"[7242.221523791214, 0.33940863609313965]"
F182013,50,31,0.9,"[7242.221523791214, 0.33941102027893066]"
F182013,50,31,1.0,"[7242.221523791214, 0.3394126892089844]"
F182013,50,32,0.01,"[10339.2579118913, 0.00965118408203125]"
F182013,50,32,0.1,"[7377.3229651357215, 0.0885920524597168]"
F182013,50,32,0.2,"[7141.481328778216, 0.17179012298583984]"
F182013,50,32,0.3,"[6902.296430334817, 0.25525498390197754]"
F182013,50,32,0.4,"[6895.845348471543, 0.338756799697876]"
F182013,50,32,0.5,"[6895.841117880911, 0.39605045318603516]"
F182013,50,32,0.6,"[6895.841117880911, 0.3960537910461426]"
F182013,50,32,0.7,"[6895.841117880911, 0.3960556983947754]"
F182013,50,32,0.8,"[6895.841117880911, 0.3960576057434082]"
F182013,50,32,0.9,"[6895.841117880911, 0.396059513092041]"
F182013,50,32,1.0,"[6895.841117880911, 0.39606142044067383]"
F182013,50,33,0.01,"[9176.089506781205, 0.02062678337097168]"
F182013,50,33,0.1,"[8017.164985486768, 0.17764616012573242]"
F182013,50,33,0.2,"[7861.299672162746, 0.28701257705688477]"
F182013,50,33,0.3,"[7860.864265516706, 0.36994194984436035]"
F182013,50,33,0.4,"[7860.863444219489, 0.40499019622802734]"
F182013,50,33,0.5,"[7860.863444219489, 0.40499377250671387]"
F182013,50,33,0.6,"[7860.863444219489, 0.4049959182739258]"
F182013,50,33,0.7,"[7860.863444219489, 0.4049978256225586]"
F182013,50,33,0.8,"[7860.863444219489, 0.4049997329711914]"
F182013,50,33,0.9,"[7860.863444219489, 0.4050018787384033]"
F182013,50,33,1.0,"[7860.863444219489, 0.40500354766845703]"
F182013,50,34,0.01,"[11516.9220924168, 0.011122465133666992]"
F182013,50,34,0.1,"[10026.706019978517, 0.113311767578125]"
F182013,50,34,0.2,"[10011.585868142343, 0.19660472869873047]"
F182013,50,34,0.3,"[10011.545849520868, 0.2801334857940674]"
F182013,50,34,0.4,"[10011.54578846823, 0.2890610694885254]"
F182013,50,34,0.5,"[10011.54578846823, 0.2890644073486328]"
F182013,50,34,0.6,"[10011.54578846823, 0.28906679153442383]"
F182013,50,34,0.7,"[10011.54578846823, 0.28906869888305664]"
F182013,50,34,0.8,"[10011.54578846823, 0.28907060623168945]"
F182013,50,34,0.9,"[10011.54578846823, 0.28907299041748047]"
F182013,50,34,1.0,"[10011.54578846823, 0.2890744209289551]"
F182013,50,35,0.01,"[11254.823874035274, 0.009595155715942383]"
F182013,50,35,0.1,"[7359.746966271927, 0.08863019943237305]"
F182013,50,35,0.2,"[7154.197969509538, 0.1713573932647705]"
F182013,50,35,0.3,"[7077.84286415218, 0.2541196346282959]"
F182013,50,35,0.4,"[7077.258802226373, 0.33705997467041016]"
F182013,50,35,0.5,"[7077.258011547129, 0.37227654457092285]"
F182013,50,35,0.6,"[7077.258011547129, 0.37227964401245117]"
F182013,50,35,0.7,"[7077.258011547129, 0.372281551361084]"
F182013,50,35,0.8,"[7077.258011547129, 0.3722836971282959]"
F182013,50,35,0.9,"[7077.258011547129, 0.3722856044769287]"
F182013,50,35,1.0,"[7077.258011547129, 0.3722875118255615]"
F182013,50,36,0.01,"[11479.311525615201, 0.022882461547851562]"
F182013,50,36,0.1,"[10044.869990846535, 0.1608290672302246]"
F182013,50,36,0.2,"[9716.625388117225, 0.24408221244812012]"
F182013,50,36,0.3,"[9709.772936649159, 0.3278629779815674]"
F182013,50,36,0.4,"[9709.769092600203, 0.38956165313720703]"
F182013,50,36,0.5,"[9709.769092600203, 0.38956546783447266]"
F182013,50,36,0.6,"[9709.769092600203, 0.3895680904388428]"
F182013,50,36,0.7,"[9709.769092600203, 0.3895699977874756]"
F182013,50,36,0.8,"[9709.769092600203, 0.3895716667175293]"
F182013,50,36,0.9,"[9709.769092600203, 0.3895735740661621]"
F182013,50,36,1.0,"[9709.769092600203, 0.3895752429962158]"
F182013,50,37,0.01,"[11186.50727548374, 0.009703874588012695]"
F182013,50,37,0.1,"[6798.264824353883, 0.0885465145111084]"
F182013,50,37,0.2,"[6525.431876551381, 0.17163419723510742]"
F182013,50,37,0.3,"[6413.798393316348, 0.25488972663879395]"
F182013,50,37,0.4,"[6413.538206595696, 0.33802103996276855]"
F182013,50,37,0.5,"[6413.536358325687, 0.3907451629638672]"
F182013,50,37,0.6,"[6413.536358325687, 0.3907487392425537]"
F182013,50,37,0.7,"[6413.536358325687, 0.39075136184692383]"
F182013,50,37,0.8,"[6413.536358325687, 0.39075303077697754]"
F182013,50,37,0.9,"[6413.536358325687, 0.39075517654418945]"
F182013,50,37,1.0,"[6413.536358325687, 0.39075660705566406]"
F182013,50,38,0.01,"[8787.70293011143, 0.009737730026245117]"
F182013,50,38,0.1,"[5781.11226526467, 0.0883183479309082]"
F182013,50,38,0.2,"[5413.923341117592, 0.17092156410217285]"
F182013,50,38,0.3,"[5076.073545514823, 0.2535736560821533]"
F182013,50,38,0.4,"[5054.717154370856, 0.3365201950073242]"
F182013,50,38,0.5,"[5054.7104485853415, 0.4109957218170166]"
F182013,50,38,0.6,"[5054.7104485853415, 0.4109988212585449]"
F182013,50,38,0.7,"[5054.7104485853415, 0.41100120544433594]"
F182013,50,38,0.8,"[5054.7104485853415, 0.41100335121154785]"
F182013,50,38,0.9,"[5054.7104485853415, 0.41100573539733887]"
F182013,50,38,1.0,"[5054.7104485853415, 0.4110076427459717]"
F182013,50,39,0.01,"[12156.183152416648, 0.02289295196533203]"
F182013,50,39,0.1,"[11293.59459785082, 0.1858992576599121]"
F182013,50,39,0.2,"[11193.205641653123, 0.2689647674560547]"
F182013,50,39,0.3,"[11192.701135080533, 0.35216450691223145]"
F182013,50,39,0.4,"[11192.70061885817, 0.378737211227417]"
F182013,50,39,0.5,"[11192.70061885817, 0.3787407875061035]"
F182013,50,39,0.6,"[11192.70061885817, 0.37874364852905273]"
F182013,50,39,0.7,"[11192.70061885817, 0.37874555587768555]"
F182013,50,39,0.8,"[11192.70061885817, 0.37874722480773926]"
F182013,50,39,0.9,"[11192.70061885817, 0.3787496089935303]"
F182013,50,39,1.0,"[11192.70061885817, 0.378751277923584]"
F182013,50,40,0.01,"[10541.725770664063, 0.020722389221191406]"
F182013,50,40,0.1,"[9638.64316701798, 0.161346435546875]"
F182013,50,40,0.2,"[9555.712845663104, 0.24423599243164062]"
F182013,50,40,0.3,"[9555.463642407927, 0.327286958694458]"
F182013,50,40,0.4,"[9555.463562867939, 0.33617353439331055]"
F182013,50,40,0.5,"[9555.463562867939, 0.33617711067199707]"
F182013,50,40,0.6,"[9555.463562867939, 0.336179256439209]"
F182013,50,40,0.7,"[9555.463562867939, 0.3361809253692627]"
F182013,50,40,0.8,"[9555.463562867939, 0.3361828327178955]"
F182013,50,40,0.9,"[9555.463562867939, 0.3361847400665283]"
F182013,50,40,1.0,"[9555.463562867939, 0.33618688583374023]"
F182013,50,41,0.01,"[14359.952551082773, 0.02273416519165039]"
F182013,50,41,0.1,"[11428.61047936837, 0.18741989135742188]"
F182013,50,41,0.2,"[11093.20688808418, 0.32247233390808105]"
F182013,50,41,0.3,"[11091.83977976874, 0.4056665897369385]"
F182013,50,41,0.4,"[11091.839299100326, 0.43651795387268066]"
F182013,50,41,0.5,"[11091.839299100326, 0.4365212917327881]"
F182013,50,41,0.6,"[11091.839299100326, 0.4365239143371582]"
F182013,50,41,0.7,"[11091.839299100326, 0.4365255832672119]"
F182013,50,41,0.8,"[11091.839299100326, 0.4365272521972656]"
F182013,50,41,0.9,"[11091.839299100326, 0.43652939796447754]"
F182013,50,41,1.0,"[11091.839299100326, 0.43653106689453125]"
F182013,50,42,0.01,"[9708.394433237605, 0.021676301956176758]"
F182013,50,42,0.1,"[6814.386594221025, 0.12622690200805664]"
F182013,50,42,0.2,"[6481.420610596306, 0.20910358428955078]"
F182013,50,42,0.3,"[5997.5358691158235, 0.2922494411468506]"
F182013,50,42,0.4,"[5883.762483772499, 0.3755910396575928]"
F182013,50,42,0.5,"[5674.785637811722, 0.46300601959228516]"
F182013,50,42,0.6,"[5553.856444142801, 0.5473537445068359]"
F182013,50,42,0.7,"[5553.723759589543, 0.6309182643890381]"
F182013,50,42,0.8,"[5553.723723187538, 0.6530303955078125]"
F182013,50,42,0.9,"[5553.723723187538, 0.6530337333679199]"
F182013,50,42,1.0,"[5553.723723187538, 0.6530358791351318]"
F182013,50,43,0.01,"[9100.342416939857, 0.009778261184692383]"
F182013,50,43,0.1,"[7166.068095757093, 0.0885934829711914]"
F182013,50,43,0.2,"[7060.8929519568255, 0.1718125343322754]"
F182013,50,43,0.3,"[7060.350804891201, 0.2552485466003418]"
F182013,50,43,0.4,"[7060.350028597264, 0.30831241607666016]"
F182013,50,43,0.5,"[7060.350028597264, 0.3083159923553467]"
F182013,50,43,0.6,"[7060.350028597264, 0.3083181381225586]"
F182013,50,43,0.7,"[7060.350028597264, 0.3083202838897705]"
F182013,50,43,0.8,"[7060.350028597264, 0.3083217144012451]"
F182013,50,43,0.9,"[7060.350028597264, 0.30832362174987793]"
F182013,50,43,1.0,"[7060.350028597264, 0.30832552909851074]"
F182013,50,44,0.01,"[10671.595681994108, 0.03081965446472168]"
F182013,50,44,0.1,"[9898.737905284741, 0.16173410415649414]"
F182013,50,44,0.2,"[9750.403442376271, 0.24494314193725586]"
F182013,50,44,0.3,"[9749.434668263304, 0.32843947410583496]"
F182013,50,44,0.4,"[9749.434646849857, 0.3330256938934326]"
F182013,50,44,0.5,"[9749.434646849857, 0.33302927017211914]"
F182013,50,44,0.6,"[9749.434646849857, 0.33303141593933105]"
F182013,50,44,0.7,"[9749.434646849857, 0.33303308486938477]"
F182013,50,44,0.8,"[9749.434646849857, 0.3330347537994385]"
F182013,50,44,0.9,"[9749.434646849857, 0.3330371379852295]"
F182013,50,44,1.0,"[9749.434646849857, 0.3330390453338623]"
F182013,50,45,0.01,"[9505.13922475176, 0.009577035903930664]"
F182013,50,45,0.1,"[7964.804626805466, 0.08819818496704102]"
F182013,50,45,0.2,"[7575.446244659291, 0.1710371971130371]"
F182013,50,45,0.3,"[7565.645172980139, 0.2540855407714844]"
F182013,50,45,0.4,"[7565.637076943556, 0.33696818351745605]"
F182013,50,45,0.5,"[7565.637076943556, 0.33713698387145996]"
F182013,50,45,0.6,"[7565.637076943556, 0.3371400833129883]"
F182013,50,45,0.7,"[7565.637076943556, 0.3371419906616211]"
F182013,50,45,0.8,"[7565.637076943556, 0.3371438980102539]"
F182013,50,45,0.9,"[7565.637076943556, 0.3371458053588867]"
F182013,50,45,1.0,"[7565.637076943556, 0.33714771270751953]"
F182013,50,46,0.01,"[11070.413103526103, 0.022727251052856445]"
F182013,50,46,0.1,"[5577.984740931441, 0.17605972290039062]"
F182013,50,46,0.2,"[5337.73709570743, 0.2971456050872803]"
F182013,50,46,0.3,"[5156.214074871818, 0.380465030670166]"
F182013,50,46,0.4,"[5151.3090257664035, 0.4637610912322998]"
F182013,50,46,0.5,"[5151.282346036064, 0.5518295764923096]"
F182013,50,46,0.6,"[5151.282346036064, 0.5520093441009521]"
F182013,50,46,0.7,"[5151.282346036064, 0.5520122051239014]"
F182013,50,46,0.8,"[5151.282346036064, 0.5520143508911133]"
F182013,50,46,0.9,"[5151.282346036064, 0.5520164966583252]"
F182013,50,46,1.0,"[5151.282346036064, 0.552018404006958]"
F182013,50,47,0.01,"[9993.331531604097, 0.02061915397644043]"
F182013,50,47,0.1,"[8110.559247957835, 0.17728877067565918]"
F182013,50,47,0.2,"[7340.192306943895, 0.30651307106018066]"
F182013,50,47,0.3,"[7287.442682896363, 0.38933706283569336]"
F182013,50,47,0.4,"[7285.839964437668, 0.47191452980041504]"
F182013,50,47,0.5,"[7285.806770912735, 0.5589146614074707]"
F182013,50,47,0.6,"[7285.805363269485, 0.6413371562957764]"
F182013,50,47,0.7,"[7285.805324705331, 0.7231855392456055]"
F182013,50,47,0.8,"[7285.805324705331, 0.7233791351318359]"
F182013,50,47,0.9,"[7285.805324705331, 0.7233822345733643]"
F182013,50,47,1.0,"[7285.805324705331, 0.7233843803405762]"
F182013,50,48,0.01,"[9617.43180871283, 0.009044885635375977]"
F182013,50,48,0.1,"[8383.202903626492, 0.08761358261108398]"
F182013,50,48,0.2,"[8057.252298499647, 0.17019057273864746]"
F182013,50,48,0.3,"[8043.760952447516, 0.2530019283294678]"
F182013,50,48,0.4,"[8043.74826706157, 0.31833720207214355]"
F182013,50,48,0.5,"[8043.74826706157, 0.318340539932251]"
F182013,50,48,0.6,"[8043.74826706157, 0.3183426856994629]"
F182013,50,48,0.7,"[8043.74826706157, 0.3183441162109375]"
F182013,50,48,0.8,"[8043.74826706157, 0.3183457851409912]"
F182013,50,48,0.9,"[8043.74826706157, 0.3183474540710449]"
F182013,50,48,1.0,"[8043.74826706157, 0.31834936141967773]"
F182013,50,49,0.01,"[9995.909856176177, 0.009090423583984375]"
F182013,50,49,0.1,"[9387.185378435957, 0.0872502326965332]"
F182013,50,49,0.2,"[9190.971054990052, 0.17043137550354004]"
F182013,50,49,0.3,"[9188.16809803749, 0.25349974632263184]"
F182013,50,49,0.4,"[9188.1673709183, 0.29725193977355957]"
F182013,50,49,0.5,"[9188.1673709183, 0.297255277633667]"
F182013,50,49,0.6,"[9188.1673709183, 0.2972574234008789]"
F182013,50,49,0.7,"[9188.1673709183, 0.2972588539123535]"
F182013,50,49,0.8,"[9188.1673709183, 0.29726076126098633]"
F182013,50,49,0.9,"[9188.1673709183, 0.29726219177246094]"
F182013,50,49,1.0,"[9188.1673709183, 0.29726409912109375]"
F182013,50,50,0.01,"[10236.410097663687, 0.009052753448486328]"
F182013,50,50,0.1,"[9016.679029814615, 0.08798813819885254]"
F182013,50,50,0.2,"[8791.774484395659, 0.17081642150878906]"
F182013,50,50,0.3,"[8703.94520676109, 0.25408482551574707]"
F182013,50,50,0.4,"[8703.895303034564, 0.329087495803833]"
F182013,50,50,0.5,"[8703.895303034564, 0.32909083366394043]"
F182013,50,50,0.6,"[8703.895303034564, 0.32909297943115234]"
F182013,50,50,0.7,"[8703.895303034564, 0.32909440994262695]"
F182013,50,50,0.8,"[8703.895303034564, 0.32909607887268066]"
F182013,50,50,0.9,"[8703.895303034564, 0.3290977478027344]"
F182013,50,50,1.0,"[8703.895303034564, 0.3290996551513672]"
