function,dimension,run,checkpoint,error
F152013,10,0,0.01,"[3484.5594102204077, 0.017777681350708008]"
F152013,10,0,0.1,"[1447.7853239250894, 0.0702521800994873]"
F152013,10,0,0.2,"[1447.7853239250894, 0.07025575637817383]"
F152013,10,0,0.3,"[1447.7853239250894, 0.07025837898254395]"
F152013,10,0,0.4,"[1447.7853239250894, 0.07026028633117676]"
F152013,10,0,0.5,"[1447.7853239250894, 0.07026219367980957]"
F152013,10,0,0.6,"[1447.7853239250894, 0.07026410102844238]"
F152013,10,0,0.7,"[1447.7853239250894, 0.0702662467956543]"
F152013,10,0,0.8,"[1447.7853239250894, 0.07026839256286621]"
F152013,10,0,0.9,"[1447.7853239250894, 0.07027029991149902]"
F152013,10,0,1.0,"[1447.7853239250894, 0.07027196884155273]"
F152013,10,1,0.01,"[2793.2977834926396, 0.018270254135131836]"
F152013,10,1,0.1,"[1555.466900504075, 0.0633089542388916]"
F152013,10,1,0.2,"[1555.466900504075, 0.06331276893615723]"
F152013,10,1,0.3,"[1555.466900504075, 0.06331491470336914]"
F152013,10,1,0.4,"[1555.466900504075, 0.06331658363342285]"
F152013,10,1,0.5,"[1555.466900504075, 0.06331872940063477]"
F152013,10,1,0.6,"[1555.466900504075, 0.06332039833068848]"
F152013,10,1,0.7,"[1555.466900504075, 0.06332230567932129]"
F152013,10,1,0.8,"[1555.466900504075, 0.0633242130279541]"
F152013,10,1,0.9,"[1555.466900504075, 0.06332612037658691]"
F152013,10,1,1.0,"[1555.466900504075, 0.06332778930664062]"
F152013,10,2,0.01,"[2178.8292628696727, 0.01784491539001465]"
F152013,10,2,0.1,"[2023.4482495500788, 0.038777828216552734]"
F152013,10,2,0.2,"[2023.4482495500788, 0.03878140449523926]"
F152013,10,2,0.3,"[2023.4482495500788, 0.03878331184387207]"
F152013,10,2,0.4,"[2023.4482495500788, 0.038785457611083984]"
F152013,10,2,0.5,"[2023.4482495500788, 0.0387873649597168]"
F152013,10,2,0.6,"[2023.4482495500788, 0.03878927230834961]"
F152013,10,2,0.7,"[2023.4482495500788, 0.03879094123840332]"
F152013,10,2,0.8,"[2023.4482495500788, 0.038793087005615234]"
F152013,10,2,0.9,"[2023.4482495500788, 0.038794755935668945]"
F152013,10,2,1.0,"[2023.4482495500788, 0.03879690170288086]"
F152013,10,3,0.01,"[2736.672694737952, 0.01770472526550293]"
F152013,10,3,0.1,"[1371.4113165669678, 0.07187581062316895]"
F152013,10,3,0.2,"[1371.4113165669678, 0.07187914848327637]"
F152013,10,3,0.3,"[1371.4113165669678, 0.07188129425048828]"
F152013,10,3,0.4,"[1371.4113165669678, 0.0718832015991211]"
F152013,10,3,0.5,"[1371.4113165669678, 0.07188558578491211]"
F152013,10,3,0.6,"[1371.4113165669678, 0.07188725471496582]"
F152013,10,3,0.7,"[1371.4113165669678, 0.07188892364501953]"
F152013,10,3,0.8,"[1371.4113165669678, 0.07189083099365234]"
F152013,10,3,0.9,"[1371.4113165669678, 0.07189297676086426]"
F152013,10,3,1.0,"[1371.4113165669678, 0.07189488410949707]"
F152013,10,4,0.01,"[3397.8665246457344, 0.017673730850219727]"
F152013,10,4,0.1,"[901.0888487431876, 0.08315801620483398]"
F152013,10,4,0.2,"[901.0888487431876, 0.08316183090209961]"
F152013,10,4,0.3,"[901.0888487431876, 0.08316421508789062]"
F152013,10,4,0.4,"[901.0888487431876, 0.08316612243652344]"
F152013,10,4,0.5,"[901.0888487431876, 0.08316826820373535]"
F152013,10,4,0.6,"[901.0888487431876, 0.08317017555236816]"
F152013,10,4,0.7,"[901.0888487431876, 0.0831754207611084]"
F152013,10,4,0.8,"[901.0888487431876, 0.08317780494689941]"
F152013,10,4,0.9,"[901.0888487431876, 0.08318018913269043]"
F152013,10,4,1.0,"[901.0888487431876, 0.08318185806274414]"
F152013,10,5,0.01,"[3686.790497543444, 0.017905712127685547]"
F152013,10,5,0.1,"[2808.503682615446, 0.05357503890991211]"
F152013,10,5,0.2,"[2808.503682615446, 0.05357837677001953]"
F152013,10,5,0.3,"[2808.503682615446, 0.05358076095581055]"
F152013,10,5,0.4,"[2808.503682615446, 0.05358266830444336]"
F152013,10,5,0.5,"[2808.503682615446, 0.05358481407165527]"
F152013,10,5,0.6,"[2808.503682615446, 0.053586721420288086]"
F152013,10,5,0.7,"[2808.503682615446, 0.0535883903503418]"
F152013,10,5,0.8,"[2808.503682615446, 0.05359029769897461]"
F152013,10,5,0.9,"[2808.503682615446, 0.05359196662902832]"
F152013,10,5,1.0,"[2808.503682615446, 0.053594112396240234]"
F152013,10,6,0.01,"[2559.1219397953228, 0.017900943756103516]"
F152013,10,6,0.1,"[2209.895191530223, 0.11991691589355469]"
F152013,10,6,0.2,"[2209.895191530223, 0.11992049217224121]"
F152013,10,6,0.3,"[2209.895191530223, 0.11992239952087402]"
F152013,10,6,0.4,"[2209.895191530223, 0.11992430686950684]"
F152013,10,6,0.5,"[2209.895191530223, 0.11992645263671875]"
F152013,10,6,0.6,"[2209.895191530223, 0.11992835998535156]"
F152013,10,6,0.7,"[2209.895191530223, 0.11993026733398438]"
F152013,10,6,0.8,"[2209.895191530223, 0.11993241310119629]"
F152013,10,6,0.9,"[2209.895191530223, 0.1199343204498291]"
F152013,10,6,1.0,"[2209.895191530223, 0.11993598937988281]"
F152013,10,7,0.01,"[3425.666372811864, 0.01757502555847168]"
F152013,10,7,0.1,"[2672.775993877074, 0.15608882904052734]"
F152013,10,7,0.2,"[2672.406221938928, 0.23546814918518066]"
F152013,10,7,0.3,"[2672.406221938928, 0.23547148704528809]"
F152013,10,7,0.4,"[2672.406221938928, 0.2354736328125]"
F152013,10,7,0.5,"[2672.406221938928, 0.2354755401611328]"
F152013,10,7,0.6,"[2672.406221938928, 0.23547744750976562]"
F152013,10,7,0.7,"[2672.406221938928, 0.23547935485839844]"
F152013,10,7,0.8,"[2672.406221938928, 0.23548126220703125]"
F152013,10,7,0.9,"[2672.406221938928, 0.23548364639282227]"
F152013,10,7,1.0,"[2672.406221938928, 0.23548531532287598]"
F152013,10,8,0.01,"[2888.385414410286, 0.018997669219970703]"
F152013,10,8,0.1,"[1631.3390601938781, 0.15780019760131836]"
F152013,10,8,0.2,"[1631.1693864430422, 0.25919294357299805]"
F152013,10,8,0.3,"[1631.1693864430422, 0.25919580459594727]"
F152013,10,8,0.4,"[1631.1693864430422, 0.2591981887817383]"
F152013,10,8,0.5,"[1631.1693864430422, 0.2592008113861084]"
F152013,10,8,0.6,"[1631.1693864430422, 0.2592024803161621]"
F152013,10,8,0.7,"[1631.1693864430422, 0.259204626083374]"
F152013,10,8,0.8,"[1631.1693864430422, 0.25920653343200684]"
F152013,10,8,0.9,"[1631.1693864430422, 0.25920891761779785]"
F152013,10,8,1.0,"[1631.1693864430422, 0.25921106338500977]"
F152013,10,9,0.01,"[4081.72424815716, 0.017728567123413086]"
F152013,10,9,0.1,"[3276.8128652258697, 0.15613555908203125]"
F152013,10,9,0.2,"[3276.8128652258697, 0.1692495346069336]"
F152013,10,9,0.3,"[3276.8128652258697, 0.1692523956298828]"
F152013,10,9,0.4,"[3276.8128652258697, 0.16925454139709473]"
F152013,10,9,0.5,"[3276.8128652258697, 0.16925668716430664]"
F152013,10,9,0.6,"[3276.8128652258697, 0.16925859451293945]"
F152013,10,9,0.7,"[3276.8128652258697, 0.16926026344299316]"
F152013,10,9,0.8,"[3276.8128652258697, 0.16926217079162598]"
F152013,10,9,0.9,"[3276.8128652258697, 0.1692640781402588]"
F152013,10,9,1.0,"[3276.8128652258697, 0.1692657470703125]"
F152013,10,10,0.01,"[2470.68938198089, 0.017812252044677734]"
F152013,10,10,0.1,"[1345.4341574961677, 0.09432435035705566]"
F152013,10,10,0.2,"[1345.4341574961677, 0.09432864189147949]"
F152013,10,10,0.3,"[1345.4341574961677, 0.0943307876586914]"
F152013,10,10,0.4,"[1345.4341574961677, 0.09433269500732422]"
F152013,10,10,0.5,"[1345.4341574961677, 0.09433484077453613]"
F152013,10,10,0.6,"[1345.4341574961677, 0.09433674812316895]"
F152013,10,10,0.7,"[1345.4341574961677, 0.09433889389038086]"
F152013,10,10,0.8,"[1345.4341574961677, 0.09434080123901367]"
F152013,10,10,0.9,"[1345.4341574961677, 0.09434270858764648]"
F152013,10,10,1.0,"[1345.4341574961677, 0.0943443775177002]"
F152013,10,11,0.01,"[3351.596832709175, 0.017841339111328125]"
F152013,10,11,0.1,"[3351.0297940531927, 0.036855220794677734]"
F152013,10,11,0.2,"[3351.0297940531927, 0.03685879707336426]"
F152013,10,11,0.3,"[3351.0297940531927, 0.03686070442199707]"
F152013,10,11,0.4,"[3351.0297940531927, 0.03686237335205078]"
F152013,10,11,0.5,"[3351.0297940531927, 0.0368649959564209]"
F152013,10,11,0.6,"[3351.0297940531927, 0.03686666488647461]"
F152013,10,11,0.7,"[3351.0297940531927, 0.03686881065368652]"
F152013,10,11,0.8,"[3351.0297940531927, 0.03687095642089844]"
F152013,10,11,0.9,"[3351.0297940531927, 0.03687286376953125]"
F152013,10,11,1.0,"[3351.0297940531927, 0.03687477111816406]"
F152013,10,12,0.01,"[3267.8194639785283, 0.017488479614257812]"
F152013,10,12,0.1,"[3243.245935485931, 0.08913946151733398]"
F152013,10,12,0.2,"[3243.245935485931, 0.08914303779602051]"
F152013,10,12,0.3,"[3243.245935485931, 0.08914518356323242]"
F152013,10,12,0.4,"[3243.245935485931, 0.08914709091186523]"
F152013,10,12,0.5,"[3243.245935485931, 0.08914971351623535]"
F152013,10,12,0.6,"[3243.245935485931, 0.08915162086486816]"
F152013,10,12,0.7,"[3243.245935485931, 0.08915352821350098]"
F152013,10,12,0.8,"[3243.245935485931, 0.08915567398071289]"
F152013,10,12,0.9,"[3243.245935485931, 0.0891580581665039]"
F152013,10,12,1.0,"[3243.245935485931, 0.08915972709655762]"
F152013,10,13,0.01,"[2118.9143747416874, 0.01764535903930664]"
F152013,10,13,0.1,"[1725.8061852087212, 0.04779410362243652]"
F152013,10,13,0.2,"[1725.8061852087212, 0.047797441482543945]"
F152013,10,13,0.3,"[1725.8061852087212, 0.04779958724975586]"
F152013,10,13,0.4,"[1725.8061852087212, 0.04780149459838867]"
F152013,10,13,0.5,"[1725.8061852087212, 0.047803640365600586]"
F152013,10,13,0.6,"[1725.8061852087212, 0.0478057861328125]"
F152013,10,13,0.7,"[1725.8061852087212, 0.04780745506286621]"
F152013,10,13,0.8,"[1725.8061852087212, 0.047809600830078125]"
F152013,10,13,0.9,"[1725.8061852087212, 0.04781174659729004]"
F152013,10,13,1.0,"[1725.8061852087212, 0.04781341552734375]"
F152013,10,14,0.01,"[3556.213670993986, 0.01779341697692871]"
F152013,10,14,0.1,"[2471.238031819921, 0.05383706092834473]"
F152013,10,14,0.2,"[2471.238031819921, 0.05384087562561035]"
F152013,10,14,0.3,"[2471.238031819921, 0.053843021392822266]"
F152013,10,14,0.4,"[2471.238031819921, 0.05384492874145508]"
F152013,10,14,0.5,"[2471.238031819921, 0.05384707450866699]"
F152013,10,14,0.6,"[2471.238031819921, 0.053848981857299805]"
F152013,10,14,0.7,"[2471.238031819921, 0.05385088920593262]"
F152013,10,14,0.8,"[2471.238031819921, 0.05385279655456543]"
F152013,10,14,0.9,"[2471.238031819921, 0.053854942321777344]"
F152013,10,14,1.0,"[2471.238031819921, 0.053856849670410156]"
F152013,10,15,0.01,"[1769.3791327538106, 0.017803430557250977]"
F152013,10,15,0.1,"[1753.9204608547807, 0.03496146202087402]"
F152013,10,15,0.2,"[1753.9204608547807, 0.03496503829956055]"
F152013,10,15,0.3,"[1753.9204608547807, 0.03496718406677246]"
F152013,10,15,0.4,"[1753.9204608547807, 0.034969329833984375]"
F152013,10,15,0.5,"[1753.9204608547807, 0.03497123718261719]"
F152013,10,15,0.6,"[1753.9204608547807, 0.03497314453125]"
F152013,10,15,0.7,"[1753.9204608547807, 0.03497505187988281]"
F152013,10,15,0.8,"[1753.9204608547807, 0.03497719764709473]"
F152013,10,15,0.9,"[1753.9204608547807, 0.03497934341430664]"
F152013,10,15,1.0,"[1753.9204608547807, 0.03498125076293945]"
F152013,10,16,0.01,"[3038.0198252835107, 0.017714500427246094]"
F152013,10,16,0.1,"[2347.426760225504, 0.04033613204956055]"
F152013,10,16,0.2,"[2347.426760225504, 0.04033946990966797]"
F152013,10,16,0.3,"[2347.426760225504, 0.04034161567687988]"
F152013,10,16,0.4,"[2347.426760225504, 0.040343284606933594]"
F152013,10,16,0.5,"[2347.426760225504, 0.040345191955566406]"
F152013,10,16,0.6,"[2347.426760225504, 0.04034709930419922]"
F152013,10,16,0.7,"[2347.426760225504, 0.04034876823425293]"
F152013,10,16,0.8,"[2347.426760225504, 0.040350914001464844]"
F152013,10,16,0.9,"[2347.426760225504, 0.040352821350097656]"
F152013,10,16,1.0,"[2347.426760225504, 0.04035449028015137]"
F152013,10,17,0.01,"[3503.2588689564927, 0.01921224594116211]"
F152013,10,17,0.1,"[1551.9048044424894, 0.17098760604858398]"
F152013,10,17,0.2,"[1517.364571513201, 0.33891820907592773]"
F152013,10,17,0.3,"[1512.8544989613383, 0.5065646171569824]"
F152013,10,17,0.4,"[1512.8204496931821, 0.6564044952392578]"
F152013,10,17,0.5,"[1512.8204496931821, 0.6564083099365234]"
F152013,10,17,0.6,"[1512.8204496931821, 0.6564106941223145]"
F152013,10,17,0.7,"[1512.8204496931821, 0.6564126014709473]"
F152013,10,17,0.8,"[1512.8204496931821, 0.656414270401001]"
F152013,10,17,0.9,"[1512.8204496931821, 0.6564161777496338]"
F152013,10,17,1.0,"[1512.8204496931821, 0.6564178466796875]"
F152013,10,18,0.01,"[3305.0368182891043, 0.017578840255737305]"
F152013,10,18,0.1,"[2527.5788470662146, 0.04765892028808594]"
F152013,10,18,0.2,"[2527.5788470662146, 0.04766201972961426]"
F152013,10,18,0.3,"[2527.5788470662146, 0.04766416549682617]"
F152013,10,18,0.4,"[2527.5788470662146, 0.04766583442687988]"
F152013,10,18,0.5,"[2527.5788470662146, 0.047673940658569336]"
F152013,10,18,0.6,"[2527.5788470662146, 0.04767584800720215]"
F152013,10,18,0.7,"[2527.5788470662146, 0.04767799377441406]"
F152013,10,18,0.8,"[2527.5788470662146, 0.04768013954162598]"
F152013,10,18,0.9,"[2527.5788470662146, 0.04768204689025879]"
F152013,10,18,1.0,"[2527.5788470662146, 0.0476837158203125]"
F152013,10,19,0.01,"[3621.7377540454854, 0.017815351486206055]"
F152013,10,19,0.1,"[1661.7460964115498, 0.12277817726135254]"
F152013,10,19,0.2,"[1661.7460964115498, 0.12278151512145996]"
F152013,10,19,0.3,"[1661.7460964115498, 0.12278389930725098]"
F152013,10,19,0.4,"[1661.7460964115498, 0.12278532981872559]"
F152013,10,19,0.5,"[1661.7460964115498, 0.1227877140045166]"
F152013,10,19,0.6,"[1661.7460964115498, 0.12278938293457031]"
F152013,10,19,0.7,"[1661.7460964115498, 0.12279105186462402]"
F152013,10,19,0.8,"[1661.7460964115498, 0.12279343605041504]"
F152013,10,19,0.9,"[1661.7460964115498, 0.12279534339904785]"
F152013,10,19,1.0,"[1661.7460964115498, 0.12279725074768066]"
F152013,10,20,0.01,"[3625.272841838498, 0.0308377742767334]"
F152013,10,20,0.1,"[2206.8930851851187, 0.17233586311340332]"
F152013,10,20,0.2,"[2197.7657216544294, 0.18945622444152832]"
F152013,10,20,0.3,"[2197.7657216544294, 0.18945932388305664]"
F152013,10,20,0.4,"[2197.7657216544294, 0.18946170806884766]"
F152013,10,20,0.5,"[2197.7657216544294, 0.18946385383605957]"
F152013,10,20,0.6,"[2197.7657216544294, 0.18946552276611328]"
F152013,10,20,0.7,"[2197.7657216544294, 0.1894674301147461]"
F152013,10,20,0.8,"[2197.7657216544294, 0.1894690990447998]"
F152013,10,20,0.9,"[2197.7657216544294, 0.18947124481201172]"
F152013,10,20,1.0,"[2197.7657216544294, 0.18947315216064453]"
F152013,10,21,0.01,"[2744.538717584206, 0.0175473690032959]"
F152013,10,21,0.1,"[2424.943815833958, 0.11404943466186523]"
F152013,10,21,0.2,"[2424.943815833958, 0.11405324935913086]"
F152013,10,21,0.3,"[2424.943815833958, 0.11405539512634277]"
F152013,10,21,0.4,"[2424.943815833958, 0.11405682563781738]"
F152013,10,21,0.5,"[2424.943815833958, 0.1140589714050293]"
F152013,10,21,0.6,"[2424.943815833958, 0.11406064033508301]"
F152013,10,21,0.7,"[2424.943815833958, 0.11406278610229492]"
F152013,10,21,0.8,"[2424.943815833958, 0.11406469345092773]"
F152013,10,21,0.9,"[2424.943815833958, 0.11406660079956055]"
F152013,10,21,1.0,"[2424.943815833958, 0.11406826972961426]"
F152013,10,22,0.01,"[1803.1350944493765, 0.0176393985748291]"
F152013,10,22,0.1,"[1799.519860468522, 0.03285717964172363]"
F152013,10,22,0.2,"[1799.519860468522, 0.032860755920410156]"
F152013,10,22,0.3,"[1799.519860468522, 0.03286314010620117]"
F152013,10,22,0.4,"[1799.519860468522, 0.03286480903625488]"
F152013,10,22,0.5,"[1799.519860468522, 0.0328669548034668]"
F152013,10,22,0.6,"[1799.519860468522, 0.032868385314941406]"
F152013,10,22,0.7,"[1799.519860468522, 0.03287029266357422]"
F152013,10,22,0.8,"[1799.519860468522, 0.03287220001220703]"
F152013,10,22,0.9,"[1799.519860468522, 0.032874345779418945]"
F152013,10,22,1.0,"[1799.519860468522, 0.03287625312805176]"
F152013,10,23,0.01,"[2472.2063683186598, 0.017556428909301758]"
F152013,10,23,0.1,"[989.4393667248255, 0.051460981369018555]"
F152013,10,23,0.2,"[989.4393667248255, 0.05146431922912598]"
F152013,10,23,0.3,"[989.4393667248255, 0.05146646499633789]"
F152013,10,23,0.4,"[989.4393667248255, 0.0514681339263916]"
F152013,10,23,0.5,"[989.4393667248255, 0.051470279693603516]"
F152013,10,23,0.6,"[989.4393667248255, 0.05147194862365723]"
F152013,10,23,0.7,"[989.4393667248255, 0.05147361755371094]"
F152013,10,23,0.8,"[989.4393667248255, 0.05147552490234375]"
F152013,10,23,0.9,"[989.4393667248255, 0.051477670669555664]"
F152013,10,23,1.0,"[989.4393667248255, 0.051479339599609375]"
F152013,10,24,0.01,"[3381.553652391896, 0.027517318725585938]"
F152013,10,24,0.1,"[1963.485006815832, 0.09296989440917969]"
F152013,10,24,0.2,"[1963.485006815832, 0.09297323226928711]"
F152013,10,24,0.3,"[1963.485006815832, 0.09297561645507812]"
F152013,10,24,0.4,"[1963.485006815832, 0.09297704696655273]"
F152013,10,24,0.5,"[1963.485006815832, 0.09297919273376465]"
F152013,10,24,0.6,"[1963.485006815832, 0.09298086166381836]"
F152013,10,24,0.7,"[1963.485006815832, 0.09298276901245117]"
F152013,10,24,0.8,"[1963.485006815832, 0.09298467636108398]"
F152013,10,24,0.9,"[1963.485006815832, 0.0929865837097168]"
F152013,10,24,1.0,"[1963.485006815832, 0.09298825263977051]"
F152013,10,25,0.01,"[2393.5852129836967, 0.01759171485900879]"
F152013,10,25,0.1,"[2330.764304955137, 0.05881524085998535]"
F152013,10,25,0.2,"[2330.764304955137, 0.05881857872009277]"
F152013,10,25,0.3,"[2330.764304955137, 0.05882072448730469]"
F152013,10,25,0.4,"[2330.764304955137, 0.0588223934173584]"
F152013,10,25,0.5,"[2330.764304955137, 0.05882453918457031]"
F152013,10,25,0.6,"[2330.764304955137, 0.05882620811462402]"
F152013,10,25,0.7,"[2330.764304955137, 0.058828115463256836]"
F152013,10,25,0.8,"[2330.764304955137, 0.05882978439331055]"
F152013,10,25,0.9,"[2330.764304955137, 0.05883193016052246]"
F152013,10,25,1.0,"[2330.764304955137, 0.05883383750915527]"
F152013,10,26,0.01,"[1965.1367896205084, 0.02865004539489746]"
F152013,10,26,0.1,"[1334.8964840176973, 0.07741832733154297]"
F152013,10,26,0.2,"[1334.8964840176973, 0.07742166519165039]"
F152013,10,26,0.3,"[1334.8964840176973, 0.0774235725402832]"
F152013,10,26,0.4,"[1334.8964840176973, 0.07742547988891602]"
F152013,10,26,0.5,"[1334.8964840176973, 0.07742762565612793]"
F152013,10,26,0.6,"[1334.8964840176973, 0.07742929458618164]"
F152013,10,26,0.7,"[1334.8964840176973, 0.07743072509765625]"
F152013,10,26,0.8,"[1334.8964840176973, 0.07743287086486816]"
F152013,10,26,0.9,"[1334.8964840176973, 0.07743501663208008]"
F152013,10,26,1.0,"[1334.8964840176973, 0.07743668556213379]"
F152013,10,27,0.01,"[2799.298679943865, 0.01760578155517578]"
F152013,10,27,0.1,"[2072.191743676163, 0.0626058578491211]"
F152013,10,27,0.2,"[2072.191743676163, 0.06260919570922852]"
F152013,10,27,0.3,"[2072.191743676163, 0.06261134147644043]"
F152013,10,27,0.4,"[2072.191743676163, 0.06261324882507324]"
F152013,10,27,0.5,"[2072.191743676163, 0.06261539459228516]"
F152013,10,27,0.6,"[2072.191743676163, 0.06261706352233887]"
F152013,10,27,0.7,"[2072.191743676163, 0.06261849403381348]"
F152013,10,27,0.8,"[2072.191743676163, 0.06262063980102539]"
F152013,10,27,0.9,"[2072.191743676163, 0.0626225471496582]"
F152013,10,27,1.0,"[2072.191743676163, 0.06262421607971191]"
F152013,10,28,0.01,"[3413.426042487683, 0.017644882202148438]"
F152013,10,28,0.1,"[2963.074097170301, 0.03841829299926758]"
F152013,10,28,0.2,"[2963.074097170301, 0.038421630859375]"
F152013,10,28,0.3,"[2963.074097170301, 0.03842353820800781]"
F152013,10,28,0.4,"[2963.074097170301, 0.038425445556640625]"
F152013,10,28,0.5,"[2963.074097170301, 0.03842759132385254]"
F152013,10,28,0.6,"[2963.074097170301, 0.03842926025390625]"
F152013,10,28,0.7,"[2963.074097170301, 0.03843092918395996]"
F152013,10,28,0.8,"[2963.074097170301, 0.03843331336975098]"
F152013,10,28,0.9,"[2963.074097170301, 0.03843545913696289]"
F152013,10,28,1.0,"[2963.074097170301, 0.0384371280670166]"
F152013,10,29,0.01,"[1322.215545116137, 0.017551183700561523]"
F152013,10,29,0.1,"[1259.422696793219, 0.04577517509460449]"
F152013,10,29,0.2,"[1259.422696793219, 0.045778512954711914]"
F152013,10,29,0.3,"[1259.422696793219, 0.045780181884765625]"
F152013,10,29,0.4,"[1259.422696793219, 0.04578208923339844]"
F152013,10,29,0.5,"[1259.422696793219, 0.04578375816345215]"
F152013,10,29,0.6,"[1259.422696793219, 0.04578566551208496]"
F152013,10,29,0.7,"[1259.422696793219, 0.04578733444213867]"
F152013,10,29,0.8,"[1259.422696793219, 0.045789480209350586]"
F152013,10,29,0.9,"[1259.422696793219, 0.0457913875579834]"
F152013,10,29,1.0,"[1259.422696793219, 0.04579329490661621]"
F152013,10,30,0.01,"[3250.984271883518, 0.01764082908630371]"
F152013,10,30,0.1,"[2016.3452005070853, 0.1508495807647705]"
F152013,10,30,0.2,"[2016.3452005070853, 0.15085291862487793]"
F152013,10,30,0.3,"[2016.3452005070853, 0.15085506439208984]"
F152013,10,30,0.4,"[2016.3452005070853, 0.15085673332214355]"
F152013,10,30,0.5,"[2016.3452005070853, 0.15085864067077637]"
F152013,10,30,0.6,"[2016.3452005070853, 0.15086054801940918]"
F152013,10,30,0.7,"[2016.3452005070853, 0.150862455368042]"
F152013,10,30,0.8,"[2016.3452005070853, 0.1508643627166748]"
F152013,10,30,0.9,"[2016.3452005070853, 0.15086627006530762]"
F152013,10,30,1.0,"[2016.3452005070853, 0.15086793899536133]"
F152013,10,31,0.01,"[2987.407119631869, 0.02733325958251953]"
F152013,10,31,0.1,"[2701.415516661087, 0.06473183631896973]"
F152013,10,31,0.2,"[2701.415516661087, 0.06473541259765625]"
F152013,10,31,0.3,"[2701.415516661087, 0.06473755836486816]"
F152013,10,31,0.4,"[2701.415516661087, 0.06473946571350098]"
F152013,10,31,0.5,"[2701.415516661087, 0.0647420883178711]"
F152013,10,31,0.6,"[2701.415516661087, 0.0647435188293457]"
F152013,10,31,0.7,"[2701.415516661087, 0.06474566459655762]"
F152013,10,31,0.8,"[2701.415516661087, 0.06474781036376953]"
F152013,10,31,0.9,"[2701.415516661087, 0.06474971771240234]"
F152013,10,31,1.0,"[2701.415516661087, 0.06475162506103516]"
F152013,10,32,0.01,"[2662.5975311799057, 0.017638683319091797]"
F152013,10,32,0.1,"[1687.5138988152285, 0.05907249450683594]"
F152013,10,32,0.2,"[1687.5138988152285, 0.05907583236694336]"
F152013,10,32,0.3,"[1687.5138988152285, 0.05907797813415527]"
F152013,10,32,0.4,"[1687.5138988152285, 0.05907940864562988]"
F152013,10,32,0.5,"[1687.5138988152285, 0.0590817928314209]"
F152013,10,32,0.6,"[1687.5138988152285, 0.05908322334289551]"
F152013,10,32,0.7,"[1687.5138988152285, 0.05908513069152832]"
F152013,10,32,0.8,"[1687.5138988152285, 0.05908703804016113]"
F152013,10,32,0.9,"[1687.5138988152285, 0.059088945388793945]"
F152013,10,32,1.0,"[1687.5138988152285, 0.059090614318847656]"
F152013,10,33,0.01,"[2437.9646860047833, 0.017591238021850586]"
F152013,10,33,0.1,"[1723.2274494310723, 0.10166573524475098]"
F152013,10,33,0.2,"[1723.2274494310723, 0.1016690731048584]"
F152013,10,33,0.3,"[1723.2274494310723, 0.10167121887207031]"
F152013,10,33,0.4,"[1723.2274494310723, 0.10167288780212402]"
F152013,10,33,0.5,"[1723.2274494310723, 0.10167479515075684]"
F152013,10,33,0.6,"[1723.2274494310723, 0.10167646408081055]"
F152013,10,33,0.7,"[1723.2274494310723, 0.10167837142944336]"
F152013,10,33,0.8,"[1723.2274494310723, 0.10168004035949707]"
F152013,10,33,0.9,"[1723.2274494310723, 0.10168194770812988]"
F152013,10,33,1.0,"[1723.2274494310723, 0.1016838550567627]"
F152013,10,34,0.01,"[3321.122367059395, 0.01771831512451172]"
F152013,10,34,0.1,"[2509.14197468275, 0.15813899040222168]"
F152013,10,34,0.2,"[2509.0831198565265, 0.26633334159851074]"
F152013,10,34,0.3,"[2509.0831198565265, 0.26633644104003906]"
F152013,10,34,0.4,"[2509.0831198565265, 0.2663383483886719]"
F152013,10,34,0.5,"[2509.0831198565265, 0.2663404941558838]"
F152013,10,34,0.6,"[2509.0831198565265, 0.2663421630859375]"
F152013,10,34,0.7,"[2509.0831198565265, 0.2663440704345703]"
F152013,10,34,0.8,"[2509.0831198565265, 0.266345739364624]"
F152013,10,34,0.9,"[2509.0831198565265, 0.26634788513183594]"
F152013,10,34,1.0,"[2509.0831198565265, 0.26635003089904785]"
F152013,10,35,0.01,"[3273.6776362028804, 0.020183324813842773]"
F152013,10,35,0.1,"[3119.3037177769834, 0.03734135627746582]"
F152013,10,35,0.2,"[3119.3037177769834, 0.03734588623046875]"
F152013,10,35,0.3,"[3119.3037177769834, 0.037348270416259766]"
F152013,10,35,0.4,"[3119.3037177769834, 0.03734993934631348]"
F152013,10,35,0.5,"[3119.3037177769834, 0.03735232353210449]"
F152013,10,35,0.6,"[3119.3037177769834, 0.0373539924621582]"
F152013,10,35,0.7,"[3119.3037177769834, 0.037355899810791016]"
F152013,10,35,0.8,"[3119.3037177769834, 0.03735804557800293]"
F152013,10,35,0.9,"[3119.3037177769834, 0.037360191345214844]"
F152013,10,35,1.0,"[3119.3037177769834, 0.03736257553100586]"
F152013,10,36,0.01,"[4277.116757965578, 0.03169894218444824]"
F152013,10,36,0.1,"[1447.7853240820996, 0.11138200759887695]"
F152013,10,36,0.2,"[1447.7853240820996, 0.11138534545898438]"
F152013,10,36,0.3,"[1447.7853240820996, 0.11138772964477539]"
F152013,10,36,0.4,"[1447.7853240820996, 0.11138916015625]"
F152013,10,36,0.5,"[1447.7853240820996, 0.11139130592346191]"
F152013,10,36,0.6,"[1447.7853240820996, 0.11139297485351562]"
F152013,10,36,0.7,"[1447.7853240820996, 0.11139464378356934]"
F152013,10,36,0.8,"[1447.7853240820996, 0.11139655113220215]"
F152013,10,36,0.9,"[1447.7853240820996, 0.11139869689941406]"
F152013,10,36,1.0,"[1447.7853240820996, 0.11140036582946777]"
F152013,10,37,0.01,"[2322.2445770822387, 0.020760774612426758]"
F152013,10,37,0.1,"[2126.6399722919605, 0.08956456184387207]"
F152013,10,37,0.2,"[2126.6399722919605, 0.08956742286682129]"
F152013,10,37,0.3,"[2126.6399722919605, 0.0895695686340332]"
F152013,10,37,0.4,"[2126.6399722919605, 0.08957099914550781]"
F152013,10,37,0.5,"[2126.6399722919605, 0.08957314491271973]"
F152013,10,37,0.6,"[2126.6399722919605, 0.08957505226135254]"
F152013,10,37,0.7,"[2126.6399722919605, 0.08957695960998535]"
F152013,10,37,0.8,"[2126.6399722919605, 0.08957910537719727]"
F152013,10,37,0.9,"[2126.6399722919605, 0.08958077430725098]"
F152013,10,37,1.0,"[2126.6399722919605, 0.08958268165588379]"
F152013,10,38,0.01,"[3009.240317310871, 0.029103994369506836]"
F152013,10,38,0.1,"[2332.752463340812, 0.07923078536987305]"
F152013,10,38,0.2,"[2332.752463340812, 0.07923507690429688]"
F152013,10,38,0.3,"[2332.752463340812, 0.07923722267150879]"
F152013,10,38,0.4,"[2332.752463340812, 0.0792391300201416]"
F152013,10,38,0.5,"[2332.752463340812, 0.07924103736877441]"
F152013,10,38,0.6,"[2332.752463340812, 0.07924294471740723]"
F152013,10,38,0.7,"[2332.752463340812, 0.07924437522888184]"
F152013,10,38,0.8,"[2332.752463340812, 0.07924675941467285]"
F152013,10,38,0.9,"[2332.752463340812, 0.07924866676330566]"
F152013,10,38,1.0,"[2332.752463340812, 0.07925057411193848]"
F152013,10,39,0.01,"[3740.06284939887, 0.017526865005493164]"
F152013,10,39,0.1,"[2587.9802402982205, 0.07658004760742188]"
F152013,10,39,0.2,"[2587.9802402982205, 0.0765836238861084]"
F152013,10,39,0.3,"[2587.9802402982205, 0.07658600807189941]"
F152013,10,39,0.4,"[2587.9802402982205, 0.07658743858337402]"
F152013,10,39,0.5,"[2587.9802402982205, 0.07658958435058594]"
F152013,10,39,0.6,"[2587.9802402982205, 0.07659125328063965]"
F152013,10,39,0.7,"[2587.9802402982205, 0.07659316062927246]"
F152013,10,39,0.8,"[2587.9802402982205, 0.07659506797790527]"
F152013,10,39,0.9,"[2587.9802402982205, 0.07659697532653809]"
F152013,10,39,1.0,"[2587.9802402982205, 0.0765986442565918]"
F152013,10,40,0.01,"[3303.8058214818993, 0.033914804458618164]"
F152013,10,40,0.1,"[1250.6845827093684, 0.08765816688537598]"
F152013,10,40,0.2,"[1250.6845827093684, 0.0876617431640625]"
F152013,10,40,0.3,"[1250.6845827093684, 0.08766412734985352]"
F152013,10,40,0.4,"[1250.6845827093684, 0.08766579627990723]"
F152013,10,40,0.5,"[1250.6845827093684, 0.08766841888427734]"
F152013,10,40,0.6,"[1250.6845827093684, 0.08767056465148926]"
F152013,10,40,0.7,"[1250.6845827093684, 0.08767247200012207]"
F152013,10,40,0.8,"[1250.6845827093684, 0.08767461776733398]"
F152013,10,40,0.9,"[1250.6845827093684, 0.0876767635345459]"
F152013,10,40,1.0,"[1250.6845827093684, 0.08767867088317871]"
F152013,10,41,0.01,"[3588.9512937792815, 0.01755547523498535]"
F152013,10,41,0.1,"[2612.5860473028806, 0.060294389724731445]"
F152013,10,41,0.2,"[2612.5860473028806, 0.06029772758483887]"
F152013,10,41,0.3,"[2612.5860473028806, 0.06029987335205078]"
F152013,10,41,0.4,"[2612.5860473028806, 0.06030154228210449]"
F152013,10,41,0.5,"[2612.5860473028806, 0.060303688049316406]"
F152013,10,41,0.6,"[2612.5860473028806, 0.06030559539794922]"
F152013,10,41,0.7,"[2612.5860473028806, 0.06030726432800293]"
F152013,10,41,0.8,"[2612.5860473028806, 0.060309410095214844]"
F152013,10,41,0.9,"[2612.5860473028806, 0.06031084060668945]"
F152013,10,41,1.0,"[2612.5860473028806, 0.060312747955322266]"
F152013,10,42,0.01,"[3513.573622276658, 0.03056049346923828]"
F152013,10,42,0.1,"[2890.6106266781144, 0.16855788230895996]"
F152013,10,42,0.2,"[2706.7734764479374, 0.2937736511230469]"
F152013,10,42,0.3,"[2706.7734764479374, 0.2937767505645752]"
F152013,10,42,0.4,"[2706.7734764479374, 0.2937784194946289]"
F152013,10,42,0.5,"[2706.7734764479374, 0.293781042098999]"
F152013,10,42,0.6,"[2706.7734764479374, 0.29378271102905273]"
F152013,10,42,0.7,"[2706.7734764479374, 0.29378461837768555]"
F152013,10,42,0.8,"[2706.7734764479374, 0.29378604888916016]"
F152013,10,42,0.9,"[2706.7734764479374, 0.29378843307495117]"
F152013,10,42,1.0,"[2706.7734764479374, 0.293790340423584]"
F152013,10,43,0.01,"[2965.631878754997, 0.017458438873291016]"
F152013,10,43,0.1,"[2163.1550714728387, 0.04721879959106445]"
F152013,10,43,0.2,"[2163.1550714728387, 0.047222137451171875]"
F152013,10,43,0.3,"[2163.1550714728387, 0.04722428321838379]"
F152013,10,43,0.4,"[2163.1550714728387, 0.0472259521484375]"
F152013,10,43,0.5,"[2163.1550714728387, 0.04722762107849121]"
F152013,10,43,0.6,"[2163.1550714728387, 0.04722952842712402]"
F152013,10,43,0.7,"[2163.1550714728387, 0.047231197357177734]"
F152013,10,43,0.8,"[2163.1550714728387, 0.04723310470581055]"
F152013,10,43,0.9,"[2163.1550714728387, 0.04723477363586426]"
F152013,10,43,1.0,"[2163.1550714728387, 0.04723668098449707]"
F152013,10,44,0.01,"[3920.0009350528107, 0.02326178550720215]"
F152013,10,44,0.1,"[2801.9146879203954, 0.0568394660949707]"
F152013,10,44,0.2,"[2801.9146879203954, 0.056842803955078125]"
F152013,10,44,0.3,"[2801.9146879203954, 0.05684471130371094]"
F152013,10,44,0.4,"[2801.9146879203954, 0.05684685707092285]"
F152013,10,44,0.5,"[2801.9146879203954, 0.05684924125671387]"
F152013,10,44,0.6,"[2801.9146879203954, 0.05685114860534668]"
F152013,10,44,0.7,"[2801.9146879203954, 0.056853294372558594]"
F152013,10,44,0.8,"[2801.9146879203954, 0.05685567855834961]"
F152013,10,44,0.9,"[2801.9146879203954, 0.05685782432556152]"
F152013,10,44,1.0,"[2801.9146879203954, 0.05685997009277344]"
F152013,10,45,0.01,"[3238.592953215705, 0.01748490333557129]"
F152013,10,45,0.1,"[3228.8218315090025, 0.11207199096679688]"
F152013,10,45,0.2,"[3228.8218315090025, 0.1120750904083252]"
F152013,10,45,0.3,"[3228.8218315090025, 0.11207699775695801]"
F152013,10,45,0.4,"[3228.8218315090025, 0.11207890510559082]"
F152013,10,45,0.5,"[3228.8218315090025, 0.11208081245422363]"
F152013,10,45,0.6,"[3228.8218315090025, 0.11208271980285645]"
F152013,10,45,0.7,"[3228.8218315090025, 0.11208438873291016]"
F152013,10,45,0.8,"[3228.8218315090025, 0.11208653450012207]"
F152013,10,45,0.9,"[3228.8218315090025, 0.11208844184875488]"
F152013,10,45,1.0,"[3228.8218315090025, 0.1120901107788086]"
F152013,10,46,0.01,"[1874.6336695674358, 0.017647743225097656]"
F152013,10,46,0.1,"[1473.297283787796, 0.1223137378692627]"
F152013,10,46,0.2,"[1473.297283787796, 0.12231707572937012]"
F152013,10,46,0.3,"[1473.297283787796, 0.12231898307800293]"
F152013,10,46,0.4,"[1473.297283787796, 0.12232065200805664]"
F152013,10,46,0.5,"[1473.297283787796, 0.12232279777526855]"
F152013,10,46,0.6,"[1473.297283787796, 0.12232470512390137]"
F152013,10,46,0.7,"[1473.297283787796, 0.12232613563537598]"
F152013,10,46,0.8,"[1473.297283787796, 0.12232828140258789]"
F152013,10,46,0.9,"[1473.297283787796, 0.1223304271697998]"
F152013,10,46,1.0,"[1473.297283787796, 0.12233233451843262]"
F152013,10,47,0.01,"[4679.036194912088, 0.017555713653564453]"
F152013,10,47,0.1,"[3951.2447880966206, 0.04568767547607422]"
F152013,10,47,0.2,"[3951.2447880966206, 0.04569101333618164]"
F152013,10,47,0.3,"[3951.2447880966206, 0.045693159103393555]"
F152013,10,47,0.4,"[3951.2447880966206, 0.045694589614868164]"
F152013,10,47,0.5,"[3951.2447880966206, 0.04569673538208008]"
F152013,10,47,0.6,"[3951.2447880966206, 0.04569840431213379]"
F152013,10,47,0.7,"[3951.2447880966206, 0.0457003116607666]"
F152013,10,47,0.8,"[3951.2447880966206, 0.04570198059082031]"
F152013,10,47,0.9,"[3951.2447880966206, 0.045703887939453125]"
F152013,10,47,1.0,"[3951.2447880966206, 0.045705556869506836]"
F152013,10,48,0.01,"[3126.082814950931, 0.016701936721801758]"
F152013,10,48,0.1,"[1610.273766305325, 0.0462646484375]"
F152013,10,48,0.2,"[1610.273766305325, 0.04626750946044922]"
F152013,10,48,0.3,"[1610.273766305325, 0.04626965522766113]"
F152013,10,48,0.4,"[1610.273766305325, 0.04627084732055664]"
F152013,10,48,0.5,"[1610.273766305325, 0.04627275466918945]"
F152013,10,48,0.6,"[1610.273766305325, 0.046274423599243164]"
F152013,10,48,0.7,"[1610.273766305325, 0.04627585411071777]"
F152013,10,48,0.8,"[1610.273766305325, 0.046277761459350586]"
F152013,10,48,0.9,"[1610.273766305325, 0.046279191970825195]"
F152013,10,48,1.0,"[1610.273766305325, 0.04628109931945801]"
F152013,10,49,0.01,"[3002.6163059701043, 0.016822338104248047]"
F152013,10,49,0.1,"[1739.622845492695, 0.15376877784729004]"
F152013,10,49,0.2,"[1731.0902564514872, 0.2770698070526123]"
F152013,10,49,0.3,"[1731.0902564514872, 0.2770726680755615]"
F152013,10,49,0.4,"[1731.0902564514872, 0.27707481384277344]"
F152013,10,49,0.5,"[1731.0902564514872, 0.27707672119140625]"
F152013,10,49,0.6,"[1731.0902564514872, 0.27707886695861816]"
F152013,10,49,0.7,"[1731.0902564514872, 0.2770802974700928]"
F152013,10,49,0.8,"[1731.0902564514872, 0.2770819664001465]"
F152013,10,49,0.9,"[1731.0902564514872, 0.2770838737487793]"
F152013,10,49,1.0,"[1731.0902564514872, 0.2770857810974121]"
F152013,10,50,0.01,"[2966.8502667713396, 0.01675271987915039]"
F152013,10,50,0.1,"[2957.7584658676183, 0.06664109230041504]"
F152013,10,50,0.2,"[2957.7584658676183, 0.06664419174194336]"
F152013,10,50,0.3,"[2957.7584658676183, 0.06664609909057617]"
F152013,10,50,0.4,"[2957.7584658676183, 0.06664800643920898]"
F152013,10,50,0.5,"[2957.7584658676183, 0.0666501522064209]"
F152013,10,50,0.6,"[2957.7584658676183, 0.06665182113647461]"
F152013,10,50,0.7,"[2957.7584658676183, 0.06665349006652832]"
F152013,10,50,0.8,"[2957.7584658676183, 0.06665515899658203]"
F152013,10,50,0.9,"[2957.7584658676183, 0.06665706634521484]"
F152013,10,50,1.0,"[2957.7584658676183, 0.06665873527526855]"
F152013,30,0,0.01,"[11860.009031889425, 0.0211331844329834]"
F152013,30,0,0.1,"[6916.067486207051, 0.14136767387390137]"
F152013,30,0,0.2,"[6916.067486207051, 0.141371488571167]"
F152013,30,0,0.3,"[6916.067486207051, 0.1413733959197998]"
F152013,30,0,0.4,"[6916.067486207051, 0.14137530326843262]"
F152013,30,0,0.5,"[6916.067486207051, 0.14137792587280273]"
F152013,30,0,0.6,"[6916.067486207051, 0.14138007164001465]"
F152013,30,0,0.7,"[6916.067486207051, 0.14138174057006836]"
F152013,30,0,0.8,"[6916.067486207051, 0.14138364791870117]"
F152013,30,0,0.9,"[6916.067486207051, 0.14138555526733398]"
F152013,30,0,1.0,"[6916.067486207051, 0.1413874626159668]"
F152013,30,1,0.01,"[10728.87955442493, 0.020982027053833008]"
F152013,30,1,0.1,"[6522.668297992299, 0.1586308479309082]"
F152013,30,1,0.2,"[6203.690774812728, 0.24717926979064941]"
F152013,30,1,0.3,"[6203.690774812728, 0.24718260765075684]"
F152013,30,1,0.4,"[6203.690774812728, 0.24718499183654785]"
F152013,30,1,0.5,"[6203.690774812728, 0.24718713760375977]"
F152013,30,1,0.6,"[6203.690774812728, 0.24718928337097168]"
F152013,30,1,0.7,"[6203.690774812728, 0.2471911907196045]"
F152013,30,1,0.8,"[6203.690774812728, 0.2471930980682373]"
F152013,30,1,0.9,"[6203.690774812728, 0.24719572067260742]"
F152013,30,1,1.0,"[6203.690774812728, 0.24719738960266113]"
F152013,30,2,0.01,"[10376.10640562204, 0.02092289924621582]"
F152013,30,2,0.1,"[6804.575962606229, 0.1587674617767334]"
F152013,30,2,0.2,"[6800.836031420222, 0.3099219799041748]"
F152013,30,2,0.3,"[6800.6860118681225, 0.4175262451171875]"
F152013,30,2,0.4,"[6800.6860118681225, 0.417529821395874]"
F152013,30,2,0.5,"[6800.6860118681225, 0.41753244400024414]"
F152013,30,2,0.6,"[6800.6860118681225, 0.41753435134887695]"
F152013,30,2,0.7,"[6800.6860118681225, 0.41753625869750977]"
F152013,30,2,0.8,"[6800.6860118681225, 0.4175381660461426]"
F152013,30,2,0.9,"[6800.6860118681225, 0.4175400733947754]"
F152013,30,2,1.0,"[6800.6860118681225, 0.4175419807434082]"
F152013,30,3,0.01,"[8798.852158914793, 0.020874977111816406]"
F152013,30,3,0.1,"[7201.272301507187, 0.1595442295074463]"
F152013,30,3,0.2,"[7201.252178179641, 0.1942124366760254]"
F152013,30,3,0.3,"[7201.252178179641, 0.19421625137329102]"
F152013,30,3,0.4,"[7201.252178179641, 0.19421839714050293]"
F152013,30,3,0.5,"[7201.252178179641, 0.19422054290771484]"
F152013,30,3,0.6,"[7201.252178179641, 0.19422268867492676]"
F152013,30,3,0.7,"[7201.252178179641, 0.19422483444213867]"
F152013,30,3,0.8,"[7201.252178179641, 0.19422650337219238]"
F152013,30,3,0.9,"[7201.252178179641, 0.1942288875579834]"
F152013,30,3,1.0,"[7201.252178179641, 0.1942307949066162]"
F152013,30,4,0.01,"[8784.380965071938, 0.049176692962646484]"
F152013,30,4,0.1,"[5952.560568658445, 0.21746373176574707]"
F152013,30,4,0.2,"[5950.286691244626, 0.36917614936828613]"
F152013,30,4,0.3,"[5950.154973131025, 0.5203161239624023]"
F152013,30,4,0.4,"[5949.977323626392, 0.6729040145874023]"
F152013,30,4,0.5,"[5949.972947271654, 0.830430269241333]"
F152013,30,4,0.6,"[5949.972932999296, 0.9096987247467041]"
F152013,30,4,0.7,"[5949.972932999296, 0.9097018241882324]"
F152013,30,4,0.8,"[5949.972932999296, 0.9097037315368652]"
F152013,30,4,0.9,"[5949.972932999296, 0.9097058773040771]"
F152013,30,4,1.0,"[5949.972932999296, 0.90970778465271]"
F152013,30,5,0.01,"[11581.423500673438, 0.02071857452392578]"
F152013,30,5,0.1,"[8756.560047795403, 0.1577775478363037]"
F152013,30,5,0.2,"[8468.0004696444, 0.30924463272094727]"
F152013,30,5,0.3,"[8467.877074510176, 0.43116116523742676]"
F152013,30,5,0.4,"[8467.877074510176, 0.4311645030975342]"
F152013,30,5,0.5,"[8467.877074510176, 0.4311671257019043]"
F152013,30,5,0.6,"[8467.877074510176, 0.431168794631958]"
F152013,30,5,0.7,"[8467.877074510176, 0.4311707019805908]"
F152013,30,5,0.8,"[8467.877074510176, 0.43117237091064453]"
F152013,30,5,0.9,"[8467.877074510176, 0.43117427825927734]"
F152013,30,5,1.0,"[8467.877074510176, 0.43117642402648926]"
F152013,30,6,0.01,"[12087.504545182219, 0.04806208610534668]"
F152013,30,6,0.1,"[6837.146424385869, 0.22401070594787598]"
F152013,30,6,0.2,"[6349.525879462072, 0.31258273124694824]"
F152013,30,6,0.3,"[6349.525879462072, 0.31258583068847656]"
F152013,30,6,0.4,"[6349.525879462072, 0.3125877380371094]"
F152013,30,6,0.5,"[6349.525879462072, 0.3125901222229004]"
F152013,30,6,0.6,"[6349.525879462072, 0.3125920295715332]"
F152013,30,6,0.7,"[6349.525879462072, 0.3125936985015869]"
F152013,30,6,0.8,"[6349.525879462072, 0.3125953674316406]"
F152013,30,6,0.9,"[6349.525879462072, 0.31259775161743164]"
F152013,30,6,1.0,"[6349.525879462072, 0.31259965896606445]"
F152013,30,7,0.01,"[9912.295064553076, 0.030640602111816406]"
F152013,30,7,0.1,"[4443.988944855608, 0.20333600044250488]"
F152013,30,7,0.2,"[4443.988944855608, 0.2033400535583496]"
F152013,30,7,0.3,"[4443.988944855608, 0.20334196090698242]"
F152013,30,7,0.4,"[4443.988944855608, 0.20334386825561523]"
F152013,30,7,0.5,"[4443.988944855608, 0.20334625244140625]"
F152013,30,7,0.6,"[4443.988944855608, 0.20334792137145996]"
F152013,30,7,0.7,"[4443.988944855608, 0.20334982872009277]"
F152013,30,7,0.8,"[4443.988944855608, 0.20335173606872559]"
F152013,30,7,0.9,"[4443.988944855608, 0.2033538818359375]"
F152013,30,7,1.0,"[4443.988944855608, 0.2033557891845703]"
F152013,30,8,0.01,"[10876.730022825706, 0.02082514762878418]"
F152013,30,8,0.1,"[6477.290242433989, 0.15828156471252441]"
F152013,30,8,0.2,"[6436.83405533519, 0.31087398529052734]"
F152013,30,8,0.3,"[6426.48394336157, 0.46317601203918457]"
F152013,30,8,0.4,"[6426.3013274458135, 0.6162726879119873]"
F152013,30,8,0.5,"[6426.3013274458135, 0.7750840187072754]"
F152013,30,8,0.6,"[6426.3013274458135, 0.8595473766326904]"
F152013,30,8,0.7,"[6426.3013274458135, 0.8595507144927979]"
F152013,30,8,0.8,"[6426.3013274458135, 0.8595526218414307]"
F152013,30,8,0.9,"[6426.3013274458135, 0.8595552444458008]"
F152013,30,8,1.0,"[6426.3013274458135, 0.8595573902130127]"
F152013,30,9,0.01,"[10432.79126990744, 0.02090620994567871]"
F152013,30,9,0.1,"[7150.45631845624, 0.15741372108459473]"
F152013,30,9,0.2,"[6983.437556449561, 0.309251070022583]"
F152013,30,9,0.3,"[6928.938622341484, 0.46085333824157715]"
F152013,30,9,0.4,"[6875.894348273786, 0.6135425567626953]"
F152013,30,9,0.5,"[6795.44044974801, 0.7718226909637451]"
F152013,30,9,0.6,"[6790.890000326293, 0.924403190612793]"
F152013,30,9,0.7,"[6790.51513497332, 1.0561988353729248]"
F152013,30,9,0.8,"[6790.51513497332, 1.0562067031860352]"
F152013,30,9,0.9,"[6790.51513497332, 1.0562090873718262]"
F152013,30,9,1.0,"[6790.51513497332, 1.056211233139038]"
F152013,30,10,0.01,"[10891.94968503064, 0.020969867706298828]"
F152013,30,10,0.1,"[4359.869384841304, 0.11873388290405273]"
F152013,30,10,0.2,"[4359.869384841304, 0.11873722076416016]"
F152013,30,10,0.3,"[4359.869384841304, 0.11873936653137207]"
F152013,30,10,0.4,"[4359.869384841304, 0.11874127388000488]"
F152013,30,10,0.5,"[4359.869384841304, 0.1187434196472168]"
F152013,30,10,0.6,"[4359.869384841304, 0.11874532699584961]"
F152013,30,10,0.7,"[4359.869384841304, 0.11874699592590332]"
F152013,30,10,0.8,"[4359.869384841304, 0.11874914169311523]"
F152013,30,10,0.9,"[4359.869384841304, 0.11875104904174805]"
F152013,30,10,1.0,"[4359.869384841304, 0.11875319480895996]"
F152013,30,11,0.01,"[10937.693748470396, 0.06469273567199707]"
F152013,30,11,0.1,"[6265.434878316164, 0.20164966583251953]"
F152013,30,11,0.2,"[6154.787446168461, 0.3536825180053711]"
F152013,30,11,0.3,"[5613.172394488707, 0.5051698684692383]"
F152013,30,11,0.4,"[5600.840374562176, 0.5695271492004395]"
F152013,30,11,0.5,"[5600.840374562176, 0.5695309638977051]"
F152013,30,11,0.6,"[5600.840374562176, 0.569533109664917]"
F152013,30,11,0.7,"[5600.840374562176, 0.5695350170135498]"
F152013,30,11,0.8,"[5600.840374562176, 0.5695364475250244]"
F152013,30,11,0.9,"[5600.840374562176, 0.5695383548736572]"
F152013,30,11,1.0,"[5600.840374562176, 0.56954026222229]"
F152013,30,12,0.01,"[9449.026285167576, 0.057539939880371094]"
F152013,30,12,0.1,"[4974.816168969535, 0.1945357322692871]"
F152013,30,12,0.2,"[4974.813847725887, 0.23902463912963867]"
F152013,30,12,0.3,"[4974.813847725887, 0.2390282154083252]"
F152013,30,12,0.4,"[4974.813847725887, 0.2390298843383789]"
F152013,30,12,0.5,"[4974.813847725887, 0.23903226852416992]"
F152013,30,12,0.6,"[4974.813847725887, 0.23903417587280273]"
F152013,30,12,0.7,"[4974.813847725887, 0.23903584480285645]"
F152013,30,12,0.8,"[4974.813847725887, 0.23903775215148926]"
F152013,30,12,0.9,"[4974.813847725887, 0.23903989791870117]"
F152013,30,12,1.0,"[4974.813847725887, 0.2390422821044922]"
F152013,30,13,0.01,"[9955.47756986467, 0.046868324279785156]"
F152013,30,13,0.1,"[6465.550108213752, 0.22523045539855957]"
F152013,30,13,0.2,"[6420.09595480818, 0.37734174728393555]"
F152013,30,13,0.3,"[6380.2834785739615, 0.5291521549224854]"
F152013,30,13,0.4,"[6374.649356892388, 0.682004451751709]"
F152013,30,13,0.5,"[6374.649009829166, 0.835228443145752]"
F152013,30,13,0.6,"[6374.649009829166, 0.8352317810058594]"
F152013,30,13,0.7,"[6374.649009829166, 0.8352341651916504]"
F152013,30,13,0.8,"[6374.649009829166, 0.8352358341217041]"
F152013,30,13,0.9,"[6374.649009829166, 0.8352377414703369]"
F152013,30,13,1.0,"[6374.649009829166, 0.8352398872375488]"
F152013,30,14,0.01,"[11716.6495106569, 0.02074456214904785]"
F152013,30,14,0.1,"[6082.267628507211, 0.15808439254760742]"
F152013,30,14,0.2,"[6001.2006942538355, 0.31030821800231934]"
F152013,30,14,0.3,"[5995.893717606757, 0.46155810356140137]"
F152013,30,14,0.4,"[5995.825249433187, 0.614262580871582]"
F152013,30,14,0.5,"[5995.814160048541, 0.7730967998504639]"
F152013,30,14,0.6,"[5995.812736391722, 0.9261307716369629]"
F152013,30,14,0.7,"[5995.812584000948, 1.0815980434417725]"
F152013,30,14,0.8,"[5995.812582622397, 1.1410191059112549]"
F152013,30,14,0.9,"[5995.812582622397, 1.1410224437713623]"
F152013,30,14,1.0,"[5995.812582622397, 1.1410245895385742]"
F152013,30,15,0.01,"[11589.39040167432, 0.02794361114501953]"
F152013,30,15,0.1,"[5645.743731785342, 0.1604619026184082]"
F152013,30,15,0.2,"[5645.743731785342, 0.16046547889709473]"
F152013,30,15,0.3,"[5645.743731785342, 0.16046762466430664]"
F152013,30,15,0.4,"[5645.743731785342, 0.16046929359436035]"
F152013,30,15,0.5,"[5645.743731785342, 0.16047167778015137]"
F152013,30,15,0.6,"[5645.743731785342, 0.16047334671020508]"
F152013,30,15,0.7,"[5645.743731785342, 0.1604757308959961]"
F152013,30,15,0.8,"[5645.743731785342, 0.160477876663208]"
F152013,30,15,0.9,"[5645.743731785342, 0.16048026084899902]"
F152013,30,15,1.0,"[5645.743731785342, 0.16048240661621094]"
F152013,30,16,0.01,"[10388.36691267103, 0.020621776580810547]"
F152013,30,16,0.1,"[6680.809198280836, 0.15709424018859863]"
F152013,30,16,0.2,"[6369.98081124105, 0.30784058570861816]"
F152013,30,16,0.3,"[6355.3353214960525, 0.4386320114135742]"
F152013,30,16,0.4,"[6355.3353214960525, 0.43863630294799805]"
F152013,30,16,0.5,"[6355.3353214960525, 0.43863892555236816]"
F152013,30,16,0.6,"[6355.3353214960525, 0.438640832901001]"
F152013,30,16,0.7,"[6355.3353214960525, 0.4386427402496338]"
F152013,30,16,0.8,"[6355.3353214960525, 0.4386444091796875]"
F152013,30,16,0.9,"[6355.3353214960525, 0.4386467933654785]"
F152013,30,16,1.0,"[6355.3353214960525, 0.43864917755126953]"
F152013,30,17,0.01,"[11954.331060948785, 0.020623207092285156]"
F152013,30,17,0.1,"[9230.673767594422, 0.1569046974182129]"
F152013,30,17,0.2,"[9218.210804378781, 0.2648041248321533]"
F152013,30,17,0.3,"[9218.210804378781, 0.26480770111083984]"
F152013,30,17,0.4,"[9218.210804378781, 0.26480960845947266]"
F152013,30,17,0.5,"[9218.210804378781, 0.2648122310638428]"
F152013,30,17,0.6,"[9218.210804378781, 0.2648138999938965]"
F152013,30,17,0.7,"[9218.210804378781, 0.2648158073425293]"
F152013,30,17,0.8,"[9218.210804378781, 0.264817476272583]"
F152013,30,17,0.9,"[9218.210804378781, 0.264819860458374]"
F152013,30,17,1.0,"[9218.210804378781, 0.26482176780700684]"
F152013,30,18,0.01,"[11000.484089663145, 0.0209658145904541]"
F152013,30,18,0.1,"[6451.932919567065, 0.15772294998168945]"
F152013,30,18,0.2,"[5662.54894833922, 0.3097245693206787]"
F152013,30,18,0.3,"[5654.063436567989, 0.46106553077697754]"
F152013,30,18,0.4,"[5653.941515899209, 0.613778829574585]"
F152013,30,18,0.5,"[5653.941427378513, 0.7025492191314697]"
F152013,30,18,0.6,"[5653.941427378513, 0.7025525569915771]"
F152013,30,18,0.7,"[5653.941427378513, 0.7025549411773682]"
F152013,30,18,0.8,"[5653.941427378513, 0.702556848526001]"
F152013,30,18,0.9,"[5653.941427378513, 0.7025587558746338]"
F152013,30,18,1.0,"[5653.941427378513, 0.7025606632232666]"
F152013,30,19,0.01,"[10869.06490384576, 0.022660493850708008]"
F152013,30,19,0.1,"[6277.671588146851, 0.14700937271118164]"
F152013,30,19,0.2,"[6277.671588146851, 0.14701318740844727]"
F152013,30,19,0.3,"[6277.671588146851, 0.14701533317565918]"
F152013,30,19,0.4,"[6277.671588146851, 0.1470170021057129]"
F152013,30,19,0.5,"[6277.671588146851, 0.1470193862915039]"
F152013,30,19,0.6,"[6277.671588146851, 0.14702129364013672]"
F152013,30,19,0.7,"[6277.671588146851, 0.14702320098876953]"
F152013,30,19,0.8,"[6277.671588146851, 0.14702582359313965]"
F152013,30,19,0.9,"[6277.671588146851, 0.14702773094177246]"
F152013,30,19,1.0,"[6277.671588146851, 0.14702987670898438]"
F152013,30,20,0.01,"[12000.660122027948, 0.021062612533569336]"
F152013,30,20,0.1,"[7780.37368486415, 0.1591963768005371]"
F152013,30,20,0.2,"[7245.924951335938, 0.3125462532043457]"
F152013,30,20,0.3,"[7206.12242976826, 0.46457695960998535]"
F152013,30,20,0.4,"[7204.5477495510695, 0.6180193424224854]"
F152013,30,20,0.5,"[7204.407886818333, 0.6381354331970215]"
F152013,30,20,0.6,"[7204.407886818333, 0.6381385326385498]"
F152013,30,20,0.7,"[7204.407886818333, 0.6381409168243408]"
F152013,30,20,0.8,"[7204.407886818333, 0.6381423473358154]"
F152013,30,20,0.9,"[7204.407886818333, 0.6381444931030273]"
F152013,30,20,1.0,"[7204.407886818333, 0.638146162033081]"
F152013,30,21,0.01,"[8835.129123003395, 0.020736217498779297]"
F152013,30,21,0.1,"[5755.229665688429, 0.157135009765625]"
F152013,30,21,0.2,"[5731.75410070039, 0.21636033058166504]"
F152013,30,21,0.3,"[5731.75410070039, 0.21636343002319336]"
F152013,30,21,0.4,"[5731.75410070039, 0.21636557579040527]"
F152013,30,21,0.5,"[5731.75410070039, 0.2163677215576172]"
F152013,30,21,0.6,"[5731.75410070039, 0.21636962890625]"
F152013,30,21,0.7,"[5731.75410070039, 0.2163715362548828]"
F152013,30,21,0.8,"[5731.75410070039, 0.21637368202209473]"
F152013,30,21,0.9,"[5731.75410070039, 0.21637630462646484]"
F152013,30,21,1.0,"[5731.75410070039, 0.21637821197509766]"
F152013,30,22,0.01,"[8623.007560493996, 0.020925521850585938]"
F152013,30,22,0.1,"[5445.379834380792, 0.158341646194458]"
F152013,30,22,0.2,"[5285.56832674262, 0.3105490207672119]"
F152013,30,22,0.3,"[5122.92661981639, 0.4626431465148926]"
F152013,30,22,0.4,"[5121.24749850138, 0.6162283420562744]"
F152013,30,22,0.5,"[5119.922731256665, 0.7751953601837158]"
F152013,30,22,0.6,"[5117.422473236676, 0.9290177822113037]"
F152013,30,22,0.7,"[5059.565679994834, 1.085019588470459]"
F152013,30,22,0.8,"[5048.634754100073, 1.2377879619598389]"
F152013,30,22,0.9,"[5046.2403467379245, 1.3946919441223145]"
F152013,30,22,1.0,"[5045.951864877349, 1.5472033023834229]"
F152013,30,23,0.01,"[10478.14204026445, 0.028701066970825195]"
F152013,30,23,0.1,"[8833.617755111, 0.20455622673034668]"
F152013,30,23,0.2,"[8611.56025877289, 0.356905460357666]"
F152013,30,23,0.3,"[7449.961833553123, 0.5092320442199707]"
F152013,30,23,0.4,"[7449.893222597394, 0.6332292556762695]"
F152013,30,23,0.5,"[7449.893222597394, 0.633232831954956]"
F152013,30,23,0.6,"[7449.893222597394, 0.6332352161407471]"
F152013,30,23,0.7,"[7449.893222597394, 0.6332368850708008]"
F152013,30,23,0.8,"[7449.893222597394, 0.6332387924194336]"
F152013,30,23,0.9,"[7449.893222597394, 0.6332404613494873]"
F152013,30,23,1.0,"[7449.893222597394, 0.6332426071166992]"
F152013,30,24,0.01,"[12519.159826963705, 0.0647284984588623]"
F152013,30,24,0.1,"[5742.7895971172475, 0.20500850677490234]"
F152013,30,24,0.2,"[5742.788018192781, 0.2443070411682129]"
F152013,30,24,0.3,"[5742.788018192781, 0.2443103790283203]"
F152013,30,24,0.4,"[5742.788018192781, 0.24431228637695312]"
F152013,30,24,0.5,"[5742.788018192781, 0.24431467056274414]"
F152013,30,24,0.6,"[5742.788018192781, 0.24431633949279785]"
F152013,30,24,0.7,"[5742.788018192781, 0.24431824684143066]"
F152013,30,24,0.8,"[5742.788018192781, 0.24431967735290527]"
F152013,30,24,0.9,"[5742.788018192781, 0.2443222999572754]"
F152013,30,24,1.0,"[5742.788018192781, 0.2443242073059082]"
F152013,30,25,0.01,"[9865.207101632008, 0.055914878845214844]"
F152013,30,25,0.1,"[5230.833814227067, 0.19963884353637695]"
F152013,30,25,0.2,"[5182.548549978768, 0.3511064052581787]"
F152013,30,25,0.3,"[5163.661227396864, 0.5020649433135986]"
F152013,30,25,0.4,"[5163.224215735043, 0.6532678604125977]"
F152013,30,25,0.5,"[5163.202029648625, 0.8090152740478516]"
F152013,30,25,0.6,"[5163.200684967174, 0.9503867626190186]"
F152013,30,25,0.7,"[5163.200684967174, 0.9503898620605469]"
F152013,30,25,0.8,"[5163.200684967174, 0.9503917694091797]"
F152013,30,25,0.9,"[5163.200684967174, 0.9503936767578125]"
F152013,30,25,1.0,"[5163.200684967174, 0.9503953456878662]"
F152013,30,26,0.01,"[12354.758491921499, 0.02072906494140625]"
F152013,30,26,0.1,"[9673.469579758776, 0.15740013122558594]"
F152013,30,26,0.2,"[7286.725420957036, 0.3087737560272217]"
F152013,30,26,0.3,"[6939.244378460158, 0.4595301151275635]"
F152013,30,26,0.4,"[6860.2060535701485, 0.6105406284332275]"
F152013,30,26,0.5,"[6778.661837885327, 0.7660121917724609]"
F152013,30,26,0.6,"[6774.225893095801, 0.9168422222137451]"
F152013,30,26,0.7,"[6773.908555199811, 1.0700950622558594]"
F152013,30,26,0.8,"[6773.830688394665, 1.2199952602386475]"
F152013,30,26,0.9,"[6773.806769884854, 1.3743343353271484]"
F152013,30,26,1.0,"[6773.805527495298, 1.5241010189056396]"
F152013,30,27,0.01,"[9997.561301266742, 0.020692825317382812]"
F152013,30,27,0.1,"[4858.852297483005, 0.12362146377563477]"
F152013,30,27,0.2,"[4858.852297483005, 0.12362480163574219]"
F152013,30,27,0.3,"[4858.852297483005, 0.1236269474029541]"
F152013,30,27,0.4,"[4858.852297483005, 0.12362861633300781]"
F152013,30,27,0.5,"[4858.852297483005, 0.12363147735595703]"
F152013,30,27,0.6,"[4858.852297483005, 0.12363338470458984]"
F152013,30,27,0.7,"[4858.852297483005, 0.12363481521606445]"
F152013,30,27,0.8,"[4858.852297483005, 0.12363719940185547]"
F152013,30,27,0.9,"[4858.852297483005, 0.12363910675048828]"
F152013,30,27,1.0,"[4858.852297483005, 0.1236410140991211]"
F152013,30,28,0.01,"[11115.368999673568, 0.02069854736328125]"
F152013,30,28,0.1,"[7832.253945667016, 0.15911149978637695]"
F152013,30,28,0.2,"[7111.093679848686, 0.2680184841156006]"
F152013,30,28,0.3,"[7111.093679848686, 0.2680215835571289]"
F152013,30,28,0.4,"[7111.093679848686, 0.2680234909057617]"
F152013,30,28,0.5,"[7111.093679848686, 0.26802611351013184]"
F152013,30,28,0.6,"[7111.093679848686, 0.26802778244018555]"
F152013,30,28,0.7,"[7111.093679848686, 0.26802968978881836]"
F152013,30,28,0.8,"[7111.093679848686, 0.26803159713745117]"
F152013,30,28,0.9,"[7111.093679848686, 0.268033504486084]"
F152013,30,28,1.0,"[7111.093679848686, 0.268035888671875]"
F152013,30,29,0.01,"[11044.834881445504, 0.06493020057678223]"
F152013,30,29,0.1,"[5360.618560099166, 0.20208334922790527]"
F152013,30,29,0.2,"[5257.05672440458, 0.35400843620300293]"
F152013,30,29,0.3,"[5076.633983868011, 0.5057928562164307]"
F152013,30,29,0.4,"[5064.772976520761, 0.6570076942443848]"
F152013,30,29,0.5,"[5064.503443386648, 0.8129761219024658]"
F152013,30,29,0.6,"[5064.4972440690935, 0.9637942314147949]"
F152013,30,29,0.7,"[5064.48343038655, 1.1159186363220215]"
F152013,30,29,0.8,"[5064.477250253634, 1.266920566558838]"
F152013,30,29,0.9,"[5064.477105538954, 1.4232263565063477]"
F152013,30,29,1.0,"[5064.476154965987, 1.57539963722229]"
F152013,30,30,0.01,"[12154.793256031819, 0.04675722122192383]"
F152013,30,30,0.1,"[6937.566109491671, 0.22127532958984375]"
F152013,30,30,0.2,"[6936.276674661064, 0.3478434085845947]"
F152013,30,30,0.3,"[6936.276674661064, 0.34784698486328125]"
F152013,30,30,0.4,"[6936.276674661064, 0.34784913063049316]"
F152013,30,30,0.5,"[6936.276674661064, 0.3478517532348633]"
F152013,30,30,0.6,"[6936.276674661064, 0.347853422164917]"
F152013,30,30,0.7,"[6936.276674661064, 0.3478553295135498]"
F152013,30,30,0.8,"[6936.276674661064, 0.3478569984436035]"
F152013,30,30,0.9,"[6936.276674661064, 0.34785914421081543]"
F152013,30,30,1.0,"[6936.276674661064, 0.34786081314086914]"
F152013,30,31,0.01,"[10127.900868260891, 0.04480552673339844]"
F152013,30,31,0.1,"[5847.965825292486, 0.19757533073425293]"
F152013,30,31,0.2,"[5847.965825292486, 0.19757890701293945]"
F152013,30,31,0.3,"[5847.965825292486, 0.19758081436157227]"
F152013,30,31,0.4,"[5847.965825292486, 0.19758296012878418]"
F152013,30,31,0.5,"[5847.965825292486, 0.1975853443145752]"
F152013,30,31,0.6,"[5847.965825292486, 0.1975870132446289]"
F152013,30,31,0.7,"[5847.965825292486, 0.19758892059326172]"
F152013,30,31,0.8,"[5847.965825292486, 0.19759058952331543]"
F152013,30,31,0.9,"[5847.965825292486, 0.19759273529052734]"
F152013,30,31,1.0,"[5847.965825292486, 0.19759440422058105]"
F152013,30,32,0.01,"[11380.13247641548, 0.04494833946228027]"
F152013,30,32,0.1,"[8313.207159755713, 0.22479867935180664]"
F152013,30,32,0.2,"[8081.009369652277, 0.3235511779785156]"
F152013,30,32,0.3,"[8081.009369652277, 0.32355427742004395]"
F152013,30,32,0.4,"[8081.009369652277, 0.32355642318725586]"
F152013,30,32,0.5,"[8081.009369652277, 0.3235585689544678]"
F152013,30,32,0.6,"[8081.009369652277, 0.3235604763031006]"
F152013,30,32,0.7,"[8081.009369652277, 0.3235621452331543]"
F152013,30,32,0.8,"[8081.009369652277, 0.323563814163208]"
F152013,30,32,0.9,"[8081.009369652277, 0.3235659599304199]"
F152013,30,32,1.0,"[8081.009369652277, 0.32356762886047363]"
F152013,30,33,0.01,"[10295.72930388462, 0.046822547912597656]"
F152013,30,33,0.1,"[5400.065078818486, 0.225630521774292]"
F152013,30,33,0.2,"[5396.885190817637, 0.3766934871673584]"
F152013,30,33,0.3,"[5396.882845402065, 0.527808427810669]"
F152013,30,33,0.4,"[5396.88281748277, 0.6787171363830566]"
F152013,30,33,0.5,"[5396.88281748277, 0.6837508678436279]"
F152013,30,33,0.6,"[5396.88281748277, 0.6837537288665771]"
F152013,30,33,0.7,"[5396.88281748277, 0.6837558746337891]"
F152013,30,33,0.8,"[5396.88281748277, 0.6837577819824219]"
F152013,30,33,0.9,"[5396.88281748277, 0.6837594509124756]"
F152013,30,33,1.0,"[5396.88281748277, 0.6837613582611084]"
F152013,30,34,0.01,"[11000.788254717052, 0.048674821853637695]"
F152013,30,34,0.1,"[5769.602075087783, 0.2243185043334961]"
F152013,30,34,0.2,"[5769.602075087783, 0.22449183464050293]"
F152013,30,34,0.3,"[5769.602075087783, 0.22449469566345215]"
F152013,30,34,0.4,"[5769.602075087783, 0.22449660301208496]"
F152013,30,34,0.5,"[5769.602075087783, 0.22449898719787598]"
F152013,30,34,0.6,"[5769.602075087783, 0.2245008945465088]"
F152013,30,34,0.7,"[5769.602075087783, 0.2245025634765625]"
F152013,30,34,0.8,"[5769.602075087783, 0.2245044708251953]"
F152013,30,34,0.9,"[5769.602075087783, 0.22450637817382812]"
F152013,30,34,1.0,"[5769.602075087783, 0.22450828552246094]"
F152013,30,35,0.01,"[9428.719526490147, 0.04674816131591797]"
F152013,30,35,0.1,"[5269.14102933063, 0.17041349411010742]"
F152013,30,35,0.2,"[5269.14102933063, 0.17041730880737305]"
F152013,30,35,0.3,"[5269.14102933063, 0.17041969299316406]"
F152013,30,35,0.4,"[5269.14102933063, 0.17042160034179688]"
F152013,30,35,0.5,"[5269.14102933063, 0.1704237461090088]"
F152013,30,35,0.6,"[5269.14102933063, 0.1704254150390625]"
F152013,30,35,0.7,"[5269.14102933063, 0.1704273223876953]"
F152013,30,35,0.8,"[5269.14102933063, 0.17042922973632812]"
F152013,30,35,0.9,"[5269.14102933063, 0.17043113708496094]"
F152013,30,35,1.0,"[5269.14102933063, 0.17043328285217285]"
F152013,30,36,0.01,"[7868.953843935591, 0.04669070243835449]"
F152013,30,36,0.1,"[6949.838822147046, 0.21761822700500488]"
F152013,30,36,0.2,"[6941.525838738497, 0.36931729316711426]"
F152013,30,36,0.3,"[6940.948846530724, 0.5202555656433105]"
F152013,30,36,0.4,"[6901.1937085172385, 0.6721007823944092]"
F152013,30,36,0.5,"[6899.94243523819, 0.8280518054962158]"
F152013,30,36,0.6,"[6896.405441389712, 0.9799950122833252]"
F152013,30,36,0.7,"[6895.585854922928, 1.1326961517333984]"
F152013,30,36,0.8,"[6895.463905509401, 1.284379005432129]"
F152013,30,36,0.9,"[6895.420456823462, 1.4412200450897217]"
F152013,30,36,1.0,"[6895.359569786237, 1.5939216613769531]"
F152013,30,37,0.01,"[10964.334571971001, 0.042577266693115234]"
F152013,30,37,0.1,"[9365.104832689445, 0.21960115432739258]"
F152013,30,37,0.2,"[9364.528902067981, 0.37084245681762695]"
F152013,30,37,0.3,"[9364.528902067981, 0.5069174766540527]"
F152013,30,37,0.4,"[9364.528902067981, 0.506920576095581]"
F152013,30,37,0.5,"[9364.528902067981, 0.5069234371185303]"
F152013,30,37,0.6,"[9364.528902067981, 0.5069308280944824]"
F152013,30,37,0.7,"[9364.528902067981, 0.5069327354431152]"
F152013,30,37,0.8,"[9364.528902067981, 0.506934404373169]"
F152013,30,37,0.9,"[9364.528902067981, 0.5069365501403809]"
F152013,30,37,1.0,"[9364.528902067981, 0.5069384574890137]"
F152013,30,38,0.01,"[11012.429017572906, 0.033667802810668945]"
F152013,30,38,0.1,"[9420.512314386797, 0.21689796447753906]"
F152013,30,38,0.2,"[9420.512314386797, 0.310823917388916]"
F152013,30,38,0.3,"[9420.512314386797, 0.31082725524902344]"
F152013,30,38,0.4,"[9420.512314386797, 0.31082916259765625]"
F152013,30,38,0.5,"[9420.512314386797, 0.31083154678344727]"
F152013,30,38,0.6,"[9420.512314386797, 0.3108329772949219]"
F152013,30,38,0.7,"[9420.512314386797, 0.3108348846435547]"
F152013,30,38,0.8,"[9420.512314386797, 0.3108365535736084]"
F152013,30,38,0.9,"[9420.512314386797, 0.3108386993408203]"
F152013,30,38,1.0,"[9420.512314386797, 0.3108406066894531]"
F152013,30,39,0.01,"[10498.277505136362, 0.05578422546386719]"
F152013,30,39,0.1,"[4903.617035534435, 0.19385361671447754]"
F152013,30,39,0.2,"[4900.422231356829, 0.345273494720459]"
F152013,30,39,0.3,"[4900.400836868223, 0.49647951126098633]"
F152013,30,39,0.4,"[4900.400758881384, 0.5794434547424316]"
F152013,30,39,0.5,"[4900.400758881384, 0.5794470310211182]"
F152013,30,39,0.6,"[4900.400758881384, 0.5794491767883301]"
F152013,30,39,0.7,"[4900.400758881384, 0.5794510841369629]"
F152013,30,39,0.8,"[4900.400758881384, 0.5794527530670166]"
F152013,30,39,0.9,"[4900.400758881384, 0.5794546604156494]"
F152013,30,39,1.0,"[4900.400758881384, 0.5794563293457031]"
F152013,30,40,0.01,"[12248.729077250544, 0.020734786987304688]"
F152013,30,40,0.1,"[7863.486954255327, 0.15899395942687988]"
F152013,30,40,0.2,"[7655.783715931714, 0.3108844757080078]"
F152013,30,40,0.3,"[7349.510636737034, 0.4626173973083496]"
F152013,30,40,0.4,"[7346.831511947494, 0.6139757633209229]"
F152013,30,40,0.5,"[7345.729975860264, 0.7709250450134277]"
F152013,30,40,0.6,"[7340.879100835062, 0.9233951568603516]"
F152013,30,40,0.7,"[7338.393502334121, 1.0770676136016846]"
F152013,30,40,0.8,"[7338.264690247814, 1.2289083003997803]"
F152013,30,40,0.9,"[7338.1743991856, 1.3863580226898193]"
F152013,30,40,1.0,"[7338.169243926748, 1.5392675399780273]"
F152013,30,41,0.01,"[10314.652080778358, 0.020748138427734375]"
F152013,30,41,0.1,"[4681.451837251611, 0.15877747535705566]"
F152013,30,41,0.2,"[4568.205251216157, 0.3108549118041992]"
F152013,30,41,0.3,"[4566.964403240442, 0.46223878860473633]"
F152013,30,41,0.4,"[4565.471006049682, 0.613966703414917]"
F152013,30,41,0.5,"[4565.453394386423, 0.7701632976531982]"
F152013,30,41,0.6,"[4565.452127298316, 0.9216182231903076]"
F152013,30,41,0.7,"[4565.449056293605, 1.0744078159332275]"
F152013,30,41,0.8,"[4565.449056105453, 1.0795862674713135]"
F152013,30,41,0.9,"[4565.449056105453, 1.0795893669128418]"
F152013,30,41,1.0,"[4565.449056105453, 1.0795915126800537]"
F152013,30,42,0.01,"[10515.000091684415, 0.020765304565429688]"
F152013,30,42,0.1,"[6243.460109044131, 0.1591334342956543]"
F152013,30,42,0.2,"[6142.629440549024, 0.3109264373779297]"
F152013,30,42,0.3,"[6142.629440549024, 0.4717831611633301]"
F152013,30,42,0.4,"[6142.629440549024, 0.6354146003723145]"
F152013,30,42,0.5,"[6142.629440549024, 0.7913446426391602]"
F152013,30,42,0.6,"[6142.629440549024, 0.9428801536560059]"
F152013,30,42,0.7,"[6142.629440549024, 1.0972766876220703]"
F152013,30,42,0.8,"[6142.629440549024, 1.2240557670593262]"
F152013,30,42,0.9,"[6142.629440549024, 1.2240591049194336]"
F152013,30,42,1.0,"[6142.629440549024, 1.2240607738494873]"
F152013,30,43,0.01,"[10685.960192346549, 0.020792722702026367]"
F152013,30,43,0.1,"[5612.649753192054, 0.15879249572753906]"
F152013,30,43,0.2,"[5587.4926364330495, 0.31003260612487793]"
F152013,30,43,0.3,"[5584.683304734858, 0.4610564708709717]"
F152013,30,43,0.4,"[5495.797601696185, 0.6123440265655518]"
F152013,30,43,0.5,"[5370.389754413404, 0.7688572406768799]"
F152013,30,43,0.6,"[5234.534350714139, 0.9206035137176514]"
F152013,30,43,0.7,"[5145.754991120496, 1.0753235816955566]"
F152013,30,43,0.8,"[5145.674303670604, 1.2270026206970215]"
F152013,30,43,0.9,"[5145.272780737442, 1.3835012912750244]"
F152013,30,43,1.0,"[5145.272575342451, 1.5354387760162354]"
F152013,30,44,0.01,"[9947.822076916871, 0.02085733413696289]"
F152013,30,44,0.1,"[6044.390638907215, 0.1601870059967041]"
F152013,30,44,0.2,"[5965.5446889775885, 0.3126370906829834]"
F152013,30,44,0.3,"[5965.457088353119, 0.46404361724853516]"
F152013,30,44,0.4,"[5965.438815074268, 0.615715742111206]"
F152013,30,44,0.5,"[5955.018272473175, 0.7723219394683838]"
F152013,30,44,0.6,"[5954.5010762997435, 0.92437744140625]"
F152013,30,44,0.7,"[5954.497244395422, 1.0781683921813965]"
F152013,30,44,0.8,"[5954.497244395422, 1.2010066509246826]"
F152013,30,44,0.9,"[5954.497244395422, 1.20100998878479]"
F152013,30,44,1.0,"[5954.497244395422, 1.201012372970581]"
F152013,30,45,0.01,"[11974.384608022772, 0.02080702781677246]"
F152013,30,45,0.1,"[8436.066177580944, 0.15999364852905273]"
F152013,30,45,0.2,"[8372.116819536075, 0.3126556873321533]"
F152013,30,45,0.3,"[8371.859893727873, 0.4646928310394287]"
F152013,30,45,0.4,"[8371.859893727873, 0.5430538654327393]"
F152013,30,45,0.5,"[8371.859893727873, 0.5430576801300049]"
F152013,30,45,0.6,"[8371.859893727873, 0.5430598258972168]"
F152013,30,45,0.7,"[8371.859893727873, 0.5430617332458496]"
F152013,30,45,0.8,"[8371.859893727873, 0.5430636405944824]"
F152013,30,45,0.9,"[8371.859893727873, 0.5430653095245361]"
F152013,30,45,1.0,"[8371.859893727873, 0.543067455291748]"
F152013,30,46,0.01,"[11949.521047839955, 0.020832061767578125]"
F152013,30,46,0.1,"[9425.321593729666, 0.16002655029296875]"
F152013,30,46,0.2,"[6450.727989122815, 0.3128068447113037]"
F152013,30,46,0.3,"[6442.568149651052, 0.46471500396728516]"
F152013,30,46,0.4,"[6442.185086235856, 0.6162636280059814]"
F152013,30,46,0.5,"[6442.133530115572, 0.748117208480835]"
F152013,30,46,0.6,"[6442.133530115572, 0.7481203079223633]"
F152013,30,46,0.7,"[6442.133530115572, 0.7481226921081543]"
F152013,30,46,0.8,"[6442.133530115572, 0.7481245994567871]"
F152013,30,46,0.9,"[6442.133530115572, 0.7481262683868408]"
F152013,30,46,1.0,"[6442.133530115572, 0.7481281757354736]"
F152013,30,47,0.01,"[10439.065478814142, 0.02068948745727539]"
F152013,30,47,0.1,"[6975.035687577366, 0.15899014472961426]"
F152013,30,47,0.2,"[6535.202750839812, 0.3105924129486084]"
F152013,30,47,0.3,"[6535.076441959977, 0.46140503883361816]"
F152013,30,47,0.4,"[6535.06837482022, 0.6124708652496338]"
F152013,30,47,0.5,"[6535.06837482022, 0.6175200939178467]"
F152013,30,47,0.6,"[6535.06837482022, 0.617523193359375]"
F152013,30,47,0.7,"[6535.06837482022, 0.617525577545166]"
F152013,30,47,0.8,"[6535.06837482022, 0.6175272464752197]"
F152013,30,47,0.9,"[6535.06837482022, 0.6175291538238525]"
F152013,30,47,1.0,"[6535.06837482022, 0.6175308227539062]"
F152013,30,48,0.01,"[10677.447504707932, 0.02005910873413086]"
F152013,30,48,0.1,"[8102.9558698878245, 0.158005952835083]"
F152013,30,48,0.2,"[8099.966736332457, 0.30501747131347656]"
F152013,30,48,0.3,"[8099.966736332457, 0.3050203323364258]"
F152013,30,48,0.4,"[8099.966736332457, 0.3050220012664795]"
F152013,30,48,0.5,"[8099.966736332457, 0.3050243854522705]"
F152013,30,48,0.6,"[8099.966736332457, 0.3050260543823242]"
F152013,30,48,0.7,"[8099.966736332457, 0.30502748489379883]"
F152013,30,48,0.8,"[8099.966736332457, 0.30502939224243164]"
F152013,30,48,0.9,"[8099.966736332457, 0.30503106117248535]"
F152013,30,48,1.0,"[8099.966736332457, 0.30503296852111816]"
F152013,30,49,0.01,"[11698.64527334199, 0.020081758499145508]"
F152013,30,49,0.1,"[7492.7238795909625, 0.1580369472503662]"
F152013,30,49,0.2,"[7205.256875301398, 0.3101022243499756]"
F152013,30,49,0.3,"[7200.506956184489, 0.4322354793548584]"
F152013,30,49,0.4,"[7200.506956184489, 0.4322383403778076]"
F152013,30,49,0.5,"[7200.506956184489, 0.43224072456359863]"
F152013,30,49,0.6,"[7200.506956184489, 0.43224239349365234]"
F152013,30,49,0.7,"[7200.506956184489, 0.43224406242370605]"
F152013,30,49,0.8,"[7200.506956184489, 0.43224549293518066]"
F152013,30,49,0.9,"[7200.506956184489, 0.4322474002838135]"
F152013,30,49,1.0,"[7200.506956184489, 0.4322493076324463]"
F152013,30,50,0.01,"[9760.379870196342, 0.019701480865478516]"
F152013,30,50,0.1,"[8660.756366162233, 0.12649226188659668]"
F152013,30,50,0.2,"[8660.756366162233, 0.126495361328125]"
F152013,30,50,0.3,"[8660.756366162233, 0.1264972686767578]"
F152013,30,50,0.4,"[8660.756366162233, 0.12649893760681152]"
F152013,30,50,0.5,"[8660.756366162233, 0.12650084495544434]"
F152013,30,50,0.6,"[8660.756366162233, 0.12650275230407715]"
F152013,30,50,0.7,"[8660.756366162233, 0.12650418281555176]"
F152013,30,50,0.8,"[8660.756366162233, 0.12650609016418457]"
F152013,30,50,0.9,"[8660.756366162233, 0.12650775909423828]"
F152013,30,50,1.0,"[8660.756366162233, 0.1265099048614502]"
F152013,50,0,0.01,"[21008.118527055303, 0.04026627540588379]"
F152013,50,0,0.1,"[13547.922618366269, 0.19424676895141602]"
F152013,50,0,0.2,"[10824.614667933303, 0.35527873039245605]"
F152013,50,0,0.3,"[9351.004289231365, 0.5166022777557373]"
F152013,50,0,0.4,"[9337.26295503124, 0.6779234409332275]"
F152013,50,0,0.5,"[9331.099191769652, 0.8474740982055664]"
F152013,50,0,0.6,"[9330.750712567997, 1.0097012519836426]"
F152013,50,0,0.7,"[9330.339062881252, 1.1712894439697266]"
F152013,50,0,0.8,"[9329.947006707229, 1.3319008350372314]"
F152013,50,0,0.9,"[9268.39779887227, 1.5015640258789062]"
F152013,50,0,1.0,"[9194.543019856412, 1.6623849868774414]"
F152013,50,1,0.01,"[18963.875789643535, 0.018059730529785156]"
F152013,50,1,0.1,"[9462.237253824827, 0.1712660789489746]"
F152013,50,1,0.2,"[9269.800433052254, 0.3317830562591553]"
F152013,50,1,0.3,"[9249.90297824721, 0.4924590587615967]"
F152013,50,1,0.4,"[9242.917409402997, 0.6524510383605957]"
F152013,50,1,0.5,"[9235.964885160345, 0.8208162784576416]"
F152013,50,1,0.6,"[9231.733873503781, 0.983238935470581]"
F152013,50,1,0.7,"[9231.728046907952, 1.1440136432647705]"
F152013,50,1,0.8,"[9231.692333797546, 1.3041636943817139]"
F152013,50,1,0.9,"[9231.680803044908, 1.4730427265167236]"
F152013,50,1,1.0,"[9231.680798302177, 1.5749669075012207]"
F152013,50,2,0.01,"[20893.0441084796, 0.01824021339416504]"
F152013,50,2,0.1,"[10948.647492505492, 0.1722886562347412]"
F152013,50,2,0.2,"[10911.738962314943, 0.33308959007263184]"
F152013,50,2,0.3,"[10908.357420009941, 0.4935750961303711]"
F152013,50,2,0.4,"[10899.625027141952, 0.6540625095367432]"
F152013,50,2,0.5,"[10895.15560613163, 0.8229002952575684]"
F152013,50,2,0.6,"[10893.882134923917, 0.9841310977935791]"
F152013,50,2,0.7,"[10893.447858780719, 1.1444640159606934]"
F152013,50,2,0.8,"[10893.302134335816, 1.3049321174621582]"
F152013,50,2,0.9,"[10891.39997538081, 1.4737517833709717]"
F152013,50,2,1.0,"[10891.248553176458, 1.6343541145324707]"
F152013,50,3,0.01,"[19394.539594965532, 0.018240690231323242]"
F152013,50,3,0.1,"[12936.31028300177, 0.17244219779968262]"
F152013,50,3,0.2,"[12896.578456648422, 0.33367228507995605]"
F152013,50,3,0.3,"[12895.72318147984, 0.4954040050506592]"
F152013,50,3,0.4,"[12895.72318147984, 0.605750560760498]"
F152013,50,3,0.5,"[12895.72318147984, 0.6057543754577637]"
F152013,50,3,0.6,"[12895.72318147984, 0.6057562828063965]"
F152013,50,3,0.7,"[12895.72318147984, 0.6057579517364502]"
F152013,50,3,0.8,"[12895.72318147984, 0.6057596206665039]"
F152013,50,3,0.9,"[12895.72318147984, 0.6057620048522949]"
F152013,50,3,1.0,"[12895.72318147984, 0.6057639122009277]"
F152013,50,4,0.01,"[20172.288875384103, 0.018290996551513672]"
F152013,50,4,0.1,"[12130.582857002939, 0.17278718948364258]"
F152013,50,4,0.2,"[11864.119102726441, 0.33379292488098145]"
F152013,50,4,0.3,"[11864.105166235771, 0.4944307804107666]"
F152013,50,4,0.4,"[11864.105166235771, 0.6544489860534668]"
F152013,50,4,0.5,"[11864.105166235771, 0.8227560520172119]"
F152013,50,4,0.6,"[11864.105166235771, 0.8818063735961914]"
F152013,50,4,0.7,"[11864.105166235771, 0.8818094730377197]"
F152013,50,4,0.8,"[11864.105166235771, 0.8818118572235107]"
F152013,50,4,0.9,"[11864.105166235771, 0.8818137645721436]"
F152013,50,4,1.0,"[11864.105166235771, 0.8818156719207764]"
F152013,50,5,0.01,"[21596.925051036, 0.03955507278442383]"
F152013,50,5,0.1,"[20769.629664098968, 0.19356393814086914]"
F152013,50,5,0.2,"[15621.567935481115, 0.3556551933288574]"
F152013,50,5,0.3,"[9313.631297162614, 0.5173914432525635]"
F152013,50,5,0.4,"[9305.475226497896, 0.6784861087799072]"
F152013,50,5,0.5,"[9305.455698890697, 0.8477072715759277]"
F152013,50,5,0.6,"[9305.455244659282, 1.012387990951538]"
F152013,50,5,0.7,"[9305.455244659282, 1.038381576538086]"
F152013,50,5,0.8,"[9305.455244659282, 1.0383851528167725]"
F152013,50,5,0.9,"[9305.455244659282, 1.0383872985839844]"
F152013,50,5,1.0,"[9305.455244659282, 1.038388967514038]"
F152013,50,6,0.01,"[21828.88662108439, 0.041230201721191406]"
F152013,50,6,0.1,"[13613.077381700467, 0.1971440315246582]"
F152013,50,6,0.2,"[13460.040782259124, 0.35916590690612793]"
F152013,50,6,0.3,"[13434.808084837012, 0.5210323333740234]"
F152013,50,6,0.4,"[13431.828334488908, 0.682744026184082]"
F152013,50,6,0.5,"[13431.534528099717, 0.8533337116241455]"
F152013,50,6,0.6,"[13431.534528099717, 1.01731276512146]"
F152013,50,6,0.7,"[13431.534528099717, 1.1793575286865234]"
F152013,50,6,0.8,"[13431.534528099717, 1.2820534706115723]"
F152013,50,6,0.9,"[13431.534528099717, 1.2820568084716797]"
F152013,50,6,1.0,"[13431.534528099717, 1.2820589542388916]"
F152013,50,7,0.01,"[20588.681659546768, 0.018453121185302734]"
F152013,50,7,0.1,"[7599.035000690697, 0.1730029582977295]"
F152013,50,7,0.2,"[7203.364451957532, 0.3341081142425537]"
F152013,50,7,0.3,"[7203.061082761518, 0.4949955940246582]"
F152013,50,7,0.4,"[7195.51049421145, 0.6564059257507324]"
F152013,50,7,0.5,"[7195.503212402808, 0.8261613845825195]"
F152013,50,7,0.6,"[7195.447151955472, 0.988774299621582]"
F152013,50,7,0.7,"[7195.4458356834075, 1.1498427391052246]"
F152013,50,7,0.8,"[7195.445788472121, 1.302596092224121]"
F152013,50,7,0.9,"[7195.445788472121, 1.3025996685028076]"
F152013,50,7,1.0,"[7195.445788472121, 1.3026020526885986]"
F152013,50,8,0.01,"[22612.029118430626, 0.018215179443359375]"
F152013,50,8,0.1,"[11565.614870649013, 0.17227840423583984]"
F152013,50,8,0.2,"[9038.0170433871, 0.3341665267944336]"
F152013,50,8,0.3,"[9001.12834545415, 0.49559593200683594]"
F152013,50,8,0.4,"[8996.845061326452, 0.6568162441253662]"
F152013,50,8,0.5,"[8990.656355212646, 0.8263661861419678]"
F152013,50,8,0.6,"[8988.40935562685, 0.9894323348999023]"
F152013,50,8,0.7,"[8988.40447983491, 1.1507387161254883]"
F152013,50,8,0.8,"[8987.741888294133, 1.3117055892944336]"
F152013,50,8,0.9,"[8987.404227731246, 1.481487512588501]"
F152013,50,8,1.0,"[8986.944345837965, 1.6425800323486328]"
F152013,50,9,0.01,"[17104.40017667631, 0.018435955047607422]"
F152013,50,9,0.1,"[12873.568549990585, 0.17425107955932617]"
F152013,50,9,0.2,"[12760.759684938263, 0.33690667152404785]"
F152013,50,9,0.3,"[12713.608994005353, 0.4998476505279541]"
F152013,50,9,0.4,"[12713.513488599301, 0.6623241901397705]"
F152013,50,9,0.5,"[12713.362085797979, 0.8332321643829346]"
F152013,50,9,0.6,"[12713.362085797979, 0.8419473171234131]"
F152013,50,9,0.7,"[12713.362085797979, 0.8419504165649414]"
F152013,50,9,0.8,"[12713.362085797979, 0.8419528007507324]"
F152013,50,9,0.9,"[12713.362085797979, 0.8419551849365234]"
F152013,50,9,1.0,"[12713.362085797979, 0.8419568538665771]"
F152013,50,10,0.01,"[21997.99850339368, 0.0183560848236084]"
F152013,50,10,0.1,"[14717.71096528147, 0.17203545570373535]"
F152013,50,10,0.2,"[10597.643556294857, 0.3328251838684082]"
F152013,50,10,0.3,"[10503.540349184357, 0.4938647747039795]"
F152013,50,10,0.4,"[10328.78524993995, 0.6548125743865967]"
F152013,50,10,0.5,"[10314.558190083428, 0.8236966133117676]"
F152013,50,10,0.6,"[10313.824196820216, 0.9862585067749023]"
F152013,50,10,0.7,"[10313.760027432429, 1.1467790603637695]"
F152013,50,10,0.8,"[10313.707177149725, 1.3071272373199463]"
F152013,50,10,0.9,"[10313.70054878662, 1.475651741027832]"
F152013,50,10,1.0,"[10313.696234681576, 1.6360714435577393]"
F152013,50,11,0.01,"[20910.096276129752, 0.02544999122619629]"
F152013,50,11,0.1,"[11899.622064741598, 0.17949652671813965]"
F152013,50,11,0.2,"[11896.766663480485, 0.3407151699066162]"
F152013,50,11,0.3,"[11884.466490270497, 0.4850647449493408]"
F152013,50,11,0.4,"[11884.466490270497, 0.48506832122802734]"
F152013,50,11,0.5,"[11884.466490270497, 0.48507118225097656]"
F152013,50,11,0.6,"[11884.466490270497, 0.4850728511810303]"
F152013,50,11,0.7,"[11884.466490270497, 0.485074520111084]"
F152013,50,11,0.8,"[11884.466490270497, 0.4850761890411377]"
F152013,50,11,0.9,"[11884.466490270497, 0.4850780963897705]"
F152013,50,11,1.0,"[11884.466490270497, 0.4850802421569824]"
F152013,50,12,0.01,"[22460.9919167767, 0.024440288543701172]"
F152013,50,12,0.1,"[12277.53799562716, 0.1787281036376953]"
F152013,50,12,0.2,"[10893.314355356682, 0.34079408645629883]"
F152013,50,12,0.3,"[10399.976235369615, 0.5020201206207275]"
F152013,50,12,0.4,"[10366.59218665723, 0.6634771823883057]"
F152013,50,12,0.5,"[10366.59218665723, 0.7400493621826172]"
F152013,50,12,0.6,"[10366.59218665723, 0.7400529384613037]"
F152013,50,12,0.7,"[10366.59218665723, 0.7400550842285156]"
F152013,50,12,0.8,"[10366.59218665723, 0.7400567531585693]"
F152013,50,12,0.9,"[10366.59218665723, 0.7400586605072021]"
F152013,50,12,1.0,"[10366.59218665723, 0.740060567855835]"
F152013,50,13,0.01,"[21819.732740182677, 0.0181121826171875]"
F152013,50,13,0.1,"[10904.02218553861, 0.1723034381866455]"
F152013,50,13,0.2,"[9825.259596620872, 0.3336830139160156]"
F152013,50,13,0.3,"[9212.550821336845, 0.49459004402160645]"
F152013,50,13,0.4,"[9151.415629444524, 0.6561312675476074]"
F152013,50,13,0.5,"[9131.785019121793, 0.8257813453674316]"
F152013,50,13,0.6,"[9124.307169159658, 0.9878480434417725]"
F152013,50,13,0.7,"[9118.490533015105, 1.1494801044464111]"
F152013,50,13,0.8,"[9113.633772997513, 1.3104572296142578]"
F152013,50,13,0.9,"[9113.370988812136, 1.4796512126922607]"
F152013,50,13,1.0,"[9111.145808517842, 1.64119553565979]"
F152013,50,14,0.01,"[20178.243601696755, 0.01831984519958496]"
F152013,50,14,0.1,"[13342.607759562237, 0.17310261726379395]"
F152013,50,14,0.2,"[13304.753716657511, 0.3342111110687256]"
F152013,50,14,0.3,"[13304.753716657511, 0.49578070640563965]"
F152013,50,14,0.4,"[13304.753716657511, 0.4959688186645508]"
F152013,50,14,0.5,"[13304.753716657511, 0.4959723949432373]"
F152013,50,14,0.6,"[13304.753716657511, 0.4959745407104492]"
F152013,50,14,0.7,"[13304.753716657511, 0.49597620964050293]"
F152013,50,14,0.8,"[13304.753716657511, 0.49597835540771484]"
F152013,50,14,0.9,"[13304.753716657511, 0.49598002433776855]"
F152013,50,14,1.0,"[13304.753716657511, 0.49598217010498047]"
F152013,50,15,0.01,"[21049.659451504132, 0.018265962600708008]"
F152013,50,15,0.1,"[14743.296557181744, 0.17318248748779297]"
F152013,50,15,0.2,"[9983.043582828663, 0.3350212574005127]"
F152013,50,15,0.3,"[9951.57020295664, 0.4961397647857666]"
F152013,50,15,0.4,"[9948.849881023287, 0.6570842266082764]"
F152013,50,15,0.5,"[9948.785232309505, 0.8257448673248291]"
F152013,50,15,0.6,"[9948.772939159418, 0.9872546195983887]"
F152013,50,15,0.7,"[9948.77199728398, 1.1478335857391357]"
F152013,50,15,0.8,"[9948.766844991193, 1.1817994117736816]"
F152013,50,15,0.9,"[9948.766844991193, 1.181802749633789]"
F152013,50,15,1.0,"[9948.766844991193, 1.181804895401001]"
F152013,50,16,0.01,"[21406.99825610654, 0.01805853843688965]"
F152013,50,16,0.1,"[13890.583722957872, 0.17084050178527832]"
F152013,50,16,0.2,"[13656.493093160483, 0.33096814155578613]"
F152013,50,16,0.3,"[8587.071625710727, 0.49111127853393555]"
F152013,50,16,0.4,"[8396.868648105137, 0.6506931781768799]"
F152013,50,16,0.5,"[8388.739930421083, 0.8185403347015381]"
F152013,50,16,0.6,"[8382.297880049193, 0.9781436920166016]"
F152013,50,16,0.7,"[8382.2460292845, 1.1387817859649658]"
F152013,50,16,0.8,"[8382.239787232058, 1.2981297969818115]"
F152013,50,16,0.9,"[8382.169189247943, 1.4653239250183105]"
F152013,50,16,1.0,"[8381.9087189443, 1.6242892742156982]"
F152013,50,17,0.01,"[21339.800370921057, 0.019676685333251953]"
F152013,50,17,0.1,"[9577.181793124839, 0.18683981895446777]"
F152013,50,17,0.2,"[8426.678812554448, 0.36090660095214844]"
F152013,50,17,0.3,"[8426.518721833992, 0.5344250202178955]"
F152013,50,17,0.4,"[8426.354031516266, 0.6493077278137207]"
F152013,50,17,0.5,"[8426.354031516266, 0.6493113040924072]"
F152013,50,17,0.6,"[8426.354031516266, 0.6493139266967773]"
F152013,50,17,0.7,"[8426.354031516266, 0.649315595626831]"
F152013,50,17,0.8,"[8426.354031516266, 0.6493175029754639]"
F152013,50,17,0.9,"[8426.354031516266, 0.6493194103240967]"
F152013,50,17,1.0,"[8426.354031516266, 0.6493210792541504]"
F152013,50,18,0.01,"[19811.36810477097, 0.01816082000732422]"
F152013,50,18,0.1,"[15391.733649586971, 0.17284870147705078]"
F152013,50,18,0.2,"[14640.444087307573, 0.333878755569458]"
F152013,50,18,0.3,"[14621.062304037063, 0.49495577812194824]"
F152013,50,18,0.4,"[14621.062304037063, 0.6047558784484863]"
F152013,50,18,0.5,"[14621.062304037063, 0.604759693145752]"
F152013,50,18,0.6,"[14621.062304037063, 0.604762077331543]"
F152013,50,18,0.7,"[14621.062304037063, 0.6047637462615967]"
F152013,50,18,0.8,"[14621.062304037063, 0.6047656536102295]"
F152013,50,18,0.9,"[14621.062304037063, 0.6047673225402832]"
F152013,50,18,1.0,"[14621.062304037063, 0.604769229888916]"
F152013,50,19,0.01,"[21187.758746328243, 0.018255233764648438]"
F152013,50,19,0.1,"[13407.567819455531, 0.17220330238342285]"
F152013,50,19,0.2,"[10810.888633656872, 0.33361315727233887]"
F152013,50,19,0.3,"[10058.31256052196, 0.4948704242706299]"
F152013,50,19,0.4,"[9929.348519144864, 0.655925989151001]"
F152013,50,19,0.5,"[9918.005037834255, 0.8247599601745605]"
F152013,50,19,0.6,"[9917.59522530312, 0.8588876724243164]"
F152013,50,19,0.7,"[9917.59522530312, 0.8588907718658447]"
F152013,50,19,0.8,"[9917.59522530312, 0.8588926792144775]"
F152013,50,19,0.9,"[9917.59522530312, 0.8588948249816895]"
F152013,50,19,1.0,"[9917.59522530312, 0.8588964939117432]"
F152013,50,20,0.01,"[19439.981322148968, 0.01820659637451172]"
F152013,50,20,0.1,"[16299.367862778774, 0.17230534553527832]"
F152013,50,20,0.2,"[16208.192037381283, 0.3330116271972656]"
F152013,50,20,0.3,"[16202.609579092144, 0.4938068389892578]"
F152013,50,20,0.4,"[16199.26274387074, 0.654813289642334]"
F152013,50,20,0.5,"[16199.05638878357, 0.7310187816619873]"
F152013,50,20,0.6,"[16199.05638878357, 0.7310218811035156]"
F152013,50,20,0.7,"[16199.05638878357, 0.7310240268707275]"
F152013,50,20,0.8,"[16199.05638878357, 0.7310264110565186]"
F152013,50,20,0.9,"[16199.05638878357, 0.7310280799865723]"
F152013,50,20,1.0,"[16199.05638878357, 0.7310299873352051]"
F152013,50,21,0.01,"[19975.666636538273, 0.018182992935180664]"
F152013,50,21,0.1,"[8947.289255507276, 0.17119359970092773]"
F152013,50,21,0.2,"[8341.361784852666, 0.33121728897094727]"
F152013,50,21,0.3,"[8339.627710428289, 0.4903426170349121]"
F152013,50,21,0.4,"[8337.571581623957, 0.6503605842590332]"
F152013,50,21,0.5,"[8336.430550543466, 0.8190813064575195]"
F152013,50,21,0.6,"[8336.43053650355, 0.9788558483123779]"
F152013,50,21,0.7,"[8336.430534468345, 1.0895190238952637]"
F152013,50,21,0.8,"[8336.430534468345, 1.0895230770111084]"
F152013,50,21,0.9,"[8336.430534468345, 1.0895254611968994]"
F152013,50,21,1.0,"[8336.430534468345, 1.0895276069641113]"
F152013,50,22,0.01,"[19280.660283185745, 0.0182034969329834]"
F152013,50,22,0.1,"[9690.86350222568, 0.17027068138122559]"
F152013,50,22,0.2,"[9513.315121525446, 0.3300631046295166]"
F152013,50,22,0.3,"[9486.15602214363, 0.4894747734069824]"
F152013,50,22,0.4,"[9460.31975129266, 0.6490373611450195]"
F152013,50,22,0.5,"[9460.076501357647, 0.8167397975921631]"
F152013,50,22,0.6,"[9459.001392991004, 0.9765834808349609]"
F152013,50,22,0.7,"[9458.942597334282, 1.137899398803711]"
F152013,50,22,0.8,"[9458.94258694835, 1.2554779052734375]"
F152013,50,22,0.9,"[9458.94258694835, 1.255481481552124]"
F152013,50,22,1.0,"[9458.94258694835, 1.255483627319336]"
F152013,50,23,0.01,"[20530.379775323618, 0.01819324493408203]"
F152013,50,23,0.1,"[9031.181507902143, 0.1707768440246582]"
F152013,50,23,0.2,"[9014.864790494368, 0.28102803230285645]"
F152013,50,23,0.3,"[9014.864790494368, 0.28103113174438477]"
F152013,50,23,0.4,"[9014.864790494368, 0.2810335159301758]"
F152013,50,23,0.5,"[9014.864790494368, 0.2810361385345459]"
F152013,50,23,0.6,"[9014.864790494368, 0.2810378074645996]"
F152013,50,23,0.7,"[9014.864790494368, 0.2810397148132324]"
F152013,50,23,0.8,"[9014.864790494368, 0.28104162216186523]"
F152013,50,23,0.9,"[9014.864790494368, 0.28104376792907715]"
F152013,50,23,1.0,"[9014.864790494368, 0.28104543685913086]"
F152013,50,24,0.01,"[18691.149389652095, 0.018261194229125977]"
F152013,50,24,0.1,"[13531.199373209525, 0.17022156715393066]"
F152013,50,24,0.2,"[13432.132862662012, 0.33031177520751953]"
F152013,50,24,0.3,"[13424.670989080056, 0.49019694328308105]"
F152013,50,24,0.4,"[13424.666463534624, 0.6505904197692871]"
F152013,50,24,0.5,"[13423.15265042322, 0.8190991878509521]"
F152013,50,24,0.6,"[13423.15265042322, 0.8781731128692627]"
F152013,50,24,0.7,"[13423.15265042322, 0.878176212310791]"
F152013,50,24,0.8,"[13423.15265042322, 0.878178596496582]"
F152013,50,24,0.9,"[13423.15265042322, 0.8781805038452148]"
F152013,50,24,1.0,"[13423.15265042322, 0.8781824111938477]"
F152013,50,25,0.01,"[21347.122832117177, 0.018103599548339844]"
F152013,50,25,0.1,"[12584.201165575521, 0.1707932949066162]"
F152013,50,25,0.2,"[10043.200135428537, 0.33152174949645996]"
F152013,50,25,0.3,"[9817.934699426954, 0.49161243438720703]"
F152013,50,25,0.4,"[9760.14522232637, 0.6516504287719727]"
F152013,50,25,0.5,"[9670.652118484444, 0.820289134979248]"
F152013,50,25,0.6,"[9633.384769641001, 0.9813034534454346]"
F152013,50,25,0.7,"[9415.20834449972, 1.141815423965454]"
F152013,50,25,0.8,"[9338.028149292804, 1.3021609783172607]"
F152013,50,25,0.9,"[9164.973909781129, 1.4705407619476318]"
F152013,50,25,1.0,"[9097.079527185484, 1.6304759979248047]"
F152013,50,26,0.01,"[18070.046544285808, 0.01814746856689453]"
F152013,50,26,0.1,"[12330.899590793528, 0.17094206809997559]"
F152013,50,26,0.2,"[12324.614010420155, 0.3316233158111572]"
F152013,50,26,0.3,"[12323.400730457262, 0.49248194694519043]"
F152013,50,26,0.4,"[12323.400730457262, 0.6534469127655029]"
F152013,50,26,0.5,"[12323.400730457262, 0.822990894317627]"
F152013,50,26,0.6,"[12323.400730457262, 0.9079439640045166]"
F152013,50,26,0.7,"[12323.400730457262, 0.9079475402832031]"
F152013,50,26,0.8,"[12323.400730457262, 0.9079499244689941]"
F152013,50,26,0.9,"[12323.400730457262, 0.907951831817627]"
F152013,50,26,1.0,"[12323.400730457262, 0.9079537391662598]"
F152013,50,27,0.01,"[18921.4044408696, 0.018196821212768555]"
F152013,50,27,0.1,"[11744.111325327824, 0.1701040267944336]"
F152013,50,27,0.2,"[10088.102391025948, 0.33012962341308594]"
F152013,50,27,0.3,"[9878.502312363118, 0.4898984432220459]"
F152013,50,27,0.4,"[9864.76236810403, 0.6486682891845703]"
F152013,50,27,0.5,"[9862.079434005465, 0.8161284923553467]"
F152013,50,27,0.6,"[9860.33089344716, 0.9756321907043457]"
F152013,50,27,0.7,"[9860.322903061075, 1.1373941898345947]"
F152013,50,27,0.8,"[9860.300989224197, 1.2971289157867432]"
F152013,50,27,0.9,"[9860.227921806565, 1.4653446674346924]"
F152013,50,27,1.0,"[9860.218318796504, 1.6254615783691406]"
F152013,50,28,0.01,"[20489.169049022872, 0.018199682235717773]"
F152013,50,28,0.1,"[8627.033273063505, 0.17022275924682617]"
F152013,50,28,0.2,"[8565.785269279997, 0.29682183265686035]"
F152013,50,28,0.3,"[8565.785269279997, 0.29682469367980957]"
F152013,50,28,0.4,"[8565.785269279997, 0.2968268394470215]"
F152013,50,28,0.5,"[8565.785269279997, 0.2968292236328125]"
F152013,50,28,0.6,"[8565.785269279997, 0.2968308925628662]"
F152013,50,28,0.7,"[8565.785269279997, 0.296832799911499]"
F152013,50,28,0.8,"[8565.785269279997, 0.29683423042297363]"
F152013,50,28,0.9,"[8565.785269279997, 0.29683661460876465]"
F152013,50,28,1.0,"[8565.785269279997, 0.29683828353881836]"
F152013,50,29,0.01,"[20585.272354573244, 0.03724312782287598]"
F152013,50,29,0.1,"[10663.796282775702, 0.19005990028381348]"
F152013,50,29,0.2,"[10648.15041957151, 0.3507349491119385]"
F152013,50,29,0.3,"[10647.328583856766, 0.5116586685180664]"
F152013,50,29,0.4,"[10647.328583856766, 0.6722710132598877]"
F152013,50,29,0.5,"[10647.328583856766, 0.6724557876586914]"
F152013,50,29,0.6,"[10647.328583856766, 0.6724588871002197]"
F152013,50,29,0.7,"[10647.328583856766, 0.6724610328674316]"
F152013,50,29,0.8,"[10647.328583856766, 0.6724631786346436]"
F152013,50,29,0.9,"[10647.328583856766, 0.6724653244018555]"
F152013,50,29,1.0,"[10647.328583856766, 0.6724667549133301]"
F152013,50,30,0.01,"[19785.879007682295, 0.0351712703704834]"
F152013,50,30,0.1,"[13863.90499730067, 0.189375638961792]"
F152013,50,30,0.2,"[10443.042211631584, 0.35115957260131836]"
F152013,50,30,0.3,"[9636.212756084027, 0.5127151012420654]"
F152013,50,30,0.4,"[9514.955630152363, 0.6738100051879883]"
F152013,50,30,0.5,"[9512.174762969464, 0.8426463603973389]"
F152013,50,30,0.6,"[9512.091371893577, 1.0042788982391357]"
F152013,50,30,0.7,"[9511.994724485245, 1.1658298969268799]"
F152013,50,30,0.8,"[9511.940261301052, 1.327141523361206]"
F152013,50,30,0.9,"[9511.93991560537, 1.4968671798706055]"
F152013,50,30,1.0,"[9511.933565010051, 1.6581385135650635]"
F152013,50,31,0.01,"[19935.680879244337, 0.02647542953491211]"
F152013,50,31,0.1,"[9067.455563651716, 0.18061470985412598]"
F152013,50,31,0.2,"[9067.184846231594, 0.2659323215484619]"
F152013,50,31,0.3,"[9067.184846231594, 0.26593565940856934]"
F152013,50,31,0.4,"[9067.184846231594, 0.26593756675720215]"
F152013,50,31,0.5,"[9067.184846231594, 0.26594042778015137]"
F152013,50,31,0.6,"[9067.184846231594, 0.2659423351287842]"
F152013,50,31,0.7,"[9067.184846231594, 0.2659440040588379]"
F152013,50,31,0.8,"[9067.184846231594, 0.2659461498260498]"
F152013,50,31,0.9,"[9067.184846231594, 0.2659480571746826]"
F152013,50,31,1.0,"[9067.184846231594, 0.26594996452331543]"
F152013,50,32,0.01,"[19003.938250483898, 0.031305551528930664]"
F152013,50,32,0.1,"[9203.97760201388, 0.18469452857971191]"
F152013,50,32,0.2,"[9203.89525529182, 0.2778496742248535]"
F152013,50,32,0.3,"[9203.89525529182, 0.27785301208496094]"
F152013,50,32,0.4,"[9203.89525529182, 0.27785539627075195]"
F152013,50,32,0.5,"[9203.89525529182, 0.27785825729370117]"
F152013,50,32,0.6,"[9203.89525529182, 0.2778596878051758]"
F152013,50,32,0.7,"[9203.89525529182, 0.2778615951538086]"
F152013,50,32,0.8,"[9203.89525529182, 0.2778632640838623]"
F152013,50,32,0.9,"[9203.89525529182, 0.2778658866882324]"
F152013,50,32,1.0,"[9203.89525529182, 0.27786779403686523]"
F152013,50,33,0.01,"[20665.205780092645, 0.03503751754760742]"
F152013,50,33,0.1,"[11957.177931233384, 0.26058411598205566]"
F152013,50,33,0.2,"[11907.84266380767, 0.42090630531311035]"
F152013,50,33,0.3,"[11895.63216345937, 0.5810973644256592]"
F152013,50,33,0.4,"[11895.63216345937, 0.6570923328399658]"
F152013,50,33,0.5,"[11895.63216345937, 0.6570966243743896]"
F152013,50,33,0.6,"[11895.63216345937, 0.6570990085601807]"
F152013,50,33,0.7,"[11895.63216345937, 0.6571006774902344]"
F152013,50,33,0.8,"[11895.63216345937, 0.6571025848388672]"
F152013,50,33,0.9,"[11895.63216345937, 0.6571044921875]"
F152013,50,33,1.0,"[11895.63216345937, 0.6571063995361328]"
F152013,50,34,0.01,"[19472.743611389975, 0.03721356391906738]"
F152013,50,34,0.1,"[12286.01458369845, 0.2699887752532959]"
F152013,50,34,0.2,"[12271.321364524434, 0.4311096668243408]"
F152013,50,34,0.3,"[12271.127442508558, 0.591717004776001]"
F152013,50,34,0.4,"[12271.09190099668, 0.7518844604492188]"
F152013,50,34,0.5,"[12271.070389074343, 0.9212160110473633]"
F152013,50,34,0.6,"[12271.070389074343, 0.9465930461883545]"
F152013,50,34,0.7,"[12271.070389074343, 0.9465963840484619]"
F152013,50,34,0.8,"[12271.070389074343, 0.9465982913970947]"
F152013,50,34,0.9,"[12271.070389074343, 0.9466004371643066]"
F152013,50,34,1.0,"[12271.070389074343, 0.9466021060943604]"
F152013,50,35,0.01,"[21306.552402066067, 0.023401737213134766]"
F152013,50,35,0.1,"[10870.756480104677, 0.17752456665039062]"
F152013,50,35,0.2,"[10333.381614304626, 0.33947014808654785]"
F152013,50,35,0.3,"[10244.989752284082, 0.5010185241699219]"
F152013,50,35,0.4,"[10242.923525021026, 0.6623663902282715]"
F152013,50,35,0.5,"[10242.82287097959, 0.8316650390625]"
F152013,50,35,0.6,"[10242.822676881879, 0.9959032535552979]"
F152013,50,35,0.7,"[10242.822676881879, 1.1579160690307617]"
F152013,50,35,0.8,"[10242.822676881879, 1.3196961879730225]"
F152013,50,35,0.9,"[10242.822676881879, 1.3371832370758057]"
F152013,50,35,1.0,"[10242.822676881879, 1.337186574935913]"
F152013,50,36,0.01,"[21175.685170028217, 0.018031597137451172]"
F152013,50,36,0.1,"[10212.663759693049, 0.1717967987060547]"
F152013,50,36,0.2,"[10186.501865898019, 0.33284425735473633]"
F152013,50,36,0.3,"[10159.276489345613, 0.49405980110168457]"
F152013,50,36,0.4,"[10152.897421046424, 0.6554830074310303]"
F152013,50,36,0.5,"[10139.720876836525, 0.825200080871582]"
F152013,50,36,0.6,"[10135.985827754273, 0.9884641170501709]"
F152013,50,36,0.7,"[10134.049341223406, 1.1508619785308838]"
F152013,50,36,0.8,"[10133.373507951515, 1.3124024868011475]"
F152013,50,36,0.9,"[10133.30765279956, 1.4822425842285156]"
F152013,50,36,1.0,"[10133.294553850532, 1.6434237957000732]"
F152013,50,37,0.01,"[20469.57629334187, 0.01809096336364746]"
F152013,50,37,0.1,"[13165.306535084917, 0.1721954345703125]"
F152013,50,37,0.2,"[12050.608780183864, 0.3340907096862793]"
F152013,50,37,0.3,"[11111.39978707168, 0.4957313537597656]"
F152013,50,37,0.4,"[11108.406245209004, 0.6572170257568359]"
F152013,50,37,0.5,"[11107.728562363089, 0.8266375064849854]"
F152013,50,37,0.6,"[11106.065647083642, 0.9892246723175049]"
F152013,50,37,0.7,"[11106.05339541574, 1.0406713485717773]"
F152013,50,37,0.8,"[11106.05339541574, 1.0406746864318848]"
F152013,50,37,0.9,"[11106.05339541574, 1.0406765937805176]"
F152013,50,37,1.0,"[11106.05339541574, 1.0406787395477295]"
F152013,50,38,0.01,"[20140.178123889706, 0.017957448959350586]"
F152013,50,38,0.1,"[11090.800066552109, 0.17164134979248047]"
F152013,50,38,0.2,"[10024.836843414943, 0.33272576332092285]"
F152013,50,38,0.3,"[9961.748769243539, 0.49266576766967773]"
F152013,50,38,0.4,"[9951.196789722922, 0.6528995037078857]"
F152013,50,38,0.5,"[9905.417249720846, 0.8211195468902588]"
F152013,50,38,0.6,"[9890.34012224282, 0.9835565090179443]"
F152013,50,38,0.7,"[9885.784139493931, 1.1441268920898438]"
F152013,50,38,0.8,"[9884.087321484296, 1.304373025894165]"
F152013,50,38,0.9,"[9882.867696569658, 1.4721856117248535]"
F152013,50,38,1.0,"[9882.57354679768, 1.6318330764770508]"
F152013,50,39,0.01,"[20090.696299392235, 0.018077611923217773]"
F152013,50,39,0.1,"[8866.643595504727, 0.17196226119995117]"
F152013,50,39,0.2,"[8479.25852037899, 0.3319544792175293]"
F152013,50,39,0.3,"[8391.664614979818, 0.4925098419189453]"
F152013,50,39,0.4,"[8267.173090785614, 0.6531338691711426]"
F152013,50,39,0.5,"[8090.362260045069, 0.8221805095672607]"
F152013,50,39,0.6,"[8064.827115130351, 0.9844894409179688]"
F152013,50,39,0.7,"[8064.144993064012, 1.1454930305480957]"
F152013,50,39,0.8,"[8057.702130565471, 1.3052403926849365]"
F152013,50,39,0.9,"[8057.542602613901, 1.474015712738037]"
F152013,50,39,1.0,"[8055.143385165524, 1.6337010860443115]"
F152013,50,40,0.01,"[19890.447311547287, 0.01825261116027832]"
F152013,50,40,0.1,"[13733.000676785767, 0.17255330085754395]"
F152013,50,40,0.2,"[13732.641364154053, 0.3360276222229004]"
F152013,50,40,0.3,"[13722.100097966846, 0.4980194568634033]"
F152013,50,40,0.4,"[13722.09932528314, 0.6607599258422852]"
F152013,50,40,0.5,"[13721.774732636371, 0.8312714099884033]"
F152013,50,40,0.6,"[13721.612742394074, 0.8570775985717773]"
F152013,50,40,0.7,"[13721.612742394074, 0.8570806980133057]"
F152013,50,40,0.8,"[13721.612742394074, 0.8570830821990967]"
F152013,50,40,0.9,"[13721.612742394074, 0.8570849895477295]"
F152013,50,40,1.0,"[13721.612742394074, 0.8570868968963623]"
F152013,50,41,0.01,"[18163.920107513833, 0.018004655838012695]"
F152013,50,41,0.1,"[12682.856584229006, 0.1722242832183838]"
F152013,50,41,0.2,"[10559.826909571062, 0.3337135314941406]"
F152013,50,41,0.3,"[10000.700836943306, 0.4951486587524414]"
F152013,50,41,0.4,"[9932.108639689915, 0.6569674015045166]"
F152013,50,41,0.5,"[9920.314724528416, 0.8263254165649414]"
F152013,50,41,0.6,"[9864.371316439125, 0.9897997379302979]"
F152013,50,41,0.7,"[9637.986573557087, 1.1519367694854736]"
F152013,50,41,0.8,"[9613.689998737993, 1.3138279914855957]"
F152013,50,41,0.9,"[9609.484036992084, 1.4844815731048584]"
F152013,50,41,1.0,"[9605.651605270752, 1.646916389465332]"
F152013,50,42,0.01,"[18363.39881809082, 0.018118619918823242]"
F152013,50,42,0.1,"[10684.762563869444, 0.17247843742370605]"
F152013,50,42,0.2,"[10264.150057890249, 0.3346896171569824]"
F152013,50,42,0.3,"[10264.074341164165, 0.495805025100708]"
F152013,50,42,0.4,"[10263.826323404037, 0.6567623615264893]"
F152013,50,42,0.5,"[10263.82375756855, 0.8260879516601562]"
F152013,50,42,0.6,"[10263.82375756855, 0.9887926578521729]"
F152013,50,42,0.7,"[10263.82375756855, 0.9975640773773193]"
F152013,50,42,0.8,"[10263.82375756855, 0.9975674152374268]"
F152013,50,42,0.9,"[10263.82375756855, 0.9975695610046387]"
F152013,50,42,1.0,"[10263.82375756855, 0.9975712299346924]"
F152013,50,43,0.01,"[17796.631805739005, 0.01811075210571289]"
F152013,50,43,0.1,"[9904.77365545119, 0.17159223556518555]"
F152013,50,43,0.2,"[9301.695982145317, 0.3312361240386963]"
F152013,50,43,0.3,"[9275.25957283046, 0.491422176361084]"
F152013,50,43,0.4,"[9271.521097543404, 0.6510360240936279]"
F152013,50,43,0.5,"[9271.506402977506, 0.8196179866790771]"
F152013,50,43,0.6,"[9271.506388341215, 0.828315258026123]"
F152013,50,43,0.7,"[9271.506388341215, 0.8283185958862305]"
F152013,50,43,0.8,"[9271.506388341215, 0.8283209800720215]"
F152013,50,43,0.9,"[9271.506388341215, 0.8283228874206543]"
F152013,50,43,1.0,"[9271.506388341215, 0.8283250331878662]"
F152013,50,44,0.01,"[21373.298061829144, 0.018065452575683594]"
F152013,50,44,0.1,"[11318.875853856334, 0.17174458503723145]"
F152013,50,44,0.2,"[8786.274596928344, 0.33394575119018555]"
F152013,50,44,0.3,"[8763.253894451693, 0.49567151069641113]"
F152013,50,44,0.4,"[8755.22067610201, 0.657224178314209]"
F152013,50,44,0.5,"[8753.15147243409, 0.8276519775390625]"
F152013,50,44,0.6,"[8748.482340705732, 0.9923937320709229]"
F152013,50,44,0.7,"[8748.466253544888, 1.154085636138916]"
F152013,50,44,0.8,"[8748.463959464385, 1.3162081241607666]"
F152013,50,44,0.9,"[8748.463897182111, 1.486396074295044]"
F152013,50,44,1.0,"[8748.463897182111, 1.5036866664886475]"
F152013,50,45,0.01,"[21547.971522598138, 0.021198034286499023]"
F152013,50,45,0.1,"[10272.291744298182, 0.1746840476989746]"
F152013,50,45,0.2,"[9759.545552765945, 0.3117053508758545]"
F152013,50,45,0.3,"[9759.545552765945, 0.3117086887359619]"
F152013,50,45,0.4,"[9759.545552765945, 0.31171107292175293]"
F152013,50,45,0.5,"[9759.545552765945, 0.31171345710754395]"
F152013,50,45,0.6,"[9759.545552765945, 0.31171536445617676]"
F152013,50,45,0.7,"[9759.545552765945, 0.31171703338623047]"
F152013,50,45,0.8,"[9759.545552765945, 0.3117189407348633]"
F152013,50,45,0.9,"[9759.545552765945, 0.3117215633392334]"
F152013,50,45,1.0,"[9759.545552765945, 0.3117232322692871]"
F152013,50,46,0.01,"[21698.25523431635, 0.01801013946533203]"
F152013,50,46,0.1,"[11370.334237172648, 0.1723616123199463]"
F152013,50,46,0.2,"[10628.14089847049, 0.3353688716888428]"
F152013,50,46,0.3,"[10621.918459578957, 0.49703454971313477]"
F152013,50,46,0.4,"[10621.653874247033, 0.6586649417877197]"
F152013,50,46,0.5,"[10621.073146151708, 0.8289880752563477]"
F152013,50,46,0.6,"[10621.068835770255, 0.992638349533081]"
F152013,50,46,0.7,"[10621.067069163017, 1.1546308994293213]"
F152013,50,46,0.8,"[10621.054888376182, 1.2143309116363525]"
F152013,50,46,0.9,"[10621.054888376182, 1.21433424949646]"
F152013,50,46,1.0,"[10621.054888376182, 1.2143363952636719]"
F152013,50,47,0.01,"[20616.84446384588, 0.0178985595703125]"
F152013,50,47,0.1,"[12743.703723031995, 0.17029929161071777]"
F152013,50,47,0.2,"[12164.555945544378, 0.33130812644958496]"
F152013,50,47,0.3,"[12164.533645647083, 0.3739638328552246]"
F152013,50,47,0.4,"[12164.533645647083, 0.37396717071533203]"
F152013,50,47,0.5,"[12164.533645647083, 0.37396979331970215]"
F152013,50,47,0.6,"[12164.533645647083, 0.37397170066833496]"
F152013,50,47,0.7,"[12164.533645647083, 0.37397336959838867]"
F152013,50,47,0.8,"[12164.533645647083, 0.3739750385284424]"
F152013,50,47,0.9,"[12164.533645647083, 0.3739769458770752]"
F152013,50,47,1.0,"[12164.533645647083, 0.3739793300628662]"
F152013,50,48,0.01,"[20965.291088169968, 0.017336130142211914]"
F152013,50,48,0.1,"[15448.726565818242, 0.1693577766418457]"
F152013,50,48,0.2,"[10728.692628373527, 0.32944679260253906]"
F152013,50,48,0.3,"[10130.010619833763, 0.4890272617340088]"
F152013,50,48,0.4,"[9938.16695721663, 0.6478114128112793]"
F152013,50,48,0.5,"[9915.130890861406, 0.8166882991790771]"
F152013,50,48,0.6,"[9913.688960816557, 0.976142406463623]"
F152013,50,48,0.7,"[9913.688960816557, 1.135429859161377]"
F152013,50,48,0.8,"[9913.688960816557, 1.2940890789031982]"
F152013,50,48,0.9,"[9913.575130007586, 1.4619410037994385]"
F152013,50,48,1.0,"[9913.505394519578, 1.621656894683838]"
F152013,50,49,0.01,"[22015.998391248755, 0.01766681671142578]"
F152013,50,49,0.1,"[11665.846775266862, 0.17264366149902344]"
F152013,50,49,0.2,"[9410.801374513876, 0.33419060707092285]"
F152013,50,49,0.3,"[9407.890821061013, 0.49529075622558594]"
F152013,50,49,0.4,"[9407.888161383347, 0.6560158729553223]"
F152013,50,49,0.5,"[9407.888156403767, 0.827918529510498]"
F152013,50,49,0.6,"[9407.888156403767, 0.8870744705200195]"
F152013,50,49,0.7,"[9407.888156403767, 0.8870775699615479]"
F152013,50,49,0.8,"[9407.888156403767, 0.8870837688446045]"
F152013,50,49,0.9,"[9407.888156403767, 0.8870856761932373]"
F152013,50,49,1.0,"[9407.888156403767, 0.887087345123291]"
F152013,50,50,0.01,"[17712.182556573563, 0.01748800277709961]"
F152013,50,50,0.1,"[8988.172239474387, 0.17169713973999023]"
F152013,50,50,0.2,"[8865.203715599293, 0.33237266540527344]"
F152013,50,50,0.3,"[8819.797934074279, 0.4925100803375244]"
F152013,50,50,0.4,"[8819.229913762858, 0.652857780456543]"
F152013,50,50,0.5,"[8818.954062227458, 0.8239023685455322]"
F152013,50,50,0.6,"[8815.566429415561, 0.9843544960021973]"
F152013,50,50,0.7,"[8815.5602415083, 1.1447205543518066]"
F152013,50,50,0.8,"[8815.515995757136, 1.306248426437378]"
F152013,50,50,0.9,"[8815.48247484315, 1.476823091506958]"
F152013,50,50,1.0,"[8815.458185917963, 1.6384356021881104]"
