function,dimension,run,checkpoint,error
F162013,10,0,0.01,"[7.914672590603715, 0.2577054500579834]"
F162013,10,0,0.1,"[7.500772128210826, 2.4006452560424805]"
F162013,10,0,0.2,"[7.500772128210826, 2.970214366912842]"
F162013,10,0,0.3,"[7.500772128210826, 2.970217227935791]"
F162013,10,0,0.4,"[7.500772128210826, 2.9702224731445312]"
F162013,10,0,0.5,"[7.500772128210826, 2.970224142074585]"
F162013,10,0,0.6,"[7.500772128210826, 2.9702255725860596]"
F162013,10,0,0.7,"[7.500772128210826, 2.9702303409576416]"
F162013,10,0,0.8,"[7.500772128210826, 2.970231771469116]"
F162013,10,0,0.9,"[7.500772128210826, 2.97023344039917]"
F162013,10,0,1.0,"[7.500772128210826, 2.9702346324920654]"
F162013,10,1,0.01,"[4.272466955731971, 0.2561459541320801]"
F162013,10,1,0.1,"[3.0550410136702055, 2.379610538482666]"
F162013,10,1,0.2,"[2.9472534963124417, 4.721516132354736]"
F162013,10,1,0.3,"[2.944013893762019, 7.0524749755859375]"
F162013,10,1,0.4,"[2.943991091745943, 8.25125765800476]"
F162013,10,1,0.5,"[2.943991091745943, 8.25126051902771]"
F162013,10,1,0.6,"[2.943991091745943, 8.251262187957764]"
F162013,10,1,0.7,"[2.943991091745943, 8.25126338005066]"
F162013,10,1,0.8,"[2.943991091745943, 8.251264810562134]"
F162013,10,1,0.9,"[2.943991091745943, 8.251266241073608]"
F162013,10,1,1.0,"[2.943991091745943, 8.251267671585083]"
F162013,10,2,0.01,"[18.615075394686357, 0.253617525100708]"
F162013,10,2,0.1,"[14.786721009478157, 2.3666839599609375]"
F162013,10,2,0.2,"[11.939069792511901, 4.698251962661743]"
F162013,10,2,0.3,"[6.433737925352574, 7.022065877914429]"
F162013,10,2,0.4,"[6.433734729488066, 8.189857482910156]"
F162013,10,2,0.5,"[6.433734729488066, 8.189860582351685]"
F162013,10,2,0.6,"[6.433734729488066, 8.189862251281738]"
F162013,10,2,0.7,"[6.433734729488066, 8.189863681793213]"
F162013,10,2,0.8,"[6.433734729488066, 8.189864873886108]"
F162013,10,2,0.9,"[6.433734729488066, 8.189866304397583]"
F162013,10,2,1.0,"[6.433734729488066, 8.189867496490479]"
F162013,10,3,0.01,"[8.515582525609886, 0.2564563751220703]"
F162013,10,3,0.1,"[4.301571107135828, 2.2990541458129883]"
F162013,10,3,0.2,"[4.301571107135828, 2.299060344696045]"
F162013,10,3,0.3,"[4.301571107135828, 2.2990615367889404]"
F162013,10,3,0.4,"[4.301571107135828, 2.299062728881836]"
F162013,10,3,0.5,"[4.301571107135828, 2.2990643978118896]"
F162013,10,3,0.6,"[4.301571107135828, 2.299065589904785]"
F162013,10,3,0.7,"[4.301571107135828, 2.299067258834839]"
F162013,10,3,0.8,"[4.301571107135828, 2.2990686893463135]"
F162013,10,3,0.9,"[4.301571107135828, 2.299069881439209]"
F162013,10,3,1.0,"[4.301571107135828, 2.2990713119506836]"
F162013,10,4,0.01,"[8.565243887559518, 0.25601792335510254]"
F162013,10,4,0.1,"[6.058917578052501, 2.394946336746216]"
F162013,10,4,0.2,"[6.058901043773176, 3.3294618129730225]"
F162013,10,4,0.3,"[6.058901043773176, 3.329467535018921]"
F162013,10,4,0.4,"[6.058901043773176, 3.329472780227661]"
F162013,10,4,0.5,"[6.058901043773176, 3.329474687576294]"
F162013,10,4,0.6,"[6.058901043773176, 3.3294758796691895]"
F162013,10,4,0.7,"[6.058901043773176, 3.3294837474823]"
F162013,10,4,0.8,"[6.058901043773176, 3.329488515853882]"
F162013,10,4,0.9,"[6.058901043773176, 3.3294899463653564]"
F162013,10,4,1.0,"[6.058901043773176, 3.329491376876831]"
F162013,10,5,0.01,"[4.64727710542067, 0.2565021514892578]"
F162013,10,5,0.1,"[3.9697409749518044, 2.377772092819214]"
F162013,10,5,0.2,"[3.5378180956066103, 4.7127134799957275]"
F162013,10,5,0.3,"[3.533797288725367, 7.038409948348999]"
F162013,10,5,0.4,"[3.533546215369313, 9.371753215789795]"
F162013,10,5,0.5,"[3.5335462153692845, 9.595255374908447]"
F162013,10,5,0.6,"[3.5335462153692845, 9.595257997512817]"
F162013,10,5,0.7,"[3.5335462153692845, 9.595259666442871]"
F162013,10,5,0.8,"[3.5335462153692845, 9.595261096954346]"
F162013,10,5,0.9,"[3.5335462153692845, 9.59526252746582]"
F162013,10,5,1.0,"[3.5335462153692845, 9.595263719558716]"
F162013,10,6,0.01,"[6.543739096509682, 0.25345945358276367]"
F162013,10,6,0.1,"[6.238692753014931, 2.350947380065918]"
F162013,10,6,0.2,"[6.181238796575855, 2.491617202758789]"
F162013,10,6,0.3,"[6.181238796575855, 2.491619825363159]"
F162013,10,6,0.4,"[6.181238796575855, 2.4916210174560547]"
F162013,10,6,0.5,"[6.181238796575855, 2.4916229248046875]"
F162013,10,6,0.6,"[6.181238796575855, 2.491624116897583]"
F162013,10,6,0.7,"[6.181238796575855, 2.4916257858276367]"
F162013,10,6,0.8,"[6.181238796575855, 2.4916269779205322]"
F162013,10,6,0.9,"[6.181238796575855, 2.491628408432007]"
F162013,10,6,1.0,"[6.181238796575855, 2.4916300773620605]"
F162013,10,7,0.01,"[6.4695239767064265, 0.2722914218902588]"
F162013,10,7,0.1,"[2.8407880936766503, 1.6439588069915771]"
F162013,10,7,0.2,"[2.8407880936766503, 1.6439714431762695]"
F162013,10,7,0.3,"[2.8407880936766503, 1.6439731121063232]"
F162013,10,7,0.4,"[2.8407880936766503, 1.6439781188964844]"
F162013,10,7,0.5,"[2.8407880936766503, 1.643979549407959]"
F162013,10,7,0.6,"[2.8407880936766503, 1.6439812183380127]"
F162013,10,7,0.7,"[2.8407880936766503, 1.6439898014068604]"
F162013,10,7,0.8,"[2.8407880936766503, 1.6439950466156006]"
F162013,10,7,0.9,"[2.8407880936766503, 1.643996238708496]"
F162013,10,7,1.0,"[2.8407880936766503, 1.6439974308013916]"
F162013,10,8,0.01,"[9.425174159023385, 0.25548291206359863]"
F162013,10,8,0.1,"[9.425174159023243, 0.5939328670501709]"
F162013,10,8,0.2,"[9.425174159023243, 0.593935489654541]"
F162013,10,8,0.3,"[9.425174159023243, 0.5939373970031738]"
F162013,10,8,0.4,"[9.425174159023243, 0.5939385890960693]"
F162013,10,8,0.5,"[9.425174159023243, 0.593940258026123]"
F162013,10,8,0.6,"[9.425174159023243, 0.5939419269561768]"
F162013,10,8,0.7,"[9.425174159023243, 0.5939433574676514]"
F162013,10,8,0.8,"[9.425174159023243, 0.593944787979126]"
F162013,10,8,0.9,"[9.425174159023243, 0.5939462184906006]"
F162013,10,8,1.0,"[9.425174159023243, 0.5939478874206543]"
F162013,10,9,0.01,"[4.330087669286513, 0.25562310218811035]"
F162013,10,9,0.1,"[1.8665162689327133, 2.374910593032837]"
F162013,10,9,0.2,"[1.857597707612399, 3.8405237197875977]"
F162013,10,9,0.3,"[1.857597707612399, 3.840526580810547]"
F162013,10,9,0.4,"[1.857597707612399, 3.8405284881591797]"
F162013,10,9,0.5,"[1.857597707612399, 3.8405301570892334]"
F162013,10,9,0.6,"[1.857597707612399, 3.840531349182129]"
F162013,10,9,0.7,"[1.857597707612399, 3.8405332565307617]"
F162013,10,9,0.8,"[1.857597707612399, 3.8405344486236572]"
F162013,10,9,0.9,"[1.857597707612399, 3.840536117553711]"
F162013,10,9,1.0,"[1.857597707612399, 3.8405375480651855]"
F162013,10,10,0.01,"[8.25834167305041, 0.25533509254455566]"
F162013,10,10,0.1,"[3.7993122908372925, 2.366478204727173]"
F162013,10,10,0.2,"[3.7977640657346967, 4.701414108276367]"
F162013,10,10,0.3,"[3.797629247947725, 7.0267603397369385]"
F162013,10,10,0.4,"[3.7976279585401755, 7.952964782714844]"
F162013,10,10,0.5,"[3.7976279585401755, 7.952977418899536]"
F162013,10,10,0.6,"[3.7976279585401755, 7.952978849411011]"
F162013,10,10,0.7,"[3.7976279585401755, 7.952987432479858]"
F162013,10,10,0.8,"[3.7976279585401755, 7.952991962432861]"
F162013,10,10,0.9,"[3.7976279585401755, 7.952993154525757]"
F162013,10,10,1.0,"[3.7976279585401755, 7.952994346618652]"
F162013,10,11,0.01,"[7.175622745052351, 0.2711153030395508]"
F162013,10,11,0.1,"[3.6015030886886734, 2.3805348873138428]"
F162013,10,11,0.2,"[3.600531024835618, 4.715725898742676]"
F162013,10,11,0.3,"[3.6005299909587904, 5.249482154846191]"
F162013,10,11,0.4,"[3.6005299909587904, 5.249488830566406]"
F162013,10,11,0.5,"[3.6005299909587904, 5.249490737915039]"
F162013,10,11,0.6,"[3.6005299909587904, 5.249491930007935]"
F162013,10,11,0.7,"[3.6005299909587904, 5.249508857727051]"
F162013,10,11,0.8,"[3.6005299909587904, 5.249513864517212]"
F162013,10,11,0.9,"[3.6005299909587904, 5.249515056610107]"
F162013,10,11,1.0,"[3.6005299909587904, 5.249516487121582]"
F162013,10,12,0.01,"[4.3898111156009065, 0.253753662109375]"
F162013,10,12,0.1,"[4.164121849330797, 0.6210103034973145]"
F162013,10,12,0.2,"[4.164121849330797, 0.6210131645202637]"
F162013,10,12,0.3,"[4.164121849330797, 0.6210148334503174]"
F162013,10,12,0.4,"[4.164121849330797, 0.6210165023803711]"
F162013,10,12,0.5,"[4.164121849330797, 0.6210179328918457]"
F162013,10,12,0.6,"[4.164121849330797, 0.6210196018218994]"
F162013,10,12,0.7,"[4.164121849330797, 0.6210212707519531]"
F162013,10,12,0.8,"[4.164121849330797, 0.6210229396820068]"
F162013,10,12,0.9,"[4.164121849330797, 0.6210243701934814]"
F162013,10,12,1.0,"[4.164121849330797, 0.621025800704956]"
F162013,10,13,0.01,"[9.594566008844197, 0.254453182220459]"
F162013,10,13,0.1,"[9.594566008844197, 1.3265743255615234]"
F162013,10,13,0.2,"[9.594566008844197, 1.32658052444458]"
F162013,10,13,0.3,"[9.594566008844197, 1.3265821933746338]"
F162013,10,13,0.4,"[9.594566008844197, 1.3265838623046875]"
F162013,10,13,0.5,"[9.594566008844197, 1.326585292816162]"
F162013,10,13,0.6,"[9.594566008844197, 1.3265864849090576]"
F162013,10,13,0.7,"[9.594566008844197, 1.3265881538391113]"
F162013,10,13,0.8,"[9.594566008844197, 1.3265893459320068]"
F162013,10,13,0.9,"[9.594566008844197, 1.3265907764434814]"
F162013,10,13,1.0,"[9.594566008844197, 1.326591968536377]"
F162013,10,14,0.01,"[7.2723089961998255, 0.2850372791290283]"
F162013,10,14,0.1,"[4.038119869996763, 2.5730276107788086]"
F162013,10,14,0.2,"[4.008022436795727, 4.884656190872192]"
F162013,10,14,0.3,"[4.00787900508891, 7.1971116065979]"
F162013,10,14,0.4,"[4.00787900508891, 7.971468687057495]"
F162013,10,14,0.5,"[4.00787900508891, 7.971471309661865]"
F162013,10,14,0.6,"[4.00787900508891, 7.971472978591919]"
F162013,10,14,0.7,"[4.00787900508891, 7.971481084823608]"
F162013,10,14,0.8,"[4.00787900508891, 7.971486568450928]"
F162013,10,14,0.9,"[4.00787900508891, 7.971487760543823]"
F162013,10,14,1.0,"[4.00787900508891, 7.971489191055298]"
F162013,10,15,0.01,"[3.719294610445729, 0.25511765480041504]"
F162013,10,15,0.1,"[3.707812524927931, 2.367410898208618]"
F162013,10,15,0.2,"[3.7078006914010473, 3.46273136138916]"
F162013,10,15,0.3,"[3.7078006914010473, 3.4627342224121094]"
F162013,10,15,0.4,"[3.7078006914010473, 3.462735891342163]"
F162013,10,15,0.5,"[3.7078006914010473, 3.462737798690796]"
F162013,10,15,0.6,"[3.7078006914010473, 3.4627392292022705]"
F162013,10,15,0.7,"[3.7078006914010473, 3.462740659713745]"
F162013,10,15,0.8,"[3.7078006914010473, 3.4627418518066406]"
F162013,10,15,0.9,"[3.7078006914010473, 3.4627435207366943]"
F162013,10,15,1.0,"[3.7078006914010473, 3.462744951248169]"
F162013,10,16,0.01,"[16.00254227122369, 0.25481414794921875]"
F162013,10,16,0.1,"[11.154521125242127, 2.3822021484375]"
F162013,10,16,0.2,"[3.060475195307589, 4.724716424942017]"
F162013,10,16,0.3,"[3.053371931495434, 7.0585105419158936]"
F162013,10,16,0.4,"[3.0529757271810354, 9.380484104156494]"
F162013,10,16,0.5,"[3.0529757271810354, 9.380487442016602]"
F162013,10,16,0.6,"[3.0529757271810354, 9.380488872528076]"
F162013,10,16,0.7,"[3.0529757271810354, 9.380490064620972]"
F162013,10,16,0.8,"[3.0529757271810354, 9.380494117736816]"
F162013,10,16,0.9,"[3.0529757271810354, 9.380495548248291]"
F162013,10,16,1.0,"[3.0529757271810354, 9.380496740341187]"
F162013,10,17,0.01,"[6.980438436971582, 0.25263333320617676]"
F162013,10,17,0.1,"[2.522859726197396, 2.347795248031616]"
F162013,10,17,0.2,"[2.375727114877975, 4.683396577835083]"
F162013,10,17,0.3,"[2.375423037782326, 7.015958547592163]"
F162013,10,17,0.4,"[2.3754051712928685, 9.360406398773193]"
F162013,10,17,0.5,"[2.3754051712928685, 9.471858739852905]"
F162013,10,17,0.6,"[2.3754051712928685, 9.471861124038696]"
F162013,10,17,0.7,"[2.3754051712928685, 9.471863031387329]"
F162013,10,17,0.8,"[2.3754051712928685, 9.471864223480225]"
F162013,10,17,0.9,"[2.3754051712928685, 9.471865892410278]"
F162013,10,17,1.0,"[2.3754051712928685, 9.471867084503174]"
F162013,10,18,0.01,"[6.92748196212716, 0.25350475311279297]"
F162013,10,18,0.1,"[3.2572701865027796, 2.353492498397827]"
F162013,10,18,0.2,"[2.8832644635507734, 4.674140930175781]"
F162013,10,18,0.3,"[2.84098530717651, 6.9949846267700195]"
F162013,10,18,0.4,"[2.8330915502526466, 9.311750888824463]"
F162013,10,18,0.5,"[2.8330698917633867, 11.593364715576172]"
F162013,10,18,0.6,"[2.8330587390378525, 13.88852834701538]"
F162013,10,18,0.7,"[2.8330587389994832, 14.52377963066101]"
F162013,10,18,0.8,"[2.8330587389994832, 14.52378225326538]"
F162013,10,18,0.9,"[2.8330587389994832, 14.523783683776855]"
F162013,10,18,1.0,"[2.8330587389994832, 14.52378511428833]"
F162013,10,19,0.01,"[6.524341911664436, 0.25471043586730957]"
F162013,10,19,0.1,"[4.566645138032015, 0.6795954704284668]"
F162013,10,19,0.2,"[4.566645138032015, 0.679598331451416]"
F162013,10,19,0.3,"[4.566645138032015, 0.6796004772186279]"
F162013,10,19,0.4,"[4.566645138032015, 0.6796019077301025]"
F162013,10,19,0.5,"[4.566645138032015, 0.6796038150787354]"
F162013,10,19,0.6,"[4.566645138032015, 0.6796050071716309]"
F162013,10,19,0.7,"[4.566645138032015, 0.6796066761016846]"
F162013,10,19,0.8,"[4.566645138032015, 0.6796083450317383]"
F162013,10,19,0.9,"[4.566645138032015, 0.6796097755432129]"
F162013,10,19,1.0,"[4.566645138032015, 0.6796114444732666]"
F162013,10,20,0.01,"[12.230568020730857, 0.2814176082611084]"
F162013,10,20,0.1,"[6.3532059850846565, 2.1358540058135986]"
F162013,10,20,0.2,"[6.3532059850846565, 2.135867118835449]"
F162013,10,20,0.3,"[6.3532059850846565, 2.135869026184082]"
F162013,10,20,0.4,"[6.3532059850846565, 2.135873794555664]"
F162013,10,20,0.5,"[6.3532059850846565, 2.1358752250671387]"
F162013,10,20,0.6,"[6.3532059850846565, 2.135876417160034]"
F162013,10,20,0.7,"[6.3532059850846565, 2.1358847618103027]"
F162013,10,20,0.8,"[6.3532059850846565, 2.135889768600464]"
F162013,10,20,0.9,"[6.3532059850846565, 2.1358911991119385]"
F162013,10,20,1.0,"[6.3532059850846565, 2.135892391204834]"
F162013,10,21,0.01,"[5.658101783675789, 0.2547495365142822]"
F162013,10,21,0.1,"[1.9336124988092536, 2.356964588165283]"
F162013,10,21,0.2,"[1.9336123589921215, 2.6931447982788086]"
F162013,10,21,0.3,"[1.9336123589921215, 2.6931474208831787]"
F162013,10,21,0.4,"[1.9336123589921215, 2.6931488513946533]"
F162013,10,21,0.5,"[1.9336123589921215, 2.6931509971618652]"
F162013,10,21,0.6,"[1.9336123589921215, 2.6931521892547607]"
F162013,10,21,0.7,"[1.9336123589921215, 2.6931538581848145]"
F162013,10,21,0.8,"[1.9336123589921215, 2.693155288696289]"
F162013,10,21,0.9,"[1.9336123589921215, 2.6931569576263428]"
F162013,10,21,1.0,"[1.9336123589921215, 2.6931583881378174]"
F162013,10,22,0.01,"[6.433214987516067, 0.25514936447143555]"
F162013,10,22,0.1,"[3.1469013809345654, 2.3692142963409424]"
F162013,10,22,0.2,"[3.001581762824742, 4.701101779937744]"
F162013,10,22,0.3,"[3.0007095160585777, 7.0316267013549805]"
F162013,10,22,0.4,"[3.0007025498695157, 8.939386367797852]"
F162013,10,22,0.5,"[3.0007025498695157, 8.93938946723938]"
F162013,10,22,0.6,"[3.0007025498695157, 8.939391374588013]"
F162013,10,22,0.7,"[3.0007025498695157, 8.939392805099487]"
F162013,10,22,0.8,"[3.0007025498695157, 8.939393997192383]"
F162013,10,22,0.9,"[3.0007025498695157, 8.939395427703857]"
F162013,10,22,1.0,"[3.0007025498695157, 8.939396619796753]"
F162013,10,23,0.01,"[7.76588180241086, 0.25478148460388184]"
F162013,10,23,0.1,"[1.538812640454438, 2.3577659130096436]"
F162013,10,23,0.2,"[1.5039279933006924, 4.67702317237854]"
F162013,10,23,0.3,"[1.503892124677435, 5.482293128967285]"
F162013,10,23,0.4,"[1.503892124677435, 5.482302904129028]"
F162013,10,23,0.5,"[1.503892124677435, 5.4823057651519775]"
F162013,10,23,0.6,"[1.503892124677435, 5.4823081493377686]"
F162013,10,23,0.7,"[1.503892124677435, 5.48231840133667]"
F162013,10,23,0.8,"[1.503892124677435, 5.48232364654541]"
F162013,10,23,0.9,"[1.503892124677435, 5.482325792312622]"
F162013,10,23,1.0,"[1.503892124677435, 5.482327699661255]"
F162013,10,24,0.01,"[11.269206632872795, 0.25534749031066895]"
F162013,10,24,0.1,"[10.966310103646236, 2.3715598583221436]"
F162013,10,24,0.2,"[3.827321305595632, 4.700491666793823]"
F162013,10,24,0.3,"[3.8266541018673763, 5.760240793228149]"
F162013,10,24,0.4,"[3.8266541018673763, 5.76024317741394]"
F162013,10,24,0.5,"[3.8266541018673763, 5.760245084762573]"
F162013,10,24,0.6,"[3.8266541018673763, 5.760246753692627]"
F162013,10,24,0.7,"[3.8266541018673763, 5.760248184204102]"
F162013,10,24,0.8,"[3.8266541018673763, 5.760249376296997]"
F162013,10,24,0.9,"[3.8266541018673763, 5.760250806808472]"
F162013,10,24,1.0,"[3.8266541018673763, 5.760252237319946]"
F162013,10,25,0.01,"[8.869080027927566, 0.25539207458496094]"
F162013,10,25,0.1,"[8.097603291127598, 2.365029811859131]"
F162013,10,25,0.2,"[8.097603282987961, 2.6180808544158936]"
F162013,10,25,0.3,"[8.097603282987961, 2.6180832386016846]"
F162013,10,25,0.4,"[8.097603282987961, 2.6180849075317383]"
F162013,10,25,0.5,"[8.097603282987961, 2.618086576461792]"
F162013,10,25,0.6,"[8.097603282987961, 2.6180880069732666]"
F162013,10,25,0.7,"[8.097603282987961, 2.618089437484741]"
F162013,10,25,0.8,"[8.097603282987961, 2.618090867996216]"
F162013,10,25,0.9,"[8.097603282987961, 2.618095874786377]"
F162013,10,25,1.0,"[8.097603282987961, 2.6180975437164307]"
F162013,10,26,0.01,"[5.941284358997166, 0.25603389739990234]"
F162013,10,26,0.1,"[5.888769280363874, 2.375748872756958]"
F162013,10,26,0.2,"[5.888769223157055, 2.574214220046997]"
F162013,10,26,0.3,"[5.888769223157055, 2.574216842651367]"
F162013,10,26,0.4,"[5.888769223157055, 2.574218511581421]"
F162013,10,26,0.5,"[5.888769223157055, 2.5742204189300537]"
F162013,10,26,0.6,"[5.888769223157055, 2.574221611022949]"
F162013,10,26,0.7,"[5.888769223157055, 2.5742228031158447]"
F162013,10,26,0.8,"[5.888769223157055, 2.5742244720458984]"
F162013,10,26,0.9,"[5.888769223157055, 2.574226140975952]"
F162013,10,26,1.0,"[5.888769223157055, 2.5742275714874268]"
F162013,10,27,0.01,"[11.801011596433796, 0.2691173553466797]"
F162013,10,27,0.1,"[7.193835392507282, 2.3948702812194824]"
F162013,10,27,0.2,"[7.1934831510000095, 3.496760129928589]"
F162013,10,27,0.3,"[7.1934831510000095, 3.496762752532959]"
F162013,10,27,0.4,"[7.1934831510000095, 3.4967644214630127]"
F162013,10,27,0.5,"[7.1934831510000095, 3.4967663288116455]"
F162013,10,27,0.6,"[7.1934831510000095, 3.496767520904541]"
F162013,10,27,0.7,"[7.1934831510000095, 3.4967687129974365]"
F162013,10,27,0.8,"[7.1934831510000095, 3.4967703819274902]"
F162013,10,27,0.9,"[7.1934831510000095, 3.496771812438965]"
F162013,10,27,1.0,"[7.1934831510000095, 3.4967734813690186]"
F162013,10,28,0.01,"[5.1590111726625025, 0.25728464126586914]"
F162013,10,28,0.1,"[4.207687933956123, 1.563049077987671]"
F162013,10,28,0.2,"[4.207687933956123, 1.5630619525909424]"
F162013,10,28,0.3,"[4.207687933956123, 1.5630638599395752]"
F162013,10,28,0.4,"[4.207687933956123, 1.5630686283111572]"
F162013,10,28,0.5,"[4.207687933956123, 1.5630700588226318]"
F162013,10,28,0.6,"[4.207687933956123, 1.5630714893341064]"
F162013,10,28,0.7,"[4.207687933956123, 1.5630764961242676]"
F162013,10,28,0.8,"[4.207687933956123, 1.5630781650543213]"
F162013,10,28,0.9,"[4.207687933956123, 1.563079833984375]"
F162013,10,28,1.0,"[4.207687933956123, 1.5630812644958496]"
F162013,10,29,0.01,"[3.9337057551231, 0.2666459083557129]"
F162013,10,29,0.1,"[2.7624571799902355, 2.3818764686584473]"
F162013,10,29,0.2,"[2.7624533650464116, 4.46037483215332]"
F162013,10,29,0.3,"[2.7624533650464116, 4.4603776931762695]"
F162013,10,29,0.4,"[2.7624533650464116, 4.460379123687744]"
F162013,10,29,0.5,"[2.7624533650464116, 4.460380554199219]"
F162013,10,29,0.6,"[2.7624533650464116, 4.4603822231292725]"
F162013,10,29,0.7,"[2.7624533650464116, 4.460383415222168]"
F162013,10,29,0.8,"[2.7624533650464116, 4.460384845733643]"
F162013,10,29,0.9,"[2.7624533650464116, 4.460386276245117]"
F162013,10,29,1.0,"[2.7624533650464116, 4.460387706756592]"
F162013,10,30,0.01,"[6.425113323498749, 0.26181983947753906]"
F162013,10,30,0.1,"[3.765986490838543, 2.3842735290527344]"
F162013,10,30,0.2,"[3.765986490838543, 4.067749500274658]"
F162013,10,30,0.3,"[3.765986490838543, 4.067752122879028]"
F162013,10,30,0.4,"[3.765986490838543, 4.0677571296691895]"
F162013,10,30,0.5,"[3.765986490838543, 4.067758560180664]"
F162013,10,30,0.6,"[3.765986490838543, 4.067759990692139]"
F162013,10,30,0.7,"[3.765986490838543, 4.0677649974823]"
F162013,10,30,0.8,"[3.765986490838543, 4.067770004272461]"
F162013,10,30,0.9,"[3.765986490838543, 4.0677714347839355]"
F162013,10,30,1.0,"[3.765986490838543, 4.06777286529541]"
F162013,10,31,0.01,"[2.0626739188512886, 0.26891398429870605]"
F162013,10,31,0.1,"[1.1810455516056209, 2.3775596618652344]"
F162013,10,31,0.2,"[1.1786228044350082, 4.690085172653198]"
F162013,10,31,0.3,"[1.1786221251549875, 5.389930009841919]"
F162013,10,31,0.4,"[1.1786221251549875, 5.38993239402771]"
F162013,10,31,0.5,"[1.1786221251549875, 5.389934301376343]"
F162013,10,31,0.6,"[1.1786221251549875, 5.389935731887817]"
F162013,10,31,0.7,"[1.1786221251549875, 5.389937162399292]"
F162013,10,31,0.8,"[1.1786221251549875, 5.3899383544921875]"
F162013,10,31,0.9,"[1.1786221251549875, 5.389939785003662]"
F162013,10,31,1.0,"[1.1786221251549875, 5.389941215515137]"
F162013,10,32,0.01,"[10.717665658408066, 0.26306700706481934]"
F162013,10,32,0.1,"[4.187508025546521, 2.363285541534424]"
F162013,10,32,0.2,"[4.170049332285146, 4.672170400619507]"
F162013,10,32,0.3,"[4.170037387062592, 5.7803709506988525]"
F162013,10,32,0.4,"[4.170037387062592, 5.78037691116333]"
F162013,10,32,0.5,"[4.170037387062592, 5.780379056930542]"
F162013,10,32,0.6,"[4.170037387062592, 5.7803802490234375]"
F162013,10,32,0.7,"[4.170037387062592, 5.780389070510864]"
F162013,10,32,0.8,"[4.170037387062592, 5.780393838882446]"
F162013,10,32,0.9,"[4.170037387062592, 5.780395269393921]"
F162013,10,32,1.0,"[4.170037387062592, 5.7803966999053955]"
F162013,10,33,0.01,"[8.312964929477488, 0.2526273727416992]"
F162013,10,33,0.1,"[3.2135644333507685, 2.37282395362854]"
F162013,10,33,0.2,"[3.1933042832726812, 4.710124492645264]"
F162013,10,33,0.3,"[3.193181294673792, 6.27989649772644]"
F162013,10,33,0.4,"[3.193181294673792, 6.2798991203308105]"
F162013,10,33,0.5,"[3.193181294673792, 6.279901504516602]"
F162013,10,33,0.6,"[3.193181294673792, 6.279902696609497]"
F162013,10,33,0.7,"[3.193181294673792, 6.279904365539551]"
F162013,10,33,0.8,"[3.193181294673792, 6.279905557632446]"
F162013,10,33,0.9,"[3.193181294673792, 6.279906988143921]"
F162013,10,33,1.0,"[3.193181294673792, 6.279908657073975]"
F162013,10,34,0.01,"[11.639914517957067, 0.25244641304016113]"
F162013,10,34,0.1,"[4.4992106319266725, 0.9477348327636719]"
F162013,10,34,0.2,"[4.4992106319266725, 0.9477379322052002]"
F162013,10,34,0.3,"[4.4992106319266725, 0.947739839553833]"
F162013,10,34,0.4,"[4.4992106319266725, 0.9477410316467285]"
F162013,10,34,0.5,"[4.4992106319266725, 0.9477427005767822]"
F162013,10,34,0.6,"[4.4992106319266725, 0.9477438926696777]"
F162013,10,34,0.7,"[4.4992106319266725, 0.9477458000183105]"
F162013,10,34,0.8,"[4.4992106319266725, 0.9477472305297852]"
F162013,10,34,0.9,"[4.4992106319266725, 0.9477484226226807]"
F162013,10,34,1.0,"[4.4992106319266725, 0.9477500915527344]"
F162013,10,35,0.01,"[4.385041728059917, 0.2537097930908203]"
F162013,10,35,0.1,"[1.65733820698091, 2.3123090267181396]"
F162013,10,35,0.2,"[1.4215162610200593, 4.583028316497803]"
F162013,10,35,0.3,"[1.2061469628031318, 6.854813575744629]"
F162013,10,35,0.4,"[1.0755723617883177, 9.153871774673462]"
F162013,10,35,0.5,"[1.066647484617988, 11.436675548553467]"
F162013,10,35,0.6,"[1.0639142604732115, 13.684445142745972]"
F162013,10,35,0.7,"[1.0639142604732115, 13.684460639953613]"
F162013,10,35,0.8,"[1.0639142604732115, 13.68446660041809]"
F162013,10,35,0.9,"[1.0639142604732115, 13.684467792510986]"
F162013,10,35,1.0,"[1.0639142604732115, 13.68446946144104]"
F162013,10,36,0.01,"[6.835699170484418, 0.2790811061859131]"
F162013,10,36,0.1,"[5.682022253083858, 2.35994291305542]"
F162013,10,36,0.2,"[5.134780690954045, 4.654486656188965]"
F162013,10,36,0.3,"[5.125358653677949, 6.940619230270386]"
F162013,10,36,0.4,"[3.8316594950067326, 9.253361225128174]"
F162013,10,36,0.5,"[3.762446783472626, 10.302519798278809]"
F162013,10,36,0.6,"[3.762446783472626, 10.302523374557495]"
F162013,10,36,0.7,"[3.762446783472626, 10.302525281906128]"
F162013,10,36,0.8,"[3.762446783472626, 10.30252718925476]"
F162013,10,36,0.9,"[3.762446783472626, 10.302528619766235]"
F162013,10,36,1.0,"[3.762446783472626, 10.30253005027771]"
F162013,10,37,0.01,"[8.059069922258402, 0.26505374908447266]"
F162013,10,37,0.1,"[7.7276037783548475, 2.339190721511841]"
F162013,10,37,0.2,"[7.714370894117707, 4.631219148635864]"
F162013,10,37,0.3,"[7.714370894117707, 5.457391738891602]"
F162013,10,37,0.4,"[7.714370894117707, 5.457394599914551]"
F162013,10,37,0.5,"[7.714370894117707, 5.457396507263184]"
F162013,10,37,0.6,"[7.714370894117707, 5.457397699356079]"
F162013,10,37,0.7,"[7.714370894117707, 5.457399129867554]"
F162013,10,37,0.8,"[7.714370894117707, 5.457400321960449]"
F162013,10,37,0.9,"[7.714370894117707, 5.457401514053345]"
F162013,10,37,1.0,"[7.714370894117707, 5.457403182983398]"
F162013,10,38,0.01,"[6.551204310318951, 0.2545650005340576]"
F162013,10,38,0.1,"[4.226089380282389, 2.333498954772949]"
F162013,10,38,0.2,"[4.22607586490841, 3.2737245559692383]"
F162013,10,38,0.3,"[4.22607586490841, 3.2737269401550293]"
F162013,10,38,0.4,"[4.22607586490841, 3.2737319469451904]"
F162013,10,38,0.5,"[4.22607586490841, 3.273733615875244]"
F162013,10,38,0.6,"[4.22607586490841, 3.2737350463867188]"
F162013,10,38,0.7,"[4.22607586490841, 3.273750066757202]"
F162013,10,38,0.8,"[4.22607586490841, 3.2737514972686768]"
F162013,10,38,0.9,"[4.22607586490841, 3.2737534046173096]"
F162013,10,38,1.0,"[4.22607586490841, 3.273754596710205]"
F162013,10,39,0.01,"[7.368824432640821, 0.2842288017272949]"
F162013,10,39,0.1,"[2.5333456216323498, 2.3726999759674072]"
F162013,10,39,0.2,"[2.4433228153899904, 4.6797168254852295]"
F162013,10,39,0.3,"[2.3989207843124234, 6.975491523742676]"
F162013,10,39,0.4,"[2.398672070517307, 7.808106899261475]"
F162013,10,39,0.5,"[2.398672070517307, 7.808109998703003]"
F162013,10,39,0.6,"[2.398672070517307, 7.808111667633057]"
F162013,10,39,0.7,"[2.398672070517307, 7.80811333656311]"
F162013,10,39,0.8,"[2.398672070517307, 7.808114528656006]"
F162013,10,39,0.9,"[2.398672070517307, 7.80811619758606]"
F162013,10,39,1.0,"[2.398672070517307, 7.808117389678955]"
F162013,10,40,0.01,"[8.646535801534014, 0.2574737071990967]"
F162013,10,40,0.1,"[8.189220616724214, 1.3753762245178223]"
F162013,10,40,0.2,"[8.189220616724214, 1.3753890991210938]"
F162013,10,40,0.3,"[8.189220616724214, 1.3753907680511475]"
F162013,10,40,0.4,"[8.189220616724214, 1.3753955364227295]"
F162013,10,40,0.5,"[8.189220616724214, 1.375396966934204]"
F162013,10,40,0.6,"[8.189220616724214, 1.3753983974456787]"
F162013,10,40,0.7,"[8.189220616724214, 1.3754122257232666]"
F162013,10,40,0.8,"[8.189220616724214, 1.3754167556762695]"
F162013,10,40,0.9,"[8.189220616724214, 1.375417947769165]"
F162013,10,40,1.0,"[8.189220616724214, 1.3754193782806396]"
F162013,10,41,0.01,"[9.455102004147477, 0.26667118072509766]"
F162013,10,41,0.1,"[5.357345473599963, 2.3581340312957764]"
F162013,10,41,0.2,"[5.342167378322472, 3.500293254852295]"
F162013,10,41,0.3,"[5.342167378322472, 3.500295639038086]"
F162013,10,41,0.4,"[5.342167378322472, 3.500300645828247]"
F162013,10,41,0.5,"[5.342167378322472, 3.5003020763397217]"
F162013,10,41,0.6,"[5.342167378322472, 3.5003037452697754]"
F162013,10,41,0.7,"[5.342167378322472, 3.5003116130828857]"
F162013,10,41,0.8,"[5.342167378322472, 3.5003223419189453]"
F162013,10,41,0.9,"[5.342167378322472, 3.500324010848999]"
F162013,10,41,1.0,"[5.342167378322472, 3.5003252029418945]"
F162013,10,42,0.01,"[5.174488174833613, 0.2552504539489746]"
F162013,10,42,0.1,"[5.037331070676629, 1.6245055198669434]"
F162013,10,42,0.2,"[5.037331070676629, 1.6245160102844238]"
F162013,10,42,0.3,"[5.037331070676629, 1.6245179176330566]"
F162013,10,42,0.4,"[5.037331070676629, 1.6245191097259521]"
F162013,10,42,0.5,"[5.037331070676629, 1.624521017074585]"
F162013,10,42,0.6,"[5.037331070676629, 1.6245222091674805]"
F162013,10,42,0.7,"[5.037331070676629, 1.624523401260376]"
F162013,10,42,0.8,"[5.037331070676629, 1.6245250701904297]"
F162013,10,42,0.9,"[5.037331070676629, 1.6245262622833252]"
F162013,10,42,1.0,"[5.037331070676629, 1.6245274543762207]"
F162013,10,43,0.01,"[11.60549748477547, 0.2555105686187744]"
F162013,10,43,0.1,"[2.1964401468917742, 2.3580949306488037]"
F162013,10,43,0.2,"[2.187902497161531, 4.683534860610962]"
F162013,10,43,0.3,"[2.187892799994529, 6.993070125579834]"
F162013,10,43,0.4,"[2.187892799991488, 7.383389472961426]"
F162013,10,43,0.5,"[2.187892799991488, 7.383392333984375]"
F162013,10,43,0.6,"[2.187892799991488, 7.38339376449585]"
F162013,10,43,0.7,"[2.187892799991488, 7.383395433425903]"
F162013,10,43,0.8,"[2.187892799991488, 7.383396625518799]"
F162013,10,43,0.9,"[2.187892799991488, 7.383398056030273]"
F162013,10,43,1.0,"[2.187892799991488, 7.383399248123169]"
F162013,10,44,0.01,"[13.51003991264605, 0.2564704418182373]"
F162013,10,44,0.1,"[3.813592859854964, 2.356783151626587]"
F162013,10,44,0.2,"[2.6711954385410763, 4.671581506729126]"
F162013,10,44,0.3,"[2.1211571013849095, 7.141228914260864]"
F162013,10,44,0.4,"[2.099325729143544, 9.713621854782104]"
F162013,10,44,0.5,"[2.0992951226293997, 12.310451984405518]"
F162013,10,44,0.6,"[2.0992925430647063, 13.66089940071106]"
F162013,10,44,0.7,"[2.0992925430647063, 13.660903692245483]"
F162013,10,44,0.8,"[2.0992925430647063, 13.660906076431274]"
F162013,10,44,0.9,"[2.0992925430647063, 13.660907506942749]"
F162013,10,44,1.0,"[2.0992925430647063, 13.660908937454224]"
F162013,10,45,0.01,"[8.084941615792218, 0.25775718688964844]"
F162013,10,45,0.1,"[7.187654690311007, 2.357085704803467]"
F162013,10,45,0.2,"[7.12811076587974, 3.9200713634490967]"
F162013,10,45,0.3,"[7.12811076587974, 3.920073986053467]"
F162013,10,45,0.4,"[7.12811076587974, 3.920078992843628]"
F162013,10,45,0.5,"[7.12811076587974, 3.9200804233551025]"
F162013,10,45,0.6,"[7.12811076587974, 3.920081853866577]"
F162013,10,45,0.7,"[7.12811076587974, 3.9200937747955322]"
F162013,10,45,0.8,"[7.12811076587974, 3.920095205307007]"
F162013,10,45,0.9,"[7.12811076587974, 3.9200968742370605]"
F162013,10,45,1.0,"[7.12811076587974, 3.920098304748535]"
F162013,10,46,0.01,"[3.371583393294941, 0.2765471935272217]"
F162013,10,46,0.1,"[2.5639450868664255, 2.3658089637756348]"
F162013,10,46,0.2,"[2.5498974418280227, 4.669901132583618]"
F162013,10,46,0.3,"[2.5481915297001194, 6.964626789093018]"
F162013,10,46,0.4,"[2.54819008835878, 8.896213293075562]"
F162013,10,46,0.5,"[2.54819008835878, 8.89621639251709]"
F162013,10,46,0.6,"[2.54819008835878, 8.896218061447144]"
F162013,10,46,0.7,"[2.54819008835878, 8.89622688293457]"
F162013,10,46,0.8,"[2.54819008835878, 8.896231174468994]"
F162013,10,46,0.9,"[2.54819008835878, 8.896232604980469]"
F162013,10,46,1.0,"[2.54819008835878, 8.896233797073364]"
F162013,10,47,0.01,"[11.554407998131097, 0.2555224895477295]"
F162013,10,47,0.1,"[4.836711449193643, 2.3467373847961426]"
F162013,10,47,0.2,"[4.696214511915429, 4.655818462371826]"
F162013,10,47,0.3,"[4.694535161900433, 6.945530414581299]"
F162013,10,47,0.4,"[4.694534993203575, 7.495903015136719]"
F162013,10,47,0.5,"[4.694534993203575, 7.495906114578247]"
F162013,10,47,0.6,"[4.694534993203575, 7.495907783508301]"
F162013,10,47,0.7,"[4.694534993203575, 7.495916128158569]"
F162013,10,47,0.8,"[4.694534993203575, 7.495917558670044]"
F162013,10,47,0.9,"[4.694534993203575, 7.4959187507629395]"
F162013,10,47,1.0,"[4.694534993203575, 7.495920419692993]"
F162013,10,48,0.01,"[7.7963729357352065, 0.2509803771972656]"
F162013,10,48,0.1,"[7.795337665624004, 2.3436384201049805]"
F162013,10,48,0.2,"[5.918427439872744, 4.682950496673584]"
F162013,10,48,0.3,"[3.7248677365976732, 7.0162513256073]"
F162013,10,48,0.4,"[3.7129713891356175, 9.349667310714722]"
F162013,10,48,0.5,"[3.712971388616154, 9.40602707862854]"
F162013,10,48,0.6,"[3.712971388616154, 9.406029462814331]"
F162013,10,48,0.7,"[3.712971388616154, 9.406031131744385]"
F162013,10,48,0.8,"[3.712971388616154, 9.406035661697388]"
F162013,10,48,0.9,"[3.712971388616154, 9.406040668487549]"
F162013,10,48,1.0,"[3.712971388616154, 9.406042098999023]"
F162013,10,49,0.01,"[10.027293536253211, 0.2511782646179199]"
F162013,10,49,0.1,"[4.382215161347801, 2.3558194637298584]"
F162013,10,49,0.2,"[4.3607971281606694, 4.680936098098755]"
F162013,10,49,0.3,"[4.3607971281606694, 5.0544493198394775]"
F162013,10,49,0.4,"[4.3607971281606694, 5.054453372955322]"
F162013,10,49,0.5,"[4.3607971281606694, 5.054455995559692]"
F162013,10,49,0.6,"[4.3607971281606694, 5.054457902908325]"
F162013,10,49,0.7,"[4.3607971281606694, 5.054460048675537]"
F162013,10,49,0.8,"[4.3607971281606694, 5.054462194442749]"
F162013,10,49,0.9,"[4.3607971281606694, 5.054463624954224]"
F162013,10,49,1.0,"[4.3607971281606694, 5.0544655323028564]"
F162013,10,50,0.01,"[7.587425832039173, 0.25020408630371094]"
F162013,10,50,0.1,"[7.390401510974243, 2.298311233520508]"
F162013,10,50,0.2,"[7.252798697901113, 4.559767007827759]"
F162013,10,50,0.3,"[7.252017373531146, 6.81958794593811]"
F162013,10,50,0.4,"[7.251146919298975, 9.106745719909668]"
F162013,10,50,0.5,"[7.251095859735898, 10.353159666061401]"
F162013,10,50,0.6,"[7.251095859735898, 10.35316252708435]"
F162013,10,50,0.7,"[7.251095859735898, 10.353164196014404]"
F162013,10,50,0.8,"[7.251095859735898, 10.3531653881073]"
F162013,10,50,0.9,"[7.251095859735898, 10.353166580200195]"
F162013,10,50,1.0,"[7.251095859735898, 10.35316801071167]"
F162013,30,0,0.01,"[12.714170986109195, 0.8607151508331299]"
F162013,30,0,0.1,"[10.433182054268684, 7.089339733123779]"
F162013,30,0,0.2,"[10.214923295824775, 14.039236545562744]"
F162013,30,0,0.3,"[10.147998871079494, 20.85617208480835]"
F162013,30,0,0.4,"[10.147395206079949, 27.591204404830933]"
F162013,30,0,0.5,"[10.147151673018783, 34.47193884849548]"
F162013,30,0,0.6,"[10.147135489628027, 41.128366231918335]"
F162013,30,0,0.7,"[10.147133742360609, 47.72356200218201]"
F162013,30,0,0.8,"[4.257970126049088, 54.35899877548218]"
F162013,30,0,0.9,"[4.249513193732582, 61.185502767562866]"
F162013,30,0,1.0,"[4.249242720071891, 67.79322791099548]"
F162013,30,1,0.01,"[10.902531335700587, 0.9693894386291504]"
F162013,30,1,0.1,"[7.98766557679096, 8.022736549377441]"
F162013,30,1,0.2,"[7.282134532643369, 15.832190036773682]"
F162013,30,1,0.3,"[6.183431641484589, 23.184544324874878]"
F162013,30,1,0.4,"[6.132920628679756, 29.864202976226807]"
F162013,30,1,0.5,"[6.131305656356915, 36.73206806182861]"
F162013,30,1,0.6,"[6.130747004039648, 43.37483096122742]"
F162013,30,1,0.7,"[6.130674715849494, 49.97016906738281]"
F162013,30,1,0.8,"[6.130563550345528, 56.607510566711426]"
F162013,30,1,0.9,"[6.130554130936417, 63.41759371757507]"
F162013,30,1,1.0,"[6.130554130936417, 66.60468316078186]"
F162013,30,2,0.01,"[12.007906128529271, 0.856931209564209]"
F162013,30,2,0.1,"[6.1161192975039285, 7.072166919708252]"
F162013,30,2,0.2,"[6.078301472615891, 13.970508575439453]"
F162013,30,2,0.3,"[6.041092950204387, 20.74614691734314]"
F162013,30,2,0.4,"[6.0314958810447195, 27.472310543060303]"
F162013,30,2,0.5,"[6.031393077109016, 34.361584424972534]"
F162013,30,2,0.6,"[6.027283896829545, 41.02239727973938]"
F162013,30,2,0.7,"[6.0270448685732845, 47.64043951034546]"
F162013,30,2,0.8,"[6.0270416343576585, 54.26172685623169]"
F162013,30,2,0.9,"[6.027032823632766, 61.09002661705017]"
F162013,30,2,1.0,"[6.027032762380287, 64.28784322738647]"
F162013,30,3,0.01,"[11.946996100803943, 0.8536725044250488]"
F162013,30,3,0.1,"[9.03434739730747, 7.089652061462402]"
F162013,30,3,0.2,"[7.4796881211808, 14.011868953704834]"
F162013,30,3,0.3,"[7.268626902661026, 20.86988663673401]"
F162013,30,3,0.4,"[7.26113976941167, 27.66883635520935]"
F162013,30,3,0.5,"[7.251342981759137, 34.56592154502869]"
F162013,30,3,0.6,"[7.251135090208152, 41.23596000671387]"
F162013,30,3,0.7,"[7.2511156380306545, 47.85237526893616]"
F162013,30,3,0.8,"[7.250843744904785, 54.50354075431824]"
F162013,30,3,0.9,"[7.250843744904785, 56.21598982810974]"
F162013,30,3,1.0,"[7.250843744904785, 56.21599245071411]"
F162013,30,4,0.01,"[7.833897723325634, 0.851534366607666]"
F162013,30,4,0.1,"[6.231510675891371, 6.973228216171265]"
F162013,30,4,0.2,"[5.657278613711924, 13.808622598648071]"
F162013,30,4,0.3,"[5.646367020239381, 20.643335103988647]"
F162013,30,4,0.4,"[5.624673601587119, 27.39222478866577]"
F162013,30,4,0.5,"[5.622679096217496, 34.21322965621948]"
F162013,30,4,0.6,"[5.390379714126283, 40.80128073692322]"
F162013,30,4,0.7,"[5.279031888353472, 47.38469839096069]"
F162013,30,4,0.8,"[5.270944273238882, 53.90906000137329]"
F162013,30,4,0.9,"[5.270410894462799, 60.64690184593201]"
F162013,30,4,1.0,"[5.269847279760967, 67.17490673065186]"
F162013,30,5,0.01,"[13.151509026467352, 0.8563797473907471]"
F162013,30,5,0.1,"[6.238290704227069, 7.012206792831421]"
F162013,30,5,0.2,"[6.2363192684907744, 13.896306276321411]"
F162013,30,5,0.3,"[6.236287728167866, 20.65605616569519]"
F162013,30,5,0.4,"[6.236287561240289, 27.32670497894287]"
F162013,30,5,0.5,"[6.235922225338612, 34.13617515563965]"
F162013,30,5,0.6,"[6.2357827828529935, 40.745473861694336]"
F162013,30,5,0.7,"[6.235732791042665, 47.347123861312866]"
F162013,30,5,0.8,"[6.235727533670655, 51.7848641872406]"
F162013,30,5,0.9,"[6.235727533670655, 51.78486752510071]"
F162013,30,5,1.0,"[6.235727533670655, 51.78486967086792]"
F162013,30,6,0.01,"[9.01495545795575, 0.8503985404968262]"
F162013,30,6,0.1,"[8.166723291360654, 5.208230018615723]"
F162013,30,6,0.2,"[8.166723291360654, 5.208237171173096]"
F162013,30,6,0.3,"[8.166723291360654, 5.208239316940308]"
F162013,30,6,0.4,"[8.166723291360654, 5.20824122428894]"
F162013,30,6,0.5,"[8.166723291360654, 5.208243131637573]"
F162013,30,6,0.6,"[8.166723291360654, 5.208244800567627]"
F162013,30,6,0.7,"[8.166723291360654, 5.208246231079102]"
F162013,30,6,0.8,"[8.166723291360654, 5.208247661590576]"
F162013,30,6,0.9,"[8.166723291360654, 5.208249807357788]"
F162013,30,6,1.0,"[8.166723291360654, 5.208251714706421]"
F162013,30,7,0.01,"[14.57039842277672, 0.8473200798034668]"
F162013,30,7,0.1,"[6.816459821794012, 6.974670171737671]"
F162013,30,7,0.2,"[6.699097269734921, 13.819995403289795]"
F162013,30,7,0.3,"[6.694504988168887, 20.6594398021698]"
F162013,30,7,0.4,"[6.694435459512334, 27.403741359710693]"
F162013,30,7,0.5,"[6.69442183034414, 30.19909644126892]"
F162013,30,7,0.6,"[6.69442183034414, 30.19909906387329]"
F162013,30,7,0.7,"[6.69442183034414, 30.199104070663452]"
F162013,30,7,0.8,"[6.69442183034414, 30.199109315872192]"
F162013,30,7,0.9,"[6.69442183034414, 30.199114561080933]"
F162013,30,7,1.0,"[6.69442183034414, 30.199116230010986]"
F162013,30,8,0.01,"[11.567124662058092, 0.8571231365203857]"
F162013,30,8,0.1,"[11.16393387827469, 7.048341989517212]"
F162013,30,8,0.2,"[10.19634372228029, 13.971173763275146]"
F162013,30,8,0.3,"[10.11875811972783, 20.84892463684082]"
F162013,30,8,0.4,"[10.096450966245925, 27.63122248649597]"
F162013,30,8,0.5,"[10.091587245259007, 34.4873309135437]"
F162013,30,8,0.6,"[10.090782462009855, 41.11663103103638]"
F162013,30,8,0.7,"[10.090734878640887, 47.73772096633911]"
F162013,30,8,0.8,"[10.090712992918498, 54.309250593185425]"
F162013,30,8,0.9,"[10.05465866618917, 61.10032343864441]"
F162013,30,8,1.0,"[10.051271970649822, 68.06788730621338]"
F162013,30,9,0.01,"[15.684538239100533, 0.8548531532287598]"
F162013,30,9,0.1,"[7.5142117904707675, 6.974680423736572]"
F162013,30,9,0.2,"[7.422987867655507, 13.800400495529175]"
F162013,30,9,0.3,"[7.210028939264419, 20.552313804626465]"
F162013,30,9,0.4,"[7.187855284226487, 27.21842098236084]"
F162013,30,9,0.5,"[5.760519412765234, 34.04224157333374]"
F162013,30,9,0.6,"[3.6976623399911546, 40.65346026420593]"
F162013,30,9,0.7,"[3.606568855666609, 47.26500463485718]"
F162013,30,9,0.8,"[3.593571377770104, 53.80714964866638]"
F162013,30,9,0.9,"[3.593562834271296, 60.57756757736206]"
F162013,30,9,1.0,"[3.5887420980139666, 67.13170146942139]"
F162013,30,10,0.01,"[9.289327191034374, 0.8595783710479736]"
F162013,30,10,0.1,"[3.871274415137151, 7.015559196472168]"
F162013,30,10,0.2,"[3.87121155780207, 9.24388313293457]"
F162013,30,10,0.3,"[3.87121155780207, 9.243889570236206]"
F162013,30,10,0.4,"[3.87121155780207, 9.243891716003418]"
F162013,30,10,0.5,"[3.87121155780207, 9.24389386177063]"
F162013,30,10,0.6,"[3.87121155780207, 9.243895292282104]"
F162013,30,10,0.7,"[3.87121155780207, 9.243900299072266]"
F162013,30,10,0.8,"[3.87121155780207, 9.243906497955322]"
F162013,30,10,0.9,"[3.87121155780207, 9.243908166885376]"
F162013,30,10,1.0,"[3.87121155780207, 9.24390983581543]"
F162013,30,11,0.01,"[8.409790961806493, 0.8594107627868652]"
F162013,30,11,0.1,"[7.734461013271186, 7.0660741329193115]"
F162013,30,11,0.2,"[6.464529861934437, 14.00182032585144]"
F162013,30,11,0.3,"[6.463261997514735, 20.856229543685913]"
F162013,30,11,0.4,"[6.463168071584249, 27.65288543701172]"
F162013,30,11,0.5,"[6.2008053705847885, 34.5221962928772]"
F162013,30,11,0.6,"[6.1982330924223845, 41.15989089012146]"
F162013,30,11,0.7,"[6.1930967357404825, 47.78425216674805]"
F162013,30,11,0.8,"[6.1914904600199065, 54.380797386169434]"
F162013,30,11,0.9,"[6.191360600765307, 61.20105242729187]"
F162013,30,11,1.0,"[6.191357130900826, 67.80028414726257]"
F162013,30,12,0.01,"[11.69673395321226, 0.8525147438049316]"
F162013,30,12,0.1,"[8.609997731407361, 7.032469987869263]"
F162013,30,12,0.2,"[8.609997731407361, 13.905533790588379]"
F162013,30,12,0.3,"[8.598583248087209, 20.693037748336792]"
F162013,30,12,0.4,"[8.59857467417126, 27.396302461624146]"
F162013,30,12,0.5,"[8.598574015243429, 34.208717823028564]"
F162013,30,12,0.6,"[8.598574015243429, 37.62763714790344]"
F162013,30,12,0.7,"[8.598574015243429, 37.62764000892639]"
F162013,30,12,0.8,"[8.598574015243429, 37.62764620780945]"
F162013,30,12,0.9,"[8.598574015243429, 37.62764763832092]"
F162013,30,12,1.0,"[8.598574015243429, 37.6276490688324]"
F162013,30,13,0.01,"[16.53958711246355, 0.854994535446167]"
F162013,30,13,0.1,"[8.142566213096586, 6.993070125579834]"
F162013,30,13,0.2,"[8.014576023872849, 13.844057559967041]"
F162013,30,13,0.3,"[8.014410071668152, 20.62185001373291]"
F162013,30,13,0.4,"[8.014218953511545, 27.307246446609497]"
F162013,30,13,0.5,"[8.014218953511545, 28.37325167655945]"
F162013,30,13,0.6,"[8.014218953511545, 28.37325429916382]"
F162013,30,13,0.7,"[8.014218953511545, 28.373255968093872]"
F162013,30,13,0.8,"[8.014218953511545, 28.373257398605347]"
F162013,30,13,0.9,"[8.014218953511545, 28.373258590698242]"
F162013,30,13,1.0,"[8.014218953511545, 28.373260021209717]"
F162013,30,14,0.01,"[7.700731979133877, 0.8523890972137451]"
F162013,30,14,0.1,"[7.1072642568502715, 6.999080419540405]"
F162013,30,14,0.2,"[6.398203890586615, 13.860363721847534]"
F162013,30,14,0.3,"[6.315021769742231, 15.644561052322388]"
F162013,30,14,0.4,"[6.315021769742231, 15.644563674926758]"
F162013,30,14,0.5,"[6.315021769742231, 15.644566059112549]"
F162013,30,14,0.6,"[6.315021769742231, 15.644567251205444]"
F162013,30,14,0.7,"[6.315021769742231, 15.64456844329834]"
F162013,30,14,0.8,"[6.315021769742231, 15.644570112228394]"
F162013,30,14,0.9,"[6.315021769742231, 15.644571542739868]"
F162013,30,14,1.0,"[6.315021769742231, 15.644572973251343]"
F162013,30,15,0.01,"[12.249524427953077, 0.855379581451416]"
F162013,30,15,0.1,"[12.23412702398025, 6.975296974182129]"
F162013,30,15,0.2,"[12.233003222286186, 13.771177291870117]"
F162013,30,15,0.3,"[12.232991209493832, 16.838719844818115]"
F162013,30,15,0.4,"[12.232991209493832, 16.838722467422485]"
F162013,30,15,0.5,"[12.232991209493832, 16.838724613189697]"
F162013,30,15,0.6,"[12.232991209493832, 16.838726043701172]"
F162013,30,15,0.7,"[12.232991209493832, 16.838727474212646]"
F162013,30,15,0.8,"[12.232991209493832, 16.838732719421387]"
F162013,30,15,0.9,"[12.232991209493832, 16.8387348651886]"
F162013,30,15,1.0,"[12.232991209493832, 16.838736295700073]"
F162013,30,16,0.01,"[10.309008059683578, 0.8576056957244873]"
F162013,30,16,0.1,"[7.928623877367016, 6.985503673553467]"
F162013,30,16,0.2,"[7.5058475419578485, 13.828084707260132]"
F162013,30,16,0.3,"[6.826580640527851, 20.614912748336792]"
F162013,30,16,0.4,"[4.189397504391849, 27.30109429359436]"
F162013,30,16,0.5,"[4.184116443131842, 34.12137842178345]"
F162013,30,16,0.6,"[4.184071912703075, 40.74321436882019]"
F162013,30,16,0.7,"[4.1840642927612635, 47.365482568740845]"
F162013,30,16,0.8,"[4.1840642927612635, 48.00180959701538]"
F162013,30,16,0.9,"[4.1840642927612635, 48.00181245803833]"
F162013,30,16,1.0,"[4.1840642927612635, 48.001813888549805]"
F162013,30,17,0.01,"[12.145724083669933, 0.8597221374511719]"
F162013,30,17,0.1,"[9.00560431506122, 6.993752479553223]"
F162013,30,17,0.2,"[8.793297392642472, 13.857944250106812]"
F162013,30,17,0.3,"[8.655964892739377, 20.606215953826904]"
F162013,30,17,0.4,"[8.63912611709435, 27.250157833099365]"
F162013,30,17,0.5,"[8.638589955120153, 34.031415939331055]"
F162013,30,17,0.6,"[8.638469979048011, 40.62236404418945]"
F162013,30,17,0.7,"[8.638408784809087, 47.20460510253906]"
F162013,30,17,0.8,"[8.638408784809087, 53.73016929626465]"
F162013,30,17,0.9,"[8.638408784809087, 56.47425866127014]"
F162013,30,17,1.0,"[8.638408784809087, 56.47426128387451]"
F162013,30,18,0.01,"[8.835945666771266, 0.8555088043212891]"
F162013,30,18,0.1,"[4.967219463522952, 6.9345855712890625]"
F162013,30,18,0.2,"[4.923355460263991, 13.71399736404419]"
F162013,30,18,0.3,"[4.914193792038873, 20.4716055393219]"
F162013,30,18,0.4,"[4.9138910326459495, 27.13779592514038]"
F162013,30,18,0.5,"[4.91364315653135, 33.89811062812805]"
F162013,30,18,0.6,"[4.913631704321006, 40.44443607330322]"
F162013,30,18,0.7,"[4.913561041475077, 46.96316576004028]"
F162013,30,18,0.8,"[4.118360605284181, 53.45150566101074]"
F162013,30,18,0.9,"[3.483139305243242, 60.19044899940491]"
F162013,30,18,1.0,"[3.4704161264004085, 66.71380090713501]"
F162013,30,19,0.01,"[9.855650486677149, 0.8561713695526123]"
F162013,30,19,0.1,"[8.741068082379087, 6.944661855697632]"
F162013,30,19,0.2,"[8.699699839904326, 13.694836378097534]"
F162013,30,19,0.3,"[8.688325168963019, 20.407888412475586]"
F162013,30,19,0.4,"[8.688012558118231, 24.06128454208374]"
F162013,30,19,0.5,"[8.688012558118231, 24.061287879943848]"
F162013,30,19,0.6,"[8.688012558118231, 24.06128978729248]"
F162013,30,19,0.7,"[8.688012558118231, 24.06129479408264]"
F162013,30,19,0.8,"[8.688012558118231, 24.061296701431274]"
F162013,30,19,0.9,"[8.688012558118231, 24.061298370361328]"
F162013,30,19,1.0,"[8.688012558118231, 24.061299800872803]"
F162013,30,20,0.01,"[10.565235164455032, 0.8525357246398926]"
F162013,30,20,0.1,"[10.520251606977098, 6.9113476276397705]"
F162013,30,20,0.2,"[10.2140626360991, 13.661829233169556]"
F162013,30,20,0.3,"[10.149115013566103, 20.411885023117065]"
F162013,30,20,0.4,"[7.513832855330776, 27.069531679153442]"
F162013,30,20,0.5,"[6.0990316890610075, 33.81925058364868]"
F162013,30,20,0.6,"[4.896479451145154, 40.35035562515259]"
F162013,30,20,0.7,"[3.4246884499439716, 46.873958110809326]"
F162013,30,20,0.8,"[3.401197759047136, 53.333115100860596]"
F162013,30,20,0.9,"[3.3466639828150733, 60.04615497589111]"
F162013,30,20,1.0,"[3.2527644188515694, 66.56968331336975]"
F162013,30,21,0.01,"[8.07798414971785, 0.8604438304901123]"
F162013,30,21,0.1,"[6.624577778422292, 6.934809923171997]"
F162013,30,21,0.2,"[6.533235710528089, 13.686753988265991]"
F162013,30,21,0.3,"[6.5332352794461315, 20.37799644470215]"
F162013,30,21,0.4,"[6.5332352794461315, 20.378211736679077]"
F162013,30,21,0.5,"[6.5332352794461315, 20.378214836120605]"
F162013,30,21,0.6,"[6.5332352794461315, 20.37821626663208]"
F162013,30,21,0.7,"[6.5332352794461315, 20.378217935562134]"
F162013,30,21,0.8,"[6.5332352794461315, 20.37821936607361]"
F162013,30,21,0.9,"[6.5332352794461315, 20.378221035003662]"
F162013,30,21,1.0,"[6.5332352794461315, 20.378222227096558]"
F162013,30,22,0.01,"[7.488087157566611, 0.8571057319641113]"
F162013,30,22,0.1,"[6.124732736547912, 6.955455780029297]"
F162013,30,22,0.2,"[6.021452100330919, 13.7819504737854]"
F162013,30,22,0.3,"[6.021452100330919, 20.54208540916443]"
F162013,30,22,0.4,"[6.021452100330919, 27.212342262268066]"
F162013,30,22,0.5,"[6.021452100330919, 29.767916917800903]"
F162013,30,22,0.6,"[6.021452100330919, 29.767919778823853]"
F162013,30,22,0.7,"[6.021452100330919, 29.767921209335327]"
F162013,30,22,0.8,"[6.021452100330919, 29.767922401428223]"
F162013,30,22,0.9,"[6.021452100330919, 29.767923831939697]"
F162013,30,22,1.0,"[6.021452100330919, 29.767925024032593]"
F162013,30,23,0.01,"[12.826858477137705, 0.8531467914581299]"
F162013,30,23,0.1,"[9.751560376435833, 6.919250249862671]"
F162013,30,23,0.2,"[4.397934540166062, 13.67075490951538]"
F162013,30,23,0.3,"[2.988437140839551, 20.400238275527954]"
F162013,30,23,0.4,"[2.835269818425303, 27.013883352279663]"
F162013,30,23,0.5,"[2.703450528962435, 34.449522495269775]"
F162013,30,23,0.6,"[2.6908442459174466, 41.787248849868774]"
F162013,30,23,0.7,"[2.667478650583547, 48.262277603149414]"
F162013,30,23,0.8,"[2.6674565155185803, 54.76749324798584]"
F162013,30,23,0.9,"[2.6674184358763, 61.67133378982544]"
F162013,30,23,1.0,"[2.6627454215291664, 68.1789972782135]"
F162013,30,24,0.01,"[9.679738126138574, 0.8614273071289062]"
F162013,30,24,0.1,"[7.959299307170198, 6.949396848678589]"
F162013,30,24,0.2,"[7.866159961487739, 13.710747480392456]"
F162013,30,24,0.3,"[7.862989880449277, 20.394027948379517]"
F162013,30,24,0.4,"[7.845294790083415, 26.964603185653687]"
F162013,30,24,0.5,"[6.804087986678553, 33.70728945732117]"
F162013,30,24,0.6,"[6.437179123914035, 40.23527693748474]"
F162013,30,24,0.7,"[6.4155819855206175, 46.74083995819092]"
F162013,30,24,0.8,"[6.373682965337196, 53.26723098754883]"
F162013,30,24,0.9,"[6.372290665208936, 60.00023412704468]"
F162013,30,24,1.0,"[6.371607756268361, 66.5252480506897]"
F162013,30,25,0.01,"[12.087772032221778, 0.8530113697052002]"
F162013,30,25,0.1,"[7.0367189415540565, 6.929450035095215]"
F162013,30,25,0.2,"[6.940817326824259, 13.704773187637329]"
F162013,30,25,0.3,"[6.932958210101191, 20.47491717338562]"
F162013,30,25,0.4,"[6.9324559024096, 27.117522954940796]"
F162013,30,25,0.5,"[5.27490246754104, 33.87627100944519]"
F162013,30,25,0.6,"[4.25039260703079, 40.40607404708862]"
F162013,30,25,0.7,"[4.175969798724083, 46.910221576690674]"
F162013,30,25,0.8,"[3.5621460963693607, 53.43616223335266]"
F162013,30,25,0.9,"[3.2211378026562727, 60.15974688529968]"
F162013,30,25,1.0,"[3.1208152305060537, 66.67863583564758]"
F162013,30,26,0.01,"[10.218117625800318, 0.852013111114502]"
F162013,30,26,0.1,"[7.941970920881403, 6.899392366409302]"
F162013,30,26,0.2,"[7.740817796041625, 13.631966829299927]"
F162013,30,26,0.3,"[7.337149951469058, 20.352308988571167]"
F162013,30,26,0.4,"[7.3316825595874775, 27.45852303504944]"
F162013,30,26,0.5,"[7.330679620148828, 34.136494398117065]"
F162013,30,26,0.6,"[7.311290723421422, 40.58868098258972]"
F162013,30,26,0.7,"[7.30989389113779, 47.019405126571655]"
F162013,30,26,0.8,"[7.304760917925847, 53.469329833984375]"
F162013,30,26,0.9,"[7.304723452032505, 54.924299240112305]"
F162013,30,26,1.0,"[7.304723452032505, 54.924301862716675]"
F162013,30,27,0.01,"[12.324840666866805, 0.8625986576080322]"
F162013,30,27,0.1,"[7.26483532529403, 6.962061882019043]"
F162013,30,27,0.2,"[7.264316046113407, 13.764957427978516]"
F162013,30,27,0.3,"[6.908784135622398, 20.54219889640808]"
F162013,30,27,0.4,"[4.05181527592498, 27.234397411346436]"
F162013,30,27,0.5,"[3.915514118306902, 34.01075100898743]"
F162013,30,27,0.6,"[3.8731394823397522, 40.56516242027283]"
F162013,30,27,0.7,"[3.5642573441191416, 47.111655712127686]"
F162013,30,27,0.8,"[3.5294796963981696, 53.63131046295166]"
F162013,30,27,0.9,"[3.4906663081499687, 60.36315321922302]"
F162013,30,27,1.0,"[3.4840441397580264, 66.92347884178162]"
F162013,30,28,0.01,"[9.749867119896294, 0.8440635204315186]"
F162013,30,28,0.1,"[6.971486515998123, 7.0093255043029785]"
F162013,30,28,0.2,"[6.317671371950553, 13.884447813034058]"
F162013,30,28,0.3,"[6.306583172080508, 20.71424150466919]"
F162013,30,28,0.4,"[6.306036472938331, 27.423073053359985]"
F162013,30,28,0.5,"[6.305546943329659, 34.248969078063965]"
F162013,30,28,0.6,"[6.305546943329659, 34.4627103805542]"
F162013,30,28,0.7,"[6.305546943329659, 34.46271300315857]"
F162013,30,28,0.8,"[6.305546943329659, 34.46271896362305]"
F162013,30,28,0.9,"[6.305546943329659, 34.4627206325531]"
F162013,30,28,1.0,"[6.305546943329659, 34.462722301483154]"
F162013,30,29,0.01,"[15.796671444881241, 0.8553111553192139]"
F162013,30,29,0.1,"[8.696222040691623, 6.952412843704224]"
F162013,30,29,0.2,"[8.525911250920274, 13.780545473098755]"
F162013,30,29,0.3,"[8.40379677182014, 20.556690454483032]"
F162013,30,29,0.4,"[8.387000636637737, 27.237212657928467]"
F162013,30,29,0.5,"[8.386543200042695, 34.0580313205719]"
F162013,30,29,0.6,"[8.386392064874116, 40.666929483413696]"
F162013,30,29,0.7,"[8.386123439898597, 47.25862240791321]"
F162013,30,29,0.8,"[8.385981924399942, 53.81873440742493]"
F162013,30,29,0.9,"[8.385979544602804, 60.58775186538696]"
F162013,30,29,1.0,"[8.38597895543083, 63.9799587726593]"
F162013,30,30,0.01,"[11.220092010156236, 0.8492221832275391]"
F162013,30,30,0.1,"[5.461529112568087, 7.041890859603882]"
F162013,30,30,0.2,"[5.079415666214629, 13.908614158630371]"
F162013,30,30,0.3,"[4.869182190982116, 20.682716131210327]"
F162013,30,30,0.4,"[4.855231331003495, 27.348171949386597]"
F162013,30,30,0.5,"[4.646282361466348, 34.18151307106018]"
F162013,30,30,0.6,"[4.629409219417624, 40.795817375183105]"
F162013,30,30,0.7,"[4.618712641456909, 47.370481967926025]"
F162013,30,30,0.8,"[4.617471055319129, 53.982574462890625]"
F162013,30,30,0.9,"[4.614243924932566, 60.79516792297363]"
F162013,30,30,1.0,"[4.612964902732472, 67.37545728683472]"
F162013,30,31,0.01,"[12.503686307754009, 0.8520846366882324]"
F162013,30,31,0.1,"[4.450422090567173, 6.9516589641571045]"
F162013,30,31,0.2,"[4.22042840621242, 13.764974594116211]"
F162013,30,31,0.3,"[4.165077048786031, 20.50581121444702]"
F162013,30,31,0.4,"[4.159699863811568, 27.158586502075195]"
F162013,30,31,0.5,"[4.15736815369732, 33.910703897476196]"
F162013,30,31,0.6,"[4.157189750846726, 40.472825050354004]"
F162013,30,31,0.7,"[4.157069078765431, 47.014360666275024]"
F162013,30,31,0.8,"[4.1570690464338895, 53.589141845703125]"
F162013,30,31,0.9,"[4.157063127859317, 60.30521559715271]"
F162013,30,31,1.0,"[4.1570328118712325, 66.80289435386658]"
F162013,30,32,0.01,"[7.332537037557273, 0.8558440208435059]"
F162013,30,32,0.1,"[5.628907422937914, 7.0406334400177]"
F162013,30,32,0.2,"[5.233532742748707, 13.969492673873901]"
F162013,30,32,0.3,"[5.149580787924435, 20.766458749771118]"
F162013,30,32,0.4,"[4.770104222539658, 25.082229375839233]"
F162013,30,32,0.5,"[4.770104222539658, 25.082232236862183]"
F162013,30,32,0.6,"[4.770104222539658, 25.082233905792236]"
F162013,30,32,0.7,"[4.770104222539658, 25.082235097885132]"
F162013,30,32,0.8,"[4.770104222539658, 25.082236766815186]"
F162013,30,32,0.9,"[4.770104222539658, 25.08223843574524]"
F162013,30,32,1.0,"[4.770104222539658, 25.082239866256714]"
F162013,30,33,0.01,"[10.863185228785738, 0.8602025508880615]"
F162013,30,33,0.1,"[5.264131312674465, 7.0252768993377686]"
F162013,30,33,0.2,"[5.22276537652283, 13.937689542770386]"
F162013,30,33,0.3,"[5.22276537652283, 14.606551885604858]"
F162013,30,33,0.4,"[5.22276537652283, 14.606554985046387]"
F162013,30,33,0.5,"[5.22276537652283, 14.606560468673706]"
F162013,30,33,0.6,"[5.22276537652283, 14.606561660766602]"
F162013,30,33,0.7,"[5.22276537652283, 14.606563091278076]"
F162013,30,33,0.8,"[5.22276537652283, 14.60656452178955]"
F162013,30,33,0.9,"[5.22276537652283, 14.606566667556763]"
F162013,30,33,1.0,"[5.22276537652283, 14.606568098068237]"
F162013,30,34,0.01,"[13.217085869782807, 0.8536453247070312]"
F162013,30,34,0.1,"[8.480794320004463, 6.956172704696655]"
F162013,30,34,0.2,"[8.4731953844813, 13.787482023239136]"
F162013,30,34,0.3,"[8.392368698178501, 20.556767225265503]"
F162013,30,34,0.4,"[8.391987739242609, 27.232710123062134]"
F162013,30,34,0.5,"[8.381666153375079, 34.05287313461304]"
F162013,30,34,0.6,"[8.38118763954472, 40.6698637008667]"
F162013,30,34,0.7,"[8.381151190043425, 44.50853157043457]"
F162013,30,34,0.8,"[8.381151190043425, 44.50853443145752]"
F162013,30,34,0.9,"[8.381151190043425, 44.50853610038757]"
F162013,30,34,1.0,"[8.381151190043425, 44.50853753089905]"
F162013,30,35,0.01,"[10.141365001727706, 0.8601608276367188]"
F162013,30,35,0.1,"[6.980500063131217, 7.016123056411743]"
F162013,30,35,0.2,"[6.369711813149536, 13.928130865097046]"
F162013,30,35,0.3,"[6.124553804864348, 20.715861797332764]"
F162013,30,35,0.4,"[6.124056957636526, 27.414766788482666]"
F162013,30,35,0.5,"[6.123906915070563, 29.131027221679688]"
F162013,30,35,0.6,"[6.123906915070563, 29.131030082702637]"
F162013,30,35,0.7,"[6.123906915070563, 29.13103175163269]"
F162013,30,35,0.8,"[6.123906915070563, 29.131033182144165]"
F162013,30,35,0.9,"[6.123906915070563, 29.131035327911377]"
F162013,30,35,1.0,"[6.123906915070563, 29.131036281585693]"
F162013,30,36,0.01,"[12.961626841062838, 0.8547561168670654]"
F162013,30,36,0.1,"[9.04104544697563, 6.995499849319458]"
F162013,30,36,0.2,"[6.950173040306197, 13.863755464553833]"
F162013,30,36,0.3,"[4.752043946861789, 20.66260552406311]"
F162013,30,36,0.4,"[4.6495959748898485, 27.38411021232605]"
F162013,30,36,0.5,"[4.604339262885759, 34.231647968292236]"
F162013,30,36,0.6,"[4.6042441097414155, 40.87794470787048]"
F162013,30,36,0.7,"[4.604232891493723, 44.73277187347412]"
F162013,30,36,0.8,"[4.604232891493723, 44.73277473449707]"
F162013,30,36,0.9,"[4.604232891493723, 44.732776403427124]"
F162013,30,36,1.0,"[4.604232891493723, 44.73277807235718]"
F162013,30,37,0.01,"[10.285211937218406, 0.8560395240783691]"
F162013,30,37,0.1,"[7.7144267520571645, 6.9832165241241455]"
F162013,30,37,0.2,"[7.617177214689747, 13.841001987457275]"
F162013,30,37,0.3,"[7.542996261823589, 20.630624055862427]"
F162013,30,37,0.4,"[7.542440394564522, 27.336613178253174]"
F162013,30,37,0.5,"[7.542253743923482, 34.17029881477356]"
F162013,30,37,0.6,"[7.541577450128102, 40.7927565574646]"
F162013,30,37,0.7,"[7.541126121026764, 47.436145067214966]"
F162013,30,37,0.8,"[7.541053165647611, 54.04050803184509]"
F162013,30,37,0.9,"[6.638377527565325, 60.85936403274536]"
F162013,30,37,1.0,"[6.462543160869558, 67.45131850242615]"
F162013,30,38,0.01,"[9.383120425215623, 0.8624517917633057]"
F162013,30,38,0.1,"[6.669584366920873, 7.001922845840454]"
F162013,30,38,0.2,"[6.028114203104707, 13.845965147018433]"
F162013,30,38,0.3,"[6.007090196941789, 20.619946241378784]"
F162013,30,38,0.4,"[6.007065189418711, 26.44625449180603]"
F162013,30,38,0.5,"[6.007065189418711, 26.446258068084717]"
F162013,30,38,0.6,"[6.007065189418711, 26.44625973701477]"
F162013,30,38,0.7,"[6.007065189418711, 26.446260929107666]"
F162013,30,38,0.8,"[6.007065189418711, 26.4462673664093]"
F162013,30,38,0.9,"[6.007065189418711, 26.446269273757935]"
F162013,30,38,1.0,"[6.007065189418711, 26.44627046585083]"
F162013,30,39,0.01,"[13.727609571359295, 0.8562626838684082]"
F162013,30,39,0.1,"[7.2824131065627284, 7.005778074264526]"
F162013,30,39,0.2,"[7.106742982636632, 13.900753736495972]"
F162013,30,39,0.3,"[6.84848821040228, 20.79753279685974]"
F162013,30,39,0.4,"[6.6396451558405545, 27.626766204833984]"
F162013,30,39,0.5,"[6.4992036071838015, 34.49562478065491]"
F162013,30,39,0.6,"[6.363478842663653, 41.13421273231506]"
F162013,30,39,0.7,"[6.333276671092733, 47.77680325508118]"
F162013,30,39,0.8,"[6.328130259439405, 54.36953163146973]"
F162013,30,39,0.9,"[6.327687218435614, 61.18427538871765]"
F162013,30,39,1.0,"[6.327624624506512, 67.79300141334534]"
F162013,30,40,0.01,"[9.143779061854048, 0.8548979759216309]"
F162013,30,40,0.1,"[5.725973822014225, 6.969419717788696]"
F162013,30,40,0.2,"[5.659277920863246, 13.859240531921387]"
F162013,30,40,0.3,"[5.6557340223456265, 20.701990842819214]"
F162013,30,40,0.4,"[5.648955302787357, 27.405874013900757]"
F162013,30,40,0.5,"[5.645556939711639, 34.2117862701416]"
F162013,30,40,0.6,"[5.645189323509527, 40.813682556152344]"
F162013,30,40,0.7,"[5.645189323509527, 41.239131689071655]"
F162013,30,40,0.8,"[5.645189323509527, 41.23913812637329]"
F162013,30,40,0.9,"[5.645189323509527, 41.2391402721405]"
F162013,30,40,1.0,"[5.645189323509527, 41.23914194107056]"
F162013,30,41,0.01,"[9.41615026737847, 0.8543076515197754]"
F162013,30,41,0.1,"[5.1558155273478405, 6.969895839691162]"
F162013,30,41,0.2,"[5.061709088255554, 13.87509536743164]"
F162013,30,41,0.3,"[5.055788211349352, 20.730635166168213]"
F162013,30,41,0.4,"[5.0556930553754285, 27.462590217590332]"
F162013,30,41,0.5,"[5.055670954187946, 34.27659726142883]"
F162013,30,41,0.6,"[5.055665793443666, 40.89624619483948]"
F162013,30,41,0.7,"[5.055665071885983, 44.95103669166565]"
F162013,30,41,0.8,"[5.055665071885983, 44.951043367385864]"
F162013,30,41,0.9,"[5.055665071885983, 44.951045513153076]"
F162013,30,41,1.0,"[5.055665071885983, 44.95104670524597]"
F162013,30,42,0.01,"[14.187384780837334, 0.8587677478790283]"
F162013,30,42,0.1,"[6.289259066534697, 6.945794343948364]"
F162013,30,42,0.2,"[6.27283322777302, 13.760082006454468]"
F162013,30,42,0.3,"[6.194969197435114, 20.510689973831177]"
F162013,30,42,0.4,"[6.034168781193387, 27.172770261764526]"
F162013,30,42,0.5,"[6.034149664775924, 33.97873854637146]"
F162013,30,42,0.6,"[6.034146283468999, 40.57018971443176]"
F162013,30,42,0.7,"[6.034143280509028, 47.15984487533569]"
F162013,30,42,0.8,"[6.034142860519609, 53.70324420928955]"
F162013,30,42,0.9,"[6.034142768783596, 57.506701707839966]"
F162013,30,42,1.0,"[6.034142768783596, 57.506704330444336]"
F162013,30,43,0.01,"[9.845209280808746, 0.8773014545440674]"
F162013,30,43,0.1,"[5.3795924326433635, 7.015913009643555]"
F162013,30,43,0.2,"[5.283167542519436, 13.887387990951538]"
F162013,30,43,0.3,"[4.7295256859849815, 20.670451164245605]"
F162013,30,43,0.4,"[3.512183117480731, 27.393359899520874]"
F162013,30,43,0.5,"[3.44546585851387, 34.20460057258606]"
F162013,30,43,0.6,"[3.443074834666504, 40.78356194496155]"
F162013,30,43,0.7,"[3.4070099572743118, 47.34611916542053]"
F162013,30,43,0.8,"[3.401880168471422, 53.86581993103027]"
F162013,30,43,0.9,"[3.4016380655263276, 60.60008788108826]"
F162013,30,43,1.0,"[3.4016303151734633, 67.0933780670166]"
F162013,30,44,0.01,"[14.709862102475341, 0.8506460189819336]"
F162013,30,44,0.1,"[9.582714980971133, 6.937991619110107]"
F162013,30,44,0.2,"[9.505314369276448, 13.765286922454834]"
F162013,30,44,0.3,"[9.495982952436492, 20.5857093334198]"
F162013,30,44,0.4,"[9.01043232357722, 27.308629274368286]"
F162013,30,44,0.5,"[7.030798064757505, 34.11748456954956]"
F162013,30,44,0.6,"[6.87051694123187, 40.69624090194702]"
F162013,30,44,0.7,"[6.870346721280356, 46.427552700042725]"
F162013,30,44,0.8,"[6.870346721280356, 46.427555561065674]"
F162013,30,44,0.9,"[6.870346721280356, 46.42755746841431]"
F162013,30,44,1.0,"[6.870346721280356, 46.4275586605072]"
F162013,30,45,0.01,"[7.679042616037265, 0.84700608253479]"
F162013,30,45,0.1,"[7.6130916947439005, 6.953093767166138]"
F162013,30,45,0.2,"[6.048844424635348, 13.783024311065674]"
F162013,30,45,0.3,"[5.4714476698896135, 20.602094173431396]"
F162013,30,45,0.4,"[5.423148275585163, 27.328726053237915]"
F162013,30,45,0.5,"[5.390196232083554, 34.11494207382202]"
F162013,30,45,0.6,"[5.34693445631072, 40.70275378227234]"
F162013,30,45,0.7,"[5.345288756937521, 47.26459765434265]"
F162013,30,45,0.8,"[5.334886152738136, 53.854008436203]"
F162013,30,45,0.9,"[5.332931470161441, 60.610251665115356]"
F162013,30,45,1.0,"[5.332892757460684, 67.13044548034668]"
F162013,30,46,0.01,"[8.162220436591383, 0.8532054424285889]"
F162013,30,46,0.1,"[8.133252326191212, 6.982873201370239]"
F162013,30,46,0.2,"[6.0624097606516045, 13.890159845352173]"
F162013,30,46,0.3,"[4.460149072678831, 20.75240397453308]"
F162013,30,46,0.4,"[3.973838143286997, 27.488016605377197]"
F162013,30,46,0.5,"[3.8833660071958036, 34.318264961242676]"
F162013,30,46,0.6,"[3.8694397333580355, 40.941091537475586]"
F162013,30,46,0.7,"[3.842342087159608, 47.56113386154175]"
F162013,30,46,0.8,"[3.8295883717426022, 54.13087010383606]"
F162013,30,46,0.9,"[3.786111963876749, 60.922465801239014]"
F162013,30,46,1.0,"[3.785406999527339, 67.4829614162445]"
F162013,30,47,0.01,"[10.856438528030594, 0.8479709625244141]"
F162013,30,47,0.1,"[8.307318095274155, 6.938021898269653]"
F162013,30,47,0.2,"[8.307318093755356, 8.25439977645874]"
F162013,30,47,0.3,"[8.307318093755356, 8.254406929016113]"
F162013,30,47,0.4,"[8.307318093755356, 8.254408836364746]"
F162013,30,47,0.5,"[8.307318093755356, 8.254414081573486]"
F162013,30,47,0.6,"[8.307318093755356, 8.254415512084961]"
F162013,30,47,0.7,"[8.307318093755356, 8.254417181015015]"
F162013,30,47,0.8,"[8.307318093755356, 8.254422426223755]"
F162013,30,47,0.9,"[8.307318093755356, 8.254424571990967]"
F162013,30,47,1.0,"[8.307318093755356, 8.254426002502441]"
F162013,30,48,0.01,"[7.93727915843985, 0.8755040168762207]"
F162013,30,48,0.1,"[6.340675122320533, 6.90425705909729]"
F162013,30,48,0.2,"[6.1371485065029105, 13.564237833023071]"
F162013,30,48,0.3,"[5.980188675960449, 20.14584732055664]"
F162013,30,48,0.4,"[5.938396734077486, 26.637362718582153]"
F162013,30,48,0.5,"[5.936825666237127, 33.252291679382324]"
F162013,30,48,0.6,"[5.926396351577722, 39.69674754142761]"
F162013,30,48,0.7,"[5.926386689419843, 46.14164733886719]"
F162013,30,48,0.8,"[5.926386668720568, 46.34855389595032]"
F162013,30,48,0.9,"[5.926386668720568, 46.34855628013611]"
F162013,30,48,1.0,"[5.926386668720568, 46.34855771064758]"
F162013,30,49,0.01,"[7.308845899233887, 0.8733599185943604]"
F162013,30,49,0.1,"[5.911246815164077, 6.9814231395721436]"
F162013,30,49,0.2,"[5.903417023682266, 13.638118505477905]"
F162013,30,49,0.3,"[5.9034128457468, 20.275987148284912]"
F162013,30,49,0.4,"[5.044321093156384, 26.770399808883667]"
F162013,30,49,0.5,"[5.041811543152022, 33.46541666984558]"
F162013,30,49,0.6,"[4.48236757794632, 39.9584379196167]"
F162013,30,49,0.7,"[4.415851462406806, 46.438854694366455]"
F162013,30,49,0.8,"[4.3949581121812855, 52.887669801712036]"
F162013,30,49,0.9,"[4.393325561907744, 59.544865131378174]"
F162013,30,49,1.0,"[4.392325721341109, 66.00101470947266]"
F162013,30,50,0.01,"[11.50872162810822, 0.8832447528839111]"
F162013,30,50,0.1,"[9.371596498322504, 6.939244270324707]"
F162013,30,50,0.2,"[6.1578217001020334, 13.495404243469238]"
F162013,30,50,0.3,"[6.157520835971553, 19.966557264328003]"
F162013,30,50,0.4,"[6.157520823968696, 22.457669019699097]"
F162013,30,50,0.5,"[6.157520823968696, 22.457672357559204]"
F162013,30,50,0.6,"[6.157520823968696, 22.457674026489258]"
F162013,30,50,0.7,"[6.157520823968696, 22.457675457000732]"
F162013,30,50,0.8,"[6.157520823968696, 22.457676649093628]"
F162013,30,50,0.9,"[6.157520823968696, 22.45767831802368]"
F162013,30,50,1.0,"[6.157520823968696, 22.457679510116577]"
F162013,50,0,0.01,"[10.439337209994846, 1.1516454219818115]"
F162013,50,0,0.1,"[9.288759525069167, 11.903882265090942]"
F162013,50,0,0.2,"[9.044921128816895, 23.268327236175537]"
F162013,50,0,0.3,"[9.044768606173164, 34.63295292854309]"
F162013,50,0,0.4,"[9.044768499159858, 46.05420255661011]"
F162013,50,0,0.5,"[9.044768382833695, 56.852659702301025]"
F162013,50,0,0.6,"[9.044768382833695, 56.852662563323975]"
F162013,50,0,0.7,"[9.044768382833695, 56.852664947509766]"
F162013,50,0,0.8,"[9.044768382833695, 56.85266613960266]"
F162013,50,0,0.9,"[9.044768382833695, 56.85266733169556]"
F162013,50,0,1.0,"[9.044768382833695, 56.85266900062561]"
F162013,50,1,0.01,"[13.507152740713991, 1.1746420860290527]"
F162013,50,1,0.1,"[10.290780146677008, 12.032246589660645]"
F162013,50,1,0.2,"[9.400452013883978, 23.546363592147827]"
F162013,50,1,0.3,"[9.3511581246876, 34.98688864707947]"
F162013,50,1,0.4,"[9.317020039348051, 46.50406336784363]"
F162013,50,1,0.5,"[7.420297406922401, 58.5536904335022]"
F162013,50,1,0.6,"[7.0871355307249075, 69.89959216117859]"
F162013,50,1,0.7,"[6.939939114972191, 81.1563630104065]"
F162013,50,1,0.8,"[6.935944467354005, 92.16480159759521]"
F162013,50,1,0.9,"[6.934640006082645, 103.81457471847534]"
F162013,50,1,1.0,"[6.934556634985057, 114.86811637878418]"
F162013,50,2,0.01,"[9.668090296300505, 1.1622788906097412]"
F162013,50,2,0.1,"[7.99111203779745, 11.95185661315918]"
F162013,50,2,0.2,"[7.833732792535869, 23.339824676513672]"
F162013,50,2,0.3,"[7.82465781536024, 34.770055532455444]"
F162013,50,2,0.4,"[7.090520777755017, 46.19985222816467]"
F162013,50,2,0.5,"[6.973427152840458, 58.212939500808716]"
F162013,50,2,0.6,"[6.970718805948366, 69.4752094745636]"
F162013,50,2,0.7,"[6.94328717649168, 80.64551544189453]"
F162013,50,2,0.8,"[6.933381477127796, 91.6535575389862]"
F162013,50,2,0.9,"[6.933364543453166, 103.23574900627136]"
F162013,50,2,1.0,"[6.926809977397767, 114.21494150161743]"
F162013,50,3,0.01,"[12.082949405086083, 1.149937629699707]"
F162013,50,3,0.1,"[8.709493807328755, 7.733614921569824]"
F162013,50,3,0.2,"[8.709493807328755, 7.7336180210113525]"
F162013,50,3,0.3,"[8.709493807328755, 7.733619928359985]"
F162013,50,3,0.4,"[8.709493807328755, 7.733625173568726]"
F162013,50,3,0.5,"[8.709493807328755, 7.7336273193359375]"
F162013,50,3,0.6,"[8.709493807328755, 7.733628749847412]"
F162013,50,3,0.7,"[8.709493807328755, 7.733630180358887]"
F162013,50,3,0.8,"[8.709493807328755, 7.73363184928894]"
F162013,50,3,0.9,"[8.709493807328755, 7.733633518218994]"
F162013,50,3,1.0,"[8.709493807328755, 7.733635187149048]"
F162013,50,4,0.01,"[12.801967642678335, 1.1512527465820312]"
F162013,50,4,0.1,"[8.20115747120127, 11.848167181015015]"
F162013,50,4,0.2,"[6.019616621407266, 23.257631063461304]"
F162013,50,4,0.3,"[5.461764989783205, 34.61192512512207]"
F162013,50,4,0.4,"[5.380117138874795, 46.04991364479065]"
F162013,50,4,0.5,"[5.169917596121479, 58.034685134887695]"
F162013,50,4,0.6,"[5.163664625515764, 69.30141067504883]"
F162013,50,4,0.7,"[5.040547153152545, 80.48363780975342]"
F162013,50,4,0.8,"[5.021179621975961, 91.50945234298706]"
F162013,50,4,0.9,"[5.01881813871907, 103.12342858314514]"
F162013,50,4,1.0,"[5.017345619787704, 114.129549741745]"
F162013,50,5,0.01,"[8.554559361420843, 1.1635761260986328]"
F162013,50,5,0.1,"[6.5172434534925685, 12.013892412185669]"
F162013,50,5,0.2,"[5.731786058571629, 23.453749656677246]"
F162013,50,5,0.3,"[5.184818084808711, 34.90542244911194]"
F162013,50,5,0.4,"[4.398056872592321, 46.43407464027405]"
F162013,50,5,0.5,"[4.281885073651807, 58.50711536407471]"
F162013,50,5,0.6,"[4.268144829903406, 69.96540355682373]"
F162013,50,5,0.7,"[4.268142230935354, 81.28308892250061]"
F162013,50,5,0.8,"[4.268138205235061, 92.47551274299622]"
F162013,50,5,0.9,"[4.236047240199355, 104.24153304100037]"
F162013,50,5,1.0,"[4.22670096471856, 115.84594869613647]"
F162013,50,6,0.01,"[11.633819831439467, 1.1582541465759277]"
F162013,50,6,0.1,"[8.785051431849752, 11.954316854476929]"
F162013,50,6,0.2,"[7.63897873629719, 23.362834692001343]"
F162013,50,6,0.3,"[7.514879489295765, 34.763505935668945]"
F162013,50,6,0.4,"[7.170580286622567, 46.23058009147644]"
F162013,50,6,0.5,"[7.147342535519925, 58.219581842422485]"
F162013,50,6,0.6,"[7.147143433411117, 69.53039026260376]"
F162013,50,6,0.7,"[7.147140590700218, 80.71787571907043]"
F162013,50,6,0.8,"[7.1471405906972905, 85.91142296791077]"
F162013,50,6,0.9,"[7.1471405906972905, 85.91142630577087]"
F162013,50,6,1.0,"[7.1471405906972905, 85.9114282131195]"
F162013,50,7,0.01,"[11.187046117856823, 1.2234852313995361]"
F162013,50,7,0.1,"[7.927243789779737, 11.9923837184906]"
F162013,50,7,0.2,"[7.737475614600783, 23.369245290756226]"
F162013,50,7,0.3,"[6.789691152925542, 34.774230003356934]"
F162013,50,7,0.4,"[6.764392856606861, 46.26168370246887]"
F162013,50,7,0.5,"[6.762555053143842, 58.271071434020996]"
F162013,50,7,0.6,"[6.762531146681795, 69.5769259929657]"
F162013,50,7,0.7,"[6.762527256925438, 77.24489974975586]"
F162013,50,7,0.8,"[6.762527256925438, 77.24490284919739]"
F162013,50,7,0.9,"[6.762527256925438, 77.24490475654602]"
F162013,50,7,1.0,"[6.762527256925438, 77.2449061870575]"
F162013,50,8,0.01,"[14.426910596410522, 1.1576285362243652]"
F162013,50,8,0.1,"[8.169258588069653, 11.79932713508606]"
F162013,50,8,0.2,"[8.149905233580455, 23.14345645904541]"
F162013,50,8,0.3,"[8.142549239769323, 34.43876671791077]"
F162013,50,8,0.4,"[8.141430063105645, 45.81233477592468]"
F162013,50,8,0.5,"[7.599409771533914, 57.70238709449768]"
F162013,50,8,0.6,"[7.568409014291433, 68.91418766975403]"
F162013,50,8,0.7,"[7.564569247145869, 80.01623344421387]"
F162013,50,8,0.8,"[7.564537988973058, 90.96229195594788]"
F162013,50,8,0.9,"[7.564537988973058, 101.92019701004028]"
F162013,50,8,1.0,"[7.564537988973058, 101.92020320892334]"
F162013,50,9,0.01,"[12.456694216868556, 1.1625018119812012]"
F162013,50,9,0.1,"[9.259211224450695, 12.006462335586548]"
F162013,50,9,0.2,"[7.595807066573315, 23.55744504928589]"
F162013,50,9,0.3,"[6.45972439192235, 35.110207080841064]"
F162013,50,9,0.4,"[6.420370198369056, 46.66686463356018]"
F162013,50,9,0.5,"[6.363020763337033, 58.832513093948364]"
F162013,50,9,0.6,"[6.28330201348524, 70.3182442188263]"
F162013,50,9,0.7,"[6.242729723924015, 81.68399930000305]"
F162013,50,9,0.8,"[5.975883628525935, 92.9617908000946]"
F162013,50,9,0.9,"[5.38056544962015, 104.76124215126038]"
F162013,50,9,1.0,"[5.37069878791624, 115.78650188446045]"
F162013,50,10,0.01,"[13.533111537398014, 1.1553411483764648]"
F162013,50,10,0.1,"[9.671349999554423, 11.899717092514038]"
F162013,50,10,0.2,"[9.00116145070001, 23.2523775100708]"
F162013,50,10,0.3,"[8.992552408010567, 34.60415959358215]"
F162013,50,10,0.4,"[8.980316555088251, 46.01731252670288]"
F162013,50,10,0.5,"[7.709149313129814, 57.968358278274536]"
F162013,50,10,0.6,"[7.694494251500316, 69.20921492576599]"
F162013,50,10,0.7,"[7.688607667446206, 80.34183692932129]"
F162013,50,10,0.8,"[7.688457205052487, 91.25420236587524]"
F162013,50,10,0.9,"[7.68809855259974, 102.80883431434631]"
F162013,50,10,1.0,"[7.6878771747337, 113.76862144470215]"
F162013,50,11,0.01,"[12.404891164139798, 1.183974027633667]"
F162013,50,11,0.1,"[9.085169974928505, 11.885190725326538]"
F162013,50,11,0.2,"[9.051756772746472, 23.262748956680298]"
F162013,50,11,0.3,"[9.049668863082616, 34.60282778739929]"
F162013,50,11,0.4,"[9.049504436985274, 46.037776947021484]"
F162013,50,11,0.5,"[9.049462567758354, 57.975637435913086]"
F162013,50,11,0.6,"[8.965274622987522, 69.23048639297485]"
F162013,50,11,0.7,"[8.965274622987522, 70.41387867927551]"
F162013,50,11,0.8,"[8.965274622987522, 70.41388130187988]"
F162013,50,11,0.9,"[8.965274622987522, 70.41388320922852]"
F162013,50,11,1.0,"[8.965274622987522, 70.41388463973999]"
F162013,50,12,0.01,"[6.878115115168214, 1.1515469551086426]"
F162013,50,12,0.1,"[4.652500291640706, 11.97411561012268]"
F162013,50,12,0.2,"[4.642338569583586, 23.298898935317993]"
F162013,50,12,0.3,"[4.628976975435421, 34.624356746673584]"
F162013,50,12,0.4,"[4.527668986715952, 45.99992275238037]"
F162013,50,12,0.5,"[4.518429106405705, 57.92668437957764]"
F162013,50,12,0.6,"[4.518354742785846, 69.13826870918274]"
F162013,50,12,0.7,"[4.509582147384322, 80.26222920417786]"
F162013,50,12,0.8,"[4.508494022541868, 91.1662425994873]"
F162013,50,12,0.9,"[4.507408356446689, 102.71893095970154]"
F162013,50,12,1.0,"[4.507364735454246, 113.6739490032196]"
F162013,50,13,0.01,"[14.387593312112756, 1.1568474769592285]"
F162013,50,13,0.1,"[7.582517650496982, 12.017567873001099]"
F162013,50,13,0.2,"[6.032597537282044, 23.470181465148926]"
F162013,50,13,0.3,"[5.76928840244679, 34.92723202705383]"
F162013,50,13,0.4,"[5.769264245292419, 46.444557189941406]"
F162013,50,13,0.5,"[5.673007451314987, 58.52394199371338]"
F162013,50,13,0.6,"[5.6283611426398465, 69.95043754577637]"
F162013,50,13,0.7,"[5.609178111746729, 81.27711987495422]"
F162013,50,13,0.8,"[5.595991119325987, 92.47814655303955]"
F162013,50,13,0.9,"[5.593318362827944, 104.2830593585968]"
F162013,50,13,1.0,"[5.593307775157399, 115.30363273620605]"
F162013,50,14,0.01,"[14.04409812352688, 1.1516566276550293]"
F162013,50,14,0.1,"[7.50421274667832, 11.994436264038086]"
F162013,50,14,0.2,"[7.122213736006103, 23.468409061431885]"
F162013,50,14,0.3,"[6.224091158717044, 34.99090385437012]"
F162013,50,14,0.4,"[5.768218693927537, 46.507983922958374]"
F162013,50,14,0.5,"[5.350139112217079, 58.63404726982117]"
F162013,50,14,0.6,"[5.236059934638661, 70.09266877174377]"
F162013,50,14,0.7,"[5.227251917161055, 81.42920422554016]"
F162013,50,14,0.8,"[5.2266413227554835, 92.64470720291138]"
F162013,50,14,0.9,"[5.226567351233854, 104.40814447402954]"
F162013,50,14,1.0,"[5.22656696572534, 113.67151618003845]"
F162013,50,15,0.01,"[11.015720475264061, 1.1546485424041748]"
F162013,50,15,0.1,"[6.714754755573182, 11.946811437606812]"
F162013,50,15,0.2,"[6.225896796506618, 23.35547637939453]"
F162013,50,15,0.3,"[6.219826030317705, 34.83115553855896]"
F162013,50,15,0.4,"[6.219826030317705, 45.09707188606262]"
F162013,50,15,0.5,"[6.219826030317705, 45.09707570075989]"
F162013,50,15,0.6,"[6.219826030317705, 45.09707736968994]"
F162013,50,15,0.7,"[6.219826030317705, 45.097079038619995]"
F162013,50,15,0.8,"[6.219826030317705, 45.09708070755005]"
F162013,50,15,0.9,"[6.219826030317705, 45.09708261489868]"
F162013,50,15,1.0,"[6.219826030317705, 45.097092390060425]"
F162013,50,16,0.01,"[12.709926542564347, 1.1528942584991455]"
F162013,50,16,0.1,"[8.1597679393941, 11.894006729125977]"
F162013,50,16,0.2,"[8.159689766098808, 23.266279697418213]"
F162013,50,16,0.3,"[6.12677446547454, 34.66362929344177]"
F162013,50,16,0.4,"[6.12677446547454, 46.06549644470215]"
F162013,50,16,0.5,"[6.106256254892116, 58.04188680648804]"
F162013,50,16,0.6,"[6.0996141295238715, 69.26807904243469]"
F162013,50,16,0.7,"[6.099489614977244, 80.38668966293335]"
F162013,50,16,0.8,"[6.0992860580358865, 91.29201149940491]"
F162013,50,16,0.9,"[6.099283592910666, 102.82686471939087]"
F162013,50,16,1.0,"[6.099283592910666, 111.46412205696106]"
F162013,50,17,0.01,"[10.768772134938501, 1.1527180671691895]"
F162013,50,17,0.1,"[6.999947288581552, 11.927356004714966]"
F162013,50,17,0.2,"[6.449420684671168, 23.337666988372803]"
F162013,50,17,0.3,"[6.318361686104595, 34.79712700843811]"
F162013,50,17,0.4,"[6.3015233289726496, 46.22337889671326]"
F162013,50,17,0.5,"[6.297592330231225, 58.271907329559326]"
F162013,50,17,0.6,"[6.297259195167612, 69.53426051139832]"
F162013,50,17,0.7,"[6.296664234258429, 80.73154616355896]"
F162013,50,17,0.8,"[6.296644688368502, 91.69869565963745]"
F162013,50,17,0.9,"[6.296585349164076, 103.27449154853821]"
F162013,50,17,1.0,"[6.29658064361351, 114.24397444725037]"
F162013,50,18,0.01,"[9.128063965009886, 1.1553897857666016]"
F162013,50,18,0.1,"[6.171869129487675, 12.02090072631836]"
F162013,50,18,0.2,"[6.053357582119048, 23.47702980041504]"
F162013,50,18,0.3,"[6.009000844368899, 34.91433358192444]"
F162013,50,18,0.4,"[6.008193539769962, 46.42475247383118]"
F162013,50,18,0.5,"[6.007985025774815, 58.49727535247803]"
F162013,50,18,0.6,"[6.006827385073848, 69.92632102966309]"
F162013,50,18,0.7,"[5.975734665875422, 81.23379254341125]"
F162013,50,18,0.8,"[5.536695873199875, 92.38267302513123]"
F162013,50,18,0.9,"[5.519450796505197, 104.1290020942688]"
F162013,50,18,1.0,"[5.273775214645951, 115.10601329803467]"
F162013,50,19,0.01,"[11.326371044583993, 1.1432485580444336]"
F162013,50,19,0.1,"[6.730068661788664, 11.90973949432373]"
F162013,50,19,0.2,"[6.226702815128476, 23.315157175064087]"
F162013,50,19,0.3,"[6.105309516467031, 34.77329921722412]"
F162013,50,19,0.4,"[6.103596618260497, 46.233635663986206]"
F162013,50,19,0.5,"[6.0849231408757305, 58.23468804359436]"
F162013,50,19,0.6,"[6.0679517006637695, 69.6171383857727]"
F162013,50,19,0.7,"[6.06755748514766, 80.83452367782593]"
F162013,50,19,0.8,"[6.031054452876731, 91.75288939476013]"
F162013,50,19,0.9,"[6.024688844650598, 103.24170017242432]"
F162013,50,19,1.0,"[6.024343644395088, 114.16857242584229]"
F162013,50,20,0.01,"[14.611655816012814, 1.153874397277832]"
F162013,50,20,0.1,"[9.206795540944029, 12.00030255317688]"
F162013,50,20,0.2,"[8.41589486497628, 23.53338599205017]"
F162013,50,20,0.3,"[8.186476228276234, 35.094276666641235]"
F162013,50,20,0.4,"[8.181243875057703, 46.66810941696167]"
F162013,50,20,0.5,"[8.168619167389153, 58.83668351173401]"
F162013,50,20,0.6,"[8.152648433641644, 70.29554104804993]"
F162013,50,20,0.7,"[8.145454836475636, 81.63432431221008]"
F162013,50,20,0.8,"[8.129054037840433, 92.87847948074341]"
F162013,50,20,0.9,"[8.014266433516013, 104.65417432785034]"
F162013,50,20,1.0,"[8.008583978654741, 115.66730070114136]"
F162013,50,21,0.01,"[9.49000140609067, 1.156881332397461]"
F162013,50,21,0.1,"[5.040599525872096, 12.02590012550354]"
F162013,50,21,0.2,"[4.91879626631831, 23.52152943611145]"
F162013,50,21,0.3,"[4.839448178437635, 35.02835130691528]"
F162013,50,21,0.4,"[4.575668716498029, 46.56484794616699]"
F162013,50,21,0.5,"[4.529484367553948, 58.715877294540405]"
F162013,50,21,0.6,"[4.519958431414324, 70.13993668556213]"
F162013,50,21,0.7,"[4.51748559262731, 81.44631123542786]"
F162013,50,21,0.8,"[4.512955134005466, 92.69515252113342]"
F162013,50,21,0.9,"[4.512941389581016, 104.48415660858154]"
F162013,50,21,1.0,"[4.512940134891721, 108.533518075943]"
F162013,50,22,0.01,"[9.37454554735686, 1.1344707012176514]"
F162013,50,22,0.1,"[8.411649782317681, 11.902138471603394]"
F162013,50,22,0.2,"[7.847155053902156, 23.226545095443726]"
F162013,50,22,0.3,"[7.839702726849339, 34.65711426734924]"
F162013,50,22,0.4,"[7.692453020369072, 46.102375984191895]"
F162013,50,22,0.5,"[7.692405857518082, 58.095282793045044]"
F162013,50,22,0.6,"[7.691105557170175, 69.33596396446228]"
F162013,50,22,0.7,"[7.662021678886418, 80.52058529853821]"
F162013,50,22,0.8,"[7.105259855235744, 91.48474335670471]"
F162013,50,22,0.9,"[6.801645405076158, 103.07525777816772]"
F162013,50,22,1.0,"[6.692181262591873, 114.08867120742798]"
F162013,50,23,0.01,"[9.351855144237561, 1.1570899486541748]"
F162013,50,23,0.1,"[7.727752957438042, 12.040111303329468]"
F162013,50,23,0.2,"[5.753595042119116, 23.518378496170044]"
F162013,50,23,0.3,"[5.13805271925321, 35.053372383117676]"
F162013,50,23,0.4,"[5.043189522765317, 46.58096170425415]"
F162013,50,23,0.5,"[5.034662940514039, 58.73887801170349]"
F162013,50,23,0.6,"[5.033673576144537, 70.17048454284668]"
F162013,50,23,0.7,"[4.819038795637653, 81.48316884040833]"
F162013,50,23,0.8,"[4.809510837568041, 92.65322947502136]"
F162013,50,23,0.9,"[4.728245509168573, 104.42845344543457]"
F162013,50,23,1.0,"[4.682372092269475, 115.4120671749115]"
F162013,50,24,0.01,"[15.431916573423678, 1.162785530090332]"
F162013,50,24,0.1,"[8.770985653683226, 12.081661939620972]"
F162013,50,24,0.2,"[8.597581606804482, 23.642637252807617]"
F162013,50,24,0.3,"[7.1732915179433405, 35.21720790863037]"
F162013,50,24,0.4,"[6.461025209083999, 46.754411697387695]"
F162013,50,24,0.5,"[6.392031964062795, 58.91346764564514]"
F162013,50,24,0.6,"[6.347760200531525, 70.36848044395447]"
F162013,50,24,0.7,"[6.340182882067353, 81.71518540382385]"
F162013,50,24,0.8,"[6.338391266943063, 92.99734783172607]"
F162013,50,24,0.9,"[6.338087777907958, 104.72867774963379]"
F162013,50,24,1.0,"[6.3380792522685, 115.70274662971497]"
F162013,50,25,0.01,"[15.353896195863626, 1.1572918891906738]"
F162013,50,25,0.1,"[6.145413244560643, 12.023146867752075]"
F162013,50,25,0.2,"[5.084605200955224, 23.509424209594727]"
F162013,50,25,0.3,"[4.868972902789039, 35.04146957397461]"
F162013,50,25,0.4,"[3.6478452105413055, 46.533435583114624]"
F162013,50,25,0.5,"[3.61519294492669, 58.60408139228821]"
F162013,50,25,0.6,"[3.5448906126874817, 69.91236329078674]"
F162013,50,25,0.7,"[3.532481063984676, 81.09701037406921]"
F162013,50,25,0.8,"[3.517211017649174, 92.12950587272644]"
F162013,50,25,0.9,"[3.517016675601809, 103.69315147399902]"
F162013,50,25,1.0,"[3.5168830340404895, 114.64434385299683]"
F162013,50,26,0.01,"[15.966653026936228, 1.1522564888000488]"
F162013,50,26,0.1,"[8.348934323483633, 11.887159824371338]"
F162013,50,26,0.2,"[6.2536207569159785, 23.23063039779663]"
F162013,50,26,0.3,"[6.250252687206711, 34.61938166618347]"
F162013,50,26,0.4,"[6.2494404864771695, 45.99535870552063]"
F162013,50,26,0.5,"[6.249216135681365, 57.96831464767456]"
F162013,50,26,0.6,"[6.221382067615679, 69.18502569198608]"
F162013,50,26,0.7,"[6.056316554321171, 80.31982350349426]"
F162013,50,26,0.8,"[6.040401535714892, 91.18283152580261]"
F162013,50,26,0.9,"[6.039913897504164, 102.69386315345764]"
F162013,50,26,1.0,"[6.039166615513238, 113.60580062866211]"
F162013,50,27,0.01,"[14.699591265849733, 1.1478276252746582]"
F162013,50,27,0.1,"[10.088228390177903, 11.880014181137085]"
F162013,50,27,0.2,"[8.805582614705514, 23.26302981376648]"
F162013,50,27,0.3,"[8.52311910280946, 34.670981645584106]"
F162013,50,27,0.4,"[8.441064266760463, 46.08690023422241]"
F162013,50,27,0.5,"[8.308104252035093, 58.079012870788574]"
F162013,50,27,0.6,"[8.2768152718252, 69.3137583732605]"
F162013,50,27,0.7,"[8.275183130747735, 80.45406889915466]"
F162013,50,27,0.8,"[8.275156237533452, 91.35444402694702]"
F162013,50,27,0.9,"[8.274776918669374, 102.8845784664154]"
F162013,50,27,1.0,"[8.274766851287154, 113.82681059837341]"
F162013,50,28,0.01,"[12.005410434141396, 1.199676752090454]"
F162013,50,28,0.1,"[7.471996665007765, 12.00585389137268]"
F162013,50,28,0.2,"[7.005076113883661, 23.38104248046875]"
F162013,50,28,0.3,"[6.7025242921533845, 34.77694082260132]"
F162013,50,28,0.4,"[4.5799221858406725, 46.16439747810364]"
F162013,50,28,0.5,"[4.222416818961449, 58.13177800178528]"
F162013,50,28,0.6,"[4.15163770700147, 69.34359645843506]"
F162013,50,28,0.7,"[4.130849554012201, 80.4566125869751]"
F162013,50,28,0.8,"[4.126353677172716, 91.38872981071472]"
F162013,50,28,0.9,"[4.126200913700103, 102.83607649803162]"
F162013,50,28,1.0,"[4.126080845016986, 113.69358992576599]"
F162013,50,29,0.01,"[14.698009608000632, 1.1700797080993652]"
F162013,50,29,0.1,"[5.91357204566134, 11.89398980140686]"
F162013,50,29,0.2,"[5.192184338811273, 23.175970315933228]"
F162013,50,29,0.3,"[5.123402918551477, 34.506263256073]"
F162013,50,29,0.4,"[4.9636069042803115, 45.83239674568176]"
F162013,50,29,0.5,"[4.935470762241579, 57.744335889816284]"
F162013,50,29,0.6,"[4.888504812484541, 68.93740963935852]"
F162013,50,29,0.7,"[4.887788589591906, 80.01706910133362]"
F162013,50,29,0.8,"[4.876076002095431, 90.87031507492065]"
F162013,50,29,0.9,"[4.832923217589979, 102.34716606140137]"
F162013,50,29,1.0,"[4.8298849292859245, 113.21825981140137]"
F162013,50,30,0.01,"[9.601951352423242, 1.1345524787902832]"
F162013,50,30,0.1,"[6.179699435668482, 11.993860483169556]"
F162013,50,30,0.2,"[6.157742447568438, 23.299260139465332]"
F162013,50,30,0.3,"[5.724322105505735, 34.66516876220703]"
F162013,50,30,0.4,"[5.617605057528095, 46.04641127586365]"
F162013,50,30,0.5,"[5.547343666485062, 57.976505517959595]"
F162013,50,30,0.6,"[5.525757103067974, 69.16562271118164]"
F162013,50,30,0.7,"[5.5163375974318285, 80.26882576942444]"
F162013,50,30,0.8,"[5.513104925048253, 91.15423583984375]"
F162013,50,30,0.9,"[5.507036453243984, 102.63849997520447]"
F162013,50,30,1.0,"[5.506882249747321, 113.5284526348114]"
F162013,50,31,0.01,"[10.648841580091954, 1.1896495819091797]"
F162013,50,31,0.1,"[8.935446287491715, 12.062268495559692]"
F162013,50,31,0.2,"[6.366525670250667, 23.4923894405365]"
F162013,50,31,0.3,"[6.345078589374538, 34.978800535202026]"
F162013,50,31,0.4,"[5.826646446042872, 46.47447204589844]"
F162013,50,31,0.5,"[5.780810256085346, 58.504809856414795]"
F162013,50,31,0.6,"[5.431329194968043, 69.93432641029358]"
F162013,50,31,0.7,"[5.4248467882067075, 81.23139953613281]"
F162013,50,31,0.8,"[5.273499691331494, 92.3768367767334]"
F162013,50,31,0.9,"[5.242959065050712, 104.12848830223083]"
F162013,50,31,1.0,"[3.7251212696622247, 115.10780215263367]"
F162013,50,32,0.01,"[13.693799579058037, 1.138181447982788]"
F162013,50,32,0.1,"[10.490345330827552, 11.940426588058472]"
F162013,50,32,0.2,"[9.699633491141583, 23.294504642486572]"
F162013,50,32,0.3,"[7.201728989347998, 34.708887815475464]"
F162013,50,32,0.4,"[6.773760607902545, 46.12981295585632]"
F162013,50,32,0.5,"[6.280919263907947, 58.13157296180725]"
F162013,50,32,0.6,"[6.077276967022215, 69.45616745948792]"
F162013,50,32,0.7,"[6.069240144426715, 80.65503764152527]"
F162013,50,32,0.8,"[6.066537737656347, 91.71585130691528]"
F162013,50,32,0.9,"[6.006616205361354, 103.38772678375244]"
F162013,50,32,1.0,"[6.001915741629745, 114.27401041984558]"
F162013,50,33,0.01,"[9.428926108947223, 1.1430370807647705]"
F162013,50,33,0.1,"[6.548020709453397, 12.028704404830933]"
F162013,50,33,0.2,"[6.3433553471950574, 23.45307683944702]"
F162013,50,33,0.3,"[6.3384898778954835, 34.90365028381348]"
F162013,50,33,0.4,"[6.173088549669217, 46.34259605407715]"
F162013,50,33,0.5,"[5.666441851978533, 58.36665391921997]"
F162013,50,33,0.6,"[5.0241581449894, 69.72879600524902]"
F162013,50,33,0.7,"[4.977288156787239, 80.97570157051086]"
F162013,50,33,0.8,"[4.977050038295829, 92.10585045814514]"
F162013,50,33,0.9,"[4.976903663060114, 103.82252931594849]"
F162013,50,33,1.0,"[4.97685537496011, 114.75656986236572]"
F162013,50,34,0.01,"[9.410508111879722, 1.152641773223877]"
F162013,50,34,0.1,"[9.158700177526839, 12.111209869384766]"
F162013,50,34,0.2,"[8.597306494678037, 23.60931158065796]"
F162013,50,34,0.3,"[7.831414430135197, 35.14473032951355]"
F162013,50,34,0.4,"[7.583645263085714, 46.69871687889099]"
F162013,50,34,0.5,"[7.5460429092501045, 58.88498020172119]"
F162013,50,34,0.6,"[7.4969647600418625, 70.33819389343262]"
F162013,50,34,0.7,"[7.196739355887928, 81.66295862197876]"
F162013,50,34,0.8,"[7.166213627031908, 92.91788172721863]"
F162013,50,34,0.9,"[7.166160162718626, 105.0014967918396]"
F162013,50,34,1.0,"[7.166160162718626, 105.65848016738892]"
F162013,50,35,0.01,"[9.943337062284769, 1.3829917907714844]"
F162013,50,35,0.1,"[4.679396048812208, 13.726524353027344]"
F162013,50,35,0.2,"[4.5325498842411776, 26.693978548049927]"
F162013,50,35,0.3,"[4.3359968654655745, 39.712422609329224]"
F162013,50,35,0.4,"[4.267774913483777, 52.733798027038574]"
F162013,50,35,0.5,"[4.188608018111751, 65.61882281303406]"
F162013,50,35,0.6,"[3.533111073212609, 76.80026865005493]"
F162013,50,35,0.7,"[3.3648320308947746, 87.78487133979797]"
F162013,50,35,0.8,"[3.257605657164305, 98.71270322799683]"
F162013,50,35,0.9,"[3.2571704837466484, 110.20854210853577]"
F162013,50,35,1.0,"[3.256660716469611, 121.08716130256653]"
F162013,50,36,0.01,"[15.094431321899634, 1.1448230743408203]"
F162013,50,36,0.1,"[10.315740967112959, 12.046615362167358]"
F162013,50,36,0.2,"[9.075054493247563, 23.55775260925293]"
F162013,50,36,0.3,"[8.338795662961758, 35.086384773254395]"
F162013,50,36,0.4,"[8.225265223441909, 46.61315107345581]"
F162013,50,36,0.5,"[8.151494605940712, 58.73231101036072]"
F162013,50,36,0.6,"[8.147558456880915, 70.19537401199341]"
F162013,50,36,0.7,"[7.930197455545056, 81.52359914779663]"
F162013,50,36,0.8,"[7.058114071416412, 92.76149296760559]"
F162013,50,36,0.9,"[6.9908386484341065, 104.45726490020752]"
F162013,50,36,1.0,"[6.6327867564193355, 115.38946175575256]"
F162013,50,37,0.01,"[13.917019782999574, 1.2178194522857666]"
F162013,50,37,0.1,"[6.688015318909692, 11.964904546737671]"
F162013,50,37,0.2,"[5.363476563786577, 23.26433253288269]"
F162013,50,37,0.3,"[5.342395336716663, 34.61369037628174]"
F162013,50,37,0.4,"[5.293399461786947, 45.962544679641724]"
F162013,50,37,0.5,"[5.290176662456361, 57.92404270172119]"
F162013,50,37,0.6,"[5.283694151269685, 69.13332509994507]"
F162013,50,37,0.7,"[5.283399543414788, 80.2450680732727]"
F162013,50,37,0.8,"[5.283355728804395, 91.11512851715088]"
F162013,50,37,0.9,"[5.276998383675391, 102.61683988571167]"
F162013,50,37,1.0,"[5.276997354325346, 113.53969979286194]"
F162013,50,38,0.01,"[14.546257874705844, 1.1971335411071777]"
F162013,50,38,0.1,"[10.189562655694402, 12.025804281234741]"
F162013,50,38,0.2,"[9.219473124008573, 23.400261878967285]"
F162013,50,38,0.3,"[9.219470993622167, 28.194493055343628]"
F162013,50,38,0.4,"[9.219470993622167, 28.19450044631958]"
F162013,50,38,0.5,"[9.219470993622167, 28.19450283050537]"
F162013,50,38,0.6,"[9.219470993622167, 28.194504022598267]"
F162013,50,38,0.7,"[9.219470993622167, 28.194510221481323]"
F162013,50,38,0.8,"[9.219470993622167, 28.194511651992798]"
F162013,50,38,0.9,"[9.219470993622167, 28.19451332092285]"
F162013,50,38,1.0,"[9.219470993622167, 28.194514989852905]"
F162013,50,39,0.01,"[13.294030258299756, 1.1488356590270996]"
F162013,50,39,0.1,"[8.4490563925512, 12.056739330291748]"
F162013,50,39,0.2,"[8.105098839249905, 23.529491186141968]"
F162013,50,39,0.3,"[8.102227037792602, 35.04548788070679]"
F162013,50,39,0.4,"[7.559755843803657, 46.55625510215759]"
F162013,50,39,0.5,"[7.555947268764697, 58.689504623413086]"
F162013,50,39,0.6,"[7.539249574574455, 70.11229729652405]"
F162013,50,39,0.7,"[7.5245908515415465, 81.44789147377014]"
F162013,50,39,0.8,"[7.5242841090818615, 92.6325855255127]"
F162013,50,39,0.9,"[7.523873392510438, 104.43444228172302]"
F162013,50,39,1.0,"[7.522172118045177, 115.44293141365051]"
F162013,50,40,0.01,"[9.578848973715253, 1.142446756362915]"
F162013,50,40,0.1,"[6.642190090197943, 12.013369083404541]"
F162013,50,40,0.2,"[6.371040993008535, 23.465514659881592]"
F162013,50,40,0.3,"[6.164011351271, 34.953885078430176]"
F162013,50,40,0.4,"[5.738783980573004, 46.44550943374634]"
F162013,50,40,0.5,"[5.523768897675325, 58.51323938369751]"
F162013,50,40,0.6,"[5.520350450105667, 69.91499829292297]"
F162013,50,40,0.7,"[5.4798375542083875, 81.21202492713928]"
F162013,50,40,0.8,"[5.478585479515033, 92.36649632453918]"
F162013,50,40,0.9,"[5.478579695503839, 104.1397340297699]"
F162013,50,40,1.0,"[5.478363922160156, 115.11555552482605]"
F162013,50,41,0.01,"[9.029240045664608, 1.2539124488830566]"
F162013,50,41,0.1,"[6.398694936842219, 11.974678039550781]"
F162013,50,41,0.2,"[6.379940820957302, 23.238646745681763]"
F162013,50,41,0.3,"[6.00920613632718, 34.558133602142334]"
F162013,50,41,0.4,"[5.515152276015101, 45.88177037239075]"
F162013,50,41,0.5,"[5.510400526119042, 57.785510778427124]"
F162013,50,41,0.6,"[5.464372423101366, 68.97155213356018]"
F162013,50,41,0.7,"[5.382721275647441, 80.05058264732361]"
F162013,50,41,0.8,"[5.371616843747347, 90.8983826637268]"
F162013,50,41,0.9,"[5.369479738073721, 102.36340260505676]"
F162013,50,41,1.0,"[5.369103844235383, 113.26056051254272]"
F162013,50,42,0.01,"[9.407215054830914, 1.155285120010376]"
F162013,50,42,0.1,"[8.020372572424321, 11.896512985229492]"
F162013,50,42,0.2,"[7.782436500600937, 23.193692684173584]"
F162013,50,42,0.3,"[7.604337421632152, 34.54635977745056]"
F162013,50,42,0.4,"[7.509318249429413, 45.89015579223633]"
F162013,50,42,0.5,"[7.085947870148772, 57.84326171875]"
F162013,50,42,0.6,"[6.794628590279842, 69.0443000793457]"
F162013,50,42,0.7,"[6.754449487502455, 77.23402214050293]"
F162013,50,42,0.8,"[6.754449487502455, 77.23402523994446]"
F162013,50,42,0.9,"[6.754449487502455, 77.23402714729309]"
F162013,50,42,1.0,"[6.754449487502455, 77.23402881622314]"
F162013,50,43,0.01,"[14.095517514068092, 1.1403610706329346]"
F162013,50,43,0.1,"[7.797198047212788, 12.027792692184448]"
F162013,50,43,0.2,"[7.377658179439379, 23.503708600997925]"
F162013,50,43,0.3,"[7.029743223298141, 34.99170255661011]"
F162013,50,43,0.4,"[6.915727169789932, 46.47054409980774]"
F162013,50,43,0.5,"[6.894022075524418, 58.57251954078674]"
F162013,50,43,0.6,"[6.874639529854875, 69.97257256507874]"
F162013,50,43,0.7,"[6.867346533842863, 81.25573134422302]"
F162013,50,43,0.8,"[6.865147688018851, 92.44861006736755]"
F162013,50,43,0.9,"[6.865141876191814, 104.13314843177795]"
F162013,50,43,1.0,"[6.861398852416926, 115.03493690490723]"
F162013,50,44,0.01,"[11.265342827901009, 1.1443746089935303]"
F162013,50,44,0.1,"[8.610788262909637, 11.961074590682983]"
F162013,50,44,0.2,"[5.585280227152367, 23.3361599445343]"
F162013,50,44,0.3,"[5.573183734657647, 34.737191915512085]"
F162013,50,44,0.4,"[5.543429406824231, 46.108800649642944]"
F162013,50,44,0.5,"[5.418420809190366, 58.07691431045532]"
F162013,50,44,0.6,"[4.9213329718992895, 69.40526962280273]"
F162013,50,44,0.7,"[4.84230251049533, 80.68459153175354]"
F162013,50,44,0.8,"[4.621019165850129, 91.96164536476135]"
F162013,50,44,0.9,"[4.620991803786183, 103.7259509563446]"
F162013,50,44,1.0,"[4.620986615849347, 114.7040605545044]"
F162013,50,45,0.01,"[16.095337891695323, 1.2840402126312256]"
F162013,50,45,0.1,"[11.74930739415123, 11.993744850158691]"
F162013,50,45,0.2,"[9.074262849040139, 23.268778562545776]"
F162013,50,45,0.3,"[9.02635773945778, 34.561171770095825]"
F162013,50,45,0.4,"[5.218348005046153, 45.87002992630005]"
F162013,50,45,0.5,"[4.798419201814369, 57.77333736419678]"
F162013,50,45,0.6,"[4.7334837752005114, 68.99897313117981]"
F162013,50,45,0.7,"[4.700149756943034, 80.09540390968323]"
F162013,50,45,0.8,"[4.699242659797164, 91.16697573661804]"
F162013,50,45,0.9,"[4.696889969574386, 102.94306135177612]"
F162013,50,45,1.0,"[4.696345496048849, 113.92141270637512]"
F162013,50,46,0.01,"[14.495577388670597, 1.1512372493743896]"
F162013,50,46,0.1,"[8.379734889366006, 11.92767858505249]"
F162013,50,46,0.2,"[8.296567312095874, 23.26966953277588]"
F162013,50,46,0.3,"[4.771715335280305, 34.654295682907104]"
F162013,50,46,0.4,"[4.7554189300410314, 46.0412392616272]"
F162013,50,46,0.5,"[4.63947264239431, 58.026381731033325]"
F162013,50,46,0.6,"[4.585943207615912, 69.33994746208191]"
F162013,50,46,0.7,"[4.5639448437939905, 80.52489805221558]"
F162013,50,46,0.8,"[4.534593874035721, 91.5627920627594]"
F162013,50,46,0.9,"[4.47503855013278, 103.29726362228394]"
F162013,50,46,1.0,"[4.449038264129456, 114.27902460098267]"
F162013,50,47,0.01,"[11.096543295825171, 1.1544702053070068]"
F162013,50,47,0.1,"[6.671004064275962, 12.034066438674927]"
F162013,50,47,0.2,"[6.391583980294655, 23.55090618133545]"
F162013,50,47,0.3,"[6.275051249724129, 35.08206391334534]"
F162013,50,47,0.4,"[6.254760875875775, 46.61794471740723]"
F162013,50,47,0.5,"[6.253102999370071, 58.77625012397766]"
F162013,50,47,0.6,"[6.253097271079298, 70.26940941810608]"
F162013,50,47,0.7,"[6.253097268551983, 74.4787528514862]"
F162013,50,47,0.8,"[6.253097268551983, 74.47875618934631]"
F162013,50,47,0.9,"[6.253097268551983, 74.47875785827637]"
F162013,50,47,1.0,"[6.253097268551983, 74.478759765625]"
F162013,50,48,0.01,"[8.675298182900576, 1.176509141921997]"
F162013,50,48,0.1,"[6.786683133175103, 11.713745832443237]"
F162013,50,48,0.2,"[4.131419571863518, 22.806268453598022]"
F162013,50,48,0.3,"[3.921461022336757, 33.97028350830078]"
F162013,50,48,0.4,"[3.8916634306320077, 45.132054567337036]"
F162013,50,48,0.5,"[3.537246824769028, 56.824801445007324]"
F162013,50,48,0.6,"[3.3846788480612986, 67.82527232170105]"
F162013,50,48,0.7,"[3.27801298310564, 78.75684404373169]"
F162013,50,48,0.8,"[3.0878096079702573, 89.64625096321106]"
F162013,50,48,0.9,"[3.0294503127825863, 100.90089559555054]"
F162013,50,48,1.0,"[2.8471932111820877, 111.63383197784424]"
F162013,50,49,0.01,"[14.20164839258598, 1.19840407371521]"
F162013,50,49,0.1,"[10.015468248375043, 11.934987306594849]"
F162013,50,49,0.2,"[6.401328189532649, 23.189077854156494]"
F162013,50,49,0.3,"[6.374817379958358, 31.399266481399536]"
F162013,50,49,0.4,"[6.374817379958358, 31.399268865585327]"
F162013,50,49,0.5,"[6.374817379958358, 31.39927077293396]"
F162013,50,49,0.6,"[6.374817379958358, 31.399272441864014]"
F162013,50,49,0.7,"[6.374817379958358, 31.39927363395691]"
F162013,50,49,0.8,"[6.374817379958358, 31.399274826049805]"
F162013,50,49,0.9,"[6.374817379958358, 31.39927649497986]"
F162013,50,49,1.0,"[6.374817379958358, 31.399277925491333]"
F162013,50,50,0.01,"[12.00027757668525, 1.18985915184021]"
F162013,50,50,0.1,"[11.143648075910733, 11.813084602355957]"
F162013,50,50,0.2,"[6.590782181585212, 22.91522765159607]"
F162013,50,50,0.3,"[4.817413376411366, 33.92745923995972]"
F162013,50,50,0.4,"[4.314475247984944, 44.83486771583557]"
F162013,50,50,0.5,"[4.2297107160227085, 56.29579830169678]"
F162013,50,50,0.6,"[4.094776024793958, 67.19361543655396]"
F162013,50,50,0.7,"[4.065825787215317, 78.03903341293335]"
F162013,50,50,0.8,"[4.060773763285397, 88.89882326126099]"
F162013,50,50,0.9,"[3.945235502142168, 100.33083748817444]"
F162013,50,50,1.0,"[3.7785467935747477, 111.12717342376709]"
