function,dimension,run,checkpoint,error
F272013,10,0,0.01,"[2569.8090330641016, 0.0775907039642334]"
F272013,10,0,0.1,"[2531.553850349075, 0.629960298538208]"
F272013,10,0,0.2,"[2531.553850349075, 0.6299636363983154]"
F272013,10,0,0.3,"[2531.553850349075, 0.6299655437469482]"
F272013,10,0,0.4,"[2531.553850349075, 0.629967451095581]"
F272013,10,0,0.5,"[2531.553850349075, 0.629969596862793]"
F272013,10,0,0.6,"[2531.553850349075, 0.6299715042114258]"
F272013,10,0,0.7,"[2531.553850349075, 0.6299731731414795]"
F272013,10,0,0.8,"[2531.553850349075, 0.6299750804901123]"
F272013,10,0,0.9,"[2531.553850349075, 0.6299772262573242]"
F272013,10,0,1.0,"[2531.553850349075, 0.6299788951873779]"
F272013,10,1,0.01,"[1091.7243126123394, 0.07743358612060547]"
F272013,10,1,0.1,"[1091.3630828496557, 0.42567992210388184]"
F272013,10,1,0.2,"[1091.3630828496557, 0.42568397521972656]"
F272013,10,1,0.3,"[1091.3630828496557, 0.4256858825683594]"
F272013,10,1,0.4,"[1091.3630828496557, 0.4256875514984131]"
F272013,10,1,0.5,"[1091.3630828496557, 0.425689697265625]"
F272013,10,1,0.6,"[1091.3630828496557, 0.4256916046142578]"
F272013,10,1,0.7,"[1091.3630828496557, 0.4256932735443115]"
F272013,10,1,0.8,"[1091.3630828496557, 0.42569541931152344]"
F272013,10,1,0.9,"[1091.3630828496557, 0.42569708824157715]"
F272013,10,1,1.0,"[1091.3630828496557, 0.42569947242736816]"
F272013,10,2,0.01,"[2645.3397814506898, 0.07730817794799805]"
F272013,10,2,0.1,"[2645.2598768836738, 0.6088497638702393]"
F272013,10,2,0.2,"[2645.2598768836738, 0.6088533401489258]"
F272013,10,2,0.3,"[2645.2598768836738, 0.6088554859161377]"
F272013,10,2,0.4,"[2645.2598768836738, 0.6088573932647705]"
F272013,10,2,0.5,"[2645.2598768836738, 0.6088595390319824]"
F272013,10,2,0.6,"[2645.2598768836738, 0.6088616847991943]"
F272013,10,2,0.7,"[2645.2598768836738, 0.6088638305664062]"
F272013,10,2,0.8,"[2645.2598768836738, 0.6088657379150391]"
F272013,10,2,0.9,"[2645.2598768836738, 0.608867883682251]"
F272013,10,2,1.0,"[2645.2598768836738, 0.6088697910308838]"
F272013,10,3,0.01,"[863.4362535629734, 0.07762455940246582]"
F272013,10,3,0.1,"[804.3634794838817, 0.7122848033905029]"
F272013,10,3,0.2,"[804.2512785648473, 1.4188921451568604]"
F272013,10,3,0.3,"[804.2512783903994, 1.4953935146331787]"
F272013,10,3,0.4,"[804.2512783903994, 1.4953968524932861]"
F272013,10,3,0.5,"[804.2512783903994, 1.4953994750976562]"
F272013,10,3,0.6,"[804.2512783903994, 1.4954016208648682]"
F272013,10,3,0.7,"[804.2512783903994, 1.49540376663208]"
F272013,10,3,0.8,"[804.2512783903994, 1.4954054355621338]"
F272013,10,3,0.9,"[804.2512783903994, 1.4954073429107666]"
F272013,10,3,1.0,"[804.2512783903994, 1.4954094886779785]"
F272013,10,4,0.01,"[795.6109768004758, 0.07760953903198242]"
F272013,10,4,0.1,"[795.6109768004758, 0.714491605758667]"
F272013,10,4,0.2,"[795.6109768004758, 1.203080177307129]"
F272013,10,4,0.3,"[795.6109768004758, 1.2030928134918213]"
F272013,10,4,0.4,"[795.6109768004758, 1.2030954360961914]"
F272013,10,4,0.5,"[795.6109768004758, 1.2030973434448242]"
F272013,10,4,0.6,"[795.6109768004758, 1.2030997276306152]"
F272013,10,4,0.7,"[795.6109768004758, 1.2031011581420898]"
F272013,10,4,0.8,"[795.6109768004758, 1.2031059265136719]"
F272013,10,4,0.9,"[795.6109768004758, 1.203108787536621]"
F272013,10,4,1.0,"[795.6109768004758, 1.203113079071045]"
F272013,10,5,0.01,"[886.8604648091355, 0.07800841331481934]"
F272013,10,5,0.1,"[875.3922236108642, 0.7200882434844971]"
F272013,10,5,0.2,"[875.391792623921, 1.1324164867401123]"
F272013,10,5,0.3,"[875.391792623921, 1.1324288845062256]"
F272013,10,5,0.4,"[875.391792623921, 1.1324307918548584]"
F272013,10,5,0.5,"[875.391792623921, 1.1324329376220703]"
F272013,10,5,0.6,"[875.391792623921, 1.132434606552124]"
F272013,10,5,0.7,"[875.391792623921, 1.1324362754821777]"
F272013,10,5,0.8,"[875.391792623921, 1.1324379444122314]"
F272013,10,5,0.9,"[875.391792623921, 1.1324403285980225]"
F272013,10,5,1.0,"[875.391792623921, 1.1324424743652344]"
F272013,10,6,0.01,"[4604.87121878413, 0.07815384864807129]"
F272013,10,6,0.1,"[4604.382626039675, 0.20689845085144043]"
F272013,10,6,0.2,"[4604.382626039675, 0.20690202713012695]"
F272013,10,6,0.3,"[4604.382626039675, 0.20690417289733887]"
F272013,10,6,0.4,"[4604.382626039675, 0.20690584182739258]"
F272013,10,6,0.5,"[4604.382626039675, 0.2069082260131836]"
F272013,10,6,0.6,"[4604.382626039675, 0.2069098949432373]"
F272013,10,6,0.7,"[4604.382626039675, 0.20691156387329102]"
F272013,10,6,0.8,"[4604.382626039675, 0.20691347122192383]"
F272013,10,6,0.9,"[4604.382626039675, 0.20691561698913574]"
F272013,10,6,1.0,"[4604.382626039675, 0.20691776275634766]"
F272013,10,7,0.01,"[739.067849638484, 0.07790637016296387]"
F272013,10,7,0.1,"[712.465915448553, 0.7149941921234131]"
F272013,10,7,0.2,"[712.465622359151, 0.9612481594085693]"
F272013,10,7,0.3,"[712.465622359151, 0.9612512588500977]"
F272013,10,7,0.4,"[712.465622359151, 0.9612536430358887]"
F272013,10,7,0.5,"[712.465622359151, 0.9612562656402588]"
F272013,10,7,0.6,"[712.465622359151, 0.9612579345703125]"
F272013,10,7,0.7,"[712.465622359151, 0.9612596035003662]"
F272013,10,7,0.8,"[712.465622359151, 0.9612612724304199]"
F272013,10,7,0.9,"[712.465622359151, 0.9612636566162109]"
F272013,10,7,1.0,"[712.465622359151, 0.9612655639648438]"
F272013,10,8,0.01,"[2565.7964934276674, 0.07756280899047852]"
F272013,10,8,0.1,"[2565.794372730801, 0.26494550704956055]"
F272013,10,8,0.2,"[2565.794372730801, 0.26494908332824707]"
F272013,10,8,0.3,"[2565.794372730801, 0.2649514675140381]"
F272013,10,8,0.4,"[2565.794372730801, 0.2649533748626709]"
F272013,10,8,0.5,"[2565.794372730801, 0.2649555206298828]"
F272013,10,8,0.6,"[2565.794372730801, 0.2649574279785156]"
F272013,10,8,0.7,"[2565.794372730801, 0.26495909690856934]"
F272013,10,8,0.8,"[2565.794372730801, 0.26496124267578125]"
F272013,10,8,0.9,"[2565.794372730801, 0.26496338844299316]"
F272013,10,8,1.0,"[2565.794372730801, 0.264965295791626]"
F272013,10,9,0.01,"[1323.631534661372, 0.07707548141479492]"
F272013,10,9,0.1,"[1323.4049557119843, 0.4174814224243164]"
F272013,10,9,0.2,"[1323.4049557119843, 0.41748499870300293]"
F272013,10,9,0.3,"[1323.4049557119843, 0.41748714447021484]"
F272013,10,9,0.4,"[1323.4049557119843, 0.41748905181884766]"
F272013,10,9,0.5,"[1323.4049557119843, 0.41749143600463867]"
F272013,10,9,0.6,"[1323.4049557119843, 0.4174931049346924]"
F272013,10,9,0.7,"[1323.4049557119843, 0.4174950122833252]"
F272013,10,9,0.8,"[1323.4049557119843, 0.417496919631958]"
F272013,10,9,0.9,"[1323.4049557119843, 0.4174990653991699]"
F272013,10,9,1.0,"[1323.4049557119843, 0.41750097274780273]"
F272013,10,10,0.01,"[985.9160996357309, 0.07732510566711426]"
F272013,10,10,0.1,"[982.7628582797879, 0.5859582424163818]"
F272013,10,10,0.2,"[982.7628582797879, 0.5859615802764893]"
F272013,10,10,0.3,"[982.7628582797879, 0.5859639644622803]"
F272013,10,10,0.4,"[982.7628582797879, 0.5859653949737549]"
F272013,10,10,0.5,"[982.7628582797879, 0.585968017578125]"
F272013,10,10,0.6,"[982.7628582797879, 0.5859701633453369]"
F272013,10,10,0.7,"[982.7628582797879, 0.5859715938568115]"
F272013,10,10,0.8,"[982.7628582797879, 0.5859737396240234]"
F272013,10,10,0.9,"[982.7628582797879, 0.5859758853912354]"
F272013,10,10,1.0,"[982.7628582797879, 0.5859777927398682]"
F272013,10,11,0.01,"[1761.4871642060316, 0.07748699188232422]"
F272013,10,11,0.1,"[1508.5253215916096, 0.7142479419708252]"
F272013,10,11,0.2,"[1508.5253215916096, 0.9102046489715576]"
F272013,10,11,0.3,"[1508.5253215916096, 0.9102077484130859]"
F272013,10,11,0.4,"[1508.5253215916096, 0.9102098941802979]"
F272013,10,11,0.5,"[1508.5253215916096, 0.9102120399475098]"
F272013,10,11,0.6,"[1508.5253215916096, 0.9102144241333008]"
F272013,10,11,0.7,"[1508.5253215916096, 0.9102158546447754]"
F272013,10,11,0.8,"[1508.5253215916096, 0.9102177619934082]"
F272013,10,11,0.9,"[1508.5253215916096, 0.910219669342041]"
F272013,10,11,1.0,"[1508.5253215916096, 0.9102215766906738]"
F272013,10,12,0.01,"[2229.6010975107083, 0.07773303985595703]"
F272013,10,12,0.1,"[2160.472096267131, 0.24170541763305664]"
F272013,10,12,0.2,"[2160.472096267131, 0.24170899391174316]"
F272013,10,12,0.3,"[2160.472096267131, 0.24171137809753418]"
F272013,10,12,0.4,"[2160.472096267131, 0.2417130470275879]"
F272013,10,12,0.5,"[2160.472096267131, 0.2417151927947998]"
F272013,10,12,0.6,"[2160.472096267131, 0.24171710014343262]"
F272013,10,12,0.7,"[2160.472096267131, 0.24171853065490723]"
F272013,10,12,0.8,"[2160.472096267131, 0.24172091484069824]"
F272013,10,12,0.9,"[2160.472096267131, 0.24172282218933105]"
F272013,10,12,1.0,"[2160.472096267131, 0.24172496795654297]"
F272013,10,13,0.01,"[784.3647332938117, 0.07786035537719727]"
F272013,10,13,0.1,"[758.711319177618, 0.6503944396972656]"
F272013,10,13,0.2,"[758.711319177618, 0.650397777557373]"
F272013,10,13,0.3,"[758.711319177618, 0.650399923324585]"
F272013,10,13,0.4,"[758.711319177618, 0.6504015922546387]"
F272013,10,13,0.5,"[758.711319177618, 0.6504037380218506]"
F272013,10,13,0.6,"[758.711319177618, 0.6504056453704834]"
F272013,10,13,0.7,"[758.711319177618, 0.6504073143005371]"
F272013,10,13,0.8,"[758.711319177618, 0.650409460067749]"
F272013,10,13,0.9,"[758.711319177618, 0.6504116058349609]"
F272013,10,13,1.0,"[758.711319177618, 0.6504132747650146]"
F272013,10,14,0.01,"[4121.183536821021, 0.07688379287719727]"
F272013,10,14,0.1,"[4121.183536821021, 0.3298521041870117]"
F272013,10,14,0.2,"[4121.183536821021, 0.32985568046569824]"
F272013,10,14,0.3,"[4121.183536821021, 0.32985758781433105]"
F272013,10,14,0.4,"[4121.183536821021, 0.32985925674438477]"
F272013,10,14,0.5,"[4121.183536821021, 0.3298614025115967]"
F272013,10,14,0.6,"[4121.183536821021, 0.3298633098602295]"
F272013,10,14,0.7,"[4121.183536821021, 0.3298649787902832]"
F272013,10,14,0.8,"[4121.183536821021, 0.329866886138916]"
F272013,10,14,0.9,"[4121.183536821021, 0.32987284660339355]"
F272013,10,14,1.0,"[4121.183536821021, 0.32987475395202637]"
F272013,10,15,0.01,"[1027.6495155380226, 0.09008526802062988]"
F272013,10,15,0.1,"[994.4885023975453, 0.8169798851013184]"
F272013,10,15,0.2,"[994.4885023271877, 0.8268330097198486]"
F272013,10,15,0.3,"[994.4885023271877, 0.826836347579956]"
F272013,10,15,0.4,"[994.4885023271877, 0.8268387317657471]"
F272013,10,15,0.5,"[994.4885023271877, 0.8268411159515381]"
F272013,10,15,0.6,"[994.4885023271877, 0.8268427848815918]"
F272013,10,15,0.7,"[994.4885023271877, 0.8268444538116455]"
F272013,10,15,0.8,"[994.4885023271877, 0.8268463611602783]"
F272013,10,15,0.9,"[994.4885023271877, 0.8268487453460693]"
F272013,10,15,1.0,"[994.4885023271877, 0.8268506526947021]"
F272013,10,16,0.01,"[920.102049192195, 0.07792949676513672]"
F272013,10,16,0.1,"[911.9485980633708, 0.7138216495513916]"
F272013,10,16,0.2,"[911.9478832596014, 1.3436310291290283]"
F272013,10,16,0.3,"[911.9478832596014, 1.3436369895935059]"
F272013,10,16,0.4,"[911.9478832596014, 1.3436415195465088]"
F272013,10,16,0.5,"[911.9478832596014, 1.3436434268951416]"
F272013,10,16,0.6,"[911.9478832596014, 1.3436479568481445]"
F272013,10,16,0.7,"[911.9478832596014, 1.3436493873596191]"
F272013,10,16,0.8,"[911.9478832596014, 1.3436534404754639]"
F272013,10,16,0.9,"[911.9478832596014, 1.343658208847046]"
F272013,10,16,1.0,"[911.9478832596014, 1.3436622619628906]"
F272013,10,17,0.01,"[1526.283334827771, 0.07769584655761719]"
F272013,10,17,0.1,"[1370.5122013759183, 0.7159502506256104]"
F272013,10,17,0.2,"[1370.5122013759183, 1.406315565109253]"
F272013,10,17,0.3,"[1370.5122013759183, 1.406322717666626]"
F272013,10,17,0.4,"[1370.5122013759183, 1.4063286781311035]"
F272013,10,17,0.5,"[1370.5122013759183, 1.4063308238983154]"
F272013,10,17,0.6,"[1370.5122013759183, 1.4063365459442139]"
F272013,10,17,0.7,"[1370.5122013759183, 1.4063382148742676]"
F272013,10,17,0.8,"[1370.5122013759183, 1.406343936920166]"
F272013,10,17,0.9,"[1370.5122013759183, 1.4063501358032227]"
F272013,10,17,1.0,"[1370.5122013759183, 1.4063551425933838]"
F272013,10,18,0.01,"[1700.6033963011523, 0.0779874324798584]"
F272013,10,18,0.1,"[1401.0670290446114, 0.7168769836425781]"
F272013,10,18,0.2,"[1400.7836751218292, 1.0177092552185059]"
F272013,10,18,0.3,"[1400.7836751218292, 1.0177206993103027]"
F272013,10,18,0.4,"[1400.7836751218292, 1.0177335739135742]"
F272013,10,18,0.5,"[1400.7836751218292, 1.0177359580993652]"
F272013,10,18,0.6,"[1400.7836751218292, 1.0177419185638428]"
F272013,10,18,0.7,"[1400.7836751218292, 1.0177440643310547]"
F272013,10,18,0.8,"[1400.7836751218292, 1.0177497863769531]"
F272013,10,18,0.9,"[1400.7836751218292, 1.0177597999572754]"
F272013,10,18,1.0,"[1400.7836751218292, 1.0177650451660156]"
F272013,10,19,0.01,"[1174.578620796624, 0.11790037155151367]"
F272013,10,19,0.1,"[1173.1629490918576, 0.56842041015625]"
F272013,10,19,0.2,"[1173.1629490918576, 0.5684237480163574]"
F272013,10,19,0.3,"[1173.1629490918576, 0.5684258937835693]"
F272013,10,19,0.4,"[1173.1629490918576, 0.568427562713623]"
F272013,10,19,0.5,"[1173.1629490918576, 0.568429708480835]"
F272013,10,19,0.6,"[1173.1629490918576, 0.5684318542480469]"
F272013,10,19,0.7,"[1173.1629490918576, 0.5684332847595215]"
F272013,10,19,0.8,"[1173.1629490918576, 0.5684356689453125]"
F272013,10,19,0.9,"[1173.1629490918576, 0.5684380531311035]"
F272013,10,19,1.0,"[1173.1629490918576, 0.5684401988983154]"
F272013,10,20,0.01,"[770.8749230933872, 0.0772850513458252]"
F272013,10,20,0.1,"[768.8472773641593, 0.4911496639251709]"
F272013,10,20,0.2,"[768.8472773641593, 0.4911537170410156]"
F272013,10,20,0.3,"[768.8472773641593, 0.49115610122680664]"
F272013,10,20,0.4,"[768.8472773641593, 0.49115800857543945]"
F272013,10,20,0.5,"[768.8472773641593, 0.49116039276123047]"
F272013,10,20,0.6,"[768.8472773641593, 0.4911627769470215]"
F272013,10,20,0.7,"[768.8472773641593, 0.4911644458770752]"
F272013,10,20,0.8,"[768.8472773641593, 0.4911668300628662]"
F272013,10,20,0.9,"[768.8472773641593, 0.4911689758300781]"
F272013,10,20,1.0,"[768.8472773641593, 0.49117112159729004]"
F272013,10,21,0.01,"[1378.6382497601198, 0.07710981369018555]"
F272013,10,21,0.1,"[1362.755245514904, 0.7082393169403076]"
F272013,10,21,0.2,"[854.9640422965276, 1.4104173183441162]"
F272013,10,21,0.3,"[854.5953777344052, 2.1118335723876953]"
F272013,10,21,0.4,"[854.5953547584486, 2.145967960357666]"
F272013,10,21,0.5,"[854.5953547584486, 2.145972728729248]"
F272013,10,21,0.6,"[854.5953547584486, 2.1459789276123047]"
F272013,10,21,0.7,"[854.5953547584486, 2.1459810733795166]"
F272013,10,21,0.8,"[854.5953547584486, 2.1459906101226807]"
F272013,10,21,0.9,"[854.5953547584486, 2.145996570587158]"
F272013,10,21,1.0,"[854.5953547584486, 2.1460025310516357]"
F272013,10,22,0.01,"[1521.675548753944, 0.1100308895111084]"
F272013,10,22,0.1,"[767.6207673452013, 0.7409348487854004]"
F272013,10,22,0.2,"[759.6749040739537, 1.2741973400115967]"
F272013,10,22,0.3,"[759.6749040739537, 1.274204969406128]"
F272013,10,22,0.4,"[759.6749040739537, 1.274207592010498]"
F272013,10,22,0.5,"[759.6749040739537, 1.274209976196289]"
F272013,10,22,0.6,"[759.6749040739537, 1.2742118835449219]"
F272013,10,22,0.7,"[759.6749040739537, 1.2742135524749756]"
F272013,10,22,0.8,"[759.6749040739537, 1.2742152214050293]"
F272013,10,22,0.9,"[759.6749040739537, 1.2742173671722412]"
F272013,10,22,1.0,"[759.6749040739537, 1.274219274520874]"
F272013,10,23,0.01,"[811.9552534104496, 0.07718443870544434]"
F272013,10,23,0.1,"[811.5200557078288, 0.6676127910614014]"
F272013,10,23,0.2,"[811.5200557078288, 0.6676163673400879]"
F272013,10,23,0.3,"[811.5200557078288, 0.6676185131072998]"
F272013,10,23,0.4,"[811.5200557078288, 0.6676204204559326]"
F272013,10,23,0.5,"[811.5200557078288, 0.6676225662231445]"
F272013,10,23,0.6,"[811.5200557078288, 0.6676247119903564]"
F272013,10,23,0.7,"[811.5200557078288, 0.667626142501831]"
F272013,10,23,0.8,"[811.5200557078288, 0.6676285266876221]"
F272013,10,23,0.9,"[811.5200557078288, 0.6676304340362549]"
F272013,10,23,1.0,"[811.5200557078288, 0.6676325798034668]"
F272013,10,24,0.01,"[2364.651245582127, 0.07684063911437988]"
F272013,10,24,0.1,"[2364.6495061497876, 0.3715214729309082]"
F272013,10,24,0.2,"[2364.6495061497876, 0.3715245723724365]"
F272013,10,24,0.3,"[2364.6495061497876, 0.37152671813964844]"
F272013,10,24,0.4,"[2364.6495061497876, 0.37152838706970215]"
F272013,10,24,0.5,"[2364.6495061497876, 0.37153053283691406]"
F272013,10,24,0.6,"[2364.6495061497876, 0.3715322017669678]"
F272013,10,24,0.7,"[2364.6495061497876, 0.3715338706970215]"
F272013,10,24,0.8,"[2364.6495061497876, 0.3715355396270752]"
F272013,10,24,0.9,"[2364.6495061497876, 0.3715379238128662]"
F272013,10,24,1.0,"[2364.6495061497876, 0.371539831161499]"
F272013,10,25,0.01,"[1595.9061162120233, 0.08318567276000977]"
F272013,10,25,0.1,"[1589.643626487904, 0.7134866714477539]"
F272013,10,25,0.2,"[1589.6356235684002, 1.0686132907867432]"
F272013,10,25,0.3,"[1589.6356235684002, 1.0686209201812744]"
F272013,10,25,0.4,"[1589.6356235684002, 1.0686230659484863]"
F272013,10,25,0.5,"[1589.6356235684002, 1.0686254501342773]"
F272013,10,25,0.6,"[1589.6356235684002, 1.068627119064331]"
F272013,10,25,0.7,"[1589.6356235684002, 1.0686287879943848]"
F272013,10,25,0.8,"[1589.6356235684002, 1.068634271621704]"
F272013,10,25,0.9,"[1589.6356235684002, 1.0686366558074951]"
F272013,10,25,1.0,"[1589.6356235684002, 1.068638563156128]"
F272013,10,26,0.01,"[809.300293382561, 0.07769060134887695]"
F272013,10,26,0.1,"[712.6700851898195, 0.7130215167999268]"
F272013,10,26,0.2,"[712.6163320374601, 1.2647120952606201]"
F272013,10,26,0.3,"[712.6163320374601, 1.2647199630737305]"
F272013,10,26,0.4,"[712.6163320374601, 1.2647221088409424]"
F272013,10,26,0.5,"[712.6163320374601, 1.2647244930267334]"
F272013,10,26,0.6,"[712.6163320374601, 1.2647264003753662]"
F272013,10,26,0.7,"[712.6163320374601, 1.2647278308868408]"
F272013,10,26,0.8,"[712.6163320374601, 1.2647345066070557]"
F272013,10,26,0.9,"[712.6163320374601, 1.2647368907928467]"
F272013,10,26,1.0,"[712.6163320374601, 1.2647387981414795]"
F272013,10,27,0.01,"[1153.7882372000686, 0.07901978492736816]"
F272013,10,27,0.1,"[1126.4106998004027, 0.7206075191497803]"
F272013,10,27,0.2,"[1126.3435233638374, 1.4301118850708008]"
F272013,10,27,0.3,"[1126.1149496826415, 2.1385133266448975]"
F272013,10,27,0.4,"[1126.1149496826415, 2.2155702114105225]"
F272013,10,27,0.5,"[1126.1149496826415, 2.215573787689209]"
F272013,10,27,0.6,"[1126.1149496826415, 2.215576410293579]"
F272013,10,27,0.7,"[1126.1149496826415, 2.215578079223633]"
F272013,10,27,0.8,"[1126.1149496826415, 2.2155802249908447]"
F272013,10,27,0.9,"[1126.1149496826415, 2.2155821323394775]"
F272013,10,27,1.0,"[1126.1149496826415, 2.2155842781066895]"
F272013,10,28,0.01,"[782.1922751189968, 0.07746434211730957]"
F272013,10,28,0.1,"[782.1911532973204, 0.3572354316711426]"
F272013,10,28,0.2,"[782.1911532973204, 0.35723876953125]"
F272013,10,28,0.3,"[782.1911532973204, 0.3572406768798828]"
F272013,10,28,0.4,"[782.1911532973204, 0.3572423458099365]"
F272013,10,28,0.5,"[782.1911532973204, 0.35724449157714844]"
F272013,10,28,0.6,"[782.1911532973204, 0.35724639892578125]"
F272013,10,28,0.7,"[782.1911532973204, 0.35724806785583496]"
F272013,10,28,0.8,"[782.1911532973204, 0.3572499752044678]"
F272013,10,28,0.9,"[782.1911532973204, 0.3572523593902588]"
F272013,10,28,1.0,"[782.1911532973204, 0.3572545051574707]"
F272013,10,29,0.01,"[945.3044674673342, 0.07735419273376465]"
F272013,10,29,0.1,"[744.7409918341896, 0.7113354206085205]"
F272013,10,29,0.2,"[723.2164078608371, 1.4153199195861816]"
F272013,10,29,0.3,"[722.7763661004124, 2.1180458068847656]"
F272013,10,29,0.4,"[722.0082868948821, 2.829817771911621]"
F272013,10,29,0.5,"[722.0076956760918, 3.169656276702881]"
F272013,10,29,0.6,"[722.0076956760918, 3.1696596145629883]"
F272013,10,29,0.7,"[722.0076956760918, 3.1696617603302]"
F272013,10,29,0.8,"[722.0076956760918, 3.1696677207946777]"
F272013,10,29,0.9,"[722.0076956760918, 3.1696698665618896]"
F272013,10,29,1.0,"[722.0076956760918, 3.169674873352051]"
F272013,10,30,0.01,"[1697.621344157853, 0.15544629096984863]"
F272013,10,30,0.1,"[1688.0074714066382, 0.48084521293640137]"
F272013,10,30,0.2,"[1688.0074714066382, 0.480849027633667]"
F272013,10,30,0.3,"[1688.0074714066382, 0.480851411819458]"
F272013,10,30,0.4,"[1688.0074714066382, 0.4808530807495117]"
F272013,10,30,0.5,"[1688.0074714066382, 0.48085546493530273]"
F272013,10,30,0.6,"[1688.0074714066382, 0.48085761070251465]"
F272013,10,30,0.7,"[1688.0074714066382, 0.48085927963256836]"
F272013,10,30,0.8,"[1688.0074714066382, 0.4808621406555176]"
F272013,10,30,0.9,"[1688.0074714066382, 0.4808645248413086]"
F272013,10,30,1.0,"[1688.0074714066382, 0.4808666706085205]"
F272013,10,31,0.01,"[871.2182264593321, 0.07726931571960449]"
F272013,10,31,0.1,"[869.6943101986576, 0.36345601081848145]"
F272013,10,31,0.2,"[869.6943101986576, 0.36345934867858887]"
F272013,10,31,0.3,"[869.6943101986576, 0.3634614944458008]"
F272013,10,31,0.4,"[869.6943101986576, 0.3634631633758545]"
F272013,10,31,0.5,"[869.6943101986576, 0.3634655475616455]"
F272013,10,31,0.6,"[869.6943101986576, 0.3634674549102783]"
F272013,10,31,0.7,"[869.6943101986576, 0.36346888542175293]"
F272013,10,31,0.8,"[869.6943101986576, 0.36347103118896484]"
F272013,10,31,0.9,"[869.6943101986576, 0.36347293853759766]"
F272013,10,31,1.0,"[869.6943101986576, 0.36347508430480957]"
F272013,10,32,0.01,"[1547.8204568518577, 0.07790613174438477]"
F272013,10,32,0.1,"[1547.814630319709, 0.30727171897888184]"
F272013,10,32,0.2,"[1547.814630319709, 0.30727505683898926]"
F272013,10,32,0.3,"[1547.814630319709, 0.30727696418762207]"
F272013,10,32,0.4,"[1547.814630319709, 0.307279109954834]"
F272013,10,32,0.5,"[1547.814630319709, 0.3072819709777832]"
F272013,10,32,0.6,"[1547.814630319709, 0.3072836399078369]"
F272013,10,32,0.7,"[1547.814630319709, 0.30728578567504883]"
F272013,10,32,0.8,"[1547.814630319709, 0.30728769302368164]"
F272013,10,32,0.9,"[1547.814630319709, 0.30729031562805176]"
F272013,10,32,1.0,"[1547.814630319709, 0.30729246139526367]"
F272013,10,33,0.01,"[779.6409781925604, 0.07713055610656738]"
F272013,10,33,0.1,"[779.1958592026517, 0.7077877521514893]"
F272013,10,33,0.2,"[766.5697938571129, 1.409120798110962]"
F272013,10,33,0.3,"[766.5631378491498, 1.5274581909179688]"
F272013,10,33,0.4,"[766.5631378491498, 1.5274653434753418]"
F272013,10,33,0.5,"[766.5631378491498, 1.527468204498291]"
F272013,10,33,0.6,"[766.5631378491498, 1.5274736881256104]"
F272013,10,33,0.7,"[766.5631378491498, 1.5274755954742432]"
F272013,10,33,0.8,"[766.5631378491498, 1.5274813175201416]"
F272013,10,33,0.9,"[766.5631378491498, 1.5274872779846191]"
F272013,10,33,1.0,"[766.5631378491498, 1.5274934768676758]"
F272013,10,34,0.01,"[839.516719525478, 0.07774233818054199]"
F272013,10,34,0.1,"[794.4989259000595, 0.7110390663146973]"
F272013,10,34,0.2,"[794.402513665973, 1.059969425201416]"
F272013,10,34,0.3,"[794.402513665973, 1.05997633934021]"
F272013,10,34,0.4,"[794.402513665973, 1.0599782466888428]"
F272013,10,34,0.5,"[794.402513665973, 1.0599803924560547]"
F272013,10,34,0.6,"[794.402513665973, 1.0599825382232666]"
F272013,10,34,0.7,"[794.402513665973, 1.0599839687347412]"
F272013,10,34,0.8,"[794.402513665973, 1.0599894523620605]"
F272013,10,34,0.9,"[794.402513665973, 1.0599915981292725]"
F272013,10,34,1.0,"[794.402513665973, 1.0599970817565918]"
F272013,10,35,0.01,"[1773.898504798908, 0.07705903053283691]"
F272013,10,35,0.1,"[1773.8808421747826, 0.38630080223083496]"
F272013,10,35,0.2,"[1773.8808421747826, 0.3863041400909424]"
F272013,10,35,0.3,"[1773.8808421747826, 0.3863060474395752]"
F272013,10,35,0.4,"[1773.8808421747826, 0.3863077163696289]"
F272013,10,35,0.5,"[1773.8808421747826, 0.3863098621368408]"
F272013,10,35,0.6,"[1773.8808421747826, 0.38631200790405273]"
F272013,10,35,0.7,"[1773.8808421747826, 0.38631343841552734]"
F272013,10,35,0.8,"[1773.8808421747826, 0.38631558418273926]"
F272013,10,35,0.9,"[1773.8808421747826, 0.38631772994995117]"
F272013,10,35,1.0,"[1773.8808421747826, 0.3863198757171631]"
F272013,10,36,0.01,"[754.5970609885708, 0.09413409233093262]"
F272013,10,36,0.1,"[754.5970609885708, 0.7288274765014648]"
F272013,10,36,0.2,"[713.9219584540265, 1.2502760887145996]"
F272013,10,36,0.3,"[713.9219584540265, 1.2502877712249756]"
F272013,10,36,0.4,"[713.9219584540265, 1.250303030014038]"
F272013,10,36,0.5,"[713.9219584540265, 1.2503046989440918]"
F272013,10,36,0.6,"[713.9219584540265, 1.250309705734253]"
F272013,10,36,0.7,"[713.9219584540265, 1.2503111362457275]"
F272013,10,36,0.8,"[713.9219584540265, 1.2503199577331543]"
F272013,10,36,0.9,"[713.9219584540265, 1.2503280639648438]"
F272013,10,36,1.0,"[713.9219584540265, 1.2503321170806885]"
F272013,10,37,0.01,"[3679.8626888028793, 0.08267045021057129]"
F272013,10,37,0.1,"[3679.8549004421075, 0.23441314697265625]"
F272013,10,37,0.2,"[3679.8549004421075, 0.23441672325134277]"
F272013,10,37,0.3,"[3679.8549004421075, 0.2344191074371338]"
F272013,10,37,0.4,"[3679.8549004421075, 0.2344207763671875]"
F272013,10,37,0.5,"[3679.8549004421075, 0.23442316055297852]"
F272013,10,37,0.6,"[3679.8549004421075, 0.23442554473876953]"
F272013,10,37,0.7,"[3679.8549004421075, 0.23442792892456055]"
F272013,10,37,0.8,"[3679.8549004421075, 0.23443007469177246]"
F272013,10,37,0.9,"[3679.8549004421075, 0.23443269729614258]"
F272013,10,37,1.0,"[3679.8549004421075, 0.2344348430633545]"
F272013,10,38,0.01,"[2038.8129260675696, 0.07730340957641602]"
F272013,10,38,0.1,"[2024.6892145469674, 0.7062942981719971]"
F272013,10,38,0.2,"[2024.6889448443862, 0.9251062870025635]"
F272013,10,38,0.3,"[2024.6889448443862, 0.9251093864440918]"
F272013,10,38,0.4,"[2024.6889448443862, 0.9251110553741455]"
F272013,10,38,0.5,"[2024.6889448443862, 0.9251136779785156]"
F272013,10,38,0.6,"[2024.6889448443862, 0.9251155853271484]"
F272013,10,38,0.7,"[2024.6889448443862, 0.9251172542572021]"
F272013,10,38,0.8,"[2024.6889448443862, 0.9251189231872559]"
F272013,10,38,0.9,"[2024.6889448443862, 0.925121545791626]"
F272013,10,38,1.0,"[2024.6889448443862, 0.9251234531402588]"
F272013,10,39,0.01,"[915.9410300468426, 0.07815432548522949]"
F272013,10,39,0.1,"[914.9356575790152, 0.7143135070800781]"
F272013,10,39,0.2,"[914.9351801313314, 1.1103019714355469]"
F272013,10,39,0.3,"[914.9351801313314, 1.110323190689087]"
F272013,10,39,0.4,"[914.9351801313314, 1.110327959060669]"
F272013,10,39,0.5,"[914.9351801313314, 1.1103296279907227]"
F272013,10,39,0.6,"[914.9351801313314, 1.110335350036621]"
F272013,10,39,0.7,"[914.9351801313314, 1.1103367805480957]"
F272013,10,39,0.8,"[914.9351801313314, 1.1103448867797852]"
F272013,10,39,0.9,"[914.9351801313314, 1.1103527545928955]"
F272013,10,39,1.0,"[914.9351801313314, 1.1103577613830566]"
F272013,10,40,0.01,"[1616.330329857627, 0.15177702903747559]"
F272013,10,40,0.1,"[1616.323780543436, 0.2928144931793213]"
F272013,10,40,0.2,"[1616.323780543436, 0.2928178310394287]"
F272013,10,40,0.3,"[1616.323780543436, 0.2928197383880615]"
F272013,10,40,0.4,"[1616.323780543436, 0.29282164573669434]"
F272013,10,40,0.5,"[1616.323780543436, 0.29282355308532715]"
F272013,10,40,0.6,"[1616.323780543436, 0.29282546043395996]"
F272013,10,40,0.7,"[1616.323780543436, 0.29282689094543457]"
F272013,10,40,0.8,"[1616.323780543436, 0.2928290367126465]"
F272013,10,40,0.9,"[1616.323780543436, 0.2928311824798584]"
F272013,10,40,1.0,"[1616.323780543436, 0.2928333282470703]"
F272013,10,41,0.01,"[5188.447678450629, 0.07790136337280273]"
F272013,10,41,0.1,"[5188.447678450629, 0.6201591491699219]"
F272013,10,41,0.2,"[5188.447678450629, 0.6201624870300293]"
F272013,10,41,0.3,"[5188.447678450629, 0.6201646327972412]"
F272013,10,41,0.4,"[5188.447678450629, 0.6201663017272949]"
F272013,10,41,0.5,"[5188.447678450629, 0.6201684474945068]"
F272013,10,41,0.6,"[5188.447678450629, 0.6201703548431396]"
F272013,10,41,0.7,"[5188.447678450629, 0.6201720237731934]"
F272013,10,41,0.8,"[5188.447678450629, 0.6201739311218262]"
F272013,10,41,0.9,"[5188.447678450629, 0.6201760768890381]"
F272013,10,41,1.0,"[5188.447678450629, 0.6201784610748291]"
F272013,10,42,0.01,"[1223.2850907809125, 0.07766270637512207]"
F272013,10,42,0.1,"[1222.6488100674806, 0.709373950958252]"
F272013,10,42,0.2,"[1222.6487201538407, 0.8193676471710205]"
F272013,10,42,0.3,"[1222.6487201538407, 0.8193705081939697]"
F272013,10,42,0.4,"[1222.6487201538407, 0.8193726539611816]"
F272013,10,42,0.5,"[1222.6487201538407, 0.8193747997283936]"
F272013,10,42,0.6,"[1222.6487201538407, 0.8193771839141846]"
F272013,10,42,0.7,"[1222.6487201538407, 0.8193786144256592]"
F272013,10,42,0.8,"[1222.6487201538407, 0.8193809986114502]"
F272013,10,42,0.9,"[1222.6487201538407, 0.8193831443786621]"
F272013,10,42,1.0,"[1222.6487201538407, 0.8193850517272949]"
F272013,10,43,0.01,"[927.3288088851268, 0.0778803825378418]"
F272013,10,43,0.1,"[777.6286311288059, 0.5831048488616943]"
F272013,10,43,0.2,"[777.6286311288059, 0.5831081867218018]"
F272013,10,43,0.3,"[777.6286311288059, 0.5831103324890137]"
F272013,10,43,0.4,"[777.6286311288059, 0.5831122398376465]"
F272013,10,43,0.5,"[777.6286311288059, 0.5831146240234375]"
F272013,10,43,0.6,"[777.6286311288059, 0.5831165313720703]"
F272013,10,43,0.7,"[777.6286311288059, 0.583118200302124]"
F272013,10,43,0.8,"[777.6286311288059, 0.5831203460693359]"
F272013,10,43,0.9,"[777.6286311288059, 0.5831222534179688]"
F272013,10,43,1.0,"[777.6286311288059, 0.5831243991851807]"
F272013,10,44,0.01,"[1133.6563856265843, 0.07765364646911621]"
F272013,10,44,0.1,"[1091.961222025041, 0.7110331058502197]"
F272013,10,44,0.2,"[1091.9545146033615, 1.315382480621338]"
F272013,10,44,0.3,"[1091.9545146033615, 1.3153903484344482]"
F272013,10,44,0.4,"[1091.9545146033615, 1.3153924942016602]"
F272013,10,44,0.5,"[1091.9545146033615, 1.3153948783874512]"
F272013,10,44,0.6,"[1091.9545146033615, 1.315396785736084]"
F272013,10,44,0.7,"[1091.9545146033615, 1.3153984546661377]"
F272013,10,44,0.8,"[1091.9545146033615, 1.3154006004333496]"
F272013,10,44,0.9,"[1091.9545146033615, 1.3154027462005615]"
F272013,10,44,1.0,"[1091.9545146033615, 1.3154048919677734]"
F272013,10,45,0.01,"[1119.6517874443193, 0.07750272750854492]"
F272013,10,45,0.1,"[1119.6517874443193, 0.17855453491210938]"
F272013,10,45,0.2,"[1119.6517874443193, 0.1785578727722168]"
F272013,10,45,0.3,"[1119.6517874443193, 0.1785600185394287]"
F272013,10,45,0.4,"[1119.6517874443193, 0.17856168746948242]"
F272013,10,45,0.5,"[1119.6517874443193, 0.17856383323669434]"
F272013,10,45,0.6,"[1119.6517874443193, 0.17856597900390625]"
F272013,10,45,0.7,"[1119.6517874443193, 0.17856740951538086]"
F272013,10,45,0.8,"[1119.6517874443193, 0.17856931686401367]"
F272013,10,45,0.9,"[1119.6517874443193, 0.17857122421264648]"
F272013,10,45,1.0,"[1119.6517874443193, 0.1785731315612793]"
F272013,10,46,0.01,"[3215.1886307469013, 0.0780181884765625]"
F272013,10,46,0.1,"[2524.6225176393664, 0.7134833335876465]"
F272013,10,46,0.2,"[2524.6225176393664, 0.7729458808898926]"
F272013,10,46,0.3,"[2524.6225176393664, 0.7729487419128418]"
F272013,10,46,0.4,"[2524.6225176393664, 0.7729506492614746]"
F272013,10,46,0.5,"[2524.6225176393664, 0.7729530334472656]"
F272013,10,46,0.6,"[2524.6225176393664, 0.7729551792144775]"
F272013,10,46,0.7,"[2524.6225176393664, 0.7729566097259521]"
F272013,10,46,0.8,"[2524.6225176393664, 0.7729582786560059]"
F272013,10,46,0.9,"[2524.6225176393664, 0.7729606628417969]"
F272013,10,46,1.0,"[2524.6225176393664, 0.7729628086090088]"
F272013,10,47,0.01,"[2669.3519050817745, 0.07773590087890625]"
F272013,10,47,0.1,"[2669.351840060269, 0.23846745491027832]"
F272013,10,47,0.2,"[2669.351840060269, 0.23847055435180664]"
F272013,10,47,0.3,"[2669.351840060269, 0.23847246170043945]"
F272013,10,47,0.4,"[2669.351840060269, 0.23847413063049316]"
F272013,10,47,0.5,"[2669.351840060269, 0.23847627639770508]"
F272013,10,47,0.6,"[2669.351840060269, 0.2384781837463379]"
F272013,10,47,0.7,"[2669.351840060269, 0.2384796142578125]"
F272013,10,47,0.8,"[2669.351840060269, 0.2384815216064453]"
F272013,10,47,0.9,"[2669.351840060269, 0.23848319053649902]"
F272013,10,47,1.0,"[2669.351840060269, 0.23848509788513184]"
F272013,10,48,0.01,"[1522.4335332795363, 0.08043551445007324]"
F272013,10,48,0.1,"[1436.2301413394266, 0.5129880905151367]"
F272013,10,48,0.2,"[1436.2301413394266, 0.5129914283752441]"
F272013,10,48,0.3,"[1436.2301413394266, 0.512993574142456]"
F272013,10,48,0.4,"[1436.2301413394266, 0.5129950046539307]"
F272013,10,48,0.5,"[1436.2301413394266, 0.5129971504211426]"
F272013,10,48,0.6,"[1436.2301413394266, 0.5129988193511963]"
F272013,10,48,0.7,"[1436.2301413394266, 0.51300048828125]"
F272013,10,48,0.8,"[1436.2301413394266, 0.5130021572113037]"
F272013,10,48,0.9,"[1436.2301413394266, 0.5130040645599365]"
F272013,10,48,1.0,"[1436.2301413394266, 0.5130054950714111]"
F272013,10,49,0.01,"[760.8109256773837, 0.07639622688293457]"
F272013,10,49,0.1,"[758.7447815066616, 0.7078964710235596]"
F272013,10,49,0.2,"[758.7447720761961, 0.8020546436309814]"
F272013,10,49,0.3,"[758.7447720761961, 0.8020625114440918]"
F272013,10,49,0.4,"[758.7447720761961, 0.8020646572113037]"
F272013,10,49,0.5,"[758.7447720761961, 0.8020670413970947]"
F272013,10,49,0.6,"[758.7447720761961, 0.8020687103271484]"
F272013,10,49,0.7,"[758.7447720761961, 0.8020703792572021]"
F272013,10,49,0.8,"[758.7447720761961, 0.8020768165588379]"
F272013,10,49,0.9,"[758.7447720761961, 0.8020792007446289]"
F272013,10,49,1.0,"[758.7447720761961, 0.8020811080932617]"
F272013,10,50,0.01,"[1294.5648508258828, 0.07603931427001953]"
F272013,10,50,0.1,"[1294.5646346095564, 0.1931297779083252]"
F272013,10,50,0.2,"[1294.5646346095564, 0.19313287734985352]"
F272013,10,50,0.3,"[1294.5646346095564, 0.19313502311706543]"
F272013,10,50,0.4,"[1294.5646346095564, 0.19313645362854004]"
F272013,10,50,0.5,"[1294.5646346095564, 0.19313836097717285]"
F272013,10,50,0.6,"[1294.5646346095564, 0.19314002990722656]"
F272013,10,50,0.7,"[1294.5646346095564, 0.19314169883728027]"
F272013,10,50,0.8,"[1294.5646346095564, 0.19314336776733398]"
F272013,10,50,0.9,"[1294.5646346095564, 0.1931452751159668]"
F272013,10,50,1.0,"[1294.5646346095564, 0.1931469440460205]"
F272013,30,0,0.01,"[8868.000927985473, 0.15976738929748535]"
F272013,30,0,0.1,"[8867.959812438321, 1.1834874153137207]"
F272013,30,0,0.2,"[8867.959787276402, 1.8773765563964844]"
F272013,30,0,0.3,"[8867.959787276402, 1.8773794174194336]"
F272013,30,0,0.4,"[8867.959787276402, 1.8773841857910156]"
F272013,30,0,0.5,"[8867.959787276402, 1.8773863315582275]"
F272013,30,0,0.6,"[8867.959787276402, 1.8773880004882812]"
F272013,30,0,0.7,"[8867.959787276402, 1.8773891925811768]"
F272013,30,0,0.8,"[8867.959787276402, 1.8773934841156006]"
F272013,30,0,0.9,"[8867.959787276402, 1.8773958683013916]"
F272013,30,0,1.0,"[8867.959787276402, 1.877397060394287]"
F272013,30,1,0.01,"[5737.04408233221, 0.14826083183288574]"
F272013,30,1,0.1,"[5722.72182255023, 1.1706924438476562]"
F272013,30,1,0.2,"[5722.721812731098, 1.2438833713531494]"
F272013,30,1,0.3,"[5722.721812731098, 1.2438857555389404]"
F272013,30,1,0.4,"[5722.721812731098, 1.243887186050415]"
F272013,30,1,0.5,"[5722.721812731098, 1.243889331817627]"
F272013,30,1,0.6,"[5722.721812731098, 1.2438905239105225]"
F272013,30,1,0.7,"[5722.721812731098, 1.243891954421997]"
F272013,30,1,0.8,"[5722.721812731098, 1.2438931465148926]"
F272013,30,1,0.9,"[5722.721812731098, 1.2438971996307373]"
F272013,30,1,1.0,"[5722.721812731098, 1.243898630142212]"
F272013,30,2,0.01,"[2647.596372549816, 0.1478099822998047]"
F272013,30,2,0.1,"[2550.3877729223723, 1.168522834777832]"
F272013,30,2,0.2,"[2499.8695216197666, 2.297846555709839]"
F272013,30,2,0.3,"[2497.0221582104787, 3.428157091140747]"
F272013,30,2,0.4,"[2496.9939903301815, 4.560385227203369]"
F272013,30,2,0.5,"[2496.9939401848223, 5.181201457977295]"
F272013,30,2,0.6,"[2496.9939401848223, 5.181204795837402]"
F272013,30,2,0.7,"[2496.9939401848223, 5.181206703186035]"
F272013,30,2,0.8,"[2496.9939401848223, 5.181208610534668]"
F272013,30,2,0.9,"[2496.9939401848223, 5.181210279464722]"
F272013,30,2,1.0,"[2496.9939401848223, 5.181212425231934]"
F272013,30,3,0.01,"[6133.476048358022, 0.14678072929382324]"
F272013,30,3,0.1,"[6121.2756566268, 1.1675920486450195]"
F272013,30,3,0.2,"[5211.311631398706, 2.2990105152130127]"
F272013,30,3,0.3,"[4925.773902833045, 3.432393789291382]"
F272013,30,3,0.4,"[4925.773902833045, 4.563008069992065]"
F272013,30,3,0.5,"[4925.773902833045, 5.729639768600464]"
F272013,30,3,0.6,"[4925.773902833045, 5.729976654052734]"
F272013,30,3,0.7,"[4925.773902833045, 5.729979038238525]"
F272013,30,3,0.8,"[4925.773902833045, 5.72998046875]"
F272013,30,3,0.9,"[4925.773902833045, 5.729981899261475]"
F272013,30,3,1.0,"[4925.773902833045, 5.72998309135437]"
F272013,30,4,0.01,"[9950.340907396476, 0.14757418632507324]"
F272013,30,4,0.1,"[9950.340881769136, 0.7326545715332031]"
F272013,30,4,0.2,"[9950.340881769136, 0.7326574325561523]"
F272013,30,4,0.3,"[9950.340881769136, 0.732659101486206]"
F272013,30,4,0.4,"[9950.340881769136, 0.7326607704162598]"
F272013,30,4,0.5,"[9950.340881769136, 0.7326626777648926]"
F272013,30,4,0.6,"[9950.340881769136, 0.7326645851135254]"
F272013,30,4,0.7,"[9950.340881769136, 0.7326655387878418]"
F272013,30,4,0.8,"[9950.340881769136, 0.7326667308807373]"
F272013,30,4,0.9,"[9950.340881769136, 0.732668399810791]"
F272013,30,4,1.0,"[9950.340881769136, 0.7326700687408447]"
F272013,30,5,0.01,"[8456.778319853562, 0.14991140365600586]"
F272013,30,5,0.1,"[8361.678317878355, 0.8052959442138672]"
F272013,30,5,0.2,"[8361.678317878355, 0.8052988052368164]"
F272013,30,5,0.3,"[8361.678317878355, 0.8053007125854492]"
F272013,30,5,0.4,"[8361.678317878355, 0.8053021430969238]"
F272013,30,5,0.5,"[8361.678317878355, 0.8053040504455566]"
F272013,30,5,0.6,"[8361.678317878355, 0.8053054809570312]"
F272013,30,5,0.7,"[8361.678317878355, 0.8053066730499268]"
F272013,30,5,0.8,"[8361.678317878355, 0.8053083419799805]"
F272013,30,5,0.9,"[8361.678317878355, 0.8053102493286133]"
F272013,30,5,1.0,"[8361.678317878355, 0.805311918258667]"
F272013,30,6,0.01,"[7546.852043326568, 0.14696836471557617]"
F272013,30,6,0.1,"[7494.785793871972, 1.1686961650848389]"
F272013,30,6,0.2,"[7494.783904661606, 2.117980718612671]"
F272013,30,6,0.3,"[7494.783904661606, 2.117983341217041]"
F272013,30,6,0.4,"[7494.783904661606, 2.1179845333099365]"
F272013,30,6,0.5,"[7494.783904661606, 2.1179864406585693]"
F272013,30,6,0.6,"[7494.783904661606, 2.117987871170044]"
F272013,30,6,0.7,"[7494.783904661606, 2.1179888248443604]"
F272013,30,6,0.8,"[7494.783904661606, 2.117990255355835]"
F272013,30,6,0.9,"[7494.783904661606, 2.1179916858673096]"
F272013,30,6,1.0,"[7494.783904661606, 2.1179933547973633]"
F272013,30,7,0.01,"[6957.174762940009, 0.14649176597595215]"
F272013,30,7,0.1,"[6500.75823832306, 1.1680917739868164]"
F272013,30,7,0.2,"[6050.8887887045785, 2.2995903491973877]"
F272013,30,7,0.3,"[5713.104316032474, 3.4317853450775146]"
F272013,30,7,0.4,"[4995.70868266886, 4.563961029052734]"
F272013,30,7,0.5,"[4760.224467162738, 5.732852220535278]"
F272013,30,7,0.6,"[4760.2236364247065, 6.865147829055786]"
F272013,30,7,0.7,"[4572.7493137959145, 7.995007038116455]"
F272013,30,7,0.8,"[4022.0761335361494, 9.125552892684937]"
F272013,30,7,0.9,"[4022.0755911253145, 10.290905237197876]"
F272013,30,7,1.0,"[4018.7131029753755, 11.420294523239136]"
F272013,30,8,0.01,"[10531.505644587502, 0.1472454071044922]"
F272013,30,8,0.1,"[2441.8129032179736, 1.1708827018737793]"
F272013,30,8,0.2,"[2406.1487896693557, 2.3036139011383057]"
F272013,30,8,0.3,"[2406.1154409580986, 3.4376983642578125]"
F272013,30,8,0.4,"[2406.114006472259, 4.5708887577056885]"
F272013,30,8,0.5,"[2406.1139824408556, 4.8993518352508545]"
F272013,30,8,0.6,"[2406.1139824408556, 4.899354934692383]"
F272013,30,8,0.7,"[2406.1139824408556, 4.899356365203857]"
F272013,30,8,0.8,"[2406.1139824408556, 4.899358034133911]"
F272013,30,8,0.9,"[2406.1139824408556, 4.899359703063965]"
F272013,30,8,1.0,"[2406.1139824408556, 4.89936089515686]"
F272013,30,9,0.01,"[2480.6712904473006, 0.14689302444458008]"
F272013,30,9,0.1,"[2363.9403932037176, 1.1693511009216309]"
F272013,30,9,0.2,"[2359.175239845816, 2.3012173175811768]"
F272013,30,9,0.3,"[2358.713900809501, 3.433335304260254]"
F272013,30,9,0.4,"[2358.7138991594466, 3.5795092582702637]"
F272013,30,9,0.5,"[2358.7138991594466, 3.579512119293213]"
F272013,30,9,0.6,"[2358.7138991594466, 3.5795137882232666]"
F272013,30,9,0.7,"[2358.7138991594466, 3.579515218734741]"
F272013,30,9,0.8,"[2358.7138991594466, 3.579516649246216]"
F272013,30,9,0.9,"[2358.7138991594466, 3.5795178413391113]"
F272013,30,9,1.0,"[2358.7138991594466, 3.579519271850586]"
F272013,30,10,0.01,"[7498.141494013173, 0.14690923690795898]"
F272013,30,10,0.1,"[7498.134748396034, 0.8044157028198242]"
F272013,30,10,0.2,"[7498.134748396034, 0.8044183254241943]"
F272013,30,10,0.3,"[7498.134748396034, 0.8044202327728271]"
F272013,30,10,0.4,"[7498.134748396034, 0.8044216632843018]"
F272013,30,10,0.5,"[7498.134748396034, 0.8044230937957764]"
F272013,30,10,0.6,"[7498.134748396034, 0.8044247627258301]"
F272013,30,10,0.7,"[7498.134748396034, 0.8044259548187256]"
F272013,30,10,0.8,"[7498.134748396034, 0.8044276237487793]"
F272013,30,10,0.9,"[7498.134748396034, 0.8044290542602539]"
F272013,30,10,1.0,"[7498.134748396034, 0.8044307231903076]"
F272013,30,11,0.01,"[1780.7950730785274, 0.1466073989868164]"
F272013,30,11,0.1,"[1754.1111637779618, 1.166903018951416]"
F272013,30,11,0.2,"[1754.1111637779618, 2.2958033084869385]"
F272013,30,11,0.3,"[1754.1111637779618, 3.425555467605591]"
F272013,30,11,0.4,"[1754.1111637779618, 4.55433464050293]"
F272013,30,11,0.5,"[1754.1111637779618, 5.7193922996521]"
F272013,30,11,0.6,"[1754.1111637779618, 6.8469555377960205]"
F272013,30,11,0.7,"[1754.1111637779618, 7.9734883308410645]"
F272013,30,11,0.8,"[1754.1111637779618, 8.010048389434814]"
F272013,30,11,0.9,"[1754.1111637779618, 8.010054349899292]"
F272013,30,11,1.0,"[1754.1111637779618, 8.010056018829346]"
F272013,30,12,0.01,"[2603.7943411546576, 0.14682555198669434]"
F272013,30,12,0.1,"[2599.0626586234353, 1.170823574066162]"
F272013,30,12,0.2,"[2599.0606111823945, 2.083127021789551]"
F272013,30,12,0.3,"[2599.0606111823945, 2.083129644393921]"
F272013,30,12,0.4,"[2599.0606111823945, 2.0831310749053955]"
F272013,30,12,0.5,"[2599.0606111823945, 2.083132743835449]"
F272013,30,12,0.6,"[2599.0606111823945, 2.0831339359283447]"
F272013,30,12,0.7,"[2599.0606111823945, 2.0831351280212402]"
F272013,30,12,0.8,"[2599.0606111823945, 2.083136558532715]"
F272013,30,12,0.9,"[2599.0606111823945, 2.0831410884857178]"
F272013,30,12,1.0,"[2599.0606111823945, 2.0831425189971924]"
F272013,30,13,0.01,"[8756.936427822635, 0.14763617515563965]"
F272013,30,13,0.1,"[8656.946615482133, 1.1797668933868408]"
F272013,30,13,0.2,"[8656.946585564798, 1.5095593929290771]"
F272013,30,13,0.3,"[8656.946585564798, 1.5095622539520264]"
F272013,30,13,0.4,"[8656.946585564798, 1.50956392288208]"
F272013,30,13,0.5,"[8656.946585564798, 1.5095653533935547]"
F272013,30,13,0.6,"[8656.946585564798, 1.5095672607421875]"
F272013,30,13,0.7,"[8656.946585564798, 1.509568452835083]"
F272013,30,13,0.8,"[8656.946585564798, 1.5095696449279785]"
F272013,30,13,0.9,"[8656.946585564798, 1.5095746517181396]"
F272013,30,13,1.0,"[8656.946585564798, 1.5095758438110352]"
F272013,30,14,0.01,"[4249.388714577614, 0.14660382270812988]"
F272013,30,14,0.1,"[4249.363128596765, 1.1708910465240479]"
F272013,30,14,0.2,"[4229.2355452565835, 2.303635358810425]"
F272013,30,14,0.3,"[4229.235543597823, 2.5229058265686035]"
F272013,30,14,0.4,"[4229.235543597823, 2.5229084491729736]"
F272013,30,14,0.5,"[4229.235543597823, 2.5229103565216064]"
F272013,30,14,0.6,"[4229.235543597823, 2.5229122638702393]"
F272013,30,14,0.7,"[4229.235543597823, 2.5229134559631348]"
F272013,30,14,0.8,"[4229.235543597823, 2.5229151248931885]"
F272013,30,14,0.9,"[4229.235543597823, 2.5229198932647705]"
F272013,30,14,1.0,"[4229.235543597823, 2.522921562194824]"
F272013,30,15,0.01,"[7600.957989788014, 0.14763474464416504]"
F272013,30,15,0.1,"[7292.050283404653, 1.176567554473877]"
F272013,30,15,0.2,"[7292.018591824413, 2.3133161067962646]"
F272013,30,15,0.3,"[7292.016507227421, 2.89986252784729]"
F272013,30,15,0.4,"[7292.016507227421, 2.89986515045166]"
F272013,30,15,0.5,"[7292.016507227421, 2.899867057800293]"
F272013,30,15,0.6,"[7292.016507227421, 2.8998687267303467]"
F272013,30,15,0.7,"[7292.016507227421, 2.899869918823242]"
F272013,30,15,0.8,"[7292.016507227421, 2.899871349334717]"
F272013,30,15,0.9,"[7292.016507227421, 2.899876117706299]"
F272013,30,15,1.0,"[7292.016507227421, 2.8998775482177734]"
F272013,30,16,0.01,"[5368.968352716089, 0.14696478843688965]"
F272013,30,16,0.1,"[5368.808879940857, 1.1727187633514404]"
F272013,30,16,0.2,"[5368.79971121375, 2.3058526515960693]"
F272013,30,16,0.3,"[5368.799678780887, 2.379270076751709]"
F272013,30,16,0.4,"[5368.799678780887, 2.379272699356079]"
F272013,30,16,0.5,"[5368.799678780887, 2.3792781829833984]"
F272013,30,16,0.6,"[5368.799678780887, 2.3792824745178223]"
F272013,30,16,0.7,"[5368.799678780887, 2.3792834281921387]"
F272013,30,16,0.8,"[5368.799678780887, 2.3792881965637207]"
F272013,30,16,0.9,"[5368.799678780887, 2.3792929649353027]"
F272013,30,16,1.0,"[5368.799678780887, 2.379297971725464]"
F272013,30,17,0.01,"[8374.172277742387, 0.1468503475189209]"
F272013,30,17,0.1,"[8227.434585065967, 1.0980892181396484]"
F272013,30,17,0.2,"[8227.434585065967, 1.0981030464172363]"
F272013,30,17,0.3,"[8227.434585065967, 1.0981049537658691]"
F272013,30,17,0.4,"[8227.434585065967, 1.0981063842773438]"
F272013,30,17,0.5,"[8227.434585065967, 1.098111867904663]"
F272013,30,17,0.6,"[8227.434585065967, 1.098116159439087]"
F272013,30,17,0.7,"[8227.434585065967, 1.0981204509735107]"
F272013,30,17,0.8,"[8227.434585065967, 1.0981221199035645]"
F272013,30,17,0.9,"[8227.434585065967, 1.098130226135254]"
F272013,30,17,1.0,"[8227.434585065967, 1.098134994506836]"
F272013,30,18,0.01,"[11798.338545823435, 0.14715957641601562]"
F272013,30,18,0.1,"[9256.665563147482, 1.0998437404632568]"
F272013,30,18,0.2,"[9256.665563147482, 1.0998585224151611]"
F272013,30,18,0.3,"[9256.665563147482, 1.0998601913452148]"
F272013,30,18,0.4,"[9256.665563147482, 1.0998616218566895]"
F272013,30,18,0.5,"[9256.665563147482, 1.0998663902282715]"
F272013,30,18,0.6,"[9256.665563147482, 1.0998799800872803]"
F272013,30,18,0.7,"[9256.665563147482, 1.0998811721801758]"
F272013,30,18,0.8,"[9256.665563147482, 1.0998859405517578]"
F272013,30,18,0.9,"[9256.665563147482, 1.0998907089233398]"
F272013,30,18,1.0,"[9256.665563147482, 1.0998952388763428]"
F272013,30,19,0.01,"[10843.028386695054, 0.1470503807067871]"
F272013,30,19,0.1,"[10842.62015245256, 1.1740667819976807]"
F272013,30,19,0.2,"[10841.309047498142, 2.310235023498535]"
F272013,30,19,0.3,"[10841.309047498142, 3.40922474861145]"
F272013,30,19,0.4,"[10841.309047498142, 3.409227132797241]"
F272013,30,19,0.5,"[10841.309047498142, 3.4092354774475098]"
F272013,30,19,0.6,"[10841.309047498142, 3.4092414379119873]"
F272013,30,19,0.7,"[10841.309047498142, 3.4092462062835693]"
F272013,30,19,0.8,"[10841.309047498142, 3.409247636795044]"
F272013,30,19,0.9,"[10841.309047498142, 3.409252643585205]"
F272013,30,19,1.0,"[10841.309047498142, 3.409261465072632]"
F272013,30,20,0.01,"[10492.109231024238, 0.14726972579956055]"
F272013,30,20,0.1,"[10444.046439344222, 1.0992648601531982]"
F272013,30,20,0.2,"[10444.046439344222, 1.099271535873413]"
F272013,30,20,0.3,"[10444.046439344222, 1.0992732048034668]"
F272013,30,20,0.4,"[10444.046439344222, 1.0992746353149414]"
F272013,30,20,0.5,"[10444.046439344222, 1.0992763042449951]"
F272013,30,20,0.6,"[10444.046439344222, 1.099278211593628]"
F272013,30,20,0.7,"[10444.046439344222, 1.0992794036865234]"
F272013,30,20,0.8,"[10444.046439344222, 1.0992810726165771]"
F272013,30,20,0.9,"[10444.046439344222, 1.0992858409881592]"
F272013,30,20,1.0,"[10444.046439344222, 1.099287509918213]"
F272013,30,21,0.01,"[9209.6910584846, 0.14717936515808105]"
F272013,30,21,0.1,"[9209.054086266564, 1.1722593307495117]"
F272013,30,21,0.2,"[9209.054034888552, 1.5018038749694824]"
F272013,30,21,0.3,"[9209.054034888552, 1.5018064975738525]"
F272013,30,21,0.4,"[9209.054034888552, 1.5018079280853271]"
F272013,30,21,0.5,"[9209.054034888552, 1.50180983543396]"
F272013,30,21,0.6,"[9209.054034888552, 1.5018115043640137]"
F272013,30,21,0.7,"[9209.054034888552, 1.5018131732940674]"
F272013,30,21,0.8,"[9209.054034888552, 1.501814365386963]"
F272013,30,21,0.9,"[9209.054034888552, 1.5018198490142822]"
F272013,30,21,1.0,"[9209.054034888552, 1.5018210411071777]"
F272013,30,22,0.01,"[8763.568141162761, 0.15511822700500488]"
F272013,30,22,0.1,"[8763.48050849275, 1.1807847023010254]"
F272013,30,22,0.2,"[8763.47154350135, 2.1326794624328613]"
F272013,30,22,0.3,"[8763.47154350135, 2.1326820850372314]"
F272013,30,22,0.4,"[8763.47154350135, 2.1326863765716553]"
F272013,30,22,0.5,"[8763.47154350135, 2.1326918601989746]"
F272013,30,22,0.6,"[8763.47154350135, 2.132699728012085]"
F272013,30,22,0.7,"[8763.47154350135, 2.1327011585235596]"
F272013,30,22,0.8,"[8763.47154350135, 2.132702350616455]"
F272013,30,22,0.9,"[8763.47154350135, 2.132711410522461]"
F272013,30,22,1.0,"[8763.47154350135, 2.1327157020568848]"
F272013,30,23,0.01,"[4899.6823630371255, 0.14856266975402832]"
F272013,30,23,0.1,"[4899.67954284503, 1.1763174533843994]"
F272013,30,23,0.2,"[4899.679035352036, 1.6177012920379639]"
F272013,30,23,0.3,"[4899.679035352036, 1.617704153060913]"
F272013,30,23,0.4,"[4899.679035352036, 1.6177058219909668]"
F272013,30,23,0.5,"[4899.679035352036, 1.6177113056182861]"
F272013,30,23,0.6,"[4899.679035352036, 1.6177163124084473]"
F272013,30,23,0.7,"[4899.679035352036, 1.6177175045013428]"
F272013,30,23,0.8,"[4899.679035352036, 1.6177186965942383]"
F272013,30,23,0.9,"[4899.679035352036, 1.617720603942871]"
F272013,30,23,1.0,"[4899.679035352036, 1.617724895477295]"
F272013,30,24,0.01,"[9061.512015623162, 0.14795589447021484]"
F272013,30,24,0.1,"[9061.014121700813, 1.134981393814087]"
F272013,30,24,0.2,"[9061.014121700813, 1.1349880695343018]"
F272013,30,24,0.3,"[9061.014121700813, 1.1349895000457764]"
F272013,30,24,0.4,"[9061.014121700813, 1.13499116897583]"
F272013,30,24,0.5,"[9061.014121700813, 1.1349928379058838]"
F272013,30,24,0.6,"[9061.014121700813, 1.1349945068359375]"
F272013,30,24,0.7,"[9061.014121700813, 1.134995698928833]"
F272013,30,24,0.8,"[9061.014121700813, 1.1349973678588867]"
F272013,30,24,0.9,"[9061.014121700813, 1.1350023746490479]"
F272013,30,24,1.0,"[9061.014121700813, 1.1350038051605225]"
F272013,30,25,0.01,"[8991.962694921445, 0.14725351333618164]"
F272013,30,25,0.1,"[8939.571074898378, 1.0199897289276123]"
F272013,30,25,0.2,"[8939.571074898378, 1.019996166229248]"
F272013,30,25,0.3,"[8939.571074898378, 1.0199980735778809]"
F272013,30,25,0.4,"[8939.571074898378, 1.0199995040893555]"
F272013,30,25,0.5,"[8939.571074898378, 1.0200016498565674]"
F272013,30,25,0.6,"[8939.571074898378, 1.020003080368042]"
F272013,30,25,0.7,"[8939.571074898378, 1.0200045108795166]"
F272013,30,25,0.8,"[8939.571074898378, 1.0200059413909912]"
F272013,30,25,0.9,"[8939.571074898378, 1.0200114250183105]"
F272013,30,25,1.0,"[8939.571074898378, 1.0200130939483643]"
F272013,30,26,0.01,"[2445.5495845963896, 0.14742541313171387]"
F272013,30,26,0.1,"[2246.7931196875174, 1.1684620380401611]"
F272013,30,26,0.2,"[2246.7805258482877, 2.042429208755493]"
F272013,30,26,0.3,"[2246.7805258482877, 2.0424318313598633]"
F272013,30,26,0.4,"[2246.7805258482877, 2.042436122894287]"
F272013,30,26,0.5,"[2246.7805258482877, 2.04244065284729]"
F272013,30,26,0.6,"[2246.7805258482877, 2.0424485206604004]"
F272013,30,26,0.7,"[2246.7805258482877, 2.042449951171875]"
F272013,30,26,0.8,"[2246.7805258482877, 2.0424509048461914]"
F272013,30,26,0.9,"[2246.7805258482877, 2.042459726333618]"
F272013,30,26,1.0,"[2246.7805258482877, 2.0424611568450928]"
F272013,30,27,0.01,"[2874.6365523309714, 0.14741969108581543]"
F272013,30,27,0.1,"[2807.83239614179, 1.1712379455566406]"
F272013,30,27,0.2,"[2708.639998788504, 2.300328254699707]"
F272013,30,27,0.3,"[2696.6077959561394, 3.429020881652832]"
F272013,30,27,0.4,"[2696.3948645891733, 4.558383941650391]"
F272013,30,27,0.5,"[2695.884076090278, 5.724210500717163]"
F272013,30,27,0.6,"[2695.7706396954836, 6.852299928665161]"
F272013,30,27,0.7,"[2695.768463593767, 7.978250980377197]"
F272013,30,27,0.8,"[2695.768319767713, 9.104654312133789]"
F272013,30,27,0.9,"[2695.768319767713, 9.141392946243286]"
F272013,30,27,1.0,"[2695.768319767713, 9.141395568847656]"
F272013,30,28,0.01,"[6486.019878898817, 0.14725947380065918]"
F272013,30,28,0.1,"[5304.0579239983335, 1.1698920726776123]"
F272013,30,28,0.2,"[5288.199993437875, 2.29864501953125]"
F272013,30,28,0.3,"[5287.205606170378, 3.2091033458709717]"
F272013,30,28,0.4,"[5287.205606170378, 3.2091064453125]"
F272013,30,28,0.5,"[5287.205606170378, 3.209108829498291]"
F272013,30,28,0.6,"[5287.205606170378, 3.209110975265503]"
F272013,30,28,0.7,"[5287.205606170378, 3.2091124057769775]"
F272013,30,28,0.8,"[5287.205606170378, 3.209113597869873]"
F272013,30,28,0.9,"[5287.205606170378, 3.2091193199157715]"
F272013,30,28,1.0,"[5287.205606170378, 3.209120988845825]"
F272013,30,29,0.01,"[8153.909040027444, 0.14729881286621094]"
F272013,30,29,0.1,"[8126.156272048927, 1.1687092781066895]"
F272013,30,29,0.2,"[8084.801166571206, 2.2974259853363037]"
F272013,30,29,0.3,"[8026.204952408338, 3.426706552505493]"
F272013,30,29,0.4,"[8025.699189203988, 4.558494329452515]"
F272013,30,29,0.5,"[8025.64050446187, 5.843132257461548]"
F272013,30,29,0.6,"[8025.640369974768, 6.858471393585205]"
F272013,30,29,0.7,"[8025.640369974768, 6.858474254608154]"
F272013,30,29,0.8,"[8025.640369974768, 6.858475685119629]"
F272013,30,29,0.9,"[8025.640369974768, 6.85848331451416]"
F272013,30,29,1.0,"[8025.640369974768, 6.858484983444214]"
F272013,30,30,0.01,"[7822.399793812929, 0.14798235893249512]"
F272013,30,30,0.1,"[7297.357545782597, 0.7321295738220215]"
F272013,30,30,0.2,"[7297.357545782597, 0.7321321964263916]"
F272013,30,30,0.3,"[7297.357545782597, 0.7321333885192871]"
F272013,30,30,0.4,"[7297.357545782597, 0.7321345806121826]"
F272013,30,30,0.5,"[7297.357545782597, 0.7321367263793945]"
F272013,30,30,0.6,"[7297.357545782597, 0.7321388721466064]"
F272013,30,30,0.7,"[7297.357545782597, 0.732140064239502]"
F272013,30,30,0.8,"[7297.357545782597, 0.7321412563323975]"
F272013,30,30,0.9,"[7297.357545782597, 0.7321429252624512]"
F272013,30,30,1.0,"[7297.357545782597, 0.7321443557739258]"
F272013,30,31,0.01,"[11270.790779307328, 0.1476585865020752]"
F272013,30,31,0.1,"[11270.773809251526, 1.1748778820037842]"
F272013,30,31,0.2,"[11270.77379199849, 1.3575763702392578]"
F272013,30,31,0.3,"[11270.77379199849, 1.357578992843628]"
F272013,30,31,0.4,"[11270.77379199849, 1.3575832843780518]"
F272013,30,31,0.5,"[11270.77379199849, 1.3575880527496338]"
F272013,30,31,0.6,"[11270.77379199849, 1.3576014041900635]"
F272013,30,31,0.7,"[11270.77379199849, 1.3576030731201172]"
F272013,30,31,0.8,"[11270.77379199849, 1.3576042652130127]"
F272013,30,31,0.9,"[11270.77379199849, 1.3576130867004395]"
F272013,30,31,1.0,"[11270.77379199849, 1.3576147556304932]"
F272013,30,32,0.01,"[6323.865993140824, 0.17229485511779785]"
F272013,30,32,0.1,"[6323.275070804499, 1.3679890632629395]"
F272013,30,32,0.2,"[6323.274975911483, 2.5608861446380615]"
F272013,30,32,0.3,"[6323.274975911483, 2.56088924407959]"
F272013,30,32,0.4,"[6323.274975911483, 2.5608911514282227]"
F272013,30,32,0.5,"[6323.274975911483, 2.5608932971954346]"
F272013,30,32,0.6,"[6323.274975911483, 2.5608952045440674]"
F272013,30,32,0.7,"[6323.274975911483, 2.560896635055542]"
F272013,30,32,0.8,"[6323.274975911483, 2.5608983039855957]"
F272013,30,32,0.9,"[6323.274975911483, 2.5609045028686523]"
F272013,30,32,1.0,"[6323.274975911483, 2.560906171798706]"
F272013,30,33,0.01,"[4883.098280062997, 0.14813637733459473]"
F272013,30,33,0.1,"[4883.015772993342, 1.172938346862793]"
F272013,30,33,0.2,"[4883.01095277179, 2.3069868087768555]"
F272013,30,33,0.3,"[4883.01095277179, 2.380397319793701]"
F272013,30,33,0.4,"[4883.01095277179, 2.3803999423980713]"
F272013,30,33,0.5,"[4883.01095277179, 2.380401611328125]"
F272013,30,33,0.6,"[4883.01095277179, 2.380403757095337]"
F272013,30,33,0.7,"[4883.01095277179, 2.3804051876068115]"
F272013,30,33,0.8,"[4883.01095277179, 2.380406618118286]"
F272013,30,33,0.9,"[4883.01095277179, 2.380411386489868]"
F272013,30,33,1.0,"[4883.01095277179, 2.380413293838501]"
F272013,30,34,0.01,"[7798.422972383256, 0.14888358116149902]"
F272013,30,34,0.1,"[7798.381600052013, 1.1735939979553223]"
F272013,30,34,0.2,"[7798.381600051611, 1.4294466972351074]"
F272013,30,34,0.3,"[7798.381600051611, 1.4294493198394775]"
F272013,30,34,0.4,"[7798.381600051611, 1.4294538497924805]"
F272013,30,34,0.5,"[7798.381600051611, 1.4294588565826416]"
F272013,30,34,0.6,"[7798.381600051611, 1.429466962814331]"
F272013,30,34,0.7,"[7798.381600051611, 1.4294683933258057]"
F272013,30,34,0.8,"[7798.381600051611, 1.4294695854187012]"
F272013,30,34,0.9,"[7798.381600051611, 1.4294774532318115]"
F272013,30,34,1.0,"[7798.381600051611, 1.4294791221618652]"
F272013,30,35,0.01,"[5887.319116148219, 0.14750289916992188]"
F272013,30,35,0.1,"[5886.3510674773825, 1.1657989025115967]"
F272013,30,35,0.2,"[5886.3510674773825, 1.3843019008636475]"
F272013,30,35,0.3,"[5886.3510674773825, 1.3843045234680176]"
F272013,30,35,0.4,"[5886.3510674773825, 1.3843059539794922]"
F272013,30,35,0.5,"[5886.3510674773825, 1.384307861328125]"
F272013,30,35,0.6,"[5886.3510674773825, 1.3843092918395996]"
F272013,30,35,0.7,"[5886.3510674773825, 1.3843104839324951]"
F272013,30,35,0.8,"[5886.3510674773825, 1.3843119144439697]"
F272013,30,35,0.9,"[5886.3510674773825, 1.3843185901641846]"
F272013,30,35,1.0,"[5886.3510674773825, 1.3843200206756592]"
F272013,30,36,0.01,"[7303.626902457108, 0.14806079864501953]"
F272013,30,36,0.1,"[7303.567724884109, 1.17299485206604]"
F272013,30,36,0.2,"[7303.567520646695, 1.7216920852661133]"
F272013,30,36,0.3,"[7303.567520646695, 1.7216947078704834]"
F272013,30,36,0.4,"[7303.567520646695, 1.721696138381958]"
F272013,30,36,0.5,"[7303.567520646695, 1.7216978073120117]"
F272013,30,36,0.6,"[7303.567520646695, 1.7216997146606445]"
F272013,30,36,0.7,"[7303.567520646695, 1.7217011451721191]"
F272013,30,36,0.8,"[7303.567520646695, 1.7217023372650146]"
F272013,30,36,0.9,"[7303.567520646695, 1.7217040061950684]"
F272013,30,36,1.0,"[7303.567520646695, 1.721705436706543]"
F272013,30,37,0.01,"[4713.707906032011, 0.14754390716552734]"
F272013,30,37,0.1,"[4670.942980268905, 1.1697323322296143]"
F272013,30,37,0.2,"[4670.932285372216, 2.29970121383667]"
F272013,30,37,0.3,"[4138.912315406908, 3.429206609725952]"
F272013,30,37,0.4,"[4138.9121313667665, 4.483828067779541]"
F272013,30,37,0.5,"[4138.9121313667665, 4.483831405639648]"
F272013,30,37,0.6,"[4138.9121313667665, 4.483833074569702]"
F272013,30,37,0.7,"[4138.9121313667665, 4.483834743499756]"
F272013,30,37,0.8,"[4138.9121313667665, 4.4838361740112305]"
F272013,30,37,0.9,"[4138.9121313667665, 4.483837604522705]"
F272013,30,37,1.0,"[4138.9121313667665, 4.483839511871338]"
F272013,30,38,0.01,"[9051.402228544024, 0.14722800254821777]"
F272013,30,38,0.1,"[8717.520969976902, 1.1661407947540283]"
F272013,30,38,0.2,"[8669.074314965992, 2.2928402423858643]"
F272013,30,38,0.3,"[8669.073153792075, 3.0938522815704346]"
F272013,30,38,0.4,"[8669.073153792075, 3.0938549041748047]"
F272013,30,38,0.5,"[8669.073153792075, 3.0938568115234375]"
F272013,30,38,0.6,"[8669.073153792075, 3.0938587188720703]"
F272013,30,38,0.7,"[8669.073153792075, 3.093859910964966]"
F272013,30,38,0.8,"[8669.073153792075, 3.0938613414764404]"
F272013,30,38,0.9,"[8669.073153792075, 3.093862771987915]"
F272013,30,38,1.0,"[8669.073153792075, 3.0938644409179688]"
F272013,30,39,0.01,"[8800.327634152847, 0.14752912521362305]"
F272013,30,39,0.1,"[8793.521882887591, 1.130316972732544]"
F272013,30,39,0.2,"[8793.521882887591, 1.1303198337554932]"
F272013,30,39,0.3,"[8793.521882887591, 1.1303215026855469]"
F272013,30,39,0.4,"[8793.521882887591, 1.1303229331970215]"
F272013,30,39,0.5,"[8793.521882887591, 1.1303248405456543]"
F272013,30,39,0.6,"[8793.521882887591, 1.130326509475708]"
F272013,30,39,0.7,"[8793.521882887591, 1.1303281784057617]"
F272013,30,39,0.8,"[8793.521882887591, 1.1303296089172363]"
F272013,30,39,0.9,"[8793.521882887591, 1.1303315162658691]"
F272013,30,39,1.0,"[8793.521882887591, 1.1303327083587646]"
F272013,30,40,0.01,"[2283.8733925287756, 0.1474454402923584]"
F272013,30,40,0.1,"[2279.8333853697723, 1.168208360671997]"
F272013,30,40,0.2,"[2279.7171009102094, 2.298917531967163]"
F272013,30,40,0.3,"[2279.7171009102094, 2.7729148864746094]"
F272013,30,40,0.4,"[2279.7171009102094, 2.7729177474975586]"
F272013,30,40,0.5,"[2279.7171009102094, 2.7729194164276123]"
F272013,30,40,0.6,"[2279.7171009102094, 2.772921085357666]"
F272013,30,40,0.7,"[2279.7171009102094, 2.7729222774505615]"
F272013,30,40,0.8,"[2279.7171009102094, 2.772923707962036]"
F272013,30,40,0.9,"[2279.7171009102094, 2.77292537689209]"
F272013,30,40,1.0,"[2279.7171009102094, 2.7729270458221436]"
F272013,30,41,0.01,"[10294.680432817802, 0.1481468677520752]"
F272013,30,41,0.1,"[10292.373079175646, 1.1749274730682373]"
F272013,30,41,0.2,"[10292.37191103748, 2.163577079772949]"
F272013,30,41,0.3,"[10292.37191103748, 2.1635797023773193]"
F272013,30,41,0.4,"[10292.37191103748, 2.163581132888794]"
F272013,30,41,0.5,"[10292.37191103748, 2.1635830402374268]"
F272013,30,41,0.6,"[10292.37191103748, 2.1635847091674805]"
F272013,30,41,0.7,"[10292.37191103748, 2.163586378097534]"
F272013,30,41,0.8,"[10292.37191103748, 2.1635875701904297]"
F272013,30,41,0.9,"[10292.37191103748, 2.1635890007019043]"
F272013,30,41,1.0,"[10292.37191103748, 2.163590669631958]"
F272013,30,42,0.01,"[5829.064515238366, 0.14790725708007812]"
F272013,30,42,0.1,"[5828.278933678842, 1.1735765933990479]"
F272013,30,42,0.2,"[4998.01588756552, 2.307276725769043]"
F272013,30,42,0.3,"[4997.983384442738, 3.377523183822632]"
F272013,30,42,0.4,"[4997.983384442738, 3.377537488937378]"
F272013,30,42,0.5,"[4997.983384442738, 3.377542734146118]"
F272013,30,42,0.6,"[4997.983384442738, 3.3775506019592285]"
F272013,30,42,0.7,"[4997.983384442738, 3.377552032470703]"
F272013,30,42,0.8,"[4997.983384442738, 3.3775534629821777]"
F272013,30,42,0.9,"[4997.983384442738, 3.377561569213867]"
F272013,30,42,1.0,"[4997.983384442738, 3.3775634765625]"
F272013,30,43,0.01,"[4080.0775616956453, 0.14694976806640625]"
F272013,30,43,0.1,"[4079.7153165061954, 1.1639997959136963]"
F272013,30,43,0.2,"[4079.219728621185, 2.2917377948760986]"
F272013,30,43,0.3,"[4079.2197281839453, 2.328260898590088]"
F272013,30,43,0.4,"[4079.2197281839453, 2.328263521194458]"
F272013,30,43,0.5,"[4079.2197281839453, 2.32826566696167]"
F272013,30,43,0.6,"[4079.2197281839453, 2.3282670974731445]"
F272013,30,43,0.7,"[4079.2197281839453, 2.32826828956604]"
F272013,30,43,0.8,"[4079.2197281839453, 2.3282697200775146]"
F272013,30,43,0.9,"[4079.2197281839453, 2.3282713890075684]"
F272013,30,43,1.0,"[4079.2197281839453, 2.328273296356201]"
F272013,30,44,0.01,"[10257.339022062864, 0.1604621410369873]"
F272013,30,44,0.1,"[6008.400993025405, 0.9242532253265381]"
F272013,30,44,0.2,"[6008.400993025405, 0.9242563247680664]"
F272013,30,44,0.3,"[6008.400993025405, 0.9242579936981201]"
F272013,30,44,0.4,"[6008.400993025405, 0.9242596626281738]"
F272013,30,44,0.5,"[6008.400993025405, 0.9242615699768066]"
F272013,30,44,0.6,"[6008.400993025405, 0.9242637157440186]"
F272013,30,44,0.7,"[6008.400993025405, 0.9242651462554932]"
F272013,30,44,0.8,"[6008.400993025405, 0.9242665767669678]"
F272013,30,44,0.9,"[6008.400993025405, 0.9242682456970215]"
F272013,30,44,1.0,"[6008.400993025405, 0.9242696762084961]"
F272013,30,45,0.01,"[3538.7946506466624, 0.14782023429870605]"
F272013,30,45,0.1,"[3538.759187845033, 1.1716291904449463]"
F272013,30,45,0.2,"[3538.759186736923, 1.5375185012817383]"
F272013,30,45,0.3,"[3538.759186736923, 1.5375206470489502]"
F272013,30,45,0.4,"[3538.759186736923, 1.537522315979004]"
F272013,30,45,0.5,"[3538.759186736923, 1.537527084350586]"
F272013,30,45,0.6,"[3538.759186736923, 1.5375311374664307]"
F272013,30,45,0.7,"[3538.759186736923, 1.5375325679779053]"
F272013,30,45,0.8,"[3538.759186736923, 1.5375335216522217]"
F272013,30,45,0.9,"[3538.759186736923, 1.5375378131866455]"
F272013,30,45,1.0,"[3538.759186736923, 1.5375394821166992]"
F272013,30,46,0.01,"[1851.416448383858, 0.14768147468566895]"
F272013,30,46,0.1,"[1835.7808386718352, 1.1661479473114014]"
F272013,30,46,0.2,"[1800.7621068141439, 2.293811082839966]"
F272013,30,46,0.3,"[1800.7545004472845, 3.420553684234619]"
F272013,30,46,0.4,"[1800.7017539763792, 4.5479841232299805]"
F272013,30,46,0.5,"[1800.6797714769873, 5.711042165756226]"
F272013,30,46,0.6,"[1800.6786462428254, 6.728506088256836]"
F272013,30,46,0.7,"[1800.6786462428254, 6.728508710861206]"
F272013,30,46,0.8,"[1800.6786462428254, 6.728510141372681]"
F272013,30,46,0.9,"[1800.6786462428254, 6.728511810302734]"
F272013,30,46,1.0,"[1800.6786462428254, 6.728513240814209]"
F272013,30,47,0.01,"[9668.911770079656, 0.14618349075317383]"
F272013,30,47,0.1,"[9221.498390019893, 1.1618506908416748]"
F272013,30,47,0.2,"[6670.567037409703, 2.2881386280059814]"
F272013,30,47,0.3,"[4249.402344396237, 3.413576126098633]"
F272013,30,47,0.4,"[4209.435580520989, 4.538570880889893]"
F272013,30,47,0.5,"[3789.629736867477, 5.264098405838013]"
F272013,30,47,0.6,"[3789.629736867477, 5.264104127883911]"
F272013,30,47,0.7,"[3789.629736867477, 5.264105558395386]"
F272013,30,47,0.8,"[3789.629736867477, 5.2641072273254395]"
F272013,30,47,0.9,"[3789.629736867477, 5.264111518859863]"
F272013,30,47,1.0,"[3789.629736867477, 5.264112949371338]"
F272013,30,48,0.01,"[11473.593201833242, 0.14590811729431152]"
F272013,30,48,0.1,"[8863.398376334075, 1.1578054428100586]"
F272013,30,48,0.2,"[8863.397043466628, 1.5907466411590576]"
F272013,30,48,0.3,"[8863.397043466628, 1.5907492637634277]"
F272013,30,48,0.4,"[8863.397043466628, 1.5907504558563232]"
F272013,30,48,0.5,"[8863.397043466628, 1.590752363204956]"
F272013,30,48,0.6,"[8863.397043466628, 1.5907537937164307]"
F272013,30,48,0.7,"[8863.397043466628, 1.5907552242279053]"
F272013,30,48,0.8,"[8863.397043466628, 1.5907561779022217]"
F272013,30,48,0.9,"[8863.397043466628, 1.5907576084136963]"
F272013,30,48,1.0,"[8863.397043466628, 1.590759038925171]"
F272013,30,49,0.01,"[4166.41172436406, 0.1454463005065918]"
F272013,30,49,0.1,"[4055.374502035914, 1.161773920059204]"
F272013,30,49,0.2,"[4055.162929605651, 2.2866525650024414]"
F272013,30,49,0.3,"[4054.302761435052, 3.409970283508301]"
F272013,30,49,0.4,"[4054.30071001521, 4.5325562953948975]"
F272013,30,49,0.5,"[4054.30071001521, 4.605238199234009]"
F272013,30,49,0.6,"[4054.30071001521, 4.605241060256958]"
F272013,30,49,0.7,"[4054.30071001521, 4.605245590209961]"
F272013,30,49,0.8,"[4054.30071001521, 4.605247259140015]"
F272013,30,49,0.9,"[4054.30071001521, 4.605248689651489]"
F272013,30,49,1.0,"[4054.30071001521, 4.605250120162964]"
F272013,30,50,0.01,"[2702.5963992491656, 0.14585328102111816]"
F272013,30,50,0.1,"[2700.819374517332, 1.1606698036193848]"
F272013,30,50,0.2,"[2700.8193702159524, 1.2335541248321533]"
F272013,30,50,0.3,"[2700.8193702159524, 1.233560562133789]"
F272013,30,50,0.4,"[2700.8193702159524, 1.2335624694824219]"
F272013,30,50,0.5,"[2700.8193702159524, 1.2335641384124756]"
F272013,30,50,0.6,"[2700.8193702159524, 1.2335655689239502]"
F272013,30,50,0.7,"[2700.8193702159524, 1.2335667610168457]"
F272013,30,50,0.8,"[2700.8193702159524, 1.2335681915283203]"
F272013,30,50,0.9,"[2700.8193702159524, 1.2335693836212158]"
F272013,30,50,1.0,"[2700.8193702159524, 1.2335708141326904]"
F272013,50,0,0.01,"[14226.108981521682, 0.16377806663513184]"
F272013,50,0,0.1,"[12459.27277358039, 1.6277046203613281]"
F272013,50,0,0.2,"[12459.086893083124, 3.1705055236816406]"
F272013,50,0,0.3,"[12459.086165327011, 3.8192341327667236]"
F272013,50,0,0.4,"[12459.086165327011, 3.819236993789673]"
F272013,50,0,0.5,"[12459.086165327011, 3.8192391395568848]"
F272013,50,0,0.6,"[12459.086165327011, 3.8192408084869385]"
F272013,50,0,0.7,"[12459.086165327011, 3.819242238998413]"
F272013,50,0,0.8,"[12459.086165327011, 3.8192434310913086]"
F272013,50,0,0.9,"[12459.086165327011, 3.8192498683929443]"
F272013,50,0,1.0,"[12459.086165327011, 3.8192520141601562]"
F272013,50,1,0.01,"[4667.426802468333, 0.16377997398376465]"
F272013,50,1,0.1,"[4496.775967812085, 1.6243302822113037]"
F272013,50,1,0.2,"[4496.761939652061, 3.164715051651001]"
F272013,50,1,0.3,"[4496.76094969642, 4.701693773269653]"
F272013,50,1,0.4,"[4496.7588170185245, 6.24058198928833]"
F272013,50,1,0.5,"[4496.755551077136, 7.858575820922852]"
F272013,50,1,0.6,"[4496.754298750653, 9.393425226211548]"
F272013,50,1,0.7,"[4496.754251514958, 10.76938772201538]"
F272013,50,1,0.8,"[4496.754251514958, 10.769390344619751]"
F272013,50,1,0.9,"[4496.754251514958, 10.769392728805542]"
F272013,50,1,1.0,"[4496.754251514958, 10.769394159317017]"
F272013,50,2,0.01,"[14037.882078927, 0.1632232666015625]"
F272013,50,2,0.1,"[12198.119548022702, 1.6200673580169678]"
F272013,50,2,0.2,"[12197.435908400903, 3.1571426391601562]"
F272013,50,2,0.3,"[12197.430303814313, 4.687580585479736]"
F272013,50,2,0.4,"[12197.430303814313, 4.768583059310913]"
F272013,50,2,0.5,"[12197.430303814313, 4.768586158752441]"
F272013,50,2,0.6,"[12197.430303814313, 4.768587827682495]"
F272013,50,2,0.7,"[12197.430303814313, 4.7685933113098145]"
F272013,50,2,0.8,"[12197.430303814313, 4.768594980239868]"
F272013,50,2,0.9,"[12197.430303814313, 4.768596887588501]"
F272013,50,2,1.0,"[12197.430303814313, 4.768598318099976]"
F272013,50,3,0.01,"[16591.03117733675, 0.1630716323852539]"
F272013,50,3,0.1,"[16445.62987273333, 1.6185243129730225]"
F272013,50,3,0.2,"[16445.605306190835, 3.155536413192749]"
F272013,50,3,0.3,"[16445.60256328109, 4.367188930511475]"
F272013,50,3,0.4,"[16445.60256328109, 4.367191791534424]"
F272013,50,3,0.5,"[16445.60256328109, 4.367193937301636]"
F272013,50,3,0.6,"[16445.60256328109, 4.367205858230591]"
F272013,50,3,0.7,"[16445.60256328109, 4.3672075271606445]"
F272013,50,3,0.8,"[16445.60256328109, 4.367209196090698]"
F272013,50,3,0.9,"[16445.60256328109, 4.367213726043701]"
F272013,50,3,1.0,"[16445.60256328109, 4.367215871810913]"
F272013,50,4,0.01,"[15278.124811855028, 0.16237211227416992]"
F272013,50,4,0.1,"[13920.782551365184, 1.6200551986694336]"
F272013,50,4,0.2,"[13913.965095985906, 3.1586992740631104]"
F272013,50,4,0.3,"[13910.398201817912, 4.697308540344238]"
F272013,50,4,0.4,"[13910.394756834981, 6.0326642990112305]"
F272013,50,4,0.5,"[13910.394756834981, 6.032668352127075]"
F272013,50,4,0.6,"[13910.394756834981, 6.032670497894287]"
F272013,50,4,0.7,"[13910.394756834981, 6.032672166824341]"
F272013,50,4,0.8,"[13910.394756834981, 6.0326738357543945]"
F272013,50,4,0.9,"[13910.394756834981, 6.032675504684448]"
F272013,50,4,1.0,"[13910.394756834981, 6.032677173614502]"
F272013,50,5,0.01,"[21472.612786774636, 0.22571134567260742]"
F272013,50,5,0.1,"[18197.608391202855, 1.682804822921753]"
F272013,50,5,0.2,"[18158.873086633663, 3.2221388816833496]"
F272013,50,5,0.3,"[18158.873086633663, 4.7584004402160645]"
F272013,50,5,0.4,"[18158.873086633663, 6.293311595916748]"
F272013,50,5,0.5,"[18158.873086633663, 6.2936482429504395]"
F272013,50,5,0.6,"[18158.873086633663, 6.29365086555481]"
F272013,50,5,0.7,"[18158.873086633663, 6.293652772903442]"
F272013,50,5,0.8,"[18158.873086633663, 6.293653964996338]"
F272013,50,5,0.9,"[18158.873086633663, 6.293655872344971]"
F272013,50,5,1.0,"[18158.873086633663, 6.293662071228027]"
F272013,50,6,0.01,"[15079.231479862412, 0.16353845596313477]"
F272013,50,6,0.1,"[13315.783621481198, 1.6219606399536133]"
F272013,50,6,0.2,"[13312.913845815172, 3.1606602668762207]"
F272013,50,6,0.3,"[13137.290718508277, 4.6927080154418945]"
F272013,50,6,0.4,"[13137.290689519674, 4.854337692260742]"
F272013,50,6,0.5,"[13137.290689519674, 4.8543407917022705]"
F272013,50,6,0.6,"[13137.290689519674, 4.854342460632324]"
F272013,50,6,0.7,"[13137.290689519674, 4.854344129562378]"
F272013,50,6,0.8,"[13137.290689519674, 4.8543455600738525]"
F272013,50,6,0.9,"[13137.290689519674, 4.854351043701172]"
F272013,50,6,1.0,"[13137.290689519674, 4.8543524742126465]"
F272013,50,7,0.01,"[10095.033710302976, 0.16332077980041504]"
F272013,50,7,0.1,"[10094.427921142347, 1.6243302822113037]"
F272013,50,7,0.2,"[10094.426846483433, 3.165663957595825]"
F272013,50,7,0.3,"[10094.426714162808, 4.217004299163818]"
F272013,50,7,0.4,"[10094.426714162808, 4.217007160186768]"
F272013,50,7,0.5,"[10094.426714162808, 4.217009544372559]"
F272013,50,7,0.6,"[10094.426714162808, 4.217011213302612]"
F272013,50,7,0.7,"[10094.426714162808, 4.217012405395508]"
F272013,50,7,0.8,"[10094.426714162808, 4.2170140743255615]"
F272013,50,7,0.9,"[10094.426714162808, 4.217015743255615]"
F272013,50,7,1.0,"[10094.426714162808, 4.217017650604248]"
F272013,50,8,0.01,"[10583.582856800307, 0.16352486610412598]"
F272013,50,8,0.1,"[10582.542500038942, 1.6227567195892334]"
F272013,50,8,0.2,"[10582.542500038942, 2.5147593021392822]"
F272013,50,8,0.3,"[10582.542500038942, 2.5147624015808105]"
F272013,50,8,0.4,"[10582.542500038942, 2.5147640705108643]"
F272013,50,8,0.5,"[10582.542500038942, 2.514765977859497]"
F272013,50,8,0.6,"[10582.542500038942, 2.5147674083709717]"
F272013,50,8,0.7,"[10582.542500038942, 2.5147690773010254]"
F272013,50,8,0.8,"[10582.542500038942, 2.514770269393921]"
F272013,50,8,0.9,"[10582.542500038942, 2.514772415161133]"
F272013,50,8,1.0,"[10582.542500038942, 2.5147738456726074]"
F272013,50,9,0.01,"[18188.637655597966, 0.1855473518371582]"
F272013,50,9,0.1,"[16193.37114295525, 1.8432559967041016]"
F272013,50,9,0.2,"[16184.648224993354, 3.586080551147461]"
F272013,50,9,0.3,"[16152.524683523854, 4.554975509643555]"
F272013,50,9,0.4,"[16152.524683523854, 4.5549798011779785]"
F272013,50,9,0.5,"[16152.524683523854, 4.554982662200928]"
F272013,50,9,0.6,"[16152.524683523854, 4.554985046386719]"
F272013,50,9,0.7,"[16152.524683523854, 4.55498743057251]"
F272013,50,9,0.8,"[16152.524683523854, 4.55499005317688]"
F272013,50,9,0.9,"[16152.524683523854, 4.55499267578125]"
F272013,50,9,1.0,"[16152.524683523854, 4.554994821548462]"
F272013,50,10,0.01,"[12470.676846184115, 0.16366863250732422]"
F272013,50,10,0.1,"[11355.435020820738, 1.6245057582855225]"
F272013,50,10,0.2,"[11252.618658160742, 3.170423746109009]"
F272013,50,10,0.3,"[11252.580881850416, 4.705456733703613]"
F272013,50,10,0.4,"[10347.903936246019, 6.243488311767578]"
F272013,50,10,0.5,"[10149.78308243165, 7.86251974105835]"
F272013,50,10,0.6,"[8533.442234523533, 9.398415088653564]"
F272013,50,10,0.7,"[8045.760030727777, 10.93690013885498]"
F272013,50,10,0.8,"[7764.360802236508, 12.474069833755493]"
F272013,50,10,0.9,"[7760.681124511557, 14.094797134399414]"
F272013,50,10,1.0,"[7501.411773867081, 15.633671283721924]"
F272013,50,11,0.01,"[17831.212991941324, 0.16346359252929688]"
F272013,50,11,0.1,"[14664.430170215397, 1.621422290802002]"
F272013,50,11,0.2,"[14664.420049679433, 3.160526752471924]"
F272013,50,11,0.3,"[14664.420022443308, 3.2417705059051514]"
F272013,50,11,0.4,"[14664.420022443308, 3.241790294647217]"
F272013,50,11,0.5,"[14664.420022443308, 3.241792678833008]"
F272013,50,11,0.6,"[14664.420022443308, 3.2417991161346436]"
F272013,50,11,0.7,"[14664.420022443308, 3.241800308227539]"
F272013,50,11,0.8,"[14664.420022443308, 3.2418019771575928]"
F272013,50,11,0.9,"[14664.420022443308, 3.2418081760406494]"
F272013,50,11,1.0,"[14664.420022443308, 3.2418136596679688]"
F272013,50,12,0.01,"[16946.649510284875, 0.16347932815551758]"
F272013,50,12,0.1,"[14157.820009445382, 1.6182849407196045]"
F272013,50,12,0.2,"[14157.81998673637, 2.0231785774230957]"
F272013,50,12,0.3,"[14157.81998673637, 2.023181676864624]"
F272013,50,12,0.4,"[14157.81998673637, 2.0231833457946777]"
F272013,50,12,0.5,"[14157.81998673637, 2.0231854915618896]"
F272013,50,12,0.6,"[14157.81998673637, 2.0231871604919434]"
F272013,50,12,0.7,"[14157.81998673637, 2.023188591003418]"
F272013,50,12,0.8,"[14157.81998673637, 2.0231900215148926]"
F272013,50,12,0.9,"[14157.81998673637, 2.0231921672821045]"
F272013,50,12,1.0,"[14157.81998673637, 2.0231974124908447]"
F272013,50,13,0.01,"[10945.815251387512, 0.2282731533050537]"
F272013,50,13,0.1,"[10883.85680820057, 1.6877870559692383]"
F272013,50,13,0.2,"[10883.854025252733, 2.820535659790039]"
F272013,50,13,0.3,"[10883.854025252733, 2.8205387592315674]"
F272013,50,13,0.4,"[10883.854025252733, 2.8205456733703613]"
F272013,50,13,0.5,"[10883.854025252733, 2.820547580718994]"
F272013,50,13,0.6,"[10883.854025252733, 2.820549249649048]"
F272013,50,13,0.7,"[10883.854025252733, 2.8205552101135254]"
F272013,50,13,0.8,"[10883.854025252733, 2.820556640625]"
F272013,50,13,0.9,"[10883.854025252733, 2.8205623626708984]"
F272013,50,13,1.0,"[10883.854025252733, 2.820563793182373]"
F272013,50,14,0.01,"[8975.584130505085, 0.16423773765563965]"
F272013,50,14,0.1,"[8975.148220042938, 1.6302030086517334]"
F272013,50,14,0.2,"[8975.13891761323, 3.176861047744751]"
F272013,50,14,0.3,"[8975.138846368394, 4.714259386062622]"
F272013,50,14,0.4,"[8975.138842385948, 4.795536279678345]"
F272013,50,14,0.5,"[8975.138842385948, 4.795539617538452]"
F272013,50,14,0.6,"[8975.138842385948, 4.795542001724243]"
F272013,50,14,0.7,"[8975.138842385948, 4.795543193817139]"
F272013,50,14,0.8,"[8975.138842385948, 4.795544862747192]"
F272013,50,14,0.9,"[8975.138842385948, 4.795546531677246]"
F272013,50,14,1.0,"[8975.138842385948, 4.795552968978882]"
F272013,50,15,0.01,"[4955.4108663816305, 0.16346502304077148]"
F272013,50,15,0.1,"[4523.670579778049, 1.6206445693969727]"
F272013,50,15,0.2,"[4523.58188118538, 3.159890651702881]"
F272013,50,15,0.3,"[4523.5817788752465, 4.615283012390137]"
F272013,50,15,0.4,"[4523.5817788752465, 4.615286111831665]"
F272013,50,15,0.5,"[4523.5817788752465, 4.615288496017456]"
F272013,50,15,0.6,"[4523.5817788752465, 4.61529016494751]"
F272013,50,15,0.7,"[4523.5817788752465, 4.615292072296143]"
F272013,50,15,0.8,"[4523.5817788752465, 4.615293264389038]"
F272013,50,15,0.9,"[4523.5817788752465, 4.615295171737671]"
F272013,50,15,1.0,"[4523.5817788752465, 4.615302085876465]"
F272013,50,16,0.01,"[7581.890156996866, 0.18621611595153809]"
F272013,50,16,0.1,"[7581.128489505456, 1.646960735321045]"
F272013,50,16,0.2,"[7581.10982787361, 3.186659574508667]"
F272013,50,16,0.3,"[7581.089816760934, 4.484264850616455]"
F272013,50,16,0.4,"[7581.089816760934, 4.484271287918091]"
F272013,50,16,0.5,"[7581.089816760934, 4.484273672103882]"
F272013,50,16,0.6,"[7581.089816760934, 4.4842753410339355]"
F272013,50,16,0.7,"[7581.089816760934, 4.48427677154541]"
F272013,50,16,0.8,"[7581.089816760934, 4.484278202056885]"
F272013,50,16,0.9,"[7581.089816760934, 4.48428750038147]"
F272013,50,16,1.0,"[7581.089816760934, 4.4842894077301025]"
F272013,50,17,0.01,"[13862.172258239047, 0.16342759132385254]"
F272013,50,17,0.1,"[12543.607297571654, 1.6198639869689941]"
F272013,50,17,0.2,"[12543.607297571654, 1.6201248168945312]"
F272013,50,17,0.3,"[12543.607297571654, 1.6201276779174805]"
F272013,50,17,0.4,"[12543.607297571654, 1.6201295852661133]"
F272013,50,17,0.5,"[12543.607297571654, 1.620131492614746]"
F272013,50,17,0.6,"[12543.607297571654, 1.6201331615447998]"
F272013,50,17,0.7,"[12543.607297571654, 1.6201348304748535]"
F272013,50,17,0.8,"[12543.607297571654, 1.6201364994049072]"
F272013,50,17,0.9,"[12543.607297571654, 1.62013840675354]"
F272013,50,17,1.0,"[12543.607297571654, 1.6201438903808594]"
F272013,50,18,0.01,"[5819.542057067052, 0.16371798515319824]"
F272013,50,18,0.1,"[5818.4162725382175, 1.6261465549468994]"
F272013,50,18,0.2,"[5818.415099346333, 3.1708762645721436]"
F272013,50,18,0.3,"[5818.413276769675, 4.387890815734863]"
F272013,50,18,0.4,"[5818.413276769675, 4.3878936767578125]"
F272013,50,18,0.5,"[5818.413276769675, 4.3878960609436035]"
F272013,50,18,0.6,"[5818.413276769675, 4.387897968292236]"
F272013,50,18,0.7,"[5818.413276769675, 4.38789963722229]"
F272013,50,18,0.8,"[5818.413276769675, 4.3879008293151855]"
F272013,50,18,0.9,"[5818.413276769675, 4.387902498245239]"
F272013,50,18,1.0,"[5818.413276769675, 4.387908697128296]"
F272013,50,19,0.01,"[15995.450019353932, 0.1807725429534912]"
F272013,50,19,0.1,"[15143.91306664369, 1.6356210708618164]"
F272013,50,19,0.2,"[15138.625409982757, 3.1711785793304443]"
F272013,50,19,0.3,"[15138.18825659497, 4.060876846313477]"
F272013,50,19,0.4,"[15138.18825659497, 4.060879707336426]"
F272013,50,19,0.5,"[15138.18825659497, 4.060882091522217]"
F272013,50,19,0.6,"[15138.18825659497, 4.060887575149536]"
F272013,50,19,0.7,"[15138.18825659497, 4.060889482498169]"
F272013,50,19,0.8,"[15138.18825659497, 4.06089448928833]"
F272013,50,19,0.9,"[15138.18825659497, 4.060900688171387]"
F272013,50,19,1.0,"[15138.18825659497, 4.060902833938599]"
F272013,50,20,0.01,"[15056.30672935814, 0.18217039108276367]"
F272013,50,20,0.1,"[12666.992621256124, 1.638756275177002]"
F272013,50,20,0.2,"[12666.992621256124, 3.179462432861328]"
F272013,50,20,0.3,"[12666.992621256124, 3.5036935806274414]"
F272013,50,20,0.4,"[12666.992621256124, 3.5036964416503906]"
F272013,50,20,0.5,"[12666.992621256124, 3.5036990642547607]"
F272013,50,20,0.6,"[12666.992621256124, 3.5037007331848145]"
F272013,50,20,0.7,"[12666.992621256124, 3.5037026405334473]"
F272013,50,20,0.8,"[12666.992621256124, 3.5037038326263428]"
F272013,50,20,0.9,"[12666.992621256124, 3.5037057399749756]"
F272013,50,20,1.0,"[12666.992621256124, 3.5037119388580322]"
F272013,50,21,0.01,"[23567.57909745456, 0.19097328186035156]"
F272013,50,21,0.1,"[8894.206442851466, 1.6555061340332031]"
F272013,50,21,0.2,"[7838.475708297077, 3.2026190757751465]"
F272013,50,21,0.3,"[7827.283667851485, 4.747108697891235]"
F272013,50,21,0.4,"[7825.934449268661, 6.291898727416992]"
F272013,50,21,0.5,"[7823.111705656513, 7.921605587005615]"
F272013,50,21,0.6,"[7822.0262962928155, 9.473113536834717]"
F272013,50,21,0.7,"[7814.361748083909, 11.02293848991394]"
F272013,50,21,0.8,"[7814.3487041322405, 12.571191549301147]"
F272013,50,21,0.9,"[6977.69155522608, 14.199841976165771]"
F272013,50,21,1.0,"[6977.521594404152, 15.748507976531982]"
F272013,50,22,0.01,"[15222.839820564932, 0.19498395919799805]"
F272013,50,22,0.1,"[12233.063203662776, 1.6500329971313477]"
F272013,50,22,0.2,"[12232.960970216172, 3.186875104904175]"
F272013,50,22,0.3,"[12232.9609699319, 3.3488781452178955]"
F272013,50,22,0.4,"[12232.9609699319, 3.348881483078003]"
F272013,50,22,0.5,"[12232.9609699319, 3.348883867263794]"
F272013,50,22,0.6,"[12232.9609699319, 3.3488855361938477]"
F272013,50,22,0.7,"[12232.9609699319, 3.3488872051239014]"
F272013,50,22,0.8,"[12232.9609699319, 3.348888397216797]"
F272013,50,22,0.9,"[12232.9609699319, 3.348890542984009]"
F272013,50,22,1.0,"[12232.9609699319, 3.348895788192749]"
F272013,50,23,0.01,"[15825.018057550016, 0.16356635093688965]"
F272013,50,23,0.1,"[15345.5046252549, 1.6237456798553467]"
F272013,50,23,0.2,"[15345.504612242057, 2.595639228820801]"
F272013,50,23,0.3,"[15345.504612242057, 2.59564208984375]"
F272013,50,23,0.4,"[15345.504612242057, 2.5956437587738037]"
F272013,50,23,0.5,"[15345.504612242057, 2.5956459045410156]"
F272013,50,23,0.6,"[15345.504612242057, 2.5956475734710693]"
F272013,50,23,0.7,"[15345.504612242057, 2.595649242401123]"
F272013,50,23,0.8,"[15345.504612242057, 2.5956506729125977]"
F272013,50,23,0.9,"[15345.504612242057, 2.5956528186798096]"
F272013,50,23,1.0,"[15345.504612242057, 2.5956594944000244]"
F272013,50,24,0.01,"[17046.004010823686, 0.1895890235900879]"
F272013,50,24,0.1,"[15833.891207547273, 1.6531682014465332]"
F272013,50,24,0.2,"[15617.60370909125, 3.197641611099243]"
F272013,50,24,0.3,"[15286.649464390317, 4.740184545516968]"
F272013,50,24,0.4,"[15286.64433951622, 5.796008825302124]"
F272013,50,24,0.5,"[15286.64433951622, 5.796013116836548]"
F272013,50,24,0.6,"[15286.64433951622, 5.796015024185181]"
F272013,50,24,0.7,"[15286.64433951622, 5.7960169315338135]"
F272013,50,24,0.8,"[15286.64433951622, 5.796018600463867]"
F272013,50,24,0.9,"[15286.64433951622, 5.796020746231079]"
F272013,50,24,1.0,"[15286.64433951622, 5.796026706695557]"
F272013,50,25,0.01,"[10537.916154435508, 0.1925642490386963]"
F272013,50,25,0.1,"[10537.916154435508, 1.6556396484375]"
F272013,50,25,0.2,"[10537.916154435508, 3.197740077972412]"
F272013,50,25,0.3,"[10537.916154435508, 4.73546290397644]"
F272013,50,25,0.4,"[10537.916154435508, 6.273508787155151]"
F272013,50,25,0.5,"[10537.916154435508, 7.894782781600952]"
F272013,50,25,0.6,"[10537.916154435508, 8.461921215057373]"
F272013,50,25,0.7,"[10537.916154435508, 8.46192455291748]"
F272013,50,25,0.8,"[10537.916154435508, 8.461926221847534]"
F272013,50,25,0.9,"[10537.916154435508, 8.46193528175354]"
F272013,50,25,1.0,"[10537.916154435508, 8.461936950683594]"
F272013,50,26,0.01,"[8161.039948096306, 0.16454100608825684]"
F272013,50,26,0.1,"[5902.907956328783, 1.6281626224517822]"
F272013,50,26,0.2,"[5897.0645008090105, 3.1721084117889404]"
F272013,50,26,0.3,"[5891.207224306497, 4.711398601531982]"
F272013,50,26,0.4,"[5891.207224306497, 6.2515223026275635]"
F272013,50,26,0.5,"[5891.207224306497, 7.4689106941223145]"
F272013,50,26,0.6,"[5891.207224306497, 7.468918561935425]"
F272013,50,26,0.7,"[5891.207224306497, 7.468920707702637]"
F272013,50,26,0.8,"[5891.207224306497, 7.46892237663269]"
F272013,50,26,0.9,"[5891.207224306497, 7.468931436538696]"
F272013,50,26,1.0,"[5891.207224306497, 7.468933582305908]"
F272013,50,27,0.01,"[11803.620651846411, 0.1629619598388672]"
F272013,50,27,0.1,"[11803.334606731647, 1.6259210109710693]"
F272013,50,27,0.2,"[11803.334606731647, 1.707458734512329]"
F272013,50,27,0.3,"[11803.334606731647, 1.7074618339538574]"
F272013,50,27,0.4,"[11803.334606731647, 1.7074639797210693]"
F272013,50,27,0.5,"[11803.334606731647, 1.7074658870697021]"
F272013,50,27,0.6,"[11803.334606731647, 1.7074675559997559]"
F272013,50,27,0.7,"[11803.334606731647, 1.7074689865112305]"
F272013,50,27,0.8,"[11803.334606731647, 1.7074706554412842]"
F272013,50,27,0.9,"[11803.334606731647, 1.707472801208496]"
F272013,50,27,1.0,"[11803.334606731647, 1.7074778079986572]"
F272013,50,28,0.01,"[11198.607871369459, 0.1959078311920166]"
F272013,50,28,0.1,"[11198.355044041236, 1.6520297527313232]"
F272013,50,28,0.2,"[11069.848704740381, 3.1889076232910156]"
F272013,50,28,0.3,"[10969.123293630211, 4.725716590881348]"
F272013,50,28,0.4,"[10969.107218605322, 6.262709140777588]"
F272013,50,28,0.5,"[10969.020000269473, 7.8834388256073]"
F272013,50,28,0.6,"[10968.997019108694, 9.423368692398071]"
F272013,50,28,0.7,"[10968.996873839315, 10.394817590713501]"
F272013,50,28,0.8,"[10968.996873839315, 10.39482045173645]"
F272013,50,28,0.9,"[10968.996873839315, 10.394822835922241]"
F272013,50,28,1.0,"[10968.996873839315, 10.394827842712402]"
F272013,50,29,0.01,"[18879.199000533878, 0.16373419761657715]"
F272013,50,29,0.1,"[13640.023006156005, 1.6198177337646484]"
F272013,50,29,0.2,"[10767.504567320604, 3.1580381393432617]"
F272013,50,29,0.3,"[8476.840708946034, 4.698595762252808]"
F272013,50,29,0.4,"[7694.815745913271, 6.243932008743286]"
F272013,50,29,0.5,"[7627.632574912424, 7.867908239364624]"
F272013,50,29,0.6,"[7469.295937996496, 9.41262698173523]"
F272013,50,29,0.7,"[7367.560302495036, 10.955906629562378]"
F272013,50,29,0.8,"[7367.560302495036, 12.504244089126587]"
F272013,50,29,0.9,"[7367.560302495036, 14.126554012298584]"
F272013,50,29,1.0,"[7367.560302495036, 15.18333625793457]"
F272013,50,30,0.01,"[9499.80753055524, 0.16369962692260742]"
F272013,50,30,0.1,"[8621.135626760444, 1.6262400150299072]"
F272013,50,30,0.2,"[8621.13189417393, 3.1710288524627686]"
F272013,50,30,0.3,"[8621.103253592904, 4.709380388259888]"
F272013,50,30,0.4,"[8621.099310096333, 6.253866195678711]"
F272013,50,30,0.5,"[8621.097162782084, 7.879838705062866]"
F272013,50,30,0.6,"[8621.096285302312, 9.41987133026123]"
F272013,50,30,0.7,"[8621.096139527235, 10.637954711914062]"
F272013,50,30,0.8,"[8621.096139527235, 10.637957334518433]"
F272013,50,30,0.9,"[8621.096139527235, 10.637959718704224]"
F272013,50,30,1.0,"[8621.096139527235, 10.637965202331543]"
F272013,50,31,0.01,"[12193.769536775237, 0.16387629508972168]"
F272013,50,31,0.1,"[7572.586460655326, 1.6277320384979248]"
F272013,50,31,0.2,"[7257.987300161887, 3.1734530925750732]"
F272013,50,31,0.3,"[7257.987134960049, 4.715190172195435]"
F272013,50,31,0.4,"[7257.987030337681, 5.5275962352752686]"
F272013,50,31,0.5,"[7257.987030337681, 5.527599811553955]"
F272013,50,31,0.6,"[7257.987030337681, 5.527601957321167]"
F272013,50,31,0.7,"[7257.987030337681, 5.527603626251221]"
F272013,50,31,0.8,"[7257.987030337681, 5.527605295181274]"
F272013,50,31,0.9,"[7257.987030337681, 5.527607202529907]"
F272013,50,31,1.0,"[7257.987030337681, 5.527625322341919]"
F272013,50,32,0.01,"[15562.111946391673, 0.18828439712524414]"
F272013,50,32,0.1,"[12246.32665955315, 1.6503753662109375]"
F272013,50,32,0.2,"[12245.432646454088, 3.189544200897217]"
F272013,50,32,0.3,"[12244.130182974142, 4.7249226570129395]"
F272013,50,32,0.4,"[12243.995707722494, 6.259221792221069]"
F272013,50,32,0.5,"[12243.995707722494, 6.259546756744385]"
F272013,50,32,0.6,"[12243.995707722494, 6.259552955627441]"
F272013,50,32,0.7,"[12243.995707722494, 6.259555339813232]"
F272013,50,32,0.8,"[12243.995707722494, 6.259556770324707]"
F272013,50,32,0.9,"[12243.995707722494, 6.259565353393555]"
F272013,50,32,1.0,"[12243.995707722494, 6.2595672607421875]"
F272013,50,33,0.01,"[22977.481738547212, 0.16360163688659668]"
F272013,50,33,0.1,"[17677.94699126304, 1.624157428741455]"
F272013,50,33,0.2,"[17677.941078214335, 2.5165178775787354]"
F272013,50,33,0.3,"[17677.941078214335, 2.5165207386016846]"
F272013,50,33,0.4,"[17677.941078214335, 2.5165226459503174]"
F272013,50,33,0.5,"[17677.941078214335, 2.5165247917175293]"
F272013,50,33,0.6,"[17677.941078214335, 2.516526699066162]"
F272013,50,33,0.7,"[17677.941078214335, 2.5165281295776367]"
F272013,50,33,0.8,"[17677.941078214335, 2.5165295600891113]"
F272013,50,33,0.9,"[17677.941078214335, 2.5165319442749023]"
F272013,50,33,1.0,"[17677.941078214335, 2.516537666320801]"
F272013,50,34,0.01,"[13673.765119764206, 0.16377878189086914]"
F272013,50,34,0.1,"[13578.556922441232, 1.6249165534973145]"
F272013,50,34,0.2,"[13578.231023565966, 3.1669442653656006]"
F272013,50,34,0.3,"[13578.231022391974, 3.4109418392181396]"
F272013,50,34,0.4,"[13578.231022391974, 3.410944938659668]"
F272013,50,34,0.5,"[13578.231022391974, 3.410947322845459]"
F272013,50,34,0.6,"[13578.231022391974, 3.4109489917755127]"
F272013,50,34,0.7,"[13578.231022391974, 3.4109506607055664]"
F272013,50,34,0.8,"[13578.231022391974, 3.410952091217041]"
F272013,50,34,0.9,"[13578.231022391974, 3.410954236984253]"
F272013,50,34,1.0,"[13578.231022391974, 3.4109597206115723]"
F272013,50,35,0.01,"[13492.252086169052, 0.16375470161437988]"
F272013,50,35,0.1,"[13249.465874510948, 1.6207950115203857]"
F272013,50,35,0.2,"[13238.1006231062, 3.158083200454712]"
F272013,50,35,0.3,"[13236.215247411918, 4.693457365036011]"
F272013,50,35,0.4,"[13236.196927840574, 6.23273777961731]"
F272013,50,35,0.5,"[13236.196925783366, 6.476042032241821]"
F272013,50,35,0.6,"[13236.196925783366, 6.476044654846191]"
F272013,50,35,0.7,"[13236.196925783366, 6.476046800613403]"
F272013,50,35,0.8,"[13236.196925783366, 6.476047992706299]"
F272013,50,35,0.9,"[13236.196925783366, 6.476049900054932]"
F272013,50,35,1.0,"[13236.196925783366, 6.476055383682251]"
F272013,50,36,0.01,"[20274.246440321444, 0.16300487518310547]"
F272013,50,36,0.1,"[15554.730254806163, 1.6180627346038818]"
F272013,50,36,0.2,"[15385.194225666663, 3.155012369155884]"
F272013,50,36,0.3,"[10722.070898903743, 4.6895153522491455]"
F272013,50,36,0.4,"[9357.328722204644, 6.225094556808472]"
F272013,50,36,0.5,"[8932.800988990737, 7.839224338531494]"
F272013,50,36,0.6,"[8932.715689386932, 9.370724201202393]"
F272013,50,36,0.7,"[8930.63496197303, 10.899406433105469]"
F272013,50,36,0.8,"[8929.677242680702, 12.42765760421753]"
F272013,50,36,0.9,"[8923.946028087745, 14.036526203155518]"
F272013,50,36,1.0,"[8237.236759511037, 15.565122604370117]"
F272013,50,37,0.01,"[11661.746082802038, 0.16338419914245605]"
F272013,50,37,0.1,"[9558.220870866371, 1.6207172870635986]"
F272013,50,37,0.2,"[9555.69002169716, 3.15816068649292]"
F272013,50,37,0.3,"[9555.603692137805, 4.692970275878906]"
F272013,50,37,0.4,"[9555.603690413924, 4.773937702178955]"
F272013,50,37,0.5,"[9555.603690413924, 4.773941278457642]"
F272013,50,37,0.6,"[9555.603690413924, 4.773943185806274]"
F272013,50,37,0.7,"[9555.603690413924, 4.773944854736328]"
F272013,50,37,0.8,"[9555.603690413924, 4.773946285247803]"
F272013,50,37,0.9,"[9555.603690413924, 4.7739481925964355]"
F272013,50,37,1.0,"[9555.603690413924, 4.773953676223755]"
F272013,50,38,0.01,"[16479.732156641297, 0.16296958923339844]"
F272013,50,38,0.1,"[16463.960611675997, 1.6239850521087646]"
F272013,50,38,0.2,"[16463.9606116756, 2.272744655609131]"
F272013,50,38,0.3,"[16463.9606116756, 2.27274751663208]"
F272013,50,38,0.4,"[16463.9606116756, 2.272749423980713]"
F272013,50,38,0.5,"[16463.9606116756, 2.2727513313293457]"
F272013,50,38,0.6,"[16463.9606116756, 2.2727532386779785]"
F272013,50,38,0.7,"[16463.9606116756, 2.2727549076080322]"
F272013,50,38,0.8,"[16463.9606116756, 2.272756338119507]"
F272013,50,38,0.9,"[16463.9606116756, 2.272758722305298]"
F272013,50,38,1.0,"[16463.9606116756, 2.2727646827697754]"
F272013,50,39,0.01,"[12679.758771494216, 0.2348475456237793]"
F272013,50,39,0.1,"[8262.507658317256, 1.6948540210723877]"
F272013,50,39,0.2,"[7387.545670397714, 3.2355239391326904]"
F272013,50,39,0.3,"[7134.881912953544, 4.771739721298218]"
F272013,50,39,0.4,"[7134.8491301073955, 6.317517518997192]"
F272013,50,39,0.5,"[7134.8487163381, 7.939794301986694]"
F272013,50,39,0.6,"[7134.848715587799, 8.588054895401001]"
F272013,50,39,0.7,"[7134.848715587799, 8.58805799484253]"
F272013,50,39,0.8,"[7134.848715587799, 8.588059663772583]"
F272013,50,39,0.9,"[7134.848715587799, 8.588068962097168]"
F272013,50,39,1.0,"[7134.848715587799, 8.58807373046875]"
F272013,50,40,0.01,"[11085.96016165696, 0.1629929542541504]"
F272013,50,40,0.1,"[8252.992744144463, 1.6215693950653076]"
F272013,50,40,0.2,"[8180.774868580616, 3.161698818206787]"
F272013,50,40,0.3,"[8180.773680218732, 4.696802616119385]"
F272013,50,40,0.4,"[8106.293086615518, 6.232480049133301]"
F272013,50,40,0.5,"[8102.595703641879, 7.851121664047241]"
F272013,50,40,0.6,"[8102.338736912718, 9.386629104614258]"
F272013,50,40,0.7,"[8102.338736912718, 9.386874198913574]"
F272013,50,40,0.8,"[8102.338736912718, 9.386876344680786]"
F272013,50,40,0.9,"[8102.338736912718, 9.386878490447998]"
F272013,50,40,1.0,"[8102.338736912718, 9.386883974075317]"
F272013,50,41,0.01,"[12136.644144857313, 0.16258573532104492]"
F272013,50,41,0.1,"[9413.17893778206, 1.6194489002227783]"
F272013,50,41,0.2,"[9413.147065312021, 3.156073570251465]"
F272013,50,41,0.3,"[9413.107980363322, 4.609595537185669]"
F272013,50,41,0.4,"[9413.107980363322, 4.609598636627197]"
F272013,50,41,0.5,"[9413.107980363322, 4.60960054397583]"
F272013,50,41,0.6,"[9413.107980363322, 4.609602689743042]"
F272013,50,41,0.7,"[9413.107980363322, 4.609604120254517]"
F272013,50,41,0.8,"[9413.107980363322, 4.609605550765991]"
F272013,50,41,0.9,"[9413.107980363322, 4.609607219696045]"
F272013,50,41,1.0,"[9413.107980363322, 4.609613418579102]"
F272013,50,42,0.01,"[19590.391426019774, 0.16257739067077637]"
F272013,50,42,0.1,"[17197.053283362697, 1.6200482845306396]"
F272013,50,42,0.2,"[17197.053283362697, 3.158543109893799]"
F272013,50,42,0.3,"[17197.053283362697, 3.7245662212371826]"
F272013,50,42,0.4,"[17197.053283362697, 3.724569320678711]"
F272013,50,42,0.5,"[17197.053283362697, 3.724571466445923]"
F272013,50,42,0.6,"[17197.053283362697, 3.7245733737945557]"
F272013,50,42,0.7,"[17197.053283362697, 3.7245750427246094]"
F272013,50,42,0.8,"[17197.053283362697, 3.724576473236084]"
F272013,50,42,0.9,"[17197.053283362697, 3.724578619003296]"
F272013,50,42,1.0,"[17197.053283362697, 3.7245843410491943]"
F272013,50,43,0.01,"[6318.005740347926, 0.16192913055419922]"
F272013,50,43,0.1,"[6317.718418823824, 1.6175544261932373]"
F272013,50,43,0.2,"[6317.694322393283, 3.1541335582733154]"
F272013,50,43,0.3,"[6317.694304834031, 3.960954189300537]"
F272013,50,43,0.4,"[6317.694304834031, 3.9609570503234863]"
F272013,50,43,0.5,"[6317.694304834031, 3.9609594345092773]"
F272013,50,43,0.6,"[6317.694304834031, 3.96096134185791]"
F272013,50,43,0.7,"[6317.694304834031, 3.9609627723693848]"
F272013,50,43,0.8,"[6317.694304834031, 3.9609639644622803]"
F272013,50,43,0.9,"[6317.694304834031, 3.9609663486480713]"
F272013,50,43,1.0,"[6317.694304834031, 3.9609720706939697]"
F272013,50,44,0.01,"[19846.75068986166, 0.2319355010986328]"
F272013,50,44,0.1,"[19846.706595996046, 1.6945202350616455]"
F272013,50,44,0.2,"[19846.706505436334, 2.5057735443115234]"
F272013,50,44,0.3,"[19846.706505436334, 2.505776882171631]"
F272013,50,44,0.4,"[19846.706505436334, 2.5057830810546875]"
F272013,50,44,0.5,"[19846.706505436334, 2.5057854652404785]"
F272013,50,44,0.6,"[19846.706505436334, 2.505791425704956]"
F272013,50,44,0.7,"[19846.706505436334, 2.505793333053589]"
F272013,50,44,0.8,"[19846.706505436334, 2.5057947635650635]"
F272013,50,44,0.9,"[19846.706505436334, 2.505805492401123]"
F272013,50,44,1.0,"[19846.706505436334, 2.505807638168335]"
F272013,50,45,0.01,"[16813.574999847562, 0.23637700080871582]"
F272013,50,45,0.1,"[11077.114646523705, 1.6963651180267334]"
F272013,50,45,0.2,"[10741.150126335806, 3.23639178276062]"
F272013,50,45,0.3,"[10741.070235406522, 4.7742226123809814]"
F272013,50,45,0.4,"[10714.939040255322, 6.313743829727173]"
F272013,50,45,0.5,"[8370.726483828945, 7.9327147006988525]"
F272013,50,45,0.6,"[6075.151501110519, 9.472156286239624]"
F272013,50,45,0.7,"[4975.814726320709, 11.015593767166138]"
F272013,50,45,0.8,"[4974.173284706247, 12.560233116149902]"
F272013,50,45,0.9,"[4974.077812873973, 14.18394136428833]"
F272013,50,45,1.0,"[4974.070831219544, 15.731095790863037]"
F272013,50,46,0.01,"[12152.499132412866, 0.21856331825256348]"
F272013,50,46,0.1,"[12152.40185187572, 1.680487871170044]"
F272013,50,46,0.2,"[12152.387797768357, 2.8179376125335693]"
F272013,50,46,0.3,"[12152.387797768357, 2.8179404735565186]"
F272013,50,46,0.4,"[12152.387797768357, 2.8179423809051514]"
F272013,50,46,0.5,"[12152.387797768357, 2.8179445266723633]"
F272013,50,46,0.6,"[12152.387797768357, 2.817946195602417]"
F272013,50,46,0.7,"[12152.387797768357, 2.8179478645324707]"
F272013,50,46,0.8,"[12152.387797768357, 2.8179495334625244]"
F272013,50,46,0.9,"[12152.387797768357, 2.817955732345581]"
F272013,50,46,1.0,"[12152.387797768357, 2.8179609775543213]"
F272013,50,47,0.01,"[16170.261805141803, 0.1639573574066162]"
F272013,50,47,0.1,"[14006.303557175084, 1.6271796226501465]"
F272013,50,47,0.2,"[14006.296468848761, 2.5211071968078613]"
F272013,50,47,0.3,"[14006.296468848761, 2.5211105346679688]"
F272013,50,47,0.4,"[14006.296468848761, 2.5211167335510254]"
F272013,50,47,0.5,"[14006.296468848761, 2.5211195945739746]"
F272013,50,47,0.6,"[14006.296468848761, 2.5211246013641357]"
F272013,50,47,0.7,"[14006.296468848761, 2.5211262702941895]"
F272013,50,47,0.8,"[14006.296468848761, 2.521127700805664]"
F272013,50,47,0.9,"[14006.296468848761, 2.5211377143859863]"
F272013,50,47,1.0,"[14006.296468848761, 2.5211398601531982]"
F272013,50,48,0.01,"[5891.5808707976885, 0.16168570518493652]"
F272013,50,48,0.1,"[5883.370868998332, 1.6059308052062988]"
F272013,50,48,0.2,"[5883.368928342501, 3.128196954727173]"
F272013,50,48,0.3,"[5883.368299337603, 4.653257369995117]"
F272013,50,48,0.4,"[5883.36827447517, 5.537936449050903]"
F272013,50,48,0.5,"[5883.36827447517, 5.537939548492432]"
F272013,50,48,0.6,"[5883.36827447517, 5.5379416942596436]"
F272013,50,48,0.7,"[5883.36827447517, 5.537943124771118]"
F272013,50,48,0.8,"[5883.36827447517, 5.537944555282593]"
F272013,50,48,0.9,"[5883.36827447517, 5.537945985794067]"
F272013,50,48,1.0,"[5883.36827447517, 5.537947416305542]"
F272013,50,49,0.01,"[19865.28364976318, 0.16264796257019043]"
F272013,50,49,0.1,"[15375.783945078882, 1.6214420795440674]"
F272013,50,49,0.2,"[15375.783945078882, 1.7021369934082031]"
F272013,50,49,0.3,"[15375.783945078882, 1.7021398544311523]"
F272013,50,49,0.4,"[15375.783945078882, 1.7021420001983643]"
F272013,50,49,0.5,"[15375.783945078882, 1.702143669128418]"
F272013,50,49,0.6,"[15375.783945078882, 1.7021455764770508]"
F272013,50,49,0.7,"[15375.783945078882, 1.7021467685699463]"
F272013,50,49,0.8,"[15375.783945078882, 1.702148199081421]"
F272013,50,49,0.9,"[15375.783945078882, 1.7021501064300537]"
F272013,50,49,1.0,"[15375.783945078882, 1.7021520137786865]"
F272013,50,50,0.01,"[20021.5719333371, 0.1630387306213379]"
F272013,50,50,0.1,"[15706.734363073534, 1.6205148696899414]"
F272013,50,50,0.2,"[15706.733375008884, 2.3482370376586914]"
F272013,50,50,0.3,"[15706.733375008884, 2.3482394218444824]"
F272013,50,50,0.4,"[15706.733375008884, 2.348241090774536]"
F272013,50,50,0.5,"[15706.733375008884, 2.348242998123169]"
F272013,50,50,0.6,"[15706.733375008884, 2.3482446670532227]"
F272013,50,50,0.7,"[15706.733375008884, 2.3482460975646973]"
F272013,50,50,0.8,"[15706.733375008884, 2.3482515811920166]"
F272013,50,50,0.9,"[15706.733375008884, 2.3482532501220703]"
F272013,50,50,1.0,"[15706.733375008884, 2.3482553958892822]"
