function,dimension,run,checkpoint,error
F232013,10,0,0.01,"[2524.1506432813876, 0.5130162239074707]"
F232013,10,0,0.1,"[2496.3508408527414, 5.110538005828857]"
F232013,10,0,0.2,"[2496.3508408523794, 10.73511004447937]"
F232013,10,0,0.3,"[2496.350840852379, 16.33490800857544]"
F232013,10,0,0.4,"[2496.350840852379, 21.945064067840576]"
F232013,10,0,0.5,"[2496.350840852379, 27.55459189414978]"
F232013,10,0,0.6,"[2496.350840852379, 33.152201414108276]"
F232013,10,0,0.7,"[2496.350840852379, 38.756462812423706]"
F232013,10,0,0.8,"[2496.350840852379, 44.364108085632324]"
F232013,10,0,0.9,"[2496.3508408523776, 49.96748423576355]"
F232013,10,0,1.0,"[2496.3508408523776, 55.082338094711304]"
F232013,10,1,0.01,"[2252.362271086659, 0.5138263702392578]"
F232013,10,1,0.1,"[2226.6020585292713, 5.086317539215088]"
F232013,10,1,0.2,"[2226.6020585292617, 10.168034076690674]"
F232013,10,1,0.3,"[2226.6020585292613, 15.24418830871582]"
F232013,10,1,0.4,"[2226.6020585292613, 20.32551884651184]"
F232013,10,1,0.5,"[2226.60205852926, 25.400232791900635]"
F232013,10,1,0.6,"[2226.60205852926, 30.463291883468628]"
F232013,10,1,0.7,"[2226.60205852926, 35.518826961517334]"
F232013,10,1,0.8,"[2226.60205852926, 40.58342742919922]"
F232013,10,1,0.9,"[2226.60205852926, 45.65523076057434]"
F232013,10,1,1.0,"[2226.60205852926, 50.730403900146484]"
F232013,10,2,0.01,"[2348.8444682366476, 0.5140693187713623]"
F232013,10,2,0.1,"[2342.0026735102174, 5.089154958724976]"
F232013,10,2,0.2,"[2342.0026735102156, 10.169122219085693]"
F232013,10,2,0.3,"[2342.0026735102147, 15.244486570358276]"
F232013,10,2,0.4,"[2342.0026735102147, 20.326937437057495]"
F232013,10,2,0.5,"[2342.002673510214, 25.395313262939453]"
F232013,10,2,0.6,"[2342.002673510214, 30.43643546104431]"
F232013,10,2,0.7,"[2342.002673510214, 35.47873783111572]"
F232013,10,2,0.8,"[2342.002673510214, 40.52217960357666]"
F232013,10,2,0.9,"[2342.002673510214, 45.56800699234009]"
F232013,10,2,1.0,"[2342.002673510214, 50.62063241004944]"
F232013,10,3,0.01,"[3094.507379883844, 0.5105748176574707]"
F232013,10,3,0.1,"[3051.9717821605755, 5.071789503097534]"
F232013,10,3,0.2,"[3051.9717821605755, 10.134200811386108]"
F232013,10,3,0.3,"[3051.065643504576, 15.198824644088745]"
F232013,10,3,0.4,"[3050.275512702148, 20.264392614364624]"
F232013,10,3,0.5,"[3049.6818603844417, 25.314368724822998]"
F232013,10,3,0.6,"[3049.004853942985, 30.356126070022583]"
F232013,10,3,0.7,"[3048.8790085739593, 35.40812063217163]"
F232013,10,3,0.8,"[3048.426397111566, 40.45836639404297]"
F232013,10,3,0.9,"[3048.426397111566, 45.517693281173706]"
F232013,10,3,1.0,"[3048.121282960804, 50.580923557281494]"
F232013,10,4,0.01,"[2578.9108256336326, 0.5126316547393799]"
F232013,10,4,0.1,"[2496.0464690682857, 5.100943326950073]"
F232013,10,4,0.2,"[2495.989027284001, 10.196453332901001]"
F232013,10,4,0.3,"[2495.988207355072, 15.280384540557861]"
F232013,10,4,0.4,"[2495.988207355072, 20.370089769363403]"
F232013,10,4,0.5,"[2495.988207355072, 25.467944860458374]"
F232013,10,4,0.6,"[2495.9874895828384, 30.55584406852722]"
F232013,10,4,0.7,"[2495.9874895828384, 35.649890422821045]"
F232013,10,4,0.8,"[2495.9874895828384, 40.72657299041748]"
F232013,10,4,0.9,"[2495.9874895828384, 45.80424904823303]"
F232013,10,4,1.0,"[2495.9874895828384, 50.90320181846619]"
F232013,10,5,0.01,"[2808.5642066675764, 0.5143325328826904]"
F232013,10,5,0.1,"[2792.879259707501, 5.093292236328125]"
F232013,10,5,0.2,"[2792.879259707499, 10.170055627822876]"
F232013,10,5,0.3,"[2792.879259707495, 15.24654769897461]"
F232013,10,5,0.4,"[2792.879259707495, 20.324039459228516]"
F232013,10,5,0.5,"[2792.879259707495, 25.40176796913147]"
F232013,10,5,0.6,"[2792.879259707495, 30.461999654769897]"
F232013,10,5,0.7,"[2792.879259707495, 35.54145073890686]"
F232013,10,5,0.8,"[2792.879259707495, 40.61192488670349]"
F232013,10,5,0.9,"[2792.879259707495, 45.693010568618774]"
F232013,10,5,1.0,"[2792.879259707495, 50.775113105773926]"
F232013,10,6,0.01,"[2428.2874610392532, 0.5571560859680176]"
F232013,10,6,0.1,"[2378.370795277649, 5.112837314605713]"
F232013,10,6,0.2,"[2378.370795277647, 10.181049823760986]"
F232013,10,6,0.3,"[2378.370795277647, 15.233981132507324]"
F232013,10,6,0.4,"[2378.370795277647, 20.2931387424469]"
F232013,10,6,0.5,"[2378.3707952776454, 25.34754776954651]"
F232013,10,6,0.6,"[2378.3707952776454, 30.401719331741333]"
F232013,10,6,0.7,"[2378.3707952776454, 35.465938568115234]"
F232013,10,6,0.8,"[2378.3707952776454, 40.5286169052124]"
F232013,10,6,0.9,"[2378.3707952776454, 45.601335763931274]"
F232013,10,6,1.0,"[2378.3707952776454, 50.68416953086853]"
F232013,10,7,0.01,"[2049.864862673282, 0.5578358173370361]"
F232013,10,7,0.1,"[2049.864862673282, 5.092411994934082]"
F232013,10,7,0.2,"[2049.864862673282, 10.12641167640686]"
F232013,10,7,0.3,"[2049.864862673282, 15.14676022529602]"
F232013,10,7,0.4,"[2049.864862673282, 20.165653944015503]"
F232013,10,7,0.5,"[2049.864862673282, 25.187932014465332]"
F232013,10,7,0.6,"[2049.864862673282, 30.212955236434937]"
F232013,10,7,0.7,"[2049.864862673282, 35.254772901535034]"
F232013,10,7,0.8,"[2049.864862673282, 40.28202986717224]"
F232013,10,7,0.9,"[2049.864862673282, 45.327840089797974]"
F232013,10,7,1.0,"[2049.864862673282, 50.366729736328125]"
F232013,10,8,0.01,"[2286.079346746854, 0.5107927322387695]"
F232013,10,8,0.1,"[2278.7964024805387, 5.0623157024383545]"
F232013,10,8,0.2,"[2278.7964024805365, 10.11238694190979]"
F232013,10,8,0.3,"[2278.7964024805365, 15.142911195755005]"
F232013,10,8,0.4,"[2278.7964024805365, 20.190654039382935]"
F232013,10,8,0.5,"[2278.7964024805365, 25.237005949020386]"
F232013,10,8,0.6,"[2278.796402480536, 30.29088306427002]"
F232013,10,8,0.7,"[2278.796402480535, 35.3445098400116]"
F232013,10,8,0.8,"[2278.796402480535, 40.37838006019592]"
F232013,10,8,0.9,"[2278.796402480535, 45.42404890060425]"
F232013,10,8,1.0,"[2278.796402480535, 50.4735586643219]"
F232013,10,9,0.01,"[1938.5934361958198, 0.5134525299072266]"
F232013,10,9,0.1,"[1938.5934361958198, 5.106069564819336]"
F232013,10,9,0.2,"[1938.5934361958198, 10.20000433921814]"
F232013,10,9,0.3,"[1938.3608575921362, 15.278536558151245]"
F232013,10,9,0.4,"[1938.3102938020875, 20.355547428131104]"
F232013,10,9,0.5,"[1938.3006830080317, 25.433303833007812]"
F232013,10,9,0.6,"[1938.2989086954121, 30.493067741394043]"
F232013,10,9,0.7,"[1938.2985821585185, 35.54736065864563]"
F232013,10,9,0.8,"[1938.298522539832, 40.60838484764099]"
F232013,10,9,0.9,"[1938.2985116712398, 45.67694902420044]"
F232013,10,9,1.0,"[1938.298509680999, 50.76562714576721]"
F232013,10,10,0.01,"[2374.8924715358658, 0.5139927864074707]"
F232013,10,10,0.1,"[2372.7337245185463, 5.096883058547974]"
F232013,10,10,0.2,"[2372.7337244837836, 10.181012630462646]"
F232013,10,10,0.3,"[2372.7337244837804, 15.245051622390747]"
F232013,10,10,0.4,"[2372.7337244837804, 20.31001877784729]"
F232013,10,10,0.5,"[2372.7337244837804, 25.38483762741089]"
F232013,10,10,0.6,"[2372.7337244837804, 30.460367918014526]"
F232013,10,10,0.7,"[2372.7337244837804, 35.540159702301025]"
F232013,10,10,0.8,"[2372.7337244837804, 40.606892108917236]"
F232013,10,10,0.9,"[2372.7337244837804, 45.68468451499939]"
F232013,10,10,1.0,"[2372.7337244837804, 50.7650625705719]"
F232013,10,11,0.01,"[2462.2754838310884, 0.5087859630584717]"
F232013,10,11,0.1,"[2454.8141512102775, 5.0749852657318115]"
F232013,10,11,0.2,"[2454.2924824464158, 10.11940860748291]"
F232013,10,11,0.3,"[2454.2292197342963, 15.139868974685669]"
F232013,10,11,0.4,"[2454.109091338704, 20.169875621795654]"
F232013,10,11,0.5,"[2454.084558694892, 25.184818267822266]"
F232013,10,11,0.6,"[2454.0836736002225, 30.21587109565735]"
F232013,10,11,0.7,"[2454.0538110176676, 35.25379228591919]"
F232013,10,11,0.8,"[2454.0358701631203, 40.286062479019165]"
F232013,10,11,0.9,"[2454.0358701631203, 45.332244873046875]"
F232013,10,11,1.0,"[2454.0249675912683, 50.372018337249756]"
F232013,10,12,0.01,"[2615.3294504500377, 0.5561959743499756]"
F232013,10,12,0.1,"[2538.0839102980026, 5.04755163192749]"
F232013,10,12,0.2,"[2538.0839102980012, 10.03123426437378]"
F232013,10,12,0.3,"[2538.083910298001, 15.006263494491577]"
F232013,10,12,0.4,"[2538.0839102980003, 19.994247674942017]"
F232013,10,12,0.5,"[2538.0839102980003, 24.980525493621826]"
F232013,10,12,0.6,"[2538.0839102979994, 29.95723247528076]"
F232013,10,12,0.7,"[2538.0839102979994, 34.93484616279602]"
F232013,10,12,0.8,"[2538.0839102979994, 39.91197443008423]"
F232013,10,12,0.9,"[2538.0839102979994, 44.896602392196655]"
F232013,10,12,1.0,"[2538.0839102979994, 49.88110971450806]"
F232013,10,13,0.01,"[2890.0376840758854, 0.5088691711425781]"
F232013,10,13,0.1,"[2890.024933328023, 5.072249889373779]"
F232013,10,13,0.2,"[2890.024933328023, 10.124951601028442]"
F232013,10,13,0.3,"[2890.024933328023, 15.158541440963745]"
F232013,10,13,0.4,"[2890.0249333280217, 20.200138330459595]"
F232013,10,13,0.5,"[2890.0249333280212, 25.243277311325073]"
F232013,10,13,0.6,"[2890.0249333280212, 30.26875066757202]"
F232013,10,13,0.7,"[2890.0249333280212, 35.28848075866699]"
F232013,10,13,0.8,"[2890.0249333280212, 40.30540227890015]"
F232013,10,13,0.9,"[2890.0249333280212, 45.33938384056091]"
F232013,10,13,1.0,"[2890.0249333280212, 50.36341881752014]"
F232013,10,14,0.01,"[2468.2773925908505, 0.5319035053253174]"
F232013,10,14,0.1,"[2456.0153399100764, 5.0894317626953125]"
F232013,10,14,0.2,"[2456.0153399100764, 10.13114881515503]"
F232013,10,14,0.3,"[2455.5989583900123, 15.181516885757446]"
F232013,10,14,0.4,"[2455.5989583900123, 20.23264479637146]"
F232013,10,14,0.5,"[2455.5989583900123, 25.27929377555847]"
F232013,10,14,0.6,"[2455.5989583900123, 30.308407306671143]"
F232013,10,14,0.7,"[2455.5989583900123, 35.33340239524841]"
F232013,10,14,0.8,"[2455.5989583900123, 40.356695890426636]"
F232013,10,14,0.9,"[2455.5989583900123, 45.404083251953125]"
F232013,10,14,1.0,"[2455.5989583900123, 50.44508147239685]"
F232013,10,15,0.01,"[2701.5192220052104, 0.5127620697021484]"
F232013,10,15,0.1,"[2700.2140673098816, 5.08240008354187]"
F232013,10,15,0.2,"[2700.214067309879, 10.159544944763184]"
F232013,10,15,0.3,"[2700.214067309879, 15.215553998947144]"
F232013,10,15,0.4,"[2700.214067309879, 20.27132487297058]"
F232013,10,15,0.5,"[2700.214067309875, 25.31246066093445]"
F232013,10,15,0.6,"[2700.214067309875, 30.33973240852356]"
F232013,10,15,0.7,"[2700.214067309875, 35.36877250671387]"
F232013,10,15,0.8,"[2700.214067309875, 40.398298263549805]"
F232013,10,15,0.9,"[2700.214067309875, 45.438111305236816]"
F232013,10,15,1.0,"[2700.214067309875, 50.481929302215576]"
F232013,10,16,0.01,"[3091.063369926105, 0.5109350681304932]"
F232013,10,16,0.1,"[3090.530776457805, 5.069425344467163]"
F232013,10,16,0.2,"[3090.530776457805, 10.121289491653442]"
F232013,10,16,0.3,"[3090.530776457805, 15.169064044952393]"
F232013,10,16,0.4,"[3090.530776457805, 20.212991952896118]"
F232013,10,16,0.5,"[3090.530776457805, 25.25249171257019]"
F232013,10,16,0.6,"[3090.530776457805, 30.293079137802124]"
F232013,10,16,0.7,"[3090.530776457805, 35.337268590927124]"
F232013,10,16,0.8,"[3090.530776457805, 40.37156295776367]"
F232013,10,16,0.9,"[3090.530776457805, 45.42734718322754]"
F232013,10,16,1.0,"[3090.530776457805, 50.47737193107605]"
F232013,10,17,0.01,"[2448.208302176741, 0.6380133628845215]"
F232013,10,17,0.1,"[2438.287985287333, 5.210404396057129]"
F232013,10,17,0.2,"[2438.287985287333, 10.392022371292114]"
F232013,10,17,0.3,"[2438.287985287331, 15.453612804412842]"
F232013,10,17,0.4,"[2438.287985287331, 20.506673097610474]"
F232013,10,17,0.5,"[2438.287985287331, 25.555614948272705]"
F232013,10,17,0.6,"[2438.2879852873307, 30.594669580459595]"
F232013,10,17,0.7,"[2438.2879852873307, 35.628575801849365]"
F232013,10,17,0.8,"[2438.2879852873307, 40.665247201919556]"
F232013,10,17,0.9,"[2438.2879852873307, 45.70684480667114]"
F232013,10,17,1.0,"[2438.2879852873307, 50.76340460777283]"
F232013,10,18,0.01,"[1521.257041118512, 0.5402300357818604]"
F232013,10,18,0.1,"[1501.0995031675866, 5.104751110076904]"
F232013,10,18,0.2,"[1501.0995031674142, 10.173058986663818]"
F232013,10,18,0.3,"[1501.0995031674133, 15.236737966537476]"
F232013,10,18,0.4,"[1501.0995031674133, 20.308258056640625]"
F232013,10,18,0.5,"[1501.0995031674133, 25.36501145362854]"
F232013,10,18,0.6,"[1501.0995031674133, 30.402770280838013]"
F232013,10,18,0.7,"[1501.0995031674133, 35.44120979309082]"
F232013,10,18,0.8,"[1501.0995031674133, 40.47732067108154]"
F232013,10,18,0.9,"[1501.0995031674133, 45.52094602584839]"
F232013,10,18,1.0,"[1501.0995031674133, 50.5779595375061]"
F232013,10,19,0.01,"[1505.9235973912973, 0.5463895797729492]"
F232013,10,19,0.1,"[1486.0141850715677, 5.147989273071289]"
F232013,10,19,0.2,"[1485.8227017521713, 10.228490114212036]"
F232013,10,19,0.3,"[1485.7497422790875, 15.290632247924805]"
F232013,10,19,0.4,"[1485.6978351219718, 20.374377965927124]"
F232013,10,19,0.5,"[1485.6401130839022, 25.44783854484558]"
F232013,10,19,0.6,"[1485.6246529484497, 30.50410485267639]"
F232013,10,19,0.7,"[1485.6246529484497, 35.555917739868164]"
F232013,10,19,0.8,"[1485.6246529484497, 40.611045360565186]"
F232013,10,19,0.9,"[1485.6246529484497, 45.6686007976532]"
F232013,10,19,1.0,"[1485.580155900746, 50.733991622924805]"
F232013,10,20,0.01,"[2123.002596157216, 0.5410492420196533]"
F232013,10,20,0.1,"[2119.6694821175306, 5.105889558792114]"
F232013,10,20,0.2,"[2119.669482117529, 10.191988468170166]"
F232013,10,20,0.3,"[2119.669482117529, 15.254276514053345]"
F232013,10,20,0.4,"[2119.669482117529, 20.31914186477661]"
F232013,10,20,0.5,"[2119.669482117528, 25.372272729873657]"
F232013,10,20,0.6,"[2119.669482117528, 30.409157037734985]"
F232013,10,20,0.7,"[2119.669482117528, 35.44135665893555]"
F232013,10,20,0.8,"[2119.669482117528, 40.47489809989929]"
F232013,10,20,0.9,"[2119.669482117528, 45.515907287597656]"
F232013,10,20,1.0,"[2119.669482117528, 50.575737953186035]"
F232013,10,21,0.01,"[2039.6409403625157, 0.5112855434417725]"
F232013,10,21,0.1,"[2032.0909007530154, 5.082526206970215]"
F232013,10,21,0.2,"[2032.0909007530113, 10.163978338241577]"
F232013,10,21,0.3,"[2032.0909007530113, 15.228087425231934]"
F232013,10,21,0.4,"[2032.0909007530113, 20.307204484939575]"
F232013,10,21,0.5,"[2032.0909007530113, 25.3796124458313]"
F232013,10,21,0.6,"[2032.0909007530113, 30.44672465324402]"
F232013,10,21,0.7,"[2032.0909007530113, 35.51111721992493]"
F232013,10,21,0.8,"[2032.0909007530113, 40.575703382492065]"
F232013,10,21,0.9,"[2032.0909007530113, 45.644165992736816]"
F232013,10,21,1.0,"[2032.0909007530113, 50.71515870094299]"
F232013,10,22,0.01,"[2257.3454181449347, 0.5147414207458496]"
F232013,10,22,0.1,"[2256.527571298639, 5.069763898849487]"
F232013,10,22,0.2,"[2256.527571298639, 10.131301164627075]"
F232013,10,22,0.3,"[2256.527571298639, 15.171820640563965]"
F232013,10,22,0.4,"[2256.527571298639, 20.22755742073059]"
F232013,10,22,0.5,"[2256.527571298639, 25.27763271331787]"
F232013,10,22,0.6,"[2256.527571298639, 30.318178176879883]"
F232013,10,22,0.7,"[2256.527571298639, 35.36128306388855]"
F232013,10,22,0.8,"[2256.527571298639, 40.39544916152954]"
F232013,10,22,0.9,"[2256.527571298639, 45.436241149902344]"
F232013,10,22,1.0,"[2256.527571298639, 50.48557496070862]"
F232013,10,23,0.01,"[2388.1729369499344, 0.5995070934295654]"
F232013,10,23,0.1,"[2381.6949272382903, 5.154061555862427]"
F232013,10,23,0.2,"[2381.69492723829, 10.206058740615845]"
F232013,10,23,0.3,"[2381.6949272382894, 15.239477157592773]"
F232013,10,23,0.4,"[2381.6949272382894, 20.295527458190918]"
F232013,10,23,0.5,"[2381.6949272382894, 25.345032691955566]"
F232013,10,23,0.6,"[2381.6949272382885, 30.382011651992798]"
F232013,10,23,0.7,"[2381.6949272382885, 35.418585538864136]"
F232013,10,23,0.8,"[2381.6949272382885, 40.443432092666626]"
F232013,10,23,0.9,"[2381.6949272382885, 45.478561878204346]"
F232013,10,23,1.0,"[2381.6949272382885, 50.520936489105225]"
F232013,10,24,0.01,"[1742.2804504760184, 0.509655237197876]"
F232013,10,24,0.1,"[1726.7895354733664, 5.047563552856445]"
F232013,10,24,0.2,"[1722.2766026443433, 10.103278636932373]"
F232013,10,24,0.3,"[1721.8928684863295, 15.145307302474976]"
F232013,10,24,0.4,"[1721.5655659377953, 20.199209451675415]"
F232013,10,24,0.5,"[1721.5655659377953, 25.242575645446777]"
F232013,10,24,0.6,"[1721.5655659377953, 30.29154658317566]"
F232013,10,24,0.7,"[1721.5655659377953, 35.33099699020386]"
F232013,10,24,0.8,"[1721.5655659377953, 40.375808000564575]"
F232013,10,24,0.9,"[1721.5655659377953, 45.42446231842041]"
F232013,10,24,1.0,"[1721.5655659377953, 50.48322820663452]"
F232013,10,25,0.01,"[2359.1927471740605, 0.5481934547424316]"
F232013,10,25,0.1,"[2347.2561857106175, 5.074776887893677]"
F232013,10,25,0.2,"[2346.8512741680574, 10.178261041641235]"
F232013,10,25,0.3,"[2346.7988585491917, 15.210471868515015]"
F232013,10,25,0.4,"[2346.7988585491917, 20.23642587661743]"
F232013,10,25,0.5,"[2346.7988585491917, 25.2491295337677]"
F232013,10,25,0.6,"[2346.766915263001, 30.252168893814087]"
F232013,10,25,0.7,"[2346.76043945139, 35.27491760253906]"
F232013,10,25,0.8,"[2346.76043945139, 40.29616355895996]"
F232013,10,25,0.9,"[2346.76043945139, 45.337510108947754]"
F232013,10,25,1.0,"[2346.76043945139, 50.37808299064636]"
F232013,10,26,0.01,"[2721.6688823632267, 0.6108462810516357]"
F232013,10,26,0.1,"[2721.6688823632267, 5.183879137039185]"
F232013,10,26,0.2,"[2721.6688823632267, 10.254642009735107]"
F232013,10,26,0.3,"[2721.6688823632267, 15.304567813873291]"
F232013,10,26,0.4,"[2721.6688823632267, 20.356266736984253]"
F232013,10,26,0.5,"[2721.6688823632267, 25.39554738998413]"
F232013,10,26,0.6,"[2721.6688823632267, 30.420578479766846]"
F232013,10,26,0.7,"[2721.6688823632267, 35.44912528991699]"
F232013,10,26,0.8,"[2721.6688823632267, 40.48019552230835]"
F232013,10,26,0.9,"[2721.6688823632267, 45.52072620391846]"
F232013,10,26,1.0,"[2721.6688823632267, 50.56476950645447]"
F232013,10,27,0.01,"[2130.5897452720556, 0.636371374130249]"
F232013,10,27,0.1,"[2129.4660295129634, 5.175149917602539]"
F232013,10,27,0.2,"[2129.4660295129634, 10.207303524017334]"
F232013,10,27,0.3,"[2129.4660295129634, 15.239179849624634]"
F232013,10,27,0.4,"[2129.4660295129634, 20.26468253135681]"
F232013,10,27,0.5,"[2129.4660295129615, 25.290242433547974]"
F232013,10,27,0.6,"[2129.4660295129615, 30.3222553730011]"
F232013,10,27,0.7,"[2129.4660295129615, 35.35725021362305]"
F232013,10,27,0.8,"[2129.4660295129615, 40.38940405845642]"
F232013,10,27,0.9,"[2129.4660295129593, 45.43142890930176]"
F232013,10,27,1.0,"[2129.4660295129593, 50.47373604774475]"
F232013,10,28,0.01,"[2083.527610315902, 0.6090319156646729]"
F232013,10,28,0.1,"[2082.1450262345015, 5.141062021255493]"
F232013,10,28,0.2,"[2082.1450262345, 10.170225381851196]"
F232013,10,28,0.3,"[2082.1450262345, 15.188034296035767]"
F232013,10,28,0.4,"[2082.1450262344997, 20.222052335739136]"
F232013,10,28,0.5,"[2082.1450262344997, 25.232086420059204]"
F232013,10,28,0.6,"[2082.1450262344997, 30.240055799484253]"
F232013,10,28,0.7,"[2082.1450262344997, 35.23567771911621]"
F232013,10,28,0.8,"[2082.1450262344997, 40.23830962181091]"
F232013,10,28,0.9,"[2082.1450262344997, 45.254640340805054]"
F232013,10,28,1.0,"[2082.1450262344997, 50.28037977218628]"
F232013,10,29,0.01,"[1240.4038746359042, 0.6768817901611328]"
F232013,10,29,0.1,"[1240.0767787411087, 5.230791091918945]"
F232013,10,29,0.2,"[1240.0767787411087, 10.282034397125244]"
F232013,10,29,0.3,"[1240.0767787411087, 15.324465274810791]"
F232013,10,29,0.4,"[1240.0767787411087, 20.37014079093933]"
F232013,10,29,0.5,"[1240.0767787411087, 25.408058881759644]"
F232013,10,29,0.6,"[1240.0767787411087, 30.44786310195923]"
F232013,10,29,0.7,"[1240.0767787411087, 35.482800006866455]"
F232013,10,29,0.8,"[1240.0767787411087, 40.523903369903564]"
F232013,10,29,0.9,"[1240.0767787411087, 45.566059827804565]"
F232013,10,29,1.0,"[1240.0767787411087, 50.61903524398804]"
F232013,10,30,0.01,"[2808.5303296166876, 0.5609142780303955]"
F232013,10,30,0.1,"[2808.342844360121, 5.529666423797607]"
F232013,10,30,0.2,"[2808.3428443601183, 10.568788528442383]"
F232013,10,30,0.3,"[2808.3428443601183, 15.596719026565552]"
F232013,10,30,0.4,"[2808.3428443601183, 20.62512493133545]"
F232013,10,30,0.5,"[2808.3428443601183, 25.638084650039673]"
F232013,10,30,0.6,"[2808.3428443601183, 30.64407730102539]"
F232013,10,30,0.7,"[2808.342844360117, 35.639514684677124]"
F232013,10,30,0.8,"[2808.342844360117, 40.63983774185181]"
F232013,10,30,0.9,"[2808.342844360116, 45.63919162750244]"
F232013,10,30,1.0,"[2808.342844360115, 50.653894901275635]"
F232013,10,31,0.01,"[2668.295034800806, 0.6913552284240723]"
F232013,10,31,0.1,"[2662.844030361407, 5.235101222991943]"
F232013,10,31,0.2,"[2662.592555473166, 10.270798683166504]"
F232013,10,31,0.3,"[2662.5612446347936, 15.298651695251465]"
F232013,10,31,0.4,"[2662.4956325147105, 20.323123693466187]"
F232013,10,31,0.5,"[2662.4956325147105, 25.340875148773193]"
F232013,10,31,0.6,"[2662.4956325147105, 30.364580392837524]"
F232013,10,31,0.7,"[2662.442191509805, 35.38687801361084]"
F232013,10,31,0.8,"[2662.4133802164183, 40.41471815109253]"
F232013,10,31,0.9,"[2662.3720659712944, 45.45597767829895]"
F232013,10,31,1.0,"[2662.3610301472027, 50.50503396987915]"
F232013,10,32,0.01,"[2429.8938908721343, 0.5993728637695312]"
F232013,10,32,0.1,"[2425.422296232772, 5.151345729827881]"
F232013,10,32,0.2,"[2425.151890241366, 10.20896577835083]"
F232013,10,32,0.3,"[2425.151890241366, 15.261622667312622]"
F232013,10,32,0.4,"[2424.9893292607508, 20.312430143356323]"
F232013,10,32,0.5,"[2424.9893292607508, 25.351454257965088]"
F232013,10,32,0.6,"[2424.95294311978, 30.394967079162598]"
F232013,10,32,0.7,"[2424.9380443725227, 35.45271825790405]"
F232013,10,32,0.8,"[2424.929581039201, 40.49183797836304]"
F232013,10,32,0.9,"[2424.9216087372915, 45.53759574890137]"
F232013,10,32,1.0,"[2424.917431919091, 50.594470262527466]"
F232013,10,33,0.01,"[2544.924518840508, 0.5125181674957275]"
F232013,10,33,0.1,"[2514.1273896166254, 5.084836006164551]"
F232013,10,33,0.2,"[2514.1273896166254, 10.156773090362549]"
F232013,10,33,0.3,"[2513.5255543260396, 15.231360673904419]"
F232013,10,33,0.4,"[2513.5255543260396, 20.30466389656067]"
F232013,10,33,0.5,"[2513.5255543260396, 25.37356972694397]"
F232013,10,33,0.6,"[2513.508932745994, 30.438632011413574]"
F232013,10,33,0.7,"[2513.508932745994, 35.49564552307129]"
F232013,10,33,0.8,"[2513.508932745994, 40.551592111587524]"
F232013,10,33,0.9,"[2513.4890083099067, 45.61973214149475]"
F232013,10,33,1.0,"[2513.485657973902, 50.70335650444031]"
F232013,10,34,0.01,"[1830.0332709729337, 0.558347225189209]"
F232013,10,34,0.1,"[1829.9414925990377, 5.065348863601685]"
F232013,10,34,0.2,"[1829.9414925990359, 10.070204257965088]"
F232013,10,34,0.3,"[1829.9414925990359, 15.074909687042236]"
F232013,10,34,0.4,"[1829.9414925990359, 20.085471153259277]"
F232013,10,34,0.5,"[1829.9414925990359, 25.07961940765381]"
F232013,10,34,0.6,"[1829.9414925990359, 30.079635620117188]"
F232013,10,34,0.7,"[1829.9414925990359, 35.08180117607117]"
F232013,10,34,0.8,"[1829.9414925990359, 40.08584904670715]"
F232013,10,34,0.9,"[1829.9414925990359, 45.0978364944458]"
F232013,10,34,1.0,"[1829.9414925990359, 50.11276125907898]"
F232013,10,35,0.01,"[2688.4956355659424, 0.5128750801086426]"
F232013,10,35,0.1,"[2688.0235380731297, 5.084914207458496]"
F232013,10,35,0.2,"[2688.023538073125, 10.160037994384766]"
F232013,10,35,0.3,"[2688.023538073125, 15.224201440811157]"
F232013,10,35,0.4,"[2688.023538073125, 20.283859252929688]"
F232013,10,35,0.5,"[2688.023538073125, 25.33847975730896]"
F232013,10,35,0.6,"[2688.023538073125, 30.394307136535645]"
F232013,10,35,0.7,"[2688.023538073125, 35.44400429725647]"
F232013,10,35,0.8,"[2688.023538073125, 40.493993043899536]"
F232013,10,35,0.9,"[2688.023538073125, 45.550764322280884]"
F232013,10,35,1.0,"[2688.023538073125, 50.619547843933105]"
F232013,10,36,0.01,"[2101.583784877626, 0.6743996143341064]"
F232013,10,36,0.1,"[2099.6932055444904, 5.178963661193848]"
F232013,10,36,0.2,"[2099.6932055444277, 10.182935237884521]"
F232013,10,36,0.3,"[2099.6932055444267, 15.166199207305908]"
F232013,10,36,0.4,"[2099.6932055444267, 20.16023087501526]"
F232013,10,36,0.5,"[2099.6932055444267, 25.14108896255493]"
F232013,10,36,0.6,"[2099.6932055444267, 30.107637882232666]"
F232013,10,36,0.7,"[2099.6932055444267, 35.087531089782715]"
F232013,10,36,0.8,"[2099.6932055444267, 40.071619749069214]"
F232013,10,36,0.9,"[2099.6932055444267, 45.05413103103638]"
F232013,10,36,1.0,"[2099.6932055444267, 50.04318308830261]"
F232013,10,37,0.01,"[2080.52656026195, 0.5135931968688965]"
F232013,10,37,0.1,"[2072.090341296807, 5.043564796447754]"
F232013,10,37,0.2,"[2072.090341246536, 10.08052945137024]"
F232013,10,37,0.3,"[2072.090341246536, 15.100682258605957]"
F232013,10,37,0.4,"[2072.090341246536, 20.129067420959473]"
F232013,10,37,0.5,"[2072.090341246536, 25.133959531784058]"
F232013,10,37,0.6,"[2072.090341246536, 30.13881516456604]"
F232013,10,37,0.7,"[2072.090341246535, 35.14861559867859]"
F232013,10,37,0.8,"[2072.090341246535, 40.14003801345825]"
F232013,10,37,0.9,"[2072.090341246535, 45.13062763214111]"
F232013,10,37,1.0,"[2072.090341246533, 50.132120847702026]"
F232013,10,38,0.01,"[2486.199417210684, 0.5554063320159912]"
F232013,10,38,0.1,"[2485.660641216476, 5.091644525527954]"
F232013,10,38,0.2,"[2485.660641216476, 10.118874073028564]"
F232013,10,38,0.3,"[2485.6606412164742, 15.141408205032349]"
F232013,10,38,0.4,"[2485.6606412164742, 20.165030241012573]"
F232013,10,38,0.5,"[2485.660641216473, 25.177529096603394]"
F232013,10,38,0.6,"[2485.660641216473, 30.187335729599]"
F232013,10,38,0.7,"[2485.660641216468, 35.206302642822266]"
F232013,10,38,0.8,"[2485.660641216468, 40.21132850646973]"
F232013,10,38,0.9,"[2485.660641216468, 45.20229387283325]"
F232013,10,38,1.0,"[2485.660641216468, 50.20314407348633]"
F232013,10,39,0.01,"[2334.3739501919486, 0.5080046653747559]"
F232013,10,39,0.1,"[2331.418539318402, 5.03860068321228]"
F232013,10,39,0.2,"[2331.418539318401, 10.067699432373047]"
F232013,10,39,0.3,"[2331.418539318401, 15.093649625778198]"
F232013,10,39,0.4,"[2331.418539318401, 20.12406349182129]"
F232013,10,39,0.5,"[2331.418539318401, 25.142189741134644]"
F232013,10,39,0.6,"[2331.418539318401, 30.16268014907837]"
F232013,10,39,0.7,"[2331.418539318401, 35.19359588623047]"
F232013,10,39,0.8,"[2331.418539318401, 40.219403982162476]"
F232013,10,39,0.9,"[2331.418539318401, 45.254897594451904]"
F232013,10,39,1.0,"[2331.418539318401, 50.29017734527588]"
F232013,10,40,0.01,"[1409.2200964351205, 0.5092906951904297]"
F232013,10,40,0.1,"[1383.9336870165748, 5.050872325897217]"
F232013,10,40,0.2,"[1378.5876982701702, 10.082057237625122]"
F232013,10,40,0.3,"[1375.9710390434007, 15.092880487442017]"
F232013,10,40,0.4,"[1374.345746061275, 20.097163438796997]"
F232013,10,40,0.5,"[1373.212627800171, 25.083900928497314]"
F232013,10,40,0.6,"[1372.3610100339583, 30.06729745864868]"
F232013,10,40,0.7,"[1371.6919783716248, 35.058682441711426]"
F232013,10,40,0.8,"[1371.1495100670973, 40.04499888420105]"
F232013,10,40,0.9,"[1370.6961714667277, 45.034505128860474]"
F232013,10,40,1.0,"[1370.310743113218, 50.0263147354126]"
F232013,10,41,0.01,"[2343.9307805002386, 0.5056002140045166]"
F232013,10,41,0.1,"[2338.770804191834, 4.99554705619812]"
F232013,10,41,0.2,"[2338.770804191832, 9.983962297439575]"
F232013,10,41,0.3,"[2338.7708041918295, 14.965304136276245]"
F232013,10,41,0.4,"[2338.7708041918295, 19.944910287857056]"
F232013,10,41,0.5,"[2338.7708041918295, 24.916978359222412]"
F232013,10,41,0.6,"[2338.7708041918295, 29.892982721328735]"
F232013,10,41,0.7,"[2338.7708041918277, 34.865397930145264]"
F232013,10,41,0.8,"[2338.7708041918277, 39.83621907234192]"
F232013,10,41,0.9,"[2338.7708041918277, 44.80715036392212]"
F232013,10,41,1.0,"[2338.7708041918277, 49.785703897476196]"
F232013,10,42,0.01,"[1679.438987136411, 0.52105712890625]"
F232013,10,42,0.1,"[1673.7722183818214, 5.040071964263916]"
F232013,10,42,0.2,"[1673.7722183818214, 10.061784029006958]"
F232013,10,42,0.3,"[1673.7722183818214, 15.068825244903564]"
F232013,10,42,0.4,"[1673.7722183818214, 20.06453847885132]"
F232013,10,42,0.5,"[1673.7722183818214, 25.055191040039062]"
F232013,10,42,0.6,"[1673.7722183818214, 30.027615547180176]"
F232013,10,42,0.7,"[1673.7722183818214, 35.00432014465332]"
F232013,10,42,0.8,"[1673.7722183818214, 39.98312211036682]"
F232013,10,42,0.9,"[1673.7722183818214, 44.98170018196106]"
F232013,10,42,1.0,"[1673.7722183818214, 49.99015974998474]"
F232013,10,43,0.01,"[2215.434616365448, 0.503148078918457]"
F232013,10,43,0.1,"[2215.434616365448, 4.988783597946167]"
F232013,10,43,0.2,"[2215.434616365448, 9.973205327987671]"
F232013,10,43,0.3,"[2215.434616365448, 14.933009624481201]"
F232013,10,43,0.4,"[2215.434616365448, 19.8843412399292]"
F232013,10,43,0.5,"[2215.434616365448, 24.830909252166748]"
F232013,10,43,0.6,"[2215.434616365448, 29.797009706497192]"
F232013,10,43,0.7,"[2215.434616365448, 34.77172350883484]"
F232013,10,43,0.8,"[2215.434616365448, 39.734318256378174]"
F232013,10,43,0.9,"[2215.434616365448, 44.69728946685791]"
F232013,10,43,1.0,"[2215.434616365448, 49.668572187423706]"
F232013,10,44,0.01,"[2243.8209512654767, 0.5065641403198242]"
F232013,10,44,0.1,"[2231.3748037881073, 5.005126953125]"
F232013,10,44,0.2,"[2231.3747963178685, 9.993472337722778]"
F232013,10,44,0.3,"[2231.3747963178685, 14.976451873779297]"
F232013,10,44,0.4,"[2231.3747963178685, 19.96028470993042]"
F232013,10,44,0.5,"[2231.3747963178685, 24.9396014213562]"
F232013,10,44,0.6,"[2231.3747963178685, 29.91934037208557]"
F232013,10,44,0.7,"[2231.3747963178685, 34.89902663230896]"
F232013,10,44,0.8,"[2231.3747963178685, 39.872114419937134]"
F232013,10,44,0.9,"[2231.3747963178685, 44.853625774383545]"
F232013,10,44,1.0,"[2231.3747963178685, 49.82364511489868]"
F232013,10,45,0.01,"[2477.091769566109, 0.6938509941101074]"
F232013,10,45,0.1,"[2469.94968267867, 5.200641870498657]"
F232013,10,45,0.2,"[2469.9496826786694, 10.195682764053345]"
F232013,10,45,0.3,"[2469.949682678669, 15.192437410354614]"
F232013,10,45,0.4,"[2469.949682678669, 20.177175998687744]"
F232013,10,45,0.5,"[2469.949682678669, 25.15286946296692]"
F232013,10,45,0.6,"[2469.949682678669, 30.13476848602295]"
F232013,10,45,0.7,"[2469.949682678669, 35.10928678512573]"
F232013,10,45,0.8,"[2469.949682678669, 40.08043885231018]"
F232013,10,45,0.9,"[2469.949682678669, 45.06971526145935]"
F232013,10,45,1.0,"[2469.949682678669, 50.04975461959839]"
F232013,10,46,0.01,"[2673.6461268120065, 0.5054154396057129]"
F232013,10,46,0.1,"[2656.7272381015287, 5.0037760734558105]"
F232013,10,46,0.2,"[2656.7272381015127, 9.99398398399353]"
F232013,10,46,0.3,"[2656.727238101512, 14.958978652954102]"
F232013,10,46,0.4,"[2656.727238101512, 19.9386944770813]"
F232013,10,46,0.5,"[2656.727238101512, 24.899306535720825]"
F232013,10,46,0.6,"[2656.727238101512, 29.847482204437256]"
F232013,10,46,0.7,"[2656.727238101512, 34.81211853027344]"
F232013,10,46,0.8,"[2656.727238101512, 39.78324580192566]"
F232013,10,46,0.9,"[2656.727238101512, 44.76542258262634]"
F232013,10,46,1.0,"[2656.727238101512, 49.75920581817627]"
F232013,10,47,0.01,"[1972.031879499993, 0.5920619964599609]"
F232013,10,47,0.1,"[1968.8490295149422, 5.06980037689209]"
F232013,10,47,0.2,"[1968.8490295149422, 10.041538715362549]"
F232013,10,47,0.3,"[1968.8490295149422, 15.005530595779419]"
F232013,10,47,0.4,"[1968.8490295149422, 19.976313829421997]"
F232013,10,47,0.5,"[1968.8490295149422, 24.938230752944946]"
F232013,10,47,0.6,"[1968.8490295149422, 29.893338918685913]"
F232013,10,47,0.7,"[1968.8490295149422, 34.84510827064514]"
F232013,10,47,0.8,"[1968.8490295149422, 39.78931260108948]"
F232013,10,47,0.9,"[1968.8490295149422, 44.76176571846008]"
F232013,10,47,1.0,"[1968.8490295149422, 49.72268486022949]"
F232013,10,48,0.01,"[2630.8180390444377, 0.5104053020477295]"
F232013,10,48,0.1,"[2599.133898351321, 5.0854198932647705]"
F232013,10,48,0.2,"[2599.1338983513156, 10.162137269973755]"
F232013,10,48,0.3,"[2599.1338983513156, 15.228274822235107]"
F232013,10,48,0.4,"[2599.1338983513156, 20.312432050704956]"
F232013,10,48,0.5,"[2599.1338983513156, 25.365504264831543]"
F232013,10,48,0.6,"[2599.1338983513156, 30.39648199081421]"
F232013,10,48,0.7,"[2599.1338983513156, 35.44440579414368]"
F232013,10,48,0.8,"[2599.1338983513156, 40.52800703048706]"
F232013,10,48,0.9,"[2599.1338983513156, 45.61077618598938]"
F232013,10,48,1.0,"[2599.1338983513156, 50.68067288398743]"
F232013,10,49,0.01,"[2910.887199512549, 0.500115156173706]"
F232013,10,49,0.1,"[2902.7826352666507, 4.947479724884033]"
F232013,10,49,0.2,"[2902.7826352666507, 9.896119832992554]"
F232013,10,49,0.3,"[2902.7826352666507, 14.856370687484741]"
F232013,10,49,0.4,"[2902.7826352666507, 19.82060432434082]"
F232013,10,49,0.5,"[2902.7826352666507, 24.786847352981567]"
F232013,10,49,0.6,"[2902.7826352666507, 29.750866174697876]"
F232013,10,49,0.7,"[2902.782635266647, 34.75248837471008]"
F232013,10,49,0.8,"[2902.782635266647, 39.73725748062134]"
F232013,10,49,0.9,"[2902.782635266647, 44.714828968048096]"
F232013,10,49,1.0,"[2902.782635266647, 49.69537091255188]"
F232013,10,50,0.01,"[2455.426988789532, 0.5092124938964844]"
F232013,10,50,0.1,"[2455.396870889643, 5.032567024230957]"
F232013,10,50,0.2,"[2455.3968708896423, 10.050381660461426]"
F232013,10,50,0.3,"[2455.396870889641, 15.081176280975342]"
F232013,10,50,0.4,"[2455.396870889641, 20.101359844207764]"
F232013,10,50,0.5,"[2455.396870889641, 25.112247943878174]"
F232013,10,50,0.6,"[2455.396870889641, 30.13584327697754]"
F232013,10,50,0.7,"[2455.39687088964, 35.182382345199585]"
F232013,10,50,0.8,"[2455.39687088964, 40.209863901138306]"
F232013,10,50,0.9,"[2455.3968708896377, 45.26489782333374]"
F232013,10,50,1.0,"[2455.3968708896377, 50.322338819503784]"
F232013,30,0,0.01,"[7121.681544714525, 1.609713077545166]"
F232013,30,0,0.1,"[7059.27298048578, 16.072731494903564]"
F232013,30,0,0.2,"[7059.27298048576, 32.11173725128174]"
F232013,30,0,0.3,"[7059.27298048576, 48.1155264377594]"
F232013,30,0,0.4,"[7059.27298048576, 64.16461730003357]"
F232013,30,0,0.5,"[7059.27298048576, 80.24011778831482]"
F232013,30,0,0.6,"[7059.27298048576, 96.42783665657043]"
F232013,30,0,0.7,"[7059.27298048576, 112.4721782207489]"
F232013,30,0,0.8,"[7059.27298048576, 128.45228147506714]"
F232013,30,0,0.9,"[7059.27298048576, 144.41476941108704]"
F232013,30,0,1.0,"[7059.27298048576, 160.27386331558228]"
F232013,30,1,0.01,"[7938.404504530459, 1.6106164455413818]"
F232013,30,1,0.1,"[7915.922107156854, 16.13239312171936]"
F232013,30,1,0.2,"[7914.650372427503, 32.26093244552612]"
F232013,30,1,0.3,"[7914.199186708047, 48.37095332145691]"
F232013,30,1,0.4,"[7913.9681009330925, 64.5404098033905]"
F232013,30,1,0.5,"[7913.821982057474, 80.73700284957886]"
F232013,30,1,0.6,"[7913.715463236185, 96.90261507034302]"
F232013,30,1,0.7,"[7913.629413644263, 113.01456379890442]"
F232013,30,1,0.8,"[7913.555458975032, 129.10018491744995]"
F232013,30,1,0.9,"[7913.48926415988, 145.13641738891602]"
F232013,30,1,1.0,"[7913.42864493997, 161.1081783771515]"
F232013,30,2,0.01,"[7438.920289264803, 1.6038718223571777]"
F232013,30,2,0.1,"[7393.717593809692, 15.98567008972168]"
F232013,30,2,0.2,"[7392.993962957587, 31.908623456954956]"
F232013,30,2,0.3,"[7392.975642897953, 47.80853486061096]"
F232013,30,2,0.4,"[7391.280563916498, 63.792306423187256]"
F232013,30,2,0.5,"[7391.0093186783815, 79.82524466514587]"
F232013,30,2,0.6,"[7390.459365830575, 95.78495144844055]"
F232013,30,2,0.7,"[7390.338099222539, 111.73227381706238]"
F232013,30,2,0.8,"[7390.280582793763, 127.66261744499207]"
F232013,30,2,0.9,"[7389.944961489349, 143.56588912010193]"
F232013,30,2,1.0,"[7389.848861697701, 159.4356234073639]"
F232013,30,3,0.01,"[7077.673735480403, 1.615210771560669]"
F232013,30,3,0.1,"[7032.9413568322925, 16.075602531433105]"
F232013,30,3,0.2,"[7032.937280655509, 32.128055810928345]"
F232013,30,3,0.3,"[7032.937280521391, 48.18858337402344]"
F232013,30,3,0.4,"[7032.937280521391, 64.28390192985535]"
F232013,30,3,0.5,"[7032.937280521391, 80.43536400794983]"
F232013,30,3,0.6,"[7032.937280521391, 96.58589720726013]"
F232013,30,3,0.7,"[7032.937280521384, 112.79218912124634]"
F232013,30,3,0.8,"[7032.937280521384, 128.94862461090088]"
F232013,30,3,0.9,"[7032.937280521384, 145.09270596504211]"
F232013,30,3,1.0,"[7032.937280521384, 161.17960667610168]"
F232013,30,4,0.01,"[6649.571455816449, 1.6832497119903564]"
F232013,30,4,0.1,"[6610.898688143885, 16.089242935180664]"
F232013,30,4,0.2,"[6610.898501573812, 32.09343481063843]"
F232013,30,4,0.3,"[6610.898501573283, 48.11369037628174]"
F232013,30,4,0.4,"[6610.898501573282, 64.20332312583923]"
F232013,30,4,0.5,"[6610.898501573282, 80.3104178905487]"
F232013,30,4,0.6,"[6610.898501573282, 96.41726541519165]"
F232013,30,4,0.7,"[6610.898501573282, 112.49855828285217]"
F232013,30,4,0.8,"[6610.898501573282, 128.53229928016663]"
F232013,30,4,0.9,"[6610.898501573275, 144.54493260383606]"
F232013,30,4,1.0,"[6610.898501573275, 160.5048108100891]"
F232013,30,5,0.01,"[6280.741304497625, 1.606384515762329]"
F232013,30,5,0.1,"[6268.500745842337, 16.040485382080078]"
F232013,30,5,0.2,"[6268.500745842316, 32.08733916282654]"
F232013,30,5,0.3,"[6268.500745842316, 48.14856028556824]"
F232013,30,5,0.4,"[6268.500745842316, 64.2793219089508]"
F232013,30,5,0.5,"[6268.500745842316, 80.4136610031128]"
F232013,30,5,0.6,"[6268.500745842316, 96.53313088417053]"
F232013,30,5,0.7,"[6268.500745842316, 112.6497232913971]"
F232013,30,5,0.8,"[6268.500745842316, 128.7410650253296]"
F232013,30,5,0.9,"[6268.500745842312, 144.78592896461487]"
F232013,30,5,1.0,"[6268.500745842312, 160.7607238292694]"
F232013,30,6,0.01,"[6529.540335652949, 1.6814732551574707]"
F232013,30,6,0.1,"[6481.015020666337, 16.051559686660767]"
F232013,30,6,0.2,"[6481.015019837374, 32.020742416381836]"
F232013,30,6,0.3,"[6481.01501983737, 47.989776372909546]"
F232013,30,6,0.4,"[6481.015019837365, 64.03604388237]"
F232013,30,6,0.5,"[6481.015019837365, 80.10336780548096]"
F232013,30,6,0.6,"[6481.015019837365, 96.16573452949524]"
F232013,30,6,0.7,"[6481.015019837365, 112.21446490287781]"
F232013,30,6,0.8,"[6481.015019837365, 128.21903228759766]"
F232013,30,6,0.9,"[6481.015019837365, 144.22248554229736]"
F232013,30,6,1.0,"[6481.015019837365, 160.16901659965515]"
F232013,30,7,0.01,"[6888.750210922169, 1.7977900505065918]"
F232013,30,7,0.1,"[6872.683074374135, 16.23986792564392]"
F232013,30,7,0.2,"[6872.679619344198, 32.25892424583435]"
F232013,30,7,0.3,"[6872.679619009397, 48.30350136756897]"
F232013,30,7,0.4,"[6872.679619009373, 64.43113684654236]"
F232013,30,7,0.5,"[6872.679619009364, 80.59857034683228]"
F232013,30,7,0.6,"[6872.679619009359, 96.69972276687622]"
F232013,30,7,0.7,"[6872.6796190093555, 112.75398635864258]"
F232013,30,7,0.8,"[6872.6796190093555, 128.7244644165039]"
F232013,30,7,0.9,"[6872.6796190093555, 144.70348238945007]"
F232013,30,7,1.0,"[6872.6796190093555, 160.72834515571594]"
F232013,30,8,0.01,"[5167.267929383547, 1.6102123260498047]"
F232013,30,8,0.1,"[5156.07498663059, 16.008850812911987]"
F232013,30,8,0.2,"[5154.716842681598, 32.00984525680542]"
F232013,30,8,0.3,"[5154.426269117596, 48.010597229003906]"
F232013,30,8,0.4,"[5154.387643463664, 64.07358956336975]"
F232013,30,8,0.5,"[5154.382614709541, 80.17788577079773]"
F232013,30,8,0.6,"[5154.381963446951, 96.25122785568237]"
F232013,30,8,0.7,"[5154.381878916581, 112.28928589820862]"
F232013,30,8,0.8,"[5154.38186798381, 128.31813979148865]"
F232013,30,8,0.9,"[5154.381866562709, 144.32649874687195]"
F232013,30,8,1.0,"[5154.38186638169, 160.26739859580994]"
F232013,30,9,0.01,"[7865.76131370718, 1.6106574535369873]"
F232013,30,9,0.1,"[7837.00177508669, 16.08698320388794]"
F232013,30,9,0.2,"[7835.873812850155, 32.17193603515625]"
F232013,30,9,0.3,"[7835.863887856991, 48.234862327575684]"
F232013,30,9,0.4,"[7835.852602117058, 64.37298893928528]"
F232013,30,9,0.5,"[7835.852602117058, 80.52349019050598]"
F232013,30,9,0.6,"[7835.852602117058, 96.75991415977478]"
F232013,30,9,0.7,"[7835.852602117058, 112.96186852455139]"
F232013,30,9,0.8,"[7835.852602117058, 129.11765933036804]"
F232013,30,9,0.9,"[7835.852602117058, 145.24651718139648]"
F232013,30,9,1.0,"[7835.852602117058, 161.2399070262909]"
F232013,30,10,0.01,"[7724.8108908865, 1.6110882759094238]"
F232013,30,10,0.1,"[7688.971129664449, 16.07013726234436]"
F232013,30,10,0.2,"[7683.287654469619, 32.107176303863525]"
F232013,30,10,0.3,"[7678.455548164, 48.151299238204956]"
F232013,30,10,0.4,"[7677.846530423612, 64.27691054344177]"
F232013,30,10,0.5,"[7677.829338533735, 80.41175723075867]"
F232013,30,10,0.6,"[7677.817437898846, 96.4930489063263]"
F232013,30,10,0.7,"[7677.817437898846, 112.54903841018677]"
F232013,30,10,0.8,"[7677.815609043373, 128.538738489151]"
F232013,30,10,0.9,"[7677.77099588171, 144.48906302452087]"
F232013,30,10,1.0,"[7677.77099588171, 160.48392939567566]"
F232013,30,11,0.01,"[5759.076428112615, 1.61411714553833]"
F232013,30,11,0.1,"[5728.39126679625, 16.12742304801941]"
F232013,30,11,0.2,"[5728.39126679625, 32.20214033126831]"
F232013,30,11,0.3,"[5728.39126679625, 48.30106544494629]"
F232013,30,11,0.4,"[5728.39126679625, 64.4280276298523]"
F232013,30,11,0.5,"[5728.39126679625, 80.57395625114441]"
F232013,30,11,0.6,"[5728.39126679625, 96.68989634513855]"
F232013,30,11,0.7,"[5728.39126679625, 112.82881569862366]"
F232013,30,11,0.8,"[5728.39126679625, 128.94601917266846]"
F232013,30,11,0.9,"[5728.39126679625, 145.09077715873718]"
F232013,30,11,1.0,"[5728.39126679625, 161.1963770389557]"
F232013,30,12,0.01,"[7972.14988413541, 1.645388126373291]"
F232013,30,12,0.1,"[7922.279862862775, 16.344178915023804]"
F232013,30,12,0.2,"[7922.279862862775, 32.68881368637085]"
F232013,30,12,0.3,"[7922.279862862775, 49.05445861816406]"
F232013,30,12,0.4,"[7922.279862862775, 65.41057586669922]"
F232013,30,12,0.5,"[7922.279862862775, 81.75855803489685]"
F232013,30,12,0.6,"[7922.279862862775, 98.05188226699829]"
F232013,30,12,0.7,"[7922.279862862775, 114.40236163139343]"
F232013,30,12,0.8,"[7922.279862862775, 130.65501809120178]"
F232013,30,12,0.9,"[7922.279862862775, 146.96222114562988]"
F232013,30,12,1.0,"[7922.279862862775, 163.2593207359314]"
F232013,30,13,0.01,"[7933.773231536074, 1.7442691326141357]"
F232013,30,13,0.1,"[7923.701014152803, 16.310895442962646]"
F232013,30,13,0.2,"[7923.635196899213, 32.50141191482544]"
F232013,30,13,0.3,"[7923.592637009086, 48.65983510017395]"
F232013,30,13,0.4,"[7923.577100833896, 64.84420084953308]"
F232013,30,13,0.5,"[7923.577100833896, 81.06495594978333]"
F232013,30,13,0.6,"[7923.577100833896, 97.27610921859741]"
F232013,30,13,0.7,"[7923.577100833896, 113.47544360160828]"
F232013,30,13,0.8,"[7923.543912967631, 129.62389969825745]"
F232013,30,13,0.9,"[7923.543912967631, 145.7934968471527]"
F232013,30,13,1.0,"[7923.540332852026, 161.8908393383026]"
F232013,30,14,0.01,"[7072.157569410192, 1.779149055480957]"
F232013,30,14,0.1,"[7010.790767706199, 17.73329520225525]"
F232013,30,14,0.2,"[7009.874276830273, 35.475695848464966]"
F232013,30,14,0.3,"[7008.794386319504, 53.29784440994263]"
F232013,30,14,0.4,"[7008.794386319504, 71.05540418624878]"
F232013,30,14,0.5,"[7008.794386319504, 88.80604839324951]"
F232013,30,14,0.6,"[7008.544610413773, 106.51842832565308]"
F232013,30,14,0.7,"[7008.51408720587, 124.23897171020508]"
F232013,30,14,0.8,"[7008.51408720587, 141.98689794540405]"
F232013,30,14,0.9,"[7008.51408720587, 159.72133135795593]"
F232013,30,14,1.0,"[7008.51408720587, 177.39770007133484]"
F232013,30,15,0.01,"[8321.23434792604, 1.6537699699401855]"
F232013,30,15,0.1,"[8307.857860040478, 16.169350624084473]"
F232013,30,15,0.2,"[8307.808405522685, 32.296958446502686]"
F232013,30,15,0.3,"[8307.808405522685, 48.42474007606506]"
F232013,30,15,0.4,"[8307.808405522685, 64.5498857498169]"
F232013,30,15,0.5,"[8307.766393875323, 80.67423677444458]"
F232013,30,15,0.6,"[8307.766393875323, 96.77895665168762]"
F232013,30,15,0.7,"[8307.72363561693, 112.91768908500671]"
F232013,30,15,0.8,"[8307.72363561693, 129.05799674987793]"
F232013,30,15,0.9,"[8307.72363561693, 145.1806390285492]"
F232013,30,15,1.0,"[8307.72363561693, 161.2831747531891]"
F232013,30,16,0.01,"[7329.828464331438, 1.6179378032684326]"
F232013,30,16,0.1,"[7274.08892966064, 16.140100479125977]"
F232013,30,16,0.2,"[7272.718890288157, 32.323915004730225]"
F232013,30,16,0.3,"[7270.855483639012, 48.51131629943848]"
F232013,30,16,0.4,"[7269.9544513964265, 64.69521236419678]"
F232013,30,16,0.5,"[7269.9544513964265, 80.84678626060486]"
F232013,30,16,0.6,"[7269.8791226321155, 97.04782152175903]"
F232013,30,16,0.7,"[7269.539631134364, 113.20941853523254]"
F232013,30,16,0.8,"[7269.539631134364, 129.37918162345886]"
F232013,30,16,0.9,"[7269.539631134364, 145.52524328231812]"
F232013,30,16,1.0,"[7269.539631134364, 161.6532325744629]"
F232013,30,17,0.01,"[6101.037107358773, 1.61655855178833]"
F232013,30,17,0.1,"[6087.419708695519, 16.162107229232788]"
F232013,30,17,0.2,"[6086.796797484092, 32.32468795776367]"
F232013,30,17,0.3,"[6086.554455645873, 48.49931359291077]"
F232013,30,17,0.4,"[6086.443688637907, 64.64425921440125]"
F232013,30,17,0.5,"[6086.443688637907, 80.79406905174255]"
F232013,30,17,0.6,"[6086.247039446583, 96.95887684822083]"
F232013,30,17,0.7,"[6086.243936657417, 113.06549000740051]"
F232013,30,17,0.8,"[6086.1966788740965, 129.21539735794067]"
F232013,30,17,0.9,"[6086.145371743, 145.32867860794067]"
F232013,30,17,1.0,"[6086.138603137237, 161.42109036445618]"
F232013,30,18,0.01,"[8435.655219820936, 1.6168560981750488]"
F232013,30,18,0.1,"[8386.516558019779, 16.152034282684326]"
F232013,30,18,0.2,"[8386.516558019779, 32.28728628158569]"
F232013,30,18,0.3,"[8385.836370926629, 48.400869846343994]"
F232013,30,18,0.4,"[8385.6382514201, 64.59152483940125]"
F232013,30,18,0.5,"[8384.806834161198, 80.80228686332703]"
F232013,30,18,0.6,"[8384.806834161198, 97.01992392539978]"
F232013,30,18,0.7,"[8384.806834161198, 113.20030951499939]"
F232013,30,18,0.8,"[8384.806834161198, 129.34595274925232]"
F232013,30,18,0.9,"[8384.806834161198, 145.47279834747314]"
F232013,30,18,1.0,"[8384.806834161198, 161.50969910621643]"
F232013,30,19,0.01,"[7626.653590258238, 1.6136884689331055]"
F232013,30,19,0.1,"[7623.8483985578405, 16.132492303848267]"
F232013,30,19,0.2,"[7612.098078955132, 32.243865728378296]"
F232013,30,19,0.3,"[7612.098078955132, 48.39379692077637]"
F232013,30,19,0.4,"[7612.098078955132, 64.54653882980347]"
F232013,30,19,0.5,"[7611.568277353612, 80.7220869064331]"
F232013,30,19,0.6,"[7610.681955652923, 96.8800117969513]"
F232013,30,19,0.7,"[7610.2283285135345, 113.00369954109192]"
F232013,30,19,0.8,"[7609.938877009929, 129.11310839653015]"
F232013,30,19,0.9,"[7609.880509727467, 145.22480416297913]"
F232013,30,19,1.0,"[7609.545232388999, 161.30959916114807]"
F232013,30,20,0.01,"[8255.940366199346, 1.6141297817230225]"
F232013,30,20,0.1,"[8224.147633334653, 16.120734214782715]"
F232013,30,20,0.2,"[8224.147633334653, 32.21883034706116]"
F232013,30,20,0.3,"[8224.147633334653, 48.29147481918335]"
F232013,30,20,0.4,"[8224.147633334653, 64.4367287158966]"
F232013,30,20,0.5,"[8224.147633334653, 80.5836853981018]"
F232013,30,20,0.6,"[8224.147633334653, 96.76468300819397]"
F232013,30,20,0.7,"[8224.147633334653, 112.93383836746216]"
F232013,30,20,0.8,"[8224.147633334653, 129.07791233062744]"
F232013,30,20,0.9,"[8224.147633334653, 145.23685503005981]"
F232013,30,20,1.0,"[8224.147633334653, 161.2946331501007]"
F232013,30,21,0.01,"[6491.6301590374715, 1.7557506561279297]"
F232013,30,21,0.1,"[6479.428298274782, 16.236085176467896]"
F232013,30,21,0.2,"[6479.425615222591, 32.36839556694031]"
F232013,30,21,0.3,"[6479.425609866426, 48.49270796775818]"
F232013,30,21,0.4,"[6479.425609855797, 64.62847208976746]"
F232013,30,21,0.5,"[6479.425609855757, 80.74445390701294]"
F232013,30,21,0.6,"[6479.425609855757, 96.9098219871521]"
F232013,30,21,0.7,"[6479.425609855752, 113.06629204750061]"
F232013,30,21,0.8,"[6479.425609855752, 129.21993136405945]"
F232013,30,21,0.9,"[6479.425609855752, 145.40145111083984]"
F232013,30,21,1.0,"[6479.425609855752, 161.56482863426208]"
F232013,30,22,0.01,"[6757.005201633305, 1.7248070240020752]"
F232013,30,22,0.1,"[6693.141744085219, 16.05730652809143]"
F232013,30,22,0.2,"[6693.141744085219, 31.966678380966187]"
F232013,30,22,0.3,"[6693.141744085219, 47.84156036376953]"
F232013,30,22,0.4,"[6693.141744085219, 63.8031108379364]"
F232013,30,22,0.5,"[6691.727259132401, 79.77474594116211]"
F232013,30,22,0.6,"[6690.140171026047, 95.78434348106384]"
F232013,30,22,0.7,"[6689.028456265275, 111.77639293670654]"
F232013,30,22,0.8,"[6687.971579658196, 127.69860219955444]"
F232013,30,22,0.9,"[6687.2128048914665, 143.59711289405823]"
F232013,30,22,1.0,"[6686.345813940039, 159.37779235839844]"
F232013,30,23,0.01,"[8176.033549580163, 1.6373581886291504]"
F232013,30,23,0.1,"[8131.24380281569, 16.12596821784973]"
F232013,30,23,0.2,"[8130.266006409782, 32.21713089942932]"
F232013,30,23,0.3,"[8130.1121534866, 48.32707858085632]"
F232013,30,23,0.4,"[8130.1121534866, 64.44796633720398]"
F232013,30,23,0.5,"[8130.1121534866, 80.59347605705261]"
F232013,30,23,0.6,"[8130.1121534866, 96.6862313747406]"
F232013,30,23,0.7,"[8130.1121534866, 112.81293058395386]"
F232013,30,23,0.8,"[8130.1121534866, 128.911306142807]"
F232013,30,23,0.9,"[8130.1121534866, 145.0011124610901]"
F232013,30,23,1.0,"[8130.1121534866, 161.05558109283447]"
F232013,30,24,0.01,"[8444.830724751853, 1.7659153938293457]"
F232013,30,24,0.1,"[8406.831802234425, 16.234100103378296]"
F232013,30,24,0.2,"[8402.771347554522, 32.33751630783081]"
F232013,30,24,0.3,"[8400.742997477952, 48.4200713634491]"
F232013,30,24,0.4,"[8400.066046107484, 64.53093910217285]"
F232013,30,24,0.5,"[8399.98112376619, 80.63829207420349]"
F232013,30,24,0.6,"[8399.965906709904, 96.68901634216309]"
F232013,30,24,0.7,"[8399.965906709904, 112.728360414505]"
F232013,30,24,0.8,"[8399.904449167869, 128.7550504207611]"
F232013,30,24,0.9,"[8399.904449167869, 144.7733097076416]"
F232013,30,24,1.0,"[8399.904449167869, 160.76676201820374]"
F232013,30,25,0.01,"[5310.066328420708, 1.6116023063659668]"
F232013,30,25,0.1,"[5275.98099357392, 16.088194131851196]"
F232013,30,25,0.2,"[5271.669666889499, 32.16017484664917]"
F232013,30,25,0.3,"[5271.5821769698605, 48.21937298774719]"
F232013,30,25,0.4,"[5271.476017462572, 64.34732961654663]"
F232013,30,25,0.5,"[5271.429042794415, 80.49017548561096]"
F232013,30,25,0.6,"[5271.4075314521615, 96.61321830749512]"
F232013,30,25,0.7,"[5271.3701638185275, 112.69372320175171]"
F232013,30,25,0.8,"[5271.353728096088, 128.74807500839233]"
F232013,30,25,0.9,"[5271.338620570941, 144.77287101745605]"
F232013,30,25,1.0,"[5271.311446866197, 160.71099853515625]"
F232013,30,26,0.01,"[7451.774601588728, 1.6340656280517578]"
F232013,30,26,0.1,"[7379.078203685429, 16.06846785545349]"
F232013,30,26,0.2,"[7379.078203685429, 32.050187826156616]"
F232013,30,26,0.3,"[7379.078203685429, 48.021076679229736]"
F232013,30,26,0.4,"[7379.078203685429, 63.98026466369629]"
F232013,30,26,0.5,"[7379.078203685429, 79.94225430488586]"
F232013,30,26,0.6,"[7379.078203685429, 95.92205953598022]"
F232013,30,26,0.7,"[7379.078203685429, 111.92040061950684]"
F232013,30,26,0.8,"[7379.078203685429, 127.94007468223572]"
F232013,30,26,0.9,"[7379.078203685429, 144.02511620521545]"
F232013,30,26,1.0,"[7379.078203685429, 160.15084648132324]"
F232013,30,27,0.01,"[5506.7408997140055, 1.699941873550415]"
F232013,30,27,0.1,"[5468.169023126818, 16.216152667999268]"
F232013,30,27,0.2,"[5468.168900830505, 32.294891357421875]"
F232013,30,27,0.3,"[5468.168900830249, 48.45117235183716]"
F232013,30,27,0.4,"[5468.168900830249, 64.52822923660278]"
F232013,30,27,0.5,"[5468.168900830243, 80.68493556976318]"
F232013,30,27,0.6,"[5468.168900830243, 96.88428115844727]"
F232013,30,27,0.7,"[5468.168900830243, 113.01567196846008]"
F232013,30,27,0.8,"[5468.168900830238, 129.13428735733032]"
F232013,30,27,0.9,"[5468.168900830238, 145.25314235687256]"
F232013,30,27,1.0,"[5468.168900830238, 161.36021852493286]"
F232013,30,28,0.01,"[6538.926699687598, 1.6209173202514648]"
F232013,30,28,0.1,"[6503.728240173689, 16.131826639175415]"
F232013,30,28,0.2,"[6499.685487249839, 32.232807636260986]"
F232013,30,28,0.3,"[6497.58908916998, 48.33034038543701]"
F232013,30,28,0.4,"[6496.61045146822, 64.44456171989441]"
F232013,30,28,0.5,"[6494.967231993164, 80.6278395652771]"
F232013,30,28,0.6,"[6494.043686972667, 96.78955817222595]"
F232013,30,28,0.7,"[6494.043686972667, 112.95695114135742]"
F232013,30,28,0.8,"[6493.566043017675, 129.08743143081665]"
F232013,30,28,0.9,"[6493.566043017675, 145.20179677009583]"
F232013,30,28,1.0,"[6493.566043017675, 161.3056800365448]"
F232013,30,29,0.01,"[7045.436753145885, 1.6118545532226562]"
F232013,30,29,0.1,"[6971.263569342444, 16.063872575759888]"
F232013,30,29,0.2,"[6971.26356933648, 32.19611573219299]"
F232013,30,29,0.3,"[6971.263569336475, 48.29893779754639]"
F232013,30,29,0.4,"[6971.263569336473, 64.39220428466797]"
F232013,30,29,0.5,"[6971.263569336473, 80.46636748313904]"
F232013,30,29,0.6,"[6971.263569336458, 96.54730153083801]"
F232013,30,29,0.7,"[6971.263569336458, 112.58955931663513]"
F232013,30,29,0.8,"[6971.263569336458, 128.69234561920166]"
F232013,30,29,0.9,"[6971.263569336458, 144.7994945049286]"
F232013,30,29,1.0,"[6971.263569336458, 160.90038871765137]"
F232013,30,30,0.01,"[7537.178315242834, 1.6092543601989746]"
F232013,30,30,0.1,"[7509.610218836646, 16.057064056396484]"
F232013,30,30,0.2,"[7509.610218836118, 32.16707515716553]"
F232013,30,30,0.3,"[7509.610218836111, 48.268608808517456]"
F232013,30,30,0.4,"[7509.610218836111, 64.35217618942261]"
F232013,30,30,0.5,"[7509.610218836111, 80.43045258522034]"
F232013,30,30,0.6,"[7509.610218836111, 96.5106554031372]"
F232013,30,30,0.7,"[7509.610218836111, 112.62055253982544]"
F232013,30,30,0.8,"[7509.610218836111, 128.75757718086243]"
F232013,30,30,0.9,"[7509.610218836111, 144.8604655265808]"
F232013,30,30,1.0,"[7509.610218836111, 160.94732356071472]"
F232013,30,31,0.01,"[7747.902467254757, 1.6146278381347656]"
F232013,30,31,0.1,"[7732.129198054456, 16.088063955307007]"
F232013,30,31,0.2,"[7728.6022749357835, 32.17647337913513]"
F232013,30,31,0.3,"[7728.416296471583, 48.252774238586426]"
F232013,30,31,0.4,"[7728.394008013469, 64.36694645881653]"
F232013,30,31,0.5,"[7728.394008013469, 80.5663378238678]"
F232013,30,31,0.6,"[7728.394008013469, 96.77837133407593]"
F232013,30,31,0.7,"[7728.394008013469, 112.99244546890259]"
F232013,30,31,0.8,"[7728.394008013469, 129.17387175559998]"
F232013,30,31,0.9,"[7728.346895396793, 145.3254210948944]"
F232013,30,31,1.0,"[7728.104914979718, 161.40758848190308]"
F232013,30,32,0.01,"[7433.720783856974, 1.6191167831420898]"
F232013,30,32,0.1,"[7417.211775576217, 16.09534239768982]"
F232013,30,32,0.2,"[7416.256551053151, 32.17167139053345]"
F232013,30,32,0.3,"[7416.044517704422, 48.233662605285645]"
F232013,30,32,0.4,"[7415.971261910017, 64.38282561302185]"
F232013,30,32,0.5,"[7415.971261910017, 80.54558396339417]"
F232013,30,32,0.6,"[7415.971261910017, 96.69387078285217]"
F232013,30,32,0.7,"[7415.971261910017, 112.8393247127533]"
F232013,30,32,0.8,"[7415.971261910017, 128.9953224658966]"
F232013,30,32,0.9,"[7415.971261910017, 145.12348556518555]"
F232013,30,32,1.0,"[7415.971261910017, 161.19254732131958]"
F232013,30,33,0.01,"[7816.794997254878, 1.7593348026275635]"
F232013,30,33,0.1,"[7709.1186401656305, 16.140445947647095]"
F232013,30,33,0.2,"[7705.2134694683955, 32.04426312446594]"
F232013,30,33,0.3,"[7702.653698842703, 48.00235986709595]"
F232013,30,33,0.4,"[7693.439131415962, 63.93097805976868]"
F232013,30,33,0.5,"[7693.439131415962, 79.90505194664001]"
F232013,30,33,0.6,"[7693.439131415962, 95.89627528190613]"
F232013,30,33,0.7,"[7693.439131415962, 111.96479916572571]"
F232013,30,33,0.8,"[7692.929157709026, 128.0053105354309]"
F232013,30,33,0.9,"[7692.082356204446, 144.07096695899963]"
F232013,30,33,1.0,"[7692.082356204446, 160.10517811775208]"
F232013,30,34,0.01,"[8187.374629543785, 1.632500171661377]"
F232013,30,34,0.1,"[8168.585809008078, 16.168589115142822]"
F232013,30,34,0.2,"[8168.53507300359, 32.27914261817932]"
F232013,30,34,0.3,"[8168.49205690079, 48.44951868057251]"
F232013,30,34,0.4,"[8168.482564693029, 64.59627103805542]"
F232013,30,34,0.5,"[8168.482564693029, 80.82921743392944]"
F232013,30,34,0.6,"[8168.482564693029, 97.1135528087616]"
F232013,30,34,0.7,"[8168.482564693029, 113.38716101646423]"
F232013,30,34,0.8,"[8168.482564693029, 129.59827089309692]"
F232013,30,34,0.9,"[8168.482564693029, 145.82840204238892]"
F232013,30,34,1.0,"[8168.482564693029, 161.94517612457275]"
F232013,30,35,0.01,"[8139.060750940223, 1.6998488903045654]"
F232013,30,35,0.1,"[8071.663174374829, 16.274409532546997]"
F232013,30,35,0.2,"[8070.527804434327, 32.501333475112915]"
F232013,30,35,0.3,"[8070.527804434327, 48.75123405456543]"
F232013,30,35,0.4,"[8070.414449860666, 64.9879732131958]"
F232013,30,35,0.5,"[8070.414449860666, 81.21243381500244]"
F232013,30,35,0.6,"[8070.414449860666, 97.40250205993652]"
F232013,30,35,0.7,"[8070.414449860666, 113.61623859405518]"
F232013,30,35,0.8,"[8070.414449860666, 129.85193061828613]"
F232013,30,35,0.9,"[8070.414449860666, 146.0457718372345]"
F232013,30,35,1.0,"[8070.414449860666, 162.25516033172607]"
F232013,30,36,0.01,"[6698.113881366897, 1.6942408084869385]"
F232013,30,36,0.1,"[6688.08215630823, 16.228981494903564]"
F232013,30,36,0.2,"[6688.008072987602, 32.38141107559204]"
F232013,30,36,0.3,"[6687.510817561165, 48.572274684906006]"
F232013,30,36,0.4,"[6687.4188765195495, 64.77017259597778]"
F232013,30,36,0.5,"[6687.3606763231965, 80.944669008255]"
F232013,30,36,0.6,"[6687.3606763231965, 97.07043123245239]"
F232013,30,36,0.7,"[6687.326210829858, 113.17299771308899]"
F232013,30,36,0.8,"[6687.21991474512, 129.28914952278137]"
F232013,30,36,0.9,"[6687.20808323887, 145.37716674804688]"
F232013,30,36,1.0,"[6687.193240932134, 161.65662145614624]"
F232013,30,37,0.01,"[7930.560050122502, 1.6642215251922607]"
F232013,30,37,0.1,"[7913.956318435026, 16.15284252166748]"
F232013,30,37,0.2,"[7913.452617251718, 32.242234230041504]"
F232013,30,37,0.3,"[7913.284825237155, 48.33287501335144]"
F232013,30,37,0.4,"[7913.272380449685, 64.50515985488892]"
F232013,30,37,0.5,"[7913.272380449685, 80.72677683830261]"
F232013,30,37,0.6,"[7913.272380449685, 96.93114948272705]"
F232013,30,37,0.7,"[7913.272380449685, 113.14908599853516]"
F232013,30,37,0.8,"[7913.272380449685, 129.3209798336029]"
F232013,30,37,0.9,"[7913.272380449685, 145.5039722919464]"
F232013,30,37,1.0,"[7913.272380449685, 161.63411259651184]"
F232013,30,38,0.01,"[6812.993921167438, 1.7366704940795898]"
F232013,30,38,0.1,"[6782.405494935846, 16.071483612060547]"
F232013,30,38,0.2,"[6782.405494935846, 31.973236560821533]"
F232013,30,38,0.3,"[6782.405494935846, 47.87598776817322]"
F232013,30,38,0.4,"[6782.405494935846, 63.833441495895386]"
F232013,30,38,0.5,"[6782.405494935846, 79.81345415115356]"
F232013,30,38,0.6,"[6782.405494935846, 95.78474760055542]"
F232013,30,38,0.7,"[6782.405494935846, 111.7604033946991]"
F232013,30,38,0.8,"[6782.405494935846, 127.72954082489014]"
F232013,30,38,0.9,"[6782.405494935846, 143.71253871917725]"
F232013,30,38,1.0,"[6782.405494935846, 159.6789104938507]"
F232013,30,39,0.01,"[7463.228758039095, 1.6914396286010742]"
F232013,30,39,0.1,"[7455.155208350014, 15.995431661605835]"
F232013,30,39,0.2,"[7455.150442334925, 31.879966497421265]"
F232013,30,39,0.3,"[7455.150435752075, 47.776755809783936]"
F232013,30,39,0.4,"[7455.150435743861, 63.75239872932434]"
F232013,30,39,0.5,"[7455.15043574383, 79.76492118835449]"
F232013,30,39,0.6,"[7455.150435743828, 95.71455955505371]"
F232013,30,39,0.7,"[7455.150435743828, 111.65489363670349]"
F232013,30,39,0.8,"[7455.150435743828, 127.56505608558655]"
F232013,30,39,0.9,"[7455.150435743828, 143.4614553451538]"
F232013,30,39,1.0,"[7455.150435743828, 159.3088252544403]"
F232013,30,40,0.01,"[7772.199324454796, 1.59867262840271]"
F232013,30,40,0.1,"[7731.496514285642, 15.93567705154419]"
F232013,30,40,0.2,"[7730.694069111374, 31.875203371047974]"
F232013,30,40,0.3,"[7730.690708507875, 47.861326694488525]"
F232013,30,40,0.4,"[7730.690708507875, 63.91031503677368]"
F232013,30,40,0.5,"[7730.690708507875, 79.98561143875122]"
F232013,30,40,0.6,"[7730.68804004827, 96.03245902061462]"
F232013,30,40,0.7,"[7730.68804004827, 112.11321473121643]"
F232013,30,40,0.8,"[7730.68804004827, 128.15883874893188]"
F232013,30,40,0.9,"[7730.68804004827, 144.1758303642273]"
F232013,30,40,1.0,"[7730.68804004827, 160.11784052848816]"
F232013,30,41,0.01,"[5735.45708593677, 1.6016411781311035]"
F232013,30,41,0.1,"[5665.217736048017, 15.976118087768555]"
F232013,30,41,0.2,"[5659.130704875326, 31.92590045928955]"
F232013,30,41,0.3,"[5655.655207483904, 47.90065264701843]"
F232013,30,41,0.4,"[5653.360387876862, 63.979522943496704]"
F232013,30,41,0.5,"[5652.379370467836, 80.08764052391052]"
F232013,30,41,0.6,"[5652.332819836461, 96.12360644340515]"
F232013,30,41,0.7,"[5652.302429055598, 112.13015580177307]"
F232013,30,41,0.8,"[5652.298175307333, 128.0829517841339]"
F232013,30,41,0.9,"[5652.25942238544, 144.03466081619263]"
F232013,30,41,1.0,"[5652.250111780009, 159.92519879341125]"
F232013,30,42,0.01,"[8864.594554421548, 1.6001999378204346]"
F232013,30,42,0.1,"[8842.201216497679, 15.972064733505249]"
F232013,30,42,0.2,"[8840.69581389694, 31.931806802749634]"
F232013,30,42,0.3,"[8839.537183843084, 47.90199089050293]"
F232013,30,42,0.4,"[8839.537183843084, 63.940197467803955]"
F232013,30,42,0.5,"[8838.021495674106, 80.00761103630066]"
F232013,30,42,0.6,"[8838.021495674106, 96.06253862380981]"
F232013,30,42,0.7,"[8837.278004402797, 112.09272336959839]"
F232013,30,42,0.8,"[8837.278004402797, 128.0740966796875]"
F232013,30,42,0.9,"[8837.278004402797, 144.06114220619202]"
F232013,30,42,1.0,"[8837.278004402797, 159.98505234718323]"
F232013,30,43,0.01,"[6849.264471886011, 1.6529030799865723]"
F232013,30,43,0.1,"[6836.663524143239, 16.05127739906311]"
F232013,30,43,0.2,"[6836.218677895553, 32.077721118927]"
F232013,30,43,0.3,"[6836.00208359233, 48.06407284736633]"
F232013,30,43,0.4,"[6835.923217919771, 64.14621710777283]"
F232013,30,43,0.5,"[6835.923217919771, 80.24899888038635]"
F232013,30,43,0.6,"[6835.923217919771, 96.31927227973938]"
F232013,30,43,0.7,"[6835.923217919771, 112.391361951828]"
F232013,30,43,0.8,"[6835.923217919771, 128.42523169517517]"
F232013,30,43,0.9,"[6835.923217919771, 144.451819896698]"
F232013,30,43,1.0,"[6835.923217919771, 160.436279296875]"
F232013,30,44,0.01,"[8699.302379037263, 1.6776471138000488]"
F232013,30,44,0.1,"[8616.861735147433, 16.06408190727234]"
F232013,30,44,0.2,"[8616.861735147433, 32.027974367141724]"
F232013,30,44,0.3,"[8616.751554321354, 47.98369002342224]"
F232013,30,44,0.4,"[8616.751554321354, 64.02322959899902]"
F232013,30,44,0.5,"[8616.684300456749, 80.11825013160706]"
F232013,30,44,0.6,"[8616.684300456749, 96.18209958076477]"
F232013,30,44,0.7,"[8616.670079446145, 112.26467871665955]"
F232013,30,44,0.8,"[8616.670079446145, 128.26009964942932]"
F232013,30,44,0.9,"[8616.670079446145, 144.25683999061584]"
F232013,30,44,1.0,"[8616.670079446145, 160.2115514278412]"
F232013,30,45,0.01,"[8659.425109763055, 1.7907829284667969]"
F232013,30,45,0.1,"[8617.065743037068, 16.250375986099243]"
F232013,30,45,0.2,"[8616.4807886103, 32.34429216384888]"
F232013,30,45,0.3,"[8616.449533464336, 48.46864318847656]"
F232013,30,45,0.4,"[8616.449533464336, 64.57423949241638]"
F232013,30,45,0.5,"[8616.354360763022, 80.65084433555603]"
F232013,30,45,0.6,"[8616.354360763022, 96.79368281364441]"
F232013,30,45,0.7,"[8616.354360763022, 112.92687320709229]"
F232013,30,45,0.8,"[8616.354360763022, 129.07076454162598]"
F232013,30,45,0.9,"[8616.323839583501, 145.18280363082886]"
F232013,30,45,1.0,"[8616.323839583501, 161.29304146766663]"
F232013,30,46,0.01,"[6901.042993151738, 1.7266149520874023]"
F232013,30,46,0.1,"[6858.244457773497, 16.10133194923401]"
F232013,30,46,0.2,"[6858.244457773497, 32.082939863204956]"
F232013,30,46,0.3,"[6858.045741165347, 48.053858518600464]"
F232013,30,46,0.4,"[6858.045741165347, 64.09122848510742]"
F232013,30,46,0.5,"[6858.045741165347, 80.162682056427]"
F232013,30,46,0.6,"[6858.028881492419, 96.21616530418396]"
F232013,30,46,0.7,"[6858.028881492419, 112.28285098075867]"
F232013,30,46,0.8,"[6858.028881492419, 128.32563734054565]"
F232013,30,46,0.9,"[6858.028881492419, 144.3544957637787]"
F232013,30,46,1.0,"[6858.028881492419, 160.32527923583984]"
F232013,30,47,0.01,"[6583.20539741394, 1.7867271900177002]"
F232013,30,47,0.1,"[6547.454167472892, 16.25941801071167]"
F232013,30,47,0.2,"[6547.313658428282, 32.32294011116028]"
F232013,30,47,0.3,"[6546.679876237501, 48.3677294254303]"
F232013,30,47,0.4,"[6546.554181727793, 64.48359560966492]"
F232013,30,47,0.5,"[6546.469914109236, 80.60673141479492]"
F232013,30,47,0.6,"[6546.443921205575, 96.72865796089172]"
F232013,30,47,0.7,"[6546.417034864206, 112.80099487304688]"
F232013,30,47,0.8,"[6546.373346095029, 128.86126518249512]"
F232013,30,47,0.9,"[6546.373346095029, 144.88961720466614]"
F232013,30,47,1.0,"[6546.373346095029, 160.82649898529053]"
F232013,30,48,0.01,"[8537.719215249697, 1.6242568492889404]"
F232013,30,48,0.1,"[8522.920674851724, 16.18621015548706]"
F232013,30,48,0.2,"[8522.880033069987, 32.32625699043274]"
F232013,30,48,0.3,"[8522.879926845353, 48.39440727233887]"
F232013,30,48,0.4,"[8522.879926574295, 64.43264412879944]"
F232013,30,48,0.5,"[8522.879926573645, 80.42696237564087]"
F232013,30,48,0.6,"[8522.879926573645, 96.41732454299927]"
F232013,30,48,0.7,"[8522.879926573645, 112.38405966758728]"
F232013,30,48,0.8,"[8522.879926573643, 128.31647753715515]"
F232013,30,48,0.9,"[8522.879926573643, 144.33023238182068]"
F232013,30,48,1.0,"[8522.879926573643, 160.31804037094116]"
F232013,30,49,0.01,"[8084.013575746347, 1.6317880153656006]"
F232013,30,49,0.1,"[8032.228241391653, 16.195822954177856]"
F232013,30,49,0.2,"[8031.783317050478, 32.300180196762085]"
F232013,30,49,0.3,"[8031.782777860946, 48.25336670875549]"
F232013,30,49,0.4,"[8031.779113247127, 64.19364476203918]"
F232013,30,49,0.5,"[8031.779113247127, 80.16083788871765]"
F232013,30,49,0.6,"[8031.770798436446, 96.1090042591095]"
F232013,30,49,0.7,"[7869.651731064405, 112.04119563102722]"
F232013,30,49,0.8,"[7869.628406494154, 127.9539852142334]"
F232013,30,49,0.9,"[7869.354607268428, 143.9708755016327]"
F232013,30,49,1.0,"[7869.1078145799365, 159.94643139839172]"
F232013,30,50,0.01,"[8354.084712539723, 1.6260175704956055]"
F232013,30,50,0.1,"[8309.421554452436, 16.19791340827942]"
F232013,30,50,0.2,"[8308.19518364247, 32.32769203186035]"
F232013,30,50,0.3,"[8307.685756381488, 48.35437297821045]"
F232013,30,50,0.4,"[8306.734933288899, 64.35679626464844]"
F232013,30,50,0.5,"[8306.734933288899, 80.36447501182556]"
F232013,30,50,0.6,"[8306.734933288899, 96.35594820976257]"
F232013,30,50,0.7,"[8306.178988948403, 112.34645652770996]"
F232013,30,50,0.8,"[8306.178988948403, 128.29030585289001]"
F232013,30,50,0.9,"[8305.68770479008, 144.30915546417236]"
F232013,30,50,1.0,"[8305.49988273156, 160.25448036193848]"
F232013,50,0,0.01,"[10987.059742410756, 2.9217939376831055]"
F232013,50,0,0.1,"[10934.265368150069, 28.962575435638428]"
F232013,50,0,0.2,"[10933.428151375652, 57.937029123306274]"
F232013,50,0,0.3,"[10933.428151375652, 86.83541440963745]"
F232013,50,0,0.4,"[10933.160363244731, 115.65836429595947]"
F232013,50,0,0.5,"[10933.124321209461, 144.3649251461029]"
F232013,50,0,0.6,"[10933.069871796382, 173.15394186973572]"
F232013,50,0,0.7,"[10932.98934263062, 201.80362367630005]"
F232013,50,0,0.8,"[10932.98934263062, 230.57805013656616]"
F232013,50,0,0.9,"[10932.98934263062, 259.320214509964]"
F232013,50,0,1.0,"[10932.98934263062, 288.042626619339]"
F232013,50,1,0.01,"[13618.903491449564, 2.9369921684265137]"
F232013,50,1,0.1,"[13497.516770881753, 29.077534437179565]"
F232013,50,1,0.2,"[13495.600258589538, 58.15082359313965]"
F232013,50,1,0.3,"[13488.851776663341, 87.15173935890198]"
F232013,50,1,0.4,"[13485.15844405628, 116.1877601146698]"
F232013,50,1,0.5,"[13485.15844405628, 145.20219087600708]"
F232013,50,1,0.6,"[13482.10785389681, 174.2948441505432]"
F232013,50,1,0.7,"[13482.10785389681, 203.23227739334106]"
F232013,50,1,0.8,"[13482.10785389681, 232.1743507385254]"
F232013,50,1,0.9,"[13480.393680397448, 261.0676248073578]"
F232013,50,1,1.0,"[13479.143588449957, 290.0354702472687]"
F232013,50,2,0.01,"[11868.324206811054, 3.0142557621002197]"
F232013,50,2,0.1,"[11391.075231706993, 29.107665061950684]"
F232013,50,2,0.2,"[11380.449064922846, 58.079577684402466]"
F232013,50,2,0.3,"[11380.449064922846, 87.03890109062195]"
F232013,50,2,0.4,"[11380.449064922846, 116.01866221427917]"
F232013,50,2,0.5,"[11380.273604636219, 144.91717624664307]"
F232013,50,2,0.6,"[11379.085034027941, 173.87615036964417]"
F232013,50,2,0.7,"[11378.034338907146, 202.70099568367004]"
F232013,50,2,0.8,"[11371.157324730493, 231.62185335159302]"
F232013,50,2,0.9,"[11370.920949654128, 260.4642586708069]"
F232013,50,2,1.0,"[11370.920949654128, 289.34869503974915]"
F232013,50,3,0.01,"[13328.860005436194, 2.9147138595581055]"
F232013,50,3,0.1,"[13290.612544625594, 28.89160394668579]"
F232013,50,3,0.2,"[13289.30658241772, 57.828110218048096]"
F232013,50,3,0.3,"[13289.136639823568, 86.67598128318787]"
F232013,50,3,0.4,"[13288.830659130874, 115.57374787330627]"
F232013,50,3,0.5,"[13288.662626552245, 144.4557433128357]"
F232013,50,3,0.6,"[13288.662626552245, 173.40845823287964]"
F232013,50,3,0.7,"[13288.410336140352, 202.2574381828308]"
F232013,50,3,0.8,"[13288.410336140352, 231.1590437889099]"
F232013,50,3,0.9,"[13288.410336140352, 260.0221903324127]"
F232013,50,3,1.0,"[13288.27830596049, 288.8805079460144]"
F232013,50,4,0.01,"[11339.40979818548, 2.9457345008850098]"
F232013,50,4,0.1,"[11319.424043002233, 29.168503761291504]"
F232013,50,4,0.2,"[11318.924096456129, 58.32110118865967]"
F232013,50,4,0.3,"[11318.924096456129, 87.34776258468628]"
F232013,50,4,0.4,"[11318.900958773667, 116.46503949165344]"
F232013,50,4,0.5,"[11318.845854692638, 145.55518889427185]"
F232013,50,4,0.6,"[11318.741948919947, 174.69448041915894]"
F232013,50,4,0.7,"[11318.678930026847, 203.71724200248718]"
F232013,50,4,0.8,"[11318.678930026847, 232.73288369178772]"
F232013,50,4,0.9,"[11318.610403176925, 261.7408878803253]"
F232013,50,4,1.0,"[11318.595212168519, 290.81558203697205]"
F232013,50,5,0.01,"[13820.289336109263, 2.940197467803955]"
F232013,50,5,0.1,"[13754.08441699425, 29.114253520965576]"
F232013,50,5,0.2,"[13751.924072593996, 58.21038627624512]"
F232013,50,5,0.3,"[13743.264546513548, 87.2592658996582]"
F232013,50,5,0.4,"[13732.072698687538, 116.33209562301636]"
F232013,50,5,0.5,"[13732.072698687538, 145.3457350730896]"
F232013,50,5,0.6,"[13728.948173375677, 174.39651370048523]"
F232013,50,5,0.7,"[13728.948173375677, 203.35569190979004]"
F232013,50,5,0.8,"[13723.473668590232, 232.37581491470337]"
F232013,50,5,0.9,"[13723.473668590232, 261.35428738594055]"
F232013,50,5,1.0,"[13723.473668590232, 290.3500213623047]"
F232013,50,6,0.01,"[14247.966720633021, 2.939784049987793]"
F232013,50,6,0.1,"[14182.144824664603, 29.10091781616211]"
F232013,50,6,0.2,"[14179.390644593694, 58.206429958343506]"
F232013,50,6,0.3,"[14177.207113942175, 87.21594595909119]"
F232013,50,6,0.4,"[14176.04944561554, 116.31345534324646]"
F232013,50,6,0.5,"[14172.175426786182, 145.42296147346497]"
F232013,50,6,0.6,"[14172.175426786182, 174.5188181400299]"
F232013,50,6,0.7,"[14168.81367142141, 203.55790638923645]"
F232013,50,6,0.8,"[14167.033760263026, 232.67452597618103]"
F232013,50,6,0.9,"[14167.033760263026, 261.8157660961151]"
F232013,50,6,1.0,"[14167.033760263026, 290.8737621307373]"
F232013,50,7,0.01,"[10078.611973078208, 2.9388937950134277]"
F232013,50,7,0.1,"[10060.830416330367, 28.926830053329468]"
F232013,50,7,0.2,"[10059.731058983587, 57.86717677116394]"
F232013,50,7,0.3,"[10059.723808695595, 86.77779483795166]"
F232013,50,7,0.4,"[10059.723759213286, 115.7270884513855]"
F232013,50,7,0.5,"[10059.723758878108, 144.6542694568634]"
F232013,50,7,0.6,"[10059.723758876073, 173.59501791000366]"
F232013,50,7,0.7,"[10059.72375887605, 202.43496179580688]"
F232013,50,7,0.8,"[10059.72375887605, 231.26877307891846]"
F232013,50,7,0.9,"[10059.72375887605, 260.07106161117554]"
F232013,50,7,1.0,"[10059.72375887605, 288.8708562850952]"
F232013,50,8,0.01,"[11015.064368218436, 2.934110641479492]"
F232013,50,8,0.1,"[10937.983006805844, 29.1321280002594]"
F232013,50,8,0.2,"[10937.929128113083, 58.202593088150024]"
F232013,50,8,0.3,"[10937.929125779212, 87.2089581489563]"
F232013,50,8,0.4,"[10937.929125779112, 116.25959706306458]"
F232013,50,8,0.5,"[10937.929125779108, 145.26001811027527]"
F232013,50,8,0.6,"[10937.929125779088, 174.32342052459717]"
F232013,50,8,0.7,"[10937.92912577908, 203.34370517730713]"
F232013,50,8,0.8,"[10937.929125779074, 232.67610883712769]"
F232013,50,8,0.9,"[10937.929125779074, 261.6231007575989]"
F232013,50,8,1.0,"[10937.929125779074, 290.4941596984863]"
F232013,50,9,0.01,"[14526.070528898887, 2.9399819374084473]"
F232013,50,9,0.1,"[14448.488629685216, 29.1776921749115]"
F232013,50,9,0.2,"[14443.68667922831, 58.426639795303345]"
F232013,50,9,0.3,"[14431.72156850062, 87.5750241279602]"
F232013,50,9,0.4,"[14431.72156850062, 116.77312684059143]"
F232013,50,9,0.5,"[14431.72156850062, 146.0084366798401]"
F232013,50,9,0.6,"[14431.72156850062, 175.21217274665833]"
F232013,50,9,0.7,"[14431.72156850062, 204.37688422203064]"
F232013,50,9,0.8,"[14431.72156850062, 233.53075122833252]"
F232013,50,9,0.9,"[14431.72156850062, 262.68178701400757]"
F232013,50,9,1.0,"[14429.475897194907, 291.8119204044342]"
F232013,50,10,0.01,"[9816.082705706145, 2.9343013763427734]"
F232013,50,10,0.1,"[9770.665718634804, 28.919041872024536]"
F232013,50,10,0.2,"[9770.157660165127, 57.91646981239319]"
F232013,50,10,0.3,"[9769.944904829259, 86.82521367073059]"
F232013,50,10,0.4,"[9769.617431048739, 115.73601293563843]"
F232013,50,10,0.5,"[9768.868521263377, 144.59709548950195]"
F232013,50,10,0.6,"[9768.20444455867, 173.48239922523499]"
F232013,50,10,0.7,"[9767.857633025505, 202.38265371322632]"
F232013,50,10,0.8,"[9767.857633025505, 231.2570354938507]"
F232013,50,10,0.9,"[9767.857633025505, 260.0989921092987]"
F232013,50,10,1.0,"[9767.857633025505, 288.92409920692444]"
F232013,50,11,0.01,"[13295.867778372554, 2.9201295375823975]"
F232013,50,11,0.1,"[13154.067632383287, 28.933074712753296]"
F232013,50,11,0.2,"[13154.067632383287, 57.85336351394653]"
F232013,50,11,0.3,"[13154.067632383287, 86.83387422561646]"
F232013,50,11,0.4,"[13154.067632383287, 115.74078631401062]"
F232013,50,11,0.5,"[13154.067632383287, 144.52117371559143]"
F232013,50,11,0.6,"[13154.036709425161, 173.3414716720581]"
F232013,50,11,0.7,"[13153.124314312568, 202.22590494155884]"
F232013,50,11,0.8,"[13150.737606298258, 231.06023788452148]"
F232013,50,11,0.9,"[13149.59140057622, 259.779883146286]"
F232013,50,11,1.0,"[13149.59140057622, 288.624315738678]"
F232013,50,12,0.01,"[12893.712899196928, 2.9371938705444336]"
F232013,50,12,0.1,"[12792.766178167216, 29.06011414527893]"
F232013,50,12,0.2,"[12792.766178167216, 58.10041069984436]"
F232013,50,12,0.3,"[12792.766178167216, 87.14362263679504]"
F232013,50,12,0.4,"[12792.766178167216, 116.14983820915222]"
F232013,50,12,0.5,"[12792.379633565077, 145.1558322906494]"
F232013,50,12,0.6,"[12791.343278660845, 174.17258763313293]"
F232013,50,12,0.7,"[12790.236887816363, 203.1237416267395]"
F232013,50,12,0.8,"[12789.604375628272, 232.14952039718628]"
F232013,50,12,0.9,"[12789.09548443698, 261.1230218410492]"
F232013,50,12,1.0,"[12788.632928275787, 290.1804919242859]"
F232013,50,13,0.01,"[14151.770455237409, 3.0476176738739014]"
F232013,50,13,0.1,"[14031.581435671478, 29.0148184299469]"
F232013,50,13,0.2,"[14030.997160096364, 57.91913175582886]"
F232013,50,13,0.3,"[14030.399371433252, 86.7561206817627]"
F232013,50,13,0.4,"[14030.399371433252, 115.58226418495178]"
F232013,50,13,0.5,"[14027.567190203152, 144.38050842285156]"
F232013,50,13,0.6,"[14027.567190203152, 173.22587251663208]"
F232013,50,13,0.7,"[14027.567190203152, 202.0023913383484]"
F232013,50,13,0.8,"[14027.567190203152, 230.7747437953949]"
F232013,50,13,0.9,"[14027.567190203152, 259.5346531867981]"
F232013,50,13,1.0,"[14027.567190203152, 288.30140495300293]"
F232013,50,14,0.01,"[13237.311166962607, 2.928863286972046]"
F232013,50,14,0.1,"[13159.956885868756, 28.982990741729736]"
F232013,50,14,0.2,"[13131.91744869768, 57.954158306121826]"
F232013,50,14,0.3,"[13131.91744869768, 86.91631317138672]"
F232013,50,14,0.4,"[13131.91744869768, 115.83064913749695]"
F232013,50,14,0.5,"[13131.91744869768, 144.70950150489807]"
F232013,50,14,0.6,"[13131.7836136085, 173.6399850845337]"
F232013,50,14,0.7,"[13131.7836136085, 202.59401488304138]"
F232013,50,14,0.8,"[13131.7836136085, 231.54668474197388]"
F232013,50,14,0.9,"[13131.741377516018, 260.4346342086792]"
F232013,50,14,1.0,"[13131.741377516018, 289.38816714286804]"
F232013,50,15,0.01,"[11595.12898874583, 2.920673370361328]"
F232013,50,15,0.1,"[11505.12360248291, 28.94507884979248]"
F232013,50,15,0.2,"[11505.01525987277, 57.85844326019287]"
F232013,50,15,0.3,"[11505.007207100653, 86.70823431015015]"
F232013,50,15,0.4,"[11505.00663488285, 115.60997009277344]"
F232013,50,15,0.5,"[11505.006594377393, 144.43844938278198]"
F232013,50,15,0.6,"[11505.006591506413, 173.31878209114075]"
F232013,50,15,0.7,"[11505.006591301022, 202.13451719284058]"
F232013,50,15,0.8,"[11505.006591286025, 230.96491527557373]"
F232013,50,15,0.9,"[11505.006591285075, 259.790892124176]"
F232013,50,15,1.0,"[11505.006591285019, 288.61465072631836]"
F232013,50,16,0.01,"[12918.440632696116, 2.9971323013305664]"
F232013,50,16,0.1,"[12895.224867645054, 29.041711568832397]"
F232013,50,16,0.2,"[12895.224867645054, 58.03985905647278]"
F232013,50,16,0.3,"[12895.224867645054, 86.96982884407043]"
F232013,50,16,0.4,"[12895.224867645054, 115.96665644645691]"
F232013,50,16,0.5,"[12895.224867645054, 144.9086503982544]"
F232013,50,16,0.6,"[12895.224867645054, 173.90438675880432]"
F232013,50,16,0.7,"[12895.224867645054, 202.82759141921997]"
F232013,50,16,0.8,"[12895.224867645054, 231.79682755470276]"
F232013,50,16,0.9,"[12895.224867645054, 260.70735120773315]"
F232013,50,16,1.0,"[12895.224867645054, 289.65421199798584]"
F232013,50,17,0.01,"[11456.841118719458, 2.937920570373535]"
F232013,50,17,0.1,"[11390.139968461637, 29.084702491760254]"
F232013,50,17,0.2,"[11387.85871892871, 58.16193866729736]"
F232013,50,17,0.3,"[11386.8008198639, 87.15206813812256]"
F232013,50,17,0.4,"[11386.160129555426, 116.23728632926941]"
F232013,50,17,0.5,"[11385.72015932085, 145.26636743545532]"
F232013,50,17,0.6,"[11385.393010156497, 174.37919330596924]"
F232013,50,17,0.7,"[11385.137883622829, 203.44124698638916]"
F232013,50,17,0.8,"[11384.931690193163, 232.51956987380981]"
F232013,50,17,0.9,"[11384.760858564294, 261.57465624809265]"
F232013,50,17,1.0,"[11384.615753902546, 290.69546484947205]"
F232013,50,18,0.01,"[12829.085711261783, 2.975938081741333]"
F232013,50,18,0.1,"[12784.45314570371, 28.936331033706665]"
F232013,50,18,0.2,"[12784.262217553907, 57.87245225906372]"
F232013,50,18,0.3,"[12784.164855910185, 86.76755905151367]"
F232013,50,18,0.4,"[12784.08742089115, 115.6998827457428]"
F232013,50,18,0.5,"[12784.076898339985, 144.55076789855957]"
F232013,50,18,0.6,"[12784.07661453103, 173.45325326919556]"
F232013,50,18,0.7,"[12784.07661453103, 202.3279025554657]"
F232013,50,18,0.8,"[12784.07661453103, 231.17842984199524]"
F232013,50,18,0.9,"[12784.07661453103, 260.0058755874634]"
F232013,50,18,1.0,"[12784.07661453103, 288.86749505996704]"
F232013,50,19,0.01,"[12072.54510042034, 2.910125494003296]"
F232013,50,19,0.1,"[12004.78376569432, 28.77738118171692]"
F232013,50,19,0.2,"[11983.026811226864, 57.57151484489441]"
F232013,50,19,0.3,"[11981.729009768775, 86.28644514083862]"
F232013,50,19,0.4,"[11981.729009768775, 115.07947301864624]"
F232013,50,19,0.5,"[11980.920419914786, 143.7729790210724]"
F232013,50,19,0.6,"[11978.31959557626, 172.51231288909912]"
F232013,50,19,0.7,"[11978.31959557626, 201.25809597969055]"
F232013,50,19,0.8,"[11977.070983835689, 230.03526139259338]"
F232013,50,19,0.9,"[11973.368647177145, 258.69722533226013]"
F232013,50,19,1.0,"[11973.368647177145, 287.4090576171875]"
F232013,50,20,0.01,"[13360.67118487613, 2.984302282333374]"
F232013,50,20,0.1,"[13268.984571122453, 29.063820123672485]"
F232013,50,20,0.2,"[13268.830776269275, 58.05573773384094]"
F232013,50,20,0.3,"[13268.543198592113, 86.99291062355042]"
F232013,50,20,0.4,"[13268.543198592113, 115.93209791183472]"
F232013,50,20,0.5,"[13268.543198592113, 144.80353903770447]"
F232013,50,20,0.6,"[13268.365870875334, 173.65233874320984]"
F232013,50,20,0.7,"[13268.365870875334, 202.52778601646423]"
F232013,50,20,0.8,"[13268.365870875334, 231.38281726837158]"
F232013,50,20,0.9,"[13268.307496002077, 260.1230640411377]"
F232013,50,20,1.0,"[13268.16104283118, 288.903578042984]"
F232013,50,21,0.01,"[14204.195500610345, 2.916412353515625]"
F232013,50,21,0.1,"[14160.312938776102, 28.86008620262146]"
F232013,50,21,0.2,"[14160.312938776102, 57.71739220619202]"
F232013,50,21,0.3,"[14160.312938776102, 86.45739150047302]"
F232013,50,21,0.4,"[14160.312938776102, 115.25601410865784]"
F232013,50,21,0.5,"[14160.312938776102, 144.01951551437378]"
F232013,50,21,0.6,"[14160.312938776102, 172.79988360404968]"
F232013,50,21,0.7,"[14160.312938776102, 201.5392439365387]"
F232013,50,21,0.8,"[14160.312938776102, 230.30580735206604]"
F232013,50,21,0.9,"[14160.312938776102, 258.9858705997467]"
F232013,50,21,1.0,"[14160.312938776102, 287.7019989490509]"
F232013,50,22,0.01,"[14210.327102550047, 2.909524917602539]"
F232013,50,22,0.1,"[14125.347053972093, 28.78243327140808]"
F232013,50,22,0.2,"[14113.08084428331, 57.52799415588379]"
F232013,50,22,0.3,"[14113.08084428331, 86.25242757797241]"
F232013,50,22,0.4,"[14113.08084428331, 114.98706817626953]"
F232013,50,22,0.5,"[14113.08084428331, 143.63418912887573]"
F232013,50,22,0.6,"[14113.08084428331, 172.34460163116455]"
F232013,50,22,0.7,"[14113.08084428331, 201.06591963768005]"
F232013,50,22,0.8,"[14112.488450621522, 229.83805966377258]"
F232013,50,22,0.9,"[14111.404831515632, 258.47675585746765]"
F232013,50,22,1.0,"[14109.590946116623, 287.11356711387634]"
F232013,50,23,0.01,"[13953.825567793943, 2.9199728965759277]"
F232013,50,23,0.1,"[13873.54898658144, 28.90290355682373]"
F232013,50,23,0.2,"[13870.179144886886, 57.758156538009644]"
F232013,50,23,0.3,"[13869.413484731742, 86.51704788208008]"
F232013,50,23,0.4,"[13869.413484731742, 115.2793321609497]"
F232013,50,23,0.5,"[13869.413484731742, 144.04661083221436]"
F232013,50,23,0.6,"[13869.413484731742, 172.80561780929565]"
F232013,50,23,0.7,"[13869.413484731742, 201.61199975013733]"
F232013,50,23,0.8,"[13869.413484731742, 230.45021057128906]"
F232013,50,23,0.9,"[13869.413484731742, 259.1916751861572]"
F232013,50,23,1.0,"[13869.413484731742, 288.0004768371582]"
F232013,50,24,0.01,"[12939.83185995144, 2.9229936599731445]"
F232013,50,24,0.1,"[12788.49518306698, 28.933371543884277]"
F232013,50,24,0.2,"[12776.424771624415, 57.87178587913513]"
F232013,50,24,0.3,"[12771.679187320658, 86.79984974861145]"
F232013,50,24,0.4,"[12768.864085835721, 115.758047580719]"
F232013,50,24,0.5,"[12768.864085835721, 144.6072633266449]"
F232013,50,24,0.6,"[12768.864085835721, 173.4298129081726]"
F232013,50,24,0.7,"[12767.368678515068, 202.23841547966003]"
F232013,50,24,0.8,"[12766.101499948403, 231.0864760875702]"
F232013,50,24,0.9,"[12765.054033320192, 259.8995532989502]"
F232013,50,24,1.0,"[12764.135106245514, 288.76037430763245]"
F232013,50,25,0.01,"[13635.550486874796, 2.9274237155914307]"
F232013,50,25,0.1,"[13492.240757707743, 28.957170963287354]"
F232013,50,25,0.2,"[13491.33228166944, 57.96165323257446]"
F232013,50,25,0.3,"[13486.506167697686, 86.90485572814941]"
F232013,50,25,0.4,"[13486.506167697686, 115.91702485084534]"
F232013,50,25,0.5,"[13486.506167697686, 144.86748242378235]"
F232013,50,25,0.6,"[13486.506167697686, 173.86607003211975]"
F232013,50,25,0.7,"[13486.309149365507, 202.79588079452515]"
F232013,50,25,0.8,"[13485.860717128162, 231.66191124916077]"
F232013,50,25,0.9,"[13485.860717128162, 260.4902775287628]"
F232013,50,25,1.0,"[13485.860717128162, 289.28841757774353]"
F232013,50,26,0.01,"[12708.251929615051, 2.956761598587036]"
F232013,50,26,0.1,"[12662.00242291933, 28.957613706588745]"
F232013,50,26,0.2,"[12652.822118443091, 57.887218713760376]"
F232013,50,26,0.3,"[12646.287807520319, 86.74360275268555]"
F232013,50,26,0.4,"[12646.287807520319, 115.65733623504639]"
F232013,50,26,0.5,"[12642.816813796233, 144.51968145370483]"
F232013,50,26,0.6,"[12639.650798795077, 173.43638515472412]"
F232013,50,26,0.7,"[12637.262013201602, 202.28036832809448]"
F232013,50,26,0.8,"[12634.836269475862, 231.1047704219818]"
F232013,50,26,0.9,"[12634.836269475862, 259.9238233566284]"
F232013,50,26,1.0,"[12634.836269475862, 288.7204637527466]"
F232013,50,27,0.01,"[13589.781481701859, 2.9133999347686768]"
F232013,50,27,0.1,"[13425.65866826755, 28.795917510986328]"
F232013,50,27,0.2,"[13425.136144294034, 57.5260796546936]"
F232013,50,27,0.3,"[13424.957130967938, 86.25110340118408]"
F232013,50,27,0.4,"[13424.872201092921, 115.00214529037476]"
F232013,50,27,0.5,"[13424.829233167007, 143.7284197807312]"
F232013,50,27,0.6,"[13424.807035922688, 172.41179013252258]"
F232013,50,27,0.7,"[13424.795505444015, 201.05852270126343]"
F232013,50,27,0.8,"[13424.789477477263, 229.79285979270935]"
F232013,50,27,0.9,"[13424.786335619367, 258.51561737060547]"
F232013,50,27,1.0,"[13424.784698451933, 287.32247376441956]"
F232013,50,28,0.01,"[11820.020470510146, 2.9729416370391846]"
F232013,50,28,0.1,"[11736.733601661783, 29.143208026885986]"
F232013,50,28,0.2,"[11736.733601661783, 58.26856756210327]"
F232013,50,28,0.3,"[11736.61846356004, 87.37034463882446]"
F232013,50,28,0.4,"[11736.448496813362, 116.48896884918213]"
F232013,50,28,0.5,"[11736.448496813362, 145.4820258617401]"
F232013,50,28,0.6,"[11736.448496813362, 174.55587601661682]"
F232013,50,28,0.7,"[11736.448496813362, 203.53728342056274]"
F232013,50,28,0.8,"[11735.509486095167, 232.58741569519043]"
F232013,50,28,0.9,"[11735.509486095167, 261.72097396850586]"
F232013,50,28,1.0,"[11734.466678488887, 290.79783630371094]"
F232013,50,29,0.01,"[12973.89434169465, 2.9324748516082764]"
F232013,50,29,0.1,"[12907.410409390217, 29.0802059173584]"
F232013,50,29,0.2,"[12907.390485436363, 58.08890986442566]"
F232013,50,29,0.3,"[12907.365510587493, 87.04371523857117]"
F232013,50,29,0.4,"[12907.365510587493, 116.10897326469421]"
F232013,50,29,0.5,"[12907.365510587493, 145.0600504875183]"
F232013,50,29,0.6,"[12907.365510587493, 174.08774423599243]"
F232013,50,29,0.7,"[12907.365510587493, 203.04602599143982]"
F232013,50,29,0.8,"[12907.365510587493, 232.054936170578]"
F232013,50,29,0.9,"[12907.365510587493, 261.03551745414734]"
F232013,50,29,1.0,"[12907.365510587493, 289.9870858192444]"
F232013,50,30,0.01,"[10297.73412913213, 2.933617115020752]"
F232013,50,30,0.1,"[10246.721890933966, 29.015658378601074]"
F232013,50,30,0.2,"[10220.770785925619, 58.04334473609924]"
F232013,50,30,0.3,"[10213.945528510996, 86.9967679977417]"
F232013,50,30,0.4,"[10208.719966226578, 116.11124038696289]"
F232013,50,30,0.5,"[10205.87536446188, 145.1343629360199]"
F232013,50,30,0.6,"[10204.24141807307, 174.15960431098938]"
F232013,50,30,0.7,"[10204.24141807307, 203.12290406227112]"
F232013,50,30,0.8,"[10204.24141807307, 232.114173412323]"
F232013,50,30,0.9,"[10204.24141807307, 261.05626940727234]"
F232013,50,30,1.0,"[10204.24141807307, 290.0128970146179]"
F232013,50,31,0.01,"[12424.212439771582, 2.922333240509033]"
F232013,50,31,0.1,"[12382.909970589191, 28.935946941375732]"
F232013,50,31,0.2,"[12379.642600031608, 57.89990210533142]"
F232013,50,31,0.3,"[12379.642600031608, 86.8513970375061]"
F232013,50,31,0.4,"[12378.61253173489, 115.88844418525696]"
F232013,50,31,0.5,"[12378.437741571808, 144.87282824516296]"
F232013,50,31,0.6,"[12377.337244704657, 173.81033372879028]"
F232013,50,31,0.7,"[12377.337244704657, 202.69588613510132]"
F232013,50,31,0.8,"[12377.274786950966, 231.60560178756714]"
F232013,50,31,0.9,"[12376.648671030212, 260.4855489730835]"
F232013,50,31,1.0,"[12376.648671030212, 289.2695641517639]"
F232013,50,32,0.01,"[13952.114697093108, 2.9310152530670166]"
F232013,50,32,0.1,"[13844.354762883471, 28.99840021133423]"
F232013,50,32,0.2,"[13836.664606860459, 58.03157949447632]"
F232013,50,32,0.3,"[13831.877134696317, 86.9973657131195]"
F232013,50,32,0.4,"[13831.877134696317, 116.01307702064514]"
F232013,50,32,0.5,"[13827.423281293872, 144.98504281044006]"
F232013,50,32,0.6,"[13827.423281293872, 174.01551628112793]"
F232013,50,32,0.7,"[13823.597326070987, 202.99307870864868]"
F232013,50,32,0.8,"[13823.597326070987, 232.2879297733307]"
F232013,50,32,0.9,"[13823.597326070987, 261.2025144100189]"
F232013,50,32,1.0,"[13822.665817609974, 290.2041561603546]"
F232013,50,33,0.01,"[13576.100160312191, 2.938292980194092]"
F232013,50,33,0.1,"[13387.179798772377, 29.060405254364014]"
F232013,50,33,0.2,"[13387.179798772377, 58.1173837184906]"
F232013,50,33,0.3,"[13386.370276067888, 87.29687714576721]"
F232013,50,33,0.4,"[13386.370276067888, 116.37847757339478]"
F232013,50,33,0.5,"[13386.370276067888, 145.3631043434143]"
F232013,50,33,0.6,"[13386.370276067888, 174.38709688186646]"
F232013,50,33,0.7,"[13386.370276067888, 203.31888341903687]"
F232013,50,33,0.8,"[13386.370276067888, 232.3086211681366]"
F232013,50,33,0.9,"[13386.370276067888, 261.27359199523926]"
F232013,50,33,1.0,"[13386.370276067888, 290.2446699142456]"
F232013,50,34,0.01,"[12448.821865290882, 2.9400675296783447]"
F232013,50,34,0.1,"[12403.416358928507, 29.12187170982361]"
F232013,50,34,0.2,"[12401.452861333459, 58.22667217254639]"
F232013,50,34,0.3,"[12401.452861333459, 87.26165318489075]"
F232013,50,34,0.4,"[12401.452861333459, 116.3386161327362]"
F232013,50,34,0.5,"[12400.50078785317, 145.39403009414673]"
F232013,50,34,0.6,"[12399.681128081818, 174.48965573310852]"
F232013,50,34,0.7,"[12399.021706466168, 203.49033904075623]"
F232013,50,34,0.8,"[12398.476145395374, 232.5321135520935]"
F232013,50,34,0.9,"[12398.223307504908, 261.5502436161041]"
F232013,50,34,1.0,"[12398.123039897193, 290.57097721099854]"
F232013,50,35,0.01,"[12712.675995858923, 2.959007740020752]"
F232013,50,35,0.1,"[12691.632078293384, 29.067606210708618]"
F232013,50,35,0.2,"[12691.591462397633, 58.11696934700012]"
F232013,50,35,0.3,"[12691.408581605752, 87.1105477809906]"
F232013,50,35,0.4,"[12691.3024029987, 116.12403917312622]"
F232013,50,35,0.5,"[12691.3024029987, 145.020423412323]"
F232013,50,35,0.6,"[12691.3024029987, 173.92346739768982]"
F232013,50,35,0.7,"[12691.264464470643, 202.77703714370728]"
F232013,50,35,0.8,"[12691.227382121333, 231.6278555393219]"
F232013,50,35,0.9,"[12691.197846208146, 260.46794080734253]"
F232013,50,35,1.0,"[12691.195796130034, 289.3921046257019]"
F232013,50,36,0.01,"[13258.596378409362, 2.9502031803131104]"
F232013,50,36,0.1,"[13186.485937782627, 29.191152572631836]"
F232013,50,36,0.2,"[13180.0682338989, 58.38768553733826]"
F232013,50,36,0.3,"[13180.0682338989, 87.54522395133972]"
F232013,50,36,0.4,"[13179.801621986264, 116.72173261642456]"
F232013,50,36,0.5,"[13178.758986796223, 145.82631635665894]"
F232013,50,36,0.6,"[13178.454258161997, 175.00007319450378]"
F232013,50,36,0.7,"[13178.274329151096, 204.08143424987793]"
F232013,50,36,0.8,"[13178.274329151096, 233.23330426216125]"
F232013,50,36,0.9,"[13178.274329151096, 262.36420488357544]"
F232013,50,36,1.0,"[13177.496858992998, 291.52771496772766]"
F232013,50,37,0.01,"[11083.465714783773, 2.9136531352996826]"
F232013,50,37,0.1,"[11037.806133912822, 28.86146593093872]"
F232013,50,37,0.2,"[11036.01030696772, 57.71755909919739]"
F232013,50,37,0.3,"[11034.696565975999, 86.51403331756592]"
F232013,50,37,0.4,"[11027.549142442369, 115.30779719352722]"
F232013,50,37,0.5,"[11027.549142442369, 144.07953572273254]"
F232013,50,37,0.6,"[11027.549142442369, 172.8635654449463]"
F232013,50,37,0.7,"[11027.549142442369, 201.67106914520264]"
F232013,50,37,0.8,"[11027.549142442369, 230.509840965271]"
F232013,50,37,0.9,"[11027.549142442369, 259.23342967033386]"
F232013,50,37,1.0,"[11027.549142442369, 288.0078692436218]"
F232013,50,38,0.01,"[12077.674233960934, 2.9521000385284424]"
F232013,50,38,0.1,"[11967.955419539492, 29.243794202804565]"
F232013,50,38,0.2,"[11958.031487756447, 58.45689010620117]"
F232013,50,38,0.3,"[11954.47074824542, 87.65938258171082]"
F232013,50,38,0.4,"[11954.47074824542, 116.87584471702576]"
F232013,50,38,0.5,"[11953.331073420466, 146.01038551330566]"
F232013,50,38,0.6,"[11950.327190019407, 175.19040155410767]"
F232013,50,38,0.7,"[11950.327190019407, 204.26886129379272]"
F232013,50,38,0.8,"[11950.327190019407, 233.39311528205872]"
F232013,50,38,0.9,"[11950.327190019407, 262.4811384677887]"
F232013,50,38,1.0,"[11948.27056547494, 291.59123373031616]"
F232013,50,39,0.01,"[14035.684428654964, 3.203958749771118]"
F232013,50,39,0.1,"[13969.62522247267, 31.746610403060913]"
F232013,50,39,0.2,"[13967.68247724757, 63.47995662689209]"
F232013,50,39,0.3,"[13967.518097156371, 95.11580038070679]"
F232013,50,39,0.4,"[13967.518097156371, 126.79897975921631]"
F232013,50,39,0.5,"[13967.518097156371, 158.42129373550415]"
F232013,50,39,0.6,"[13967.518097156371, 190.1430377960205]"
F232013,50,39,0.7,"[13967.518097156371, 221.75954413414001]"
F232013,50,39,0.8,"[13967.518097156371, 253.42904901504517]"
F232013,50,39,0.9,"[13967.518097156371, 285.11013174057007]"
F232013,50,39,1.0,"[13967.475374562537, 314.3810694217682]"
F232013,50,40,0.01,"[14273.65539182111, 2.958275079727173]"
F232013,50,40,0.1,"[14198.60760623988, 29.250559329986572]"
F232013,50,40,0.2,"[14196.312936748325, 58.498101472854614]"
F232013,50,40,0.3,"[14195.07775879835, 87.68371915817261]"
F232013,50,40,0.4,"[14195.07775879835, 116.92688727378845]"
F232013,50,40,0.5,"[14193.182245523036, 146.06497955322266]"
F232013,50,40,0.6,"[14193.182245523036, 175.2620198726654]"
F232013,50,40,0.7,"[14193.182245523036, 204.36511707305908]"
F232013,50,40,0.8,"[14193.182245523036, 233.52555775642395]"
F232013,50,40,0.9,"[14192.9123076588, 262.6600983142853]"
F232013,50,40,1.0,"[14192.9123076588, 291.8749451637268]"
F232013,50,41,0.01,"[12786.554229316946, 2.9298031330108643]"
F232013,50,41,0.1,"[12741.158252972871, 29.078272819519043]"
F232013,50,41,0.2,"[12740.74346593734, 58.13240170478821]"
F232013,50,41,0.3,"[12740.74346593734, 87.15426421165466]"
F232013,50,41,0.4,"[12740.74346593734, 116.16995120048523]"
F232013,50,41,0.5,"[12740.74346593734, 145.14892745018005]"
F232013,50,41,0.6,"[12740.618847366486, 174.169420003891]"
F232013,50,41,0.7,"[12740.618847366486, 203.20531678199768]"
F232013,50,41,0.8,"[12740.618847366486, 232.18542742729187]"
F232013,50,41,0.9,"[12740.60270089248, 261.1232268810272]"
F232013,50,41,1.0,"[12740.60270089248, 290.0791323184967]"
F232013,50,42,0.01,"[14374.992401984908, 2.9204399585723877]"
F232013,50,42,0.1,"[14310.324325986143, 28.95006489753723]"
F232013,50,42,0.2,"[14309.903688891496, 57.915584564208984]"
F232013,50,42,0.3,"[14309.339379856201, 86.83101797103882]"
F232013,50,42,0.4,"[14309.339379856201, 115.83284020423889]"
F232013,50,42,0.5,"[14308.773995182313, 144.80294585227966]"
F232013,50,42,0.6,"[14308.773995182313, 173.79095101356506]"
F232013,50,42,0.7,"[14308.436110000619, 202.68443965911865]"
F232013,50,42,0.8,"[14308.436110000619, 231.64583659172058]"
F232013,50,42,0.9,"[14308.436110000619, 260.58569860458374]"
F232013,50,42,1.0,"[14308.436110000619, 289.5238401889801]"
F232013,50,43,0.01,"[13451.348435856045, 2.9817378520965576]"
F232013,50,43,0.1,"[13350.862896035847, 29.12140989303589]"
F232013,50,43,0.2,"[13350.862896035847, 58.13315391540527]"
F232013,50,43,0.3,"[13350.862896035847, 87.0685031414032]"
F232013,50,43,0.4,"[13350.862896035847, 115.96034026145935]"
F232013,50,43,0.5,"[13350.862896035847, 144.78895807266235]"
F232013,50,43,0.6,"[13350.862896035847, 173.6866433620453]"
F232013,50,43,0.7,"[13350.862896035847, 202.58089566230774]"
F232013,50,43,0.8,"[13350.862896035847, 231.52175951004028]"
F232013,50,43,0.9,"[13350.862896035847, 260.3382251262665]"
F232013,50,43,1.0,"[13350.862896035847, 289.2318205833435]"
F232013,50,44,0.01,"[9728.67673205266, 2.96484637260437]"
F232013,50,44,0.1,"[9651.062132312167, 29.108094215393066]"
F232013,50,44,0.2,"[9649.954867547069, 58.26237463951111]"
F232013,50,44,0.3,"[9649.792179566544, 87.34057927131653]"
F232013,50,44,0.4,"[9649.688860152426, 116.41123843193054]"
F232013,50,44,0.5,"[9649.667733386039, 145.4358949661255]"
F232013,50,44,0.6,"[9649.473130499278, 174.5761435031891]"
F232013,50,44,0.7,"[9649.473130499278, 203.64262294769287]"
F232013,50,44,0.8,"[9649.473130499278, 232.79126524925232]"
F232013,50,44,0.9,"[9649.378408230396, 261.85331320762634]"
F232013,50,44,1.0,"[9649.378408230396, 290.90408849716187]"
F232013,50,45,0.01,"[13638.988797283915, 2.9331789016723633]"
F232013,50,45,0.1,"[13542.183725703055, 29.054977893829346]"
F232013,50,45,0.2,"[13529.095765086968, 58.105788230895996]"
F232013,50,45,0.3,"[13521.771816211429, 87.1257872581482]"
F232013,50,45,0.4,"[13518.799349022986, 116.21897149085999]"
F232013,50,45,0.5,"[13517.127217216219, 145.20137786865234]"
F232013,50,45,0.6,"[13516.690484184102, 174.25319457054138]"
F232013,50,45,0.7,"[13516.690484184102, 203.25602173805237]"
F232013,50,45,0.8,"[13516.690484184102, 232.29900741577148]"
F232013,50,45,0.9,"[13516.690484184102, 261.28813219070435]"
F232013,50,45,1.0,"[13516.50069702711, 290.34402346611023]"
F232013,50,46,0.01,"[14016.04333132374, 2.9273765087127686]"
F232013,50,46,0.1,"[13945.127540591806, 28.980196237564087]"
F232013,50,46,0.2,"[13934.722305425788, 57.93661379814148]"
F232013,50,46,0.3,"[13933.351769928124, 86.80871176719666]"
F232013,50,46,0.4,"[13932.074932088968, 115.81974792480469]"
F232013,50,46,0.5,"[13932.074932088968, 144.8004641532898]"
F232013,50,46,0.6,"[13932.074932088968, 173.8209638595581]"
F232013,50,46,0.7,"[13932.074932088968, 202.7860176563263]"
F232013,50,46,0.8,"[13932.074932088968, 231.7834780216217]"
F232013,50,46,0.9,"[13932.074932088968, 260.71399784088135]"
F232013,50,46,1.0,"[13932.074932088968, 289.6619653701782]"
F232013,50,47,0.01,"[13142.482498032308, 2.921741008758545]"
F232013,50,47,0.1,"[13032.649232013571, 28.926857709884644]"
F232013,50,47,0.2,"[13024.015800949066, 57.87015748023987]"
F232013,50,47,0.3,"[13020.688755032279, 86.78533148765564]"
F232013,50,47,0.4,"[13020.674481914053, 115.76738452911377]"
F232013,50,47,0.5,"[13019.054504190179, 144.6970934867859]"
F232013,50,47,0.6,"[13019.054504190179, 173.67541646957397]"
F232013,50,47,0.7,"[13019.054504190179, 202.57902598381042]"
F232013,50,47,0.8,"[13016.853313960803, 231.47997546195984]"
F232013,50,47,0.9,"[13016.853313960803, 260.3610198497772]"
F232013,50,47,1.0,"[13016.853313960803, 289.26077127456665]"
F232013,50,48,0.01,"[12833.395773886436, 2.9323978424072266]"
F232013,50,48,0.1,"[12743.77146925242, 28.786900520324707]"
F232013,50,48,0.2,"[12743.77146925242, 57.441072940826416]"
F232013,50,48,0.3,"[12743.678312744163, 86.10164499282837]"
F232013,50,48,0.4,"[12743.605974814269, 114.81231927871704]"
F232013,50,48,0.5,"[12743.573052402358, 143.3980689048767]"
F232013,50,48,0.6,"[12743.552697484742, 171.95861959457397]"
F232013,50,48,0.7,"[12743.537563778606, 200.48713302612305]"
F232013,50,48,0.8,"[12743.52500347409, 228.9938404560089]"
F232013,50,48,0.9,"[12743.513982800534, 257.45337104797363]"
F232013,50,48,1.0,"[12743.503995176265, 286.07342982292175]"
F232013,50,49,0.01,"[12771.209233542078, 2.9145286083221436]"
F232013,50,49,0.1,"[12693.33729938872, 28.757896661758423]"
F232013,50,49,0.2,"[12692.91459226813, 57.49095439910889]"
F232013,50,49,0.3,"[12691.113632133542, 86.24654698371887]"
F232013,50,49,0.4,"[12689.40770303964, 115.01691579818726]"
F232013,50,49,0.5,"[12688.48154872518, 143.69355130195618]"
F232013,50,49,0.6,"[12687.545696961994, 172.35110449790955]"
F232013,50,49,0.7,"[12686.727100936696, 201.00087213516235]"
F232013,50,49,0.8,"[12686.174457268198, 229.62104296684265]"
F232013,50,49,0.9,"[12685.856459339699, 258.2105395793915]"
F232013,50,49,1.0,"[12685.560127539098, 286.9711287021637]"
F232013,50,50,0.01,"[11913.178090717853, 2.961008310317993]"
F232013,50,50,0.1,"[11798.869689751333, 29.120994329452515]"
F232013,50,50,0.2,"[11798.68450658248, 58.16068172454834]"
F232013,50,50,0.3,"[11798.68450658248, 87.15310907363892]"
F232013,50,50,0.4,"[11798.68450658248, 116.17222094535828]"
F232013,50,50,0.5,"[11798.68450658248, 145.1349380016327]"
F232013,50,50,0.6,"[11798.68450658248, 174.0920045375824]"
F232013,50,50,0.7,"[11798.68450658248, 203.08536672592163]"
F232013,50,50,0.8,"[11798.68450658248, 232.01176834106445]"
F232013,50,50,0.9,"[11798.267588206398, 260.93167901039124]"
F232013,50,50,1.0,"[11798.095937327524, 290.0419545173645]"
