function,dimension,run,checkpoint,error
F122013,10,0,0.01,"[612.2195181002014, 0.09537577629089355]"
F122013,10,0,0.1,"[607.8532373482901, 0.9459505081176758]"
F122013,10,0,0.2,"[607.8532373482897, 1.8903331756591797]"
F122013,10,0,0.3,"[607.8532373482897, 2.8308186531066895]"
F122013,10,0,0.4,"[607.8532373482897, 3.7745273113250732]"
F122013,10,0,0.5,"[607.8532373482897, 4.714314699172974]"
F122013,10,0,0.6,"[607.8532373482897, 5.652271747589111]"
F122013,10,0,0.7,"[607.8532373482897, 6.589559078216553]"
F122013,10,0,0.8,"[607.8532373482897, 7.52720832824707]"
F122013,10,0,0.9,"[607.8532373482897, 8.460676908493042]"
F122013,10,0,1.0,"[607.8532373482897, 9.396600723266602]"
F122013,10,1,0.01,"[320.4633313383045, 0.09596681594848633]"
F122013,10,1,0.1,"[320.36747257043083, 0.9489836692810059]"
F122013,10,1,0.2,"[320.36747257043083, 1.8972070217132568]"
F122013,10,1,0.3,"[320.36747257043083, 2.8424906730651855]"
F122013,10,1,0.4,"[320.36747257043083, 3.792532205581665]"
F122013,10,1,0.5,"[320.36747257043083, 4.743124723434448]"
F122013,10,1,0.6,"[320.36747257043083, 5.688055753707886]"
F122013,10,1,0.7,"[320.36747257043083, 6.6354827880859375]"
F122013,10,1,0.8,"[320.36747257043083, 7.585906267166138]"
F122013,10,1,0.9,"[320.36747257043083, 8.533188104629517]"
F122013,10,1,1.0,"[320.36747257043083, 9.479191303253174]"
F122013,10,2,0.01,"[250.03125548920087, 0.09480071067810059]"
F122013,10,2,0.1,"[249.72870075856144, 0.9396545886993408]"
F122013,10,2,0.2,"[249.72870075856144, 1.8791003227233887]"
F122013,10,2,0.3,"[249.72870075856144, 2.8186137676239014]"
F122013,10,2,0.4,"[249.72870075856144, 3.763657569885254]"
F122013,10,2,0.5,"[249.72870075856144, 4.709667444229126]"
F122013,10,2,0.6,"[249.72870075856144, 5.658750057220459]"
F122013,10,2,0.7,"[249.72870075856144, 6.602917432785034]"
F122013,10,2,0.8,"[249.72870075856144, 7.550487041473389]"
F122013,10,2,0.9,"[249.72870075856144, 8.498559951782227]"
F122013,10,2,1.0,"[249.72870075856144, 9.447571992874146]"
F122013,10,3,0.01,"[289.9069166607512, 0.09549760818481445]"
F122013,10,3,0.1,"[289.525417378154, 0.9471454620361328]"
F122013,10,3,0.2,"[289.525417378154, 1.8970057964324951]"
F122013,10,3,0.3,"[289.525417378154, 2.8425309658050537]"
F122013,10,3,0.4,"[289.525417378154, 3.793020725250244]"
F122013,10,3,0.5,"[289.525417378154, 4.738082647323608]"
F122013,10,3,0.6,"[289.525417378154, 5.690501928329468]"
F122013,10,3,0.7,"[289.525417378154, 6.640508651733398]"
F122013,10,3,0.8,"[289.525417378154, 7.593157768249512]"
F122013,10,3,0.9,"[289.525417378154, 8.541954517364502]"
F122013,10,3,1.0,"[289.525417378154, 9.493950843811035]"
F122013,10,4,0.01,"[437.26144616649003, 0.09401488304138184]"
F122013,10,4,0.1,"[434.7844121844052, 0.9319331645965576]"
F122013,10,4,0.2,"[434.78441218440514, 1.863166332244873]"
F122013,10,4,0.3,"[434.7844121844051, 2.7940902709960938]"
F122013,10,4,0.4,"[434.7844121844051, 3.7291440963745117]"
F122013,10,4,0.5,"[434.7844121844051, 4.664553880691528]"
F122013,10,4,0.6,"[434.784412184405, 5.600212574005127]"
F122013,10,4,0.7,"[434.784412184405, 6.543743133544922]"
F122013,10,4,0.8,"[434.784412184405, 7.47905707359314]"
F122013,10,4,0.9,"[434.784412184405, 8.414689540863037]"
F122013,10,4,1.0,"[434.784412184405, 9.35048508644104]"
F122013,10,5,0.01,"[541.4266235664963, 0.09612798690795898]"
F122013,10,5,0.1,"[541.4079184750477, 0.9483675956726074]"
F122013,10,5,0.2,"[541.4079184750473, 1.8950364589691162]"
F122013,10,5,0.3,"[541.4079184750473, 2.840193033218384]"
F122013,10,5,0.4,"[541.4079184750473, 3.787958860397339]"
F122013,10,5,0.5,"[541.4079184750473, 4.7306787967681885]"
F122013,10,5,0.6,"[541.4079184750473, 5.673524618148804]"
F122013,10,5,0.7,"[541.4079184750473, 6.617218971252441]"
F122013,10,5,0.8,"[541.4079184750473, 7.559006214141846]"
F122013,10,5,0.9,"[541.4079184750473, 8.499101877212524]"
F122013,10,5,1.0,"[541.4079184750473, 9.443299293518066]"
F122013,10,6,0.01,"[267.9297351179596, 0.09820079803466797]"
F122013,10,6,0.1,"[267.638767674234, 0.9546787738800049]"
F122013,10,6,0.2,"[267.638767674234, 1.9075493812561035]"
F122013,10,6,0.3,"[267.638767674234, 2.8571383953094482]"
F122013,10,6,0.4,"[267.638767674234, 3.813178300857544]"
F122013,10,6,0.5,"[267.638767674234, 4.767362117767334]"
F122013,10,6,0.6,"[267.638767674234, 5.74193000793457]"
F122013,10,6,0.7,"[267.638767674234, 6.694892406463623]"
F122013,10,6,0.8,"[267.638767674234, 7.64732813835144]"
F122013,10,6,0.9,"[267.638767674234, 8.598679542541504]"
F122013,10,6,1.0,"[267.638767674234, 9.554762840270996]"
F122013,10,7,0.01,"[470.59913489290454, 0.09533262252807617]"
F122013,10,7,0.1,"[470.5991255371267, 0.9388768672943115]"
F122013,10,7,0.2,"[470.5991255371267, 1.8803894519805908]"
F122013,10,7,0.3,"[470.5991255371267, 2.821410655975342]"
F122013,10,7,0.4,"[470.5991255371267, 3.762195110321045]"
F122013,10,7,0.5,"[470.5991255371267, 4.702515363693237]"
F122013,10,7,0.6,"[470.5991255371267, 5.643732309341431]"
F122013,10,7,0.7,"[470.5991255371267, 6.583070755004883]"
F122013,10,7,0.8,"[470.5991255371267, 7.5206849575042725]"
F122013,10,7,0.9,"[470.5991255371267, 8.45837664604187]"
F122013,10,7,1.0,"[470.5991255371267, 9.396758556365967]"
F122013,10,8,0.01,"[397.7770022547579, 0.190504789352417]"
F122013,10,8,0.1,"[397.77583921170907, 1.0797011852264404]"
F122013,10,8,0.2,"[397.775839211709, 2.028306484222412]"
F122013,10,8,0.3,"[397.7758392117089, 2.9777791500091553]"
F122013,10,8,0.4,"[397.7758392117089, 3.929919958114624]"
F122013,10,8,0.5,"[397.7758392117087, 4.880664348602295]"
F122013,10,8,0.6,"[397.7758392117087, 5.831504583358765]"
F122013,10,8,0.7,"[397.7758392117087, 6.78028416633606]"
F122013,10,8,0.8,"[397.7758392117087, 7.72894549369812]"
F122013,10,8,0.9,"[397.7758392117087, 8.679992914199829]"
F122013,10,8,1.0,"[397.7758392117087, 9.632671356201172]"
F122013,10,9,0.01,"[373.10197987567034, 0.17364954948425293]"
F122013,10,9,0.1,"[373.0982074754164, 1.030106782913208]"
F122013,10,9,0.2,"[373.0982074754164, 1.9808542728424072]"
F122013,10,9,0.3,"[373.0982074754164, 2.9273948669433594]"
F122013,10,9,0.4,"[373.0982074754164, 3.8772239685058594]"
F122013,10,9,0.5,"[373.0982074754164, 4.824816465377808]"
F122013,10,9,0.6,"[373.0982074754164, 5.772465705871582]"
F122013,10,9,0.7,"[373.0982074754164, 6.726620674133301]"
F122013,10,9,0.8,"[373.0982074754164, 7.670679330825806]"
F122013,10,9,0.9,"[373.0982074754164, 8.70170783996582]"
F122013,10,9,1.0,"[373.0982074754164, 9.649890661239624]"
F122013,10,10,0.01,"[413.08200041216986, 0.14803481101989746]"
F122013,10,10,0.1,"[411.88651962934597, 1.1293370723724365]"
F122013,10,10,0.2,"[411.8865196293459, 2.224222183227539]"
F122013,10,10,0.3,"[411.88651962934574, 3.3136203289031982]"
F122013,10,10,0.4,"[411.88651962934574, 4.408019065856934]"
F122013,10,10,0.5,"[411.88651962934574, 5.4978415966033936]"
F122013,10,10,0.6,"[411.88651962934574, 6.585227727890015]"
F122013,10,10,0.7,"[411.88651962934574, 7.675803899765015]"
F122013,10,10,0.8,"[411.88651962934574, 8.766243696212769]"
F122013,10,10,0.9,"[411.88651962934574, 9.855997800827026]"
F122013,10,10,1.0,"[411.88651962934574, 10.9430251121521]"
F122013,10,11,0.01,"[579.0208669194789, 0.19109034538269043]"
F122013,10,11,0.1,"[579.0161797796118, 1.105694055557251]"
F122013,10,11,0.2,"[579.0161797796117, 2.0508906841278076]"
F122013,10,11,0.3,"[579.0161797796115, 2.994333028793335]"
F122013,10,11,0.4,"[579.0161797796115, 3.9403960704803467]"
F122013,10,11,0.5,"[579.0161797796115, 4.884637117385864]"
F122013,10,11,0.6,"[579.0161797796114, 5.826542377471924]"
F122013,10,11,0.7,"[579.0161797796113, 6.771387815475464]"
F122013,10,11,0.8,"[579.0161797796113, 7.7152488231658936]"
F122013,10,11,0.9,"[579.0161797796113, 8.653324365615845]"
F122013,10,11,1.0,"[579.0161797796113, 9.59384274482727]"
F122013,10,12,0.01,"[644.0966447986777, 0.09643125534057617]"
F122013,10,12,0.1,"[639.6795013649162, 0.9524540901184082]"
F122013,10,12,0.2,"[639.6795013649162, 1.9008607864379883]"
F122013,10,12,0.3,"[639.6795013649162, 2.8467164039611816]"
F122013,10,12,0.4,"[639.6795013649162, 3.793304204940796]"
F122013,10,12,0.5,"[639.6795013649162, 4.741000413894653]"
F122013,10,12,0.6,"[639.6795013649162, 5.691880702972412]"
F122013,10,12,0.7,"[639.6795013649162, 6.6420674324035645]"
F122013,10,12,0.8,"[639.6795013649162, 7.587293386459351]"
F122013,10,12,0.9,"[639.6795013649162, 8.535080671310425]"
F122013,10,12,1.0,"[639.6795013649162, 9.483755826950073]"
F122013,10,13,0.01,"[665.124865303457, 0.09589838981628418]"
F122013,10,13,0.1,"[664.6026502785716, 0.9479861259460449]"
F122013,10,13,0.2,"[664.6026502785704, 1.8952064514160156]"
F122013,10,13,0.3,"[664.6026502785704, 2.840226411819458]"
F122013,10,13,0.4,"[664.6026502785704, 3.7910478115081787]"
F122013,10,13,0.5,"[664.6026502785704, 4.739972829818726]"
F122013,10,13,0.6,"[664.6026502785704, 5.687153100967407]"
F122013,10,13,0.7,"[664.6026502785704, 6.636933326721191]"
F122013,10,13,0.8,"[664.6026502785704, 7.586278200149536]"
F122013,10,13,0.9,"[664.6026502785704, 8.533911228179932]"
F122013,10,13,1.0,"[664.6026502785704, 9.482967376708984]"
F122013,10,14,0.01,"[384.21300666274743, 0.09451723098754883]"
F122013,10,14,0.1,"[384.0338149541773, 0.9579088687896729]"
F122013,10,14,0.2,"[384.0338149541771, 1.892777442932129]"
F122013,10,14,0.3,"[384.0338149541771, 2.822993516921997]"
F122013,10,14,0.4,"[384.0338149541771, 3.7561898231506348]"
F122013,10,14,0.5,"[384.033814954177, 4.690078973770142]"
F122013,10,14,0.6,"[384.033814954177, 5.6267170906066895]"
F122013,10,14,0.7,"[384.033814954177, 6.56566858291626]"
F122013,10,14,0.8,"[384.0338149541769, 7.502505302429199]"
F122013,10,14,0.9,"[384.0338149541769, 8.441106081008911]"
F122013,10,14,1.0,"[384.0338149541769, 9.393920660018921]"
F122013,10,15,0.01,"[534.4965965791718, 0.09511017799377441]"
F122013,10,15,0.1,"[533.2666042704069, 0.9443469047546387]"
F122013,10,15,0.2,"[533.2666042704067, 1.883540391921997]"
F122013,10,15,0.3,"[533.2666042704066, 2.822854995727539]"
F122013,10,15,0.4,"[533.2666042704066, 3.7696969509124756]"
F122013,10,15,0.5,"[533.2666042704066, 4.713099002838135]"
F122013,10,15,0.6,"[533.2666042704066, 5.661945104598999]"
F122013,10,15,0.7,"[533.2666042704066, 6.6055450439453125]"
F122013,10,15,0.8,"[533.2666042704066, 7.548781156539917]"
F122013,10,15,0.9,"[533.2666042704066, 8.49590539932251]"
F122013,10,15,1.0,"[533.2666042704066, 9.443877458572388]"
F122013,10,16,0.01,"[838.1296385426788, 0.1385505199432373]"
F122013,10,16,0.1,"[837.6697496872735, 0.9898324012756348]"
F122013,10,16,0.2,"[837.6697496872735, 1.9382853507995605]"
F122013,10,16,0.3,"[837.6697496872735, 2.882171392440796]"
F122013,10,16,0.4,"[837.6697496872735, 3.830028772354126]"
F122013,10,16,0.5,"[837.6697496872732, 4.774691581726074]"
F122013,10,16,0.6,"[837.6697496872732, 5.722634315490723]"
F122013,10,16,0.7,"[837.6697496872732, 6.670476913452148]"
F122013,10,16,0.8,"[837.6697496872732, 7.618963718414307]"
F122013,10,16,0.9,"[837.6697496872732, 8.564514875411987]"
F122013,10,16,1.0,"[837.6697496872732, 9.511427402496338]"
F122013,10,17,0.01,"[291.52349836814744, 0.09524416923522949]"
F122013,10,17,0.1,"[291.5196047185253, 0.9457099437713623]"
F122013,10,17,0.2,"[291.5173218472218, 1.8868865966796875]"
F122013,10,17,0.3,"[291.51699296970196, 2.827042818069458]"
F122013,10,17,0.4,"[291.5167289548663, 3.771928548812866]"
F122013,10,17,0.5,"[291.5164890956467, 4.721705198287964]"
F122013,10,17,0.6,"[291.5162541493868, 5.671276330947876]"
F122013,10,17,0.7,"[291.51602359739354, 6.621549129486084]"
F122013,10,17,0.8,"[291.5158079058623, 7.572921514511108]"
F122013,10,17,0.9,"[291.5156141586058, 8.526956796646118]"
F122013,10,17,1.0,"[291.51544264122543, 9.4801344871521]"
F122013,10,18,0.01,"[768.0422238367788, 0.09626269340515137]"
F122013,10,18,0.1,"[768.031963325982, 0.9523937702178955]"
F122013,10,18,0.2,"[768.0319633259817, 1.9027583599090576]"
F122013,10,18,0.3,"[768.0319633259817, 2.8461101055145264]"
F122013,10,18,0.4,"[768.0319633259817, 3.792198419570923]"
F122013,10,18,0.5,"[768.0319633259817, 4.741772651672363]"
F122013,10,18,0.6,"[768.0319633259817, 5.691005229949951]"
F122013,10,18,0.7,"[768.0319633259817, 6.6414475440979]"
F122013,10,18,0.8,"[768.0319633259817, 7.591715097427368]"
F122013,10,18,0.9,"[768.0319633259817, 8.540964126586914]"
F122013,10,18,1.0,"[768.0319633259817, 9.491828918457031]"
F122013,10,19,0.01,"[330.4338575850837, 0.0943608283996582]"
F122013,10,19,0.1,"[330.31192148501896, 0.9323720932006836]"
F122013,10,19,0.2,"[330.31192148501896, 1.8603262901306152]"
F122013,10,19,0.3,"[330.3119214850188, 2.789860486984253]"
F122013,10,19,0.4,"[330.3119214850188, 3.7252519130706787]"
F122013,10,19,0.5,"[330.3119214850188, 4.658574104309082]"
F122013,10,19,0.6,"[330.3119214850188, 5.593163728713989]"
F122013,10,19,0.7,"[330.3119214850188, 6.527788162231445]"
F122013,10,19,0.8,"[330.3119214850188, 7.464219808578491]"
F122013,10,19,0.9,"[330.3119214850188, 8.397661447525024]"
F122013,10,19,1.0,"[330.3119214850188, 9.33216905593872]"
F122013,10,20,0.01,"[455.6169460155271, 0.09498333930969238]"
F122013,10,20,0.1,"[454.673300811834, 0.9409582614898682]"
F122013,10,20,0.2,"[454.67330081183377, 1.880614995956421]"
F122013,10,20,0.3,"[454.67330081183377, 2.8148910999298096]"
F122013,10,20,0.4,"[454.67330081183377, 3.7523162364959717]"
F122013,10,20,0.5,"[454.67330081183377, 4.685161113739014]"
F122013,10,20,0.6,"[454.67330081183377, 5.6190595626831055]"
F122013,10,20,0.7,"[454.67330081183377, 6.555215358734131]"
F122013,10,20,0.8,"[454.67330081183377, 7.4915382862091064]"
F122013,10,20,0.9,"[454.67330081183366, 8.42782974243164]"
F122013,10,20,1.0,"[454.67330081183366, 9.366952896118164]"
F122013,10,21,0.01,"[350.4109921121295, 0.09496164321899414]"
F122013,10,21,0.1,"[350.2155233798471, 0.9399685859680176]"
F122013,10,21,0.2,"[350.2155233798471, 1.8801302909851074]"
F122013,10,21,0.3,"[350.2155233798471, 2.8209166526794434]"
F122013,10,21,0.4,"[350.2155233798471, 3.766119956970215]"
F122013,10,21,0.5,"[350.2155233798471, 4.708924055099487]"
F122013,10,21,0.6,"[350.2155233798471, 5.650991201400757]"
F122013,10,21,0.7,"[350.2155233798471, 6.5897815227508545]"
F122013,10,21,0.8,"[350.2155233798471, 7.530932188034058]"
F122013,10,21,0.9,"[350.2155233798471, 8.472683191299438]"
F122013,10,21,1.0,"[350.2155233798471, 9.416106462478638]"
F122013,10,22,0.01,"[681.725970142699, 0.09617161750793457]"
F122013,10,22,0.1,"[681.483418512403, 0.9524538516998291]"
F122013,10,22,0.2,"[681.4834185124029, 1.9040446281433105]"
F122013,10,22,0.3,"[681.4834185124029, 2.852221965789795]"
F122013,10,22,0.4,"[681.4834185124027, 3.7998640537261963]"
F122013,10,22,0.5,"[681.4834185124027, 4.745051860809326]"
F122013,10,22,0.6,"[681.4834185124027, 5.6926984786987305]"
F122013,10,22,0.7,"[681.4834185124027, 6.6401283740997314]"
F122013,10,22,0.8,"[681.4834185124027, 7.588442802429199]"
F122013,10,22,0.9,"[681.4834185124027, 8.537538290023804]"
F122013,10,22,1.0,"[681.4834185124027, 9.487365484237671]"
F122013,10,23,0.01,"[859.5667371895189, 0.09305930137634277]"
F122013,10,23,0.1,"[857.5789754244729, 0.9170966148376465]"
F122013,10,23,0.2,"[857.5789754244729, 1.8307807445526123]"
F122013,10,23,0.3,"[857.5789754244729, 2.741865634918213]"
F122013,10,23,0.4,"[857.5789754244729, 3.658914804458618]"
F122013,10,23,0.5,"[857.5789754244729, 4.570517301559448]"
F122013,10,23,0.6,"[857.5789754244729, 5.484143257141113]"
F122013,10,23,0.7,"[857.5789754244729, 6.398934602737427]"
F122013,10,23,0.8,"[857.5789754244729, 7.3171281814575195]"
F122013,10,23,0.9,"[857.5789754244729, 8.243874073028564]"
F122013,10,23,1.0,"[857.5789754244729, 9.164069414138794]"
F122013,10,24,0.01,"[636.4668431639338, 0.09562182426452637]"
F122013,10,24,0.1,"[633.7345963553158, 0.9459977149963379]"
F122013,10,24,0.2,"[633.7345963553151, 1.8917195796966553]"
F122013,10,24,0.3,"[633.7345963553151, 2.8341853618621826]"
F122013,10,24,0.4,"[633.7345963553151, 3.7808234691619873]"
F122013,10,24,0.5,"[633.7345963553151, 4.724757671356201]"
F122013,10,24,0.6,"[633.7345963553151, 5.670632839202881]"
F122013,10,24,0.7,"[633.734596355315, 6.617412805557251]"
F122013,10,24,0.8,"[633.734596355315, 7.568743705749512]"
F122013,10,24,0.9,"[633.734596355315, 8.519940853118896]"
F122013,10,24,1.0,"[633.734596355315, 9.469911575317383]"
F122013,10,25,0.01,"[357.1893759724031, 0.0958702564239502]"
F122013,10,25,0.1,"[357.18230290857025, 0.9439840316772461]"
F122013,10,25,0.2,"[357.18230290857025, 1.8840465545654297]"
F122013,10,25,0.3,"[357.18230290857025, 2.8235256671905518]"
F122013,10,25,0.4,"[357.18230290857025, 3.7661845684051514]"
F122013,10,25,0.5,"[357.18230290857025, 4.709784507751465]"
F122013,10,25,0.6,"[357.18230290857025, 5.650264024734497]"
F122013,10,25,0.7,"[357.18230290857025, 6.5911924839019775]"
F122013,10,25,0.8,"[357.18230290857025, 7.530072450637817]"
F122013,10,25,0.9,"[357.18230290857025, 8.469669580459595]"
F122013,10,25,1.0,"[357.18230290857025, 9.40999174118042]"
F122013,10,26,0.01,"[275.5977703031787, 0.16509318351745605]"
F122013,10,26,0.1,"[275.597563976171, 1.0105762481689453]"
F122013,10,26,0.2,"[275.597563976171, 1.958045482635498]"
F122013,10,26,0.3,"[275.597563976171, 2.9057705402374268]"
F122013,10,26,0.4,"[275.597563976171, 3.85272216796875]"
F122013,10,26,0.5,"[275.597563976171, 4.796562671661377]"
F122013,10,26,0.6,"[275.597563976171, 5.737854480743408]"
F122013,10,26,0.7,"[275.597563976171, 6.678106307983398]"
F122013,10,26,0.8,"[275.597563976171, 7.61856746673584]"
F122013,10,26,0.9,"[275.597563976171, 8.561538934707642]"
F122013,10,26,1.0,"[275.597563976171, 9.506591796875]"
F122013,10,27,0.01,"[659.1424370199096, 0.18850064277648926]"
F122013,10,27,0.1,"[658.6290720860925, 1.0354161262512207]"
F122013,10,27,0.2,"[658.6287237504177, 1.9794812202453613]"
F122013,10,27,0.3,"[658.6287235575287, 2.916520595550537]"
F122013,10,27,0.4,"[658.6287235574439, 3.857867479324341]"
F122013,10,27,0.5,"[658.6287235574439, 4.79794979095459]"
F122013,10,27,0.6,"[658.6287235574438, 5.740329742431641]"
F122013,10,27,0.7,"[658.6287235574438, 6.684354305267334]"
F122013,10,27,0.8,"[658.6287235574438, 7.628139495849609]"
F122013,10,27,0.9,"[658.6287235574438, 8.57148289680481]"
F122013,10,27,1.0,"[658.6287235574438, 9.515788078308105]"
F122013,10,28,0.01,"[440.77908740434236, 0.1868433952331543]"
F122013,10,28,0.1,"[440.74815105518127, 1.1284620761871338]"
F122013,10,28,0.2,"[440.74815105518127, 2.0675127506256104]"
F122013,10,28,0.3,"[440.74815105518127, 3.0023365020751953]"
F122013,10,28,0.4,"[440.74815105518127, 3.9369170665740967]"
F122013,10,28,0.5,"[440.74815105518127, 4.869657516479492]"
F122013,10,28,0.6,"[440.74815105518115, 5.80207371711731]"
F122013,10,28,0.7,"[440.74815105518115, 6.735226631164551]"
F122013,10,28,0.8,"[440.7481510551811, 7.670233249664307]"
F122013,10,28,0.9,"[440.7481510551811, 8.602375030517578]"
F122013,10,28,1.0,"[440.74815105518104, 9.537452220916748]"
F122013,10,29,0.01,"[744.9856673621628, 0.09548401832580566]"
F122013,10,29,0.1,"[743.1643231675694, 0.9473831653594971]"
F122013,10,29,0.2,"[743.1643231675693, 1.8926827907562256]"
F122013,10,29,0.3,"[743.1643231675691, 2.836534023284912]"
F122013,10,29,0.4,"[743.1643231675691, 3.7843716144561768]"
F122013,10,29,0.5,"[743.1643231675691, 4.731455326080322]"
F122013,10,29,0.6,"[743.1643231675691, 5.677388906478882]"
F122013,10,29,0.7,"[743.1643231675691, 6.624310493469238]"
F122013,10,29,0.8,"[743.1643231675691, 7.574066400527954]"
F122013,10,29,0.9,"[743.1643231675691, 8.524077653884888]"
F122013,10,29,1.0,"[743.1643231675691, 9.476308822631836]"
F122013,10,30,0.01,"[306.4388191835236, 0.13455438613891602]"
F122013,10,30,0.1,"[306.43636474488005, 0.9856419563293457]"
F122013,10,30,0.2,"[306.43636474488005, 1.9340713024139404]"
F122013,10,30,0.3,"[306.43636474488005, 2.8823654651641846]"
F122013,10,30,0.4,"[306.43636474488005, 3.8360507488250732]"
F122013,10,30,0.5,"[306.43636474488005, 4.788223028182983]"
F122013,10,30,0.6,"[306.43636474488005, 5.7413434982299805]"
F122013,10,30,0.7,"[306.43636474488005, 6.691826820373535]"
F122013,10,30,0.8,"[306.43636474488005, 7.6406872272491455]"
F122013,10,30,0.9,"[306.43636474488005, 8.592353343963623]"
F122013,10,30,1.0,"[306.43636474488005, 9.54284119606018]"
F122013,10,31,0.01,"[340.2965572897413, 0.0945429801940918]"
F122013,10,31,0.1,"[340.2661102196688, 0.9374794960021973]"
F122013,10,31,0.2,"[340.2661102196688, 1.8760135173797607]"
F122013,10,31,0.3,"[340.2661102196688, 2.81305193901062]"
F122013,10,31,0.4,"[340.2661102196688, 3.751154661178589]"
F122013,10,31,0.5,"[340.2661102196688, 4.689500331878662]"
F122013,10,31,0.6,"[340.2661102196688, 5.632765769958496]"
F122013,10,31,0.7,"[340.2661102196688, 6.568797826766968]"
F122013,10,31,0.8,"[340.2661102196688, 7.511481523513794]"
F122013,10,31,0.9,"[340.2661102196688, 8.45138692855835]"
F122013,10,31,1.0,"[340.2661102196688, 9.398608684539795]"
F122013,10,32,0.01,"[609.7055830808667, 0.17915987968444824]"
F122013,10,32,0.1,"[605.8966192866778, 1.013157606124878]"
F122013,10,32,0.2,"[605.8966192866775, 1.9413585662841797]"
F122013,10,32,0.3,"[605.8966192866775, 2.8651747703552246]"
F122013,10,32,0.4,"[605.8966192866775, 3.7898921966552734]"
F122013,10,32,0.5,"[605.8966192866775, 4.7094855308532715]"
F122013,10,32,0.6,"[605.8966192866775, 5.633790016174316]"
F122013,10,32,0.7,"[605.8966192866775, 6.553688287734985]"
F122013,10,32,0.8,"[605.8966192866775, 7.476218223571777]"
F122013,10,32,0.9,"[605.8966192866775, 8.398380994796753]"
F122013,10,32,1.0,"[605.8966192866775, 9.322433948516846]"
F122013,10,33,0.01,"[209.29525047201685, 0.1857602596282959]"
F122013,10,33,0.1,"[208.9341815259983, 1.1192317008972168]"
F122013,10,33,0.2,"[208.9341815259983, 2.0567855834960938]"
F122013,10,33,0.3,"[208.9341815259983, 2.9945151805877686]"
F122013,10,33,0.4,"[208.93418152599827, 3.9350335597991943]"
F122013,10,33,0.5,"[208.93418152599827, 4.870971918106079]"
F122013,10,33,0.6,"[208.93418152599827, 5.8071370124816895]"
F122013,10,33,0.7,"[208.93418152599827, 6.741806983947754]"
F122013,10,33,0.8,"[208.93418152599818, 7.673455476760864]"
F122013,10,33,0.9,"[208.93418152599818, 8.601538181304932]"
F122013,10,33,1.0,"[208.93418152599818, 9.532960176467896]"
F122013,10,34,0.01,"[509.39483901113766, 0.09389138221740723]"
F122013,10,34,0.1,"[509.39334106677177, 0.9280939102172852]"
F122013,10,34,0.2,"[509.39334106677177, 1.8628036975860596]"
F122013,10,34,0.3,"[509.3933410667717, 2.796626091003418]"
F122013,10,34,0.4,"[509.3933410667717, 3.732421636581421]"
F122013,10,34,0.5,"[509.39334106677165, 4.663135528564453]"
F122013,10,34,0.6,"[509.39334106677165, 5.592561483383179]"
F122013,10,34,0.7,"[509.39334106677165, 6.522320985794067]"
F122013,10,34,0.8,"[509.39334106677165, 7.455885410308838]"
F122013,10,34,0.9,"[509.39334106677165, 8.386019468307495]"
F122013,10,34,1.0,"[509.39334106677165, 9.319281101226807]"
F122013,10,35,0.01,"[413.2382286751426, 0.0940256118774414]"
F122013,10,35,0.1,"[412.8910668011037, 0.92889404296875]"
F122013,10,35,0.2,"[412.8910668011037, 1.8548004627227783]"
F122013,10,35,0.3,"[412.8910668011037, 2.778933525085449]"
F122013,10,35,0.4,"[412.8910668011037, 3.706357955932617]"
F122013,10,35,0.5,"[412.8910668011037, 4.633105754852295]"
F122013,10,35,0.6,"[412.8910668011037, 5.560030698776245]"
F122013,10,35,0.7,"[412.8910668011037, 6.487247467041016]"
F122013,10,35,0.8,"[412.8910668011037, 7.41594934463501]"
F122013,10,35,0.9,"[412.8910668011037, 8.343276977539062]"
F122013,10,35,1.0,"[412.8910668011037, 9.272622346878052]"
F122013,10,36,0.01,"[426.06030886219594, 0.09425139427185059]"
F122013,10,36,0.1,"[424.8318656891051, 0.9302651882171631]"
F122013,10,36,0.2,"[424.8318656891051, 1.8628559112548828]"
F122013,10,36,0.3,"[424.8318656891051, 2.792935371398926]"
F122013,10,36,0.4,"[424.8318656891049, 3.730602979660034]"
F122013,10,36,0.5,"[424.8318656891049, 4.675537347793579]"
F122013,10,36,0.6,"[424.8318656891049, 5.614013195037842]"
F122013,10,36,0.7,"[424.8318656891049, 6.551829099655151]"
F122013,10,36,0.8,"[424.8318656891049, 7.491786479949951]"
F122013,10,36,0.9,"[424.8318656891049, 8.428971529006958]"
F122013,10,36,1.0,"[424.8318656891049, 9.367045640945435]"
F122013,10,37,0.01,"[583.4274032366873, 0.18323016166687012]"
F122013,10,37,0.1,"[580.0228378184195, 1.0711777210235596]"
F122013,10,37,0.2,"[580.0228378184195, 2.000124931335449]"
F122013,10,37,0.3,"[580.0228378184195, 2.9242727756500244]"
F122013,10,37,0.4,"[580.0228378184195, 3.855788230895996]"
F122013,10,37,0.5,"[580.0228378184195, 4.7851033210754395]"
F122013,10,37,0.6,"[580.0228378184195, 5.7186808586120605]"
F122013,10,37,0.7,"[580.0228378184195, 6.655602693557739]"
F122013,10,37,0.8,"[580.0228378184195, 7.594731092453003]"
F122013,10,37,0.9,"[580.0228378184195, 8.529646158218384]"
F122013,10,37,1.0,"[580.0228378184195, 9.46744155883789]"
F122013,10,38,0.01,"[360.73082939930543, 0.15472674369812012]"
F122013,10,38,0.1,"[359.16098280764396, 0.984487771987915]"
F122013,10,38,0.2,"[359.1609828076424, 1.9058520793914795]"
F122013,10,38,0.3,"[359.1609828076424, 2.8227195739746094]"
F122013,10,38,0.4,"[359.1609828076424, 3.741644859313965]"
F122013,10,38,0.5,"[359.16098280764237, 4.659367561340332]"
F122013,10,38,0.6,"[359.16098280764237, 5.57750678062439]"
F122013,10,38,0.7,"[359.16098280764237, 6.490942001342773]"
F122013,10,38,0.8,"[359.16098280764237, 7.405533313751221]"
F122013,10,38,0.9,"[359.16098280764237, 8.315913915634155]"
F122013,10,38,1.0,"[359.16098280764237, 9.228415966033936]"
F122013,10,39,0.01,"[130.3815267796322, 0.18478941917419434]"
F122013,10,39,0.1,"[130.33799204631822, 1.0651140213012695]"
F122013,10,39,0.2,"[130.33799204631822, 2.0119550228118896]"
F122013,10,39,0.3,"[130.33799204631822, 2.9538462162017822]"
F122013,10,39,0.4,"[130.33799204631822, 3.8962719440460205]"
F122013,10,39,0.5,"[130.33799204631822, 4.835502624511719]"
F122013,10,39,0.6,"[130.33799204631822, 5.775474309921265]"
F122013,10,39,0.7,"[130.33799204631822, 6.715290307998657]"
F122013,10,39,0.8,"[130.33799204631822, 7.653111696243286]"
F122013,10,39,0.9,"[130.33799204631822, 8.593191862106323]"
F122013,10,39,1.0,"[130.33799204631822, 9.535423755645752]"
F122013,10,40,0.01,"[203.96271884939347, 0.16257381439208984]"
F122013,10,40,0.1,"[203.96245784302639, 1.014359712600708]"
F122013,10,40,0.2,"[203.96245784302639, 1.9612655639648438]"
F122013,10,40,0.3,"[203.96245784302639, 2.909911632537842]"
F122013,10,40,0.4,"[203.96245784302639, 3.8615453243255615]"
F122013,10,40,0.5,"[203.96245784302639, 4.809956789016724]"
F122013,10,40,0.6,"[203.96245784302639, 5.75955867767334]"
F122013,10,40,0.7,"[203.96245784302639, 6.705009460449219]"
F122013,10,40,0.8,"[203.96245784302639, 7.649343729019165]"
F122013,10,40,0.9,"[203.96245784302639, 8.594688415527344]"
F122013,10,40,1.0,"[203.96245784302639, 9.541550159454346]"
F122013,10,41,0.01,"[1031.1844762795658, 0.1715865135192871]"
F122013,10,41,0.1,"[1028.6015436797788, 0.9998428821563721]"
F122013,10,41,0.2,"[1028.6015436667108, 1.9243226051330566]"
F122013,10,41,0.3,"[1028.6015436667108, 2.8449347019195557]"
F122013,10,41,0.4,"[1028.6015436667108, 3.767169713973999]"
F122013,10,41,0.5,"[1028.6015436667108, 4.689208507537842]"
F122013,10,41,0.6,"[1028.6015436667108, 5.611406326293945]"
F122013,10,41,0.7,"[1028.6015436667108, 6.553616762161255]"
F122013,10,41,0.8,"[1028.6015436667108, 7.510919094085693]"
F122013,10,41,0.9,"[1028.6015436667108, 8.438551664352417]"
F122013,10,41,1.0,"[1028.6015436667108, 9.36360788345337]"
F122013,10,42,0.01,"[394.8996720335841, 0.11949706077575684]"
F122013,10,42,0.1,"[381.0528701499952, 0.96055006980896]"
F122013,10,42,0.2,"[381.0528701499951, 1.892195224761963]"
F122013,10,42,0.3,"[381.0528701499949, 2.8248560428619385]"
F122013,10,42,0.4,"[381.0528701499949, 3.760850667953491]"
F122013,10,42,0.5,"[381.0528701499949, 4.696135997772217]"
F122013,10,42,0.6,"[381.0528701499949, 5.631302118301392]"
F122013,10,42,0.7,"[381.05287014999465, 6.564728260040283]"
F122013,10,42,0.8,"[381.05287014999465, 7.489522695541382]"
F122013,10,42,0.9,"[381.05287014999465, 8.41162633895874]"
F122013,10,42,1.0,"[381.05287014999465, 9.335466623306274]"
F122013,10,43,0.01,"[197.1384939961593, 0.10550880432128906]"
F122013,10,43,0.1,"[196.99793025029794, 0.9428493976593018]"
F122013,10,43,0.2,"[196.99793025029794, 1.8751542568206787]"
F122013,10,43,0.3,"[196.99793025029794, 2.8051199913024902]"
F122013,10,43,0.4,"[196.99793025029794, 3.7352426052093506]"
F122013,10,43,0.5,"[196.99793025029788, 4.663223743438721]"
F122013,10,43,0.6,"[196.99793025029788, 5.5915467739105225]"
F122013,10,43,0.7,"[196.99793025029788, 6.52274489402771]"
F122013,10,43,0.8,"[196.99793025029788, 7.453448057174683]"
F122013,10,43,0.9,"[196.99793025029788, 8.384741067886353]"
F122013,10,43,1.0,"[196.99793025029788, 9.316536903381348]"
F122013,10,44,0.01,"[345.24534604128087, 0.09330058097839355]"
F122013,10,44,0.1,"[345.2427157219443, 0.9204103946685791]"
F122013,10,44,0.2,"[345.24271572194425, 1.8431568145751953]"
F122013,10,44,0.3,"[345.24271572194425, 2.7629599571228027]"
F122013,10,44,0.4,"[345.24271572194425, 3.684574604034424]"
F122013,10,44,0.5,"[345.24271572194425, 4.606990337371826]"
F122013,10,44,0.6,"[345.24271572194425, 5.553968191146851]"
F122013,10,44,0.7,"[345.24271572194425, 6.4719531536102295]"
F122013,10,44,0.8,"[345.24271572194425, 7.392914533615112]"
F122013,10,44,0.9,"[345.24271572194425, 8.320531129837036]"
F122013,10,44,1.0,"[345.24271572194425, 9.268487691879272]"
F122013,10,45,0.01,"[708.5702394565769, 0.18352866172790527]"
F122013,10,45,0.1,"[708.3535257182807, 1.0108134746551514]"
F122013,10,45,0.2,"[708.3535257182805, 1.9308929443359375]"
F122013,10,45,0.3,"[708.3535257182805, 2.8485732078552246]"
F122013,10,45,0.4,"[708.3535257182805, 3.7685420513153076]"
F122013,10,45,0.5,"[708.3535257182805, 4.6858885288238525]"
F122013,10,45,0.6,"[708.3535257182805, 5.602930545806885]"
F122013,10,45,0.7,"[708.3535257182805, 6.51652717590332]"
F122013,10,45,0.8,"[708.3535257182805, 7.431888818740845]"
F122013,10,45,0.9,"[708.3535257182805, 8.347164392471313]"
F122013,10,45,1.0,"[708.3535257182805, 9.26477336883545]"
F122013,10,46,0.01,"[674.6741819340245, 0.18739819526672363]"
F122013,10,46,0.1,"[673.5476151656455, 1.1411082744598389]"
F122013,10,46,0.2,"[673.5476151656451, 2.0516247749328613]"
F122013,10,46,0.3,"[673.5476151656451, 2.9662044048309326]"
F122013,10,46,0.4,"[673.5476151656451, 3.878298759460449]"
F122013,10,46,0.5,"[673.5476151656451, 4.792518854141235]"
F122013,10,46,0.6,"[673.5476151656451, 5.706039905548096]"
F122013,10,46,0.7,"[673.5476151656451, 6.61875319480896]"
F122013,10,46,0.8,"[673.5476151656451, 7.530536890029907]"
F122013,10,46,0.9,"[673.5476151656451, 8.440847158432007]"
F122013,10,46,1.0,"[673.5476151656451, 9.352999448776245]"
F122013,10,47,0.01,"[491.4689199927168, 0.18006110191345215]"
F122013,10,47,0.1,"[491.44668267749796, 1.1420040130615234]"
F122013,10,47,0.2,"[491.44668267749796, 2.054109811782837]"
F122013,10,47,0.3,"[491.44668267749796, 2.9650630950927734]"
F122013,10,47,0.4,"[491.44668267749796, 3.881312847137451]"
F122013,10,47,0.5,"[491.44668267749796, 4.79572319984436]"
F122013,10,47,0.6,"[491.44668267749796, 5.710902214050293]"
F122013,10,47,0.7,"[491.44668267749796, 6.626950025558472]"
F122013,10,47,0.8,"[491.44668267749796, 7.54587459564209]"
F122013,10,47,0.9,"[491.44668267749796, 8.464452743530273]"
F122013,10,47,1.0,"[491.44668267749796, 9.383778810501099]"
F122013,10,48,0.01,"[336.28674968485115, 0.09227395057678223]"
F122013,10,48,0.1,"[336.2860389065639, 0.9126484394073486]"
F122013,10,48,0.2,"[336.2860389065639, 1.8226032257080078]"
F122013,10,48,0.3,"[336.2860389065639, 2.73227858543396]"
F122013,10,48,0.4,"[336.2860389065639, 3.6483447551727295]"
F122013,10,48,0.5,"[336.2860389065639, 4.560442209243774]"
F122013,10,48,0.6,"[336.2860389065639, 5.470779657363892]"
F122013,10,48,0.7,"[336.2860389065639, 6.382058382034302]"
F122013,10,48,0.8,"[336.2860389065639, 7.29641318321228]"
F122013,10,48,0.9,"[336.2860389065639, 8.213565826416016]"
F122013,10,48,1.0,"[336.2860389065639, 9.130476474761963]"
F122013,10,49,0.01,"[976.5445586133735, 0.09316349029541016]"
F122013,10,49,0.1,"[973.87455280652, 0.9228672981262207]"
F122013,10,49,0.2,"[973.8745528047605, 1.842644214630127]"
F122013,10,49,0.3,"[973.8745528047602, 2.76438570022583]"
F122013,10,49,0.4,"[973.8745528047602, 3.6918373107910156]"
F122013,10,49,0.5,"[973.8745528047602, 4.6188600063323975]"
F122013,10,49,0.6,"[973.8745528047602, 5.543161392211914]"
F122013,10,49,0.7,"[973.8745528047602, 6.468365669250488]"
F122013,10,49,0.8,"[973.8745528047602, 7.3943932056427]"
F122013,10,49,0.9,"[973.8745528047602, 8.322300910949707]"
F122013,10,49,1.0,"[973.8745528047602, 9.249975204467773]"
F122013,10,50,0.01,"[1065.5058141072152, 0.09248208999633789]"
F122013,10,50,0.1,"[1061.4737290989872, 0.9153642654418945]"
F122013,10,50,0.2,"[1061.4737290818064, 1.8294706344604492]"
F122013,10,50,0.3,"[1061.4737290818064, 2.7429699897766113]"
F122013,10,50,0.4,"[1061.4737290818064, 3.662000894546509]"
F122013,10,50,0.5,"[1061.4737290818064, 4.580716848373413]"
F122013,10,50,0.6,"[1061.4737290818064, 5.494588851928711]"
F122013,10,50,0.7,"[1061.4737290818064, 6.4120659828186035]"
F122013,10,50,0.8,"[1061.4737290818064, 7.330365419387817]"
F122013,10,50,0.9,"[1061.4737290818064, 8.252516746520996]"
F122013,10,50,1.0,"[1061.4737290818064, 9.173539638519287]"
F122013,30,0,0.01,"[1157.2484664385727, 0.3153655529022217]"
F122013,30,0,0.1,"[1143.1639404149228, 3.034649610519409]"
F122013,30,0,0.2,"[1143.1639404148693, 6.057201862335205]"
F122013,30,0,0.3,"[1143.1639404148686, 9.071022987365723]"
F122013,30,0,0.4,"[1143.1639404148686, 12.075939416885376]"
F122013,30,0,0.5,"[1143.1639404148684, 15.081907987594604]"
F122013,30,0,0.6,"[1143.1639404148684, 18.0736243724823]"
F122013,30,0,0.7,"[1143.1639404148684, 21.075533390045166]"
F122013,30,0,0.8,"[1143.1639404148684, 24.06622624397278]"
F122013,30,0,0.9,"[1143.1639404148684, 27.05767297744751]"
F122013,30,0,1.0,"[1143.1639404148684, 30.051783561706543]"
F122013,30,1,0.01,"[2758.930285354685, 0.3265366554260254]"
F122013,30,1,0.1,"[2740.1901867197116, 3.0535690784454346]"
F122013,30,1,0.2,"[2740.1901867196952, 6.075078964233398]"
F122013,30,1,0.3,"[2740.1901867196952, 9.098738431930542]"
F122013,30,1,0.4,"[2740.1901867196952, 12.11112117767334]"
F122013,30,1,0.5,"[2740.1901867196952, 15.134565353393555]"
F122013,30,1,0.6,"[2740.1901867196952, 18.143325805664062]"
F122013,30,1,0.7,"[2740.1901867196952, 21.15606451034546]"
F122013,30,1,0.8,"[2740.1901867196952, 24.165368795394897]"
F122013,30,1,0.9,"[2740.1901867196952, 27.174672842025757]"
F122013,30,1,1.0,"[2740.1901867196952, 30.18408203125]"
F122013,30,2,0.01,"[1806.3031280699577, 0.30300426483154297]"
F122013,30,2,0.1,"[1783.8233081767626, 3.0095107555389404]"
F122013,30,2,0.2,"[1783.823308176757, 6.000687122344971]"
F122013,30,2,0.3,"[1783.8233081767562, 9.003132104873657]"
F122013,30,2,0.4,"[1783.8233081767562, 12.010698795318604]"
F122013,30,2,0.5,"[1783.8233081767562, 15.021735429763794]"
F122013,30,2,0.6,"[1783.8233081767557, 18.017858505249023]"
F122013,30,2,0.7,"[1783.8233081767557, 21.013800144195557]"
F122013,30,2,0.8,"[1783.8233081767557, 24.005072832107544]"
F122013,30,2,0.9,"[1783.8233081767557, 26.994011402130127]"
F122013,30,2,1.0,"[1783.8233081767557, 29.99231767654419]"
F122013,30,3,0.01,"[2017.8766252949308, 0.3041718006134033]"
F122013,30,3,0.1,"[2009.0419535196158, 3.0240166187286377]"
F122013,30,3,0.2,"[2009.0419535196143, 6.039752006530762]"
F122013,30,3,0.3,"[2009.0419535196143, 9.05951476097107]"
F122013,30,3,0.4,"[2009.0419535196143, 12.06643009185791]"
F122013,30,3,0.5,"[2009.0419535196143, 15.084465742111206]"
F122013,30,3,0.6,"[2009.0419535196136, 18.089704990386963]"
F122013,30,3,0.7,"[2009.0419535196136, 21.106383085250854]"
F122013,30,3,0.8,"[2009.0419535196136, 24.116718769073486]"
F122013,30,3,0.9,"[2009.0419535196136, 27.12894582748413]"
F122013,30,3,1.0,"[2009.0419535196136, 30.135700702667236]"
F122013,30,4,0.01,"[1255.3132567308912, 0.3017463684082031]"
F122013,30,4,0.1,"[1242.6021310618034, 2.9944019317626953]"
F122013,30,4,0.2,"[1242.602131061461, 5.984208106994629]"
F122013,30,4,0.3,"[1242.602131061461, 8.98007082939148]"
F122013,30,4,0.4,"[1242.602131061461, 11.95363450050354]"
F122013,30,4,0.5,"[1242.602131061461, 14.965373277664185]"
F122013,30,4,0.6,"[1242.602131061461, 17.940882682800293]"
F122013,30,4,0.7,"[1242.602131061461, 20.923973560333252]"
F122013,30,4,0.8,"[1242.602131061461, 23.89992117881775]"
F122013,30,4,0.9,"[1242.602131061461, 26.873852729797363]"
F122013,30,4,1.0,"[1242.602131061461, 29.846909999847412]"
F122013,30,5,0.01,"[2303.7581818111394, 0.30849385261535645]"
F122013,30,5,0.1,"[2289.2423799849726, 2.9903461933135986]"
F122013,30,5,0.2,"[2289.2423799849666, 5.959639549255371]"
F122013,30,5,0.3,"[2289.2423799849666, 8.93373417854309]"
F122013,30,5,0.4,"[2289.2423799849666, 11.887467384338379]"
F122013,30,5,0.5,"[2289.2423799849666, 14.850276708602905]"
F122013,30,5,0.6,"[2289.2423799849666, 17.791890382766724]"
F122013,30,5,0.7,"[2289.2423799849666, 20.74890947341919]"
F122013,30,5,0.8,"[2289.2423799849666, 23.70243263244629]"
F122013,30,5,0.9,"[2289.2423799849666, 26.655887842178345]"
F122013,30,5,1.0,"[2289.2423799849666, 29.617928504943848]"
F122013,30,6,0.01,"[1634.742090195797, 0.31604480743408203]"
F122013,30,6,0.1,"[1621.6953901374914, 3.002056837081909]"
F122013,30,6,0.2,"[1621.695390137471, 5.9772584438323975]"
F122013,30,6,0.3,"[1621.695390137471, 8.949153423309326]"
F122013,30,6,0.4,"[1621.695390137471, 11.905542135238647]"
F122013,30,6,0.5,"[1621.695390137471, 14.88420581817627]"
F122013,30,6,0.6,"[1621.69539013747, 17.846259593963623]"
F122013,30,6,0.7,"[1621.695390137469, 20.808506965637207]"
F122013,30,6,0.8,"[1621.695390137469, 23.764376163482666]"
F122013,30,6,0.9,"[1621.695390137469, 26.725279092788696]"
F122013,30,6,1.0,"[1621.695390137469, 29.695987939834595]"
F122013,30,7,0.01,"[1376.454010995677, 0.3209540843963623]"
F122013,30,7,0.1,"[1373.9780548694366, 3.007218837738037]"
F122013,30,7,0.2,"[1373.9780548694346, 5.978379011154175]"
F122013,30,7,0.3,"[1373.9780548694346, 8.950299501419067]"
F122013,30,7,0.4,"[1373.978054869434, 11.91853141784668]"
F122013,30,7,0.5,"[1373.978054869434, 14.891298055648804]"
F122013,30,7,0.6,"[1373.978054869434, 17.849545001983643]"
F122013,30,7,0.7,"[1373.978054869434, 20.82068181037903]"
F122013,30,7,0.8,"[1373.978054869434, 23.772061586380005]"
F122013,30,7,0.9,"[1373.978054869434, 26.731234312057495]"
F122013,30,7,1.0,"[1373.978054869434, 29.69154405593872]"
F122013,30,8,0.01,"[3090.6724617731775, 0.33669590950012207]"
F122013,30,8,0.1,"[3063.1395330121068, 3.013324737548828]"
F122013,30,8,0.2,"[3063.1395051100103, 5.992401838302612]"
F122013,30,8,0.3,"[3063.1395051100085, 8.959819555282593]"
F122013,30,8,0.4,"[3063.1395051100076, 11.917158842086792]"
F122013,30,8,0.5,"[3063.139505110006, 14.885314226150513]"
F122013,30,8,0.6,"[3063.139505110006, 17.842094659805298]"
F122013,30,8,0.7,"[3063.139505110006, 20.803799152374268]"
F122013,30,8,0.8,"[3063.139505110006, 23.750671863555908]"
F122013,30,8,0.9,"[3063.1395051100053, 26.710190773010254]"
F122013,30,8,1.0,"[3063.1395051100053, 29.670803546905518]"
F122013,30,9,0.01,"[1464.4201935887277, 0.3035390377044678]"
F122013,30,9,0.1,"[1457.5197811105043, 3.010373830795288]"
F122013,30,9,0.2,"[1457.5197811105022, 6.016333818435669]"
F122013,30,9,0.3,"[1457.519781110499, 9.018185377120972]"
F122013,30,9,0.4,"[1457.519781110499, 12.021056652069092]"
F122013,30,9,0.5,"[1457.519781110499, 15.027703762054443]"
F122013,30,9,0.6,"[1457.519781110499, 18.023957014083862]"
F122013,30,9,0.7,"[1457.519781110499, 21.02410387992859]"
F122013,30,9,0.8,"[1457.519781110499, 24.00823187828064]"
F122013,30,9,0.9,"[1457.519781110499, 26.99443817138672]"
F122013,30,9,1.0,"[1457.519781110499, 29.97254991531372]"
F122013,30,10,0.01,"[1200.3971592544613, 0.3007314205169678]"
F122013,30,10,0.1,"[1186.9414003894829, 3.0015130043029785]"
F122013,30,10,0.2,"[1186.9414003894829, 5.999216318130493]"
F122013,30,10,0.3,"[1186.9414003894829, 8.99525761604309]"
F122013,30,10,0.4,"[1186.9414003894829, 11.991677045822144]"
F122013,30,10,0.5,"[1186.9414003894829, 14.96273422241211]"
F122013,30,10,0.6,"[1186.9414003894829, 17.95242738723755]"
F122013,30,10,0.7,"[1186.9414003894829, 20.9447820186615]"
F122013,30,10,0.8,"[1186.9414003894829, 23.928093910217285]"
F122013,30,10,0.9,"[1186.9414003894829, 26.910224199295044]"
F122013,30,10,1.0,"[1186.9414003894829, 29.889410734176636]"
F122013,30,11,0.01,"[1225.4143762732983, 0.29921960830688477]"
F122013,30,11,0.1,"[1221.7123963893266, 2.9864022731781006]"
F122013,30,11,0.2,"[1221.7123963595818, 5.964897871017456]"
F122013,30,11,0.3,"[1221.7123963595805, 8.939221620559692]"
F122013,30,11,0.4,"[1221.7123963595805, 11.918037414550781]"
F122013,30,11,0.5,"[1221.7123963595802, 14.90152382850647]"
F122013,30,11,0.6,"[1221.7123963595802, 17.87837815284729]"
F122013,30,11,0.7,"[1221.7123963595802, 20.84283208847046]"
F122013,30,11,0.8,"[1221.7123963595802, 23.81200075149536]"
F122013,30,11,0.9,"[1221.7123963595802, 26.781245470046997]"
F122013,30,11,1.0,"[1221.7123963595798, 29.764256477355957]"
F122013,30,12,0.01,"[2512.0060900169274, 0.3322584629058838]"
F122013,30,12,0.1,"[2494.0834358344923, 3.0224361419677734]"
F122013,30,12,0.2,"[2494.0834358258867, 6.014261960983276]"
F122013,30,12,0.3,"[2494.0834358258867, 9.006096124649048]"
F122013,30,12,0.4,"[2494.0834358258867, 11.988638162612915]"
F122013,30,12,0.5,"[2494.0834358258867, 14.978827476501465]"
F122013,30,12,0.6,"[2494.083435825886, 17.954554319381714]"
F122013,30,12,0.7,"[2494.083435825886, 20.940457820892334]"
F122013,30,12,0.8,"[2494.083435825886, 23.92852520942688]"
F122013,30,12,0.9,"[2494.083435825886, 26.91944408416748]"
F122013,30,12,1.0,"[2494.083435825886, 29.909513235092163]"
F122013,30,13,0.01,"[1911.3231446319521, 0.32612180709838867]"
F122013,30,13,0.1,"[1907.1835542067222, 3.0275988578796387]"
F122013,30,13,0.2,"[1907.1835542067222, 6.00482702255249]"
F122013,30,13,0.3,"[1907.183554206722, 8.987083435058594]"
F122013,30,13,0.4,"[1907.183554206722, 11.95993709564209]"
F122013,30,13,0.5,"[1907.183554206722, 14.946568489074707]"
F122013,30,13,0.6,"[1907.183554206722, 17.94888663291931]"
F122013,30,13,0.7,"[1907.1835542067217, 20.9299578666687]"
F122013,30,13,0.8,"[1907.1835542067215, 23.913073301315308]"
F122013,30,13,0.9,"[1907.183554206721, 26.890439748764038]"
F122013,30,13,1.0,"[1907.183554206721, 29.87677836418152]"
F122013,30,14,0.01,"[1242.3540143802325, 0.29912590980529785]"
F122013,30,14,0.1,"[1230.453461241988, 2.975078821182251]"
F122013,30,14,0.2,"[1230.453461241988, 5.9486353397369385]"
F122013,30,14,0.3,"[1230.453461241988, 8.933379888534546]"
F122013,30,14,0.4,"[1230.453461241988, 11.913552522659302]"
F122013,30,14,0.5,"[1230.453461241988, 14.88186764717102]"
F122013,30,14,0.6,"[1230.453461241988, 17.858752965927124]"
F122013,30,14,0.7,"[1230.453461241988, 20.836281776428223]"
F122013,30,14,0.8,"[1230.453461241988, 23.819189310073853]"
F122013,30,14,0.9,"[1230.453461241988, 26.80117106437683]"
F122013,30,14,1.0,"[1230.453461241988, 29.77345108985901]"
F122013,30,15,0.01,"[2404.0592235141453, 0.3293170928955078]"
F122013,30,15,0.1,"[2396.5696992327685, 3.0069966316223145]"
F122013,30,15,0.2,"[2396.569699226733, 5.982834339141846]"
F122013,30,15,0.3,"[2396.569699226733, 8.951404333114624]"
F122013,30,15,0.4,"[2396.569699226733, 11.926634788513184]"
F122013,30,15,0.5,"[2396.569699226733, 14.91981315612793]"
F122013,30,15,0.6,"[2396.569699226733, 17.89468216896057]"
F122013,30,15,0.7,"[2396.569699226733, 20.866259574890137]"
F122013,30,15,0.8,"[2396.569699226733, 23.832481145858765]"
F122013,30,15,0.9,"[2396.569699226733, 26.80483341217041]"
F122013,30,15,1.0,"[2396.569699226733, 29.780564546585083]"
F122013,30,16,0.01,"[1277.765664343293, 0.3016629219055176]"
F122013,30,16,0.1,"[1269.5202054978222, 2.991964340209961]"
F122013,30,16,0.2,"[1269.5202054978201, 5.981427192687988]"
F122013,30,16,0.3,"[1269.5202054978201, 8.972387075424194]"
F122013,30,16,0.4,"[1269.5202054978201, 11.963258266448975]"
F122013,30,16,0.5,"[1269.5202054978201, 14.972221374511719]"
F122013,30,16,0.6,"[1269.5202054978201, 17.949830293655396]"
F122013,30,16,0.7,"[1269.5202054978201, 20.930044174194336]"
F122013,30,16,0.8,"[1269.5202054978201, 23.914006233215332]"
F122013,30,16,0.9,"[1269.5202054978201, 26.90833067893982]"
F122013,30,16,1.0,"[1269.5202054978201, 29.88877511024475]"
F122013,30,17,0.01,"[1662.4312401113734, 0.3010544776916504]"
F122013,30,17,0.1,"[1650.5189218361666, 2.9893951416015625]"
F122013,30,17,0.2,"[1650.5189218361618, 5.9857306480407715]"
F122013,30,17,0.3,"[1650.5189218361613, 8.972856521606445]"
F122013,30,17,0.4,"[1650.5189218361613, 11.960978507995605]"
F122013,30,17,0.5,"[1650.5189218361613, 14.955976247787476]"
F122013,30,17,0.6,"[1650.5189218361604, 17.944432973861694]"
F122013,30,17,0.7,"[1650.5189218361604, 20.92455220222473]"
F122013,30,17,0.8,"[1650.5189218361604, 23.92216157913208]"
F122013,30,17,0.9,"[1650.5189218361604, 26.919397830963135]"
F122013,30,17,1.0,"[1650.5189218361604, 29.914570808410645]"
F122013,30,18,0.01,"[2469.525070997407, 0.39075279235839844]"
F122013,30,18,0.1,"[2459.0283200799886, 3.0889222621917725]"
F122013,30,18,0.2,"[2459.0283200799754, 6.0730578899383545]"
F122013,30,18,0.3,"[2459.028320079974, 9.05700135231018]"
F122013,30,18,0.4,"[2459.028320079973, 12.045277833938599]"
F122013,30,18,0.5,"[2459.028320079973, 15.023653030395508]"
F122013,30,18,0.6,"[2459.0283200799727, 18.001413345336914]"
F122013,30,18,0.7,"[2459.0283200799727, 20.980478286743164]"
F122013,30,18,0.8,"[2459.0283200799727, 23.959394693374634]"
F122013,30,18,0.9,"[2459.0283200799727, 26.93684458732605]"
F122013,30,18,1.0,"[2459.0283200799727, 29.914068460464478]"
F122013,30,19,0.01,"[1719.8117997150896, 0.39060378074645996]"
F122013,30,19,0.1,"[1706.2423440930156, 3.06851863861084]"
F122013,30,19,0.2,"[1706.2423440930083, 6.051256895065308]"
F122013,30,19,0.3,"[1706.2423440930083, 9.02846360206604]"
F122013,30,19,0.4,"[1706.2423440930083, 12.003361463546753]"
F122013,30,19,0.5,"[1706.2423440930074, 14.985414028167725]"
F122013,30,19,0.6,"[1706.2423440930074, 17.96201181411743]"
F122013,30,19,0.7,"[1706.2423440930074, 20.93812084197998]"
F122013,30,19,0.8,"[1706.2423440930074, 23.921618700027466]"
F122013,30,19,0.9,"[1706.2423440930074, 26.900872230529785]"
F122013,30,19,1.0,"[1706.2423440930074, 29.873699188232422]"
F122013,30,20,0.01,"[1776.9304004237738, 0.36145615577697754]"
F122013,30,20,0.1,"[1768.9205914786437, 3.050692558288574]"
F122013,30,20,0.2,"[1768.9205914785787, 6.034382581710815]"
F122013,30,20,0.3,"[1768.9205914785787, 9.021048307418823]"
F122013,30,20,0.4,"[1768.9205914785787, 12.001965761184692]"
F122013,30,20,0.5,"[1768.9205914785787, 14.969443559646606]"
F122013,30,20,0.6,"[1768.9205914785787, 17.95372462272644]"
F122013,30,20,0.7,"[1768.9205914785787, 20.94662380218506]"
F122013,30,20,0.8,"[1768.9205914785787, 23.917938947677612]"
F122013,30,20,0.9,"[1768.9205914785787, 26.89187502861023]"
F122013,30,20,1.0,"[1768.9205914785787, 29.850515842437744]"
F122013,30,21,0.01,"[1082.1728948497262, 0.3114955425262451]"
F122013,30,21,0.1,"[1080.4847779101426, 3.0049898624420166]"
F122013,30,21,0.2,"[1080.4847779101422, 5.995725393295288]"
F122013,30,21,0.3,"[1080.4847779101422, 8.996309995651245]"
F122013,30,21,0.4,"[1080.484777910142, 11.974634885787964]"
F122013,30,21,0.5,"[1080.484777910142, 14.962968587875366]"
F122013,30,21,0.6,"[1080.484777910142, 17.940114974975586]"
F122013,30,21,0.7,"[1080.4847779101417, 20.915642738342285]"
F122013,30,21,0.8,"[1080.4847779101417, 23.889948844909668]"
F122013,30,21,0.9,"[1080.4847779101417, 26.87120795249939]"
F122013,30,21,1.0,"[1080.4847779101417, 29.851887226104736]"
F122013,30,22,0.01,"[1417.3661338998418, 0.31974267959594727]"
F122013,30,22,0.1,"[1406.8078452325738, 3.0043270587921143]"
F122013,30,22,0.2,"[1406.8078452325724, 5.992965221405029]"
F122013,30,22,0.3,"[1406.8078452325724, 8.989644527435303]"
F122013,30,22,0.4,"[1406.8078452325722, 11.97440791130066]"
F122013,30,22,0.5,"[1406.8078452325722, 14.968334197998047]"
F122013,30,22,0.6,"[1406.807845232572, 17.942720890045166]"
F122013,30,22,0.7,"[1406.807845232572, 20.927268505096436]"
F122013,30,22,0.8,"[1406.807845232572, 23.900482177734375]"
F122013,30,22,0.9,"[1406.807845232572, 26.867172479629517]"
F122013,30,22,1.0,"[1406.8078452325715, 29.845367908477783]"
F122013,30,23,0.01,"[1461.6531646874391, 0.30729079246520996]"
F122013,30,23,0.1,"[1456.5497513970258, 2.9843502044677734]"
F122013,30,23,0.2,"[1456.5497513888372, 5.951836585998535]"
F122013,30,23,0.3,"[1456.5497513888365, 8.917402505874634]"
F122013,30,23,0.4,"[1456.5497513888363, 11.885758638381958]"
F122013,30,23,0.5,"[1456.5497513888347, 14.849504947662354]"
F122013,30,23,0.6,"[1456.5497513888347, 17.80266261100769]"
F122013,30,23,0.7,"[1456.5497513888347, 20.753171920776367]"
F122013,30,23,0.8,"[1456.5497513888347, 23.70651149749756]"
F122013,30,23,0.9,"[1456.5497513888347, 26.661344051361084]"
F122013,30,23,1.0,"[1456.5497513888347, 29.61230158805847]"
F122013,30,24,0.01,"[1766.7614518313744, 0.30451035499572754]"
F122013,30,24,0.1,"[1761.9284073110969, 3.025838613510132]"
F122013,30,24,0.2,"[1761.9284073110969, 6.0430824756622314]"
F122013,30,24,0.3,"[1761.928407311096, 9.061220407485962]"
F122013,30,24,0.4,"[1761.928407311096, 12.086843490600586]"
F122013,30,24,0.5,"[1761.928407311096, 15.121071338653564]"
F122013,30,24,0.6,"[1761.928407311096, 18.135007619857788]"
F122013,30,24,0.7,"[1761.928407311096, 21.150746822357178]"
F122013,30,24,0.8,"[1761.928407311096, 24.162660837173462]"
F122013,30,24,0.9,"[1761.928407311096, 27.188897371292114]"
F122013,30,24,1.0,"[1761.9284073110948, 30.20902943611145]"
F122013,30,25,0.01,"[2480.0642350551366, 0.3037536144256592]"
F122013,30,25,0.1,"[2466.792863646891, 3.0262928009033203]"
F122013,30,25,0.2,"[2466.7928589462144, 6.0516111850738525]"
F122013,30,25,0.3,"[2466.7928589462076, 9.071648359298706]"
F122013,30,25,0.4,"[2466.7928589462076, 12.090685367584229]"
F122013,30,25,0.5,"[2466.7928589462076, 15.108140707015991]"
F122013,30,25,0.6,"[2466.7928589462076, 18.1161527633667]"
F122013,30,25,0.7,"[2466.7928589462076, 21.13309383392334]"
F122013,30,25,0.8,"[2466.7928589462076, 24.1380033493042]"
F122013,30,25,0.9,"[2466.7928589462076, 27.145854234695435]"
F122013,30,25,1.0,"[2466.7928589462076, 30.150045156478882]"
F122013,30,26,0.01,"[1459.7118147725078, 0.3058147430419922]"
F122013,30,26,0.1,"[1449.5647648040444, 3.0273542404174805]"
F122013,30,26,0.2,"[1449.5647648040444, 6.040024518966675]"
F122013,30,26,0.3,"[1449.5647648040444, 9.054529428482056]"
F122013,30,26,0.4,"[1449.5647648040444, 12.068564414978027]"
F122013,30,26,0.5,"[1449.5647648040444, 15.083357095718384]"
F122013,30,26,0.6,"[1449.5647648040444, 18.09491991996765]"
F122013,30,26,0.7,"[1449.5647648040444, 21.108174085617065]"
F122013,30,26,0.8,"[1449.5647648040444, 24.112836837768555]"
F122013,30,26,0.9,"[1449.5647648040444, 27.122745513916016]"
F122013,30,26,1.0,"[1449.5647648040444, 30.119227170944214]"
F122013,30,27,0.01,"[2502.02864861194, 0.3012082576751709]"
F122013,30,27,0.1,"[2496.085097938916, 3.000260591506958]"
F122013,30,27,0.2,"[2496.0850979389074, 5.9947662353515625]"
F122013,30,27,0.3,"[2496.0850979389074, 8.995211124420166]"
F122013,30,27,0.4,"[2496.0850979389074, 11.98547101020813]"
F122013,30,27,0.5,"[2496.0850979389074, 14.9902925491333]"
F122013,30,27,0.6,"[2496.0850979389074, 17.986582040786743]"
F122013,30,27,0.7,"[2496.0850979389074, 20.97648334503174]"
F122013,30,27,0.8,"[2496.0850979389074, 23.971206188201904]"
F122013,30,27,0.9,"[2496.085097938905, 26.95700240135193]"
F122013,30,27,1.0,"[2496.085097938905, 29.941204071044922]"
F122013,30,28,0.01,"[1303.4206002301182, 0.30086445808410645]"
F122013,30,28,0.1,"[1301.3209393728848, 2.9966952800750732]"
F122013,30,28,0.2,"[1301.3209393728837, 5.983576059341431]"
F122013,30,28,0.3,"[1301.3209393728837, 8.974945545196533]"
F122013,30,28,0.4,"[1301.3209393728837, 11.959163665771484]"
F122013,30,28,0.5,"[1301.3209393728837, 14.949331283569336]"
F122013,30,28,0.6,"[1301.3209393728837, 17.95571208000183]"
F122013,30,28,0.7,"[1301.3209393728837, 20.963592290878296]"
F122013,30,28,0.8,"[1301.3209393728837, 23.967906713485718]"
F122013,30,28,0.9,"[1301.3209393728837, 26.96623682975769]"
F122013,30,28,1.0,"[1301.3209393728837, 29.95719265937805]"
F122013,30,29,0.01,"[2389.293544624119, 0.3088362216949463]"
F122013,30,29,0.1,"[2354.900312551326, 2.993593692779541]"
F122013,30,29,0.2,"[2354.9003125470895, 5.966666221618652]"
F122013,30,29,0.3,"[2354.900312547087, 8.946618556976318]"
F122013,30,29,0.4,"[2354.900312547087, 11.924849510192871]"
F122013,30,29,0.5,"[2354.900312547087, 14.907506942749023]"
F122013,30,29,0.6,"[2354.9003125470867, 17.875211238861084]"
F122013,30,29,0.7,"[2354.9003125470867, 20.83060884475708]"
F122013,30,29,0.8,"[2354.9003125470867, 23.791452169418335]"
F122013,30,29,0.9,"[2354.9003125470867, 26.751986265182495]"
F122013,30,29,1.0,"[2354.9003125470867, 29.71563482284546]"
F122013,30,30,0.01,"[783.3775011971217, 0.3786303997039795]"
F122013,30,30,0.1,"[782.0211482333873, 3.0639584064483643]"
F122013,30,30,0.2,"[782.0211482333873, 6.047217845916748]"
F122013,30,30,0.3,"[782.0211482333873, 9.031081438064575]"
F122013,30,30,0.4,"[782.0211482333873, 12.015406608581543]"
F122013,30,30,0.5,"[782.0211482333873, 15.014392375946045]"
F122013,30,30,0.6,"[782.0211482333873, 18.001660108566284]"
F122013,30,30,0.7,"[782.0211482333873, 20.98839807510376]"
F122013,30,30,0.8,"[782.0211482333873, 23.977943181991577]"
F122013,30,30,0.9,"[782.0211482333873, 26.967119932174683]"
F122013,30,30,1.0,"[782.0211482333873, 29.952091693878174]"
F122013,30,31,0.01,"[1843.401105891156, 0.34432101249694824]"
F122013,30,31,0.1,"[1834.5979139164351, 3.065817356109619]"
F122013,30,31,0.2,"[1834.5979138444532, 6.067967176437378]"
F122013,30,31,0.3,"[1834.5979138444502, 9.079205751419067]"
F122013,30,31,0.4,"[1834.5979138444502, 12.091259479522705]"
F122013,30,31,0.5,"[1834.5979138444502, 15.114022254943848]"
F122013,30,31,0.6,"[1834.5979138444502, 18.11871314048767]"
F122013,30,31,0.7,"[1834.5979138444497, 21.115741968154907]"
F122013,30,31,0.8,"[1834.5979138444497, 24.113551139831543]"
F122013,30,31,0.9,"[1834.5979138444497, 27.112078428268433]"
F122013,30,31,1.0,"[1834.5979138444497, 30.117072343826294]"
F122013,30,32,0.01,"[1783.5481342153191, 0.36890578269958496]"
F122013,30,32,0.1,"[1770.898290526213, 3.0886480808258057]"
F122013,30,32,0.2,"[1770.8982903899785, 6.0961267948150635]"
F122013,30,32,0.3,"[1770.8982903899785, 9.106117010116577]"
F122013,30,32,0.4,"[1770.8982903899785, 12.097965717315674]"
F122013,30,32,0.5,"[1770.8982903899785, 15.098166704177856]"
F122013,30,32,0.6,"[1770.8982903899778, 18.08988308906555]"
F122013,30,32,0.7,"[1770.8982903899778, 21.094088077545166]"
F122013,30,32,0.8,"[1770.8982903899778, 24.094725370407104]"
F122013,30,32,0.9,"[1770.8982903899778, 27.092596530914307]"
F122013,30,32,1.0,"[1770.8982903899778, 30.093769550323486]"
F122013,30,33,0.01,"[2760.597972703627, 0.3017446994781494]"
F122013,30,33,0.1,"[2743.312939663067, 3.000498056411743]"
F122013,30,33,0.2,"[2743.3129392565293, 5.9841835498809814]"
F122013,30,33,0.3,"[2743.3129392565293, 8.968219995498657]"
F122013,30,33,0.4,"[2743.3129392565293, 11.93950629234314]"
F122013,30,33,0.5,"[2743.3129392565293, 14.927412271499634]"
F122013,30,33,0.6,"[2743.3129392565293, 17.89943027496338]"
F122013,30,33,0.7,"[2743.3129392565293, 20.878607988357544]"
F122013,30,33,0.8,"[2743.3129392565293, 23.856343030929565]"
F122013,30,33,0.9,"[2743.3129392565293, 26.821383237838745]"
F122013,30,33,1.0,"[2743.3129392565293, 29.79160475730896]"
F122013,30,34,0.01,"[1796.0605519394103, 0.31847429275512695]"
F122013,30,34,0.1,"[1788.8112375963503, 3.0204098224639893]"
F122013,30,34,0.2,"[1788.8112375949554, 6.017298460006714]"
F122013,30,34,0.3,"[1788.8112375949547, 9.017578363418579]"
F122013,30,34,0.4,"[1788.8112375949547, 12.019274711608887]"
F122013,30,34,0.5,"[1788.8112375949547, 15.02179479598999]"
F122013,30,34,0.6,"[1788.8112375949547, 18.016302347183228]"
F122013,30,34,0.7,"[1788.8112375949547, 21.02100110054016]"
F122013,30,34,0.8,"[1788.8112375949547, 24.0101637840271]"
F122013,30,34,0.9,"[1788.8112375949547, 26.99485158920288]"
F122013,30,34,1.0,"[1788.8112375949547, 29.97750449180603]"
F122013,30,35,0.01,"[2423.198970175989, 0.31146955490112305]"
F122013,30,35,0.1,"[2411.532962216058, 3.030503749847412]"
F122013,30,35,0.2,"[2411.532962034146, 6.040226221084595]"
F122013,30,35,0.3,"[2411.5329620341445, 9.051186084747314]"
F122013,30,35,0.4,"[2411.5329620341445, 12.063514471054077]"
F122013,30,35,0.5,"[2411.5329620341445, 15.07952618598938]"
F122013,30,35,0.6,"[2411.5329620341445, 18.0914089679718]"
F122013,30,35,0.7,"[2411.532962034143, 21.098058938980103]"
F122013,30,35,0.8,"[2411.532962034143, 24.101993083953857]"
F122013,30,35,0.9,"[2411.532962034143, 27.103070735931396]"
F122013,30,35,1.0,"[2411.532962034143, 30.117042541503906]"
F122013,30,36,0.01,"[1929.4965956401254, 0.35352563858032227]"
F122013,30,36,0.1,"[1915.128089555641, 3.4891960620880127]"
F122013,30,36,0.2,"[1915.1280895556388, 6.946971893310547]"
F122013,30,36,0.3,"[1915.1280895556388, 10.413950681686401]"
F122013,30,36,0.4,"[1915.1280895556388, 13.873092412948608]"
F122013,30,36,0.5,"[1915.1280895556376, 17.339239835739136]"
F122013,30,36,0.6,"[1915.1280895556376, 20.78515648841858]"
F122013,30,36,0.7,"[1915.1280895556376, 24.24103617668152]"
F122013,30,36,0.8,"[1915.1280895556376, 27.694262266159058]"
F122013,30,36,0.9,"[1915.1280895556376, 31.15752387046814]"
F122013,30,36,1.0,"[1915.1280895556376, 34.60657453536987]"
F122013,30,37,0.01,"[1098.0454050984804, 0.30100011825561523]"
F122013,30,37,0.1,"[1089.4323806580546, 3.0001046657562256]"
F122013,30,37,0.2,"[1089.4323806580458, 6.000560283660889]"
F122013,30,37,0.3,"[1089.4323806580458, 9.001771211624146]"
F122013,30,37,0.4,"[1089.4323806580458, 11.986981868743896]"
F122013,30,37,0.5,"[1089.4323806580458, 14.96709394454956]"
F122013,30,37,0.6,"[1089.4323806580455, 17.95202898979187]"
F122013,30,37,0.7,"[1089.4323806580455, 20.941879749298096]"
F122013,30,37,0.8,"[1089.4323806580455, 23.929462432861328]"
F122013,30,37,0.9,"[1089.4323806580455, 26.912134647369385]"
F122013,30,37,1.0,"[1089.4323806580455, 29.89207935333252]"
F122013,30,38,0.01,"[2136.543680249267, 0.30210399627685547]"
F122013,30,38,0.1,"[2135.0286371912266, 2.9975032806396484]"
F122013,30,38,0.2,"[2135.0286371912216, 5.993110656738281]"
F122013,30,38,0.3,"[2135.0286371912216, 8.992333889007568]"
F122013,30,38,0.4,"[2135.0286371912216, 11.97941279411316]"
F122013,30,38,0.5,"[2135.0286371912216, 14.979120016098022]"
F122013,30,38,0.6,"[2135.0286371912216, 17.965883493423462]"
F122013,30,38,0.7,"[2135.0286371912216, 20.946877002716064]"
F122013,30,38,0.8,"[2135.0286371912216, 23.920994997024536]"
F122013,30,38,0.9,"[2135.0286371912216, 26.898059129714966]"
F122013,30,38,1.0,"[2135.0286371912216, 29.87629222869873]"
F122013,30,39,0.01,"[1383.4050647704144, 0.3022279739379883]"
F122013,30,39,0.1,"[1382.9121059917202, 2.9991815090179443]"
F122013,30,39,0.2,"[1382.9121059917181, 5.995855808258057]"
F122013,30,39,0.3,"[1382.9121059917177, 8.991416454315186]"
F122013,30,39,0.4,"[1382.9121059917177, 11.986377477645874]"
F122013,30,39,0.5,"[1382.9121059917177, 14.98943829536438]"
F122013,30,39,0.6,"[1382.9121059917177, 17.980351209640503]"
F122013,30,39,0.7,"[1382.9121059917177, 20.974979877471924]"
F122013,30,39,0.8,"[1382.9121059917177, 23.95140051841736]"
F122013,30,39,0.9,"[1382.9121059917177, 26.931743621826172]"
F122013,30,39,1.0,"[1382.9121059917177, 29.913405418395996]"
F122013,30,40,0.01,"[2473.697852914366, 0.30552101135253906]"
F122013,30,40,0.1,"[2458.3097319436833, 3.0315134525299072]"
F122013,30,40,0.2,"[2458.3097319382673, 6.056881904602051]"
F122013,30,40,0.3,"[2458.3097319382664, 9.089417457580566]"
F122013,30,40,0.4,"[2458.3097319382664, 12.116907119750977]"
F122013,30,40,0.5,"[2458.3097319382664, 15.14977240562439]"
F122013,30,40,0.6,"[2458.3097319382664, 18.17315435409546]"
F122013,30,40,0.7,"[2458.3097319382664, 21.197614669799805]"
F122013,30,40,0.8,"[2458.309731938266, 24.218650817871094]"
F122013,30,40,0.9,"[2458.309731938266, 27.240691661834717]"
F122013,30,40,1.0,"[2458.3097319382655, 30.27182698249817]"
F122013,30,41,0.01,"[1994.8977489962124, 0.30495619773864746]"
F122013,30,41,0.1,"[1987.770039430082, 3.029038906097412]"
F122013,30,41,0.2,"[1987.7700394300798, 6.051919221878052]"
F122013,30,41,0.3,"[1987.7700394300798, 9.077330827713013]"
F122013,30,41,0.4,"[1987.7700394300798, 12.08907437324524]"
F122013,30,41,0.5,"[1987.7700394300798, 15.117847919464111]"
F122013,30,41,0.6,"[1987.7700394300798, 18.13211154937744]"
F122013,30,41,0.7,"[1987.7700394300798, 21.15506935119629]"
F122013,30,41,0.8,"[1987.7700394300791, 24.174232721328735]"
F122013,30,41,0.9,"[1987.7700394300791, 27.190388917922974]"
F122013,30,41,1.0,"[1987.7700394300791, 30.198777437210083]"
F122013,30,42,0.01,"[2239.06314606122, 0.3051133155822754]"
F122013,30,42,0.1,"[2231.5003858038713, 3.0290651321411133]"
F122013,30,42,0.2,"[2231.5003858037066, 6.0447776317596436]"
F122013,30,42,0.3,"[2231.5003858037057, 9.0565345287323]"
F122013,30,42,0.4,"[2231.5003858037057, 12.07555103302002]"
F122013,30,42,0.5,"[2231.5003858037053, 15.08777379989624]"
F122013,30,42,0.6,"[2231.5003858037053, 18.095956087112427]"
F122013,30,42,0.7,"[2231.5003858037053, 21.106584072113037]"
F122013,30,42,0.8,"[2231.5003858037053, 24.11757230758667]"
F122013,30,42,0.9,"[2231.5003858037053, 27.130017042160034]"
F122013,30,42,1.0,"[2231.5003858037053, 30.139241695404053]"
F122013,30,43,0.01,"[1367.329629380158, 0.30307745933532715]"
F122013,30,43,0.1,"[1352.0662454818664, 3.0355865955352783]"
F122013,30,43,0.2,"[1352.0662454818535, 6.061821699142456]"
F122013,30,43,0.3,"[1352.0662454818528, 9.089884757995605]"
F122013,30,43,0.4,"[1352.066245481852, 12.092818975448608]"
F122013,30,43,0.5,"[1352.066245481852, 15.097052335739136]"
F122013,30,43,0.6,"[1352.066245481852, 18.093533754348755]"
F122013,30,43,0.7,"[1352.066245481852, 21.108275175094604]"
F122013,30,43,0.8,"[1352.066245481852, 24.104543209075928]"
F122013,30,43,0.9,"[1352.066245481852, 27.10860300064087]"
F122013,30,43,1.0,"[1352.066245481852, 30.10294246673584]"
F122013,30,44,0.01,"[1465.4523488453945, 0.3036975860595703]"
F122013,30,44,0.1,"[1457.5389075753435, 3.0182926654815674]"
F122013,30,44,0.2,"[1457.5389075753435, 6.025150537490845]"
F122013,30,44,0.3,"[1457.5389075753435, 9.044681787490845]"
F122013,30,44,0.4,"[1457.5389075753435, 12.053617000579834]"
F122013,30,44,0.5,"[1457.5389075753435, 15.057140588760376]"
F122013,30,44,0.6,"[1457.5389075753435, 18.064963579177856]"
F122013,30,44,0.7,"[1457.5389075753435, 21.083192825317383]"
F122013,30,44,0.8,"[1457.5389075753433, 24.0962655544281]"
F122013,30,44,0.9,"[1457.5389075753424, 27.116456747055054]"
F122013,30,44,1.0,"[1457.5389075753424, 30.12697172164917]"
F122013,30,45,0.01,"[2215.5984542670894, 0.30228734016418457]"
F122013,30,45,0.1,"[2210.576660838659, 3.0169527530670166]"
F122013,30,45,0.2,"[2210.5766608386575, 6.021335601806641]"
F122013,30,45,0.3,"[2210.5766608386557, 9.027331590652466]"
F122013,30,45,0.4,"[2210.5766608386557, 12.037933826446533]"
F122013,30,45,0.5,"[2210.5766608386557, 15.052079916000366]"
F122013,30,45,0.6,"[2210.5766608386557, 18.056398630142212]"
F122013,30,45,0.7,"[2210.5766608386557, 21.0448739528656]"
F122013,30,45,0.8,"[2210.5766608386557, 24.04976463317871]"
F122013,30,45,0.9,"[2210.5766608386557, 27.062402486801147]"
F122013,30,45,1.0,"[2210.5766608386557, 30.074146270751953]"
F122013,30,46,0.01,"[907.36164207151, 0.3052177429199219]"
F122013,30,46,0.1,"[906.358773481593, 3.0225961208343506]"
F122013,30,46,0.2,"[906.3579869975604, 6.042429447174072]"
F122013,30,46,0.3,"[906.3579570653746, 9.07602310180664]"
F122013,30,46,0.4,"[906.3579570222954, 12.096891641616821]"
F122013,30,46,0.5,"[906.357957022246, 15.125671625137329]"
F122013,30,46,0.6,"[906.3579570222453, 18.135216236114502]"
F122013,30,46,0.7,"[906.3579570222453, 21.157129526138306]"
F122013,30,46,0.8,"[906.3579570222453, 24.170804738998413]"
F122013,30,46,0.9,"[906.3579570222453, 27.179205656051636]"
F122013,30,46,1.0,"[906.3579570222453, 30.185789346694946]"
F122013,30,47,0.01,"[2267.2114261538454, 0.3014206886291504]"
F122013,30,47,0.1,"[2260.321373567515, 3.0044493675231934]"
F122013,30,47,0.2,"[2260.3213735675117, 6.013457298278809]"
F122013,30,47,0.3,"[2260.321373567511, 9.024658679962158]"
F122013,30,47,0.4,"[2260.321373567511, 12.046818494796753]"
F122013,30,47,0.5,"[2260.321373567511, 15.059736013412476]"
F122013,30,47,0.6,"[2260.321373567511, 18.070422172546387]"
F122013,30,47,0.7,"[2260.321373567511, 21.07130217552185]"
F122013,30,47,0.8,"[2260.321373567511, 24.069140672683716]"
F122013,30,47,0.9,"[2260.321373567511, 27.08325982093811]"
F122013,30,47,1.0,"[2260.321373567511, 30.09518051147461]"
F122013,30,48,0.01,"[1577.1925519700799, 0.2992534637451172]"
F122013,30,48,0.1,"[1567.974392562024, 2.989621162414551]"
F122013,30,48,0.2,"[1567.9743925620237, 5.985132217407227]"
F122013,30,48,0.3,"[1567.9743925620232, 8.980926275253296]"
F122013,30,48,0.4,"[1567.974392562023, 11.973100900650024]"
F122013,30,48,0.5,"[1567.974392562023, 14.952442646026611]"
F122013,30,48,0.6,"[1567.9743925620226, 17.937472820281982]"
F122013,30,48,0.7,"[1567.974392562022, 20.913484811782837]"
F122013,30,48,0.8,"[1567.974392562022, 23.891554832458496]"
F122013,30,48,0.9,"[1567.974392562022, 26.875932693481445]"
F122013,30,48,1.0,"[1567.974392562022, 29.856692790985107]"
F122013,30,49,0.01,"[2292.950842040692, 0.3001742362976074]"
F122013,30,49,0.1,"[2272.238047103917, 2.989440679550171]"
F122013,30,49,0.2,"[2272.2380471039123, 5.964188098907471]"
F122013,30,49,0.3,"[2272.238047103912, 8.945888996124268]"
F122013,30,49,0.4,"[2272.238047103912, 11.917063236236572]"
F122013,30,49,0.5,"[2272.2380471039105, 14.8932945728302]"
F122013,30,49,0.6,"[2272.238047103909, 17.874521255493164]"
F122013,30,49,0.7,"[2272.238047103909, 20.857409954071045]"
F122013,30,49,0.8,"[2272.238047103909, 23.84667134284973]"
F122013,30,49,0.9,"[2272.238047103909, 26.846388339996338]"
F122013,30,49,1.0,"[2272.238047103909, 29.840301990509033]"
F122013,30,50,0.01,"[1248.8047175134848, 0.297374963760376]"
F122013,30,50,0.1,"[1241.1957034508962, 2.947169065475464]"
F122013,30,50,0.2,"[1241.1957034508941, 5.889164686203003]"
F122013,30,50,0.3,"[1241.1957034508941, 8.835102796554565]"
F122013,30,50,0.4,"[1241.1957034508941, 11.780208349227905]"
F122013,30,50,0.5,"[1241.1957034508941, 14.726887464523315]"
F122013,30,50,0.6,"[1241.1957034508941, 17.673004150390625]"
F122013,30,50,0.7,"[1241.1957034508941, 20.61324191093445]"
F122013,30,50,0.8,"[1241.1957034508941, 23.552215099334717]"
F122013,30,50,0.9,"[1241.1957034508941, 26.51101326942444]"
F122013,30,50,1.0,"[1241.1957034508941, 29.46895146369934]"
F122013,50,0,0.01,"[2648.9939876114313, 0.5822494029998779]"
F122013,50,0,0.1,"[2639.450277190645, 5.772374629974365]"
F122013,50,0,0.2,"[2639.4502771892003, 11.555503606796265]"
F122013,50,0,0.3,"[2639.4502771891994, 17.32491159439087]"
F122013,50,0,0.4,"[2639.4502771891985, 23.102630615234375]"
F122013,50,0,0.5,"[2639.4502771891985, 28.859447717666626]"
F122013,50,0,0.6,"[2639.450277189198, 34.62654161453247]"
F122013,50,0,0.7,"[2639.450277189198, 40.39531350135803]"
F122013,50,0,0.8,"[2639.450277189198, 46.177857398986816]"
F122013,50,0,0.9,"[2639.450277189198, 51.95319938659668]"
F122013,50,0,1.0,"[2639.450277189198, 57.72282099723816]"
F122013,50,1,0.01,"[2133.957750806499, 0.6384975910186768]"
F122013,50,1,0.1,"[2126.38443701286, 5.799940824508667]"
F122013,50,1,0.2,"[2126.384437012859, 11.5016508102417]"
F122013,50,1,0.3,"[2126.384437012859, 17.198477506637573]"
F122013,50,1,0.4,"[2126.3844370128572, 22.91092085838318]"
F122013,50,1,0.5,"[2126.3844370128572, 28.634249925613403]"
F122013,50,1,0.6,"[2126.3844370128572, 34.37725496292114]"
F122013,50,1,0.7,"[2126.3844370128572, 40.12309169769287]"
F122013,50,1,0.8,"[2126.3844370128572, 45.88338589668274]"
F122013,50,1,0.9,"[2126.3844370128572, 51.629723072052]"
F122013,50,1,1.0,"[2126.3844370128572, 57.38194417953491]"
F122013,50,2,0.01,"[3162.706721278199, 0.577486515045166]"
F122013,50,2,0.1,"[3139.8056998100615, 5.693653106689453]"
F122013,50,2,0.2,"[3139.8056865984995, 11.390698671340942]"
F122013,50,2,0.3,"[3139.805686598497, 17.076443195343018]"
F122013,50,2,0.4,"[3139.805686598496, 22.775564193725586]"
F122013,50,2,0.5,"[3139.805686598496, 28.455303192138672]"
F122013,50,2,0.6,"[3139.805686598496, 34.13858461380005]"
F122013,50,2,0.7,"[3139.8056865984954, 39.8236243724823]"
F122013,50,2,0.8,"[3139.8056865984954, 45.54404926300049]"
F122013,50,2,0.9,"[3139.8056865984954, 51.27018117904663]"
F122013,50,2,1.0,"[3139.8056865984945, 56.97925019264221]"
F122013,50,3,0.01,"[2349.991218898215, 0.5858078002929688]"
F122013,50,3,0.1,"[2335.069678437738, 5.8027825355529785]"
F122013,50,3,0.2,"[2335.069678437738, 11.616427421569824]"
F122013,50,3,0.3,"[2335.069678437738, 17.415600776672363]"
F122013,50,3,0.4,"[2335.0696784377374, 23.224135875701904]"
F122013,50,3,0.5,"[2335.0696784377374, 29.008721113204956]"
F122013,50,3,0.6,"[2335.069678437737, 34.801937103271484]"
F122013,50,3,0.7,"[2335.069678437737, 40.57438111305237]"
F122013,50,3,0.8,"[2335.069678437737, 46.380444049835205]"
F122013,50,3,0.9,"[2335.069678437737, 52.174737215042114]"
F122013,50,3,1.0,"[2335.069678437737, 57.97912788391113]"
F122013,50,4,0.01,"[2951.905914854439, 0.5867533683776855]"
F122013,50,4,0.1,"[2946.873603198855, 5.7780585289001465]"
F122013,50,4,0.2,"[2946.873603198853, 11.565001249313354]"
F122013,50,4,0.3,"[2946.8736031988474, 17.341092586517334]"
F122013,50,4,0.4,"[2946.8736031988474, 23.136188983917236]"
F122013,50,4,0.5,"[2946.8736031988474, 28.91144561767578]"
F122013,50,4,0.6,"[2946.8736031988474, 34.676145792007446]"
F122013,50,4,0.7,"[2946.8736031988474, 40.457618713378906]"
F122013,50,4,0.8,"[2946.8736031988474, 46.26352858543396]"
F122013,50,4,0.9,"[2946.8736031988474, 52.055325746536255]"
F122013,50,4,1.0,"[2946.8736031988474, 57.85222291946411]"
F122013,50,5,0.01,"[2102.8898340753417, 0.6055197715759277]"
F122013,50,5,0.1,"[2101.2511374958467, 5.842177629470825]"
F122013,50,5,0.2,"[2101.251137495846, 11.684173345565796]"
F122013,50,5,0.3,"[2101.251137495846, 17.51391911506653]"
F122013,50,5,0.4,"[2101.251137495846, 23.351389169692993]"
F122013,50,5,0.5,"[2101.251137495846, 29.16333246231079]"
F122013,50,5,0.6,"[2101.2511374958453, 35.00138854980469]"
F122013,50,5,0.7,"[2101.2511374958453, 40.81284976005554]"
F122013,50,5,0.8,"[2101.2511374958453, 46.657246828079224]"
F122013,50,5,0.9,"[2101.2511374958453, 52.47294878959656]"
F122013,50,5,1.0,"[2101.2511374958453, 58.30736947059631]"
F122013,50,6,0.01,"[2110.224830470886, 0.594118595123291]"
F122013,50,6,0.1,"[2106.211613625733, 5.789390325546265]"
F122013,50,6,0.2,"[2106.211613625732, 11.578423976898193]"
F122013,50,6,0.3,"[2106.2116136257314, 17.346018075942993]"
F122013,50,6,0.4,"[2106.2116136257314, 23.13302707672119]"
F122013,50,6,0.5,"[2106.2116136257314, 28.91363024711609]"
F122013,50,6,0.6,"[2106.21161362573, 34.692706823349]"
F122013,50,6,0.7,"[2106.21161362573, 40.47679805755615]"
F122013,50,6,0.8,"[2106.21161362573, 46.292747020721436]"
F122013,50,6,0.9,"[2106.21161362573, 52.070209980010986]"
F122013,50,6,1.0,"[2106.21161362573, 57.87874889373779]"
F122013,50,7,0.01,"[2125.0005163422106, 0.5865523815155029]"
F122013,50,7,0.1,"[2123.0483024544374, 5.818246364593506]"
F122013,50,7,0.2,"[2123.0483024544365, 11.63190746307373]"
F122013,50,7,0.3,"[2123.048302454435, 17.43030309677124]"
F122013,50,7,0.4,"[2123.048302454435, 23.231953620910645]"
F122013,50,7,0.5,"[2123.048302454435, 29.03595280647278]"
F122013,50,7,0.6,"[2123.048302454435, 34.83327913284302]"
F122013,50,7,0.7,"[2123.048302454435, 40.65108585357666]"
F122013,50,7,0.8,"[2123.048302454433, 46.47015738487244]"
F122013,50,7,0.9,"[2123.048302454433, 52.290183305740356]"
F122013,50,7,1.0,"[2123.048302454433, 58.11542582511902]"
F122013,50,8,0.01,"[2102.5442712509544, 0.5915968418121338]"
F122013,50,8,0.1,"[2093.265982207728, 6.360769510269165]"
F122013,50,8,0.2,"[2093.2659822077244, 12.848113298416138]"
F122013,50,8,0.3,"[2093.2659822077217, 19.328977584838867]"
F122013,50,8,0.4,"[2093.2659822077217, 25.81433081626892]"
F122013,50,8,0.5,"[2093.2659822077217, 32.29543423652649]"
F122013,50,8,0.6,"[2093.2659822077217, 38.785234212875366]"
F122013,50,8,0.7,"[2093.2659822077217, 45.27890729904175]"
F122013,50,8,0.8,"[2093.2659822077217, 51.81972885131836]"
F122013,50,8,0.9,"[2093.2659822077217, 58.317769050598145]"
F122013,50,8,1.0,"[2093.2659822077217, 64.24288010597229]"
F122013,50,9,0.01,"[2069.67131862305, 0.5884580612182617]"
F122013,50,9,0.1,"[2069.374313113212, 5.799635171890259]"
F122013,50,9,0.2,"[2069.374313113211, 11.591899633407593]"
F122013,50,9,0.3,"[2069.374313113211, 17.38313579559326]"
F122013,50,9,0.4,"[2069.374313113211, 23.180845499038696]"
F122013,50,9,0.5,"[2069.374313113211, 28.97344970703125]"
F122013,50,9,0.6,"[2069.374313113211, 34.76917386054993]"
F122013,50,9,0.7,"[2069.374313113211, 40.56595826148987]"
F122013,50,9,0.8,"[2069.374313113211, 46.39406681060791]"
F122013,50,9,0.9,"[2069.3743131132105, 52.21418642997742]"
F122013,50,9,1.0,"[2069.3743131132105, 58.02910137176514]"
F122013,50,10,0.01,"[2837.177294671761, 0.5842645168304443]"
F122013,50,10,0.1,"[2829.459851832548, 5.782090187072754]"
F122013,50,10,0.2,"[2829.4598518325465, 11.572415351867676]"
F122013,50,10,0.3,"[2829.4598518325465, 17.372011184692383]"
F122013,50,10,0.4,"[2829.4598518325465, 23.16123628616333]"
F122013,50,10,0.5,"[2829.4598518325465, 28.94394540786743]"
F122013,50,10,0.6,"[2829.4598518325465, 34.74768280982971]"
F122013,50,10,0.7,"[2829.4598518325465, 40.53124809265137]"
F122013,50,10,0.8,"[2829.4598518325465, 46.34860014915466]"
F122013,50,10,0.9,"[2829.4598518325465, 52.144832372665405]"
F122013,50,10,1.0,"[2829.459851832546, 57.95657753944397]"
F122013,50,11,0.01,"[2202.9522400872906, 0.5853817462921143]"
F122013,50,11,0.1,"[2202.7553786384988, 5.790394306182861]"
F122013,50,11,0.2,"[2202.7553786384988, 11.621291875839233]"
F122013,50,11,0.3,"[2202.7553786384988, 17.475258111953735]"
F122013,50,11,0.4,"[2202.7553786384988, 23.2995126247406]"
F122013,50,11,0.5,"[2202.7553786384983, 29.09527015686035]"
F122013,50,11,0.6,"[2202.7553786384983, 34.907142877578735]"
F122013,50,11,0.7,"[2202.7553786384983, 40.70303297042847]"
F122013,50,11,0.8,"[2202.7553786384983, 46.53453183174133]"
F122013,50,11,0.9,"[2202.7553786384983, 52.36565041542053]"
F122013,50,11,1.0,"[2202.7553786384974, 58.176429271698]"
F122013,50,12,0.01,"[2436.8437271832886, 0.5878200531005859]"
F122013,50,12,0.1,"[2425.6122978150656, 5.81538724899292]"
F122013,50,12,0.2,"[2425.6122978150624, 11.63628101348877]"
F122013,50,12,0.3,"[2425.6122978150624, 17.446727514266968]"
F122013,50,12,0.4,"[2425.6122978150624, 23.263813734054565]"
F122013,50,12,0.5,"[2425.6122978150624, 29.06446075439453]"
F122013,50,12,0.6,"[2425.6122978150615, 34.876529693603516]"
F122013,50,12,0.7,"[2425.6122978150597, 40.68030858039856]"
F122013,50,12,0.8,"[2425.6122978150597, 46.49155807495117]"
F122013,50,12,0.9,"[2425.6122978150597, 52.30622315406799]"
F122013,50,12,1.0,"[2425.6122978150597, 58.13359093666077]"
F122013,50,13,0.01,"[2062.384727494721, 0.5796108245849609]"
F122013,50,13,0.1,"[2054.330943535145, 5.720061302185059]"
F122013,50,13,0.2,"[2054.330943535145, 11.445544004440308]"
F122013,50,13,0.3,"[2054.330943535145, 17.165489435195923]"
F122013,50,13,0.4,"[2054.330943535145, 22.901010513305664]"
F122013,50,13,0.5,"[2054.330943535145, 28.61941647529602]"
F122013,50,13,0.6,"[2054.330943535144, 34.34188795089722]"
F122013,50,13,0.7,"[2054.330943535144, 40.05567932128906]"
F122013,50,13,0.8,"[2054.330943535144, 45.80978202819824]"
F122013,50,13,0.9,"[2054.330943535144, 51.563361167907715]"
F122013,50,13,1.0,"[2054.330943535144, 57.319308042526245]"
F122013,50,14,0.01,"[2566.406677110756, 0.6129493713378906]"
F122013,50,14,0.1,"[2564.860580571889, 5.813242673873901]"
F122013,50,14,0.2,"[2564.8605805718867, 11.607091188430786]"
F122013,50,14,0.3,"[2564.8605805718867, 17.396074295043945]"
F122013,50,14,0.4,"[2564.8605805718867, 23.201600551605225]"
F122013,50,14,0.5,"[2564.8605805718867, 28.99707341194153]"
F122013,50,14,0.6,"[2564.8605805718867, 34.799766063690186]"
F122013,50,14,0.7,"[2564.8605805718867, 40.59215760231018]"
F122013,50,14,0.8,"[2564.8605805718867, 46.39079523086548]"
F122013,50,14,0.9,"[2564.8605805718867, 52.195420265197754]"
F122013,50,14,1.0,"[2564.8605805718867, 58.00003623962402]"
F122013,50,15,0.01,"[2200.161696247447, 0.585684061050415]"
F122013,50,15,0.1,"[2187.8058939692696, 5.792230844497681]"
F122013,50,15,0.2,"[2187.8058939692696, 11.599943399429321]"
F122013,50,15,0.3,"[2187.805893969269, 17.40163540840149]"
F122013,50,15,0.4,"[2187.8058939692687, 23.196999549865723]"
F122013,50,15,0.5,"[2187.8058939692687, 28.977920055389404]"
F122013,50,15,0.6,"[2187.8058939692687, 34.765984296798706]"
F122013,50,15,0.7,"[2187.8058939692664, 40.56325435638428]"
F122013,50,15,0.8,"[2187.8058939692664, 46.37527275085449]"
F122013,50,15,0.9,"[2187.8058939692664, 52.28022336959839]"
F122013,50,15,1.0,"[2187.8058939692664, 58.096989154815674]"
F122013,50,16,0.01,"[3043.1623929608268, 0.5834059715270996]"
F122013,50,16,0.1,"[3017.535660327384, 7.973367929458618]"
F122013,50,16,0.2,"[3017.5356603273817, 14.804309368133545]"
F122013,50,16,0.3,"[3017.5356603273813, 20.591498851776123]"
F122013,50,16,0.4,"[3017.5356603273813, 26.397341012954712]"
F122013,50,16,0.5,"[3017.5356603273813, 32.1985867023468]"
F122013,50,16,0.6,"[3017.5356603273813, 37.98173403739929]"
F122013,50,16,0.7,"[3017.5356603273813, 43.86536359786987]"
F122013,50,16,0.8,"[3017.5356603273813, 49.78036618232727]"
F122013,50,16,0.9,"[3017.5356603273813, 55.70036292076111]"
F122013,50,16,1.0,"[3017.5356603273813, 61.54339933395386]"
F122013,50,17,0.01,"[3311.034299329622, 0.6165139675140381]"
F122013,50,17,0.1,"[3309.9230702674045, 5.8458476066589355]"
F122013,50,17,0.2,"[3309.9230702674026, 11.665788173675537]"
F122013,50,17,0.3,"[3309.9230702674026, 17.459822416305542]"
F122013,50,17,0.4,"[3309.9230702674026, 23.27646541595459]"
F122013,50,17,0.5,"[3309.9230702674013, 29.091901063919067]"
F122013,50,17,0.6,"[3309.9230702674013, 34.90599775314331]"
F122013,50,17,0.7,"[3309.9230702674013, 40.73452091217041]"
F122013,50,17,0.8,"[3309.9230702674, 46.55673861503601]"
F122013,50,17,0.9,"[3309.9230702674, 52.366679668426514]"
F122013,50,17,1.0,"[3309.9230702674, 58.182612895965576]"
F122013,50,18,0.01,"[3396.166625412396, 0.5867214202880859]"
F122013,50,18,0.1,"[3377.5900159063935, 5.944137334823608]"
F122013,50,18,0.2,"[3377.5900159063913, 12.373878240585327]"
F122013,50,18,0.3,"[3377.5900159063913, 18.19962167739868]"
F122013,50,18,0.4,"[3377.5900159063913, 24.019663333892822]"
F122013,50,18,0.5,"[3377.5900159063913, 29.828205823898315]"
F122013,50,18,0.6,"[3377.5900159063876, 35.65742588043213]"
F122013,50,18,0.7,"[3377.5900159063876, 41.49466848373413]"
F122013,50,18,0.8,"[3377.5900159063876, 47.35529613494873]"
F122013,50,18,0.9,"[3377.5900159063876, 53.20016551017761]"
F122013,50,18,1.0,"[3377.590015906387, 59.05185580253601]"
F122013,50,19,0.01,"[2163.900856634235, 0.5819580554962158]"
F122013,50,19,0.1,"[2161.9117403899477, 6.138043642044067]"
F122013,50,19,0.2,"[2161.9117403899445, 13.439511060714722]"
F122013,50,19,0.3,"[2161.9117403899436, 19.2762713432312]"
F122013,50,19,0.4,"[2161.9117403899436, 25.15083074569702]"
F122013,50,19,0.5,"[2161.9117403899436, 30.97802495956421]"
F122013,50,19,0.6,"[2161.9117403899436, 36.785024881362915]"
F122013,50,19,0.7,"[2161.9117403899436, 42.56723642349243]"
F122013,50,19,0.8,"[2161.9117403899436, 48.37893748283386]"
F122013,50,19,0.9,"[2161.9117403899436, 54.14449667930603]"
F122013,50,19,1.0,"[2161.9117403899436, 59.9198362827301]"
F122013,50,20,0.01,"[2193.6451001531004, 0.5838735103607178]"
F122013,50,20,0.1,"[2185.8189998724565, 5.843263626098633]"
F122013,50,20,0.2,"[2185.818999872456, 11.613083124160767]"
F122013,50,20,0.3,"[2185.8189998724533, 17.35751461982727]"
F122013,50,20,0.4,"[2185.8189998724533, 23.206774711608887]"
F122013,50,20,0.5,"[2185.8189998724533, 29.01575541496277]"
F122013,50,20,0.6,"[2185.8189998724533, 34.82215642929077]"
F122013,50,20,0.7,"[2185.8189998724533, 40.64694166183472]"
F122013,50,20,0.8,"[2185.8189998724533, 46.53053569793701]"
F122013,50,20,0.9,"[2185.8189998724533, 52.391711473464966]"
F122013,50,20,1.0,"[2185.8189998724533, 58.27524495124817]"
F122013,50,21,0.01,"[2311.4095364457266, 0.5829102993011475]"
F122013,50,21,0.1,"[2305.5212681777934, 5.806835889816284]"
F122013,50,21,0.2,"[2305.5212681777925, 11.595267534255981]"
F122013,50,21,0.3,"[2305.521268177792, 17.367815494537354]"
F122013,50,21,0.4,"[2305.521268177792, 23.166680097579956]"
F122013,50,21,0.5,"[2305.521268177792, 28.964260816574097]"
F122013,50,21,0.6,"[2305.521268177792, 34.766491413116455]"
F122013,50,21,0.7,"[2305.521268177792, 40.564133644104004]"
F122013,50,21,0.8,"[2305.521268177791, 46.35704302787781]"
F122013,50,21,0.9,"[2305.521268177791, 52.14961314201355]"
F122013,50,21,1.0,"[2305.521268177791, 57.93987822532654]"
F122013,50,22,0.01,"[2523.9889305152687, 0.6549792289733887]"
F122013,50,22,0.1,"[2523.053059841742, 6.187823057174683]"
F122013,50,22,0.2,"[2523.053059841742, 12.635658025741577]"
F122013,50,22,0.3,"[2523.053059841742, 22.903793334960938]"
F122013,50,22,0.4,"[2523.053059841742, 28.702030420303345]"
F122013,50,22,0.5,"[2523.0530598417413, 34.4942467212677]"
F122013,50,22,0.6,"[2523.0530598417413, 40.28567385673523]"
F122013,50,22,0.7,"[2523.0530598417413, 46.087945222854614]"
F122013,50,22,0.8,"[2523.0530598417413, 51.90032744407654]"
F122013,50,22,0.9,"[2523.0530598417413, 57.684744119644165]"
F122013,50,22,1.0,"[2523.0530598417413, 63.43845224380493]"
F122013,50,23,0.01,"[2688.212999172471, 0.6555838584899902]"
F122013,50,23,0.1,"[2688.2069298305983, 5.868645668029785]"
F122013,50,23,0.2,"[2688.2069298305983, 11.691948413848877]"
F122013,50,23,0.3,"[2688.2069298305983, 17.428237199783325]"
F122013,50,23,0.4,"[2688.2069298305964, 23.164319038391113]"
F122013,50,23,0.5,"[2688.2069298305964, 28.8753821849823]"
F122013,50,23,0.6,"[2688.2069298305964, 34.598997831344604]"
F122013,50,23,0.7,"[2688.2069298305964, 40.31096792221069]"
F122013,50,23,0.8,"[2688.2069298305964, 46.05455231666565]"
F122013,50,23,0.9,"[2688.2069298305964, 51.800830602645874]"
F122013,50,23,1.0,"[2688.206929830595, 57.5587797164917]"
F122013,50,24,0.01,"[2216.735786580618, 0.628227710723877]"
F122013,50,24,0.1,"[2216.647960962964, 5.7940614223480225]"
F122013,50,24,0.2,"[2216.647960962964, 11.548155069351196]"
F122013,50,24,0.3,"[2216.647960962964, 17.295820713043213]"
F122013,50,24,0.4,"[2216.647960962964, 23.057058095932007]"
F122013,50,24,0.5,"[2216.647960962964, 28.800034284591675]"
F122013,50,24,0.6,"[2216.647960962964, 34.57449173927307]"
F122013,50,24,0.7,"[2216.647960962964, 40.33842611312866]"
F122013,50,24,0.8,"[2216.647960962964, 46.09544825553894]"
F122013,50,24,0.9,"[2216.647960962964, 51.87306308746338]"
F122013,50,24,1.0,"[2216.647960962964, 57.6614716053009]"
F122013,50,25,0.01,"[2264.9821330884865, 0.5817375183105469]"
F122013,50,25,0.1,"[2258.8420243066057, 5.74363112449646]"
F122013,50,25,0.2,"[2258.8420243066057, 11.490992546081543]"
F122013,50,25,0.3,"[2258.842024306604, 17.23367953300476]"
F122013,50,25,0.4,"[2258.842024306604, 22.97801375389099]"
F122013,50,25,0.5,"[2258.842024306604, 28.708786964416504]"
F122013,50,25,0.6,"[2258.8420243066034, 34.45553255081177]"
F122013,50,25,0.7,"[2258.8420243066034, 40.19948649406433]"
F122013,50,25,0.8,"[2258.8420243066034, 45.987382888793945]"
F122013,50,25,0.9,"[2258.8420243066034, 51.758095264434814]"
F122013,50,25,1.0,"[2258.8420243066025, 57.53729438781738]"
F122013,50,26,0.01,"[2753.9198698297573, 0.5869839191436768]"
F122013,50,26,0.1,"[2750.883219310467, 7.901949405670166]"
F122013,50,26,0.2,"[2750.8832193104663, 13.665009021759033]"
F122013,50,26,0.3,"[2750.8832193104663, 19.39948272705078]"
F122013,50,26,0.4,"[2750.8832193104663, 25.135273218154907]"
F122013,50,26,0.5,"[2750.8832193104663, 30.86068844795227]"
F122013,50,26,0.6,"[2750.8832193104663, 36.58919095993042]"
F122013,50,26,0.7,"[2750.8832193104663, 42.316598415374756]"
F122013,50,26,0.8,"[2750.8832193104663, 48.07798910140991]"
F122013,50,26,0.9,"[2750.8832193104663, 53.82918334007263]"
F122013,50,26,1.0,"[2750.8832193104654, 59.592052698135376]"
F122013,50,27,0.01,"[2250.478438538836, 0.584932804107666]"
F122013,50,27,0.1,"[2250.439930667132, 5.755128622055054]"
F122013,50,27,0.2,"[2250.439930667132, 11.51483416557312]"
F122013,50,27,0.3,"[2250.439930667132, 17.27557373046875]"
F122013,50,27,0.4,"[2250.439930667132, 23.056071758270264]"
F122013,50,27,0.5,"[2250.439930667132, 28.824846267700195]"
F122013,50,27,0.6,"[2250.439930667132, 34.59639358520508]"
F122013,50,27,0.7,"[2250.439930667132, 40.355286598205566]"
F122013,50,27,0.8,"[2250.4399306671316, 46.14449620246887]"
F122013,50,27,0.9,"[2250.4399306671316, 51.93129229545593]"
F122013,50,27,1.0,"[2250.4399306671316, 57.71493363380432]"
F122013,50,28,0.01,"[2390.193025834749, 0.5835154056549072]"
F122013,50,28,0.1,"[2389.7650831005503, 5.871749639511108]"
F122013,50,28,0.2,"[2389.7650831005503, 12.058715105056763]"
F122013,50,28,0.3,"[2389.7650831005503, 22.647101402282715]"
F122013,50,28,0.4,"[2389.7650831005494, 28.456970691680908]"
F122013,50,28,0.5,"[2389.765083100548, 34.2724244594574]"
F122013,50,28,0.6,"[2389.765083100548, 40.09379839897156]"
F122013,50,28,0.7,"[2389.765083100548, 45.906514167785645]"
F122013,50,28,0.8,"[2389.765083100548, 51.759228229522705]"
F122013,50,28,0.9,"[2389.765083100548, 57.59101748466492]"
F122013,50,28,1.0,"[2389.765083100548, 63.43695020675659]"
F122013,50,29,0.01,"[2551.931240941802, 0.5814895629882812]"
F122013,50,29,0.1,"[2550.872303635549, 5.787724494934082]"
F122013,50,29,0.2,"[2550.872303635549, 11.541106462478638]"
F122013,50,29,0.3,"[2550.872303635548, 17.315979480743408]"
F122013,50,29,0.4,"[2550.8723036355473, 23.080132961273193]"
F122013,50,29,0.5,"[2550.8723036355473, 28.832458972930908]"
F122013,50,29,0.6,"[2550.8723036355473, 34.59692645072937]"
F122013,50,29,0.7,"[2550.8723036355473, 40.355862617492676]"
F122013,50,29,0.8,"[2550.8723036355473, 46.12486243247986]"
F122013,50,29,0.9,"[2550.8723036355473, 51.86945962905884]"
F122013,50,29,1.0,"[2550.8723036355473, 57.62462377548218]"
F122013,50,30,0.01,"[1916.7700403131662, 0.5795221328735352]"
F122013,50,30,0.1,"[1899.290836729156, 5.75972843170166]"
F122013,50,30,0.2,"[1899.2908367291548, 11.517942667007446]"
F122013,50,30,0.3,"[1899.2908367291543, 17.254478216171265]"
F122013,50,30,0.4,"[1899.2908367291543, 22.985169172286987]"
F122013,50,30,0.5,"[1899.2908367291532, 28.722614526748657]"
F122013,50,30,0.6,"[1899.2908367291532, 34.468703508377075]"
F122013,50,30,0.7,"[1899.2908367291532, 40.189368724823]"
F122013,50,30,0.8,"[1899.2908367291532, 45.92005515098572]"
F122013,50,30,0.9,"[1899.2908367291532, 51.638286113739014]"
F122013,50,30,1.0,"[1899.2908367291532, 57.356528520584106]"
F122013,50,31,0.01,"[1996.7230438947659, 0.5886659622192383]"
F122013,50,31,0.1,"[1995.7973827839655, 5.729570388793945]"
F122013,50,31,0.2,"[1995.7973827839637, 11.468017339706421]"
F122013,50,31,0.3,"[1995.7973827839633, 17.178102016448975]"
F122013,50,31,0.4,"[1995.7973827839633, 22.90592622756958]"
F122013,50,31,0.5,"[1995.797382783963, 28.629680633544922]"
F122013,50,31,0.6,"[1995.797382783963, 34.365758657455444]"
F122013,50,31,0.7,"[1995.797382783963, 40.10773015022278]"
F122013,50,31,0.8,"[1995.797382783963, 45.83180832862854]"
F122013,50,31,0.9,"[1995.7973827839628, 51.57385993003845]"
F122013,50,31,1.0,"[1995.7973827839628, 57.303608655929565]"
F122013,50,32,0.01,"[2324.884035768786, 0.5930266380310059]"
F122013,50,32,0.1,"[2319.1236538570856, 5.779089689254761]"
F122013,50,32,0.2,"[2319.1236538570834, 11.550313711166382]"
F122013,50,32,0.3,"[2319.1236538570834, 17.3275363445282]"
F122013,50,32,0.4,"[2319.1236538570834, 23.106285572052002]"
F122013,50,32,0.5,"[2319.1236538570834, 28.88731050491333]"
F122013,50,32,0.6,"[2319.1236538570815, 34.67697262763977]"
F122013,50,32,0.7,"[2319.1236538570815, 40.45830154418945]"
F122013,50,32,0.8,"[2319.1236538570815, 46.24447989463806]"
F122013,50,32,0.9,"[2319.1236538570815, 52.02697563171387]"
F122013,50,32,1.0,"[2319.1236538570815, 57.81441116333008]"
F122013,50,33,0.01,"[3402.1008985413864, 0.5833213329315186]"
F122013,50,33,0.1,"[3377.9523630825256, 5.743943691253662]"
F122013,50,33,0.2,"[3377.952363082522, 12.062197208404541]"
F122013,50,33,0.3,"[3377.95236308252, 17.772570848464966]"
F122013,50,33,0.4,"[3377.95236308252, 23.514168977737427]"
F122013,50,33,0.5,"[3377.95236308252, 29.23318076133728]"
F122013,50,33,0.6,"[3377.95236308252, 34.973437547683716]"
F122013,50,33,0.7,"[3377.95236308252, 40.71001935005188]"
F122013,50,33,0.8,"[3377.95236308252, 46.47397780418396]"
F122013,50,33,0.9,"[3377.95236308252, 52.21890830993652]"
F122013,50,33,1.0,"[3377.95236308252, 57.96400308609009]"
F122013,50,34,0.01,"[1573.283372743181, 0.5938818454742432]"
F122013,50,34,0.1,"[1572.9697761951952, 5.7972190380096436]"
F122013,50,34,0.2,"[1572.9697761951945, 11.563337326049805]"
F122013,50,34,0.3,"[1572.9697761951945, 17.32492470741272]"
F122013,50,34,0.4,"[1572.9697761951932, 23.084930419921875]"
F122013,50,34,0.5,"[1572.9697761951932, 28.822807550430298]"
F122013,50,34,0.6,"[1572.9697761951932, 34.556225299835205]"
F122013,50,34,0.7,"[1572.9697761951932, 40.294867753982544]"
F122013,50,34,0.8,"[1572.9697761951932, 46.05535101890564]"
F122013,50,34,0.9,"[1572.9697761951925, 51.823588848114014]"
F122013,50,34,1.0,"[1572.9697761951925, 57.610223054885864]"
F122013,50,35,0.01,"[2934.118605898552, 0.580406665802002]"
F122013,50,35,0.1,"[2931.875108242829, 5.808539390563965]"
F122013,50,35,0.2,"[2931.8751082428284, 11.558470487594604]"
F122013,50,35,0.3,"[2931.8751082428253, 17.532673120498657]"
F122013,50,35,0.4,"[2931.8751082428253, 23.29464364051819]"
F122013,50,35,0.5,"[2931.8751082428253, 29.03870415687561]"
F122013,50,35,0.6,"[2931.8751082428253, 34.796011447906494]"
F122013,50,35,0.7,"[2931.8751082428253, 40.553828954696655]"
F122013,50,35,0.8,"[2931.8751082428253, 46.3463830947876]"
F122013,50,35,0.9,"[2931.8751082428253, 52.12975573539734]"
F122013,50,35,1.0,"[2931.8751082428253, 57.9275381565094]"
F122013,50,36,0.01,"[2703.6213333566666, 0.5834455490112305]"
F122013,50,36,0.1,"[2703.4800599221708, 5.770327091217041]"
F122013,50,36,0.2,"[2703.4800599221667, 11.550308227539062]"
F122013,50,36,0.3,"[2703.4800599221644, 17.330859184265137]"
F122013,50,36,0.4,"[2703.4800599221644, 23.099791288375854]"
F122013,50,36,0.5,"[2703.4800599221644, 28.859288215637207]"
F122013,50,36,0.6,"[2703.4800599221644, 34.638261556625366]"
F122013,50,36,0.7,"[2703.4800599221644, 40.40929079055786]"
F122013,50,36,0.8,"[2703.4800599221644, 46.21145462989807]"
F122013,50,36,0.9,"[2703.4800599221644, 51.995628118515015]"
F122013,50,36,1.0,"[2703.4800599221644, 57.78698968887329]"
F122013,50,37,0.01,"[2643.905854688438, 0.5802621841430664]"
F122013,50,37,0.1,"[2642.431795320111, 5.731335163116455]"
F122013,50,37,0.2,"[2642.431795320111, 11.483964920043945]"
F122013,50,37,0.3,"[2642.431795320111, 17.22501230239868]"
F122013,50,37,0.4,"[2642.431795320111, 22.965100288391113]"
F122013,50,37,0.5,"[2642.431795320111, 28.700626134872437]"
F122013,50,37,0.6,"[2642.431795320109, 34.43736696243286]"
F122013,50,37,0.7,"[2642.431795320109, 40.165977478027344]"
F122013,50,37,0.8,"[2642.4317953201075, 45.94652342796326]"
F122013,50,37,0.9,"[2642.4317953201075, 51.719361782073975]"
F122013,50,37,1.0,"[2642.4317953201075, 57.48241710662842]"
F122013,50,38,0.01,"[2140.6020713077637, 0.5798540115356445]"
F122013,50,38,0.1,"[2133.089970832305, 5.715847969055176]"
F122013,50,38,0.2,"[2133.089970820742, 11.44808554649353]"
F122013,50,38,0.3,"[2133.089970820742, 17.164202213287354]"
F122013,50,38,0.4,"[2133.089970820742, 22.883705139160156]"
F122013,50,38,0.5,"[2133.0899708207394, 28.585962533950806]"
F122013,50,38,0.6,"[2133.0899708207394, 34.295804262161255]"
F122013,50,38,0.7,"[2133.0899708207394, 40.003106355667114]"
F122013,50,38,0.8,"[2133.0899708207394, 45.75855278968811]"
F122013,50,38,0.9,"[2133.0899708207394, 51.49572467803955]"
F122013,50,38,1.0,"[2133.0899708207394, 57.24749755859375]"
F122013,50,39,0.01,"[3380.8503253571917, 0.5840318202972412]"
F122013,50,39,0.1,"[3377.6116310878383, 5.774427175521851]"
F122013,50,39,0.2,"[3377.6116310878365, 11.572063446044922]"
F122013,50,39,0.3,"[3377.611631087836, 17.42155647277832]"
F122013,50,39,0.4,"[3377.611631087836, 23.19015336036682]"
F122013,50,39,0.5,"[3377.611631087836, 28.95008087158203]"
F122013,50,39,0.6,"[3377.611631087836, 34.720704555511475]"
F122013,50,39,0.7,"[3377.611631087836, 40.503472566604614]"
F122013,50,39,0.8,"[3377.611631087836, 46.31009650230408]"
F122013,50,39,0.9,"[3377.611631087836, 52.08922481536865]"
F122013,50,39,1.0,"[3377.611631087836, 57.87587571144104]"
F122013,50,40,0.01,"[3041.4696723619318, 0.5820305347442627]"
F122013,50,40,0.1,"[3040.371829952241, 5.825753927230835]"
F122013,50,40,0.2,"[3040.3718299522398, 11.582737922668457]"
F122013,50,40,0.3,"[3040.3718299522398, 17.44426131248474]"
F122013,50,40,0.4,"[3040.3718299522398, 23.188072204589844]"
F122013,50,40,0.5,"[3040.371829952237, 28.919048070907593]"
F122013,50,40,0.6,"[3040.371829952237, 34.65208911895752]"
F122013,50,40,0.7,"[3040.371829952237, 40.369529247283936]"
F122013,50,40,0.8,"[3040.371829952237, 46.1155846118927]"
F122013,50,40,0.9,"[3040.371829952237, 51.84207630157471]"
F122013,50,40,1.0,"[3040.371829952237, 57.57204985618591]"
F122013,50,41,0.01,"[2851.633400962854, 0.5841114521026611]"
F122013,50,41,0.1,"[2847.268167992978, 5.7791173458099365]"
F122013,50,41,0.2,"[2847.2681679929774, 11.564870119094849]"
F122013,50,41,0.3,"[2847.2681679929774, 17.33828330039978]"
F122013,50,41,0.4,"[2847.2681679929774, 23.131832599639893]"
F122013,50,41,0.5,"[2847.2681679929774, 28.89327836036682]"
F122013,50,41,0.6,"[2847.2681679929774, 34.659152030944824]"
F122013,50,41,0.7,"[2847.2681679929774, 40.405670166015625]"
F122013,50,41,0.8,"[2847.2681679929774, 46.1844744682312]"
F122013,50,41,0.9,"[2847.2681679929774, 51.94038939476013]"
F122013,50,41,1.0,"[2847.2681679929774, 57.716044425964355]"
F122013,50,42,0.01,"[2894.461504790644, 0.5845162868499756]"
F122013,50,42,0.1,"[2890.1781290309805, 5.771169424057007]"
F122013,50,42,0.2,"[2890.178129030976, 11.552635908126831]"
F122013,50,42,0.3,"[2890.178129030976, 17.30989933013916]"
F122013,50,42,0.4,"[2890.178129030976, 23.06965732574463]"
F122013,50,42,0.5,"[2890.178129030976, 28.82091212272644]"
F122013,50,42,0.6,"[2890.178129030976, 34.56843304634094]"
F122013,50,42,0.7,"[2890.178129030976, 40.31272530555725]"
F122013,50,42,0.8,"[2890.178129030976, 46.08112406730652]"
F122013,50,42,0.9,"[2890.178129030976, 51.84820318222046]"
F122013,50,42,1.0,"[2890.178129030976, 57.6264762878418]"
F122013,50,43,0.01,"[3496.392267945214, 0.5845084190368652]"
F122013,50,43,0.1,"[3482.05236301422, 5.777435064315796]"
F122013,50,43,0.2,"[3482.05236301422, 11.5580153465271]"
F122013,50,43,0.3,"[3482.05236301422, 17.340336799621582]"
F122013,50,43,0.4,"[3482.0523630142197, 23.121469259262085]"
F122013,50,43,0.5,"[3482.052363014219, 28.87947940826416]"
F122013,50,43,0.6,"[3482.052363014219, 34.63436675071716]"
F122013,50,43,0.7,"[3482.052363014219, 40.38639307022095]"
F122013,50,43,0.8,"[3482.052363014219, 46.17565631866455]"
F122013,50,43,0.9,"[3482.052363014219, 51.95530343055725]"
F122013,50,43,1.0,"[3482.052363014219, 57.74843668937683]"
F122013,50,44,0.01,"[2867.7685770883104, 0.5824522972106934]"
F122013,50,44,0.1,"[2865.3969965857827, 5.748437881469727]"
F122013,50,44,0.2,"[2865.3969965857827, 11.502462148666382]"
F122013,50,44,0.3,"[2865.3969965857827, 17.25241255760193]"
F122013,50,44,0.4,"[2865.3969965857827, 23.012460947036743]"
F122013,50,44,0.5,"[2865.3969965857827, 28.762041091918945]"
F122013,50,44,0.6,"[2865.396996585782, 34.5274600982666]"
F122013,50,44,0.7,"[2865.396996585782, 40.274548292160034]"
F122013,50,44,0.8,"[2865.396996585782, 46.060542583465576]"
F122013,50,44,0.9,"[2865.396996585782, 51.84715390205383]"
F122013,50,44,1.0,"[2865.396996585782, 57.63347578048706]"
F122013,50,45,0.01,"[2704.0646857306137, 0.598334789276123]"
F122013,50,45,0.1,"[2700.1790666580914, 5.7558276653289795]"
F122013,50,45,0.2,"[2700.1790666580887, 11.505109786987305]"
F122013,50,45,0.3,"[2700.1790666580887, 17.24995732307434]"
F122013,50,45,0.4,"[2700.1790666580887, 23.005340337753296]"
F122013,50,45,0.5,"[2700.1790666580887, 28.749958515167236]"
F122013,50,45,0.6,"[2700.179066658088, 34.5161018371582]"
F122013,50,45,0.7,"[2700.1790666580873, 40.28392720222473]"
F122013,50,45,0.8,"[2700.1790666580873, 46.06650519371033]"
F122013,50,45,0.9,"[2700.1790666580873, 51.846935510635376]"
F122013,50,45,1.0,"[2700.1790666580873, 57.64128303527832]"
F122013,50,46,0.01,"[2550.797361512132, 0.5843913555145264]"
F122013,50,46,0.1,"[2549.281649594688, 5.752549409866333]"
F122013,50,46,0.2,"[2549.281649594685, 11.511383056640625]"
F122013,50,46,0.3,"[2549.281649594685, 17.28291893005371]"
F122013,50,46,0.4,"[2549.281649594685, 23.055167198181152]"
F122013,50,46,0.5,"[2549.281649594685, 28.809998273849487]"
F122013,50,46,0.6,"[2549.281649594685, 34.59163212776184]"
F122013,50,46,0.7,"[2549.281649594685, 40.35806179046631]"
F122013,50,46,0.8,"[2549.281649594685, 46.16417932510376]"
F122013,50,46,0.9,"[2549.281649594685, 51.969549894332886]"
F122013,50,46,1.0,"[2549.281649594685, 57.77896547317505]"
F122013,50,47,0.01,"[2069.317093486189, 0.57930588722229]"
F122013,50,47,0.1,"[2066.355771947139, 5.725329875946045]"
F122013,50,47,0.2,"[2066.355771947139, 11.459837913513184]"
F122013,50,47,0.3,"[2066.3557719471382, 17.190556049346924]"
F122013,50,47,0.4,"[2066.3557719471382, 22.922833681106567]"
F122013,50,47,0.5,"[2066.3557719471382, 28.648709535598755]"
F122013,50,47,0.6,"[2066.3557719471382, 34.38050603866577]"
F122013,50,47,0.7,"[2066.355771947136, 40.10946536064148]"
F122013,50,47,0.8,"[2066.355771947136, 45.86558794975281]"
F122013,50,47,0.9,"[2066.355771947136, 51.613452434539795]"
F122013,50,47,1.0,"[2066.355771947136, 57.36692833900452]"
F122013,50,48,0.01,"[1929.8604931875288, 0.5852358341217041]"
F122013,50,48,0.1,"[1929.7990543090966, 5.779592990875244]"
F122013,50,48,0.2,"[1929.7990543090966, 11.525742769241333]"
F122013,50,48,0.3,"[1929.7990543090966, 17.276360034942627]"
F122013,50,48,0.4,"[1929.7990543090966, 23.065592765808105]"
F122013,50,48,0.5,"[1929.7990543090955, 28.86137557029724]"
F122013,50,48,0.6,"[1929.7990543090955, 34.65546441078186]"
F122013,50,48,0.7,"[1929.7990543090955, 40.4291045665741]"
F122013,50,48,0.8,"[1929.7990543090955, 46.20919466018677]"
F122013,50,48,0.9,"[1929.7990543090955, 51.97514486312866]"
F122013,50,48,1.0,"[1929.7990543090955, 57.756195068359375]"
F122013,50,49,0.01,"[2048.2039724512742, 0.5849554538726807]"
F122013,50,49,0.1,"[2036.5692363402686, 5.795453071594238]"
F122013,50,49,0.2,"[2036.5692363402652, 11.56166124343872]"
F122013,50,49,0.3,"[2036.5692363402652, 17.336502075195312]"
F122013,50,49,0.4,"[2036.5692363402652, 23.147823333740234]"
F122013,50,49,0.5,"[2036.5692363402652, 28.96430516242981]"
F122013,50,49,0.6,"[2036.5692363402652, 34.78404712677002]"
F122013,50,49,0.7,"[2036.5692363402652, 40.575114250183105]"
F122013,50,49,0.8,"[2036.5692363402652, 46.37307620048523]"
F122013,50,49,0.9,"[2036.5692363402652, 52.16650438308716]"
F122013,50,49,1.0,"[2036.5692363402652, 57.970614433288574]"
F122013,50,50,0.01,"[1919.0956650035437, 0.5856077671051025]"
F122013,50,50,0.1,"[1918.2169005562025, 5.7772908210754395]"
F122013,50,50,0.2,"[1918.2169005562016, 11.549185752868652]"
F122013,50,50,0.3,"[1918.2169005562016, 17.301934003829956]"
F122013,50,50,0.4,"[1918.2169005562, 23.045404195785522]"
F122013,50,50,0.5,"[1918.2169005562, 28.791435480117798]"
F122013,50,50,0.6,"[1918.2169005562, 34.53274607658386]"
F122013,50,50,0.7,"[1918.2169005562, 40.247474670410156]"
F122013,50,50,0.8,"[1918.2169005562, 45.96428465843201]"
F122013,50,50,0.9,"[1918.2169005562, 51.67457604408264]"
F122013,50,50,1.0,"[1918.2169005562, 57.37652039527893]"
