function,dimension,run,checkpoint,error
F112013,10,0,0.01,"[683.8497546253262, 0.10631823539733887]"
F112013,10,0,0.1,"[683.4841059405123, 0.7513082027435303]"
F112013,10,0,0.2,"[683.4841059405123, 1.466557502746582]"
F112013,10,0,0.3,"[683.4841059405123, 2.18133282661438]"
F112013,10,0,0.4,"[683.4841059405123, 2.896825075149536]"
F112013,10,0,0.5,"[683.4841059405123, 3.6120035648345947]"
F112013,10,0,0.6,"[683.4841059405123, 4.32618260383606]"
F112013,10,0,0.7,"[683.4841059405123, 5.040118217468262]"
F112013,10,0,0.8,"[683.4841059405123, 5.754514932632446]"
F112013,10,0,0.9,"[683.4841059405123, 6.465095520019531]"
F112013,10,0,1.0,"[683.4841059405123, 7.175369739532471]"
F112013,10,1,0.01,"[839.6608453569951, 0.07315301895141602]"
F112013,10,1,0.1,"[839.6602005533958, 0.7217869758605957]"
F112013,10,1,0.2,"[839.6602005533958, 1.4457507133483887]"
F112013,10,1,0.3,"[839.6602005533958, 2.166581869125366]"
F112013,10,1,0.4,"[839.6602005533958, 2.886481761932373]"
F112013,10,1,0.5,"[839.6602005533958, 3.610661506652832]"
F112013,10,1,0.6,"[839.6602005533958, 4.335210084915161]"
F112013,10,1,0.7,"[839.6602005533958, 5.0611138343811035]"
F112013,10,1,0.8,"[839.6602005533958, 5.786330223083496]"
F112013,10,1,0.9,"[839.6602005533958, 6.5145263671875]"
F112013,10,1,1.0,"[839.6602005533958, 7.240772247314453]"
F112013,10,2,0.01,"[341.26316834951064, 0.1520841121673584]"
F112013,10,2,0.1,"[341.26316832396924, 0.8143706321716309]"
F112013,10,2,0.2,"[341.26316832396924, 1.5386433601379395]"
F112013,10,2,0.3,"[341.26316832396924, 2.2614777088165283]"
F112013,10,2,0.4,"[341.26316832396924, 2.98309063911438]"
F112013,10,2,0.5,"[341.26316832396924, 3.714387893676758]"
F112013,10,2,0.6,"[341.26316832396924, 4.439900875091553]"
F112013,10,2,0.7,"[341.26316832396924, 5.167008638381958]"
F112013,10,2,0.8,"[341.26316832396924, 5.8940863609313965]"
F112013,10,2,0.9,"[341.26316832396924, 6.624905586242676]"
F112013,10,2,1.0,"[341.26316832396924, 7.353649139404297]"
F112013,10,3,0.01,"[622.8249926243759, 0.13754630088806152]"
F112013,10,3,0.1,"[622.7998495459785, 0.8224232196807861]"
F112013,10,3,0.2,"[622.7998495459785, 1.5429127216339111]"
F112013,10,3,0.3,"[622.7998495459785, 2.2617294788360596]"
F112013,10,3,0.4,"[622.7998495459785, 2.9818429946899414]"
F112013,10,3,0.5,"[622.7998495459785, 3.7021827697753906]"
F112013,10,3,0.6,"[622.7998495459785, 4.422624826431274]"
F112013,10,3,0.7,"[622.7998495459785, 5.142265558242798]"
F112013,10,3,0.8,"[622.7998495459785, 5.859666585922241]"
F112013,10,3,0.9,"[622.7998495459785, 6.580148458480835]"
F112013,10,3,1.0,"[622.7998495459785, 7.300637483596802]"
F112013,10,4,0.01,"[1006.8081343249137, 0.13768649101257324]"
F112013,10,4,0.1,"[1006.8061976434068, 0.8198275566101074]"
F112013,10,4,0.2,"[1006.8061976434068, 1.5356700420379639]"
F112013,10,4,0.3,"[1006.8061976434068, 2.251251697540283]"
F112013,10,4,0.4,"[1006.8061976434068, 2.965628147125244]"
F112013,10,4,0.5,"[1006.8061976434068, 3.681309700012207]"
F112013,10,4,0.6,"[1006.8061976434068, 4.398149013519287]"
F112013,10,4,0.7,"[1006.8061976434068, 5.115801572799683]"
F112013,10,4,0.8,"[1006.8061976434068, 5.836530447006226]"
F112013,10,4,0.9,"[1006.8061976434068, 6.556732654571533]"
F112013,10,4,1.0,"[1006.8061976434068, 7.277226209640503]"
F112013,10,5,0.01,"[349.23399327607285, 0.11627674102783203]"
F112013,10,5,0.1,"[349.2057856977365, 0.7626333236694336]"
F112013,10,5,0.2,"[349.2057856977365, 1.4831573963165283]"
F112013,10,5,0.3,"[349.2057856977365, 2.200861692428589]"
F112013,10,5,0.4,"[349.2057856977365, 2.916166067123413]"
F112013,10,5,0.5,"[349.2057856977365, 3.6333470344543457]"
F112013,10,5,0.6,"[349.2057856977365, 4.350462913513184]"
F112013,10,5,0.7,"[349.2057856977365, 5.06789231300354]"
F112013,10,5,0.8,"[349.2057856977365, 5.790233850479126]"
F112013,10,5,0.9,"[349.2057856977365, 6.513157606124878]"
F112013,10,5,1.0,"[349.2057856977365, 7.230832099914551]"
F112013,10,6,0.01,"[1223.6143073984624, 0.1577141284942627]"
F112013,10,6,0.1,"[1223.60886670961, 0.8525280952453613]"
F112013,10,6,0.2,"[1223.60886670961, 1.5722267627716064]"
F112013,10,6,0.3,"[1223.60886670961, 2.289397716522217]"
F112013,10,6,0.4,"[1223.60886670961, 3.006605625152588]"
F112013,10,6,0.5,"[1223.60886670961, 3.7286880016326904]"
F112013,10,6,0.6,"[1223.60886670961, 4.450964450836182]"
F112013,10,6,0.7,"[1223.60886670961, 5.171683073043823]"
F112013,10,6,0.8,"[1223.60886670961, 5.892693996429443]"
F112013,10,6,0.9,"[1223.60886670961, 6.610464334487915]"
F112013,10,6,1.0,"[1223.60886670961, 7.3293633460998535]"
F112013,10,7,0.01,"[534.2739739406544, 0.09503793716430664]"
F112013,10,7,0.1,"[534.2563357552393, 0.7372260093688965]"
F112013,10,7,0.2,"[534.2563357552393, 1.4503672122955322]"
F112013,10,7,0.3,"[534.2563357552393, 2.159327507019043]"
F112013,10,7,0.4,"[534.2563357552393, 2.868377923965454]"
F112013,10,7,0.5,"[534.2563357552393, 3.577793598175049]"
F112013,10,7,0.6,"[534.2563357552393, 4.286311388015747]"
F112013,10,7,0.7,"[534.2563357552393, 4.995111703872681]"
F112013,10,7,0.8,"[534.2563357552393, 5.703856945037842]"
F112013,10,7,0.9,"[534.2563357552393, 6.413585186004639]"
F112013,10,7,1.0,"[534.2563357552393, 7.127174377441406]"
F112013,10,8,0.01,"[437.7050032435869, 0.07267117500305176]"
F112013,10,8,0.1,"[437.7050032435869, 0.7170219421386719]"
F112013,10,8,0.2,"[437.7050032435869, 1.4326088428497314]"
F112013,10,8,0.3,"[437.7050032435869, 2.1451005935668945]"
F112013,10,8,0.4,"[437.7050032435869, 2.8543176651000977]"
F112013,10,8,0.5,"[437.7050032435869, 3.5643222332000732]"
F112013,10,8,0.6,"[437.7050032435869, 4.27425479888916]"
F112013,10,8,0.7,"[437.7050032435869, 4.9884257316589355]"
F112013,10,8,0.8,"[437.7050032435869, 5.700933456420898]"
F112013,10,8,0.9,"[437.7050032435869, 6.417425870895386]"
F112013,10,8,1.0,"[437.7050032435869, 7.13578987121582]"
F112013,10,9,0.01,"[744.3794608556616, 0.14482665061950684]"
F112013,10,9,0.1,"[744.3794568098754, 0.8273727893829346]"
F112013,10,9,0.2,"[744.3794568098754, 1.5482382774353027]"
F112013,10,9,0.3,"[744.3794568098754, 2.2676279544830322]"
F112013,10,9,0.4,"[744.3794568098754, 2.9870240688323975]"
F112013,10,9,0.5,"[744.3794568098754, 3.7056403160095215]"
F112013,10,9,0.6,"[744.3794568098754, 4.423697233200073]"
F112013,10,9,0.7,"[744.3794568098754, 5.140398263931274]"
F112013,10,9,0.8,"[744.3794568098754, 5.854382038116455]"
F112013,10,9,0.9,"[744.3794568098754, 6.56915545463562]"
F112013,10,9,1.0,"[744.3794568098754, 7.2840118408203125]"
F112013,10,10,0.01,"[487.50660799183595, 0.11913061141967773]"
F112013,10,10,0.1,"[487.50422714930966, 0.7579219341278076]"
F112013,10,10,0.2,"[487.50422714930966, 1.4701879024505615]"
F112013,10,10,0.3,"[487.50422714930966, 2.181946039199829]"
F112013,10,10,0.4,"[487.50422714930966, 2.893265724182129]"
F112013,10,10,0.5,"[487.50422714930966, 3.6054458618164062]"
F112013,10,10,0.6,"[487.50422714930966, 4.317582607269287]"
F112013,10,10,0.7,"[487.50422714930966, 5.031148910522461]"
F112013,10,10,0.8,"[487.50422714930966, 5.746981143951416]"
F112013,10,10,0.9,"[487.50422714930966, 6.461318254470825]"
F112013,10,10,1.0,"[487.50422714930966, 7.175724983215332]"
F112013,10,11,0.01,"[345.2336762695178, 0.15147709846496582]"
F112013,10,11,0.1,"[345.2336742461129, 0.8230657577514648]"
F112013,10,11,0.2,"[345.2336742461129, 1.544196367263794]"
F112013,10,11,0.3,"[345.2336742461129, 2.2638847827911377]"
F112013,10,11,0.4,"[345.2336742461129, 2.9855129718780518]"
F112013,10,11,0.5,"[345.2336742461129, 3.706511974334717]"
F112013,10,11,0.6,"[345.2336742461129, 4.426476240158081]"
F112013,10,11,0.7,"[345.2336742461129, 5.146189212799072]"
F112013,10,11,0.8,"[345.2336742461129, 5.865591526031494]"
F112013,10,11,0.9,"[345.2336742461129, 6.585146188735962]"
F112013,10,11,1.0,"[345.2336742461129, 7.30475378036499]"
F112013,10,12,0.01,"[478.8034441981873, 0.11403465270996094]"
F112013,10,12,0.1,"[478.5356973846195, 0.7596044540405273]"
F112013,10,12,0.2,"[478.5356973846195, 1.478466510772705]"
F112013,10,12,0.3,"[478.5356973846195, 2.198702573776245]"
F112013,10,12,0.4,"[478.5356973846195, 2.9201114177703857]"
F112013,10,12,0.5,"[478.5356973846195, 3.638772964477539]"
F112013,10,12,0.6,"[478.5356973846195, 4.362764835357666]"
F112013,10,12,0.7,"[478.5356973846195, 5.087587118148804]"
F112013,10,12,0.8,"[478.5356973846195, 5.8099281787872314]"
F112013,10,12,0.9,"[478.5356973846195, 6.530970573425293]"
F112013,10,12,1.0,"[478.5356973846195, 7.250477075576782]"
F112013,10,13,0.01,"[976.9771009620454, 0.0726311206817627]"
F112013,10,13,0.1,"[976.8723251859045, 0.7153325080871582]"
F112013,10,13,0.2,"[976.8723251859045, 1.4294099807739258]"
F112013,10,13,0.3,"[976.8723251859045, 2.1379334926605225]"
F112013,10,13,0.4,"[976.8723251859045, 2.848677635192871]"
F112013,10,13,0.5,"[976.8723251859045, 3.556809186935425]"
F112013,10,13,0.6,"[976.8723251859045, 4.264087200164795]"
F112013,10,13,0.7,"[976.8723251859045, 4.9724814891815186]"
F112013,10,13,0.8,"[976.8723251859045, 5.680495977401733]"
F112013,10,13,0.9,"[976.8723251859045, 6.386306285858154]"
F112013,10,13,1.0,"[976.8723251859045, 7.098145246505737]"
F112013,10,14,0.01,"[415.87836846693625, 0.07323789596557617]"
F112013,10,14,0.1,"[415.8661575345185, 0.7215566635131836]"
F112013,10,14,0.2,"[415.8661575260527, 1.4410462379455566]"
F112013,10,14,0.3,"[415.86615751783813, 2.1528985500335693]"
F112013,10,14,0.4,"[415.86615751163345, 2.8675596714019775]"
F112013,10,14,0.5,"[415.86615750695125, 3.5850863456726074]"
F112013,10,14,0.6,"[415.8661575004795, 4.299981117248535]"
F112013,10,14,0.7,"[415.8661574947519, 5.017248868942261]"
F112013,10,14,0.8,"[415.86615749047695, 5.731188058853149]"
F112013,10,14,0.9,"[415.86615748391904, 6.443392992019653]"
F112013,10,14,1.0,"[415.86615747926703, 7.161663055419922]"
F112013,10,15,0.01,"[901.9738027659037, 0.0732567310333252]"
F112013,10,15,0.1,"[901.9737784920179, 0.7187387943267822]"
F112013,10,15,0.2,"[901.9737784920179, 1.4402782917022705]"
F112013,10,15,0.3,"[901.9737784920179, 2.159778356552124]"
F112013,10,15,0.4,"[901.9737784920179, 2.8785011768341064]"
F112013,10,15,0.5,"[901.9737784920179, 3.6007025241851807]"
F112013,10,15,0.6,"[901.9737784920179, 4.323869705200195]"
F112013,10,15,0.7,"[901.9737784920179, 5.048941373825073]"
F112013,10,15,0.8,"[901.9737784920179, 5.774029016494751]"
F112013,10,15,0.9,"[901.9737784920179, 6.546029329299927]"
F112013,10,15,1.0,"[901.9737784920179, 7.2711803913116455]"
F112013,10,16,0.01,"[724.2785685983054, 0.07240986824035645]"
F112013,10,16,0.1,"[724.2785679369575, 0.7146697044372559]"
F112013,10,16,0.2,"[724.2785679369575, 1.4279050827026367]"
F112013,10,16,0.3,"[724.2785679369575, 2.136078357696533]"
F112013,10,16,0.4,"[724.2785679369575, 2.8475983142852783]"
F112013,10,16,0.5,"[724.2785679369575, 3.5579702854156494]"
F112013,10,16,0.6,"[724.2785679369575, 4.269498586654663]"
F112013,10,16,0.7,"[724.2785679369575, 4.981095552444458]"
F112013,10,16,0.8,"[724.2785679369575, 5.688927412033081]"
F112013,10,16,0.9,"[724.2785679369575, 6.395308494567871]"
F112013,10,16,1.0,"[724.2785679369575, 7.106826066970825]"
F112013,10,17,0.01,"[272.59576357579925, 0.10504412651062012]"
F112013,10,17,0.1,"[272.5957634400797, 0.7487647533416748]"
F112013,10,17,0.2,"[272.5957634400797, 1.465322732925415]"
F112013,10,17,0.3,"[272.5957634400797, 2.1808371543884277]"
F112013,10,17,0.4,"[272.5957634400797, 2.895932912826538]"
F112013,10,17,0.5,"[272.5957634400797, 3.6113765239715576]"
F112013,10,17,0.6,"[272.5957634400797, 4.325233221054077]"
F112013,10,17,0.7,"[272.5957634400797, 5.038338899612427]"
F112013,10,17,0.8,"[272.5957634400797, 5.749611139297485]"
F112013,10,17,0.9,"[272.5957634400797, 6.461592435836792]"
F112013,10,17,1.0,"[272.5957634400797, 7.173283100128174]"
F112013,10,18,0.01,"[585.859446786312, 0.07263064384460449]"
F112013,10,18,0.1,"[585.5499784385862, 0.7209539413452148]"
F112013,10,18,0.2,"[585.5499784385858, 1.4417498111724854]"
F112013,10,18,0.3,"[585.5499784385858, 2.1609630584716797]"
F112013,10,18,0.4,"[585.5499784385858, 2.879223346710205]"
F112013,10,18,0.5,"[585.5499784385858, 3.597419500350952]"
F112013,10,18,0.6,"[585.5499784385858, 4.31488037109375]"
F112013,10,18,0.7,"[585.5499784385858, 5.031440019607544]"
F112013,10,18,0.8,"[585.5499784385858, 5.764055013656616]"
F112013,10,18,0.9,"[585.5499784385858, 6.483745098114014]"
F112013,10,18,1.0,"[585.5499784385858, 7.198323011398315]"
F112013,10,19,0.01,"[374.0907339460904, 0.10915684700012207]"
F112013,10,19,0.1,"[374.0907339437821, 0.7531332969665527]"
F112013,10,19,0.2,"[374.0907339437821, 1.4703369140625]"
F112013,10,19,0.3,"[374.0907339437821, 2.183889150619507]"
F112013,10,19,0.4,"[374.0907339437821, 2.8979241847991943]"
F112013,10,19,0.5,"[374.0907339437821, 3.6128032207489014]"
F112013,10,19,0.6,"[374.0907339437821, 4.329797267913818]"
F112013,10,19,0.7,"[374.0907339437821, 5.047986030578613]"
F112013,10,19,0.8,"[374.0907339437821, 5.764394760131836]"
F112013,10,19,0.9,"[374.0907339437821, 6.483583450317383]"
F112013,10,19,1.0,"[374.0907339437821, 7.202989339828491]"
F112013,10,20,0.01,"[886.4903168041726, 0.14481091499328613]"
F112013,10,20,0.1,"[886.4018188769037, 0.8271112442016602]"
F112013,10,20,0.2,"[886.4018188744742, 1.5487537384033203]"
F112013,10,20,0.3,"[886.4018188744742, 2.2675538063049316]"
F112013,10,20,0.4,"[886.4018188744742, 2.9865074157714844]"
F112013,10,20,0.5,"[886.4018188744742, 3.704176902770996]"
F112013,10,20,0.6,"[886.4018188744742, 4.420164108276367]"
F112013,10,20,0.7,"[886.4018188744742, 5.135647773742676]"
F112013,10,20,0.8,"[886.4018188744742, 5.847574472427368]"
F112013,10,20,0.9,"[886.4018188744742, 6.561607837677002]"
F112013,10,20,1.0,"[886.4018188744742, 7.275606632232666]"
F112013,10,21,0.01,"[566.1934307125855, 0.07256245613098145]"
F112013,10,21,0.1,"[566.0961230240955, 0.7136471271514893]"
F112013,10,21,0.2,"[566.0961230240955, 1.427565574645996]"
F112013,10,21,0.3,"[566.0961230240955, 2.1399424076080322]"
F112013,10,21,0.4,"[566.0961230240955, 2.853365421295166]"
F112013,10,21,0.5,"[566.0961230240955, 3.5663297176361084]"
F112013,10,21,0.6,"[566.0961230240955, 4.28184175491333]"
F112013,10,21,0.7,"[566.0961230240955, 4.999363899230957]"
F112013,10,21,0.8,"[566.0961230240955, 5.716984987258911]"
F112013,10,21,0.9,"[566.0961230240955, 6.434473037719727]"
F112013,10,21,1.0,"[566.0961230240955, 7.152872562408447]"
F112013,10,22,0.01,"[1074.4727500160893, 0.07275605201721191]"
F112013,10,22,0.1,"[1074.4727345177364, 0.7154450416564941]"
F112013,10,22,0.2,"[1074.4727345177364, 1.4314186573028564]"
F112013,10,22,0.3,"[1074.4727345177364, 2.1437437534332275]"
F112013,10,22,0.4,"[1074.4727345177364, 2.8545897006988525]"
F112013,10,22,0.5,"[1074.4727345177364, 3.562695264816284]"
F112013,10,22,0.6,"[1074.4727345177364, 4.271108627319336]"
F112013,10,22,0.7,"[1074.4727345177364, 4.9841628074646]"
F112013,10,22,0.8,"[1074.4727345177364, 5.6962339878082275]"
F112013,10,22,0.9,"[1074.4727345177364, 6.411168813705444]"
F112013,10,22,1.0,"[1074.4727345177364, 7.128000020980835]"
F112013,10,23,0.01,"[779.9679438086873, 0.07201385498046875]"
F112013,10,23,0.1,"[779.9679383741857, 0.711789608001709]"
F112013,10,23,0.2,"[779.9679383741857, 1.4250359535217285]"
F112013,10,23,0.3,"[779.9679383741857, 2.1350581645965576]"
F112013,10,23,0.4,"[779.9679383741857, 2.8383030891418457]"
F112013,10,23,0.5,"[779.9679383741857, 3.5534567832946777]"
F112013,10,23,0.6,"[779.9679383741857, 4.258233070373535]"
F112013,10,23,0.7,"[779.9679383741857, 4.967605829238892]"
F112013,10,23,0.8,"[779.9679383741857, 5.67536735534668]"
F112013,10,23,0.9,"[779.9679383741857, 6.400262832641602]"
F112013,10,23,1.0,"[779.9679383741857, 7.112292051315308]"
F112013,10,24,0.01,"[474.5743883519933, 0.07267069816589355]"
F112013,10,24,0.1,"[474.5743879715109, 0.7157604694366455]"
F112013,10,24,0.2,"[474.5743879715109, 1.4402508735656738]"
F112013,10,24,0.3,"[474.5743879715109, 2.1524415016174316]"
F112013,10,24,0.4,"[474.5743879715109, 2.8634161949157715]"
F112013,10,24,0.5,"[474.5743879715109, 3.575197696685791]"
F112013,10,24,0.6,"[474.5743879715109, 4.288564682006836]"
F112013,10,24,0.7,"[474.5743879715109, 5.002943515777588]"
F112013,10,24,0.8,"[474.5743879715109, 5.7140421867370605]"
F112013,10,24,0.9,"[474.5743879715109, 6.429371118545532]"
F112013,10,24,1.0,"[474.5743879715109, 7.143449306488037]"
F112013,10,25,0.01,"[310.4191156193317, 0.13537049293518066]"
F112013,10,25,0.1,"[310.4091121255924, 0.840421199798584]"
F112013,10,25,0.2,"[310.4091121255924, 1.5547947883605957]"
F112013,10,25,0.3,"[310.4091121255924, 2.2648870944976807]"
F112013,10,25,0.4,"[310.4091121255924, 2.9741148948669434]"
F112013,10,25,0.5,"[310.4091121255924, 3.6840221881866455]"
F112013,10,25,0.6,"[310.4091121255924, 4.394406080245972]"
F112013,10,25,0.7,"[310.4091121255924, 5.105276107788086]"
F112013,10,25,0.8,"[310.4091121255924, 5.815394163131714]"
F112013,10,25,0.9,"[310.4091121255924, 6.5284693241119385]"
F112013,10,25,1.0,"[310.4091121255924, 7.240143775939941]"
F112013,10,26,0.01,"[1657.926227254826, 0.07319521903991699]"
F112013,10,26,0.1,"[1657.9262269164678, 0.7168891429901123]"
F112013,10,26,0.2,"[1657.9262269164678, 1.4342143535614014]"
F112013,10,26,0.3,"[1657.9262269164678, 2.14933180809021]"
F112013,10,26,0.4,"[1657.9262269164678, 2.8636670112609863]"
F112013,10,26,0.5,"[1657.9262269164678, 3.582226276397705]"
F112013,10,26,0.6,"[1657.9262269164678, 4.30144190788269]"
F112013,10,26,0.7,"[1657.9262269164678, 5.021655321121216]"
F112013,10,26,0.8,"[1657.9262269164678, 5.741681337356567]"
F112013,10,26,0.9,"[1657.9262269164678, 6.465662717819214]"
F112013,10,26,1.0,"[1657.9262269164678, 7.187896966934204]"
F112013,10,27,0.01,"[585.0110274672385, 0.07300066947937012]"
F112013,10,27,0.1,"[584.9966294552249, 0.7207300662994385]"
F112013,10,27,0.2,"[584.9966294552249, 1.4406580924987793]"
F112013,10,27,0.3,"[584.9966294552249, 2.1572723388671875]"
F112013,10,27,0.4,"[584.9966294552249, 2.872093439102173]"
F112013,10,27,0.5,"[584.9966294552249, 3.5874452590942383]"
F112013,10,27,0.6,"[584.9966294552249, 4.299474716186523]"
F112013,10,27,0.7,"[584.9966294552249, 5.0125696659088135]"
F112013,10,27,0.8,"[584.9966294552249, 5.7211809158325195]"
F112013,10,27,0.9,"[584.9966294552249, 6.426388502120972]"
F112013,10,27,1.0,"[584.9966294552249, 7.131508111953735]"
F112013,10,28,0.01,"[440.743913138503, 0.07284140586853027]"
F112013,10,28,0.1,"[440.74390861011284, 0.7164337635040283]"
F112013,10,28,0.2,"[440.74390861011284, 1.4336140155792236]"
F112013,10,28,0.3,"[440.74390861011284, 2.146641731262207]"
F112013,10,28,0.4,"[440.74390861011284, 2.8590171337127686]"
F112013,10,28,0.5,"[440.74390861011284, 3.5710620880126953]"
F112013,10,28,0.6,"[440.74390861011284, 4.284553050994873]"
F112013,10,28,0.7,"[440.74390861011284, 4.999670743942261]"
F112013,10,28,0.8,"[440.74390861011284, 5.712277889251709]"
F112013,10,28,0.9,"[440.74390861011284, 6.428371906280518]"
F112013,10,28,1.0,"[440.74390861011284, 7.1428303718566895]"
F112013,10,29,0.01,"[572.0665769259042, 0.10585403442382812]"
F112013,10,29,0.1,"[572.0665712366576, 0.748706579208374]"
F112013,10,29,0.2,"[572.0665712366576, 1.4686949253082275]"
F112013,10,29,0.3,"[572.0665712366576, 2.186307907104492]"
F112013,10,29,0.4,"[572.0665712366576, 2.9046993255615234]"
F112013,10,29,0.5,"[572.0665712366576, 3.622833490371704]"
F112013,10,29,0.6,"[572.0665712366576, 4.34121298789978]"
F112013,10,29,0.7,"[572.0665712366576, 5.058132171630859]"
F112013,10,29,0.8,"[572.0665712366576, 5.773183345794678]"
F112013,10,29,0.9,"[572.0665712366576, 6.4918341636657715]"
F112013,10,29,1.0,"[572.0665712366576, 7.210591077804565]"
F112013,10,30,0.01,"[1234.6513670098718, 0.07233738899230957]"
F112013,10,30,0.1,"[1234.5384848808617, 0.7120466232299805]"
F112013,10,30,0.2,"[1234.5384840007107, 1.4264538288116455]"
F112013,10,30,0.3,"[1234.5384840007107, 2.1413140296936035]"
F112013,10,30,0.4,"[1234.5384840007107, 2.8565032482147217]"
F112013,10,30,0.5,"[1234.5384840007107, 3.570317268371582]"
F112013,10,30,0.6,"[1234.5384840007107, 4.282156467437744]"
F112013,10,30,0.7,"[1234.5384840007107, 4.9953062534332275]"
F112013,10,30,0.8,"[1234.5384840007107, 5.707194805145264]"
F112013,10,30,0.9,"[1234.5384840007107, 6.422277450561523]"
F112013,10,30,1.0,"[1234.5384840007107, 7.137683868408203]"
F112013,10,31,0.01,"[1023.6829407376019, 0.0725862979888916]"
F112013,10,31,0.1,"[1023.6829195551109, 0.7130136489868164]"
F112013,10,31,0.2,"[1023.6829195551109, 1.426868200302124]"
F112013,10,31,0.3,"[1023.6829195551109, 2.142805337905884]"
F112013,10,31,0.4,"[1023.6829195551109, 2.8594183921813965]"
F112013,10,31,0.5,"[1023.6829195551109, 3.574627637863159]"
F112013,10,31,0.6,"[1023.6829195551109, 4.287278413772583]"
F112013,10,31,0.7,"[1023.6829195551109, 5.0010597705841064]"
F112013,10,31,0.8,"[1023.6829195551109, 5.7154381275177]"
F112013,10,31,0.9,"[1023.6829195551109, 6.432286500930786]"
F112013,10,31,1.0,"[1023.6829195551109, 7.149790048599243]"
F112013,10,32,0.01,"[655.6443190231186, 0.0719764232635498]"
F112013,10,32,0.1,"[655.641506654226, 0.7090420722961426]"
F112013,10,32,0.2,"[655.641506654226, 1.4168460369110107]"
F112013,10,32,0.3,"[655.641506654226, 2.1216442584991455]"
F112013,10,32,0.4,"[655.641506654226, 2.823960065841675]"
F112013,10,32,0.5,"[655.641506654226, 3.5262115001678467]"
F112013,10,32,0.6,"[655.641506654226, 4.229468107223511]"
F112013,10,32,0.7,"[655.641506654226, 4.93710470199585]"
F112013,10,32,0.8,"[655.641506654226, 5.642850875854492]"
F112013,10,32,0.9,"[655.641506654226, 6.352518796920776]"
F112013,10,32,1.0,"[655.641506654226, 7.064174652099609]"
F112013,10,33,0.01,"[799.8901220490513, 0.09235763549804688]"
F112013,10,33,0.1,"[799.8886310185778, 0.8332352638244629]"
F112013,10,33,0.2,"[799.8886310185778, 1.6559224128723145]"
F112013,10,33,0.3,"[799.8886310185778, 2.4759881496429443]"
F112013,10,33,0.4,"[799.8886310185778, 3.293855667114258]"
F112013,10,33,0.5,"[799.8886310185778, 4.111221790313721]"
F112013,10,33,0.6,"[799.8886310185778, 4.930756568908691]"
F112013,10,33,0.7,"[799.8886310185778, 5.753961801528931]"
F112013,10,33,0.8,"[799.8886310185778, 6.574708938598633]"
F112013,10,33,0.9,"[799.8886310185778, 7.400144338607788]"
F112013,10,33,1.0,"[799.8886310185778, 8.112356185913086]"
F112013,10,34,0.01,"[327.3243586259669, 0.07202315330505371]"
F112013,10,34,0.1,"[327.32429624384747, 0.7055613994598389]"
F112013,10,34,0.2,"[327.32429624384747, 1.4120056629180908]"
F112013,10,34,0.3,"[327.32429624384747, 2.1152279376983643]"
F112013,10,34,0.4,"[327.32429624384747, 2.819530725479126]"
F112013,10,34,0.5,"[327.32429624384747, 3.5240373611450195]"
F112013,10,34,0.6,"[327.32429624384747, 4.231359481811523]"
F112013,10,34,0.7,"[327.32429624384747, 4.93971586227417]"
F112013,10,34,0.8,"[327.32429624384747, 5.645703315734863]"
F112013,10,34,0.9,"[327.32429624384747, 6.354657411575317]"
F112013,10,34,1.0,"[327.32429624384747, 7.063790321350098]"
F112013,10,35,0.01,"[269.6218580152628, 0.0721592903137207]"
F112013,10,35,0.1,"[269.62185389484875, 0.706007719039917]"
F112013,10,35,0.2,"[269.62185389484875, 1.4135518074035645]"
F112013,10,35,0.3,"[269.62185389484875, 2.1178667545318604]"
F112013,10,35,0.4,"[269.62185389484875, 2.823065996170044]"
F112013,10,35,0.5,"[269.62185389484875, 3.528338670730591]"
F112013,10,35,0.6,"[269.62185389484875, 4.2387707233428955]"
F112013,10,35,0.7,"[269.62185389484875, 4.946956634521484]"
F112013,10,35,0.8,"[269.62185389484875, 5.653826713562012]"
F112013,10,35,0.9,"[269.62185389484875, 6.366420269012451]"
F112013,10,35,1.0,"[269.62185389484875, 7.076106309890747]"
F112013,10,36,0.01,"[610.1043619533584, 0.07136392593383789]"
F112013,10,36,0.1,"[610.0970134586341, 0.7043092250823975]"
F112013,10,36,0.2,"[610.0970134586341, 1.4065515995025635]"
F112013,10,36,0.3,"[610.0970134586341, 2.1082496643066406]"
F112013,10,36,0.4,"[610.0970134586341, 2.809112548828125]"
F112013,10,36,0.5,"[610.0970134586341, 3.5111427307128906]"
F112013,10,36,0.6,"[610.0970134586341, 4.212015151977539]"
F112013,10,36,0.7,"[610.0970134586341, 4.912386417388916]"
F112013,10,36,0.8,"[610.0970134586341, 5.609746932983398]"
F112013,10,36,0.9,"[610.0970134586341, 6.308201313018799]"
F112013,10,36,1.0,"[610.0970134586341, 7.00650429725647]"
F112013,10,37,0.01,"[1294.3930582244275, 0.07157683372497559]"
F112013,10,37,0.1,"[1294.3929621929392, 0.7021651268005371]"
F112013,10,37,0.2,"[1294.3929621929392, 1.4035205841064453]"
F112013,10,37,0.3,"[1294.3929621929392, 2.102945327758789]"
F112013,10,37,0.4,"[1294.3929621929392, 2.8041019439697266]"
F112013,10,37,0.5,"[1294.3929621929392, 3.504983425140381]"
F112013,10,37,0.6,"[1294.3929621929392, 4.207898378372192]"
F112013,10,37,0.7,"[1294.3929621929392, 4.907622814178467]"
F112013,10,37,0.8,"[1294.3929621929392, 5.60664439201355]"
F112013,10,37,0.9,"[1294.3929621929392, 6.3055713176727295]"
F112013,10,37,1.0,"[1294.3929621929392, 7.0048887729644775]"
F112013,10,38,0.01,"[653.6459543288975, 0.07198572158813477]"
F112013,10,38,0.1,"[653.6459469148373, 0.711467981338501]"
F112013,10,38,0.2,"[653.6459469148373, 1.4194273948669434]"
F112013,10,38,0.3,"[653.6459469148373, 2.1257243156433105]"
F112013,10,38,0.4,"[653.6459469148373, 2.8307247161865234]"
F112013,10,38,0.5,"[653.6459469148373, 3.533695697784424]"
F112013,10,38,0.6,"[653.6459469148373, 4.235670566558838]"
F112013,10,38,0.7,"[653.6459469148373, 4.939190864562988]"
F112013,10,38,0.8,"[653.6459469148373, 5.642122507095337]"
F112013,10,38,0.9,"[653.6459469148373, 6.344517946243286]"
F112013,10,38,1.0,"[653.6459469148373, 7.046635150909424]"
F112013,10,39,0.01,"[774.9667556412907, 0.1505262851715088]"
F112013,10,39,0.1,"[774.9667510590356, 0.8330738544464111]"
F112013,10,39,0.2,"[774.9667510590356, 1.5517301559448242]"
F112013,10,39,0.3,"[774.9667510590356, 2.2685980796813965]"
F112013,10,39,0.4,"[774.9667510590356, 2.9864139556884766]"
F112013,10,39,0.5,"[774.9667510590356, 3.706604242324829]"
F112013,10,39,0.6,"[774.9667510590356, 4.4275312423706055]"
F112013,10,39,0.7,"[774.9667510590356, 5.150798320770264]"
F112013,10,39,0.8,"[774.9667510590356, 5.873671770095825]"
F112013,10,39,0.9,"[774.9667510590356, 6.595221281051636]"
F112013,10,39,1.0,"[774.9667510590356, 7.31526517868042]"
F112013,10,40,0.01,"[716.3062642020438, 0.07294774055480957]"
F112013,10,40,0.1,"[716.3062637454916, 0.7209277153015137]"
F112013,10,40,0.2,"[716.3062637454916, 1.4410219192504883]"
F112013,10,40,0.3,"[716.3062637454916, 2.1581203937530518]"
F112013,10,40,0.4,"[716.3062637454916, 2.8792948722839355]"
F112013,10,40,0.5,"[716.3062637454916, 3.598696231842041]"
F112013,10,40,0.6,"[716.3062637454916, 4.316431522369385]"
F112013,10,40,0.7,"[716.3062637454916, 5.03149938583374]"
F112013,10,40,0.8,"[716.3062637454916, 5.746150255203247]"
F112013,10,40,0.9,"[716.3062637454916, 6.459645986557007]"
F112013,10,40,1.0,"[716.3062637454916, 7.178324460983276]"
F112013,10,41,0.01,"[503.468267403314, 0.07186222076416016]"
F112013,10,41,0.1,"[503.4273057699345, 0.7066903114318848]"
F112013,10,41,0.2,"[503.4273057699345, 1.416858196258545]"
F112013,10,41,0.3,"[503.4273057699345, 2.1273837089538574]"
F112013,10,41,0.4,"[503.4273057699345, 2.8375542163848877]"
F112013,10,41,0.5,"[503.4273057699345, 3.548095703125]"
F112013,10,41,0.6,"[503.4273057699345, 4.257927656173706]"
F112013,10,41,0.7,"[503.4273057699345, 4.966166734695435]"
F112013,10,41,0.8,"[503.4273057699345, 5.674174547195435]"
F112013,10,41,0.9,"[503.4273057699345, 6.385122299194336]"
F112013,10,41,1.0,"[503.4273057699345, 7.09585428237915]"
F112013,10,42,0.01,"[1213.670633195904, 0.07159042358398438]"
F112013,10,42,0.1,"[1213.6706318350293, 0.7052061557769775]"
F112013,10,42,0.2,"[1213.6706318350293, 1.4081521034240723]"
F112013,10,42,0.3,"[1213.6706318350293, 2.1117911338806152]"
F112013,10,42,0.4,"[1213.6706318350293, 2.8152477741241455]"
F112013,10,42,0.5,"[1213.6706318350293, 3.5193533897399902]"
F112013,10,42,0.6,"[1213.6706318350293, 4.222264289855957]"
F112013,10,42,0.7,"[1213.6706318350293, 4.924447774887085]"
F112013,10,42,0.8,"[1213.6706318350293, 5.624931335449219]"
F112013,10,42,0.9,"[1213.6706318350293, 6.325820684432983]"
F112013,10,42,1.0,"[1213.6706318350293, 7.027057886123657]"
F112013,10,43,0.01,"[355.18627441327567, 0.1497807502746582]"
F112013,10,43,0.1,"[355.1862732525001, 0.8416323661804199]"
F112013,10,43,0.2,"[355.1862732525001, 1.5530080795288086]"
F112013,10,43,0.3,"[355.1862732525001, 2.263420581817627]"
F112013,10,43,0.4,"[355.1862732525001, 2.9731271266937256]"
F112013,10,43,0.5,"[355.1862732525001, 3.682617425918579]"
F112013,10,43,0.6,"[355.1862732525001, 4.3917765617370605]"
F112013,10,43,0.7,"[355.1862732525001, 5.101820945739746]"
F112013,10,43,0.8,"[355.1862732525001, 5.810120344161987]"
F112013,10,43,0.9,"[355.1862732525001, 6.518314599990845]"
F112013,10,43,1.0,"[355.1862732525001, 7.228673934936523]"
F112013,10,44,0.01,"[697.4001769827443, 0.1462843418121338]"
F112013,10,44,0.1,"[697.4000584705482, 0.8179652690887451]"
F112013,10,44,0.2,"[697.4000584705482, 1.5258557796478271]"
F112013,10,44,0.3,"[697.4000584705482, 2.2299280166625977]"
F112013,10,44,0.4,"[697.4000584705482, 2.9340362548828125]"
F112013,10,44,0.5,"[697.4000584705482, 3.635023593902588]"
F112013,10,44,0.6,"[697.4000584705482, 4.336562633514404]"
F112013,10,44,0.7,"[697.4000584705482, 5.040674448013306]"
F112013,10,44,0.8,"[697.4000584705482, 5.742578506469727]"
F112013,10,44,0.9,"[697.4000584705482, 6.443341255187988]"
F112013,10,44,1.0,"[697.4000584705482, 7.145388841629028]"
F112013,10,45,0.01,"[226.84055339950214, 0.13627052307128906]"
F112013,10,45,0.1,"[226.8405507569796, 0.8369529247283936]"
F112013,10,45,0.2,"[226.8405507569796, 1.538515329360962]"
F112013,10,45,0.3,"[226.8405507569796, 2.2361717224121094]"
F112013,10,45,0.4,"[226.8405507569796, 2.937690258026123]"
F112013,10,45,0.5,"[226.8405507569796, 3.637258291244507]"
F112013,10,45,0.6,"[226.8405507569796, 4.335270166397095]"
F112013,10,45,0.7,"[226.8405507569796, 5.0299975872039795]"
F112013,10,45,0.8,"[226.8405507569796, 5.722960710525513]"
F112013,10,45,0.9,"[226.8405507569796, 6.417002439498901]"
F112013,10,45,1.0,"[226.8405507569796, 7.114380836486816]"
F112013,10,46,0.01,"[398.9663047172146, 0.1456596851348877]"
F112013,10,46,0.1,"[398.9663047149862, 0.8275494575500488]"
F112013,10,46,0.2,"[398.9663047149862, 1.5309829711914062]"
F112013,10,46,0.3,"[398.9663047149862, 2.236954689025879]"
F112013,10,46,0.4,"[398.9663047149862, 2.9436182975769043]"
F112013,10,46,0.5,"[398.9663047149862, 3.6491661071777344]"
F112013,10,46,0.6,"[398.9663047149862, 4.353149652481079]"
F112013,10,46,0.7,"[398.9663047149862, 5.056830406188965]"
F112013,10,46,0.8,"[398.9663047149862, 5.759964942932129]"
F112013,10,46,0.9,"[398.9663047149862, 6.466092586517334]"
F112013,10,46,1.0,"[398.9663047149862, 7.1728434562683105]"
F112013,10,47,0.01,"[1220.6514010734838, 0.15874099731445312]"
F112013,10,47,0.1,"[1220.6478702307961, 0.8409216403961182]"
F112013,10,47,0.2,"[1220.6478702307961, 1.5412571430206299]"
F112013,10,47,0.3,"[1220.6478702307961, 2.2433273792266846]"
F112013,10,47,0.4,"[1220.6478702307961, 2.946307897567749]"
F112013,10,47,0.5,"[1220.6478702307961, 3.6722679138183594]"
F112013,10,47,0.6,"[1220.6478702307961, 4.3812830448150635]"
F112013,10,47,0.7,"[1220.6478702307961, 5.0865654945373535]"
F112013,10,47,0.8,"[1220.6478702307961, 5.792105674743652]"
F112013,10,47,0.9,"[1220.6478702307961, 6.4974470138549805]"
F112013,10,47,1.0,"[1220.6478702307961, 7.205009460449219]"
F112013,10,48,0.01,"[412.57726487486343, 0.07154440879821777]"
F112013,10,48,0.1,"[412.57717799873836, 0.7072329521179199]"
F112013,10,48,0.2,"[412.57717799873836, 1.4152774810791016]"
F112013,10,48,0.3,"[412.57717799873836, 2.124476671218872]"
F112013,10,48,0.4,"[412.57717799873836, 2.830294370651245]"
F112013,10,48,0.5,"[412.57717799873836, 3.541703939437866]"
F112013,10,48,0.6,"[412.57717799873836, 4.251233339309692]"
F112013,10,48,0.7,"[412.57717799873836, 4.961550235748291]"
F112013,10,48,0.8,"[412.57717799873836, 5.668750286102295]"
F112013,10,48,0.9,"[412.57717799873836, 6.372533082962036]"
F112013,10,48,1.0,"[412.57717799873836, 7.077880382537842]"
F112013,10,49,0.01,"[579.0994204399665, 0.07153916358947754]"
F112013,10,49,0.1,"[579.0405747687213, 0.7059445381164551]"
F112013,10,49,0.2,"[579.0405747687213, 1.4100544452667236]"
F112013,10,49,0.3,"[579.0405747687213, 2.1172327995300293]"
F112013,10,49,0.4,"[579.0405747687213, 2.821340322494507]"
F112013,10,49,0.5,"[579.0405747687213, 3.522488832473755]"
F112013,10,49,0.6,"[579.0405747687213, 4.224803686141968]"
F112013,10,49,0.7,"[579.0405747687213, 4.929419279098511]"
F112013,10,49,0.8,"[579.0405747687213, 5.631008863449097]"
F112013,10,49,0.9,"[579.0405747687213, 6.330241918563843]"
F112013,10,49,1.0,"[579.0405747687213, 7.035812139511108]"
F112013,10,50,0.01,"[993.8178687640343, 0.07208585739135742]"
F112013,10,50,0.1,"[993.8178656939897, 0.7112491130828857]"
F112013,10,50,0.2,"[993.8178656939897, 1.422858476638794]"
F112013,10,50,0.3,"[993.8178656939897, 2.132857084274292]"
F112013,10,50,0.4,"[993.8178656939897, 2.8420093059539795]"
F112013,10,50,0.5,"[993.8178656939897, 3.553541660308838]"
F112013,10,50,0.6,"[993.8178656939897, 4.266159772872925]"
F112013,10,50,0.7,"[993.8178656939897, 4.978982925415039]"
F112013,10,50,0.8,"[993.8178656939897, 5.6893134117126465]"
F112013,10,50,0.9,"[993.8178656939897, 6.396886348724365]"
F112013,10,50,1.0,"[993.8178656939897, 7.106207847595215]"
F112013,30,0,0.01,"[3655.9066371908784, 0.21828746795654297]"
F112013,30,0,0.1,"[3655.6827603746237, 2.169583559036255]"
F112013,30,0,0.2,"[3655.6827603722845, 4.332474231719971]"
F112013,30,0,0.3,"[3655.6827603722845, 6.481927394866943]"
F112013,30,0,0.4,"[3655.6827603722845, 8.894034385681152]"
F112013,30,0,0.5,"[3655.6827603722845, 11.033331155776978]"
F112013,30,0,0.6,"[3655.6827603722845, 13.17001461982727]"
F112013,30,0,0.7,"[3655.6827603722845, 15.312955141067505]"
F112013,30,0,0.8,"[3655.6827603722845, 17.451843738555908]"
F112013,30,0,0.9,"[3655.6827603722845, 19.591517686843872]"
F112013,30,0,1.0,"[3655.6827603722845, 21.74091386795044]"
F112013,30,1,0.01,"[3538.1950953624464, 0.21845149993896484]"
F112013,30,1,0.1,"[3538.195085355783, 2.17502760887146]"
F112013,30,1,0.2,"[3538.195085355783, 4.338108777999878]"
F112013,30,1,0.3,"[3538.195085355783, 6.505716800689697]"
F112013,30,1,0.4,"[3538.195085355783, 8.67181396484375]"
F112013,30,1,0.5,"[3538.195085355783, 10.852904558181763]"
F112013,30,1,0.6,"[3538.195085355783, 13.026460886001587]"
F112013,30,1,0.7,"[3538.195085355783, 15.212248802185059]"
F112013,30,1,0.8,"[3538.195085355783, 17.402801752090454]"
F112013,30,1,0.9,"[3538.195085355783, 19.601221561431885]"
F112013,30,1,1.0,"[3538.195085355783, 21.782989501953125]"
F112013,30,2,0.01,"[2667.098163608825, 0.21770405769348145]"
F112013,30,2,0.1,"[2666.1306693474994, 2.1691997051239014]"
F112013,30,2,0.2,"[2666.130669346764, 4.345757246017456]"
F112013,30,2,0.3,"[2666.130669346764, 6.511030673980713]"
F112013,30,2,0.4,"[2666.130669346764, 8.679096937179565]"
F112013,30,2,0.5,"[2666.130669346764, 10.846650838851929]"
F112013,30,2,0.6,"[2666.130669346764, 13.00288462638855]"
F112013,30,2,0.7,"[2666.130669346764, 15.157525539398193]"
F112013,30,2,0.8,"[2666.130669346764, 17.3105309009552]"
F112013,30,2,0.9,"[2666.130669346764, 19.47014331817627]"
F112013,30,2,1.0,"[2666.130669346764, 21.62404704093933]"
F112013,30,3,0.01,"[2454.9067219365743, 0.21979951858520508]"
F112013,30,3,0.1,"[2454.787621463692, 2.196439743041992]"
F112013,30,3,0.2,"[2454.787621463692, 4.385890483856201]"
F112013,30,3,0.3,"[2454.787621463692, 6.57512903213501]"
F112013,30,3,0.4,"[2454.787621463692, 8.80268669128418]"
F112013,30,3,0.5,"[2454.787621463692, 10.999491214752197]"
F112013,30,3,0.6,"[2454.787621463692, 13.321056842803955]"
F112013,30,3,0.7,"[2454.787621463692, 15.638496398925781]"
F112013,30,3,0.8,"[2454.787621463692, 17.825042963027954]"
F112013,30,3,0.9,"[2454.787621463692, 20.02465844154358]"
F112013,30,3,1.0,"[2454.787621463692, 22.20986819267273]"
F112013,30,4,0.01,"[813.8437885522919, 0.21958184242248535]"
F112013,30,4,0.1,"[813.8437885520915, 2.1921772956848145]"
F112013,30,4,0.2,"[813.8437885520915, 4.383720874786377]"
F112013,30,4,0.3,"[813.8437885520915, 6.56218695640564]"
F112013,30,4,0.4,"[813.8437885520915, 8.73846983909607]"
F112013,30,4,0.5,"[813.8437885520915, 10.925231218338013]"
F112013,30,4,0.6,"[813.8437885520915, 13.10335922241211]"
F112013,30,4,0.7,"[813.8437885520915, 15.293821811676025]"
F112013,30,4,0.8,"[813.8437885520915, 17.494978666305542]"
F112013,30,4,0.9,"[813.8437885520915, 19.700418949127197]"
F112013,30,4,1.0,"[813.8437885520915, 21.889174222946167]"
F112013,30,5,0.01,"[1833.0042334593154, 0.21832704544067383]"
F112013,30,5,0.1,"[1832.5356284064078, 2.1681363582611084]"
F112013,30,5,0.2,"[1832.5356283997119, 4.3311169147491455]"
F112013,30,5,0.3,"[1832.5356283997119, 6.492273569107056]"
F112013,30,5,0.4,"[1832.5356283997119, 8.655894041061401]"
F112013,30,5,0.5,"[1832.5356283997119, 10.812103033065796]"
F112013,30,5,0.6,"[1832.5356283997119, 12.963837146759033]"
F112013,30,5,0.7,"[1832.5356283997119, 15.121521234512329]"
F112013,30,5,0.8,"[1832.5356283997119, 17.283051013946533]"
F112013,30,5,0.9,"[1832.5356283997119, 19.443809509277344]"
F112013,30,5,1.0,"[1832.5356283997119, 21.605109691619873]"
F112013,30,6,0.01,"[1988.1104950964914, 0.3225257396697998]"
F112013,30,6,0.1,"[1925.5768965795282, 2.2906954288482666]"
F112013,30,6,0.2,"[1925.5768965795282, 4.477241277694702]"
F112013,30,6,0.3,"[1925.5768965795282, 6.669767141342163]"
F112013,30,6,0.4,"[1925.5768965795282, 8.84565019607544]"
F112013,30,6,0.5,"[1925.5768965795282, 11.02693486213684]"
F112013,30,6,0.6,"[1925.5768965795282, 13.207494497299194]"
F112013,30,6,0.7,"[1925.5768965795282, 15.376217126846313]"
F112013,30,6,0.8,"[1925.5768965795282, 17.547568798065186]"
F112013,30,6,0.9,"[1925.5768965795282, 19.72016716003418]"
F112013,30,6,1.0,"[1925.5768965795282, 21.89415144920349]"
F112013,30,7,0.01,"[2339.465893517593, 0.21805763244628906]"
F112013,30,7,0.1,"[2276.7557046369084, 2.1729044914245605]"
F112013,30,7,0.2,"[2276.7557046369084, 4.342168569564819]"
F112013,30,7,0.3,"[2276.7557046369084, 6.526789665222168]"
F112013,30,7,0.4,"[2276.7557046369084, 8.694035291671753]"
F112013,30,7,0.5,"[2276.7557046369084, 10.876081943511963]"
F112013,30,7,0.6,"[2276.7557046369084, 13.051198244094849]"
F112013,30,7,0.7,"[2276.7557046369084, 15.22332239151001]"
F112013,30,7,0.8,"[2276.7557046369084, 17.397852659225464]"
F112013,30,7,0.9,"[2276.7557046369084, 19.57333469390869]"
F112013,30,7,1.0,"[2276.7557046369084, 21.75257706642151]"
F112013,30,8,0.01,"[2174.410918895327, 0.2400379180908203]"
F112013,30,8,0.1,"[2174.3988522437844, 2.200467824935913]"
F112013,30,8,0.2,"[2174.3988522390296, 4.373514652252197]"
F112013,30,8,0.3,"[2174.398852234708, 6.534555912017822]"
F112013,30,8,0.4,"[2174.3988522332224, 8.692640781402588]"
F112013,30,8,0.5,"[2174.3988522324034, 10.854811429977417]"
F112013,30,8,0.6,"[2174.3988522324034, 13.022695779800415]"
F112013,30,8,0.7,"[2174.3988522319123, 15.19910717010498]"
F112013,30,8,0.8,"[2174.398852231912, 17.369618892669678]"
F112013,30,8,0.9,"[2174.398852231912, 19.552764177322388]"
F112013,30,8,1.0,"[2174.398852231912, 21.73975157737732]"
F112013,30,9,0.01,"[2519.778472475436, 0.2189474105834961]"
F112013,30,9,0.1,"[2519.689413618179, 2.179008960723877]"
F112013,30,9,0.2,"[2519.6784702196987, 4.349280595779419]"
F112013,30,9,0.3,"[2519.6781386300268, 6.527818918228149]"
F112013,30,9,0.4,"[2519.678119457552, 8.684834957122803]"
F112013,30,9,0.5,"[2519.6781113151815, 10.848885297775269]"
F112013,30,9,0.6,"[2519.6781054291187, 13.004523992538452]"
F112013,30,9,0.7,"[2519.678100873613, 15.177305936813354]"
F112013,30,9,0.8,"[2519.678097264224, 17.340481996536255]"
F112013,30,9,0.9,"[2519.6780943340123, 19.513261318206787]"
F112013,30,9,1.0,"[2519.6780919161406, 21.68694281578064]"
F112013,30,10,0.01,"[3508.5604525092276, 0.23160338401794434]"
F112013,30,10,0.1,"[3380.9245960758835, 2.1963376998901367]"
F112013,30,10,0.2,"[3380.924596075332, 4.404556751251221]"
F112013,30,10,0.3,"[3380.924596075332, 6.5843281745910645]"
F112013,30,10,0.4,"[3380.924596075332, 8.769617319107056]"
F112013,30,10,0.5,"[3380.924596075332, 10.946397542953491]"
F112013,30,10,0.6,"[3380.924596075332, 13.112350225448608]"
F112013,30,10,0.7,"[3380.924596075332, 15.31881594657898]"
F112013,30,10,0.8,"[3380.924596075332, 17.48368239402771]"
F112013,30,10,0.9,"[3380.924596075332, 19.65763831138611]"
F112013,30,10,1.0,"[3380.924596075332, 21.825764656066895]"
F112013,30,11,0.01,"[2960.7590141590213, 0.21794557571411133]"
F112013,30,11,0.1,"[2960.4575766807625, 2.171151638031006]"
F112013,30,11,0.2,"[2960.4575766807625, 4.345099925994873]"
F112013,30,11,0.3,"[2960.4575766807625, 6.526587247848511]"
F112013,30,11,0.4,"[2960.4575766807625, 8.68910527229309]"
F112013,30,11,0.5,"[2960.4575766807625, 10.85017442703247]"
F112013,30,11,0.6,"[2960.4575766807625, 13.007962942123413]"
F112013,30,11,0.7,"[2960.4575766807625, 15.17039155960083]"
F112013,30,11,0.8,"[2960.4575766807625, 17.331434965133667]"
F112013,30,11,0.9,"[2960.4575766807625, 19.49828839302063]"
F112013,30,11,1.0,"[2960.4575766807625, 21.6697359085083]"
F112013,30,12,0.01,"[1606.7671553711345, 0.24538040161132812]"
F112013,30,12,0.1,"[1606.7138208921867, 2.218064785003662]"
F112013,30,12,0.2,"[1606.7138208921867, 4.398098707199097]"
F112013,30,12,0.3,"[1606.7138208921867, 6.58536434173584]"
F112013,30,12,0.4,"[1606.7138208921867, 8.763373136520386]"
F112013,30,12,0.5,"[1606.7138208921867, 10.951538562774658]"
F112013,30,12,0.6,"[1606.7138208921867, 13.148190975189209]"
F112013,30,12,0.7,"[1606.7138208921867, 15.347021579742432]"
F112013,30,12,0.8,"[1606.7138208921867, 17.53276300430298]"
F112013,30,12,0.9,"[1606.7138208921867, 19.722743034362793]"
F112013,30,12,1.0,"[1606.7138208921867, 21.91222381591797]"
F112013,30,13,0.01,"[1590.801871202931, 0.21927356719970703]"
F112013,30,13,0.1,"[1590.8010214608619, 2.1869864463806152]"
F112013,30,13,0.2,"[1590.8010214608619, 4.383243560791016]"
F112013,30,13,0.3,"[1590.8010214608619, 6.5856239795684814]"
F112013,30,13,0.4,"[1590.8010214608619, 8.772796630859375]"
F112013,30,13,0.5,"[1590.8010214608619, 10.966378450393677]"
F112013,30,13,0.6,"[1590.8010214608619, 13.154325008392334]"
F112013,30,13,0.7,"[1590.8010214608619, 15.325867176055908]"
F112013,30,13,0.8,"[1590.8010214608619, 17.51146364212036]"
F112013,30,13,0.9,"[1590.8010214608619, 19.705949306488037]"
F112013,30,13,1.0,"[1590.8010214608619, 21.88708758354187]"
F112013,30,14,0.01,"[2509.0652534795795, 0.2180345058441162]"
F112013,30,14,0.1,"[2508.8463985504377, 2.1700496673583984]"
F112013,30,14,0.2,"[2508.843373393403, 4.336217880249023]"
F112013,30,14,0.3,"[2508.843351964412, 6.502741813659668]"
F112013,30,14,0.4,"[2508.8433518210454, 8.67132043838501]"
F112013,30,14,0.5,"[2508.843351820237, 10.847764492034912]"
F112013,30,14,0.6,"[2508.843351820237, 13.016668319702148]"
F112013,30,14,0.7,"[2508.843351820237, 15.190771341323853]"
F112013,30,14,0.8,"[2508.843351820235, 17.366286039352417]"
F112013,30,14,0.9,"[2508.843351820235, 19.546147346496582]"
F112013,30,14,1.0,"[2508.843351820235, 21.71396517753601]"
F112013,30,15,0.01,"[3402.4467066853217, 0.21934866905212402]"
F112013,30,15,0.1,"[3402.4082667785983, 2.18798828125]"
F112013,30,15,0.2,"[3402.4082120626053, 4.365575551986694]"
F112013,30,15,0.3,"[3402.408212061829, 6.558602571487427]"
F112013,30,15,0.4,"[3402.408212061829, 8.734798908233643]"
F112013,30,15,0.5,"[3402.408212061829, 10.91273283958435]"
F112013,30,15,0.6,"[3402.408212061829, 13.09553861618042]"
F112013,30,15,0.7,"[3402.408212061829, 15.281679630279541]"
F112013,30,15,0.8,"[3402.408212061829, 17.458279609680176]"
F112013,30,15,0.9,"[3402.408212061829, 19.653565883636475]"
F112013,30,15,1.0,"[3402.408212061829, 21.85089111328125]"
F112013,30,16,0.01,"[2728.821985008567, 0.21871376037597656]"
F112013,30,16,0.1,"[2396.9736204727733, 2.1792685985565186]"
F112013,30,16,0.2,"[2396.9736204727733, 4.347634315490723]"
F112013,30,16,0.3,"[2396.9736204727733, 6.588089466094971]"
F112013,30,16,0.4,"[2396.9736204727733, 9.139408826828003]"
F112013,30,16,0.5,"[2396.9736204727733, 11.519796371459961]"
F112013,30,16,0.6,"[2396.9736204727733, 13.683334589004517]"
F112013,30,16,0.7,"[2396.9736204727733, 15.849090337753296]"
F112013,30,16,0.8,"[2396.9736204727733, 18.02003264427185]"
F112013,30,16,0.9,"[2396.9736204727733, 20.202680587768555]"
F112013,30,16,1.0,"[2396.9736204727733, 22.378260135650635]"
F112013,30,17,0.01,"[2451.0206344600524, 0.21927499771118164]"
F112013,30,17,0.1,"[2450.9659247312006, 2.184114933013916]"
F112013,30,17,0.2,"[2450.9659247312006, 4.3741631507873535]"
F112013,30,17,0.3,"[2450.9659247312006, 6.561403274536133]"
F112013,30,17,0.4,"[2450.9659247312006, 8.744358777999878]"
F112013,30,17,0.5,"[2450.9659247312006, 10.956262588500977]"
F112013,30,17,0.6,"[2450.9659247312006, 13.543630838394165]"
F112013,30,17,0.7,"[2450.9659247312006, 16.208301305770874]"
F112013,30,17,0.8,"[2450.9659247312006, 18.735047340393066]"
F112013,30,17,0.9,"[2450.9659247312006, 20.912839889526367]"
F112013,30,17,1.0,"[2450.9659247312006, 23.07850670814514]"
F112013,30,18,0.01,"[3456.399499588642, 0.3065602779388428]"
F112013,30,18,0.1,"[3455.5824589985855, 2.258843183517456]"
F112013,30,18,0.2,"[3455.582448041577, 4.4233410358428955]"
F112013,30,18,0.3,"[3455.58244804154, 6.586582899093628]"
F112013,30,18,0.4,"[3455.58244804154, 8.740937948226929]"
F112013,30,18,0.5,"[3455.58244804154, 10.896448612213135]"
F112013,30,18,0.6,"[3455.58244804154, 13.057066202163696]"
F112013,30,18,0.7,"[3455.58244804154, 15.221775531768799]"
F112013,30,18,0.8,"[3455.58244804154, 17.385075092315674]"
F112013,30,18,0.9,"[3455.58244804154, 19.547043085098267]"
F112013,30,18,1.0,"[3455.58244804154, 21.69720721244812]"
F112013,30,19,0.01,"[1463.761540047273, 0.2320244312286377]"
F112013,30,19,0.1,"[1463.4701072564476, 2.173322916030884]"
F112013,30,19,0.2,"[1463.4701072512503, 4.327881097793579]"
F112013,30,19,0.3,"[1463.4701072506218, 6.48906135559082]"
F112013,30,19,0.4,"[1463.4701072504647, 8.63956356048584]"
F112013,30,19,0.5,"[1463.4701072503062, 10.791279315948486]"
F112013,30,19,0.6,"[1463.4701072503049, 12.942791938781738]"
F112013,30,19,0.7,"[1463.4701072503049, 15.094891548156738]"
F112013,30,19,0.8,"[1463.4701072503049, 17.238699913024902]"
F112013,30,19,0.9,"[1463.4701072503028, 19.383134365081787]"
F112013,30,19,1.0,"[1463.4701072502255, 21.519803285598755]"
F112013,30,20,0.01,"[997.2579924677145, 0.24500513076782227]"
F112013,30,20,0.1,"[997.2468793567143, 2.1793105602264404]"
F112013,30,20,0.2,"[997.2468793567143, 4.3226118087768555]"
F112013,30,20,0.3,"[997.2468793567143, 6.465861558914185]"
F112013,30,20,0.4,"[997.2468793567143, 8.602671384811401]"
F112013,30,20,0.5,"[997.2468793567143, 10.738860368728638]"
F112013,30,20,0.6,"[997.2468793567143, 12.86323857307434]"
F112013,30,20,0.7,"[997.2468793567143, 14.98852014541626]"
F112013,30,20,0.8,"[997.2468793567143, 17.118013381958008]"
F112013,30,20,0.9,"[997.2468793567143, 19.250966548919678]"
F112013,30,20,1.0,"[997.2468793567143, 21.37220525741577]"
F112013,30,21,0.01,"[1958.8355938897625, 0.2335524559020996]"
F112013,30,21,0.1,"[1958.797143811252, 2.1658380031585693]"
F112013,30,21,0.2,"[1958.797143631101, 4.298232555389404]"
F112013,30,21,0.3,"[1958.797143631101, 6.427353143692017]"
F112013,30,21,0.4,"[1958.797143631101, 8.5570650100708]"
F112013,30,21,0.5,"[1958.797143631101, 10.691423892974854]"
F112013,30,21,0.6,"[1958.797143631101, 12.821552991867065]"
F112013,30,21,0.7,"[1958.797143631101, 14.958032608032227]"
F112013,30,21,0.8,"[1958.797143631101, 17.093952655792236]"
F112013,30,21,0.9,"[1958.797143631101, 19.24332857131958]"
F112013,30,21,1.0,"[1958.797143631101, 21.37939429283142]"
F112013,30,22,0.01,"[2857.8917815204622, 0.26500487327575684]"
F112013,30,22,0.1,"[2857.59507236705, 2.188887596130371]"
F112013,30,22,0.2,"[2857.5950316502262, 4.319445371627808]"
F112013,30,22,0.3,"[2857.595031648487, 6.443016767501831]"
F112013,30,22,0.4,"[2857.595031648485, 8.56825566291809]"
F112013,30,22,0.5,"[2857.595031648485, 10.70174789428711]"
F112013,30,22,0.6,"[2857.595031648485, 12.825189352035522]"
F112013,30,22,0.7,"[2857.595031648485, 14.955096960067749]"
F112013,30,22,0.8,"[2857.595031648485, 17.091407775878906]"
F112013,30,22,0.9,"[2857.595031648485, 19.235010623931885]"
F112013,30,22,1.0,"[2857.5950316484846, 21.362272262573242]"
F112013,30,23,0.01,"[1871.6747162811726, 0.25801873207092285]"
F112013,30,23,0.1,"[1871.5870165519539, 2.2222518920898438]"
F112013,30,23,0.2,"[1871.5870165519539, 4.395233154296875]"
F112013,30,23,0.3,"[1871.5870165519539, 6.584035158157349]"
F112013,30,23,0.4,"[1871.5870165519539, 8.767739057540894]"
F112013,30,23,0.5,"[1871.5870165519539, 10.95122241973877]"
F112013,30,23,0.6,"[1871.5870165519539, 13.132299423217773]"
F112013,30,23,0.7,"[1871.5870165519539, 15.359400987625122]"
F112013,30,23,0.8,"[1871.5870165519539, 17.938088417053223]"
F112013,30,23,0.9,"[1871.5870165519539, 20.75444531440735]"
F112013,30,23,1.0,"[1871.5870165519539, 23.369556665420532]"
F112013,30,24,0.01,"[2480.4370210686316, 0.23197245597839355]"
F112013,30,24,0.1,"[2480.4363015457384, 2.2019455432891846]"
F112013,30,24,0.2,"[2480.4363015457384, 4.388147592544556]"
F112013,30,24,0.3,"[2480.4363015457384, 6.575192451477051]"
F112013,30,24,0.4,"[2480.4363015457384, 8.760841608047485]"
F112013,30,24,0.5,"[2480.4363015457384, 10.952237129211426]"
F112013,30,24,0.6,"[2480.4363015457384, 13.129536628723145]"
F112013,30,24,0.7,"[2480.4363015457384, 15.315484285354614]"
F112013,30,24,0.8,"[2480.4363015457384, 17.496994018554688]"
F112013,30,24,0.9,"[2480.4363015457384, 19.67652726173401]"
F112013,30,24,1.0,"[2480.4363015457384, 21.859168529510498]"
F112013,30,25,0.01,"[3016.4454986249066, 0.21723008155822754]"
F112013,30,25,0.1,"[3016.2061562755093, 2.1734282970428467]"
F112013,30,25,0.2,"[3016.2061562755093, 4.34349513053894]"
F112013,30,25,0.3,"[3016.2061562755093, 6.507495164871216]"
F112013,30,25,0.4,"[3016.2061562755093, 8.682271242141724]"
F112013,30,25,0.5,"[3016.2061562755093, 10.857367992401123]"
F112013,30,25,0.6,"[3016.2061562755093, 13.017554998397827]"
F112013,30,25,0.7,"[3016.2061562755093, 15.176134824752808]"
F112013,30,25,0.8,"[3016.2061562755093, 17.345116138458252]"
F112013,30,25,0.9,"[3016.2061562755093, 19.51268482208252]"
F112013,30,25,1.0,"[3016.2061562755093, 21.68346619606018]"
F112013,30,26,0.01,"[2771.81781540934, 0.21776103973388672]"
F112013,30,26,0.1,"[2771.6534847459584, 2.1679141521453857]"
F112013,30,26,0.2,"[2771.6534091563353, 4.332210063934326]"
F112013,30,26,0.3,"[2771.653372220942, 6.510232210159302]"
F112013,30,26,0.4,"[2771.6533506253727, 8.689400672912598]"
F112013,30,26,0.5,"[2771.6533364958573, 10.86487078666687]"
F112013,30,26,0.6,"[2771.653326608995, 13.048410654067993]"
F112013,30,26,0.7,"[2771.6533193474197, 15.223116636276245]"
F112013,30,26,0.8,"[2771.6533137939145, 17.397822856903076]"
F112013,30,26,0.9,"[2771.653309409113, 19.577077865600586]"
F112013,30,26,1.0,"[2771.6533058734954, 21.756209135055542]"
F112013,30,27,0.01,"[2366.46509054838, 0.2802255153656006]"
F112013,30,27,0.1,"[2366.464666336685, 2.2630863189697266]"
F112013,30,27,0.2,"[2366.4645895504596, 4.462483167648315]"
F112013,30,27,0.3,"[2366.4645520964614, 6.659611940383911]"
F112013,30,27,0.4,"[2366.4645302345302, 8.848342895507812]"
F112013,30,27,0.5,"[2366.46451598476, 11.037957668304443]"
F112013,30,27,0.6,"[2366.464506049508, 13.218109130859375]"
F112013,30,27,0.7,"[2366.4644987226498, 15.398689031600952]"
F112013,30,27,0.8,"[2366.464493144601, 17.57486128807068]"
F112013,30,27,0.9,"[2366.4644887436466, 19.76416540145874]"
F112013,30,27,1.0,"[2366.4644851962757, 21.947160482406616]"
F112013,30,28,0.01,"[2264.051414085546, 0.22017645835876465]"
F112013,30,28,0.1,"[2263.938951219469, 2.202056884765625]"
F112013,30,28,0.2,"[2263.938951219469, 4.4086761474609375]"
F112013,30,28,0.3,"[2263.938951219469, 6.60559344291687]"
F112013,30,28,0.4,"[2263.938951219469, 8.800572395324707]"
F112013,30,28,0.5,"[2263.938951219469, 10.99193286895752]"
F112013,30,28,0.6,"[2263.938951219469, 13.182064294815063]"
F112013,30,28,0.7,"[2263.938951219469, 15.365338325500488]"
F112013,30,28,0.8,"[2263.938951219469, 17.550212144851685]"
F112013,30,28,0.9,"[2263.938951219469, 19.73804807662964]"
F112013,30,28,1.0,"[2263.938951219469, 21.92442536354065]"
F112013,30,29,0.01,"[2526.75742862954, 0.2377305030822754]"
F112013,30,29,0.1,"[2526.746133617273, 2.2023515701293945]"
F112013,30,29,0.2,"[2526.744446055402, 4.386368274688721]"
F112013,30,29,0.3,"[2526.7444445489036, 6.574209928512573]"
F112013,30,29,0.4,"[2526.7444445479073, 8.863256931304932]"
F112013,30,29,0.5,"[2526.7444445479073, 11.309099912643433]"
F112013,30,29,0.6,"[2526.7444445479073, 13.58313512802124]"
F112013,30,29,0.7,"[2526.7444445479073, 15.732929944992065]"
F112013,30,29,0.8,"[2526.7444445479073, 17.884477853775024]"
F112013,30,29,0.9,"[2526.7444445479073, 20.033272743225098]"
F112013,30,29,1.0,"[2526.7444445479073, 22.17862868309021]"
F112013,30,30,0.01,"[1553.091509500495, 0.23686528205871582]"
F112013,30,30,0.1,"[1553.02405944595, 2.2085347175598145]"
F112013,30,30,0.2,"[1553.02405944595, 4.3978166580200195]"
F112013,30,30,0.3,"[1553.02405944595, 6.588321685791016]"
F112013,30,30,0.4,"[1553.02405944595, 8.770617961883545]"
F112013,30,30,0.5,"[1553.02405944595, 10.957721948623657]"
F112013,30,30,0.6,"[1553.02405944595, 13.141140937805176]"
F112013,30,30,0.7,"[1553.02405944595, 15.315903425216675]"
F112013,30,30,0.8,"[1553.02405944595, 17.499661684036255]"
F112013,30,30,0.9,"[1553.02405944595, 19.67682123184204]"
F112013,30,30,1.0,"[1553.02405944595, 21.843937873840332]"
F112013,30,31,0.01,"[5382.945799590552, 0.23441600799560547]"
F112013,30,31,0.1,"[5382.826596808189, 2.200589418411255]"
F112013,30,31,0.2,"[5382.826596642323, 4.382412910461426]"
F112013,30,31,0.3,"[5382.826596642323, 6.560494422912598]"
F112013,30,31,0.4,"[5382.826596642323, 8.738410949707031]"
F112013,30,31,0.5,"[5382.826596642323, 10.908721685409546]"
F112013,30,31,0.6,"[5382.826596642323, 13.080262660980225]"
F112013,30,31,0.7,"[5382.826596642323, 15.259550333023071]"
F112013,30,31,0.8,"[5382.826596642323, 17.435451984405518]"
F112013,30,31,0.9,"[5382.826596642323, 19.62791895866394]"
F112013,30,31,1.0,"[5382.826596642323, 21.805061101913452]"
F112013,30,32,0.01,"[1474.7175701538374, 0.24183440208435059]"
F112013,30,32,0.1,"[1474.4146632656928, 2.2135448455810547]"
F112013,30,32,0.2,"[1474.4146632656903, 4.393498420715332]"
F112013,30,32,0.3,"[1474.4146632656903, 6.571875810623169]"
F112013,30,32,0.4,"[1474.4146632656903, 8.752313613891602]"
F112013,30,32,0.5,"[1474.4146632656903, 10.939178466796875]"
F112013,30,32,0.6,"[1474.4146632656903, 13.11266279220581]"
F112013,30,32,0.7,"[1474.4146632656903, 15.297856330871582]"
F112013,30,32,0.8,"[1474.4146632656903, 17.472742795944214]"
F112013,30,32,0.9,"[1474.4146632656903, 19.6479914188385]"
F112013,30,32,1.0,"[1474.4146632656903, 21.818034887313843]"
F112013,30,33,0.01,"[1943.5164386242805, 0.24698352813720703]"
F112013,30,33,0.1,"[1942.9479702347578, 2.2011983394622803]"
F112013,30,33,0.2,"[1942.9478977201552, 4.368118047714233]"
F112013,30,33,0.3,"[1942.9478618690496, 6.53585958480835]"
F112013,30,33,0.4,"[1942.9478407529207, 8.699405670166016]"
F112013,30,33,0.5,"[1942.9478268924638, 10.874115467071533]"
F112013,30,33,0.6,"[1942.9478171625003, 13.043134212493896]"
F112013,30,33,0.7,"[1942.947809992281, 15.205511808395386]"
F112013,30,33,0.8,"[1942.9478045111316, 17.35457444190979]"
F112013,30,33,0.9,"[1942.947800175591, 19.51356029510498]"
F112013,30,33,1.0,"[1942.9477966843715, 21.665518760681152]"
F112013,30,34,0.01,"[3511.922885974166, 0.2593686580657959]"
F112013,30,34,0.1,"[3511.4972709740377, 2.218064785003662]"
F112013,30,34,0.2,"[3511.4970909402537, 4.386369705200195]"
F112013,30,34,0.3,"[3511.497090915499, 6.554053783416748]"
F112013,30,34,0.4,"[3511.497090915499, 8.716906547546387]"
F112013,30,34,0.5,"[3511.497090915499, 10.88679051399231]"
F112013,30,34,0.6,"[3511.497090915499, 13.055733919143677]"
F112013,30,34,0.7,"[3511.497090915499, 15.231430292129517]"
F112013,30,34,0.8,"[3511.497090915499, 17.403392791748047]"
F112013,30,34,0.9,"[3511.497090915499, 19.580687999725342]"
F112013,30,34,1.0,"[3511.497090915499, 21.74840474128723]"
F112013,30,35,0.01,"[2702.755163454557, 0.24364829063415527]"
F112013,30,35,0.1,"[2702.5201394751844, 2.1965088844299316]"
F112013,30,35,0.2,"[2702.5201394751844, 4.366657972335815]"
F112013,30,35,0.3,"[2702.5201394751844, 6.547794580459595]"
F112013,30,35,0.4,"[2702.5201394751844, 8.717778205871582]"
F112013,30,35,0.5,"[2702.5201394751844, 10.90334963798523]"
F112013,30,35,0.6,"[2702.5201394751844, 13.081178188323975]"
F112013,30,35,0.7,"[2702.5201394751844, 15.265698194503784]"
F112013,30,35,0.8,"[2702.5201394751844, 17.459916830062866]"
F112013,30,35,0.9,"[2702.5201394751844, 19.648756980895996]"
F112013,30,35,1.0,"[2702.5201394751844, 21.824711322784424]"
F112013,30,36,0.01,"[1915.2716570288762, 0.21962475776672363]"
F112013,30,36,0.1,"[1915.17031178626, 2.1872785091400146]"
F112013,30,36,0.2,"[1915.17031178626, 4.37120509147644]"
F112013,30,36,0.3,"[1915.17031178626, 6.550360679626465]"
F112013,30,36,0.4,"[1915.17031178626, 8.723618745803833]"
F112013,30,36,0.5,"[1915.17031178626, 10.91266655921936]"
F112013,30,36,0.6,"[1915.17031178626, 13.103050708770752]"
F112013,30,36,0.7,"[1915.17031178626, 15.295307636260986]"
F112013,30,36,0.8,"[1915.17031178626, 17.493682384490967]"
F112013,30,36,0.9,"[1915.17031178626, 19.69480538368225]"
F112013,30,36,1.0,"[1915.17031178626, 21.882497310638428]"
F112013,30,37,0.01,"[2155.8721229295966, 0.21747946739196777]"
F112013,30,37,0.1,"[2154.9661046184565, 2.1721131801605225]"
F112013,30,37,0.2,"[2154.9661046184565, 4.34340500831604]"
F112013,30,37,0.3,"[2154.9661046184565, 6.511860609054565]"
F112013,30,37,0.4,"[2154.9661046184565, 8.672667264938354]"
F112013,30,37,0.5,"[2154.9661046184565, 10.832375526428223]"
F112013,30,37,0.6,"[2154.9661046184565, 12.979105710983276]"
F112013,30,37,0.7,"[2154.9661046184565, 15.124857664108276]"
F112013,30,37,0.8,"[2154.9661046184565, 17.273069858551025]"
F112013,30,37,0.9,"[2154.9661046184565, 19.431429624557495]"
F112013,30,37,1.0,"[2154.9661046184565, 21.576837301254272]"
F112013,30,38,0.01,"[2926.787529060059, 0.22014474868774414]"
F112013,30,38,0.1,"[2926.7785566434964, 2.191697359085083]"
F112013,30,38,0.2,"[2926.7785566434964, 4.375464677810669]"
F112013,30,38,0.3,"[2926.7785566434964, 6.563345909118652]"
F112013,30,38,0.4,"[2926.7785566434964, 8.745408296585083]"
F112013,30,38,0.5,"[2926.7785566434964, 10.93087100982666]"
F112013,30,38,0.6,"[2926.7785566434964, 13.114412784576416]"
F112013,30,38,0.7,"[2926.7785566434964, 15.288031101226807]"
F112013,30,38,0.8,"[2926.7785566434964, 17.46363377571106]"
F112013,30,38,0.9,"[2926.7785566434964, 19.659425973892212]"
F112013,30,38,1.0,"[2926.7785566434964, 21.840372800827026]"
F112013,30,39,0.01,"[1778.5325958438914, 0.21997880935668945]"
F112013,30,39,0.1,"[1778.2731890454952, 2.18208909034729]"
F112013,30,39,0.2,"[1778.2731876311618, 4.347737550735474]"
F112013,30,39,0.3,"[1778.2731876311618, 6.503039598464966]"
F112013,30,39,0.4,"[1778.2731876311618, 8.660089015960693]"
F112013,30,39,0.5,"[1778.2731876311618, 10.822198390960693]"
F112013,30,39,0.6,"[1778.2731876311618, 12.978144407272339]"
F112013,30,39,0.7,"[1778.2731876311618, 15.146721601486206]"
F112013,30,39,0.8,"[1778.2731876311618, 17.31221652030945]"
F112013,30,39,0.9,"[1778.2731876311618, 19.484325647354126]"
F112013,30,39,1.0,"[1778.2731876311618, 21.666489839553833]"
F112013,30,40,0.01,"[3215.1106888805753, 0.2519831657409668]"
F112013,30,40,0.1,"[3214.857482916932, 2.5062994956970215]"
F112013,30,40,0.2,"[3214.857482916932, 5.0057268142700195]"
F112013,30,40,0.3,"[3214.857482916932, 7.509271621704102]"
F112013,30,40,0.4,"[3214.857482916932, 10.003621101379395]"
F112013,30,40,0.5,"[3214.857482916932, 12.506054162979126]"
F112013,30,40,0.6,"[3214.857482916932, 14.997522354125977]"
F112013,30,40,0.7,"[3214.857482916932, 17.500309467315674]"
F112013,30,40,0.8,"[3214.857482916932, 19.992992639541626]"
F112013,30,40,0.9,"[3214.857482916932, 22.16794180870056]"
F112013,30,40,1.0,"[3214.857482916932, 24.338521480560303]"
F112013,30,41,0.01,"[1553.9950906309496, 0.21988987922668457]"
F112013,30,41,0.1,"[1553.9873298267394, 2.1960372924804688]"
F112013,30,41,0.2,"[1553.9873297649567, 4.392859697341919]"
F112013,30,41,0.3,"[1553.9873297098086, 6.5831005573272705]"
F112013,30,41,0.4,"[1553.9873296552105, 8.766433715820312]"
F112013,30,41,0.5,"[1553.9873295886796, 10.952445030212402]"
F112013,30,41,0.6,"[1553.9873295356788, 13.1289803981781]"
F112013,30,41,0.7,"[1553.987329481684, 15.313745975494385]"
F112013,30,41,0.8,"[1553.9873294350693, 17.491690397262573]"
F112013,30,41,0.9,"[1553.9873293870078, 19.686140537261963]"
F112013,30,41,1.0,"[1553.9873293360704, 21.875999450683594]"
F112013,30,42,0.01,"[2819.882761342026, 0.21978092193603516]"
F112013,30,42,0.1,"[2819.8050063625346, 2.2002041339874268]"
F112013,30,42,0.2,"[2819.805004902533, 4.390617609024048]"
F112013,30,42,0.3,"[2819.805004902533, 6.588963985443115]"
F112013,30,42,0.4,"[2819.805004902533, 8.786775827407837]"
F112013,30,42,0.5,"[2819.805004902533, 10.990328550338745]"
F112013,30,42,0.6,"[2819.805004902533, 13.175949096679688]"
F112013,30,42,0.7,"[2819.805004902533, 15.369562149047852]"
F112013,30,42,0.8,"[2819.805004902533, 17.55361580848694]"
F112013,30,42,0.9,"[2819.805004902533, 19.741498470306396]"
F112013,30,42,1.0,"[2819.805004902533, 21.927929878234863]"
F112013,30,43,0.01,"[2602.577645607375, 0.2193131446838379]"
F112013,30,43,0.1,"[2602.409953216832, 2.1856112480163574]"
F112013,30,43,0.2,"[2602.4098495728635, 4.371133327484131]"
F112013,30,43,0.3,"[2602.4098495679877, 6.549980878829956]"
F112013,30,43,0.4,"[2602.4098495679877, 8.719255924224854]"
F112013,30,43,0.5,"[2602.4098495679877, 10.889378309249878]"
F112013,30,43,0.6,"[2602.4098495679877, 13.063673973083496]"
F112013,30,43,0.7,"[2602.4098495679877, 15.238312244415283]"
F112013,30,43,0.8,"[2602.4098495679877, 17.399343729019165]"
F112013,30,43,0.9,"[2602.4098495679596, 19.577556371688843]"
F112013,30,43,1.0,"[2602.4098495679596, 21.752087116241455]"
F112013,30,44,0.01,"[3461.3274785436524, 0.21828413009643555]"
F112013,30,44,0.1,"[3460.603802764344, 2.181584358215332]"
F112013,30,44,0.2,"[3460.603802710566, 4.360849380493164]"
F112013,30,44,0.3,"[3460.603802710566, 6.537830591201782]"
F112013,30,44,0.4,"[3460.603802710566, 8.718800067901611]"
F112013,30,44,0.5,"[3460.603802710566, 10.89228367805481]"
F112013,30,44,0.6,"[3460.603802710566, 13.071893453598022]"
F112013,30,44,0.7,"[3460.603802710566, 15.248202085494995]"
F112013,30,44,0.8,"[3460.603802710566, 17.416701316833496]"
F112013,30,44,0.9,"[3460.603802710566, 19.586599349975586]"
F112013,30,44,1.0,"[3460.603802710566, 21.752800703048706]"
F112013,30,45,0.01,"[3452.3753712522102, 0.2191905975341797]"
F112013,30,45,0.1,"[3389.8184952789516, 2.179575204849243]"
F112013,30,45,0.2,"[3389.8184952789516, 4.352652072906494]"
F112013,30,45,0.3,"[3389.8184952789516, 6.523518800735474]"
F112013,30,45,0.4,"[3389.8184952789516, 8.686270236968994]"
F112013,30,45,0.5,"[3389.8184952789516, 10.866607189178467]"
F112013,30,45,0.6,"[3389.8184952789516, 13.041541814804077]"
F112013,30,45,0.7,"[3389.8184952789516, 15.228862762451172]"
F112013,30,45,0.8,"[3389.8184952789516, 17.426177263259888]"
F112013,30,45,0.9,"[3389.8184952789516, 19.624400854110718]"
F112013,30,45,1.0,"[3389.8184952789516, 21.808168172836304]"
F112013,30,46,0.01,"[1475.6890133950974, 0.21790194511413574]"
F112013,30,46,0.1,"[1475.4275477685692, 2.178057909011841]"
F112013,30,46,0.2,"[1475.4275477685692, 4.351130485534668]"
F112013,30,46,0.3,"[1475.4275477685692, 6.520252704620361]"
F112013,30,46,0.4,"[1475.4275477685692, 8.676509857177734]"
F112013,30,46,0.5,"[1475.4275477685692, 10.838483572006226]"
F112013,30,46,0.6,"[1475.4275477685692, 12.998787879943848]"
F112013,30,46,0.7,"[1475.4275477685692, 15.160017967224121]"
F112013,30,46,0.8,"[1475.4275477685692, 17.326142072677612]"
F112013,30,46,0.9,"[1475.4275477685692, 19.501253604888916]"
F112013,30,46,1.0,"[1475.4275477685692, 21.671620845794678]"
F112013,30,47,0.01,"[4071.745480398427, 0.21714520454406738]"
F112013,30,47,0.1,"[4009.2299315690298, 2.1630454063415527]"
F112013,30,47,0.2,"[4009.2299315690298, 4.311005353927612]"
F112013,30,47,0.3,"[4009.2299315690298, 6.465694427490234]"
F112013,30,47,0.4,"[4009.2299315690298, 8.607431650161743]"
F112013,30,47,0.5,"[4009.2299315690298, 10.829443216323853]"
F112013,30,47,0.6,"[4009.2299315690298, 13.028612613677979]"
F112013,30,47,0.7,"[4009.2299315690298, 15.202947854995728]"
F112013,30,47,0.8,"[4009.2299315690298, 18.592653036117554]"
F112013,30,47,0.9,"[4009.2299315690298, 21.74882745742798]"
F112013,30,47,1.0,"[4009.2299315690298, 23.90916895866394]"
F112013,30,48,0.01,"[1679.5961851692557, 0.2156829833984375]"
F112013,30,48,0.1,"[1679.535552101953, 2.1491825580596924]"
F112013,30,48,0.2,"[1679.535552101953, 4.306947231292725]"
F112013,30,48,0.3,"[1679.535552101953, 6.463361501693726]"
F112013,30,48,0.4,"[1679.535552101953, 8.616187810897827]"
F112013,30,48,0.5,"[1679.535552101953, 10.769281387329102]"
F112013,30,48,0.6,"[1679.535552101953, 12.914550065994263]"
F112013,30,48,0.7,"[1679.535552101953, 15.063848972320557]"
F112013,30,48,0.8,"[1679.535552101953, 17.20813250541687]"
F112013,30,48,0.9,"[1679.535552101953, 19.351025581359863]"
F112013,30,48,1.0,"[1679.535552101953, 21.49015498161316]"
F112013,30,49,0.01,"[1731.1743955517954, 0.21441149711608887]"
F112013,30,49,0.1,"[1731.0842072959974, 2.323662042617798]"
F112013,30,49,0.2,"[1731.0842072959963, 4.4664928913116455]"
F112013,30,49,0.3,"[1731.0842072959963, 6.635780334472656]"
F112013,30,49,0.4,"[1731.0842072959963, 8.812984704971313]"
F112013,30,49,0.5,"[1731.0842072959877, 10.97182559967041]"
F112013,30,49,0.6,"[1731.0842072959877, 13.163138628005981]"
F112013,30,49,0.7,"[1731.0842072959877, 15.360596418380737]"
F112013,30,49,0.8,"[1731.0842072959877, 17.59179973602295]"
F112013,30,49,0.9,"[1731.0842072959877, 19.80415415763855]"
F112013,30,49,1.0,"[1731.0842072959877, 22.09963607788086]"
F112013,30,50,0.01,"[3096.4887914599412, 0.2158808708190918]"
F112013,30,50,0.1,"[3033.7090942483615, 2.1440250873565674]"
F112013,30,50,0.2,"[3033.7090941889633, 4.293045520782471]"
F112013,30,50,0.3,"[3033.7090941889633, 6.444514989852905]"
F112013,30,50,0.4,"[3033.7090941889633, 8.595002174377441]"
F112013,30,50,0.5,"[3033.7090941889633, 10.749094009399414]"
F112013,30,50,0.6,"[3033.7090941889633, 12.892321109771729]"
F112013,30,50,0.7,"[3033.7090941889633, 15.052348136901855]"
F112013,30,50,0.8,"[3033.7090941889633, 17.21053671836853]"
F112013,30,50,0.9,"[3033.7090941889633, 19.365944623947144]"
F112013,30,50,1.0,"[3033.7090941889633, 21.513999700546265]"
F112013,50,0,0.01,"[3438.755355110327, 0.379763126373291]"
F112013,50,0,0.1,"[3438.2187371062423, 3.7575008869171143]"
F112013,50,0,0.2,"[3438.2187371060654, 7.4991066455841064]"
F112013,50,0,0.3,"[3438.2187371060654, 11.236526489257812]"
F112013,50,0,0.4,"[3438.2187371060654, 14.960875272750854]"
F112013,50,0,0.5,"[3438.2187371060654, 18.683379411697388]"
F112013,50,0,0.6,"[3438.2187371060654, 22.420466661453247]"
F112013,50,0,0.7,"[3438.2187371060654, 26.13865041732788]"
F112013,50,0,0.8,"[3438.2187371060654, 29.86508846282959]"
F112013,50,0,0.9,"[3438.2187371060654, 33.599202156066895]"
F112013,50,0,1.0,"[3438.2187371060654, 37.332589864730835]"
F112013,50,1,0.01,"[2369.0565020424647, 0.3813285827636719]"
F112013,50,1,0.1,"[2368.946945117518, 3.7810521125793457]"
F112013,50,1,0.2,"[2368.946945117518, 7.568492412567139]"
F112013,50,1,0.3,"[2368.946945117518, 11.332762241363525]"
F112013,50,1,0.4,"[2368.946945117518, 15.083824396133423]"
F112013,50,1,0.5,"[2368.946945117518, 18.845604181289673]"
F112013,50,1,0.6,"[2368.946945117518, 22.62017560005188]"
F112013,50,1,0.7,"[2368.946945117518, 26.39357328414917]"
F112013,50,1,0.8,"[2368.946945117518, 30.168373107910156]"
F112013,50,1,0.9,"[2368.946945117518, 33.949270725250244]"
F112013,50,1,1.0,"[2368.946945117518, 37.7356903553009]"
F112013,50,2,0.01,"[2979.768848860034, 0.49434709548950195]"
F112013,50,2,0.1,"[2979.7345924110255, 3.867741584777832]"
F112013,50,2,0.2,"[2979.734592405605, 7.603945016860962]"
F112013,50,2,0.3,"[2979.7345924035503, 11.323306798934937]"
F112013,50,2,0.4,"[2979.734592400829, 15.045415878295898]"
F112013,50,2,0.5,"[2979.734592400822, 18.773255586624146]"
F112013,50,2,0.6,"[2979.734592398147, 22.522240161895752]"
F112013,50,2,0.7,"[2979.734592395484, 26.258817195892334]"
F112013,50,2,0.8,"[2979.734592395484, 29.996190786361694]"
F112013,50,2,0.9,"[2979.734592392524, 33.73391532897949]"
F112013,50,2,1.0,"[2979.734592390748, 37.46692895889282]"
F112013,50,3,0.01,"[4434.4168174580645, 0.3816227912902832]"
F112013,50,3,0.1,"[4433.921072406723, 3.781507968902588]"
F112013,50,3,0.2,"[4433.916617592736, 7.565735101699829]"
F112013,50,3,0.3,"[4433.916271168834, 11.32099962234497]"
F112013,50,3,0.4,"[4433.916225863448, 15.096853256225586]"
F112013,50,3,0.5,"[4433.916207799785, 18.854039192199707]"
F112013,50,3,0.6,"[4433.916196059091, 22.610952377319336]"
F112013,50,3,0.7,"[4433.916187603387, 26.35573101043701]"
F112013,50,3,0.8,"[4433.916181243052, 30.10246205329895]"
F112013,50,3,0.9,"[4433.916176306382, 33.86629319190979]"
F112013,50,3,1.0,"[4433.916172318989, 37.62374210357666]"
F112013,50,4,0.01,"[3350.4601782114823, 0.3787064552307129]"
F112013,50,4,0.1,"[3350.0767304379124, 3.76682448387146]"
F112013,50,4,0.2,"[3350.076729707999, 7.497702598571777]"
F112013,50,4,0.3,"[3350.0767297033717, 11.232139110565186]"
F112013,50,4,0.4,"[3350.0767296999074, 14.954794645309448]"
F112013,50,4,0.5,"[3350.0767296960685, 18.67732572555542]"
F112013,50,4,0.6,"[3350.0767296926247, 22.409117698669434]"
F112013,50,4,0.7,"[3350.0767296876793, 26.130183696746826]"
F112013,50,4,0.8,"[3350.0767296827503, 29.868000984191895]"
F112013,50,4,0.9,"[3350.0767296767117, 33.61791634559631]"
F112013,50,4,1.0,"[3350.0767296733347, 37.36867880821228]"
F112013,50,5,0.01,"[4145.23800375482, 0.38164615631103516]"
F112013,50,5,0.1,"[4145.066087233211, 3.789875030517578]"
F112013,50,5,0.2,"[4145.066084696632, 7.566585302352905]"
F112013,50,5,0.3,"[4145.066084696614, 11.325019121170044]"
F112013,50,5,0.4,"[4145.066084696611, 15.080872535705566]"
F112013,50,5,0.5,"[4145.066084696611, 18.834253787994385]"
F112013,50,5,0.6,"[4145.066084696609, 22.599181652069092]"
F112013,50,5,0.7,"[4145.066084696609, 26.35278010368347]"
F112013,50,5,0.8,"[4145.066084696609, 30.08969259262085]"
F112013,50,5,0.9,"[4145.066084696609, 33.835538387298584]"
F112013,50,5,1.0,"[4145.066084696606, 37.57901859283447]"
F112013,50,6,0.01,"[3945.227834800206, 0.43595290184020996]"
F112013,50,6,0.1,"[3945.2027699551213, 4.344497919082642]"
F112013,50,6,0.2,"[3945.2027699551168, 8.65958023071289]"
F112013,50,6,0.3,"[3945.2027699551168, 12.978309154510498]"
F112013,50,6,0.4,"[3945.2027699551168, 17.29371190071106]"
F112013,50,6,0.5,"[3945.2027699551168, 21.6124370098114]"
F112013,50,6,0.6,"[3945.2027699551168, 25.954396724700928]"
F112013,50,6,0.7,"[3945.2027699551168, 30.284487009048462]"
F112013,50,6,0.8,"[3945.2027699551168, 34.61611557006836]"
F112013,50,6,0.9,"[3945.2027699551168, 38.95849823951721]"
F112013,50,6,1.0,"[3945.2027699551168, 43.294108629226685]"
F112013,50,7,0.01,"[2147.050562371532, 0.3825688362121582]"
F112013,50,7,0.1,"[2147.0220782245556, 3.781583547592163]"
F112013,50,7,0.2,"[2147.0220782245556, 7.574821472167969]"
F112013,50,7,0.3,"[2147.0220782245556, 11.352586507797241]"
F112013,50,7,0.4,"[2147.0220782245556, 15.1408531665802]"
F112013,50,7,0.5,"[2147.0220782245556, 18.917253494262695]"
F112013,50,7,0.6,"[2147.0220782245556, 22.726078987121582]"
F112013,50,7,0.7,"[2147.0220782245556, 26.5245578289032]"
F112013,50,7,0.8,"[2147.0220782245556, 30.315268993377686]"
F112013,50,7,0.9,"[2147.0220782245556, 34.09741735458374]"
F112013,50,7,1.0,"[2147.0220782245556, 37.87756705284119]"
F112013,50,8,0.01,"[4202.282896529722, 0.3820323944091797]"
F112013,50,8,0.1,"[4201.171487339244, 3.793421506881714]"
F112013,50,8,0.2,"[4201.171443234475, 7.578629493713379]"
F112013,50,8,0.3,"[4201.171419096713, 11.34526014328003]"
F112013,50,8,0.4,"[4201.171403968335, 15.107216835021973]"
F112013,50,8,0.5,"[4201.171393686365, 18.87869167327881]"
F112013,50,8,0.6,"[4201.171386229765, 22.657469272613525]"
F112013,50,8,0.7,"[4201.171380620803, 26.426432371139526]"
F112013,50,8,0.8,"[4201.171376306178, 30.195863723754883]"
F112013,50,8,0.9,"[4201.171372802728, 33.96936535835266]"
F112013,50,8,1.0,"[4201.171369979696, 37.75118017196655]"
F112013,50,9,0.01,"[4771.132333823526, 0.3792724609375]"
F112013,50,9,0.1,"[4770.613174598374, 3.7653751373291016]"
F112013,50,9,0.2,"[4770.609369362275, 7.518107891082764]"
F112013,50,9,0.3,"[4770.609184790789, 11.262551307678223]"
F112013,50,9,0.4,"[4770.609176417066, 14.999618291854858]"
F112013,50,9,0.5,"[4770.60917603669, 18.74124026298523]"
F112013,50,9,0.6,"[4770.609176019126, 22.492976903915405]"
F112013,50,9,0.7,"[4770.609176018545, 26.248860359191895]"
F112013,50,9,0.8,"[4770.609176018545, 30.00142765045166]"
F112013,50,9,0.9,"[4770.609176018545, 33.76239562034607]"
F112013,50,9,1.0,"[4770.609176018545, 37.51693940162659]"
F112013,50,10,0.01,"[2552.9212905786703, 0.43869566917419434]"
F112013,50,10,0.1,"[2552.917000683007, 3.8214337825775146]"
F112013,50,10,0.2,"[2552.91699966803, 7.576007604598999]"
F112013,50,10,0.3,"[2552.9169987801765, 11.343780517578125]"
F112013,50,10,0.4,"[2552.9169979890753, 15.103769063949585]"
F112013,50,10,0.5,"[2552.916997278697, 18.867494583129883]"
F112013,50,10,0.6,"[2552.916996652583, 22.634872913360596]"
F112013,50,10,0.7,"[2552.9169960905615, 26.389877796173096]"
F112013,50,10,0.8,"[2552.916995574502, 30.166645526885986]"
F112013,50,10,0.9,"[2552.9169951210856, 33.94501280784607]"
F112013,50,10,1.0,"[2552.9169947050036, 37.72156810760498]"
F112013,50,11,0.01,"[3905.795887390347, 0.429523229598999]"
F112013,50,11,0.1,"[3905.6264009143415, 3.8383865356445312]"
F112013,50,11,0.2,"[3905.6263954087635, 7.623521327972412]"
F112013,50,11,0.3,"[3905.626391214538, 11.398574352264404]"
F112013,50,11,0.4,"[3905.626387893331, 15.187321424484253]"
F112013,50,11,0.5,"[3905.6263852103457, 18.966323852539062]"
F112013,50,11,0.6,"[3905.626383012115, 22.74471354484558]"
F112013,50,11,0.7,"[3905.6263811736626, 26.548506498336792]"
F112013,50,11,0.8,"[3905.626379593836, 30.323590993881226]"
F112013,50,11,0.9,"[3905.6263782525157, 34.08734679222107]"
F112013,50,11,1.0,"[3905.626377086144, 37.85951089859009]"
F112013,50,12,0.01,"[3637.198545727868, 0.3836214542388916]"
F112013,50,12,0.1,"[3636.9611647628294, 3.791956901550293]"
F112013,50,12,0.2,"[3636.9611647628008, 7.574336290359497]"
F112013,50,12,0.3,"[3636.9611647628008, 11.347649812698364]"
F112013,50,12,0.4,"[3636.9611647628008, 15.121718406677246]"
F112013,50,12,0.5,"[3636.9611647628008, 18.902308464050293]"
F112013,50,12,0.6,"[3636.9611647628008, 22.68311595916748]"
F112013,50,12,0.7,"[3636.9611647628008, 26.455920934677124]"
F112013,50,12,0.8,"[3636.9611647628008, 30.22392177581787]"
F112013,50,12,0.9,"[3636.9611647628008, 33.98378610610962]"
F112013,50,12,1.0,"[3636.9611647628008, 37.744725942611694]"
F112013,50,13,0.01,"[2699.2438531308107, 0.47371745109558105]"
F112013,50,13,0.1,"[2699.149074892613, 3.8652491569519043]"
F112013,50,13,0.2,"[2699.1490748916926, 7.6246559619903564]"
F112013,50,13,0.3,"[2699.1490748916926, 11.388751745223999]"
F112013,50,13,0.4,"[2699.1490748916926, 15.147473812103271]"
F112013,50,13,0.5,"[2699.1490748916926, 18.906742095947266]"
F112013,50,13,0.6,"[2699.1490748916926, 22.68593454360962]"
F112013,50,13,0.7,"[2699.1490748916926, 26.446768283843994]"
F112013,50,13,0.8,"[2699.1490748916926, 30.21316409111023]"
F112013,50,13,0.9,"[2699.1490748916926, 33.98137331008911]"
F112013,50,13,1.0,"[2699.1490748916926, 37.7483229637146]"
F112013,50,14,0.01,"[2251.533767679508, 0.5156047344207764]"
F112013,50,14,0.1,"[2251.453327228853, 3.920200824737549]"
F112013,50,14,0.2,"[2251.453327228853, 7.709254026412964]"
F112013,50,14,0.3,"[2251.453327228853, 11.478963851928711]"
F112013,50,14,0.4,"[2251.453327228853, 15.259091854095459]"
F112013,50,14,0.5,"[2251.453327228853, 19.04520559310913]"
F112013,50,14,0.6,"[2251.453327228853, 22.829261302947998]"
F112013,50,14,0.7,"[2251.453327228853, 26.615721702575684]"
F112013,50,14,0.8,"[2251.453327228853, 30.41442608833313]"
F112013,50,14,0.9,"[2251.453327228853, 34.198792457580566]"
F112013,50,14,1.0,"[2251.453327228853, 37.973549127578735]"
F112013,50,15,0.01,"[4017.3393802925148, 0.4369933605194092]"
F112013,50,15,0.1,"[4017.3149797224196, 3.858715534210205]"
F112013,50,15,0.2,"[4017.3149797224196, 7.676006317138672]"
F112013,50,15,0.3,"[4017.3138391240614, 11.443727731704712]"
F112013,50,15,0.4,"[4017.3137222451505, 15.210237264633179]"
F112013,50,15,0.5,"[4017.3137151359056, 18.979015588760376]"
F112013,50,15,0.6,"[4017.313714707166, 22.75865125656128]"
F112013,50,15,0.7,"[4017.313714682466, 26.527881622314453]"
F112013,50,15,0.8,"[4017.313714681343, 30.304669857025146]"
F112013,50,15,0.9,"[4017.313714681023, 34.0741229057312]"
F112013,50,15,1.0,"[4017.313714681023, 37.86303472518921]"
F112013,50,16,0.01,"[4178.128579234354, 0.4971275329589844]"
F112013,50,16,0.1,"[4178.1134500352755, 3.8830068111419678]"
F112013,50,16,0.2,"[4178.1134500352755, 7.6483283042907715]"
F112013,50,16,0.3,"[4178.1134500352755, 11.406233072280884]"
F112013,50,16,0.4,"[4178.1134500352755, 15.173742771148682]"
F112013,50,16,0.5,"[4178.1134500352755, 18.935255527496338]"
F112013,50,16,0.6,"[4178.1134500352755, 22.71304154396057]"
F112013,50,16,0.7,"[4178.1134500352755, 26.480708360671997]"
F112013,50,16,0.8,"[4178.1134500352755, 30.23701524734497]"
F112013,50,16,0.9,"[4178.1134500352755, 33.98326396942139]"
F112013,50,16,1.0,"[4178.1134500352755, 37.741562604904175]"
F112013,50,17,0.01,"[3582.7303023193617, 0.4666929244995117]"
F112013,50,17,0.1,"[3582.459833549801, 3.8631584644317627]"
F112013,50,17,0.2,"[3582.459833549801, 7.629871129989624]"
F112013,50,17,0.3,"[3582.459833549801, 11.381145477294922]"
F112013,50,17,0.4,"[3582.459833549801, 15.109099388122559]"
F112013,50,17,0.5,"[3582.459833549801, 18.838737964630127]"
F112013,50,17,0.6,"[3582.459833549801, 22.592082977294922]"
F112013,50,17,0.7,"[3582.459833549801, 26.340908527374268]"
F112013,50,17,0.8,"[3582.459833549801, 30.086979150772095]"
F112013,50,17,0.9,"[3582.459833549801, 33.84953713417053]"
F112013,50,17,1.0,"[3582.459833549801, 37.629472494125366]"
F112013,50,18,0.01,"[4987.162463677318, 0.38213443756103516]"
F112013,50,18,0.1,"[4986.993344352276, 3.7787039279937744]"
F112013,50,18,0.2,"[4986.993338361516, 7.5676329135894775]"
F112013,50,18,0.3,"[4986.993338361452, 11.333639860153198]"
F112013,50,18,0.4,"[4986.993338361452, 15.090702295303345]"
F112013,50,18,0.5,"[4986.993338361452, 18.837027549743652]"
F112013,50,18,0.6,"[4986.993338361452, 22.588977098464966]"
F112013,50,18,0.7,"[4986.993338361452, 26.32629632949829]"
F112013,50,18,0.8,"[4986.993338361452, 30.07482671737671]"
F112013,50,18,0.9,"[4986.993338361452, 33.82399821281433]"
F112013,50,18,1.0,"[4986.993338361452, 37.58475947380066]"
F112013,50,19,0.01,"[4197.568623434675, 0.5738010406494141]"
F112013,50,19,0.1,"[4197.55237488371, 3.987269639968872]"
F112013,50,19,0.2,"[4197.55237488371, 7.768627643585205]"
F112013,50,19,0.3,"[4197.55237488371, 11.535164833068848]"
F112013,50,19,0.4,"[4197.55237488371, 15.305800914764404]"
F112013,50,19,0.5,"[4197.552374883706, 19.077329874038696]"
F112013,50,19,0.6,"[4197.552374883706, 22.860697507858276]"
F112013,50,19,0.7,"[4197.552374883706, 26.62582755088806]"
F112013,50,19,0.8,"[4197.552374883706, 30.38760542869568]"
F112013,50,19,0.9,"[4197.552374883706, 34.13970422744751]"
F112013,50,19,1.0,"[4197.552374883706, 37.9010283946991]"
F112013,50,20,0.01,"[2856.3672064235047, 0.38198137283325195]"
F112013,50,20,0.1,"[2856.1272862200876, 3.7741286754608154]"
F112013,50,20,0.2,"[2856.1272013542157, 7.520141124725342]"
F112013,50,20,0.3,"[2856.1271627269407, 11.274781703948975]"
F112013,50,20,0.4,"[2856.1271404520803, 15.019326448440552]"
F112013,50,20,0.5,"[2856.127126137947, 18.766779899597168]"
F112013,50,20,0.6,"[2856.1271161645127, 22.51906728744507]"
F112013,50,20,0.7,"[2856.1271088608546, 26.269020557403564]"
F112013,50,20,0.8,"[2856.1271033065927, 30.007718563079834]"
F112013,50,20,0.9,"[2856.127098952792, 33.73820424079895]"
F112013,50,20,1.0,"[2856.127095456971, 37.46737003326416]"
F112013,50,21,0.01,"[4366.107960291115, 0.3862648010253906]"
F112013,50,21,0.1,"[4365.758766777855, 3.8165433406829834]"
F112013,50,21,0.2,"[4365.758763755447, 7.618452548980713]"
F112013,50,21,0.3,"[4365.758763755442, 11.405616283416748]"
F112013,50,21,0.4,"[4365.758763755441, 15.190394163131714]"
F112013,50,21,0.5,"[4365.758763755432, 18.96951127052307]"
F112013,50,21,0.6,"[4365.758763755432, 22.77811884880066]"
F112013,50,21,0.7,"[4365.758763755432, 26.554839611053467]"
F112013,50,21,0.8,"[4365.758763755432, 30.308393001556396]"
F112013,50,21,0.9,"[4365.758763755432, 34.055214643478394]"
F112013,50,21,1.0,"[4365.758763755432, 37.79892063140869]"
F112013,50,22,0.01,"[3089.229987115045, 0.3748743534088135]"
F112013,50,22,0.1,"[3088.7322092614445, 3.710749626159668]"
F112013,50,22,0.2,"[3088.7321916189744, 7.411181449890137]"
F112013,50,22,0.3,"[3088.7321800884374, 11.102083683013916]"
F112013,50,22,0.4,"[3088.732171983646, 14.792602062225342]"
F112013,50,22,0.5,"[3088.732165981424, 18.478869199752808]"
F112013,50,22,0.6,"[3088.7321614149528, 22.18116068840027]"
F112013,50,22,0.7,"[3088.732157815495, 25.876617670059204]"
F112013,50,22,0.8,"[3088.7321549038047, 29.5688157081604]"
F112013,50,22,0.9,"[3088.732152506627, 33.256051778793335]"
F112013,50,22,1.0,"[3088.7321505004534, 36.9360773563385]"
F112013,50,23,0.01,"[2126.163235462731, 0.38121891021728516]"
F112013,50,23,0.1,"[2126.1292449858706, 3.77467942237854]"
F112013,50,23,0.2,"[2126.1292449858706, 7.557929992675781]"
F112013,50,23,0.3,"[2126.1292449858706, 11.325905799865723]"
F112013,50,23,0.4,"[2126.1292449858706, 15.092041254043579]"
F112013,50,23,0.5,"[2126.1292449858706, 18.858239889144897]"
F112013,50,23,0.6,"[2126.1292449858706, 22.64736270904541]"
F112013,50,23,0.7,"[2126.1292449858706, 26.432933568954468]"
F112013,50,23,0.8,"[2126.1292449858706, 30.22475552558899]"
F112013,50,23,0.9,"[2126.1292449858706, 33.99983239173889]"
F112013,50,23,1.0,"[2126.1292449858706, 37.79653453826904]"
F112013,50,24,0.01,"[3250.2782983551206, 0.38257670402526855]"
F112013,50,24,0.1,"[3250.1387730148836, 3.771160125732422]"
F112013,50,24,0.2,"[3250.138773014865, 7.525371789932251]"
F112013,50,24,0.3,"[3250.138773014865, 11.266151189804077]"
F112013,50,24,0.4,"[3250.138773014864, 15.010553359985352]"
F112013,50,24,0.5,"[3250.138773014864, 18.747924089431763]"
F112013,50,24,0.6,"[3250.138773014864, 22.491888761520386]"
F112013,50,24,0.7,"[3250.138773014864, 26.22362518310547]"
F112013,50,24,0.8,"[3250.138773014864, 29.963486671447754]"
F112013,50,24,0.9,"[3250.138773014864, 33.698052406311035]"
F112013,50,24,1.0,"[3250.138773014864, 37.42105031013489]"
F112013,50,25,0.01,"[3428.4633886079077, 0.3801276683807373]"
F112013,50,25,0.1,"[3428.295004244614, 3.764904260635376]"
F112013,50,25,0.2,"[3428.2949982222676, 7.525150299072266]"
F112013,50,25,0.3,"[3428.294993637011, 11.292253732681274]"
F112013,50,25,0.4,"[3428.2949900405097, 15.05461072921753]"
F112013,50,25,0.5,"[3428.294987189082, 18.826812505722046]"
F112013,50,25,0.6,"[3428.2949848499215, 22.61184811592102]"
F112013,50,25,0.7,"[3428.294982890989, 26.381683111190796]"
F112013,50,25,0.8,"[3428.2949812403235, 30.15803575515747]"
F112013,50,25,0.9,"[3428.2949798218865, 33.94663119316101]"
F112013,50,25,1.0,"[3428.2949786130876, 37.71234178543091]"
F112013,50,26,0.01,"[3389.396129275888, 0.3777279853820801]"
F112013,50,26,0.1,"[3389.323702212589, 3.7442426681518555]"
F112013,50,26,0.2,"[3389.323702212588, 7.485123634338379]"
F112013,50,26,0.3,"[3389.323702212588, 11.235513925552368]"
F112013,50,26,0.4,"[3389.323702212588, 14.975577592849731]"
F112013,50,26,0.5,"[3389.323702212588, 18.723631143569946]"
F112013,50,26,0.6,"[3389.323702212588, 22.46513295173645]"
F112013,50,26,0.7,"[3389.323702212588, 26.210420608520508]"
F112013,50,26,0.8,"[3389.323702212588, 29.9553701877594]"
F112013,50,26,0.9,"[3389.323702212588, 33.70305132865906]"
F112013,50,26,1.0,"[3389.323702212588, 37.44248390197754]"
F112013,50,27,0.01,"[2932.0387374439933, 0.3796520233154297]"
F112013,50,27,0.1,"[2931.903404490737, 3.7680718898773193]"
F112013,50,27,0.2,"[2931.903404490737, 7.536091327667236]"
F112013,50,27,0.3,"[2931.903404490737, 11.28201413154602]"
F112013,50,27,0.4,"[2931.903404490737, 15.026180505752563]"
F112013,50,27,0.5,"[2931.903404490737, 18.771201372146606]"
F112013,50,27,0.6,"[2931.903404490737, 22.52899932861328]"
F112013,50,27,0.7,"[2931.903404490737, 26.286091327667236]"
F112013,50,27,0.8,"[2931.903404490737, 30.04082202911377]"
F112013,50,27,0.9,"[2931.903404490737, 33.79340648651123]"
F112013,50,27,1.0,"[2931.903404490737, 37.53815722465515]"
F112013,50,28,0.01,"[4515.0141721547025, 0.4933929443359375]"
F112013,50,28,0.1,"[4452.214129599099, 3.916092872619629]"
F112013,50,28,0.2,"[4452.214102168686, 7.713124990463257]"
F112013,50,28,0.3,"[4452.214102168471, 11.491374492645264]"
F112013,50,28,0.4,"[4452.214102168471, 15.258702993392944]"
F112013,50,28,0.5,"[4452.214102168471, 19.03466248512268]"
F112013,50,28,0.6,"[4452.214102168471, 22.816582202911377]"
F112013,50,28,0.7,"[4452.214102168471, 26.638826370239258]"
F112013,50,28,0.8,"[4452.214102168471, 30.431262731552124]"
F112013,50,28,0.9,"[4452.214102168471, 34.21374177932739]"
F112013,50,28,1.0,"[4452.214102168471, 37.9943585395813]"
F112013,50,29,0.01,"[2822.383062319874, 0.5144879817962646]"
F112013,50,29,0.1,"[2822.382682270972, 3.9164106845855713]"
F112013,50,29,0.2,"[2822.382682133459, 7.684464931488037]"
F112013,50,29,0.3,"[2822.3826820071167, 11.443806171417236]"
F112013,50,29,0.4,"[2822.382681882684, 15.199541807174683]"
F112013,50,29,0.5,"[2822.382681758238, 18.954576015472412]"
F112013,50,29,0.6,"[2822.3826816497935, 22.71044659614563]"
F112013,50,29,0.7,"[2822.3826815401276, 26.453513622283936]"
F112013,50,29,0.8,"[2822.3826814393747, 30.207264184951782]"
F112013,50,29,0.9,"[2822.3826813427327, 33.95411229133606]"
F112013,50,29,1.0,"[2822.3826812544808, 37.70832347869873]"
F112013,50,30,0.01,"[3559.6539724782815, 0.4167757034301758]"
F112013,50,30,0.1,"[3558.691429998462, 3.817661762237549]"
F112013,50,30,0.2,"[3558.6914299663895, 7.5776917934417725]"
F112013,50,30,0.3,"[3558.691429966382, 11.332681655883789]"
F112013,50,30,0.4,"[3558.691429966382, 15.072901248931885]"
F112013,50,30,0.5,"[3558.691429966382, 18.822314977645874]"
F112013,50,30,0.6,"[3558.691429966382, 22.563088178634644]"
F112013,50,30,0.7,"[3558.691429966382, 26.308835744857788]"
F112013,50,30,0.8,"[3558.691429966382, 30.055804014205933]"
F112013,50,30,0.9,"[3558.691429966382, 33.8014600276947]"
F112013,50,30,1.0,"[3558.691429966382, 37.555707931518555]"
F112013,50,31,0.01,"[2773.71881985064, 0.38259124755859375]"
F112013,50,31,0.1,"[2773.7118967746155, 3.7789084911346436]"
F112013,50,31,0.2,"[2773.7118967746155, 7.571798801422119]"
F112013,50,31,0.3,"[2773.7118967746155, 11.35693359375]"
F112013,50,31,0.4,"[2773.7118967746155, 15.144965887069702]"
F112013,50,31,0.5,"[2773.7118967746155, 18.927372694015503]"
F112013,50,31,0.6,"[2773.7118967746155, 22.728097438812256]"
F112013,50,31,0.7,"[2773.7118967746155, 26.53082299232483]"
F112013,50,31,0.8,"[2773.7118967746155, 30.31190538406372]"
F112013,50,31,0.9,"[2773.7118967746155, 34.08454179763794]"
F112013,50,31,1.0,"[2773.7118967746155, 37.86881160736084]"
F112013,50,32,0.01,"[3318.7689830054314, 0.3838496208190918]"
F112013,50,32,0.1,"[3318.6288116553274, 3.7816755771636963]"
F112013,50,32,0.2,"[3318.628811655324, 7.550224781036377]"
F112013,50,32,0.3,"[3318.6288116553233, 11.296785354614258]"
F112013,50,32,0.4,"[3318.6288116553224, 15.064072370529175]"
F112013,50,32,0.5,"[3318.6288116553224, 18.832143783569336]"
F112013,50,32,0.6,"[3318.6288116553224, 22.60119366645813]"
F112013,50,32,0.7,"[3318.6288116553224, 26.365557193756104]"
F112013,50,32,0.8,"[3318.6288116553214, 30.129749298095703]"
F112013,50,32,0.9,"[3318.6288116553214, 33.87777066230774]"
F112013,50,32,1.0,"[3318.6288116553214, 37.637088775634766]"
F112013,50,33,0.01,"[2863.623043869301, 0.3814380168914795]"
F112013,50,33,0.1,"[2863.349425576898, 3.7837605476379395]"
F112013,50,33,0.2,"[2863.349416069544, 7.538885831832886]"
F112013,50,33,0.3,"[2863.349409306444, 11.27983283996582]"
F112013,50,33,0.4,"[2863.349404246834, 15.02760910987854]"
F112013,50,33,0.5,"[2863.349400333493, 18.788525104522705]"
F112013,50,33,0.6,"[2863.349397219706, 22.53470206260681]"
F112013,50,33,0.7,"[2863.349394688962, 26.275076389312744]"
F112013,50,33,0.8,"[2863.349392601381, 30.017178535461426]"
F112013,50,33,0.9,"[2863.3493908406795, 33.76526951789856]"
F112013,50,33,1.0,"[2863.349389344536, 37.523167848587036]"
F112013,50,34,0.01,"[4236.980782582537, 0.38130927085876465]"
F112013,50,34,0.1,"[4236.6525664170595, 3.7823188304901123]"
F112013,50,34,0.2,"[4236.65192942599, 7.566892147064209]"
F112013,50,34,0.3,"[4236.651929276558, 11.32676649093628]"
F112013,50,34,0.4,"[4236.651929276408, 15.082797527313232]"
F112013,50,34,0.5,"[4236.651929276408, 18.84674096107483]"
F112013,50,34,0.6,"[4236.651929276408, 22.61651873588562]"
F112013,50,34,0.7,"[4236.651929276408, 26.38403058052063]"
F112013,50,34,0.8,"[4236.651929276408, 30.144689321517944]"
F112013,50,34,0.9,"[4236.651929276408, 33.911949157714844]"
F112013,50,34,1.0,"[4236.651929276408, 37.68530225753784]"
F112013,50,35,0.01,"[3834.3552092794716, 0.381472110748291]"
F112013,50,35,0.1,"[3833.95926409517, 3.7786335945129395]"
F112013,50,35,0.2,"[3833.959242249728, 7.537083625793457]"
F112013,50,35,0.3,"[3833.959228814152, 11.285255908966064]"
F112013,50,35,0.4,"[3833.9592196167378, 15.031735181808472]"
F112013,50,35,0.5,"[3833.9592129407647, 18.792160749435425]"
F112013,50,35,0.6,"[3833.9592078720552, 22.569547653198242]"
F112013,50,35,0.7,"[3833.959203955633, 26.33625102043152]"
F112013,50,35,0.8,"[3833.9592007792794, 30.118748426437378]"
F112013,50,35,0.9,"[3833.9591982157704, 33.890841245651245]"
F112013,50,35,1.0,"[3833.9591960913635, 37.67380332946777]"
F112013,50,36,0.01,"[2097.6174157693144, 0.38344311714172363]"
F112013,50,36,0.1,"[2097.2594707523544, 3.784759044647217]"
F112013,50,36,0.2,"[2097.2594682330555, 7.5584022998809814]"
F112013,50,36,0.3,"[2097.25946616331, 11.32002592086792]"
F112013,50,36,0.4,"[2097.259464444377, 15.089403867721558]"
F112013,50,36,0.5,"[2097.259462982112, 18.863113403320312]"
F112013,50,36,0.6,"[2097.2594617361283, 22.647045612335205]"
F112013,50,36,0.7,"[2097.2594606508164, 26.423938035964966]"
F112013,50,36,0.8,"[2097.259459706343, 30.200775623321533]"
F112013,50,36,0.9,"[2097.2594588771276, 33.978145360946655]"
F112013,50,36,1.0,"[2097.259458126469, 37.76328945159912]"
F112013,50,37,0.01,"[3495.3148375638766, 0.3810770511627197]"
F112013,50,37,0.1,"[3494.8063043392663, 3.779235363006592]"
F112013,50,37,0.2,"[3494.8061863663174, 7.569407939910889]"
F112013,50,37,0.3,"[3494.8061863606495, 11.323669195175171]"
F112013,50,37,0.4,"[3494.8061863606495, 15.079172372817993]"
F112013,50,37,0.5,"[3494.8061863606495, 18.856498956680298]"
F112013,50,37,0.6,"[3494.8061863606495, 22.6670024394989]"
F112013,50,37,0.7,"[3494.8061863606495, 26.437614679336548]"
F112013,50,37,0.8,"[3494.8061863606495, 30.23153305053711]"
F112013,50,37,0.9,"[3494.8061863606495, 34.01146578788757]"
F112013,50,37,1.0,"[3494.8061863606495, 37.80067539215088]"
F112013,50,38,0.01,"[3100.1000406945745, 0.3919062614440918]"
F112013,50,38,0.1,"[3099.893201453016, 3.7782673835754395]"
F112013,50,38,0.2,"[3099.8931023037326, 7.543193101882935]"
F112013,50,38,0.3,"[3099.8931023008086, 11.292076349258423]"
F112013,50,38,0.4,"[3099.8931023008086, 15.049711227416992]"
F112013,50,38,0.5,"[3099.8931023008086, 18.824211835861206]"
F112013,50,38,0.6,"[3099.8931023008086, 22.60262155532837]"
F112013,50,38,0.7,"[3099.8931023008086, 26.40420389175415]"
F112013,50,38,0.8,"[3099.8931023008086, 30.203261137008667]"
F112013,50,38,0.9,"[3099.8931023008086, 33.98780679702759]"
F112013,50,38,1.0,"[3099.8931023008086, 37.7677686214447]"
F112013,50,39,0.01,"[3474.3310090067725, 0.3804299831390381]"
F112013,50,39,0.1,"[3474.0618081234647, 3.7650129795074463]"
F112013,50,39,0.2,"[3474.061808123461, 7.500913381576538]"
F112013,50,39,0.3,"[3474.061808123461, 11.227550745010376]"
F112013,50,39,0.4,"[3474.061808123461, 14.947845697402954]"
F112013,50,39,0.5,"[3474.061808123461, 18.67125964164734]"
F112013,50,39,0.6,"[3474.061808123461, 22.401979684829712]"
F112013,50,39,0.7,"[3474.061808123461, 26.12895917892456]"
F112013,50,39,0.8,"[3474.061808123461, 29.861995935440063]"
F112013,50,39,0.9,"[3474.061808123461, 33.59111952781677]"
F112013,50,39,1.0,"[3474.061808123461, 37.319493532180786]"
F112013,50,40,0.01,"[2946.223084797805, 0.37944626808166504]"
F112013,50,40,0.1,"[2945.812442407719, 3.787508249282837]"
F112013,50,40,0.2,"[2945.8124424077178, 7.511232137680054]"
F112013,50,40,0.3,"[2945.812442407716, 11.232591390609741]"
F112013,50,40,0.4,"[2945.8124424077155, 14.947992324829102]"
F112013,50,40,0.5,"[2945.8124424077155, 18.686872243881226]"
F112013,50,40,0.6,"[2945.8124424077155, 22.426087141036987]"
F112013,50,40,0.7,"[2945.8124424077155, 26.1562020778656]"
F112013,50,40,0.8,"[2945.8124424077146, 29.912044525146484]"
F112013,50,40,0.9,"[2945.8124424077146, 33.6490740776062]"
F112013,50,40,1.0,"[2945.8124424077128, 37.37635803222656]"
F112013,50,41,0.01,"[3402.738523021512, 0.3791189193725586]"
F112013,50,41,0.1,"[3402.451589073886, 3.7539830207824707]"
F112013,50,41,0.2,"[3402.451565690329, 7.51102614402771]"
F112013,50,41,0.3,"[3402.451551179642, 11.24161410331726]"
F112013,50,41,0.4,"[3402.4515413520344, 14.974814176559448]"
F112013,50,41,0.5,"[3402.4515342968516, 18.73253893852234]"
F112013,50,41,0.6,"[3402.451528998733, 22.49386978149414]"
F112013,50,41,0.7,"[3402.4515248807306, 26.241575956344604]"
F112013,50,41,0.8,"[3402.4515216147856, 30.0098979473114]"
F112013,50,41,0.9,"[3402.4515189334793, 33.766305446624756]"
F112013,50,41,1.0,"[3402.451516732614, 37.53005242347717]"
F112013,50,42,0.01,"[4008.7464675946376, 0.3761417865753174]"
F112013,50,42,0.1,"[4008.263454858519, 3.729475975036621]"
F112013,50,42,0.2,"[4008.2634547210364, 7.46541166305542]"
F112013,50,42,0.3,"[4008.2634547210364, 11.183791875839233]"
F112013,50,42,0.4,"[4008.2634547210364, 14.90852427482605]"
F112013,50,42,0.5,"[4008.2634547210364, 18.62428116798401]"
F112013,50,42,0.6,"[4008.2634547210364, 22.33986735343933]"
F112013,50,42,0.7,"[4008.2634547210364, 26.091994047164917]"
F112013,50,42,0.8,"[4008.2634547210364, 29.818711519241333]"
F112013,50,42,0.9,"[4008.2634547210364, 33.5383460521698]"
F112013,50,42,1.0,"[4008.2634547210364, 37.254127979278564]"
F112013,50,43,0.01,"[3133.440170712922, 0.617408275604248]"
F112013,50,43,0.1,"[3133.39258187439, 3.99898099899292]"
F112013,50,43,0.2,"[3133.3925818743865, 7.75800633430481]"
F112013,50,43,0.3,"[3133.3925818743855, 11.49506688117981]"
F112013,50,43,0.4,"[3133.3925818743855, 15.24253225326538]"
F112013,50,43,0.5,"[3133.3925818743855, 18.992159128189087]"
F112013,50,43,0.6,"[3133.3925818743855, 22.759175539016724]"
F112013,50,43,0.7,"[3133.3925818743855, 26.510147094726562]"
F112013,50,43,0.8,"[3133.3925818743855, 30.27316188812256]"
F112013,50,43,0.9,"[3133.3925818743855, 34.043883085250854]"
F112013,50,43,1.0,"[3133.3925818743855, 37.800795793533325]"
F112013,50,44,0.01,"[1810.7984333223826, 0.6382813453674316]"
F112013,50,44,0.1,"[1810.756867547204, 4.028838157653809]"
F112013,50,44,0.2,"[1810.756867547204, 7.789222002029419]"
F112013,50,44,0.3,"[1810.756867547204, 11.52426552772522]"
F112013,50,44,0.4,"[1810.756867547204, 15.255363941192627]"
F112013,50,44,0.5,"[1810.756867547204, 18.99068260192871]"
F112013,50,44,0.6,"[1810.756867547204, 22.733914613723755]"
F112013,50,44,0.7,"[1810.756867547204, 26.48279356956482]"
F112013,50,44,0.8,"[1810.756867547204, 30.23438048362732]"
F112013,50,44,0.9,"[1810.756867547204, 33.97236657142639]"
F112013,50,44,1.0,"[1810.756867547204, 37.7191162109375]"
F112013,50,45,0.01,"[2404.4134840363768, 0.3883552551269531]"
F112013,50,45,0.1,"[2403.7364595907975, 3.759521007537842]"
F112013,50,45,0.2,"[2403.7364595907975, 7.498554944992065]"
F112013,50,45,0.3,"[2403.7364595907975, 11.214688301086426]"
F112013,50,45,0.4,"[2403.7364595907975, 14.925112962722778]"
F112013,50,45,0.5,"[2403.7364595907975, 18.632197618484497]"
F112013,50,45,0.6,"[2403.7364595907975, 22.35150694847107]"
F112013,50,45,0.7,"[2403.7364595907975, 26.060227870941162]"
F112013,50,45,0.8,"[2403.7364595907975, 29.77104091644287]"
F112013,50,45,0.9,"[2403.7364595907975, 33.49506664276123]"
F112013,50,45,1.0,"[2403.7364595907975, 37.22703313827515]"
F112013,50,46,0.01,"[4182.3173794376635, 0.6144449710845947]"
F112013,50,46,0.1,"[4182.139849244117, 3.9976980686187744]"
F112013,50,46,0.2,"[4182.138772824226, 7.747865200042725]"
F112013,50,46,0.3,"[4182.13877070303, 11.475138187408447]"
F112013,50,46,0.4,"[4182.138770699606, 15.20159649848938]"
F112013,50,46,0.5,"[4182.138770699596, 18.930382013320923]"
F112013,50,46,0.6,"[4182.138770699596, 22.65973138809204]"
F112013,50,46,0.7,"[4182.138770699538, 26.37316346168518]"
F112013,50,46,0.8,"[4182.138770699138, 30.091009378433228]"
F112013,50,46,0.9,"[4182.13877069909, 33.825642347335815]"
F112013,50,46,1.0,"[4182.13877069909, 37.562978982925415]"
F112013,50,47,0.01,"[4663.010693915849, 0.5947933197021484]"
F112013,50,47,0.1,"[4662.73258663062, 3.9444355964660645]"
F112013,50,47,0.2,"[4662.731880509701, 7.674391269683838]"
F112013,50,47,0.3,"[4662.731880278549, 11.393804550170898]"
F112013,50,47,0.4,"[4662.731880278455, 15.114208221435547]"
F112013,50,47,0.5,"[4662.731880278452, 18.831008195877075]"
F112013,50,47,0.6,"[4662.731880278452, 22.559080362319946]"
F112013,50,47,0.7,"[4662.731880278452, 26.285533666610718]"
F112013,50,47,0.8,"[4662.731880278452, 30.010000467300415]"
F112013,50,47,0.9,"[4662.731880278452, 33.72289800643921]"
F112013,50,47,1.0,"[4662.731880278452, 37.442047119140625]"
F112013,50,48,0.01,"[3705.4158128785725, 0.37789034843444824]"
F112013,50,48,0.1,"[3705.4033123898053, 3.739227771759033]"
F112013,50,48,0.2,"[3705.403201399295, 7.487542152404785]"
F112013,50,48,0.3,"[3705.4031513181662, 11.237471342086792]"
F112013,50,48,0.4,"[3705.403122854025, 14.963839530944824]"
F112013,50,48,0.5,"[3705.4031045394195, 18.71124005317688]"
F112013,50,48,0.6,"[3705.403091729036, 22.461177110671997]"
F112013,50,48,0.7,"[3705.4030822616487, 26.20111083984375]"
F112013,50,48,0.8,"[3705.40307498021, 29.94221258163452]"
F112013,50,48,0.9,"[3705.4030692260244, 33.65883708000183]"
F112013,50,48,1.0,"[3705.4030645256394, 37.39658522605896]"
F112013,50,49,0.01,"[4488.513660866407, 0.3835129737854004]"
F112013,50,49,0.1,"[4425.663981596881, 3.8001513481140137]"
F112013,50,49,0.2,"[4425.663981596876, 7.582991600036621]"
F112013,50,49,0.3,"[4425.663981596876, 11.342576265335083]"
F112013,50,49,0.4,"[4425.663981596876, 15.131289720535278]"
F112013,50,49,0.5,"[4425.663981596876, 19.18737816810608]"
F112013,50,49,0.6,"[4425.663981596876, 22.954596757888794]"
F112013,50,49,0.7,"[4425.663981596876, 27.255345821380615]"
F112013,50,49,0.8,"[4425.663981596876, 31.011994123458862]"
F112013,50,49,0.9,"[4425.663981596876, 34.92189908027649]"
F112013,50,49,1.0,"[4425.663981596876, 39.230040311813354]"
F112013,50,50,0.01,"[3841.3671056757726, 0.38280272483825684]"
F112013,50,50,0.1,"[3841.315714796347, 3.7765953540802]"
F112013,50,50,0.2,"[3841.3121795201278, 7.549660921096802]"
F112013,50,50,0.3,"[3841.311468189868, 11.312910318374634]"
F112013,50,50,0.4,"[3841.3114238804683, 15.078328847885132]"
F112013,50,50,0.5,"[3841.3114212232585, 18.835625171661377]"
F112013,50,50,0.6,"[3841.311421061883, 22.58922791481018]"
F112013,50,50,0.7,"[3841.311421052296, 26.345311880111694]"
F112013,50,50,0.8,"[3841.3114210514486, 30.11368227005005]"
F112013,50,50,0.9,"[3841.3114210514022, 33.88444948196411]"
F112013,50,50,1.0,"[3841.3114210514022, 37.6552894115448]"
