function,dimension,run,checkpoint,error
F282013,10,0,0.01,"[4438.167628492186, 0.9826850891113281]"
F282013,10,0,0.1,"[4432.679897341866, 9.810841798782349]"
F282013,10,0,0.2,"[4432.679897341866, 19.534117698669434]"
F282013,10,0,0.3,"[4432.679897341866, 29.259889602661133]"
F282013,10,0,0.4,"[4432.679897341866, 39.00061082839966]"
F282013,10,0,0.5,"[4432.679897341866, 48.737730979919434]"
F282013,10,0,0.6,"[4432.679897341866, 58.45740509033203]"
F282013,10,0,0.7,"[4432.679897341866, 68.18027305603027]"
F282013,10,0,0.8,"[4432.679897341866, 77.90011262893677]"
F282013,10,0,0.9,"[4432.673911705029, 87.61499309539795]"
F282013,10,0,1.0,"[4432.660838867315, 97.30993843078613]"
F282013,10,1,0.01,"[1672.700735740943, 0.9833667278289795]"
F282013,10,1,0.1,"[1196.81740243666, 9.738030433654785]"
F282013,10,1,0.2,"[1196.81740243666, 19.443320274353027]"
F282013,10,1,0.3,"[1196.81740243666, 29.151650428771973]"
F282013,10,1,0.4,"[1196.81740243666, 38.889699935913086]"
F282013,10,1,0.5,"[1196.81740243666, 48.61557054519653]"
F282013,10,1,0.6,"[1196.81740243666, 58.3356454372406]"
F282013,10,1,0.7,"[1196.81740243666, 68.05896282196045]"
F282013,10,1,0.8,"[1196.81740243666, 77.7678279876709]"
F282013,10,1,0.9,"[1196.81740243666, 87.48211646080017]"
F282013,10,1,1.0,"[1196.81740243666, 97.2028968334198]"
F282013,10,2,0.01,"[2015.14133677482, 0.9912264347076416]"
F282013,10,2,0.1,"[2014.3868013675774, 9.758330821990967]"
F282013,10,2,0.2,"[2014.3868013675765, 19.483208417892456]"
F282013,10,2,0.3,"[2014.3868013675765, 29.202899932861328]"
F282013,10,2,0.4,"[2014.3868013675765, 38.943965911865234]"
F282013,10,2,0.5,"[2014.3868013675765, 48.676769733428955]"
F282013,10,2,0.6,"[2014.3868013675765, 58.411672830581665]"
F282013,10,2,0.7,"[2014.3868013675765, 68.15080690383911]"
F282013,10,2,0.8,"[2014.3868013675765, 77.87239956855774]"
F282013,10,2,0.9,"[2014.3868013675765, 87.59970951080322]"
F282013,10,2,1.0,"[2014.3868013675765, 97.33853936195374]"
F282013,10,3,0.01,"[2519.2057317181984, 0.9817955493927002]"
F282013,10,3,0.1,"[2518.807376502531, 9.741309642791748]"
F282013,10,3,0.2,"[2518.6609785778674, 19.459718227386475]"
F282013,10,3,0.3,"[2518.659331172298, 29.1699378490448]"
F282013,10,3,0.4,"[2518.65931234207, 38.89320921897888]"
F282013,10,3,0.5,"[2518.6593122982626, 48.60584115982056]"
F282013,10,3,0.6,"[2518.659312298239, 58.31809210777283]"
F282013,10,3,0.7,"[2518.659312298239, 68.04284334182739]"
F282013,10,3,0.8,"[2518.659312298238, 77.75291609764099]"
F282013,10,3,0.9,"[2518.659312298238, 87.46446681022644]"
F282013,10,3,1.0,"[2518.659312298238, 97.17442440986633]"
F282013,10,4,0.01,"[3206.986778294474, 0.9804143905639648]"
F282013,10,4,0.1,"[3206.6483729296506, 9.721057891845703]"
F282013,10,4,0.2,"[3206.6483729296488, 19.40176820755005]"
F282013,10,4,0.3,"[3206.6483729296488, 29.08992290496826]"
F282013,10,4,0.4,"[3206.6483729296488, 38.797175884246826]"
F282013,10,4,0.5,"[3206.6483729296488, 48.49512434005737]"
F282013,10,4,0.6,"[3206.6483729296488, 58.180500984191895]"
F282013,10,4,0.7,"[3206.6483729296488, 67.88257265090942]"
F282013,10,4,0.8,"[3206.6483729296488, 77.57852363586426]"
F282013,10,4,0.9,"[3206.6483729296488, 87.27863454818726]"
F282013,10,4,1.0,"[3206.6483729296488, 96.98627877235413]"
F282013,10,5,0.01,"[2610.9602593176955, 0.9835686683654785]"
F282013,10,5,0.1,"[2605.1718936579255, 9.99858808517456]"
F282013,10,5,0.2,"[2605.1718936579255, 19.726893663406372]"
F282013,10,5,0.3,"[2605.1718936579255, 29.44456434249878]"
F282013,10,5,0.4,"[2605.1718936579255, 39.18424129486084]"
F282013,10,5,0.5,"[2605.1718936579255, 48.903133392333984]"
F282013,10,5,0.6,"[2605.1718936579255, 58.622862577438354]"
F282013,10,5,0.7,"[2605.1718936579255, 68.35021424293518]"
F282013,10,5,0.8,"[2605.1718936579255, 78.06144690513611]"
F282013,10,5,0.9,"[2605.1718936579255, 87.7804913520813]"
F282013,10,5,1.0,"[2605.1718936579255, 97.51301836967468]"
F282013,10,6,0.01,"[3896.2262797868025, 0.9843494892120361]"
F282013,10,6,0.1,"[3876.370010969704, 9.779889106750488]"
F282013,10,6,0.2,"[3876.370010968146, 19.516268968582153]"
F282013,10,6,0.3,"[3876.370010968144, 29.240439891815186]"
F282013,10,6,0.4,"[3876.370010968144, 38.98316812515259]"
F282013,10,6,0.5,"[3876.370010968144, 48.71083068847656]"
F282013,10,6,0.6,"[3876.370010968144, 58.4352662563324]"
F282013,10,6,0.7,"[3876.370010968144, 68.16844391822815]"
F282013,10,6,0.8,"[3876.370010968144, 77.89239645004272]"
F282013,10,6,0.9,"[3876.370010968144, 87.62064290046692]"
F282013,10,6,1.0,"[3876.370010968144, 97.35520195960999]"
F282013,10,7,0.01,"[3032.881487416409, 0.9860658645629883]"
F282013,10,7,0.1,"[2703.190721842604, 9.794167280197144]"
F282013,10,7,0.2,"[2565.4940778803116, 19.5635724067688]"
F282013,10,7,0.3,"[2465.474217881339, 29.328271865844727]"
F282013,10,7,0.4,"[2449.436153515824, 39.09369134902954]"
F282013,10,7,0.5,"[2445.05601512338, 48.843870878219604]"
F282013,10,7,0.6,"[2443.3218114924566, 58.593499183654785]"
F282013,10,7,0.7,"[2442.972752406747, 68.35921907424927]"
F282013,10,7,0.8,"[2442.6118570408526, 78.11659145355225]"
F282013,10,7,0.9,"[2442.5862263516647, 87.89287233352661]"
F282013,10,7,1.0,"[2442.551471414209, 97.68540716171265]"
F282013,10,8,0.01,"[1101.0159627219718, 0.9770851135253906]"
F282013,10,8,0.1,"[1041.050685146166, 9.680107116699219]"
F282013,10,8,0.2,"[1041.050685146166, 19.329654932022095]"
F282013,10,8,0.3,"[1041.0489751557561, 28.974772930145264]"
F282013,10,8,0.4,"[1041.0489751557561, 38.650155782699585]"
F282013,10,8,0.5,"[1041.0489751557561, 48.30230450630188]"
F282013,10,8,0.6,"[1041.0489751557561, 57.966795206069946]"
F282013,10,8,0.7,"[1041.0489751557561, 67.65001654624939]"
F282013,10,8,0.8,"[1041.0489751557561, 77.3244276046753]"
F282013,10,8,0.9,"[1041.0489751557561, 86.99702715873718]"
F282013,10,8,1.0,"[1041.0489751557561, 96.67335963249207]"
F282013,10,9,0.01,"[3398.950945101915, 0.9808211326599121]"
F282013,10,9,0.1,"[3397.7342469110918, 9.730593919754028]"
F282013,10,9,0.2,"[3397.7342469019914, 19.41692614555359]"
F282013,10,9,0.3,"[3397.7342469019895, 29.110822439193726]"
F282013,10,9,0.4,"[3397.7342469019895, 38.820305585861206]"
F282013,10,9,0.5,"[3397.7342469019895, 48.51637077331543]"
F282013,10,9,0.6,"[3397.7342469019895, 58.206241846084595]"
F282013,10,9,0.7,"[3397.7342469019895, 67.93011260032654]"
F282013,10,9,0.8,"[3397.7342469019895, 77.63838481903076]"
F282013,10,9,0.9,"[3397.7342469019895, 87.33757400512695]"
F282013,10,9,1.0,"[3397.7342469019895, 97.04558539390564]"
F282013,10,10,0.01,"[925.3208490398315, 0.9892690181732178]"
F282013,10,10,0.1,"[924.8469284001558, 9.767589807510376]"
F282013,10,10,0.2,"[924.8469284001558, 19.51883053779602]"
F282013,10,10,0.3,"[924.8469284001558, 29.275842666625977]"
F282013,10,10,0.4,"[924.8469284001558, 39.048171520233154]"
F282013,10,10,0.5,"[924.8469284001558, 48.81995224952698]"
F282013,10,10,0.6,"[924.8469284001558, 58.594414949417114]"
F282013,10,10,0.7,"[924.8469284001558, 68.38066291809082]"
F282013,10,10,0.8,"[924.8469284001558, 78.1579236984253]"
F282013,10,10,0.9,"[924.8469284001558, 87.94052362442017]"
F282013,10,10,1.0,"[924.8469284001558, 97.729083776474]"
F282013,10,11,0.01,"[2107.9548190546775, 0.9856431484222412]"
F282013,10,11,0.1,"[2107.9548190546775, 11.173258543014526]"
F282013,10,11,0.2,"[2107.9548190546775, 22.473094701766968]"
F282013,10,11,0.3,"[2107.9548190546775, 33.75770378112793]"
F282013,10,11,0.4,"[2107.9548190546775, 45.078999042510986]"
F282013,10,11,0.5,"[2107.9548190546775, 56.38622069358826]"
F282013,10,11,0.6,"[2107.9548190546775, 67.68387055397034]"
F282013,10,11,0.7,"[2107.9548190546775, 78.99632239341736]"
F282013,10,11,0.8,"[2107.9548190546775, 90.28735136985779]"
F282013,10,11,0.9,"[2107.9548190546775, 101.61303162574768]"
F282013,10,11,1.0,"[2107.9548190546775, 113.02615809440613]"
F282013,10,12,0.01,"[2571.8621358266664, 0.9895391464233398]"
F282013,10,12,0.1,"[2571.8621358266664, 9.787469387054443]"
F282013,10,12,0.2,"[2571.8621358266664, 19.560760021209717]"
F282013,10,12,0.3,"[2571.8621358266664, 29.331634759902954]"
F282013,10,12,0.4,"[2571.8621358266664, 39.12773847579956]"
F282013,10,12,0.5,"[2571.8621358266664, 48.91915559768677]"
F282013,10,12,0.6,"[2571.8621358266664, 58.71264433860779]"
F282013,10,12,0.7,"[2571.8621358266664, 68.51351523399353]"
F282013,10,12,0.8,"[2571.8621358266664, 78.30171704292297]"
F282013,10,12,0.9,"[2571.8621358266664, 88.0902681350708]"
F282013,10,12,1.0,"[2571.8621358266664, 97.8861722946167]"
F282013,10,13,0.01,"[2521.225856396078, 0.984900712966919]"
F282013,10,13,0.1,"[2520.1570739254835, 9.786818265914917]"
F282013,10,13,0.2,"[2520.0736159616717, 19.555951356887817]"
F282013,10,13,0.3,"[2520.031841005063, 29.310216665267944]"
F282013,10,13,0.4,"[2520.008115916622, 39.0928955078125]"
F282013,10,13,0.5,"[2519.9952617378294, 48.8797447681427]"
F282013,10,13,0.6,"[2519.9887292885755, 58.63248658180237]"
F282013,10,13,0.7,"[2519.9855815478313, 68.3925609588623]"
F282013,10,13,0.8,"[2519.9841084033196, 78.1450412273407]"
F282013,10,13,0.9,"[2519.983434760081, 87.90216374397278]"
F282013,10,13,1.0,"[2519.983139890417, 97.67176365852356]"
F282013,10,14,0.01,"[3473.3165564422525, 0.9921541213989258]"
F282013,10,14,0.1,"[3473.3165564422525, 10.087761878967285]"
F282013,10,14,0.2,"[3473.2163504979053, 19.87584400177002]"
F282013,10,14,0.3,"[3473.1452287484863, 29.653586387634277]"
F282013,10,14,0.4,"[3473.1176532901136, 39.447826862335205]"
F282013,10,14,0.5,"[3473.108671592887, 49.230366230010986]"
F282013,10,14,0.6,"[3473.105224954059, 59.023648738861084]"
F282013,10,14,0.7,"[3473.104309656257, 68.83455014228821]"
F282013,10,14,0.8,"[3473.104149989669, 78.63475346565247]"
F282013,10,14,0.9,"[3473.104130057919, 88.43886876106262]"
F282013,10,14,1.0,"[3473.104116089594, 98.26395225524902]"
F282013,10,15,0.01,"[2587.9029189466714, 0.9844691753387451]"
F282013,10,15,0.1,"[2582.0156644266995, 9.752432823181152]"
F282013,10,15,0.2,"[2582.0155427202553, 19.46627712249756]"
F282013,10,15,0.3,"[2582.015512132843, 29.19419288635254]"
F282013,10,15,0.4,"[2582.015512132843, 38.937358140945435]"
F282013,10,15,0.5,"[2582.015512132843, 48.66019058227539]"
F282013,10,15,0.6,"[2582.015512132843, 58.37526845932007]"
F282013,10,15,0.7,"[2582.015512132843, 68.11033773422241]"
F282013,10,15,0.8,"[2582.015467265786, 77.82402086257935]"
F282013,10,15,0.9,"[2582.015467265786, 87.54722046852112]"
F282013,10,15,1.0,"[2582.015467265786, 97.27823114395142]"
F282013,10,16,0.01,"[2865.7160583759205, 0.9911706447601318]"
F282013,10,16,0.1,"[2805.844851061629, 9.766058683395386]"
F282013,10,16,0.2,"[2805.612413113242, 19.50666046142578]"
F282013,10,16,0.3,"[2803.551696183127, 29.235142469406128]"
F282013,10,16,0.4,"[2803.551696183127, 38.98082160949707]"
F282013,10,16,0.5,"[2802.1370035784503, 48.72339367866516]"
F282013,10,16,0.6,"[2802.1370035784503, 58.46125030517578]"
F282013,10,16,0.7,"[2802.1370035784503, 68.20704913139343]"
F282013,10,16,0.8,"[2802.1370035784503, 77.92040610313416]"
F282013,10,16,0.9,"[2802.1370035784503, 87.65118646621704]"
F282013,10,16,1.0,"[2802.1370035784503, 97.38859820365906]"
F282013,10,17,0.01,"[2414.0104133441378, 0.9833545684814453]"
F282013,10,17,0.1,"[2413.1387223664947, 9.772113561630249]"
F282013,10,17,0.2,"[2413.1387223664947, 19.540033102035522]"
F282013,10,17,0.3,"[2413.1206953059655, 29.304024696350098]"
F282013,10,17,0.4,"[2413.11739456587, 39.081823110580444]"
F282013,10,17,0.5,"[2413.111125294101, 48.8441207408905]"
F282013,10,17,0.6,"[2413.107573674965, 58.60270309448242]"
F282013,10,17,0.7,"[2413.107573674965, 68.36960744857788]"
F282013,10,17,0.8,"[2413.105559000058, 78.13834977149963]"
F282013,10,17,0.9,"[2413.105559000058, 87.89972925186157]"
F282013,10,17,1.0,"[2413.1051768881216, 97.68998193740845]"
F282013,10,18,0.01,"[2563.4579720582906, 0.989612340927124]"
F282013,10,18,0.1,"[2560.5762054527386, 9.793312311172485]"
F282013,10,18,0.2,"[2560.5762054527386, 19.52578592300415]"
F282013,10,18,0.3,"[2560.5762054527386, 29.268807888031006]"
F282013,10,18,0.4,"[2560.5473195486074, 39.02397131919861]"
F282013,10,18,0.5,"[2560.519562720421, 48.76626539230347]"
F282013,10,18,0.6,"[2560.51138648125, 58.48888564109802]"
F282013,10,18,0.7,"[2560.510789573923, 68.24438142776489]"
F282013,10,18,0.8,"[2560.510171536894, 77.98903942108154]"
F282013,10,18,0.9,"[2560.510171536894, 87.73649024963379]"
F282013,10,18,1.0,"[2560.510171536894, 97.49147439002991]"
F282013,10,19,0.01,"[672.6508965545036, 0.9850316047668457]"
F282013,10,19,0.1,"[300.5148187140344, 9.796287298202515]"
F282013,10,19,0.2,"[300.4561035775014, 19.53732132911682]"
F282013,10,19,0.3,"[300.0768499002372, 29.27124524116516]"
F282013,10,19,0.4,"[300.0768499002372, 39.01950478553772]"
F282013,10,19,0.5,"[300.0768499002372, 48.77516174316406]"
F282013,10,19,0.6,"[300.0768499002372, 58.51896810531616]"
F282013,10,19,0.7,"[300.0768499002372, 68.28181004524231]"
F282013,10,19,0.8,"[300.0768499002372, 78.01912879943848]"
F282013,10,19,0.9,"[300.0768499002372, 87.73543810844421]"
F282013,10,19,1.0,"[300.0768499002372, 97.47391057014465]"
F282013,10,20,0.01,"[2143.2481405536682, 0.9926097393035889]"
F282013,10,20,0.1,"[2104.237333322934, 9.753852605819702]"
F282013,10,20,0.2,"[2104.2368039305966, 19.537806272506714]"
F282013,10,20,0.3,"[2104.236538995417, 29.252883672714233]"
F282013,10,20,0.4,"[2104.2356147472965, 38.981301069259644]"
F282013,10,20,0.5,"[2104.2356147472965, 48.712454080581665]"
F282013,10,20,0.6,"[2104.2356147472965, 58.42948365211487]"
F282013,10,20,0.7,"[2104.2356147472965, 68.16443252563477]"
F282013,10,20,0.8,"[2104.2356147472965, 77.89969372749329]"
F282013,10,20,0.9,"[2104.2356147472965, 87.62190890312195]"
F282013,10,20,1.0,"[2104.2356147472965, 97.36845707893372]"
F282013,10,21,0.01,"[1830.0171167934195, 0.982947826385498]"
F282013,10,21,0.1,"[1828.2936211760639, 9.77498745918274]"
F282013,10,21,0.2,"[1828.2936211760561, 19.506098985671997]"
F282013,10,21,0.3,"[1828.2936211760561, 29.24231266975403]"
F282013,10,21,0.4,"[1828.2936211760561, 39.00192999839783]"
F282013,10,21,0.5,"[1828.2936211760561, 48.751070976257324]"
F282013,10,21,0.6,"[1828.2936211760561, 58.50305485725403]"
F282013,10,21,0.7,"[1828.2936211760561, 68.26303720474243]"
F282013,10,21,0.8,"[1828.2936211760561, 78.01915502548218]"
F282013,10,21,0.9,"[1828.2936211760561, 87.76093888282776]"
F282013,10,21,1.0,"[1828.2936211760561, 97.51385593414307]"
F282013,10,22,0.01,"[2751.465237316318, 0.9842929840087891]"
F282013,10,22,0.1,"[2751.465237316318, 9.74476170539856]"
F282013,10,22,0.2,"[2751.465237316318, 19.455397367477417]"
F282013,10,22,0.3,"[2751.465237316318, 29.178850650787354]"
F282013,10,22,0.4,"[2751.465237316318, 38.90267372131348]"
F282013,10,22,0.5,"[2751.465237316318, 48.62196469306946]"
F282013,10,22,0.6,"[2751.465237316318, 58.32633686065674]"
F282013,10,22,0.7,"[2751.465237316318, 68.04371094703674]"
F282013,10,22,0.8,"[2751.465237316318, 77.75672745704651]"
F282013,10,22,0.9,"[2751.465237316318, 87.46494626998901]"
F282013,10,22,1.0,"[2751.465237316318, 97.17579579353333]"
F282013,10,23,0.01,"[1712.5249319710201, 1.130309820175171]"
F282013,10,23,0.1,"[1711.462592781926, 10.006986856460571]"
F282013,10,23,0.2,"[1711.4625920471908, 19.70813226699829]"
F282013,10,23,0.3,"[1711.46259204719, 29.397147178649902]"
F282013,10,23,0.4,"[1711.46259204719, 39.09394836425781]"
F282013,10,23,0.5,"[1711.46259204719, 48.78805756568909]"
F282013,10,23,0.6,"[1711.46259204719, 58.47495174407959]"
F282013,10,23,0.7,"[1711.46259204719, 68.17545580863953]"
F282013,10,23,0.8,"[1711.46259204719, 77.87146854400635]"
F282013,10,23,0.9,"[1711.46259204719, 87.57662224769592]"
F282013,10,23,1.0,"[1711.46259204719, 97.276038646698]"
F282013,10,24,0.01,"[3254.680557085545, 0.9831240177154541]"
F282013,10,24,0.1,"[3078.138523382395, 10.492118120193481]"
F282013,10,24,0.2,"[3048.672997044221, 20.297359228134155]"
F282013,10,24,0.3,"[3040.305019009029, 30.010645866394043]"
F282013,10,24,0.4,"[3040.273479228719, 39.74770188331604]"
F282013,10,24,0.5,"[3040.272769474346, 49.46094560623169]"
F282013,10,24,0.6,"[3040.272753385887, 59.170764446258545]"
F282013,10,24,0.7,"[3040.272753385887, 68.922443151474]"
F282013,10,24,0.8,"[3040.272753385887, 78.68050456047058]"
F282013,10,24,0.9,"[3040.272753385887, 88.44331216812134]"
F282013,10,24,1.0,"[3040.272753385887, 98.22452545166016]"
F282013,10,25,0.01,"[2538.592531407544, 0.9913852214813232]"
F282013,10,25,0.1,"[2012.8769971494194, 9.774790525436401]"
F282013,10,25,0.2,"[1863.1677839994172, 19.514568090438843]"
F282013,10,25,0.3,"[1863.1677839994172, 29.263547897338867]"
F282013,10,25,0.4,"[1863.1677839994172, 39.02285957336426]"
F282013,10,25,0.5,"[1863.1677839994172, 48.77645945549011]"
F282013,10,25,0.6,"[1863.1677839994172, 58.52305889129639]"
F282013,10,25,0.7,"[1863.1677839994172, 68.29490160942078]"
F282013,10,25,0.8,"[1863.1677839994172, 78.09946656227112]"
F282013,10,25,0.9,"[1863.1677839994172, 87.8688097000122]"
F282013,10,25,1.0,"[1863.1677839994172, 97.65700674057007]"
F282013,10,26,0.01,"[893.7938949783179, 0.9809677600860596]"
F282013,10,26,0.1,"[892.1312608142589, 9.720722913742065]"
F282013,10,26,0.2,"[892.1303323687389, 19.416903734207153]"
F282013,10,26,0.3,"[892.1303323687389, 29.118622064590454]"
F282013,10,26,0.4,"[892.1303323687389, 38.84153652191162]"
F282013,10,26,0.5,"[892.1303323687389, 48.56097984313965]"
F282013,10,26,0.6,"[892.1303323687389, 58.274104833602905]"
F282013,10,26,0.7,"[892.1303323687389, 67.99262285232544]"
F282013,10,26,0.8,"[892.1303323687389, 77.70724105834961]"
F282013,10,26,0.9,"[892.1303323687389, 87.40888905525208]"
F282013,10,26,1.0,"[892.1302936603497, 97.1118814945221]"
F282013,10,27,0.01,"[2497.4299942370717, 0.9826321601867676]"
F282013,10,27,0.1,"[2496.7148781003775, 9.74167537689209]"
F282013,10,27,0.2,"[2496.7148781003775, 19.434338569641113]"
F282013,10,27,0.3,"[2496.7148781003775, 29.13086700439453]"
F282013,10,27,0.4,"[2496.7148781003775, 38.855639696121216]"
F282013,10,27,0.5,"[2496.7148781003775, 48.5723237991333]"
F282013,10,27,0.6,"[2496.7148781003775, 58.283753871917725]"
F282013,10,27,0.7,"[2496.7148781003775, 68.00832223892212]"
F282013,10,27,0.8,"[2496.7148781003775, 77.81010007858276]"
F282013,10,27,0.9,"[2496.7148781003775, 87.52490758895874]"
F282013,10,27,1.0,"[2496.7148781003775, 97.25467562675476]"
F282013,10,28,0.01,"[2402.2864123855893, 0.9803543090820312]"
F282013,10,28,0.1,"[2399.461333209542, 9.801810264587402]"
F282013,10,28,0.2,"[2399.4459445870148, 19.552064657211304]"
F282013,10,28,0.3,"[2399.4373068985437, 29.238441228866577]"
F282013,10,28,0.4,"[2399.4373068985437, 38.95084047317505]"
F282013,10,28,0.5,"[2399.4337857325127, 48.632606744766235]"
F282013,10,28,0.6,"[2399.4337857325127, 58.305447578430176]"
F282013,10,28,0.7,"[2399.4337857325127, 67.98770093917847]"
F282013,10,28,0.8,"[2399.4337857325127, 77.66479420661926]"
F282013,10,28,0.9,"[2399.4337857325127, 87.33851838111877]"
F282013,10,28,1.0,"[2399.4337857325127, 97.02752447128296]"
F282013,10,29,0.01,"[3895.7575685723687, 0.9855172634124756]"
F282013,10,29,0.1,"[3886.9555046860314, 9.775348424911499]"
F282013,10,29,0.2,"[3886.9022235978427, 19.524537086486816]"
F282013,10,29,0.3,"[3886.893315630615, 29.26446843147278]"
F282013,10,29,0.4,"[3886.8915749516727, 39.026352405548096]"
F282013,10,29,0.5,"[3886.891227607426, 48.77223777770996]"
F282013,10,29,0.6,"[3886.891158091652, 58.51082253456116]"
F282013,10,29,0.7,"[3886.891144099748, 68.2780327796936]"
F282013,10,29,0.8,"[3886.8911412916095, 78.05118584632874]"
F282013,10,29,0.9,"[3886.8911407303804, 87.82394886016846]"
F282013,10,29,1.0,"[3886.8911406172947, 97.5987331867218]"
F282013,10,30,0.01,"[4667.945336209364, 0.9821135997772217]"
F282013,10,30,0.1,"[4342.142838073322, 9.724162340164185]"
F282013,10,30,0.2,"[4261.68932618438, 19.438910007476807]"
F282013,10,30,0.3,"[4056.73207264387, 29.153188228607178]"
F282013,10,30,0.4,"[3983.3083989315983, 38.883063554763794]"
F282013,10,30,0.5,"[3974.375395356641, 48.60566258430481]"
F282013,10,30,0.6,"[3968.2016199161953, 58.3091721534729]"
F282013,10,30,0.7,"[3968.2016199161953, 68.04331088066101]"
F282013,10,30,0.8,"[3968.2016199161953, 77.76726770401001]"
F282013,10,30,0.9,"[3957.507401977522, 87.48828434944153]"
F282013,10,30,1.0,"[3926.722355325044, 97.21844220161438]"
F282013,10,31,0.01,"[2701.3185961329, 0.9826867580413818]"
F282013,10,31,0.1,"[2700.420609084328, 9.76422119140625]"
F282013,10,31,0.2,"[2700.394402546375, 19.51421618461609]"
F282013,10,31,0.3,"[2700.3823952997345, 29.272364139556885]"
F282013,10,31,0.4,"[2700.3764186390326, 39.05244159698486]"
F282013,10,31,0.5,"[2700.3733962312444, 48.79257369041443]"
F282013,10,31,0.6,"[2700.3718623464665, 58.54259276390076]"
F282013,10,31,0.7,"[2700.371079155835, 68.29637861251831]"
F282013,10,31,0.8,"[2700.370680764103, 78.04893374443054]"
F282013,10,31,0.9,"[2700.370478459019, 87.80394649505615]"
F282013,10,31,1.0,"[2700.37037527394, 97.5688750743866]"
F282013,10,32,0.01,"[4913.640390656874, 0.9830672740936279]"
F282013,10,32,0.1,"[4913.640390656874, 9.84355902671814]"
F282013,10,32,0.2,"[4913.640390656874, 19.681318521499634]"
F282013,10,32,0.3,"[4913.640390656874, 29.410186767578125]"
F282013,10,32,0.4,"[4913.640390656874, 39.15282106399536]"
F282013,10,32,0.5,"[4913.640390656874, 48.88655614852905]"
F282013,10,32,0.6,"[4913.640390656874, 58.6025927066803]"
F282013,10,32,0.7,"[4913.640390656874, 68.33898401260376]"
F282013,10,32,0.8,"[4913.640390656874, 78.05809164047241]"
F282013,10,32,0.9,"[4913.640390656874, 87.77895379066467]"
F282013,10,32,1.0,"[4913.640390656874, 97.5105664730072]"
F282013,10,33,0.01,"[2758.0375417434216, 0.9822335243225098]"
F282013,10,33,0.1,"[2737.929247786421, 9.719812631607056]"
F282013,10,33,0.2,"[2737.929247786421, 19.40846037864685]"
F282013,10,33,0.3,"[2737.929247786421, 29.098984718322754]"
F282013,10,33,0.4,"[2737.929247786421, 38.80358815193176]"
F282013,10,33,0.5,"[2737.929247786421, 48.500269174575806]"
F282013,10,33,0.6,"[2737.929247786421, 58.194764852523804]"
F282013,10,33,0.7,"[2737.929247786421, 67.89870953559875]"
F282013,10,33,0.8,"[2737.929247786421, 77.58953380584717]"
F282013,10,33,0.9,"[2737.929247786421, 87.2782096862793]"
F282013,10,33,1.0,"[2737.929247786421, 96.96509981155396]"
F282013,10,34,0.01,"[4079.0110355411625, 0.9907243251800537]"
F282013,10,34,0.1,"[4069.2078015822954, 9.910677194595337]"
F282013,10,34,0.2,"[4069.2078015794914, 19.772019147872925]"
F282013,10,34,0.3,"[4069.2078015794887, 29.70152473449707]"
F282013,10,34,0.4,"[4069.2078015794887, 39.66253924369812]"
F282013,10,34,0.5,"[4069.2078015794887, 49.581220865249634]"
F282013,10,34,0.6,"[4069.2078015794887, 59.43253421783447]"
F282013,10,34,0.7,"[4069.2078015794887, 69.34252309799194]"
F282013,10,34,0.8,"[4069.2078015794887, 79.25053215026855]"
F282013,10,34,0.9,"[4069.2078015794887, 89.25853657722473]"
F282013,10,34,1.0,"[4069.2078015794887, 99.20387101173401]"
F282013,10,35,0.01,"[3240.6422818367264, 0.9919323921203613]"
F282013,10,35,0.1,"[2979.4538047405376, 9.779192686080933]"
F282013,10,35,0.2,"[2907.092754488075, 19.537878274917603]"
F282013,10,35,0.3,"[2776.8382103282283, 29.28615140914917]"
F282013,10,35,0.4,"[2681.309298818529, 39.05007791519165]"
F282013,10,35,0.5,"[2603.3096352196862, 48.79605221748352]"
F282013,10,35,0.6,"[2542.653080094137, 58.545060873031616]"
F282013,10,35,0.7,"[2470.345688699882, 68.30731129646301]"
F282013,10,35,0.8,"[2432.5526575740673, 78.05310821533203]"
F282013,10,35,0.9,"[2405.5176299389623, 87.79154253005981]"
F282013,10,35,1.0,"[2377.6641750807003, 97.53762459754944]"
F282013,10,36,0.01,"[3314.2773180094064, 0.9808413982391357]"
F282013,10,36,0.1,"[3313.164696018086, 9.747540473937988]"
F282013,10,36,0.2,"[3313.0794017410044, 19.47233486175537]"
F282013,10,36,0.3,"[3313.0794017410044, 29.190385103225708]"
F282013,10,36,0.4,"[3313.0794017410044, 38.940104484558105]"
F282013,10,36,0.5,"[3313.0794017410044, 48.69407892227173]"
F282013,10,36,0.6,"[3313.031890172001, 58.420788049697876]"
F282013,10,36,0.7,"[3313.031890172001, 68.1640567779541]"
F282013,10,36,0.8,"[3313.031890172001, 77.9062066078186]"
F282013,10,36,0.9,"[3313.031890172001, 87.64644575119019]"
F282013,10,36,1.0,"[3313.0205798848665, 97.39966893196106]"
F282013,10,37,0.01,"[1350.4301328842766, 0.984870195388794]"
F282013,10,37,0.1,"[1296.4222075742791, 10.429395198822021]"
F282013,10,37,0.2,"[1296.4176854547263, 20.182913780212402]"
F282013,10,37,0.3,"[1296.4176854547263, 29.93125557899475]"
F282013,10,37,0.4,"[1296.4086281975815, 39.70044708251953]"
F282013,10,37,0.5,"[1296.4086281975815, 49.45721626281738]"
F282013,10,37,0.6,"[1296.4086281975815, 59.22776389122009]"
F282013,10,37,0.7,"[1296.4086281975815, 69.0592749118805]"
F282013,10,37,0.8,"[1296.4086281975815, 78.83174991607666]"
F282013,10,37,0.9,"[1296.404456458668, 88.5989260673523]"
F282013,10,37,1.0,"[1296.4037530595988, 98.39075136184692]"
F282013,10,38,0.01,"[775.2008705108019, 0.98091721534729]"
F282013,10,38,0.1,"[100.44623266849976, 9.772667407989502]"
F282013,10,38,0.2,"[100.03418365443508, 19.523647785186768]"
F282013,10,38,0.3,"[100.03418365443508, 29.260993719100952]"
F282013,10,38,0.4,"[100.03418365443508, 39.011210203170776]"
F282013,10,38,0.5,"[100.03418365443508, 48.755592584609985]"
F282013,10,38,0.6,"[100.03418365443508, 58.5044047832489]"
F282013,10,38,0.7,"[100.03418365443508, 68.26332521438599]"
F282013,10,38,0.8,"[100.03418365443508, 78.01133489608765]"
F282013,10,38,0.9,"[100.03418365443508, 87.7563955783844]"
F282013,10,38,1.0,"[100.03418365443508, 97.50882148742676]"
F282013,10,39,0.01,"[1708.9618693344491, 0.9856522083282471]"
F282013,10,39,0.1,"[100.47116489541054, 9.76166820526123]"
F282013,10,39,0.2,"[100.4579195781073, 19.493939638137817]"
F282013,10,39,0.3,"[100.0355707914639, 29.2253475189209]"
F282013,10,39,0.4,"[100.02168026569893, 38.961859941482544]"
F282013,10,39,0.5,"[100.02168026569893, 48.69468545913696]"
F282013,10,39,0.6,"[100.02168026569893, 58.418137073516846]"
F282013,10,39,0.7,"[100.02168026569893, 68.15587425231934]"
F282013,10,39,0.8,"[100.02168026569893, 77.89026427268982]"
F282013,10,39,0.9,"[100.02168026569893, 87.62030243873596]"
F282013,10,39,1.0,"[100.02168026569893, 97.37610363960266]"
F282013,10,40,0.01,"[1097.9170322963637, 0.9850471019744873]"
F282013,10,40,0.1,"[926.7805608557765, 10.035437822341919]"
F282013,10,40,0.2,"[926.7805608557765, 19.742506504058838]"
F282013,10,40,0.3,"[926.7776330846291, 29.44739556312561]"
F282013,10,40,0.4,"[926.7773871554505, 39.163089990615845]"
F282013,10,40,0.5,"[926.7772991577399, 48.8794903755188]"
F282013,10,40,0.6,"[926.7772991577399, 58.59092926979065]"
F282013,10,40,0.7,"[926.7770570313369, 68.31267714500427]"
F282013,10,40,0.8,"[926.7770570313369, 78.03689336776733]"
F282013,10,40,0.9,"[926.7770570313369, 87.75081396102905]"
F282013,10,40,1.0,"[926.7770570313369, 97.48882722854614]"
F282013,10,41,0.01,"[2390.2506592970562, 0.9842534065246582]"
F282013,10,41,0.1,"[2388.112026757511, 9.806234121322632]"
F282013,10,41,0.2,"[2388.112026757511, 19.582977533340454]"
F282013,10,41,0.3,"[2388.10832017494, 29.346840381622314]"
F282013,10,41,0.4,"[2388.10832017494, 39.12780165672302]"
F282013,10,41,0.5,"[2388.10832017494, 48.912957191467285]"
F282013,10,41,0.6,"[2388.10832017494, 58.691306591033936]"
F282013,10,41,0.7,"[2388.10832017494, 68.46974730491638]"
F282013,10,41,0.8,"[2388.10832017494, 78.24287152290344]"
F282013,10,41,0.9,"[2388.10832017494, 88.0088369846344]"
F282013,10,41,1.0,"[2388.10832017494, 97.78082013130188]"
F282013,10,42,0.01,"[3101.188550865925, 0.988980770111084]"
F282013,10,42,0.1,"[3095.9647672009996, 15.539598226547241]"
F282013,10,42,0.2,"[3095.964767150739, 26.782315254211426]"
F282013,10,42,0.3,"[3095.964767150739, 36.60580110549927]"
F282013,10,42,0.4,"[3095.964767150739, 46.462427377700806]"
F282013,10,42,0.5,"[3095.964767150739, 56.29742383956909]"
F282013,10,42,0.6,"[3095.964767150739, 66.1239128112793]"
F282013,10,42,0.7,"[3095.964767150739, 75.91761016845703]"
F282013,10,42,0.8,"[3095.964767150739, 85.70467329025269]"
F282013,10,42,0.9,"[3095.964767150739, 95.49271750450134]"
F282013,10,42,1.0,"[3095.964767150739, 105.37026691436768]"
F282013,10,43,0.01,"[1615.9906103653625, 0.9944612979888916]"
F282013,10,43,0.1,"[1612.5613387533585, 10.287575960159302]"
F282013,10,43,0.2,"[1612.5607610712586, 20.064028024673462]"
F282013,10,43,0.3,"[1612.560699880824, 29.82654881477356]"
F282013,10,43,0.4,"[1612.5606346565642, 39.59780788421631]"
F282013,10,43,0.5,"[1612.5606218630155, 49.372421741485596]"
F282013,10,43,0.6,"[1612.5605710813652, 59.153337478637695]"
F282013,10,43,0.7,"[1612.5605580523115, 68.94696545600891]"
F282013,10,43,0.8,"[1612.5604836670109, 78.71602082252502]"
F282013,10,43,0.9,"[1612.5604471182578, 88.48213195800781]"
F282013,10,43,1.0,"[1612.5604471182578, 98.27446365356445]"
F282013,10,44,0.01,"[1334.5157004228795, 0.9837145805358887]"
F282013,10,44,0.1,"[971.3335371753187, 9.74250864982605]"
F282013,10,44,0.2,"[860.4255834235419, 19.48019051551819]"
F282013,10,44,0.3,"[830.1279786160385, 29.22165584564209]"
F282013,10,44,0.4,"[829.5394912966012, 38.9752516746521]"
F282013,10,44,0.5,"[776.5229041117027, 48.73446345329285]"
F282013,10,44,0.6,"[775.554934220791, 58.47811985015869]"
F282013,10,44,0.7,"[775.5493042479666, 68.24983978271484]"
F282013,10,44,0.8,"[775.549094129055, 77.9947338104248]"
F282013,10,44,0.9,"[775.5489141874468, 87.73656845092773]"
F282013,10,44,1.0,"[775.5487288910308, 97.48965334892273]"
F282013,10,45,0.01,"[2003.1829837179075, 0.9846992492675781]"
F282013,10,45,0.1,"[2002.527783532748, 9.86836576461792]"
F282013,10,45,0.2,"[2002.527783532748, 19.64188838005066]"
F282013,10,45,0.3,"[2002.527783532748, 29.37152600288391]"
F282013,10,45,0.4,"[2002.527783532748, 39.123215198516846]"
F282013,10,45,0.5,"[2002.527783532748, 48.86681628227234]"
F282013,10,45,0.6,"[2002.527783532748, 58.59085178375244]"
F282013,10,45,0.7,"[2002.527783532748, 68.31396698951721]"
F282013,10,45,0.8,"[2002.527783532748, 78.04303646087646]"
F282013,10,45,0.9,"[2002.527783532748, 87.77164673805237]"
F282013,10,45,1.0,"[2002.527783532748, 97.50337243080139]"
F282013,10,46,0.01,"[2518.448603381961, 0.9895815849304199]"
F282013,10,46,0.1,"[2518.448603381961, 14.617081880569458]"
F282013,10,46,0.2,"[2518.448603381961, 26.450972318649292]"
F282013,10,46,0.3,"[2518.448603381961, 36.42395997047424]"
F282013,10,46,0.4,"[2518.448603381961, 46.394540786743164]"
F282013,10,46,0.5,"[2518.448603381961, 56.26178741455078]"
F282013,10,46,0.6,"[2518.448603381961, 66.1609697341919]"
F282013,10,46,0.7,"[2518.448603381961, 76.07621216773987]"
F282013,10,46,0.8,"[2518.448603381961, 86.09667086601257]"
F282013,10,46,0.9,"[2518.448603381961, 96.00997972488403]"
F282013,10,46,1.0,"[2518.448603381961, 105.894291639328]"
F282013,10,47,0.01,"[265222.1606313042, 0.9823200702667236]"
F282013,10,47,0.1,"[99633.02389764154, 10.136083364486694]"
F282013,10,47,0.2,"[94927.03008398275, 19.874966382980347]"
F282013,10,47,0.3,"[94927.03008398275, 29.60388684272766]"
F282013,10,47,0.4,"[94927.03008398275, 39.35797643661499]"
F282013,10,47,0.5,"[94927.03008398275, 49.091540575027466]"
F282013,10,47,0.6,"[94927.03008398275, 58.83440828323364]"
F282013,10,47,0.7,"[94927.03008398275, 68.57849168777466]"
F282013,10,47,0.8,"[94927.03008398275, 78.31745862960815]"
F282013,10,47,0.9,"[94927.03008398275, 88.06510758399963]"
F282013,10,47,1.0,"[94927.03008398275, 97.80914783477783]"
F282013,10,48,0.01,"[1585.2833300193633, 0.9814035892486572]"
F282013,10,48,0.1,"[1584.408340720276, 9.821325063705444]"
F282013,10,48,0.2,"[1584.408340720276, 19.626164436340332]"
F282013,10,48,0.3,"[1584.408340720276, 29.460607767105103]"
F282013,10,48,0.4,"[1584.408340720276, 39.27133798599243]"
F282013,10,48,0.5,"[1584.408340720276, 49.06905746459961]"
F282013,10,48,0.6,"[1584.408340720276, 58.878501415252686]"
F282013,10,48,0.7,"[1584.408340720276, 68.7019612789154]"
F282013,10,48,0.8,"[1584.408340720276, 78.51625347137451]"
F282013,10,48,0.9,"[1584.408340720276, 88.33329653739929]"
F282013,10,48,1.0,"[1584.408340720276, 98.17214727401733]"
F282013,10,49,0.01,"[4262.147943502785, 0.9771244525909424]"
F282013,10,49,0.1,"[4259.2285027328335, 9.78519058227539]"
F282013,10,49,0.2,"[4259.2285027328335, 19.577361583709717]"
F282013,10,49,0.3,"[4259.2285027328335, 29.363049745559692]"
F282013,10,49,0.4,"[4259.2285027328335, 39.16786766052246]"
F282013,10,49,0.5,"[4259.2285027328335, 48.942286252975464]"
F282013,10,49,0.6,"[4259.2285027328335, 58.73060321807861]"
F282013,10,49,0.7,"[4259.2285027328335, 68.52474021911621]"
F282013,10,49,0.8,"[4259.2285027328335, 78.32123064994812]"
F282013,10,49,0.9,"[4259.2285027328335, 88.12538743019104]"
F282013,10,49,1.0,"[4259.2285027328335, 97.92864298820496]"
F282013,10,50,0.01,"[5018.93228700863, 0.988929271697998]"
F282013,10,50,0.1,"[4996.963779832796, 9.836426019668579]"
F282013,10,50,0.2,"[4996.963779831947, 19.675022840499878]"
F282013,10,50,0.3,"[4996.9637798319445, 29.512677907943726]"
F282013,10,50,0.4,"[4996.9637798319445, 39.35920715332031]"
F282013,10,50,0.5,"[4996.9637798319445, 49.19885849952698]"
F282013,10,50,0.6,"[4996.9637798319445, 59.027848958969116]"
F282013,10,50,0.7,"[4996.9637798319445, 68.89435172080994]"
F282013,10,50,0.8,"[4996.9637798319445, 78.74490857124329]"
F282013,10,50,0.9,"[4996.9637798319445, 88.6050181388855]"
F282013,10,50,1.0,"[4996.9637798319445, 98.46792268753052]"
F282013,30,0,0.01,"[26229.66155856472, 6.293331146240234]"
F282013,30,0,0.1,"[18509.209001300118, 62.67940425872803]"
F282013,30,0,0.2,"[18509.209001300118, 125.2272219657898]"
F282013,30,0,0.3,"[18509.209001300118, 187.55664801597595]"
F282013,30,0,0.4,"[18509.209001300118, 249.8262321949005]"
F282013,30,0,0.5,"[18509.209001300118, 312.09174060821533]"
F282013,30,0,0.6,"[18509.209001300118, 374.3246304988861]"
F282013,30,0,0.7,"[18509.209001300118, 436.6171910762787]"
F282013,30,0,0.8,"[18509.209001300118, 498.9216046333313]"
F282013,30,0,0.9,"[18509.209001300118, 561.2015175819397]"
F282013,30,0,1.0,"[18509.209001300118, 623.4395952224731]"
F282013,30,1,0.01,"[1005810.1400195218, 7.254335641860962]"
F282013,30,1,0.1,"[256802.04177804771, 74.04229354858398]"
F282013,30,1,0.2,"[247562.6766373836, 148.20559763908386]"
F282013,30,1,0.3,"[247562.6766373836, 221.86216044425964]"
F282013,30,1,0.4,"[247562.6766373836, 283.8455579280853]"
F282013,30,1,0.5,"[247562.6766373836, 345.8927352428436]"
F282013,30,1,0.6,"[247562.6766373836, 407.85009145736694]"
F282013,30,1,0.7,"[247562.6766373836, 469.8629107475281]"
F282013,30,1,0.8,"[176793.54214109888, 531.83797955513]"
F282013,30,1,0.9,"[176793.54214109888, 593.8646371364594]"
F282013,30,1,1.0,"[168153.71199752143, 656.0248532295227]"
F282013,30,2,0.01,"[17689410.330282874, 6.2554121017456055]"
F282013,30,2,0.1,"[17689410.330282874, 62.41763186454773]"
F282013,30,2,0.2,"[17689410.330282874, 124.78490209579468]"
F282013,30,2,0.3,"[17689410.330282874, 187.23071670532227]"
F282013,30,2,0.4,"[17689410.330282874, 249.8706021308899]"
F282013,30,2,0.5,"[17689410.330282874, 312.2206838130951]"
F282013,30,2,0.6,"[17689410.330282874, 374.2521288394928]"
F282013,30,2,0.7,"[17689410.330282874, 436.3120539188385]"
F282013,30,2,0.8,"[17689410.330282874, 498.2720482349396]"
F282013,30,2,0.9,"[17689410.330282874, 560.2669425010681]"
F282013,30,2,1.0,"[17689410.330282874, 622.2121813297272]"
F282013,30,3,0.01,"[1580788378.847148, 6.294043779373169]"
F282013,30,3,0.1,"[1471412297.8473542, 62.541778802871704]"
F282013,30,3,0.2,"[770705891.6955925, 124.99871468544006]"
F282013,30,3,0.3,"[594313494.1763284, 187.4565405845642]"
F282013,30,3,0.4,"[537623352.8094769, 250.04573726654053]"
F282013,30,3,0.5,"[361499525.21251935, 312.52333188056946]"
F282013,30,3,0.6,"[346721881.6121129, 374.8769586086273]"
F282013,30,3,0.7,"[346721881.6121129, 437.18200874328613]"
F282013,30,3,0.8,"[317668219.95056295, 499.3242824077606]"
F282013,30,3,0.9,"[317668219.95056295, 561.5558078289032]"
F282013,30,3,1.0,"[317668219.95056295, 623.696172952652]"
F282013,30,4,0.01,"[30045040211.388275, 6.284599542617798]"
F282013,30,4,0.1,"[30045040211.388275, 62.66077256202698]"
F282013,30,4,0.2,"[30045040211.388275, 125.1815915107727]"
F282013,30,4,0.3,"[30045040211.388275, 187.80696058273315]"
F282013,30,4,0.4,"[30045040211.388275, 250.265727519989]"
F282013,30,4,0.5,"[28412536467.571804, 312.8366765975952]"
F282013,30,4,0.6,"[20846964867.245026, 375.31405663490295]"
F282013,30,4,0.7,"[20019564758.935593, 437.7621212005615]"
F282013,30,4,0.8,"[18512942449.41108, 500.1603102684021]"
F282013,30,4,0.9,"[17701063960.34588, 562.4569635391235]"
F282013,30,4,1.0,"[17701063960.34588, 624.6456718444824]"
F282013,30,5,0.01,"[12116.19143372412, 6.244062662124634]"
F282013,30,5,0.1,"[9778.89626505124, 62.28878402709961]"
F282013,30,5,0.2,"[9778.89626505124, 124.48025298118591]"
F282013,30,5,0.3,"[9655.300175923621, 186.7341914176941]"
F282013,30,5,0.4,"[9488.184538841613, 248.89581274986267]"
F282013,30,5,0.5,"[9284.36129499037, 311.1919004917145]"
F282013,30,5,0.6,"[8727.80230559154, 373.46765518188477]"
F282013,30,5,0.7,"[8586.615407049121, 435.8386664390564]"
F282013,30,5,0.8,"[8586.615407049121, 498.0960912704468]"
F282013,30,5,0.9,"[8132.111408697609, 560.4713327884674]"
F282013,30,5,1.0,"[7894.091715124476, 622.6682262420654]"
F282013,30,6,0.01,"[7914.942821124725, 6.35344386100769]"
F282013,30,6,0.1,"[7686.173636876094, 62.64936375617981]"
F282013,30,6,0.2,"[7475.628527044988, 125.16877055168152]"
F282013,30,6,0.3,"[7131.039135694769, 187.73866438865662]"
F282013,30,6,0.4,"[7023.572121480094, 250.32833743095398]"
F282013,30,6,0.5,"[7022.366525662121, 312.97286319732666]"
F282013,30,6,0.6,"[7020.358853745132, 375.6030294895172]"
F282013,30,6,0.7,"[7018.966319035899, 438.33566093444824]"
F282013,30,6,0.8,"[7018.966319035899, 500.91285133361816]"
F282013,30,6,0.9,"[7018.966319035899, 563.6044776439667]"
F282013,30,6,1.0,"[7018.966319035899, 626.2625000476837]"
F282013,30,7,0.01,"[8904.613998910227, 6.279139995574951]"
F282013,30,7,0.1,"[8896.367491774781, 62.61944794654846]"
F282013,30,7,0.2,"[8894.69858376946, 125.17954802513123]"
F282013,30,7,0.3,"[8894.69858376946, 187.78168034553528]"
F282013,30,7,0.4,"[8894.69858376946, 250.31976199150085]"
F282013,30,7,0.5,"[8894.69858376946, 312.90503668785095]"
F282013,30,7,0.6,"[8894.69858376946, 375.4133825302124]"
F282013,30,7,0.7,"[8894.69858376946, 438.0188524723053]"
F282013,30,7,0.8,"[8894.69858376946, 500.46852588653564]"
F282013,30,7,0.9,"[8894.69858376946, 562.9931240081787]"
F282013,30,7,1.0,"[8894.69858376946, 625.4100871086121]"
F282013,30,8,0.01,"[9151.675092413814, 6.256390333175659]"
F282013,30,8,0.1,"[8965.371140308767, 62.32792639732361]"
F282013,30,8,0.2,"[8954.120436242934, 124.46643662452698]"
F282013,30,8,0.3,"[8848.754989448033, 186.6994059085846]"
F282013,30,8,0.4,"[8848.20479131308, 248.83376216888428]"
F282013,30,8,0.5,"[8847.294181673724, 310.998309135437]"
F282013,30,8,0.6,"[8833.375421604287, 373.1673767566681]"
F282013,30,8,0.7,"[8769.878853987271, 435.6759452819824]"
F282013,30,8,0.8,"[8724.43608734781, 497.98808455467224]"
F282013,30,8,0.9,"[8718.82014984913, 560.4406235218048]"
F282013,30,8,1.0,"[8718.82014984913, 622.8500299453735]"
F282013,30,9,0.01,"[11977.380141197846, 6.2707602977752686]"
F282013,30,9,0.1,"[8770.60688600549, 62.56773591041565]"
F282013,30,9,0.2,"[8770.60688600549, 125.14800214767456]"
F282013,30,9,0.3,"[8770.60688600549, 187.68597722053528]"
F282013,30,9,0.4,"[8770.60688600549, 250.30743622779846]"
F282013,30,9,0.5,"[8770.60688600549, 312.7953782081604]"
F282013,30,9,0.6,"[8770.60688600549, 375.2153606414795]"
F282013,30,9,0.7,"[8770.60688600549, 437.6494071483612]"
F282013,30,9,0.8,"[8770.60688600549, 500.0416669845581]"
F282013,30,9,0.9,"[8770.60688600549, 562.4274518489838]"
F282013,30,9,1.0,"[8770.60688600549, 624.6680290699005]"
F282013,30,10,0.01,"[1063314.4213675999, 6.2568275928497314]"
F282013,30,10,0.1,"[1063314.4213675999, 62.40259265899658]"
F282013,30,10,0.2,"[950421.2074181032, 124.65486669540405]"
F282013,30,10,0.3,"[950421.2074181032, 186.9802782535553]"
F282013,30,10,0.4,"[950421.2074181032, 249.29979753494263]"
F282013,30,10,0.5,"[814747.9824409777, 311.62032747268677]"
F282013,30,10,0.6,"[481794.36573857884, 373.9185242652893]"
F282013,30,10,0.7,"[466717.00947026577, 436.3365533351898]"
F282013,30,10,0.8,"[455864.4494856858, 498.78245663642883]"
F282013,30,10,0.9,"[419360.96996504936, 561.3254671096802]"
F282013,30,10,1.0,"[419360.96996504936, 623.8271322250366]"
F282013,30,11,0.01,"[10587.345420439637, 6.421534061431885]"
F282013,30,11,0.1,"[10529.653470672132, 62.58241605758667]"
F282013,30,11,0.2,"[10525.90151895387, 124.89219856262207]"
F282013,30,11,0.3,"[10525.030348094893, 187.2519600391388]"
F282013,30,11,0.4,"[10525.030348094893, 249.7366955280304]"
F282013,30,11,0.5,"[10525.030348094893, 312.0519292354584]"
F282013,30,11,0.6,"[10525.030348094893, 374.3855619430542]"
F282013,30,11,0.7,"[10525.030348094893, 436.7993884086609]"
F282013,30,11,0.8,"[10525.030348094893, 499.1322877407074]"
F282013,30,11,0.9,"[10525.030348094893, 561.6086819171906]"
F282013,30,11,1.0,"[10525.030348094893, 624.0287055969238]"
F282013,30,12,0.01,"[773396.3125960897, 6.3855180740356445]"
F282013,30,12,0.1,"[476604.08055181085, 63.67743396759033]"
F282013,30,12,0.2,"[242563.3319810699, 127.19600319862366]"
F282013,30,12,0.3,"[230344.15430007162, 190.744784116745]"
F282013,30,12,0.4,"[230344.15430007162, 254.26865339279175]"
F282013,30,12,0.5,"[230344.15430007162, 317.6477749347687]"
F282013,30,12,0.6,"[214888.98690560384, 380.9420573711395]"
F282013,30,12,0.7,"[214888.98690560384, 444.33766651153564]"
F282013,30,12,0.8,"[199811.48782491783, 507.6607699394226]"
F282013,30,12,0.9,"[194821.49742291172, 571.0628643035889]"
F282013,30,12,1.0,"[194821.49742291172, 634.4338648319244]"
F282013,30,13,0.01,"[18345.045873432195, 6.305379629135132]"
F282013,30,13,0.1,"[18176.515819642907, 62.61129355430603]"
F282013,30,13,0.2,"[17518.334697938888, 125.1374945640564]"
F282013,30,13,0.3,"[17518.334697938888, 187.7248330116272]"
F282013,30,13,0.4,"[17518.334697938888, 250.20489168167114]"
F282013,30,13,0.5,"[16328.816999693314, 312.864764213562]"
F282013,30,13,0.6,"[16180.098343312631, 375.48942852020264]"
F282013,30,13,0.7,"[16180.098343312631, 438.1580283641815]"
F282013,30,13,0.8,"[16180.098343312631, 500.8194205760956]"
F282013,30,13,0.9,"[16138.488785623958, 563.5365011692047]"
F282013,30,13,1.0,"[16087.569408350126, 626.1804707050323]"
F282013,30,14,0.01,"[11830.576818331021, 6.300014495849609]"
F282013,30,14,0.1,"[10744.960341576481, 62.48592519760132]"
F282013,30,14,0.2,"[10169.186263473153, 124.8687584400177]"
F282013,30,14,0.3,"[9962.865066677883, 187.31957840919495]"
F282013,30,14,0.4,"[9871.52848903938, 249.90210437774658]"
F282013,30,14,0.5,"[9703.254259771707, 312.17736887931824]"
F282013,30,14,0.6,"[9563.46412588723, 374.37864208221436]"
F282013,30,14,0.7,"[9476.3237322007, 436.7058160305023]"
F282013,30,14,0.8,"[9447.470515995732, 498.974014043808]"
F282013,30,14,0.9,"[9417.67367365282, 561.3655135631561]"
F282013,30,14,1.0,"[9415.013821989836, 623.721244096756]"
F282013,30,15,0.01,"[7973460.644492014, 6.226208925247192]"
F282013,30,15,0.1,"[7973460.644492014, 62.1399040222168]"
F282013,30,15,0.2,"[7973460.644492014, 124.19196796417236]"
F282013,30,15,0.3,"[7973460.644492014, 186.3716721534729]"
F282013,30,15,0.4,"[7973460.644492014, 248.47181510925293]"
F282013,30,15,0.5,"[7973460.644492014, 310.6623499393463]"
F282013,30,15,0.6,"[7973460.644492014, 372.7412860393524]"
F282013,30,15,0.7,"[7973460.644492014, 434.86363649368286]"
F282013,30,15,0.8,"[7973460.644492014, 496.8710935115814]"
F282013,30,15,0.9,"[7973460.644492014, 558.9365074634552]"
F282013,30,15,1.0,"[7973460.644492014, 620.9210970401764]"
F282013,30,16,0.01,"[11388.695221720513, 6.284589052200317]"
F282013,30,16,0.1,"[10443.252049462852, 62.70442533493042]"
F282013,30,16,0.2,"[10443.252049462852, 125.34355568885803]"
F282013,30,16,0.3,"[10443.252049462852, 188.1467559337616]"
F282013,30,16,0.4,"[10443.252049462852, 250.95274782180786]"
F282013,30,16,0.5,"[10443.252049462852, 313.67840933799744]"
F282013,30,16,0.6,"[10443.252049462852, 376.361074924469]"
F282013,30,16,0.7,"[10443.252049462852, 439.1034686565399]"
F282013,30,16,0.8,"[10443.252049462852, 501.80868124961853]"
F282013,30,16,0.9,"[10443.252049462852, 564.5226018428802]"
F282013,30,16,1.0,"[10443.252049462852, 627.197093963623]"
F282013,30,17,0.01,"[13439.112324940705, 6.293391704559326]"
F282013,30,17,0.1,"[12444.228999649958, 62.688313484191895]"
F282013,30,17,0.2,"[12018.386663533893, 125.28804111480713]"
F282013,30,17,0.3,"[11916.236486039583, 188.06680154800415]"
F282013,30,17,0.4,"[11916.236486039583, 250.75531840324402]"
F282013,30,17,0.5,"[11916.236486039583, 313.50852274894714]"
F282013,30,17,0.6,"[11916.236486039583, 376.2257273197174]"
F282013,30,17,0.7,"[11916.236486039583, 439.01801204681396]"
F282013,30,17,0.8,"[11799.919376340342, 501.7641227245331]"
F282013,30,17,0.9,"[11799.919376340342, 564.5781846046448]"
F282013,30,17,1.0,"[11759.479683294825, 627.3276522159576]"
F282013,30,18,0.01,"[19587.35026412978, 6.300031900405884]"
F282013,30,18,0.1,"[19587.35026412978, 62.596296548843384]"
F282013,30,18,0.2,"[19587.35026412978, 125.07332110404968]"
F282013,30,18,0.3,"[19587.35026412978, 187.68980383872986]"
F282013,30,18,0.4,"[19587.35026412978, 250.31441807746887]"
F282013,30,18,0.5,"[19587.35026412978, 312.91056394577026]"
F282013,30,18,0.6,"[19587.35026412978, 375.4140839576721]"
F282013,30,18,0.7,"[19587.35026412978, 437.94843006134033]"
F282013,30,18,0.8,"[19587.35026412978, 500.3893029689789]"
F282013,30,18,0.9,"[19587.35026412978, 562.8505654335022]"
F282013,30,18,1.0,"[19587.35026412978, 625.2821867465973]"
F282013,30,19,0.01,"[260511659994.74146, 6.239565849304199]"
F282013,30,19,0.1,"[260511659994.74146, 62.44902729988098]"
F282013,30,19,0.2,"[260511659994.74146, 124.77941679954529]"
F282013,30,19,0.3,"[203436623647.10495, 187.19946384429932]"
F282013,30,19,0.4,"[184374713555.53833, 256.2744138240814]"
F282013,30,19,0.5,"[184374713555.53833, 330.3186991214752]"
F282013,30,19,0.6,"[184374713555.53833, 404.41595220565796]"
F282013,30,19,0.7,"[184374713555.53833, 478.4236476421356]"
F282013,30,19,0.8,"[147872634236.51184, 552.330646276474]"
F282013,30,19,0.9,"[123601828656.79318, 626.0237011909485]"
F282013,30,19,1.0,"[116878106325.6484, 699.2758929729462]"
F282013,30,20,0.01,"[19689574.39675349, 6.264066457748413]"
F282013,30,20,0.1,"[15817169.981959397, 62.554431200027466]"
F282013,30,20,0.2,"[15817169.981959397, 125.020920753479]"
F282013,30,20,0.3,"[15817169.981959397, 187.58446550369263]"
F282013,30,20,0.4,"[15817169.981959397, 250.4214107990265]"
F282013,30,20,0.5,"[15817169.981959397, 312.9712743759155]"
F282013,30,20,0.6,"[15817169.981959397, 375.40390634536743]"
F282013,30,20,0.7,"[15817169.981959397, 437.8865602016449]"
F282013,30,20,0.8,"[15817169.981959397, 500.2850203514099]"
F282013,30,20,0.9,"[15817169.981959397, 562.7143199443817]"
F282013,30,20,1.0,"[15817169.981959397, 625.1007888317108]"
F282013,30,21,0.01,"[20918457.445514545, 6.276497840881348]"
F282013,30,21,0.1,"[14286044.923468998, 62.62819194793701]"
F282013,30,21,0.2,"[14286044.923468998, 125.30330109596252]"
F282013,30,21,0.3,"[14286044.923468998, 188.02040576934814]"
F282013,30,21,0.4,"[14286044.923468998, 250.66039061546326]"
F282013,30,21,0.5,"[14286044.923468998, 313.30755591392517]"
F282013,30,21,0.6,"[14286044.923468998, 375.83323764801025]"
F282013,30,21,0.7,"[14286044.923468998, 438.35164737701416]"
F282013,30,21,0.8,"[14286044.923468998, 500.69749760627747]"
F282013,30,21,0.9,"[14286044.923468998, 563.0983912944794]"
F282013,30,21,1.0,"[14286044.923468998, 625.4167890548706]"
F282013,30,22,0.01,"[11722.18656655294, 6.2785279750823975]"
F282013,30,22,0.1,"[11088.82774130551, 62.43789076805115]"
F282013,30,22,0.2,"[11047.134052155967, 124.76096034049988]"
F282013,30,22,0.3,"[11047.134052155967, 187.1190505027771]"
F282013,30,22,0.4,"[11030.279497790953, 249.33305072784424]"
F282013,30,22,0.5,"[11018.59213278375, 311.6044988632202]"
F282013,30,22,0.6,"[11018.59213278375, 373.8283598423004]"
F282013,30,22,0.7,"[11018.59213278375, 436.2001624107361]"
F282013,30,22,0.8,"[11018.59213278375, 498.49859261512756]"
F282013,30,22,0.9,"[11018.59213278375, 560.8574068546295]"
F282013,30,22,1.0,"[11018.59213278375, 623.1824958324432]"
F282013,30,23,0.01,"[47794.47949674881, 6.292508125305176]"
F282013,30,23,0.1,"[23130.354304580174, 62.75226044654846]"
F282013,30,23,0.2,"[23130.354304580174, 125.4270076751709]"
F282013,30,23,0.3,"[23130.354304580174, 188.2680606842041]"
F282013,30,23,0.4,"[23130.354304580174, 251.0221586227417]"
F282013,30,23,0.5,"[21949.153498528485, 313.81716084480286]"
F282013,30,23,0.6,"[21949.153498528485, 376.58669233322144]"
F282013,30,23,0.7,"[21949.153498528485, 439.4856777191162]"
F282013,30,23,0.8,"[18866.78678706503, 502.24517846107483]"
F282013,30,23,0.9,"[16765.799476731678, 565.1125090122223]"
F282013,30,23,1.0,"[14409.967733202358, 627.918262720108]"
F282013,30,24,0.01,"[41077.828670448085, 6.28943943977356]"
F282013,30,24,0.1,"[21486.460668023214, 62.6466498374939]"
F282013,30,24,0.2,"[21486.460668023214, 125.22193312644958]"
F282013,30,24,0.3,"[21486.460668023214, 187.8566539287567]"
F282013,30,24,0.4,"[20452.63488816198, 250.47046399116516]"
F282013,30,24,0.5,"[17997.769714414004, 313.25666880607605]"
F282013,30,24,0.6,"[15670.803670661022, 375.97491574287415]"
F282013,30,24,0.7,"[14911.938035755658, 438.7255654335022]"
F282013,30,24,0.8,"[14900.764054759242, 501.3892443180084]"
F282013,30,24,0.9,"[14263.686492952489, 564.2018485069275]"
F282013,30,24,1.0,"[14243.266123036989, 626.837131023407]"
F282013,30,25,0.01,"[14569.318490424846, 6.368229627609253]"
F282013,30,25,0.1,"[10779.573553428236, 62.782270193099976]"
F282013,30,25,0.2,"[10779.573553428236, 125.42742204666138]"
F282013,30,25,0.3,"[10009.472632993155, 188.1733603477478]"
F282013,30,25,0.4,"[9601.560591643049, 250.77085089683533]"
F282013,30,25,0.5,"[9470.58721606516, 313.4446895122528]"
F282013,30,25,0.6,"[9362.442011079887, 376.0709867477417]"
F282013,30,25,0.7,"[9293.734422178139, 438.76367807388306]"
F282013,30,25,0.8,"[9244.61873992961, 501.4123704433441]"
F282013,30,25,0.9,"[9210.210936611615, 564.1470685005188]"
F282013,30,25,1.0,"[9186.163471458132, 626.8715250492096]"
F282013,30,26,0.01,"[106498.48967965542, 6.311730623245239]"
F282013,30,26,0.1,"[70550.80441235563, 63.06214356422424]"
F282013,30,26,0.2,"[53123.70725423515, 126.06101322174072]"
F282013,30,26,0.3,"[42951.71617625835, 189.1511299610138]"
F282013,30,26,0.4,"[39589.382374983434, 252.23324155807495]"
F282013,30,26,0.5,"[34163.88474024472, 315.3752636909485]"
F282013,30,26,0.6,"[30563.52135695585, 378.30518198013306]"
F282013,30,26,0.7,"[30478.37485952333, 441.2834777832031]"
F282013,30,26,0.8,"[29367.6014522794, 504.2663140296936]"
F282013,30,26,0.9,"[29367.6014522794, 567.2375082969666]"
F282013,30,26,1.0,"[29367.6014522794, 630.1126220226288]"
F282013,30,27,0.01,"[139693049065.65543, 6.339941501617432]"
F282013,30,27,0.1,"[139693049065.65543, 62.9994261264801]"
F282013,30,27,0.2,"[139693049065.65543, 125.80890774726868]"
F282013,30,27,0.3,"[139693049065.65543, 188.50741267204285]"
F282013,30,27,0.4,"[139693049065.65543, 251.2160460948944]"
F282013,30,27,0.5,"[139693049065.65543, 313.87989020347595]"
F282013,30,27,0.6,"[139693049065.65543, 376.44294714927673]"
F282013,30,27,0.7,"[139693049065.65543, 439.0904405117035]"
F282013,30,27,0.8,"[139693049065.65543, 501.65086340904236]"
F282013,30,27,0.9,"[139693049065.65543, 564.4289047718048]"
F282013,30,27,1.0,"[139693049065.65543, 627.1594612598419]"
F282013,30,28,0.01,"[10300.274626616689, 6.290053129196167]"
F282013,30,28,0.1,"[9241.752079077414, 62.74449872970581]"
F282013,30,28,0.2,"[9084.693820573644, 125.38622808456421]"
F282013,30,28,0.3,"[8988.6669389837, 188.09410643577576]"
F282013,30,28,0.4,"[8688.82458110949, 250.6761770248413]"
F282013,30,28,0.5,"[8451.826047963124, 313.38089895248413]"
F282013,30,28,0.6,"[8259.25842713433, 376.0740692615509]"
F282013,30,28,0.7,"[8040.465532657752, 438.8435413837433]"
F282013,30,28,0.8,"[7892.313130446108, 501.67324018478394]"
F282013,30,28,0.9,"[7777.531024561802, 564.5501246452332]"
F282013,30,28,1.0,"[7646.606410085733, 627.3585159778595]"
F282013,30,29,0.01,"[12876.325908735069, 6.293321371078491]"
F282013,30,29,0.1,"[12526.57070138443, 62.727656841278076]"
F282013,30,29,0.2,"[12361.601338858645, 125.35461258888245]"
F282013,30,29,0.3,"[12314.561264375323, 188.00995779037476]"
F282013,30,29,0.4,"[12215.36335165103, 250.6263461112976]"
F282013,30,29,0.5,"[12181.137682635343, 313.2772686481476]"
F282013,30,29,0.6,"[12164.103756712451, 375.85552167892456]"
F282013,30,29,0.7,"[12116.825212323798, 438.5042071342468]"
F282013,30,29,0.8,"[12116.825212323798, 501.1581425666809]"
F282013,30,29,0.9,"[12072.394714667, 563.9261920452118]"
F282013,30,29,1.0,"[12018.629705059819, 626.649569272995]"
F282013,30,30,0.01,"[12007.812779908792, 6.283514738082886]"
F282013,30,30,0.1,"[11612.95630285606, 62.61617112159729]"
F282013,30,30,0.2,"[11381.89239569034, 125.14292216300964]"
F282013,30,30,0.3,"[11321.881464668262, 187.6880280971527]"
F282013,30,30,0.4,"[11214.892523794662, 250.23227214813232]"
F282013,30,30,0.5,"[11161.403609659706, 312.85290265083313]"
F282013,30,30,0.6,"[11118.3446768341, 375.3738534450531]"
F282013,30,30,0.7,"[11081.935515804287, 438.01734018325806]"
F282013,30,30,0.8,"[11052.014571040094, 500.5521910190582]"
F282013,30,30,0.9,"[11036.873675035966, 563.2368531227112]"
F282013,30,30,1.0,"[11024.453115047629, 625.8163414001465]"
F282013,30,31,0.01,"[14002.265379797362, 6.311988115310669]"
F282013,30,31,0.1,"[14002.265379797362, 62.928252935409546]"
F282013,30,31,0.2,"[14002.265379797362, 125.89425015449524]"
F282013,30,31,0.3,"[14002.265379797362, 189.01031804084778]"
F282013,30,31,0.4,"[14002.265379797362, 252.06500244140625]"
F282013,30,31,0.5,"[14002.265379797362, 315.08767461776733]"
F282013,30,31,0.6,"[14002.265379797362, 378.0513894557953]"
F282013,30,31,0.7,"[14002.265379797362, 441.0321509838104]"
F282013,30,31,0.8,"[14002.265379797362, 503.9500901699066]"
F282013,30,31,0.9,"[14002.265379797362, 566.8748607635498]"
F282013,30,31,1.0,"[14002.265379797362, 629.6066288948059]"
F282013,30,32,0.01,"[1795909.5327847, 6.310673713684082]"
F282013,30,32,0.1,"[533218.9579312638, 62.83020496368408]"
F282013,30,32,0.2,"[533218.9579312638, 125.55806708335876]"
F282013,30,32,0.3,"[533218.9579312638, 188.35055351257324]"
F282013,30,32,0.4,"[533218.9579312638, 251.02146863937378]"
F282013,30,32,0.5,"[533218.9579312638, 313.86286544799805]"
F282013,30,32,0.6,"[533218.9579312638, 376.49503779411316]"
F282013,30,32,0.7,"[533218.9579312638, 439.1684753894806]"
F282013,30,32,0.8,"[533218.9579312638, 501.79446721076965]"
F282013,30,32,0.9,"[533218.9579312638, 564.5598351955414]"
F282013,30,32,1.0,"[533218.9579312638, 627.2994379997253]"
F282013,30,33,0.01,"[9753.945218130728, 6.271824598312378]"
F282013,30,33,0.1,"[9753.945218130728, 62.575881481170654]"
F282013,30,33,0.2,"[9753.945218130728, 125.11467576026917]"
F282013,30,33,0.3,"[9753.945218130728, 187.74358916282654]"
F282013,30,33,0.4,"[9635.775381775104, 250.33034420013428]"
F282013,30,33,0.5,"[9466.805450984208, 312.87059116363525]"
F282013,30,33,0.6,"[9339.835209213326, 375.31795835494995]"
F282013,30,33,0.7,"[9285.548162699723, 437.8718400001526]"
F282013,30,33,0.8,"[9258.957802194258, 500.34313225746155]"
F282013,30,33,0.9,"[9241.647523915379, 562.9627697467804]"
F282013,30,33,1.0,"[9227.095559140727, 625.4690454006195]"
F282013,30,34,0.01,"[4789147.997528328, 6.2872021198272705]"
F282013,30,34,0.1,"[3008046.1217359663, 62.58532476425171]"
F282013,30,34,0.2,"[1888249.7537181294, 125.06194949150085]"
F282013,30,34,0.3,"[1406696.9832421187, 187.6145088672638]"
F282013,30,34,0.4,"[1262715.6519681318, 250.09917974472046]"
F282013,30,34,0.5,"[1262715.6519681318, 312.58831691741943]"
F282013,30,34,0.6,"[1262715.6519681318, 375.015540599823]"
F282013,30,34,0.7,"[1262715.6519681318, 437.5100202560425]"
F282013,30,34,0.8,"[1262715.6519681318, 499.92851066589355]"
F282013,30,34,0.9,"[1262715.6519681318, 562.4290165901184]"
F282013,30,34,1.0,"[1262715.6519681318, 624.8518285751343]"
F282013,30,35,0.01,"[9007.274428584731, 6.298001527786255]"
F282013,30,35,0.1,"[9007.274428584731, 62.83101773262024]"
F282013,30,35,0.2,"[9007.274428584731, 125.62593173980713]"
F282013,30,35,0.3,"[9007.274428584731, 188.59835958480835]"
F282013,30,35,0.4,"[9007.274428584731, 251.47753882408142]"
F282013,30,35,0.5,"[9007.274428584731, 314.43853211402893]"
F282013,30,35,0.6,"[9007.274428584731, 377.3351390361786]"
F282013,30,35,0.7,"[9007.274428584731, 440.20914816856384]"
F282013,30,35,0.8,"[9007.274428584731, 502.99876952171326]"
F282013,30,35,0.9,"[9007.274428584731, 565.8831994533539]"
F282013,30,35,1.0,"[9007.274428584731, 628.7382481098175]"
F282013,30,36,0.01,"[8646.141886841964, 6.285589218139648]"
F282013,30,36,0.1,"[7846.927130814023, 62.685537576675415]"
F282013,30,36,0.2,"[7531.943769558744, 125.28113317489624]"
F282013,30,36,0.3,"[7531.943769558744, 187.9226303100586]"
F282013,30,36,0.4,"[7531.943769558744, 250.57726883888245]"
F282013,30,36,0.5,"[7531.943769558744, 313.2425196170807]"
F282013,30,36,0.6,"[7531.943769558744, 375.883013010025]"
F282013,30,36,0.7,"[7531.943769558744, 438.5986623764038]"
F282013,30,36,0.8,"[7531.943769558744, 501.2563445568085]"
F282013,30,36,0.9,"[7531.943769558744, 564.0360977649689]"
F282013,30,36,1.0,"[7531.943769558744, 626.7477378845215]"
F282013,30,37,0.01,"[1064151.7046345454, 6.293277740478516]"
F282013,30,37,0.1,"[286600.7014620889, 62.6010262966156]"
F282013,30,37,0.2,"[224659.318726064, 124.9965078830719]"
F282013,30,37,0.3,"[224659.318726064, 187.53467726707458]"
F282013,30,37,0.4,"[224659.318726064, 252.13433456420898]"
F282013,30,37,0.5,"[224659.318726064, 314.69765281677246]"
F282013,30,37,0.6,"[184804.1057178428, 377.2109446525574]"
F282013,30,37,0.7,"[184804.1057178428, 439.8298227787018]"
F282013,30,37,0.8,"[184804.1057178428, 502.3333811759949]"
F282013,30,37,0.9,"[158865.35377985312, 564.9157469272614]"
F282013,30,37,1.0,"[131113.7963792282, 627.4788746833801]"
F282013,30,38,0.01,"[11674.589645506947, 6.276962995529175]"
F282013,30,38,0.1,"[9894.669461187896, 62.54908776283264]"
F282013,30,38,0.2,"[9645.281284992472, 125.00376725196838]"
F282013,30,38,0.3,"[9507.314852605497, 187.5658938884735]"
F282013,30,38,0.4,"[9386.5199588462, 250.4723403453827]"
F282013,30,38,0.5,"[9302.608250834883, 313.01863503456116]"
F282013,30,38,0.6,"[9243.106309373909, 375.44765281677246]"
F282013,30,38,0.7,"[9204.259812904196, 437.8925759792328]"
F282013,30,38,0.8,"[9125.440892753915, 500.3873610496521]"
F282013,30,38,0.9,"[9036.088663869275, 563.0150330066681]"
F282013,30,38,1.0,"[8815.483903183036, 625.7481393814087]"
F282013,30,39,0.01,"[118659287.90107822, 6.278499126434326]"
F282013,30,39,0.1,"[62217589.24193837, 62.716421365737915]"
F282013,30,39,0.2,"[39582417.91135462, 125.33981728553772]"
F282013,30,39,0.3,"[29364382.053147003, 188.02076387405396]"
F282013,30,39,0.4,"[25299953.621245448, 250.7360029220581]"
F282013,30,39,0.5,"[25299953.621245448, 313.42706823349]"
F282013,30,39,0.6,"[25299953.621245448, 376.04483366012573]"
F282013,30,39,0.7,"[25299953.621245448, 438.7402808666229]"
F282013,30,39,0.8,"[25299953.621245448, 501.3408877849579]"
F282013,30,39,0.9,"[25299953.621245448, 563.9818723201752]"
F282013,30,39,1.0,"[23698530.58129026, 626.5801763534546]"
F282013,30,40,0.01,"[10111.67492568993, 6.298705339431763]"
F282013,30,40,0.1,"[8901.26459814134, 62.816426038742065]"
F282013,30,40,0.2,"[8901.26459814134, 125.52803063392639]"
F282013,30,40,0.3,"[8901.26459814134, 188.34056639671326]"
F282013,30,40,0.4,"[8901.26459814134, 251.0547215938568]"
F282013,30,40,0.5,"[8901.26459814134, 313.80578899383545]"
F282013,30,40,0.6,"[8901.26459814134, 376.43251061439514]"
F282013,30,40,0.7,"[8901.26459814134, 439.2303087711334]"
F282013,30,40,0.8,"[8901.26459814134, 501.9397647380829]"
F282013,30,40,0.9,"[8901.26459814134, 564.6922776699066]"
F282013,30,40,1.0,"[8901.26459814134, 627.4344027042389]"
F282013,30,41,0.01,"[123577020.55453007, 6.329574346542358]"
F282013,30,41,0.1,"[123577020.55453007, 63.00878286361694]"
F282013,30,41,0.2,"[123577020.55453007, 125.90102291107178]"
F282013,30,41,0.3,"[123577020.55453007, 188.8725028038025]"
F282013,30,41,0.4,"[123577020.55453007, 252.22495985031128]"
F282013,30,41,0.5,"[123577020.55453007, 315.0024743080139]"
F282013,30,41,0.6,"[123577020.55453007, 377.6906430721283]"
F282013,30,41,0.7,"[123577020.55453007, 440.46766233444214]"
F282013,30,41,0.8,"[123577020.55453007, 503.130250453949]"
F282013,30,41,0.9,"[123577020.55453007, 565.8196556568146]"
F282013,30,41,1.0,"[123577020.55453007, 628.4520590305328]"
F282013,30,42,0.01,"[28641768.053677436, 6.317389249801636]"
F282013,30,42,0.1,"[13628787.11694807, 63.057997703552246]"
F282013,30,42,0.2,"[11226488.404481146, 126.07776021957397]"
F282013,30,42,0.3,"[11226488.404481146, 189.19861578941345]"
F282013,30,42,0.4,"[8718070.199201478, 252.59183049201965]"
F282013,30,42,0.5,"[7987947.386653497, 315.60674500465393]"
F282013,30,42,0.6,"[7896395.507119624, 378.59875321388245]"
F282013,30,42,0.7,"[7223510.424713141, 441.6400520801544]"
F282013,30,42,0.8,"[6702129.239888094, 504.60564494132996]"
F282013,30,42,0.9,"[6702129.239888094, 567.6424970626831]"
F282013,30,42,1.0,"[6679822.95618765, 630.5701858997345]"
F282013,30,43,0.01,"[7438.408049887017, 6.320803642272949]"
F282013,30,43,0.1,"[7395.889416266866, 62.9752938747406]"
F282013,30,43,0.2,"[7395.889416266866, 125.83721423149109]"
F282013,30,43,0.3,"[7238.940965574571, 188.76084280014038]"
F282013,30,43,0.4,"[7017.335649420595, 252.1883888244629]"
F282013,30,43,0.5,"[6984.258011259717, 315.1688423156738]"
F282013,30,43,0.6,"[6976.276912584768, 378.106308221817]"
F282013,30,43,0.7,"[6893.710951298875, 441.1922960281372]"
F282013,30,43,0.8,"[6893.710951298875, 504.1539559364319]"
F282013,30,43,0.9,"[6884.866486227771, 567.2202715873718]"
F282013,30,43,1.0,"[6879.884588203631, 630.3290596008301]"
F282013,30,44,0.01,"[1106210.0717126257, 6.330048322677612]"
F282013,30,44,0.1,"[1106210.0717126257, 63.16049528121948]"
F282013,30,44,0.2,"[1106210.0717126257, 126.20179843902588]"
F282013,30,44,0.3,"[1106210.0717126257, 189.35578656196594]"
F282013,30,44,0.4,"[1106210.0717126257, 252.4387345314026]"
F282013,30,44,0.5,"[1106210.0717126257, 315.5807774066925]"
F282013,30,44,0.6,"[1106210.0717126257, 378.6466248035431]"
F282013,30,44,0.7,"[1106210.0717126257, 441.751580953598]"
F282013,30,44,0.8,"[1106210.0717126257, 504.72493171691895]"
F282013,30,44,0.9,"[1106210.0717126257, 567.7617733478546]"
F282013,30,44,1.0,"[1106210.0717126257, 630.7426309585571]"
F282013,30,45,0.01,"[5722989.984258899, 6.324465036392212]"
F282013,30,45,0.1,"[5722989.984258899, 63.03091907501221]"
F282013,30,45,0.2,"[5722989.984258899, 126.00549817085266]"
F282013,30,45,0.3,"[5722989.984258899, 189.02935791015625]"
F282013,30,45,0.4,"[5722989.984258899, 252.27593660354614]"
F282013,30,45,0.5,"[5722989.984258899, 315.38667702674866]"
F282013,30,45,0.6,"[5722989.984258899, 378.4159731864929]"
F282013,30,45,0.7,"[5722989.984258899, 441.48840737342834]"
F282013,30,45,0.8,"[5722989.984258899, 504.54044938087463]"
F282013,30,45,0.9,"[5722989.984258899, 567.6675500869751]"
F282013,30,45,1.0,"[5722989.984258899, 630.6889944076538]"
F282013,30,46,0.01,"[13033.87680976233, 6.2998011112213135]"
F282013,30,46,0.1,"[13033.87680976233, 62.796087980270386]"
F282013,30,46,0.2,"[13033.87680976233, 125.50818300247192]"
F282013,30,46,0.3,"[13033.87680976233, 188.347505569458]"
F282013,30,46,0.4,"[13033.87680976233, 251.48041105270386]"
F282013,30,46,0.5,"[13033.87680976233, 314.4764361381531]"
F282013,30,46,0.6,"[13033.87680976233, 377.3541474342346]"
F282013,30,46,0.7,"[13033.87680976233, 440.3197066783905]"
F282013,30,46,0.8,"[13033.87680976233, 503.3379406929016]"
F282013,30,46,0.9,"[13033.87680976233, 566.427342414856]"
F282013,30,46,1.0,"[13033.87680976233, 629.517315864563]"
F282013,30,47,0.01,"[8361.29499692829, 6.346209287643433]"
F282013,30,47,0.1,"[8360.484245333693, 63.03245568275452]"
F282013,30,47,0.2,"[8360.367639945978, 125.97428703308105]"
F282013,30,47,0.3,"[8360.367639945978, 188.95173001289368]"
F282013,30,47,0.4,"[8360.367639945978, 252.0881142616272]"
F282013,30,47,0.5,"[8360.361733224308, 315.1267189979553]"
F282013,30,47,0.6,"[8360.361733224308, 378.1687386035919]"
F282013,30,47,0.7,"[8360.34253497149, 441.3029341697693]"
F282013,30,47,0.8,"[8360.34253497149, 504.4056520462036]"
F282013,30,47,0.9,"[8360.34253497149, 567.5772223472595]"
F282013,30,47,1.0,"[8360.34253497149, 630.7385342121124]"
F282013,30,48,0.01,"[204127522.67762634, 6.283350706100464]"
F282013,30,48,0.1,"[99927116.04702188, 62.90616750717163]"
F282013,30,48,0.2,"[66409226.364162706, 125.76900291442871]"
F282013,30,48,0.3,"[66409226.364162706, 188.7344012260437]"
F282013,30,48,0.4,"[66409226.364162706, 251.48215675354004]"
F282013,30,48,0.5,"[45512388.76119314, 314.30323457717896]"
F282013,30,48,0.6,"[45512388.76119314, 377.01712250709534]"
F282013,30,48,0.7,"[45512388.76119314, 439.792804479599]"
F282013,30,48,0.8,"[45512388.76119314, 502.54755663871765]"
F282013,30,48,0.9,"[45512388.76119314, 565.3927617073059]"
F282013,30,48,1.0,"[45512388.76119314, 628.1127274036407]"
F282013,30,49,0.01,"[21739.785025058525, 6.447246313095093]"
F282013,30,49,0.1,"[21739.785025058525, 63.07004237174988]"
F282013,30,49,0.2,"[21739.785025058525, 126.00397992134094]"
F282013,30,49,0.3,"[21739.785025058525, 188.89803528785706]"
F282013,30,49,0.4,"[21739.785025058525, 251.7993586063385]"
F282013,30,49,0.5,"[21739.785025058525, 314.72817754745483]"
F282013,30,49,0.6,"[21739.785025058525, 377.76878333091736]"
F282013,30,49,0.7,"[21739.785025058525, 440.9204180240631]"
F282013,30,49,0.8,"[21739.785025058525, 504.0834834575653]"
F282013,30,49,0.9,"[21739.785025058525, 567.5751733779907]"
F282013,30,49,1.0,"[21739.785025058525, 630.860682964325]"
F282013,30,50,0.01,"[35734.56583842993, 6.281602382659912]"
F282013,30,50,0.1,"[21378.80798131546, 62.8994300365448]"
F282013,30,50,0.2,"[19568.348875596075, 125.81527090072632]"
F282013,30,50,0.3,"[18854.349828348946, 188.91441774368286]"
F282013,30,50,0.4,"[18330.40414359513, 251.90378713607788]"
F282013,30,50,0.5,"[16691.39878258717, 314.89736127853394]"
F282013,30,50,0.6,"[16691.39878258717, 377.8319323062897]"
F282013,30,50,0.7,"[16602.573307811806, 440.8638696670532]"
F282013,30,50,0.8,"[16602.573307811806, 503.79304695129395]"
F282013,30,50,0.9,"[16602.573307811806, 566.7930853366852]"
F282013,30,50,1.0,"[16602.573307811806, 629.7987329959869]"
F282013,50,0,0.01,"[10286336.122797156, 15.815406084060669]"
F282013,50,0,0.1,"[3840489.5974536175, 156.22554659843445]"
F282013,50,0,0.2,"[3103477.703556041, 311.86342215538025]"
F282013,50,0,0.3,"[2262714.6533063236, 467.154593706131]"
F282013,50,0,0.4,"[2152518.9897490903, 622.7300634384155]"
F282013,50,0,0.5,"[1980213.0950025616, 799.6663961410522]"
F282013,50,0,0.6,"[1845328.1559831642, 955.1705088615417]"
F282013,50,0,0.7,"[1686692.1054657288, 1112.1845982074738]"
F282013,50,0,0.8,"[1686692.1054657288, 1267.8272242546082]"
F282013,50,0,0.9,"[1686692.1054657288, 1423.1645910739899]"
F282013,50,0,1.0,"[1686692.1054657288, 1578.6019041538239]"
F282013,50,1,0.01,"[41570918382.46308, 15.796244144439697]"
F282013,50,1,0.1,"[11353243648.42079, 156.37291502952576]"
F282013,50,1,0.2,"[11353243648.42079, 312.2126967906952]"
F282013,50,1,0.3,"[11353243648.42079, 467.44538497924805]"
F282013,50,1,0.4,"[11353243648.42079, 622.9036114215851]"
F282013,50,1,0.5,"[11353243648.42079, 778.1612269878387]"
F282013,50,1,0.6,"[11353243648.42079, 933.7245428562164]"
F282013,50,1,0.7,"[11353243648.42079, 1089.3536639213562]"
F282013,50,1,0.8,"[11353243648.42079, 1244.9557855129242]"
F282013,50,1,0.9,"[11353243648.42079, 1400.0592834949493]"
F282013,50,1,1.0,"[11353243648.42079, 1555.5169041156769]"
F282013,50,2,0.01,"[354733.6540029083, 15.838753461837769]"
F282013,50,2,0.1,"[235312.2879304235, 157.3790419101715]"
F282013,50,2,0.2,"[235312.2879304235, 315.2918891906738]"
F282013,50,2,0.3,"[235312.2879304235, 471.49365639686584]"
F282013,50,2,0.4,"[235312.2879304235, 628.0279533863068]"
F282013,50,2,0.5,"[235312.2879304235, 784.3112587928772]"
F282013,50,2,0.6,"[235312.2879304235, 940.8748185634613]"
F282013,50,2,0.7,"[235312.2879304235, 1097.3498916625977]"
F282013,50,2,0.8,"[235312.2879304235, 1253.95841050148]"
F282013,50,2,0.9,"[235312.2879304235, 1410.4093217849731]"
F282013,50,2,1.0,"[235312.2879304235, 1567.0286960601807]"
F282013,50,3,0.01,"[7216132762103.096, 15.850750923156738]"
F282013,50,3,0.1,"[2004103236643.225, 157.0300576686859]"
F282013,50,3,0.2,"[1866588844976.331, 314.1505045890808]"
F282013,50,3,0.3,"[1631795869047.7002, 470.68875217437744]"
F282013,50,3,0.4,"[1631795869047.7002, 627.0187427997589]"
F282013,50,3,0.5,"[1521114075405.179, 783.119903087616]"
F282013,50,3,0.6,"[1072795616251.9526, 939.408360004425]"
F282013,50,3,0.7,"[999040247368.8694, 1095.485363960266]"
F282013,50,3,0.8,"[999040247368.8694, 1251.671007156372]"
F282013,50,3,0.9,"[966154704142.2058, 1407.5835356712341]"
F282013,50,3,1.0,"[966154704142.2058, 1563.8194153308868]"
F282013,50,4,0.01,"[165415533.61090702, 15.843120574951172]"
F282013,50,4,0.1,"[71189582.964578, 156.9961154460907]"
F282013,50,4,0.2,"[57602605.05822082, 313.8816223144531]"
F282013,50,4,0.3,"[53295178.66440396, 470.63612174987793]"
F282013,50,4,0.4,"[53295178.66440396, 627.0955340862274]"
F282013,50,4,0.5,"[48631465.47781708, 783.1292240619659]"
F282013,50,4,0.6,"[40054583.48285172, 939.5996978282928]"
F282013,50,4,0.7,"[33440259.268834725, 1096.2274203300476]"
F282013,50,4,0.8,"[33440259.268834725, 1252.531415462494]"
F282013,50,4,0.9,"[33440259.268834725, 1408.7078022956848]"
F282013,50,4,1.0,"[33440259.268834725, 1565.0096225738525]"
F282013,50,5,0.01,"[250842552.48766115, 18.978073358535767]"
F282013,50,5,0.1,"[88399523.43720266, 188.14962816238403]"
F282013,50,5,0.2,"[88399523.43720266, 376.3019471168518]"
F282013,50,5,0.3,"[88399523.43720266, 555.8074190616608]"
F282013,50,5,0.4,"[88399523.43720266, 715.4461081027985]"
F282013,50,5,0.5,"[80980628.23267035, 871.128438949585]"
F282013,50,5,0.6,"[78179400.37754595, 1027.1344528198242]"
F282013,50,5,0.7,"[78179400.37754595, 1182.7338275909424]"
F282013,50,5,0.8,"[68236929.43754603, 1338.674504995346]"
F282013,50,5,0.9,"[68236929.43754603, 1494.5272583961487]"
F282013,50,5,1.0,"[68236929.43754603, 1650.6136934757233]"
F282013,50,6,0.01,"[221716771.57769617, 15.888031959533691]"
F282013,50,6,0.1,"[62284287.79612415, 157.69435596466064]"
F282013,50,6,0.2,"[51262579.08054087, 315.39197063446045]"
F282013,50,6,0.3,"[43692036.21453616, 472.4457063674927]"
F282013,50,6,0.4,"[43692036.21453616, 648.5866134166718]"
F282013,50,6,0.5,"[36654630.831748016, 807.0448346138]"
F282013,50,6,0.6,"[35564018.97138983, 963.3696818351746]"
F282013,50,6,0.7,"[33450376.112043872, 1119.3353781700134]"
F282013,50,6,0.8,"[33450376.112043872, 1275.687301158905]"
F282013,50,6,0.9,"[33450376.112043872, 1431.6787815093994]"
F282013,50,6,1.0,"[33450376.112043872, 1588.0741753578186]"
F282013,50,7,0.01,"[2597216.243510014, 15.844667673110962]"
F282013,50,7,0.1,"[1274656.8962440954, 157.28286385536194]"
F282013,50,7,0.2,"[730455.9983030963, 314.67603850364685]"
F282013,50,7,0.3,"[730455.9983030963, 471.65684056282043]"
F282013,50,7,0.4,"[730455.9983030963, 628.9234519004822]"
F282013,50,7,0.5,"[600903.1719373739, 786.0392920970917]"
F282013,50,7,0.6,"[600903.1719373739, 942.652913570404]"
F282013,50,7,0.7,"[566692.1471204909, 1098.9284677505493]"
F282013,50,7,0.8,"[523573.6109671035, 1255.5110640525818]"
F282013,50,7,0.9,"[523573.6109671035, 1411.8019578456879]"
F282013,50,7,1.0,"[523573.6109671035, 1568.2973771095276]"
F282013,50,8,0.01,"[34275.43229814855, 15.806111335754395]"
F282013,50,8,0.1,"[24907.72919187038, 156.73549723625183]"
F282013,50,8,0.2,"[24729.508757082753, 313.5327422618866]"
F282013,50,8,0.3,"[22544.708986816295, 469.8956472873688]"
F282013,50,8,0.4,"[22354.69009944668, 626.4573395252228]"
F282013,50,8,0.5,"[22354.69009944668, 782.843409538269]"
F282013,50,8,0.6,"[22319.570567079496, 939.2755017280579]"
F282013,50,8,0.7,"[22319.570567079496, 1094.8894362449646]"
F282013,50,8,0.8,"[21171.960634149702, 1250.5481638908386]"
F282013,50,8,0.9,"[20891.154832334534, 1405.9079520702362]"
F282013,50,8,1.0,"[20681.693128553845, 1561.6324968338013]"
F282013,50,9,0.01,"[1082653171.6673367, 15.747471332550049]"
F282013,50,9,0.1,"[1082653171.6673367, 156.35526990890503]"
F282013,50,9,0.2,"[1082653171.6673367, 313.4514117240906]"
F282013,50,9,0.3,"[1082653171.6673367, 469.75675797462463]"
F282013,50,9,0.4,"[1082653171.6673367, 626.1798367500305]"
F282013,50,9,0.5,"[1082653171.6673367, 782.2450876235962]"
F282013,50,9,0.6,"[1082653171.6673367, 938.6135761737823]"
F282013,50,9,0.7,"[1082653171.6673367, 1094.6279726028442]"
F282013,50,9,0.8,"[1082653171.6673367, 1250.2117245197296]"
F282013,50,9,0.9,"[1082653171.6673367, 1405.3173010349274]"
F282013,50,9,1.0,"[1082653171.6673367, 1560.93327999115]"
F282013,50,10,0.01,"[35744.298953400285, 15.851011037826538]"
F282013,50,10,0.1,"[29598.64673580083, 157.17193245887756]"
F282013,50,10,0.2,"[28579.781480969214, 314.4104781150818]"
F282013,50,10,0.3,"[27974.55151860844, 471.47729897499084]"
F282013,50,10,0.4,"[27974.55151860844, 628.7725970745087]"
F282013,50,10,0.5,"[27974.55151860844, 785.822838306427]"
F282013,50,10,0.6,"[27974.55151860844, 942.888277053833]"
F282013,50,10,0.7,"[27974.55151860844, 1099.9936664104462]"
F282013,50,10,0.8,"[27974.55151860844, 1256.2981507778168]"
F282013,50,10,0.9,"[27219.67458973193, 1412.265555858612]"
F282013,50,10,1.0,"[27006.099067410076, 1568.4161846637726]"
F282013,50,11,0.01,"[124857055.40471062, 15.814637184143066]"
F282013,50,11,0.1,"[76945068.27179742, 156.76859498023987]"
F282013,50,11,0.2,"[76562187.38924472, 313.66480469703674]"
F282013,50,11,0.3,"[76562187.38924472, 470.0414798259735]"
F282013,50,11,0.4,"[76562187.38924472, 626.6327812671661]"
F282013,50,11,0.5,"[76562187.38924472, 783.0271928310394]"
F282013,50,11,0.6,"[76562187.38924472, 939.6513879299164]"
F282013,50,11,0.7,"[74445871.68651102, 1096.356397151947]"
F282013,50,11,0.8,"[74445871.68651102, 1252.9671258926392]"
F282013,50,11,0.9,"[74445871.68651102, 1408.3836493492126]"
F282013,50,11,1.0,"[74445871.68651102, 1564.1679515838623]"
F282013,50,12,0.01,"[679331174.5651461, 15.844452381134033]"
F282013,50,12,0.1,"[445766287.6095963, 157.1501441001892]"
F282013,50,12,0.2,"[269486619.8709154, 314.51301407814026]"
F282013,50,12,0.3,"[232727154.77594787, 471.5404336452484]"
F282013,50,12,0.4,"[219704409.9071076, 628.7752916812897]"
F282013,50,12,0.5,"[173665702.34706378, 785.7356259822845]"
F282013,50,12,0.6,"[173125375.49133986, 943.0651569366455]"
F282013,50,12,0.7,"[173125375.49133986, 1099.9488158226013]"
F282013,50,12,0.8,"[172811233.02532253, 1256.9582793712616]"
F282013,50,12,0.9,"[172811233.02532253, 1413.185486316681]"
F282013,50,12,1.0,"[172811233.02532253, 1569.6484949588776]"
F282013,50,13,0.01,"[54133.62627107499, 15.858914613723755]"
F282013,50,13,0.1,"[33495.89490405626, 157.15470242500305]"
F282013,50,13,0.2,"[33495.89490405626, 314.52618169784546]"
F282013,50,13,0.3,"[33495.89490405626, 471.47461581230164]"
F282013,50,13,0.4,"[33495.89490405626, 628.6829967498779]"
F282013,50,13,0.5,"[33495.89490405626, 785.7124683856964]"
F282013,50,13,0.6,"[33495.89490405626, 943.0368647575378]"
F282013,50,13,0.7,"[33495.89490405626, 1100.3627564907074]"
F282013,50,13,0.8,"[33495.89490405626, 1257.678060054779]"
F282013,50,13,0.9,"[33495.89490405626, 1414.7731935977936]"
F282013,50,13,1.0,"[33495.89490405626, 1571.4194231033325]"
F282013,50,14,0.01,"[30074513.154425412, 15.793193817138672]"
F282013,50,14,0.1,"[30074513.154425412, 156.7566351890564]"
F282013,50,14,0.2,"[30074513.154425412, 314.0680058002472]"
F282013,50,14,0.3,"[30074513.154425412, 470.41712379455566]"
F282013,50,14,0.4,"[30074513.154425412, 627.0560159683228]"
F282013,50,14,0.5,"[30074513.154425412, 783.4119668006897]"
F282013,50,14,0.6,"[30074513.154425412, 940.0634531974792]"
F282013,50,14,0.7,"[30074513.154425412, 1096.568924188614]"
F282013,50,14,0.8,"[30074513.154425412, 1253.2489802837372]"
F282013,50,14,0.9,"[30074513.154425412, 1409.5198075771332]"
F282013,50,14,1.0,"[30074513.154425412, 1565.801943063736]"
F282013,50,15,0.01,"[121346.93021991184, 15.815453290939331]"
F282013,50,15,0.1,"[47937.669723861516, 157.06796145439148]"
F282013,50,15,0.2,"[45013.67460669403, 313.9431014060974]"
F282013,50,15,0.3,"[41526.19403505003, 470.4148609638214]"
F282013,50,15,0.4,"[41053.16750259561, 627.2685790061951]"
F282013,50,15,0.5,"[36197.40912261947, 783.9038455486298]"
F282013,50,15,0.6,"[36197.40912261947, 940.8983433246613]"
F282013,50,15,0.7,"[36154.01538312364, 1097.7985820770264]"
F282013,50,15,0.8,"[35682.668814957105, 1254.7689490318298]"
F282013,50,15,0.9,"[33223.43516647705, 1411.3915803432465]"
F282013,50,15,1.0,"[33223.43516647705, 1568.3118426799774]"
F282013,50,16,0.01,"[25799591.363835804, 15.796443223953247]"
F282013,50,16,0.1,"[16315585.951955823, 156.7533664703369]"
F282013,50,16,0.2,"[11796587.708146749, 313.5389578342438]"
F282013,50,16,0.3,"[9567704.681725634, 469.7676293849945]"
F282013,50,16,0.4,"[8685758.54899382, 626.3889057636261]"
F282013,50,16,0.5,"[8440011.513460238, 782.6099541187286]"
F282013,50,16,0.6,"[8440011.513460238, 939.2326312065125]"
F282013,50,16,0.7,"[8440011.513460238, 1095.7127621173859]"
F282013,50,16,0.8,"[8395094.981796192, 1252.282291650772]"
F282013,50,16,0.9,"[7379361.834999763, 1408.3102536201477]"
F282013,50,16,1.0,"[7379361.834999763, 1564.5765731334686]"
F282013,50,17,0.01,"[2497765.0060569393, 15.86634111404419]"
F282013,50,17,0.1,"[2036433.7881747016, 157.37115001678467]"
F282013,50,17,0.2,"[2036433.7881747016, 314.99747252464294]"
F282013,50,17,0.3,"[2036433.7881747016, 472.1954300403595]"
F282013,50,17,0.4,"[2036433.7881747016, 629.694910287857]"
F282013,50,17,0.5,"[2036433.7881747016, 787.0870940685272]"
F282013,50,17,0.6,"[2030393.380536804, 944.5616459846497]"
F282013,50,17,0.7,"[1901838.2902515158, 1102.2315096855164]"
F282013,50,17,0.8,"[1901838.2902515158, 1259.7689728736877]"
F282013,50,17,0.9,"[1901838.2902515158, 1417.149006843567]"
F282013,50,17,1.0,"[1387061.5493887092, 1574.9111528396606]"
F282013,50,18,0.01,"[22322746735.67209, 15.899017333984375]"
F282013,50,18,0.1,"[22322746735.67209, 157.69283747673035]"
F282013,50,18,0.2,"[22322746735.67209, 316.42771196365356]"
F282013,50,18,0.3,"[22322746735.67209, 474.83358240127563]"
F282013,50,18,0.4,"[20837450434.086006, 632.5133633613586]"
F282013,50,18,0.5,"[18723886121.5962, 789.9973247051239]"
F282013,50,18,0.6,"[18723886121.5962, 947.5212473869324]"
F282013,50,18,0.7,"[14825917092.861582, 1104.823748588562]"
F282013,50,18,0.8,"[12628025933.337448, 1262.2980227470398]"
F282013,50,18,0.9,"[12016438182.825813, 1419.5773644447327]"
F282013,50,18,1.0,"[12016438182.825813, 1576.9374885559082]"
F282013,50,19,0.01,"[346787.16736037284, 15.802891254425049]"
F282013,50,19,0.1,"[138551.86282910337, 156.84999346733093]"
F282013,50,19,0.2,"[91384.34289513988, 313.77779626846313]"
F282013,50,19,0.3,"[70017.04089577962, 470.33325004577637]"
F282013,50,19,0.4,"[69207.58682980757, 627.3679082393646]"
F282013,50,19,0.5,"[69207.58682980757, 784.0308885574341]"
F282013,50,19,0.6,"[69207.58682980757, 940.835039138794]"
F282013,50,19,0.7,"[69207.58682980757, 1098.1804015636444]"
F282013,50,19,0.8,"[69207.58682980757, 1254.987781047821]"
F282013,50,19,0.9,"[69207.58682980757, 1411.6599514484406]"
F282013,50,19,1.0,"[69207.58682980757, 1568.565757036209]"
F282013,50,20,0.01,"[60025.158632607905, 15.843352794647217]"
F282013,50,20,0.1,"[37968.725302911866, 156.83351135253906]"
F282013,50,20,0.2,"[33078.830401526946, 313.73273062705994]"
F282013,50,20,0.3,"[31323.851525762628, 470.3128263950348]"
F282013,50,20,0.4,"[30967.564199158234, 627.5311653614044]"
F282013,50,20,0.5,"[30967.564199158234, 784.1531348228455]"
F282013,50,20,0.6,"[30967.564199158234, 941.0597825050354]"
F282013,50,20,0.7,"[30967.564199158234, 1097.9344506263733]"
F282013,50,20,0.8,"[30967.564199158234, 1254.7527170181274]"
F282013,50,20,0.9,"[29335.643742643326, 1411.2799191474915]"
F282013,50,20,1.0,"[29335.643742643326, 1568.1662254333496]"
F282013,50,21,0.01,"[1546045443.463524, 15.889110803604126]"
F282013,50,21,0.1,"[661979929.9593724, 157.39249682426453]"
F282013,50,21,0.2,"[661979929.9593724, 315.1148202419281]"
F282013,50,21,0.3,"[661979929.9593724, 472.5099503993988]"
F282013,50,21,0.4,"[661979929.9593724, 630.2035501003265]"
F282013,50,21,0.5,"[661979929.9593724, 787.6247470378876]"
F282013,50,21,0.6,"[591042080.1159121, 945.2064261436462]"
F282013,50,21,0.7,"[591042080.1159121, 1102.9080080986023]"
F282013,50,21,0.8,"[591042080.1159121, 1260.5656418800354]"
F282013,50,21,0.9,"[552079649.9518824, 1418.0510771274567]"
F282013,50,21,1.0,"[552079649.9518824, 1575.8357155323029]"
F282013,50,22,0.01,"[285548.0858792742, 15.882238626480103]"
F282013,50,22,0.1,"[285548.0858792742, 157.30690836906433]"
F282013,50,22,0.2,"[285548.0858792742, 314.71509623527527]"
F282013,50,22,0.3,"[285548.0858792742, 471.9401333332062]"
F282013,50,22,0.4,"[285548.0858792742, 629.3505556583405]"
F282013,50,22,0.5,"[285548.0858792742, 786.3041548728943]"
F282013,50,22,0.6,"[285548.0858792742, 943.5117707252502]"
F282013,50,22,0.7,"[285548.0858792742, 1100.7952189445496]"
F282013,50,22,0.8,"[285548.0858792742, 1258.24538064003]"
F282013,50,22,0.9,"[285548.0858792742, 1415.4461741447449]"
F282013,50,22,1.0,"[285548.0858792742, 1572.6336047649384]"
F282013,50,23,0.01,"[320891.2910694201, 15.850813865661621]"
F282013,50,23,0.1,"[280966.3199394146, 156.97317671775818]"
F282013,50,23,0.2,"[280966.3199394146, 313.9979350566864]"
F282013,50,23,0.3,"[280966.3199394146, 470.75384759902954]"
F282013,50,23,0.4,"[280966.3199394146, 627.7268676757812]"
F282013,50,23,0.5,"[280966.3199394146, 784.3625168800354]"
F282013,50,23,0.6,"[280966.3199394146, 941.2305278778076]"
F282013,50,23,0.7,"[280966.3199394146, 1098.0383250713348]"
F282013,50,23,0.8,"[280966.3199394146, 1254.909606218338]"
F282013,50,23,0.9,"[280966.3199394146, 1411.3911876678467]"
F282013,50,23,1.0,"[280966.3199394146, 1568.1291604042053]"
F282013,50,24,0.01,"[2784764.1476035714, 15.884955883026123]"
F282013,50,24,0.1,"[1616912.9334852297, 157.3231337070465]"
F282013,50,24,0.2,"[1208317.35615894, 315.19194531440735]"
F282013,50,24,0.3,"[962127.6038674279, 472.1318371295929]"
F282013,50,24,0.4,"[895838.2412411997, 629.5916817188263]"
F282013,50,24,0.5,"[895838.2412411997, 786.7632923126221]"
F282013,50,24,0.6,"[895838.2412411997, 944.201486825943]"
F282013,50,24,0.7,"[895838.2412411997, 1101.4176406860352]"
F282013,50,24,0.8,"[895838.2412411997, 1258.827393770218]"
F282013,50,24,0.9,"[775370.0017729985, 1415.9681661128998]"
F282013,50,24,1.0,"[700680.5225645584, 1573.3329374790192]"
F282013,50,25,0.01,"[151238730.26801583, 15.937211513519287]"
F282013,50,25,0.1,"[151238730.26801583, 157.8848898410797]"
F282013,50,25,0.2,"[151238730.26801583, 315.8227915763855]"
F282013,50,25,0.3,"[151238730.26801583, 473.3558359146118]"
F282013,50,25,0.4,"[151238730.26801583, 631.1744947433472]"
F282013,50,25,0.5,"[151238730.26801583, 788.773562669754]"
F282013,50,25,0.6,"[151238730.26801583, 946.6945381164551]"
F282013,50,25,0.7,"[151238730.26801583, 1104.529706954956]"
F282013,50,25,0.8,"[151238730.26801583, 1262.3626725673676]"
F282013,50,25,0.9,"[151238730.26801583, 1419.9247107505798]"
F282013,50,25,1.0,"[151238730.26801583, 1577.608379125595]"
F282013,50,26,0.01,"[615691.774394185, 15.876217603683472]"
F282013,50,26,0.1,"[615691.774394185, 157.07494521141052]"
F282013,50,26,0.2,"[615691.774394185, 314.3445477485657]"
F282013,50,26,0.3,"[615691.774394185, 470.9585654735565]"
F282013,50,26,0.4,"[615691.774394185, 627.9606413841248]"
F282013,50,26,0.5,"[615691.774394185, 784.7056736946106]"
F282013,50,26,0.6,"[615691.774394185, 941.7784004211426]"
F282013,50,26,0.7,"[615691.774394185, 1098.5590498447418]"
F282013,50,26,0.8,"[615691.774394185, 1255.4579751491547]"
F282013,50,26,0.9,"[615691.774394185, 1411.9916625022888]"
F282013,50,26,1.0,"[615691.774394185, 1568.7331511974335]"
F282013,50,27,0.01,"[34137481902.254078, 15.883439540863037]"
F282013,50,27,0.1,"[15631568477.666164, 157.40246510505676]"
F282013,50,27,0.2,"[8148325876.952124, 315.35188031196594]"
F282013,50,27,0.3,"[5017454091.360029, 472.6658389568329]"
F282013,50,27,0.4,"[5017454091.360029, 630.3199317455292]"
F282013,50,27,0.5,"[5017454091.360029, 787.5367114543915]"
F282013,50,27,0.6,"[5017454091.360029, 944.8643548488617]"
F282013,50,27,0.7,"[5017454091.360029, 1101.9962284564972]"
F282013,50,27,0.8,"[5017454091.360029, 1259.2057690620422]"
F282013,50,27,0.9,"[5017454091.360029, 1416.2309668064117]"
F282013,50,27,1.0,"[5017454091.360029, 1573.461805343628]"
F282013,50,28,0.01,"[20180.873631622115, 15.792595148086548]"
F282013,50,28,0.1,"[19303.882404837885, 156.01196217536926]"
F282013,50,28,0.2,"[19262.47132121309, 312.08399295806885]"
F282013,50,28,0.3,"[18724.311598143602, 468.08517026901245]"
F282013,50,28,0.4,"[18566.579714262843, 624.2197773456573]"
F282013,50,28,0.5,"[18371.94822516871, 780.1922564506531]"
F282013,50,28,0.6,"[18369.982001491495, 936.4688415527344]"
F282013,50,28,0.7,"[18085.58304145702, 1092.7422966957092]"
F282013,50,28,0.8,"[17958.627541685055, 1249.0072770118713]"
F282013,50,28,0.9,"[17870.148005516643, 1405.0943853855133]"
F282013,50,28,1.0,"[17870.148005516643, 1561.259340763092]"
F282013,50,29,0.01,"[2600949.8336440846, 15.787537574768066]"
F282013,50,29,0.1,"[1773173.0358233086, 156.30745124816895]"
F282013,50,29,0.2,"[1685752.851781053, 312.36457920074463]"
F282013,50,29,0.3,"[1393846.5173934114, 468.42326736450195]"
F282013,50,29,0.4,"[1233887.7447600733, 624.5430960655212]"
F282013,50,29,0.5,"[1233887.7447600733, 780.5649700164795]"
F282013,50,29,0.6,"[1027513.6872988797, 936.6676278114319]"
F282013,50,29,0.7,"[1027513.6872988797, 1092.7417089939117]"
F282013,50,29,0.8,"[963106.9778923808, 1248.569019794464]"
F282013,50,29,0.9,"[963106.9778923808, 1404.1178648471832]"
F282013,50,29,1.0,"[889915.2414495515, 1560.1230804920197]"
F282013,50,30,0.01,"[360876.3011323674, 15.800798892974854]"
F282013,50,30,0.1,"[151117.2136164931, 156.79363322257996]"
F282013,50,30,0.2,"[110793.51012185018, 313.6725752353668]"
F282013,50,30,0.3,"[96937.07882759882, 470.2793071269989]"
F282013,50,30,0.4,"[96937.07882759882, 627.2579655647278]"
F282013,50,30,0.5,"[96937.07882759882, 784.2307775020599]"
F282013,50,30,0.6,"[96937.07882759882, 941.402526140213]"
F282013,50,30,0.7,"[86337.5367812588, 1098.1001279354095]"
F282013,50,30,0.8,"[86337.5367812588, 1254.8990225791931]"
F282013,50,30,0.9,"[79441.91962487451, 1411.6158273220062]"
F282013,50,30,1.0,"[72098.67233689417, 1568.6026048660278]"
F282013,50,31,0.01,"[32104.680024920162, 15.817371845245361]"
F282013,50,31,0.1,"[24461.2940768896, 156.9013786315918]"
F282013,50,31,0.2,"[23921.27690985945, 314.07164192199707]"
F282013,50,31,0.3,"[21848.62803807899, 471.03072929382324]"
F282013,50,31,0.4,"[21640.305048046375, 628.1841821670532]"
F282013,50,31,0.5,"[20591.918627090847, 785.0589325428009]"
F282013,50,31,0.6,"[20591.918627090847, 942.5040361881256]"
F282013,50,31,0.7,"[20439.592297912503, 1099.5457146167755]"
F282013,50,31,0.8,"[19891.042169127286, 1256.5112278461456]"
F282013,50,31,0.9,"[18932.178505806747, 1413.1965970993042]"
F282013,50,31,1.0,"[18932.178505806747, 1570.0269012451172]"
F282013,50,32,0.01,"[565063.3609668638, 15.844220399856567]"
F282013,50,32,0.1,"[377251.31597000844, 157.1556122303009]"
F282013,50,32,0.2,"[297837.2965047038, 314.50558853149414]"
F282013,50,32,0.3,"[193337.11442718672, 472.1410002708435]"
F282013,50,32,0.4,"[189004.8218091525, 629.2864773273468]"
F282013,50,32,0.5,"[161612.64483590258, 786.4426243305206]"
F282013,50,32,0.6,"[152707.18921111626, 943.5158951282501]"
F282013,50,32,0.7,"[134886.43253892593, 1100.6882615089417]"
F282013,50,32,0.8,"[126078.84166234297, 1257.7861647605896]"
F282013,50,32,0.9,"[126078.84166234297, 1414.4529030323029]"
F282013,50,32,1.0,"[126078.84166234297, 1571.321560382843]"
F282013,50,33,0.01,"[41950.043853788564, 15.841219902038574]"
F282013,50,33,0.1,"[31957.531041274895, 157.18975591659546]"
F282013,50,33,0.2,"[26509.141737148446, 314.1344482898712]"
F282013,50,33,0.3,"[26509.141737148446, 471.1509037017822]"
F282013,50,33,0.4,"[25227.980696798986, 628.4958367347717]"
F282013,50,33,0.5,"[25227.980696798986, 785.4741721153259]"
F282013,50,33,0.6,"[24593.084246204213, 942.8342959880829]"
F282013,50,33,0.7,"[24593.084246204213, 1099.8201751708984]"
F282013,50,33,0.8,"[24593.084246204213, 1257.0242562294006]"
F282013,50,33,0.9,"[24593.084246204213, 1414.0869135856628]"
F282013,50,33,1.0,"[24449.929929509304, 1571.457262992859]"
F282013,50,34,0.01,"[2067691027.0101733, 15.828725099563599]"
F282013,50,34,0.1,"[1279855464.299293, 157.05503940582275]"
F282013,50,34,0.2,"[1279855464.299293, 314.1380171775818]"
F282013,50,34,0.3,"[1279855464.299293, 471.01014828681946]"
F282013,50,34,0.4,"[1279855464.299293, 628.3608224391937]"
F282013,50,34,0.5,"[1279855464.299293, 785.6212074756622]"
F282013,50,34,0.6,"[1279855464.299293, 942.9304859638214]"
F282013,50,34,0.7,"[1279855464.299293, 1100.0931780338287]"
F282013,50,34,0.8,"[1279855464.299293, 1257.3479173183441]"
F282013,50,34,0.9,"[1279855464.299293, 1413.9949367046356]"
F282013,50,34,1.0,"[1279855464.299293, 1571.2526404857635]"
F282013,50,35,0.01,"[10851180.512366341, 15.813218355178833]"
F282013,50,35,0.1,"[10851180.512366341, 156.84705805778503]"
F282013,50,35,0.2,"[10851180.512366341, 313.8897843360901]"
F282013,50,35,0.3,"[10851180.512366341, 470.6706483364105]"
F282013,50,35,0.4,"[10851180.512366341, 627.6243307590485]"
F282013,50,35,0.5,"[10851180.512366341, 784.2900540828705]"
F282013,50,35,0.6,"[10851180.512366341, 941.2590463161469]"
F282013,50,35,0.7,"[10851180.512366341, 1098.1234412193298]"
F282013,50,35,0.8,"[10851180.512366341, 1255.096886396408]"
F282013,50,35,0.9,"[10851180.512366341, 1412.0210502147675]"
F282013,50,35,1.0,"[10851180.512366341, 1569.024337530136]"
F282013,50,36,0.01,"[1444045.2187621293, 15.845027923583984]"
F282013,50,36,0.1,"[410990.4170974884, 157.0742917060852]"
F282013,50,36,0.2,"[380276.45579295873, 314.1971836090088]"
F282013,50,36,0.3,"[373401.3229849931, 470.9616644382477]"
F282013,50,36,0.4,"[373401.3229849931, 627.9948678016663]"
F282013,50,36,0.5,"[355187.62711187743, 784.701993227005]"
F282013,50,36,0.6,"[340552.69560836884, 941.3532967567444]"
F282013,50,36,0.7,"[280849.3532593241, 1098.0540387630463]"
F282013,50,36,0.8,"[280849.3532593241, 1254.8336446285248]"
F282013,50,36,0.9,"[252014.86050249176, 1411.549206495285]"
F282013,50,36,1.0,"[252014.86050249176, 1568.2231738567352]"
F282013,50,37,0.01,"[621686.248269171, 15.736023187637329]"
F282013,50,37,0.1,"[356228.7323289125, 156.11526441574097]"
F282013,50,37,0.2,"[279011.6055843112, 312.2789044380188]"
F282013,50,37,0.3,"[241834.52437230287, 468.30035948753357]"
F282013,50,37,0.4,"[222305.22257385982, 624.7733452320099]"
F282013,50,37,0.5,"[167299.2049540407, 780.7300264835358]"
F282013,50,37,0.6,"[130565.98245807763, 936.9598984718323]"
F282013,50,37,0.7,"[125602.90371632077, 1092.7685866355896]"
F282013,50,37,0.8,"[120458.61420925405, 1248.759296655655]"
F282013,50,37,0.9,"[120458.61420925405, 1404.4860320091248]"
F282013,50,37,1.0,"[120458.61420925405, 1560.4325544834137]"
F282013,50,38,0.01,"[18023.82230340139, 15.872536420822144]"
F282013,50,38,0.1,"[16491.155971099575, 157.43200039863586]"
F282013,50,38,0.2,"[15930.089089811045, 314.7097382545471]"
F282013,50,38,0.3,"[15646.440719678743, 471.80195927619934]"
F282013,50,38,0.4,"[15241.019008148018, 629.3372781276703]"
F282013,50,38,0.5,"[14943.425698705789, 786.4437232017517]"
F282013,50,38,0.6,"[14893.499580437749, 943.84108710289]"
F282013,50,38,0.7,"[14674.522522229756, 1100.716390132904]"
F282013,50,38,0.8,"[14561.575660247106, 1258.0119967460632]"
F282013,50,38,0.9,"[14469.588065878046, 1415.0866322517395]"
F282013,50,38,1.0,"[14373.674702024247, 1572.6299901008606]"
F282013,50,39,0.01,"[4027562.8100174493, 15.781792402267456]"
F282013,50,39,0.1,"[2855995.605639947, 156.55243158340454]"
F282013,50,39,0.2,"[2653819.9827367044, 313.22277212142944]"
F282013,50,39,0.3,"[2524504.0089015784, 469.5735671520233]"
F282013,50,39,0.4,"[1687380.819848868, 626.378664970398]"
F282013,50,39,0.5,"[1114616.0822865104, 782.7435052394867]"
F282013,50,39,0.6,"[1041268.7111734594, 939.3940489292145]"
F282013,50,39,0.7,"[988515.5895118708, 1095.9757356643677]"
F282013,50,39,0.8,"[933620.5980648656, 1252.5470514297485]"
F282013,50,39,0.9,"[803217.0398659033, 1409.072667837143]"
F282013,50,39,1.0,"[802495.8694553995, 1565.936109304428]"
F282013,50,40,0.01,"[136746976.31751528, 15.838890314102173]"
F282013,50,40,0.1,"[92849492.52196532, 157.10256576538086]"
F282013,50,40,0.2,"[79247749.14888589, 314.32023644447327]"
F282013,50,40,0.3,"[63708211.48020491, 471.26211738586426]"
F282013,50,40,0.4,"[60468451.5526605, 628.2795765399933]"
F282013,50,40,0.5,"[60468451.5526605, 785.1692152023315]"
F282013,50,40,0.6,"[60468451.5526605, 942.4979090690613]"
F282013,50,40,0.7,"[55346895.509285055, 1099.797789812088]"
F282013,50,40,0.8,"[55346895.509285055, 1256.9951021671295]"
F282013,50,40,0.9,"[55346895.509285055, 1414.0401601791382]"
F282013,50,40,1.0,"[55346895.509285055, 1571.3753304481506]"
F282013,50,41,0.01,"[1842926656.5162742, 15.774518251419067]"
F282013,50,41,0.1,"[513010737.67253363, 156.51907086372375]"
F282013,50,41,0.2,"[475741405.34096044, 313.0845682621002]"
F282013,50,41,0.3,"[342721714.486215, 469.39780735969543]"
F282013,50,41,0.4,"[286714595.35816777, 625.932222366333]"
F282013,50,41,0.5,"[229830921.1464363, 782.036937713623]"
F282013,50,41,0.6,"[229830921.1464363, 938.6031403541565]"
F282013,50,41,0.7,"[229830921.1464363, 1094.906424999237]"
F282013,50,41,0.8,"[229830921.1464363, 1251.5375890731812]"
F282013,50,41,0.9,"[229830921.1464363, 1407.769769668579]"
F282013,50,41,1.0,"[229830921.1464363, 1564.1221306324005]"
F282013,50,42,0.01,"[287215517780.90375, 15.851256370544434]"
F282013,50,42,0.1,"[287215517780.90375, 156.56452989578247]"
F282013,50,42,0.2,"[287215517780.90375, 313.2318367958069]"
F282013,50,42,0.3,"[287215517780.90375, 469.76776242256165]"
F282013,50,42,0.4,"[287215517780.90375, 626.5098919868469]"
F282013,50,42,0.5,"[287215517780.90375, 782.8546767234802]"
F282013,50,42,0.6,"[287215517780.90375, 969.5051279067993]"
F282013,50,42,0.7,"[287215517780.90375, 1157.4122068881989]"
F282013,50,42,0.8,"[287215517780.90375, 1345.4055650234222]"
F282013,50,42,0.9,"[287215517780.90375, 1533.0380651950836]"
F282013,50,42,1.0,"[287215517780.90375, 1702.085248708725]"
F282013,50,43,0.01,"[503543.4306837114, 15.829456090927124]"
F282013,50,43,0.1,"[154263.21104143394, 156.81998538970947]"
F282013,50,43,0.2,"[149943.91713213004, 313.80488777160645]"
F282013,50,43,0.3,"[126013.45132985768, 470.5872366428375]"
F282013,50,43,0.4,"[125160.5021733323, 627.5778028964996]"
F282013,50,43,0.5,"[115902.56454250556, 784.1024706363678]"
F282013,50,43,0.6,"[94770.99367151821, 940.8957571983337]"
F282013,50,43,0.7,"[87689.96188896222, 1097.577029466629]"
F282013,50,43,0.8,"[82150.60107612926, 1254.2129836082458]"
F282013,50,43,0.9,"[77232.33299129046, 1410.7158942222595]"
F282013,50,43,1.0,"[67712.88047685864, 1567.396024465561]"
F282013,50,44,0.01,"[941085.5040107839, 15.926611423492432]"
F282013,50,44,0.1,"[604515.8600977868, 157.18633270263672]"
F282013,50,44,0.2,"[480833.4945451455, 314.546790599823]"
F282013,50,44,0.3,"[480833.4945451455, 471.5357942581177]"
F282013,50,44,0.4,"[480833.4945451455, 628.7296717166901]"
F282013,50,44,0.5,"[480833.4945451455, 785.6517486572266]"
F282013,50,44,0.6,"[480833.4945451455, 942.8543956279755]"
F282013,50,44,0.7,"[480833.4945451455, 1101.7821204662323]"
F282013,50,44,0.8,"[480833.4945451455, 1258.8170218467712]"
F282013,50,44,0.9,"[480833.4945451455, 1415.5070950984955]"
F282013,50,44,1.0,"[480833.4945451455, 1572.493986606598]"
F282013,50,45,0.01,"[22595966.417435277, 15.887174606323242]"
F282013,50,45,0.1,"[17748913.28307992, 157.46675515174866]"
F282013,50,45,0.2,"[17748913.28307992, 314.8699367046356]"
F282013,50,45,0.3,"[17748913.28307992, 472.103786945343]"
F282013,50,45,0.4,"[17748913.28307992, 629.37348985672]"
F282013,50,45,0.5,"[17748913.28307992, 786.3683838844299]"
F282013,50,45,0.6,"[17748913.28307992, 943.6497552394867]"
F282013,50,45,0.7,"[17748913.28307992, 1101.035400390625]"
F282013,50,45,0.8,"[17748913.28307992, 1258.193677186966]"
F282013,50,45,0.9,"[17748913.28307992, 1415.0934371948242]"
F282013,50,45,1.0,"[17748913.28307992, 1573.332407951355]"
F282013,50,46,0.01,"[22580.965809000612, 15.879706621170044]"
F282013,50,46,0.1,"[21006.16576261246, 157.42675304412842]"
F282013,50,46,0.2,"[20205.034024282442, 315.36983466148376]"
F282013,50,46,0.3,"[19515.97879486778, 472.4592492580414]"
F282013,50,46,0.4,"[19000.08482404971, 629.7938842773438]"
F282013,50,46,0.5,"[18643.224430121634, 786.960658788681]"
F282013,50,46,0.6,"[18464.80171275104, 944.2822892665863]"
F282013,50,46,0.7,"[18271.920914686074, 1101.3508121967316]"
F282013,50,46,0.8,"[18123.884557597834, 1258.5459969043732]"
F282013,50,46,0.9,"[17988.499131153632, 1415.6300964355469]"
F282013,50,46,1.0,"[17984.94558049596, 1573.021003961563]"
F282013,50,47,0.01,"[296427.30296791065, 15.901734590530396]"
F282013,50,47,0.1,"[149730.3517896206, 157.28161764144897]"
F282013,50,47,0.2,"[120080.15448199969, 314.6117286682129]"
F282013,50,47,0.3,"[112328.51638059212, 471.28080224990845]"
F282013,50,47,0.4,"[112328.51638059212, 628.2638561725616]"
F282013,50,47,0.5,"[103590.28963637752, 785.0525212287903]"
F282013,50,47,0.6,"[85544.20826086539, 942.010335445404]"
F282013,50,47,0.7,"[74582.14364446483, 1098.7069022655487]"
F282013,50,47,0.8,"[71264.60890388998, 1255.5259172916412]"
F282013,50,47,0.9,"[71264.60890388998, 1412.0479695796967]"
F282013,50,47,1.0,"[71264.60890388998, 1568.8244564533234]"
F282013,50,48,0.01,"[6813534.783284605, 15.563844442367554]"
F282013,50,48,0.1,"[4070734.9106014767, 154.7301540374756]"
F282013,50,48,0.2,"[2882364.8343254565, 309.3524503707886]"
F282013,50,48,0.3,"[2882364.8343254565, 463.7637176513672]"
F282013,50,48,0.4,"[2882364.8343254565, 618.2389092445374]"
F282013,50,48,0.5,"[2882364.8343254565, 772.5293340682983]"
F282013,50,48,0.6,"[2882364.8343254565, 926.9686205387115]"
F282013,50,48,0.7,"[2882364.8343254565, 1081.4241664409637]"
F282013,50,48,0.8,"[2882364.8343254565, 1236.022943496704]"
F282013,50,48,0.9,"[2882364.8343254565, 1390.633196592331]"
F282013,50,48,1.0,"[2882364.8343254565, 1545.3959820270538]"
F282013,50,49,0.01,"[8196345.207971858, 15.78995418548584]"
F282013,50,49,0.1,"[8196345.207971858, 156.27287936210632]"
F282013,50,49,0.2,"[8196345.207971858, 316.40354895591736]"
F282013,50,49,0.3,"[8196345.207971858, 472.1213126182556]"
F282013,50,49,0.4,"[8196345.207971858, 627.8991129398346]"
F282013,50,49,0.5,"[8196345.207971858, 783.504200220108]"
F282013,50,49,0.6,"[8196345.207971858, 939.2178971767426]"
F282013,50,49,0.7,"[8196345.207971858, 1094.9943137168884]"
F282013,50,49,0.8,"[8196345.207971858, 1250.7272136211395]"
F282013,50,49,0.9,"[8196345.207971858, 1406.5376942157745]"
F282013,50,49,1.0,"[8196345.207971858, 1562.1568224430084]"
F282013,50,50,0.01,"[118004931.15328695, 15.832975625991821]"
F282013,50,50,0.1,"[69645221.60781173, 156.7244815826416]"
F282013,50,50,0.2,"[37916928.68952553, 313.2044868469238]"
F282013,50,50,0.3,"[29046758.66809786, 469.4962909221649]"
F282013,50,50,0.4,"[28605484.671645857, 625.8539037704468]"
F282013,50,50,0.5,"[28605484.671645857, 782.0042216777802]"
F282013,50,50,0.6,"[28605484.671645857, 938.322448015213]"
F282013,50,50,0.7,"[28605484.671645857, 1094.6404330730438]"
F282013,50,50,0.8,"[28605484.671645857, 1250.9962685108185]"
F282013,50,50,0.9,"[28605484.671645857, 1407.436064004898]"
F282013,50,50,1.0,"[23141030.125532247, 1563.9697530269623]"
