function,dimension,run,checkpoint,error
F192013,10,0,0.01,"[9182.745883775735, 0.3296787738800049]"
F192013,10,0,0.1,"[970.4522786890002, 3.2581119537353516]"
F192013,10,0,0.2,"[833.0003891812169, 6.505400896072388]"
F192013,10,0,0.3,"[813.2072030151394, 9.751611709594727]"
F192013,10,0,0.4,"[809.3376329376974, 13.002883672714233]"
F192013,10,0,0.5,"[810.964514004947, 16.250587701797485]"
F192013,10,0,0.6,"[815.2109006456722, 19.498567581176758]"
F192013,10,0,0.7,"[813.8587874781865, 22.759007453918457]"
F192013,10,0,0.8,"[816.3297691605144, 26.004028797149658]"
F192013,10,0,0.9,"[812.0364751040825, 29.247756004333496]"
F192013,10,0,1.0,"[812.814161805559, 32.4954035282135]"
F192013,10,1,0.01,"[397160.619394246, 0.33170485496520996]"
F192013,10,1,0.1,"[20886.55253134708, 3.757877826690674]"
F192013,10,1,0.2,"[9378.525218060437, 7.0509161949157715]"
F192013,10,1,0.3,"[6776.633896864173, 10.332807540893555]"
F192013,10,1,0.4,"[5694.999474819967, 13.668739318847656]"
F192013,10,1,0.5,"[5074.710726512999, 16.957711696624756]"
F192013,10,1,0.6,"[4779.6829163242965, 20.243849515914917]"
F192013,10,1,0.7,"[4661.919698824287, 23.716652393341064]"
F192013,10,1,0.8,"[4588.763098007255, 27.379058599472046]"
F192013,10,1,0.9,"[4543.501920462687, 30.67870783805847]"
F192013,10,1,1.0,"[4518.075398593095, 33.964131355285645]"
F192013,10,2,0.01,"[806013.1962676378, 0.3319697380065918]"
F192013,10,2,0.1,"[51609.97748509863, 3.293161630630493]"
F192013,10,2,0.2,"[23411.81482823808, 6.59593939781189]"
F192013,10,2,0.3,"[15959.330306958655, 9.884977102279663]"
F192013,10,2,0.4,"[12407.787287734558, 13.174887895584106]"
F192013,10,2,0.5,"[10348.298484312532, 16.493685483932495]"
F192013,10,2,0.6,"[9051.390425597263, 19.789858102798462]"
F192013,10,2,0.7,"[8160.027490684033, 23.085359573364258]"
F192013,10,2,0.8,"[7455.317681294247, 26.50498080253601]"
F192013,10,2,0.9,"[6944.230324497876, 29.85204029083252]"
F192013,10,2,1.0,"[6588.661693641693, 33.19246816635132]"
F192013,10,3,0.01,"[118784.55649738997, 0.33029675483703613]"
F192013,10,3,0.1,"[8723.20402659938, 3.2664008140563965]"
F192013,10,3,0.2,"[4992.234773412581, 6.525627136230469]"
F192013,10,3,0.3,"[4020.615690766308, 9.78232455253601]"
F192013,10,3,0.4,"[3626.6736674709964, 13.04905891418457]"
F192013,10,3,0.5,"[3429.1931945941924, 16.31092882156372]"
F192013,10,3,0.6,"[3338.7069924402813, 19.57267117500305]"
F192013,10,3,0.7,"[3295.68851245965, 22.84015154838562]"
F192013,10,3,0.8,"[3257.4376150334583, 26.098119020462036]"
F192013,10,3,0.9,"[3245.33020294148, 29.35829758644104]"
F192013,10,3,1.0,"[3238.920124831593, 32.622628688812256]"
F192013,10,4,0.01,"[98877.64545001194, 0.33234524726867676]"
F192013,10,4,0.1,"[6907.188784646737, 3.295217990875244]"
F192013,10,4,0.2,"[4656.413388456629, 6.5772199630737305]"
F192013,10,4,0.3,"[4570.806733645661, 9.871384859085083]"
F192013,10,4,0.4,"[4532.683271245056, 13.167486667633057]"
F192013,10,4,0.5,"[4520.1362229113, 16.462334632873535]"
F192013,10,4,0.6,"[4513.90085868973, 19.7550208568573]"
F192013,10,4,0.7,"[4513.9000857458805, 23.052279233932495]"
F192013,10,4,0.8,"[4513.87494390473, 26.540989875793457]"
F192013,10,4,0.9,"[4513.899392835587, 29.83872890472412]"
F192013,10,4,1.0,"[4513.899048682683, 33.141236305236816]"
F192013,10,5,0.01,"[3003086.5659368443, 0.3309764862060547]"
F192013,10,5,0.1,"[253757.28132645157, 3.266996145248413]"
F192013,10,5,0.2,"[125322.790359951, 6.531787872314453]"
F192013,10,5,0.3,"[81167.82459942535, 9.876255512237549]"
F192013,10,5,0.4,"[59548.971560387916, 13.157185554504395]"
F192013,10,5,0.5,"[46810.04393251509, 16.40394949913025]"
F192013,10,5,0.6,"[38415.82233852336, 19.64908456802368]"
F192013,10,5,0.7,"[32529.056282799553, 22.898103952407837]"
F192013,10,5,0.8,"[28201.737876186788, 26.14224362373352]"
F192013,10,5,0.9,"[24915.767614122116, 29.389413595199585]"
F192013,10,5,1.0,"[22312.264063448925, 32.637933015823364]"
F192013,10,6,0.01,"[2178279.0493891854, 0.39728713035583496]"
F192013,10,6,0.1,"[174335.58681104492, 3.6558828353881836]"
F192013,10,6,0.2,"[77389.29695712744, 6.922224998474121]"
F192013,10,6,0.3,"[49464.36944335891, 10.192840576171875]"
F192013,10,6,0.4,"[36851.88145243741, 13.459824800491333]"
F192013,10,6,0.5,"[29702.085677537936, 16.717816591262817]"
F192013,10,6,0.6,"[25128.9663717746, 19.971165895462036]"
F192013,10,6,0.7,"[21969.141724278572, 23.227267265319824]"
F192013,10,6,0.8,"[19662.586453041327, 26.72213649749756]"
F192013,10,6,0.9,"[17869.56433041234, 30.071362495422363]"
F192013,10,6,1.0,"[16459.791386213565, 33.32196664810181]"
F192013,10,7,0.01,"[2364156.3970630737, 0.3343691825866699]"
F192013,10,7,0.1,"[158855.62026116307, 3.28983736038208]"
F192013,10,7,0.2,"[64119.78720650824, 6.560290575027466]"
F192013,10,7,0.3,"[38524.10185772936, 9.829318046569824]"
F192013,10,7,0.4,"[27439.326455175596, 13.097512245178223]"
F192013,10,7,0.5,"[21460.34681365929, 16.366116762161255]"
F192013,10,7,0.6,"[17826.14954045896, 19.630061864852905]"
F192013,10,7,0.7,"[15387.120365256493, 22.897298336029053]"
F192013,10,7,0.8,"[13552.645342562566, 26.161208629608154]"
F192013,10,7,0.9,"[12155.768507555444, 29.436228036880493]"
F192013,10,7,1.0,"[11052.011677499706, 32.70158910751343]"
F192013,10,8,0.01,"[6406.365429600646, 0.3309040069580078]"
F192013,10,8,0.1,"[689.6297711075276, 3.2719693183898926]"
F192013,10,8,0.2,"[519.0945081201911, 6.5381855964660645]"
F192013,10,8,0.3,"[499.2414551204822, 9.7977933883667]"
F192013,10,8,0.4,"[501.0524223477505, 13.058924674987793]"
F192013,10,8,0.5,"[500.2971386302253, 16.31207251548767]"
F192013,10,8,0.6,"[502.0858550873704, 19.56151795387268]"
F192013,10,8,0.7,"[499.7210716062423, 22.818058967590332]"
F192013,10,8,0.8,"[499.3085103425741, 26.068774700164795]"
F192013,10,8,0.9,"[499.48922886547325, 29.5731258392334]"
F192013,10,8,1.0,"[501.4134532416949, 32.8344841003418]"
F192013,10,9,0.01,"[156065.77371326264, 0.4066433906555176]"
F192013,10,9,0.1,"[8433.458116390193, 3.3533525466918945]"
F192013,10,9,0.2,"[4771.176123247725, 6.624409914016724]"
F192013,10,9,0.3,"[3983.384788702796, 9.892095565795898]"
F192013,10,9,0.4,"[3754.655975140414, 13.16857385635376]"
F192013,10,9,0.5,"[3714.750912781781, 16.437514066696167]"
F192013,10,9,0.6,"[3682.122983687772, 19.703864336013794]"
F192013,10,9,0.7,"[3662.475459932126, 22.978000164031982]"
F192013,10,9,0.8,"[3628.354645016221, 26.24443030357361]"
F192013,10,9,0.9,"[3621.946275806491, 29.508913278579712]"
F192013,10,9,1.0,"[3615.6086820346, 32.77898025512695]"
F192013,10,10,0.01,"[118794.16057045232, 0.3317384719848633]"
F192013,10,10,0.1,"[10504.583764467718, 3.288743734359741]"
F192013,10,10,0.2,"[5272.265176739898, 6.569720268249512]"
F192013,10,10,0.3,"[3672.275024010034, 9.85233473777771]"
F192013,10,10,0.4,"[3073.175339572036, 13.137723207473755]"
F192013,10,10,0.5,"[2930.3224487640073, 16.41973900794983]"
F192013,10,10,0.6,"[2849.301930800308, 19.698809146881104]"
F192013,10,10,0.7,"[2807.5930601631903, 22.985289573669434]"
F192013,10,10,0.8,"[2793.9435805069616, 26.702385425567627]"
F192013,10,10,0.9,"[2792.351325583597, 30.017263889312744]"
F192013,10,10,1.0,"[2792.0028035811065, 33.296791315078735]"
F192013,10,11,0.01,"[235069.15527065145, 0.3319582939147949]"
F192013,10,11,0.1,"[19357.393355457792, 3.2809672355651855]"
F192013,10,11,0.2,"[8548.727770079398, 6.546839237213135]"
F192013,10,11,0.3,"[5577.040062039389, 10.108148574829102]"
F192013,10,11,0.4,"[4360.645268615955, 13.404361248016357]"
F192013,10,11,0.5,"[3784.9755356451105, 16.660095930099487]"
F192013,10,11,0.6,"[3502.5406889427386, 19.912379503250122]"
F192013,10,11,0.7,"[3404.7277079501514, 23.17148995399475]"
F192013,10,11,0.8,"[3366.4827633691184, 26.421342611312866]"
F192013,10,11,0.9,"[3332.4991758420892, 29.666196584701538]"
F192013,10,11,1.0,"[3322.1311355908715, 32.917174339294434]"
F192013,10,12,0.01,"[462761.58531908516, 0.32955098152160645]"
F192013,10,12,0.1,"[54297.886613526614, 3.257190227508545]"
F192013,10,12,0.2,"[26754.109017510713, 6.512733459472656]"
F192013,10,12,0.3,"[18270.818701458138, 9.770048379898071]"
F192013,10,12,0.4,"[14229.13854091177, 13.026497840881348]"
F192013,10,12,0.5,"[11932.740903380472, 16.27245044708252]"
F192013,10,12,0.6,"[10445.183110434267, 19.51734209060669]"
F192013,10,12,0.7,"[9425.065718484197, 22.766205310821533]"
F192013,10,12,0.8,"[8696.739809565848, 26.011595010757446]"
F192013,10,12,0.9,"[8184.209041781394, 29.39756965637207]"
F192013,10,12,1.0,"[7770.633913116793, 32.638622522354126]"
F192013,10,13,0.01,"[731766.7068681609, 0.4696943759918213]"
F192013,10,13,0.1,"[58284.90982931987, 3.40244722366333]"
F192013,10,13,0.2,"[25547.252609902873, 6.665067672729492]"
F192013,10,13,0.3,"[16562.283112624053, 9.913830518722534]"
F192013,10,13,0.4,"[12598.732855846292, 13.161028385162354]"
F192013,10,13,0.5,"[10528.179060681694, 16.408248901367188]"
F192013,10,13,0.6,"[9251.069796787588, 19.6538405418396]"
F192013,10,13,0.7,"[8427.327362234693, 22.908544778823853]"
F192013,10,13,0.8,"[7857.257895513443, 26.15349841117859]"
F192013,10,13,0.9,"[7469.4071811852955, 29.400306701660156]"
F192013,10,13,1.0,"[7183.5655800527875, 32.65038537979126]"
F192013,10,14,0.01,"[793603.965832826, 0.3303689956665039]"
F192013,10,14,0.1,"[49833.84190074413, 3.265927791595459]"
F192013,10,14,0.2,"[22634.496675841263, 6.527736663818359]"
F192013,10,14,0.3,"[15692.630977505696, 9.783900022506714]"
F192013,10,14,0.4,"[12511.079517971626, 13.050081968307495]"
F192013,10,14,0.5,"[10712.223786686436, 16.31490421295166]"
F192013,10,14,0.6,"[9568.702923637167, 19.577818393707275]"
F192013,10,14,0.7,"[8741.803798077823, 22.846424341201782]"
F192013,10,14,0.8,"[8190.782655581046, 26.542102813720703]"
F192013,10,14,0.9,"[7846.057233010677, 29.934832334518433]"
F192013,10,14,1.0,"[7540.245987559358, 33.200507402420044]"
F192013,10,15,0.01,"[135526.63754290072, 0.37217283248901367]"
F192013,10,15,0.1,"[7199.0491379664545, 3.3417351245880127]"
F192013,10,15,0.2,"[3847.646973456207, 6.643381834030151]"
F192013,10,15,0.3,"[3696.3221959650955, 10.119840145111084]"
F192013,10,15,0.4,"[3695.086180094064, 13.420056819915771]"
F192013,10,15,0.5,"[3695.076521477966, 16.724517822265625]"
F192013,10,15,0.6,"[3695.070868443332, 20.02383804321289]"
F192013,10,15,0.7,"[3695.0675514127397, 23.327417850494385]"
F192013,10,15,0.8,"[3695.06560721833, 26.62406587600708]"
F192013,10,15,0.9,"[3695.0644648107464, 29.923871994018555]"
F192013,10,15,1.0,"[3695.0637925700303, 33.22787070274353]"
F192013,10,16,0.01,"[83442.54540522813, 0.3269500732421875]"
F192013,10,16,0.1,"[4514.181172479721, 3.238927125930786]"
F192013,10,16,0.2,"[3277.1780296408806, 6.470412254333496]"
F192013,10,16,0.3,"[3277.135690718779, 9.730618476867676]"
F192013,10,16,0.4,"[3277.083921777977, 12.977558851242065]"
F192013,10,16,0.5,"[3277.0222865279784, 16.211936712265015]"
F192013,10,16,0.6,"[3276.990617775604, 19.442428827285767]"
F192013,10,16,0.7,"[3276.9487417176897, 22.677246809005737]"
F192013,10,16,0.8,"[3276.8965417667005, 25.90283703804016]"
F192013,10,16,0.9,"[3276.87394579579, 29.129698276519775]"
F192013,10,16,1.0,"[3276.8405747503757, 32.361682415008545]"
F192013,10,17,0.01,"[44820.39340776049, 0.38025951385498047]"
F192013,10,17,0.1,"[2985.828868483599, 3.342193365097046]"
F192013,10,17,0.2,"[1596.4036985149428, 6.634727716445923]"
F192013,10,17,0.3,"[1290.295111004069, 10.49932074546814]"
F192013,10,17,0.4,"[1236.5769917629696, 13.798105716705322]"
F192013,10,17,0.5,"[1238.866634360461, 17.094937562942505]"
F192013,10,17,0.6,"[1237.3926811740519, 20.391581058502197]"
F192013,10,17,0.7,"[1234.9625532957339, 23.69171905517578]"
F192013,10,17,0.8,"[1234.850575184003, 26.981619834899902]"
F192013,10,17,0.9,"[1234.9436009516694, 30.27759051322937]"
F192013,10,17,1.0,"[1238.075145056765, 33.57784056663513]"
F192013,10,18,0.01,"[3167.6901668419605, 0.3289961814880371]"
F192013,10,18,0.1,"[278.0985470029234, 3.2603509426116943]"
F192013,10,18,0.2,"[135.39013505814978, 6.51894211769104]"
F192013,10,18,0.3,"[97.98897327302666, 9.772266864776611]"
F192013,10,18,0.4,"[92.57054393819487, 13.034186601638794]"
F192013,10,18,0.5,"[91.70030952517664, 16.29479193687439]"
F192013,10,18,0.6,"[93.96619082815391, 19.55419659614563]"
F192013,10,18,0.7,"[92.36848828713516, 22.80833411216736]"
F192013,10,18,0.8,"[89.98799710939898, 26.543658018112183]"
F192013,10,18,0.9,"[91.24846564374252, 30.27610182762146]"
F192013,10,18,1.0,"[89.70962410292577, 33.52975368499756]"
F192013,10,19,0.01,"[174240.2959907679, 0.3291141986846924]"
F192013,10,19,0.1,"[11413.17763801799, 3.4211597442626953]"
F192013,10,19,0.2,"[5686.103117908611, 6.687650680541992]"
F192013,10,19,0.3,"[4127.649992304311, 9.948820352554321]"
F192013,10,19,0.4,"[3420.407789118963, 13.295874834060669]"
F192013,10,19,0.5,"[3191.260014513432, 16.554155349731445]"
F192013,10,19,0.6,"[3124.936600121843, 19.810221910476685]"
F192013,10,19,0.7,"[3121.336067247592, 23.076611518859863]"
F192013,10,19,0.8,"[3121.5359946059707, 26.379143476486206]"
F192013,10,19,0.9,"[3122.769878484894, 29.77470636367798]"
F192013,10,19,1.0,"[3122.5894906717404, 33.02984595298767]"
F192013,10,20,0.01,"[135700.15843697792, 0.32785773277282715]"
F192013,10,20,0.1,"[11083.518344441949, 3.2424395084381104]"
F192013,10,20,0.2,"[5147.688793091216, 6.485891580581665]"
F192013,10,20,0.3,"[3407.1230662264343, 9.73127269744873]"
F192013,10,20,0.4,"[2812.252052809081, 12.970168113708496]"
F192013,10,20,0.5,"[2628.4982813434426, 16.205047607421875]"
F192013,10,20,0.6,"[2602.535497572348, 19.436737775802612]"
F192013,10,20,0.7,"[2602.532340365782, 22.73610281944275]"
F192013,10,20,0.8,"[2602.9961507621247, 26.530815601348877]"
F192013,10,20,0.9,"[2602.5319462885645, 29.85132670402527]"
F192013,10,20,1.0,"[2602.5317714170756, 33.08075714111328]"
F192013,10,21,0.01,"[3442538.1007454246, 0.32959961891174316]"
F192013,10,21,0.1,"[380484.57106758707, 3.2614195346832275]"
F192013,10,21,0.2,"[173559.0337277659, 6.515501260757446]"
F192013,10,21,0.3,"[106096.96182805023, 10.098706722259521]"
F192013,10,21,0.4,"[74985.66331189706, 13.348489999771118]"
F192013,10,21,0.5,"[57516.56667189368, 16.594459772109985]"
F192013,10,21,0.6,"[46495.7758292887, 19.838711261749268]"
F192013,10,21,0.7,"[38913.71906097572, 23.09039282798767]"
F192013,10,21,0.8,"[33465.50092779299, 26.33552646636963]"
F192013,10,21,0.9,"[29298.507075352205, 29.57543635368347]"
F192013,10,21,1.0,"[26070.053293439567, 32.81676650047302]"
F192013,10,22,0.01,"[50032.52675354322, 0.3264303207397461]"
F192013,10,22,0.1,"[3183.1356357025193, 3.2379343509674072]"
F192013,10,22,0.2,"[2993.858068912098, 6.479944467544556]"
F192013,10,22,0.3,"[2942.90026060675, 9.712563514709473]"
F192013,10,22,0.4,"[2924.086166553165, 12.948320627212524]"
F192013,10,22,0.5,"[2924.6451952140083, 16.181162118911743]"
F192013,10,22,0.6,"[2924.144466898295, 19.410339832305908]"
F192013,10,22,0.7,"[2924.13487358459, 22.64757776260376]"
F192013,10,22,0.8,"[2923.904384744554, 25.87613821029663]"
F192013,10,22,0.9,"[2924.6555862808736, 29.099745512008667]"
F192013,10,22,1.0,"[2924.6465202349177, 32.32758402824402]"
F192013,10,23,0.01,"[45773.296543271805, 0.32837414741516113]"
F192013,10,23,0.1,"[3416.316727275592, 3.2533390522003174]"
F192013,10,23,0.2,"[1815.8888618261626, 6.504800081253052]"
F192013,10,23,0.3,"[1433.0924453148737, 9.750661849975586]"
F192013,10,23,0.4,"[1334.1453320729956, 13.001813888549805]"
F192013,10,23,0.5,"[1311.1958667264842, 16.249646186828613]"
F192013,10,23,0.6,"[1308.5321765851602, 19.49512791633606]"
F192013,10,23,0.7,"[1311.681599918029, 22.74690556526184]"
F192013,10,23,0.8,"[1309.6876064589503, 25.990574836730957]"
F192013,10,23,0.9,"[1310.9340101544149, 29.23405957221985]"
F192013,10,23,1.0,"[1310.0825803820176, 32.48306703567505]"
F192013,10,24,0.01,"[892349.5460191993, 0.3290693759918213]"
F192013,10,24,0.1,"[66886.3040160157, 3.2645885944366455]"
F192013,10,24,0.2,"[30719.8939727304, 6.532177448272705]"
F192013,10,24,0.3,"[20543.20527533338, 9.793678045272827]"
F192013,10,24,0.4,"[16001.365471077224, 13.05874228477478]"
F192013,10,24,0.5,"[13232.175901093764, 16.321088552474976]"
F192013,10,24,0.6,"[11463.96915402401, 19.580921411514282]"
F192013,10,24,0.7,"[10258.866509120664, 22.844333171844482]"
F192013,10,24,0.8,"[9330.71193424262, 26.09925627708435]"
F192013,10,24,0.9,"[8547.847003617046, 29.357136964797974]"
F192013,10,24,1.0,"[8022.043706018561, 32.62320613861084]"
F192013,10,25,0.01,"[138725.69148708586, 0.32846689224243164]"
F192013,10,25,0.1,"[8022.817337254821, 3.261871814727783]"
F192013,10,25,0.2,"[4907.137720107043, 6.52492356300354]"
F192013,10,25,0.3,"[4405.887911489679, 9.772655010223389]"
F192013,10,25,0.4,"[4373.348294562853, 13.025141716003418]"
F192013,10,25,0.5,"[4366.7212163580525, 16.27698254585266]"
F192013,10,25,0.6,"[4360.258123519399, 19.525357961654663]"
F192013,10,25,0.7,"[4360.106716210027, 22.780381679534912]"
F192013,10,25,0.8,"[4359.989170583273, 26.028745889663696]"
F192013,10,25,0.9,"[4353.645240508331, 29.278754234313965]"
F192013,10,25,1.0,"[4353.512412769624, 32.531635761260986]"
F192013,10,26,0.01,"[597.7517334133349, 0.35817646980285645]"
F192013,10,26,0.1,"[66.07006331611626, 3.3259220123291016]"
F192013,10,26,0.2,"[53.199035943700096, 6.630285263061523]"
F192013,10,26,0.3,"[48.97097800935501, 9.923734426498413]"
F192013,10,26,0.4,"[49.69392895362364, 13.221669435501099]"
F192013,10,26,0.5,"[49.975935545421635, 16.51813578605652]"
F192013,10,26,0.6,"[50.004719905029674, 19.811243534088135]"
F192013,10,26,0.7,"[47.79487466253909, 23.10675883293152]"
F192013,10,26,0.8,"[49.53980852522602, 26.395325660705566]"
F192013,10,26,0.9,"[50.280408894209245, 29.688350200653076]"
F192013,10,26,1.0,"[50.917111291898095, 32.988196849823]"
F192013,10,27,0.01,"[192842.15394078937, 0.3322007656097412]"
F192013,10,27,0.1,"[12317.359399977813, 3.2976157665252686]"
F192013,10,27,0.2,"[6657.251136128035, 6.59120774269104]"
F192013,10,27,0.3,"[5121.718055648338, 9.889862775802612]"
F192013,10,27,0.4,"[4535.617339536309, 13.18581509590149]"
F192013,10,27,0.5,"[4284.048880535618, 16.48231816291809]"
F192013,10,27,0.6,"[4121.614694160562, 19.775774002075195]"
F192013,10,27,0.7,"[4003.2932520294944, 23.06992244720459]"
F192013,10,27,0.8,"[3928.974892325292, 26.358482122421265]"
F192013,10,27,0.9,"[3876.5301364319803, 29.650097370147705]"
F192013,10,27,1.0,"[3838.091642792886, 32.94636344909668]"
F192013,10,28,0.01,"[175433.11084694503, 0.45224952697753906]"
F192013,10,28,0.1,"[12455.973956599226, 3.373444080352783]"
F192013,10,28,0.2,"[6615.944210201805, 6.623730182647705]"
F192013,10,28,0.3,"[5554.615228570493, 10.442951440811157]"
F192013,10,28,0.4,"[5238.043055317726, 13.69188380241394]"
F192013,10,28,0.5,"[5192.765492507664, 16.93769407272339]"
F192013,10,28,0.6,"[5124.966141165437, 20.182208776474]"
F192013,10,28,0.7,"[5106.254979776766, 23.4289813041687]"
F192013,10,28,0.8,"[5105.397294883702, 26.67042827606201]"
F192013,10,28,0.9,"[5098.8642350106475, 29.912195682525635]"
F192013,10,28,1.0,"[5086.016154340868, 33.15758490562439]"
F192013,10,29,0.01,"[78986.75894189808, 0.32980990409851074]"
F192013,10,29,0.1,"[6249.198507222842, 3.2809536457061768]"
F192013,10,29,0.2,"[2968.2464849214043, 6.560030937194824]"
F192013,10,29,0.3,"[2151.065218594548, 9.832565069198608]"
F192013,10,29,0.4,"[1908.9231719398495, 13.10904574394226]"
F192013,10,29,0.5,"[1851.73275758391, 16.385133981704712]"
F192013,10,29,0.6,"[1844.5897025219701, 19.659796476364136]"
F192013,10,29,0.7,"[1845.5053450044343, 22.942715406417847]"
F192013,10,29,0.8,"[1838.6419740338865, 26.215627193450928]"
F192013,10,29,0.9,"[1839.7131808131326, 29.490694284439087]"
F192013,10,29,1.0,"[1840.9334520794264, 32.77105903625488]"
F192013,10,30,0.01,"[705167.0888538684, 0.3397254943847656]"
F192013,10,30,0.1,"[49635.367392885724, 3.2779345512390137]"
F192013,10,30,0.2,"[22322.401540902792, 6.554232120513916]"
F192013,10,30,0.3,"[15590.45237575259, 10.271762132644653]"
F192013,10,30,0.4,"[12538.731308110027, 13.544236660003662]"
F192013,10,30,0.5,"[10828.996598587048, 16.840982913970947]"
F192013,10,30,0.6,"[9772.296653042684, 20.107372760772705]"
F192013,10,30,0.7,"[9062.23324572018, 23.37743830680847]"
F192013,10,30,0.8,"[8542.88876494584, 26.640567779541016]"
F192013,10,30,0.9,"[8131.86346879803, 29.940112113952637]"
F192013,10,30,1.0,"[7813.948772975746, 33.224467039108276]"
F192013,10,31,0.01,"[16021.979898483129, 0.3913586139678955]"
F192013,10,31,0.1,"[1377.0348063406595, 3.316535234451294]"
F192013,10,31,0.2,"[953.6884165122681, 6.571147441864014]"
F192013,10,31,0.3,"[915.4154298975816, 9.820319175720215]"
F192013,10,31,0.4,"[905.5572457792234, 13.069291591644287]"
F192013,10,31,0.5,"[905.1998177562066, 16.31372618675232]"
F192013,10,31,0.6,"[904.1307169998877, 19.554259777069092]"
F192013,10,31,0.7,"[902.7456281273294, 22.803773403167725]"
F192013,10,31,0.8,"[904.3072516110892, 26.041797637939453]"
F192013,10,31,0.9,"[904.8964266937805, 29.275914430618286]"
F192013,10,31,1.0,"[903.6365671025433, 32.51826882362366]"
F192013,10,32,0.01,"[1551861.9456992683, 0.4268195629119873]"
F192013,10,32,0.1,"[90666.46622560121, 3.376739025115967]"
F192013,10,32,0.2,"[41462.35777273202, 6.6553566455841064]"
F192013,10,32,0.3,"[27736.804206416575, 10.294919729232788]"
F192013,10,32,0.4,"[21437.015481783455, 13.573365688323975]"
F192013,10,32,0.5,"[17773.57993841804, 16.845349073410034]"
F192013,10,32,0.6,"[15410.419293751402, 20.116685152053833]"
F192013,10,32,0.7,"[13717.732771830239, 23.39208674430847]"
F192013,10,32,0.8,"[12467.280235132808, 26.6617591381073]"
F192013,10,32,0.9,"[11450.60808536839, 29.931349754333496]"
F192013,10,32,1.0,"[10666.535295931079, 33.2055344581604]"
F192013,10,33,0.01,"[125915.56347672043, 0.3288543224334717]"
F192013,10,33,0.1,"[15004.124592660632, 3.2610089778900146]"
F192013,10,33,0.2,"[7617.115094284824, 6.523097515106201]"
F192013,10,33,0.3,"[5397.905052978468, 9.776288032531738]"
F192013,10,33,0.4,"[4655.981242234676, 13.035993814468384]"
F192013,10,33,0.5,"[4365.875550566812, 16.291673183441162]"
F192013,10,33,0.6,"[4190.728850835386, 19.547842741012573]"
F192013,10,33,0.7,"[4133.051694354827, 22.806123971939087]"
F192013,10,33,0.8,"[4114.125794109213, 26.0557758808136]"
F192013,10,33,0.9,"[4114.16435129168, 29.305511951446533]"
F192013,10,33,1.0,"[4107.9233441026245, 32.56349182128906]"
F192013,10,34,0.01,"[906584.143810169, 0.38660454750061035]"
F192013,10,34,0.1,"[71700.82327478493, 3.3287346363067627]"
F192013,10,34,0.2,"[32083.998975248356, 6.590012788772583]"
F192013,10,34,0.3,"[20911.224823019566, 9.850149393081665]"
F192013,10,34,0.4,"[15927.832809059364, 13.11080026626587]"
F192013,10,34,0.5,"[13175.10468828706, 16.365553379058838]"
F192013,10,34,0.6,"[11413.065683046689, 19.620701551437378]"
F192013,10,34,0.7,"[10199.660468509872, 22.879268169403076]"
F192013,10,34,0.8,"[9392.671079517699, 26.131348609924316]"
F192013,10,34,0.9,"[8766.387373063315, 29.379367351531982]"
F192013,10,34,1.0,"[8277.257490144058, 32.63094425201416]"
F192013,10,35,0.01,"[108926.6426344919, 0.3548092842102051]"
F192013,10,35,0.1,"[9698.00105006695, 3.2781167030334473]"
F192013,10,35,0.2,"[5252.505770142347, 6.526116609573364]"
F192013,10,35,0.3,"[4150.538288519401, 9.768735647201538]"
F192013,10,35,0.4,"[3806.283283260421, 13.011198043823242]"
F192013,10,35,0.5,"[3624.6816674819484, 16.249658346176147]"
F192013,10,35,0.6,"[3522.832919540666, 19.490599393844604]"
F192013,10,35,0.7,"[3498.062511386308, 22.735061407089233]"
F192013,10,35,0.8,"[3497.8331814008943, 25.971495628356934]"
F192013,10,35,0.9,"[3501.1516713622614, 29.20675039291382]"
F192013,10,35,1.0,"[3497.225201465906, 32.44613766670227]"
F192013,10,36,0.01,"[17937.643252458245, 0.32692670822143555]"
F192013,10,36,0.1,"[1080.680555546081, 3.2415053844451904]"
F192013,10,36,0.2,"[711.0716019204062, 6.482445240020752]"
F192013,10,36,0.3,"[687.8712365140414, 9.717504978179932]"
F192013,10,36,0.4,"[677.6289194156461, 12.958002090454102]"
F192013,10,36,0.5,"[675.1964931827802, 16.194538354873657]"
F192013,10,36,0.6,"[671.6433986157022, 19.430187702178955]"
F192013,10,36,0.7,"[670.9310614874312, 22.670992374420166]"
F192013,10,36,0.8,"[672.1238556746916, 25.902658700942993]"
F192013,10,36,0.9,"[671.1126175526838, 29.137332439422607]"
F192013,10,36,1.0,"[670.3013153397535, 32.37369513511658]"
F192013,10,37,0.01,"[205197.93358678021, 0.336087703704834]"
F192013,10,37,0.1,"[13058.148332812594, 3.2908239364624023]"
F192013,10,37,0.2,"[7431.034396360487, 6.5707666873931885]"
F192013,10,37,0.3,"[6153.050487109852, 9.892028570175171]"
F192013,10,37,0.4,"[5625.715247596176, 13.177963972091675]"
F192013,10,37,0.5,"[5400.934221426367, 16.452110290527344]"
F192013,10,37,0.6,"[5253.452764153392, 19.72606658935547]"
F192013,10,37,0.7,"[5210.985548455175, 23.004432916641235]"
F192013,10,37,0.8,"[5204.979244300468, 26.283390522003174]"
F192013,10,37,0.9,"[5205.165564222108, 29.559188842773438]"
F192013,10,37,1.0,"[5204.93168890935, 32.83121848106384]"
F192013,10,38,0.01,"[206230.65720006963, 0.4121816158294678]"
F192013,10,38,0.1,"[18460.09223983001, 4.085911750793457]"
F192013,10,38,0.2,"[8059.526349820302, 8.16315746307373]"
F192013,10,38,0.3,"[4999.568500589021, 12.240581512451172]"
F192013,10,38,0.4,"[3685.408144949837, 16.325353860855103]"
F192013,10,38,0.5,"[3065.5096525115073, 20.40288543701172]"
F192013,10,38,0.6,"[2718.266150911475, 24.47593092918396]"
F192013,10,38,0.7,"[2530.72969512078, 28.556795835494995]"
F192013,10,38,0.8,"[2450.327655281874, 32.63511776924133]"
F192013,10,38,0.9,"[2419.251076518496, 36.1046028137207]"
F192013,10,38,1.0,"[2415.611595929209, 39.3678936958313]"
F192013,10,39,0.01,"[366274.5169855344, 0.4126608371734619]"
F192013,10,39,0.1,"[24499.17532904848, 3.3537895679473877]"
F192013,10,39,0.2,"[12307.413033322524, 6.61987829208374]"
F192013,10,39,0.3,"[8997.275277401563, 9.880727291107178]"
F192013,10,39,0.4,"[7475.513804215016, 13.146864414215088]"
F192013,10,39,0.5,"[6630.651372156067, 16.40668034553528]"
F192013,10,39,0.6,"[6140.863239447583, 19.66486358642578]"
F192013,10,39,0.7,"[5776.4954599935645, 22.929672479629517]"
F192013,10,39,0.8,"[5563.97759166663, 26.184478521347046]"
F192013,10,39,0.9,"[5411.583091424891, 29.441161394119263]"
F192013,10,39,1.0,"[5299.243186270473, 32.69975304603577]"
F192013,10,40,0.01,"[872373.4495317496, 0.32735300064086914]"
F192013,10,40,0.1,"[72064.58461609519, 3.2443478107452393]"
F192013,10,40,0.2,"[32932.59870724676, 6.491814136505127]"
F192013,10,40,0.3,"[21858.59866619856, 9.728620529174805]"
F192013,10,40,0.4,"[16756.8692638842, 12.967291355133057]"
F192013,10,40,0.5,"[13816.521432381916, 16.208627939224243]"
F192013,10,40,0.6,"[11930.083928616315, 19.448073387145996]"
F192013,10,40,0.7,"[10657.244064550592, 22.6912739276886]"
F192013,10,40,0.8,"[9741.389030205912, 25.92395782470703]"
F192013,10,40,0.9,"[9071.795832570111, 29.15550947189331]"
F192013,10,40,1.0,"[8595.412951131251, 32.391332149505615]"
F192013,10,41,0.01,"[270102.7100701955, 0.3274223804473877]"
F192013,10,41,0.1,"[17673.231173279146, 3.2360849380493164]"
F192013,10,41,0.2,"[9393.557002435027, 6.465222120285034]"
F192013,10,41,0.3,"[7233.480211595919, 9.69332480430603]"
F192013,10,41,0.4,"[6257.824029698544, 12.930379390716553]"
F192013,10,41,0.5,"[5807.230825276364, 16.16437864303589]"
F192013,10,41,0.6,"[5637.295454407817, 19.396966218948364]"
F192013,10,41,0.7,"[5576.263242245606, 22.6327543258667]"
F192013,10,41,0.8,"[5576.120735310411, 25.864646196365356]"
F192013,10,41,0.9,"[5569.794570879069, 29.096778869628906]"
F192013,10,41,1.0,"[5569.777701316525, 32.33344745635986]"
F192013,10,42,0.01,"[169991.83119287956, 0.32569026947021484]"
F192013,10,42,0.1,"[11408.536112940685, 3.258711338043213]"
F192013,10,42,0.2,"[5934.581217861031, 6.5231640338897705]"
F192013,10,42,0.3,"[5050.725735766751, 9.779428958892822]"
F192013,10,42,0.4,"[4764.065024920255, 13.041174411773682]"
F192013,10,42,0.5,"[4603.05748471924, 16.29568910598755]"
F192013,10,42,0.6,"[4537.0961425960695, 19.548628330230713]"
F192013,10,42,0.7,"[4511.687813728438, 22.809258222579956]"
F192013,10,42,0.8,"[4498.918053353244, 26.058616161346436]"
F192013,10,42,0.9,"[4492.55696410063, 29.31442952156067]"
F192013,10,42,1.0,"[4492.400432137637, 32.572530031204224]"
F192013,10,43,0.01,"[7486916.230172618, 0.4074826240539551]"
F192013,10,43,0.1,"[610008.2004459016, 3.311495780944824]"
F192013,10,43,0.2,"[283578.63279903255, 6.5364696979522705]"
F192013,10,43,0.3,"[176441.5250866626, 9.761655807495117]"
F192013,10,43,0.4,"[124848.2183493492, 13.084352493286133]"
F192013,10,43,0.5,"[95253.0584001277, 16.308101892471313]"
F192013,10,43,0.6,"[76234.31071222546, 19.530767679214478]"
F192013,10,43,0.7,"[63076.33609729781, 22.75737714767456]"
F192013,10,43,0.8,"[53516.88906810851, 25.978477716445923]"
F192013,10,43,0.9,"[46278.72456639883, 29.192258596420288]"
F192013,10,43,1.0,"[40637.45207854265, 32.41729283332825]"
F192013,10,44,0.01,"[353891.48932779854, 0.3261125087738037]"
F192013,10,44,0.1,"[21897.075275647276, 3.2157347202301025]"
F192013,10,44,0.2,"[10168.244563311582, 6.4187891483306885]"
F192013,10,44,0.3,"[7416.012794991049, 9.622581958770752]"
F192013,10,44,0.4,"[6323.026642173159, 12.832406997680664]"
F192013,10,44,0.5,"[5835.075537052528, 16.041945219039917]"
F192013,10,44,0.6,"[5531.438779755844, 19.24617838859558]"
F192013,10,44,0.7,"[5354.243379019352, 22.454335689544678]"
F192013,10,44,0.8,"[5252.426270308837, 25.65544033050537]"
F192013,10,44,0.9,"[5204.993360286024, 28.85464882850647]"
F192013,10,44,1.0,"[5180.859257178395, 32.051262855529785]"
F192013,10,45,0.01,"[258158.61190311686, 0.3794369697570801]"
F192013,10,45,0.1,"[17372.916786692476, 3.2736759185791016]"
F192013,10,45,0.2,"[8535.506590283627, 6.489111423492432]"
F192013,10,45,0.3,"[6518.982495089089, 9.757141828536987]"
F192013,10,45,0.4,"[5789.829589913485, 12.981324672698975]"
F192013,10,45,0.5,"[5438.017767662394, 16.200363397598267]"
F192013,10,45,0.6,"[5155.419908241058, 19.42072081565857]"
F192013,10,45,0.7,"[4971.117159705268, 22.64481472969055]"
F192013,10,45,0.8,"[4849.783228173659, 25.86040210723877]"
F192013,10,45,0.9,"[4753.160014823652, 29.074021100997925]"
F192013,10,45,1.0,"[4688.899448786676, 32.297069787979126]"
F192013,10,46,0.01,"[780098.3815410758, 0.33721423149108887]"
F192013,10,46,0.1,"[57196.24050931883, 3.230990171432495]"
F192013,10,46,0.2,"[25340.32061146954, 6.448115348815918]"
F192013,10,46,0.3,"[16339.860946124467, 9.652075052261353]"
F192013,10,46,0.4,"[12316.62551387039, 12.8579740524292]"
F192013,10,46,0.5,"[10016.719364176384, 16.05964183807373]"
F192013,10,46,0.6,"[8560.047169329398, 19.263066291809082]"
F192013,10,46,0.7,"[7546.225972892623, 22.470885753631592]"
F192013,10,46,0.8,"[6837.742626216325, 25.671919107437134]"
F192013,10,46,0.9,"[6303.260083059196, 28.875616550445557]"
F192013,10,46,1.0,"[5938.83067851807, 32.08342671394348]"
F192013,10,47,0.01,"[56.28392275888302, 0.32300877571105957]"
F192013,10,47,0.1,"[13.572415669672296, 3.200695753097534]"
F192013,10,47,0.2,"[9.801346173191178, 6.39655065536499]"
F192013,10,47,0.3,"[10.419555623458791, 9.593492984771729]"
F192013,10,47,0.4,"[9.43793975609998, 12.791635751724243]"
F192013,10,47,0.5,"[11.298315589447952, 15.989196538925171]"
F192013,10,47,0.6,"[10.287037858615747, 19.185836791992188]"
F192013,10,47,0.7,"[9.490350874285639, 22.38779330253601]"
F192013,10,47,0.8,"[8.701075635913412, 25.58061718940735]"
F192013,10,47,0.9,"[8.550400829484317, 28.774606227874756]"
F192013,10,47,1.0,"[8.246622254619524, 31.969678163528442]"
F192013,10,48,0.01,"[112128.2462503689, 0.3253188133239746]"
F192013,10,48,0.1,"[7795.671853910873, 3.2255537509918213]"
F192013,10,48,0.2,"[4338.5254328925885, 6.445251703262329]"
F192013,10,48,0.3,"[3752.6212004576264, 9.662474393844604]"
F192013,10,48,0.4,"[3641.6459935127423, 12.883926630020142]"
F192013,10,48,0.5,"[3641.256991729487, 16.108800888061523]"
F192013,10,48,0.6,"[3644.642528163862, 19.32489585876465]"
F192013,10,48,0.7,"[3643.7251520740947, 22.55574345588684]"
F192013,10,48,0.8,"[3643.215851589597, 25.779667139053345]"
F192013,10,48,0.9,"[3641.571631254743, 29.004298448562622]"
F192013,10,48,1.0,"[3642.435014968838, 32.23220348358154]"
F192013,10,49,0.01,"[25253.57596133165, 0.32645177841186523]"
F192013,10,49,0.1,"[1927.8348437415534, 3.2315874099731445]"
F192013,10,49,0.2,"[1210.0076674410984, 6.459347724914551]"
F192013,10,49,0.3,"[1127.5812744182688, 9.68584156036377]"
F192013,10,49,0.4,"[1127.330166586592, 12.911804914474487]"
F192013,10,49,0.5,"[1128.7417044042113, 16.136810064315796]"
F192013,10,49,0.6,"[1128.30755598441, 19.36323571205139]"
F192013,10,49,0.7,"[1126.333570433966, 22.586193084716797]"
F192013,10,49,0.8,"[1126.108183557094, 25.799930334091187]"
F192013,10,49,0.9,"[1127.647685218169, 29.018847465515137]"
F192013,10,49,1.0,"[1125.996610404834, 32.24012541770935]"
F192013,10,50,0.01,"[35425.98011642439, 0.32576823234558105]"
F192013,10,50,0.1,"[3536.179167407918, 3.2386562824249268]"
F192013,10,50,0.2,"[1898.146944167729, 6.476928472518921]"
F192013,10,50,0.3,"[1411.7091354720628, 9.711536407470703]"
F192013,10,50,0.4,"[1261.1329201676156, 12.949177503585815]"
F192013,10,50,0.5,"[1250.6542106060788, 16.188417434692383]"
F192013,10,50,0.6,"[1190.3378846571732, 19.4307119846344]"
F192013,10,50,0.7,"[1190.4337977568746, 22.674904108047485]"
F192013,10,50,0.8,"[1189.4649932683371, 25.91228151321411]"
F192013,10,50,0.9,"[1190.1581349847393, 29.144303798675537]"
F192013,10,50,1.0,"[1190.5155761949268, 32.38954257965088]"
F192013,30,0,0.01,"[2382486.091481, 2.7318615913391113]"
F192013,30,0,0.1,"[193598.54039840188, 27.201889514923096]"
F192013,30,0,0.2,"[91090.87377057063, 54.359358072280884]"
F192013,30,0,0.3,"[60335.83623779765, 81.58984160423279]"
F192013,30,0,0.4,"[45842.51907224363, 108.63831090927124]"
F192013,30,0,0.5,"[37648.06375602352, 135.75444293022156]"
F192013,30,0,0.6,"[32309.815477959783, 162.8744602203369]"
F192013,30,0,0.7,"[28738.651354814632, 189.843736410141]"
F192013,30,0,0.8,"[26136.243470421112, 216.76202487945557]"
F192013,30,0,0.9,"[24236.480745241723, 243.86984491348267]"
F192013,30,0,1.0,"[22762.301815382863, 270.82791090011597]"
F192013,30,1,0.01,"[196468.63335071542, 2.8196921348571777]"
F192013,30,1,0.1,"[12730.114779519383, 27.435667514801025]"
F192013,30,1,0.2,"[7277.984184521561, 54.687541484832764]"
F192013,30,1,0.3,"[6203.7438651239545, 81.93610858917236]"
F192013,30,1,0.4,"[5990.106304458039, 109.12195920944214]"
F192013,30,1,0.5,"[5893.335423293494, 136.23363065719604]"
F192013,30,1,0.6,"[5840.538850676228, 163.31139731407166]"
F192013,30,1,0.7,"[5813.48509750772, 190.32768416404724]"
F192013,30,1,0.8,"[5803.257910714075, 217.33872818946838]"
F192013,30,1,0.9,"[5798.4039053276865, 244.39058685302734]"
F192013,30,1,1.0,"[5793.1132701745055, 271.3836851119995]"
F192013,30,2,0.01,"[553734.9218933838, 2.7469332218170166]"
F192013,30,2,0.1,"[41184.93195009481, 27.09778094291687]"
F192013,30,2,0.2,"[19534.904935554365, 54.129340410232544]"
F192013,30,2,0.3,"[13869.923634254224, 81.15233850479126]"
F192013,30,2,0.4,"[11997.416127505327, 109.12495350837708]"
F192013,30,2,0.5,"[11229.437044998034, 136.04826402664185]"
F192013,30,2,0.6,"[10850.500685165738, 163.0140585899353]"
F192013,30,2,0.7,"[10687.642665425446, 189.95931816101074]"
F192013,30,2,0.8,"[10608.792278144483, 216.89997172355652]"
F192013,30,2,0.9,"[10579.693853282199, 243.82409858703613]"
F192013,30,2,1.0,"[10568.989156833593, 270.7083089351654]"
F192013,30,3,0.01,"[1497533.9269480025, 2.7696890830993652]"
F192013,30,3,0.1,"[97584.34001933796, 27.425081491470337]"
F192013,30,3,0.2,"[43125.97624380049, 54.70840048789978]"
F192013,30,3,0.3,"[29198.17476417546, 82.10145044326782]"
F192013,30,3,0.4,"[23444.31065573435, 111.1003487110138]"
F192013,30,3,0.5,"[20431.40240714206, 138.2504358291626]"
F192013,30,3,0.6,"[18666.56865265502, 165.4158821105957]"
F192013,30,3,0.7,"[17510.630226526853, 192.51611876487732]"
F192013,30,3,0.8,"[16754.98250972929, 219.55717706680298]"
F192013,30,3,0.9,"[16222.43109318189, 246.65842485427856]"
F192013,30,3,1.0,"[15860.506701202316, 273.7308804988861]"
F192013,30,4,0.01,"[5179535.6819458, 2.8362412452697754]"
F192013,30,4,0.1,"[463729.9763301638, 27.54872965812683]"
F192013,30,4,0.2,"[211659.5410203264, 54.9621856212616]"
F192013,30,4,0.3,"[135812.0161556873, 82.4738278388977]"
F192013,30,4,0.4,"[100274.951250856, 110.44295454025269]"
F192013,30,4,0.5,"[79601.7795077175, 138.5220386981964]"
F192013,30,4,0.6,"[66182.92502499302, 165.78729701042175]"
F192013,30,4,0.7,"[56775.78671243962, 193.0162010192871]"
F192013,30,4,0.8,"[49976.84397242754, 220.1659233570099]"
F192013,30,4,0.9,"[44698.51239840676, 247.38933944702148]"
F192013,30,4,1.0,"[40653.74736474851, 274.57612133026123]"
F192013,30,5,0.01,"[471527.9949887793, 2.795376777648926]"
F192013,30,5,0.1,"[40969.69405214368, 27.350111961364746]"
F192013,30,5,0.2,"[20859.605567862844, 54.64649963378906]"
F192013,30,5,0.3,"[15079.971569953474, 82.05075430870056]"
F192013,30,5,0.4,"[12915.160900675492, 109.54622864723206]"
F192013,30,5,0.5,"[11969.169666964453, 136.7130925655365]"
F192013,30,5,0.6,"[11575.656909947607, 163.85512900352478]"
F192013,30,5,0.7,"[11344.307556084103, 190.94874143600464]"
F192013,30,5,0.8,"[11249.998361262855, 217.98760557174683]"
F192013,30,5,0.9,"[11197.541641748467, 245.07699728012085]"
F192013,30,5,1.0,"[11166.888078642894, 272.1725215911865]"
F192013,30,6,0.01,"[2901471.2602591054, 2.819511651992798]"
F192013,30,6,0.1,"[197393.73666994233, 27.369715929031372]"
F192013,30,6,0.2,"[92048.64822901967, 54.641027212142944]"
F192013,30,6,0.3,"[61658.22029855762, 81.97801899909973]"
F192013,30,6,0.4,"[47407.63128932793, 109.55533790588379]"
F192013,30,6,0.5,"[39208.6755746983, 136.7191231250763]"
F192013,30,6,0.6,"[33908.51164799837, 163.8386902809143]"
F192013,30,6,0.7,"[30153.084309611557, 190.8925278186798]"
F192013,30,6,0.8,"[27462.403704310822, 217.91701340675354]"
F192013,30,6,0.9,"[25471.393812848688, 244.98408198356628]"
F192013,30,6,1.0,"[23948.35682718263, 272.03208780288696]"
F192013,30,7,0.01,"[1368693.588223432, 2.7929790019989014]"
F192013,30,7,0.1,"[126322.8055981837, 27.43532967567444]"
F192013,30,7,0.2,"[62281.23258365068, 54.80203938484192]"
F192013,30,7,0.3,"[43568.402589678226, 82.27176451683044]"
F192013,30,7,0.4,"[34940.25056813437, 109.70301818847656]"
F192013,30,7,0.5,"[29853.737896939576, 136.98765444755554]"
F192013,30,7,0.6,"[26696.369147710255, 164.26093912124634]"
F192013,30,7,0.7,"[24369.25416915314, 191.41402196884155]"
F192013,30,7,0.8,"[22838.523836957156, 218.47398447990417]"
F192013,30,7,0.9,"[21581.158595888683, 245.6069884300232]"
F192013,30,7,1.0,"[20630.230774506475, 272.73556566238403]"
F192013,30,8,0.01,"[991628.4231753983, 2.812739133834839]"
F192013,30,8,0.1,"[80754.70987441253, 27.386223793029785]"
F192013,30,8,0.2,"[43023.40957977455, 54.70676517486572]"
F192013,30,8,0.3,"[31931.208493084658, 82.11898183822632]"
F192013,30,8,0.4,"[26658.54281492892, 110.39731502532959]"
F192013,30,8,0.5,"[23595.48323949109, 137.62968373298645]"
F192013,30,8,0.6,"[21635.091197652673, 164.8105447292328]"
F192013,30,8,0.7,"[20275.232327040114, 192.07707524299622]"
F192013,30,8,0.8,"[19359.475971071748, 219.09917831420898]"
F192013,30,8,0.9,"[18775.332538571918, 246.17467093467712]"
F192013,30,8,1.0,"[18138.56876392865, 273.23848009109497]"
F192013,30,9,0.01,"[1006973.2235948034, 2.8091812133789062]"
F192013,30,9,0.1,"[79679.53579932218, 27.335712909698486]"
F192013,30,9,0.2,"[40796.15913712404, 54.593194246292114]"
F192013,30,9,0.3,"[29799.72493501086, 81.9563376903534]"
F192013,30,9,0.4,"[24844.570560602268, 109.26463770866394]"
F192013,30,9,0.5,"[22034.1770343417, 136.63580989837646]"
F192013,30,9,0.6,"[20300.997581209933, 163.92911028862]"
F192013,30,9,0.7,"[19162.989439906025, 191.18215155601501]"
F192013,30,9,0.8,"[18369.04279303878, 218.345285654068]"
F192013,30,9,0.9,"[17791.436952536533, 245.50544261932373]"
F192013,30,9,1.0,"[17357.954070354765, 272.6430127620697]"
F192013,30,10,0.01,"[39600.02578502194, 2.8199145793914795]"
F192013,30,10,0.1,"[3187.916250155007, 27.28081440925598]"
F192013,30,10,0.2,"[2205.4203559243224, 54.49364113807678]"
F192013,30,10,0.3,"[2075.3656866816314, 81.75352907180786]"
F192013,30,10,0.4,"[2047.2561200516766, 108.8185601234436]"
F192013,30,10,0.5,"[2026.9795306343185, 135.88742518424988]"
F192013,30,10,0.6,"[2022.1410365399006, 162.94934105873108]"
F192013,30,10,0.7,"[2023.479501661508, 189.9516158103943]"
F192013,30,10,0.8,"[2020.2796460974896, 216.93760776519775]"
F192013,30,10,0.9,"[2012.1166332192033, 243.93948125839233]"
F192013,30,10,1.0,"[2015.8331884476338, 270.8997731208801]"
F192013,30,11,0.01,"[834026.3742487368, 2.7449276447296143]"
F192013,30,11,0.1,"[58323.173671262455, 27.337423086166382]"
F192013,30,11,0.2,"[27186.915885951756, 54.65848898887634]"
F192013,30,11,0.3,"[18391.747964048198, 82.01455497741699]"
F192013,30,11,0.4,"[15180.992143471422, 109.19742631912231]"
F192013,30,11,0.5,"[13837.970720524718, 136.35781836509705]"
F192013,30,11,0.6,"[13172.851156237799, 163.49717211723328]"
F192013,30,11,0.7,"[12935.819140517193, 190.58697128295898]"
F192013,30,11,0.8,"[12817.918918449179, 217.62186551094055]"
F192013,30,11,0.9,"[12758.311235552483, 244.72653222084045]"
F192013,30,11,1.0,"[12733.936182817282, 271.76944756507874]"
F192013,30,12,0.01,"[887218.2526103901, 2.759411096572876]"
F192013,30,12,0.1,"[52767.71500225962, 27.25762176513672]"
F192013,30,12,0.2,"[26398.5578497516, 54.494914293289185]"
F192013,30,12,0.3,"[19999.362056587906, 81.67156791687012]"
F192013,30,12,0.4,"[17341.362315902275, 109.57118773460388]"
F192013,30,12,0.5,"[16103.487880485882, 136.67488861083984]"
F192013,30,12,0.6,"[15442.227327437931, 163.80567622184753]"
F192013,30,12,0.7,"[14895.77003661398, 190.86974787712097]"
F192013,30,12,0.8,"[14573.588643902258, 217.96605777740479]"
F192013,30,12,0.9,"[14322.410182904148, 245.08498001098633]"
F192013,30,12,1.0,"[14154.44117830562, 272.11997961997986]"
F192013,30,13,0.01,"[3709940.171789756, 2.710470199584961]"
F192013,30,13,0.1,"[207925.31521105493, 27.005287885665894]"
F192013,30,13,0.2,"[93873.1244921725, 54.01078200340271]"
F192013,30,13,0.3,"[63028.36210513587, 81.01281476020813]"
F192013,30,13,0.4,"[48878.861199445964, 107.91743326187134]"
F192013,30,13,0.5,"[40813.96966819575, 134.89013528823853]"
F192013,30,13,0.6,"[35577.25280904208, 162.22742891311646]"
F192013,30,13,0.7,"[31838.930077341312, 189.148592710495]"
F192013,30,13,0.8,"[29063.757123389707, 216.06821465492249]"
F192013,30,13,0.9,"[26885.05115810534, 243.01938033103943]"
F192013,30,13,1.0,"[25207.01232004871, 269.988587141037]"
F192013,30,14,0.01,"[17324624.920571234, 2.7374603748321533]"
F192013,30,14,0.1,"[1198198.7629780853, 27.239914655685425]"
F192013,30,14,0.2,"[540909.0949708488, 54.454103231430054]"
F192013,30,14,0.3,"[340018.9816851486, 81.69528007507324]"
F192013,30,14,0.4,"[245936.11034191435, 108.88275289535522]"
F192013,30,14,0.5,"[192090.15378249635, 136.0174262523651]"
F192013,30,14,0.6,"[157584.3378909195, 163.12934756278992]"
F192013,30,14,0.7,"[133670.34203639656, 190.2251124382019]"
F192013,30,14,0.8,"[116215.81539359082, 217.32458448410034]"
F192013,30,14,0.9,"[102980.19047775365, 244.41991662979126]"
F192013,30,14,1.0,"[92684.08556221124, 271.4651439189911]"
F192013,30,15,0.01,"[2011075.8290086496, 2.736935615539551]"
F192013,30,15,0.1,"[141827.58646966168, 27.293285846710205]"
F192013,30,15,0.2,"[68257.69133488135, 54.61828064918518]"
F192013,30,15,0.3,"[47222.25329795754, 81.91457891464233]"
F192013,30,15,0.4,"[37551.26798225562, 113.56141448020935]"
F192013,30,15,0.5,"[31897.988837905326, 146.52547240257263]"
F192013,30,15,0.6,"[28091.22497602739, 179.46533966064453]"
F192013,30,15,0.7,"[25519.594747740102, 212.2968282699585]"
F192013,30,15,0.8,"[23708.045714906344, 245.1584188938141]"
F192013,30,15,0.9,"[22197.737842798608, 277.2187111377716]"
F192013,30,15,1.0,"[21173.59600938433, 304.2143702507019]"
F192013,30,16,0.01,"[1430036.822133552, 2.7228035926818848]"
F192013,30,16,0.1,"[111618.86829249025, 27.073176622390747]"
F192013,30,16,0.2,"[50914.16765072634, 54.151700258255005]"
F192013,30,16,0.3,"[34337.93946260916, 81.23918056488037]"
F192013,30,16,0.4,"[27138.28871305645, 108.26282286643982]"
F192013,30,16,0.5,"[23357.00675697856, 135.27810502052307]"
F192013,30,16,0.6,"[21019.79337231921, 162.29354333877563]"
F192013,30,16,0.7,"[19465.598323541184, 189.2552411556244]"
F192013,30,16,0.8,"[18329.38842710288, 216.22096371650696]"
F192013,30,16,0.9,"[17629.784375847736, 243.20110630989075]"
F192013,30,16,1.0,"[17094.598686202207, 270.14026260375977]"
F192013,30,17,0.01,"[2795486.848976117, 2.7406888008117676]"
F192013,30,17,0.1,"[251179.24476032372, 27.07363533973694]"
F192013,30,17,0.2,"[121553.15849907223, 54.14314031600952]"
F192013,30,17,0.3,"[81160.66024790173, 81.2270998954773]"
F192013,30,17,0.4,"[61785.633913593185, 108.2545804977417]"
F192013,30,17,0.5,"[50258.35258955887, 135.2815010547638]"
F192013,30,17,0.6,"[42678.83666305217, 162.28756499290466]"
F192013,30,17,0.7,"[37289.013663709906, 189.2033953666687]"
F192013,30,17,0.8,"[33301.93287583397, 216.11963438987732]"
F192013,30,17,0.9,"[30291.601308811732, 243.05730080604553]"
F192013,30,17,1.0,"[27894.8539530856, 269.95780324935913]"
F192013,30,18,0.01,"[634319.8873081913, 2.7325878143310547]"
F192013,30,18,0.1,"[45994.97721158959, 27.251362323760986]"
F192013,30,18,0.2,"[23436.252553297752, 54.48947072029114]"
F192013,30,18,0.3,"[17624.1097435293, 81.8513617515564]"
F192013,30,18,0.4,"[15470.293460735249, 109.41129636764526]"
F192013,30,18,0.5,"[14502.386995694504, 137.75223422050476]"
F192013,30,18,0.6,"[13951.827119923315, 164.9931583404541]"
F192013,30,18,0.7,"[13638.133444498904, 192.16814661026]"
F192013,30,18,0.8,"[13454.13218550537, 219.17333269119263]"
F192013,30,18,0.9,"[13339.1993721961, 246.2307162284851]"
F192013,30,18,1.0,"[13289.504654017475, 273.2617962360382]"
F192013,30,19,0.01,"[6588523.808917505, 2.734915018081665]"
F192013,30,19,0.1,"[699492.3096098367, 27.244825839996338]"
F192013,30,19,0.2,"[322591.2187048595, 54.494839668273926]"
F192013,30,19,0.3,"[206920.09011477817, 81.82617211341858]"
F192013,30,19,0.4,"[153116.47834511165, 108.96188259124756]"
F192013,30,19,0.5,"[121777.5177732238, 136.0899941921234]"
F192013,30,19,0.6,"[101392.01178622521, 163.20595932006836]"
F192013,30,19,0.7,"[87081.77180927536, 190.32904243469238]"
F192013,30,19,0.8,"[76499.7582833157, 217.3955693244934]"
F192013,30,19,0.9,"[68373.37678834566, 244.56674432754517]"
F192013,30,19,1.0,"[62028.474171045505, 271.6251702308655]"
F192013,30,20,0.01,"[10675837.453542745, 3.3228111267089844]"
F192013,30,20,0.1,"[831090.0724458797, 33.06900215148926]"
F192013,30,20,0.2,"[400633.41783739696, 66.11446189880371]"
F192013,30,20,0.3,"[267475.85968611273, 96.71879816055298]"
F192013,30,20,0.4,"[202673.92979159017, 123.94941329956055]"
F192013,30,20,0.5,"[163515.0769859543, 151.21336793899536]"
F192013,30,20,0.6,"[137190.86297199654, 178.4775927066803]"
F192013,30,20,0.7,"[118258.49414238827, 205.67923641204834]"
F192013,30,20,0.8,"[104096.2793199868, 232.85255885124207]"
F192013,30,20,0.9,"[93013.68409616276, 260.11125349998474]"
F192013,30,20,1.0,"[84215.34717715408, 287.2843964099884]"
F192013,30,21,0.01,"[211131.00885137575, 2.7484829425811768]"
F192013,30,21,0.1,"[16948.53562278592, 27.472681760787964]"
F192013,30,21,0.2,"[9170.416100840665, 54.94102716445923]"
F192013,30,21,0.3,"[7715.051581469721, 82.46158146858215]"
F192013,30,21,0.4,"[7554.759740499718, 109.79469728469849]"
F192013,30,21,0.5,"[7494.934848368234, 137.11975264549255]"
F192013,30,21,0.6,"[7476.172487642254, 164.43858551979065]"
F192013,30,21,0.7,"[7473.52499579845, 191.6521303653717]"
F192013,30,21,0.8,"[7469.704257407385, 218.85551238059998]"
F192013,30,21,0.9,"[7458.426653295014, 246.12576174736023]"
F192013,30,21,1.0,"[7459.101990544412, 273.3506953716278]"
F192013,30,22,0.01,"[2247015.030497746, 2.731045722961426]"
F192013,30,22,0.1,"[215590.81225655286, 27.227336168289185]"
F192013,30,22,0.2,"[106785.65732328179, 54.38768005371094]"
F192013,30,22,0.3,"[72672.96439294958, 81.64553308486938]"
F192013,30,22,0.4,"[56061.033498439036, 108.77617573738098]"
F192013,30,22,0.5,"[46277.36187594575, 135.89363861083984]"
F192013,30,22,0.6,"[39801.748712916495, 163.2790322303772]"
F192013,30,22,0.7,"[35218.04987617332, 190.35803985595703]"
F192013,30,22,0.8,"[31958.037753722354, 217.360027551651]"
F192013,30,22,0.9,"[29445.088249743778, 244.4423394203186]"
F192013,30,22,1.0,"[27400.734413014812, 271.50235247612]"
F192013,30,23,0.01,"[5342868.172562421, 2.7456228733062744]"
F192013,30,23,0.1,"[389306.784507991, 27.302199363708496]"
F192013,30,23,0.2,"[170942.46314734075, 54.57792091369629]"
F192013,30,23,0.3,"[107956.32288871452, 81.93625974655151]"
F192013,30,23,0.4,"[79463.6593941313, 109.14634656906128]"
F192013,30,23,0.5,"[63207.610951700866, 136.38171434402466]"
F192013,30,23,0.6,"[52872.06173379236, 163.59181189537048]"
F192013,30,23,0.7,"[45763.37990970778, 190.8226363658905]"
F192013,30,23,0.8,"[40629.38228058579, 217.97594046592712]"
F192013,30,23,0.9,"[36907.048193781644, 245.15417098999023]"
F192013,30,23,1.0,"[33996.919955963764, 272.3898687362671]"
F192013,30,24,0.01,"[8820691.429456323, 2.751575469970703]"
F192013,30,24,0.1,"[852292.6312251093, 27.434786081314087]"
F192013,30,24,0.2,"[390171.6234289284, 54.86245894432068]"
F192013,30,24,0.3,"[246071.57845388143, 82.32249021530151]"
F192013,30,24,0.4,"[179256.84308887934, 110.67423462867737]"
F192013,30,24,0.5,"[141056.49623666468, 137.98873162269592]"
F192013,30,24,0.6,"[116459.57832057048, 165.2934443950653]"
F192013,30,24,0.7,"[99338.6691955374, 192.56796646118164]"
F192013,30,24,0.8,"[86757.764389377, 219.77703642845154]"
F192013,30,24,0.9,"[77098.7471127433, 247.04620265960693]"
F192013,30,24,1.0,"[69390.23199097013, 274.28618001937866]"
F192013,30,25,0.01,"[2836830.050530208, 2.752469539642334]"
F192013,30,25,0.1,"[169436.0123492802, 27.442585468292236]"
F192013,30,25,0.2,"[74739.50784640273, 54.872230052948]"
F192013,30,25,0.3,"[48514.257435029285, 82.34192085266113]"
F192013,30,25,0.4,"[36838.76374001478, 109.61157965660095]"
F192013,30,25,0.5,"[30387.243969618346, 136.9081482887268]"
F192013,30,25,0.6,"[26353.90353381822, 164.22578358650208]"
F192013,30,25,0.7,"[23577.505879655262, 191.52372908592224]"
F192013,30,25,0.8,"[21536.546258828523, 218.77391695976257]"
F192013,30,25,0.9,"[19982.4577869846, 246.11726546287537]"
F192013,30,25,1.0,"[18848.208837641807, 273.3499712944031]"
F192013,30,26,0.01,"[8087952.588904069, 2.7155864238739014]"
F192013,30,26,0.1,"[657653.0847797054, 27.075907468795776]"
F192013,30,26,0.2,"[312463.17098427686, 54.130643367767334]"
F192013,30,26,0.3,"[203190.81524870076, 81.21532154083252]"
F192013,30,26,0.4,"[151325.44922609435, 108.17481207847595]"
F192013,30,26,0.5,"[121104.84640754951, 135.13806343078613]"
F192013,30,26,0.6,"[101313.06999586032, 162.10186433792114]"
F192013,30,26,0.7,"[87320.26737630271, 188.99944519996643]"
F192013,30,26,0.8,"[76892.024413533, 215.85303449630737]"
F192013,30,26,0.9,"[68813.10060373988, 242.71826267242432]"
F192013,30,26,1.0,"[62391.98430921562, 269.58187437057495]"
F192013,30,27,0.01,"[1948934.448264041, 2.7196218967437744]"
F192013,30,27,0.1,"[145697.53633132234, 27.095307111740112]"
F192013,30,27,0.2,"[69513.04301757544, 54.1170928478241]"
F192013,30,27,0.3,"[47430.51670079104, 81.1915557384491]"
F192013,30,27,0.4,"[37226.59228729749, 108.19559741020203]"
F192013,30,27,0.5,"[31339.158014421384, 135.25464367866516]"
F192013,30,27,0.6,"[27673.855671211313, 162.30072402954102]"
F192013,30,27,0.7,"[24898.183942618125, 189.32340955734253]"
F192013,30,27,0.8,"[22859.247544972175, 216.30707359313965]"
F192013,30,27,0.9,"[21433.02367179038, 243.28090691566467]"
F192013,30,27,1.0,"[20296.686960645537, 270.2601799964905]"
F192013,30,28,0.01,"[662115.511922982, 2.7714152336120605]"
F192013,30,28,0.1,"[38628.34986948874, 27.016157388687134]"
F192013,30,28,0.2,"[19384.1569592759, 53.962220668792725]"
F192013,30,28,0.3,"[15679.538991804184, 80.94020915031433]"
F192013,30,28,0.4,"[14425.268535127709, 107.85629081726074]"
F192013,30,28,0.5,"[13942.437515417323, 134.80320143699646]"
F192013,30,28,0.6,"[13650.071732595312, 161.75879907608032]"
F192013,30,28,0.7,"[13501.279080208498, 188.69406485557556]"
F192013,30,28,0.8,"[13372.183856382233, 215.6673333644867]"
F192013,30,28,0.9,"[13325.668424729973, 242.64095997810364]"
F192013,30,28,1.0,"[13307.872467242205, 269.6129183769226]"
F192013,30,29,0.01,"[3939409.7549052155, 2.727864980697632]"
F192013,30,29,0.1,"[252251.43819770735, 27.127618551254272]"
F192013,30,29,0.2,"[108998.40285116529, 54.27785015106201]"
F192013,30,29,0.3,"[69600.52421090657, 81.40216994285583]"
F192013,30,29,0.4,"[51715.83041811553, 111.96471977233887]"
F192013,30,29,0.5,"[41540.02601732638, 139.45714569091797]"
F192013,30,29,0.6,"[35187.225246840884, 166.56944918632507]"
F192013,30,29,0.7,"[30783.487869770037, 193.5543577671051]"
F192013,30,29,0.8,"[27596.05175541078, 220.56241059303284]"
F192013,30,29,0.9,"[25206.283391149573, 247.5819272994995]"
F192013,30,29,1.0,"[23339.30317858736, 274.5427658557892]"
F192013,30,30,0.01,"[1648701.8094977653, 2.7429745197296143]"
F192013,30,30,0.1,"[165723.5134202879, 27.20551061630249]"
F192013,30,30,0.2,"[86287.87393372829, 54.38321375846863]"
F192013,30,30,0.3,"[60790.36210446621, 81.55355286598206]"
F192013,30,30,0.4,"[48175.6669729418, 112.07937955856323]"
F192013,30,30,0.5,"[40589.03117063758, 139.19255805015564]"
F192013,30,30,0.6,"[35689.571700315006, 166.28159308433533]"
F192013,30,30,0.7,"[32002.124780710397, 193.30920886993408]"
F192013,30,30,0.8,"[29337.89633639446, 220.32854199409485]"
F192013,30,30,0.9,"[27413.083975559304, 247.381653547287]"
F192013,30,30,1.0,"[25932.200396991535, 274.3909709453583]"
F192013,30,31,0.01,"[848749.1297720375, 2.8302533626556396]"
F192013,30,31,0.1,"[65058.22691242065, 27.415225982666016]"
F192013,30,31,0.2,"[31259.60099163946, 54.73131608963013]"
F192013,30,31,0.3,"[20906.17686457652, 82.10942649841309]"
F192013,30,31,0.4,"[16070.132218490093, 109.3227789402008]"
F192013,30,31,0.5,"[13573.776507817833, 136.56513237953186]"
F192013,30,31,0.6,"[12277.771368489954, 163.7831516265869]"
F192013,30,31,0.7,"[11315.174956254103, 190.95421481132507]"
F192013,30,31,0.8,"[10764.58882634346, 218.06151700019836]"
F192013,30,31,0.9,"[10427.538558080252, 245.2268693447113]"
F192013,30,31,1.0,"[10061.034991119659, 272.3514528274536]"
F192013,30,32,0.01,"[836931.9361751899, 2.7485694885253906]"
F192013,30,32,0.1,"[62220.960058474266, 27.44822359085083]"
F192013,30,32,0.2,"[31754.404739855607, 54.83195400238037]"
F192013,30,32,0.3,"[23587.125699723445, 82.30342054367065]"
F192013,30,32,0.4,"[19898.292900416076, 109.6168372631073]"
F192013,30,32,0.5,"[18067.320367159256, 136.90891861915588]"
F192013,30,32,0.6,"[16952.746191820515, 164.2890703678131]"
F192013,30,32,0.7,"[16191.842003924969, 191.54897117614746]"
F192013,30,32,0.8,"[15642.68042212669, 218.74684762954712]"
F192013,30,32,0.9,"[15338.473162043227, 246.04981207847595]"
F192013,30,32,1.0,"[15169.596792224147, 273.28272891044617]"
F192013,30,33,0.01,"[2517278.380775498, 2.7221648693084717]"
F192013,30,33,0.1,"[223356.81789235602, 27.134684324264526]"
F192013,30,33,0.2,"[105705.19094616812, 54.21637582778931]"
F192013,30,33,0.3,"[69627.66795467927, 81.40079474449158]"
F192013,30,33,0.4,"[52504.20112222604, 108.40966248512268]"
F192013,30,33,0.5,"[42593.76380216776, 135.3970742225647]"
F192013,30,33,0.6,"[36204.78789964172, 162.38162064552307]"
F192013,30,33,0.7,"[31780.52542210939, 189.31751775741577]"
F192013,30,33,0.8,"[28548.718532985804, 216.22111701965332]"
F192013,30,33,0.9,"[26099.086764238073, 243.1589810848236]"
F192013,30,33,1.0,"[24075.271274266404, 270.06493377685547]"
F192013,30,34,0.01,"[534291.3763668536, 2.724592685699463]"
F192013,30,34,0.1,"[49177.9354965524, 27.124107837677002]"
F192013,30,34,0.2,"[22990.48133246029, 54.25127959251404]"
F192013,30,34,0.3,"[15355.825756173004, 81.46158051490784]"
F192013,30,34,0.4,"[12092.746141393582, 108.5393979549408]"
F192013,30,34,0.5,"[10528.658921001292, 135.5855689048767]"
F192013,30,34,0.6,"[9778.854756210243, 162.65697622299194]"
F192013,30,34,0.7,"[9414.36033776446, 189.7000069618225]"
F192013,30,34,0.8,"[9270.975426739322, 216.69588494300842]"
F192013,30,34,0.9,"[9195.990704232678, 243.70972347259521]"
F192013,30,34,1.0,"[9147.541646218891, 270.70938777923584]"
F192013,30,35,0.01,"[2817441.4946631696, 2.791450262069702]"
F192013,30,35,0.1,"[247690.45229710752, 27.30142617225647]"
F192013,30,35,0.2,"[111227.90054506497, 54.524343729019165]"
F192013,30,35,0.3,"[73073.3356547271, 81.78195118904114]"
F192013,30,35,0.4,"[55521.638715891, 108.97241568565369]"
F192013,30,35,0.5,"[45356.952860388774, 136.13041186332703]"
F192013,30,35,0.6,"[38738.94456852529, 163.28967571258545]"
F192013,30,35,0.7,"[34041.74160890864, 190.40144324302673]"
F192013,30,35,0.8,"[30662.25646271418, 217.4879150390625]"
F192013,30,35,0.9,"[28084.5974617254, 244.59709811210632]"
F192013,30,35,1.0,"[26049.686404237116, 271.6676936149597]"
F192013,30,36,0.01,"[3963890.338969651, 2.732215404510498]"
F192013,30,36,0.1,"[502522.8132370508, 27.491987228393555]"
F192013,30,36,0.2,"[265276.3558579557, 54.621732234954834]"
F192013,30,36,0.3,"[184677.06432263827, 81.82353615760803]"
F192013,30,36,0.4,"[143576.5630272206, 109.38059544563293]"
F192013,30,36,0.5,"[117881.75873095867, 136.44159650802612]"
F192013,30,36,0.6,"[100266.07143643065, 163.52029752731323]"
F192013,30,36,0.7,"[87320.1631181499, 190.54476928710938]"
F192013,30,36,0.8,"[77457.6967291575, 217.54260110855103]"
F192013,30,36,0.9,"[69718.14424579828, 244.5790572166443]"
F192013,30,36,1.0,"[63580.009584889325, 271.5756368637085]"
F192013,30,37,0.01,"[366122.26826353633, 2.810957908630371]"
F192013,30,37,0.1,"[26594.57619182463, 27.79446506500244]"
F192013,30,37,0.2,"[13305.268924004216, 55.17526578903198]"
F192013,30,37,0.3,"[9980.744208545006, 82.59950137138367]"
F192013,30,37,0.4,"[9105.488960688612, 110.14753890037537]"
F192013,30,37,0.5,"[8728.912710304341, 137.49777173995972]"
F192013,30,37,0.6,"[8622.989918360976, 164.82975006103516]"
F192013,30,37,0.7,"[8595.589057131794, 192.11465740203857]"
F192013,30,37,0.8,"[8594.840552157944, 219.3611192703247]"
F192013,30,37,0.9,"[8594.61270459998, 246.67868423461914]"
F192013,30,37,1.0,"[8594.773058122435, 273.9698865413666]"
F192013,30,38,0.01,"[257140.13545354237, 2.7817153930664062]"
F192013,30,38,0.1,"[17477.550604626536, 27.338212251663208]"
F192013,30,38,0.2,"[8698.179574663456, 54.6176872253418]"
F192013,30,38,0.3,"[6638.951848446912, 81.97385311126709]"
F192013,30,38,0.4,"[6279.382246783047, 109.26551818847656]"
F192013,30,38,0.5,"[6240.427153106646, 136.4450991153717]"
F192013,30,38,0.6,"[6220.530359632365, 163.5909342765808]"
F192013,30,38,0.7,"[6202.059735778793, 190.70311737060547]"
F192013,30,38,0.8,"[6199.6823680621765, 217.79157304763794]"
F192013,30,38,0.9,"[6184.187742156647, 244.95039105415344]"
F192013,30,38,1.0,"[6171.947071390823, 272.0722916126251]"
F192013,30,39,0.01,"[931216.1170345595, 2.777150869369507]"
F192013,30,39,0.1,"[60956.06644060483, 27.415860891342163]"
F192013,30,39,0.2,"[29450.826129029818, 54.79642629623413]"
F192013,30,39,0.3,"[21210.825490542098, 82.2963216304779]"
F192013,30,39,0.4,"[17818.328376674974, 109.67859482765198]"
F192013,30,39,0.5,"[16170.869654617818, 137.02829122543335]"
F192013,30,39,0.6,"[15241.978024206888, 164.3316421508789]"
F192013,30,39,0.7,"[14739.032353579183, 191.64163088798523]"
F192013,30,39,0.8,"[14454.707560488083, 218.87866139411926]"
F192013,30,39,0.9,"[14332.474484742395, 246.18297052383423]"
F192013,30,39,1.0,"[14257.506289845924, 273.4599895477295]"
F192013,30,40,0.01,"[5430005.296436112, 2.799844741821289]"
F192013,30,40,0.1,"[354081.1883666341, 27.44364070892334]"
F192013,30,40,0.2,"[155122.45487447528, 54.806906938552856]"
F192013,30,40,0.3,"[97938.4287351216, 82.33665919303894]"
F192013,30,40,0.4,"[72015.51971433476, 109.6618287563324]"
F192013,30,40,0.5,"[57310.287604472986, 136.92745089530945]"
F192013,30,40,0.6,"[47798.86831675692, 164.1292748451233]"
F192013,30,40,0.7,"[41194.19037693339, 191.5858473777771]"
F192013,30,40,0.8,"[36300.518919756585, 218.74077224731445]"
F192013,30,40,0.9,"[32588.03317271355, 245.9682068824768]"
F192013,30,40,1.0,"[29673.366718501966, 273.1543962955475]"
F192013,30,41,0.01,"[232608.5749853597, 2.771404981613159]"
F192013,30,41,0.1,"[15539.837561015838, 27.409916162490845]"
F192013,30,41,0.2,"[11905.801840720897, 54.76344847679138]"
F192013,30,41,0.3,"[11567.537947778801, 82.15616154670715]"
F192013,30,41,0.4,"[11546.64227489202, 109.37559390068054]"
F192013,30,41,0.5,"[11546.615023085878, 136.60944747924805]"
F192013,30,41,0.6,"[11546.612469376552, 163.81522250175476]"
F192013,30,41,0.7,"[11546.604444779636, 190.97877097129822]"
F192013,30,41,0.8,"[11546.589984183267, 218.09872388839722]"
F192013,30,41,0.9,"[11546.584945422104, 245.27626156806946]"
F192013,30,41,1.0,"[11546.58905394153, 272.41992712020874]"
F192013,30,42,0.01,"[137968.02948998, 2.7825138568878174]"
F192013,30,42,0.1,"[9844.1724730391, 27.280552625656128]"
F192013,30,42,0.2,"[5263.351289301611, 54.49207043647766]"
F192013,30,42,0.3,"[4385.388611053781, 81.82146215438843]"
F192013,30,42,0.4,"[4118.91269978781, 109.27562427520752]"
F192013,30,42,0.5,"[4032.474512119543, 136.44201612472534]"
F192013,30,42,0.6,"[3971.3404048377943, 163.6064965724945]"
F192013,30,42,0.7,"[3944.4604579368524, 190.72679591178894]"
F192013,30,42,0.8,"[3935.82545659035, 217.80905771255493]"
F192013,30,42,0.9,"[3926.4285052935793, 244.93255591392517]"
F192013,30,42,1.0,"[3925.6333273608234, 272.0189878940582]"
F192013,30,43,0.01,"[2939020.5700935908, 2.8498430252075195]"
F192013,30,43,0.1,"[211755.3833489978, 27.42835259437561]"
F192013,30,43,0.2,"[98700.03399668986, 54.723856687545776]"
F192013,30,43,0.3,"[65674.18446297408, 82.09755301475525]"
F192013,30,43,0.4,"[50258.673273633925, 109.29827308654785]"
F192013,30,43,0.5,"[41341.37640191389, 136.5152895450592]"
F192013,30,43,0.6,"[35691.89510016864, 163.75812602043152]"
F192013,30,43,0.7,"[31730.159647980887, 190.9214162826538]"
F192013,30,43,0.8,"[28923.311527995014, 218.05132603645325]"
F192013,30,43,0.9,"[26791.591777194564, 245.21649360656738]"
F192013,30,43,1.0,"[25061.079721408678, 272.366614818573]"
F192013,30,44,0.01,"[3370767.1280707903, 2.8240678310394287]"
F192013,30,44,0.1,"[334727.86287880177, 27.345823764801025]"
F192013,30,44,0.2,"[152469.98820577213, 54.588244676589966]"
F192013,30,44,0.3,"[98180.30232806281, 81.91439008712769]"
F192013,30,44,0.4,"[72742.08488465007, 109.29280161857605]"
F192013,30,44,0.5,"[58155.84023160618, 136.40746903419495]"
F192013,30,44,0.6,"[48761.20171644738, 163.53480052947998]"
F192013,30,44,0.7,"[42284.951479482566, 190.62140560150146]"
F192013,30,44,0.8,"[37510.619361755525, 217.6800618171692]"
F192013,30,44,0.9,"[33977.74866437777, 244.76243805885315]"
F192013,30,44,1.0,"[31220.19561632769, 271.84258484840393]"
F192013,30,45,0.01,"[126651.0327111249, 2.7865817546844482]"
F192013,30,45,0.1,"[11330.978161310337, 27.236103057861328]"
F192013,30,45,0.2,"[6911.591919111788, 54.41122055053711]"
F192013,30,45,0.3,"[6030.710703545394, 81.66595435142517]"
F192013,30,45,0.4,"[5754.485630298516, 108.73780584335327]"
F192013,30,45,0.5,"[5648.332532618071, 135.79592323303223]"
F192013,30,45,0.6,"[5615.317133492405, 162.9008285999298]"
F192013,30,45,0.7,"[5591.031431278586, 189.9316384792328]"
F192013,30,45,0.8,"[5553.490572028979, 216.95016884803772]"
F192013,30,45,0.9,"[5543.5235365867175, 244.09484314918518]"
F192013,30,45,1.0,"[5521.71234267963, 271.0718562602997]"
F192013,30,46,0.01,"[3293207.9029642018, 2.7810709476470947]"
F192013,30,46,0.1,"[270933.4416243828, 27.25226354598999]"
F192013,30,46,0.2,"[125139.93979564041, 54.427897691726685]"
F192013,30,46,0.3,"[81688.37542426819, 81.68907833099365]"
F192013,30,46,0.4,"[61250.27104002688, 108.8039231300354]"
F192013,30,46,0.5,"[49480.28682205671, 135.9208915233612]"
F192013,30,46,0.6,"[41919.797279250444, 163.04922747612]"
F192013,30,46,0.7,"[36580.46855923612, 190.14277958869934]"
F192013,30,46,0.8,"[32627.71816861129, 217.18324160575867]"
F192013,30,46,0.9,"[29628.2363258537, 244.26196241378784]"
F192013,30,46,1.0,"[27324.16837551753, 271.3154661655426]"
F192013,30,47,0.01,"[263733.3188913965, 2.7618091106414795]"
F192013,30,47,0.1,"[26477.42618296542, 27.182348489761353]"
F192013,30,47,0.2,"[16227.132164361388, 54.26134896278381]"
F192013,30,47,0.3,"[14217.38575044257, 81.3999490737915]"
F192013,30,47,0.4,"[13421.567111262912, 108.35163044929504]"
F192013,30,47,0.5,"[12995.94462456601, 135.35773730278015]"
F192013,30,47,0.6,"[12866.74940626066, 162.37360501289368]"
F192013,30,47,0.7,"[12770.462837150419, 189.33787274360657]"
F192013,30,47,0.8,"[12712.024208728542, 216.27687311172485]"
F192013,30,47,0.9,"[12648.155554419149, 243.2374403476715]"
F192013,30,47,1.0,"[12604.354258959342, 270.1839096546173]"
F192013,30,48,0.01,"[319093.5229196125, 2.696723222732544]"
F192013,30,48,0.1,"[27633.26292853386, 26.77387285232544]"
F192013,30,48,0.2,"[16303.677104636074, 53.533310651779175]"
F192013,30,48,0.3,"[13870.014684365215, 80.3275637626648]"
F192013,30,48,0.4,"[13263.127318308727, 107.09073948860168]"
F192013,30,48,0.5,"[13119.310252491345, 133.88078594207764]"
F192013,30,48,0.6,"[13042.853385957314, 160.63204884529114]"
F192013,30,48,0.7,"[12998.827265964304, 187.39705848693848]"
F192013,30,48,0.8,"[12985.856036412777, 214.1394956111908]"
F192013,30,48,0.9,"[12979.356767012916, 240.90231704711914]"
F192013,30,48,1.0,"[12979.178080291422, 267.6185402870178]"
F192013,30,49,0.01,"[410306.8332367356, 2.6990933418273926]"
F192013,30,49,0.1,"[29104.652656844803, 26.788628101348877]"
F192013,30,49,0.2,"[17540.317760484584, 53.573904037475586]"
F192013,30,49,0.3,"[15185.344818803993, 80.37210464477539]"
F192013,30,49,0.4,"[14432.59306119632, 107.12426662445068]"
F192013,30,49,0.5,"[14174.489521333682, 133.93017745018005]"
F192013,30,49,0.6,"[14074.644997956873, 160.71222305297852]"
F192013,30,49,0.7,"[14048.530366206915, 187.5157380104065]"
F192013,30,49,0.8,"[14028.977181427927, 214.29699110984802]"
F192013,30,49,0.9,"[14016.012160800245, 241.12088799476624]"
F192013,30,49,1.0,"[14008.771423977716, 267.8780972957611]"
F192013,30,50,0.01,"[358972.1443502404, 2.7001991271972656]"
F192013,30,50,0.1,"[24502.291197540722, 26.809866666793823]"
F192013,30,50,0.2,"[11607.87475563412, 53.5504412651062]"
F192013,30,50,0.3,"[8423.10646288907, 80.35672044754028]"
F192013,30,50,0.4,"[7522.259666278056, 107.10630798339844]"
F192013,30,50,0.5,"[7279.400288506421, 133.85479021072388]"
F192013,30,50,0.6,"[7200.9892640465305, 160.56727623939514]"
F192013,30,50,0.7,"[7185.739318505842, 187.31243586540222]"
F192013,30,50,0.8,"[7190.856301335702, 214.03158497810364]"
F192013,30,50,0.9,"[7187.343314638459, 240.77630996704102]"
F192013,30,50,1.0,"[7188.409883846037, 267.4879093170166]"
F192013,50,0,0.01,"[665772.7017210403, 8.123464345932007]"
F192013,50,0,0.1,"[55541.636801837245, 86.23215699195862]"
F192013,50,0,0.2,"[31752.498811031823, 173.08292269706726]"
F192013,50,0,0.3,"[26017.609697652, 260.0248727798462]"
F192013,50,0,0.4,"[23967.048560797553, 346.75002932548523]"
F192013,50,0,0.5,"[22936.998997330644, 433.3216314315796]"
F192013,50,0,0.6,"[22348.392935548538, 520.0612478256226]"
F192013,50,0,0.7,"[21963.30398039909, 606.7819302082062]"
F192013,50,0,0.8,"[21751.945104716742, 688.5692083835602]"
F192013,50,0,0.9,"[21630.419157021242, 759.2765011787415]"
F192013,50,0,1.0,"[21541.167613656762, 829.9242701530457]"
F192013,50,1,0.01,"[661582.6478867849, 7.116718292236328]"
F192013,50,1,0.1,"[45441.10948335396, 70.47243666648865]"
F192013,50,1,0.2,"[26872.75805403765, 140.82027578353882]"
F192013,50,1,0.3,"[22392.43412889912, 211.0851550102234]"
F192013,50,1,0.4,"[20703.5344470813, 281.82862520217896]"
F192013,50,1,0.5,"[20082.45051295303, 352.26194858551025]"
F192013,50,1,0.6,"[19827.988894492115, 422.6374363899231]"
F192013,50,1,0.7,"[19725.66217252609, 492.95016527175903]"
F192013,50,1,0.8,"[19694.02086829042, 563.066410779953]"
F192013,50,1,0.9,"[19686.03857761207, 633.0894181728363]"
F192013,50,1,1.0,"[19681.24892073088, 703.2269554138184]"
F192013,50,2,0.01,"[1936629.5696071521, 7.220071792602539]"
F192013,50,2,0.1,"[141720.55042379003, 72.0204827785492]"
F192013,50,2,0.2,"[72542.92687661857, 143.3573341369629]"
F192013,50,2,0.3,"[52645.02339584645, 214.53140091896057]"
F192013,50,2,0.4,"[43123.344857194956, 285.78295063972473]"
F192013,50,2,0.5,"[37572.600433904736, 356.95211911201477]"
F192013,50,2,0.6,"[33921.69338806201, 428.1680200099945]"
F192013,50,2,0.7,"[31421.767728403207, 499.2215166091919]"
F192013,50,2,0.8,"[29605.533926502947, 570.3868732452393]"
F192013,50,2,0.9,"[28286.674891655523, 641.617425441742]"
F192013,50,2,1.0,"[27257.68028811992, 712.7754065990448]"
F192013,50,3,0.01,"[615772.2265623827, 7.211512804031372]"
F192013,50,3,0.1,"[46191.17967558628, 71.08210229873657]"
F192013,50,3,0.2,"[28963.824665642474, 141.68712520599365]"
F192013,50,3,0.3,"[25757.55881950671, 212.26083183288574]"
F192013,50,3,0.4,"[24919.395076944595, 282.95696783065796]"
F192013,50,3,0.5,"[24479.02772723545, 353.3092896938324]"
F192013,50,3,0.6,"[24283.384765273804, 423.82937026023865]"
F192013,50,3,0.7,"[24160.94579354209, 494.31279468536377]"
F192013,50,3,0.8,"[24084.743092873145, 564.7567176818848]"
F192013,50,3,0.9,"[24039.534581918233, 635.1279740333557]"
F192013,50,3,1.0,"[23982.77966839207, 705.4522123336792]"
F192013,50,4,0.01,"[425816.46653087134, 7.118724584579468]"
F192013,50,4,0.1,"[33802.63695077056, 70.62247347831726]"
F192013,50,4,0.2,"[21733.195576708495, 141.22063207626343]"
F192013,50,4,0.3,"[19772.94177825916, 211.69864678382874]"
F192013,50,4,0.4,"[19610.453504809975, 282.52113461494446]"
F192013,50,4,0.5,"[19603.59098441465, 352.69542169570923]"
F192013,50,4,0.6,"[19603.095334307716, 422.96151089668274]"
F192013,50,4,0.7,"[19603.021878463154, 493.2511410713196]"
F192013,50,4,0.8,"[19602.73254604673, 563.609103679657]"
F192013,50,4,0.9,"[19602.185803575245, 633.8457636833191]"
F192013,50,4,1.0,"[19601.900541243685, 704.127952337265]"
F192013,50,5,0.01,"[515433.7569329775, 7.187998056411743]"
F192013,50,5,0.1,"[41485.92790626167, 71.43304371833801]"
F192013,50,5,0.2,"[22737.435903433812, 142.13699984550476]"
F192013,50,5,0.3,"[17716.596091407133, 212.65462017059326]"
F192013,50,5,0.4,"[15965.76592331053, 283.4885959625244]"
F192013,50,5,0.5,"[15455.086202152967, 354.0426449775696]"
F192013,50,5,0.6,"[15317.963876823505, 424.6002264022827]"
F192013,50,5,0.7,"[15287.878308370093, 494.97074842453003]"
F192013,50,5,0.8,"[15273.58665776325, 565.4588301181793]"
F192013,50,5,0.9,"[15266.019633438596, 635.8563611507416]"
F192013,50,5,1.0,"[15265.754174133877, 706.2395932674408]"
F192013,50,6,0.01,"[563169.9433916138, 7.15340781211853]"
F192013,50,6,0.1,"[38988.635902858194, 70.79624223709106]"
F192013,50,6,0.2,"[21264.80666419257, 141.5657615661621]"
F192013,50,6,0.3,"[17181.76353656808, 211.8737268447876]"
F192013,50,6,0.4,"[15970.359157396386, 282.7201232910156]"
F192013,50,6,0.5,"[15531.165633712475, 353.16063594818115]"
F192013,50,6,0.6,"[15398.69409827841, 423.6475567817688]"
F192013,50,6,0.7,"[15318.433780225416, 494.0379738807678]"
F192013,50,6,0.8,"[15236.62225884885, 564.3946039676666]"
F192013,50,6,0.9,"[15188.038344005638, 634.7070195674896]"
F192013,50,6,1.0,"[15122.801175066284, 705.0354588031769]"
F192013,50,7,0.01,"[2367168.6534772217, 7.132480621337891]"
F192013,50,7,0.1,"[175012.1889558612, 70.73909378051758]"
F192013,50,7,0.2,"[84161.91641148408, 141.5352427959442]"
F192013,50,7,0.3,"[58852.95289894582, 211.92500400543213]"
F192013,50,7,0.4,"[47248.795528902934, 282.3170039653778]"
F192013,50,7,0.5,"[40330.0378773196, 352.5410261154175]"
F192013,50,7,0.6,"[36081.33954783161, 422.81396436691284]"
F192013,50,7,0.7,"[33036.310944144774, 493.0282680988312]"
F192013,50,7,0.8,"[31095.481593370245, 563.2943706512451]"
F192013,50,7,0.9,"[29452.39493026329, 633.4578068256378]"
F192013,50,7,1.0,"[28400.045549574017, 703.7066094875336]"
F192013,50,8,0.01,"[959475.0278857984, 7.1451575756073]"
F192013,50,8,0.1,"[82818.70187917238, 70.8742356300354]"
F192013,50,8,0.2,"[40316.37686551306, 141.70303678512573]"
F192013,50,8,0.3,"[28381.99730835997, 212.36827421188354]"
F192013,50,8,0.4,"[23420.866475959672, 283.0833110809326]"
F192013,50,8,0.5,"[21013.16693163482, 353.58400678634644]"
F192013,50,8,0.6,"[19644.650554147862, 424.0970046520233]"
F192013,50,8,0.7,"[18733.29012996125, 494.52473640441895]"
F192013,50,8,0.8,"[18088.96171088223, 565.0140490531921]"
F192013,50,8,0.9,"[17657.173382810735, 635.4236791133881]"
F192013,50,8,1.0,"[17369.398631072476, 705.824872970581]"
F192013,50,9,0.01,"[1142313.320709299, 7.177644729614258]"
F192013,50,9,0.1,"[79747.79606385132, 71.19153618812561]"
F192013,50,9,0.2,"[36868.121439423725, 142.3315567970276]"
F192013,50,9,0.3,"[24902.63636446228, 213.31605911254883]"
F192013,50,9,0.4,"[20199.330743680595, 284.58336901664734]"
F192013,50,9,0.5,"[17997.520381010556, 355.21557235717773]"
F192013,50,9,0.6,"[17067.013320138973, 425.85618472099304]"
F192013,50,9,0.7,"[16726.10551444813, 496.4884362220764]"
F192013,50,9,0.8,"[16598.956631270532, 567.0291447639465]"
F192013,50,9,0.9,"[16511.25113208849, 637.4827842712402]"
F192013,50,9,1.0,"[16447.43655302371, 708.1068062782288]"
F192013,50,10,0.01,"[2492934.433161867, 7.159682512283325]"
F192013,50,10,0.1,"[312145.09449500585, 70.87187361717224]"
F192013,50,10,0.2,"[148786.8787524113, 141.6794352531433]"
F192013,50,10,0.3,"[95043.25789477357, 212.3680863380432]"
F192013,50,10,0.4,"[69432.59828581568, 283.26427125930786]"
F192013,50,10,0.5,"[54786.8970691807, 353.85795736312866]"
F192013,50,10,0.6,"[45739.6467011418, 424.39403557777405]"
F192013,50,10,0.7,"[39543.82667032332, 494.83372735977173]"
F192013,50,10,0.8,"[35278.97498285504, 565.3707802295685]"
F192013,50,10,0.9,"[32168.57831391486, 635.6621341705322]"
F192013,50,10,1.0,"[29883.677531908255, 706.2413067817688]"
F192013,50,11,0.01,"[1754399.9737368152, 7.114530801773071]"
F192013,50,11,0.1,"[116400.49822668645, 70.62294507026672]"
F192013,50,11,0.2,"[57338.72789405246, 141.26734375953674]"
F192013,50,11,0.3,"[41602.177215002725, 211.67345786094666]"
F192013,50,11,0.4,"[34533.84226656986, 282.02072644233704]"
F192013,50,11,0.5,"[30615.377737047882, 352.31004786491394]"
F192013,50,11,0.6,"[28274.55412212242, 422.5502061843872]"
F192013,50,11,0.7,"[27130.05863113114, 492.66793298721313]"
F192013,50,11,0.8,"[26338.61089026688, 563.0354382991791]"
F192013,50,11,0.9,"[25941.13604131496, 633.2377898693085]"
F192013,50,11,1.0,"[25716.13864399475, 703.5485298633575]"
F192013,50,12,0.01,"[1707060.860276522, 7.1783435344696045]"
F192013,50,12,0.1,"[170737.5120714326, 71.0505256652832]"
F192013,50,12,0.2,"[84015.2735643465, 142.06357192993164]"
F192013,50,12,0.3,"[58168.13078480272, 212.83893036842346]"
F192013,50,12,0.4,"[46029.000332280375, 283.82648968696594]"
F192013,50,12,0.5,"[39308.10777640068, 354.46057415008545]"
F192013,50,12,0.6,"[34982.01263018381, 425.1340823173523]"
F192013,50,12,0.7,"[32254.908219639397, 495.73066782951355]"
F192013,50,12,0.8,"[30126.243529230334, 566.3882129192352]"
F192013,50,12,0.9,"[28572.45451212411, 637.0614864826202]"
F192013,50,12,1.0,"[27411.86510154795, 707.7283399105072]"
F192013,50,13,0.01,"[327964.61007533, 7.1911773681640625]"
F192013,50,13,0.1,"[26687.89397383589, 71.05179190635681]"
F192013,50,13,0.2,"[14842.11386127638, 142.1053855419159]"
F192013,50,13,0.3,"[12434.732095534227, 213.08760237693787]"
F192013,50,13,0.4,"[11808.786909279737, 284.8630528450012]"
F192013,50,13,0.5,"[11564.704533094737, 355.4781656265259]"
F192013,50,13,0.6,"[11417.716251199756, 426.0992364883423]"
F192013,50,13,0.7,"[11403.402210866107, 496.6449604034424]"
F192013,50,13,0.8,"[11406.509497781433, 567.2929062843323]"
F192013,50,13,0.9,"[11392.691704511974, 637.9519531726837]"
F192013,50,13,1.0,"[11397.462258522113, 708.7089941501617]"
F192013,50,14,0.01,"[1578517.2793704942, 7.127265214920044]"
F192013,50,14,0.1,"[121640.98906792134, 70.61298489570618]"
F192013,50,14,0.2,"[61850.28973912619, 141.22287106513977]"
F192013,50,14,0.3,"[45136.133591895545, 211.65770816802979]"
F192013,50,14,0.4,"[37721.91762658771, 282.16909646987915]"
F192013,50,14,0.5,"[33646.207928974196, 352.48873257637024]"
F192013,50,14,0.6,"[31150.786260493132, 422.7379615306854]"
F192013,50,14,0.7,"[29232.980448620412, 492.9725937843323]"
F192013,50,14,0.8,"[28210.861908168354, 563.3279616832733]"
F192013,50,14,0.9,"[27494.197035224563, 633.5449826717377]"
F192013,50,14,1.0,"[27032.934010253317, 703.7776436805725]"
F192013,50,15,0.01,"[1392540.5824208322, 7.10178017616272]"
F192013,50,15,0.1,"[91202.64256378866, 72.01919484138489]"
F192013,50,15,0.2,"[47524.78828330885, 142.52493047714233]"
F192013,50,15,0.3,"[36127.26600753273, 213.0624270439148]"
F192013,50,15,0.4,"[31329.275564702708, 283.4584548473358]"
F192013,50,15,0.5,"[28562.611083037584, 353.6963472366333]"
F192013,50,15,0.6,"[27069.58017428741, 423.9336576461792]"
F192013,50,15,0.7,"[26166.77194592717, 494.07119727134705]"
F192013,50,15,0.8,"[25561.93148928789, 564.2763085365295]"
F192013,50,15,0.9,"[25029.10926929454, 634.2191851139069]"
F192013,50,15,1.0,"[24624.110107047956, 704.2983522415161]"
F192013,50,16,0.01,"[1004328.6543720518, 7.182703018188477]"
F192013,50,16,0.1,"[74633.30748124878, 72.7353048324585]"
F192013,50,16,0.2,"[38773.16013665634, 144.05871629714966]"
F192013,50,16,0.3,"[29867.969355960617, 215.28719997406006]"
F192013,50,16,0.4,"[26205.479548035524, 286.67877173423767]"
F192013,50,16,0.5,"[24343.204780756514, 357.7559516429901]"
F192013,50,16,0.6,"[23289.190493212704, 428.7238657474518]"
F192013,50,16,0.7,"[22613.822363623287, 499.6353340148926]"
F192013,50,16,0.8,"[22276.411726050173, 570.6254115104675]"
F192013,50,16,0.9,"[22131.90071989173, 641.6544790267944]"
F192013,50,16,1.0,"[22045.33596639151, 712.6406028270721]"
F192013,50,17,0.01,"[560068.5799101405, 7.0907673835754395]"
F192013,50,17,0.1,"[47324.73803852253, 70.24028253555298]"
F192013,50,17,0.2,"[24214.141704777212, 140.48752069473267]"
F192013,50,17,0.3,"[18329.01015057031, 210.59856057167053]"
F192013,50,17,0.4,"[16668.890388906, 280.7235858440399]"
F192013,50,17,0.5,"[16354.84348942242, 350.70327615737915]"
F192013,50,17,0.6,"[16144.86756909026, 420.63363122940063]"
F192013,50,17,0.7,"[16142.895860265031, 490.4887442588806]"
F192013,50,17,0.8,"[16128.850947722585, 560.3297863006592]"
F192013,50,17,0.9,"[16125.564708387308, 629.8909492492676]"
F192013,50,17,1.0,"[16125.99097616653, 699.5797429084778]"
F192013,50,18,0.01,"[1063374.2792431165, 7.0378522872924805]"
F192013,50,18,0.1,"[74762.52669356276, 70.71207857131958]"
F192013,50,18,0.2,"[39291.49725582164, 140.49975848197937]"
F192013,50,18,0.3,"[30260.150193140365, 210.28398966789246]"
F192013,50,18,0.4,"[26473.904530223674, 280.0617663860321]"
F192013,50,18,0.5,"[24476.228510124434, 349.79350209236145]"
F192013,50,18,0.6,"[23433.16827852191, 419.5482544898987]"
F192013,50,18,0.7,"[22767.207016542237, 489.07541131973267]"
F192013,50,18,0.8,"[22340.420661513745, 558.6939821243286]"
F192013,50,18,0.9,"[22020.585775453554, 628.0940985679626]"
F192013,50,18,1.0,"[21743.61665026908, 697.644305229187]"
F192013,50,19,0.01,"[1224040.1864874733, 7.090051174163818]"
F192013,50,19,0.1,"[105700.67523203211, 70.40149927139282]"
F192013,50,19,0.2,"[54378.63682116435, 140.85109663009644]"
F192013,50,19,0.3,"[39679.47912105197, 211.16825985908508]"
F192013,50,19,0.4,"[33226.191053273506, 281.52676033973694]"
F192013,50,19,0.5,"[30052.07364171344, 351.9445765018463]"
F192013,50,19,0.6,"[28129.847483539237, 422.2596983909607]"
F192013,50,19,0.7,"[27014.82796538723, 492.23808693885803]"
F192013,50,19,0.8,"[26419.356635876265, 562.3409514427185]"
F192013,50,19,0.9,"[26060.699526060354, 632.317241191864]"
F192013,50,19,1.0,"[25839.261446501918, 702.4491097927094]"
F192013,50,20,0.01,"[3261622.933725291, 7.1126158237457275]"
F192013,50,20,0.1,"[243469.57051467468, 70.75479030609131]"
F192013,50,20,0.2,"[118424.53355985074, 141.3682177066803]"
F192013,50,20,0.3,"[82595.40536067757, 211.8497269153595]"
F192013,50,20,0.4,"[65520.12963993664, 282.3780896663666]"
F192013,50,20,0.5,"[55488.04204208131, 352.90455317497253]"
F192013,50,20,0.6,"[48906.57815263399, 423.4117171764374]"
F192013,50,20,0.7,"[44359.37738596942, 493.5345227718353]"
F192013,50,20,0.8,"[41036.05193319484, 563.702005147934]"
F192013,50,20,0.9,"[38489.19139604121, 633.6455345153809]"
F192013,50,20,1.0,"[36386.385642668414, 703.8033692836761]"
F192013,50,21,0.01,"[4208993.184275625, 7.112138271331787]"
F192013,50,21,0.1,"[307707.9600803632, 70.61688470840454]"
F192013,50,21,0.2,"[134478.20062394353, 141.14341020584106]"
F192013,50,21,0.3,"[87434.81983819857, 211.51978969573975]"
F192013,50,21,0.4,"[65899.63165730108, 281.9415123462677]"
F192013,50,21,0.5,"[53847.395129835, 352.4155683517456]"
F192013,50,21,0.6,"[46179.71308202549, 422.8549301624298]"
F192013,50,21,0.7,"[40821.42237046742, 493.06005024909973]"
F192013,50,21,0.8,"[37001.580979202576, 563.2459690570831]"
F192013,50,21,0.9,"[34184.50869595937, 633.410493850708]"
F192013,50,21,1.0,"[31992.460513658996, 703.6147584915161]"
F192013,50,22,0.01,"[228728.60625919496, 7.184950351715088]"
F192013,50,22,0.1,"[17869.342935352888, 70.76868438720703]"
F192013,50,22,0.2,"[9754.578644894493, 141.1713206768036]"
F192013,50,22,0.3,"[8322.55198595023, 211.39184093475342]"
F192013,50,22,0.4,"[8056.359323508261, 281.8261420726776]"
F192013,50,22,0.5,"[7990.4331863470525, 352.3152964115143]"
F192013,50,22,0.6,"[7988.982851442886, 422.6243591308594]"
F192013,50,22,0.7,"[7976.990266246314, 492.757933139801]"
F192013,50,22,0.8,"[7970.496614145792, 562.944872379303]"
F192013,50,22,0.9,"[7978.566223824138, 632.9993858337402]"
F192013,50,22,1.0,"[7976.565870925162, 703.2050495147705]"
F192013,50,23,0.01,"[1842476.2850991336, 7.1410088539123535]"
F192013,50,23,0.1,"[178266.96143306667, 70.82457304000854]"
F192013,50,23,0.2,"[90130.33773709566, 141.81535148620605]"
F192013,50,23,0.3,"[61927.63988689275, 212.58465337753296]"
F192013,50,23,0.4,"[48423.23148250207, 283.39124870300293]"
F192013,50,23,0.5,"[41025.56002549155, 354.3050215244293]"
F192013,50,23,0.6,"[36297.0920992563, 425.1527044773102]"
F192013,50,23,0.7,"[33095.03600982415, 495.8661274909973]"
F192013,50,23,0.8,"[31003.160096982832, 566.4720215797424]"
F192013,50,23,0.9,"[29386.798380137316, 636.8398876190186]"
F192013,50,23,1.0,"[28179.434548158668, 707.5839233398438]"
F192013,50,24,0.01,"[808226.970776575, 7.1310577392578125]"
F192013,50,24,0.1,"[84394.37734012515, 70.80138850212097]"
F192013,50,24,0.2,"[42320.867713776766, 141.41451859474182]"
F192013,50,24,0.3,"[29476.79802041556, 211.78358840942383]"
F192013,50,24,0.4,"[23893.731584778645, 282.50023460388184]"
F192013,50,24,0.5,"[21134.628045418252, 353.0934827327728]"
F192013,50,24,0.6,"[19656.09376272389, 423.6550803184509]"
F192013,50,24,0.7,"[18751.800998983705, 494.07466769218445]"
F192013,50,24,0.8,"[18289.667645467096, 564.4798817634583]"
F192013,50,24,0.9,"[18150.971509696217, 634.7058231830597]"
F192013,50,24,1.0,"[18017.638575198194, 704.9597713947296]"
F192013,50,25,0.01,"[528437.9088481647, 7.133085489273071]"
F192013,50,25,0.1,"[39116.6274197303, 70.79803013801575]"
F192013,50,25,0.2,"[19824.85260419748, 141.60823607444763]"
F192013,50,25,0.3,"[14779.28550668599, 212.3555781841278]"
F192013,50,25,0.4,"[13164.617711171533, 283.70824241638184]"
F192013,50,25,0.5,"[12649.050811842693, 354.4219138622284]"
F192013,50,25,0.6,"[12536.063201320556, 425.18652415275574]"
F192013,50,25,0.7,"[12521.918522364527, 495.82685708999634]"
F192013,50,25,0.8,"[12521.481841892093, 566.3226220607758]"
F192013,50,25,0.9,"[12522.995005131308, 636.539824962616]"
F192013,50,25,1.0,"[12520.293460628513, 706.8244659900665]"
F192013,50,26,0.01,"[276602.5005700602, 7.120512008666992]"
F192013,50,26,0.1,"[19122.14046555683, 70.6930787563324]"
F192013,50,26,0.2,"[10858.449149230955, 141.42254042625427]"
F192013,50,26,0.3,"[9139.163726431458, 211.95600938796997]"
F192013,50,26,0.4,"[8904.931206005223, 282.5347557067871]"
F192013,50,26,0.5,"[8777.128641559813, 353.0681130886078]"
F192013,50,26,0.6,"[8740.64171194227, 423.65063643455505]"
F192013,50,26,0.7,"[8738.729263712354, 494.14045667648315]"
F192013,50,26,0.8,"[8736.826659905264, 564.5489842891693]"
F192013,50,26,0.9,"[8730.663579461992, 634.5315988063812]"
F192013,50,26,1.0,"[8725.780502307145, 704.6476526260376]"
F192013,50,27,0.01,"[291488.4675690536, 7.145901918411255]"
F192013,50,27,0.1,"[25841.228561899, 70.79834699630737]"
F192013,50,27,0.2,"[13173.372005722002, 141.5996377468109]"
F192013,50,27,0.3,"[10208.573232110188, 212.33072805404663]"
F192013,50,27,0.4,"[9519.121505867184, 283.25249767303467]"
F192013,50,27,0.5,"[9262.819116671035, 354.16218733787537]"
F192013,50,27,0.6,"[9209.690967831833, 425.0814256668091]"
F192013,50,27,0.7,"[9189.403294199805, 495.8911728858948]"
F192013,50,27,0.8,"[9178.164674523168, 566.8422210216522]"
F192013,50,27,0.9,"[9193.028576820196, 637.2685325145721]"
F192013,50,27,1.0,"[9185.988818400152, 707.8312056064606]"
F192013,50,28,0.01,"[840814.4916121443, 7.134110689163208]"
F192013,50,28,0.1,"[65003.47810419343, 70.76768398284912]"
F192013,50,28,0.2,"[36531.14901051735, 141.56474256515503]"
F192013,50,28,0.3,"[29011.34718428561, 212.31928491592407]"
F192013,50,28,0.4,"[26146.7718933779, 283.29443192481995]"
F192013,50,28,0.5,"[24647.642349667316, 353.9643876552582]"
F192013,50,28,0.6,"[23736.0454343179, 424.8182125091553]"
F192013,50,28,0.7,"[23253.332948258452, 495.66283226013184]"
F192013,50,28,0.8,"[22978.185993051757, 566.4795367717743]"
F192013,50,28,0.9,"[22881.818278377224, 637.0743510723114]"
F192013,50,28,1.0,"[22811.67172114482, 707.7551009654999]"
F192013,50,29,0.01,"[5962065.344442274, 7.082127332687378]"
F192013,50,29,0.1,"[480852.3006470305, 70.24207592010498]"
F192013,50,29,0.2,"[223852.69346162883, 140.45162892341614]"
F192013,50,29,0.3,"[147531.89389947645, 210.59874868392944]"
F192013,50,29,0.4,"[111384.75088522575, 280.6406674385071]"
F192013,50,29,0.5,"[90224.44358077965, 350.5761396884918]"
F192013,50,29,0.6,"[76207.70142467882, 420.6717813014984]"
F192013,50,29,0.7,"[66393.73596747904, 490.77472043037415]"
F192013,50,29,0.8,"[59075.10073447331, 560.962513923645]"
F192013,50,29,0.9,"[53473.935922107354, 631.1471509933472]"
F192013,50,29,1.0,"[49053.04926327088, 701.0023093223572]"
F192013,50,30,0.01,"[303851.9285160592, 7.126940011978149]"
F192013,50,30,0.1,"[27563.04959551869, 70.68587756156921]"
F192013,50,30,0.2,"[16410.68005699882, 141.37427377700806]"
F192013,50,30,0.3,"[13986.796009120815, 211.8041660785675]"
F192013,50,30,0.4,"[13505.783084993689, 282.7061324119568]"
F192013,50,30,0.5,"[13378.895585799783, 353.1644639968872]"
F192013,50,30,0.6,"[13342.235863369824, 423.7264897823334]"
F192013,50,30,0.7,"[13338.7038038117, 494.26120686531067]"
F192013,50,30,0.8,"[13311.679120284112, 564.9041504859924]"
F192013,50,30,0.9,"[13315.673512915877, 635.4712162017822]"
F192013,50,30,1.0,"[13306.667128986765, 705.8805379867554]"
F192013,50,31,0.01,"[179549.32427623085, 7.162156581878662]"
F192013,50,31,0.1,"[14694.855870419397, 71.07761430740356]"
F192013,50,31,0.2,"[7250.22137063175, 142.0670006275177]"
F192013,50,31,0.3,"[5516.091174743119, 212.84281373023987]"
F192013,50,31,0.4,"[5021.931247032863, 283.8259391784668]"
F192013,50,31,0.5,"[4916.279343485493, 354.5713601112366]"
F192013,50,31,0.6,"[4864.608142518709, 425.3250527381897]"
F192013,50,31,0.7,"[4862.5810724173025, 496.0090491771698]"
F192013,50,31,0.8,"[4859.9456167619055, 566.7166674137115]"
F192013,50,31,0.9,"[4861.4972218815465, 637.5002944469452]"
F192013,50,31,1.0,"[4861.302106440963, 708.0581703186035]"
F192013,50,32,0.01,"[3675995.7430114215, 7.678254127502441]"
F192013,50,32,0.1,"[333030.14833818376, 71.40335702896118]"
F192013,50,32,0.2,"[159587.4430113314, 142.1391885280609]"
F192013,50,32,0.3,"[106379.4332761418, 212.69073224067688]"
F192013,50,32,0.4,"[80614.94001161044, 283.66049337387085]"
F192013,50,32,0.5,"[65523.3505496493, 354.1936104297638]"
F192013,50,32,0.6,"[55647.330376975646, 424.91293263435364]"
F192013,50,32,0.7,"[48670.37528128901, 495.5720052719116]"
F192013,50,32,0.8,"[43592.547345270636, 566.2089314460754]"
F192013,50,32,0.9,"[39732.89105256898, 636.6931474208832]"
F192013,50,32,1.0,"[36728.19996301045, 713.4920058250427]"
F192013,50,33,0.01,"[824115.0276576556, 7.145345687866211]"
F192013,50,33,0.1,"[65060.6769989756, 70.79245376586914]"
F192013,50,33,0.2,"[32005.88837820489, 141.47586011886597]"
F192013,50,33,0.3,"[23183.780051589038, 212.07732439041138]"
F192013,50,33,0.4,"[19744.9234932678, 282.7488431930542]"
F192013,50,33,0.5,"[18190.05365922355, 353.20216703414917]"
F192013,50,33,0.6,"[17548.761075614853, 423.6682131290436]"
F192013,50,33,0.7,"[17130.494261832544, 494.0378828048706]"
F192013,50,33,0.8,"[16838.54519376717, 564.5170419216156]"
F192013,50,33,0.9,"[16687.645848774384, 634.9816691875458]"
F192013,50,33,1.0,"[16635.99063046438, 705.3013083934784]"
F192013,50,34,0.01,"[1914181.983878357, 7.126452207565308]"
F192013,50,34,0.1,"[154487.69153046247, 70.63487839698792]"
F192013,50,34,0.2,"[74870.32074371746, 141.2248251438141]"
F192013,50,34,0.3,"[52231.67640171891, 211.74199175834656]"
F192013,50,34,0.4,"[42030.054761202, 282.25057458877563]"
F192013,50,34,0.5,"[36531.533279199015, 352.61297631263733]"
F192013,50,34,0.6,"[33051.009566636414, 423.071973323822]"
F192013,50,34,0.7,"[30801.922868643618, 493.3395073413849]"
F192013,50,34,0.8,"[29291.62219338123, 563.6837494373322]"
F192013,50,34,0.9,"[28099.34320520367, 633.9862852096558]"
F192013,50,34,1.0,"[27205.703946830377, 704.3027982711792]"
F192013,50,35,0.01,"[275076.9151940149, 7.098167181015015]"
F192013,50,35,0.1,"[24588.161405920182, 70.34888410568237]"
F192013,50,35,0.2,"[15876.796504481625, 140.70328569412231]"
F192013,50,35,0.3,"[14355.308647877211, 210.8236198425293]"
F192013,50,35,0.4,"[13879.721687711075, 281.001695394516]"
F192013,50,35,0.5,"[13761.202423604882, 351.07504749298096]"
F192013,50,35,0.6,"[13692.01040725691, 421.2170178890228]"
F192013,50,35,0.7,"[13647.98019024268, 491.2541904449463]"
F192013,50,35,0.8,"[13632.018754898034, 561.3319487571716]"
F192013,50,35,0.9,"[13633.021605803006, 631.2959110736847]"
F192013,50,35,1.0,"[13627.388353689357, 701.3474879264832]"
F192013,50,36,0.01,"[1179048.3166095016, 7.106644153594971]"
F192013,50,36,0.1,"[98579.70382323686, 70.34258508682251]"
F192013,50,36,0.2,"[52193.77125534967, 140.61023139953613]"
F192013,50,36,0.3,"[39781.5280776281, 210.75328135490417]"
F192013,50,36,0.4,"[34292.00743669171, 280.9658246040344]"
F192013,50,36,0.5,"[31374.78114436601, 351.05755829811096]"
F192013,50,36,0.6,"[29517.389805978426, 421.2198667526245]"
F192013,50,36,0.7,"[28377.346525433695, 491.2925488948822]"
F192013,50,36,0.8,"[27607.487356245823, 561.3546140193939]"
F192013,50,36,0.9,"[27062.210575183566, 631.339254617691]"
F192013,50,36,1.0,"[26659.664864593236, 701.3767237663269]"
F192013,50,37,0.01,"[2194137.478594585, 7.1539881229400635]"
F192013,50,37,0.1,"[152656.24009217988, 70.89777946472168]"
F192013,50,37,0.2,"[74613.7821856944, 141.8590064048767]"
F192013,50,37,0.3,"[52775.32334236004, 212.59021472930908]"
F192013,50,37,0.4,"[42189.368197506825, 283.30123496055603]"
F192013,50,37,0.5,"[36159.682907529124, 354.1511285305023]"
F192013,50,37,0.6,"[32380.14371421872, 424.97809171676636]"
F192013,50,37,0.7,"[29941.426626013643, 495.68576169013977]"
F192013,50,37,0.8,"[28054.965532536586, 566.5264234542847]"
F192013,50,37,0.9,"[26713.776968863825, 637.1122372150421]"
F192013,50,37,1.0,"[25625.166382553954, 707.9048511981964]"
F192013,50,38,0.01,"[91847.40230256207, 7.150913238525391]"
F192013,50,38,0.1,"[8556.648467792218, 71.12734007835388]"
F192013,50,38,0.2,"[5836.690953715013, 142.1908459663391]"
F192013,50,38,0.3,"[5334.72197067437, 213.2195372581482]"
F192013,50,38,0.4,"[5202.924375713528, 284.3890881538391]"
F192013,50,38,0.5,"[5151.311271480617, 355.2971305847168]"
F192013,50,38,0.6,"[5139.154341813824, 426.3057231903076]"
F192013,50,38,0.7,"[5133.465477472889, 497.161509513855]"
F192013,50,38,0.8,"[5123.475154542054, 568.0405383110046]"
F192013,50,38,0.9,"[5126.436067105832, 638.9473164081573]"
F192013,50,38,1.0,"[5114.95898083567, 710.2181236743927]"
F192013,50,39,0.01,"[532998.6529404235, 7.148485422134399]"
F192013,50,39,0.1,"[39376.87548332729, 70.91892099380493]"
F192013,50,39,0.2,"[23252.403167756824, 141.8053960800171]"
F192013,50,39,0.3,"[20063.58569672156, 212.55054688453674]"
F192013,50,39,0.4,"[19065.029939435102, 283.3158211708069]"
F192013,50,39,0.5,"[18677.642149569205, 353.96528029441833]"
F192013,50,39,0.6,"[18510.954740233174, 424.71186327934265]"
F192013,50,39,0.7,"[18459.004077847647, 495.28823137283325]"
F192013,50,39,0.8,"[18384.690615110263, 565.9765846729279]"
F192013,50,39,0.9,"[18358.600235965536, 636.6144948005676]"
F192013,50,39,1.0,"[18351.62183654288, 707.2691297531128]"
F192013,50,40,0.01,"[3164790.7842650125, 7.102926731109619]"
F192013,50,40,0.1,"[284800.91913932364, 70.48984622955322]"
F192013,50,40,0.2,"[136147.19435443214, 141.0244972705841]"
F192013,50,40,0.3,"[92202.88345113948, 211.45354461669922]"
F192013,50,40,0.4,"[71216.94255303872, 282.1452705860138]"
F192013,50,40,0.5,"[58933.669553228356, 352.5232436656952]"
F192013,50,40,0.6,"[50874.9183955386, 422.98545479774475]"
F192013,50,40,0.7,"[45332.34926207368, 493.3472852706909]"
F192013,50,40,0.8,"[41184.463160631196, 563.8678903579712]"
F192013,50,40,0.9,"[38015.38729877627, 634.2952373027802]"
F192013,50,40,1.0,"[35626.63825475505, 704.6579654216766]"
F192013,50,41,0.01,"[1449787.001409815, 7.075878620147705]"
F192013,50,41,0.1,"[106333.16668420068, 70.22554063796997]"
F192013,50,41,0.2,"[53957.63145017442, 140.52105927467346]"
F192013,50,41,0.3,"[39537.274016944735, 210.77994775772095]"
F192013,50,41,0.4,"[33065.03410558579, 281.1607894897461]"
F192013,50,41,0.5,"[29459.109425182447, 351.44537138938904]"
F192013,50,41,0.6,"[27323.76986725136, 421.75520944595337]"
F192013,50,41,0.7,"[25873.266066846474, 491.9590265750885]"
F192013,50,41,0.8,"[24928.57192703213, 562.2023961544037]"
F192013,50,41,0.9,"[24325.210000361916, 632.377635717392]"
F192013,50,41,1.0,"[23879.133798067436, 702.6138823032379]"
F192013,50,42,0.01,"[1731754.8502867494, 7.140239953994751]"
F192013,50,42,0.1,"[129231.61858659924, 71.01899218559265]"
F192013,50,42,0.2,"[64652.706757235326, 142.1311273574829]"
F192013,50,42,0.3,"[46242.35427226737, 213.1118927001953]"
F192013,50,42,0.4,"[38305.79571972775, 284.1129434108734]"
F192013,50,42,0.5,"[33426.49088740082, 354.8644073009491]"
F192013,50,42,0.6,"[30560.620768143184, 425.64957213401794]"
F192013,50,42,0.7,"[28739.782895408014, 496.36616468429565]"
F192013,50,42,0.8,"[27259.28385438817, 567.1504814624786]"
F192013,50,42,0.9,"[26267.494287635305, 637.6992094516754]"
F192013,50,42,1.0,"[25647.589167592727, 708.3636250495911]"
F192013,50,43,0.01,"[2713705.4783622627, 7.130624532699585]"
F192013,50,43,0.1,"[273847.2906122269, 70.8240225315094]"
F192013,50,43,0.2,"[136936.01387132416, 141.64633512496948]"
F192013,50,43,0.3,"[94640.36102388472, 212.46875143051147]"
F192013,50,43,0.4,"[74317.77826422182, 283.270715713501]"
F192013,50,43,0.5,"[62079.97021664771, 354.06508708000183]"
F192013,50,43,0.6,"[54058.2534505207, 424.9917633533478]"
F192013,50,43,0.7,"[48245.6007909901, 495.651974439621]"
F192013,50,43,0.8,"[43922.62110480487, 566.371330499649]"
F192013,50,43,0.9,"[40736.69157286808, 637.0271663665771]"
F192013,50,43,1.0,"[38095.986271526315, 707.7217397689819]"
F192013,50,44,0.01,"[1454832.8229594592, 7.12935209274292]"
F192013,50,44,0.1,"[110360.38205335273, 70.6981770992279]"
F192013,50,44,0.2,"[55413.891766269204, 141.43191528320312]"
F192013,50,44,0.3,"[40465.28194954774, 212.07960057258606]"
F192013,50,44,0.4,"[33862.68104245623, 282.7478337287903]"
F192013,50,44,0.5,"[30166.585134844645, 353.3005721569061]"
F192013,50,44,0.6,"[28021.749589622556, 424.09588289260864]"
F192013,50,44,0.7,"[26660.7116801424, 494.6806366443634]"
F192013,50,44,0.8,"[25632.412477643193, 565.1658537387848]"
F192013,50,44,0.9,"[24984.670345405455, 635.590815782547]"
F192013,50,44,1.0,"[24593.272991563488, 706.0562472343445]"
F192013,50,45,0.01,"[6280185.595390303, 7.089542388916016]"
F192013,50,45,0.1,"[820817.2573934963, 70.25436544418335]"
F192013,50,45,0.2,"[403275.9482656153, 140.55322551727295]"
F192013,50,45,0.3,"[265698.0112524244, 210.7294726371765]"
F192013,50,45,0.4,"[198667.30373087706, 280.92173647880554]"
F192013,50,45,0.5,"[159207.37975198595, 351.0862147808075]"
F192013,50,45,0.6,"[133255.58917471036, 421.4770658016205]"
F192013,50,45,0.7,"[114731.24493968248, 491.8866562843323]"
F192013,50,45,0.8,"[101047.3851629104, 562.2872178554535]"
F192013,50,45,0.9,"[90461.27814251385, 632.4769077301025]"
F192013,50,45,1.0,"[82060.21027709433, 702.8122010231018]"
F192013,50,46,0.01,"[266207.8039577435, 7.184039831161499]"
F192013,50,46,0.1,"[18274.794940577198, 70.89430809020996]"
F192013,50,46,0.2,"[9532.688291613447, 141.723051071167]"
F192013,50,46,0.3,"[7555.109490158936, 212.4496636390686]"
F192013,50,46,0.4,"[7021.024914661752, 283.5043969154358]"
F192013,50,46,0.5,"[6891.335090574697, 354.1021213531494]"
F192013,50,46,0.6,"[6818.969925238389, 424.9167945384979]"
F192013,50,46,0.7,"[6792.690350163094, 495.75234270095825]"
F192013,50,46,0.8,"[6775.062832041191, 566.4879856109619]"
F192013,50,46,0.9,"[6770.875472586341, 637.1165473461151]"
F192013,50,46,1.0,"[6773.097544202652, 707.7649347782135]"
F192013,50,47,0.01,"[396276.2760622934, 7.055899143218994]"
F192013,50,47,0.1,"[31424.67779864851, 69.8277838230133]"
F192013,50,47,0.2,"[17716.620768750105, 139.74055981636047]"
F192013,50,47,0.3,"[14760.71365297298, 209.58271479606628]"
F192013,50,47,0.4,"[13959.864212381099, 279.5187814235687]"
F192013,50,47,0.5,"[13671.100490667532, 349.6757264137268]"
F192013,50,47,0.6,"[13568.897546357994, 419.9893231391907]"
F192013,50,47,0.7,"[13518.634494575559, 490.17508459091187]"
F192013,50,47,0.8,"[13493.824210283612, 560.3732850551605]"
F192013,50,47,0.9,"[13470.155020309667, 630.3980183601379]"
F192013,50,47,1.0,"[13461.522596544723, 700.6167430877686]"
F192013,50,48,0.01,"[1044859.1278003564, 7.05127739906311]"
F192013,50,48,0.1,"[75225.75946565063, 69.56432557106018]"
F192013,50,48,0.2,"[40683.04051689564, 139.21146249771118]"
F192013,50,48,0.3,"[31524.604023512682, 208.67746782302856]"
F192013,50,48,0.4,"[27703.67643433253, 278.0194339752197]"
F192013,50,48,0.5,"[25580.962171166495, 347.360472202301]"
F192013,50,48,0.6,"[24322.975537747032, 416.78299379348755]"
F192013,50,48,0.7,"[23475.943714042463, 486.1185305118561]"
F192013,50,48,0.8,"[22840.210176810262, 555.6168909072876]"
F192013,50,48,0.9,"[22529.287552622027, 624.9116096496582]"
F192013,50,48,1.0,"[22297.08840496828, 694.2769372463226]"
F192013,50,49,0.01,"[1160009.8950540049, 7.045434951782227]"
F192013,50,49,0.1,"[95497.45107095096, 69.68605446815491]"
F192013,50,49,0.2,"[45727.224960910535, 139.38742923736572]"
F192013,50,49,0.3,"[32368.429685001494, 209.11028933525085]"
F192013,50,49,0.4,"[26922.08607357047, 278.7981324195862]"
F192013,50,49,0.5,"[24142.884169164263, 348.467586517334]"
F192013,50,49,0.6,"[22979.821579985888, 418.2270941734314]"
F192013,50,49,0.7,"[22378.897207076072, 487.8985252380371]"
F192013,50,49,0.8,"[21995.99955637371, 557.7277321815491]"
F192013,50,49,0.9,"[21836.10693504429, 627.3385012149811]"
F192013,50,49,1.0,"[21627.138478433986, 697.0558304786682]"
F192013,50,50,0.01,"[556366.7900821979, 7.043755531311035]"
F192013,50,50,0.1,"[38666.43880309676, 69.64912796020508]"
F192013,50,50,0.2,"[20537.11372617865, 139.26116681098938]"
F192013,50,50,0.3,"[16216.567642436694, 208.86008548736572]"
F192013,50,50,0.4,"[14839.261623977069, 278.52707958221436]"
F192013,50,50,0.5,"[14327.740540074465, 347.7367389202118]"
F192013,50,50,0.6,"[14201.63647539253, 417.0936188697815]"
F192013,50,50,0.7,"[14118.3723708265, 486.3551368713379]"
F192013,50,50,0.8,"[14083.813337394298, 555.5682713985443]"
F192013,50,50,0.9,"[14077.26579328653, 624.815357208252]"
F192013,50,50,1.0,"[14077.108277542198, 694.0909519195557]"
