function,dimension,run,checkpoint,error
F262013,10,0,0.01,"[1424.0583230118718, 0.8622264862060547]"
F262013,10,0,0.1,"[416.07764881101616, 8.553328037261963]"
F262013,10,0,0.2,"[409.2805625823605, 17.08179020881653]"
F262013,10,0,0.3,"[411.17596218278845, 25.60985541343689]"
F262013,10,0,0.4,"[409.81783118628414, 34.15443754196167]"
F262013,10,0,0.5,"[410.0284029915456, 42.68867611885071]"
F262013,10,0,0.6,"[411.4095569672097, 51.22611927986145]"
F262013,10,0,0.7,"[410.3185156551467, 59.772958755493164]"
F262013,10,0,0.8,"[417.92560804471464, 68.31373333930969]"
F262013,10,0,0.9,"[411.00081239862016, 76.49578523635864]"
F262013,10,0,1.0,"[415.970732359654, 85.0219316482544]"
F262013,10,1,0.01,"[1298.2496606944123, 0.747915506362915]"
F262013,10,1,0.1,"[420.88214000929383, 7.419724464416504]"
F262013,10,1,0.2,"[412.6654253137667, 14.811828374862671]"
F262013,10,1,0.3,"[410.2821051757128, 22.20714020729065]"
F262013,10,1,0.4,"[411.88337572987257, 29.607633352279663]"
F262013,10,1,0.5,"[411.04702978395426, 36.999186992645264]"
F262013,10,1,0.6,"[410.5751363711652, 44.3924515247345]"
F262013,10,1,0.7,"[421.8393141708377, 51.79776191711426]"
F262013,10,1,0.8,"[408.12384978927366, 59.18804478645325]"
F262013,10,1,0.9,"[404.34754874145574, 66.58638072013855]"
F262013,10,1,1.0,"[414.1091918314751, 73.98750686645508]"
F262013,10,2,0.01,"[563.8600822286853, 0.7506792545318604]"
F262013,10,2,0.1,"[489.39814982352823, 7.463296175003052]"
F262013,10,2,0.2,"[489.32877249594003, 14.913273334503174]"
F262013,10,2,0.3,"[489.3287207428841, 22.362365007400513]"
F262013,10,2,0.4,"[489.32872698664687, 29.81786608695984]"
F262013,10,2,0.5,"[489.3287203312857, 37.27247071266174]"
F262013,10,2,0.6,"[489.32871869582095, 44.72273921966553]"
F262013,10,2,0.7,"[489.32872943159805, 52.176642179489136]"
F262013,10,2,0.8,"[489.3287185932563, 59.6225152015686]"
F262013,10,2,0.9,"[489.3287378709899, 67.07516574859619]"
F262013,10,2,1.0,"[489.3287324930948, 74.53662467002869]"
F262013,10,3,0.01,"[251.747060848636, 0.7503118515014648]"
F262013,10,3,0.1,"[249.24214564205658, 7.457215070724487]"
F262013,10,3,0.2,"[249.2421456420525, 14.890595436096191]"
F262013,10,3,0.3,"[249.24214564205658, 22.334123611450195]"
F262013,10,3,0.4,"[249.24214564205658, 29.783169269561768]"
F262013,10,3,0.5,"[249.2421456420525, 37.21371912956238]"
F262013,10,3,0.6,"[249.24214564205658, 44.64713907241821]"
F262013,10,3,0.7,"[249.24214564205658, 52.082897901535034]"
F262013,10,3,0.8,"[249.2421456420525, 59.510422706604004]"
F262013,10,3,0.9,"[249.24214564205658, 66.93609929084778]"
F262013,10,3,1.0,"[249.24214564205658, 74.37254524230957]"
F262013,10,4,0.01,"[597.9896736961296, 0.744664192199707]"
F262013,10,4,0.1,"[574.0898091547956, 7.403665065765381]"
F262013,10,4,0.2,"[573.2671752241758, 14.791685819625854]"
F262013,10,4,0.3,"[573.2955094069421, 22.18348240852356]"
F262013,10,4,0.4,"[573.2539751565466, 29.583850145339966]"
F262013,10,4,0.5,"[573.2565971321667, 36.979321002960205]"
F262013,10,4,0.6,"[573.3277602067681, 44.37253522872925]"
F262013,10,4,0.7,"[573.2282160686027, 51.77121710777283]"
F262013,10,4,0.8,"[573.2290711163957, 59.15890622138977]"
F262013,10,4,0.9,"[573.2338879826725, 66.55394792556763]"
F262013,10,4,1.0,"[573.2597050834233, 73.95602774620056]"
F262013,10,5,0.01,"[390.77049878545427, 0.7467834949493408]"
F262013,10,5,0.1,"[373.01193502150863, 7.4137468338012695]"
F262013,10,5,0.2,"[366.9962958605729, 14.804640769958496]"
F262013,10,5,0.3,"[350.85156679599527, 22.195302486419678]"
F262013,10,5,0.4,"[349.08138702566566, 29.595398426055908]"
F262013,10,5,0.5,"[352.404206134765, 36.99368691444397]"
F262013,10,5,0.6,"[349.6278461649258, 44.38770246505737]"
F262013,10,5,0.7,"[343.2001595007905, 51.78721499443054]"
F262013,10,5,0.8,"[341.3631081264832, 59.175618410110474]"
F262013,10,5,0.9,"[341.1181287551535, 66.5743055343628]"
F262013,10,5,1.0,"[337.90771514901553, 73.9744520187378]"
F262013,10,6,0.01,"[207.09746573814573, 0.7517633438110352]"
F262013,10,6,0.1,"[206.45964969436136, 7.459863185882568]"
F262013,10,6,0.2,"[206.45964969433703, 14.895511865615845]"
F262013,10,6,0.3,"[206.45964969435954, 22.331749200820923]"
F262013,10,6,0.4,"[206.45964969435954, 29.773879051208496]"
F262013,10,6,0.5,"[206.45964969433703, 37.21245789527893]"
F262013,10,6,0.6,"[206.45964969435954, 44.65240669250488]"
F262013,10,6,0.7,"[206.45964969435954, 52.09683132171631]"
F262013,10,6,0.8,"[206.45964969433703, 59.53058362007141]"
F262013,10,6,0.9,"[206.45964969435954, 66.97367739677429]"
F262013,10,6,1.0,"[206.45964969435954, 74.42055082321167]"
F262013,10,7,0.01,"[406.0266646893774, 0.7511940002441406]"
F262013,10,7,0.1,"[398.189889477454, 7.4539635181427]"
F262013,10,7,0.2,"[398.18694666032843, 14.88533616065979]"
F262013,10,7,0.3,"[398.1869418661079, 22.32107448577881]"
F262013,10,7,0.4,"[398.18694424202226, 29.761478662490845]"
F262013,10,7,0.5,"[398.18694003036853, 37.19876575469971]"
F262013,10,7,0.6,"[398.18694760620247, 44.63463497161865]"
F262013,10,7,0.7,"[398.18694170455115, 52.07091689109802]"
F262013,10,7,0.8,"[398.1869425318223, 59.49307465553284]"
F262013,10,7,0.9,"[398.186939092222, 66.92217779159546]"
F262013,10,7,1.0,"[398.18694068528066, 74.36249876022339]"
F262013,10,8,0.01,"[765.6828639482173, 0.7498147487640381]"
F262013,10,8,0.1,"[584.2065382590481, 7.457225561141968]"
F262013,10,8,0.2,"[584.2065188384217, 14.890923023223877]"
F262013,10,8,0.3,"[584.2065262927995, 22.322248697280884]"
F262013,10,8,0.4,"[584.2065337088375, 29.768091440200806]"
F262013,10,8,0.5,"[584.2065235107136, 37.20041108131409]"
F262013,10,8,0.6,"[584.2065363954657, 44.63340878486633]"
F262013,10,8,0.7,"[584.2065267768244, 52.07027268409729]"
F262013,10,8,0.8,"[584.2065199416807, 59.49530029296875]"
F262013,10,8,0.9,"[584.2065174588745, 66.93137621879578]"
F262013,10,8,1.0,"[584.2065146805758, 74.37143659591675]"
F262013,10,9,0.01,"[507.0647848511453, 0.7537145614624023]"
F262013,10,9,0.1,"[504.24464522867925, 7.481379747390747]"
F262013,10,9,0.2,"[504.24421353211847, 14.939837455749512]"
F262013,10,9,0.3,"[504.2442420577195, 22.398142099380493]"
F262013,10,9,0.4,"[504.2442313850527, 29.866565942764282]"
F262013,10,9,0.5,"[504.24421310759135, 37.32663321495056]"
F262013,10,9,0.6,"[504.2441949427862, 44.785107135772705]"
F262013,10,9,0.7,"[504.24448465852174, 52.25666260719299]"
F262013,10,9,0.8,"[504.24426514638117, 59.71565651893616]"
F262013,10,9,0.9,"[504.24434484899393, 67.17558288574219]"
F262013,10,9,1.0,"[504.24430702855625, 74.6415205001831]"
F262013,10,10,0.01,"[311.9119712196439, 0.7480213642120361]"
F262013,10,10,0.1,"[294.3764686538343, 7.435049295425415]"
F262013,10,10,0.2,"[294.37640939776315, 14.84703254699707]"
F262013,10,10,0.3,"[294.37640829779684, 22.260454177856445]"
F262013,10,10,0.4,"[294.3764179028458, 29.68049645423889]"
F262013,10,10,0.5,"[294.3764095101267, 37.09813094139099]"
F262013,10,10,0.6,"[294.3764065663886, 44.52067232131958]"
F262013,10,10,0.7,"[294.37641429125483, 51.94735074043274]"
F262013,10,10,0.8,"[294.37640743986753, 59.367473125457764]"
F262013,10,10,0.9,"[294.3764093938373, 66.7863380908966]"
F262013,10,10,1.0,"[294.37640656477333, 74.21267580986023]"
F262013,10,11,0.01,"[358.15717892049656, 0.7505717277526855]"
F262013,10,11,0.1,"[355.88928804080547, 7.45979642868042]"
F262013,10,11,0.2,"[348.20694232656933, 14.899174928665161]"
F262013,10,11,0.3,"[347.1834940535348, 22.33913779258728]"
F262013,10,11,0.4,"[348.441130527684, 29.785555362701416]"
F262013,10,11,0.5,"[348.82209331176773, 37.22564721107483]"
F262013,10,11,0.6,"[347.52199587856035, 44.66248035430908]"
F262013,10,11,0.7,"[347.5922297766101, 52.10737633705139]"
F262013,10,11,0.8,"[345.2321871449428, 59.54192519187927]"
F262013,10,11,0.9,"[350.67692210924656, 66.98430490493774]"
F262013,10,11,1.0,"[352.60412604692556, 74.4355115890503]"
F262013,10,12,0.01,"[461.4765680103337, 0.7500486373901367]"
F262013,10,12,0.1,"[397.3868421743987, 7.447810173034668]"
F262013,10,12,0.2,"[397.38681622480567, 14.883388757705688]"
F262013,10,12,0.3,"[397.3867683632609, 22.30847978591919]"
F262013,10,12,0.4,"[397.38678245432357, 29.739086627960205]"
F262013,10,12,0.5,"[397.38683285794536, 37.16732096672058]"
F262013,10,12,0.6,"[397.3868212142015, 44.59628486633301]"
F262013,10,12,0.7,"[397.3867768431853, 52.02993607521057]"
F262013,10,12,0.8,"[397.3867909009043, 59.453038930892944]"
F262013,10,12,0.9,"[397.3867758463373, 66.88390564918518]"
F262013,10,12,1.0,"[397.3868550031957, 74.31951093673706]"
F262013,10,13,0.01,"[393.13721539756284, 0.7524170875549316]"
F262013,10,13,0.1,"[391.2996669557481, 7.456133127212524]"
F262013,10,13,0.2,"[391.29966679578047, 14.888328552246094]"
F262013,10,13,0.3,"[391.29966679613017, 22.312827825546265]"
F262013,10,13,0.4,"[391.299666795906, 29.749582290649414]"
F262013,10,13,0.5,"[391.29966679585755, 37.17833924293518]"
F262013,10,13,0.6,"[391.2996667959592, 44.60307955741882]"
F262013,10,13,0.7,"[391.29966679583003, 52.03071665763855]"
F262013,10,13,0.8,"[391.29966679614563, 59.45846247673035]"
F262013,10,13,0.9,"[391.29966679592326, 66.88661026954651]"
F262013,10,13,1.0,"[391.2996667964467, 74.31797432899475]"
F262013,10,14,0.01,"[354.60074521718207, 0.749417781829834]"
F262013,10,14,0.1,"[348.9796680179952, 7.4333178997039795]"
F262013,10,14,0.2,"[342.0203415445985, 14.848095893859863]"
F262013,10,14,0.3,"[343.38132044854456, 22.25840663909912]"
F262013,10,14,0.4,"[341.6938380589447, 29.68325638771057]"
F262013,10,14,0.5,"[343.6847964377191, 37.10078310966492]"
F262013,10,14,0.6,"[341.13806761539877, 44.51851844787598]"
F262013,10,14,0.7,"[343.8971909448444, 51.93147659301758]"
F262013,10,14,0.8,"[347.8198442242192, 59.34579873085022]"
F262013,10,14,0.9,"[348.3699506948874, 66.76245164871216]"
F262013,10,14,1.0,"[348.67200533550704, 74.18904089927673]"
F262013,10,15,0.01,"[510.27732535519317, 0.7489240169525146]"
F262013,10,15,0.1,"[481.5969285063777, 7.449462652206421]"
F262013,10,15,0.2,"[480.16814543812916, 14.86578917503357]"
F262013,10,15,0.3,"[480.00871050282194, 22.28169298171997]"
F262013,10,15,0.4,"[479.99060672753376, 29.71342420578003]"
F262013,10,15,0.5,"[480.06264473796296, 37.13747215270996]"
F262013,10,15,0.6,"[480.01409131084165, 44.56000590324402]"
F262013,10,15,0.7,"[480.00948584200296, 51.9875922203064]"
F262013,10,15,0.8,"[480.03601323004295, 59.40734529495239]"
F262013,10,15,0.9,"[480.0053260030247, 66.83163571357727]"
F262013,10,15,1.0,"[480.0077314337027, 74.25318217277527]"
F262013,10,16,0.01,"[279.59685135685663, 0.7521555423736572]"
F262013,10,16,0.1,"[274.1172581231458, 7.463586330413818]"
F262013,10,16,0.2,"[274.1172581231474, 14.906205177307129]"
F262013,10,16,0.3,"[274.1172581231458, 22.34345507621765]"
F262013,10,16,0.4,"[274.1172581231458, 29.797803163528442]"
F262013,10,16,0.5,"[274.1172581231474, 37.2385733127594]"
F262013,10,16,0.6,"[274.1172581231458, 44.676716566085815]"
F262013,10,16,0.7,"[274.1172581231458, 52.122201442718506]"
F262013,10,16,0.8,"[274.1172581231474, 59.55812978744507]"
F262013,10,16,0.9,"[274.1172581231458, 67.00061774253845]"
F262013,10,16,1.0,"[274.1172581231458, 74.44937014579773]"
F262013,10,17,0.01,"[518.698032509943, 0.7552423477172852]"
F262013,10,17,0.1,"[414.0096284902679, 7.47379207611084]"
F262013,10,17,0.2,"[414.0093726456528, 14.933913469314575]"
F262013,10,17,0.3,"[414.00937264336835, 22.400498867034912]"
F262013,10,17,0.4,"[414.0093726438963, 29.874976634979248]"
F262013,10,17,0.5,"[414.0093726450923, 37.34347176551819]"
F262013,10,17,0.6,"[414.00937264428103, 44.80913209915161]"
F262013,10,17,0.7,"[414.0093726450732, 52.28596067428589]"
F262013,10,17,0.8,"[414.00937264521076, 59.75019836425781]"
F262013,10,17,0.9,"[414.0093726451014, 67.22156476974487]"
F262013,10,17,1.0,"[414.0093726446173, 74.693918466568]"
F262013,10,18,0.01,"[201.97051599189558, 0.748206615447998]"
F262013,10,18,0.1,"[200.06914330206587, 7.413131475448608]"
F262013,10,18,0.2,"[200.04902019597375, 14.814614295959473]"
F262013,10,18,0.3,"[200.03747851238427, 22.20353603363037]"
F262013,10,18,0.4,"[200.02975494352222, 29.60167622566223]"
F262013,10,18,0.5,"[200.02429138173716, 36.99174404144287]"
F262013,10,18,0.6,"[200.0202818816249, 44.383517026901245]"
F262013,10,18,0.7,"[200.01726804725809, 51.77780103683472]"
F262013,10,18,0.8,"[200.01497146824022, 59.16304898262024]"
F262013,10,18,0.9,"[200.0131964738432, 66.55508589744568]"
F262013,10,18,1.0,"[200.011807018539, 73.95542788505554]"
F262013,10,19,0.01,"[347.485248537992, 0.75197434425354]"
F262013,10,19,0.1,"[350.15730633936414, 7.463444709777832]"
F262013,10,19,0.2,"[342.09995402196523, 14.913845300674438]"
F262013,10,19,0.3,"[346.2889048283944, 22.36657452583313]"
F262013,10,19,0.4,"[345.5074046975694, 29.817925691604614]"
F262013,10,19,0.5,"[341.2498650680459, 37.263792514801025]"
F262013,10,19,0.6,"[348.2523985625721, 44.717886209487915]"
F262013,10,19,0.7,"[344.1660637320256, 52.172969579696655]"
F262013,10,19,0.8,"[344.5538120380743, 59.610641956329346]"
F262013,10,19,0.9,"[341.20034486123154, 67.06112694740295]"
F262013,10,19,1.0,"[336.3300713244307, 74.51052188873291]"
F262013,10,20,0.01,"[200.73944319050838, 0.752727746963501]"
F262013,10,20,0.1,"[200.08866645468652, 7.476327657699585]"
F262013,10,20,0.2,"[200.04324449343972, 14.924012899398804]"
F262013,10,20,0.3,"[200.0251844854024, 22.3702335357666]"
F262013,10,20,0.4,"[200.01673690178336, 29.824613332748413]"
F262013,10,20,0.5,"[200.0124143116284, 37.2768714427948]"
F262013,10,20,0.6,"[200.00992731104998, 44.724552154541016]"
F262013,10,20,0.7,"[200.00831449042585, 52.177334785461426]"
F262013,10,20,0.8,"[200.00716544441912, 59.624664306640625]"
F262013,10,20,0.9,"[200.00628537005764, 67.07800936698914]"
F262013,10,20,1.0,"[200.00557897087265, 74.53874707221985]"
F262013,10,21,0.01,"[409.2357088670128, 0.7525601387023926]"
F262013,10,21,0.1,"[394.53050155773144, 7.4712560176849365]"
F262013,10,21,0.2,"[394.53029546213065, 14.91781735420227]"
F262013,10,21,0.3,"[394.5390554713133, 22.359131813049316]"
F262013,10,21,0.4,"[394.53068094419814, 29.80662751197815]"
F262013,10,21,0.5,"[394.53056056644846, 37.2441565990448]"
F262013,10,21,0.6,"[394.53056111033425, 44.684215784072876]"
F262013,10,21,0.7,"[394.5324574726062, 52.128124713897705]"
F262013,10,21,0.8,"[394.5301646683299, 59.56068992614746]"
F262013,10,21,0.9,"[394.5343113425529, 66.99959230422974]"
F262013,10,21,1.0,"[394.5334129678936, 74.44205665588379]"
F262013,10,22,0.01,"[275.10219319244493, 0.748248815536499]"
F262013,10,22,0.1,"[264.20179873346115, 7.438884735107422]"
F262013,10,22,0.2,"[264.9283204629196, 14.85224461555481]"
F262013,10,22,0.3,"[264.09377302392295, 22.272491216659546]"
F262013,10,22,0.4,"[263.99657420402605, 29.693349361419678]"
F262013,10,22,0.5,"[264.36568762123534, 37.102947473526]"
F262013,10,22,0.6,"[264.1286594638939, 44.51256322860718]"
F262013,10,22,0.7,"[264.09461705364924, 51.927618741989136]"
F262013,10,22,0.8,"[264.0547166320687, 59.33503437042236]"
F262013,10,22,0.9,"[264.06053103028216, 66.74957180023193]"
F262013,10,22,1.0,"[264.07583221050027, 74.16882467269897]"
F262013,10,23,0.01,"[428.3257040198796, 0.7484662532806396]"
F262013,10,23,0.1,"[407.7170181796266, 7.4380433559417725]"
F262013,10,23,0.2,"[407.71759277214915, 14.861345291137695]"
F262013,10,23,0.3,"[407.7167387691825, 22.29553198814392]"
F262013,10,23,0.4,"[407.7171637161623, 29.730426788330078]"
F262013,10,23,0.5,"[407.7169550212948, 37.15622425079346]"
F262013,10,23,0.6,"[407.7165385582812, 44.584275007247925]"
F262013,10,23,0.7,"[407.71776979688457, 52.013978004455566]"
F262013,10,23,0.8,"[407.7167988338276, 59.434316873550415]"
F262013,10,23,0.9,"[407.7171542149156, 66.85383248329163]"
F262013,10,23,1.0,"[407.71659442751707, 74.28152251243591]"
F262013,10,24,0.01,"[202.20520052048187, 0.7473511695861816]"
F262013,10,24,0.1,"[200.48733223227305, 7.423523426055908]"
F262013,10,24,0.2,"[200.32588118131412, 14.83034634590149]"
F262013,10,24,0.3,"[200.22323380403327, 22.236043214797974]"
F262013,10,24,0.4,"[200.1563727768671, 29.649324417114258]"
F262013,10,24,0.5,"[200.11203119461584, 37.060924768447876]"
F262013,10,24,0.6,"[200.0819256936045, 44.47594332695007]"
F262013,10,24,0.7,"[200.06104315791936, 51.89621710777283]"
F262013,10,24,0.8,"[200.04624768594635, 59.31271481513977]"
F262013,10,24,0.9,"[200.03552673791887, 66.73939538002014]"
F262013,10,24,1.0,"[200.0276040205449, 74.1627357006073]"
F262013,10,25,0.01,"[700.4867219918319, 0.7435660362243652]"
F262013,10,25,0.1,"[699.7584234081119, 7.38881254196167]"
F262013,10,25,0.2,"[699.7734199639808, 14.760130882263184]"
F262013,10,25,0.3,"[699.7601527251009, 22.13898539543152]"
F262013,10,25,0.4,"[699.7599790899133, 29.522462844848633]"
F262013,10,25,0.5,"[699.7625767038317, 36.90001630783081]"
F262013,10,25,0.6,"[699.7619501602651, 44.2741322517395]"
F262013,10,25,0.7,"[699.7671119051695, 51.65504312515259]"
F262013,10,25,0.8,"[699.7584045349877, 59.02737808227539]"
F262013,10,25,0.9,"[699.7608916763077, 66.40454316139221]"
F262013,10,25,1.0,"[699.7582238460968, 73.78794956207275]"
F262013,10,26,0.01,"[581.5743043431783, 0.7497353553771973]"
F262013,10,26,0.1,"[538.7957293914276, 7.437966346740723]"
F262013,10,26,0.2,"[538.7950600289053, 14.848982334136963]"
F262013,10,26,0.3,"[538.7950600289719, 22.25852656364441]"
F262013,10,26,0.4,"[538.795060028998, 29.68144941329956]"
F262013,10,26,0.5,"[538.7950600289266, 37.0985631942749]"
F262013,10,26,0.6,"[538.7950600290246, 44.51641082763672]"
F262013,10,26,0.7,"[538.7950600289619, 51.94342851638794]"
F262013,10,26,0.8,"[538.7950600288423, 59.358723878860474]"
F262013,10,26,0.9,"[538.795060029021, 66.78062057495117]"
F262013,10,26,1.0,"[538.7950600289923, 74.20326948165894]"
F262013,10,27,0.01,"[711.752032963921, 0.7503516674041748]"
F262013,10,27,0.1,"[411.353270159045, 7.439549922943115]"
F262013,10,27,0.2,"[414.0870203944505, 14.870782136917114]"
F262013,10,27,0.3,"[411.7977390325441, 22.293321132659912]"
F262013,10,27,0.4,"[416.9267516250038, 29.724384307861328]"
F262013,10,27,0.5,"[411.637645167287, 37.14836645126343]"
F262013,10,27,0.6,"[444.52380964986173, 44.57471036911011]"
F262013,10,27,0.7,"[407.5884338327205, 52.00213432312012]"
F262013,10,27,0.8,"[418.69313504594015, 59.42300200462341]"
F262013,10,27,0.9,"[416.9594972718753, 66.84897541999817]"
F262013,10,27,1.0,"[410.5116369837483, 74.27934741973877]"
F262013,10,28,0.01,"[204.47309311278877, 0.7509574890136719]"
F262013,10,28,0.1,"[200.25807609833532, 7.4736247062683105]"
F262013,10,28,0.2,"[200.09538541387064, 14.910116195678711]"
F262013,10,28,0.3,"[200.065830051773, 22.339290380477905]"
F262013,10,28,0.4,"[200.04751345138993, 29.778979301452637]"
F262013,10,28,0.5,"[200.03501855010336, 37.21430778503418]"
F262013,10,28,0.6,"[200.02630307303207, 44.64436745643616]"
F262013,10,28,0.7,"[200.02015514839172, 52.094611406326294]"
F262013,10,28,0.8,"[200.01580140892202, 59.53082871437073]"
F262013,10,28,0.9,"[200.0126968668485, 66.99912309646606]"
F262013,10,28,1.0,"[200.01047016002053, 74.4407229423523]"
F262013,10,29,0.01,"[542.9823579622043, 0.7516729831695557]"
F262013,10,29,0.1,"[405.80644186216205, 7.45116662979126]"
F262013,10,29,0.2,"[379.6120204127217, 14.896937370300293]"
F262013,10,29,0.3,"[388.0424406848733, 22.33985948562622]"
F262013,10,29,0.4,"[365.22314541896253, 29.794206380844116]"
F262013,10,29,0.5,"[360.5717642190732, 37.25338935852051]"
F262013,10,29,0.6,"[365.9649905636511, 44.68908166885376]"
F262013,10,29,0.7,"[368.096778269148, 52.12831473350525]"
F262013,10,29,0.8,"[367.9261171536284, 59.5574049949646]"
F262013,10,29,0.9,"[362.5253793935676, 66.99309706687927]"
F262013,10,29,1.0,"[360.5243854922146, 74.43900084495544]"
F262013,10,30,0.01,"[485.4061254413732, 0.7476720809936523]"
F262013,10,30,0.1,"[484.4264144592821, 7.41808295249939]"
F262013,10,30,0.2,"[484.3726442775742, 14.815632820129395]"
F262013,10,30,0.3,"[484.39326843579965, 22.211361408233643]"
F262013,10,30,0.4,"[484.18449793530385, 29.61671209335327]"
F262013,10,30,0.5,"[484.07531247359907, 37.01540017127991]"
F262013,10,30,0.6,"[484.1705666721132, 44.411975383758545]"
F262013,10,30,0.7,"[483.8071352320999, 51.81255841255188]"
F262013,10,30,0.8,"[484.19581020253736, 59.20723867416382]"
F262013,10,30,0.9,"[483.80402481792953, 66.61056685447693]"
F262013,10,30,1.0,"[484.20785660727984, 74.01612758636475]"
F262013,10,31,0.01,"[271.10756228243645, 0.747298002243042]"
F262013,10,31,0.1,"[264.1806624943806, 7.450077772140503]"
F262013,10,31,0.2,"[264.1687117069175, 14.847511291503906]"
F262013,10,31,0.3,"[264.1686985772312, 22.25697088241577]"
F262013,10,31,0.4,"[264.16869856837866, 29.66123127937317]"
F262013,10,31,0.5,"[264.1686985683332, 37.05316972732544]"
F262013,10,31,0.6,"[264.1686985683748, 44.446897983551025]"
F262013,10,31,0.7,"[264.1686985683739, 51.85738205909729]"
F262013,10,31,0.8,"[264.1686985683084, 59.25408887863159]"
F262013,10,31,0.9,"[264.16869856773747, 66.65539336204529]"
F262013,10,31,1.0,"[264.1686985677193, 74.06223559379578]"
F262013,10,32,0.01,"[388.10154292598236, 0.7443897724151611]"
F262013,10,32,0.1,"[390.6565306372556, 7.396273612976074]"
F262013,10,32,0.2,"[342.79443499646504, 14.781560897827148]"
F262013,10,32,0.3,"[353.72498179329045, 22.167705297470093]"
F262013,10,32,0.4,"[349.14497489054156, 29.56074047088623]"
F262013,10,32,0.5,"[351.3723974632055, 36.94702982902527]"
F262013,10,32,0.6,"[360.00213424437175, 44.33044767379761]"
F262013,10,32,0.7,"[353.5833812401743, 51.71862292289734]"
F262013,10,32,0.8,"[348.1674506364941, 59.09716749191284]"
F262013,10,32,0.9,"[347.99410441897635, 66.47704076766968]"
F262013,10,32,1.0,"[348.9750363759572, 73.86243724822998]"
F262013,10,33,0.01,"[606.1368882797979, 0.7499780654907227]"
F262013,10,33,0.1,"[606.0875971132441, 7.438994646072388]"
F262013,10,33,0.2,"[606.0876019177797, 14.862597227096558]"
F262013,10,33,0.3,"[606.0875961180216, 22.287909030914307]"
F262013,10,33,0.4,"[606.0875970016773, 29.72343420982361]"
F262013,10,33,0.5,"[606.0875962225555, 37.1426522731781]"
F262013,10,33,0.6,"[606.087597309508, 44.563803911209106]"
F262013,10,33,0.7,"[606.0876082063032, 51.9894163608551]"
F262013,10,33,0.8,"[606.0875992588626, 59.40947079658508]"
F262013,10,33,0.9,"[606.0875960095327, 66.82815670967102]"
F262013,10,33,1.0,"[606.08759984024, 74.3773627281189]"
F262013,10,34,0.01,"[715.8310916598177, 0.7453129291534424]"
F262013,10,34,0.1,"[414.2616704285583, 7.396131992340088]"
F262013,10,34,0.2,"[413.25952989454095, 14.77251124382019]"
F262013,10,34,0.3,"[420.26947820199666, 22.153419733047485]"
F262013,10,34,0.4,"[413.2791740716102, 29.541887283325195]"
F262013,10,34,0.5,"[414.6393870365696, 36.92265605926514]"
F262013,10,34,0.6,"[414.69015998583154, 44.30255961418152]"
F262013,10,34,0.7,"[410.5396423978136, 51.688650131225586]"
F262013,10,34,0.8,"[410.2833119141087, 59.06326103210449]"
F262013,10,34,0.9,"[411.00027338528525, 66.44199347496033]"
F262013,10,34,1.0,"[410.8900411088423, 73.84073448181152]"
F262013,10,35,0.01,"[364.89782359397236, 0.7490074634552002]"
F262013,10,35,0.1,"[356.27830382702587, 7.444124221801758]"
F262013,10,35,0.2,"[361.29548048865945, 14.87813115119934]"
F262013,10,35,0.3,"[363.33488154832, 22.30099892616272]"
F262013,10,35,0.4,"[361.8285567938433, 29.73514676094055]"
F262013,10,35,0.5,"[355.5653645340119, 37.16618275642395]"
F262013,10,35,0.6,"[364.53169402993217, 44.596842527389526]"
F262013,10,35,0.7,"[378.9970008962639, 52.03203535079956]"
F262013,10,35,0.8,"[377.59034958500615, 59.457093954086304]"
F262013,10,35,0.9,"[363.18927573886685, 66.89005398750305]"
F262013,10,35,1.0,"[368.988364586407, 74.32692432403564]"
F262013,10,36,0.01,"[228.51988642708147, 0.7508249282836914]"
F262013,10,36,0.1,"[216.4315587547144, 7.425389528274536]"
F262013,10,36,0.2,"[216.43069220066968, 14.82710886001587]"
F262013,10,36,0.3,"[216.4306218402587, 22.229474544525146]"
F262013,10,36,0.4,"[216.4306407821132, 29.640990257263184]"
F262013,10,36,0.5,"[216.43061914812506, 37.03932166099548]"
F262013,10,36,0.6,"[216.43063094167428, 44.440019845962524]"
F262013,10,36,0.7,"[216.4306323247929, 51.84614539146423]"
F262013,10,36,0.8,"[216.4306228445439, 59.242884159088135]"
F262013,10,36,0.9,"[216.4306197145338, 66.65115451812744]"
F262013,10,36,1.0,"[216.43062077630157, 74.05594515800476]"
F262013,10,37,0.01,"[483.4891833326308, 0.7471530437469482]"
F262013,10,37,0.1,"[427.08207804515564, 7.4166419506073]"
F262013,10,37,0.2,"[427.0820786018521, 14.816230535507202]"
F262013,10,37,0.3,"[427.08207727920217, 22.236669063568115]"
F262013,10,37,0.4,"[427.08207738931696, 29.651600122451782]"
F262013,10,37,0.5,"[427.0820771074441, 37.06248641014099]"
F262013,10,37,0.6,"[427.082077764195, 44.467307567596436]"
F262013,10,37,0.7,"[427.0820775627967, 51.870177268981934]"
F262013,10,37,0.8,"[427.0820771209537, 59.26767182350159]"
F262013,10,37,0.9,"[427.08207703190146, 66.67336535453796]"
F262013,10,37,1.0,"[427.08207707675274, 74.09048867225647]"
F262013,10,38,0.01,"[371.3251476277828, 0.7448756694793701]"
F262013,10,38,0.1,"[365.96719616416794, 7.398889064788818]"
F262013,10,38,0.2,"[365.9514757092975, 14.781677007675171]"
F262013,10,38,0.3,"[365.94813750250046, 22.16757893562317]"
F262013,10,38,0.4,"[365.9472412676705, 29.55024242401123]"
F262013,10,38,0.5,"[365.94698575352345, 36.92754769325256]"
F262013,10,38,0.6,"[365.94690778491963, 44.303173780441284]"
F262013,10,38,0.7,"[365.94688433891747, 51.68641138076782]"
F262013,10,38,0.8,"[365.9468749120799, 59.071186780929565]"
F262013,10,38,0.9,"[365.9468728343502, 66.44996285438538]"
F262013,10,38,1.0,"[365.9468703067214, 73.82828330993652]"
F262013,10,39,0.01,"[249.88351497128247, 0.751333475112915]"
F262013,10,39,0.1,"[245.91073616674748, 7.4492011070251465]"
F262013,10,39,0.2,"[245.8878517547787, 14.882396697998047]"
F262013,10,39,0.3,"[245.8861655682681, 22.316123723983765]"
F262013,10,39,0.4,"[245.8876388609367, 29.77200174331665]"
F262013,10,39,0.5,"[245.8905556637933, 37.20926547050476]"
F262013,10,39,0.6,"[245.88890453225667, 44.64725208282471]"
F262013,10,39,0.7,"[245.88784875745932, 52.08940935134888]"
F262013,10,39,0.8,"[245.8870961384232, 59.52312898635864]"
F262013,10,39,0.9,"[245.88990043075864, 66.96230673789978]"
F262013,10,39,1.0,"[245.8857735471547, 74.40425753593445]"
F262013,10,40,0.01,"[259.5799621872816, 0.7512822151184082]"
F262013,10,40,0.1,"[203.33429165553798, 7.454080104827881]"
F262013,10,40,0.2,"[202.13490225239798, 14.899726390838623]"
F262013,10,40,0.3,"[201.49842210254292, 22.350154876708984]"
F262013,10,40,0.4,"[201.13777558437073, 29.798713445663452]"
F262013,10,40,0.5,"[200.92705628877457, 37.23550868034363]"
F262013,10,40,0.6,"[200.79671795640115, 44.67152762413025]"
F262013,10,40,0.7,"[200.7086976365797, 52.1157329082489]"
F262013,10,40,0.8,"[200.64524036451212, 59.55256938934326]"
F262013,10,40,0.9,"[200.59607088495, 66.98715901374817]"
F262013,10,40,1.0,"[200.55565939140683, 74.43140769004822]"
F262013,10,41,0.01,"[351.17884807599467, 0.7445969581604004]"
F262013,10,41,0.1,"[350.63861841479, 7.402761459350586]"
F262013,10,41,0.2,"[357.1518842331009, 14.791992664337158]"
F262013,10,41,0.3,"[356.6568763827795, 22.18145728111267]"
F262013,10,41,0.4,"[354.2726829099147, 29.583303928375244]"
F262013,10,41,0.5,"[348.05819891499914, 36.97689414024353]"
F262013,10,41,0.6,"[348.85594011725334, 44.36150360107422]"
F262013,10,41,0.7,"[352.9216750739538, 51.751060485839844]"
F262013,10,41,0.8,"[350.52691396958767, 59.129958629608154]"
F262013,10,41,0.9,"[348.6207017358429, 66.51518034934998]"
F262013,10,41,1.0,"[352.06625220272736, 73.91472482681274]"
F262013,10,42,0.01,"[577.3595248301199, 0.7446959018707275]"
F262013,10,42,0.1,"[531.7641455680296, 7.38365364074707]"
F262013,10,42,0.2,"[531.7643759278972, 14.75044560432434]"
F262013,10,42,0.3,"[531.7609432510565, 22.11734175682068]"
F262013,10,42,0.4,"[531.7607292942748, 29.495569944381714]"
F262013,10,42,0.5,"[531.762232706172, 36.861329793930054]"
F262013,10,42,0.6,"[531.7650112858523, 44.22835564613342]"
F262013,10,42,0.7,"[531.7681892877474, 51.59730625152588]"
F262013,10,42,0.8,"[531.7641572147497, 58.959309577941895]"
F262013,10,42,0.9,"[531.7613504907758, 66.32337069511414]"
F262013,10,42,1.0,"[531.760964528771, 73.69959759712219]"
F262013,10,43,0.01,"[234.27277795307464, 0.7454652786254883]"
F262013,10,43,0.1,"[229.36305778960673, 7.404281377792358]"
F262013,10,43,0.2,"[229.3630578487432, 14.789949178695679]"
F262013,10,43,0.3,"[229.36305776449626, 22.176734447479248]"
F262013,10,43,0.4,"[229.36305798025364, 29.57459545135498]"
F262013,10,43,0.5,"[229.3630583706431, 36.96963953971863]"
F262013,10,43,0.6,"[229.36305776424228, 44.362722635269165]"
F262013,10,43,0.7,"[229.36305775530468, 51.76782941818237]"
F262013,10,43,0.8,"[229.36305790340884, 59.14485836029053]"
F262013,10,43,0.9,"[229.36305777284406, 66.52646732330322]"
F262013,10,43,1.0,"[229.36305777995176, 73.91798138618469]"
F262013,10,44,0.01,"[200.9770316357742, 0.7453539371490479]"
F262013,10,44,0.1,"[200.15755015164746, 7.39355206489563]"
F262013,10,44,0.2,"[200.10640797810993, 14.772220611572266]"
F262013,10,44,0.3,"[200.0761349583811, 22.15081214904785]"
F262013,10,44,0.4,"[200.0573178666657, 29.535342693328857]"
F262013,10,44,0.5,"[200.04475489535298, 36.92104434967041]"
F262013,10,44,0.6,"[200.03584428794102, 44.29697847366333]"
F262013,10,44,0.7,"[200.02933072068004, 51.675490379333496]"
F262013,10,44,0.8,"[200.0244583583817, 59.04773497581482]"
F262013,10,44,0.9,"[200.0207206030932, 66.4231789112091]"
F262013,10,44,1.0,"[200.01780180414403, 73.80163884162903]"
F262013,10,45,0.01,"[212.44301081548042, 0.7496302127838135]"
F262013,10,45,0.1,"[200.41074567142232, 7.401921272277832]"
F262013,10,45,0.2,"[200.25439806424288, 14.813674211502075]"
F262013,10,45,0.3,"[200.21196342207713, 22.193867444992065]"
F262013,10,45,0.4,"[200.18840946656314, 29.57433557510376]"
F262013,10,45,0.5,"[200.17347810685237, 36.94511008262634]"
F262013,10,45,0.6,"[200.16258857891512, 44.31861162185669]"
F262013,10,45,0.7,"[200.15387245960437, 51.69153928756714]"
F262013,10,45,0.8,"[200.1466102154361, 59.059144258499146]"
F262013,10,45,0.9,"[200.1402390678254, 66.42826676368713]"
F262013,10,45,1.0,"[200.1343596737213, 73.80738949775696]"
F262013,10,46,0.01,"[319.09833999812236, 0.745377779006958]"
F262013,10,46,0.1,"[307.2402479233242, 7.431995391845703]"
F262013,10,46,0.2,"[307.240247921997, 14.890248775482178]"
F262013,10,46,0.3,"[307.24024826050004, 22.27217698097229]"
F262013,10,46,0.4,"[307.2402480250985, 29.67323637008667]"
F262013,10,46,0.5,"[307.2402479308462, 37.0540497303009]"
F262013,10,46,0.6,"[307.2402482650864, 44.43818664550781]"
F262013,10,46,0.7,"[307.24024792817863, 51.81967258453369]"
F262013,10,46,0.8,"[307.2402480819494, 59.193716526031494]"
F262013,10,46,0.9,"[307.2402479688683, 66.57306694984436]"
F262013,10,46,1.0,"[307.2402484627437, 73.96441149711609]"
F262013,10,47,0.01,"[202.74390281760225, 0.7454123497009277]"
F262013,10,47,0.1,"[200.3749529052102, 7.443070650100708]"
F262013,10,47,0.2,"[200.24767057923964, 14.826667070388794]"
F262013,10,47,0.3,"[200.18783812969173, 22.209053993225098]"
F262013,10,47,0.4,"[200.15381114815023, 29.59793710708618]"
F262013,10,47,0.5,"[200.13153479982657, 36.97866082191467]"
F262013,10,47,0.6,"[200.1155023813999, 44.355584383010864]"
F262013,10,47,0.7,"[200.10306329115633, 51.73526430130005]"
F262013,10,47,0.8,"[200.0929675918801, 59.104881286621094]"
F262013,10,47,0.9,"[200.08454438865397, 66.48839783668518]"
F262013,10,47,1.0,"[200.07738613531137, 73.88892245292664]"
F262013,10,48,0.01,"[953.3408117011313, 0.7418363094329834]"
F262013,10,48,0.1,"[410.42801363806893, 7.351982355117798]"
F262013,10,48,0.2,"[404.83771232886284, 14.692150354385376]"
F262013,10,48,0.3,"[410.25754841817707, 22.031609296798706]"
F262013,10,48,0.4,"[413.4530788873103, 29.37918734550476]"
F262013,10,48,0.5,"[412.90205899555394, 36.72386956214905]"
F262013,10,48,0.6,"[410.0399854913528, 44.06596803665161]"
F262013,10,48,0.7,"[410.3171096077531, 51.41625738143921]"
F262013,10,48,0.8,"[410.09663884735346, 58.75362849235535]"
F262013,10,48,0.9,"[411.47542222503785, 66.08807253837585]"
F262013,10,48,1.0,"[411.37429785122913, 73.43055701255798]"
F262013,10,49,0.01,"[212.73278098880428, 0.741793155670166]"
F262013,10,49,0.1,"[211.4341166080858, 7.354403257369995]"
F262013,10,49,0.2,"[211.43411660808533, 14.698936462402344]"
F262013,10,49,0.3,"[211.4341166080858, 22.043137788772583]"
F262013,10,49,0.4,"[211.4341166080858, 29.394174814224243]"
F262013,10,49,0.5,"[211.43411660808533, 36.74092960357666]"
F262013,10,49,0.6,"[211.4341166080858, 44.08394408226013]"
F262013,10,49,0.7,"[211.4341166080858, 51.4342086315155]"
F262013,10,49,0.8,"[211.43411660808533, 58.7778046131134]"
F262013,10,49,0.9,"[211.4341166080858, 66.11635661125183]"
F262013,10,49,1.0,"[211.4341166080858, 73.4660096168518]"
F262013,10,50,0.01,"[226.8130796684684, 0.7451117038726807]"
F262013,10,50,0.1,"[215.42984247024037, 7.350474119186401]"
F262013,10,50,0.2,"[215.41640936893737, 14.696679830551147]"
F262013,10,50,0.3,"[215.41640537292415, 22.045026302337646]"
F262013,10,50,0.4,"[215.4164053729046, 29.40010118484497]"
F262013,10,50,0.5,"[215.41640537296075, 36.74833536148071]"
F262013,10,50,0.6,"[215.41640537290027, 44.10024046897888]"
F262013,10,50,0.7,"[215.41640537236572, 51.4581241607666]"
F262013,10,50,0.8,"[215.4164053724212, 58.80422568321228]"
F262013,10,50,0.9,"[215.41640537238027, 66.15773916244507]"
F262013,10,50,1.0,"[215.41640537236526, 73.51759386062622]"
F262013,30,0,0.01,"[4092.6437781383856, 3.5758163928985596]"
F262013,30,0,0.1,"[415.5270279448862, 35.57242178916931]"
F262013,30,0,0.2,"[413.09413581665876, 71.14241313934326]"
F262013,30,0,0.3,"[411.99698182864995, 106.62521195411682]"
F262013,30,0,0.4,"[412.58855866085355, 142.01654195785522]"
F262013,30,0,0.5,"[411.77323473023444, 177.43666219711304]"
F262013,30,0,0.6,"[410.1239027689917, 212.80003666877747]"
F262013,30,0,0.7,"[410.7297844731454, 248.1636233329773]"
F262013,30,0,0.8,"[407.4120286674947, 283.7198669910431]"
F262013,30,0,0.9,"[409.0401808940767, 319.1266939640045]"
F262013,30,0,1.0,"[414.0427528775963, 354.5091779232025]"
F262013,30,1,0.01,"[4217.663127660992, 3.578058958053589]"
F262013,30,1,0.1,"[3627.357125820573, 35.5728645324707]"
F262013,30,1,0.2,"[3559.2133451612863, 71.12032747268677]"
F262013,30,1,0.3,"[3559.2105217980234, 106.65418100357056]"
F262013,30,1,0.4,"[3559.2105207793265, 142.1600968837738]"
F262013,30,1,0.5,"[3559.210520778848, 177.73005032539368]"
F262013,30,1,0.6,"[3559.210520778767, 213.18389558792114]"
F262013,30,1,0.7,"[3559.21052077862, 248.5714817047119]"
F262013,30,1,0.8,"[3559.210520778691, 283.9279057979584]"
F262013,30,1,0.9,"[3559.2105207786453, 319.3343143463135]"
F262013,30,1,1.0,"[3559.2105207786735, 354.7519500255585]"
F262013,30,2,0.01,"[2967.2532850406333, 3.5803587436676025]"
F262013,30,2,0.1,"[417.97146994957257, 35.67697763442993]"
F262013,30,2,0.2,"[412.80453419112837, 71.33920860290527]"
F262013,30,2,0.3,"[406.66520217302286, 106.97222948074341]"
F262013,30,2,0.4,"[406.92504139669563, 142.61183953285217]"
F262013,30,2,0.5,"[410.37524351208504, 181.2155191898346]"
F262013,30,2,0.6,"[410.66333276753267, 222.4123089313507]"
F262013,30,2,0.7,"[410.9158108321617, 263.5795669555664]"
F262013,30,2,0.8,"[411.49351395009353, 304.6824390888214]"
F262013,30,2,0.9,"[408.5589786085245, 345.6943025588989]"
F262013,30,2,1.0,"[420.53042786740207, 382.2829999923706]"
F262013,30,3,0.01,"[666.6564913658153, 3.5716919898986816]"
F262013,30,3,0.1,"[631.4104781831907, 35.58533787727356]"
F262013,30,3,0.2,"[631.4104781834667, 71.20747137069702]"
F262013,30,3,0.3,"[631.4104781835526, 106.7733941078186]"
F262013,30,3,0.4,"[631.4104781835958, 142.3195436000824]"
F262013,30,3,0.5,"[631.4104781839246, 177.92198038101196]"
F262013,30,3,0.6,"[631.4104781835413, 213.45593905448914]"
F262013,30,3,0.7,"[631.4104781837977, 249.09271788597107]"
F262013,30,3,0.8,"[631.4104781836108, 284.9093041419983]"
F262013,30,3,0.9,"[631.4104781836272, 320.4614598751068]"
F262013,30,3,1.0,"[631.4104781837345, 356.0186092853546]"
F262013,30,4,0.01,"[1860.1760239898085, 3.565629005432129]"
F262013,30,4,0.1,"[413.24386671069396, 35.54881429672241]"
F262013,30,4,0.2,"[410.3694934260179, 71.09486389160156]"
F262013,30,4,0.3,"[410.10692272618917, 106.63904786109924]"
F262013,30,4,0.4,"[410.84122320026245, 142.15314865112305]"
F262013,30,4,0.5,"[410.57148844470953, 177.69484949111938]"
F262013,30,4,0.6,"[413.99580227948127, 213.18902373313904]"
F262013,30,4,0.7,"[410.6872223175319, 248.7238700389862]"
F262013,30,4,0.8,"[413.04755625420603, 284.23852801322937]"
F262013,30,4,0.9,"[411.07263286837156, 319.77599120140076]"
F262013,30,4,1.0,"[410.7958047833856, 355.3318212032318]"
F262013,30,5,0.01,"[1928.4171743057113, 3.55411958694458]"
F262013,30,5,0.1,"[1835.5721599607282, 35.36436223983765]"
F262013,30,5,0.2,"[1835.5721599585645, 70.73565459251404]"
F262013,30,5,0.3,"[1835.5721599599574, 106.06843829154968]"
F262013,30,5,0.4,"[1835.5721599605017, 141.38471126556396]"
F262013,30,5,0.5,"[1835.5721599587068, 176.81033563613892]"
F262013,30,5,0.6,"[1835.5721599592525, 212.12899684906006]"
F262013,30,5,0.7,"[1835.5721599605931, 247.5229890346527]"
F262013,30,5,0.8,"[1835.5721599635672, 282.8434774875641]"
F262013,30,5,0.9,"[1835.5721599605872, 318.2090322971344]"
F262013,30,5,1.0,"[1835.5721599590051, 353.50977396965027]"
F262013,30,6,0.01,"[1559.0304454496554, 3.577505111694336]"
F262013,30,6,0.1,"[1507.4059422232062, 35.61275911331177]"
F262013,30,6,0.2,"[1507.4059593757675, 71.23327255249023]"
F262013,30,6,0.3,"[1507.4059092695525, 106.80455684661865]"
F262013,30,6,0.4,"[1507.4059239987682, 142.33220887184143]"
F262013,30,6,0.5,"[1507.4059346483446, 177.91744208335876]"
F262013,30,6,0.6,"[1507.405932270406, 213.4590299129486]"
F262013,30,6,0.7,"[1507.405906198528, 249.02545976638794]"
F262013,30,6,0.8,"[1507.405979848313, 284.5637230873108]"
F262013,30,6,0.9,"[1507.4059248564818, 320.1191191673279]"
F262013,30,6,1.0,"[1507.4060467699073, 355.65162229537964]"
F262013,30,7,0.01,"[1801.8514337310044, 3.581988573074341]"
F262013,30,7,0.1,"[510.14794444568815, 35.68229556083679]"
F262013,30,7,0.2,"[506.2046903786227, 71.36619639396667]"
F262013,30,7,0.3,"[471.95335051997563, 107.03416323661804]"
F262013,30,7,0.4,"[455.38917921935627, 142.69374680519104]"
F262013,30,7,0.5,"[458.0129817188099, 178.3733835220337]"
F262013,30,7,0.6,"[449.6866230809999, 214.01322388648987]"
F262013,30,7,0.7,"[468.1165297972166, 249.66806483268738]"
F262013,30,7,0.8,"[477.9259620634789, 285.303964138031]"
F262013,30,7,0.9,"[497.8872924981565, 320.9737334251404]"
F262013,30,7,1.0,"[472.55723214954764, 356.63267064094543]"
F262013,30,8,0.01,"[467.7988592673569, 3.5514562129974365]"
F262013,30,8,0.1,"[467.79343527617993, 35.35561561584473]"
F262013,30,8,0.2,"[468.7365867651581, 70.72880864143372]"
F262013,30,8,0.3,"[458.9276878138496, 106.06443619728088]"
F262013,30,8,0.4,"[471.5245516495629, 141.36580634117126]"
F262013,30,8,0.5,"[484.161879633783, 176.69832372665405]"
F262013,30,8,0.6,"[481.5950915831013, 211.99405312538147]"
F262013,30,8,0.7,"[472.3027829182654, 247.32838010787964]"
F262013,30,8,0.8,"[469.5326491744179, 282.6368238925934]"
F262013,30,8,0.9,"[459.4494831700142, 318.0207839012146]"
F262013,30,8,1.0,"[465.14721094195875, 353.3900089263916]"
F262013,30,9,0.01,"[1917.3105963868775, 3.5657927989959717]"
F262013,30,9,0.1,"[411.3281605726356, 35.517667293548584]"
F262013,30,9,0.2,"[411.6160634073917, 71.00333571434021]"
F262013,30,9,0.3,"[410.6758231798449, 106.42761611938477]"
F262013,30,9,0.4,"[410.1051726163928, 141.83787369728088]"
F262013,30,9,0.5,"[410.52349795995224, 177.29822826385498]"
F262013,30,9,0.6,"[413.5050732770585, 212.72778034210205]"
F262013,30,9,0.7,"[409.90009459893236, 248.15255045890808]"
F262013,30,9,0.8,"[413.0131843540148, 284.1920921802521]"
F262013,30,9,0.9,"[412.7537471825292, 319.5768392086029]"
F262013,30,9,1.0,"[411.16616792965806, 354.98826575279236]"
F262013,30,10,0.01,"[3026.917086673664, 3.5626368522644043]"
F262013,30,10,0.1,"[442.80294017590813, 35.36088585853577]"
F262013,30,10,0.2,"[417.0438464592946, 70.66449499130249]"
F262013,30,10,0.3,"[413.32857580314976, 105.95869064331055]"
F262013,30,10,0.4,"[413.91092651396957, 141.21723198890686]"
F262013,30,10,0.5,"[412.496905332961, 176.50825309753418]"
F262013,30,10,0.6,"[411.3574565945396, 211.75821542739868]"
F262013,30,10,0.7,"[411.40237731651587, 247.05199241638184]"
F262013,30,10,0.8,"[408.29758240757974, 282.32838201522827]"
F262013,30,10,0.9,"[412.75139937714175, 317.62590050697327]"
F262013,30,10,1.0,"[412.2104892175712, 352.91563081741333]"
F262013,30,11,0.01,"[2684.9228932688134, 3.5934031009674072]"
F262013,30,11,0.1,"[417.9399357625837, 35.81952953338623]"
F262013,30,11,0.2,"[411.3890892895747, 71.50639653205872]"
F262013,30,11,0.3,"[410.53952194484964, 107.19889378547668]"
F262013,30,11,0.4,"[422.149609798086, 142.92070269584656]"
F262013,30,11,0.5,"[406.55413304454373, 178.5964834690094]"
F262013,30,11,0.6,"[428.1803570838615, 214.23526740074158]"
F262013,30,11,0.7,"[414.58613924023575, 249.92613220214844]"
F262013,30,11,0.8,"[408.6553978980862, 285.991503238678]"
F262013,30,11,0.9,"[414.04872713097984, 321.68176913261414]"
F262013,30,11,1.0,"[413.3076678805305, 357.35807609558105]"
F262013,30,12,0.01,"[3680.0892346089013, 3.590909481048584]"
F262013,30,12,0.1,"[3547.9567756481265, 35.772846937179565]"
F262013,30,12,0.2,"[3547.954722302642, 71.48641753196716]"
F262013,30,12,0.3,"[3547.9547223016216, 107.22868919372559]"
F262013,30,12,0.4,"[3547.9547223017144, 142.91691899299622]"
F262013,30,12,0.5,"[3547.9547223015397, 178.68378043174744]"
F262013,30,12,0.6,"[3547.9547223016216, 214.39678287506104]"
F262013,30,12,0.7,"[3547.9547223016907, 250.15662670135498]"
F262013,30,12,0.8,"[3547.9547223017134, 286.1910436153412]"
F262013,30,12,0.9,"[3547.9547223016643, 321.97560930252075]"
F262013,30,12,1.0,"[3547.9547223015707, 357.7308027744293]"
F262013,30,13,0.01,"[2419.482886880664, 3.5825626850128174]"
F262013,30,13,0.1,"[2286.7102063159127, 35.69431257247925]"
F262013,30,13,0.2,"[2286.7101751434193, 71.30543971061707]"
F262013,30,13,0.3,"[2286.7101751434125, 106.94004011154175]"
F262013,30,13,0.4,"[2286.710175143416, 142.51779103279114]"
F262013,30,13,0.5,"[2286.7101751434134, 178.14712977409363]"
F262013,30,13,0.6,"[2286.7101751434125, 213.73765659332275]"
F262013,30,13,0.7,"[2286.7101751434143, 249.39513397216797]"
F262013,30,13,0.8,"[2286.71017514342, 285.04035115242004]"
F262013,30,13,0.9,"[2286.7101751434125, 320.71260237693787]"
F262013,30,13,1.0,"[2286.7101751434147, 356.3773818016052]"
F262013,30,14,0.01,"[2880.701518807669, 3.582172155380249]"
F262013,30,14,0.1,"[2790.9753848538653, 35.71881890296936]"
F262013,30,14,0.2,"[2790.9712637372563, 71.3812026977539]"
F262013,30,14,0.3,"[2790.9712634800653, 107.01927661895752]"
F262013,30,14,0.4,"[2790.971263495972, 142.65790104866028]"
F262013,30,14,0.5,"[2790.9712634806, 178.3307614326477]"
F262013,30,14,0.6,"[2790.9712634978937, 213.9484658241272]"
F262013,30,14,0.7,"[2790.9712634736525, 249.6005859375]"
F262013,30,14,0.8,"[2790.9712634834273, 285.6058645248413]"
F262013,30,14,0.9,"[2790.9712635023566, 321.21277713775635]"
F262013,30,14,1.0,"[2790.971263490927, 356.8060712814331]"
F262013,30,15,0.01,"[1267.900727723591, 3.5862629413604736]"
F262013,30,15,0.1,"[1262.7467705977851, 35.75845766067505]"
F262013,30,15,0.2,"[1262.7467705569334, 71.49054837226868]"
F262013,30,15,0.3,"[1262.7467705569416, 107.23878359794617]"
F262013,30,15,0.4,"[1262.7467705569438, 142.91551542282104]"
F262013,30,15,0.5,"[1262.7467705569634, 178.5826940536499]"
F262013,30,15,0.6,"[1262.746770556927, 214.23397493362427]"
F262013,30,15,0.7,"[1262.7467705569497, 249.95630836486816]"
F262013,30,15,0.8,"[1262.7467705569247, 286.2890980243683]"
F262013,30,15,0.9,"[1262.7467705569516, 321.9536967277527]"
F262013,30,15,1.0,"[1262.7467705569434, 357.5893533229828]"
F262013,30,16,0.01,"[618.0442012847557, 3.5572011470794678]"
F262013,30,16,0.1,"[489.35427338362524, 35.47095060348511]"
F262013,30,16,0.2,"[469.04363958259114, 70.87781286239624]"
F262013,30,16,0.3,"[463.97357232417744, 106.29548120498657]"
F262013,30,16,0.4,"[445.7471884551237, 141.6787588596344]"
F262013,30,16,0.5,"[452.42325160355404, 177.1007764339447]"
F262013,30,16,0.6,"[454.7181158440021, 212.4887306690216]"
F262013,30,16,0.7,"[457.1468549553308, 247.90646696090698]"
F262013,30,16,0.8,"[457.04995367109404, 283.2875237464905]"
F262013,30,16,0.9,"[452.6485481906966, 318.7106599807739]"
F262013,30,16,1.0,"[450.66478578575584, 354.11205530166626]"
F262013,30,17,0.01,"[1026.8673552324253, 3.5835018157958984]"
F262013,30,17,0.1,"[1024.8718435487203, 35.68476462364197]"
F262013,30,17,0.2,"[1024.8707620864334, 71.30600571632385]"
F262013,30,17,0.3,"[1024.8708562684646, 106.93907403945923]"
F262013,30,17,0.4,"[1024.8706952026682, 142.50653219223022]"
F262013,30,17,0.5,"[1024.8707084863527, 178.12293314933777]"
F262013,30,17,0.6,"[1024.870714585381, 213.75361108779907]"
F262013,30,17,0.7,"[1024.8708009878283, 249.42945861816406]"
F262013,30,17,0.8,"[1024.8711933591576, 285.4358854293823]"
F262013,30,17,0.9,"[1024.8710217811617, 321.07578587532043]"
F262013,30,17,1.0,"[1024.8706987408777, 356.70780396461487]"
F262013,30,18,0.01,"[1463.551275333271, 3.571396827697754]"
F262013,30,18,0.1,"[1452.262745955959, 35.54348158836365]"
F262013,30,18,0.2,"[1452.2631241225718, 71.04315257072449]"
F262013,30,18,0.3,"[1452.2628607254246, 106.56735277175903]"
F262013,30,18,0.4,"[1452.2627915140802, 142.06413078308105]"
F262013,30,18,0.5,"[1452.2642658359982, 177.58131456375122]"
F262013,30,18,0.6,"[1452.2630137179272, 213.0574929714203]"
F262013,30,18,0.7,"[1452.263106921595, 248.5777804851532]"
F262013,30,18,0.8,"[1452.2634093383886, 284.1087327003479]"
F262013,30,18,0.9,"[1452.2626068368727, 319.6575527191162]"
F262013,30,18,1.0,"[1452.2641578908606, 355.19675302505493]"
F262013,30,19,0.01,"[519.4129740251806, 3.562588930130005]"
F262013,30,19,0.1,"[599.7849750048308, 35.473583698272705]"
F262013,30,19,0.2,"[491.6145818914274, 70.92348623275757]"
F262013,30,19,0.3,"[491.74176854009056, 106.37839317321777]"
F262013,30,19,0.4,"[480.96962331358054, 141.83005094528198]"
F262013,30,19,0.5,"[486.598682159653, 177.3717782497406]"
F262013,30,19,0.6,"[487.41659928526065, 212.83087515830994]"
F262013,30,19,0.7,"[477.0989598235233, 248.33839917182922]"
F262013,30,19,0.8,"[475.76090826799395, 284.2941703796387]"
F262013,30,19,0.9,"[477.8786270011515, 319.8076801300049]"
F262013,30,19,1.0,"[477.2332045746407, 355.30894207954407]"
F262013,30,20,0.01,"[1840.641575364185, 3.573714256286621]"
F262013,30,20,0.1,"[1828.5850642755004, 35.57351756095886]"
F262013,30,20,0.2,"[1842.891975978538, 71.10811829566956]"
F262013,30,20,0.3,"[1838.182429900592, 106.66162848472595]"
F262013,30,20,0.4,"[1824.092183550013, 142.17497062683105]"
F262013,30,20,0.5,"[1818.1192569279792, 177.78477311134338]"
F262013,30,20,0.6,"[1813.1354864938266, 213.32304310798645]"
F262013,30,20,0.7,"[1829.2027838418517, 248.87860941886902]"
F262013,30,20,0.8,"[1824.2510870953056, 284.42498207092285]"
F262013,30,20,0.9,"[1814.4063980492701, 320.0342538356781]"
F262013,30,20,1.0,"[1818.3544230244797, 355.63909673690796]"
F262013,30,21,0.01,"[492.5834577686694, 3.5690534114837646]"
F262013,30,21,0.1,"[476.38492215655174, 35.52157235145569]"
F262013,30,21,0.2,"[463.4374226087775, 71.00370526313782]"
F262013,30,21,0.3,"[459.74521043938194, 106.48952007293701]"
F262013,30,21,0.4,"[459.0020647671756, 141.94481420516968]"
F262013,30,21,0.5,"[458.4444660900358, 177.42263007164001]"
F262013,30,21,0.6,"[464.22591028777583, 212.86834478378296]"
F262013,30,21,0.7,"[457.9193922742493, 248.37111282348633]"
F262013,30,21,0.8,"[450.00766959269913, 283.8502736091614]"
F262013,30,21,0.9,"[449.4774923946982, 319.3754496574402]"
F262013,30,21,1.0,"[449.6460373529733, 354.8723738193512]"
F262013,30,22,0.01,"[496.5505002533389, 4.126823663711548]"
F262013,30,22,0.1,"[473.85585757534545, 41.09955334663391]"
F262013,30,22,0.2,"[476.7693239966052, 82.17327809333801]"
F262013,30,22,0.3,"[478.32269880345734, 123.26754450798035]"
F262013,30,22,0.4,"[548.5652224812334, 163.71582102775574]"
F262013,30,22,0.5,"[537.0053171451837, 199.1934072971344]"
F262013,30,22,0.6,"[469.5762438934976, 234.63141703605652]"
F262013,30,22,0.7,"[467.5886732798683, 270.10488772392273]"
F262013,30,22,0.8,"[476.16279941846756, 305.55895924568176]"
F262013,30,22,0.9,"[467.13599727010865, 341.0722813606262]"
F262013,30,22,1.0,"[461.65604283351604, 376.54757738113403]"
F262013,30,23,0.01,"[640.3238742841168, 3.5533058643341064]"
F262013,30,23,0.1,"[466.0970561937281, 35.39610695838928]"
F262013,30,23,0.2,"[472.55051591556025, 70.75438022613525]"
F262013,30,23,0.3,"[491.0074843000991, 106.12348222732544]"
F262013,30,23,0.4,"[477.00229617953005, 141.4701075553894]"
F262013,30,23,0.5,"[458.4292924315105, 176.84203100204468]"
F262013,30,23,0.6,"[460.92983782833517, 212.18879771232605]"
F262013,30,23,0.7,"[468.48354106910506, 247.5728418827057]"
F262013,30,23,0.8,"[463.19677769742566, 282.94224405288696]"
F262013,30,23,0.9,"[463.02685073818407, 318.32068061828613]"
F262013,30,23,1.0,"[461.9588968068906, 353.6897711753845]"
F262013,30,24,0.01,"[3338.2506301463136, 3.566836357116699]"
F262013,30,24,0.1,"[415.6830218723758, 35.54199528694153]"
F262013,30,24,0.2,"[413.46177162794993, 71.00815534591675]"
F262013,30,24,0.3,"[410.55158259266, 106.48076677322388]"
F262013,30,24,0.4,"[411.7601012908799, 141.92120957374573]"
F262013,30,24,0.5,"[411.1578546059768, 177.38764667510986]"
F262013,30,24,0.6,"[411.3273920588324, 212.83587431907654]"
F262013,30,24,0.7,"[412.39711681135054, 248.2966856956482]"
F262013,30,24,0.8,"[411.26021214637876, 283.72990107536316]"
F262013,30,24,0.9,"[401.67074811525436, 319.21247601509094]"
F262013,30,24,1.0,"[410.9924962564644, 354.6693420410156]"
F262013,30,25,0.01,"[2488.5072415912778, 3.573453187942505]"
F262013,30,25,0.1,"[416.290849394255, 35.61003375053406]"
F262013,30,25,0.2,"[406.4100711247813, 71.21571826934814]"
F262013,30,25,0.3,"[414.1425978875395, 106.81275415420532]"
F262013,30,25,0.4,"[406.05391769132757, 142.38282465934753]"
F262013,30,25,0.5,"[410.2102420463659, 178.0180163383484]"
F262013,30,25,0.6,"[406.3497512985905, 213.60660672187805]"
F262013,30,25,0.7,"[409.31549923649027, 249.20845103263855]"
F262013,30,25,0.8,"[410.79739719022723, 284.94757175445557]"
F262013,30,25,0.9,"[409.4985117115109, 320.5243093967438]"
F262013,30,25,1.0,"[411.91903560823084, 356.08018040657043]"
F262013,30,26,0.01,"[1488.3043825240102, 3.5860533714294434]"
F262013,30,26,0.1,"[1417.0765240579058, 35.75929880142212]"
F262013,30,26,0.2,"[1417.076495433445, 71.52501177787781]"
F262013,30,26,0.3,"[1417.0765063207627, 107.2649872303009]"
F262013,30,26,0.4,"[1417.0765130179143, 142.98840999603271]"
F262013,30,26,0.5,"[1417.0766647675127, 178.76056456565857]"
F262013,30,26,0.6,"[1417.0765358167855, 214.49723267555237]"
F262013,30,26,0.7,"[1417.0765488334491, 250.2499520778656]"
F262013,30,26,0.8,"[1417.0765126079982, 285.9597511291504]"
F262013,30,26,0.9,"[1417.0764840183901, 321.6931793689728]"
F262013,30,26,1.0,"[1417.0765081270179, 357.41588306427]"
F262013,30,27,0.01,"[690.1825609713883, 3.569434642791748]"
F262013,30,27,0.1,"[673.2232311403914, 35.57707977294922]"
F262013,30,27,0.2,"[673.223464406648, 71.11405611038208]"
F262013,30,27,0.3,"[673.2235886673284, 106.66098022460938]"
F262013,30,27,0.4,"[673.2241300928567, 142.1819224357605]"
F262013,30,27,0.5,"[673.2232303950543, 177.7197093963623]"
F262013,30,27,0.6,"[673.2234720065924, 213.20724415779114]"
F262013,30,27,0.7,"[673.2238807863664, 248.76320838928223]"
F262013,30,27,0.8,"[673.2234965580287, 284.3305847644806]"
F262013,30,27,0.9,"[673.2241948571018, 319.90821862220764]"
F262013,30,27,1.0,"[673.2231562633588, 355.464674949646]"
F262013,30,28,0.01,"[1557.1395851287107, 3.572995662689209]"
F262013,30,28,0.1,"[413.6565279033887, 35.58039474487305]"
F262013,30,28,0.2,"[411.4261653718395, 71.11997199058533]"
F262013,30,28,0.3,"[411.76280164314767, 106.65241503715515]"
F262013,30,28,0.4,"[410.794170221551, 142.16816878318787]"
F262013,30,28,0.5,"[421.8045564894403, 177.6945023536682]"
F262013,30,28,0.6,"[410.39398767679904, 213.1924958229065]"
F262013,30,28,0.7,"[405.3871019175858, 248.74574160575867]"
F262013,30,28,0.8,"[409.1694560577389, 284.40566968917847]"
F262013,30,28,0.9,"[412.32683280846345, 319.91056180000305]"
F262013,30,28,1.0,"[410.1779462861539, 355.4000635147095]"
F262013,30,29,0.01,"[2702.457357000448, 3.5571281909942627]"
F262013,30,29,0.1,"[414.3061828190771, 35.45858550071716]"
F262013,30,29,0.2,"[415.9082429288194, 70.87176442146301]"
F262013,30,29,0.3,"[410.894150833087, 106.28669118881226]"
F262013,30,29,0.4,"[417.520957719164, 141.66557812690735]"
F262013,30,29,0.5,"[411.92628402467835, 177.06772685050964]"
F262013,30,29,0.6,"[411.2328998567982, 212.4397201538086]"
F262013,30,29,0.7,"[411.42948282819816, 247.83553910255432]"
F262013,30,29,0.8,"[411.47457823152126, 283.73952531814575]"
F262013,30,29,0.9,"[411.2599830585982, 319.1832172870636]"
F262013,30,29,1.0,"[412.5854615421522, 354.5988895893097]"
F262013,30,30,0.01,"[1252.7220681052468, 3.5865275859832764]"
F262013,30,30,0.1,"[411.3082387373054, 35.76486325263977]"
F262013,30,30,0.2,"[411.2642908901571, 71.4714367389679]"
F262013,30,30,0.3,"[410.3370973779158, 107.18553161621094]"
F262013,30,30,0.4,"[411.95662185368974, 142.86961603164673]"
F262013,30,30,0.5,"[454.03782807241055, 178.54275488853455]"
F262013,30,30,0.6,"[410.5423401469218, 214.19032788276672]"
F262013,30,30,0.7,"[411.2248564180261, 249.88337635993958]"
F262013,30,30,0.8,"[409.75990243952833, 285.5624141693115]"
F262013,30,30,0.9,"[408.309026613111, 321.27629828453064]"
F262013,30,30,1.0,"[402.565916628389, 356.9676043987274]"
F262013,30,31,0.01,"[492.3442366527886, 3.5698792934417725]"
F262013,30,31,0.1,"[465.8356573478327, 35.59747934341431]"
F262013,30,31,0.2,"[469.64830229322956, 71.20593643188477]"
F262013,30,31,0.3,"[447.4599302086299, 106.79970121383667]"
F262013,30,31,0.4,"[447.6469391033297, 142.38759875297546]"
F262013,30,31,0.5,"[471.0063501138616, 177.98894691467285]"
F262013,30,31,0.6,"[443.75267326492553, 213.5500545501709]"
F262013,30,31,0.7,"[448.65645684168385, 249.0992784500122]"
F262013,30,31,0.8,"[468.8304100751543, 284.6200735569]"
F262013,30,31,0.9,"[487.1871822292519, 320.1912627220154]"
F262013,30,31,1.0,"[473.42575961784723, 355.7485408782959]"
F262013,30,32,0.01,"[803.0234707596142, 3.5702250003814697]"
F262013,30,32,0.1,"[521.490718318154, 35.548131704330444]"
F262013,30,32,0.2,"[515.5048438826252, 71.07880425453186]"
F262013,30,32,0.3,"[466.654230794225, 106.59480142593384]"
F262013,30,32,0.4,"[467.6340310013927, 142.08483982086182]"
F262013,30,32,0.5,"[442.3944317828641, 177.61772656440735]"
F262013,30,32,0.6,"[433.5117659341786, 213.09187269210815]"
F262013,30,32,0.7,"[437.79837493859395, 248.5849425792694]"
F262013,30,32,0.8,"[436.97429261078423, 284.28190565109253]"
F262013,30,32,0.9,"[435.19395193068476, 319.77430152893066]"
F262013,30,32,1.0,"[444.4634099095738, 355.3018546104431]"
F262013,30,33,0.01,"[458.3517536825111, 3.552328586578369]"
F262013,30,33,0.1,"[596.903982832368, 35.3990318775177]"
F262013,30,33,0.2,"[552.527864448643, 70.98187899589539]"
F262013,30,33,0.3,"[463.0077899903008, 106.54428362846375]"
F262013,30,33,0.4,"[449.7921549211685, 141.91653442382812]"
F262013,30,33,0.5,"[441.45562714334415, 177.31879138946533]"
F262013,30,33,0.6,"[451.2095754516299, 212.66387748718262]"
F262013,30,33,0.7,"[452.5213654149045, 248.13963317871094]"
F262013,30,33,0.8,"[439.9058453441248, 283.67947816848755]"
F262013,30,33,0.9,"[449.1099716757194, 319.05757451057434]"
F262013,30,33,1.0,"[439.4722825227925, 354.407919883728]"
F262013,30,34,0.01,"[529.6825037329274, 3.551928758621216]"
F262013,30,34,0.1,"[466.95631476328276, 35.397613525390625]"
F262013,30,34,0.2,"[438.85639781807527, 70.80436587333679]"
F262013,30,34,0.3,"[439.2853215990533, 106.15240788459778]"
F262013,30,34,0.4,"[449.3138481367114, 141.48701167106628]"
F262013,30,34,0.5,"[441.1910018406252, 176.87348079681396]"
F262013,30,34,0.6,"[439.7026108990692, 212.21003556251526]"
F262013,30,34,0.7,"[445.22302370800367, 247.60100293159485]"
F262013,30,34,0.8,"[442.04215867858875, 283.0525493621826]"
F262013,30,34,0.9,"[441.96318711944696, 318.41160702705383]"
F262013,30,34,1.0,"[437.63162421356924, 353.73438906669617]"
F262013,30,35,0.01,"[581.533737638696, 3.5775701999664307]"
F262013,30,35,0.1,"[514.4399709087729, 35.64814591407776]"
F262013,30,35,0.2,"[490.9177177898864, 71.30919909477234]"
F262013,30,35,0.3,"[473.4083092699068, 106.94111371040344]"
F262013,30,35,0.4,"[480.23449431188124, 142.54725861549377]"
F262013,30,35,0.5,"[471.47135510952285, 178.2023422718048]"
F262013,30,35,0.6,"[458.34656557240396, 213.82055020332336]"
F262013,30,35,0.7,"[450.86997029992995, 249.4663166999817]"
F262013,30,35,0.8,"[452.51011713758, 285.06395745277405]"
F262013,30,35,0.9,"[455.07892985562376, 320.7254936695099]"
F262013,30,35,1.0,"[456.2432257933722, 356.3828909397125]"
F262013,30,36,0.01,"[781.3530698208999, 3.560854911804199]"
F262013,30,36,0.1,"[747.9749125416865, 35.47257041931152]"
F262013,30,36,0.2,"[747.9749125414492, 70.95108771324158]"
F262013,30,36,0.3,"[747.974912541415, 106.41236472129822]"
F262013,30,36,0.4,"[747.9749125414774, 141.83061909675598]"
F262013,30,36,0.5,"[747.974912541518, 177.3092532157898]"
F262013,30,36,0.6,"[747.9749125413955, 212.7475368976593]"
F262013,30,36,0.7,"[747.9749125414328, 248.20238661766052]"
F262013,30,36,0.8,"[747.9749125414526, 283.9767322540283]"
F262013,30,36,0.9,"[747.9749125416031, 319.4852011203766]"
F262013,30,36,1.0,"[747.9749125414539, 355.0069727897644]"
F262013,30,37,0.01,"[1682.7788579697472, 3.548509359359741]"
F262013,30,37,0.1,"[1567.4998219394683, 35.33897829055786]"
F262013,30,37,0.2,"[1565.8371382108635, 70.65683960914612]"
F262013,30,37,0.3,"[1565.7725673164623, 106.00019550323486]"
F262013,30,37,0.4,"[1565.7701703472603, 141.29782962799072]"
F262013,30,37,0.5,"[1565.7700917929396, 176.64280915260315]"
F262013,30,37,0.6,"[1565.7700913064123, 211.94259548187256]"
F262013,30,37,0.7,"[1565.7700910741696, 247.2956404685974]"
F262013,30,37,0.8,"[1565.7700910255116, 283.35706615448]"
F262013,30,37,0.9,"[1565.7700910702142, 318.70530557632446]"
F262013,30,37,1.0,"[1565.7700911979946, 354.03449964523315]"
F262013,30,38,0.01,"[1811.8676862913444, 3.618185043334961]"
F262013,30,38,0.1,"[1795.978815800836, 35.52964735031128]"
F262013,30,38,0.2,"[1795.9788175608164, 71.02428460121155]"
F262013,30,38,0.3,"[1795.9788168522377, 106.45996642112732]"
F262013,30,38,0.4,"[1795.978817261736, 141.88100481033325]"
F262013,30,38,0.5,"[1795.9788175501244, 177.35174417495728]"
F262013,30,38,0.6,"[1795.9788178079534, 212.76864409446716]"
F262013,30,38,0.7,"[1795.978816771279, 248.20288109779358]"
F262013,30,38,0.8,"[1795.978816482696, 283.61849308013916]"
F262013,30,38,0.9,"[1795.9788177747596, 319.0264573097229]"
F262013,30,38,1.0,"[1795.978816016228, 354.55228185653687]"
F262013,30,39,0.01,"[4424.977382308639, 3.55161190032959]"
F262013,30,39,0.1,"[427.8750549516992, 35.37037205696106]"
F262013,30,39,0.2,"[415.2447240301019, 70.76495623588562]"
F262013,30,39,0.3,"[426.5580663572432, 106.11440753936768]"
F262013,30,39,0.4,"[411.00197074847165, 141.41626644134521]"
F262013,30,39,0.5,"[413.7357200493261, 176.78251886367798]"
F262013,30,39,0.6,"[410.6227587881556, 212.1070373058319]"
F262013,30,39,0.7,"[412.97726846452815, 247.44778656959534]"
F262013,30,39,0.8,"[411.17520629877527, 283.3213984966278]"
F262013,30,39,0.9,"[407.79722884005787, 318.65128564834595]"
F262013,30,39,1.0,"[414.6889577932013, 353.9510705471039]"
F262013,30,40,0.01,"[1515.9122957110358, 3.5637106895446777]"
F262013,30,40,0.1,"[1515.7178091885526, 35.48584318161011]"
F262013,30,40,0.2,"[1515.7178183911997, 70.97882533073425]"
F262013,30,40,0.3,"[1515.717820305279, 106.44850182533264]"
F262013,30,40,0.4,"[1515.7178248461987, 141.89421153068542]"
F262013,30,40,0.5,"[1515.7178165228847, 177.40340995788574]"
F262013,30,40,0.6,"[1515.7178037210806, 212.8384404182434]"
F262013,30,40,0.7,"[1515.7178238570855, 248.29161429405212]"
F262013,30,40,0.8,"[1515.717819042225, 283.70320987701416]"
F262013,30,40,0.9,"[1515.7178146074675, 319.1661694049835]"
F262013,30,40,1.0,"[1515.7178191293929, 354.6216902732849]"
F262013,30,41,0.01,"[551.9859693215899, 3.5688095092773438]"
F262013,30,41,0.1,"[254.89553287718877, 35.56637454032898]"
F262013,30,41,0.2,"[231.42979981064354, 71.1339590549469]"
F262013,30,41,0.3,"[221.57612769840966, 106.68520092964172]"
F262013,30,41,0.4,"[215.6625879929952, 142.22776246070862]"
F262013,30,41,0.5,"[211.84603294729027, 177.84543347358704]"
F262013,30,41,0.6,"[209.16237009789347, 213.37710547447205]"
F262013,30,41,0.7,"[207.37346646152582, 248.9209566116333]"
F262013,30,41,0.8,"[206.0906087545966, 284.44244503974915]"
F262013,30,41,0.9,"[205.1421144692663, 320.03965997695923]"
F262013,30,41,1.0,"[204.4242409121298, 355.64334201812744]"
F262013,30,42,0.01,"[1219.3360988283403, 3.651641368865967]"
F262013,30,42,0.1,"[1172.1153879838294, 35.71321201324463]"
F262013,30,42,0.2,"[1172.1162658218518, 71.3416383266449]"
F262013,30,42,0.3,"[1172.1173444760116, 106.96020865440369]"
F262013,30,42,0.4,"[1172.1171314791568, 142.52274990081787]"
F262013,30,42,0.5,"[1172.1170492690003, 178.15769815444946]"
F262013,30,42,0.6,"[1172.1173102976259, 213.71762657165527]"
F262013,30,42,0.7,"[1172.1153900974414, 249.27239632606506]"
F262013,30,42,0.8,"[1172.1158180282919, 284.79734325408936]"
F262013,30,42,0.9,"[1172.1180146660759, 320.3601188659668]"
F262013,30,42,1.0,"[1172.115997612243, 355.88048911094666]"
F262013,30,43,0.01,"[465.975079005467, 3.581820011138916]"
F262013,30,43,0.1,"[434.96963340966977, 35.67598581314087]"
F262013,30,43,0.2,"[459.09696513271706, 71.30760836601257]"
F262013,30,43,0.3,"[474.15579129689513, 106.97380113601685]"
F262013,30,43,0.4,"[447.8716521824606, 142.6084804534912]"
F262013,30,43,0.5,"[443.07109137603084, 178.2740728855133]"
F262013,30,43,0.6,"[452.90898326897286, 213.91109251976013]"
F262013,30,43,0.7,"[438.1511390746259, 249.59159207344055]"
F262013,30,43,0.8,"[429.8366539252456, 285.2410671710968]"
F262013,30,43,0.9,"[434.57600563944516, 320.93985509872437]"
F262013,30,43,1.0,"[437.3412139349159, 356.62871384620667]"
F262013,30,44,0.01,"[2859.5097225642025, 3.5747036933898926]"
F262013,30,44,0.1,"[2712.224849149969, 35.60774898529053]"
F262013,30,44,0.2,"[2702.866384766216, 71.1741271018982]"
F262013,30,44,0.3,"[2702.8663838453385, 106.76442766189575]"
F262013,30,44,0.4,"[2702.8663839798714, 142.32562255859375]"
F262013,30,44,0.5,"[2702.8663839411793, 177.89758968353271]"
F262013,30,44,0.6,"[2702.8663838433827, 213.44840097427368]"
F262013,30,44,0.7,"[2702.8663838371112, 249.0396032333374]"
F262013,30,44,0.8,"[2702.8663838551074, 284.6261456012726]"
F262013,30,44,0.9,"[2702.8663838707485, 320.24225425720215]"
F262013,30,44,1.0,"[2702.8663838413922, 355.8437530994415]"
F262013,30,45,0.01,"[917.3764166691558, 3.5789153575897217]"
F262013,30,45,0.1,"[867.2083326292732, 35.68343210220337]"
F262013,30,45,0.2,"[867.2083317888296, 71.30560636520386]"
F262013,30,45,0.3,"[867.2083304664734, 106.93985390663147]"
F262013,30,45,0.4,"[867.2083307426328, 142.50754356384277]"
F262013,30,45,0.5,"[867.2083310816279, 178.0989899635315]"
F262013,30,45,0.6,"[867.2083313405747, 213.66075038909912]"
F262013,30,45,0.7,"[867.20833056211, 249.31953930854797]"
F262013,30,45,0.8,"[867.2083307445582, 284.92849683761597]"
F262013,30,45,0.9,"[867.2083308493702, 320.56954526901245]"
F262013,30,45,1.0,"[867.2083304890052, 356.18834114074707]"
F262013,30,46,0.01,"[1322.422185638453, 3.6007819175720215]"
F262013,30,46,0.1,"[1236.8446452436192, 35.66375374794006]"
F262013,30,46,0.2,"[1236.7178581434537, 71.31984066963196]"
F262013,30,46,0.3,"[1236.6881590766088, 106.9471743106842]"
F262013,30,46,0.4,"[1236.6786452392407, 142.55957889556885]"
F262013,30,46,0.5,"[1236.738948890108, 178.19880747795105]"
F262013,30,46,0.6,"[1236.7058508660002, 213.77003169059753]"
F262013,30,46,0.7,"[1236.710325618811, 249.36997437477112]"
F262013,30,46,0.8,"[1236.7382185041715, 284.9180717468262]"
F262013,30,46,0.9,"[1236.6884122185793, 320.4756247997284]"
F262013,30,46,1.0,"[1236.7543360864156, 356.03726959228516]"
F262013,30,47,0.01,"[4166.787282810534, 3.60066294670105]"
F262013,30,47,0.1,"[432.962011308422, 35.68337917327881]"
F262013,30,47,0.2,"[413.7261044251925, 71.27450895309448]"
F262013,30,47,0.3,"[413.427632526729, 106.8856303691864]"
F262013,30,47,0.4,"[413.010210686165, 142.45318603515625]"
F262013,30,47,0.5,"[411.6996560802645, 178.02452206611633]"
F262013,30,47,0.6,"[410.8247869339664, 213.5722098350525]"
F262013,30,47,0.7,"[412.30466419292, 249.15942287445068]"
F262013,30,47,0.8,"[412.76250566018143, 284.78501415252686]"
F262013,30,47,0.9,"[410.09757707000244, 320.39178371429443]"
F262013,30,47,1.0,"[403.262475941287, 355.9728171825409]"
F262013,30,48,0.01,"[669.7164212655557, 3.5389962196350098]"
F262013,30,48,0.1,"[281.23771934341585, 35.25364947319031]"
F262013,30,48,0.2,"[247.20867907429079, 70.48270845413208]"
F262013,30,48,0.3,"[232.26158640179392, 105.7576322555542]"
F262013,30,48,0.4,"[223.43733608901152, 141.01174235343933]"
F262013,30,48,0.5,"[217.67640011750223, 176.27579641342163]"
F262013,30,48,0.6,"[213.81122422707153, 211.49353623390198]"
F262013,30,48,0.7,"[211.18534862942124, 246.7657344341278]"
F262013,30,48,0.8,"[209.33685628172748, 282.01230359077454]"
F262013,30,48,0.9,"[208.0083562677744, 317.2948954105377]"
F262013,30,48,1.0,"[207.03469444385792, 352.5228855609894]"
F262013,30,49,0.01,"[4165.848965053878, 3.548253059387207]"
F262013,30,49,0.1,"[3709.1092808843114, 35.39695763587952]"
F262013,30,49,0.2,"[3653.703528741915, 70.74552536010742]"
F262013,30,49,0.3,"[3652.434089627008, 106.11001777648926]"
F262013,30,49,0.4,"[3652.433271534979, 141.42863845825195]"
F262013,30,49,0.5,"[3652.433268676785, 176.78570890426636]"
F262013,30,49,0.6,"[3652.4332687050482, 212.1085970401764]"
F262013,30,49,0.7,"[3652.4332686561993, 247.44414138793945]"
F262013,30,49,0.8,"[3652.4332686575217, 282.7532250881195]"
F262013,30,49,0.9,"[3652.4332686832195, 318.1054620742798]"
F262013,30,49,1.0,"[3652.4332686613707, 353.43614196777344]"
F262013,30,50,0.01,"[2159.3088886690107, 3.552469491958618]"
F262013,30,50,0.1,"[411.4882938034725, 35.41152811050415]"
F262013,30,50,0.2,"[411.8948724551824, 70.74214053153992]"
F262013,30,50,0.3,"[411.1613457269864, 106.12269949913025]"
F262013,30,50,0.4,"[411.5232328952425, 141.46926879882812]"
F262013,30,50,0.5,"[411.6476239833405, 176.85697507858276]"
F262013,30,50,0.6,"[409.79678545397064, 212.2512571811676]"
F262013,30,50,0.7,"[411.68168480290365, 247.63375425338745]"
F262013,30,50,0.8,"[411.37031403751234, 282.88187861442566]"
F262013,30,50,0.9,"[409.9978395139526, 318.1419610977173]"
F262013,30,50,1.0,"[408.7733968881753, 353.37954807281494]"
F262013,50,0,0.01,"[1281.7141416233922, 8.068874835968018]"
F262013,50,0,0.1,"[608.0383680457223, 79.98238205909729]"
F262013,50,0,0.2,"[578.3345071674585, 159.84849047660828]"
F262013,50,0,0.3,"[570.7613615449791, 239.63074398040771]"
F262013,50,0,0.4,"[563.7433041330246, 319.54717326164246]"
F262013,50,0,0.5,"[548.5039178087563, 399.2812662124634]"
F262013,50,0,0.6,"[530.5157532275343, 479.10576462745667]"
F262013,50,0,0.7,"[520.8881786975971, 558.8649678230286]"
F262013,50,0,0.8,"[519.3132032921435, 638.744776725769]"
F262013,50,0,0.9,"[517.5174643904015, 718.5486433506012]"
F262013,50,0,1.0,"[525.7635527133402, 798.4662191867828]"
F262013,50,1,0.01,"[1943.672400586981, 8.036393642425537]"
F262013,50,1,0.1,"[1828.9704191226447, 79.68274211883545]"
F262013,50,1,0.2,"[1828.9665816854217, 159.3216142654419]"
F262013,50,1,0.3,"[1828.9665816651918, 239.03385543823242]"
F262013,50,1,0.4,"[1828.9665828842653, 318.43131160736084]"
F262013,50,1,0.5,"[1828.9665819184784, 397.7660367488861]"
F262013,50,1,0.6,"[1828.966581742302, 477.14244627952576]"
F262013,50,1,0.7,"[1828.9665812710637, 556.4147233963013]"
F262013,50,1,0.8,"[1828.9665824543008, 635.7754483222961]"
F262013,50,1,0.9,"[1828.9665845469704, 715.0737538337708]"
F262013,50,1,1.0,"[1828.966582376781, 794.4922342300415]"
F262013,50,2,0.01,"[5283.775760472582, 8.056915283203125]"
F262013,50,2,0.1,"[413.924414528193, 79.85659837722778]"
F262013,50,2,0.2,"[413.3312659427752, 159.6847438812256]"
F262013,50,2,0.3,"[410.7979030861393, 239.82986426353455]"
F262013,50,2,0.4,"[410.6206038035866, 319.67850947380066]"
F262013,50,2,0.5,"[408.79440878681294, 399.32080578804016]"
F262013,50,2,0.6,"[407.4963530445807, 479.0515067577362]"
F262013,50,2,0.7,"[411.18653661314215, 558.7114415168762]"
F262013,50,2,0.8,"[409.9613702327049, 638.4118075370789]"
F262013,50,2,0.9,"[414.5227623388935, 718.0320649147034]"
F262013,50,2,1.0,"[408.4149341466896, 797.755234003067]"
F262013,50,3,0.01,"[1304.0252523635154, 8.11649489402771]"
F262013,50,3,0.1,"[643.635455390111, 79.87303376197815]"
F262013,50,3,0.2,"[556.8611387758538, 159.66694474220276]"
F262013,50,3,0.3,"[552.5742247521821, 239.40843176841736]"
F262013,50,3,0.4,"[570.8572023089237, 319.1949062347412]"
F262013,50,3,0.5,"[554.6421073982265, 398.912889957428]"
F262013,50,3,0.6,"[556.0783198898328, 478.5020081996918]"
F262013,50,3,0.7,"[576.6903713404022, 558.0106890201569]"
F262013,50,3,0.8,"[567.7416486873781, 637.6180267333984]"
F262013,50,3,0.9,"[578.1358063878224, 717.1347041130066]"
F262013,50,3,1.0,"[577.7219232121552, 796.727014541626]"
F262013,50,4,0.01,"[2544.5448686501227, 8.084115505218506]"
F262013,50,4,0.1,"[2397.3300309025685, 79.92120552062988]"
F262013,50,4,0.2,"[2393.647381378284, 159.75258040428162]"
F262013,50,4,0.3,"[2395.1851127968944, 239.817556142807]"
F262013,50,4,0.4,"[2393.990091049875, 319.7027802467346]"
F262013,50,4,0.5,"[2394.7856615469213, 399.45044326782227]"
F262013,50,4,0.6,"[2377.227814491222, 479.2687945365906]"
F262013,50,4,0.7,"[2379.01285382659, 558.9659762382507]"
F262013,50,4,0.8,"[2390.258016245719, 638.6963815689087]"
F262013,50,4,0.9,"[2386.10180622871, 718.3397047519684]"
F262013,50,4,1.0,"[2389.294808003176, 798.1033725738525]"
F262013,50,5,0.01,"[823.9209852414172, 8.06571364402771]"
F262013,50,5,0.1,"[553.1022142502329, 79.97139692306519]"
F262013,50,5,0.2,"[538.4230083758555, 159.93117952346802]"
F262013,50,5,0.3,"[543.2778801210893, 239.82531452178955]"
F262013,50,5,0.4,"[535.2008152616149, 319.80098056793213]"
F262013,50,5,0.5,"[547.434368877131, 399.709103345871]"
F262013,50,5,0.6,"[548.5922489408376, 479.6651141643524]"
F262013,50,5,0.7,"[536.7110483687866, 559.5466029644012]"
F262013,50,5,0.8,"[552.8522236902149, 639.4246783256531]"
F262013,50,5,0.9,"[552.3465967057041, 719.0723567008972]"
F262013,50,5,1.0,"[557.6997679800177, 798.9428832530975]"
F262013,50,6,0.01,"[3337.9480164731767, 8.059540033340454]"
F262013,50,6,0.1,"[3116.341657537898, 79.94175362586975]"
F262013,50,6,0.2,"[3104.478783564021, 159.8133487701416]"
F262013,50,6,0.3,"[3112.532405331258, 240.27243399620056]"
F262013,50,6,0.4,"[3120.7642046053425, 320.20180916786194]"
F262013,50,6,0.5,"[3104.330056002902, 400.0020353794098]"
F262013,50,6,0.6,"[3113.689945998576, 479.8387236595154]"
F262013,50,6,0.7,"[3110.391217330289, 559.7296307086945]"
F262013,50,6,0.8,"[3117.6169148063727, 639.6440665721893]"
F262013,50,6,0.9,"[3110.919015409907, 719.4825315475464]"
F262013,50,6,1.0,"[3112.5652611095793, 799.2247064113617]"
F262013,50,7,0.01,"[1064.2799059009503, 8.103557348251343]"
F262013,50,7,0.1,"[640.6347516311603, 80.08136034011841]"
F262013,50,7,0.2,"[667.5835534265132, 160.1318941116333]"
F262013,50,7,0.3,"[555.1126172411186, 240.102365732193]"
F262013,50,7,0.4,"[549.1535479528948, 320.1453363895416]"
F262013,50,7,0.5,"[549.6991828469772, 400.13505148887634]"
F262013,50,7,0.6,"[547.6029197462667, 480.1615364551544]"
F262013,50,7,0.7,"[556.5335190531969, 560.1579813957214]"
F262013,50,7,0.8,"[543.1327014807098, 640.2219393253326]"
F262013,50,7,0.9,"[539.8505904739545, 720.2110834121704]"
F262013,50,7,1.0,"[545.1306818503092, 800.3365561962128]"
F262013,50,8,0.01,"[2857.691837546925, 8.070999145507812]"
F262013,50,8,0.1,"[2792.140097737847, 80.04523921012878]"
F262013,50,8,0.2,"[2792.1400520358907, 160.08001136779785]"
F262013,50,8,0.3,"[2792.1401124406075, 240.0362823009491]"
F262013,50,8,0.4,"[2792.140104607981, 320.07150650024414]"
F262013,50,8,0.5,"[2792.1400765453054, 400.0423307418823]"
F262013,50,8,0.6,"[2792.1400856335713, 480.00056767463684]"
F262013,50,8,0.7,"[2792.1402238328847, 559.9546544551849]"
F262013,50,8,0.8,"[2792.14013632208, 639.9817340373993]"
F262013,50,8,0.9,"[2792.1402479890558, 719.9412417411804]"
F262013,50,8,1.0,"[2792.140049125382, 800.0211596488953]"
F262013,50,9,0.01,"[2514.7037634846693, 8.05580735206604]"
F262013,50,9,0.1,"[416.803435072002, 79.85869646072388]"
F262013,50,9,0.2,"[423.06722239295686, 159.73553657531738]"
F262013,50,9,0.3,"[410.8753438584379, 239.59956812858582]"
F262013,50,9,0.4,"[411.37645312278437, 319.468430519104]"
F262013,50,9,0.5,"[411.55895997751304, 399.25206542015076]"
F262013,50,9,0.6,"[411.46234868117926, 479.07382249832153]"
F262013,50,9,0.7,"[413.44657818310407, 558.8550372123718]"
F262013,50,9,0.8,"[407.34027967857014, 638.719806432724]"
F262013,50,9,0.9,"[408.370789674776, 718.5144901275635]"
F262013,50,9,1.0,"[410.93699953955957, 798.3933432102203]"
F262013,50,10,0.01,"[863.8186967137717, 8.06914210319519]"
F262013,50,10,0.1,"[591.8362283671818, 79.97049379348755]"
F262013,50,10,0.2,"[553.1812216056403, 160.0130307674408]"
F262013,50,10,0.3,"[535.5981820856609, 240.18923330307007]"
F262013,50,10,0.4,"[540.3910844723696, 320.29843378067017]"
F262013,50,10,0.5,"[560.5395843228939, 400.3366913795471]"
F262013,50,10,0.6,"[548.3706530308111, 480.42780470848083]"
F262013,50,10,0.7,"[549.8606238906841, 560.474279165268]"
F262013,50,10,0.8,"[549.1072182968942, 640.7217638492584]"
F262013,50,10,0.9,"[542.4434556197543, 720.7124066352844]"
F262013,50,10,1.0,"[544.5089320710886, 804.2478091716766]"
F262013,50,11,0.01,"[838.9796494424152, 8.088687181472778]"
F262013,50,11,0.1,"[316.0143618211341, 80.2038881778717]"
F262013,50,11,0.2,"[267.46632263971287, 160.36900544166565]"
F262013,50,11,0.3,"[249.73082401893953, 240.4975516796112]"
F262013,50,11,0.4,"[239.4441239933301, 320.55405473709106]"
F262013,50,11,0.5,"[232.27952016481254, 400.50226736068726]"
F262013,50,11,0.6,"[226.8268573365474, 480.6385991573334]"
F262013,50,11,0.7,"[222.523492376396, 560.7556409835815]"
F262013,50,11,0.8,"[219.05180958619667, 640.924622297287]"
F262013,50,11,0.9,"[216.21941291694202, 721.0227289199829]"
F262013,50,11,1.0,"[213.88237105022222, 801.2363216876984]"
F262013,50,12,0.01,"[4464.032194967506, 8.054656028747559]"
F262013,50,12,0.1,"[4056.8053679424993, 79.82591605186462]"
F262013,50,12,0.2,"[3917.3876528007986, 159.61346864700317]"
F262013,50,12,0.3,"[3853.2019168401766, 240.08829379081726]"
F262013,50,12,0.4,"[3853.197531996224, 319.87666845321655]"
F262013,50,12,0.5,"[3853.1975333604078, 399.5914032459259]"
F262013,50,12,0.6,"[3853.1975494405924, 479.3626489639282]"
F262013,50,12,0.7,"[3853.197519167019, 559.0829529762268]"
F262013,50,12,0.8,"[3853.197519685168, 638.8795838356018]"
F262013,50,12,0.9,"[3853.1975369712636, 718.6079556941986]"
F262013,50,12,1.0,"[3853.1975421874067, 798.4358110427856]"
F262013,50,13,0.01,"[2320.392131742456, 8.056159257888794]"
F262013,50,13,0.1,"[2241.870580533856, 79.83847284317017]"
F262013,50,13,0.2,"[2241.554408697729, 159.66591882705688]"
F262013,50,13,0.3,"[2241.555761678022, 239.43825006484985]"
F262013,50,13,0.4,"[2241.554499134459, 319.2675597667694]"
F262013,50,13,0.5,"[2241.555306390985, 399.00487089157104]"
F262013,50,13,0.6,"[2241.554775097601, 478.78786849975586]"
F262013,50,13,0.7,"[2241.5547713747933, 558.5772716999054]"
F262013,50,13,0.8,"[2241.5546048885176, 638.4055905342102]"
F262013,50,13,0.9,"[2241.556164343425, 718.1487109661102]"
F262013,50,13,1.0,"[2241.5547817841834, 798.0008833408356]"
F262013,50,14,0.01,"[2844.398065671937, 8.075809001922607]"
F262013,50,14,0.1,"[2749.2499072435116, 80.02119302749634]"
F262013,50,14,0.2,"[2749.2495295918097, 160.09852051734924]"
F262013,50,14,0.3,"[2749.2495233041213, 240.09938049316406]"
F262013,50,14,0.4,"[2749.2495237274984, 320.1330647468567]"
F262013,50,14,0.5,"[2749.2495238586953, 407.1578540802002]"
F262013,50,14,0.6,"[2749.249528873288, 498.71128726005554]"
F262013,50,14,0.7,"[2749.249526428779, 590.20396900177]"
F262013,50,14,0.8,"[2749.2495244226116, 681.8555099964142]"
F262013,50,14,0.9,"[2749.249521971141, 773.2729749679565]"
F262013,50,14,1.0,"[2749.249523099765, 853.8585376739502]"
F262013,50,15,0.01,"[1936.5800649973971, 8.105654001235962]"
F262013,50,15,0.1,"[1893.928281753564, 80.05006122589111]"
F262013,50,15,0.2,"[1893.9282819116238, 159.99337720870972]"
F262013,50,15,0.3,"[1893.9282815038714, 240.35260701179504]"
F262013,50,15,0.4,"[1893.928281352984, 320.26313495635986]"
F262013,50,15,0.5,"[1893.9282816530722, 400.2586214542389]"
F262013,50,15,0.6,"[1893.928281517885, 480.21165227890015]"
F262013,50,15,0.7,"[1893.9282813996465, 560.1041359901428]"
F262013,50,15,0.8,"[1893.9282815087222, 640.0943489074707]"
F262013,50,15,0.9,"[1893.9282813637683, 720.1224522590637]"
F262013,50,15,1.0,"[1893.9282815940132, 800.1861772537231]"
F262013,50,16,0.01,"[984.8439609680045, 8.06698226928711]"
F262013,50,16,0.1,"[647.0476471004786, 79.93032193183899]"
F262013,50,16,0.2,"[609.2055573569282, 159.8174922466278]"
F262013,50,16,0.3,"[605.0186911206431, 239.75478196144104]"
F262013,50,16,0.4,"[599.3971260496728, 319.6862075328827]"
F262013,50,16,0.5,"[606.8634505951197, 399.5202133655548]"
F262013,50,16,0.6,"[568.3042513918301, 479.36314368247986]"
F262013,50,16,0.7,"[565.1461530535937, 559.2501795291901]"
F262013,50,16,0.8,"[582.3185570338251, 639.1117858886719]"
F262013,50,16,0.9,"[554.5217143860741, 718.9501521587372]"
F262013,50,16,1.0,"[560.1776342097019, 798.8239283561707]"
F262013,50,17,0.01,"[672.1163568691877, 8.059337854385376]"
F262013,50,17,0.1,"[571.3513896451759, 79.92288899421692]"
F262013,50,17,0.2,"[568.6641438419479, 159.83232259750366]"
F262013,50,17,0.3,"[552.7278275144977, 239.8801372051239]"
F262013,50,17,0.4,"[548.663295407244, 319.8745744228363]"
F262013,50,17,0.5,"[545.2599821584863, 399.7094283103943]"
F262013,50,17,0.6,"[549.552832290975, 479.5505282878876]"
F262013,50,17,0.7,"[535.4164805503865, 559.3577289581299]"
F262013,50,17,0.8,"[532.7719074834499, 639.2123327255249]"
F262013,50,17,0.9,"[537.4864296908447, 719.005110502243]"
F262013,50,17,1.0,"[541.2387044071556, 798.8812155723572]"
F262013,50,18,0.01,"[1520.5514512094724, 8.086175918579102]"
F262013,50,18,0.1,"[1476.501127447893, 80.13020133972168]"
F262013,50,18,0.2,"[1476.50106424745, 160.23470282554626]"
F262013,50,18,0.3,"[1476.5010642513253, 240.27951979637146]"
F262013,50,18,0.4,"[1476.5010642529655, 320.40020632743835]"
F262013,50,18,0.5,"[1476.5010642480052, 400.4650206565857]"
F262013,50,18,0.6,"[1476.5010642634006, 480.57938408851624]"
F262013,50,18,0.7,"[1476.501064244976, 560.5751557350159]"
F262013,50,18,0.8,"[1476.5010642781626, 640.6981065273285]"
F262013,50,18,0.9,"[1476.5010642580532, 720.7301380634308]"
F262013,50,18,1.0,"[1476.5010642771103, 800.9087977409363]"
F262013,50,19,0.01,"[4250.868914617137, 8.069666862487793]"
F262013,50,19,0.1,"[4006.3862454031496, 79.88195610046387]"
F262013,50,19,0.2,"[3957.321086930081, 159.7289662361145]"
F262013,50,19,0.3,"[3957.2443889793058, 239.58496260643005]"
F262013,50,19,0.4,"[3957.244471369082, 319.35875606536865]"
F262013,50,19,0.5,"[3957.2443879100174, 399.03952145576477]"
F262013,50,19,0.6,"[3957.2443651960402, 478.7666459083557]"
F262013,50,19,0.7,"[3957.2444020527273, 558.4714291095734]"
F262013,50,19,0.8,"[3957.2443754562682, 638.2410504817963]"
F262013,50,19,0.9,"[3957.2444223091497, 717.922598361969]"
F262013,50,19,1.0,"[3957.244366343766, 797.6853241920471]"
F262013,50,20,0.01,"[722.7711557786215, 8.132996320724487]"
F262013,50,20,0.1,"[640.7181030341699, 79.99883532524109]"
F262013,50,20,0.2,"[583.7991593052238, 159.91771936416626]"
F262013,50,20,0.3,"[591.8274129213801, 239.83332538604736]"
F262013,50,20,0.4,"[567.663931610384, 319.6762409210205]"
F262013,50,20,0.5,"[564.6807614646814, 399.4554440975189]"
F262013,50,20,0.6,"[566.2096525443453, 479.2703683376312]"
F262013,50,20,0.7,"[556.3333879392908, 559.0511236190796]"
F262013,50,20,0.8,"[560.6829560424362, 638.897198677063]"
F262013,50,20,0.9,"[552.571591565578, 718.6574635505676]"
F262013,50,20,1.0,"[554.2504922173016, 798.4913115501404]"
F262013,50,21,0.01,"[732.4937363192407, 8.059990644454956]"
F262013,50,21,0.1,"[324.32029910715437, 79.93768167495728]"
F262013,50,21,0.2,"[283.1392417533707, 159.8709363937378]"
F262013,50,21,0.3,"[266.21672426916757, 240.37844038009644]"
F262013,50,21,0.4,"[255.04915284680374, 320.372759103775]"
F262013,50,21,0.5,"[246.88380797227842, 400.2412350177765]"
F262013,50,21,0.6,"[240.60728395289243, 480.12283515930176]"
F262013,50,21,0.7,"[235.64335912243246, 560.0191960334778]"
F262013,50,21,0.8,"[231.61393709712843, 639.9492044448853]"
F262013,50,21,0.9,"[228.28939628623584, 719.7770824432373]"
F262013,50,21,1.0,"[225.4983777281259, 799.7285730838776]"
F262013,50,22,0.01,"[1257.9251827230573, 8.103393793106079]"
F262013,50,22,0.1,"[1211.4079196242096, 80.12839365005493]"
F262013,50,22,0.2,"[1211.4079193862058, 160.22962546348572]"
F262013,50,22,0.3,"[1211.407917083956, 240.25747203826904]"
F262013,50,22,0.4,"[1211.4079172968372, 320.35288524627686]"
F262013,50,22,0.5,"[1211.4079185368446, 400.2804524898529]"
F262013,50,22,0.6,"[1211.407917680427, 480.23707723617554]"
F262013,50,22,0.7,"[1211.4079229757017, 560.1611187458038]"
F262013,50,22,0.8,"[1211.4079229753052, 640.1535575389862]"
F262013,50,22,0.9,"[1211.4079159775501, 720.1017334461212]"
F262013,50,22,1.0,"[1211.407918190042, 800.1518824100494]"
F262013,50,23,0.01,"[888.2905254538264, 8.065876007080078]"
F262013,50,23,0.1,"[619.7604618587404, 79.99196124076843]"
F262013,50,23,0.2,"[576.6961026839567, 160.0109407901764]"
F262013,50,23,0.3,"[542.8539656966695, 240.17017245292664]"
F262013,50,23,0.4,"[549.0540680077322, 320.19560289382935]"
F262013,50,23,0.5,"[538.4841054501912, 400.1694185733795]"
F262013,50,23,0.6,"[552.6931939826786, 480.18115425109863]"
F262013,50,23,0.7,"[551.2302684549957, 560.1786322593689]"
F262013,50,23,0.8,"[546.935026022361, 640.2708737850189]"
F262013,50,23,0.9,"[553.704061540453, 720.2657942771912]"
F262013,50,23,1.0,"[555.7224202144457, 800.3581829071045]"
F262013,50,24,0.01,"[641.3299494783062, 8.112458229064941]"
F262013,50,24,0.1,"[594.2369232280562, 80.01402878761292]"
F262013,50,24,0.2,"[596.014059159738, 159.89425659179688]"
F262013,50,24,0.3,"[568.4840112143268, 240.56392097473145]"
F262013,50,24,0.4,"[547.9253441406115, 320.4383144378662]"
F262013,50,24,0.5,"[544.8748093846552, 400.23420691490173]"
F262013,50,24,0.6,"[552.4887945244845, 480.0677628517151]"
F262013,50,24,0.7,"[543.9753869980264, 559.8916187286377]"
F262013,50,24,0.8,"[545.5075180477775, 639.7846982479095]"
F262013,50,24,0.9,"[534.9119146514386, 719.5809767246246]"
F262013,50,24,1.0,"[526.388126434952, 799.5047903060913]"
F262013,50,25,0.01,"[2690.314832535162, 8.103100061416626]"
F262013,50,25,0.1,"[411.40332036112636, 79.895672082901]"
F262013,50,25,0.2,"[411.05318663646176, 159.70319843292236]"
F262013,50,25,0.3,"[413.07710179102287, 239.42084622383118]"
F262013,50,25,0.4,"[411.5920735190857, 319.27464389801025]"
F262013,50,25,0.5,"[411.1908854062792, 398.98387002944946]"
F262013,50,25,0.6,"[407.2387331868881, 478.7390694618225]"
F262013,50,25,0.7,"[414.85401781204337, 558.4119696617126]"
F262013,50,25,0.8,"[410.79681257671587, 638.1528186798096]"
F262013,50,25,0.9,"[414.49842600057127, 717.8210933208466]"
F262013,50,25,1.0,"[411.08678796921845, 797.6319329738617]"
F262013,50,26,0.01,"[933.8286555233622, 8.142585277557373]"
F262013,50,26,0.1,"[317.77877498080284, 79.97895860671997]"
F262013,50,26,0.2,"[275.726308746066, 159.85284614562988]"
F262013,50,26,0.3,"[256.69323895139496, 239.63824725151062]"
F262013,50,26,0.4,"[245.3153062652118, 319.5291793346405]"
F262013,50,26,0.5,"[237.76490399001318, 399.2933430671692]"
F262013,50,26,0.6,"[232.48832784049637, 479.1725435256958]"
F262013,50,26,0.7,"[228.5024795566544, 558.9300653934479]"
F262013,50,26,0.8,"[225.32866222015673, 638.760504245758]"
F262013,50,26,0.9,"[222.73855970217028, 718.5261473655701]"
F262013,50,26,1.0,"[220.5771443478659, 798.428163766861]"
F262013,50,27,0.01,"[5026.31110002048, 8.063594579696655]"
F262013,50,27,0.1,"[429.95618964885216, 79.99639177322388]"
F262013,50,27,0.2,"[404.9054019395685, 159.9137794971466]"
F262013,50,27,0.3,"[411.4720177170575, 240.01595544815063]"
F262013,50,27,0.4,"[411.0553435489712, 319.89248991012573]"
F262013,50,27,0.5,"[410.2259449795847, 399.68946647644043]"
F262013,50,27,0.6,"[410.304708937716, 479.54631423950195]"
F262013,50,27,0.7,"[411.84325964762934, 559.3902719020844]"
F262013,50,27,0.8,"[402.7977935512065, 639.2903599739075]"
F262013,50,27,0.9,"[417.62409840674604, 719.1068849563599]"
F262013,50,27,1.0,"[411.0158004945017, 798.9937608242035]"
F262013,50,28,0.01,"[962.5139310546206, 8.06367564201355]"
F262013,50,28,0.1,"[661.864152968765, 79.94652891159058]"
F262013,50,28,0.2,"[585.4472197100656, 159.88127899169922]"
F262013,50,28,0.3,"[561.3512107126621, 239.80118608474731]"
F262013,50,28,0.4,"[572.0014169365486, 319.7538559436798]"
F262013,50,28,0.5,"[546.8220872859958, 399.580548286438]"
F262013,50,28,0.6,"[537.1396686519411, 479.54770493507385]"
F262013,50,28,0.7,"[539.4233885861554, 559.4051628112793]"
F262013,50,28,0.8,"[535.663039293534, 639.3119103908539]"
F262013,50,28,0.9,"[535.7440581397204, 719.1436734199524]"
F262013,50,28,1.0,"[547.4696654419672, 799.0826549530029]"
F262013,50,29,0.01,"[1753.4232941253827, 8.056597709655762]"
F262013,50,29,0.1,"[523.203412561139, 79.91188621520996]"
F262013,50,29,0.2,"[344.8786381382838, 159.74665307998657]"
F262013,50,29,0.3,"[293.4424232882393, 239.63495683670044]"
F262013,50,29,0.4,"[270.65639380437324, 319.4607126712799]"
F262013,50,29,0.5,"[257.2648718428686, 399.215806722641]"
F262013,50,29,0.6,"[247.953763184541, 479.050101518631]"
F262013,50,29,0.7,"[240.93760893481317, 558.8131489753723]"
F262013,50,29,0.8,"[235.40482938094374, 638.653716802597]"
F262013,50,29,0.9,"[230.93579892835896, 718.425271987915]"
F262013,50,29,1.0,"[227.25338874871045, 798.2702372074127]"
F262013,50,30,0.01,"[2975.6432192803713, 8.096577882766724]"
F262013,50,30,0.1,"[2963.4904374693724, 80.00124263763428]"
F262013,50,30,0.2,"[2936.8312396083256, 159.9490864276886]"
F262013,50,30,0.3,"[2946.1850422785064, 239.82505321502686]"
F262013,50,30,0.4,"[2924.677444560103, 319.769140958786]"
F262013,50,30,0.5,"[2924.1834111214375, 399.6431324481964]"
F262013,50,30,0.6,"[2915.735350750332, 479.5612726211548]"
F262013,50,30,0.7,"[2898.4040970061324, 559.4297976493835]"
F262013,50,30,0.8,"[2919.9120623043545, 639.3879628181458]"
F262013,50,30,0.9,"[2911.247411852599, 719.2495024204254]"
F262013,50,30,1.0,"[2923.7967765930516, 799.2140934467316]"
F262013,50,31,0.01,"[876.760236153852, 8.12508249282837]"
F262013,50,31,0.1,"[693.3339761671873, 79.97011733055115]"
F262013,50,31,0.2,"[610.6281170729262, 159.83669066429138]"
F262013,50,31,0.3,"[587.2664719008201, 240.00880932807922]"
F262013,50,31,0.4,"[587.6247500282102, 319.8647413253784]"
F262013,50,31,0.5,"[571.6476203971747, 399.65747809410095]"
F262013,50,31,0.6,"[556.6502166838814, 479.50086092948914]"
F262013,50,31,0.7,"[556.3928561868222, 559.2969524860382]"
F262013,50,31,0.8,"[568.001550030694, 639.1376149654388]"
F262013,50,31,0.9,"[566.8705178409991, 719.0093905925751]"
F262013,50,31,1.0,"[562.4502408442622, 798.9293067455292]"
F262013,50,32,0.01,"[7343.903497994332, 8.06111216545105]"
F262013,50,32,0.1,"[431.70508743269215, 79.78411674499512]"
F262013,50,32,0.2,"[412.70432125607294, 159.51159930229187]"
F262013,50,32,0.3,"[414.6426628125141, 239.19754099845886]"
F262013,50,32,0.4,"[411.75494551277666, 318.89978671073914]"
F262013,50,32,0.5,"[414.41400869218296, 398.49943494796753]"
F262013,50,32,0.6,"[415.64626236148956, 478.1197907924652]"
F262013,50,32,0.7,"[412.3790628105344, 557.7290432453156]"
F262013,50,32,0.8,"[412.2132763603547, 637.4242429733276]"
F262013,50,32,0.9,"[411.9117833431451, 717.0369729995728]"
F262013,50,32,1.0,"[412.10248696437134, 796.7301223278046]"
F262013,50,33,0.01,"[3563.1665853501745, 8.0628662109375]"
F262013,50,33,0.1,"[3140.2437323386494, 79.91723370552063]"
F262013,50,33,0.2,"[3150.7509959292165, 166.6504180431366]"
F262013,50,33,0.3,"[3192.3918424661333, 257.9832375049591]"
F262013,50,33,0.4,"[3172.440052388043, 349.5142276287079]"
F262013,50,33,0.5,"[3175.429628892938, 429.55781865119934]"
F262013,50,33,0.6,"[3175.539200375286, 509.45211124420166]"
F262013,50,33,0.7,"[3186.6901494345493, 589.2615206241608]"
F262013,50,33,0.8,"[3167.693437814709, 669.2209587097168]"
F262013,50,33,0.9,"[3120.2824104158944, 749.136396408081]"
F262013,50,33,1.0,"[3142.10683786163, 829.4783387184143]"
F262013,50,34,0.01,"[1352.6504034073841, 8.100078105926514]"
F262013,50,34,0.1,"[632.0651939704819, 79.92614769935608]"
F262013,50,34,0.2,"[583.0172112125151, 159.77977538108826]"
F262013,50,34,0.3,"[575.1261006568916, 239.77099084854126]"
F262013,50,34,0.4,"[567.3472901687433, 319.73558735847473]"
F262013,50,34,0.5,"[562.4067263340485, 399.55227613449097]"
F262013,50,34,0.6,"[575.6932265918033, 479.3894844055176]"
F262013,50,34,0.7,"[570.9081227866286, 559.2220675945282]"
F262013,50,34,0.8,"[575.6716738057044, 639.1416015625]"
F262013,50,34,0.9,"[571.147873397538, 718.9923114776611]"
F262013,50,34,1.0,"[569.089612826532, 798.9407572746277]"
F262013,50,35,0.01,"[2057.622192423063, 8.095068216323853]"
F262013,50,35,0.1,"[473.8062772643789, 80.02289700508118]"
F262013,50,35,0.2,"[317.53449822466837, 160.00306487083435]"
F262013,50,35,0.3,"[278.1984896488616, 239.90616869926453]"
F262013,50,35,0.4,"[259.2085799530237, 319.93560004234314]"
F262013,50,35,0.5,"[247.65133740711804, 399.82102823257446]"
F262013,50,35,0.6,"[239.8370551408034, 479.758837223053]"
F262013,50,35,0.7,"[234.4624482027159, 559.6374089717865]"
F262013,50,35,0.8,"[230.35744606323237, 639.5746085643768]"
F262013,50,35,0.9,"[227.10660083432504, 719.4653851985931]"
F262013,50,35,1.0,"[224.45265353011632, 799.4612069129944]"
F262013,50,36,0.01,"[1724.1284258561013, 8.20207929611206]"
F262013,50,36,0.1,"[1621.5132016054, 80.14016437530518]"
F262013,50,36,0.2,"[1621.5132560677775, 160.12756991386414]"
F262013,50,36,0.3,"[1621.5132038105844, 240.0413362979889]"
F262013,50,36,0.4,"[1621.5132806110905, 320.0504353046417]"
F262013,50,36,0.5,"[1621.5132824498469, 399.9247508049011]"
F262013,50,36,0.6,"[1621.5132666953155, 479.86421298980713]"
F262013,50,36,0.7,"[1621.5132041476145, 559.7493393421173]"
F262013,50,36,0.8,"[1621.5133458569908, 639.7200872898102]"
F262013,50,36,0.9,"[1621.5132204217675, 719.6040887832642]"
F262013,50,36,1.0,"[1621.513549237065, 799.6007554531097]"
F262013,50,37,0.01,"[626.5216935487829, 8.080849647521973]"
F262013,50,37,0.1,"[606.7173922427942, 79.89146685600281]"
F262013,50,37,0.2,"[572.0648957656626, 159.72086572647095]"
F262013,50,37,0.3,"[545.1995088188144, 239.6809914112091]"
F262013,50,37,0.4,"[538.1476508167511, 319.5397505760193]"
F262013,50,37,0.5,"[540.0377029819902, 399.3913938999176]"
F262013,50,37,0.6,"[559.576956610842, 479.1794345378876]"
F262013,50,37,0.7,"[549.8722391274919, 558.9312896728516]"
F262013,50,37,0.8,"[553.6712104039805, 638.7516345977783]"
F262013,50,37,0.9,"[553.2221164519267, 718.5001270771027]"
F262013,50,37,1.0,"[561.6462893355235, 798.3612971305847]"
F262013,50,38,0.01,"[1860.5245225431345, 8.077383518218994]"
F262013,50,38,0.1,"[1744.3080515247757, 79.97722935676575]"
F262013,50,38,0.2,"[1744.3075770577052, 159.95166087150574]"
F262013,50,38,0.3,"[1744.307576723906, 239.8519606590271]"
F262013,50,38,0.4,"[1744.307576722611, 319.8148868083954]"
F262013,50,38,0.5,"[1744.3075768652698, 399.7075090408325]"
F262013,50,38,0.6,"[1744.3075767176133, 479.64670515060425]"
F262013,50,38,0.7,"[1744.3075767233327, 559.5559158325195]"
F262013,50,38,0.8,"[1744.3075769481084, 639.5221140384674]"
F262013,50,38,0.9,"[1744.307577059376, 719.4105799198151]"
F262013,50,38,1.0,"[1744.307576737112, 799.4621977806091]"
F262013,50,39,0.01,"[4427.977257821331, 8.064403295516968]"
F262013,50,39,0.1,"[4140.185862993794, 79.92919826507568]"
F262013,50,39,0.2,"[4138.3171910144865, 159.89669513702393]"
F262013,50,39,0.3,"[4138.3171535770825, 239.73794412612915]"
F262013,50,39,0.4,"[4138.317153505478, 319.65222120285034]"
F262013,50,39,0.5,"[4138.317153697476, 399.49815559387207]"
F262013,50,39,0.6,"[4138.317153495357, 479.44173789024353]"
F262013,50,39,0.7,"[4138.317153489919, 559.265615940094]"
F262013,50,39,0.8,"[4138.317153906465, 639.1390373706818]"
F262013,50,39,0.9,"[4138.317153481205, 718.937262058258]"
F262013,50,39,1.0,"[4138.317153464069, 798.8289928436279]"
F262013,50,40,0.01,"[3105.198463814085, 8.06853437423706]"
F262013,50,40,0.1,"[3017.505974607502, 79.7750883102417]"
F262013,50,40,0.2,"[3004.3911916941643, 159.51580047607422]"
F262013,50,40,0.3,"[3023.3173137638314, 239.25563383102417]"
F262013,50,40,0.4,"[3006.817299719569, 318.9814224243164]"
F262013,50,40,0.5,"[3013.680572064054, 398.59502816200256]"
F262013,50,40,0.6,"[3006.5449790924886, 478.2370364665985]"
F262013,50,40,0.7,"[2999.3528877607205, 557.8560304641724]"
F262013,50,40,0.8,"[3004.984072111447, 637.566488981247]"
F262013,50,40,0.9,"[3003.7992877794422, 717.1870002746582]"
F262013,50,40,1.0,"[3002.9691571817693, 796.8938989639282]"
F262013,50,41,0.01,"[1197.36238192068, 9.236140727996826]"
F262013,50,41,0.1,"[355.6585789089943, 91.46424221992493]"
F262013,50,41,0.2,"[261.6675666445931, 174.0482268333435]"
F262013,50,41,0.3,"[240.73989541144238, 253.94169855117798]"
F262013,50,41,0.4,"[231.7402195286254, 333.86751914024353]"
F262013,50,41,0.5,"[226.39942783823562, 413.7083761692047]"
F262013,50,41,0.6,"[222.60440604976543, 493.5574629306793]"
F262013,50,41,0.7,"[219.86083212748713, 573.365088224411]"
F262013,50,41,0.8,"[217.70839135503434, 653.2636852264404]"
F262013,50,41,0.9,"[215.9809311454385, 733.0708136558533]"
F262013,50,41,1.0,"[214.5640469263892, 813.0808820724487]"
F262013,50,42,0.01,"[771.1569420451117, 8.126312732696533]"
F262013,50,42,0.1,"[620.652567470748, 80.49637508392334]"
F262013,50,42,0.2,"[649.8549830534614, 161.0395107269287]"
F262013,50,42,0.3,"[678.8735114023111, 241.53833270072937]"
F262013,50,42,0.4,"[624.5707211220151, 322.0264756679535]"
F262013,50,42,0.5,"[629.1534289817068, 402.4353926181793]"
F262013,50,42,0.6,"[588.2804719135434, 482.80864334106445]"
F262013,50,42,0.7,"[575.0324670485759, 563.1880650520325]"
F262013,50,42,0.8,"[579.4133353967459, 643.6325676441193]"
F262013,50,42,0.9,"[572.4118846180754, 724.0065748691559]"
F262013,50,42,1.0,"[580.7526172113924, 804.5380387306213]"
F262013,50,43,0.01,"[892.5973707602557, 8.095638275146484]"
F262013,50,43,0.1,"[661.6999875238444, 80.07458758354187]"
F262013,50,43,0.2,"[608.3003028039516, 160.13540244102478]"
F262013,50,43,0.3,"[585.9565461602056, 240.1184380054474]"
F262013,50,43,0.4,"[577.6784605243417, 320.16896986961365]"
F262013,50,43,0.5,"[574.8198178823307, 400.13346099853516]"
F262013,50,43,0.6,"[572.2605524109099, 480.1580777168274]"
F262013,50,43,0.7,"[560.0166097685587, 560.1146476268768]"
F262013,50,43,0.8,"[565.4499680035169, 640.1315088272095]"
F262013,50,43,0.9,"[573.8495666038541, 720.0802690982819]"
F262013,50,43,1.0,"[559.9315211632565, 800.1516499519348]"
F262013,50,44,0.01,"[270.8250749674153, 8.067137002944946]"
F262013,50,44,0.1,"[203.71264579194303, 79.95692229270935]"
F262013,50,44,0.2,"[201.5269941659833, 159.9065752029419]"
F262013,50,44,0.3,"[201.01646261822157, 239.9364459514618]"
F262013,50,44,0.4,"[200.79243660298312, 319.93775486946106]"
F262013,50,44,0.5,"[200.6625942614735, 399.82968759536743]"
F262013,50,44,0.6,"[200.57749525066492, 479.6619117259979]"
F262013,50,44,0.7,"[200.51578918950963, 559.4346833229065]"
F262013,50,44,0.8,"[200.46767085699275, 639.2774066925049]"
F262013,50,44,0.9,"[200.42845134563436, 719.0472567081451]"
F262013,50,44,1.0,"[200.3953922635701, 798.9284040927887]"
F262013,50,45,0.01,"[2743.9798279574284, 8.074393510818481]"
F262013,50,45,0.1,"[2728.4146124712097, 80.07141637802124]"
F262013,50,45,0.2,"[2746.884920407213, 160.16436195373535]"
F262013,50,45,0.3,"[2741.675317197485, 240.23386025428772]"
F262013,50,45,0.4,"[2734.853681545263, 320.17650628089905]"
F262013,50,45,0.5,"[2727.716398625733, 400.0439212322235]"
F262013,50,45,0.6,"[2726.4470373985714, 479.96683168411255]"
F262013,50,45,0.7,"[2725.549065493087, 559.8100850582123]"
F262013,50,45,0.8,"[2745.93309722145, 639.7299280166626]"
F262013,50,45,0.9,"[2732.4845811172827, 719.5795350074768]"
F262013,50,45,1.0,"[2730.110263929168, 799.5454640388489]"
F262013,50,46,0.01,"[573.5179037859157, 8.093836307525635]"
F262013,50,46,0.1,"[567.9179084506463, 79.97933316230774]"
F262013,50,46,0.2,"[559.6870434786297, 159.92758774757385]"
F262013,50,46,0.3,"[555.0652000474643, 239.80725717544556]"
F262013,50,46,0.4,"[549.9466389277086, 319.8257837295532]"
F262013,50,46,0.5,"[550.2316752249228, 399.76353669166565]"
F262013,50,46,0.6,"[550.2891214919191, 479.71665930747986]"
F262013,50,46,0.7,"[548.6653233339448, 559.618236541748]"
F262013,50,46,0.8,"[541.3763338065323, 639.605471611023]"
F262013,50,46,0.9,"[553.7985556811436, 719.5066668987274]"
F262013,50,46,1.0,"[541.5175701118796, 799.5278027057648]"
F262013,50,47,0.01,"[854.1491805314627, 8.071368932723999]"
F262013,50,47,0.1,"[632.0334343448676, 79.89499855041504]"
F262013,50,47,0.2,"[643.9606070012419, 159.76611995697021]"
F262013,50,47,0.3,"[673.9944032700519, 239.55934810638428]"
F262013,50,47,0.4,"[675.5416735867175, 319.45026087760925]"
F262013,50,47,0.5,"[661.4914133945435, 399.2375316619873]"
F262013,50,47,0.6,"[635.762404067344, 479.06435894966125]"
F262013,50,47,0.7,"[604.2715102481118, 558.8453001976013]"
F262013,50,47,0.8,"[596.2970697017709, 638.6940958499908]"
F262013,50,47,0.9,"[585.0341780158806, 718.4564752578735]"
F262013,50,47,1.0,"[580.7293537235983, 798.309645652771]"
F262013,50,48,0.01,"[706.4173345326994, 8.036548137664795]"
F262013,50,48,0.1,"[611.6263449232865, 79.92822670936584]"
F262013,50,48,0.2,"[629.2713876071787, 159.85414290428162]"
F262013,50,48,0.3,"[590.6865237912493, 239.64959836006165]"
F262013,50,48,0.4,"[586.3604041894746, 319.4985899925232]"
F262013,50,48,0.5,"[580.6945959863617, 399.296507358551]"
F262013,50,48,0.6,"[570.7224969551362, 479.1892695426941]"
F262013,50,48,0.7,"[573.5563903729899, 559.0098171234131]"
F262013,50,48,0.8,"[565.6422680362325, 638.931978225708]"
F262013,50,48,0.9,"[574.6165490860408, 718.7487115859985]"
F262013,50,48,1.0,"[571.3562149198137, 798.7141437530518]"
F262013,50,49,0.01,"[738.1679896454241, 8.065144777297974]"
F262013,50,49,0.1,"[646.2332785040535, 86.55340147018433]"
F262013,50,49,0.2,"[619.464748512908, 178.01354122161865]"
F262013,50,49,0.3,"[574.6410965071916, 269.4032099246979]"
F262013,50,49,0.4,"[594.7737463965386, 360.8470401763916]"
F262013,50,49,0.5,"[589.2880886034782, 452.1611502170563]"
F262013,50,49,0.6,"[561.7784814678475, 543.5592472553253]"
F262013,50,49,0.7,"[549.6411626541883, 634.8744308948517]"
F262013,50,49,0.8,"[543.5492813124874, 726.3417282104492]"
F262013,50,49,0.9,"[545.9361219290131, 817.7001533508301]"
F262013,50,49,1.0,"[552.3141797264934, 909.2171761989594]"
F262013,50,50,0.01,"[3127.9696504417534, 8.053266525268555]"
F262013,50,50,0.1,"[3122.4728624903564, 80.08550190925598]"
F262013,50,50,0.2,"[3116.2176035726143, 160.23608684539795]"
F262013,50,50,0.3,"[3116.7076164697573, 240.3087193965912]"
F262013,50,50,0.4,"[3116.6191019444486, 320.4560058116913]"
F262013,50,50,0.5,"[3113.439736385535, 400.54323554039]"
F262013,50,50,0.6,"[3113.404788784621, 480.70827770233154]"
F262013,50,50,0.7,"[3110.397890835031, 560.7791466712952]"
F262013,50,50,0.8,"[3122.5300467530287, 640.9560418128967]"
F262013,50,50,0.9,"[3122.3065972042905, 721.0334675312042]"
F262013,50,50,1.0,"[3113.8957543671077, 801.2195584774017]"
