function,dimension,run,checkpoint,error
F72013,10,0,0.01,"[1439818469948.8657, 0.12247896194458008]"
F72013,10,0,0.1,"[677011684958.1667, 1.213172197341919]"
F72013,10,0,0.2,"[388235966159.6214, 2.4130895137786865]"
F72013,10,0,0.3,"[387794365205.4865, 3.6135330200195312]"
F72013,10,0,0.4,"[388527099729.4176, 4.808768272399902]"
F72013,10,0,0.5,"[388301536246.5616, 6.003739356994629]"
F72013,10,0,0.6,"[390578147773.27246, 7.207259893417358]"
F72013,10,0,0.7,"[390618689835.8934, 8.407702922821045]"
F72013,10,0,0.8,"[388586048810.397, 9.607950210571289]"
F72013,10,0,0.9,"[388192086198.95514, 10.803945541381836]"
F72013,10,0,1.0,"[388247250337.1422, 12.01214075088501]"
F72013,10,1,0.01,"[1156922582.7424252, 0.12118077278137207]"
F72013,10,1,0.1,"[291218077.67641234, 1.2025401592254639]"
F72013,10,1,0.2,"[136907425.54181233, 2.387274742126465]"
F72013,10,1,0.3,"[136815029.9418289, 3.572413682937622]"
F72013,10,1,0.4,"[136743192.4405534, 4.757877826690674]"
F72013,10,1,0.5,"[136678560.81850106, 5.943309307098389]"
F72013,10,1,0.6,"[136619765.3591987, 7.132919073104858]"
F72013,10,1,0.7,"[136566036.175583, 8.329717874526978]"
F72013,10,1,0.8,"[136516907.7182551, 9.527604341506958]"
F72013,10,1,0.9,"[136471801.95515114, 10.72142243385315]"
F72013,10,1,1.0,"[136430229.9113759, 11.921804428100586]"
F72013,10,2,0.01,"[346396906937.231, 0.12241840362548828]"
F72013,10,2,0.1,"[618760453677.4989, 1.2136681079864502]"
F72013,10,2,0.2,"[369258944342.8799, 2.4144787788391113]"
F72013,10,2,0.3,"[297471489610.32367, 3.6210649013519287]"
F72013,10,2,0.4,"[301014181317.5488, 4.822449684143066]"
F72013,10,2,0.5,"[300031328180.9426, 6.0285258293151855]"
F72013,10,2,0.6,"[303912968870.09827, 7.2370123863220215]"
F72013,10,2,0.7,"[306336928844.28467, 8.449605941772461]"
F72013,10,2,0.8,"[302327423848.8479, 9.664281845092773]"
F72013,10,2,0.9,"[304598469517.96, 10.867535829544067]"
F72013,10,2,1.0,"[306174171809.5753, 12.072044134140015]"
F72013,10,3,0.01,"[764733071.5957121, 0.12227368354797363]"
F72013,10,3,0.1,"[211760193.54225934, 1.214918851852417]"
F72013,10,3,0.2,"[211139531.80214804, 2.4287350177764893]"
F72013,10,3,0.3,"[211651589.03625405, 3.64894437789917]"
F72013,10,3,0.4,"[211608291.36097816, 4.868006944656372]"
F72013,10,3,0.5,"[211090143.74361905, 6.091676712036133]"
F72013,10,3,0.6,"[211539464.55621514, 7.318698167800903]"
F72013,10,3,0.7,"[211512360.22836766, 8.548068523406982]"
F72013,10,3,0.8,"[211058295.79107255, 9.777543306350708]"
F72013,10,3,0.9,"[211469820.9044489, 11.003097534179688]"
F72013,10,3,1.0,"[211453324.28025687, 12.222986698150635]"
F72013,10,4,0.01,"[434809535963.924, 0.12146711349487305]"
F72013,10,4,0.1,"[324655164701.9294, 1.2060623168945312]"
F72013,10,4,0.2,"[359996645977.9228, 2.4098756313323975]"
F72013,10,4,0.3,"[1370675640834.5715, 3.6148390769958496]"
F72013,10,4,0.4,"[1022082042583.5931, 4.817366361618042]"
F72013,10,4,0.5,"[1273300024491.975, 6.021350383758545]"
F72013,10,4,0.6,"[1988470380803.777, 7.230722904205322]"
F72013,10,4,0.7,"[1853759964141.742, 8.439504146575928]"
F72013,10,4,0.8,"[1284499331879.3948, 9.643336057662964]"
F72013,10,4,0.9,"[814284636474.2959, 10.84896469116211]"
F72013,10,4,1.0,"[1356683171734.844, 12.051163911819458]"
F72013,10,5,0.01,"[6.959684214258489e+18, 0.1224830150604248]"
F72013,10,5,0.1,"[1.2363361323025514e+19, 1.2189459800720215]"
F72013,10,5,0.2,"[2.6795114798564976e+20, 2.432366371154785]"
F72013,10,5,0.3,"[2.1474127729286814e+20, 3.6413183212280273]"
F72013,10,5,0.4,"[1.2736596849799381e+20, 4.850214958190918]"
F72013,10,5,0.5,"[8.076056634279687e+19, 6.053639650344849]"
F72013,10,5,0.6,"[7.101412859981986e+19, 7.25844931602478]"
F72013,10,5,0.7,"[7.944193559660244e+19, 8.465030670166016]"
F72013,10,5,0.8,"[1.4175993771417995e+20, 9.672888994216919]"
F72013,10,5,0.9,"[1.4627023329313164e+20, 10.880630493164062]"
F72013,10,5,1.0,"[1.7933284678570698e+20, 12.091260194778442]"
F72013,10,6,0.01,"[1.1735329202721194e+17, 0.12152791023254395]"
F72013,10,6,0.1,"[7.496277207324491e+16, 1.2030503749847412]"
F72013,10,6,0.2,"[8.528443478992066e+16, 2.408390998840332]"
F72013,10,6,0.3,"[7.934426756372672e+16, 3.6142542362213135]"
F72013,10,6,0.4,"[5.997753515144378e+16, 4.816793441772461]"
F72013,10,6,0.5,"[7.222511944973317e+16, 6.016477584838867]"
F72013,10,6,0.6,"[3.842516540907002e+16, 7.2185587882995605]"
F72013,10,6,0.7,"[3.798931649741812e+16, 8.426941871643066]"
F72013,10,6,0.8,"[3.9969353264146056e+16, 9.630260705947876]"
F72013,10,6,0.9,"[4.5449544216673576e+16, 10.836033344268799]"
F72013,10,6,1.0,"[4.433774416703826e+16, 12.041381359100342]"
F72013,10,7,0.01,"[10833.062974590057, 0.1210014820098877]"
F72013,10,7,0.1,"[10175.03600060168, 1.198610782623291]"
F72013,10,7,0.2,"[9864.670076132285, 2.3941614627838135]"
F72013,10,7,0.3,"[9786.525736084917, 3.59151554107666]"
F72013,10,7,0.4,"[9656.474478658176, 4.783982753753662]"
F72013,10,7,0.5,"[9597.020492558873, 5.969615936279297]"
F72013,10,7,0.6,"[9567.404509492588, 7.157838821411133]"
F72013,10,7,0.7,"[9549.647110409174, 8.353148937225342]"
F72013,10,7,0.8,"[9538.39737172896, 9.540744304656982]"
F72013,10,7,0.9,"[9531.154498788022, 10.736048221588135]"
F72013,10,7,1.0,"[9526.182405270372, 11.926770448684692]"
F72013,10,8,0.01,"[3036418864.1309795, 0.12134647369384766]"
F72013,10,8,0.1,"[3045308949.392885, 1.207780361175537]"
F72013,10,8,0.2,"[3095453432.2810383, 2.4148499965667725]"
F72013,10,8,0.3,"[3086174713.3377953, 3.622559070587158]"
F72013,10,8,0.4,"[3054630640.2986474, 4.822403192520142]"
F72013,10,8,0.5,"[3140512252.937158, 6.0176990032196045]"
F72013,10,8,0.6,"[2974143617.218491, 7.220308303833008]"
F72013,10,8,0.7,"[3399926377.972863, 8.42627239227295]"
F72013,10,8,0.8,"[5575209710.470845, 9.632428884506226]"
F72013,10,8,0.9,"[5700469233.958736, 10.834501028060913]"
F72013,10,8,1.0,"[3100083720.955032, 12.043707132339478]"
F72013,10,9,0.01,"[254986038.55891043, 0.12177705764770508]"
F72013,10,9,0.1,"[286685426.6697798, 1.2085044384002686]"
F72013,10,9,0.2,"[235500916.268329, 2.410405158996582]"
F72013,10,9,0.3,"[289075754.1461279, 3.612037181854248]"
F72013,10,9,0.4,"[291345411.0539668, 4.806446313858032]"
F72013,10,9,0.5,"[237642579.93160784, 5.996312379837036]"
F72013,10,9,0.6,"[290594113.51341695, 7.193444728851318]"
F72013,10,9,0.7,"[283971590.68256533, 8.39341688156128]"
F72013,10,9,0.8,"[294886584.5667524, 9.597389698028564]"
F72013,10,9,0.9,"[239335226.57170802, 10.795095443725586]"
F72013,10,9,1.0,"[256766021.02738908, 12.002359867095947]"
F72013,10,10,0.01,"[34659266550.17725, 0.1213681697845459]"
F72013,10,10,0.1,"[24830189479.000298, 1.2016229629516602]"
F72013,10,10,0.2,"[22079089556.01985, 2.3984994888305664]"
F72013,10,10,0.3,"[21241487268.155846, 3.596433162689209]"
F72013,10,10,0.4,"[21126990542.16787, 4.790502309799194]"
F72013,10,10,0.5,"[20382331805.163933, 5.990111351013184]"
F72013,10,10,0.6,"[21601556458.97802, 7.192843198776245]"
F72013,10,10,0.7,"[21184234721.13119, 8.401191473007202]"
F72013,10,10,0.8,"[21398885272.76814, 9.60899543762207]"
F72013,10,10,0.9,"[21995278195.969257, 10.814530372619629]"
F72013,10,10,1.0,"[21846076685.750286, 12.020985841751099]"
F72013,10,11,0.01,"[122805.26448762036, 0.12456345558166504]"
F72013,10,11,0.1,"[75618.59009808682, 1.2134919166564941]"
F72013,10,11,0.2,"[76052.97781372067, 2.4233267307281494]"
F72013,10,11,0.3,"[71506.51318752495, 3.639234781265259]"
F72013,10,11,0.4,"[73057.67789353064, 4.853795766830444]"
F72013,10,11,0.5,"[73941.16933631829, 6.062428951263428]"
F72013,10,11,0.6,"[68702.80743516148, 7.275851726531982]"
F72013,10,11,0.7,"[80404.71844696235, 8.493940353393555]"
F72013,10,11,0.8,"[80618.26516981487, 9.711298704147339]"
F72013,10,11,0.9,"[81649.80074246977, 10.916208267211914]"
F72013,10,11,1.0,"[66993.70843475258, 12.115750551223755]"
F72013,10,12,0.01,"[687441175.611392, 0.12393927574157715]"
F72013,10,12,0.1,"[687870111.1362318, 1.227248191833496]"
F72013,10,12,0.2,"[690810523.2126368, 2.4443655014038086]"
F72013,10,12,0.3,"[689204397.3416682, 3.6608364582061768]"
F72013,10,12,0.4,"[690098004.7842122, 4.8968024253845215]"
F72013,10,12,0.5,"[691502246.2343179, 6.111145973205566]"
F72013,10,12,0.6,"[692168605.1204326, 7.325849294662476]"
F72013,10,12,0.7,"[693067933.9999422, 8.541327238082886]"
F72013,10,12,0.8,"[688176524.450646, 9.753559350967407]"
F72013,10,12,0.9,"[693817057.6586798, 10.962487697601318]"
F72013,10,12,1.0,"[693629632.6814171, 12.177560091018677]"
F72013,10,13,0.01,"[865158810046.9734, 0.12137150764465332]"
F72013,10,13,0.1,"[458170608224.509, 1.2070200443267822]"
F72013,10,13,0.2,"[458046286412.98846, 2.407728672027588]"
F72013,10,13,0.3,"[457936854908.7442, 3.6083617210388184]"
F72013,10,13,0.4,"[457819081705.21545, 4.801474332809448]"
F72013,10,13,0.5,"[457637360488.7816, 5.988130807876587]"
F72013,10,13,0.6,"[457275894357.1518, 7.177640199661255]"
F72013,10,13,0.7,"[456928736491.9257, 8.37080717086792]"
F72013,10,13,0.8,"[403983065276.88, 9.563498973846436]"
F72013,10,13,0.9,"[459404013874.3467, 10.757214546203613]"
F72013,10,13,1.0,"[458256137512.8833, 11.958091735839844]"
F72013,10,14,0.01,"[106881011.7670478, 0.12259030342102051]"
F72013,10,14,0.1,"[110112499.89256927, 1.2187435626983643]"
F72013,10,14,0.2,"[104561910.19479534, 2.4315848350524902]"
F72013,10,14,0.3,"[115072295.94688208, 3.6476075649261475]"
F72013,10,14,0.4,"[121861537.29500914, 4.857870101928711]"
F72013,10,14,0.5,"[104098376.64261034, 6.068160533905029]"
F72013,10,14,0.6,"[86604117.38227949, 7.283911466598511]"
F72013,10,14,0.7,"[92438532.07897396, 8.506683349609375]"
F72013,10,14,0.8,"[95859545.20055966, 9.729225635528564]"
F72013,10,14,0.9,"[113638075.96481998, 10.94078254699707]"
F72013,10,14,1.0,"[84752631.07546812, 12.152239561080933]"
F72013,10,15,0.01,"[2489005.3877138793, 0.12240386009216309]"
F72013,10,15,0.1,"[958733.7538103336, 1.2194979190826416]"
F72013,10,15,0.2,"[856279.8281800045, 2.43875789642334]"
F72013,10,15,0.3,"[853347.8985416514, 3.655620813369751]"
F72013,10,15,0.4,"[653523.5792767941, 4.860952377319336]"
F72013,10,15,0.5,"[879498.9322217229, 6.059982061386108]"
F72013,10,15,0.6,"[768901.7543549488, 7.262053728103638]"
F72013,10,15,0.7,"[776831.0458845578, 8.4651198387146]"
F72013,10,15,0.8,"[770347.6257331177, 9.666469812393188]"
F72013,10,15,0.9,"[723960.8328638405, 10.863824367523193]"
F72013,10,15,1.0,"[815366.2051323259, 12.068004846572876]"
F72013,10,16,0.01,"[4043369464.523294, 0.1608567237854004]"
F72013,10,16,0.1,"[6323347365.42799, 1.2389800548553467]"
F72013,10,16,0.2,"[6761290858.6728525, 2.4287216663360596]"
F72013,10,16,0.3,"[9521769648.392859, 3.6176767349243164]"
F72013,10,16,0.4,"[4433093269.865382, 4.802398204803467]"
F72013,10,16,0.5,"[3586285826.8727217, 5.988389015197754]"
F72013,10,16,0.6,"[2302001925.7487235, 7.181405067443848]"
F72013,10,16,0.7,"[2238833120.6109166, 8.379042148590088]"
F72013,10,16,0.8,"[2267652674.0653825, 9.580844640731812]"
F72013,10,16,0.9,"[2629278458.9625373, 10.775981903076172]"
F72013,10,16,1.0,"[2274826704.3121133, 11.981018781661987]"
F72013,10,17,0.01,"[12053320.9900124, 0.12236475944519043]"
F72013,10,17,0.1,"[6248816.286095217, 1.2111501693725586]"
F72013,10,17,0.2,"[6058238.207800148, 2.4203739166259766]"
F72013,10,17,0.3,"[6057242.788552034, 3.629591941833496]"
F72013,10,17,0.4,"[5716930.281506837, 4.836441516876221]"
F72013,10,17,0.5,"[5703545.0119617125, 6.042234659194946]"
F72013,10,17,0.6,"[5486665.074080558, 7.249755859375]"
F72013,10,17,0.7,"[5772955.034090474, 8.465966939926147]"
F72013,10,17,0.8,"[5294258.044728102, 9.67061734199524]"
F72013,10,17,0.9,"[5087827.138196969, 10.881563901901245]"
F72013,10,17,1.0,"[5747205.605290582, 12.090791463851929]"
F72013,10,18,0.01,"[708838225763.9204, 0.17516207695007324]"
F72013,10,18,0.1,"[432601157325.4452, 1.263207197189331]"
F72013,10,18,0.2,"[361129605698.76624, 2.466792345046997]"
F72013,10,18,0.3,"[424740829900.1658, 3.6718153953552246]"
F72013,10,18,0.4,"[339269364025.37836, 4.869801759719849]"
F72013,10,18,0.5,"[424296385463.1227, 6.062272071838379]"
F72013,10,18,0.6,"[407951040200.9595, 7.262733697891235]"
F72013,10,18,0.7,"[414144819493.2909, 8.466848850250244]"
F72013,10,18,0.8,"[399314557015.1691, 9.674116373062134]"
F72013,10,18,0.9,"[520964011922.8667, 10.87818169593811]"
F72013,10,18,1.0,"[395002784204.4687, 12.087366104125977]"
F72013,10,19,0.01,"[7756.510353679971, 0.12219357490539551]"
F72013,10,19,0.1,"[7060.177867041636, 1.2093920707702637]"
F72013,10,19,0.2,"[7060.175547971635, 2.4074952602386475]"
F72013,10,19,0.3,"[7060.1755478641435, 3.6065568923950195]"
F72013,10,19,0.4,"[7060.175547864141, 4.803781270980835]"
F72013,10,19,0.5,"[7060.175547864117, 6.0036461353302]"
F72013,10,19,0.6,"[7060.1755478641335, 7.203542709350586]"
F72013,10,19,0.7,"[7060.175547864136, 8.409645318984985]"
F72013,10,19,0.8,"[7060.175547864136, 9.613688707351685]"
F72013,10,19,0.9,"[7060.175547864138, 10.81950044631958]"
F72013,10,19,1.0,"[7060.175547864129, 12.02644658088684]"
F72013,10,20,0.01,"[216642241869418.94, 0.12190580368041992]"
F72013,10,20,0.1,"[77064720762499.03, 1.210439920425415]"
F72013,10,20,0.2,"[39477635158145.43, 2.408597469329834]"
F72013,10,20,0.3,"[37858732614646.01, 3.606994390487671]"
F72013,10,20,0.4,"[37833814248907.89, 4.799902439117432]"
F72013,10,20,0.5,"[37845466784737.805, 5.9924962520599365]"
F72013,10,20,0.6,"[37874002456991.73, 7.1974263191223145]"
F72013,10,20,0.7,"[33282530441556.105, 8.40194320678711]"
F72013,10,20,0.8,"[37777979662183.81, 9.605361461639404]"
F72013,10,20,0.9,"[37909883767767.73, 10.803855657577515]"
F72013,10,20,1.0,"[31392672305214.477, 12.008367538452148]"
F72013,10,21,0.01,"[30734281323.214478, 0.1226358413696289]"
F72013,10,21,0.1,"[17124339873.497793, 1.211827039718628]"
F72013,10,21,0.2,"[17608429226.325653, 2.414252758026123]"
F72013,10,21,0.3,"[19042390394.43832, 3.614797592163086]"
F72013,10,21,0.4,"[19043054127.612377, 4.812662601470947]"
F72013,10,21,0.5,"[19660866354.91011, 6.018114805221558]"
F72013,10,21,0.6,"[19035347838.54101, 7.22257137298584]"
F72013,10,21,0.7,"[19029547173.936947, 8.43358588218689]"
F72013,10,21,0.8,"[19580494940.14352, 9.646628618240356]"
F72013,10,21,0.9,"[19017828110.33535, 10.857335090637207]"
F72013,10,21,1.0,"[19012561799.523674, 12.066977977752686]"
F72013,10,22,0.01,"[2694268571.0900965, 0.12062931060791016]"
F72013,10,22,0.1,"[1191327612.1616962, 1.1924104690551758]"
F72013,10,22,0.2,"[1111519580.2801042, 2.3736255168914795]"
F72013,10,22,0.3,"[1144258806.1596894, 3.5550365447998047]"
F72013,10,22,0.4,"[1148312274.454989, 4.732304334640503]"
F72013,10,22,0.5,"[1122447262.4667315, 5.909116983413696]"
F72013,10,22,0.6,"[1148655819.352314, 7.092830657958984]"
F72013,10,22,0.7,"[1148423933.0958624, 8.281121015548706]"
F72013,10,22,0.8,"[1123171634.5637608, 9.468959093093872]"
F72013,10,22,0.9,"[1147913743.7257345, 10.65290379524231]"
F72013,10,22,1.0,"[1147653959.778683, 11.843600511550903]"
F72013,10,23,0.01,"[61833439146.6096, 0.1336836814880371]"
F72013,10,23,0.1,"[26798162873.561504, 1.2092692852020264]"
F72013,10,23,0.2,"[111725521122.33331, 2.3962976932525635]"
F72013,10,23,0.3,"[44167434441.42777, 3.5829782485961914]"
F72013,10,23,0.4,"[45309693046.57582, 4.7654128074646]"
F72013,10,23,0.5,"[29736341088.672768, 5.948481798171997]"
F72013,10,23,0.6,"[34852842002.80273, 7.138660430908203]"
F72013,10,23,0.7,"[34496386782.9686, 8.333984613418579]"
F72013,10,23,0.8,"[35677016230.19931, 9.527835845947266]"
F72013,10,23,0.9,"[25007011171.6057, 10.717251539230347]"
F72013,10,23,1.0,"[21656412265.810337, 11.913488149642944]"
F72013,10,24,0.01,"[73650320267126.5, 0.1660161018371582]"
F72013,10,24,0.1,"[35968875825843.35, 1.2396318912506104]"
F72013,10,24,0.2,"[20074384565059.1, 2.4217376708984375]"
F72013,10,24,0.3,"[20089525233868.598, 3.603522300720215]"
F72013,10,24,0.4,"[20075660008859.438, 4.7813332080841064]"
F72013,10,24,0.5,"[20074324359047.953, 5.960297346115112]"
F72013,10,24,0.6,"[20085064290542.887, 7.145967960357666]"
F72013,10,24,0.7,"[20075190535631.777, 8.336724042892456]"
F72013,10,24,0.8,"[20074639625430.69, 9.527655363082886]"
F72013,10,24,0.9,"[20084940972389.086, 10.713142395019531]"
F72013,10,24,1.0,"[20074029197874.95, 11.90539813041687]"
F72013,10,25,0.01,"[597739838.4920408, 0.17389845848083496]"
F72013,10,25,0.1,"[535037264.40710104, 1.2475049495697021]"
F72013,10,25,0.2,"[209252787.2494317, 2.431340217590332]"
F72013,10,25,0.3,"[206140904.54353276, 3.6145052909851074]"
F72013,10,25,0.4,"[214374475.32300377, 4.795346260070801]"
F72013,10,25,0.5,"[204568355.58351862, 5.97424054145813]"
F72013,10,25,0.6,"[216029664.15265933, 7.159805774688721]"
F72013,10,25,0.7,"[207466136.67422077, 8.350236892700195]"
F72013,10,25,0.8,"[201997514.6554053, 9.540833950042725]"
F72013,10,25,0.9,"[225663253.12215894, 10.725775003433228]"
F72013,10,25,1.0,"[225748714.3100417, 11.917228698730469]"
F72013,10,26,0.01,"[10356081287156.545, 0.15742826461791992]"
F72013,10,26,0.1,"[5074412882609.45, 1.2454094886779785]"
F72013,10,26,0.2,"[3076871310680.097, 2.453317165374756]"
F72013,10,26,0.3,"[5600876994992.79, 3.6562659740448]"
F72013,10,26,0.4,"[3223216232899.845, 4.864052057266235]"
F72013,10,26,0.5,"[3181638653310.707, 6.074111700057983]"
F72013,10,26,0.6,"[4197666937632.3784, 7.285903692245483]"
F72013,10,26,0.7,"[3647800752858.0566, 8.501224756240845]"
F72013,10,26,0.8,"[2713874351918.792, 9.717580556869507]"
F72013,10,26,0.9,"[2713872071851.1035, 10.931524515151978]"
F72013,10,26,1.0,"[2713872002146.422, 12.15147352218628]"
F72013,10,27,0.01,"[13477269986.57889, 0.12289237976074219]"
F72013,10,27,0.1,"[8650388534.044945, 1.2179477214813232]"
F72013,10,27,0.2,"[8152677305.083924, 2.433616876602173]"
F72013,10,27,0.3,"[8053033854.738686, 3.6476964950561523]"
F72013,10,27,0.4,"[7992108683.151421, 4.873571157455444]"
F72013,10,27,0.5,"[8573869158.191266, 6.079634428024292]"
F72013,10,27,0.6,"[8266243979.835105, 7.290399789810181]"
F72013,10,27,0.7,"[8175288253.446145, 8.502328872680664]"
F72013,10,27,0.8,"[8690031540.676842, 9.714395761489868]"
F72013,10,27,0.9,"[8209065035.762284, 10.923346996307373]"
F72013,10,27,1.0,"[8214729272.363993, 12.136151552200317]"
F72013,10,28,0.01,"[26451966.687340353, 0.13706493377685547]"
F72013,10,28,0.1,"[26440762.978160277, 1.362260103225708]"
F72013,10,28,0.2,"[26393948.734262623, 2.7147555351257324]"
F72013,10,28,0.3,"[26422002.210151084, 4.067198038101196]"
F72013,10,28,0.4,"[26413759.21192737, 5.416496992111206]"
F72013,10,28,0.5,"[26368822.736452553, 6.764869451522827]"
F72013,10,28,0.6,"[26398970.891163636, 8.11913776397705]"
F72013,10,28,0.7,"[26392243.470919106, 9.482520580291748]"
F72013,10,28,0.8,"[26348850.89722553, 10.84638500213623]"
F72013,10,28,0.9,"[26379865.26089484, 12.205243587493896]"
F72013,10,28,1.0,"[26374115.364803024, 13.416307926177979]"
F72013,10,29,0.01,"[1363414770914.6594, 0.12131452560424805]"
F72013,10,29,0.1,"[531791166591.68884, 1.1986267566680908]"
F72013,10,29,0.2,"[282875719281.6179, 2.3849568367004395]"
F72013,10,29,0.3,"[282931624262.83014, 3.578432083129883]"
F72013,10,29,0.4,"[282930856728.4864, 4.761476516723633]"
F72013,10,29,0.5,"[282871001031.5657, 5.937197685241699]"
F72013,10,29,0.6,"[282929335743.8478, 7.120872497558594]"
F72013,10,29,0.7,"[282928581259.5276, 8.309123516082764]"
F72013,10,29,0.8,"[282866266793.0034, 9.499457120895386]"
F72013,10,29,0.9,"[282927085756.9571, 10.683048963546753]"
F72013,10,29,1.0,"[282926344816.2727, 11.876000165939331]"
F72013,10,30,0.01,"[22471074606.951813, 0.17431330680847168]"
F72013,10,30,0.1,"[14081056799.32103, 1.2519943714141846]"
F72013,10,30,0.2,"[9558844073.657997, 2.442305088043213]"
F72013,10,30,0.3,"[9662390146.132086, 3.630399703979492]"
F72013,10,30,0.4,"[9628585156.17741, 4.813725233078003]"
F72013,10,30,0.5,"[9551057699.891207, 5.997748374938965]"
F72013,10,30,0.6,"[9776192752.563763, 7.189689874649048]"
F72013,10,30,0.7,"[10063422342.95637, 8.38534140586853]"
F72013,10,30,0.8,"[9820087500.91149, 9.581530809402466]"
F72013,10,30,0.9,"[10168082655.30397, 10.773200750350952]"
F72013,10,30,1.0,"[9984737912.52472, 11.974264860153198]"
F72013,10,31,0.01,"[439316.04285000963, 0.20641231536865234]"
F72013,10,31,0.1,"[415416.58421432966, 1.290776252746582]"
F72013,10,31,0.2,"[411509.23758307705, 2.4782800674438477]"
F72013,10,31,0.3,"[411332.5786234711, 3.664780855178833]"
F72013,10,31,0.4,"[411222.25178995583, 4.847217559814453]"
F72013,10,31,0.5,"[411113.2814254667, 6.030609607696533]"
F72013,10,31,0.6,"[411004.31971391686, 7.221393823623657]"
F72013,10,31,0.7,"[410895.21377876087, 8.416570901870728]"
F72013,10,31,0.8,"[410786.225051901, 9.611060857772827]"
F72013,10,31,0.9,"[410677.22286977497, 10.801248550415039]"
F72013,10,31,1.0,"[410568.0765028782, 11.99750542640686]"
F72013,10,32,0.01,"[2825260356303.0894, 0.1228175163269043]"
F72013,10,32,0.1,"[2065340715781.8494, 1.2170660495758057]"
F72013,10,32,0.2,"[1578683850818.093, 2.4256091117858887]"
F72013,10,32,0.3,"[1196433520377.9536, 3.6395561695098877]"
F72013,10,32,0.4,"[1165096681273.535, 4.848979234695435]"
F72013,10,32,0.5,"[1317487908584.7126, 6.059605598449707]"
F72013,10,32,0.6,"[1315961670138.592, 7.275877237319946]"
F72013,10,32,0.7,"[1166650698056.8113, 8.497169017791748]"
F72013,10,32,0.8,"[1167413915390.872, 9.716107368469238]"
F72013,10,32,0.9,"[1219349794983.5276, 10.925867557525635]"
F72013,10,32,1.0,"[1168186629735.2117, 12.134918928146362]"
F72013,10,33,0.01,"[136610.7475007194, 0.17750215530395508]"
F72013,10,33,0.1,"[131974.53984223987, 1.2726068496704102]"
F72013,10,33,0.2,"[110029.44803283756, 2.4808478355407715]"
F72013,10,33,0.3,"[103540.430397225, 3.6949808597564697]"
F72013,10,33,0.4,"[102785.93441292255, 4.903457403182983]"
F72013,10,33,0.5,"[102477.93008419679, 6.116552352905273]"
F72013,10,33,0.6,"[102210.83818790759, 7.331653118133545]"
F72013,10,33,0.7,"[101952.01931829241, 8.554657220840454]"
F72013,10,33,0.8,"[101699.23132028169, 9.779258966445923]"
F72013,10,33,0.9,"[101451.81926939754, 10.990784168243408]"
F72013,10,33,1.0,"[101209.3749263886, 12.20311188697815]"
F72013,10,34,0.01,"[543627738741502.44, 0.13975143432617188]"
F72013,10,34,0.1,"[497156331825104.25, 1.212968111038208]"
F72013,10,34,0.2,"[717518481762436.5, 2.4015257358551025]"
F72013,10,34,0.3,"[789961707364435.0, 3.5856497287750244]"
F72013,10,34,0.4,"[476078927581016.4, 4.765584230422974]"
F72013,10,34,0.5,"[401337731522208.06, 5.949706792831421]"
F72013,10,34,0.6,"[478010875252968.25, 7.1374852657318115]"
F72013,10,34,0.7,"[475882277703772.9, 8.334288835525513]"
F72013,10,34,0.8,"[295476149754838.4, 9.527059078216553]"
F72013,10,34,0.9,"[362098134844074.56, 10.721312522888184]"
F72013,10,34,1.0,"[508295669318154.25, 11.914465188980103]"
F72013,10,35,0.01,"[1928232771.22411, 0.12042617797851562]"
F72013,10,35,0.1,"[1777952637.2259502, 1.194155216217041]"
F72013,10,35,0.2,"[629102840.6878887, 2.3768961429595947]"
F72013,10,35,0.3,"[868391346.9914126, 3.557492971420288]"
F72013,10,35,0.4,"[1139225174.8873446, 4.7344019412994385]"
F72013,10,35,0.5,"[662002894.3183508, 5.915525436401367]"
F72013,10,35,0.6,"[1294627066.4550223, 7.100202798843384]"
F72013,10,35,0.7,"[731737128.8300477, 8.293648958206177]"
F72013,10,35,0.8,"[575623324.5449315, 9.483495712280273]"
F72013,10,35,0.9,"[573072031.6748706, 10.674440145492554]"
F72013,10,35,1.0,"[575700948.5141872, 11.864351272583008]"
F72013,10,36,0.01,"[1484726312496560.5, 0.17224764823913574]"
F72013,10,36,0.1,"[4095456898921356.0, 1.2420706748962402]"
F72013,10,36,0.2,"[5409257884329636.0, 2.4245152473449707]"
F72013,10,36,0.3,"[8056614030598542.0, 3.605712652206421]"
F72013,10,36,0.4,"[2021483579685669.2, 4.781716585159302]"
F72013,10,36,0.5,"[3127937018841000.0, 5.955968379974365]"
F72013,10,36,0.6,"[4171333803014085.5, 7.1399571895599365]"
F72013,10,36,0.7,"[4436779836777895.5, 8.320483207702637]"
F72013,10,36,0.8,"[3408155453617195.5, 9.499982595443726]"
F72013,10,36,0.9,"[4306783400480945.0, 10.675618648529053]"
F72013,10,36,1.0,"[2904483687685355.5, 11.859191656112671]"
F72013,10,37,0.01,"[25671.72642092901, 0.15210962295532227]"
F72013,10,37,0.1,"[13622.296462127366, 1.2159678936004639]"
F72013,10,37,0.2,"[12294.19229758852, 2.390575885772705]"
F72013,10,37,0.3,"[12265.13215805004, 3.5649240016937256]"
F72013,10,37,0.4,"[12229.41007644171, 4.7370898723602295]"
F72013,10,37,0.5,"[12187.005911817849, 5.914144992828369]"
F72013,10,37,0.6,"[12148.305329374693, 7.094627141952515]"
F72013,10,37,0.7,"[12118.448636741396, 8.283631086349487]"
F72013,10,37,0.8,"[12098.453047913985, 9.469818592071533]"
F72013,10,37,0.9,"[12086.940493228809, 10.654093027114868]"
F72013,10,37,1.0,"[12079.696587582857, 11.83745265007019]"
F72013,10,38,0.01,"[1.740920158259166e+20, 0.12166142463684082]"
F72013,10,38,0.1,"[9.84253819568888e+19, 1.2108807563781738]"
F72013,10,38,0.2,"[1.1342644570431565e+20, 2.414961576461792]"
F72013,10,38,0.3,"[9.823215320312267e+19, 3.6221280097961426]"
F72013,10,38,0.4,"[5.509440089336218e+19, 4.828754663467407]"
F72013,10,38,0.5,"[1.0446993486084787e+20, 6.03186297416687]"
F72013,10,38,0.6,"[2.3838606765782368e+20, 7.240153551101685]"
F72013,10,38,0.7,"[1.8093412532332688e+20, 8.446340560913086]"
F72013,10,38,0.8,"[8.365690189665817e+19, 9.650466203689575]"
F72013,10,38,0.9,"[1.5703448919461917e+20, 10.84493112564087]"
F72013,10,38,1.0,"[1.0002701904492696e+20, 12.03600263595581]"
F72013,10,39,0.01,"[4740518.418370083, 0.15972518920898438]"
F72013,10,39,0.1,"[983173.8818243938, 1.2620840072631836]"
F72013,10,39,0.2,"[872366.4214814436, 2.4784040451049805]"
F72013,10,39,0.3,"[713208.983735054, 3.69391131401062]"
F72013,10,39,0.4,"[680138.677811401, 4.911431074142456]"
F72013,10,39,0.5,"[728868.7087014377, 6.123690128326416]"
F72013,10,39,0.6,"[903190.358833469, 7.337714195251465]"
F72013,10,39,0.7,"[783302.5499125645, 8.549425840377808]"
F72013,10,39,0.8,"[896265.7520041461, 9.758132219314575]"
F72013,10,39,0.9,"[707495.522636082, 10.964404582977295]"
F72013,10,39,1.0,"[802659.3933402734, 12.170479536056519]"
F72013,10,40,0.01,"[1349714.664931258, 0.17377352714538574]"
F72013,10,40,0.1,"[1346623.7535794438, 1.2577011585235596]"
F72013,10,40,0.2,"[1342772.8915723916, 2.452819347381592]"
F72013,10,40,0.3,"[1338390.1774753118, 3.648366928100586]"
F72013,10,40,0.4,"[1333345.170839587, 4.835990905761719]"
F72013,10,40,0.5,"[1327485.2585622785, 6.0176825523376465]"
F72013,10,40,0.6,"[1320583.3802995998, 7.202684640884399]"
F72013,10,40,0.7,"[1312326.93560122, 8.391364097595215]"
F72013,10,40,0.8,"[1302319.8087602963, 9.578859806060791]"
F72013,10,40,0.9,"[1289978.2017680665, 10.767056465148926]"
F72013,10,40,1.0,"[1274492.6256195472, 11.961255311965942]"
F72013,10,41,0.01,"[331197145.5119541, 0.11999678611755371]"
F72013,10,41,0.1,"[211000610.99892545, 1.1980726718902588]"
F72013,10,41,0.2,"[213026340.59183434, 2.379828453063965]"
F72013,10,41,0.3,"[206804863.7274187, 3.5637683868408203]"
F72013,10,41,0.4,"[199974412.28606826, 4.738874197006226]"
F72013,10,41,0.5,"[218874941.18832427, 5.9082090854644775]"
F72013,10,41,0.6,"[230411764.4220954, 7.0841639041900635]"
F72013,10,41,0.7,"[227808726.8551675, 8.264821290969849]"
F72013,10,41,0.8,"[192871531.68127778, 9.456211566925049]"
F72013,10,41,0.9,"[234071463.28860092, 10.632511377334595]"
F72013,10,41,1.0,"[234339431.5464849, 11.815763473510742]"
F72013,10,42,0.01,"[55453686835.32952, 0.12038016319274902]"
F72013,10,42,0.1,"[49504004012.14074, 1.1896638870239258]"
F72013,10,42,0.2,"[47951836398.498024, 2.3752267360687256]"
F72013,10,42,0.3,"[18543358580.367634, 3.5610058307647705]"
F72013,10,42,0.4,"[19063449004.489506, 4.745046138763428]"
F72013,10,42,0.5,"[19350714856.636406, 5.9310548305511475]"
F72013,10,42,0.6,"[17889732699.08215, 7.121633052825928]"
F72013,10,42,0.7,"[17942317657.198853, 8.311846494674683]"
F72013,10,42,0.8,"[19259082801.195957, 9.497899770736694]"
F72013,10,42,0.9,"[17926064929.05407, 10.683228731155396]"
F72013,10,42,1.0,"[17662689849.451054, 11.867613077163696]"
F72013,10,43,0.01,"[27189485.565232914, 0.13039422035217285]"
F72013,10,43,0.1,"[12749036.453451408, 1.1890461444854736]"
F72013,10,43,0.2,"[12094409.91837334, 2.362773895263672]"
F72013,10,43,0.3,"[8727662.010471648, 3.536127805709839]"
F72013,10,43,0.4,"[6575912.673196602, 4.708109378814697]"
F72013,10,43,0.5,"[5988961.840423667, 5.8833489418029785]"
F72013,10,43,0.6,"[6155912.017495074, 7.061619281768799]"
F72013,10,43,0.7,"[5396990.264397298, 8.248353719711304]"
F72013,10,43,0.8,"[5804514.989693333, 9.4324369430542]"
F72013,10,43,0.9,"[5710194.264505206, 10.614810943603516]"
F72013,10,43,1.0,"[6144786.555070337, 11.796509742736816]"
F72013,10,44,0.01,"[8404108.025283733, 0.1842482089996338]"
F72013,10,44,0.1,"[5521846.714055625, 1.2544739246368408]"
F72013,10,44,0.2,"[4994706.254560245, 2.449519157409668]"
F72013,10,44,0.3,"[4825764.206075385, 3.6456947326660156]"
F72013,10,44,0.4,"[4884561.408540077, 4.8385231494903564]"
F72013,10,44,0.5,"[4801538.382953374, 6.029722690582275]"
F72013,10,44,0.6,"[4918187.887237486, 7.2213170528411865]"
F72013,10,44,0.7,"[4648831.031681503, 8.416800022125244]"
F72013,10,44,0.8,"[4313173.271104026, 9.604044675827026]"
F72013,10,44,0.9,"[4123958.6683021286, 10.79708194732666]"
F72013,10,44,1.0,"[4010122.2761418186, 11.986798286437988]"
F72013,10,45,0.01,"[163366817.55766255, 0.1510486602783203]"
F72013,10,45,0.1,"[64005087.20054918, 1.2169690132141113]"
F72013,10,45,0.2,"[152958502.8822391, 2.394700288772583]"
F72013,10,45,0.3,"[64727464.59965578, 3.5748724937438965]"
F72013,10,45,0.4,"[64374168.430907086, 4.750881671905518]"
F72013,10,45,0.5,"[64571212.10919682, 5.917826890945435]"
F72013,10,45,0.6,"[64460312.30968376, 7.091417551040649]"
F72013,10,45,0.7,"[65820846.12294608, 8.266844987869263]"
F72013,10,45,0.8,"[63225548.7671109, 9.444125413894653]"
F72013,10,45,0.9,"[65392422.125484146, 10.617922306060791]"
F72013,10,45,1.0,"[63165943.118878804, 11.802945613861084]"
F72013,10,46,0.01,"[2061758219.692889, 0.13488197326660156]"
F72013,10,46,0.1,"[1864129328.9812484, 1.2001855373382568]"
F72013,10,46,0.2,"[1824231567.273078, 2.3730580806732178]"
F72013,10,46,0.3,"[1776228348.310125, 3.545999050140381]"
F72013,10,46,0.4,"[1764887809.0420496, 4.713810205459595]"
F72013,10,46,0.5,"[1786906228.2458045, 5.881210565567017]"
F72013,10,46,0.6,"[1776109619.0151694, 7.056841135025024]"
F72013,10,46,0.7,"[1872598828.9633524, 8.238222599029541]"
F72013,10,46,0.8,"[1784936366.3749664, 9.419391393661499]"
F72013,10,46,0.9,"[1905392988.0635521, 10.595536947250366]"
F72013,10,46,1.0,"[1259841065.0452528, 11.779364824295044]"
F72013,10,47,0.01,"[208361533.97732547, 0.12070393562316895]"
F72013,10,47,0.1,"[106436465.90568635, 1.1987121105194092]"
F72013,10,47,0.2,"[107119593.83082455, 2.3880844116210938]"
F72013,10,47,0.3,"[109655106.3850204, 3.5780158042907715]"
F72013,10,47,0.4,"[109691368.3647678, 4.75971531867981]"
F72013,10,47,0.5,"[107065604.27907322, 5.938311576843262]"
F72013,10,47,0.6,"[109697179.85415448, 7.120161056518555]"
F72013,10,47,0.7,"[109695384.51695666, 8.308082818984985]"
F72013,10,47,0.8,"[107040903.65524006, 9.495877504348755]"
F72013,10,47,0.9,"[109691031.04161677, 10.678544998168945]"
F72013,10,47,1.0,"[109688766.44794132, 11.87042760848999]"
F72013,10,48,0.01,"[5178161283907377.0, 0.12027668952941895]"
F72013,10,48,0.1,"[4843523816457313.0, 1.193281650543213]"
F72013,10,48,0.2,"[2398379379277323.0, 2.3881688117980957]"
F72013,10,48,0.3,"[2052471089893701.8, 3.577923059463501]"
F72013,10,48,0.4,"[2087784520311051.2, 4.7585766315460205]"
F72013,10,48,0.5,"[1770619180389217.0, 5.932664394378662]"
F72013,10,48,0.6,"[1488002849881173.5, 7.108785390853882]"
F72013,10,48,0.7,"[1488002849734083.2, 8.288151025772095]"
F72013,10,48,0.8,"[1488002849589660.0, 9.462667465209961]"
F72013,10,48,0.9,"[1488002849443662.0, 10.632006883621216]"
F72013,10,48,1.0,"[1488002849296770.0, 11.805771589279175]"
F72013,10,49,0.01,"[52385565463.270874, 0.11946535110473633]"
F72013,10,49,0.1,"[44133508821.25132, 1.1818227767944336]"
F72013,10,49,0.2,"[44133078491.80522, 2.364514112472534]"
F72013,10,49,0.3,"[44132649984.708405, 3.546361207962036]"
F72013,10,49,0.4,"[44132222777.58704, 4.730855703353882]"
F72013,10,49,0.5,"[44131797882.29533, 5.916250944137573]"
F72013,10,49,0.6,"[44131374773.34918, 7.099973678588867]"
F72013,10,49,0.7,"[44130952939.37089, 8.276894807815552]"
F72013,10,49,0.8,"[44130533377.45442, 9.45210337638855]"
F72013,10,49,0.9,"[44130115570.02837, 10.632090330123901]"
F72013,10,49,1.0,"[44129699007.81888, 11.803056001663208]"
F72013,10,50,0.01,"[110021570.64073806, 0.11905741691589355]"
F72013,10,50,0.1,"[95650665.79449189, 1.1763315200805664]"
F72013,10,50,0.2,"[95647155.71413504, 2.35728120803833]"
F72013,10,50,0.3,"[95643611.54495764, 3.5342416763305664]"
F72013,10,50,0.4,"[95640028.99125148, 4.709770679473877]"
F72013,10,50,0.5,"[95636416.7038405, 5.87699031829834]"
F72013,10,50,0.6,"[95632770.51464218, 7.049077987670898]"
F72013,10,50,0.7,"[95629086.12592436, 8.21821928024292]"
F72013,10,50,0.8,"[95625372.57428662, 9.387291669845581]"
F72013,10,50,0.9,"[95621625.68173587, 10.55708622932434]"
F72013,10,50,1.0,"[95617841.17980126, 11.729379177093506]"
F72013,30,0,0.01,"[3861644031391252.0, 0.8667826652526855]"
F72013,30,0,0.1,"[4924870789972935.0, 8.11754584312439]"
F72013,30,0,0.2,"[3.738780407632361e+16, 16.143710136413574]"
F72013,30,0,0.3,"[7.063852468184567e+16, 24.167133569717407]"
F72013,30,0,0.4,"[6.9979613658230904e+16, 32.24725031852722]"
F72013,30,0,0.5,"[6.183578321232962e+16, 40.312726736068726]"
F72013,30,0,0.6,"[3.255314651025867e+16, 48.35228490829468]"
F72013,30,0,0.7,"[2.369742365894741e+16, 56.41625428199768]"
F72013,30,0,0.8,"[3.2114301804563584e+16, 64.42088437080383]"
F72013,30,0,0.9,"[5.3177014232524216e+16, 72.35858464241028]"
F72013,30,0,1.0,"[4.966966785047511e+16, 80.28481125831604]"
F72013,30,1,0.01,"[2421061953666.2876, 0.7983899116516113]"
F72013,30,1,0.1,"[1586837404001.1694, 8.019086122512817]"
F72013,30,1,0.2,"[1178824726434.5012, 16.03592562675476]"
F72013,30,1,0.3,"[1177682636188.5684, 24.060271978378296]"
F72013,30,1,0.4,"[1184925183247.856, 32.08200192451477]"
F72013,30,1,0.5,"[1179724884406.9, 40.10523724555969]"
F72013,30,1,0.6,"[1203340820848.862, 48.0879123210907]"
F72013,30,1,0.7,"[1204242241669.765, 56.02677011489868]"
F72013,30,1,0.8,"[1174572818332.2935, 63.992544651031494]"
F72013,30,1,0.9,"[1173070133270.664, 71.94099378585815]"
F72013,30,1,1.0,"[1454461022806.272, 79.87542033195496]"
F72013,30,2,0.01,"[2.663599553656906e+17, 0.9313027858734131]"
F72013,30,2,0.1,"[4.913921187942337e+16, 8.168379306793213]"
F72013,30,2,0.2,"[6.570779894148749e+16, 16.15486717224121]"
F72013,30,2,0.3,"[3.8422025851963144e+16, 24.13612723350525]"
F72013,30,2,0.4,"[3.887404133070264e+16, 32.09348440170288]"
F72013,30,2,0.5,"[7.52369441607421e+16, 40.02331209182739]"
F72013,30,2,0.6,"[6.555972073403763e+16, 47.884875535964966]"
F72013,30,2,0.7,"[4.592218825286654e+16, 55.73438596725464]"
F72013,30,2,0.8,"[2.3725379509930332e+16, 63.59751534461975]"
F72013,30,2,0.9,"[1.5318165348419808e+16, 71.47202348709106]"
F72013,30,2,1.0,"[1.540893783611561e+16, 79.33238816261292]"
F72013,30,3,0.01,"[4.992815352871344e+16, 0.8133673667907715]"
F72013,30,3,0.1,"[1.4853514953850818e+16, 7.927539348602295]"
F72013,30,3,0.2,"[1.1467117857072536e+16, 15.873142004013062]"
F72013,30,3,0.3,"[1.2737256991718786e+16, 23.87475085258484]"
F72013,30,3,0.4,"[6.1256176744702584e+16, 31.880497694015503]"
F72013,30,3,0.5,"[7492150714266567.0, 39.843647956848145]"
F72013,30,3,0.6,"[1.7271690607913588e+16, 47.71102690696716]"
F72013,30,3,0.7,"[1.1872950919499766e+16, 55.55743741989136]"
F72013,30,3,0.8,"[1.2384628425692686e+16, 63.410749197006226]"
F72013,30,3,0.9,"[1.0211292042119944e+16, 71.23347687721252]"
F72013,30,3,1.0,"[9272852740562336.0, 79.05919432640076]"
F72013,30,4,0.01,"[4.65168276490769e+16, 0.9078998565673828]"
F72013,30,4,0.1,"[2.6097909312279484e+16, 8.76927900314331]"
F72013,30,4,0.2,"[2.1849301056291864e+16, 17.52680468559265]"
F72013,30,4,0.3,"[1.4421510400840554e+16, 26.227388620376587]"
F72013,30,4,0.4,"[1.2172352202326284e+16, 35.03447699546814]"
F72013,30,4,0.5,"[9830654157190078.0, 43.88178062438965]"
F72013,30,4,0.6,"[7711038341598991.0, 52.626012563705444]"
F72013,30,4,0.7,"[7209090148232951.0, 61.44388961791992]"
F72013,30,4,0.8,"[6599005495260759.0, 70.18728637695312]"
F72013,30,4,0.9,"[6599027237227496.0, 78.85799741744995]"
F72013,30,4,1.0,"[6589903831743483.0, 87.22727346420288]"
F72013,30,5,0.01,"[561477257329.2526, 0.789741039276123]"
F72013,30,5,0.1,"[418554722334.7071, 7.868687391281128]"
F72013,30,5,0.2,"[489264427350.40356, 15.738156080245972]"
F72013,30,5,0.3,"[564213942628.0109, 23.632165908813477]"
F72013,30,5,0.4,"[265128578301.3796, 31.51249122619629]"
F72013,30,5,0.5,"[297274060472.5009, 39.423235177993774]"
F72013,30,5,0.6,"[257894919839.99356, 47.29458808898926]"
F72013,30,5,0.7,"[271325277411.66492, 55.1639130115509]"
F72013,30,5,0.8,"[266436092434.08643, 63.07094764709473]"
F72013,30,5,0.9,"[258160650058.1944, 70.93582820892334]"
F72013,30,5,1.0,"[272993776350.16348, 78.77687501907349]"
F72013,30,6,0.01,"[82803104682878.77, 0.7873713970184326]"
F72013,30,6,0.1,"[51080589876563.07, 7.844149351119995]"
F72013,30,6,0.2,"[30340623047487.965, 15.730851650238037]"
F72013,30,6,0.3,"[33318673343732.89, 23.66538953781128]"
F72013,30,6,0.4,"[24888132145464.605, 31.599995374679565]"
F72013,30,6,0.5,"[20511895191885.676, 39.50043749809265]"
F72013,30,6,0.6,"[13609671230438.783, 47.31127595901489]"
F72013,30,6,0.7,"[11210765747990.299, 55.1021146774292]"
F72013,30,6,0.8,"[8940331683385.424, 62.90344524383545]"
F72013,30,6,0.9,"[8940229389308.549, 70.68036556243896]"
F72013,30,6,1.0,"[8940127592670.627, 78.4643702507019]"
F72013,30,7,0.01,"[113638417552696.05, 0.7946207523345947]"
F72013,30,7,0.1,"[113637788810614.61, 7.92311954498291]"
F72013,30,7,0.2,"[113637081394210.48, 15.837464332580566]"
F72013,30,7,0.3,"[113636363208941.8, 23.76784658432007]"
F72013,30,7,0.4,"[113635635663587.3, 31.69023847579956]"
F72013,30,7,0.5,"[113634897094130.73, 39.64267039299011]"
F72013,30,7,0.6,"[113634148949097.61, 47.55157685279846]"
F72013,30,7,0.7,"[113633389514583.33, 55.45401191711426]"
F72013,30,7,0.8,"[113632620293395.55, 63.40422511100769]"
F72013,30,7,0.9,"[113631839528252.45, 71.32196497917175]"
F72013,30,7,1.0,"[113631048759025.36, 79.20475792884827]"
F72013,30,8,0.01,"[9595263402314.426, 0.7877347469329834]"
F72013,30,8,0.1,"[9322381459246.707, 7.862179279327393]"
F72013,30,8,0.2,"[5559421840957.036, 15.717515230178833]"
F72013,30,8,0.3,"[6763516247141.374, 23.584834575653076]"
F72013,30,8,0.4,"[4057288785034.068, 31.464234828948975]"
F72013,30,8,0.5,"[3133143356000.7173, 39.36058831214905]"
F72013,30,8,0.6,"[3122604671277.9565, 47.20015859603882]"
F72013,30,8,0.7,"[3399779736933.096, 55.069138526916504]"
F72013,30,8,0.8,"[3197853851078.7065, 62.91977834701538]"
F72013,30,8,0.9,"[3695614180346.674, 70.75770497322083]"
F72013,30,8,1.0,"[3469543351602.0903, 78.60793280601501]"
F72013,30,9,0.01,"[470305790801.0138, 0.7883927822113037]"
F72013,30,9,0.1,"[287707498821.85724, 7.82508397102356]"
F72013,30,9,0.2,"[287238274734.8437, 15.642918109893799]"
F72013,30,9,0.3,"[286286998896.9417, 23.4716374874115]"
F72013,30,9,0.4,"[290572141560.4134, 31.291250467300415]"
F72013,30,9,0.5,"[288192744588.51514, 39.114349365234375]"
F72013,30,9,0.6,"[287583732549.0715, 46.908265113830566]"
F72013,30,9,0.7,"[290327383892.68494, 54.67449331283569]"
F72013,30,9,0.8,"[285452853600.11365, 62.45573902130127]"
F72013,30,9,0.9,"[285346415675.1632, 70.20463442802429]"
F72013,30,9,1.0,"[288284130386.3781, 77.9404284954071]"
F72013,30,10,0.01,"[93763009308801.61, 0.8513777256011963]"
F72013,30,10,0.1,"[79143258363198.4, 8.000046968460083]"
F72013,30,10,0.2,"[72653329941649.17, 15.909318208694458]"
F72013,30,10,0.3,"[177064338003323.28, 23.84389638900757]"
F72013,30,10,0.4,"[157851934849218.97, 31.755063772201538]"
F72013,30,10,0.5,"[472522430481670.06, 39.69998240470886]"
F72013,30,10,0.6,"[267483247518145.44, 47.60046696662903]"
F72013,30,10,0.7,"[211612663244029.06, 55.493600845336914]"
F72013,30,10,0.8,"[165935188055955.0, 63.434945821762085]"
F72013,30,10,0.9,"[202483456099031.22, 71.31379795074463]"
F72013,30,10,1.0,"[160232213363919.8, 79.17449593544006]"
F72013,30,11,0.01,"[179358005746.58963, 0.8701844215393066]"
F72013,30,11,0.1,"[150150160026.73062, 7.961496353149414]"
F72013,30,11,0.2,"[117726161166.7485, 15.854721546173096]"
F72013,30,11,0.3,"[119347345858.58427, 23.75071358680725]"
F72013,30,11,0.4,"[131353979005.63051, 31.636525869369507]"
F72013,30,11,0.5,"[111376204167.24838, 39.52449345588684]"
F72013,30,11,0.6,"[112781513844.65532, 47.37643241882324]"
F72013,30,11,0.7,"[95516388990.12115, 55.21756982803345]"
F72013,30,11,0.8,"[95297958689.06912, 63.063936710357666]"
F72013,30,11,0.9,"[70133386440.0185, 70.87808156013489]"
F72013,30,11,1.0,"[71379603571.24872, 78.67868375778198]"
F72013,30,12,0.01,"[13160039490526.77, 0.7905170917510986]"
F72013,30,12,0.1,"[4511624696437.726, 7.883440256118774]"
F72013,30,12,0.2,"[10276647463259.797, 15.764905452728271]"
F72013,30,12,0.3,"[28688579617013.605, 23.65633749961853]"
F72013,30,12,0.4,"[13227559695935.443, 31.535600185394287]"
F72013,30,12,0.5,"[46752751010321.47, 39.43331003189087]"
F72013,30,12,0.6,"[26990307032506.332, 47.27997016906738]"
F72013,30,12,0.7,"[19529126035754.785, 55.10099244117737]"
F72013,30,12,0.8,"[20853220828426.258, 62.93108344078064]"
F72013,30,12,0.9,"[48260373549751.5, 70.73563361167908]"
F72013,30,12,1.0,"[17765642803722.742, 78.52841854095459]"
F72013,30,13,0.01,"[2.1383433806679409e+18, 0.7862334251403809]"
F72013,30,13,0.1,"[2.069161909778393e+18, 7.830442428588867]"
F72013,30,13,0.2,"[1.1499667445073231e+18, 15.639110803604126]"
F72013,30,13,0.3,"[9.049116176493613e+17, 23.42440938949585]"
F72013,30,13,0.4,"[8.550153412610702e+17, 31.27894949913025]"
F72013,30,13,0.5,"[6.372790617107281e+17, 39.16960954666138]"
F72013,30,13,0.6,"[5.955073837396498e+17, 47.01042318344116]"
F72013,30,13,0.7,"[4.3800513596797914e+17, 54.90387153625488]"
F72013,30,13,0.8,"[4.4306024592768026e+17, 62.747429609298706]"
F72013,30,13,0.9,"[4.4306024604309414e+17, 70.56761193275452]"
F72013,30,13,1.0,"[4.430602461592795e+17, 78.3602409362793]"
F72013,30,14,0.01,"[1632281986186.0115, 0.7881569862365723]"
F72013,30,14,0.1,"[1673994561098.0457, 7.851415395736694]"
F72013,30,14,0.2,"[1704407360198.738, 15.680413246154785]"
F72013,30,14,0.3,"[1727273759834.8672, 23.520499229431152]"
F72013,30,14,0.4,"[1738763651058.6484, 31.351478576660156]"
F72013,30,14,0.5,"[1749537439884.501, 39.19338512420654]"
F72013,30,14,0.6,"[1771019947598.718, 46.992465019226074]"
F72013,30,14,0.7,"[1780079405758.8142, 54.76952123641968]"
F72013,30,14,0.8,"[1763319188346.6907, 62.55674338340759]"
F72013,30,14,0.9,"[1760469112188.0525, 70.31753540039062]"
F72013,30,14,1.0,"[1783017048863.5605, 78.06381368637085]"
F72013,30,15,0.01,"[1.931261832731526e+20, 0.8477790355682373]"
F72013,30,15,0.1,"[6.5378214323277234e+19, 7.930583477020264]"
F72013,30,15,0.2,"[3.6693992181110874e+19, 15.799735307693481]"
F72013,30,15,0.3,"[3.2348159066115346e+19, 23.680206537246704]"
F72013,30,15,0.4,"[2.4957915849746182e+19, 31.553202867507935]"
F72013,30,15,0.5,"[2.7434475750033433e+19, 39.43100643157959]"
F72013,30,15,0.6,"[3.42308989437974e+19, 47.27289056777954]"
F72013,30,15,0.7,"[2.949315829592736e+19, 55.09661293029785]"
F72013,30,15,0.8,"[2.3671024593104986e+19, 62.92858290672302]"
F72013,30,15,0.9,"[2.6936617426360357e+19, 70.732253074646]"
F72013,30,15,1.0,"[3.4583417004589257e+19, 78.52099394798279]"
F72013,30,16,0.01,"[42513181189921.91, 0.8803212642669678]"
F72013,30,16,0.1,"[37086254048397.3, 8.019951820373535]"
F72013,30,16,0.2,"[25877054376865.812, 15.941178321838379]"
F72013,30,16,0.3,"[23485779373966.484, 23.868186235427856]"
F72013,30,16,0.4,"[21029587512064.89, 31.799241065979004]"
F72013,30,16,0.5,"[21029357870121.42, 39.75348997116089]"
F72013,30,16,0.6,"[21029132106882.78, 47.66701817512512]"
F72013,30,16,0.7,"[21028905130372.16, 55.596625328063965]"
F72013,30,16,0.8,"[21028677413882.85, 63.51874303817749]"
F72013,30,16,0.9,"[21028448460336.348, 71.43157815933228]"
F72013,30,16,1.0,"[21028218745628.984, 79.38288164138794]"
F72013,30,17,0.01,"[30071810785.5418, 0.8657476902008057]"
F72013,30,17,0.1,"[19310207679.087646, 8.0663743019104]"
F72013,30,17,0.2,"[27904033869.577236, 16.011972665786743]"
F72013,30,17,0.3,"[16772911573.908117, 23.98754096031189]"
F72013,30,17,0.4,"[13955558666.263273, 31.951898097991943]"
F72013,30,17,0.5,"[9528367050.455273, 39.8963508605957]"
F72013,30,17,0.6,"[8913606160.947895, 47.77357578277588]"
F72013,30,17,0.7,"[9074505410.715502, 55.62971901893616]"
F72013,30,17,0.8,"[7916416911.495582, 63.49716067314148]"
F72013,30,17,0.9,"[7594504875.485529, 71.3949773311615]"
F72013,30,17,1.0,"[7926308048.726012, 79.27852630615234]"
F72013,30,18,0.01,"[587535492614593.5, 0.9204554557800293]"
F72013,30,18,0.1,"[166132051743663.25, 8.013140201568604]"
F72013,30,18,0.2,"[183084145770457.56, 15.894812822341919]"
F72013,30,18,0.3,"[122561749887011.95, 23.791100025177002]"
F72013,30,18,0.4,"[97995513235546.58, 31.656834602355957]"
F72013,30,18,0.5,"[82264509254709.16, 39.55284857749939]"
F72013,30,18,0.6,"[89036959289669.78, 47.408183097839355]"
F72013,30,18,0.7,"[83086463082217.34, 55.242440938949585]"
F72013,30,18,0.8,"[83836807557128.39, 63.08358645439148]"
F72013,30,18,0.9,"[82436947207465.2, 70.90396475791931]"
F72013,30,18,1.0,"[82708353561162.4, 78.7141182422638]"
F72013,30,19,0.01,"[1183479835980.7947, 0.8254330158233643]"
F72013,30,19,0.1,"[837909819727.8857, 7.9150776863098145]"
F72013,30,19,0.2,"[532249578589.0826, 15.790140628814697]"
F72013,30,19,0.3,"[502773973763.99335, 23.6810040473938]"
F72013,30,19,0.4,"[434430006830.4112, 31.54610586166382]"
F72013,30,19,0.5,"[548558849913.13885, 39.44083786010742]"
F72013,30,19,0.6,"[429782505860.4798, 47.29946279525757]"
F72013,30,19,0.7,"[464257570366.70325, 55.13220739364624]"
F72013,30,19,0.8,"[501345249753.082, 62.97360324859619]"
F72013,30,19,0.9,"[519987840565.6672, 70.78877139091492]"
F72013,30,19,1.0,"[441735209735.41064, 78.59088325500488]"
F72013,30,20,0.01,"[2.0166203499876868e+16, 0.9056110382080078]"
F72013,30,20,0.1,"[7083729598215476.0, 8.087688446044922]"
F72013,30,20,0.2,"[4792030234849525.0, 16.019616842269897]"
F72013,30,20,0.3,"[5901849163573790.0, 23.973308563232422]"
F72013,30,20,0.4,"[6957975565795006.0, 31.90493083000183]"
F72013,30,20,0.5,"[8996237713812437.0, 39.82881808280945]"
F72013,30,20,0.6,"[4468071374698123.5, 47.69082069396973]"
F72013,30,20,0.7,"[5997946956526071.0, 55.530832052230835]"
F72013,30,20,0.8,"[5570828904980208.0, 63.38514590263367]"
F72013,30,20,0.9,"[3457808615489241.0, 71.26502227783203]"
F72013,30,20,1.0,"[3333147145998291.0, 79.12310433387756]"
F72013,30,21,0.01,"[984231273904.4056, 0.9434676170349121]"
F72013,30,21,0.1,"[2452570862454.696, 8.134936094284058]"
F72013,30,21,0.2,"[1474529467841.6223, 16.125031232833862]"
F72013,30,21,0.3,"[1452632108918.3752, 24.099263906478882]"
F72013,30,21,0.4,"[1288019624463.8022, 32.1233115196228]"
F72013,30,21,0.5,"[1139802061834.4294, 40.148489475250244]"
F72013,30,21,0.6,"[921082259238.8151, 48.14063000679016]"
F72013,30,21,0.7,"[898605856334.2128, 56.14161205291748]"
F72013,30,21,0.8,"[979486624433.2898, 64.0948634147644]"
F72013,30,21,0.9,"[950252285041.8732, 71.98685812950134]"
F72013,30,21,1.0,"[980460242187.8191, 79.86771035194397]"
F72013,30,22,0.01,"[2190867676493.2388, 0.8474524021148682]"
F72013,30,22,0.1,"[1500113888620.6724, 7.932863712310791]"
F72013,30,22,0.2,"[2059820054545.4312, 15.80614948272705]"
F72013,30,22,0.3,"[1157928813211.4182, 23.69152307510376]"
F72013,30,22,0.4,"[1032833036120.525, 31.556272268295288]"
F72013,30,22,0.5,"[784315167950.2048, 39.43766188621521]"
F72013,30,22,0.6,"[974462148542.102, 47.2833776473999]"
F72013,30,22,0.7,"[787685269640.0582, 55.10622787475586]"
F72013,30,22,0.8,"[741779012742.6461, 62.94419503211975]"
F72013,30,22,0.9,"[675591797141.1948, 70.768563747406]"
F72013,30,22,1.0,"[762910415396.8486, 78.56939125061035]"
F72013,30,23,0.01,"[119543943786010.56, 0.8069753646850586]"
F72013,30,23,0.1,"[60866531590903.72, 7.991543531417847]"
F72013,30,23,0.2,"[48772614220016.1, 16.03072190284729]"
F72013,30,23,0.3,"[38571258218221.164, 24.11920166015625]"
F72013,30,23,0.4,"[38577968157641.445, 32.21260738372803]"
F72013,30,23,0.5,"[34666723610864.746, 40.25804543495178]"
F72013,30,23,0.6,"[36059665263673.45, 48.2061071395874]"
F72013,30,23,0.7,"[36179049043647.625, 56.131356954574585]"
F72013,30,23,0.8,"[36072986500322.98, 64.07265281677246]"
F72013,30,23,0.9,"[36043466382276.86, 71.98284244537354]"
F72013,30,23,1.0,"[36147228895629.94, 79.89886116981506]"
F72013,30,24,0.01,"[3603285330423745.0, 0.8004717826843262]"
F72013,30,24,0.1,"[1855949354479476.5, 7.967896938323975]"
F72013,30,24,0.2,"[2983243067382533.0, 15.977114915847778]"
F72013,30,24,0.3,"[3286048214104769.0, 24.0340256690979]"
F72013,30,24,0.4,"[2525455548699283.5, 32.08668804168701]"
F72013,30,24,0.5,"[1318434036637156.8, 40.119107723236084]"
F72013,30,24,0.6,"[1065369296838900.1, 48.041553258895874]"
F72013,30,24,0.7,"[1065126244148345.0, 56.00542497634888]"
F72013,30,24,0.8,"[1048402814513155.5, 63.96249055862427]"
F72013,30,24,0.9,"[1048335246696420.1, 71.90598845481873]"
F72013,30,24,1.0,"[1063955125660541.2, 79.8522424697876]"
F72013,30,25,0.01,"[6013546618124.9795, 0.9590582847595215]"
F72013,30,25,0.1,"[4736420179525.781, 8.126609325408936]"
F72013,30,25,0.2,"[2993204422936.43, 16.076822757720947]"
F72013,30,25,0.3,"[3974188723698.3403, 24.045679807662964]"
F72013,30,25,0.4,"[3301826532740.391, 32.00464177131653]"
F72013,30,25,0.5,"[3085146932552.571, 39.96424150466919]"
F72013,30,25,0.6,"[5291793671135.244, 47.878950119018555]"
F72013,30,25,0.7,"[3115943724406.537, 55.77929449081421]"
F72013,30,25,0.8,"[3919478676351.8154, 63.68687868118286]"
F72013,30,25,0.9,"[2485204863390.8765, 71.57631421089172]"
F72013,30,25,1.0,"[2248514852078.8896, 79.45400595664978]"
F72013,30,26,0.01,"[8.497894273901158e+16, 0.9226572513580322]"
F72013,30,26,0.1,"[9.108591948981629e+16, 8.189173698425293]"
F72013,30,26,0.2,"[8.767630962831269e+16, 16.238122701644897]"
F72013,30,26,0.3,"[6.574275416699058e+16, 24.283572912216187]"
F72013,30,26,0.4,"[6.574276111083834e+16, 32.309672832489014]"
F72013,30,26,0.5,"[6.5742761095427304e+16, 40.318543434143066]"
F72013,30,26,0.6,"[6.574275409143482e+16, 48.26051950454712]"
F72013,30,26,0.7,"[6.57427540889234e+16, 56.17771530151367]"
F72013,30,26,0.8,"[6.5742761020260424e+16, 64.1033616065979]"
F72013,30,26,0.9,"[6.574276098996484e+16, 72.03685998916626]"
F72013,30,26,1.0,"[6.574275399767914e+16, 80.00492763519287]"
F72013,30,27,0.01,"[11496375115320.271, 0.9020671844482422]"
F72013,30,27,0.1,"[8440649428422.983, 7.993649005889893]"
F72013,30,27,0.2,"[14283530965441.148, 15.840144395828247]"
F72013,30,27,0.3,"[11079472067501.54, 23.68559956550598]"
F72013,30,27,0.4,"[11888713635844.326, 31.511295795440674]"
F72013,30,27,0.5,"[8752686365679.72, 39.41018748283386]"
F72013,30,27,0.6,"[8540440296213.793, 47.330249547958374]"
F72013,30,27,0.7,"[7999096592108.6455, 55.23992872238159]"
F72013,30,27,0.8,"[7313897527042.147, 63.15913772583008]"
F72013,30,27,0.9,"[7651384384168.85, 71.05777382850647]"
F72013,30,27,1.0,"[8142677739612.288, 78.92780804634094]"
F72013,30,28,0.01,"[9427004764313.213, 0.7970747947692871]"
F72013,30,28,0.1,"[8667251847095.767, 7.903272867202759]"
F72013,30,28,0.2,"[18713432388470.516, 15.789778709411621]"
F72013,30,28,0.3,"[3768776533739.4526, 23.662951469421387]"
F72013,30,28,0.4,"[3498007147748.61, 31.56215763092041]"
F72013,30,28,0.5,"[3498001958635.9336, 39.62492775917053]"
F72013,30,28,0.6,"[3503091633538.928, 47.58968210220337]"
F72013,30,28,0.7,"[3502862216474.061, 55.550034046173096]"
F72013,30,28,0.8,"[3497522826521.583, 63.45921206474304]"
F72013,30,28,0.9,"[3497360715231.958, 71.39436197280884]"
F72013,30,28,1.0,"[3502174527100.756, 79.30853152275085]"
F72013,30,29,0.01,"[1.2912974467423213e+17, 0.8928430080413818]"
F72013,30,29,0.1,"[1.6549275278454387e+17, 8.027759552001953]"
F72013,30,29,0.2,"[1.110858392462154e+17, 15.93728494644165]"
F72013,30,29,0.3,"[1.1749654484414949e+17, 23.824162483215332]"
F72013,30,29,0.4,"[8.747358199549086e+16, 31.760358333587646]"
F72013,30,29,0.5,"[7.58595743222696e+16, 39.735453844070435]"
F72013,30,29,0.6,"[5.474108528156568e+16, 47.70906066894531]"
F72013,30,29,0.7,"[5.023529168202426e+16, 55.693429470062256]"
F72013,30,29,0.8,"[4.6771594673102424e+16, 63.62744665145874]"
F72013,30,29,0.9,"[5.299646381763732e+16, 71.58271741867065]"
F72013,30,29,1.0,"[6.456014861482064e+16, 79.50720286369324]"
F72013,30,30,0.01,"[1360521570689331.0, 0.8731756210327148]"
F72013,30,30,0.1,"[1527419954297861.2, 8.096020460128784]"
F72013,30,30,0.2,"[2935550478008202.0, 16.167413473129272]"
F72013,30,30,0.3,"[2999084191677607.5, 24.28635883331299]"
F72013,30,30,0.4,"[1380278223748974.8, 32.397444009780884]"
F72013,30,30,0.5,"[1.0967198746824098e+16, 40.47854137420654]"
F72013,30,30,0.6,"[2128869423779619.0, 48.45264148712158]"
F72013,30,30,0.7,"[2374486372518490.5, 56.44368577003479]"
F72013,30,30,0.8,"[1220997473810247.5, 64.43774938583374]"
F72013,30,30,0.9,"[982804469399358.4, 72.42971301078796]"
F72013,30,30,1.0,"[770152074565390.5, 80.43145084381104]"
F72013,30,31,0.01,"[4748096016002.001, 0.8344862461090088]"
F72013,30,31,0.1,"[3276175521998.1357, 8.08056116104126]"
F72013,30,31,0.2,"[2772357422327.175, 16.17025899887085]"
F72013,30,31,0.3,"[2746734691412.2847, 24.285024166107178]"
F72013,30,31,0.4,"[2751702598770.7583, 32.3875629901886]"
F72013,30,31,0.5,"[2709601382246.69, 40.472447872161865]"
F72013,30,31,0.6,"[2802580814286.1025, 48.44654560089111]"
F72013,30,31,0.7,"[2786849432117.437, 56.43345808982849]"
F72013,30,31,0.8,"[2736516463237.9883, 64.42620921134949]"
F72013,30,31,0.9,"[2712875813768.471, 72.40640091896057]"
F72013,30,31,1.0,"[2773250673924.7383, 80.39353394508362]"
F72013,30,32,0.01,"[1101621108120954.1, 0.9514317512512207]"
F72013,30,32,0.1,"[1386876519622398.0, 8.220279455184937]"
F72013,30,32,0.2,"[1386860329885673.8, 16.272522687911987]"
F72013,30,32,0.3,"[1386844128217444.5, 24.35129714012146]"
F72013,30,32,0.4,"[1386827949298053.0, 32.37904143333435]"
F72013,30,32,0.5,"[1386811758574631.2, 40.409661531448364]"
F72013,30,32,0.6,"[1386795590623075.5, 48.348684549331665]"
F72013,30,32,0.7,"[1386779410929129.2, 56.26459813117981]"
F72013,30,32,0.8,"[1386763254019248.0, 64.17680954933167]"
F72013,30,32,0.9,"[1386747085363386.5, 72.1191201210022]"
F72013,30,32,1.0,"[1386730939628260.0, 80.0546007156372]"
F72013,30,33,0.01,"[176308751215181.25, 0.9527952671051025]"
F72013,30,33,0.1,"[110555747177018.84, 8.21355676651001]"
F72013,30,33,0.2,"[97025801403448.11, 16.255513668060303]"
F72013,30,33,0.3,"[76488956392802.02, 24.293203830718994]"
F72013,30,33,0.4,"[73811134912822.53, 32.308343172073364]"
F72013,30,33,0.5,"[66509619577774.766, 40.308168172836304]"
F72013,30,33,0.6,"[78651223588461.9, 48.23490810394287]"
F72013,30,33,0.7,"[70743117955600.66, 56.14554834365845]"
F72013,30,33,0.8,"[47219101735007.67, 64.05805540084839]"
F72013,30,33,0.9,"[52892399584798.734, 72.00295042991638]"
F72013,30,33,1.0,"[45365228384490.47, 79.94278192520142]"
F72013,30,34,0.01,"[6.860950558523604e+17, 0.9375391006469727]"
F72013,30,34,0.1,"[1.0612465141174115e+18, 8.132088899612427]"
F72013,30,34,0.2,"[1.40486993510051e+18, 16.16163182258606]"
F72013,30,34,0.3,"[8.979172814344484e+17, 24.23891043663025]"
F72013,30,34,0.4,"[1.137345611163804e+18, 32.31775903701782]"
F72013,30,34,0.5,"[1.4037792827146412e+18, 40.351176738739014]"
F72013,30,34,0.6,"[2.030546137541367e+18, 48.2923059463501]"
F72013,30,34,0.7,"[4.917100780928437e+18, 56.20786643028259]"
F72013,30,34,0.8,"[2.1816969831473705e+18, 64.13199305534363]"
F72013,30,34,0.9,"[2.517333067991885e+18, 72.03587317466736]"
F72013,30,34,1.0,"[2.6650806853227756e+18, 79.95506763458252]"
F72013,30,35,0.01,"[1104258955546.952, 0.8019039630889893]"
F72013,30,35,0.1,"[1073898852522.3228, 8.016317367553711]"
F72013,30,35,0.2,"[1086394789883.9806, 16.06642198562622]"
F72013,30,35,0.3,"[1081796065504.1558, 24.15752625465393]"
F72013,30,35,0.4,"[1067110494234.7175, 32.24514317512512]"
F72013,30,35,0.5,"[1093445273725.2911, 40.293052196502686]"
F72013,30,35,0.6,"[1064041288925.9716, 48.240859508514404]"
F72013,30,35,0.7,"[1077688851593.9106, 56.16352391242981]"
F72013,30,35,0.8,"[1069377795105.3904, 64.1014633178711]"
F72013,30,35,0.9,"[1093817106391.1404, 72.02074408531189]"
F72013,30,35,1.0,"[1091703870876.1462, 79.9433524608612]"
F72013,30,36,0.01,"[2288445201234.9985, 0.7969746589660645]"
F72013,30,36,0.1,"[474125459099.3075, 7.96571159362793]"
F72013,30,36,0.2,"[874231246348.5051, 15.925860404968262]"
F72013,30,36,0.3,"[360479157110.73267, 23.89855408668518]"
F72013,30,36,0.4,"[325767745640.35077, 31.859395027160645]"
F72013,30,36,0.5,"[475542974541.3139, 39.818408489227295]"
F72013,30,36,0.6,"[591162979705.267, 47.73417806625366]"
F72013,30,36,0.7,"[591819251671.3715, 55.62454152107239]"
F72013,30,36,0.8,"[492540063780.5411, 63.52819633483887]"
F72013,30,36,0.9,"[782343053751.4105, 71.41007995605469]"
F72013,30,36,1.0,"[533704608561.7818, 79.27776217460632]"
F72013,30,37,0.01,"[4453200244003.253, 0.8091106414794922]"
F72013,30,37,0.1,"[3438504256738.864, 7.98271632194519]"
F72013,30,37,0.2,"[2666274504032.6616, 15.954724550247192]"
F72013,30,37,0.3,"[1606766856711.294, 23.942041397094727]"
F72013,30,37,0.4,"[1608779600082.7107, 31.914809942245483]"
F72013,30,37,0.5,"[1448567204425.0078, 39.895291805267334]"
F72013,30,37,0.6,"[1487980215159.7673, 47.83493900299072]"
F72013,30,37,0.7,"[1459784862791.4888, 55.74474024772644]"
F72013,30,37,0.8,"[1417953060379.511, 63.66105580329895]"
F72013,30,37,0.9,"[1473573462231.731, 71.5576012134552]"
F72013,30,37,1.0,"[1418498056190.382, 79.44458317756653]"
F72013,30,38,0.01,"[113797496262799.92, 0.8072047233581543]"
F72013,30,38,0.1,"[91793768514898.53, 8.003798246383667]"
F72013,30,38,0.2,"[208561017783066.25, 16.009795904159546]"
F72013,30,38,0.3,"[109032716582640.23, 24.030401706695557]"
F72013,30,38,0.4,"[78516478971880.1, 32.03778052330017]"
F72013,30,38,0.5,"[78515884583236.52, 40.068745374679565]"
F72013,30,38,0.6,"[78515291080196.3, 48.06879162788391]"
F72013,30,38,0.7,"[78514697209388.97, 56.05176329612732]"
F72013,30,38,0.8,"[78514104225525.69, 64.08757066726685]"
F72013,30,38,0.9,"[78513510857182.06, 72.07596683502197]"
F72013,30,38,1.0,"[78512918377132.86, 80.03479027748108]"
F72013,30,39,0.01,"[1.726734847265778e+16, 0.8059329986572266]"
F72013,30,39,0.1,"[2.033775182686948e+16, 8.011642932891846]"
F72013,30,39,0.2,"[2.026122811023843e+16, 16.011882543563843]"
F72013,30,39,0.3,"[2.019699261835625e+16, 24.032001972198486]"
F72013,30,39,0.4,"[2.0133703831184256e+16, 32.05877089500427]"
F72013,30,39,0.5,"[2.0002547083207884e+16, 40.11075949668884]"
F72013,30,39,0.6,"[2.0070679085896404e+16, 48.09754133224487]"
F72013,30,39,0.7,"[1.9895277782127676e+16, 56.110785245895386]"
F72013,30,39,0.8,"[1.9833674786357228e+16, 64.10104131698608]"
F72013,30,39,0.9,"[1.990867057566308e+16, 72.08809399604797]"
F72013,30,39,1.0,"[1.958546490208829e+16, 80.08458304405212]"
F72013,30,40,0.01,"[1.3053250049597229e+20, 0.8078134059906006]"
F72013,30,40,0.1,"[1.505325785707335e+20, 7.944836854934692]"
F72013,30,40,0.2,"[2.2065744017177025e+20, 15.889039993286133]"
F72013,30,40,0.3,"[1.8106742820331402e+20, 23.86183452606201]"
F72013,30,40,0.4,"[1.8235460372979666e+20, 31.848453521728516]"
F72013,30,40,0.5,"[2.401037032952402e+20, 39.832093238830566]"
F72013,30,40,0.6,"[2.8231123450331044e+20, 47.74839806556702]"
F72013,30,40,0.7,"[2.6718259651115765e+20, 55.69996476173401]"
F72013,30,40,0.8,"[1.4945495329900996e+20, 63.59694862365723]"
F72013,30,40,0.9,"[1.748739198602221e+20, 71.50090479850769]"
F72013,30,40,1.0,"[4.622141344591364e+20, 79.4304530620575]"
F72013,30,41,0.01,"[5571734675855.534, 0.7996351718902588]"
F72013,30,41,0.1,"[2948442436947.1743, 7.972395658493042]"
F72013,30,41,0.2,"[3367024463884.6475, 15.942728042602539]"
F72013,30,41,0.3,"[5603868151128.782, 23.931052207946777]"
F72013,30,41,0.4,"[3071780700029.072, 31.88430953025818]"
F72013,30,41,0.5,"[2419536615829.2227, 39.88707137107849]"
F72013,30,41,0.6,"[1920218918762.8018, 47.81501889228821]"
F72013,30,41,0.7,"[1502396544528.289, 55.72982120513916]"
F72013,30,41,0.8,"[1697188743355.381, 63.65914702415466]"
F72013,30,41,0.9,"[1396973822872.3237, 71.5674512386322]"
F72013,30,41,1.0,"[1517357946442.2249, 79.46026659011841]"
F72013,30,42,0.01,"[7529228628329.515, 0.8033432960510254]"
F72013,30,42,0.1,"[14352695718946.518, 8.025177001953125]"
F72013,30,42,0.2,"[7284945563038.083, 16.04217219352722]"
F72013,30,42,0.3,"[4069578850100.9893, 24.09577441215515]"
F72013,30,42,0.4,"[4121002590742.0767, 32.14361214637756]"
F72013,30,42,0.5,"[4048508319839.9575, 40.19504117965698]"
F72013,30,42,0.6,"[4290023850389.9688, 48.212294816970825]"
F72013,30,42,0.7,"[4238694178944.8613, 56.21292996406555]"
F72013,30,42,0.8,"[4401588228946.48, 64.22796678543091]"
F72013,30,42,0.9,"[3522536701246.6567, 72.21717047691345]"
F72013,30,42,1.0,"[3002456080956.1714, 80.19236660003662]"
F72013,30,43,0.01,"[33645217427556.15, 0.8374898433685303]"
F72013,30,43,0.1,"[23602201549042.605, 8.120767831802368]"
F72013,30,43,0.2,"[17698298462106.082, 16.16971707344055]"
F72013,30,43,0.3,"[15320424551668.043, 24.222301721572876]"
F72013,30,43,0.4,"[11659734017386.65, 32.246938943862915]"
F72013,30,43,0.5,"[18630815445658.73, 40.26316237449646]"
F72013,30,43,0.6,"[16903564164977.922, 48.20735955238342]"
F72013,30,43,0.7,"[73918187670027.19, 56.13410663604736]"
F72013,30,43,0.8,"[20114679778782.53, 64.07034492492676]"
F72013,30,43,0.9,"[18015914709391.316, 72.03359627723694]"
F72013,30,43,1.0,"[14015868803249.312, 79.97554540634155]"
F72013,30,44,0.01,"[139820880891.97586, 0.8096060752868652]"
F72013,30,44,0.1,"[96265795989.84721, 8.033103466033936]"
F72013,30,44,0.2,"[68600364687.26431, 16.063573360443115]"
F72013,30,44,0.3,"[63101487856.299644, 24.094167470932007]"
F72013,30,44,0.4,"[61846528720.493805, 32.139527320861816]"
F72013,30,44,0.5,"[57811857182.886955, 40.1893310546875]"
F72013,30,44,0.6,"[53198275543.365295, 48.19165515899658]"
F72013,30,44,0.7,"[51228572456.23948, 56.21930718421936]"
F72013,30,44,0.8,"[51201195473.74379, 64.22173166275024]"
F72013,30,44,0.9,"[51382177610.76434, 72.21678233146667]"
F72013,30,44,1.0,"[51941109746.41717, 80.21762228012085]"
F72013,30,45,0.01,"[1923405506018841.8, 0.7968142032623291]"
F72013,30,45,0.1,"[3753272698040255.5, 7.9559783935546875]"
F72013,30,45,0.2,"[2830038993650737.0, 15.932362079620361]"
F72013,30,45,0.3,"[1831564885112730.2, 23.942132711410522]"
F72013,30,45,0.4,"[1578351103951610.0, 31.962693214416504]"
F72013,30,45,0.5,"[1308592918208400.8, 39.99582123756409]"
F72013,30,45,0.6,"[1211051260820308.0, 48.013179540634155]"
F72013,30,45,0.7,"[1047648271559578.8, 56.02592849731445]"
F72013,30,45,0.8,"[965610205301788.8, 63.995327949523926]"
F72013,30,45,0.9,"[957110764184085.8, 71.96787118911743]"
F72013,30,45,1.0,"[597679838371782.8, 79.94529867172241]"
F72013,30,46,0.01,"[2599061704071.527, 0.7943265438079834]"
F72013,30,46,0.1,"[2056227239871.0842, 7.968250036239624]"
F72013,30,46,0.2,"[749982367201.5328, 15.942681789398193]"
F72013,30,46,0.3,"[462485611205.194, 23.921358585357666]"
F72013,30,46,0.4,"[317929449783.5883, 31.897655725479126]"
F72013,30,46,0.5,"[465832143744.9978, 39.90468668937683]"
F72013,30,46,0.6,"[424146617707.03906, 47.870710611343384]"
F72013,30,46,0.7,"[299282908227.2346, 55.80774283409119]"
F72013,30,46,0.8,"[446903902154.4255, 63.80669164657593]"
F72013,30,46,0.9,"[370622949566.6845, 71.77675247192383]"
F72013,30,46,1.0,"[286013083805.9717, 79.71224117279053]"
F72013,30,47,0.01,"[14897814374884.34, 0.8074333667755127]"
F72013,30,47,0.1,"[18137855522090.508, 8.000780820846558]"
F72013,30,47,0.2,"[72206218566761.73, 16.00954842567444]"
F72013,30,47,0.3,"[30804945137316.785, 24.017471075057983]"
F72013,30,47,0.4,"[19645295727449.055, 32.019152879714966]"
F72013,30,47,0.5,"[13292808363259.424, 40.06060481071472]"
F72013,30,47,0.6,"[12627877790326.654, 48.05738377571106]"
F72013,30,47,0.7,"[13143986689397.107, 56.03560495376587]"
F72013,30,47,0.8,"[11106627662106.611, 64.05327010154724]"
F72013,30,47,0.9,"[12535980505678.723, 72.03813338279724]"
F72013,30,47,1.0,"[9499919706681.59, 79.99756956100464]"
F72013,30,48,0.01,"[752539661070.2886, 0.7774050235748291]"
F72013,30,48,0.1,"[444870294727.7265, 7.781195878982544]"
F72013,30,48,0.2,"[373803596651.1764, 15.571839570999146]"
F72013,30,48,0.3,"[264019643768.00238, 23.35396909713745]"
F72013,30,48,0.4,"[248910329188.28067, 31.1320641040802]"
F72013,30,48,0.5,"[248912701349.59183, 38.92441248893738]"
F72013,30,48,0.6,"[254468101384.9244, 46.70433306694031]"
F72013,30,48,0.7,"[254462518658.03094, 54.45497703552246]"
F72013,30,48,0.8,"[248919772219.79205, 62.17374324798584]"
F72013,30,48,0.9,"[248922127433.34988, 69.93683457374573]"
F72013,30,48,1.0,"[254445752496.1385, 77.69733023643494]"
F72013,30,49,0.01,"[4.100450609420683e+16, 0.772566556930542]"
F72013,30,49,0.1,"[1.6008597270038546e+16, 7.745331048965454]"
F72013,30,49,0.2,"[1.4404598060703288e+16, 15.496083974838257]"
F72013,30,49,0.3,"[1.0217815357179646e+17, 23.24463987350464]"
F72013,30,49,0.4,"[7.267281896661957e+16, 30.987406730651855]"
F72013,30,49,0.5,"[5.910833971384413e+16, 38.74719166755676]"
F72013,30,49,0.6,"[2.6721686817704892e+16, 46.49565267562866]"
F72013,30,49,0.7,"[2.487728229362001e+16, 54.22429394721985]"
F72013,30,49,0.8,"[2.4872304814547268e+16, 61.91470003128052]"
F72013,30,49,0.9,"[2.487123151900826e+16, 69.6429169178009]"
F72013,30,49,1.0,"[2.4870253811734916e+16, 77.36836409568787]"
F72013,30,50,0.01,"[1175820946980366.8, 0.783132791519165]"
F72013,30,50,0.1,"[645269545708707.8, 7.789022445678711]"
F72013,30,50,0.2,"[1027028564176464.8, 15.576727867126465]"
F72013,30,50,0.3,"[1345902524144211.0, 23.356003284454346]"
F72013,30,50,0.4,"[1483080721829236.2, 31.128506183624268]"
F72013,30,50,0.5,"[1151024583382920.0, 38.91147017478943]"
F72013,30,50,0.6,"[1055646167912405.2, 46.664939403533936]"
F72013,30,50,0.7,"[1150980411160534.5, 54.455939531326294]"
F72013,30,50,0.8,"[1274071317209186.8, 62.189849853515625]"
F72013,30,50,0.9,"[590508424180582.6, 69.95635533332825]"
F72013,30,50,1.0,"[482240162176632.0, 77.70744729042053]"
F72013,50,0,0.01,"[1185034787697.6936, 2.0920302867889404]"
F72013,50,0,0.1,"[56982106680368.96, 20.71118140220642]"
F72013,50,0,0.2,"[56982090573550.76, 41.335771799087524]"
F72013,50,0,0.3,"[57196109546220.05, 62.000901222229004]"
F72013,50,0,0.4,"[57196093772060.08, 82.76826596260071]"
F72013,50,0,0.5,"[56982042166787.945, 103.4007580280304]"
F72013,50,0,0.6,"[56982025915335.06, 123.98911762237549]"
F72013,50,0,0.7,"[57196046900719.6, 144.55903029441833]"
F72013,50,0,0.8,"[57196031699108.3, 165.11187744140625]"
F72013,50,0,0.9,"[56981977042799.695, 185.84525394439697]"
F72013,50,0,1.0,"[56981960944357.664, 206.43956089019775]"
F72013,50,1,0.01,"[1.8613576007113827e+25, 2.1081926822662354]"
F72013,50,1,0.1,"[2.0093531646721213e+25, 20.788803339004517]"
F72013,50,1,0.2,"[1.881489303823368e+25, 41.49598574638367]"
F72013,50,1,0.3,"[1.8704552425475406e+25, 62.3382625579834]"
F72013,50,1,0.4,"[2.3657432105064236e+25, 83.43618416786194]"
F72013,50,1,0.5,"[2.155880350659618e+25, 104.54249906539917]"
F72013,50,1,0.6,"[2.4421139092715514e+25, 125.38985300064087]"
F72013,50,1,0.7,"[2.8223604490630317e+25, 146.12018179893494]"
F72013,50,1,0.8,"[2.795095881636732e+25, 166.86824107170105]"
F72013,50,1,0.9,"[2.3751088257534627e+25, 187.99209904670715]"
F72013,50,1,1.0,"[2.896945314665372e+25, 208.95728182792664]"
F72013,50,2,0.01,"[7614853195.666886, 2.0969927310943604]"
F72013,50,2,0.1,"[5034152862.899213, 20.645642518997192]"
F72013,50,2,0.2,"[3916787619.602682, 41.127196073532104]"
F72013,50,2,0.3,"[3069443286.6471825, 61.63637375831604]"
F72013,50,2,0.4,"[3313405209.8024087, 82.24720501899719]"
F72013,50,2,0.5,"[2539150433.8717213, 102.88819313049316]"
F72013,50,2,0.6,"[2257200531.411417, 123.45456719398499]"
F72013,50,2,0.7,"[2493758559.7075887, 143.98111510276794]"
F72013,50,2,0.8,"[2234170995.370938, 164.5452618598938]"
F72013,50,2,0.9,"[2151563293.787801, 185.21179246902466]"
F72013,50,2,1.0,"[2210815555.423675, 205.71194696426392]"
F72013,50,3,0.01,"[26139907874.17144, 2.091524362564087]"
F72013,50,3,0.1,"[19851274674.28066, 20.70240306854248]"
F72013,50,3,0.2,"[15858234568.003897, 41.32223725318909]"
F72013,50,3,0.3,"[12210363516.049599, 62.094502687454224]"
F72013,50,3,0.4,"[12697705944.425198, 82.87410640716553]"
F72013,50,3,0.5,"[11751409209.186388, 103.54727053642273]"
F72013,50,3,0.6,"[12458845644.11625, 124.20878267288208]"
F72013,50,3,0.7,"[11528972608.488167, 144.8444905281067]"
F72013,50,3,0.8,"[10154033096.76423, 165.50703740119934]"
F72013,50,3,0.9,"[11036746888.135223, 186.33702516555786]"
F72013,50,3,1.0,"[10349328769.099611, 207.01659536361694]"
F72013,50,4,0.01,"[99763614886.68674, 2.0757882595062256]"
F72013,50,4,0.1,"[98875284705.3161, 20.534242630004883]"
F72013,50,4,0.2,"[100564934151.9334, 40.98769736289978]"
F72013,50,4,0.3,"[101411894070.63965, 61.629661083221436]"
F72013,50,4,0.4,"[102079162090.88293, 82.31393527984619]"
F72013,50,4,0.5,"[102647138028.98022, 102.91023683547974]"
F72013,50,4,0.6,"[102977918187.52144, 123.51468586921692]"
F72013,50,4,0.7,"[103115142969.28278, 144.00226521492004]"
F72013,50,4,0.8,"[103288188116.21855, 164.54143691062927]"
F72013,50,4,0.9,"[103516490681.3227, 185.2682445049286]"
F72013,50,4,1.0,"[103603673909.70688, 205.7865538597107]"
F72013,50,5,0.01,"[2.9457400372579255e+21, 2.065703868865967]"
F72013,50,5,0.1,"[3.4247624346179857e+21, 20.440308332443237]"
F72013,50,5,0.2,"[3.2035430411718403e+21, 40.80189776420593]"
F72013,50,5,0.3,"[3.4388473943237916e+21, 61.24585938453674]"
F72013,50,5,0.4,"[3.3686961292983565e+21, 81.80141997337341]"
F72013,50,5,0.5,"[3.459012912800147e+21, 102.24027943611145]"
F72013,50,5,0.6,"[3.663483256333372e+21, 122.67355418205261]"
F72013,50,5,0.7,"[3.7833349652743796e+21, 143.08035111427307]"
F72013,50,5,0.8,"[3.750173722059682e+21, 163.47694993019104]"
F72013,50,5,0.9,"[3.8694379315424385e+21, 184.03424191474915]"
F72013,50,5,1.0,"[4.756979606499883e+21, 204.45454025268555]"
F72013,50,6,0.01,"[6448550802.863559, 2.085960865020752]"
F72013,50,6,0.1,"[889861522.2073879, 20.88017773628235]"
F72013,50,6,0.2,"[763849591.7870343, 41.72494029998779]"
F72013,50,6,0.3,"[764500517.8379164, 62.64332985877991]"
F72013,50,6,0.4,"[729027245.6184782, 83.44967722892761]"
F72013,50,6,0.5,"[761987130.9449847, 104.03433275222778]"
F72013,50,6,0.6,"[789478441.8414673, 124.64287114143372]"
F72013,50,6,0.7,"[725651314.930301, 145.39052414894104]"
F72013,50,6,0.8,"[757650982.2740152, 166.03444361686707]"
F72013,50,6,0.9,"[740248962.4909172, 186.79297757148743]"
F72013,50,6,1.0,"[756371402.4125832, 207.4473729133606]"
F72013,50,7,0.01,"[5515826156.383647, 2.072197675704956]"
F72013,50,7,0.1,"[2885881138.3616705, 20.52484679222107]"
F72013,50,7,0.2,"[2699886767.090739, 40.975459575653076]"
F72013,50,7,0.3,"[2675738990.44404, 61.6509485244751]"
F72013,50,7,0.4,"[2702495619.576562, 82.35293316841125]"
F72013,50,7,0.5,"[2768756492.9707584, 102.95925641059875]"
F72013,50,7,0.6,"[1845947275.4166806, 123.572270154953]"
F72013,50,7,0.7,"[1907205025.3344994, 144.04293870925903]"
F72013,50,7,0.8,"[2072793500.841184, 164.56098794937134]"
F72013,50,7,0.9,"[1832675800.255714, 185.27625489234924]"
F72013,50,7,1.0,"[2132040071.8525832, 205.78266525268555]"
F72013,50,8,0.01,"[9414535141051416.0, 2.3194570541381836]"
F72013,50,8,0.1,"[9391206596620444.0, 23.13141632080078]"
F72013,50,8,0.2,"[9367768626970432.0, 46.28195142745972]"
F72013,50,8,0.3,"[9000777850681371.0, 69.0379867553711]"
F72013,50,8,0.4,"[9024565362792118.0, 90.29515719413757]"
F72013,50,8,0.5,"[8904934886206608.0, 111.09395456314087]"
F72013,50,8,0.6,"[9020948861051534.0, 132.03545308113098]"
F72013,50,8,0.7,"[9189710932052352.0, 153.02078890800476]"
F72013,50,8,0.8,"[8908258113310879.0, 173.82085537910461]"
F72013,50,8,0.9,"[9251346264863060.0, 194.7250955104828]"
F72013,50,8,1.0,"[9073059959925600.0, 215.46932554244995]"
F72013,50,9,0.01,"[4923459457268.891, 2.1298794746398926]"
F72013,50,9,0.1,"[4887175492263.095, 20.820537567138672]"
F72013,50,9,0.2,"[4759998492789.393, 41.544609785079956]"
F72013,50,9,0.3,"[4701334962413.488, 62.36976432800293]"
F72013,50,9,0.4,"[4679974903040.142, 83.08541131019592]"
F72013,50,9,0.5,"[4672656211863.716, 103.58561491966248]"
F72013,50,9,0.6,"[4670108379741.964, 124.1027557849884]"
F72013,50,9,0.7,"[4669165750775.755, 144.75484442710876]"
F72013,50,9,0.8,"[4668764425037.416, 165.31227493286133]"
F72013,50,9,0.9,"[4668548464855.672, 186.0079414844513]"
F72013,50,9,1.0,"[4668395911016.481, 206.6048469543457]"
F72013,50,10,0.01,"[772124073800874.6, 2.0649118423461914]"
F72013,50,10,0.1,"[795976213767533.0, 20.445639848709106]"
F72013,50,10,0.2,"[772121950388106.6, 40.91322112083435]"
F72013,50,10,0.3,"[795975899687407.4, 61.53372573852539]"
F72013,50,10,0.4,"[772119716027727.9, 82.56540250778198]"
F72013,50,10,0.5,"[795975574911209.9, 103.15369200706482]"
F72013,50,10,0.6,"[772117460687239.8, 123.99109816551208]"
F72013,50,10,0.7,"[795975259623169.4, 144.52536725997925]"
F72013,50,10,0.8,"[772115242825723.6, 165.06857180595398]"
F72013,50,10,0.9,"[795974946312746.1, 186.32128977775574]"
F72013,50,10,1.0,"[772113014734389.8, 206.81126642227173]"
F72013,50,11,0.01,"[3179054005792.5684, 2.1162023544311523]"
F72013,50,11,0.1,"[3169727727582.0874, 21.053126573562622]"
F72013,50,11,0.2,"[3160979219088.0835, 42.061410665512085]"
F72013,50,11,0.3,"[3153634887385.7163, 62.982632637023926]"
F72013,50,11,0.4,"[3147430207117.807, 83.96091032028198]"
F72013,50,11,0.5,"[3142152615695.6704, 104.82475423812866]"
F72013,50,11,0.6,"[3137598664315.0093, 125.86335945129395]"
F72013,50,11,0.7,"[3133620194288.209, 146.9430696964264]"
F72013,50,11,0.8,"[3130082712158.3325, 167.81451034545898]"
F72013,50,11,0.9,"[3126894471234.3594, 188.68970775604248]"
F72013,50,11,1.0,"[3123971657211.944, 209.44053959846497]"
F72013,50,12,0.01,"[8.908403396472255e+19, 2.1029138565063477]"
F72013,50,12,0.1,"[7.262636127905182e+19, 20.858339309692383]"
F72013,50,12,0.2,"[7.262636125702522e+19, 41.67009377479553]"
F72013,50,12,0.3,"[7.262563836892618e+19, 62.562933921813965]"
F72013,50,12,0.4,"[7.262563836294449e+19, 83.46640586853027]"
F72013,50,12,0.5,"[7.262636124412975e+19, 104.35812473297119]"
F72013,50,12,0.6,"[7.2626361273398346e+19, 125.07420110702515]"
F72013,50,12,0.7,"[7.262563836469701e+19, 145.8601999282837]"
F72013,50,12,0.8,"[7.262563836378288e+19, 166.4891448020935]"
F72013,50,12,0.9,"[7.2626361287524565e+19, 187.34410405158997]"
F72013,50,12,1.0,"[7.262636126678846e+19, 208.22922134399414]"
F72013,50,13,0.01,"[43969531404877.0, 2.114985227584839]"
F72013,50,13,0.1,"[43926562215502.375, 20.740277767181396]"
F72013,50,13,0.2,"[43872495172616.72, 41.37557029724121]"
F72013,50,13,0.3,"[43809451963925.77, 62.192503690719604]"
F72013,50,13,0.4,"[43736629699820.42, 83.03194546699524]"
F72013,50,13,0.5,"[43657489251010.15, 103.78916335105896]"
F72013,50,13,0.6,"[43580125941296.516, 124.5743682384491]"
F72013,50,13,0.7,"[43514786616096.45, 145.23252511024475]"
F72013,50,13,0.8,"[43467443438651.6, 165.97047114372253]"
F72013,50,13,0.9,"[43437724821293.79, 186.87538886070251]"
F72013,50,13,1.0,"[43421030909859.94, 207.58495569229126]"
F72013,50,14,0.01,"[3.621907470078383e+23, 2.136749505996704]"
F72013,50,14,0.1,"[3.224992257291287e+23, 20.854941606521606]"
F72013,50,14,0.2,"[3.7815444732686156e+23, 41.66209006309509]"
F72013,50,14,0.3,"[3.319188699522137e+23, 62.30167245864868]"
F72013,50,14,0.4,"[2.8888461834375713e+23, 83.01740026473999]"
F72013,50,14,0.5,"[3.050488254882092e+23, 103.91761803627014]"
F72013,50,14,0.6,"[2.735132814445329e+23, 124.8303894996643]"
F72013,50,14,0.7,"[2.3902911662411627e+23, 145.69269585609436]"
F72013,50,14,0.8,"[2.3197386095863525e+23, 166.51802968978882]"
F72013,50,14,0.9,"[2.4365502580086634e+23, 187.26271319389343]"
F72013,50,14,1.0,"[3.03095382216848e+23, 207.97102212905884]"
F72013,50,15,0.01,"[3.4752593511899494e+17, 2.093540668487549]"
F72013,50,15,0.1,"[3.641462885067095e+17, 20.762004375457764]"
F72013,50,15,0.2,"[3.863967349587022e+17, 41.427512645721436]"
F72013,50,15,0.3,"[3.7198316356935616e+17, 62.11455535888672]"
F72013,50,15,0.4,"[3.719826930560664e+17, 82.87471461296082]"
F72013,50,15,0.5,"[3.7198222301411354e+17, 103.47745037078857]"
F72013,50,15,0.6,"[3.7198175243992205e+17, 124.09583640098572]"
F72013,50,15,0.7,"[3.719812823452585e+17, 144.8140091896057]"
F72013,50,15,0.8,"[3.719808117389993e+17, 165.27733731269836]"
F72013,50,15,0.9,"[3.719803415965444e+17, 185.8715410232544]"
F72013,50,15,1.0,"[3.719798709315031e+17, 206.34753465652466]"
F72013,50,16,0.01,"[31593312528.458256, 2.1038196086883545]"
F72013,50,16,0.1,"[5314449002.483466, 21.182889938354492]"
F72013,50,16,0.2,"[4515378036.620106, 42.33825492858887]"
F72013,50,16,0.3,"[4618294564.349777, 63.46664786338806]"
F72013,50,16,0.4,"[4595068842.593733, 84.34897351264954]"
F72013,50,16,0.5,"[4362995266.914302, 105.25302457809448]"
F72013,50,16,0.6,"[4638994226.394026, 126.09432768821716]"
F72013,50,16,0.7,"[4661946548.940535, 147.15182423591614]"
F72013,50,16,0.8,"[4427902969.2865095, 168.1201572418213]"
F72013,50,16,0.9,"[4372688977.540086, 189.1174178123474]"
F72013,50,16,1.0,"[4354102028.271485, 210.06819200515747]"
F72013,50,17,0.01,"[47051282772.64715, 2.1575634479522705]"
F72013,50,17,0.1,"[21426940385.84915, 20.874032497406006]"
F72013,50,17,0.2,"[20573090330.37263, 41.657734870910645]"
F72013,50,17,0.3,"[16480624762.276033, 62.38858485221863]"
F72013,50,17,0.4,"[16961864535.688826, 83.37146949768066]"
F72013,50,17,0.5,"[2343883061860.811, 107.85082197189331]"
F72013,50,17,0.6,"[2343784651563.1626, 129.08225059509277]"
F72013,50,17,0.7,"[2343699431430.1396, 149.84120893478394]"
F72013,50,17,0.8,"[2343625137546.626, 170.552330493927]"
F72013,50,17,0.9,"[2343560168838.4, 191.29732298851013]"
F72013,50,17,1.0,"[2343502910148.944, 211.96347665786743]"
F72013,50,18,0.01,"[1091732117591.1504, 2.1381759643554688]"
F72013,50,18,0.1,"[755166298277.6587, 20.931760549545288]"
F72013,50,18,0.2,"[493969505702.31714, 41.702025175094604]"
F72013,50,18,0.3,"[484231592748.8056, 62.44029521942139]"
F72013,50,18,0.4,"[484231062145.78406, 83.32171821594238]"
F72013,50,18,0.5,"[502734886892.50684, 118.0185751914978]"
F72013,50,18,0.6,"[494477161960.217, 139.0328254699707]"
F72013,50,18,0.7,"[475630594706.58057, 159.83231043815613]"
F72013,50,18,0.8,"[428065422362.788, 180.6191987991333]"
F72013,50,18,0.9,"[474688363656.84814, 201.3461468219757]"
F72013,50,18,1.0,"[470481436684.8208, 222.38387775421143]"
F72013,50,19,0.01,"[41865658194711.09, 2.0945160388946533]"
F72013,50,19,0.1,"[41481719504072.94, 20.695194959640503]"
F72013,50,19,0.2,"[41207143928762.65, 41.360758543014526]"
F72013,50,19,0.3,"[40943172517070.95, 61.994240045547485]"
F72013,50,19,0.4,"[40697407270064.016, 82.61261487007141]"
F72013,50,19,0.5,"[40474794879215.92, 103.24982118606567]"
F72013,50,19,0.6,"[40276635515176.44, 124.05234742164612]"
F72013,50,19,0.7,"[40103226171398.77, 144.773850440979]"
F72013,50,19,0.8,"[39952867137333.46, 165.48432731628418]"
F72013,50,19,0.9,"[39823830107453.85, 186.6297001838684]"
F72013,50,19,1.0,"[39713482774484.09, 207.28349113464355]"
F72013,50,20,0.01,"[1636768717750.0935, 2.2244677543640137]"
F72013,50,20,0.1,"[1633926955499.7656, 20.71157479286194]"
F72013,50,20,0.2,"[1630589741981.038, 41.29585242271423]"
F72013,50,20,0.3,"[1627088174617.4917, 61.79732537269592]"
F72013,50,20,0.4,"[1623437669917.1792, 82.5098865032196]"
F72013,50,20,0.5,"[1619671916118.2507, 104.54498744010925]"
F72013,50,20,0.6,"[1615811775469.6016, 128.70097637176514]"
F72013,50,20,0.7,"[1611895514318.1143, 149.36360907554626]"
F72013,50,20,0.8,"[1607945825626.7834, 169.97158885002136]"
F72013,50,20,0.9,"[1604001286131.483, 190.62615370750427]"
F72013,50,20,1.0,"[1600082751397.8643, 211.32186698913574]"
F72013,50,21,0.01,"[3.490569532510112e+16, 2.0955119132995605]"
F72013,50,21,0.1,"[3.713544265155541e+16, 20.397951126098633]"
F72013,50,21,0.2,"[4.142188340479655e+16, 40.78387188911438]"
F72013,50,21,0.3,"[3.804072654484245e+16, 61.081859827041626]"
F72013,50,21,0.4,"[3.180948695802061e+16, 81.5942530632019]"
F72013,50,21,0.5,"[3.440294699279024e+16, 102.34964847564697]"
F72013,50,21,0.6,"[2.6992077017740944e+16, 122.83717679977417]"
F72013,50,21,0.7,"[2.9860987536250024e+16, 143.80126762390137]"
F72013,50,21,0.8,"[3.4736271508784452e+16, 164.19210839271545]"
F72013,50,21,0.9,"[3.777237979608288e+16, 184.56463146209717]"
F72013,50,21,1.0,"[4.244630958707063e+16, 204.8409767150879]"
F72013,50,22,0.01,"[650496224645.6505, 2.0619308948516846]"
F72013,50,22,0.1,"[572788324976.8967, 20.6264808177948]"
F72013,50,22,0.2,"[452654234303.1501, 41.076451778411865]"
F72013,50,22,0.3,"[376930367913.14087, 61.602215051651]"
F72013,50,22,0.4,"[353667384058.94336, 82.1086072921753]"
F72013,50,22,0.5,"[385666656382.258, 102.59029746055603]"
F72013,50,22,0.6,"[363536443671.22736, 123.13906073570251]"
F72013,50,22,0.7,"[339544412343.7641, 143.71421813964844]"
F72013,50,22,0.8,"[343396240633.8244, 164.25795674324036]"
F72013,50,22,0.9,"[348815968577.0293, 184.8063907623291]"
F72013,50,22,1.0,"[301832113592.91077, 205.26509928703308]"
F72013,50,23,0.01,"[9728932014602.383, 2.088258743286133]"
F72013,50,23,0.1,"[9728930408522.953, 20.604630708694458]"
F72013,50,23,0.2,"[9728928622108.201, 41.23083829879761]"
F72013,50,23,0.3,"[9728926837327.299, 61.75968647003174]"
F72013,50,23,0.4,"[9728925050471.797, 82.43001556396484]"
F72013,50,23,0.5,"[9728923265262.104, 103.18985271453857]"
F72013,50,23,0.6,"[9728921477954.053, 123.91623425483704]"
F72013,50,23,0.7,"[9728919692280.576, 144.60820817947388]"
F72013,50,23,0.8,"[9728917904517.06, 165.23080897331238]"
F72013,50,23,0.9,"[9728916118396.387, 185.92939162254333]"
F72013,50,23,1.0,"[9728914330189.605, 206.65384006500244]"
F72013,50,24,0.01,"[9728932014602.383, 2.1977217197418213]"
F72013,50,24,0.1,"[9728930408522.953, 21.083600759506226]"
F72013,50,24,0.2,"[9728928622108.201, 42.047067642211914]"
F72013,50,24,0.3,"[9728926837327.299, 63.01018476486206]"
F72013,50,24,0.4,"[9728925050471.797, 84.03686690330505]"
F72013,50,24,0.5,"[9728923265262.104, 105.4417200088501]"
F72013,50,24,0.6,"[9728921477954.053, 126.34410858154297]"
F72013,50,24,0.7,"[9728919692280.576, 165.32930159568787]"
F72013,50,24,0.8,"[9728917904517.06, 188.78197479248047]"
F72013,50,24,0.9,"[9728916118396.387, 209.64052891731262]"
F72013,50,24,1.0,"[9728914330189.605, 231.9649875164032]"
F72013,50,25,0.01,"[2.431654302032987e+16, 2.1064038276672363]"
F72013,50,25,0.1,"[2.5069108761857696e+16, 20.87315583229065]"
F72013,50,25,0.2,"[2.499071663065385e+16, 41.71933102607727]"
F72013,50,25,0.3,"[2.4374490950150148e+16, 62.48452162742615]"
F72013,50,25,0.4,"[2.4169341451449452e+16, 83.43561887741089]"
F72013,50,25,0.5,"[2.4962648349891224e+16, 104.25597620010376]"
F72013,50,25,0.6,"[2.510567378660112e+16, 125.20077323913574]"
F72013,50,25,0.7,"[2.4134429300941332e+16, 146.22153854370117]"
F72013,50,25,0.8,"[2.443075536400449e+16, 167.05285596847534]"
F72013,50,25,0.9,"[2.5119013833136684e+16, 188.03570461273193]"
F72013,50,25,1.0,"[2.4927426149573068e+16, 208.79520392417908]"
F72013,50,26,0.01,"[10890381586334.578, 2.1057236194610596]"
F72013,50,26,0.1,"[11081891528828.42, 20.852238655090332]"
F72013,50,26,0.2,"[10940798328933.873, 41.54368495941162]"
F72013,50,26,0.3,"[11595859696638.904, 62.286893129348755]"
F72013,50,26,0.4,"[11559738712132.596, 83.10859417915344]"
F72013,50,26,0.5,"[12148328599563.207, 103.97393941879272]"
F72013,50,26,0.6,"[12069006055241.61, 124.76876091957092]"
F72013,50,26,0.7,"[11261345635513.822, 145.5281593799591]"
F72013,50,26,0.8,"[11516130468633.264, 166.3126573562622]"
F72013,50,26,0.9,"[10148565572707.828, 187.1982982158661]"
F72013,50,26,1.0,"[10880061708265.129, 207.93318629264832]"
F72013,50,27,0.01,"[741769727019770.4, 2.0848255157470703]"
F72013,50,27,0.1,"[756291012009850.1, 20.842941761016846]"
F72013,50,27,0.2,"[753305269985595.9, 41.4956693649292]"
F72013,50,27,0.3,"[738451862375293.2, 62.2295138835907]"
F72013,50,27,0.4,"[734850954374787.2, 82.93048787117004]"
F72013,50,27,0.5,"[734500463523753.4, 103.61968994140625]"
F72013,50,27,0.6,"[733679937257035.2, 124.36970138549805]"
F72013,50,27,0.7,"[732213246140529.4, 145.09608387947083]"
F72013,50,27,0.8,"[731158329908529.4, 165.8055202960968]"
F72013,50,27,0.9,"[730655818304341.5, 186.6265742778778]"
F72013,50,27,1.0,"[730459662958102.0, 207.25322461128235]"
F72013,50,28,0.01,"[14803510514969.057, 2.0991132259368896]"
F72013,50,28,0.1,"[14768745570986.078, 20.77690863609314]"
F72013,50,28,0.2,"[15182510309744.14, 41.5153386592865]"
F72013,50,28,0.3,"[14419631485441.424, 62.14460110664368]"
F72013,50,28,0.4,"[15178967677484.033, 82.95841121673584]"
F72013,50,28,0.5,"[14439467757289.244, 103.99180197715759]"
F72013,50,28,0.6,"[14441076773490.54, 124.90712785720825]"
F72013,50,28,0.7,"[14726466825994.174, 146.45718669891357]"
F72013,50,28,0.8,"[15055958222954.422, 167.1444091796875]"
F72013,50,28,0.9,"[14306889158850.848, 187.86320328712463]"
F72013,50,28,1.0,"[14447111657428.361, 208.44521021842957]"
F72013,50,29,0.01,"[4576394564559.046, 2.1973369121551514]"
F72013,50,29,0.1,"[4619765432065.206, 21.049781799316406]"
F72013,50,29,0.2,"[4623892043628.601, 41.94617772102356]"
F72013,50,29,0.3,"[4574819250550.907, 62.86137890815735]"
F72013,50,29,0.4,"[4573276830777.003, 84.00777411460876]"
F72013,50,29,0.5,"[4636745629709.807, 104.84439754486084]"
F72013,50,29,0.6,"[4641509831177.594, 125.87861633300781]"
F72013,50,29,0.7,"[4565540589908.368, 146.79079484939575]"
F72013,50,29,0.8,"[4562066315999.975, 167.4550223350525]"
F72013,50,29,0.9,"[4656702910832.651, 188.2978277206421]"
F72013,50,29,1.0,"[4661908912190.069, 209.01547527313232]"
F72013,50,30,0.01,"[2.9583410393224486e+17, 2.0966715812683105]"
F72013,50,30,0.1,"[5.0188997817254426e+17, 20.87369704246521]"
F72013,50,30,0.2,"[3.525753535556078e+17, 41.618677377700806]"
F72013,50,30,0.3,"[2.947536349687318e+17, 62.33731436729431]"
F72013,50,30,0.4,"[2.5045307539898256e+17, 83.03032112121582]"
F72013,50,30,0.5,"[2.6401058652569296e+17, 103.83161115646362]"
F72013,50,30,0.6,"[2.7715153055056986e+17, 124.62300848960876]"
F72013,50,30,0.7,"[3.447014317704027e+17, 145.40528678894043]"
F72013,50,30,0.8,"[2.6340783203656032e+17, 166.16991329193115]"
F72013,50,30,0.9,"[2.3643617718499846e+17, 186.89752411842346]"
F72013,50,30,1.0,"[2.5600585582597808e+17, 207.55789351463318]"
F72013,50,31,0.01,"[1333696327222.2524, 2.107264518737793]"
F72013,50,31,0.1,"[559988030241.6523, 20.873633861541748]"
F72013,50,31,0.2,"[567297201480.3802, 41.708571672439575]"
F72013,50,31,0.3,"[573322154570.6493, 62.48535990715027]"
F72013,50,31,0.4,"[565266595700.1996, 83.38235521316528]"
F72013,50,31,0.5,"[567281321481.0764, 104.52533030509949]"
F72013,50,31,0.6,"[560002490786.6089, 125.4633572101593]"
F72013,50,31,0.7,"[565283395199.3738, 146.8939814567566]"
F72013,50,31,0.8,"[573295444018.3702, 167.68933057785034]"
F72013,50,31,0.9,"[560011219290.2896, 188.57178831100464]"
F72013,50,31,1.0,"[567254718429.1655, 209.3202543258667]"
F72013,50,32,0.01,"[222124033296.49033, 2.1154534816741943]"
F72013,50,32,0.1,"[152086340533.92902, 20.864832878112793]"
F72013,50,32,0.2,"[140082287251.58652, 41.52787256240845]"
F72013,50,32,0.3,"[117066623172.0244, 62.269230127334595]"
F72013,50,32,0.4,"[118325468665.98698, 85.09759163856506]"
F72013,50,32,0.5,"[129999759410.94553, 106.26506161689758]"
F72013,50,32,0.6,"[119170638348.7158, 127.05051565170288]"
F72013,50,32,0.7,"[129292034962.7245, 166.3864562511444]"
F72013,50,32,0.8,"[123757746261.54384, 189.20904326438904]"
F72013,50,32,0.9,"[130421160076.09639, 210.0421164035797]"
F72013,50,32,1.0,"[131230482378.79787, 230.70904636383057]"
F72013,50,33,0.01,"[6.912539031794092e+17, 2.1016993522644043]"
F72013,50,33,0.1,"[6.912539026189521e+17, 20.86646318435669]"
F72013,50,33,0.2,"[6.912539019958294e+17, 41.57967209815979]"
F72013,50,33,0.3,"[6.912539013735053e+17, 62.32175874710083]"
F72013,50,33,0.4,"[6.912539007504178e+17, 83.4043550491333]"
F72013,50,33,0.5,"[6.912539001279732e+17, 104.38648247718811]"
F72013,50,33,0.6,"[6.912538995045856e+17, 125.29978895187378]"
F72013,50,33,0.7,"[6.912538988820084e+17, 146.18779635429382]"
F72013,50,33,0.8,"[6.912538982582298e+17, 167.1153485774994]"
F72013,50,33,0.9,"[6.912538976366583e+17, 188.44930839538574]"
F72013,50,33,1.0,"[6.912538970129393e+17, 209.33504509925842]"
F72013,50,34,0.01,"[2825837487.426761, 2.1028945446014404]"
F72013,50,34,0.1,"[1393532953.7139378, 20.757264137268066]"
F72013,50,34,0.2,"[1407386038.6984997, 41.4335298538208]"
F72013,50,34,0.3,"[1388291664.892248, 62.22621393203735]"
F72013,50,34,0.4,"[1351951490.0539832, 83.2658896446228]"
F72013,50,34,0.5,"[1336122619.4989638, 104.32351803779602]"
F72013,50,34,0.6,"[1422222921.928121, 125.11193919181824]"
F72013,50,34,0.7,"[1129450285.3478186, 145.80891299247742]"
F72013,50,34,0.8,"[963518981.2489808, 166.5136113166809]"
F72013,50,34,0.9,"[955850344.4283693, 187.84343218803406]"
F72013,50,34,1.0,"[1028782967.397695, 208.7975196838379]"
F72013,50,35,0.01,"[31135360803.127357, 2.1687119007110596]"
F72013,50,35,0.1,"[10931178588.497377, 20.832756757736206]"
F72013,50,35,0.2,"[7165922970.613695, 41.49362349510193]"
F72013,50,35,0.3,"[5488857794.560788, 62.27857542037964]"
F72013,50,35,0.4,"[5783955838.530103, 84.44622087478638]"
F72013,50,35,0.5,"[6028088736.066772, 106.09715056419373]"
F72013,50,35,0.6,"[5688190247.781889, 126.90348529815674]"
F72013,50,35,0.7,"[6731707549.489007, 148.00856494903564]"
F72013,50,35,0.8,"[6011541289.789892, 168.71125388145447]"
F72013,50,35,0.9,"[4180083071.642943, 189.74420166015625]"
F72013,50,35,1.0,"[4178199826.648163, 210.69213724136353]"
F72013,50,36,0.01,"[1511074521.0865548, 2.2407891750335693]"
F72013,50,36,0.1,"[283209447.6624236, 21.01584267616272]"
F72013,50,36,0.2,"[222038939.90493616, 41.87169146537781]"
F72013,50,36,0.3,"[200260640.22371233, 62.64066982269287]"
F72013,50,36,0.4,"[170488514.1722859, 84.91133761405945]"
F72013,50,36,0.5,"[162591503.76109308, 107.91384530067444]"
F72013,50,36,0.6,"[160920586.50772294, 131.0411262512207]"
F72013,50,36,0.7,"[157709948.63159218, 154.24575996398926]"
F72013,50,36,0.8,"[189527190.91173276, 177.2076232433319]"
F72013,50,36,0.9,"[181564091.85566506, 200.31815004348755]"
F72013,50,36,1.0,"[180955373.3286433, 222.06280875205994]"
F72013,50,37,0.01,"[1517967964219.0696, 2.0764682292938232]"
F72013,50,37,0.1,"[914313939745.9276, 20.54374122619629]"
F72013,50,37,0.2,"[496439365845.7696, 41.12416386604309]"
F72013,50,37,0.3,"[451416882635.1361, 61.59439039230347]"
F72013,50,37,0.4,"[372552556073.71893, 82.15105414390564]"
F72013,50,37,0.5,"[383903516422.5687, 102.75193929672241]"
F72013,50,37,0.6,"[367646282553.6546, 123.42062044143677]"
F72013,50,37,0.7,"[351247286126.7129, 144.05556178092957]"
F72013,50,37,0.8,"[362148052964.9096, 164.6306552886963]"
F72013,50,37,0.9,"[346669344226.2959, 185.2104799747467]"
F72013,50,37,1.0,"[286553377372.03326, 205.71012210845947]"
F72013,50,38,0.01,"[20222313330501.81, 2.104790449142456]"
F72013,50,38,0.1,"[28500854054311.95, 20.888587474822998]"
F72013,50,38,0.2,"[20290016836134.85, 41.701040744781494]"
F72013,50,38,0.3,"[18909055910948.848, 62.68892765045166]"
F72013,50,38,0.4,"[27690285351534.582, 83.69884920120239]"
F72013,50,38,0.5,"[13775740828974.488, 104.52652025222778]"
F72013,50,38,0.6,"[10334191451356.234, 125.36553239822388]"
F72013,50,38,0.7,"[10039006755805.0, 146.17983675003052]"
F72013,50,38,0.8,"[10032473814790.287, 166.89124011993408]"
F72013,50,38,0.9,"[10060310016938.936, 187.83550333976746]"
F72013,50,38,1.0,"[10004524193759.246, 208.55799627304077]"
F72013,50,39,0.01,"[23966098531.981667, 2.126084327697754]"
F72013,50,39,0.1,"[14735050121.184496, 20.774548053741455]"
F72013,50,39,0.2,"[10506404990.04313, 41.42286539077759]"
F72013,50,39,0.3,"[7427944899.373695, 62.2757408618927]"
F72013,50,39,0.4,"[8507260060.28009, 83.16425037384033]"
F72013,50,39,0.5,"[7200916355.069223, 104.26190257072449]"
F72013,50,39,0.6,"[6608778953.032661, 125.03682017326355]"
F72013,50,39,0.7,"[6879914397.848639, 145.70993614196777]"
F72013,50,39,0.8,"[5676429264.093111, 166.453275680542]"
F72013,50,39,0.9,"[7029391702.877201, 187.35363101959229]"
F72013,50,39,1.0,"[6730278761.389943, 208.05781531333923]"
F72013,50,40,0.01,"[301671305012.0967, 2.085232973098755]"
F72013,50,40,0.1,"[152288980045.54285, 20.6381893157959]"
F72013,50,40,0.2,"[127243748289.37788, 41.188793897628784]"
F72013,50,40,0.3,"[147030061323.21545, 61.80048704147339]"
F72013,50,40,0.4,"[134431963804.64111, 82.50408411026001]"
F72013,50,40,0.5,"[133960334997.02457, 103.1045491695404]"
F72013,50,40,0.6,"[129060103260.44586, 123.69487977027893]"
F72013,50,40,0.7,"[115677296867.68271, 144.2805154323578]"
F72013,50,40,0.8,"[110712353081.61794, 164.82108998298645]"
F72013,50,40,0.9,"[86426891216.20554, 185.57037043571472]"
F72013,50,40,1.0,"[95474762695.7458, 206.1939766407013]"
F72013,50,41,0.01,"[2.1434675922005876e+16, 2.177722454071045]"
F72013,50,41,0.1,"[2.143466463818377e+16, 20.783881425857544]"
F72013,50,41,0.2,"[2.1434653345853444e+16, 41.381596326828]"
F72013,50,41,0.3,"[2.1434642066136508e+16, 62.02296328544617]"
F72013,50,41,0.4,"[2.1434630775400532e+16, 82.7488341331482]"
F72013,50,41,0.5,"[2.143461949710664e+16, 103.37970280647278]"
F72013,50,41,0.6,"[2.143460820773643e+16, 124.00288128852844]"
F72013,50,41,0.7,"[2.143459693099433e+16, 144.60801911354065]"
F72013,50,41,0.8,"[2.143458564311116e+16, 165.20414185523987]"
F72013,50,41,0.9,"[2.1434574367952348e+16, 185.95487523078918]"
F72013,50,41,1.0,"[2.1434563081562708e+16, 206.60267853736877]"
F72013,50,42,0.01,"[1396821278798959.8, 2.1017544269561768]"
F72013,50,42,0.1,"[1393590169418032.5, 20.9728741645813]"
F72013,50,42,0.2,"[1393523909377708.2, 41.88281726837158]"
F72013,50,42,0.3,"[1393455018078790.8, 62.908562898635864]"
F72013,50,42,0.4,"[1393380342775185.2, 83.80030107498169]"
F72013,50,42,0.5,"[1393300272764672.5, 104.47965455055237]"
F72013,50,42,0.6,"[1393214720390696.5, 125.25181698799133]"
F72013,50,42,0.7,"[1393123863362410.0, 146.08648920059204]"
F72013,50,42,0.8,"[1393027465353103.2, 166.83812355995178]"
F72013,50,42,0.9,"[1392925648195379.5, 188.17220830917358]"
F72013,50,42,1.0,"[1392818097990946.5, 208.950053691864]"
F72013,50,43,0.01,"[997042947704.4075, 2.1053757667541504]"
F72013,50,43,0.1,"[420868895951.6802, 20.777177810668945]"
F72013,50,43,0.2,"[293352945536.5598, 41.44408440589905]"
F72013,50,43,0.3,"[268526111519.62985, 62.20406436920166]"
F72013,50,43,0.4,"[225195040893.36203, 83.4164412021637]"
F72013,50,43,0.5,"[216845730234.172, 104.63050031661987]"
F72013,50,43,0.6,"[187093350421.42596, 125.14219737052917]"
F72013,50,43,0.7,"[193216681270.08093, 145.82611179351807]"
F72013,50,43,0.8,"[189182697783.78546, 166.48443722724915]"
F72013,50,43,0.9,"[176582646776.23206, 187.2331748008728]"
F72013,50,43,1.0,"[193954420609.40414, 208.01252961158752]"
F72013,50,44,0.01,"[1094520619973701.6, 2.1038131713867188]"
F72013,50,44,0.1,"[1131252659509770.5, 20.98568320274353]"
F72013,50,44,0.2,"[1074429399077425.5, 41.874441623687744]"
F72013,50,44,0.3,"[1101540989283456.9, 62.84086012840271]"
F72013,50,44,0.4,"[1138051770076479.2, 84.87933468818665]"
F72013,50,44,0.5,"[1080592377696769.0, 106.65148305892944]"
F72013,50,44,0.6,"[1132261473114575.5, 127.72331595420837]"
F72013,50,44,0.7,"[1143265175626478.0, 148.73353099822998]"
F72013,50,44,0.8,"[1099374942486856.5, 169.57605385780334]"
F72013,50,44,0.9,"[1144669721957654.2, 190.50442504882812]"
F72013,50,44,1.0,"[1085564518245428.0, 211.4584834575653]"
F72013,50,45,0.01,"[82383184.37913679, 2.075807571411133]"
F72013,50,45,0.1,"[80878989.30158408, 20.753361225128174]"
F72013,50,45,0.2,"[81632288.3765931, 41.460949420928955]"
F72013,50,45,0.3,"[80668261.06569652, 62.13357400894165]"
F72013,50,45,0.4,"[79590718.34482557, 84.06266975402832]"
F72013,50,45,0.5,"[79228171.78669046, 113.21656394004822]"
F72013,50,45,0.6,"[79011939.69458061, 139.06434774398804]"
F72013,50,45,0.7,"[78836841.27806844, 159.7569706439972]"
F72013,50,45,0.8,"[78663469.13291094, 180.38813662528992]"
F72013,50,45,0.9,"[78490316.8790326, 201.06132912635803]"
F72013,50,45,1.0,"[78317708.81769986, 221.65675687789917]"
F72013,50,46,0.01,"[48965385276.828186, 2.102473258972168]"
F72013,50,46,0.1,"[32092042241.66034, 20.86451530456543]"
F72013,50,46,0.2,"[32949575797.932045, 41.585176944732666]"
F72013,50,46,0.3,"[31974568794.429543, 62.31225538253784]"
F72013,50,46,0.4,"[34503365108.78344, 83.12108373641968]"
F72013,50,46,0.5,"[33804550888.2072, 103.94320344924927]"
F72013,50,46,0.6,"[31444668101.75596, 124.69733238220215]"
F72013,50,46,0.7,"[32066109503.293247, 145.4148416519165]"
F72013,50,46,0.8,"[31465348987.667103, 166.16347813606262]"
F72013,50,46,0.9,"[32079401196.0428, 187.14761638641357]"
F72013,50,46,1.0,"[31758266339.66585, 207.85508823394775]"
F72013,50,47,0.01,"[8971533573.089796, 2.154245138168335]"
F72013,50,47,0.1,"[6429602838.888253, 20.914377450942993]"
F72013,50,47,0.2,"[5552627513.990475, 41.654927253723145]"
F72013,50,47,0.3,"[5272851212.767674, 62.401787996292114]"
F72013,50,47,0.4,"[3794603899.0624604, 83.4564573764801]"
F72013,50,47,0.5,"[3022680986.6617537, 104.30726504325867]"
F72013,50,47,0.6,"[2902515015.5529118, 125.08324074745178]"
F72013,50,47,0.7,"[3023869293.0923095, 145.8288278579712]"
F72013,50,47,0.8,"[3597274562.208951, 166.62753105163574]"
F72013,50,47,0.9,"[3226773482.041593, 187.58219599723816]"
F72013,50,47,1.0,"[3422161926.5842166, 208.30904078483582]"
F72013,50,48,0.01,"[7.0653820247941195e+22, 2.0581393241882324]"
F72013,50,48,0.1,"[6.254061759184515e+22, 20.331894636154175]"
F72013,50,48,0.2,"[6.1965063028169635e+22, 40.640289545059204]"
F72013,50,48,0.3,"[6.429692048068363e+22, 60.92623233795166]"
F72013,50,48,0.4,"[5.838807886592637e+22, 81.23578310012817]"
F72013,50,48,0.5,"[6.069244527473039e+22, 101.5868787765503]"
F72013,50,48,0.6,"[6.48413979434338e+22, 122.0595371723175]"
F72013,50,48,0.7,"[5.51419352382043e+22, 142.4910478591919]"
F72013,50,48,0.8,"[5.442203098238206e+22, 163.00550723075867]"
F72013,50,48,0.9,"[5.287239268898724e+22, 183.3923945426941]"
F72013,50,48,1.0,"[5.5538679434100204e+22, 203.73439693450928]"
F72013,50,49,0.01,"[163296250089.15875, 2.0503320693969727]"
F72013,50,49,0.1,"[84153768724.70995, 20.264732837677002]"
F72013,50,49,0.2,"[81854167414.64828, 40.52556300163269]"
F72013,50,49,0.3,"[83133667135.3696, 60.84316110610962]"
F72013,50,49,0.4,"[79993304184.81784, 81.21632266044617]"
F72013,50,49,0.5,"[93337191494.9029, 101.43580555915833]"
F72013,50,49,0.6,"[72525890238.13261, 121.63126873970032]"
F72013,50,49,0.7,"[70873340176.82248, 141.7998435497284]"
F72013,50,49,0.8,"[72187761318.47386, 162.07488203048706]"
F72013,50,49,0.9,"[71818476068.02577, 182.28512501716614]"
F72013,50,49,1.0,"[73295553566.37282, 202.5267210006714]"
F72013,50,50,0.01,"[8718377953.775599, 2.043450355529785]"
F72013,50,50,0.1,"[7660358103.759739, 20.206021785736084]"
F72013,50,50,0.2,"[7234998146.669215, 40.38049054145813]"
F72013,50,50,0.3,"[7818578359.858729, 60.617087841033936]"
F72013,50,50,0.4,"[7750235245.048983, 80.83350133895874]"
F72013,50,50,0.5,"[7191418770.051794, 101.03399419784546]"
F72013,50,50,0.6,"[7182264212.195028, 121.31404399871826]"
F72013,50,50,0.7,"[7007143940.868497, 141.5370535850525]"
F72013,50,50,0.8,"[6791564958.220568, 161.85289549827576]"
F72013,50,50,0.9,"[7234659865.549315, 182.01849961280823]"
F72013,50,50,1.0,"[7817269913.932786, 202.1828362941742]"
