function,dimensions,checkpoint,mean,std,median,max,min
F12013,10,0.01,43745.70878476711,16444.269807968587,41314.110582651694,81819.01100684662,6202.862018643006
F12013,10,0.1,7612.143331454667,4318.127283092452,7079.768387494668,18951.100424281853,35.94361311503326
F12013,10,0.2,776.884150030654,694.0540787036805,597.1399367953318,3086.520268434805,0.0007221524128908641
F12013,10,0.3,40.05745849429826,53.99891547394883,13.828537429454173,217.2562023173416,0
F12013,10,0.4,0.6316245087754682,1.1674558671073005,0.04552166243593092,4.334502857496773,0
F12013,10,0.5,0.0014436130314901246,0.0034099011820146207,6.759611096640583e-06,0.013714533673919505,0
F12013,10,0.6,1.475717792845007e-07,4.1408503284364487e-07,0,1.8488074147171574e-06,0
F12013,10,0.7,0,0,0,0,0
F12013,10,0.8,0,0,0,0,0
F12013,10,0.9,0,0,0,0,0
F12013,10,1.0,0,0,0,0,0
F12013,30,0.01,139971.7014989768,32157.93206298883,143009.1322358483,207040.82398652146,76744.34325194008
F12013,30,0.1,20507.67870291919,7850.135475615162,20992.444458989095,35739.25713075814,5364.124761079399
F12013,30,0.2,1451.2365774074638,868.5121281144974,1356.9821351235835,3653.177655010327,110.95104243915603
F12013,30,0.3,37.10945754602995,34.781890398892614,25.486658770202666,161.1750902825404,0.12074064741955226
F12013,30,0.4,0.1707794438543492,0.24845243488774288,0.05245956529279283,1.3077423903353065,1.8330181319470285e-06
F12013,30,0.5,4.586012702626855e-05,0.00010575825747477007,2.0613751985365525e-06,0.0006571156518475618,0
F12013,30,0.6,0,0,0,0,0
F12013,30,0.7,0,0,0,0,0
F12013,30,0.8,0,0,0,0,0
F12013,30,0.9,0,0,0,0,0
F12013,30,1.0,0,0,0,0,0
F12013,50,0.01,206531.1547984761,37930.86232716044,199157.85051730802,279669.06918064517,123132.42344216465
F12013,50,0.1,25900.79609976813,8179.61398241607,25832.095855491538,42118.89584784742,8831.124241535517
F12013,50,0.2,1465.0656748339297,704.4490360200964,1466.9335240533196,3114.3608738945427,329.31452504420326
F12013,50,0.3,25.788906360188513,20.14576313947155,20.30743700251969,78.79726507158853,1.2847412023575089
F12013,50,0.4,0.06561281242547654,0.09066850129539887,0.026353364295573556,0.37479303435452493,0.00015547432712992304
F12013,50,0.5,7.44211840855332e-06,1.695267825697861e-05,7.111354989319807e-07,8.224975658777112e-05,0
F12013,50,0.6,0,0,0,0,0
F12013,50,0.7,0,0,0,0,0
F12013,50,0.8,0,0,0,0,0
F12013,50,0.9,0,0,0,0,0
F12013,50,1.0,0,0,0,0,0
