function,dimension,run,checkpoint,error
F52013,10,0,0.01,"[278663.2697076485, 0.02842235565185547]"
F52013,10,0,0.1,"[5621.5123074473195, 0.27422618865966797]"
F52013,10,0,0.2,"[0.127419663856017, 0.5466771125793457]"
F52013,10,0,0.3,"[0.009774412853857939, 0.8193652629852295]"
F52013,10,0,0.4,"[0.02030190539448995, 1.0936152935028076]"
F52013,10,0,0.5,"[0.013389365219268257, 1.3667027950286865]"
F52013,10,0,0.6,"[0.024012458133597647, 1.6398234367370605]"
F52013,10,0,0.7,"[0.003604261357509131, 1.9139623641967773]"
F52013,10,0,0.8,"[0.012112829330817476, 2.1882333755493164]"
F52013,10,0,0.9,"[0.006610027746887681, 2.4617340564727783]"
F52013,10,0,1.0,"[0.004876962265257134, 2.735569953918457]"
F52013,10,1,0.01,"[126078.52498690464, 0.0710606575012207]"
F52013,10,1,0.1,"[9502.690396070791, 0.3162832260131836]"
F52013,10,1,0.2,"[0.9046401188270465, 0.5881543159484863]"
F52013,10,1,0.3,"[0.012246549562291875, 0.8607115745544434]"
F52013,10,1,0.4,"[0.010236973709879749, 1.1362175941467285]"
F52013,10,1,0.5,"[0.00979210431876254, 1.4090094566345215]"
F52013,10,1,0.6,"[0.008324333705218123, 1.6817057132720947]"
F52013,10,1,0.7,"[0.011265217716186271, 1.9550931453704834]"
F52013,10,1,0.8,"[0.015530093261418187, 2.2294697761535645]"
F52013,10,1,0.9,"[0.012219129586355848, 2.502392292022705]"
F52013,10,1,1.0,"[0.012461471844289917, 2.775991439819336]"
F52013,10,2,0.01,"[144601.67513519563, 0.06912398338317871]"
F52013,10,2,0.1,"[3462.8505966063303, 0.3417017459869385]"
F52013,10,2,0.2,"[0.02875671942013014, 0.6147134304046631]"
F52013,10,2,0.3,"[0.0089426429061632, 0.8878400325775146]"
F52013,10,2,0.4,"[0.008665177041848438, 1.163076400756836]"
F52013,10,2,0.5,"[0.01230930322333279, 1.4347236156463623]"
F52013,10,2,0.6,"[0.023328634899030476, 1.706336498260498]"
F52013,10,2,0.7,"[0.008925838823074628, 1.9788880348205566]"
F52013,10,2,0.8,"[0.007923496735202207, 2.2523069381713867]"
F52013,10,2,0.9,"[0.029032969315835544, 2.5251643657684326]"
F52013,10,2,1.0,"[0.007533960232422032, 2.7981882095336914]"
F52013,10,3,0.01,"[799191.8813751847, 0.02777838706970215]"
F52013,10,3,0.1,"[114353.49287684335, 0.27356648445129395]"
F52013,10,3,0.2,"[925.1330706273257, 0.5464038848876953]"
F52013,10,3,0.3,"[0.009712985214036962, 0.819225549697876]"
F52013,10,3,0.4,"[0.011893187865211985, 1.1138594150543213]"
F52013,10,3,0.5,"[0.014364578375989367, 1.4385859966278076]"
F52013,10,3,0.6,"[0.011018574866398012, 1.7630493640899658]"
F52013,10,3,0.7,"[0.008948909468017519, 2.08843994140625]"
F52013,10,3,0.8,"[0.013398126431411583, 2.4147982597351074]"
F52013,10,3,0.9,"[0.0014437783132734694, 2.7408320903778076]"
F52013,10,3,1.0,"[0.014445922798813626, 3.067077875137329]"
F52013,10,4,0.01,"[116102.52369131094, 0.04968142509460449]"
F52013,10,4,0.1,"[8246.415182273282, 0.29352760314941406]"
F52013,10,4,0.2,"[0.5342759939221651, 0.5642907619476318]"
F52013,10,4,0.3,"[0.011254706869181064, 0.8366992473602295]"
F52013,10,4,0.4,"[0.0016442478515727998, 1.1102397441864014]"
F52013,10,4,0.5,"[0.015291861496962156, 1.3822290897369385]"
F52013,10,4,0.6,"[0.006820578799874966, 1.6537537574768066]"
F52013,10,4,0.7,"[0.012417280136446607, 1.9268536567687988]"
F52013,10,4,0.8,"[0.007248494274790573, 2.199618339538574]"
F52013,10,4,0.9,"[0.007865226128387803, 2.472147226333618]"
F52013,10,4,1.0,"[0.004178273653337783, 2.744842767715454]"
F52013,10,5,0.01,"[980889.2295668292, 0.04090142250061035]"
F52013,10,5,0.1,"[177811.2836223491, 0.287095308303833]"
F52013,10,5,0.2,"[3260.1821705367074, 0.5605916976928711]"
F52013,10,5,0.3,"[0.04518411541835121, 0.8338286876678467]"
F52013,10,5,0.4,"[0.011438153216317914, 1.1094002723693848]"
F52013,10,5,0.5,"[0.00979746982557117, 1.3826680183410645]"
F52013,10,5,0.6,"[0.007277917664509914, 1.6563639640808105]"
F52013,10,5,0.7,"[0.01249121683042631, 1.9453718662261963]"
F52013,10,5,0.8,"[0.014144455534847111, 2.219778299331665]"
F52013,10,5,0.9,"[0.011705154973128629, 2.4943511486053467]"
F52013,10,5,1.0,"[0.007807007324004189, 2.7694504261016846]"
F52013,10,6,0.01,"[202605.24604591154, 0.02807140350341797]"
F52013,10,6,0.1,"[6704.954165781665, 0.2757854461669922]"
F52013,10,6,0.2,"[0.2123508670913452, 0.5506210327148438]"
F52013,10,6,0.3,"[0.00858823394889896, 0.8247694969177246]"
F52013,10,6,0.4,"[0.010642984965784308, 1.1015892028808594]"
F52013,10,6,0.5,"[0.011693557582248104, 1.375730037689209]"
F52013,10,6,0.6,"[0.01702114759189044, 1.6500720977783203]"
F52013,10,6,0.7,"[0.017456371929483794, 1.926246166229248]"
F52013,10,6,0.8,"[0.014403377212829582, 2.2023537158966064]"
F52013,10,6,0.9,"[0.012945665144457053, 2.4779179096221924]"
F52013,10,6,1.0,"[0.00851221970970073, 2.7540409564971924]"
F52013,10,7,0.01,"[774212.4540320664, 0.02803659439086914]"
F52013,10,7,0.1,"[116727.02565150581, 0.2758369445800781]"
F52013,10,7,0.2,"[997.4610818470735, 0.5503401756286621]"
F52013,10,7,0.3,"[0.019751794876242457, 0.8250417709350586]"
F52013,10,7,0.4,"[0.012268060559335936, 1.101653814315796]"
F52013,10,7,0.5,"[0.013192642279250322, 1.3760943412780762]"
F52013,10,7,0.6,"[0.014290000400592362, 1.6506705284118652]"
F52013,10,7,0.7,"[0.008943427873418841, 1.9501564502716064]"
F52013,10,7,0.8,"[0.004213125737805967, 2.2258048057556152]"
F52013,10,7,0.9,"[0.01356889159592356, 2.5011301040649414]"
F52013,10,7,1.0,"[0.013450410683390146, 2.7771730422973633]"
F52013,10,8,0.01,"[1222617.547047598, 0.055910348892211914]"
F52013,10,8,0.1,"[249232.27332766276, 0.30422163009643555]"
F52013,10,8,0.2,"[7815.991328125207, 0.5790915489196777]"
F52013,10,8,0.3,"[0.3390066671695422, 0.8543636798858643]"
F52013,10,8,0.4,"[0.010078420949184874, 1.1318466663360596]"
F52013,10,8,0.5,"[0.027027319201806677, 1.4070634841918945]"
F52013,10,8,0.6,"[0.01027842105986565, 1.682145595550537]"
F52013,10,8,0.7,"[0.0479614937784163, 1.9579107761383057]"
F52013,10,8,0.8,"[0.005387741467188789, 2.233069896697998]"
F52013,10,8,0.9,"[0.011707838464644738, 2.508533239364624]"
F52013,10,8,1.0,"[0.009553748519465444, 2.7849690914154053]"
F52013,10,9,0.01,"[1265515.2240834008, 0.027701854705810547]"
F52013,10,9,0.1,"[105181.35878525417, 0.27301025390625]"
F52013,10,9,0.2,"[167.77538872438538, 0.5448994636535645]"
F52013,10,9,0.3,"[0.012877191298571233, 0.8173284530639648]"
F52013,10,9,0.4,"[0.007078081045392537, 1.0909218788146973]"
F52013,10,9,0.5,"[0.011153251892437765, 1.363187551498413]"
F52013,10,9,0.6,"[0.036902473779719, 1.6355009078979492]"
F52013,10,9,0.7,"[0.009383226753470808, 1.9082586765289307]"
F52013,10,9,0.8,"[0.015886036302276807, 2.1805226802825928]"
F52013,10,9,0.9,"[0.011438666800131614, 2.45328688621521]"
F52013,10,9,1.0,"[0.011302543586339198, 2.726555585861206]"
F52013,10,10,0.01,"[99184.82259878833, 0.02759575843811035]"
F52013,10,10,0.1,"[19292.782602933614, 0.2694833278656006]"
F52013,10,10,0.2,"[168.65448947828418, 0.5376689434051514]"
F52013,10,10,0.3,"[0.009980599124105538, 0.8064446449279785]"
F52013,10,10,0.4,"[0.0070853476069032695, 1.0770950317382812]"
F52013,10,10,0.5,"[0.006787486101984541, 1.346041202545166]"
F52013,10,10,0.6,"[0.003974032637188429, 1.6150617599487305]"
F52013,10,10,0.7,"[0.010204995110370874, 1.8842568397521973]"
F52013,10,10,0.8,"[0.010173458336453223, 2.153921127319336]"
F52013,10,10,0.9,"[0.009884656404210546, 2.4240360260009766]"
F52013,10,10,1.0,"[0.014013105919616464, 2.6945574283599854]"
F52013,10,11,0.01,"[224294.73910167947, 0.06962156295776367]"
F52013,10,11,0.1,"[2026.5653955744458, 0.3255648612976074]"
F52013,10,11,0.2,"[0.04427896072763815, 0.5956375598907471]"
F52013,10,11,0.3,"[0.008969166790734562, 0.8657801151275635]"
F52013,10,11,0.4,"[0.011111103871144223, 1.1381335258483887]"
F52013,10,11,0.5,"[0.012420710572200733, 1.4081690311431885]"
F52013,10,11,0.6,"[0.005553998736900212, 1.6783335208892822]"
F52013,10,11,0.7,"[0.016146110713862072, 1.9496948719024658]"
F52013,10,11,0.8,"[0.01791617362789566, 2.2216570377349854]"
F52013,10,11,0.9,"[0.012679893076551707, 2.493600368499756]"
F52013,10,11,1.0,"[0.016827220998379744, 2.765922784805298]"
F52013,10,12,0.01,"[475388.2286909095, 0.027731895446777344]"
F52013,10,12,0.1,"[12972.935771452077, 0.2731194496154785]"
F52013,10,12,0.2,"[1.1635787303133611, 0.5452284812927246]"
F52013,10,12,0.3,"[0.010764424679450713, 0.8172500133514404]"
F52013,10,12,0.4,"[0.014777888017192709, 1.0912127494812012]"
F52013,10,12,0.5,"[0.015997308668943333, 1.3635120391845703]"
F52013,10,12,0.6,"[0.01429645870166496, 1.6356005668640137]"
F52013,10,12,0.7,"[0.010865792268646146, 1.9082703590393066]"
F52013,10,12,0.8,"[0.00924270561506546, 2.1809253692626953]"
F52013,10,12,0.9,"[0.016302156670121803, 2.453906536102295]"
F52013,10,12,1.0,"[0.013240196925380587, 2.727119207382202]"
F52013,10,13,0.01,"[576128.2169714916, 0.04989886283874512]"
F52013,10,13,0.1,"[20236.266621662282, 0.33530521392822266]"
F52013,10,13,0.2,"[3.0696250726293783, 0.6087400913238525]"
F52013,10,13,0.3,"[0.012454056600063268, 0.882697582244873]"
F52013,10,13,0.4,"[0.010705967002195393, 1.157930850982666]"
F52013,10,13,0.5,"[0.013364999303462355, 1.4321653842926025]"
F52013,10,13,0.6,"[0.010334058954754255, 1.7060844898223877]"
F52013,10,13,0.7,"[0.011334223617041062, 1.9810879230499268]"
F52013,10,13,0.8,"[0.008889887229088345, 2.256538152694702]"
F52013,10,13,0.9,"[0.013061282488934012, 2.53128719329834]"
F52013,10,13,1.0,"[0.011329026865155356, 2.8062636852264404]"
F52013,10,14,0.01,"[46461.73094771672, 0.05530285835266113]"
F52013,10,14,0.1,"[1225.6473507052638, 0.3500955104827881]"
F52013,10,14,0.2,"[0.009964788629986288, 0.6231787204742432]"
F52013,10,14,0.3,"[0.005556797554959303, 0.8973033428192139]"
F52013,10,14,0.4,"[0.009347109771852047, 1.1732933521270752]"
F52013,10,14,0.5,"[0.013595849471812471, 1.4473414421081543]"
F52013,10,14,0.6,"[0.030586376061023657, 1.7215840816497803]"
F52013,10,14,0.7,"[0.0051142287378525, 1.996279239654541]"
F52013,10,14,0.8,"[0.01378038587449737, 2.2707881927490234]"
F52013,10,14,0.9,"[0.006962666754589009, 2.545804977416992]"
F52013,10,14,1.0,"[0.004260787386442644, 2.8207523822784424]"
F52013,10,15,0.01,"[1288529.9837040293, 0.0279691219329834]"
F52013,10,15,0.1,"[108474.4716438652, 0.27442240715026855]"
F52013,10,15,0.2,"[182.9516511323393, 0.5478289127349854]"
F52013,10,15,0.3,"[0.014262625203286916, 0.8215880393981934]"
F52013,10,15,0.4,"[0.014819858184523582, 1.0971155166625977]"
F52013,10,15,0.5,"[0.019959760184974584, 1.3747563362121582]"
F52013,10,15,0.6,"[0.01612131485774171, 1.647434949874878]"
F52013,10,15,0.7,"[0.012714375722225668, 1.9203181266784668]"
F52013,10,15,0.8,"[0.008694676673599133, 2.1937296390533447]"
F52013,10,15,0.9,"[0.018285214175648434, 2.4670469760894775]"
F52013,10,15,1.0,"[0.014108345599879613, 2.7406625747680664]"
F52013,10,16,0.01,"[1122180.200362161, 0.04193234443664551]"
F52013,10,16,0.1,"[222554.55011717102, 0.2881171703338623]"
F52013,10,16,0.2,"[5887.142043179752, 0.5608024597167969]"
F52013,10,16,0.3,"[0.16876458318142795, 0.8340499401092529]"
F52013,10,16,0.4,"[0.009119220840602793, 1.109391689300537]"
F52013,10,16,0.5,"[0.012863301152719941, 1.3824350833892822]"
F52013,10,16,0.6,"[0.012354554391095007, 1.655653953552246]"
F52013,10,16,0.7,"[0.002900315202737147, 1.9294660091400146]"
F52013,10,16,0.8,"[0.006302312525576781, 2.2039551734924316]"
F52013,10,16,0.9,"[0.014564622494162904, 2.4782114028930664]"
F52013,10,16,1.0,"[0.010822253219657796, 2.7525880336761475]"
F52013,10,17,0.01,"[1003688.7019692003, 0.0280306339263916]"
F52013,10,17,0.1,"[66573.20405870215, 0.2761876583099365]"
F52013,10,17,0.2,"[51.14819524418283, 0.5508630275726318]"
F52013,10,17,0.3,"[0.011795718316648163, 0.8258795738220215]"
F52013,10,17,0.4,"[0.01905518971989295, 1.1023223400115967]"
F52013,10,17,0.5,"[0.011315924879227168, 1.3772022724151611]"
F52013,10,17,0.6,"[0.006768653212930076, 1.6520178318023682]"
F52013,10,17,0.7,"[0.009543717475821722, 1.9272825717926025]"
F52013,10,17,0.8,"[0.012694118692479606, 2.2034690380096436]"
F52013,10,17,0.9,"[0.01593029870855389, 2.47961688041687]"
F52013,10,17,1.0,"[0.008197323074341512, 2.755932569503784]"
F52013,10,18,0.01,"[865835.5354445166, 0.027698993682861328]"
F52013,10,18,0.1,"[48897.09611210886, 0.27205443382263184]"
F52013,10,18,0.2,"[23.596000485242826, 0.5427718162536621]"
F52013,10,18,0.3,"[0.006023609076464709, 0.8138618469238281]"
F52013,10,18,0.4,"[0.007976608111675887, 1.0864696502685547]"
F52013,10,18,0.5,"[0.007830576536434819, 1.357832670211792]"
F52013,10,18,0.6,"[0.010005268852978588, 1.6287996768951416]"
F52013,10,18,0.7,"[0.02899162911774056, 1.9002118110656738]"
F52013,10,18,0.8,"[0.014614689739346431, 2.171841621398926]"
F52013,10,18,0.9,"[0.015967151243557964, 2.4436683654785156]"
F52013,10,18,1.0,"[0.011887651711504077, 2.716085195541382]"
F52013,10,19,0.01,"[568514.7160452325, 0.028231382369995117]"
F52013,10,19,0.1,"[66400.99926289234, 0.2736661434173584]"
F52013,10,19,0.2,"[179.8954772841107, 0.5453944206237793]"
F52013,10,19,0.3,"[0.006391515750920007, 0.817105770111084]"
F52013,10,19,0.4,"[0.010201964839097855, 1.090911626815796]"
F52013,10,19,0.5,"[0.0160631062082075, 1.3632981777191162]"
F52013,10,19,0.6,"[0.012336409967701911, 1.6354444026947021]"
F52013,10,19,0.7,"[0.015355993034404491, 1.908374547958374]"
F52013,10,19,0.8,"[0.006955700130561127, 2.182201385498047]"
F52013,10,19,0.9,"[0.01720826382836549, 2.454657793045044]"
F52013,10,19,1.0,"[0.014275647824888438, 2.7275490760803223]"
F52013,10,20,0.01,"[210056.3529723627, 0.027872085571289062]"
F52013,10,20,0.1,"[7656.584237413779, 0.27362918853759766]"
F52013,10,20,0.2,"[0.34398484516793815, 0.5455362796783447]"
F52013,10,20,0.3,"[0.00980402879167741, 0.8171777725219727]"
F52013,10,20,0.4,"[0.007453877134821596, 1.0911355018615723]"
F52013,10,20,0.5,"[0.0102014885042081, 1.3628182411193848]"
F52013,10,20,0.6,"[0.02760344027319661, 1.6343886852264404]"
F52013,10,20,0.7,"[0.015068987610675322, 1.9063096046447754]"
F52013,10,20,0.8,"[0.01478263347473785, 2.1788699626922607]"
F52013,10,20,0.9,"[0.009625634772874037, 2.4508790969848633]"
F52013,10,20,1.0,"[0.010158537748793606, 2.72318696975708]"
F52013,10,21,0.01,"[212629.60783883132, 0.02774190902709961]"
F52013,10,21,0.1,"[7950.005701024196, 0.2729785442352295]"
F52013,10,21,0.2,"[0.35666969281896854, 0.5451028347015381]"
F52013,10,21,0.3,"[0.012270886536953185, 0.8172028064727783]"
F52013,10,21,0.4,"[0.013030279190161309, 1.0912024974822998]"
F52013,10,21,0.5,"[0.012516600173967163, 1.3633806705474854]"
F52013,10,21,0.6,"[0.009455230680487148, 1.6350131034851074]"
F52013,10,21,0.7,"[0.014935021231735846, 1.9072074890136719]"
F52013,10,21,0.8,"[0.012495971989096688, 2.180109739303589]"
F52013,10,21,0.9,"[0.009455258844809578, 2.4532549381256104]"
F52013,10,21,1.0,"[0.014934974420157232, 2.7270424365997314]"
F52013,10,22,0.01,"[860314.5403618183, 0.05399584770202637]"
F52013,10,22,0.1,"[48267.42204390933, 0.3043844699859619]"
F52013,10,22,0.2,"[22.814215919320986, 0.5764803886413574]"
F52013,10,22,0.3,"[0.006035873776795597, 0.8487894535064697]"
F52013,10,22,0.4,"[0.011432778577955105, 1.1232855319976807]"
F52013,10,22,0.5,"[0.009334590645494245, 1.3955516815185547]"
F52013,10,22,0.6,"[0.012319540093244541, 1.6675066947937012]"
F52013,10,22,0.7,"[0.007973802513674855, 1.9406516551971436]"
F52013,10,22,0.8,"[0.01727279409840321, 2.2142493724823]"
F52013,10,22,0.9,"[0.010169667823788586, 2.4879300594329834]"
F52013,10,22,1.0,"[0.011467508384725988, 2.761744499206543]"
F52013,10,23,0.01,"[805526.3013640916, 0.06914162635803223]"
F52013,10,23,0.1,"[42742.98116630547, 0.34736180305480957]"
F52013,10,23,0.2,"[15.436767783133973, 0.6213104724884033]"
F52013,10,23,0.3,"[0.0065301214123110185, 0.8951137065887451]"
F52013,10,23,0.4,"[0.005556578113328214, 1.1704821586608887]"
F52013,10,23,0.5,"[0.01154908482465089, 1.4437592029571533]"
F52013,10,23,0.6,"[0.008823390615930293, 1.717092514038086]"
F52013,10,23,0.7,"[0.0011710092704788622, 1.9910519123077393]"
F52013,10,23,0.8,"[0.0058205164298215095, 2.265084981918335]"
F52013,10,23,0.9,"[0.010642335863622066, 2.540051221847534]"
F52013,10,23,1.0,"[0.007503712400421136, 2.8153557777404785]"
F52013,10,24,0.01,"[259317.47516874017, 0.028154611587524414]"
F52013,10,24,0.1,"[2949.4850889699374, 0.27546072006225586]"
F52013,10,24,0.2,"[0.07740014341788992, 0.5497691631317139]"
F52013,10,24,0.3,"[0.012222887741813793, 0.8234856128692627]"
F52013,10,24,0.4,"[0.01043731662252867, 1.1000089645385742]"
F52013,10,24,0.5,"[0.016722595004807772, 1.374319076538086]"
F52013,10,24,0.6,"[0.009410344506477486, 1.6492204666137695]"
F52013,10,24,0.7,"[0.011952019435057082, 1.9251103401184082]"
F52013,10,24,0.8,"[0.007011049702441596, 2.201261520385742]"
F52013,10,24,0.9,"[0.011599859146485869, 2.476600170135498]"
F52013,10,24,1.0,"[0.008842172355571165, 2.752220869064331]"
F52013,10,25,0.01,"[100668.08176671296, 0.07215666770935059]"
F52013,10,25,0.1,"[490.68407885803475, 0.33431386947631836]"
F52013,10,25,0.2,"[0.007283948567192056, 0.607856035232544]"
F52013,10,25,0.3,"[0.042307096417744106, 0.8816800117492676]"
F52013,10,25,0.4,"[0.013219931610365165, 1.1574180126190186]"
F52013,10,25,0.5,"[0.010790271074597513, 1.4308974742889404]"
F52013,10,25,0.6,"[0.012607548220557874, 1.7041611671447754]"
F52013,10,25,0.7,"[0.011441324143447673, 1.978473424911499]"
F52013,10,25,0.8,"[0.023329776430159654, 2.253466844558716]"
F52013,10,25,0.9,"[0.012066294185615334, 2.5279626846313477]"
F52013,10,25,1.0,"[0.009140569025589684, 2.803147077560425]"
F52013,10,26,0.01,"[521301.20285263244, 0.02809000015258789]"
F52013,10,26,0.1,"[54269.392787837474, 0.2754652500152588]"
F52013,10,26,0.2,"[81.08332818010047, 0.5492575168609619]"
F52013,10,26,0.3,"[0.0059782296331150064, 0.8234360218048096]"
F52013,10,26,0.4,"[0.010811613659484465, 1.0986599922180176]"
F52013,10,26,0.5,"[0.021866471541670762, 1.3732285499572754]"
F52013,10,26,0.6,"[0.02220418082026754, 1.6477978229522705]"
F52013,10,26,0.7,"[0.034829751169695555, 1.923475742340088]"
F52013,10,26,0.8,"[0.009940027627180825, 2.199256181716919]"
F52013,10,26,0.9,"[0.030616340294500333, 2.4744279384613037]"
F52013,10,26,1.0,"[0.010397322164408251, 2.750173330307007]"
F52013,10,27,0.01,"[786532.5542267627, 0.03400921821594238]"
F52013,10,27,0.1,"[120361.69277418753, 0.27890491485595703]"
F52013,10,27,0.2,"[1081.9410494339822, 0.5497915744781494]"
F52013,10,27,0.3,"[0.0935259072516601, 0.8207747936248779]"
F52013,10,27,0.4,"[0.00965034175760593, 1.093909740447998]"
F52013,10,27,0.5,"[0.014966942971682329, 1.3649592399597168]"
F52013,10,27,0.6,"[0.009975200951089391, 1.6360630989074707]"
F52013,10,27,0.7,"[0.012657215278522926, 1.9077458381652832]"
F52013,10,27,0.8,"[0.009294582554616682, 2.17887806892395]"
F52013,10,27,0.9,"[0.006855671567791433, 2.4495949745178223]"
F52013,10,27,1.0,"[0.012656515484763986, 2.7217917442321777]"
F52013,10,28,0.01,"[1225473.0493436726, 0.027957916259765625]"
F52013,10,28,0.1,"[191292.12959732968, 0.2747514247894287]"
F52013,10,28,0.2,"[3540.158778906775, 0.5486147403717041]"
F52013,10,28,0.3,"[0.05354656804308888, 0.8224539756774902]"
F52013,10,28,0.4,"[0.00886100799164069, 1.0975596904754639]"
F52013,10,28,0.5,"[0.008790859783971428, 1.3711044788360596]"
F52013,10,28,0.6,"[0.013416744502023903, 1.6441469192504883]"
F52013,10,28,0.7,"[0.015370926926152606, 1.9176864624023438]"
F52013,10,28,0.8,"[0.013129348565257715, 2.1911118030548096]"
F52013,10,28,0.9,"[0.00998944704144833, 2.4642298221588135]"
F52013,10,28,1.0,"[0.010208437529058756, 2.7388203144073486]"
F52013,10,29,0.01,"[1215724.2009314545, 0.027791738510131836]"
F52013,10,29,0.1,"[252421.25190437748, 0.27222371101379395]"
F52013,10,29,0.2,"[8029.072032384107, 0.5429809093475342]"
F52013,10,29,0.3,"[0.36280789819329584, 0.8144221305847168]"
F52013,10,29,0.4,"[0.005576142407107909, 1.0875658988952637]"
F52013,10,29,0.5,"[0.00383763534011905, 1.3594880104064941]"
F52013,10,29,0.6,"[0.00791536323413311, 1.6312007904052734]"
F52013,10,29,0.7,"[0.004072813909488104, 1.9033410549163818]"
F52013,10,29,0.8,"[0.010945761007292276, 2.1759071350097656]"
F52013,10,29,0.9,"[0.007810951893247875, 2.4475269317626953]"
F52013,10,29,1.0,"[0.01170137899225665, 2.71960711479187]"
F52013,10,30,0.01,"[107595.6693006439, 0.027855634689331055]"
F52013,10,30,0.1,"[632.7257021837314, 0.2730543613433838]"
F52013,10,30,0.2,"[0.007683404841145602, 0.5455904006958008]"
F52013,10,30,0.3,"[0.008922611886418963, 0.8177621364593506]"
F52013,10,30,0.4,"[0.00817037623573924, 1.0910747051239014]"
F52013,10,30,0.5,"[0.006254234962739247, 1.3631582260131836]"
F52013,10,30,0.6,"[0.01551121588067872, 1.635289192199707]"
F52013,10,30,0.7,"[0.015496290362875698, 1.9085392951965332]"
F52013,10,30,0.8,"[0.008157575582572463, 2.181957244873047]"
F52013,10,30,0.9,"[0.016475866319638044, 2.4555277824401855]"
F52013,10,30,1.0,"[0.009532244525303213, 2.7291131019592285]"
F52013,10,31,0.01,"[1059141.5904828527, 0.03343510627746582]"
F52013,10,31,0.1,"[202209.28432851293, 0.32890820503234863]"
F52013,10,31,0.2,"[4590.935397170553, 0.6560487747192383]"
F52013,10,31,0.3,"[0.09497954305913936, 0.9825937747955322]"
F52013,10,31,0.4,"[0.011753535947946148, 1.2637288570404053]"
F52013,10,31,0.5,"[0.027999288509363396, 1.5378570556640625]"
F52013,10,31,0.6,"[0.0579582353745991, 1.8118462562561035]"
F52013,10,31,0.7,"[0.009556311369919968, 2.0864217281341553]"
F52013,10,31,0.8,"[0.021476963016993977, 2.3611695766448975]"
F52013,10,31,0.9,"[0.007296284601920888, 2.63681697845459]"
F52013,10,31,1.0,"[0.00856225639756758, 2.9126570224761963]"
F52013,10,32,0.01,"[54053.17198508243, 0.02806401252746582]"
F52013,10,32,0.1,"[5413.280516761794, 0.27576279640197754]"
F52013,10,32,0.2,"[3.001013334248455, 0.5502791404724121]"
F52013,10,32,0.3,"[0.00976489793208657, 0.8242447376251221]"
F52013,10,32,0.4,"[0.01573578952218213, 1.0992004871368408]"
F52013,10,32,0.5,"[0.01183782100110875, 1.3733651638031006]"
F52013,10,32,0.6,"[0.014198629559132314, 1.6475698947906494]"
F52013,10,32,0.7,"[0.017692282941538906, 1.9228076934814453]"
F52013,10,32,0.8,"[0.004309898412316215, 2.1981565952301025]"
F52013,10,32,0.9,"[0.0018709249110315795, 2.473419189453125]"
F52013,10,32,1.0,"[0.01764125659281035, 2.7489848136901855]"
F52013,10,33,0.01,"[1059420.4557370706, 0.027949810028076172]"
F52013,10,33,0.1,"[73944.99411133878, 0.2745828628540039]"
F52013,10,33,0.2,"[67.26621136841982, 0.5478894710540771]"
F52013,10,33,0.3,"[0.006487192268650688, 0.8212130069732666]"
F52013,10,33,0.4,"[0.012260306523216968, 1.0957441329956055]"
F52013,10,33,0.5,"[0.014264518339246024, 1.3691859245300293]"
F52013,10,33,0.6,"[0.023308144702241407, 1.6427173614501953]"
F52013,10,33,0.7,"[0.009725082762997772, 1.9172630310058594]"
F52013,10,33,0.8,"[0.014217486435427418, 2.192517042160034]"
F52013,10,33,0.9,"[0.031714380541075116, 2.4669859409332275]"
F52013,10,33,1.0,"[0.008715855998048028, 2.741772174835205]"
F52013,10,34,0.01,"[285787.00192001526, 0.027765274047851562]"
F52013,10,34,0.1,"[14025.009036240659, 0.27457737922668457]"
F52013,10,34,0.2,"[19.88504097859743, 0.5485861301422119]"
F52013,10,34,0.3,"[0.033665091468719766, 0.8228745460510254]"
F52013,10,34,0.4,"[0.016642983501469644, 1.0978114604949951]"
F52013,10,34,0.5,"[0.01072902226098904, 1.3779232501983643]"
F52013,10,34,0.6,"[0.007235816487536795, 1.6529653072357178]"
F52013,10,34,0.7,"[0.007620419160389247, 1.9278831481933594]"
F52013,10,34,0.8,"[0.026529102079962286, 2.203599452972412]"
F52013,10,34,0.9,"[0.010204514215502059, 2.478597640991211]"
F52013,10,34,1.0,"[0.021729671370280812, 2.7541677951812744]"
F52013,10,35,0.01,"[42891.94497957858, 0.027519702911376953]"
F52013,10,35,0.1,"[21.752573399967446, 0.27112674713134766]"
F52013,10,35,0.2,"[0.012837103891001789, 0.541994571685791]"
F52013,10,35,0.3,"[0.008281702684939773, 0.813225507736206]"
F52013,10,35,0.4,"[0.05174741156827167, 1.0860109329223633]"
F52013,10,35,0.5,"[0.0025117452671565843, 1.3563401699066162]"
F52013,10,35,0.6,"[0.0207899266995355, 1.6271905899047852]"
F52013,10,35,0.7,"[0.00677957198945478, 1.8979218006134033]"
F52013,10,35,0.8,"[0.008809882098034905, 2.1683716773986816]"
F52013,10,35,0.9,"[0.013430796062152695, 2.438612699508667]"
F52013,10,35,1.0,"[0.014734580445633583, 2.7088875770568848]"
F52013,10,36,0.01,"[1088880.6624695284, 0.027532100677490234]"
F52013,10,36,0.1,"[78193.46353715124, 0.27132654190063477]"
F52013,10,36,0.2,"[77.5297224079884, 0.5421044826507568]"
F52013,10,36,0.3,"[0.0068252905343797465, 0.8130843639373779]"
F52013,10,36,0.4,"[0.01288478044762087, 1.0844979286193848]"
F52013,10,36,0.5,"[0.012016210347837841, 1.3549284934997559]"
F52013,10,36,0.6,"[0.010343213140913576, 1.6253705024719238]"
F52013,10,36,0.7,"[0.013583463764916814, 1.8966386318206787]"
F52013,10,36,0.8,"[0.02541783563503941, 2.168044328689575]"
F52013,10,36,0.9,"[0.011062803107165564, 2.439692258834839]"
F52013,10,36,1.0,"[0.006206912470588577, 2.711852788925171]"
F52013,10,37,0.01,"[696851.797590211, 0.06976151466369629]"
F52013,10,37,0.1,"[75314.08713956484, 0.3277628421783447]"
F52013,10,37,0.2,"[247.0107474093138, 0.5999908447265625]"
F52013,10,37,0.3,"[0.01504019124649858, 0.8722188472747803]"
F52013,10,37,0.4,"[0.009406062609741639, 1.1473321914672852]"
F52013,10,37,0.5,"[0.009304856393441696, 1.4209187030792236]"
F52013,10,37,0.6,"[0.035215482888702354, 1.694605827331543]"
F52013,10,37,0.7,"[0.01398825855847008, 1.9695689678192139]"
F52013,10,37,0.8,"[0.0102174940174109, 2.2440364360809326]"
F52013,10,37,0.9,"[0.00649640910717153, 2.5186665058135986]"
F52013,10,37,1.0,"[0.013958379473933746, 2.7937703132629395]"
F52013,10,38,0.01,"[961344.847620977, 0.05591130256652832]"
F52013,10,38,0.1,"[166444.52474411592, 0.3006937503814697]"
F52013,10,38,0.2,"[2720.4179847725604, 0.5726656913757324]"
F52013,10,38,0.3,"[0.03006087988433137, 0.8446230888366699]"
F52013,10,38,0.4,"[0.01548266511838392, 1.119316816329956]"
F52013,10,38,0.5,"[0.011379413984741404, 1.3906452655792236]"
F52013,10,38,0.6,"[0.024558257254398086, 1.6621620655059814]"
F52013,10,38,0.7,"[0.02671894965260435, 1.9347734451293945]"
F52013,10,38,0.8,"[0.015004638245500246, 2.207712173461914]"
F52013,10,38,0.9,"[0.006606554235304429, 2.480297565460205]"
F52013,10,38,1.0,"[0.015596079191936951, 2.753547191619873]"
F52013,10,39,0.01,"[193645.13805409256, 0.06422615051269531]"
F52013,10,39,0.1,"[3521.165766377959, 0.310945987701416]"
F52013,10,39,0.2,"[0.06568743020159218, 0.5850157737731934]"
F52013,10,39,0.3,"[0.004257708919908509, 0.8591508865356445]"
F52013,10,39,0.4,"[0.014105028779567874, 1.1355607509613037]"
F52013,10,39,0.5,"[0.009153756674663782, 1.4096105098724365]"
F52013,10,39,0.6,"[0.006714409479513961, 1.6834919452667236]"
F52013,10,39,0.7,"[0.012797831352258981, 1.9587337970733643]"
F52013,10,39,0.8,"[0.009153340413035949, 2.2336654663085938]"
F52013,10,39,0.9,"[0.006714281697213664, 2.508481979370117]"
F52013,10,39,1.0,"[0.01279780960487642, 2.7837023735046387]"
F52013,10,40,0.01,"[439168.9402037241, 0.039839744567871094]"
F52013,10,40,0.1,"[13766.282312313195, 0.31998538970947266]"
F52013,10,40,0.2,"[1.2995614535954019, 0.5913541316986084]"
F52013,10,40,0.3,"[0.012292727060639663, 0.8628349304199219]"
F52013,10,40,0.4,"[0.014286431367281693, 1.1367807388305664]"
F52013,10,40,0.5,"[0.01093808311372868, 1.4082667827606201]"
F52013,10,40,0.6,"[0.017261276492263278, 1.6795778274536133]"
F52013,10,40,0.7,"[0.013094125398424694, 1.9522383213043213]"
F52013,10,40,0.8,"[0.007987776251979994, 2.224611759185791]"
F52013,10,40,0.9,"[0.010861370441375584, 2.496931552886963]"
F52013,10,40,1.0,"[0.03204027828905964, 2.7698466777801514]"
F52013,10,41,0.01,"[1140487.8658517075, 0.04060792922973633]"
F52013,10,41,0.1,"[227398.08081528373, 0.32310009002685547]"
F52013,10,41,0.2,"[6218.158119815378, 0.5936689376831055]"
F52013,10,41,0.3,"[0.19228028431382427, 0.8650414943695068]"
F52013,10,41,0.4,"[0.018208036756846013, 1.1381597518920898]"
F52013,10,41,0.5,"[0.010365492864366388, 1.4109840393066406]"
F52013,10,41,0.6,"[0.007654414629996609, 1.6837778091430664]"
F52013,10,41,0.7,"[0.011878586151624404, 1.9569919109344482]"
F52013,10,41,0.8,"[0.01007260155881795, 2.2301485538482666]"
F52013,10,41,0.9,"[0.007633577143565162, 2.503678798675537]"
F52013,10,41,1.0,"[0.011878697430461216, 2.7777609825134277]"
F52013,10,42,0.01,"[150989.76645285307, 0.027647972106933594]"
F52013,10,42,0.1,"[18309.24528972978, 0.27298855781555176]"
F52013,10,42,0.2,"[36.65201556782165, 0.5452902317047119]"
F52013,10,42,0.3,"[0.009829119565210931, 0.817559003829956]"
F52013,10,42,0.4,"[0.012201801915011856, 1.0916416645050049]"
F52013,10,42,0.5,"[0.020630813149296046, 1.3629155158996582]"
F52013,10,42,0.6,"[0.007891328240020812, 1.634671688079834]"
F52013,10,42,0.7,"[0.011939661712972338, 1.9074931144714355]"
F52013,10,42,0.8,"[0.026150794825639423, 2.1802449226379395]"
F52013,10,42,0.9,"[0.011390611958859154, 2.452411651611328]"
F52013,10,42,1.0,"[0.01184733342392974, 2.7253644466400146]"
F52013,10,43,0.01,"[20438.40210937324, 0.055457115173339844]"
F52013,10,43,0.1,"[2333.7795053647806, 0.2975428104400635]"
F52013,10,43,0.2,"[0.02247773178976331, 0.5666882991790771]"
F52013,10,43,0.3,"[0.010034619274961187, 0.8361432552337646]"
F52013,10,43,0.4,"[0.0058279853868725695, 1.106153964996338]"
F52013,10,43,0.5,"[0.008376688210660177, 1.3747451305389404]"
F52013,10,43,0.6,"[0.0090224530811156, 1.6434037685394287]"
F52013,10,43,0.7,"[0.012733194175211793, 1.9124810695648193]"
F52013,10,43,0.8,"[0.00770157005956662, 2.1822774410247803]"
F52013,10,43,0.9,"[0.00859410501811908, 2.452099323272705]"
F52013,10,43,1.0,"[0.027253032405383237, 2.7222962379455566]"
F52013,10,44,0.01,"[1269418.7881492781, 0.027625560760498047]"
F52013,10,44,0.1,"[237278.07428891698, 0.2716808319091797]"
F52013,10,44,0.2,"[6727.6675992151195, 0.5435507297515869]"
F52013,10,44,0.3,"[0.23348450961282197, 0.8153517246246338]"
F52013,10,44,0.4,"[0.009562930094944022, 1.08821702003479]"
F52013,10,44,0.5,"[0.008057510226649356, 1.3591766357421875]"
F52013,10,44,0.6,"[0.01297421993115222, 1.629819631576538]"
F52013,10,44,0.7,"[0.01250845559195568, 1.9008173942565918]"
F52013,10,44,0.8,"[0.0075046357557084775, 2.1724913120269775]"
F52013,10,44,0.9,"[0.015904956242025037, 2.4450693130493164]"
F52013,10,44,1.0,"[0.006752377516136221, 2.7179179191589355]"
F52013,10,45,0.01,"[80098.70383595458, 0.027699947357177734]"
F52013,10,45,0.1,"[2935.5569425576027, 0.27195048332214355]"
F52013,10,45,0.2,"[0.014875246205519943, 0.5436782836914062]"
F52013,10,45,0.3,"[0.012198550478842662, 0.815007209777832]"
F52013,10,45,0.4,"[0.007965235848359953, 1.0880532264709473]"
F52013,10,45,0.5,"[0.010803127570852666, 1.3601388931274414]"
F52013,10,45,0.6,"[0.01165153069553071, 1.633098840713501]"
F52013,10,45,0.7,"[0.013361853920173417, 1.9070532321929932]"
F52013,10,45,0.8,"[0.01557073921344454, 2.1811015605926514]"
F52013,10,45,0.9,"[0.0065127223764420705, 2.45461106300354]"
F52013,10,45,1.0,"[0.00393950734826376, 2.728064775466919]"
F52013,10,46,0.01,"[763950.0419848226, 0.027828216552734375]"
F52013,10,46,0.1,"[37323.17989630834, 0.2734246253967285]"
F52013,10,46,0.2,"[12.197995192697022, 0.5463690757751465]"
F52013,10,46,0.3,"[0.005895930419001161, 0.8192334175109863]"
F52013,10,46,0.4,"[0.005047548155175718, 1.0931649208068848]"
F52013,10,46,0.5,"[0.014166714024781868, 1.3655779361724854]"
F52013,10,46,0.6,"[0.019596418338778676, 1.6381409168243408]"
F52013,10,46,0.7,"[0.01497182361833893, 1.9112088680267334]"
F52013,10,46,0.8,"[0.00844757666334317, 2.185060739517212]"
F52013,10,46,0.9,"[0.00484519399662986, 2.4590234756469727]"
F52013,10,46,1.0,"[0.005888526369517422, 2.7330310344696045]"
F52013,10,47,0.01,"[1297831.9200002165, 0.027958154678344727]"
F52013,10,47,0.1,"[282146.2935217131, 0.27374720573425293]"
F52013,10,47,0.2,"[10625.052574997511, 0.546208381652832]"
F52013,10,47,0.3,"[0.7548877743935236, 0.8185460567474365]"
F52013,10,47,0.4,"[0.005603251896445727, 1.092414379119873]"
F52013,10,47,0.5,"[0.007078938014046798, 1.3648490905761719]"
F52013,10,47,0.6,"[0.0032300178270361357, 1.6371121406555176]"
F52013,10,47,0.7,"[0.010527509267149071, 1.9095492362976074]"
F52013,10,47,0.8,"[0.009370324979045108, 2.1831629276275635]"
F52013,10,47,0.9,"[0.0037652722456869014, 2.456604242324829]"
F52013,10,47,1.0,"[0.02697054778934671, 2.730437994003296]"
F52013,10,48,0.01,"[765130.5887897938, 0.027776241302490234]"
F52013,10,48,0.1,"[73435.33318729262, 0.27519798278808594]"
F52013,10,48,0.2,"[201.3788228367015, 0.5501182079315186]"
F52013,10,48,0.3,"[0.006476560417240762, 0.8248212337493896]"
F52013,10,48,0.4,"[0.02743771230859693, 1.1000053882598877]"
F52013,10,48,0.5,"[0.010780687977216985, 1.3743815422058105]"
F52013,10,48,0.6,"[0.020562530154393244, 1.6488428115844727]"
F52013,10,48,0.7,"[0.011903888477149849, 1.9245171546936035]"
F52013,10,48,0.8,"[0.014352009634080787, 2.200357675552368]"
F52013,10,48,0.9,"[0.012590739403890439, 2.476555347442627]"
F52013,10,48,1.0,"[0.011438016499710102, 2.753000259399414]"
F52013,10,49,0.01,"[1183640.6663553212, 0.027930736541748047]"
F52013,10,49,0.1,"[91793.89340485234, 0.27405309677124023]"
F52013,10,49,0.2,"[117.99214713491381, 0.5470747947692871]"
F52013,10,49,0.3,"[0.014314135464360334, 0.8189995288848877]"
F52013,10,49,0.4,"[0.011351854614645163, 1.0914382934570312]"
F52013,10,49,0.5,"[0.0113617548225875, 1.3638134002685547]"
F52013,10,49,0.6,"[0.028946838285946797, 1.636061191558838]"
F52013,10,49,0.7,"[0.014906213282984027, 1.9088456630706787]"
F52013,10,49,0.8,"[0.023677408064713745, 2.180954694747925]"
F52013,10,49,0.9,"[0.02176992149554735, 2.4547059535980225]"
F52013,10,49,1.0,"[0.009931163748433391, 2.7283859252929688]"
F52013,10,50,0.01,"[63588.98797991778, 0.027582883834838867]"
F52013,10,50,0.1,"[1428.8731435587451, 0.272158145904541]"
F52013,10,50,0.2,"[0.017627767964540908, 0.544231653213501]"
F52013,10,50,0.3,"[0.01318416011588397, 0.815136194229126]"
F52013,10,50,0.4,"[0.004268539182248787, 1.0869340896606445]"
F52013,10,50,0.5,"[0.009598906942187568, 1.3582711219787598]"
F52013,10,50,0.6,"[0.01741053724106223, 1.629434585571289]"
F52013,10,50,0.7,"[0.00907341229890335, 1.900754690170288]"
F52013,10,50,0.8,"[0.014056060945563331, 2.172624111175537]"
F52013,10,50,0.9,"[0.011616797483270602, 2.446028232574463]"
F52013,10,50,1.0,"[0.007895308708157245, 2.718547821044922]"
F52013,30,0,0.01,"[1186980.873188273, 0.07818722724914551]"
F52013,30,0,0.1,"[143678.19432830997, 0.7929279804229736]"
F52013,30,0,0.2,"[309.72978908017603, 1.5728051662445068]"
F52013,30,0,0.3,"[0.011360213631064653, 2.3523752689361572]"
F52013,30,0,0.4,"[0.011622564821891501, 3.135770320892334]"
F52013,30,0,0.5,"[0.015878980252409747, 3.9270617961883545]"
F52013,30,0,0.6,"[0.004294648083032371, 4.704586744308472]"
F52013,30,0,0.7,"[0.012930303682082922, 5.4837446212768555]"
F52013,30,0,0.8,"[0.017579026276621335, 6.262206077575684]"
F52013,30,0,0.9,"[0.012788237220320298, 7.04266095161438]"
F52013,30,0,1.0,"[0.01597052040312974, 7.822715759277344]"
F52013,30,1,0.01,"[1779386.1316023755, 0.09364986419677734]"
F52013,30,1,0.1,"[123348.52162847763, 0.9308006763458252]"
F52013,30,1,0.2,"[59.751244211003836, 1.860673189163208]"
F52013,30,1,0.3,"[0.016187953200528682, 2.7897253036499023]"
F52013,30,1,0.4,"[0.021071014974154423, 3.721515417098999]"
F52013,30,1,0.5,"[0.02619215313904988, 4.652885437011719]"
F52013,30,1,0.6,"[0.012311532110743428, 5.584718465805054]"
F52013,30,1,0.7,"[0.0095978460896049, 6.516695976257324]"
F52013,30,1,0.8,"[0.01663792538852249, 7.448649168014526]"
F52013,30,1,0.9,"[0.011164179329057333, 8.379774332046509]"
F52013,30,1,1.0,"[0.012900068871090298, 9.310252904891968]"
F52013,30,2,0.01,"[197451.8353185378, 0.15955901145935059]"
F52013,30,2,0.1,"[12317.635900203712, 0.9227550029754639]"
F52013,30,2,0.2,"[0.2567416862676737, 1.7099008560180664]"
F52013,30,2,0.3,"[0.013369925247275205, 2.4950406551361084]"
F52013,30,2,0.4,"[0.015940313386977323, 3.279745578765869]"
F52013,30,2,0.5,"[0.016332190218577125, 4.065003395080566]"
F52013,30,2,0.6,"[0.012710309843100731, 4.850979566574097]"
F52013,30,2,0.7,"[0.026800303654795243, 5.63908052444458]"
F52013,30,2,0.8,"[0.028317127466607417, 6.424094915390015]"
F52013,30,2,0.9,"[0.013572033945024486, 7.209131479263306]"
F52013,30,2,1.0,"[0.02030460419712199, 7.993669033050537]"
F52013,30,3,0.01,"[738656.1699267826, 0.09154987335205078]"
F52013,30,3,0.1,"[18719.778571055733, 0.7933681011199951]"
F52013,30,3,0.2,"[0.5155083359770742, 1.5748231410980225]"
F52013,30,3,0.3,"[0.014938661773840067, 2.3555428981781006]"
F52013,30,3,0.4,"[0.034342968913733785, 3.1350972652435303]"
F52013,30,3,0.5,"[0.052294596902356716, 3.914283037185669]"
F52013,30,3,0.6,"[0.010105581730954327, 4.693138599395752]"
F52013,30,3,0.7,"[0.007630766253782895, 5.4730517864227295]"
F52013,30,3,0.8,"[0.006222210993428234, 6.253650188446045]"
F52013,30,3,0.9,"[0.012311011358519863, 7.035529613494873]"
F52013,30,3,1.0,"[0.009400604558777559, 7.816806316375732]"
F52013,30,4,0.01,"[1451764.264553651, 0.07901954650878906]"
F52013,30,4,0.1,"[210525.9720969302, 0.7827236652374268]"
F52013,30,4,0.2,"[1777.4706076431212, 1.5667996406555176]"
F52013,30,4,0.3,"[0.021798296554720764, 2.350484609603882]"
F52013,30,4,0.4,"[0.030209823791096824, 3.134943723678589]"
F52013,30,4,0.5,"[0.009006941264601664, 3.9188902378082275]"
F52013,30,4,0.6,"[0.011526281329111043, 4.702765464782715]"
F52013,30,4,0.7,"[0.01326396209185532, 5.4879820346832275]"
F52013,30,4,0.8,"[0.012580653550912757, 6.272004127502441]"
F52013,30,4,0.9,"[0.011549502340358231, 7.0567567348480225]"
F52013,30,4,1.0,"[0.021237814126493504, 7.842259883880615]"
F52013,30,5,0.01,"[535154.2081693605, 0.07900214195251465]"
F52013,30,5,0.1,"[29294.530740366223, 0.7846827507019043]"
F52013,30,5,0.2,"[1.643968456513221, 1.568282127380371]"
F52013,30,5,0.3,"[0.004751396757569637, 2.350216865539551]"
F52013,30,5,0.4,"[0.014110969574289811, 3.1324851512908936]"
F52013,30,5,0.5,"[0.027186397903165016, 3.9145731925964355]"
F52013,30,5,0.6,"[0.02712191031571365, 4.6965107917785645]"
F52013,30,5,0.7,"[0.018037680667134737, 5.481431484222412]"
F52013,30,5,0.8,"[0.012856197688847715, 6.265178918838501]"
F52013,30,5,0.9,"[0.028402109900980577, 7.049408197402954]"
F52013,30,5,1.0,"[0.06000218887277242, 7.83296537399292]"
F52013,30,6,0.01,"[517243.1187038329, 0.07837724685668945]"
F52013,30,6,0.1,"[26423.14433031928, 0.7741653919219971]"
F52013,30,6,0.2,"[1.6665976644161447, 1.548339605331421]"
F52013,30,6,0.3,"[0.014881282434885179, 2.321856737136841]"
F52013,30,6,0.4,"[0.01301409919778962, 3.0946707725524902]"
F52013,30,6,0.5,"[0.010988157382257668, 3.8686561584472656]"
F52013,30,6,0.6,"[0.00877571684918621, 4.643879413604736]"
F52013,30,6,0.7,"[0.008401083662533892, 5.419485807418823]"
F52013,30,6,0.8,"[0.019790511630162655, 6.193499565124512]"
F52013,30,6,0.9,"[0.017654903952688983, 6.970516681671143]"
F52013,30,6,1.0,"[0.01807776722023391, 7.746945858001709]"
F52013,30,7,0.01,"[1172300.0064764041, 0.07826066017150879]"
F52013,30,7,0.1,"[214234.84057289574, 0.774200439453125]"
F52013,30,7,0.2,"[3711.0698755329495, 1.549480676651001]"
F52013,30,7,0.3,"[0.013891432033688034, 2.3258285522460938]"
F52013,30,7,0.4,"[0.015546760625738898, 3.101518154144287]"
F52013,30,7,0.5,"[0.011564711651772086, 3.87823748588562]"
F52013,30,7,0.6,"[0.01015492145177177, 4.653124809265137]"
F52013,30,7,0.7,"[0.0782601952926143, 5.431029319763184]"
F52013,30,7,0.8,"[0.007738699183960307, 6.207744836807251]"
F52013,30,7,0.9,"[0.013219147976997192, 6.985839128494263]"
F52013,30,7,1.0,"[0.009159501372323575, 7.764886856079102]"
F52013,30,8,0.01,"[411411.68107550306, 0.07796096801757812]"
F52013,30,8,0.1,"[19486.673370832064, 0.7727019786834717]"
F52013,30,8,0.2,"[0.43240179996621464, 1.5427956581115723]"
F52013,30,8,0.3,"[0.010195541918051276, 2.3128154277801514]"
F52013,30,8,0.4,"[0.007260395244998108, 3.0837905406951904]"
F52013,30,8,0.5,"[0.013743304182298743, 3.853355646133423]"
F52013,30,8,0.6,"[0.014671807360969069, 4.627005338668823]"
F52013,30,8,0.7,"[0.02906087112944533, 5.399314641952515]"
F52013,30,8,0.8,"[0.014248271207293328, 6.171390771865845]"
F52013,30,8,0.9,"[0.007807841267776894, 6.945443868637085]"
F52013,30,8,1.0,"[0.013777337595684003, 7.720096588134766]"
F52013,30,9,0.01,"[1011901.9444469062, 0.08529186248779297]"
F52013,30,9,0.1,"[86101.87028832473, 0.7823596000671387]"
F52013,30,9,0.2,"[100.88112770246039, 1.557708501815796]"
F52013,30,9,0.3,"[0.022778673748121037, 2.3315980434417725]"
F52013,30,9,0.4,"[0.012565425267325736, 3.1042215824127197]"
F52013,30,9,0.5,"[0.0088417942314436, 3.875782012939453]"
F52013,30,9,0.6,"[0.014043566105215177, 4.646146535873413]"
F52013,30,9,0.7,"[0.012072256932128766, 5.418466806411743]"
F52013,30,9,0.8,"[0.02108686666747417, 6.189671277999878]"
F52013,30,9,0.9,"[0.01257280547110895, 6.961745977401733]"
F52013,30,9,1.0,"[0.01733000264778184, 7.735387802124023]"
F52013,30,10,0.01,"[661429.9009699695, 0.07799839973449707]"
F52013,30,10,0.1,"[41201.96637477165, 0.7735216617584229]"
F52013,30,10,0.2,"[6.874862767253376, 1.5477638244628906]"
F52013,30,10,0.3,"[0.007475242317127595, 2.3211138248443604]"
F52013,30,10,0.4,"[0.009814454214620127, 3.0929579734802246]"
F52013,30,10,0.5,"[0.011313798372952988, 3.8666419982910156]"
F52013,30,10,0.6,"[0.011844175911846833, 4.640552520751953]"
F52013,30,10,0.7,"[0.01099993666548471, 5.4154603481292725]"
F52013,30,10,0.8,"[0.01374443659165081, 6.189179420471191]"
F52013,30,10,0.9,"[0.027332537124834744, 6.962883234024048]"
F52013,30,10,1.0,"[0.008042452398740352, 7.735872030258179]"
F52013,30,11,0.01,"[1139260.8761215596, 0.07816410064697266]"
F52013,30,11,0.1,"[69112.08794162306, 0.7793960571289062]"
F52013,30,11,0.2,"[18.108404671042877, 1.5530364513397217]"
F52013,30,11,0.3,"[0.006166949547377953, 2.3274660110473633]"
F52013,30,11,0.4,"[0.0129555596084856, 3.1016316413879395]"
F52013,30,11,0.5,"[0.01785753759122599, 3.8742642402648926]"
F52013,30,11,0.6,"[0.004744408179021775, 4.646111249923706]"
F52013,30,11,0.7,"[0.013891452486973321, 5.420393943786621]"
F52013,30,11,0.8,"[0.017037725960562966, 6.195185661315918]"
F52013,30,11,0.9,"[0.010198667660915817, 6.969968318939209]"
F52013,30,11,1.0,"[0.004553551083972707, 7.743834733963013]"
F52013,30,12,0.01,"[1341372.764439855, 0.07773637771606445]"
F52013,30,12,0.1,"[198815.6992261142, 0.7703428268432617]"
F52013,30,12,0.2,"[1496.110808996475, 1.5435755252838135]"
F52013,30,12,0.3,"[0.017900234327953513, 2.3139305114746094]"
F52013,30,12,0.4,"[0.012919042875637388, 3.0834879875183105]"
F52013,30,12,0.5,"[0.008459193457952097, 3.853376626968384]"
F52013,30,12,0.6,"[0.028629535321783806, 4.6216206550598145]"
F52013,30,12,0.7,"[0.009716617827848495, 5.391361236572266]"
F52013,30,12,0.8,"[0.020974359461206404, 6.162252187728882]"
F52013,30,12,0.9,"[0.013742621648020759, 6.931740999221802]"
F52013,30,12,1.0,"[0.017912248525590257, 7.701152801513672]"
F52013,30,13,0.01,"[277762.11908064596, 0.07808065414428711]"
F52013,30,13,0.1,"[4286.437304259288, 0.7720997333526611]"
F52013,30,13,0.2,"[0.02353769815169926, 1.544227123260498]"
F52013,30,13,0.3,"[0.013732892406437713, 2.3134429454803467]"
F52013,30,13,0.4,"[0.017540809293450366, 3.082890033721924]"
F52013,30,13,0.5,"[0.015841343316083112, 3.8525707721710205]"
F52013,30,13,0.6,"[0.006624853925700336, 4.6231849193573]"
F52013,30,13,0.7,"[0.014448221054635724, 5.3941969871521]"
F52013,30,13,0.8,"[0.0038425610463264093, 6.164988279342651]"
F52013,30,13,0.9,"[0.12696654956425846, 6.937687158584595]"
F52013,30,13,1.0,"[0.007034819032469386, 7.709498643875122]"
F52013,30,14,0.01,"[1230775.894036119, 0.07796835899353027]"
F52013,30,14,0.1,"[185727.47044146547, 0.7737417221069336]"
F52013,30,14,0.2,"[1783.8268384659427, 1.5458204746246338]"
F52013,30,14,0.3,"[0.009863698979074798, 2.3170204162597656]"
F52013,30,14,0.4,"[0.020335942937776963, 3.085829257965088]"
F52013,30,14,0.5,"[0.015451449936449535, 3.8567731380462646]"
F52013,30,14,0.6,"[0.012253898590074641, 4.628560304641724]"
F52013,30,14,0.7,"[0.010323436305384348, 5.4016735553741455]"
F52013,30,14,0.8,"[0.013997203965118388, 6.1743669509887695]"
F52013,30,14,0.9,"[0.02431571747911221, 6.94693398475647]"
F52013,30,14,1.0,"[0.011142324060188002, 7.720052719116211]"
F52013,30,15,0.01,"[453229.35116065684, 0.0775601863861084]"
F52013,30,15,0.1,"[37038.37463013143, 0.7691531181335449]"
F52013,30,15,0.2,"[49.03862787081505, 1.5409855842590332]"
F52013,30,15,0.3,"[0.018335189791514495, 2.310406446456909]"
F52013,30,15,0.4,"[0.011044795539305596, 3.0814738273620605]"
F52013,30,15,0.5,"[0.011160874854567737, 3.8512191772460938]"
F52013,30,15,0.6,"[0.014509684835843473, 4.618020534515381]"
F52013,30,15,0.7,"[0.015228738523319407, 5.388704776763916]"
F52013,30,15,0.8,"[0.02821440329307734, 6.1592230796813965]"
F52013,30,15,0.9,"[0.015060413726132538, 6.93153977394104]"
F52013,30,15,1.0,"[0.00863024850787042, 7.7035908699035645]"
F52013,30,16,0.01,"[1039927.5570008522, 0.07796525955200195]"
F52013,30,16,0.1,"[136174.47170687985, 0.7749607563018799]"
F52013,30,16,0.2,"[486.29659534522693, 1.552149772644043]"
F52013,30,16,0.3,"[0.015487055344578948, 2.327352523803711]"
F52013,30,16,0.4,"[0.019488583544443827, 3.1009624004364014]"
F52013,30,16,0.5,"[0.007582515708008941, 3.873587131500244]"
F52013,30,16,0.6,"[0.018562117627311636, 4.646563768386841]"
F52013,30,16,0.7,"[0.037925195929005895, 5.42049503326416]"
F52013,30,16,0.8,"[0.02544758158148852, 6.19409704208374]"
F52013,30,16,0.9,"[0.022432349059499757, 6.968457937240601]"
F52013,30,16,1.0,"[0.008380484796475685, 7.742583274841309]"
F52013,30,17,0.01,"[1553896.6281478987, 0.07790684700012207]"
F52013,30,17,0.1,"[212346.112863347, 0.7731664180755615]"
F52013,30,17,0.2,"[2855.167706972215, 1.548058271408081]"
F52013,30,17,0.3,"[0.05329518290125179, 2.323465585708618]"
F52013,30,17,0.4,"[0.018551662338609276, 3.0980756282806396]"
F52013,30,17,0.5,"[0.013715797477289016, 3.8720169067382812]"
F52013,30,17,0.6,"[0.029245009989040227, 4.645084857940674]"
F52013,30,17,0.7,"[0.022883556858232623, 5.419537305831909]"
F52013,30,17,0.8,"[0.007188147542365186, 6.19360876083374]"
F52013,30,17,0.9,"[0.030414859076586254, 6.9690916538238525]"
F52013,30,17,1.0,"[0.010729471109584665, 7.7452392578125]"
F52013,30,18,0.01,"[1615426.903696266, 0.07776856422424316]"
F52013,30,18,0.1,"[273145.8320778526, 0.7719178199768066]"
F52013,30,18,0.2,"[3896.5617460870526, 1.5464136600494385]"
F52013,30,18,0.3,"[0.017430270007253057, 2.320443630218506]"
F52013,30,18,0.4,"[0.0302104574079749, 3.0946710109710693]"
F52013,30,18,0.5,"[0.012950315600960494, 3.866377830505371]"
F52013,30,18,0.6,"[0.007878894255100022, 4.638031005859375]"
F52013,30,18,0.7,"[0.019409624772038114, 5.411534547805786]"
F52013,30,18,0.8,"[0.016082551360455, 6.183887958526611]"
F52013,30,18,0.9,"[0.02186057341407377, 6.9566521644592285]"
F52013,30,18,1.0,"[0.010800990334928429, 7.73048210144043]"
F52013,30,19,0.01,"[1100572.9272095999, 0.07849502563476562]"
F52013,30,19,0.1,"[174235.7612435278, 0.7784256935119629]"
F52013,30,19,0.2,"[1992.696003897908, 1.5567078590393066]"
F52013,30,19,0.3,"[0.009452492847913163, 2.3327739238739014]"
F52013,30,19,0.4,"[0.005309922220817498, 3.1089024543762207]"
F52013,30,19,0.5,"[0.013310694580923155, 3.8859429359436035]"
F52013,30,19,0.6,"[0.006791594951437219, 4.662129878997803]"
F52013,30,19,0.7,"[0.014176219649129962, 5.439540147781372]"
F52013,30,19,0.8,"[0.012923180573579884, 6.217617034912109]"
F52013,30,19,0.9,"[0.010838037330813677, 6.996795892715454]"
F52013,30,19,1.0,"[0.016754522182395704, 7.775817394256592]"
F52013,30,20,0.01,"[1179314.587157107, 0.0782005786895752]"
F52013,30,20,0.1,"[199510.70086051154, 0.7775466442108154]"
F52013,30,20,0.2,"[2980.9151053822893, 1.5523056983947754]"
F52013,30,20,0.3,"[0.011348211793801966, 2.3267712593078613]"
F52013,30,20,0.4,"[0.00740262589761187, 3.101165533065796]"
F52013,30,20,0.5,"[0.02222087943096085, 3.8774967193603516]"
F52013,30,20,0.6,"[0.025639777596438762, 4.652246713638306]"
F52013,30,20,0.7,"[0.010259390306600835, 5.427574396133423]"
F52013,30,20,0.8,"[0.007722706019308134, 6.200944185256958]"
F52013,30,20,0.9,"[0.017541256179015363, 6.9778501987457275]"
F52013,30,20,1.0,"[0.010600205144669417, 7.754394292831421]"
F52013,30,21,0.01,"[743016.3000243743, 0.15524816513061523]"
F52013,30,21,0.1,"[34879.231530668054, 0.9047355651855469]"
F52013,30,21,0.2,"[1.7368537027397224, 1.6791846752166748]"
F52013,30,21,0.3,"[0.031579793739183515, 2.4535796642303467]"
F52013,30,21,0.4,"[0.007926792134298921, 3.2291557788848877]"
F52013,30,21,0.5,"[0.009990870261049167, 4.003978252410889]"
F52013,30,21,0.6,"[0.015453317828018953, 4.778712034225464]"
F52013,30,21,0.7,"[0.007710765624324267, 5.556941270828247]"
F52013,30,21,0.8,"[0.017602148118839978, 6.332084894180298]"
F52013,30,21,0.9,"[0.0036878679035226014, 7.1081788539886475]"
F52013,30,21,1.0,"[0.009546022950758015, 7.885295629501343]"
F52013,30,22,0.01,"[731886.4143973707, 0.07816410064697266]"
F52013,30,22,0.1,"[17279.748947775934, 0.7773380279541016]"
F52013,30,22,0.2,"[0.2782958017680812, 1.550522804260254]"
F52013,30,22,0.3,"[0.01397094480330452, 2.3250274658203125]"
F52013,30,22,0.4,"[0.012781205950091135, 3.0993659496307373]"
F52013,30,22,0.5,"[0.01943980762280262, 3.870157241821289]"
F52013,30,22,0.6,"[0.015506124841635938, 4.6453845500946045]"
F52013,30,22,0.7,"[0.011037269329449373, 5.420580863952637]"
F52013,30,22,0.8,"[0.019637004544392767, 6.193641185760498]"
F52013,30,22,0.9,"[0.011100196649294958, 6.97109580039978]"
F52013,30,22,1.0,"[0.008712841220017253, 7.745989084243774]"
F52013,30,23,0.01,"[364802.88234986714, 0.07880735397338867]"
F52013,30,23,0.1,"[22876.282328759207, 0.784430980682373]"
F52013,30,23,0.2,"[1.6126544841171153, 1.567411184310913]"
F52013,30,23,0.3,"[0.04143469042980996, 2.350963592529297]"
F52013,30,23,0.4,"[0.010361990394585519, 3.1352086067199707]"
F52013,30,23,0.5,"[0.01749974876804572, 3.918703556060791]"
F52013,30,23,0.6,"[0.01878534611489613, 4.703254461288452]"
F52013,30,23,0.7,"[0.011588833807422816, 5.488232135772705]"
F52013,30,23,0.8,"[0.010872450343299533, 6.271775960922241]"
F52013,30,23,0.9,"[0.013146135362603673, 7.057270288467407]"
F52013,30,23,1.0,"[0.021038385008409932, 7.842740058898926]"
F52013,30,24,0.01,"[1093897.3133743498, 0.07901525497436523]"
F52013,30,24,0.1,"[176902.49218971442, 0.7875339984893799]"
F52013,30,24,0.2,"[1550.7227677569479, 1.5747108459472656]"
F52013,30,24,0.3,"[0.01431850661072076, 2.362666606903076]"
F52013,30,24,0.4,"[0.008859876170618008, 3.149724245071411]"
F52013,30,24,0.5,"[0.007220648196152979, 3.9387598037719727]"
F52013,30,24,0.6,"[0.014137316890582952, 4.725615739822388]"
F52013,30,24,0.7,"[0.0071937922936058385, 5.514392852783203]"
F52013,30,24,0.8,"[0.02450169765836563, 6.302438974380493]"
F52013,30,24,0.9,"[0.02979886544846977, 7.091158390045166]"
F52013,30,24,1.0,"[0.0067905598158404246, 7.880181550979614]"
F52013,30,25,0.01,"[797145.0010035288, 0.16826701164245605]"
F52013,30,25,0.1,"[64424.70278569383, 0.8926129341125488]"
F52013,30,25,0.2,"[22.286853590684814, 1.6891765594482422]"
F52013,30,25,0.3,"[0.010964402256718131, 2.4725661277770996]"
F52013,30,25,0.4,"[0.029002070894080134, 3.2557945251464844]"
F52013,30,25,0.5,"[0.014519858097287397, 4.040374994277954]"
F52013,30,25,0.6,"[0.012072581001802973, 4.82518744468689]"
F52013,30,25,0.7,"[0.021621076945280038, 5.611305475234985]"
F52013,30,25,0.8,"[0.017403625679889956, 6.395730257034302]"
F52013,30,25,0.9,"[0.011721966598315703, 7.181389808654785]"
F52013,30,25,1.0,"[0.008946629576826126, 7.966955184936523]"
F52013,30,26,0.01,"[889190.9907519465, 0.23509788513183594]"
F52013,30,26,0.1,"[92588.88473607355, 1.152625322341919]"
F52013,30,26,0.2,"[191.8393702480205, 1.9400184154510498]"
F52013,30,26,0.3,"[0.017474245523544596, 2.727092742919922]"
F52013,30,26,0.4,"[0.015334105468809867, 3.513702392578125]"
F52013,30,26,0.5,"[0.013289688234294772, 4.299004316329956]"
F52013,30,26,0.6,"[0.015203811396077072, 5.083977222442627]"
F52013,30,26,0.7,"[0.015167303760108553, 5.87244987487793]"
F52013,30,26,0.8,"[0.009726891488867295, 6.659971475601196]"
F52013,30,26,0.9,"[0.016468743378027284, 7.446839094161987]"
F52013,30,26,1.0,"[0.012288140349596688, 8.23385214805603]"
F52013,30,27,0.01,"[837613.4585965301, 0.07877898216247559]"
F52013,30,27,0.1,"[72941.34665249102, 0.7834956645965576]"
F52013,30,27,0.2,"[69.20563057175366, 1.566986083984375]"
F52013,30,27,0.3,"[0.01484793162535425, 2.350419759750366]"
F52013,30,27,0.4,"[0.014923297483051101, 3.133798599243164]"
F52013,30,27,0.5,"[0.02073943332845829, 3.9168248176574707]"
F52013,30,27,0.6,"[0.00694368581650906, 4.699882507324219]"
F52013,30,27,0.7,"[0.011312367559185077, 5.485579490661621]"
F52013,30,27,0.8,"[0.016263022241560066, 6.26961874961853]"
F52013,30,27,0.9,"[0.014097815764330335, 7.053922653198242]"
F52013,30,27,1.0,"[0.008844443182624673, 7.836832523345947]"
F52013,30,28,0.01,"[1089712.0911600352, 0.13195538520812988]"
F52013,30,28,0.1,"[74318.20269692143, 0.8379659652709961]"
F52013,30,28,0.2,"[37.2145733970915, 1.6222431659698486]"
F52013,30,28,0.3,"[0.027181826935247955, 2.405416488647461]"
F52013,30,28,0.4,"[0.01634022018708947, 3.1900086402893066]"
F52013,30,28,0.5,"[0.0096764057971086, 3.9726879596710205]"
F52013,30,28,0.6,"[0.012001179422099995, 4.756824493408203]"
F52013,30,28,0.7,"[0.013667228074723425, 5.541456699371338]"
F52013,30,28,0.8,"[0.0151883961382282, 6.324501276016235]"
F52013,30,28,0.9,"[0.014612799344945415, 7.108360528945923]"
F52013,30,28,1.0,"[0.013369671432656105, 7.891641139984131]"
F52013,30,29,0.01,"[979111.9677516189, 0.17015695571899414]"
F52013,30,29,0.1,"[81336.65270936672, 0.8777003288269043]"
F52013,30,29,0.2,"[53.42168667592898, 1.662865400314331]"
F52013,30,29,0.3,"[0.006530183954168933, 2.4463179111480713]"
F52013,30,29,0.4,"[0.011112168582258164, 3.229719638824463]"
F52013,30,29,0.5,"[0.06747426379672561, 4.014455080032349]"
F52013,30,29,0.6,"[0.10302913389159585, 4.799231290817261]"
F52013,30,29,0.7,"[0.011590124108238342, 5.585649251937866]"
F52013,30,29,0.8,"[0.012738494853579141, 6.3708555698394775]"
F52013,30,29,0.9,"[0.020000042038645915, 7.157050371170044]"
F52013,30,29,1.0,"[0.019835346932609355, 7.942101955413818]"
F52013,30,30,0.01,"[571991.471782196, 0.17119932174682617]"
F52013,30,30,0.1,"[37478.844696050444, 1.0092310905456543]"
F52013,30,30,0.2,"[5.1645620765136755, 1.7969517707824707]"
F52013,30,30,0.3,"[0.022513733524078816, 2.582068920135498]"
F52013,30,30,0.4,"[0.013739566299364014, 3.3675267696380615]"
F52013,30,30,0.5,"[0.013064264590070707, 4.1546080112457275]"
F52013,30,30,0.6,"[0.016925965731729775, 4.941996812820435]"
F52013,30,30,0.7,"[0.012362753921365766, 5.730804443359375]"
F52013,30,30,0.8,"[0.015240673925745796, 6.517393112182617]"
F52013,30,30,0.9,"[0.012671527284624062, 7.305533409118652]"
F52013,30,30,1.0,"[0.03786218314508005, 8.093027114868164]"
F52013,30,31,0.01,"[1452175.380858816, 0.17012977600097656]"
F52013,30,31,0.1,"[84573.88595853616, 1.010746717453003]"
F52013,30,31,0.2,"[22.415329356851544, 1.7953860759735107]"
F52013,30,31,0.3,"[0.015121631442639227, 2.5805442333221436]"
F52013,30,31,0.4,"[0.011052160834879032, 3.3797218799591064]"
F52013,30,31,0.5,"[0.021268470273753337, 4.163828611373901]"
F52013,30,31,0.6,"[0.011042315736858654, 4.948620319366455]"
F52013,30,31,0.7,"[0.020121627314551915, 5.736193656921387]"
F52013,30,31,0.8,"[0.029836325510132156, 6.5226051807403564]"
F52013,30,31,0.9,"[0.012398829577705328, 7.308743000030518]"
F52013,30,31,1.0,"[0.008960687600279016, 8.094963073730469]"
F52013,30,32,0.01,"[1085520.9922855697, 0.1770467758178711]"
F52013,30,32,0.1,"[47635.09862173994, 1.0378875732421875]"
F52013,30,32,0.2,"[5.248517131808512, 1.8242661952972412]"
F52013,30,32,0.3,"[0.02112638478251938, 2.60915470123291]"
F52013,30,32,0.4,"[0.016675100982865843, 3.393674373626709]"
F52013,30,32,0.5,"[0.016232656408760704, 4.178906679153442]"
F52013,30,32,0.6,"[0.011620508679470731, 4.963995695114136]"
F52013,30,32,0.7,"[0.00839288731765464, 5.750792503356934]"
F52013,30,32,0.8,"[0.020723458637576186, 6.536905288696289]"
F52013,30,32,0.9,"[0.013977975515444996, 7.324453115463257]"
F52013,30,32,1.0,"[0.00996200981921902, 8.113158226013184]"
F52013,30,33,0.01,"[696269.848278657, 0.17933011054992676]"
F52013,30,33,0.1,"[26720.98530550507, 1.0581276416778564]"
F52013,30,33,0.2,"[1.5849291510143075, 1.834939956665039]"
F52013,30,33,0.3,"[0.01692239507974591, 2.613485336303711]"
F52013,30,33,0.4,"[0.012497247516193966, 3.391327142715454]"
F52013,30,33,0.5,"[0.016338391630029037, 4.170245885848999]"
F52013,30,33,0.6,"[0.019579596970515922, 4.949458837509155]"
F52013,30,33,0.7,"[0.009678170837560174, 5.729023456573486]"
F52013,30,33,0.8,"[0.01626975980093448, 6.508450269699097]"
F52013,30,33,0.9,"[0.012821518744203786, 7.28895378112793]"
F52013,30,33,1.0,"[0.012278257145453608, 8.068765640258789]"
F52013,30,34,0.01,"[561530.8089106225, 0.0780324935913086]"
F52013,30,34,0.1,"[11986.995373035981, 0.7765696048736572]"
F52013,30,34,0.2,"[0.11975580715659362, 1.5770251750946045]"
F52013,30,34,0.3,"[0.011922217101869137, 2.3544888496398926]"
F52013,30,34,0.4,"[0.012494901416630455, 3.130434989929199]"
F52013,30,34,0.5,"[0.016860561902944937, 3.9060347080230713]"
F52013,30,34,0.6,"[0.010217673700367413, 4.682924270629883]"
F52013,30,34,0.7,"[0.009366252748577608, 5.461722373962402]"
F52013,30,34,0.8,"[0.015052521891675497, 6.239791393280029]"
F52013,30,34,0.9,"[0.015790393934821623, 7.019119739532471]"
F52013,30,34,1.0,"[0.005512716980433652, 7.797614336013794]"
F52013,30,35,0.01,"[1504588.5485340385, 0.07890057563781738]"
F52013,30,35,0.1,"[205381.20737476042, 0.7843067646026611]"
F52013,30,35,0.2,"[2509.379778194785, 1.5684058666229248]"
F52013,30,35,0.3,"[0.01670253257020704, 2.386366844177246]"
F52013,30,35,0.4,"[0.008901564163011244, 3.168116569519043]"
F52013,30,35,0.5,"[0.009110013340205114, 3.9501349925994873]"
F52013,30,35,0.6,"[0.01713303988185544, 4.731127977371216]"
F52013,30,35,0.7,"[0.019652378144996874, 5.5140886306762695]"
F52013,30,35,0.8,"[0.015268858924514461, 6.2950599193573]"
F52013,30,35,0.9,"[0.011949260835194764, 7.078366994857788]"
F52013,30,35,1.0,"[0.027376687952028078, 7.861587047576904]"
F52013,30,36,0.01,"[1100068.8245762729, 0.12389206886291504]"
F52013,30,36,0.1,"[143748.28821942818, 0.8434693813323975]"
F52013,30,36,0.2,"[653.8041665579914, 1.6298797130584717]"
F52013,30,36,0.3,"[0.014700893161261774, 2.4159457683563232]"
F52013,30,36,0.4,"[0.013064699994288276, 3.201535224914551]"
F52013,30,36,0.5,"[0.011494561260747105, 3.9876911640167236]"
F52013,30,36,0.6,"[0.012596694450166979, 4.772500514984131]"
F52013,30,36,0.7,"[0.014459344264423635, 5.560380220413208]"
F52013,30,36,0.8,"[0.029293041173559686, 6.346495866775513]"
F52013,30,36,0.9,"[0.03116272369300077, 7.135037422180176]"
F52013,30,36,1.0,"[0.03170053641974846, 7.92169451713562]"
F52013,30,37,0.01,"[810419.4614272821, 0.14899921417236328]"
F52013,30,37,0.1,"[117194.14640703255, 0.8594193458557129]"
F52013,30,37,0.2,"[566.8480045809936, 1.6443700790405273]"
F52013,30,37,0.3,"[0.04406873671780431, 2.429672956466675]"
F52013,30,37,0.4,"[0.027459475740670314, 3.213498830795288]"
F52013,30,37,0.5,"[0.01639503344961213, 3.9991884231567383]"
F52013,30,37,0.6,"[0.014077825837375713, 4.784250974655151]"
F52013,30,37,0.7,"[0.01838213200028349, 5.568889379501343]"
F52013,30,37,0.8,"[0.012222889127656344, 6.3526763916015625]"
F52013,30,37,0.9,"[0.0067751263345599, 7.138959884643555]"
F52013,30,37,1.0,"[0.012859122501936326, 7.924879789352417]"
F52013,30,38,0.01,"[389872.78955642204, 0.07918643951416016]"
F52013,30,38,0.1,"[14336.101361732959, 0.7866017818450928]"
F52013,30,38,0.2,"[0.2842405110970958, 1.5722081661224365]"
F52013,30,38,0.3,"[0.009041986133297542, 2.3567423820495605]"
F52013,30,38,0.4,"[0.00941381640052441, 3.1425180435180664]"
F52013,30,38,0.5,"[0.01617780219908127, 3.9280431270599365]"
F52013,30,38,0.6,"[0.012516578762188146, 4.712751865386963]"
F52013,30,38,0.7,"[0.009595585257102357, 5.4991371631622314]"
F52013,30,38,0.8,"[0.022054827121451126, 6.284493446350098]"
F52013,30,38,0.9,"[0.010041415472073822, 7.0713372230529785]"
F52013,30,38,1.0,"[0.009446736336940376, 7.857872247695923]"
F52013,30,39,0.01,"[539440.6979142415, 0.16237568855285645]"
F52013,30,39,0.1,"[33632.77941966649, 0.9548866748809814]"
F52013,30,39,0.2,"[7.38450918859985, 1.7417383193969727]"
F52013,30,39,0.3,"[0.021183801743063668, 2.5286946296691895]"
F52013,30,39,0.4,"[0.011215505269206005, 3.3135993480682373]"
F52013,30,39,0.5,"[0.009433693037181001, 4.099871873855591]"
F52013,30,39,0.6,"[0.022007589380677928, 4.883053541183472]"
F52013,30,39,0.7,"[0.020819026557774123, 5.669297218322754]"
F52013,30,39,0.8,"[0.010161854463035525, 6.455532550811768]"
F52013,30,39,0.9,"[0.013791737347673916, 7.242846727371216]"
F52013,30,39,1.0,"[0.01691173761525988, 8.028292655944824]"
F52013,30,40,0.01,"[963869.1548800259, 0.23424291610717773]"
F52013,30,40,0.1,"[88962.10542294825, 0.9414703845977783]"
F52013,30,40,0.2,"[56.41200519408778, 1.7156245708465576]"
F52013,30,40,0.3,"[0.011732177780572783, 2.485853433609009]"
F52013,30,40,0.4,"[0.013340451282601862, 3.256021022796631]"
F52013,30,40,0.5,"[0.015130143861028955, 4.026533365249634]"
F52013,30,40,0.6,"[0.025812329179188964, 4.7956931591033936]"
F52013,30,40,0.7,"[0.013984698239823956, 5.567361831665039]"
F52013,30,40,0.8,"[0.017727261507616277, 6.337980270385742]"
F52013,30,40,0.9,"[0.017959858690687724, 7.110136985778809]"
F52013,30,40,1.0,"[0.01842334304024007, 7.881218194961548]"
F52013,30,41,0.01,"[175941.7070564341, 0.14400315284729004]"
F52013,30,41,0.1,"[2058.3461251325984, 0.9364349842071533]"
F52013,30,41,0.2,"[0.013572713587223006, 1.718458890914917]"
F52013,30,41,0.3,"[0.018064147682821385, 2.4994664192199707]"
F52013,30,41,0.4,"[0.00851226687768758, 3.279712438583374]"
F52013,30,41,0.5,"[0.017962067329790443, 4.060655832290649]"
F52013,30,41,0.6,"[0.007808188745912048, 4.842686653137207]"
F52013,30,41,0.7,"[0.011123269642439482, 5.626046657562256]"
F52013,30,41,0.8,"[0.01343549819614509, 6.407686948776245]"
F52013,30,41,0.9,"[0.0112998290115911, 7.190669298171997]"
F52013,30,41,1.0,"[0.011543979572138596, 7.9738640785217285]"
F52013,30,42,0.01,"[833510.9938066344, 0.1486356258392334]"
F52013,30,42,0.1,"[67933.9937485708, 0.9928712844848633]"
F52013,30,42,0.2,"[43.802389958479125, 1.800473928451538]"
F52013,30,42,0.3,"[0.017349367611359412, 2.5802488327026367]"
F52013,30,42,0.4,"[0.01959190816660339, 3.3586244583129883]"
F52013,30,42,0.5,"[0.011416224610684367, 4.138358116149902]"
F52013,30,42,0.6,"[0.011179337055978067, 4.918024301528931]"
F52013,30,42,0.7,"[0.014271944526967673, 5.6991376876831055]"
F52013,30,42,0.8,"[0.012038506550538841, 6.478599309921265]"
F52013,30,42,0.9,"[0.013713016059909933, 7.259009838104248]"
F52013,30,42,1.0,"[0.008041650251698229, 8.039594650268555]"
F52013,30,43,0.01,"[239749.94945974287, 0.15081214904785156]"
F52013,30,43,0.1,"[10997.84344900124, 0.9946656227111816]"
F52013,30,43,0.2,"[0.1666907534230404, 1.7732810974121094]"
F52013,30,43,0.3,"[0.026023520667877165, 2.5508220195770264]"
F52013,30,43,0.4,"[0.02443925011641568, 3.3281803131103516]"
F52013,30,43,0.5,"[0.01023617206669769, 4.1055006980896]"
F52013,30,43,0.6,"[0.01278198205204717, 4.883954763412476]"
F52013,30,43,0.7,"[0.018473555169975953, 5.662860631942749]"
F52013,30,43,0.8,"[0.01737211855663645, 6.440302610397339]"
F52013,30,43,0.9,"[0.008903015057398989, 7.218296051025391]"
F52013,30,43,1.0,"[0.014040732296166425, 7.997007608413696]"
F52013,30,44,0.01,"[1530076.3991757869, 0.15158867835998535]"
F52013,30,44,0.1,"[82171.87293450687, 1.0081324577331543]"
F52013,30,44,0.2,"[16.96288458348897, 1.7879900932312012]"
F52013,30,44,0.3,"[0.03148037611924792, 2.566436767578125]"
F52013,30,44,0.4,"[0.10027439311591024, 3.34570050239563]"
F52013,30,44,0.5,"[0.014317593758505609, 4.123941659927368]"
F52013,30,44,0.6,"[0.018965200181014552, 4.902381896972656]"
F52013,30,44,0.7,"[0.013472228137629827, 5.682596683502197]"
F52013,30,44,0.8,"[0.025855664316395632, 6.461367130279541]"
F52013,30,44,0.9,"[0.024025207375530044, 7.241537809371948]"
F52013,30,44,1.0,"[0.009514799540966123, 8.021932125091553]"
F52013,30,45,0.01,"[776502.8873549687, 0.1549675464630127]"
F52013,30,45,0.1,"[94854.92016697628, 1.0531041622161865]"
F52013,30,45,0.2,"[212.5110065020408, 1.832606315612793]"
F52013,30,45,0.3,"[0.031063500904792818, 2.6112332344055176]"
F52013,30,45,0.4,"[0.012775209988376446, 3.389484405517578]"
F52013,30,45,0.5,"[0.04154199434731254, 4.167421579360962]"
F52013,30,45,0.6,"[0.030392725277465615, 4.945490121841431]"
F52013,30,45,0.7,"[0.020702901172626298, 5.726061820983887]"
F52013,30,45,0.8,"[0.013110619937492629, 6.504149675369263]"
F52013,30,45,0.9,"[0.020918617653933325, 7.284862518310547]"
F52013,30,45,1.0,"[0.012491986974737301, 8.06551480293274]"
F52013,30,46,0.01,"[644606.961810049, 0.23288488388061523]"
F52013,30,46,0.1,"[17908.51008027194, 1.1299281120300293]"
F52013,30,46,0.2,"[0.3521608345513414, 1.9095828533172607]"
F52013,30,46,0.3,"[0.015262891272868728, 2.6870343685150146]"
F52013,30,46,0.4,"[0.0108967973160361, 3.4656996726989746]"
F52013,30,46,0.5,"[0.013150986373034357, 4.244934558868408]"
F52013,30,46,0.6,"[0.013967651526968439, 5.023224592208862]"
F52013,30,46,0.7,"[0.04115131000571637, 5.801770448684692]"
F52013,30,46,0.8,"[0.011623328545169898, 6.580437183380127]"
F52013,30,46,0.9,"[0.03012922494360737, 7.360159158706665]"
F52013,30,46,1.0,"[0.012487195236644766, 8.139765739440918]"
F52013,30,47,0.01,"[714500.9933619576, 0.165144681930542]"
F52013,30,47,0.1,"[54624.91179413228, 0.8700826168060303]"
F52013,30,47,0.2,"[23.086927056640434, 1.6521103382110596]"
F52013,30,47,0.3,"[0.012423398616874692, 2.4320638179779053]"
F52013,30,47,0.4,"[0.028155341829119607, 3.2118656635284424]"
F52013,30,47,0.5,"[0.0179429029029734, 3.9927022457122803]"
F52013,30,47,0.6,"[0.014043191564155677, 4.772714853286743]"
F52013,30,47,0.7,"[0.013034849044288421, 5.554978609085083]"
F52013,30,47,0.8,"[0.035837242636830524, 6.336174726486206]"
F52013,30,47,0.9,"[0.011150678235821943, 7.1194984912872314]"
F52013,30,47,1.0,"[0.027813200329546817, 7.90161657333374]"
F52013,30,48,0.01,"[189458.45575055454, 0.08389115333557129]"
F52013,30,48,0.1,"[9721.346481621234, 0.7849137783050537]"
F52013,30,48,0.2,"[2.3327488360240523, 1.562586784362793]"
F52013,30,48,0.3,"[0.015095486962309224, 2.33955979347229]"
F52013,30,48,0.4,"[0.012995810031270594, 3.1152307987213135]"
F52013,30,48,0.5,"[0.02763780829843654, 3.904143810272217]"
F52013,30,48,0.6,"[0.004984547960475538, 4.680705785751343]"
F52013,30,48,0.7,"[0.013842842520148224, 5.458625078201294]"
F52013,30,48,0.8,"[0.008590348606958287, 6.235502481460571]"
F52013,30,48,0.9,"[0.024033991836290625, 7.014196395874023]"
F52013,30,48,1.0,"[0.013525120454460193, 7.790403366088867]"
F52013,30,49,0.01,"[776599.845835312, 0.07772254943847656]"
F52013,30,49,0.1,"[79797.34300504203, 0.772050142288208]"
F52013,30,49,0.2,"[115.79194500273923, 1.544210433959961]"
F52013,30,49,0.3,"[0.012704316069402921, 2.3916659355163574]"
F52013,30,49,0.4,"[0.027161748938169694, 3.3117003440856934]"
F52013,30,49,0.5,"[0.01028459608301091, 4.2310309410095215]"
F52013,30,49,0.6,"[0.014206361448941607, 5.0187413692474365]"
F52013,30,49,0.7,"[0.009336779473073875, 5.939404010772705]"
F52013,30,49,0.8,"[0.007693013720881936, 6.7746593952178955]"
F52013,30,49,0.9,"[0.025423203239142822, 7.697044372558594]"
F52013,30,49,1.0,"[0.0028036277271894505, 8.62171983718872]"
F52013,30,50,0.01,"[415934.08855458605, 0.07909941673278809]"
F52013,30,50,0.1,"[9072.910248270256, 0.784095048904419]"
F52013,30,50,0.2,"[0.07029745492320671, 1.5678536891937256]"
F52013,30,50,0.3,"[0.01447174730799361, 2.3630571365356445]"
F52013,30,50,0.4,"[0.01064482602203043, 3.167220115661621]"
F52013,30,50,0.5,"[0.009987582465100786, 3.9491004943847656]"
F52013,30,50,0.6,"[0.013177078559237998, 4.73116660118103]"
F52013,30,50,0.7,"[0.011766975927685053, 5.515137434005737]"
F52013,30,50,0.8,"[0.027122454432856102, 6.298331022262573]"
F52013,30,50,0.9,"[0.014629947597427417, 7.081026792526245]"
F52013,30,50,1.0,"[0.028539959059344255, 7.864802598953247]"
F52013,50,0,0.01,"[631778.6460930821, 0.13533663749694824]"
F52013,50,0,0.1,"[27945.80317530897, 1.3386011123657227]"
F52013,50,0,0.2,"[0.7184141819917613, 2.674135446548462]"
F52013,50,0,0.3,"[0.11584465433759306, 4.010800838470459]"
F52013,50,0,0.4,"[0.008425708739082438, 5.34881067276001]"
F52013,50,0,0.5,"[0.0401960012187601, 6.684712171554565]"
F52013,50,0,0.6,"[0.020881609893194764, 8.01939606666565]"
F52013,50,0,0.7,"[0.008051250747598715, 9.348958492279053]"
F52013,50,0,0.8,"[0.012003914901242752, 10.680904626846313]"
F52013,50,0,0.9,"[0.0342408059356103, 12.01184368133545]"
F52013,50,0,1.0,"[0.009886229018320591, 13.346884489059448]"
F52013,50,1,0.01,"[636004.0697430867, 0.13535332679748535]"
F52013,50,1,0.1,"[17833.224186170883, 1.3395795822143555]"
F52013,50,1,0.2,"[0.2500744631776115, 2.6760289669036865]"
F52013,50,1,0.3,"[0.017641488821936946, 4.011250734329224]"
F52013,50,1,0.4,"[0.02948589287905179, 5.348779201507568]"
F52013,50,1,0.5,"[0.014272152097191793, 6.686063051223755]"
F52013,50,1,0.6,"[0.02503384892941085, 8.025582075119019]"
F52013,50,1,0.7,"[0.09915706849778871, 9.363686561584473]"
F52013,50,1,0.8,"[0.014580369426766993, 10.703942060470581]"
F52013,50,1,0.9,"[0.04277326516034918, 12.040959358215332]"
F52013,50,1,1.0,"[0.022474198732766126, 13.378689289093018]"
F52013,50,2,0.01,"[1106629.506309281, 0.13461613655090332]"
F52013,50,2,0.1,"[63992.57840212402, 1.335813045501709]"
F52013,50,2,0.2,"[12.51666574126341, 2.6661410331726074]"
F52013,50,2,0.3,"[0.017953979501839967, 3.9977097511291504]"
F52013,50,2,0.4,"[0.013912072460584568, 5.329766750335693]"
F52013,50,2,0.5,"[0.029814695048571593, 6.659646272659302]"
F52013,50,2,0.6,"[0.013395395403108523, 7.990130662918091]"
F52013,50,2,0.7,"[0.02103720051502478, 9.320888757705688]"
F52013,50,2,0.8,"[0.04571349260720581, 10.654413938522339]"
F52013,50,2,0.9,"[0.037639761449668185, 11.98451828956604]"
F52013,50,2,1.0,"[0.020865657870217547, 13.318898916244507]"
F52013,50,3,0.01,"[2259716.8651355165, 0.1351783275604248]"
F52013,50,3,0.1,"[212231.2013037953, 1.3397557735443115]"
F52013,50,3,0.2,"[322.22252562515246, 2.679248094558716]"
F52013,50,3,0.3,"[0.024348933070086787, 4.016421318054199]"
F52013,50,3,0.4,"[0.010597556997822721, 5.355173826217651]"
F52013,50,3,0.5,"[0.025255070595903817, 6.690553188323975]"
F52013,50,3,0.6,"[0.028347333372153116, 8.027307748794556]"
F52013,50,3,0.7,"[0.012891661466255755, 9.36836838722229]"
F52013,50,3,0.8,"[0.015270414591213921, 10.711334228515625]"
F52013,50,3,0.9,"[0.015669995592702435, 12.0493004322052]"
F52013,50,3,1.0,"[0.007979222606081748, 13.389979839324951]"
F52013,50,4,0.01,"[330423.61492365564, 0.13518691062927246]"
F52013,50,4,0.1,"[3201.047609982324, 1.3409717082977295]"
F52013,50,4,0.2,"[0.05759356450710129, 2.6819353103637695]"
F52013,50,4,0.3,"[0.017832648921853433, 4.021748304367065]"
F52013,50,4,0.4,"[0.011959140831777404, 5.361097812652588]"
F52013,50,4,0.5,"[0.02190526188894637, 6.697263240814209]"
F52013,50,4,0.6,"[0.01353459951349123, 8.037018775939941]"
F52013,50,4,0.7,"[0.013655142579409585, 9.374519348144531]"
F52013,50,4,0.8,"[0.013082367787433213, 10.714531660079956]"
F52013,50,4,0.9,"[0.02034846683386604, 12.053200244903564]"
F52013,50,4,1.0,"[0.029168386645892497, 13.392918109893799]"
F52013,50,5,0.01,"[791719.8062598115, 0.13540053367614746]"
F52013,50,5,0.1,"[41957.11538512085, 1.3426144123077393]"
F52013,50,5,0.2,"[2.533345226655115, 2.684566020965576]"
F52013,50,5,0.3,"[0.010994705255370718, 4.02653169631958]"
F52013,50,5,0.4,"[0.014454157366458276, 5.370216608047485]"
F52013,50,5,0.5,"[0.026897956237917242, 6.712070465087891]"
F52013,50,5,0.6,"[0.023423237143560982, 8.05540418624878]"
F52013,50,5,0.7,"[0.03080151662766184, 9.397047281265259]"
F52013,50,5,0.8,"[0.0162505430970441, 10.740477085113525]"
F52013,50,5,0.9,"[0.011744915719077653, 12.085507154464722]"
F52013,50,5,1.0,"[0.028878948351803047, 13.430691242218018]"
F52013,50,6,0.01,"[1184810.063160314, 0.1351320743560791]"
F52013,50,6,0.1,"[81087.75443971303, 1.337949514389038]"
F52013,50,6,0.2,"[179.8758249414949, 2.674725294113159]"
F52013,50,6,0.3,"[0.010976788293646678, 4.008852481842041]"
F52013,50,6,0.4,"[0.017994255937765047, 5.343292236328125]"
F52013,50,6,0.5,"[0.027304106457222588, 6.675997495651245]"
F52013,50,6,0.6,"[0.022845088907388345, 8.01069688796997]"
F52013,50,6,0.7,"[0.01825082805476086, 9.34764313697815]"
F52013,50,6,0.8,"[0.04387737533750169, 10.68551778793335]"
F52013,50,6,0.9,"[0.023700302417182684, 12.022626399993896]"
F52013,50,6,1.0,"[0.013662821667821845, 13.36121678352356]"
F52013,50,7,0.01,"[593713.3982037959, 0.13506650924682617]"
F52013,50,7,0.1,"[25415.788662230152, 1.337416410446167]"
F52013,50,7,0.2,"[0.7186014785783073, 2.6746609210968018]"
F52013,50,7,0.3,"[0.010605155306620873, 4.008675813674927]"
F52013,50,7,0.4,"[0.019032990006735417, 5.344719171524048]"
F52013,50,7,0.5,"[0.014494765019776423, 6.680750131607056]"
F52013,50,7,0.6,"[0.01064734002500245, 8.01911997795105]"
F52013,50,7,0.7,"[0.0212726199079043, 9.35652756690979]"
F52013,50,7,0.8,"[0.014699140246875686, 10.696142673492432]"
F52013,50,7,0.9,"[0.021061345111093033, 12.034570455551147]"
F52013,50,7,1.0,"[0.020845674516408508, 13.373658895492554]"
F52013,50,8,0.01,"[596925.0923006313, 0.13495182991027832]"
F52013,50,8,0.1,"[8524.545088198174, 1.3396987915039062]"
F52013,50,8,0.2,"[0.039977822088189896, 2.6795873641967773]"
F52013,50,8,0.3,"[0.010719594498254992, 4.017731189727783]"
F52013,50,8,0.4,"[0.016456150486305887, 5.356740951538086]"
F52013,50,8,0.5,"[0.05441250629951355, 6.693352937698364]"
F52013,50,8,0.6,"[0.05006325929241484, 8.035587072372437]"
F52013,50,8,0.7,"[0.03303938338285661, 9.374553680419922]"
F52013,50,8,0.8,"[0.010378945038951315, 10.714945316314697]"
F52013,50,8,0.9,"[0.01216801391547051, 12.053386211395264]"
F52013,50,8,1.0,"[0.0506233672253984, 13.394009113311768]"
F52013,50,9,0.01,"[634266.8906139156, 0.1352682113647461]"
F52013,50,9,0.1,"[19761.954188866446, 1.340291976928711]"
F52013,50,9,0.2,"[0.4088158815350198, 2.6803512573242188]"
F52013,50,9,0.3,"[0.014495019234800566, 4.019202709197998]"
F52013,50,9,0.4,"[0.014208257942982527, 5.359131574630737]"
F52013,50,9,0.5,"[0.014477871146823418, 6.695742130279541]"
F52013,50,9,0.6,"[0.015213684335435573, 8.033970832824707]"
F52013,50,9,0.7,"[0.013244923854927038, 9.37019944190979]"
F52013,50,9,0.8,"[0.021178189368242784, 10.710021257400513]"
F52013,50,9,0.9,"[0.008787028268102404, 12.04646635055542]"
F52013,50,9,1.0,"[0.1073563238846873, 13.3856840133667]"
F52013,50,10,0.01,"[646819.1375374573, 0.13423514366149902]"
F52013,50,10,0.1,"[14429.301322767704, 1.3295118808746338]"
F52013,50,10,0.2,"[0.07487256392266772, 2.6591691970825195]"
F52013,50,10,0.3,"[0.014254616367111339, 3.9874250888824463]"
F52013,50,10,0.4,"[0.015761851841261887, 5.31701135635376]"
F52013,50,10,0.5,"[0.014364077521918261, 6.6461615562438965]"
F52013,50,10,0.6,"[0.01316969157596759, 7.978209733963013]"
F52013,50,10,0.7,"[0.014168483638172802, 9.30911898612976]"
F52013,50,10,0.8,"[0.013968288024557296, 10.641108989715576]"
F52013,50,10,0.9,"[0.03886425938787852, 11.970113754272461]"
F52013,50,10,1.0,"[0.014269792296317974, 13.302482843399048]"
F52013,50,11,0.01,"[1022549.0874597401, 0.13389801979064941]"
F52013,50,11,0.1,"[57738.72349366232, 1.3289129734039307]"
F52013,50,11,0.2,"[23.760528649233493, 2.6562857627868652]"
F52013,50,11,0.3,"[0.04092379535336477, 3.9831271171569824]"
F52013,50,11,0.4,"[0.008461142497139917, 5.308835983276367]"
F52013,50,11,0.5,"[0.02988275378072558, 6.633351564407349]"
F52013,50,11,0.6,"[0.011098707762698723, 7.961025953292847]"
F52013,50,11,0.7,"[0.022404926173066997, 9.287991285324097]"
F52013,50,11,0.8,"[0.03284551139040559, 10.62063980102539]"
F52013,50,11,0.9,"[0.028685617979817835, 11.948277473449707]"
F52013,50,11,1.0,"[0.013140118776959753, 13.277196645736694]"
F52013,50,12,0.01,"[261109.48263569162, 0.1345505714416504]"
F52013,50,12,0.1,"[13243.210579497909, 1.3353040218353271]"
F52013,50,12,0.2,"[0.27665760632976344, 2.6679418087005615]"
F52013,50,12,0.3,"[0.01802779970330448, 3.9993197917938232]"
F52013,50,12,0.4,"[0.006058896692934468, 5.331507682800293]"
F52013,50,12,0.5,"[0.010739066654082308, 6.661695718765259]"
F52013,50,12,0.6,"[0.05178570541818317, 7.99498724937439]"
F52013,50,12,0.7,"[0.025167743659949338, 9.325908184051514]"
F52013,50,12,0.8,"[0.02501389403232679, 10.658414840698242]"
F52013,50,12,0.9,"[0.04264389784339073, 11.986552000045776]"
F52013,50,12,1.0,"[0.0815164953734211, 13.31957197189331]"
F52013,50,13,0.01,"[1026785.7958587859, 0.13460946083068848]"
F52013,50,13,0.1,"[30225.420574389882, 1.3338689804077148]"
F52013,50,13,0.2,"[0.876482932910676, 2.6672561168670654]"
F52013,50,13,0.3,"[0.012670781481347149, 3.999321937561035]"
F52013,50,13,0.4,"[0.021105955552684463, 5.333352327346802]"
F52013,50,13,0.5,"[0.019183051031291143, 6.664933681488037]"
F52013,50,13,0.6,"[0.05220565994500248, 7.999863386154175]"
F52013,50,13,0.7,"[0.03486055112000486, 9.335124492645264]"
F52013,50,13,0.8,"[0.01657394059611761, 10.671742916107178]"
F52013,50,13,0.9,"[0.015351411561027817, 12.00656509399414]"
F52013,50,13,1.0,"[0.009002690518286727, 13.343311309814453]"
F52013,50,14,0.01,"[1488086.6778059748, 0.13401103019714355]"
F52013,50,14,0.1,"[60525.15565634913, 1.3326363563537598]"
F52013,50,14,0.2,"[3.4105751662322064, 2.667117118835449]"
F52013,50,14,0.3,"[0.009117562597225515, 4.001616954803467]"
F52013,50,14,0.4,"[0.02272319629082631, 5.336925268173218]"
F52013,50,14,0.5,"[0.019032591382938335, 6.669188737869263]"
F52013,50,14,0.6,"[0.013397453101333667, 8.003955364227295]"
F52013,50,14,0.7,"[0.12276347759461714, 9.337772130966187]"
F52013,50,14,0.8,"[0.016784775196583723, 10.671199321746826]"
F52013,50,14,0.9,"[0.01103930190004121, 12.002463102340698]"
F52013,50,14,1.0,"[0.030154957909758195, 13.335706949234009]"
F52013,50,15,0.01,"[424846.243398144, 0.13539505004882812]"
F52013,50,15,0.1,"[6930.771090272109, 1.343458890914917]"
F52013,50,15,0.2,"[0.03919764525210212, 2.6839189529418945]"
F52013,50,15,0.3,"[0.01982789810324448, 4.02569317817688]"
F52013,50,15,0.4,"[0.008912453953598742, 5.368284702301025]"
F52013,50,15,0.5,"[0.010802794895425905, 6.709192276000977]"
F52013,50,15,0.6,"[0.027770675298711467, 8.053578853607178]"
F52013,50,15,0.7,"[0.018091959613911968, 9.396875858306885]"
F52013,50,15,0.8,"[0.02700714786010394, 10.741312980651855]"
F52013,50,15,0.9,"[0.018230749822691905, 12.081695079803467]"
F52013,50,15,1.0,"[0.010555684357200334, 13.425557613372803]"
F52013,50,16,0.01,"[1025648.4519580583, 0.13471317291259766]"
F52013,50,16,0.1,"[70962.27162188657, 1.335629940032959]"
F52013,50,16,0.2,"[19.242182901505657, 2.6684820652008057]"
F52013,50,16,0.3,"[0.0114810293505343, 4.001103162765503]"
F52013,50,16,0.4,"[0.005017745413056218, 5.334130764007568]"
F52013,50,16,0.5,"[0.014733099676391248, 6.665876626968384]"
F52013,50,16,0.6,"[0.03373253012807709, 8.000632047653198]"
F52013,50,16,0.7,"[0.02780919121335046, 9.334166049957275]"
F52013,50,16,0.8,"[0.022904854533635444, 10.669366598129272]"
F52013,50,16,0.9,"[0.013738638564518624, 12.003480672836304]"
F52013,50,16,1.0,"[0.01635286495559285, 13.338939666748047]"
F52013,50,17,0.01,"[757528.9856172671, 0.1354835033416748]"
F52013,50,17,0.1,"[38984.56526038903, 1.337324619293213]"
F52013,50,17,0.2,"[2.623818857498236, 2.673342227935791]"
F52013,50,17,0.3,"[0.057963432617953004, 4.007665395736694]"
F52013,50,17,0.4,"[0.022147471301991573, 5.343122482299805]"
F52013,50,17,0.5,"[0.01802702140503243, 6.675904035568237]"
F52013,50,17,0.6,"[0.01861967496085981, 8.010420799255371]"
F52013,50,17,0.7,"[0.01690099762720365, 9.344684600830078]"
F52013,50,17,0.8,"[0.04104397399817117, 10.68152141571045]"
F52013,50,17,0.9,"[0.007776685992894272, 12.0137460231781]"
F52013,50,17,1.0,"[0.00852275902798283, 13.34992003440857]"
F52013,50,18,0.01,"[424371.4375778771, 0.21189522743225098]"
F52013,50,18,0.1,"[9444.504273964252, 1.4177050590515137]"
F52013,50,18,0.2,"[0.03191265094631035, 2.7595250606536865]"
F52013,50,18,0.3,"[0.011342793283461106, 4.101802587509155]"
F52013,50,18,0.4,"[0.014595793588796369, 5.44320821762085]"
F52013,50,18,0.5,"[0.02734241428106543, 6.783539772033691]"
F52013,50,18,0.6,"[0.01032816131510117, 8.128538131713867]"
F52013,50,18,0.7,"[0.023105777167643282, 9.471282958984375]"
F52013,50,18,0.8,"[0.02129041143507493, 10.81623363494873]"
F52013,50,18,0.9,"[0.01633338913109128, 12.15783405303955]"
F52013,50,18,1.0,"[0.030214557486260674, 13.500947952270508]"
F52013,50,19,0.01,"[488249.9379696448, 0.14778399467468262]"
F52013,50,19,0.1,"[9582.203829062462, 1.347257375717163]"
F52013,50,19,0.2,"[0.05626321671002188, 2.6828503608703613]"
F52013,50,19,0.3,"[0.012540731684111961, 4.017743110656738]"
F52013,50,19,0.4,"[0.01665696826967178, 5.355201959609985]"
F52013,50,19,0.5,"[0.10013476552148859, 6.688251733779907]"
F52013,50,19,0.6,"[0.006628141922533359, 8.024101972579956]"
F52013,50,19,0.7,"[0.02742249926916429, 9.359947681427002]"
F52013,50,19,0.8,"[0.012619293590205416, 10.696304559707642]"
F52013,50,19,0.9,"[0.021677909061168066, 12.033296585083008]"
F52013,50,19,1.0,"[0.024583683691730585, 13.371275424957275]"
F52013,50,20,0.01,"[806563.9025812555, 0.13393354415893555]"
F52013,50,20,0.1,"[25845.56957211949, 1.32792067527771]"
F52013,50,20,0.2,"[0.3604921415172839, 2.6590754985809326]"
F52013,50,20,0.3,"[0.013464299262977875, 3.9869775772094727]"
F52013,50,20,0.4,"[0.010616179097382883, 5.315039396286011]"
F52013,50,20,0.5,"[0.017974989883668968, 6.64138650894165]"
F52013,50,20,0.6,"[0.013329500946042572, 7.967983961105347]"
F52013,50,20,0.7,"[0.016840137452959425, 9.294359922409058]"
F52013,50,20,0.8,"[0.027251198839849167, 10.624452114105225]"
F52013,50,20,0.9,"[0.01923316938109565, 11.95024585723877]"
F52013,50,20,1.0,"[0.01381753381224371, 13.27837610244751]"
F52013,50,21,0.01,"[375315.69728734647, 0.13409829139709473]"
F52013,50,21,0.1,"[11414.943245672252, 1.3281149864196777]"
F52013,50,21,0.2,"[0.07163547192465103, 2.6551194190979004]"
F52013,50,21,0.3,"[0.02509726904429499, 3.979696273803711]"
F52013,50,21,0.4,"[0.010017814640605138, 5.303912401199341]"
F52013,50,21,0.5,"[0.00686763703674842, 6.628883361816406]"
F52013,50,21,0.6,"[0.006653953523823475, 7.956592798233032]"
F52013,50,21,0.7,"[0.011952466698858188, 9.283737421035767]"
F52013,50,21,0.8,"[0.009934157529301046, 10.611818552017212]"
F52013,50,21,0.9,"[0.007572343906758761, 11.937280654907227]"
F52013,50,21,1.0,"[0.03214260073502828, 13.264549732208252]"
F52013,50,22,0.01,"[760943.522089805, 0.13526391983032227]"
F52013,50,22,0.1,"[16308.17521193299, 1.3265068531036377]"
F52013,50,22,0.2,"[0.20362671502664398, 2.6487715244293213]"
F52013,50,22,0.3,"[0.05394589078377976, 3.968677282333374]"
F52013,50,22,0.4,"[0.018656199486713376, 5.2897255420684814]"
F52013,50,22,0.5,"[0.010839570542771071, 6.606506586074829]"
F52013,50,22,0.6,"[0.01087893474016255, 7.928501844406128]"
F52013,50,22,0.7,"[0.009574110946573455, 9.249675273895264]"
F52013,50,22,0.8,"[0.02409239663529661, 10.572230577468872]"
F52013,50,22,0.9,"[0.010527161911454641, 11.89318037033081]"
F52013,50,22,1.0,"[0.01674902618140095, 13.216578960418701]"
F52013,50,23,0.01,"[1995219.829159968, 0.13550305366516113]"
F52013,50,23,0.1,"[170894.05190163213, 1.3357768058776855]"
F52013,50,23,0.2,"[170.47801863884342, 2.6664648056030273]"
F52013,50,23,0.3,"[0.035219166294723436, 3.9970462322235107]"
F52013,50,23,0.4,"[0.011730326958740989, 5.32831883430481]"
F52013,50,23,0.5,"[0.022786319341207673, 6.65500283241272]"
F52013,50,23,0.6,"[0.017409799959636985, 7.981823205947876]"
F52013,50,23,0.7,"[0.01377893294977639, 9.311352014541626]"
F52013,50,23,0.8,"[0.01622288783607928, 10.641542434692383]"
F52013,50,23,0.9,"[0.02338819321050778, 11.97158432006836]"
F52013,50,23,1.0,"[0.024730022085691417, 13.303825855255127]"
F52013,50,24,0.01,"[695808.0198584247, 0.15115571022033691]"
F52013,50,24,0.1,"[46026.45464167457, 1.3524906635284424]"
F52013,50,24,0.2,"[43.6066370112851, 2.6838295459747314]"
F52013,50,24,0.3,"[0.009513054945841759, 4.013512134552002]"
F52013,50,24,0.4,"[0.009779729499655332, 5.34382176399231]"
F52013,50,24,0.5,"[0.022159957162557475, 6.673388719558716]"
F52013,50,24,0.6,"[0.021418786559252112, 8.003690242767334]"
F52013,50,24,0.7,"[0.02132319719737552, 9.332715034484863]"
F52013,50,24,0.8,"[0.013155138620504658, 10.662264347076416]"
F52013,50,24,0.9,"[0.020197835829321775, 11.9897301197052]"
F52013,50,24,1.0,"[0.02009410646383003, 13.320008277893066]"
F52013,50,25,0.01,"[983284.4593952439, 0.143629789352417]"
F52013,50,25,0.1,"[43113.43686013336, 1.3469433784484863]"
F52013,50,25,0.2,"[8.842912637512768, 2.6858434677124023]"
F52013,50,25,0.3,"[0.007779600321441649, 4.024412155151367]"
F52013,50,25,0.4,"[0.041478743883999414, 5.363345623016357]"
F52013,50,25,0.5,"[0.01614643027096463, 6.701429843902588]"
F52013,50,25,0.6,"[0.02917727085161914, 8.0408296585083]"
F52013,50,25,0.7,"[0.012993350056035524, 9.378926515579224]"
F52013,50,25,0.8,"[0.039343008287232806, 10.718003511428833]"
F52013,50,25,0.9,"[0.03200142580033116, 12.058328628540039]"
F52013,50,25,1.0,"[0.015069526967181446, 13.399950742721558]"
F52013,50,26,0.01,"[1761187.2014989438, 0.13556861877441406]"
F52013,50,26,0.1,"[112258.12432234373, 1.3427844047546387]"
F52013,50,26,0.2,"[100.39012240500756, 2.6826882362365723]"
F52013,50,26,0.3,"[0.023517079298585486, 4.0198023319244385]"
F52013,50,26,0.4,"[0.06637464458333397, 5.357157230377197]"
F52013,50,26,0.5,"[0.015279287899488736, 6.695421457290649]"
F52013,50,26,0.6,"[0.012772928838103326, 8.037309169769287]"
F52013,50,26,0.7,"[0.056715449636840276, 9.375873565673828]"
F52013,50,26,0.8,"[0.010925747213264003, 10.7144136428833]"
F52013,50,26,0.9,"[0.015576787176769358, 12.052221536636353]"
F52013,50,26,1.0,"[0.01516103921778722, 13.39173412322998]"
F52013,50,27,0.01,"[325865.45732448075, 0.13448071479797363]"
F52013,50,27,0.1,"[3841.8961767324995, 1.3312387466430664]"
F52013,50,27,0.2,"[0.015710932283582224, 2.659287691116333]"
F52013,50,27,0.3,"[0.01672265702848108, 3.985320568084717]"
F52013,50,27,0.4,"[0.012297399240537743, 5.31130576133728]"
F52013,50,27,0.5,"[0.014660413727824562, 6.637073755264282]"
F52013,50,27,0.6,"[0.03397627002175341, 7.9650468826293945]"
F52013,50,27,0.7,"[0.016594509365631893, 9.292143106460571]"
F52013,50,27,0.8,"[0.024315109084341202, 10.620527982711792]"
F52013,50,27,0.9,"[0.014883187869713765, 11.946597337722778]"
F52013,50,27,1.0,"[0.029413493272613778, 13.274876832962036]"
F52013,50,28,0.01,"[592703.9284194554, 0.20088720321655273]"
F52013,50,28,0.1,"[11507.165425490379, 1.3989737033843994]"
F52013,50,28,0.2,"[0.28396723329490214, 2.724820137023926]"
F52013,50,28,0.3,"[0.012813818189783888, 4.051379680633545]"
F52013,50,28,0.4,"[0.022069144566444265, 5.378868579864502]"
F52013,50,28,0.5,"[0.015222575743223388, 6.703261852264404]"
F52013,50,28,0.6,"[0.007896270692526741, 8.031816959381104]"
F52013,50,28,0.7,"[0.04004154122117143, 9.359072923660278]"
F52013,50,28,0.8,"[0.02959145993486345, 10.686761140823364]"
F52013,50,28,0.9,"[0.01428509675542955, 12.014203786849976]"
F52013,50,28,1.0,"[0.06214749192145064, 13.342464208602905]"
F52013,50,29,0.01,"[987664.509491476, 0.13582587242126465]"
F52013,50,29,0.1,"[48692.13866707472, 1.3443934917449951]"
F52013,50,29,0.2,"[3.904488956414866, 2.686969757080078]"
F52013,50,29,0.3,"[0.015965543202128174, 4.027280330657959]"
F52013,50,29,0.4,"[0.008160398942891334, 5.370184898376465]"
F52013,50,29,0.5,"[0.028886509288554407, 6.710033416748047]"
F52013,50,29,0.6,"[0.012434191097440817, 8.051872253417969]"
F52013,50,29,0.7,"[0.1256110387538456, 9.389010429382324]"
F52013,50,29,0.8,"[0.01057944198316818, 10.72682523727417]"
F52013,50,29,0.9,"[0.02505886792596357, 12.063969850540161]"
F52013,50,29,1.0,"[0.010596871693564935, 13.403056383132935]"
F52013,50,30,0.01,"[553884.9868978265, 0.14183831214904785]"
F52013,50,30,0.1,"[18496.879683269875, 1.348372459411621]"
F52013,50,30,0.2,"[0.14502705382790282, 2.6880576610565186]"
F52013,50,30,0.3,"[0.015097632882088874, 4.0285773277282715]"
F52013,50,30,0.4,"[0.05419122588159553, 5.368016719818115]"
F52013,50,30,0.5,"[0.1026276320959596, 6.70390772819519]"
F52013,50,30,0.6,"[0.012121317286300837, 8.044068098068237]"
F52013,50,30,0.7,"[0.014756940681195374, 9.381777048110962]"
F52013,50,30,0.8,"[0.03706946644524578, 10.722634553909302]"
F52013,50,30,0.9,"[0.009703637287088895, 12.059726476669312]"
F52013,50,30,1.0,"[0.01181464390219844, 13.398963689804077]"
F52013,50,31,0.01,"[453838.29398576735, 0.13535094261169434]"
F52013,50,31,0.1,"[5110.933470027655, 1.3381459712982178]"
F52013,50,31,0.2,"[0.04427388911437902, 2.674562931060791]"
F52013,50,31,0.3,"[0.04610578388405884, 4.008706569671631]"
F52013,50,31,0.4,"[0.013086917104942586, 5.345026731491089]"
F52013,50,31,0.5,"[0.00821333938472435, 6.683032035827637]"
F52013,50,31,0.6,"[0.020444064473394974, 8.024121046066284]"
F52013,50,31,0.7,"[0.021077493913708167, 9.364244937896729]"
F52013,50,31,0.8,"[0.008136288022683402, 10.7018883228302]"
F52013,50,31,0.9,"[0.012792544430794806, 12.039644002914429]"
F52013,50,31,1.0,"[0.011888931132489233, 13.378887414932251]"
F52013,50,32,0.01,"[1232260.513163183, 0.13558125495910645]"
F52013,50,32,0.1,"[71040.26995508325, 1.339660882949829]"
F52013,50,32,0.2,"[10.939440422723806, 2.6754541397094727]"
F52013,50,32,0.3,"[0.02085669453185801, 4.008713960647583]"
F52013,50,32,0.4,"[0.015448559405399465, 5.343714475631714]"
F52013,50,32,0.5,"[0.031305034063166204, 6.679423570632935]"
F52013,50,32,0.6,"[0.024851906191884154, 8.016011714935303]"
F52013,50,32,0.7,"[0.08771989945364567, 9.350500583648682]"
F52013,50,32,0.8,"[0.012998400312653757, 10.68626856803894]"
F52013,50,32,0.9,"[0.03281484398723933, 12.020959377288818]"
F52013,50,32,1.0,"[0.010314214627783258, 13.360004425048828]"
F52013,50,33,0.01,"[590717.5313169443, 0.2339465618133545]"
F52013,50,33,0.1,"[13627.453816883504, 1.4335007667541504]"
F52013,50,33,0.2,"[0.1399732626146033, 2.7685487270355225]"
F52013,50,33,0.3,"[0.014518918222165667, 4.103017568588257]"
F52013,50,33,0.4,"[0.02316846266239736, 5.434773206710815]"
F52013,50,33,0.5,"[0.010124526966706071, 6.76495623588562]"
F52013,50,33,0.6,"[0.003991761677070826, 8.099251747131348]"
F52013,50,33,0.7,"[0.011321531455223521, 9.432845115661621]"
F52013,50,33,0.8,"[0.014390829962621865, 10.76765251159668]"
F52013,50,33,0.9,"[0.013519804457700957, 12.103472232818604]"
F52013,50,33,1.0,"[0.021273034087244014, 13.442487239837646]"
F52013,50,34,0.01,"[734064.2962949817, 0.1524500846862793]"
F52013,50,34,0.1,"[20536.23591170792, 1.352827548980713]"
F52013,50,34,0.2,"[0.37714434670840546, 2.684813976287842]"
F52013,50,34,0.3,"[0.044722036489474704, 4.015796184539795]"
F52013,50,34,0.4,"[0.031203953294721032, 5.348782062530518]"
F52013,50,34,0.5,"[0.013617221738172702, 6.679612874984741]"
F52013,50,34,0.6,"[0.015647079660652707, 8.012747287750244]"
F52013,50,34,0.7,"[0.0133215666974138, 9.34557032585144]"
F52013,50,34,0.8,"[0.01699152237506496, 10.678643226623535]"
F52013,50,34,0.9,"[0.01379852153218053, 12.012003421783447]"
F52013,50,34,1.0,"[0.009645206909794979, 13.346504926681519]"
F52013,50,35,0.01,"[198230.33744464515, 0.13572454452514648]"
F52013,50,35,0.1,"[16627.491512249762, 1.343172311782837]"
F52013,50,35,0.2,"[3.817069704441451, 2.681673526763916]"
F52013,50,35,0.3,"[0.017719659470003535, 4.016770362854004]"
F52013,50,35,0.4,"[0.05758583151930452, 5.350360155105591]"
F52013,50,35,0.5,"[0.0055311683006493695, 6.682988405227661]"
F52013,50,35,0.6,"[0.04648215967915803, 8.019877672195435]"
F52013,50,35,0.7,"[0.013054747653427512, 9.356669425964355]"
F52013,50,35,0.8,"[0.01819022100676193, 10.693483352661133]"
F52013,50,35,0.9,"[0.02899571840862336, 12.029036521911621]"
F52013,50,35,1.0,"[0.012380521794284505, 13.366522073745728]"
F52013,50,36,0.01,"[457520.9674554341, 0.1357583999633789]"
F52013,50,36,0.1,"[17871.667943176948, 1.3410191535949707]"
F52013,50,36,0.2,"[0.17445330465216102, 2.681570053100586]"
F52013,50,36,0.3,"[0.018763593703056358, 4.021482229232788]"
F52013,50,36,0.4,"[0.046412286309191586, 5.361742258071899]"
F52013,50,36,0.5,"[0.016318997082862552, 6.69893479347229]"
F52013,50,36,0.6,"[0.016991307226476238, 8.041028261184692]"
F52013,50,36,0.7,"[0.01643575652542495, 9.37984037399292]"
F52013,50,36,0.8,"[0.01467711671455163, 10.72137451171875]"
F52013,50,36,0.9,"[0.016935305846800475, 12.064435243606567]"
F52013,50,36,1.0,"[0.02758832906420139, 13.40820598602295]"
F52013,50,37,0.01,"[1428883.1886627947, 0.24678301811218262]"
F52013,50,37,0.1,"[151625.21995663104, 1.4531137943267822]"
F52013,50,37,0.2,"[244.85847310956626, 2.7918202877044678]"
F52013,50,37,0.3,"[0.011049451946746558, 4.128921031951904]"
F52013,50,37,0.4,"[0.01531614820089544, 5.465667724609375]"
F52013,50,37,0.5,"[0.016506942409819203, 6.798994779586792]"
F52013,50,37,0.6,"[0.028970835729978717, 8.134751558303833]"
F52013,50,37,0.7,"[0.10177515518068958, 9.468305349349976]"
F52013,50,37,0.8,"[0.00937354121606404, 10.805840015411377]"
F52013,50,37,0.9,"[0.018129256252223058, 12.14172625541687]"
F52013,50,37,1.0,"[0.019077366497413095, 13.479286432266235]"
F52013,50,38,0.01,"[2092397.2424169672, 0.13541603088378906]"
F52013,50,38,0.1,"[203823.54074286655, 1.3354437351226807]"
F52013,50,38,0.2,"[314.41316568725165, 2.667264223098755]"
F52013,50,38,0.3,"[0.010067478392102203, 3.99975848197937]"
F52013,50,38,0.4,"[0.022407390394846516, 5.3313374519348145]"
F52013,50,38,0.5,"[0.032895021754370646, 6.6627161502838135]"
F52013,50,38,0.6,"[0.03565603624258529, 7.9942522048950195]"
F52013,50,38,0.7,"[0.01546967089223017, 9.325904607772827]"
F52013,50,38,0.8,"[0.013765916835041025, 10.660617589950562]"
F52013,50,38,0.9,"[0.00961833220810604, 11.993390321731567]"
F52013,50,38,1.0,"[0.013409817681349523, 13.328253746032715]"
F52013,50,39,0.01,"[823346.860762495, 0.16059255599975586]"
F52013,50,39,0.1,"[42271.346352070876, 1.5837328433990479]"
F52013,50,39,0.2,"[26.69223132876141, 3.163721799850464]"
F52013,50,39,0.3,"[0.007488311432780392, 4.7472898960113525]"
F52013,50,39,0.4,"[0.010770457800163058, 6.329837322235107]"
F52013,50,39,0.5,"[0.015172505665418612, 7.911006450653076]"
F52013,50,39,0.6,"[0.012146489506676517, 9.49842357635498]"
F52013,50,39,0.7,"[0.012111885808167244, 11.084338665008545]"
F52013,50,39,0.8,"[0.013440251849374363, 12.670897245407104]"
F52013,50,39,0.9,"[0.008540585396303868, 14.131882429122925]"
F52013,50,39,1.0,"[0.016655106141683973, 15.471587419509888]"
F52013,50,40,0.01,"[1558544.9244367585, 0.1356029510498047]"
F52013,50,40,0.1,"[135607.5133997501, 1.342137336730957]"
F52013,50,40,0.2,"[148.5705816437678, 2.681281805038452]"
F52013,50,40,0.3,"[0.012725213551334491, 4.021221399307251]"
F52013,50,40,0.4,"[0.008064597639190652, 5.359581708908081]"
F52013,50,40,0.5,"[0.01244312992128016, 6.696956157684326]"
F52013,50,40,0.6,"[0.024415822243440743, 8.037782907485962]"
F52013,50,40,0.7,"[0.028216201072950753, 9.377957344055176]"
F52013,50,40,0.8,"[0.026742012692352546, 10.717680931091309]"
F52013,50,40,0.9,"[0.012007647013206224, 12.054863214492798]"
F52013,50,40,1.0,"[0.0285181036421136, 13.394930839538574]"
F52013,50,41,0.01,"[381956.87438616843, 0.15608763694763184]"
F52013,50,41,0.1,"[65590.91163369139, 1.358304738998413]"
F52013,50,41,0.2,"[576.9866446271124, 2.6914236545562744]"
F52013,50,41,0.3,"[0.017588030633646667, 4.024497032165527]"
F52013,50,41,0.4,"[0.06739402444486586, 5.359255790710449]"
F52013,50,41,0.5,"[0.0168671979897681, 6.693782806396484]"
F52013,50,41,0.6,"[0.01646790844313273, 8.029276371002197]"
F52013,50,41,0.7,"[0.012543550196937758, 9.365790605545044]"
F52013,50,41,0.8,"[0.05484506676395995, 10.70218014717102]"
F52013,50,41,0.9,"[0.0035025144504743366, 12.037575721740723]"
F52013,50,41,1.0,"[0.015475797375074762, 13.374575138092041]"
F52013,50,42,0.01,"[258257.52462840258, 0.25240182876586914]"
F52013,50,42,0.1,"[16100.019651715587, 1.4560613632202148]"
F52013,50,42,0.2,"[0.6102983284738457, 2.791778326034546]"
F52013,50,42,0.3,"[0.00855468464601472, 4.124575138092041]"
F52013,50,42,0.4,"[0.019862715619296978, 5.459271192550659]"
F52013,50,42,0.5,"[0.030661159382702863, 6.792917490005493]"
F52013,50,42,0.6,"[0.009868530246990304, 8.130626916885376]"
F52013,50,42,0.7,"[0.013207494160155875, 9.463956117630005]"
F52013,50,42,0.8,"[0.010762679258164098, 10.799136638641357]"
F52013,50,42,0.9,"[0.018460326362060187, 12.13345980644226]"
F52013,50,42,1.0,"[0.006062139305413439, 13.471493482589722]"
F52013,50,43,0.01,"[700347.6125761794, 0.15804362297058105]"
F52013,50,43,0.1,"[23062.86398744662, 1.3489196300506592]"
F52013,50,43,0.2,"[0.25312694934063984, 2.669335126876831]"
F52013,50,43,0.3,"[0.04910040141294303, 3.989833116531372]"
F52013,50,43,0.4,"[0.01426725829685438, 5.311845302581787]"
F52013,50,43,0.5,"[0.010145641097437874, 6.628491640090942]"
F52013,50,43,0.6,"[0.031265010575793895, 7.949730396270752]"
F52013,50,43,0.7,"[0.02904333354024402, 9.267549514770508]"
F52013,50,43,0.8,"[0.01499487616456463, 10.589056730270386]"
F52013,50,43,0.9,"[0.016767490918937256, 11.909803867340088]"
F52013,50,43,1.0,"[0.008597133248940736, 13.232982635498047]"
F52013,50,44,0.01,"[1442159.9539487758, 0.22534751892089844]"
F52013,50,44,0.1,"[126602.45909208569, 1.4255478382110596]"
F52013,50,44,0.2,"[108.89427333524554, 2.755938768386841]"
F52013,50,44,0.3,"[0.027368358351054667, 4.0879807472229]"
F52013,50,44,0.4,"[0.036261414466935094, 5.421345233917236]"
F52013,50,44,0.5,"[0.028158385056713087, 6.750129222869873]"
F52013,50,44,0.6,"[0.026858933932771833, 8.081901550292969]"
F52013,50,44,0.7,"[0.015504896911238575, 9.411858081817627]"
F52013,50,44,0.8,"[0.014338642838424676, 10.74274730682373]"
F52013,50,44,0.9,"[0.10729119752625138, 12.071112871170044]"
F52013,50,44,1.0,"[0.03292178230958598, 13.40176773071289]"
F52013,50,45,0.01,"[1592831.9311829708, 0.13801050186157227]"
F52013,50,45,0.1,"[106972.56149356964, 1.3420214653015137]"
F52013,50,45,0.2,"[38.37824384505177, 2.6807680130004883]"
F52013,50,45,0.3,"[0.014800750187873746, 4.015869855880737]"
F52013,50,45,0.4,"[0.02514713799769197, 5.3548455238342285]"
F52013,50,45,0.5,"[0.012707254678844038, 6.6923463344573975]"
F52013,50,45,0.6,"[0.022958367918363365, 8.031401872634888]"
F52013,50,45,0.7,"[0.025237472424805674, 9.367182493209839]"
F52013,50,45,0.8,"[0.01643451753886893, 10.704412460327148]"
F52013,50,45,0.9,"[0.015522022980007932, 12.039406538009644]"
F52013,50,45,1.0,"[0.03137494273585162, 13.38027024269104]"
F52013,50,46,0.01,"[818672.2844377272, 0.1346888542175293]"
F52013,50,46,0.1,"[20428.87074255336, 1.3331835269927979]"
F52013,50,46,0.2,"[0.23409775844061187, 2.6655805110931396]"
F52013,50,46,0.3,"[0.016102108423410755, 3.998817205429077]"
F52013,50,46,0.4,"[0.019599986716343665, 5.3340232372283936]"
F52013,50,46,0.5,"[0.014227545503445072, 6.664081573486328]"
F52013,50,46,0.6,"[0.011672785325231416, 7.997539758682251]"
F52013,50,46,0.7,"[0.035839400641179964, 9.328813791275024]"
F52013,50,46,0.8,"[0.030584456538349514, 10.662204027175903]"
F52013,50,46,0.9,"[0.03025991975607667, 11.994287967681885]"
F52013,50,46,1.0,"[0.006353611739655207, 13.330629348754883]"
F52013,50,47,0.01,"[377827.4206140435, 0.13529109954833984]"
F52013,50,47,0.1,"[8731.460082448259, 1.339329719543457]"
F52013,50,47,0.2,"[0.028475446132006255, 2.6774401664733887]"
F52013,50,47,0.3,"[0.02851806996659434, 4.0140581130981445]"
F52013,50,47,0.4,"[0.0338927746988702, 5.351691007614136]"
F52013,50,47,0.5,"[0.009420048816764393, 6.686200380325317]"
F52013,50,47,0.6,"[0.03333559844793399, 8.024000406265259]"
F52013,50,47,0.7,"[0.00914061126377419, 9.35843825340271]"
F52013,50,47,0.8,"[0.013211807906714057, 10.695361614227295]"
F52013,50,47,0.9,"[0.08523992669381641, 12.030253410339355]"
F52013,50,47,1.0,"[0.012819780725408236, 13.368218183517456]"
F52013,50,48,0.01,"[377730.8621960174, 0.13440608978271484]"
F52013,50,48,0.1,"[19360.56818627544, 1.3303122520446777]"
F52013,50,48,0.2,"[0.31254808368998965, 2.6584694385528564]"
F52013,50,48,0.3,"[0.015184449115508869, 3.9849984645843506]"
F52013,50,48,0.4,"[0.016144642978247248, 5.315230846405029]"
F52013,50,48,0.5,"[0.012761744572458156, 6.641833543777466]"
F52013,50,48,0.6,"[0.020294764039022084, 7.969062566757202]"
F52013,50,48,0.7,"[0.03042145617746428, 9.293730974197388]"
F52013,50,48,0.8,"[0.013606118711322779, 10.619949340820312]"
F52013,50,48,0.9,"[0.04741686751674479, 11.946539640426636]"
F52013,50,48,1.0,"[0.01744132633962181, 13.275794744491577]"
F52013,50,49,0.01,"[539771.8177624278, 0.13490843772888184]"
F52013,50,49,0.1,"[8711.86695147037, 1.3327398300170898]"
F52013,50,49,0.2,"[0.07200181920654813, 2.6638338565826416]"
F52013,50,49,0.3,"[0.006069411596172358, 3.9930014610290527]"
F52013,50,49,0.4,"[0.021552194461833096, 5.323566913604736]"
F52013,50,49,0.5,"[0.01403048526378825, 6.650188207626343]"
F52013,50,49,0.6,"[0.02969398081847885, 7.979435443878174]"
F52013,50,49,0.7,"[0.018502920500964137, 9.305782318115234]"
F52013,50,49,0.8,"[0.015699901090215462, 10.633422613143921]"
F52013,50,49,0.9,"[0.008896009926047554, 11.960154056549072]"
F52013,50,49,1.0,"[0.010791014101414476, 13.292413473129272]"
F52013,50,50,0.01,"[1025826.0036650393, 0.13486599922180176]"
F52013,50,50,0.1,"[65550.52852191647, 1.3342721462249756]"
F52013,50,50,0.2,"[131.89431974472495, 2.666948080062866]"
F52013,50,50,0.3,"[0.02849357245338524, 3.9991297721862793]"
F52013,50,50,0.4,"[0.013345877534561623, 5.333449840545654]"
F52013,50,50,0.5,"[0.04755574988871558, 6.667440891265869]"
F52013,50,50,0.6,"[0.023729796713155338, 8.003442764282227]"
F52013,50,50,0.7,"[0.017582742975832844, 9.33891224861145]"
F52013,50,50,0.8,"[0.012530016367350072, 10.673841953277588]"
F52013,50,50,0.9,"[0.01212677899764003, 12.010667562484741]"
F52013,50,50,1.0,"[0.01570007885072755, 13.348514795303345]"
