function,dimension,run,checkpoint,error
F172013,10,0,0.01,"[1371.62498586989, 0.05993461608886719]"
F172013,10,0,0.1,"[1371.7743074808654, 0.5882847309112549]"
F172013,10,0,0.2,"[1371.6472445362122, 1.180485486984253]"
F172013,10,0,0.3,"[1371.6452564355882, 1.7657146453857422]"
F172013,10,0,0.4,"[1371.716366352137, 2.350900411605835]"
F172013,10,0,0.5,"[1371.7596022251223, 2.9380393028259277]"
F172013,10,0,0.6,"[1371.695059418211, 3.5262014865875244]"
F172013,10,0,0.7,"[1371.6305902723457, 4.11426043510437]"
F172013,10,0,0.8,"[1371.637069041369, 4.701015949249268]"
F172013,10,0,0.9,"[1371.762681986155, 5.2874836921691895]"
F172013,10,0,1.0,"[1371.6598204836178, 5.8754236698150635]"
F172013,10,1,0.01,"[1859.03331405068, 0.06004619598388672]"
F172013,10,1,0.1,"[1859.1159965759307, 0.5916695594787598]"
F172013,10,1,0.2,"[1859.0638222725083, 1.181678295135498]"
F172013,10,1,0.3,"[1859.0665900846716, 1.8233728408813477]"
F172013,10,1,0.4,"[1859.0482082362696, 2.4899046421051025]"
F172013,10,1,0.5,"[1859.125860522271, 3.082897424697876]"
F172013,10,1,0.6,"[1859.0372688805774, 3.6728529930114746]"
F172013,10,1,0.7,"[1859.065132954589, 4.264368295669556]"
F172013,10,1,0.8,"[1859.188519616855, 4.855494976043701]"
F172013,10,1,0.9,"[1859.1322719647078, 5.540277719497681]"
F172013,10,1,1.0,"[1859.2626588043822, 6.16730523109436]"
F172013,10,2,0.01,"[909.1774216560734, 0.05975675582885742]"
F172013,10,2,0.1,"[909.2055802671084, 0.5897078514099121]"
F172013,10,2,0.2,"[909.1788171096052, 1.1774673461914062]"
F172013,10,2,0.3,"[909.1800229419616, 1.7657177448272705]"
F172013,10,2,0.4,"[909.2138494578901, 2.3540611267089844]"
F172013,10,2,0.5,"[909.2024229772865, 2.944612979888916]"
F172013,10,2,0.6,"[909.2115081742577, 3.5465950965881348]"
F172013,10,2,0.7,"[909.2891160695676, 4.136983394622803]"
F172013,10,2,0.8,"[909.2561955200758, 4.726191520690918]"
F172013,10,2,0.9,"[909.1815939919813, 5.318211317062378]"
F172013,10,2,1.0,"[909.2709844641513, 5.908093690872192]"
F172013,10,3,0.01,"[1006.5166903057388, 0.060201168060302734]"
F172013,10,3,0.1,"[1006.5275185538403, 0.5898127555847168]"
F172013,10,3,0.2,"[1006.5360980913715, 1.1814312934875488]"
F172013,10,3,0.3,"[1006.5382664792332, 1.7666606903076172]"
F172013,10,3,0.4,"[1006.592996672588, 2.353440999984741]"
F172013,10,3,0.5,"[1006.5205159344887, 2.940983772277832]"
F172013,10,3,0.6,"[1006.5803755055299, 3.5293288230895996]"
F172013,10,3,0.7,"[1006.5434170860196, 4.1199986934661865]"
F172013,10,3,0.8,"[1006.5778275739663, 4.7123308181762695]"
F172013,10,3,0.9,"[1006.5227828067877, 5.302208423614502]"
F172013,10,3,1.0,"[1006.6450714575649, 5.9895501136779785]"
F172013,10,4,0.01,"[1623.6742742343386, 0.05977320671081543]"
F172013,10,4,0.1,"[1623.675622444666, 0.5866546630859375]"
F172013,10,4,0.2,"[1623.9097323240806, 1.1743931770324707]"
F172013,10,4,0.3,"[1623.7622179991718, 1.7575948238372803]"
F172013,10,4,0.4,"[1623.7609524518048, 2.3415801525115967]"
F172013,10,4,0.5,"[1623.7172429731165, 2.9266932010650635]"
F172013,10,4,0.6,"[1623.695545747634, 3.5115504264831543]"
F172013,10,4,0.7,"[1623.686704390917, 4.0974531173706055]"
F172013,10,4,0.8,"[1623.7151410850877, 4.683899879455566]"
F172013,10,4,0.9,"[1623.7346890646636, 5.2679853439331055]"
F172013,10,4,1.0,"[1623.677320438214, 5.853018283843994]"
F172013,10,5,0.01,"[839.6805252083284, 0.060004472732543945]"
F172013,10,5,0.1,"[839.7285413994241, 0.5909197330474854]"
F172013,10,5,0.2,"[839.7219849184844, 1.1833772659301758]"
F172013,10,5,0.3,"[839.7508135647754, 1.7713255882263184]"
F172013,10,5,0.4,"[839.6999600524009, 2.3579156398773193]"
F172013,10,5,0.5,"[839.694609339793, 3.047834634780884]"
F172013,10,5,0.6,"[839.7628327537195, 3.6338794231414795]"
F172013,10,5,0.7,"[839.933051367485, 4.233716726303101]"
F172013,10,5,0.8,"[839.7017669212828, 4.833384990692139]"
F172013,10,5,0.9,"[840.0079304607525, 5.497200012207031]"
F172013,10,5,1.0,"[839.7825462782291, 6.108678579330444]"
F172013,10,6,0.01,"[1913.828446127502, 0.0600130558013916]"
F172013,10,6,0.1,"[1913.8927395644241, 0.5892789363861084]"
F172013,10,6,0.2,"[1913.8812676870257, 1.179718255996704]"
F172013,10,6,0.3,"[1913.8526348434539, 1.7654156684875488]"
F172013,10,6,0.4,"[1913.8560047357441, 2.44511079788208]"
F172013,10,6,0.5,"[1914.0020808776167, 3.030993938446045]"
F172013,10,6,0.6,"[1913.8861063377221, 3.6179146766662598]"
F172013,10,6,0.7,"[1913.8518628692354, 4.205106019973755]"
F172013,10,6,0.8,"[1913.865261021061, 4.792359828948975]"
F172013,10,6,0.9,"[1913.843085907156, 5.378750562667847]"
F172013,10,6,1.0,"[1913.8407744185115, 5.965955972671509]"
F172013,10,7,0.01,"[1386.4464996641705, 0.059800148010253906]"
F172013,10,7,0.1,"[1386.4869524179007, 0.5871069431304932]"
F172013,10,7,0.2,"[1386.4705794246577, 1.1993968486785889]"
F172013,10,7,0.3,"[1386.4532578183482, 1.7862093448638916]"
F172013,10,7,0.4,"[1386.4748939993979, 2.3714191913604736]"
F172013,10,7,0.5,"[1386.468881183012, 2.9565086364746094]"
F172013,10,7,0.6,"[1386.5055355389604, 3.5436220169067383]"
F172013,10,7,0.7,"[1386.4566178065904, 4.131321668624878]"
F172013,10,7,0.8,"[1386.5230544693418, 4.718210220336914]"
F172013,10,7,0.9,"[1386.4784894496595, 5.34242844581604]"
F172013,10,7,1.0,"[1386.481012105913, 5.931321144104004]"
F172013,10,8,0.01,"[971.8070919729041, 0.05971169471740723]"
F172013,10,8,0.1,"[971.8179500761253, 0.586911678314209]"
F172013,10,8,0.2,"[971.8869715419328, 1.1756083965301514]"
F172013,10,8,0.3,"[971.9993928891424, 1.7631001472473145]"
F172013,10,8,0.4,"[971.8146399438185, 2.350170612335205]"
F172013,10,8,0.5,"[971.8732204029327, 2.937638282775879]"
F172013,10,8,0.6,"[971.813002787562, 3.5243425369262695]"
F172013,10,8,0.7,"[972.0980099088431, 4.113152980804443]"
F172013,10,8,0.8,"[971.8583381178514, 4.702637434005737]"
F172013,10,8,0.9,"[971.8224814476148, 5.291835069656372]"
F172013,10,8,1.0,"[971.9163539280039, 5.879963636398315]"
F172013,10,9,0.01,"[688.0550817146363, 0.059393882751464844]"
F172013,10,9,0.1,"[688.1991088604839, 0.5841658115386963]"
F172013,10,9,0.2,"[688.0678797089623, 1.4601311683654785]"
F172013,10,9,0.3,"[688.1085293760598, 2.0862317085266113]"
F172013,10,9,0.4,"[688.2203300084701, 2.669064521789551]"
F172013,10,9,0.5,"[688.0769391400892, 3.2518513202667236]"
F172013,10,9,0.6,"[688.1459999516455, 4.136141538619995]"
F172013,10,9,0.7,"[688.0607666779639, 4.719823360443115]"
F172013,10,9,0.8,"[688.1987338824085, 5.304192066192627]"
F172013,10,9,0.9,"[688.2452792891391, 5.989713907241821]"
F172013,10,9,1.0,"[688.1078514773878, 6.573415994644165]"
F172013,10,10,0.01,"[1258.9997192014723, 0.05968046188354492]"
F172013,10,10,0.1,"[1259.0150039671098, 0.5846817493438721]"
F172013,10,10,0.2,"[1259.1047872479537, 1.1701550483703613]"
F172013,10,10,0.3,"[1259.1171233753612, 1.751821517944336]"
F172013,10,10,0.4,"[1259.1275146790936, 2.3740532398223877]"
F172013,10,10,0.5,"[1259.0651959722534, 3.2011313438415527]"
F172013,10,10,0.6,"[1259.0317034068646, 4.069456577301025]"
F172013,10,10,0.7,"[1259.083598469338, 4.6678080558776855]"
F172013,10,10,0.8,"[1259.011417760894, 5.445359468460083]"
F172013,10,10,0.9,"[1259.0384672094294, 6.058746814727783]"
F172013,10,10,1.0,"[1259.0062453476437, 6.641693830490112]"
F172013,10,11,0.01,"[1059.7713856715798, 0.059508562088012695]"
F172013,10,11,0.1,"[1060.1059888926752, 0.5846078395843506]"
F172013,10,11,0.2,"[1059.8412763878187, 1.17201566696167]"
F172013,10,11,0.3,"[1059.7808881636802, 1.7540793418884277]"
F172013,10,11,0.4,"[1059.7833653055673, 2.337676525115967]"
F172013,10,11,0.5,"[1059.7727058749358, 2.9219884872436523]"
F172013,10,11,0.6,"[1059.8025415705824, 3.5087900161743164]"
F172013,10,11,0.7,"[1059.927635926412, 4.095144987106323]"
F172013,10,11,0.8,"[1060.1589296416182, 4.682677745819092]"
F172013,10,11,0.9,"[1059.8125245634349, 5.2690629959106445]"
F172013,10,11,1.0,"[1059.81598995697, 5.8545262813568115]"
F172013,10,12,0.01,"[1851.1320145769196, 0.05965828895568848]"
F172013,10,12,0.1,"[1851.1496240088177, 0.5864200592041016]"
F172013,10,12,0.2,"[1851.5498014220957, 1.171837329864502]"
F172013,10,12,0.3,"[1851.1327673493115, 1.7528505325317383]"
F172013,10,12,0.4,"[1851.2160899289684, 2.3347551822662354]"
F172013,10,12,0.5,"[1851.3407524405966, 2.9174933433532715]"
F172013,10,12,0.6,"[1851.141899911595, 3.499190330505371]"
F172013,10,12,0.7,"[1851.139233059841, 4.082363128662109]"
F172013,10,12,0.8,"[1851.1476541815728, 4.6667540073394775]"
F172013,10,12,0.9,"[1851.1440482883518, 5.252944231033325]"
F172013,10,12,1.0,"[1851.2905187714582, 5.837052822113037]"
F172013,10,13,0.01,"[1199.8971588630613, 0.05965733528137207]"
F172013,10,13,0.1,"[1199.9054786937738, 0.5860772132873535]"
F172013,10,13,0.2,"[1199.9349357538358, 1.174957275390625]"
F172013,10,13,0.3,"[1199.9957262304836, 1.759803295135498]"
F172013,10,13,0.4,"[1200.0085264099491, 2.3463850021362305]"
F172013,10,13,0.5,"[1200.1909490653873, 2.9332077503204346]"
F172013,10,13,0.6,"[1199.9133348964335, 3.5196704864501953]"
F172013,10,13,0.7,"[1200.0771206392014, 4.10774302482605]"
F172013,10,13,0.8,"[1199.9181277993828, 4.69633674621582]"
F172013,10,13,0.9,"[1199.9361443450791, 5.28310489654541]"
F172013,10,13,1.0,"[1200.0797405163842, 5.870426416397095]"
F172013,10,14,0.01,"[965.3334159480764, 0.07173299789428711]"
F172013,10,14,0.1,"[965.4469723937273, 0.7068970203399658]"
F172013,10,14,0.2,"[965.3464277180192, 1.3418080806732178]"
F172013,10,14,0.3,"[965.3389451533371, 1.9286105632781982]"
F172013,10,14,0.4,"[965.4414569418598, 2.516613245010376]"
F172013,10,14,0.5,"[965.3873488758622, 3.107330799102783]"
F172013,10,14,0.6,"[965.4533222303721, 3.6942508220672607]"
F172013,10,14,0.7,"[965.3567188956301, 4.281101226806641]"
F172013,10,14,0.8,"[965.7236076142156, 4.869811534881592]"
F172013,10,14,0.9,"[965.4572308224424, 5.458089828491211]"
F172013,10,14,1.0,"[965.3359882086324, 6.046330213546753]"
F172013,10,15,0.01,"[1248.6904264702341, 0.059920310974121094]"
F172013,10,15,0.1,"[1248.7835405808291, 0.5887060165405273]"
F172013,10,15,0.2,"[1248.7005809022073, 1.1781773567199707]"
F172013,10,15,0.3,"[1248.7096152684303, 1.7658956050872803]"
F172013,10,15,0.4,"[1248.7000045292405, 2.3539106845855713]"
F172013,10,15,0.5,"[1248.7670992163587, 3.0371575355529785]"
F172013,10,15,0.6,"[1248.7016478173937, 3.623626708984375]"
F172013,10,15,0.7,"[1248.7007916673954, 4.213104009628296]"
F172013,10,15,0.8,"[1248.6914498815984, 4.800576686859131]"
F172013,10,15,0.9,"[1249.0111261798538, 5.387600421905518]"
F172013,10,15,1.0,"[1248.716570248465, 5.97526216506958]"
F172013,10,16,0.01,"[1420.7291281848068, 0.05983257293701172]"
F172013,10,16,0.1,"[1420.7566819168146, 0.5851504802703857]"
F172013,10,16,0.2,"[1420.830943597321, 1.171640396118164]"
F172013,10,16,0.3,"[1420.734965845624, 1.7538108825683594]"
F172013,10,16,0.4,"[1420.7674434168973, 2.336791753768921]"
F172013,10,16,0.5,"[1420.736231154642, 2.9204158782958984]"
F172013,10,16,0.6,"[1420.940690644571, 3.505925178527832]"
F172013,10,16,0.7,"[1420.952747281353, 4.090001106262207]"
F172013,10,16,0.8,"[1420.7408669430686, 4.675143241882324]"
F172013,10,16,0.9,"[1420.742649716785, 5.260743618011475]"
F172013,10,16,1.0,"[1420.7425601771513, 5.961836814880371]"
F172013,10,17,0.01,"[577.8666646822595, 0.05953836441040039]"
F172013,10,17,0.1,"[577.8956438296395, 0.5846543312072754]"
F172013,10,17,0.2,"[577.9292072031675, 1.1711602210998535]"
F172013,10,17,0.3,"[577.9206966325305, 1.7553253173828125]"
F172013,10,17,0.4,"[577.8758402499749, 2.3399269580841064]"
F172013,10,17,0.5,"[578.0558885296681, 2.9247875213623047]"
F172013,10,17,0.6,"[577.943869106543, 3.510096788406372]"
F172013,10,17,0.7,"[577.9666184226081, 4.096329689025879]"
F172013,10,17,0.8,"[577.8735606907028, 4.683165073394775]"
F172013,10,17,0.9,"[577.8702806059833, 5.267225503921509]"
F172013,10,17,1.0,"[578.0035723571867, 5.852636098861694]"
F172013,10,18,0.01,"[1169.0243733326076, 0.05933833122253418]"
F172013,10,18,0.1,"[1169.1223641957176, 0.581594705581665]"
F172013,10,18,0.2,"[1169.0416339034555, 1.1632561683654785]"
F172013,10,18,0.3,"[1169.024917586012, 1.7412033081054688]"
F172013,10,18,0.4,"[1169.4002438223367, 2.319596290588379]"
F172013,10,18,0.5,"[1169.0316302834153, 2.8981897830963135]"
F172013,10,18,0.6,"[1169.4480773951313, 3.479203224182129]"
F172013,10,18,0.7,"[1169.1317862868902, 4.060295104980469]"
F172013,10,18,0.8,"[1169.0752970263654, 4.641687393188477]"
F172013,10,18,0.9,"[1169.0315749624442, 5.225104093551636]"
F172013,10,18,1.0,"[1169.0287253692907, 5.805321931838989]"
F172013,10,19,0.01,"[578.0733497680376, 0.05977153778076172]"
F172013,10,19,0.1,"[578.2833742571033, 0.586702823638916]"
F172013,10,19,0.2,"[578.0962262005605, 1.1734716892242432]"
F172013,10,19,0.3,"[578.0759215725367, 1.7583212852478027]"
F172013,10,19,0.4,"[578.1132154398088, 2.3437232971191406]"
F172013,10,19,0.5,"[578.0903106597831, 2.930755138397217]"
F172013,10,19,0.6,"[578.203456724303, 3.5156362056732178]"
F172013,10,19,0.7,"[578.191263325601, 4.102834224700928]"
F172013,10,19,0.8,"[578.156120656503, 4.688947916030884]"
F172013,10,19,0.9,"[578.3226449216946, 5.276916742324829]"
F172013,10,19,1.0,"[578.1350855635606, 5.8639044761657715]"
F172013,10,20,0.01,"[1174.7758034210005, 0.05871129035949707]"
F172013,10,20,0.1,"[1174.7872567904985, 0.5798444747924805]"
F172013,10,20,0.2,"[1174.8994093215347, 1.1662437915802002]"
F172013,10,20,0.3,"[1174.8156495970575, 1.7444922924041748]"
F172013,10,20,0.4,"[1175.0354843181835, 2.324942111968994]"
F172013,10,20,0.5,"[1174.8745417990951, 2.9053735733032227]"
F172013,10,20,0.6,"[1174.790484186384, 3.4833240509033203]"
F172013,10,20,0.7,"[1174.8436938408743, 4.064249753952026]"
F172013,10,20,0.8,"[1174.880554994219, 4.6437766551971436]"
F172013,10,20,0.9,"[1174.8136296136952, 5.226679086685181]"
F172013,10,20,1.0,"[1174.8045312977747, 5.810006141662598]"
F172013,10,21,0.01,"[858.0464357364253, 0.05992555618286133]"
F172013,10,21,0.1,"[858.0785637335061, 0.5867743492126465]"
F172013,10,21,0.2,"[858.2605008006476, 1.17527174949646]"
F172013,10,21,0.3,"[858.0476655098171, 1.7607300281524658]"
F172013,10,21,0.4,"[858.2147868486963, 2.3461380004882812]"
F172013,10,21,0.5,"[858.0592097361059, 2.9325790405273438]"
F172013,10,21,0.6,"[858.0594464623564, 3.5323643684387207]"
F172013,10,21,0.7,"[858.0844173652163, 4.120585680007935]"
F172013,10,21,0.8,"[858.0848107724419, 4.7083234786987305]"
F172013,10,21,0.9,"[858.0514461861098, 5.295360565185547]"
F172013,10,21,1.0,"[858.0995121129249, 5.88489294052124]"
F172013,10,22,0.01,"[1067.5127556318055, 0.05957341194152832]"
F172013,10,22,0.1,"[1067.526740506843, 0.587268590927124]"
F172013,10,22,0.2,"[1067.5344795929432, 1.176309585571289]"
F172013,10,22,0.3,"[1067.51585223344, 1.7612409591674805]"
F172013,10,22,0.4,"[1067.5208081209203, 2.347641944885254]"
F172013,10,22,0.5,"[1067.5405921381946, 2.934715986251831]"
F172013,10,22,0.6,"[1067.52113573758, 3.5225627422332764]"
F172013,10,22,0.7,"[1067.5301093401806, 4.112157344818115]"
F172013,10,22,0.8,"[1067.581378319101, 4.701831817626953]"
F172013,10,22,0.9,"[1067.7719456383704, 5.289715766906738]"
F172013,10,22,1.0,"[1067.5179245383235, 5.877708435058594]"
F172013,10,23,0.01,"[1202.9648191558415, 0.059988975524902344]"
F172013,10,23,0.1,"[1203.089749268698, 0.5904397964477539]"
F172013,10,23,0.2,"[1202.9660351141679, 1.183082103729248]"
F172013,10,23,0.3,"[1202.9832502926777, 1.7703616619110107]"
F172013,10,23,0.4,"[1203.05871275749, 2.53713321685791]"
F172013,10,23,0.5,"[1202.97014192172, 3.139664888381958]"
F172013,10,23,0.6,"[1202.9701569788065, 3.726935625076294]"
F172013,10,23,0.7,"[1203.1553941753984, 4.5944483280181885]"
F172013,10,23,0.8,"[1202.9949491297891, 5.183977842330933]"
F172013,10,23,0.9,"[1203.2333695360885, 5.77588677406311]"
F172013,10,23,1.0,"[1203.18703817413, 6.364333868026733]"
F172013,10,24,0.01,"[1050.1398953301193, 0.05984234809875488]"
F172013,10,24,0.1,"[1050.2085559402583, 0.5895414352416992]"
F172013,10,24,0.2,"[1050.189219581712, 1.1828453540802002]"
F172013,10,24,0.3,"[1050.196365972301, 1.774109125137329]"
F172013,10,24,0.4,"[1050.3373097983324, 2.3646233081817627]"
F172013,10,24,0.5,"[1050.3992162041368, 2.9538381099700928]"
F172013,10,24,0.6,"[1050.2937153254652, 3.5440375804901123]"
F172013,10,24,0.7,"[1050.4565625234604, 4.132472991943359]"
F172013,10,24,0.8,"[1050.2264082822207, 4.72080397605896]"
F172013,10,24,0.9,"[1050.1412235143378, 5.308818578720093]"
F172013,10,24,1.0,"[1050.1931604962417, 5.897922039031982]"
F172013,10,25,0.01,"[1296.8937657841645, 0.0590205192565918]"
F172013,10,25,0.1,"[1297.0283373303678, 0.5858249664306641]"
F172013,10,25,0.2,"[1296.894722618476, 1.1731956005096436]"
F172013,10,25,0.3,"[1297.100756285751, 1.7580344676971436]"
F172013,10,25,0.4,"[1297.034070668105, 2.3420000076293945]"
F172013,10,25,0.5,"[1296.9105256561281, 2.927558660507202]"
F172013,10,25,0.6,"[1296.8975605251164, 3.513361930847168]"
F172013,10,25,0.7,"[1296.9330931538072, 4.10270357131958]"
F172013,10,25,0.8,"[1296.9411275126058, 4.713017225265503]"
F172013,10,25,0.9,"[1296.9690645326746, 5.341034650802612]"
F172013,10,25,1.0,"[1297.0775723460085, 5.945150375366211]"
F172013,10,26,0.01,"[837.598293701376, 0.05933523178100586]"
F172013,10,26,0.1,"[837.6114495013455, 0.5850687026977539]"
F172013,10,26,0.2,"[837.6055312337521, 1.172945499420166]"
F172013,10,26,0.3,"[837.6020340808013, 1.7598860263824463]"
F172013,10,26,0.4,"[837.9318894795606, 2.3457086086273193]"
F172013,10,26,0.5,"[837.6186812182373, 2.9406826496124268]"
F172013,10,26,0.6,"[837.6207530190791, 3.529392719268799]"
F172013,10,26,0.7,"[837.6047312700107, 4.119446039199829]"
F172013,10,26,0.8,"[837.6085837367918, 4.710631370544434]"
F172013,10,26,0.9,"[837.6150015682028, 5.29965615272522]"
F172013,10,26,1.0,"[837.66776962057, 5.888726234436035]"
F172013,10,27,0.01,"[1809.83014448622, 0.05937361717224121]"
F172013,10,27,0.1,"[1809.906802553639, 0.5856215953826904]"
F172013,10,27,0.2,"[1809.8405080019015, 1.1712374687194824]"
F172013,10,27,0.3,"[1810.106547496167, 1.753180980682373]"
F172013,10,27,0.4,"[1809.8482648412373, 2.3355133533477783]"
F172013,10,27,0.5,"[1810.0547655923592, 2.9181408882141113]"
F172013,10,27,0.6,"[1809.8426632856049, 3.5025107860565186]"
F172013,10,27,0.7,"[1809.8442624679242, 4.087184906005859]"
F172013,10,27,0.8,"[1809.9918285265394, 4.672425985336304]"
F172013,10,27,0.9,"[1809.9298422063698, 5.259215831756592]"
F172013,10,27,1.0,"[1809.8402730346183, 5.844575881958008]"
F172013,10,28,0.01,"[770.3981586129551, 0.05963492393493652]"
F172013,10,28,0.1,"[770.4191349476741, 0.587876558303833]"
F172013,10,28,0.2,"[770.6003581210862, 1.177788257598877]"
F172013,10,28,0.3,"[770.4696840864044, 1.776313304901123]"
F172013,10,28,0.4,"[770.4087267083296, 2.364065408706665]"
F172013,10,28,0.5,"[770.4954076148952, 2.96474027633667]"
F172013,10,28,0.6,"[770.4313616610734, 3.5532829761505127]"
F172013,10,28,0.7,"[770.6873344246001, 4.238476514816284]"
F172013,10,28,0.8,"[770.5118314070162, 4.828566789627075]"
F172013,10,28,0.9,"[770.4540311458397, 5.429967164993286]"
F172013,10,28,1.0,"[770.4232199855112, 6.018622159957886]"
F172013,10,29,0.01,"[1441.0496439069998, 0.059179067611694336]"
F172013,10,29,0.1,"[1441.0510033379771, 0.5844240188598633]"
F172013,10,29,0.2,"[1441.0713252765572, 1.171074628829956]"
F172013,10,29,0.3,"[1441.2131562650145, 2.1660561561584473]"
F172013,10,29,0.4,"[1441.0646380894382, 2.7501513957977295]"
F172013,10,29,0.5,"[1441.0576699707708, 3.4010775089263916]"
F172013,10,29,0.6,"[1441.095105702212, 3.984867811203003]"
F172013,10,29,0.7,"[1441.1274065747104, 4.570955753326416]"
F172013,10,29,0.8,"[1441.1948020868424, 5.156748294830322]"
F172013,10,29,0.9,"[1441.1018853253383, 5.743376970291138]"
F172013,10,29,1.0,"[1441.0540751837757, 6.328874826431274]"
F172013,10,30,0.01,"[1165.3998505788818, 0.05935835838317871]"
F172013,10,30,0.1,"[1165.4860421540502, 0.5869510173797607]"
F172013,10,30,0.2,"[1165.5943745076145, 1.1761877536773682]"
F172013,10,30,0.3,"[1165.451038427628, 1.7615976333618164]"
F172013,10,30,0.4,"[1165.7247425402159, 2.3470535278320312]"
F172013,10,30,0.5,"[1165.4156077091811, 2.934363842010498]"
F172013,10,30,0.6,"[1165.4101948767932, 3.5240559577941895]"
F172013,10,30,0.7,"[1165.427533925438, 4.113794565200806]"
F172013,10,30,0.8,"[1165.563394242197, 4.703752040863037]"
F172013,10,30,0.9,"[1165.4163360071761, 5.292289733886719]"
F172013,10,30,1.0,"[1165.6538662233622, 5.88173246383667]"
F172013,10,31,0.01,"[680.8765207604573, 0.05946207046508789]"
F172013,10,31,0.1,"[680.8862954867697, 0.5877804756164551]"
F172013,10,31,0.2,"[680.9169549532281, 1.1796345710754395]"
F172013,10,31,0.3,"[680.888166295616, 1.7677555084228516]"
F172013,10,31,0.4,"[680.9249128706481, 2.369760513305664]"
F172013,10,31,0.5,"[680.9458056953216, 2.9575300216674805]"
F172013,10,31,0.6,"[680.9723874873392, 3.5459070205688477]"
F172013,10,31,0.7,"[681.0500751789259, 4.229612588882446]"
F172013,10,31,0.8,"[680.8816196528437, 4.818488359451294]"
F172013,10,31,0.9,"[680.9589687722812, 5.4114484786987305]"
F172013,10,31,1.0,"[680.9407107174675, 6.000164270401001]"
F172013,10,32,0.01,"[1022.9983997979571, 0.05972790718078613]"
F172013,10,32,0.1,"[1023.0429846568186, 0.5888018608093262]"
F172013,10,32,0.2,"[1023.0649146861529, 1.1807310581207275]"
F172013,10,32,0.3,"[1023.0189641677314, 1.768582820892334]"
F172013,10,32,0.4,"[1023.0054397392801, 2.3571205139160156]"
F172013,10,32,0.5,"[1023.0202827016897, 2.9438834190368652]"
F172013,10,32,0.6,"[1023.0566240680444, 3.533555269241333]"
F172013,10,32,0.7,"[1023.0063917568045, 4.1210339069366455]"
F172013,10,32,0.8,"[1023.0099080956713, 4.709774017333984]"
F172013,10,32,0.9,"[1023.0850960523237, 5.298165559768677]"
F172013,10,32,1.0,"[1023.0905379084634, 5.887035846710205]"
F172013,10,33,0.01,"[790.0029028680751, 0.05896592140197754]"
F172013,10,33,0.1,"[790.0060503682257, 0.5793869495391846]"
F172013,10,33,0.2,"[790.1565557907556, 1.1592774391174316]"
F172013,10,33,0.3,"[790.197210329394, 1.7369349002838135]"
F172013,10,33,0.4,"[790.0295102089722, 2.3154757022857666]"
F172013,10,33,0.5,"[790.003535113904, 2.894118547439575]"
F172013,10,33,0.6,"[790.0077071984097, 3.4706039428710938]"
F172013,10,33,0.7,"[790.013403158549, 4.046762943267822]"
F172013,10,33,0.8,"[790.0467224988192, 4.624090909957886]"
F172013,10,33,0.9,"[790.0146182035751, 5.20081090927124]"
F172013,10,33,1.0,"[790.2191052671515, 5.778246164321899]"
F172013,10,34,0.01,"[1053.1906822661772, 0.05896639823913574]"
F172013,10,34,0.1,"[1053.1926251724865, 0.5785892009735107]"
F172013,10,34,0.2,"[1053.2886871971293, 1.1611018180847168]"
F172013,10,34,0.3,"[1053.4643944342256, 1.740227222442627]"
F172013,10,34,0.4,"[1053.3974079862512, 2.320812463760376]"
F172013,10,34,0.5,"[1053.1988264474776, 2.9017715454101562]"
F172013,10,34,0.6,"[1053.2929899440003, 3.4946184158325195]"
F172013,10,34,0.7,"[1053.3637343699395, 4.092999219894409]"
F172013,10,34,0.8,"[1053.1913184565933, 4.671451091766357]"
F172013,10,34,0.9,"[1053.2239441957909, 5.395167112350464]"
F172013,10,34,1.0,"[1053.2582973242756, 5.9754111766815186]"
F172013,10,35,0.01,"[1311.7112831444408, 0.06025505065917969]"
F172013,10,35,0.1,"[1311.7133417942414, 0.5921223163604736]"
F172013,10,35,0.2,"[1311.7420722082102, 1.18550443649292]"
F172013,10,35,0.3,"[1311.7148403827132, 1.7755610942840576]"
F172013,10,35,0.4,"[1311.7219811852387, 2.365588426589966]"
F172013,10,35,0.5,"[1311.7629848280508, 2.954209566116333]"
F172013,10,35,0.6,"[1311.7118555571624, 3.5442168712615967]"
F172013,10,35,0.7,"[1311.7285528411048, 4.134284019470215]"
F172013,10,35,0.8,"[1312.0843084941669, 4.724766731262207]"
F172013,10,35,0.9,"[1311.719941264967, 5.315861701965332]"
F172013,10,35,1.0,"[1311.7254425693432, 5.905731678009033]"
F172013,10,36,0.01,"[1004.9576773183985, 0.058878421783447266]"
F172013,10,36,0.1,"[1005.10404507818, 0.5789949893951416]"
F172013,10,36,0.2,"[1005.1048334068048, 1.1634998321533203]"
F172013,10,36,0.3,"[1005.066725087303, 1.746673822402954]"
F172013,10,36,0.4,"[1005.2844881418741, 2.330130100250244]"
F172013,10,36,0.5,"[1004.993845868169, 2.91330623626709]"
F172013,10,36,0.6,"[1004.9659400161668, 3.4963912963867188]"
F172013,10,36,0.7,"[1005.028495261253, 4.0779619216918945]"
F172013,10,36,0.8,"[1005.0503655763378, 4.660244703292847]"
F172013,10,36,0.9,"[1005.0449033363711, 5.242072582244873]"
F172013,10,36,1.0,"[1005.0016926280537, 5.82417106628418]"
F172013,10,37,0.01,"[1523.1159089522805, 0.059110164642333984]"
F172013,10,37,0.1,"[1523.1811640168087, 0.5775649547576904]"
F172013,10,37,0.2,"[1523.2028195889666, 1.1561603546142578]"
F172013,10,37,0.3,"[1523.1260609536516, 2.101022243499756]"
F172013,10,37,0.4,"[1523.1212861233303, 2.6791560649871826]"
F172013,10,37,0.5,"[1523.2398224339488, 3.3417551517486572]"
F172013,10,37,0.6,"[1523.1419919509915, 3.921157121658325]"
F172013,10,37,0.7,"[1523.1517020115966, 4.696622133255005]"
F172013,10,37,0.8,"[1523.2055284659557, 5.276024580001831]"
F172013,10,37,0.9,"[1523.1418764071939, 5.8607237339019775]"
F172013,10,37,1.0,"[1523.176545317711, 6.441778898239136]"
F172013,10,38,0.01,"[943.3595084610824, 0.058934688568115234]"
F172013,10,38,0.1,"[943.3830597832721, 0.578383207321167]"
F172013,10,38,0.2,"[943.3654013909231, 1.1575982570648193]"
F172013,10,38,0.3,"[943.3811025238444, 1.7348592281341553]"
F172013,10,38,0.4,"[943.4446949424851, 2.310845136642456]"
F172013,10,38,0.5,"[943.405528101895, 2.8889102935791016]"
F172013,10,38,0.6,"[943.3617969308968, 3.481478452682495]"
F172013,10,38,0.7,"[943.3606411287419, 4.0606396198272705]"
F172013,10,38,0.8,"[943.3668877422865, 4.641603469848633]"
F172013,10,38,0.9,"[943.5210655992166, 5.220792770385742]"
F172013,10,38,1.0,"[943.3996927614094, 5.800624847412109]"
F172013,10,39,0.01,"[330.6144117047436, 0.059989213943481445]"
F172013,10,39,0.1,"[330.6376690683412, 0.5892233848571777]"
F172013,10,39,0.2,"[330.62292138472867, 1.1792254447937012]"
F172013,10,39,0.3,"[330.69828481158265, 1.768010139465332]"
F172013,10,39,0.4,"[330.80302573265453, 2.396219491958618]"
F172013,10,39,0.5,"[330.6265022487869, 2.983358383178711]"
F172013,10,39,0.6,"[330.6554252745557, 3.5703909397125244]"
F172013,10,39,0.7,"[330.62925136004606, 4.160179853439331]"
F172013,10,39,0.8,"[330.61963865903783, 4.7710137367248535]"
F172013,10,39,0.9,"[330.62973498692645, 5.357863426208496]"
F172013,10,39,1.0,"[330.6195211384204, 5.945120811462402]"
F172013,10,40,0.01,"[825.4844188874181, 0.058930158615112305]"
F172013,10,40,0.1,"[825.4884690894182, 0.5794939994812012]"
F172013,10,40,0.2,"[825.5193502109864, 1.1861765384674072]"
F172013,10,40,0.3,"[825.5049692710768, 1.7639679908752441]"
F172013,10,40,0.4,"[825.4963050039783, 2.3417279720306396]"
F172013,10,40,0.5,"[825.4873406736738, 2.918152093887329]"
F172013,10,40,0.6,"[825.6199172411691, 3.4978291988372803]"
F172013,10,40,0.7,"[825.4946792993246, 4.075774431228638]"
F172013,10,40,0.8,"[825.4901233782084, 4.653970956802368]"
F172013,10,40,0.9,"[825.6244686013038, 5.231174468994141]"
F172013,10,40,1.0,"[825.5659291033503, 5.808533430099487]"
F172013,10,41,0.01,"[1131.5376486857974, 0.05916237831115723]"
F172013,10,41,0.1,"[1131.690209575865, 0.5788967609405518]"
F172013,10,41,0.2,"[1131.5609595485319, 1.2482445240020752]"
F172013,10,41,0.3,"[1131.6524899945102, 1.8261845111846924]"
F172013,10,41,0.4,"[1131.5444299616133, 2.4054319858551025]"
F172013,10,41,0.5,"[1131.5704971007854, 2.983991861343384]"
F172013,10,41,0.6,"[1131.6018960601978, 3.5874457359313965]"
F172013,10,41,0.7,"[1131.8662304290349, 4.397755861282349]"
F172013,10,41,0.8,"[1131.5508769681085, 4.980757236480713]"
F172013,10,41,0.9,"[1131.7096633891772, 5.562694311141968]"
F172013,10,41,1.0,"[1131.596272709553, 6.14378023147583]"
F172013,10,42,0.01,"[759.8658468996041, 0.05901741981506348]"
F172013,10,42,0.1,"[759.9561480428151, 0.5800981521606445]"
F172013,10,42,0.2,"[759.8940028636553, 1.1604852676391602]"
F172013,10,42,0.3,"[759.8701377720936, 1.739758014678955]"
F172013,10,42,0.4,"[759.9360237044143, 2.31807541847229]"
F172013,10,42,0.5,"[759.867808172849, 2.896871328353882]"
F172013,10,42,0.6,"[759.9616849085264, 3.4778757095336914]"
F172013,10,42,0.7,"[759.8738903244471, 4.059438705444336]"
F172013,10,42,0.8,"[760.0479803139419, 4.641927480697632]"
F172013,10,42,0.9,"[759.8721766081201, 5.223428249359131]"
F172013,10,42,1.0,"[760.0005190639517, 5.803798675537109]"
F172013,10,43,0.01,"[451.0650748811605, 0.05899214744567871]"
F172013,10,43,0.1,"[451.22952882558354, 0.5777535438537598]"
F172013,10,43,0.2,"[451.07266091429904, 1.157691240310669]"
F172013,10,43,0.3,"[451.4858543307064, 1.7470030784606934]"
F172013,10,43,0.4,"[451.3724210485367, 2.3521511554718018]"
F172013,10,43,0.5,"[451.19677362482093, 2.9310669898986816]"
F172013,10,43,0.6,"[451.1703298468053, 3.508498191833496]"
F172013,10,43,0.7,"[451.19399108996504, 4.085017442703247]"
F172013,10,43,0.8,"[451.07132533497725, 4.662048101425171]"
F172013,10,43,0.9,"[451.11702834344703, 5.2371110916137695]"
F172013,10,43,1.0,"[451.3518405053585, 5.817984342575073]"
F172013,10,44,0.01,"[1320.8737179796262, 0.059195518493652344]"
F172013,10,44,0.1,"[1320.9378162605356, 0.5806477069854736]"
F172013,10,44,0.2,"[1320.8844320500245, 1.1608741283416748]"
F172013,10,44,0.3,"[1320.936697080918, 1.7384190559387207]"
F172013,10,44,0.4,"[1320.875845845934, 2.317601203918457]"
F172013,10,44,0.5,"[1321.0139579718239, 2.897174835205078]"
F172013,10,44,0.6,"[1320.875479494666, 3.4809367656707764]"
F172013,10,44,0.7,"[1320.9703386402448, 4.064587354660034]"
F172013,10,44,0.8,"[1320.9079151854642, 4.649380922317505]"
F172013,10,44,0.9,"[1320.9994587587444, 5.421393871307373]"
F172013,10,44,1.0,"[1320.8909807460136, 6.003485441207886]"
F172013,10,45,0.01,"[739.1541260444446, 0.059255123138427734]"
F172013,10,45,0.1,"[739.1626547916146, 0.5799274444580078]"
F172013,10,45,0.2,"[739.2921569555465, 1.1949424743652344]"
F172013,10,45,0.3,"[739.1622352824195, 1.8905212879180908]"
F172013,10,45,0.4,"[739.5317082313836, 2.585744619369507]"
F172013,10,45,0.5,"[739.1728941907663, 3.2808759212493896]"
F172013,10,45,0.6,"[739.1701257480081, 3.974045515060425]"
F172013,10,45,0.7,"[739.273724302358, 4.667691469192505]"
F172013,10,45,0.8,"[739.2527058797411, 5.36142897605896]"
F172013,10,45,0.9,"[739.1773099570701, 6.053758859634399]"
F172013,10,45,1.0,"[739.2047968147244, 6.7462334632873535]"
F172013,10,46,0.01,"[507.286680750869, 0.05904054641723633]"
F172013,10,46,0.1,"[507.2968940925807, 0.582068681716919]"
F172013,10,46,0.2,"[507.3118245712203, 1.1655793190002441]"
F172013,10,46,0.3,"[507.3956275169933, 1.7437593936920166]"
F172013,10,46,0.4,"[507.4688441634835, 2.3223907947540283]"
F172013,10,46,0.5,"[507.30031796520916, 2.8998615741729736]"
F172013,10,46,0.6,"[507.36159406412503, 3.4809391498565674]"
F172013,10,46,0.7,"[507.30420800319223, 4.060818433761597]"
F172013,10,46,0.8,"[507.32978146659605, 4.640928506851196]"
F172013,10,46,0.9,"[507.35540431457787, 5.218994617462158]"
F172013,10,46,1.0,"[507.29577101838686, 5.7988996505737305]"
F172013,10,47,0.01,"[1523.2761515270709, 0.058889150619506836]"
F172013,10,47,0.1,"[1523.2947420779421, 0.5791089534759521]"
F172013,10,47,0.2,"[1523.3749485362434, 1.1592702865600586]"
F172013,10,47,0.3,"[1523.279505323005, 1.7369704246520996]"
F172013,10,47,0.4,"[1523.308252322738, 2.313973903656006]"
F172013,10,47,0.5,"[1523.4409994012387, 2.892223358154297]"
F172013,10,47,0.6,"[1523.3083955356674, 3.4696271419525146]"
F172013,10,47,0.7,"[1523.2765113986625, 4.048671245574951]"
F172013,10,47,0.8,"[1523.3481913025541, 4.627938508987427]"
F172013,10,47,0.9,"[1523.376556060022, 5.206393241882324]"
F172013,10,47,1.0,"[1523.3721577414533, 5.784937143325806]"
F172013,10,48,0.01,"[1715.753850102647, 0.05897974967956543]"
F172013,10,48,0.1,"[1715.9041253674764, 0.5850338935852051]"
F172013,10,48,0.2,"[1715.794995530826, 1.1702876091003418]"
F172013,10,48,0.3,"[1715.7916098564388, 1.7549872398376465]"
F172013,10,48,0.4,"[1715.8355265816024, 2.340317487716675]"
F172013,10,48,0.5,"[1715.7685061827829, 2.9247758388519287]"
F172013,10,48,0.6,"[1715.767337094994, 3.509089231491089]"
F172013,10,48,0.7,"[1715.8875276701112, 4.092735052108765]"
F172013,10,48,0.8,"[1715.9928857526463, 4.673768043518066]"
F172013,10,48,0.9,"[1716.03670938197, 5.25566554069519]"
F172013,10,48,1.0,"[1715.755547749497, 5.83724045753479]"
F172013,10,49,0.01,"[1317.245967019629, 0.0583498477935791]"
F172013,10,49,0.1,"[1317.2637854731106, 0.578683614730835]"
F172013,10,49,0.2,"[1317.352014131956, 1.1561253070831299]"
F172013,10,49,0.3,"[1317.2516717429467, 1.732605218887329]"
F172013,10,49,0.4,"[1317.3029813893695, 2.3109936714172363]"
F172013,10,49,0.5,"[1317.4917161663213, 2.8906636238098145]"
F172013,10,49,0.6,"[1317.2486882972316, 3.4680495262145996]"
F172013,10,49,0.7,"[1317.2484548886296, 4.049363136291504]"
F172013,10,49,0.8,"[1317.3729590072896, 4.6259520053863525]"
F172013,10,49,0.9,"[1317.457574710097, 5.203968286514282]"
F172013,10,49,1.0,"[1317.2541630107528, 5.784245014190674]"
F172013,10,50,0.01,"[821.6674219859642, 0.058988094329833984]"
F172013,10,50,0.1,"[821.7658613046215, 0.582664966583252]"
F172013,10,50,0.2,"[821.9099418263568, 1.1643261909484863]"
F172013,10,50,0.3,"[821.6957709700773, 1.7461776733398438]"
F172013,10,50,0.4,"[821.7702637409602, 2.328944444656372]"
F172013,10,50,0.5,"[821.6720446514232, 2.91153883934021]"
F172013,10,50,0.6,"[821.9558114468723, 3.4934029579162598]"
F172013,10,50,0.7,"[821.6985838995552, 4.0767662525177]"
F172013,10,50,0.8,"[821.741474049195, 4.656562328338623]"
F172013,10,50,0.9,"[821.7751263398261, 5.236823320388794]"
F172013,10,50,1.0,"[821.6676400099896, 5.815552473068237]"
F172013,30,0,0.01,"[4348.850968187005, 0.18224406242370605]"
F172013,30,0,0.1,"[4349.330594542341, 1.8398370742797852]"
F172013,30,0,0.2,"[4349.176666612509, 4.851216077804565]"
F172013,30,0,0.3,"[4349.0788431081955, 6.663646936416626]"
F172013,30,0,0.4,"[4348.873163475089, 8.614337921142578]"
F172013,30,0,0.5,"[4348.949260275474, 10.589701414108276]"
F172013,30,0,0.6,"[4348.916049635904, 12.460316896438599]"
F172013,30,0,0.7,"[4349.225476483915, 14.330419301986694]"
F172013,30,0,0.8,"[4348.963987355548, 16.07404637336731]"
F172013,30,0,0.9,"[4349.0615252528605, 17.895878076553345]"
F172013,30,0,1.0,"[4348.989150203482, 19.808947801589966]"
F172013,30,1,0.01,"[4413.22258611102, 0.1930980682373047]"
F172013,30,1,0.1,"[4413.271342711759, 1.76436448097229]"
F172013,30,1,0.2,"[4413.744982133073, 3.508676052093506]"
F172013,30,1,0.3,"[4413.602230131654, 5.281175374984741]"
F172013,30,1,0.4,"[4413.49894021441, 7.171215295791626]"
F172013,30,1,0.5,"[4413.596236107828, 9.125004053115845]"
F172013,30,1,0.6,"[4413.270188936057, 11.000393152236938]"
F172013,30,1,0.7,"[4413.403427081068, 12.865295171737671]"
F172013,30,1,0.8,"[4413.3920988117925, 14.67093563079834]"
F172013,30,1,0.9,"[4413.386659945008, 16.489839792251587]"
F172013,30,1,1.0,"[4413.597283879404, 18.30771279335022]"
F172013,30,2,0.01,"[3774.922147446737, 0.2092134952545166]"
F172013,30,2,0.1,"[3774.9876095983905, 1.8474836349487305]"
F172013,30,2,0.2,"[3775.06269220452, 4.39073634147644]"
F172013,30,2,0.3,"[3774.9393584313007, 6.7817933559417725]"
F172013,30,2,0.4,"[3775.1354738341283, 8.726675033569336]"
F172013,30,2,0.5,"[3775.1235272425224, 10.507906675338745]"
F172013,30,2,0.6,"[3775.0309688697216, 12.280711650848389]"
F172013,30,2,0.7,"[3774.9919484359543, 14.057351350784302]"
F172013,30,2,0.8,"[3775.4055191041257, 15.837163925170898]"
F172013,30,2,0.9,"[3775.0104351298405, 17.606312036514282]"
F172013,30,2,1.0,"[3775.0319114587114, 19.387670040130615]"
F172013,30,3,0.01,"[3227.649843535245, 0.18718338012695312]"
F172013,30,3,0.1,"[3227.664968377435, 1.830216646194458]"
F172013,30,3,0.2,"[3227.668379808696, 3.7072677612304688]"
F172013,30,3,0.3,"[3227.8018378528777, 6.284408330917358]"
F172013,30,3,0.4,"[3227.774311520384, 8.138559341430664]"
F172013,30,3,0.5,"[3228.068803314209, 9.896936893463135]"
F172013,30,3,0.6,"[3227.8926568621714, 11.77324914932251]"
F172013,30,3,0.7,"[3227.7732120465607, 13.653369903564453]"
F172013,30,3,0.8,"[3227.731412883778, 15.517159700393677]"
F172013,30,3,0.9,"[3227.8113894097337, 17.39697241783142]"
F172013,30,3,1.0,"[3227.699529487641, 19.27009630203247]"
F172013,30,4,0.01,"[4637.741320771155, 0.18924832344055176]"
F172013,30,4,0.1,"[4637.816262376556, 1.8463749885559082]"
F172013,30,4,0.2,"[4637.9838850150645, 4.195394992828369]"
F172013,30,4,0.3,"[4638.065682328115, 6.451689958572388]"
F172013,30,4,0.4,"[4637.872213699911, 8.891491413116455]"
F172013,30,4,0.5,"[4638.046780721418, 10.695358514785767]"
F172013,30,4,0.6,"[4638.302428765873, 12.499333620071411]"
F172013,30,4,0.7,"[4637.928511680815, 14.375738620758057]"
F172013,30,4,0.8,"[4637.845540335585, 16.212119102478027]"
F172013,30,4,0.9,"[4637.921446884777, 18.02776598930359]"
F172013,30,4,1.0,"[4638.022328569002, 19.841422080993652]"
F172013,30,5,0.01,"[5197.925260285532, 0.19926238059997559]"
F172013,30,5,0.1,"[5198.155236977381, 1.7514081001281738]"
F172013,30,5,0.2,"[5198.063303497916, 3.4837915897369385]"
F172013,30,5,0.3,"[5198.207295405376, 5.2768919467926025]"
F172013,30,5,0.4,"[5198.062257938952, 7.134209394454956]"
F172013,30,5,0.5,"[5198.118767881966, 9.007736682891846]"
F172013,30,5,0.6,"[5198.27578729882, 10.777491807937622]"
F172013,30,5,0.7,"[5197.977316611813, 12.585609674453735]"
F172013,30,5,0.8,"[5198.022354520756, 14.424100399017334]"
F172013,30,5,0.9,"[5198.19389779747, 16.261566877365112]"
F172013,30,5,1.0,"[5198.052709556181, 17.98282289505005]"
F172013,30,6,0.01,"[4595.320961076269, 0.18234777450561523]"
F172013,30,6,0.1,"[4595.672829195352, 1.8538079261779785]"
F172013,30,6,0.2,"[4595.622868667377, 3.679304361343384]"
F172013,30,6,0.3,"[4595.651358745047, 5.441662549972534]"
F172013,30,6,0.4,"[4595.385786742746, 7.230664491653442]"
F172013,30,6,0.5,"[4595.468397037735, 9.017991304397583]"
F172013,30,6,0.6,"[4595.461497358749, 10.756995677947998]"
F172013,30,6,0.7,"[4595.38195834193, 12.467402458190918]"
F172013,30,6,0.8,"[4595.646678233759, 14.17425274848938]"
F172013,30,6,0.9,"[4595.729532008846, 15.885654211044312]"
F172013,30,6,1.0,"[4595.623458511482, 17.596676349639893]"
F172013,30,7,0.01,"[3097.2512864808227, 0.18187403678894043]"
F172013,30,7,0.1,"[3097.477655653343, 1.7952635288238525]"
F172013,30,7,0.2,"[3097.664870819219, 3.5181965827941895]"
F172013,30,7,0.3,"[3097.5192445997122, 5.2425994873046875]"
F172013,30,7,0.4,"[3097.334848206147, 7.054036378860474]"
F172013,30,7,0.5,"[3097.676195235071, 9.151116847991943]"
F172013,30,7,0.6,"[3097.407375915516, 10.973437070846558]"
F172013,30,7,0.7,"[3097.3967163360862, 12.797680616378784]"
F172013,30,7,0.8,"[3097.694399503845, 14.607073307037354]"
F172013,30,7,0.9,"[3097.332338655317, 16.418737173080444]"
F172013,30,7,1.0,"[3097.355050423012, 18.237861394882202]"
F172013,30,8,0.01,"[4553.664212304527, 0.18699884414672852]"
F172013,30,8,0.1,"[4553.729225031778, 1.8585739135742188]"
F172013,30,8,0.2,"[4553.712223363765, 3.7284364700317383]"
F172013,30,8,0.3,"[4554.04572957724, 6.363068342208862]"
F172013,30,8,0.4,"[4553.742144359681, 8.167900085449219]"
F172013,30,8,0.5,"[4553.874720826806, 10.021859884262085]"
F172013,30,8,0.6,"[4553.771200610411, 11.877472639083862]"
F172013,30,8,0.7,"[4553.704609941842, 13.926368236541748]"
F172013,30,8,0.8,"[4553.9613998040395, 15.89408278465271]"
F172013,30,8,0.9,"[4553.796487952315, 17.749075412750244]"
F172013,30,8,1.0,"[4553.983671158145, 19.601906299591064]"
F172013,30,9,0.01,"[4323.3374406555085, 0.18303871154785156]"
F172013,30,9,0.1,"[4323.502479410154, 1.7770030498504639]"
F172013,30,9,0.2,"[4323.769913796359, 3.4916436672210693]"
F172013,30,9,0.3,"[4323.598917976478, 5.453437566757202]"
F172013,30,9,0.4,"[4323.526584831552, 7.528183698654175]"
F172013,30,9,0.5,"[4323.4656187896, 9.387037515640259]"
F172013,30,9,0.6,"[4323.487595721288, 11.23664402961731]"
F172013,30,9,0.7,"[4323.642740346123, 13.065993547439575]"
F172013,30,9,0.8,"[4323.729272044611, 14.886810541152954]"
F172013,30,9,0.9,"[4323.443415713125, 16.704638242721558]"
F172013,30,9,1.0,"[4323.424708700518, 18.519680738449097]"
F172013,30,10,0.01,"[4268.203459690003, 0.1872551441192627]"
F172013,30,10,0.1,"[4268.781500660189, 1.8660657405853271]"
F172013,30,10,0.2,"[4268.388047819431, 3.726686477661133]"
F172013,30,10,0.3,"[4268.512985471103, 5.5861382484436035]"
F172013,30,10,0.4,"[4268.410424711706, 7.438835144042969]"
F172013,30,10,0.5,"[4268.291986021584, 9.259418487548828]"
F172013,30,10,0.6,"[4268.334514245928, 11.053547620773315]"
F172013,30,10,0.7,"[4268.555592759946, 12.819880962371826]"
F172013,30,10,0.8,"[4268.460726059898, 14.540722131729126]"
F172013,30,10,0.9,"[4268.585070318755, 16.265045404434204]"
F172013,30,10,1.0,"[4268.258330654094, 17.987183332443237]"
F172013,30,11,0.01,"[3453.800149528286, 0.18582987785339355]"
F172013,30,11,0.1,"[3453.9971078327344, 1.7326605319976807]"
F172013,30,11,0.2,"[3454.158663066012, 3.4457952976226807]"
F172013,30,11,0.3,"[3453.913793503636, 5.157689809799194]"
F172013,30,11,0.4,"[3453.894388304942, 6.961236238479614]"
F172013,30,11,0.5,"[3453.948010401414, 8.861973762512207]"
F172013,30,11,0.6,"[3453.8473444186757, 10.572246551513672]"
F172013,30,11,0.7,"[3453.8913739347618, 12.283310651779175]"
F172013,30,11,0.8,"[3453.9646048999257, 13.991150617599487]"
F172013,30,11,0.9,"[3453.9175061641313, 16.5726478099823]"
F172013,30,11,1.0,"[3454.1970955222437, 18.864344835281372]"
F172013,30,12,0.01,"[4276.178468008764, 0.18621444702148438]"
F172013,30,12,0.1,"[4276.607105422626, 1.7303509712219238]"
F172013,30,12,0.2,"[4276.286732101613, 3.445753335952759]"
F172013,30,12,0.3,"[4276.281735063709, 5.302824020385742]"
F172013,30,12,0.4,"[4276.266941735214, 8.019020795822144]"
F172013,30,12,0.5,"[4276.295500929059, 9.856527090072632]"
F172013,30,12,0.6,"[4276.236436912113, 11.69597840309143]"
F172013,30,12,0.7,"[4276.373346592134, 13.528944730758667]"
F172013,30,12,0.8,"[4276.326091816215, 15.389790773391724]"
F172013,30,12,0.9,"[4276.360076510046, 17.226016759872437]"
F172013,30,12,1.0,"[4276.468201000824, 19.055588483810425]"
F172013,30,13,0.01,"[3126.0974639302626, 0.18689203262329102]"
F172013,30,13,0.1,"[3126.331059092606, 1.8810663223266602]"
F172013,30,13,0.2,"[3126.379601890731, 3.806267499923706]"
F172013,30,13,0.3,"[3126.2032380694286, 5.714389324188232]"
F172013,30,13,0.4,"[3126.1312690423456, 7.578278541564941]"
F172013,30,13,0.5,"[3126.258942898204, 9.503976821899414]"
F172013,30,13,0.6,"[3126.1921253159785, 11.211519718170166]"
F172013,30,13,0.7,"[3126.3358555054156, 12.917897701263428]"
F172013,30,13,0.8,"[3126.1865707513507, 14.622269868850708]"
F172013,30,13,0.9,"[3126.292163266077, 16.330245971679688]"
F172013,30,13,1.0,"[3126.3693502983097, 18.04828119277954]"
F172013,30,14,0.01,"[6052.604746173396, 0.1735846996307373]"
F172013,30,14,0.1,"[6052.754561694476, 1.7795655727386475]"
F172013,30,14,0.2,"[6053.0680598146555, 3.641852855682373]"
F172013,30,14,0.3,"[6052.817597184606, 5.500755786895752]"
F172013,30,14,0.4,"[6052.691386451945, 7.375164985656738]"
F172013,30,14,0.5,"[6052.851414879156, 9.230711221694946]"
F172013,30,14,0.6,"[6052.976048736096, 11.058296203613281]"
F172013,30,14,0.7,"[6052.762709074439, 12.843120336532593]"
F172013,30,14,0.8,"[6052.779467244224, 14.632249593734741]"
F172013,30,14,0.9,"[6052.694214408886, 16.42521905899048]"
F172013,30,14,1.0,"[6053.025311681016, 18.23102307319641]"
F172013,30,15,0.01,"[3917.052686845269, 0.17382526397705078]"
F172013,30,15,0.1,"[3917.0864238340473, 1.7282917499542236]"
F172013,30,15,0.2,"[3917.255291852598, 3.4471919536590576]"
F172013,30,15,0.3,"[3917.605318433797, 5.164302349090576]"
F172013,30,15,0.4,"[3917.3224281724706, 7.5678510665893555]"
F172013,30,15,0.5,"[3917.236146819154, 9.37809705734253]"
F172013,30,15,0.6,"[3917.0879811318573, 11.232810974121094]"
F172013,30,15,0.7,"[3917.623845367102, 13.053555488586426]"
F172013,30,15,0.8,"[3917.104432819331, 14.811869144439697]"
F172013,30,15,0.9,"[3917.202027642119, 16.669807195663452]"
F172013,30,15,1.0,"[3917.0963648918714, 18.435571432113647]"
F172013,30,16,0.01,"[4156.61648265599, 0.18105483055114746]"
F172013,30,16,0.1,"[4157.181589320461, 1.8314979076385498]"
F172013,30,16,0.2,"[4157.032393323348, 3.6218607425689697]"
F172013,30,16,0.3,"[4156.707297720466, 5.351847171783447]"
F172013,30,16,0.4,"[4156.969148851972, 7.076594829559326]"
F172013,30,16,0.5,"[4156.647332438436, 8.800756454467773]"
F172013,30,16,0.6,"[4156.798969935223, 10.538904428482056]"
F172013,30,16,0.7,"[4156.697969819643, 12.347172737121582]"
F172013,30,16,0.8,"[4156.750287105444, 14.147145986557007]"
F172013,30,16,0.9,"[4156.682044758069, 15.948809385299683]"
F172013,30,16,1.0,"[4156.673406087836, 17.728068828582764]"
F172013,30,17,0.01,"[2977.7523014524395, 0.1880791187286377]"
F172013,30,17,0.1,"[2977.862982037982, 1.8611292839050293]"
F172013,30,17,0.2,"[2977.8256477075065, 3.7027552127838135]"
F172013,30,17,0.3,"[2977.900159174864, 5.423686265945435]"
F172013,30,17,0.4,"[2977.958484103246, 7.1397013664245605]"
F172013,30,17,0.5,"[2977.912687330414, 8.856494426727295]"
F172013,30,17,0.6,"[2977.878974883027, 10.573854207992554]"
F172013,30,17,0.7,"[2977.873960636594, 12.29769253730774]"
F172013,30,17,0.8,"[2977.8426946298673, 14.018200635910034]"
F172013,30,17,0.9,"[2977.8537191378177, 15.84955358505249]"
F172013,30,17,1.0,"[2977.9017791566043, 17.710081815719604]"
F172013,30,18,0.01,"[5807.301589728377, 0.17377400398254395]"
F172013,30,18,0.1,"[5807.72041454948, 1.726022481918335]"
F172013,30,18,0.2,"[5807.595026608632, 3.449209451675415]"
F172013,30,18,0.3,"[5807.540064403204, 5.198896169662476]"
F172013,30,18,0.4,"[5807.464288017682, 7.079075813293457]"
F172013,30,18,0.5,"[5807.626821678638, 8.979219675064087]"
F172013,30,18,0.6,"[5807.43553988994, 10.865441799163818]"
F172013,30,18,0.7,"[5807.355496581946, 12.741941928863525]"
F172013,30,18,0.8,"[5807.568348361528, 14.626643419265747]"
F172013,30,18,0.9,"[5807.413615970921, 16.52208924293518]"
F172013,30,18,1.0,"[5807.374182300973, 18.420509099960327]"
F172013,30,19,0.01,"[6048.97660869698, 0.18532156944274902]"
F172013,30,19,0.1,"[6049.179604623493, 1.793445348739624]"
F172013,30,19,0.2,"[6049.026026768222, 3.55309796333313]"
F172013,30,19,0.3,"[6049.182205443505, 5.406967401504517]"
F172013,30,19,0.4,"[6049.23196897308, 7.243208408355713]"
F172013,30,19,0.5,"[6049.1843845329595, 9.218271732330322]"
F172013,30,19,0.6,"[6049.346384183876, 11.305008172988892]"
F172013,30,19,0.7,"[6049.089851953144, 13.398234605789185]"
F172013,30,19,0.8,"[6049.357553071974, 15.61846137046814]"
F172013,30,19,0.9,"[6049.242684661754, 17.55338406562805]"
F172013,30,19,1.0,"[6049.200248796956, 19.363693952560425]"
F172013,30,20,0.01,"[4835.4026882860335, 0.1826941967010498]"
F172013,30,20,0.1,"[4835.76576782543, 1.822371244430542]"
F172013,30,20,0.2,"[4835.548878866791, 3.6111814975738525]"
F172013,30,20,0.3,"[4835.480741774203, 5.405014276504517]"
F172013,30,20,0.4,"[4835.779901563817, 7.198491334915161]"
F172013,30,20,0.5,"[4835.478844328963, 8.992013216018677]"
F172013,30,20,0.6,"[4835.814813754577, 10.780380010604858]"
F172013,30,20,0.7,"[4835.756784154253, 12.575240850448608]"
F172013,30,20,0.8,"[4835.501793808708, 14.365092039108276]"
F172013,30,20,0.9,"[4835.476833376729, 16.15881657600403]"
F172013,30,20,1.0,"[4835.503798677372, 17.95369577407837]"
F172013,30,21,0.01,"[4706.351405440401, 0.1885688304901123]"
F172013,30,21,0.1,"[4706.645646527672, 1.8609519004821777]"
F172013,30,21,0.2,"[4706.522153102301, 3.7170042991638184]"
F172013,30,21,0.3,"[4706.495286030484, 5.520686626434326]"
F172013,30,21,0.4,"[4706.607909033635, 7.313722372055054]"
F172013,30,21,0.5,"[4706.400631420691, 9.10671615600586]"
F172013,30,21,0.6,"[4706.439412841382, 10.902403593063354]"
F172013,30,21,0.7,"[4706.98492449827, 12.701172351837158]"
F172013,30,21,0.8,"[4706.71390070445, 14.503583908081055]"
F172013,30,21,0.9,"[4706.546960440389, 16.31193208694458]"
F172013,30,21,1.0,"[4706.646553104338, 18.114732027053833]"
F172013,30,22,0.01,"[3670.8310838733964, 0.1873621940612793]"
F172013,30,22,0.1,"[3671.0474599975664, 1.8259460926055908]"
F172013,30,22,0.2,"[3670.979030603707, 3.6169090270996094]"
F172013,30,22,0.3,"[3670.9812760105083, 5.748283863067627]"
F172013,30,22,0.4,"[3670.8645765140805, 7.467612981796265]"
F172013,30,22,0.5,"[3670.9705348254515, 9.187158107757568]"
F172013,30,22,0.6,"[3670.876140861104, 10.906287670135498]"
F172013,30,22,0.7,"[3671.021736908933, 12.62835693359375]"
F172013,30,22,0.8,"[3670.9714653076794, 14.351057291030884]"
F172013,30,22,0.9,"[3670.8522325151675, 16.299021005630493]"
F172013,30,22,1.0,"[3670.882664162969, 18.257161617279053]"
F172013,30,23,0.01,"[3341.851643478846, 0.17618536949157715]"
F172013,30,23,0.1,"[3341.870800202352, 1.7621300220489502]"
F172013,30,23,0.2,"[3341.8881800225245, 3.523780107498169]"
F172013,30,23,0.3,"[3342.080039039592, 5.283421039581299]"
F172013,30,23,0.4,"[3342.0349940921856, 7.04213547706604]"
F172013,30,23,0.5,"[3342.1206206279094, 8.797593593597412]"
F172013,30,23,0.6,"[3341.9417048646887, 10.54970097541809]"
F172013,30,23,0.7,"[3341.892531032317, 12.303305864334106]"
F172013,30,23,0.8,"[3342.290515613015, 14.05263638496399]"
F172013,30,23,0.9,"[3342.075190807451, 15.808162927627563]"
F172013,30,23,1.0,"[3341.9538425037435, 17.559537887573242]"
F172013,30,24,0.01,"[4269.326549535366, 0.32311177253723145]"
F172013,30,24,0.1,"[4269.617761019634, 2.031261444091797]"
F172013,30,24,0.2,"[4269.572839803835, 3.9036507606506348]"
F172013,30,24,0.3,"[4269.4061200429705, 5.727231740951538]"
F172013,30,24,0.4,"[4269.3957165482125, 7.546855211257935]"
F172013,30,24,0.5,"[4269.398862427621, 9.357924461364746]"
F172013,30,24,0.6,"[4269.502797593848, 11.121955156326294]"
F172013,30,24,0.7,"[4269.493762897668, 12.956989288330078]"
F172013,30,24,0.8,"[4269.446129870114, 14.839787483215332]"
F172013,30,24,0.9,"[4269.733793830663, 16.67203664779663]"
F172013,30,24,1.0,"[4269.599687427292, 18.423007488250732]"
F172013,30,25,0.01,"[3936.8291898343823, 0.21171855926513672]"
F172013,30,25,0.1,"[3936.8937979618704, 2.0806567668914795]"
F172013,30,25,0.2,"[3936.8551517998285, 3.9434878826141357]"
F172013,30,25,0.3,"[3936.9974892941364, 5.739773988723755]"
F172013,30,25,0.4,"[3936.8981344546974, 7.490992784500122]"
F172013,30,25,0.5,"[3937.1181675948483, 9.250886678695679]"
F172013,30,25,0.6,"[3937.23701771169, 11.035068273544312]"
F172013,30,25,0.7,"[3936.9346280049594, 12.780130386352539]"
F172013,30,25,0.8,"[3937.0159628440997, 14.522336721420288]"
F172013,30,25,0.9,"[3936.9708854388573, 16.270840167999268]"
F172013,30,25,1.0,"[3936.869135355135, 18.154171228408813]"
F172013,30,26,0.01,"[4381.398286796856, 0.17560458183288574]"
F172013,30,26,0.1,"[4381.460142892054, 1.8078863620758057]"
F172013,30,26,0.2,"[4382.010485364141, 3.631225824356079]"
F172013,30,26,0.3,"[4381.431558437058, 5.510704278945923]"
F172013,30,26,0.4,"[4381.623953529695, 7.427963018417358]"
F172013,30,26,0.5,"[4381.558207113462, 9.319024801254272]"
F172013,30,26,0.6,"[4381.559244933118, 11.207007646560669]"
F172013,30,26,0.7,"[4381.784093279286, 13.097371578216553]"
F172013,30,26,0.8,"[4381.675726994444, 14.976634740829468]"
F172013,30,26,0.9,"[4381.740480696791, 16.91075372695923]"
F172013,30,26,1.0,"[4381.553913647337, 18.70747971534729]"
F172013,30,27,0.01,"[4501.6442666004805, 0.1790144443511963]"
F172013,30,27,0.1,"[4501.779189739351, 1.7698373794555664]"
F172013,30,27,0.2,"[4501.914602260743, 3.5122907161712646]"
F172013,30,27,0.3,"[4502.084241043965, 5.24961519241333]"
F172013,30,27,0.4,"[4501.882174010798, 6.984798908233643]"
F172013,30,27,0.5,"[4501.929267492406, 8.72363805770874]"
F172013,30,27,0.6,"[4501.7900898864345, 10.462900638580322]"
F172013,30,27,0.7,"[4501.682834246825, 12.198976993560791]"
F172013,30,27,0.8,"[4501.8173758483235, 13.933693885803223]"
F172013,30,27,0.9,"[4501.832808137468, 15.673657178878784]"
F172013,30,27,1.0,"[4501.843360034197, 17.407673120498657]"
F172013,30,28,0.01,"[2568.0282023274785, 0.18926692008972168]"
F172013,30,28,0.1,"[2568.067166754313, 1.8854413032531738]"
F172013,30,28,0.2,"[2568.0709004348987, 3.7699241638183594]"
F172013,30,28,0.3,"[2568.1354039772564, 5.6456427574157715]"
F172013,30,28,0.4,"[2568.048464941742, 7.524752378463745]"
F172013,30,28,0.5,"[2568.1192706255624, 9.402408599853516]"
F172013,30,28,0.6,"[2568.0559413830833, 11.275635242462158]"
F172013,30,28,0.7,"[2568.2602256323075, 13.030796766281128]"
F172013,30,28,0.8,"[2568.390284762304, 14.765161991119385]"
F172013,30,28,0.9,"[2568.2389611850053, 16.51222562789917]"
F172013,30,28,1.0,"[2568.1538037940454, 18.26252555847168]"
F172013,30,29,0.01,"[3788.642760734495, 0.26650357246398926]"
F172013,30,29,0.1,"[3788.8419104863538, 1.8446166515350342]"
F172013,30,29,0.2,"[3788.7825127062188, 3.5961031913757324]"
F172013,30,29,0.3,"[3788.970196633153, 5.344111204147339]"
F172013,30,29,0.4,"[3788.769986252771, 7.154005527496338]"
F172013,30,29,0.5,"[3788.894138451535, 9.062344312667847]"
F172013,30,29,0.6,"[3788.8615099822014, 10.879487752914429]"
F172013,30,29,0.7,"[3788.6863864125085, 12.696829319000244]"
F172013,30,29,0.8,"[3789.008951911046, 14.544742345809937]"
F172013,30,29,0.9,"[3788.804411927045, 16.442161798477173]"
F172013,30,29,1.0,"[3788.7671473543874, 18.404491424560547]"
F172013,30,30,0.01,"[5347.1983345727285, 0.32933759689331055]"
F172013,30,30,0.1,"[5347.359820887109, 1.9862065315246582]"
F172013,30,30,0.2,"[5347.420641540385, 3.809119701385498]"
F172013,30,30,0.3,"[5347.288386088495, 5.639895439147949]"
F172013,30,30,0.4,"[5347.388360506623, 7.6458868980407715]"
F172013,30,30,0.5,"[5347.610107794192, 9.708637714385986]"
F172013,30,30,0.6,"[5347.237113412136, 11.5266432762146]"
F172013,30,30,0.7,"[5347.419028831865, 13.353923559188843]"
F172013,30,30,0.8,"[5347.52998621058, 15.535746335983276]"
F172013,30,30,0.9,"[5347.385281731128, 17.453311681747437]"
F172013,30,30,1.0,"[5347.452691036584, 19.425390481948853]"
F172013,30,31,0.01,"[4832.451473428265, 0.20359396934509277]"
F172013,30,31,0.1,"[4832.563557413266, 1.8343122005462646]"
F172013,30,31,0.2,"[4832.773977692936, 3.731748104095459]"
F172013,30,31,0.3,"[4832.547849912735, 5.620636701583862]"
F172013,30,31,0.4,"[4832.9121733359725, 7.443798065185547]"
F172013,30,31,0.5,"[4832.548599489757, 9.26930546760559]"
F172013,30,31,0.6,"[4832.566613229117, 11.089164972305298]"
F172013,30,31,0.7,"[4832.81795760799, 12.937116146087646]"
F172013,30,31,0.8,"[4832.678384704378, 14.75801706314087]"
F172013,30,31,0.9,"[4832.742479137426, 16.606365203857422]"
F172013,30,31,1.0,"[4832.625786181554, 18.572357416152954]"
F172013,30,32,0.01,"[5713.297766358462, 0.18264412879943848]"
F172013,30,32,0.1,"[5713.590275258002, 1.777308464050293]"
F172013,30,32,0.2,"[5713.437905764468, 3.590708017349243]"
F172013,30,32,0.3,"[5713.4006103004585, 5.444800853729248]"
F172013,30,32,0.4,"[5713.3306179819465, 7.273887634277344]"
F172013,30,32,0.5,"[5713.667095536207, 9.090320825576782]"
F172013,30,32,0.6,"[5713.391528579276, 10.904217720031738]"
F172013,30,32,0.7,"[5713.423296398502, 12.716527223587036]"
F172013,30,32,0.8,"[5713.44226560995, 14.543815851211548]"
F172013,30,32,0.9,"[5713.522409612226, 16.37759494781494]"
F172013,30,32,1.0,"[5713.558537201406, 18.22865629196167]"
F172013,30,33,0.01,"[5091.032260426708, 0.21777606010437012]"
F172013,30,33,0.1,"[5091.042829619526, 1.783531904220581]"
F172013,30,33,0.2,"[5091.147619826573, 3.522043466567993]"
F172013,30,33,0.3,"[5091.119308077309, 5.255849123001099]"
F172013,30,33,0.4,"[5091.098884706945, 6.986218690872192]"
F172013,30,33,0.5,"[5091.367598065881, 8.770816087722778]"
F172013,30,33,0.6,"[5091.480130071329, 10.527924060821533]"
F172013,30,33,0.7,"[5091.142326385448, 12.259120464324951]"
F172013,30,33,0.8,"[5091.099515493559, 13.987345457077026]"
F172013,30,33,0.9,"[5091.345210884783, 15.890015363693237]"
F172013,30,33,1.0,"[5091.232735995283, 17.80109691619873]"
F172013,30,34,0.01,"[3515.9291276610315, 0.4954679012298584]"
F172013,30,34,0.1,"[3516.1856615247166, 2.1352901458740234]"
F172013,30,34,0.2,"[3515.959497027545, 4.030026435852051]"
F172013,30,34,0.3,"[3516.2983050448415, 5.857827425003052]"
F172013,30,34,0.4,"[3516.0289511907054, 7.6101908683776855]"
F172013,30,34,0.5,"[3516.252544290151, 9.354413032531738]"
F172013,30,34,0.6,"[3516.2798733762324, 11.098506212234497]"
F172013,30,34,0.7,"[3516.0604590279922, 12.842964887619019]"
F172013,30,34,0.8,"[3516.4834405238075, 14.583851337432861]"
F172013,30,34,0.9,"[3516.0049918298455, 16.340304374694824]"
F172013,30,34,1.0,"[3516.0304143756175, 18.13308310508728]"
F172013,30,35,0.01,"[3582.799878818087, 0.46932506561279297]"
F172013,30,35,0.1,"[3583.320333941414, 2.1172080039978027]"
F172013,30,35,0.2,"[3582.9724791629715, 3.870854616165161]"
F172013,30,35,0.3,"[3583.0100746163353, 5.619687795639038]"
F172013,30,35,0.4,"[3582.85833869565, 7.361891508102417]"
F172013,30,35,0.5,"[3582.853405234195, 9.111963272094727]"
F172013,30,35,0.6,"[3582.838874918664, 10.930600881576538]"
F172013,30,35,0.7,"[3582.8757477015483, 12.778002500534058]"
F172013,30,35,0.8,"[3582.850399416749, 14.616032838821411]"
F172013,30,35,0.9,"[3583.1688876676835, 16.466090202331543]"
F172013,30,35,1.0,"[3582.8596450128803, 18.316816568374634]"
F172013,30,36,0.01,"[4526.0549664413165, 0.23126935958862305]"
F172013,30,36,0.1,"[4526.118044695308, 1.9329643249511719]"
F172013,30,36,0.2,"[4526.243164528325, 3.8188014030456543]"
F172013,30,36,0.3,"[4526.183737593407, 5.707767009735107]"
F172013,30,36,0.4,"[4526.092361289169, 7.582250118255615]"
F172013,30,36,0.5,"[4526.428934901651, 9.395210981369019]"
F172013,30,36,0.6,"[4526.284260870001, 11.224432706832886]"
F172013,30,36,0.7,"[4526.117218554628, 13.025978088378906]"
F172013,30,36,0.8,"[4526.256926096332, 14.836348295211792]"
F172013,30,36,0.9,"[4526.094991206752, 16.679783821105957]"
F172013,30,36,1.0,"[4526.519153979849, 18.50492572784424]"
F172013,30,37,0.01,"[4051.6292923466244, 0.4955291748046875]"
F172013,30,37,0.1,"[4051.6852588722377, 2.1108009815216064]"
F172013,30,37,0.2,"[4051.6575154397424, 3.9182791709899902]"
F172013,30,37,0.3,"[4051.8646915576046, 5.724716901779175]"
F172013,30,37,0.4,"[4051.718983769586, 7.547277212142944]"
F172013,30,37,0.5,"[4051.755131301734, 9.419542074203491]"
F172013,30,37,0.6,"[4051.846036496714, 11.290405750274658]"
F172013,30,37,0.7,"[4052.05232414123, 13.088219165802002]"
F172013,30,37,0.8,"[4051.809211940006, 14.87210202217102]"
F172013,30,37,0.9,"[4051.926383060085, 16.606818675994873]"
F172013,30,37,1.0,"[4051.7369869619015, 18.34058952331543]"
F172013,30,38,0.01,"[4063.509971638059, 0.17476868629455566]"
F172013,30,38,0.1,"[4063.641280780097, 1.7619621753692627]"
F172013,30,38,0.2,"[4063.6612561626007, 3.6044576168060303]"
F172013,30,38,0.3,"[4063.6150404182235, 5.544129371643066]"
F172013,30,38,0.4,"[4063.7942226995074, 7.410570383071899]"
F172013,30,38,0.5,"[4063.70996522277, 9.279865980148315]"
F172013,30,38,0.6,"[4063.7944963820555, 11.152318000793457]"
F172013,30,38,0.7,"[4063.671445671038, 13.023905038833618]"
F172013,30,38,0.8,"[4063.802992658593, 14.905885934829712]"
F172013,30,38,0.9,"[4063.7607232203463, 16.802115201950073]"
F172013,30,38,1.0,"[4063.683609233365, 18.661843299865723]"
F172013,30,39,0.01,"[3463.769229826776, 0.39130640029907227]"
F172013,30,39,0.1,"[3463.7919475608414, 2.0050339698791504]"
F172013,30,39,0.2,"[3464.122822493119, 3.7536990642547607]"
F172013,30,39,0.3,"[3463.791834722828, 5.528236389160156]"
F172013,30,39,0.4,"[3463.8677762920684, 8.187473773956299]"
F172013,30,39,0.5,"[3463.9926863951846, 10.070439338684082]"
F172013,30,39,0.6,"[3463.9952273855756, 11.948734521865845]"
F172013,30,39,0.7,"[3464.112221756647, 13.823967695236206]"
F172013,30,39,0.8,"[3463.8810596784233, 15.70011830329895]"
F172013,30,39,0.9,"[3464.4375661293066, 17.65169334411621]"
F172013,30,39,1.0,"[3463.817651620051, 19.46575093269348]"
F172013,30,40,0.01,"[2818.3377902971433, 0.3663754463195801]"
F172013,30,40,0.1,"[2818.6367441914094, 2.0486080646514893]"
F172013,30,40,0.2,"[2818.8646635827868, 3.8537840843200684]"
F172013,30,40,0.3,"[2818.590589028647, 5.660714387893677]"
F172013,30,40,0.4,"[2818.622155728502, 7.466251373291016]"
F172013,30,40,0.5,"[2819.186134574949, 9.349358081817627]"
F172013,30,40,0.6,"[2818.472764268691, 11.229560375213623]"
F172013,30,40,0.7,"[2818.755584638361, 13.099561214447021]"
F172013,30,40,0.8,"[2818.734024040028, 14.903834819793701]"
F172013,30,40,0.9,"[2818.5852035068533, 16.768713235855103]"
F172013,30,40,1.0,"[2818.7234609826073, 18.6462881565094]"
F172013,30,41,0.01,"[3957.2222594396335, 0.17577338218688965]"
F172013,30,41,0.1,"[3957.3172231772405, 1.739866018295288]"
F172013,30,41,0.2,"[3957.3707024270207, 3.476433515548706]"
F172013,30,41,0.3,"[3957.351532322814, 5.210584878921509]"
F172013,30,41,0.4,"[3957.2578614133536, 6.937712669372559]"
F172013,30,41,0.5,"[3957.2421897344702, 8.670153856277466]"
F172013,30,41,0.6,"[3957.2902912807003, 10.400361061096191]"
F172013,30,41,0.7,"[3957.2666834571028, 12.135587692260742]"
F172013,30,41,0.8,"[3957.600175045738, 13.869628190994263]"
F172013,30,41,0.9,"[3957.366886821792, 15.606534004211426]"
F172013,30,41,1.0,"[3957.5358441112276, 17.339900255203247]"
F172013,30,42,0.01,"[4335.035706257507, 0.3584885597229004]"
F172013,30,42,0.1,"[4335.129074077971, 2.165538787841797]"
F172013,30,42,0.2,"[4335.207240397447, 4.062229871749878]"
F172013,30,42,0.3,"[4335.165797055156, 5.958908319473267]"
F172013,30,42,0.4,"[4335.413167352661, 7.849306344985962]"
F172013,30,42,0.5,"[4335.197858077943, 9.731225728988647]"
F172013,30,42,0.6,"[4335.258949970927, 11.611347913742065]"
F172013,30,42,0.7,"[4335.2165327527255, 13.499053716659546]"
F172013,30,42,0.8,"[4335.218083603638, 15.429635524749756]"
F172013,30,42,0.9,"[4335.097860998821, 17.564461946487427]"
F172013,30,42,1.0,"[4335.123723236264, 19.432512044906616]"
F172013,30,43,0.01,"[3974.4973885183754, 0.37027692794799805]"
F172013,30,43,0.1,"[3974.851209707027, 2.0467212200164795]"
F172013,30,43,0.2,"[3974.622866386403, 3.89806866645813]"
F172013,30,43,0.3,"[3974.661329171484, 5.747601509094238]"
F172013,30,43,0.4,"[3974.8386247991384, 7.562286615371704]"
F172013,30,43,0.5,"[3974.8052435441477, 9.350418329238892]"
F172013,30,43,0.6,"[3974.896637130685, 11.141003370285034]"
F172013,30,43,0.7,"[3974.7719128471454, 12.94185733795166]"
F172013,30,43,0.8,"[3974.6217044188497, 14.723764181137085]"
F172013,30,43,0.9,"[3974.5148331181645, 16.515320539474487]"
F172013,30,43,1.0,"[3974.6916030354405, 18.307804107666016]"
F172013,30,44,0.01,"[4054.4326881556935, 0.17555546760559082]"
F172013,30,44,0.1,"[4054.4818234620398, 1.7395961284637451]"
F172013,30,44,0.2,"[4054.6039291477427, 3.4759740829467773]"
F172013,30,44,0.3,"[4054.980372284779, 5.207402229309082]"
F172013,30,44,0.4,"[4054.550735336503, 6.92889666557312]"
F172013,30,44,0.5,"[4054.8667569779627, 8.655449867248535]"
F172013,30,44,0.6,"[4054.7330805424026, 10.389864683151245]"
F172013,30,44,0.7,"[4054.615037244278, 12.246999025344849]"
F172013,30,44,0.8,"[4054.781008798991, 14.09410047531128]"
F172013,30,44,0.9,"[4054.573411162799, 15.927575588226318]"
F172013,30,44,1.0,"[4054.8331528854596, 17.795526027679443]"
F172013,30,45,0.01,"[4278.507925862616, 0.3389558792114258]"
F172013,30,45,0.1,"[4278.585567585527, 1.9031894207000732]"
F172013,30,45,0.2,"[4278.87407939751, 3.637532949447632]"
F172013,30,45,0.3,"[4278.785026273091, 5.392320156097412]"
F172013,30,45,0.4,"[4278.735673036777, 7.191218614578247]"
F172013,30,45,0.5,"[4278.523219840563, 9.19850468635559]"
F172013,30,45,0.6,"[4278.579343072167, 10.924423933029175]"
F172013,30,45,0.7,"[4278.831728378328, 12.649950981140137]"
F172013,30,45,0.8,"[4278.851726263075, 14.374630451202393]"
F172013,30,45,0.9,"[4278.539329480105, 16.193852186203003]"
F172013,30,45,1.0,"[4278.591247045901, 18.02481722831726]"
F172013,30,46,0.01,"[4961.016759770535, 0.251375675201416]"
F172013,30,46,0.1,"[4961.1121175008375, 1.8917124271392822]"
F172013,30,46,0.2,"[4961.111787730839, 3.7053842544555664]"
F172013,30,46,0.3,"[4961.053123784036, 5.517845630645752]"
F172013,30,46,0.4,"[4961.074889881606, 7.325570344924927]"
F172013,30,46,0.5,"[4961.18569092117, 9.13906192779541]"
F172013,30,46,0.6,"[4961.150376793118, 10.94998812675476]"
F172013,30,46,0.7,"[4961.159725043275, 12.764718532562256]"
F172013,30,46,0.8,"[4961.026166975084, 14.577833890914917]"
F172013,30,46,0.9,"[4961.164113424318, 16.392279863357544]"
F172013,30,46,1.0,"[4961.276974408156, 18.261402368545532]"
F172013,30,47,0.01,"[3064.8267900443975, 0.35495448112487793]"
F172013,30,47,0.1,"[3065.0221566495798, 1.915792465209961]"
F172013,30,47,0.2,"[3064.8982880035064, 3.647033929824829]"
F172013,30,47,0.3,"[3065.2864466635606, 5.3784754276275635]"
F172013,30,47,0.4,"[3064.923007902023, 7.107666492462158]"
F172013,30,47,0.5,"[3065.1351983058776, 8.943137884140015]"
F172013,30,47,0.6,"[3065.031956373585, 10.795084476470947]"
F172013,30,47,0.7,"[3064.9459199485555, 12.656498432159424]"
F172013,30,47,0.8,"[3065.0409149862785, 14.522108554840088]"
F172013,30,47,0.9,"[3064.912004775819, 16.38756036758423]"
F172013,30,47,1.0,"[3064.860377486902, 18.24904751777649]"
F172013,30,48,0.01,"[2950.3527582089932, 0.1743166446685791]"
F172013,30,48,0.1,"[2950.4391720567237, 1.7386982440948486]"
F172013,30,48,0.2,"[2950.4698365280415, 3.4852612018585205]"
F172013,30,48,0.3,"[2950.454657482363, 5.230954647064209]"
F172013,30,48,0.4,"[2950.763919008123, 6.976247072219849]"
F172013,30,48,0.5,"[2950.4727605238227, 8.714511156082153]"
F172013,30,48,0.6,"[2950.426034601582, 10.437453269958496]"
F172013,30,48,0.7,"[2950.6084834814833, 12.170139074325562]"
F172013,30,48,0.8,"[2950.4712521192628, 13.889683246612549]"
F172013,30,48,0.9,"[2950.410487748831, 15.617634057998657]"
F172013,30,48,1.0,"[2950.7777982234265, 17.342400550842285]"
F172013,30,49,0.01,"[3366.9645800192066, 0.1743459701538086]"
F172013,30,49,0.1,"[3366.992789251513, 1.725691318511963]"
F172013,30,49,0.2,"[3367.1395062174233, 3.4824471473693848]"
F172013,30,49,0.3,"[3367.131163838782, 5.361414670944214]"
F172013,30,49,0.4,"[3367.4048273760095, 7.227062225341797]"
F172013,30,49,0.5,"[3367.515778129045, 9.117095232009888]"
F172013,30,49,0.6,"[3367.4295292968623, 10.924386262893677]"
F172013,30,49,0.7,"[3367.1025219636517, 12.793358087539673]"
F172013,30,49,0.8,"[3367.2008436229653, 14.649020195007324]"
F172013,30,49,0.9,"[3367.19970179406, 16.504923820495605]"
F172013,30,49,1.0,"[3366.982833903881, 18.420779943466187]"
F172013,30,50,0.01,"[3317.969095736978, 0.1812276840209961]"
F172013,30,50,0.1,"[3318.2361949641013, 1.8131659030914307]"
F172013,30,50,0.2,"[3318.0091973515523, 3.5867912769317627]"
F172013,30,50,0.3,"[3318.102833024025, 5.323723554611206]"
F172013,30,50,0.4,"[3318.388099493277, 7.055463552474976]"
F172013,30,50,0.5,"[3318.2716455511604, 8.784179210662842]"
F172013,30,50,0.6,"[3318.0565727872568, 10.516043186187744]"
F172013,30,50,0.7,"[3318.107714286266, 12.286435604095459]"
F172013,30,50,0.8,"[3318.252465963212, 14.138739347457886]"
F172013,30,50,0.9,"[3318.4376315170653, 15.999528646469116]"
F172013,30,50,1.0,"[3318.1146218012045, 17.853411436080933]"
F172013,50,0,0.01,"[7657.789982071424, 0.3012526035308838]"
F172013,50,0,0.1,"[7658.040503575709, 3.5819458961486816]"
F172013,50,0,0.2,"[7658.101964059815, 6.554785966873169]"
F172013,50,0,0.3,"[7658.138135244367, 9.513324499130249]"
F172013,50,0,0.4,"[7658.424632098141, 12.482094764709473]"
F172013,50,0,0.5,"[7657.869497805153, 15.452199935913086]"
F172013,50,0,0.6,"[7658.156877909615, 18.413970470428467]"
F172013,50,0,0.7,"[7658.167097549413, 21.367714405059814]"
F172013,50,0,0.8,"[7658.263565097845, 24.32377791404724]"
F172013,50,0,0.9,"[7658.303774753031, 27.276408433914185]"
F172013,50,0,1.0,"[7657.954700415502, 30.227102518081665]"
F172013,50,1,0.01,"[6169.323747332753, 0.3020024299621582]"
F172013,50,1,0.1,"[6170.068437546612, 2.9826366901397705]"
F172013,50,1,0.2,"[6169.653245688279, 5.9488525390625]"
F172013,50,1,0.3,"[6169.618925433453, 8.917609691619873]"
F172013,50,1,0.4,"[6169.497989513532, 11.89670205116272]"
F172013,50,1,0.5,"[6169.5925568927305, 14.884178638458252]"
F172013,50,1,0.6,"[6169.585654998892, 17.87362289428711]"
F172013,50,1,0.7,"[6169.641194418237, 20.861550092697144]"
F172013,50,1,0.8,"[6170.101098732802, 23.860105752944946]"
F172013,50,1,0.9,"[6169.573931741763, 26.85501980781555]"
F172013,50,1,1.0,"[6169.823366757183, 29.849210023880005]"
F172013,50,2,0.01,"[7843.325549230843, 0.2979164123535156]"
F172013,50,2,0.1,"[7844.060364017425, 3.0557942390441895]"
F172013,50,2,0.2,"[7843.712170163903, 6.018397808074951]"
F172013,50,2,0.3,"[7843.773798566274, 8.97182822227478]"
F172013,50,2,0.4,"[7843.699187064582, 11.937649011611938]"
F172013,50,2,0.5,"[7843.489282730515, 14.913252353668213]"
F172013,50,2,0.6,"[7843.467267129991, 17.89033341407776]"
F172013,50,2,0.7,"[7843.916659849636, 20.86301040649414]"
F172013,50,2,0.8,"[7843.829082090819, 23.842689275741577]"
F172013,50,2,0.9,"[7843.426586900825, 26.823024034500122]"
F172013,50,2,1.0,"[7843.923476180546, 29.798931121826172]"
F172013,50,3,0.01,"[7707.156835531458, 0.297696590423584]"
F172013,50,3,0.1,"[7707.283505380149, 3.127331495285034]"
F172013,50,3,0.2,"[7707.689499366794, 6.059740304946899]"
F172013,50,3,0.3,"[7708.019139120402, 8.987114667892456]"
F172013,50,3,0.4,"[7707.435322731285, 11.93024754524231]"
F172013,50,3,0.5,"[7707.446178449461, 14.868906259536743]"
F172013,50,3,0.6,"[7707.27761758519, 17.809383392333984]"
F172013,50,3,0.7,"[7707.304789905735, 20.743210554122925]"
F172013,50,3,0.8,"[7707.201500616137, 23.682745695114136]"
F172013,50,3,0.9,"[7707.387455939816, 26.619399309158325]"
F172013,50,3,1.0,"[7707.205116137921, 29.55599308013916]"
F172013,50,4,0.01,"[7447.384313698143, 0.29801464080810547]"
F172013,50,4,0.1,"[7447.474515456685, 3.040470838546753]"
F172013,50,4,0.2,"[7447.5399790345355, 5.976050853729248]"
F172013,50,4,0.3,"[7447.537988566735, 8.913206577301025]"
F172013,50,4,0.4,"[7447.574792257658, 11.856366634368896]"
F172013,50,4,0.5,"[7447.500887186564, 14.815572023391724]"
F172013,50,4,0.6,"[7447.662883458123, 17.779250383377075]"
F172013,50,4,0.7,"[7447.715369005472, 20.729825735092163]"
F172013,50,4,0.8,"[7447.625124471011, 23.70102882385254]"
F172013,50,4,0.9,"[7447.654726925745, 26.66202473640442]"
F172013,50,4,1.0,"[7447.721328780888, 29.61365246772766]"
F172013,50,5,0.01,"[7173.704533122473, 0.2997431755065918]"
F172013,50,5,0.1,"[7174.2492584970205, 2.981327772140503]"
F172013,50,5,0.2,"[7174.127551838955, 5.963434934616089]"
F172013,50,5,0.3,"[7173.845561773159, 8.940730333328247]"
F172013,50,5,0.4,"[7173.924425253837, 11.93155813217163]"
F172013,50,5,0.5,"[7173.936769792852, 14.933599472045898]"
F172013,50,5,0.6,"[7174.015145033211, 17.936157703399658]"
F172013,50,5,0.7,"[7173.846175269267, 20.93255591392517]"
F172013,50,5,0.8,"[7173.899874169971, 23.919673204421997]"
F172013,50,5,0.9,"[7174.22269598856, 26.908089876174927]"
F172013,50,5,1.0,"[7174.00665505633, 29.895724773406982]"
F172013,50,6,0.01,"[7820.966001146596, 0.3056144714355469]"
F172013,50,6,0.1,"[7821.1114439013745, 3.5768117904663086]"
F172013,50,6,0.2,"[7821.276108323212, 6.549278259277344]"
F172013,50,6,0.3,"[7821.1652007715775, 9.511848211288452]"
F172013,50,6,0.4,"[7821.480879684389, 12.500091552734375]"
F172013,50,6,0.5,"[7821.468786241667, 15.492308855056763]"
F172013,50,6,0.6,"[7821.339001573861, 18.48601484298706]"
F172013,50,6,0.7,"[7821.099412712167, 21.47265911102295]"
F172013,50,6,0.8,"[7821.387755347651, 24.463473081588745]"
F172013,50,6,0.9,"[7821.300119043634, 27.454417943954468]"
F172013,50,6,1.0,"[7821.1185713581735, 30.456088066101074]"
F172013,50,7,0.01,"[7394.971194294749, 0.2987968921661377]"
F172013,50,7,0.1,"[7395.3611387819265, 4.197347402572632]"
F172013,50,7,0.2,"[7395.186166653728, 7.230578899383545]"
F172013,50,7,0.3,"[7395.624578400921, 10.329473972320557]"
F172013,50,7,0.4,"[7395.091472352913, 13.4254310131073]"
F172013,50,7,0.5,"[7395.517932426341, 16.47102451324463]"
F172013,50,7,0.6,"[7395.110507513292, 19.47031021118164]"
F172013,50,7,0.7,"[7395.101393018167, 22.45584726333618]"
F172013,50,7,0.8,"[7395.093134729629, 25.44574761390686]"
F172013,50,7,0.9,"[7395.223319618066, 28.442418336868286]"
F172013,50,7,1.0,"[7395.203870812093, 31.430057287216187]"
F172013,50,8,0.01,"[6792.083198269766, 0.3586249351501465]"
F172013,50,8,0.1,"[6792.7223637656925, 3.1477866172790527]"
F172013,50,8,0.2,"[6792.668308841213, 6.137555360794067]"
F172013,50,8,0.3,"[6792.2749125797145, 9.117016792297363]"
F172013,50,8,0.4,"[6792.471792850234, 12.122211933135986]"
F172013,50,8,0.5,"[6792.31950889136, 15.136666059494019]"
F172013,50,8,0.6,"[6792.523290480829, 18.154183626174927]"
F172013,50,8,0.7,"[6792.435478644761, 21.15737819671631]"
F172013,50,8,0.8,"[6792.183793968006, 24.160287618637085]"
F172013,50,8,0.9,"[6792.289042101065, 27.156566619873047]"
F172013,50,8,1.0,"[6792.293194271848, 30.157188653945923]"
F172013,50,9,0.01,"[6352.693524086246, 0.29930663108825684]"
F172013,50,9,0.1,"[6352.989929955402, 3.969616174697876]"
F172013,50,9,0.2,"[6352.761852774763, 7.532330274581909]"
F172013,50,9,0.3,"[6353.104734283157, 11.091002702713013]"
F172013,50,9,0.4,"[6352.846295538205, 14.670534610748291]"
F172013,50,9,0.5,"[6353.094098764537, 18.2476646900177]"
F172013,50,9,0.6,"[6353.136602085861, 21.827821254730225]"
F172013,50,9,0.7,"[6352.80266655791, 25.40215826034546]"
F172013,50,9,0.8,"[6352.8545868160845, 28.975619077682495]"
F172013,50,9,0.9,"[6353.226531069342, 32.385241746902466]"
F172013,50,9,1.0,"[6353.323823438456, 35.945152759552]"
F172013,50,10,0.01,"[7307.32852928973, 0.3012998104095459]"
F172013,50,10,0.1,"[7307.439447343534, 3.261131763458252]"
F172013,50,10,0.2,"[7307.609850849476, 6.236076593399048]"
F172013,50,10,0.3,"[7307.51859416182, 9.201915979385376]"
F172013,50,10,0.4,"[7307.442688846224, 12.170319080352783]"
F172013,50,10,0.5,"[7307.551410226273, 15.131467342376709]"
F172013,50,10,0.6,"[7307.477965250301, 18.098178148269653]"
F172013,50,10,0.7,"[7307.931190828814, 21.06029486656189]"
F172013,50,10,0.8,"[7307.645904827472, 24.031630039215088]"
F172013,50,10,0.9,"[7307.64791547508, 26.991868019104004]"
F172013,50,10,1.0,"[7307.684958985987, 29.951208353042603]"
F172013,50,11,0.01,"[8960.202681639112, 0.30005407333374023]"
F172013,50,11,0.1,"[8960.687248868737, 2.974839925765991]"
F172013,50,11,0.2,"[8960.400242720494, 5.942843675613403]"
F172013,50,11,0.3,"[8960.523425301644, 8.912536859512329]"
F172013,50,11,0.4,"[8960.397666514828, 11.890007734298706]"
F172013,50,11,0.5,"[8960.527997320136, 14.868213653564453]"
F172013,50,11,0.6,"[8960.489966354133, 17.859999656677246]"
F172013,50,11,0.7,"[8960.578860123369, 20.853105068206787]"
F172013,50,11,0.8,"[8960.29359930562, 23.84852910041809]"
F172013,50,11,0.9,"[8960.33762511061, 26.84132432937622]"
F172013,50,11,1.0,"[8960.60572192504, 29.82814359664917]"
F172013,50,12,0.01,"[7066.939345129271, 0.30060768127441406]"
F172013,50,12,0.1,"[7067.364248391879, 2.9694037437438965]"
F172013,50,12,0.2,"[7067.0669155425685, 5.932496786117554]"
F172013,50,12,0.3,"[7067.541448140093, 8.891528844833374]"
F172013,50,12,0.4,"[7067.382159013177, 11.860610008239746]"
F172013,50,12,0.5,"[7067.14506380571, 14.824442625045776]"
F172013,50,12,0.6,"[7067.2498906765695, 17.791861295700073]"
F172013,50,12,0.7,"[7067.458750295495, 20.75055503845215]"
F172013,50,12,0.8,"[7067.218451805368, 23.705650091171265]"
F172013,50,12,0.9,"[7067.185578087603, 26.66482949256897]"
F172013,50,12,1.0,"[7067.382539892651, 29.622543811798096]"
F172013,50,13,0.01,"[6192.101132849914, 0.29969167709350586]"
F172013,50,13,0.1,"[6192.249831455057, 2.9753191471099854]"
F172013,50,13,0.2,"[6192.64829589506, 5.952662229537964]"
F172013,50,13,0.3,"[6192.425577274049, 8.922102451324463]"
F172013,50,13,0.4,"[6192.287796675415, 11.883718729019165]"
F172013,50,13,0.5,"[6192.518072562059, 14.839555740356445]"
F172013,50,13,0.6,"[6192.46284727421, 17.80300283432007]"
F172013,50,13,0.7,"[6192.233663889117, 20.768436193466187]"
F172013,50,13,0.8,"[6192.2461365399295, 23.731862783432007]"
F172013,50,13,0.9,"[6192.25003952475, 26.697168827056885]"
F172013,50,13,1.0,"[6192.196942289687, 29.659210443496704]"
F172013,50,14,0.01,"[6419.653310983945, 0.29869771003723145]"
F172013,50,14,0.1,"[6419.9276925338345, 2.9664812088012695]"
F172013,50,14,0.2,"[6420.109377739973, 5.928951025009155]"
F172013,50,14,0.3,"[6419.748528558847, 10.781530141830444]"
F172013,50,14,0.4,"[6419.908432566662, 16.746137142181396]"
F172013,50,14,0.5,"[6419.973628807836, 22.739898920059204]"
F172013,50,14,0.6,"[6420.038405358555, 28.7363178730011]"
F172013,50,14,0.7,"[6419.9555977863165, 32.087533473968506]"
F172013,50,14,0.8,"[6419.750679510591, 35.073668479919434]"
F172013,50,14,0.9,"[6419.9571466861225, 38.0662522315979]"
F172013,50,14,1.0,"[6419.851057420484, 41.054426431655884]"
F172013,50,15,0.01,"[6454.999069216192, 0.30003976821899414]"
F172013,50,15,0.1,"[6455.1749964727405, 2.9958481788635254]"
F172013,50,15,0.2,"[6455.431166972783, 5.967267036437988]"
F172013,50,15,0.3,"[6455.239593747954, 8.942460775375366]"
F172013,50,15,0.4,"[6455.130087471015, 11.926274061203003]"
F172013,50,15,0.5,"[6455.508779696424, 14.923190832138062]"
F172013,50,15,0.6,"[6455.15599199122, 17.924383640289307]"
F172013,50,15,0.7,"[6455.163302619211, 20.91698408126831]"
F172013,50,15,0.8,"[6455.416084793629, 23.920867443084717]"
F172013,50,15,0.9,"[6455.109363524726, 26.91776704788208]"
F172013,50,15,1.0,"[6455.139138835343, 29.910064458847046]"
F172013,50,16,0.01,"[8784.023890012068, 0.2992110252380371]"
F172013,50,16,0.1,"[8784.828483921907, 2.9774010181427]"
F172013,50,16,0.2,"[8784.341666449192, 5.959388971328735]"
F172013,50,16,0.3,"[8784.430827262835, 8.926917552947998]"
F172013,50,16,0.4,"[8784.263733298958, 11.891463994979858]"
F172013,50,16,0.5,"[8784.391068729059, 14.847772121429443]"
F172013,50,16,0.6,"[8784.227563661187, 17.81267786026001]"
F172013,50,16,0.7,"[8784.415361537485, 20.778447151184082]"
F172013,50,16,0.8,"[8784.650514180958, 23.74332547187805]"
F172013,50,16,0.9,"[8784.18237722262, 26.711833953857422]"
F172013,50,16,1.0,"[8784.149541012308, 29.680806636810303]"
F172013,50,17,0.01,"[7178.5625767687825, 0.29731202125549316]"
F172013,50,17,0.1,"[7178.820043571616, 2.9385509490966797]"
F172013,50,17,0.2,"[7178.944571940823, 5.871514081954956]"
F172013,50,17,0.3,"[7178.965709660092, 8.802285432815552]"
F172013,50,17,0.4,"[7179.172426500527, 11.738147258758545]"
F172013,50,17,0.5,"[7178.715220864632, 14.666415452957153]"
F172013,50,17,0.6,"[7178.89751918809, 17.599843978881836]"
F172013,50,17,0.7,"[7179.015678332131, 20.532455682754517]"
F172013,50,17,0.8,"[7178.954475272603, 23.466432571411133]"
F172013,50,17,0.9,"[7179.239840345441, 26.392388343811035]"
F172013,50,17,1.0,"[7178.735340489981, 29.322182178497314]"
F172013,50,18,0.01,"[5076.921436878409, 0.2978098392486572]"
F172013,50,18,0.1,"[5077.155558003532, 2.9440059661865234]"
F172013,50,18,0.2,"[5077.11567001396, 5.8840415477752686]"
F172013,50,18,0.3,"[5077.191713759691, 8.825334548950195]"
F172013,50,18,0.4,"[5077.012786805844, 11.762576341629028]"
F172013,50,18,0.5,"[5077.147814000924, 14.70378851890564]"
F172013,50,18,0.6,"[5077.221199041795, 17.652480602264404]"
F172013,50,18,0.7,"[5077.169421891842, 20.58563804626465]"
F172013,50,18,0.8,"[5077.519480851851, 23.533581495285034]"
F172013,50,18,0.9,"[5077.072538075284, 26.478185653686523]"
F172013,50,18,1.0,"[5076.997396639179, 29.420087337493896]"
F172013,50,19,0.01,"[6952.77656446369, 0.2980666160583496]"
F172013,50,19,0.1,"[6953.376577379312, 2.9424033164978027]"
F172013,50,19,0.2,"[6953.095379330069, 5.881417751312256]"
F172013,50,19,0.3,"[6952.85204388669, 8.812258243560791]"
F172013,50,19,0.4,"[6952.8256775678765, 11.748023986816406]"
F172013,50,19,0.5,"[6952.9332017772695, 14.679798603057861]"
F172013,50,19,0.6,"[6952.971520764092, 17.616931915283203]"
F172013,50,19,0.7,"[6953.128560480901, 20.549864053726196]"
F172013,50,19,0.8,"[6952.9765713310135, 23.481607675552368]"
F172013,50,19,0.9,"[6952.9150125329, 26.407796144485474]"
F172013,50,19,1.0,"[6953.090947125442, 29.33416724205017]"
F172013,50,20,0.01,"[7944.637530681801, 0.2996082305908203]"
F172013,50,20,0.1,"[7944.971698382851, 2.9564945697784424]"
F172013,50,20,0.2,"[7944.941830023015, 5.9073309898376465]"
F172013,50,20,0.3,"[7944.737422773647, 8.854021787643433]"
F172013,50,20,0.4,"[7944.754686654334, 11.80742359161377]"
F172013,50,20,0.5,"[7944.869074948107, 14.767716884613037]"
F172013,50,20,0.6,"[7944.6911487949965, 17.737452507019043]"
F172013,50,20,0.7,"[7944.789230799173, 20.694828033447266]"
F172013,50,20,0.8,"[7945.073579664335, 23.661900997161865]"
F172013,50,20,0.9,"[7945.370971860219, 26.619343042373657]"
F172013,50,20,1.0,"[7944.943989554857, 29.578246593475342]"
F172013,50,21,0.01,"[7147.570699183432, 0.32309436798095703]"
F172013,50,21,0.1,"[7147.915617232725, 2.960366725921631]"
F172013,50,21,0.2,"[7147.81418947996, 5.892723321914673]"
F172013,50,21,0.3,"[7147.8204111494915, 8.822402477264404]"
F172013,50,21,0.4,"[7147.8444495104495, 11.747489929199219]"
F172013,50,21,0.5,"[7147.816659546663, 14.667437314987183]"
F172013,50,21,0.6,"[7147.683890075323, 17.59425377845764]"
F172013,50,21,0.7,"[7147.691819984169, 20.511329174041748]"
F172013,50,21,0.8,"[7147.9371393566325, 23.438466548919678]"
F172013,50,21,0.9,"[7147.698574899502, 26.356649160385132]"
F172013,50,21,1.0,"[7148.0527506968365, 29.272392988204956]"
F172013,50,22,0.01,"[7280.918112186432, 0.3363521099090576]"
F172013,50,22,0.1,"[7280.9703382399175, 2.9889094829559326]"
F172013,50,22,0.2,"[7281.30497199418, 5.93282413482666]"
F172013,50,22,0.3,"[7281.257879735957, 8.874088764190674]"
F172013,50,22,0.4,"[7281.345552574177, 11.818212747573853]"
F172013,50,22,0.5,"[7281.15238157614, 14.755810260772705]"
F172013,50,22,0.6,"[7281.174133291737, 17.70153498649597]"
F172013,50,22,0.7,"[7281.2827662271775, 20.641854524612427]"
F172013,50,22,0.8,"[7280.967739612208, 23.57922339439392]"
F172013,50,22,0.9,"[7281.611211434315, 26.509751558303833]"
F172013,50,22,1.0,"[7281.333693191758, 29.43815326690674]"
F172013,50,23,0.01,"[7012.457209398321, 0.35040807723999023]"
F172013,50,23,0.1,"[7012.569171946533, 3.0176033973693848]"
F172013,50,23,0.2,"[7013.047209457591, 5.987232446670532]"
F172013,50,23,0.3,"[7012.759711955702, 8.95813536643982]"
F172013,50,23,0.4,"[7012.505834076804, 12.457073211669922]"
F172013,50,23,0.5,"[7012.892565360448, 15.426005601882935]"
F172013,50,23,0.6,"[7012.896974385296, 18.397199869155884]"
F172013,50,23,0.7,"[7012.594629690286, 21.361029386520386]"
F172013,50,23,0.8,"[7012.732473492122, 24.327135801315308]"
F172013,50,23,0.9,"[7012.79515257071, 27.291285037994385]"
F172013,50,23,1.0,"[7012.56072205255, 30.270975589752197]"
F172013,50,24,0.01,"[8150.747800915582, 0.29987645149230957]"
F172013,50,24,0.1,"[8150.956959836882, 2.9730780124664307]"
F172013,50,24,0.2,"[8150.932413006212, 6.382702589035034]"
F172013,50,24,0.3,"[8151.098888156945, 9.339282035827637]"
F172013,50,24,0.4,"[8151.020961202874, 12.294294118881226]"
F172013,50,24,0.5,"[8151.022853708073, 15.24338984489441]"
F172013,50,24,0.6,"[8151.031389195145, 18.195783376693726]"
F172013,50,24,0.7,"[8150.944201209888, 21.141889810562134]"
F172013,50,24,0.8,"[8150.949538333436, 24.09633159637451]"
F172013,50,24,0.9,"[8150.891658392746, 27.042890787124634]"
F172013,50,24,1.0,"[8150.91213872976, 29.985480546951294]"
F172013,50,25,0.01,"[7726.011977589022, 0.3409438133239746]"
F172013,50,25,0.1,"[7726.08889545119, 3.0162341594696045]"
F172013,50,25,0.2,"[7726.429583423295, 6.9941534996032715]"
F172013,50,25,0.3,"[7726.375435315559, 12.959999084472656]"
F172013,50,25,0.4,"[7726.294379562366, 18.961761951446533]"
F172013,50,25,0.5,"[7726.078677106115, 24.959712266921997]"
F172013,50,25,0.6,"[7726.077563509735, 30.204302549362183]"
F172013,50,25,0.7,"[7726.262304077993, 33.16486477851868]"
F172013,50,25,0.8,"[7726.378867327517, 36.13497257232666]"
F172013,50,25,0.9,"[7726.389204665173, 39.09566044807434]"
F172013,50,25,1.0,"[7726.174950706253, 42.05728006362915]"
F172013,50,26,0.01,"[6592.600162362307, 0.30321240425109863]"
F172013,50,26,0.1,"[6592.9722507284905, 2.982424259185791]"
F172013,50,26,0.2,"[6592.93885371104, 5.962069034576416]"
F172013,50,26,0.3,"[6592.899461577484, 8.931408166885376]"
F172013,50,26,0.4,"[6593.0344968471645, 11.89633584022522]"
F172013,50,26,0.5,"[6592.7620606896535, 14.85894513130188]"
F172013,50,26,0.6,"[6592.740194773405, 17.825944900512695]"
F172013,50,26,0.7,"[6593.4591890715765, 20.789040565490723]"
F172013,50,26,0.8,"[6593.009134132927, 23.75717067718506]"
F172013,50,26,0.9,"[6592.652664379735, 26.717790126800537]"
F172013,50,26,1.0,"[6593.552327448057, 29.674830675125122]"
F172013,50,27,0.01,"[7028.442086688446, 0.3114047050476074]"
F172013,50,27,0.1,"[7028.972727105126, 2.9697105884552]"
F172013,50,27,0.2,"[7028.676501498872, 5.927973985671997]"
F172013,50,27,0.3,"[7028.824162713623, 8.878000497817993]"
F172013,50,27,0.4,"[7028.589388905205, 11.820495128631592]"
F172013,50,27,0.5,"[7028.85980079353, 14.761770725250244]"
F172013,50,27,0.6,"[7028.809292565173, 17.710073709487915]"
F172013,50,27,0.7,"[7028.6263408282175, 20.659788131713867]"
F172013,50,27,0.8,"[7028.593011138153, 23.60852813720703]"
F172013,50,27,0.9,"[7028.577930817781, 26.555535793304443]"
F172013,50,27,1.0,"[7028.57103907815, 29.499544620513916]"
F172013,50,28,0.01,"[6701.923342994261, 0.3274710178375244]"
F172013,50,28,0.1,"[6702.139189144268, 2.9880716800689697]"
F172013,50,28,0.2,"[6702.332567430558, 5.9363837242126465]"
F172013,50,28,0.3,"[6702.587310586599, 8.88322639465332]"
F172013,50,28,0.4,"[6702.210670758061, 11.896459102630615]"
F172013,50,28,0.5,"[6702.126354883726, 14.861485719680786]"
F172013,50,28,0.6,"[6702.037218984581, 17.837061166763306]"
F172013,50,28,0.7,"[6702.4289916815305, 20.78518009185791]"
F172013,50,28,0.8,"[6702.546710649928, 23.731083393096924]"
F172013,50,28,0.9,"[6702.172123999791, 26.679978370666504]"
F172013,50,28,1.0,"[6702.152260206324, 29.621959924697876]"
F172013,50,29,0.01,"[9363.628983395036, 0.3358328342437744]"
F172013,50,29,0.1,"[9363.902453451281, 3.00710129737854]"
F172013,50,29,0.2,"[9363.960094291615, 5.975661516189575]"
F172013,50,29,0.3,"[9364.005830677812, 8.943153381347656]"
F172013,50,29,0.4,"[9363.771605090416, 11.90805983543396]"
F172013,50,29,0.5,"[9363.976400941065, 14.876998662948608]"
F172013,50,29,0.6,"[9364.209488248758, 17.851815938949585]"
F172013,50,29,0.7,"[9363.897526443448, 20.81517744064331]"
F172013,50,29,0.8,"[9364.016969455712, 23.792588710784912]"
F172013,50,29,0.9,"[9363.92630520469, 26.766393184661865]"
F172013,50,29,1.0,"[9364.178118858186, 29.73055672645569]"
F172013,50,30,0.01,"[6468.232732937044, 0.3015322685241699]"
F172013,50,30,0.1,"[6468.326336783956, 2.971541166305542]"
F172013,50,30,0.2,"[6468.478072937511, 5.937765836715698]"
F172013,50,30,0.3,"[6468.383853223239, 8.906723260879517]"
F172013,50,30,0.4,"[6468.427316079988, 11.877669334411621]"
F172013,50,30,0.5,"[6468.456755182978, 14.848732709884644]"
F172013,50,30,0.6,"[6468.256418315877, 17.82448172569275]"
F172013,50,30,0.7,"[6468.795901068425, 20.788261651992798]"
F172013,50,30,0.8,"[6468.4757261361865, 23.7682044506073]"
F172013,50,30,0.9,"[6468.731020584476, 26.742958307266235]"
F172013,50,30,1.0,"[6468.42725516569, 29.708792448043823]"
F172013,50,31,0.01,"[8685.183392416602, 0.31661391258239746]"
F172013,50,31,0.1,"[8685.639190377728, 2.9894704818725586]"
F172013,50,31,0.2,"[8685.352286831258, 5.968016147613525]"
F172013,50,31,0.3,"[8685.573363564587, 8.937678337097168]"
F172013,50,31,0.4,"[8685.43538350627, 11.916754722595215]"
F172013,50,31,0.5,"[8685.411921601364, 14.89559555053711]"
F172013,50,31,0.6,"[8685.595909703685, 17.88181710243225]"
F172013,50,31,0.7,"[8685.649164600212, 20.856258392333984]"
F172013,50,31,0.8,"[8685.75571729645, 23.84328579902649]"
F172013,50,31,0.9,"[8685.488873246166, 26.821792602539062]"
F172013,50,31,1.0,"[8685.496393596553, 29.80300235748291]"
F172013,50,32,0.01,"[4959.733625422246, 0.3186192512512207]"
F172013,50,32,0.1,"[4959.809920263767, 3.151336669921875]"
F172013,50,32,0.2,"[4960.3534862434835, 6.3790602684021]"
F172013,50,32,0.3,"[4960.1292400918055, 9.450308322906494]"
F172013,50,32,0.4,"[4960.134070343908, 12.551048755645752]"
F172013,50,32,0.5,"[4959.870221395519, 15.673030853271484]"
F172013,50,32,0.6,"[4959.915990239315, 18.8059504032135]"
F172013,50,32,0.7,"[4959.918664479098, 21.92383623123169]"
F172013,50,32,0.8,"[4959.952099232579, 25.051434993743896]"
F172013,50,32,0.9,"[4960.025254191467, 28.173027992248535]"
F172013,50,32,1.0,"[4960.236890192783, 31.323129415512085]"
F172013,50,33,0.01,"[6001.575086884536, 0.3003687858581543]"
F172013,50,33,0.1,"[6001.70152253274, 2.9709837436676025]"
F172013,50,33,0.2,"[6001.788234394743, 5.941813230514526]"
F172013,50,33,0.3,"[6001.794950586424, 8.941547632217407]"
F172013,50,33,0.4,"[6001.813734472774, 12.040526866912842]"
F172013,50,33,0.5,"[6001.766775961388, 14.987484693527222]"
F172013,50,33,0.6,"[6002.053099787015, 17.939595699310303]"
F172013,50,33,0.7,"[6001.909333943002, 20.893264532089233]"
F172013,50,33,0.8,"[6001.762555778227, 23.847658157348633]"
F172013,50,33,0.9,"[6001.864319759044, 26.805509328842163]"
F172013,50,33,1.0,"[6001.648354136559, 29.775320768356323]"
F172013,50,34,0.01,"[4434.002287650131, 0.30091357231140137]"
F172013,50,34,0.1,"[4434.244459782642, 2.975109577178955]"
F172013,50,34,0.2,"[4434.254134184289, 5.946305513381958]"
F172013,50,34,0.3,"[4434.357615402458, 8.91141152381897]"
F172013,50,34,0.4,"[4434.437511773457, 11.869385242462158]"
F172013,50,34,0.5,"[4434.330913280003, 14.825501680374146]"
F172013,50,34,0.6,"[4434.238636661908, 17.79738450050354]"
F172013,50,34,0.7,"[4434.254552086995, 20.780081033706665]"
F172013,50,34,0.8,"[4434.338053993705, 23.759541273117065]"
F172013,50,34,0.9,"[4434.438479053807, 26.735352039337158]"
F172013,50,34,1.0,"[4434.087677337371, 29.707566738128662]"
F172013,50,35,0.01,"[7842.834845847684, 0.30193495750427246]"
F172013,50,35,0.1,"[7843.106275240601, 2.9843852519989014]"
F172013,50,35,0.2,"[7843.331504881444, 5.965015649795532]"
F172013,50,35,0.3,"[7843.020825887559, 9.097670078277588]"
F172013,50,35,0.4,"[7843.418463372557, 12.130755424499512]"
F172013,50,35,0.5,"[7843.366806749015, 15.095995903015137]"
F172013,50,35,0.6,"[7843.204595153443, 18.065353631973267]"
F172013,50,35,0.7,"[7843.405563424192, 21.02633833885193]"
F172013,50,35,0.8,"[7843.0343760265205, 23.9836847782135]"
F172013,50,35,0.9,"[7843.090798323007, 26.938564777374268]"
F172013,50,35,1.0,"[7843.25096097706, 29.89198637008667]"
F172013,50,36,0.01,"[6117.107983477462, 0.3018062114715576]"
F172013,50,36,0.1,"[6117.263501084452, 2.9822988510131836]"
F172013,50,36,0.2,"[6117.446904012558, 6.404324769973755]"
F172013,50,36,0.3,"[6117.23737943273, 9.824998378753662]"
F172013,50,36,0.4,"[6117.457179395927, 12.859477043151855]"
F172013,50,36,0.5,"[6117.330022775303, 15.830346584320068]"
F172013,50,36,0.6,"[6117.178940493796, 18.92861795425415]"
F172013,50,36,0.7,"[6117.356479530722, 22.028032541275024]"
F172013,50,36,0.8,"[6117.266532160856, 25.11754035949707]"
F172013,50,36,0.9,"[6117.271718001024, 28.216396808624268]"
F172013,50,36,1.0,"[6117.3971723021305, 31.298153162002563]"
F172013,50,37,0.01,"[7175.356652891378, 0.3015139102935791]"
F172013,50,37,0.1,"[7175.502490513696, 2.9691755771636963]"
F172013,50,37,0.2,"[7175.761632835421, 6.005614280700684]"
F172013,50,37,0.3,"[7175.947268551031, 8.974156141281128]"
F172013,50,37,0.4,"[7175.520030412549, 11.949310064315796]"
F172013,50,37,0.5,"[7175.855575155588, 14.927783727645874]"
F172013,50,37,0.6,"[7175.541114315133, 17.89481782913208]"
F172013,50,37,0.7,"[7175.910444867167, 20.860010147094727]"
F172013,50,37,0.8,"[7175.69921427188, 23.833396434783936]"
F172013,50,37,0.9,"[7175.594490316562, 26.795349836349487]"
F172013,50,37,1.0,"[7175.774952185114, 29.759412050247192]"
F172013,50,38,0.01,"[7755.737172495825, 0.31585049629211426]"
F172013,50,38,0.1,"[7756.192944952022, 3.110513210296631]"
F172013,50,38,0.2,"[7756.026021110992, 6.316805124282837]"
F172013,50,38,0.3,"[7756.11971602947, 9.990854501724243]"
F172013,50,38,0.4,"[7756.04709320739, 12.954003095626831]"
F172013,50,38,0.5,"[7755.953665156965, 15.908153295516968]"
F172013,50,38,0.6,"[7755.883749749642, 18.869359493255615]"
F172013,50,38,0.7,"[7756.123280385666, 21.826143980026245]"
F172013,50,38,0.8,"[7756.176428758217, 24.77576756477356]"
F172013,50,38,0.9,"[7755.982034306769, 27.72954559326172]"
F172013,50,38,1.0,"[7756.050524912853, 30.677470207214355]"
F172013,50,39,0.01,"[6795.218761353569, 0.3005077838897705]"
F172013,50,39,0.1,"[6795.604248662638, 2.967543840408325]"
F172013,50,39,0.2,"[6795.519699977633, 5.928762197494507]"
F172013,50,39,0.3,"[6795.499106829883, 8.890798330307007]"
F172013,50,39,0.4,"[6795.4349655455, 11.866200923919678]"
F172013,50,39,0.5,"[6795.611598481853, 14.856181383132935]"
F172013,50,39,0.6,"[6795.419214167036, 17.94759249687195]"
F172013,50,39,0.7,"[6795.827058977414, 21.02130913734436]"
F172013,50,39,0.8,"[6795.5915004160515, 24.143563747406006]"
F172013,50,39,0.9,"[6795.586666752528, 27.285860300064087]"
F172013,50,39,1.0,"[6795.44967220711, 30.472878456115723]"
F172013,50,40,0.01,"[5554.9924397653385, 0.3002171516418457]"
F172013,50,40,0.1,"[5555.082944866859, 2.9621171951293945]"
F172013,50,40,0.2,"[5555.199239664167, 5.921895503997803]"
F172013,50,40,0.3,"[5555.6968052424545, 8.885341882705688]"
F172013,50,40,0.4,"[5555.235519301207, 11.847726345062256]"
F172013,50,40,0.5,"[5555.128019299239, 14.831403017044067]"
F172013,50,40,0.6,"[5555.314940424776, 17.814786434173584]"
F172013,50,40,0.7,"[5555.1615011364465, 20.793657302856445]"
F172013,50,40,0.8,"[5555.145285411628, 23.802884101867676]"
F172013,50,40,0.9,"[5555.075417224363, 26.80623984336853]"
F172013,50,40,1.0,"[5555.1808057524295, 29.797948122024536]"
F172013,50,41,0.01,"[7516.3735202423795, 0.3007943630218506]"
F172013,50,41,0.1,"[7516.566989221863, 2.971329927444458]"
F172013,50,41,0.2,"[7516.869137695598, 5.94537615776062]"
F172013,50,41,0.3,"[7516.584533835205, 8.915636777877808]"
F172013,50,41,0.4,"[7516.531063070226, 11.88201355934143]"
F172013,50,41,0.5,"[7516.836903184876, 14.844825029373169]"
F172013,50,41,0.6,"[7516.8421772815855, 17.81259322166443]"
F172013,50,41,0.7,"[7516.892057844394, 20.77239966392517]"
F172013,50,41,0.8,"[7516.6069231536185, 23.739788055419922]"
F172013,50,41,0.9,"[7516.619831185204, 26.698390007019043]"
F172013,50,41,1.0,"[7516.514776517738, 29.657665729522705]"
F172013,50,42,0.01,"[6974.115015853116, 0.3007171154022217]"
F172013,50,42,0.1,"[6974.494332537513, 2.9651196002960205]"
F172013,50,42,0.2,"[6974.368869984991, 5.928076267242432]"
F172013,50,42,0.3,"[6974.544116851222, 8.888837337493896]"
F172013,50,42,0.4,"[6974.324284944375, 11.847084283828735]"
F172013,50,42,0.5,"[6974.415418451542, 14.801583766937256]"
F172013,50,42,0.6,"[6974.397650837483, 17.76338028907776]"
F172013,50,42,0.7,"[6974.534106223027, 20.716776609420776]"
F172013,50,42,0.8,"[6974.691909915377, 23.67836093902588]"
F172013,50,42,0.9,"[6974.227754543427, 26.63280749320984]"
F172013,50,42,1.0,"[6974.207971255002, 29.583353757858276]"
F172013,50,43,0.01,"[6217.40230825605, 0.305617094039917]"
F172013,50,43,0.1,"[6217.664263548702, 2.959991216659546]"
F172013,50,43,0.2,"[6217.50594210729, 5.9113147258758545]"
F172013,50,43,0.3,"[6217.706604192323, 8.852318048477173]"
F172013,50,43,0.4,"[6217.620724828643, 11.790980577468872]"
F172013,50,43,0.5,"[6217.867238242286, 14.725346326828003]"
F172013,50,43,0.6,"[6217.760480628425, 17.662656784057617]"
F172013,50,43,0.7,"[6217.632857875701, 20.6005539894104]"
F172013,50,43,0.8,"[6217.658949405844, 23.5372416973114]"
F172013,50,43,0.9,"[6217.855233213557, 26.4750018119812]"
F172013,50,43,1.0,"[6217.5765714072495, 29.410240411758423]"
F172013,50,44,0.01,"[7749.797481008532, 0.3132901191711426]"
F172013,50,44,0.1,"[7750.202699172312, 2.9730708599090576]"
F172013,50,44,0.2,"[7749.963937461271, 5.930868148803711]"
F172013,50,44,0.3,"[7750.049441554274, 8.88299298286438]"
F172013,50,44,0.4,"[7750.016720032462, 11.841134071350098]"
F172013,50,44,0.5,"[7750.092815057222, 14.790427446365356]"
F172013,50,44,0.6,"[7750.181253333264, 17.745753049850464]"
F172013,50,44,0.7,"[7750.159569294975, 20.695133209228516]"
F172013,50,44,0.8,"[7750.273070697802, 23.641642332077026]"
F172013,50,44,0.9,"[7750.019253975624, 26.590370178222656]"
F172013,50,44,1.0,"[7749.896566425438, 29.531862497329712]"
F172013,50,45,0.01,"[6836.142119940435, 0.31328511238098145]"
F172013,50,45,0.1,"[6836.789929024894, 2.981405019760132]"
F172013,50,45,0.2,"[6836.345546377998, 6.4661548137664795]"
F172013,50,45,0.3,"[6836.319248588606, 9.426186323165894]"
F172013,50,45,0.4,"[6836.5047009608425, 12.392362833023071]"
F172013,50,45,0.5,"[6836.527990807122, 15.350277423858643]"
F172013,50,45,0.6,"[6836.2103477742485, 18.319074392318726]"
F172013,50,45,0.7,"[6836.222064267471, 21.29143714904785]"
F172013,50,45,0.8,"[6836.361277770712, 24.256516695022583]"
F172013,50,45,0.9,"[6836.169166388525, 27.222731351852417]"
F172013,50,45,1.0,"[6836.2995896018965, 30.17778444290161]"
F172013,50,46,0.01,"[6165.033946053579, 0.29956889152526855]"
F172013,50,46,0.1,"[6165.197772797563, 2.9665262699127197]"
F172013,50,46,0.2,"[6165.147548683208, 5.9324257373809814]"
F172013,50,46,0.3,"[6165.611562732749, 8.884742736816406]"
F172013,50,46,0.4,"[6165.155209363036, 11.833813667297363]"
F172013,50,46,0.5,"[6165.173070478679, 14.77960205078125]"
F172013,50,46,0.6,"[6165.6865698765405, 17.730509757995605]"
F172013,50,46,0.7,"[6165.429642032677, 20.682828426361084]"
F172013,50,46,0.8,"[6165.266061699558, 23.633774757385254]"
F172013,50,46,0.9,"[6165.156267769071, 26.584136724472046]"
F172013,50,46,1.0,"[6165.322464726407, 29.53280258178711]"
F172013,50,47,0.01,"[6102.347598169852, 0.31220388412475586]"
F172013,50,47,0.1,"[6102.618827255791, 2.9821863174438477]"
F172013,50,47,0.2,"[6102.5893670741325, 5.9466776847839355]"
F172013,50,47,0.3,"[6102.893118986936, 8.912237167358398]"
F172013,50,47,0.4,"[6102.811486952069, 11.898881912231445]"
F172013,50,47,0.5,"[6102.444452990322, 14.899815559387207]"
F172013,50,47,0.6,"[6102.549636539622, 17.89344835281372]"
F172013,50,47,0.7,"[6102.556365950651, 20.88455605506897]"
F172013,50,47,0.8,"[6102.945428687882, 23.872974157333374]"
F172013,50,47,0.9,"[6102.437991048295, 26.855089902877808]"
F172013,50,47,1.0,"[6102.548292667042, 29.841026067733765]"
F172013,50,48,0.01,"[7110.071077675352, 0.296245813369751]"
F172013,50,48,0.1,"[7110.59280937575, 2.936370372772217]"
F172013,50,48,0.2,"[7110.402604812631, 5.87265419960022]"
F172013,50,48,0.3,"[7110.461510687849, 8.805138349533081]"
F172013,50,48,0.4,"[7110.40994987354, 11.735671520233154]"
F172013,50,48,0.5,"[7110.300636428697, 14.997870922088623]"
F172013,50,48,0.6,"[7110.339795419806, 18.09735941886902]"
F172013,50,48,0.7,"[7110.690887093673, 21.05129075050354]"
F172013,50,48,0.8,"[7110.186024778966, 24.00560188293457]"
F172013,50,48,0.9,"[7110.537643671535, 26.95870590209961]"
F172013,50,48,1.0,"[7110.172817551458, 29.911163806915283]"
F172013,50,49,0.01,"[9576.543318144675, 0.29651618003845215]"
F172013,50,49,0.1,"[9576.977588153659, 2.9321019649505615]"
F172013,50,49,0.2,"[9576.875966318259, 5.8693528175354]"
F172013,50,49,0.3,"[9577.14896681211, 8.795454263687134]"
F172013,50,49,0.4,"[9576.933688789311, 11.723900318145752]"
F172013,50,49,0.5,"[9577.25265329146, 14.656164407730103]"
F172013,50,49,0.6,"[9577.0072011089, 17.587035417556763]"
F172013,50,49,0.7,"[9576.674984379097, 20.511839151382446]"
F172013,50,49,0.8,"[9576.650014589944, 23.44149684906006]"
F172013,50,49,0.9,"[9577.004649555021, 26.368200302124023]"
F172013,50,49,1.0,"[9576.726626831582, 29.30593729019165]"
F172013,50,50,0.01,"[5548.196425679632, 0.2994062900543213]"
F172013,50,50,0.1,"[5548.599117208542, 2.960003614425659]"
F172013,50,50,0.2,"[5548.231568920965, 5.913487911224365]"
F172013,50,50,0.3,"[5548.334300762881, 8.856302261352539]"
F172013,50,50,0.4,"[5548.410828067919, 11.805902481079102]"
F172013,50,50,0.5,"[5548.32441087416, 14.749670267105103]"
F172013,50,50,0.6,"[5548.740468784922, 17.691946029663086]"
F172013,50,50,0.7,"[5548.597202209761, 20.638259887695312]"
F172013,50,50,0.8,"[5548.285534184401, 23.58991527557373]"
F172013,50,50,0.9,"[5548.394911630835, 26.53726553916931]"
F172013,50,50,1.0,"[5548.988168116461, 29.488943099975586]"
