function,dimension,run,checkpoint,error
F12013,10,0,0.01,"[29974.728461415663, 0.018995285034179688]"
F12013,10,0,0.1,"[7657.691109980077, 0.18583369255065918]"
F12013,10,0,0.2,"[311.1019239093405, 0.3708672523498535]"
F12013,10,0,0.3,"[0.0007240957488647837, 0.5554196834564209]"
F12013,10,0,0.4,"[6.666857689197059e-05, 0.7398402690887451]"
F12013,10,0,0.5,"[0.0009532896372093091, 0.9243316650390625]"
F12013,10,0,0.6,"[0.00013138804479240207, 1.1109373569488525]"
F12013,10,0,0.7,"[0.0004469927418995212, 1.2961843013763428]"
F12013,10,0,0.8,"[0.0011289984347513382, 1.480015754699707]"
F12013,10,0,0.9,"[0.00020887249229417648, 1.663860559463501]"
F12013,10,0,1.0,"[0.00011173364214300818, 1.8478302955627441]"
F12013,10,1,0.01,"[41191.35745259914, 0.018945932388305664]"
F12013,10,1,0.1,"[4742.347231927539, 0.184586763381958]"
F12013,10,1,0.2,"[2.86680953914788, 0.3681788444519043]"
F12013,10,1,0.3,"[0, 0.44592809677124023]"
F12013,10,1,0.4,"[0, 0.44592952728271484]"
F12013,10,1,0.5,"[0, 0.44593143463134766]"
F12013,10,1,0.6,"[0, 0.44593238830566406]"
F12013,10,1,0.7,"[0, 0.44593358039855957]"
F12013,10,1,0.8,"[0, 0.4459342956542969]"
F12013,10,1,0.9,"[0, 0.4459354877471924]"
F12013,10,1,1.0,"[0, 0.4459364414215088]"
F12013,10,2,0.01,"[49983.32513568758, 0.018893957138061523]"
F12013,10,2,0.1,"[6671.944400303712, 0.18385648727416992]"
F12013,10,2,0.2,"[8.592800059753472, 0.3666083812713623]"
F12013,10,2,0.3,"[0, 0.4482300281524658]"
F12013,10,2,0.4,"[0, 0.44823169708251953]"
F12013,10,2,0.5,"[0, 0.44823336601257324]"
F12013,10,2,0.6,"[0, 0.44823455810546875]"
F12013,10,2,0.7,"[0, 0.44823551177978516]"
F12013,10,2,0.8,"[0, 0.44823670387268066]"
F12013,10,2,0.9,"[0, 0.44823765754699707]"
F12013,10,2,1.0,"[0, 0.4482386112213135]"
F12013,10,3,0.01,"[52139.5314779849, 0.019002437591552734]"
F12013,10,3,0.1,"[6099.4962999399095, 0.18521904945373535]"
F12013,10,3,0.2,"[1.2595944362915361, 0.3691880702972412]"
F12013,10,3,0.3,"[0.00045163918707658013, 0.5529584884643555]"
F12013,10,3,0.4,"[9.058846967491263e-05, 0.7364485263824463]"
F12013,10,3,0.5,"[0.0004243630910423235, 0.9198064804077148]"
F12013,10,3,0.6,"[9.074416993826162e-06, 1.104802131652832]"
F12013,10,3,0.7,"[0.00020989228278267547, 1.2889940738677979]"
F12013,10,3,0.8,"[2.838730711118842e-05, 1.472210168838501]"
F12013,10,3,0.9,"[0.000569807310739634, 1.6554648876190186]"
F12013,10,3,1.0,"[1.8268935946252896e-05, 1.8395657539367676]"
F12013,10,4,0.01,"[66852.20038581596, 0.018911123275756836]"
F12013,10,4,0.1,"[10897.128790590912, 0.18483209609985352]"
F12013,10,4,0.2,"[27.68118956804301, 0.36850666999816895]"
F12013,10,4,0.3,"[0.00029172069298510905, 0.5518431663513184]"
F12013,10,4,0.4,"[0.00016216986159633962, 0.7354691028594971]"
F12013,10,4,0.5,"[0.0007577202557058627, 0.9189534187316895]"
F12013,10,4,0.6,"[0.0013785726282549149, 1.104767084121704]"
F12013,10,4,0.7,"[5.75514386582654e-05, 1.288299560546875]"
F12013,10,4,0.8,"[0.0001561990625305043, 1.4706940650939941]"
F12013,10,4,0.9,"[0.00017957469094653788, 1.653306007385254]"
F12013,10,4,1.0,"[0.00040620641289024206, 1.836273431777954]"
F12013,10,5,0.01,"[43505.166629279185, 0.019002437591552734]"
F12013,10,5,0.1,"[5760.031425275772, 0.1845550537109375]"
F12013,10,5,0.2,"[0.12393874199051425, 0.36873412132263184]"
F12013,10,5,0.3,"[6.438750210691069e-05, 0.5529606342315674]"
F12013,10,5,0.4,"[0.0005769474819317111, 0.7370812892913818]"
F12013,10,5,0.5,"[0.00020955445461368072, 0.9210572242736816]"
F12013,10,5,0.6,"[0.0001992637048715551, 1.1064188480377197]"
F12013,10,5,0.7,"[0.0007049011496746971, 1.2907521724700928]"
F12013,10,5,0.8,"[1.2073704510839889e-05, 1.4748616218566895]"
F12013,10,5,0.9,"[6.469892696259194e-06, 1.6585559844970703]"
F12013,10,5,1.0,"[0.00046480225546474685, 1.8422660827636719]"
F12013,10,6,0.01,"[59647.4735102011, 0.018951416015625]"
F12013,10,6,0.1,"[9262.067799869252, 0.1848752498626709]"
F12013,10,6,0.2,"[78.16184139886218, 0.3690652847290039]"
F12013,10,6,0.3,"[0, 0.4861452579498291]"
F12013,10,6,0.4,"[0, 0.4861466884613037]"
F12013,10,6,0.5,"[0, 0.4861485958099365]"
F12013,10,6,0.6,"[0, 0.48614978790283203]"
F12013,10,6,0.7,"[0, 0.48615050315856934]"
F12013,10,6,0.8,"[0, 0.48615169525146484]"
F12013,10,6,0.9,"[0, 0.48615264892578125]"
F12013,10,6,1.0,"[0, 0.48615360260009766]"
F12013,10,7,0.01,"[71665.92274923355, 0.018945932388305664]"
F12013,10,7,0.1,"[12997.26150967635, 0.18533873558044434]"
F12013,10,7,0.2,"[198.44195715035812, 0.3706047534942627]"
F12013,10,7,0.3,"[8.007469796211808e-05, 0.5551292896270752]"
F12013,10,7,0.4,"[2.2253195311350282e-05, 0.7399189472198486]"
F12013,10,7,0.5,"[0.00044431467154026905, 0.9244480133056641]"
F12013,10,7,0.6,"[0.0009191820804517192, 1.1105167865753174]"
F12013,10,7,0.7,"[0.00031546925197289966, 1.2956414222717285]"
F12013,10,7,0.8,"[0.0008791311659024359, 1.4801628589630127]"
F12013,10,7,0.9,"[0.0003223275718937657, 1.6643035411834717]"
F12013,10,7,1.0,"[0.00050739215566864, 1.848294734954834]"
F12013,10,8,0.01,"[30819.24750377481, 0.018793821334838867]"
F12013,10,8,0.1,"[1690.5528121359068, 0.18522071838378906]"
F12013,10,8,0.2,"[4.258003241375263e-05, 0.37079310417175293]"
F12013,10,8,0.3,"[4.379584424896166e-06, 0.5561423301696777]"
F12013,10,8,0.4,"[0.0005239311522018397, 0.7413506507873535]"
F12013,10,8,0.5,"[0.00043415576578809123, 0.9262590408325195]"
F12013,10,8,0.6,"[2.689781786102685e-05, 1.1113884449005127]"
F12013,10,8,0.7,"[2.2012489125700085e-05, 1.2964580059051514]"
F12013,10,8,0.8,"[0.0010564254903329129, 1.4814391136169434]"
F12013,10,8,0.9,"[0.0005734043049869797, 1.6660151481628418]"
F12013,10,8,1.0,"[5.953237837275083e-05, 1.8507814407348633]"
F12013,10,9,0.01,"[23511.195605442095, 0.018883943557739258]"
F12013,10,9,0.1,"[361.07948477182117, 0.1852867603302002]"
F12013,10,9,0.2,"[0, 0.3104970455169678]"
F12013,10,9,0.3,"[0, 0.3104987144470215]"
F12013,10,9,0.4,"[0, 0.3105001449584961]"
F12013,10,9,0.5,"[0, 0.3105013370513916]"
F12013,10,9,0.6,"[0, 0.310502290725708]"
F12013,10,9,0.7,"[0, 0.3105034828186035]"
F12013,10,9,0.8,"[0, 0.3105044364929199]"
F12013,10,9,0.9,"[0, 0.31050539016723633]"
F12013,10,9,1.0,"[0, 0.31050634384155273]"
F12013,10,10,0.01,"[46454.6983591903, 0.018894433975219727]"
F12013,10,10,0.1,"[7319.046815963722, 0.1861588954925537]"
F12013,10,10,0.2,"[43.67358206597055, 0.372067928314209]"
F12013,10,10,0.3,"[0.0003220821465674817, 0.5576705932617188]"
F12013,10,10,0.4,"[0.00024970222216325055, 0.7432553768157959]"
F12013,10,10,0.5,"[0.00016726646322240413, 0.9293620586395264]"
F12013,10,10,0.6,"[0.000729719646869853, 1.115769863128662]"
F12013,10,10,0.7,"[0.0007463351739716018, 1.301182746887207]"
F12013,10,10,0.8,"[0.0010519051174924243, 1.4853529930114746]"
F12013,10,10,0.9,"[1.1500747632453567e-05, 1.6698071956634521]"
F12013,10,10,1.0,"[1.847310636549082e-05, 1.854811429977417]"
F12013,10,11,0.01,"[19123.255649125585, 0.018802404403686523]"
F12013,10,11,0.1,"[139.10379664595484, 0.1843404769897461]"
F12013,10,11,0.2,"[0, 0.29201602935791016]"
F12013,10,11,0.3,"[0, 0.29201745986938477]"
F12013,10,11,0.4,"[0, 0.2920186519622803]"
F12013,10,11,0.5,"[0, 0.292020320892334]"
F12013,10,11,0.6,"[0, 0.2920212745666504]"
F12013,10,11,0.7,"[0, 0.2920219898223877]"
F12013,10,11,0.8,"[0, 0.2920231819152832]"
F12013,10,11,0.9,"[0, 0.2920241355895996]"
F12013,10,11,1.0,"[0, 0.2920248508453369]"
F12013,10,12,0.01,"[31744.219963556145, 0.01874542236328125]"
F12013,10,12,0.1,"[1937.7303740563516, 0.1845715045928955]"
F12013,10,12,0.2,"[1.045552380674053e-06, 0.36931395530700684]"
F12013,10,12,0.3,"[0, 0.42695045471191406]"
F12013,10,12,0.4,"[0, 0.42695188522338867]"
F12013,10,12,0.5,"[0, 0.4269537925720215]"
F12013,10,12,0.6,"[0, 0.4269547462463379]"
F12013,10,12,0.7,"[0, 0.4269559383392334]"
F12013,10,12,0.8,"[0, 0.4269568920135498]"
F12013,10,12,0.9,"[0, 0.4269578456878662]"
F12013,10,12,1.0,"[0, 0.4269587993621826]"
F12013,10,13,0.01,"[44177.596010379624, 0.018899917602539062]"
F12013,10,13,0.1,"[4867.236540508289, 0.18585562705993652]"
F12013,10,13,0.2,"[0.014396359305237638, 0.37143707275390625]"
F12013,10,13,0.3,"[0, 0.41219162940979004]"
F12013,10,13,0.4,"[0, 0.41219329833984375]"
F12013,10,13,0.5,"[0, 0.41219472885131836]"
F12013,10,13,0.6,"[0, 0.41219568252563477]"
F12013,10,13,0.7,"[0, 0.4121968746185303]"
F12013,10,13,0.8,"[0, 0.4121978282928467]"
F12013,10,13,0.9,"[0, 0.412198543548584]"
F12013,10,13,1.0,"[0, 0.4121997356414795]"
F12013,10,14,0.01,"[18054.867275274864, 0.018887042999267578]"
F12013,10,14,0.1,"[783.1594368640314, 0.18574976921081543]"
F12013,10,14,0.2,"[0, 0.35328197479248047]"
F12013,10,14,0.3,"[0, 0.3532838821411133]"
F12013,10,14,0.4,"[0, 0.3532848358154297]"
F12013,10,14,0.5,"[0, 0.3532862663269043]"
F12013,10,14,0.6,"[0, 0.3532876968383789]"
F12013,10,14,0.7,"[0, 0.3532884120941162]"
F12013,10,14,0.8,"[0, 0.3532893657684326]"
F12013,10,14,0.9,"[0, 0.3532905578613281]"
F12013,10,14,1.0,"[0, 0.35329151153564453]"
F12013,10,15,0.01,"[54211.06836035879, 0.01893901824951172]"
F12013,10,15,0.1,"[7644.068581320307, 0.18490314483642578]"
F12013,10,15,0.2,"[16.389111949614744, 0.36983728408813477]"
F12013,10,15,0.3,"[0.00014631062185799237, 0.554365873336792]"
F12013,10,15,0.4,"[0.00018958252485390403, 0.7396726608276367]"
F12013,10,15,0.5,"[0.00011659025358312647, 0.9243519306182861]"
F12013,10,15,0.6,"[0.0008677244468344725, 1.1097514629364014]"
F12013,10,15,0.7,"[0.0006576081905222964, 1.2941782474517822]"
F12013,10,15,0.8,"[0.00044587031788978493, 1.4780926704406738]"
F12013,10,15,0.9,"[0.0011197591118161654, 1.662205696105957]"
F12013,10,15,1.0,"[0.00019261071656728745, 1.8466224670410156]"
F12013,10,16,0.01,"[33711.444163512155, 0.01889777183532715]"
F12013,10,16,0.1,"[4007.778644589119, 0.18512558937072754]"
F12013,10,16,0.2,"[8.732107954574303, 0.3702695369720459]"
F12013,10,16,0.3,"[0, 0.4477510452270508]"
F12013,10,16,0.4,"[0, 0.4477524757385254]"
F12013,10,16,0.5,"[0, 0.44775390625]"
F12013,10,16,0.6,"[0, 0.4477553367614746]"
F12013,10,16,0.7,"[0, 0.4477560520172119]"
F12013,10,16,0.8,"[0, 0.4477570056915283]"
F12013,10,16,0.9,"[0, 0.44775819778442383]"
F12013,10,16,1.0,"[0, 0.44775915145874023]"
F12013,10,17,0.01,"[17529.03614364881, 0.018770217895507812]"
F12013,10,17,0.1,"[997.5858422726957, 0.18438315391540527]"
F12013,10,17,0.2,"[0.00019508004379531485, 0.36835312843322754]"
F12013,10,17,0.3,"[0.00010538632159295958, 0.5521130561828613]"
F12013,10,17,0.4,"[4.8408918928544153e-05, 0.7364346981048584]"
F12013,10,17,0.5,"[0.0001864224113887758, 0.9207315444946289]"
F12013,10,17,0.6,"[0.0002315257406735327, 1.105564832687378]"
F12013,10,17,0.7,"[0.000490209484951265, 1.2902283668518066]"
F12013,10,17,0.8,"[0.0005154418536221783, 1.4737541675567627]"
F12013,10,17,0.9,"[0.0005247049514309765, 1.6574819087982178]"
F12013,10,17,1.0,"[0.00018456921316101216, 1.8410515785217285]"
F12013,10,18,0.01,"[56508.032912756295, 0.018677949905395508]"
F12013,10,18,0.1,"[3598.391219270868, 0.1844792366027832]"
F12013,10,18,0.2,"[2.420089913357515e-06, 0.368272066116333]"
F12013,10,18,0.3,"[0, 0.3709251880645752]"
F12013,10,18,0.4,"[0, 0.3709263801574707]"
F12013,10,18,0.5,"[0, 0.3709280490875244]"
F12013,10,18,0.6,"[0, 0.3709292411804199]"
F12013,10,18,0.7,"[0, 0.37093019485473633]"
F12013,10,18,0.8,"[0, 0.37093138694763184]"
F12013,10,18,0.9,"[0, 0.37093234062194824]"
F12013,10,18,1.0,"[0, 0.37093329429626465]"
F12013,10,19,0.01,"[38342.648542363306, 0.018961191177368164]"
F12013,10,19,0.1,"[3920.725387650007, 0.18550992012023926]"
F12013,10,19,0.2,"[0.03103774635519585, 0.3707113265991211]"
F12013,10,19,0.3,"[0, 0.4105513095855713]"
F12013,10,19,0.4,"[0, 0.410552978515625]"
F12013,10,19,0.5,"[0, 0.4105544090270996]"
F12013,10,19,0.6,"[0, 0.410555362701416]"
F12013,10,19,0.7,"[0, 0.4105565547943115]"
F12013,10,19,0.8,"[0, 0.41055727005004883]"
F12013,10,19,0.9,"[0, 0.41055822372436523]"
F12013,10,19,1.0,"[0, 0.41055917739868164]"
F12013,10,20,0.01,"[49270.61681046587, 0.018896102905273438]"
F12013,10,20,0.1,"[9292.745079130827, 0.18528127670288086]"
F12013,10,20,0.2,"[245.1770644138512, 0.3702709674835205]"
F12013,10,20,0.3,"[0.00016108917316159932, 0.555105447769165]"
F12013,10,20,0.4,"[0.00019217176213714993, 0.7397141456604004]"
F12013,10,20,0.5,"[8.23640834823891e-06, 0.9245531558990479]"
F12013,10,20,0.6,"[0.0009312896688697947, 1.1092562675476074]"
F12013,10,20,0.7,"[7.381214095403266e-05, 1.293769121170044]"
F12013,10,20,0.8,"[0.0007574887831651722, 1.4776265621185303]"
F12013,10,20,0.9,"[7.940301657072268e-05, 1.6617395877838135]"
F12013,10,20,1.0,"[0.0007451592696270382, 1.8462045192718506]"
F12013,10,21,0.01,"[44616.37844799642, 0.018988609313964844]"
F12013,10,21,0.1,"[10897.304487995663, 0.1859748363494873]"
F12013,10,21,0.2,"[267.61582078989204, 0.3715083599090576]"
F12013,10,21,0.3,"[0.0007553229856966936, 0.556570291519165]"
F12013,10,21,0.4,"[0.00018935187176793988, 0.7425169944763184]"
F12013,10,21,0.5,"[0.00014618100749430596, 0.927731990814209]"
F12013,10,21,0.6,"[9.953598578249512e-05, 1.113271713256836]"
F12013,10,21,0.7,"[0.0005206054413520178, 1.2985150814056396]"
F12013,10,21,0.8,"[0.00035371495664549, 1.4833521842956543]"
F12013,10,21,0.9,"[7.97199259068293e-05, 1.668489694595337]"
F12013,10,21,1.0,"[0.0001872635666586575, 1.853633165359497]"
F12013,10,22,0.01,"[48215.775650009295, 0.018931150436401367]"
F12013,10,22,0.1,"[4250.478495617038, 0.18534398078918457]"
F12013,10,22,0.2,"[0.045339488716535925, 0.37047696113586426]"
F12013,10,22,0.3,"[0, 0.41930103302001953]"
F12013,10,22,0.4,"[0, 0.41930270195007324]"
F12013,10,22,0.5,"[0, 0.41930437088012695]"
F12013,10,22,0.6,"[0, 0.41930556297302246]"
F12013,10,22,0.7,"[0, 0.41930651664733887]"
F12013,10,22,0.8,"[0, 0.4193074703216553]"
F12013,10,22,0.9,"[0, 0.4193086624145508]"
F12013,10,22,1.0,"[0, 0.4193096160888672]"
F12013,10,23,0.01,"[60480.87378856122, 0.018912553787231445]"
F12013,10,23,0.1,"[8506.213845371418, 0.1853468418121338]"
F12013,10,23,0.2,"[25.48336300650135, 0.37028074264526367]"
F12013,10,23,0.3,"[0.0003708373481003946, 0.5550220012664795]"
F12013,10,23,0.4,"[0.0001494924777034612, 0.7398605346679688]"
F12013,10,23,0.5,"[0.0006343613029002881, 0.9246251583099365]"
F12013,10,23,0.6,"[5.929815597482957e-05, 1.1098120212554932]"
F12013,10,23,0.7,"[0.00048259688151119917, 1.2941675186157227]"
F12013,10,23,0.8,"[0.0006384054822774488, 1.4777743816375732]"
F12013,10,23,0.9,"[0.0004078764698078885, 1.6616935729980469]"
F12013,10,23,1.0,"[0.0009564164631683525, 1.8455166816711426]"
F12013,10,24,0.01,"[60074.18662700526, 0.018777847290039062]"
F12013,10,24,0.1,"[9151.762717221944, 0.184096097946167]"
F12013,10,24,0.2,"[37.82229430976054, 0.3677246570587158]"
F12013,10,24,0.3,"[2.304777149220172e-05, 0.5518977642059326]"
F12013,10,24,0.4,"[3.8781095781814656e-05, 0.7362093925476074]"
F12013,10,24,0.5,"[0.0001592575947597652, 0.9203715324401855]"
F12013,10,24,0.6,"[0.00013376881884141767, 1.1046912670135498]"
F12013,10,24,0.7,"[0.0007910492292921845, 1.2883005142211914]"
F12013,10,24,0.8,"[0.00034093472027052485, 1.4713261127471924]"
F12013,10,24,0.9,"[0.0001364267852750345, 1.6545007228851318]"
F12013,10,24,1.0,"[0.0003237582775454939, 1.8382222652435303]"
F12013,10,25,0.01,"[41091.18699199328, 0.018963098526000977]"
F12013,10,25,0.1,"[7849.799014966717, 0.1856544017791748]"
F12013,10,25,0.2,"[322.0745878120938, 0.37119603157043457]"
F12013,10,25,0.3,"[0.000931081343196638, 0.5563473701477051]"
F12013,10,25,0.4,"[0.000851082433200645, 0.741661787033081]"
F12013,10,25,0.5,"[0.00023806860963304644, 0.9270107746124268]"
F12013,10,25,0.6,"[9.781494236449362e-05, 1.1126086711883545]"
F12013,10,25,0.7,"[0.00044179458882354083, 1.2972660064697266]"
F12013,10,25,0.8,"[0.0007605898913425335, 1.4817171096801758]"
F12013,10,25,0.9,"[4.146909077462624e-06, 1.6658926010131836]"
F12013,10,25,1.0,"[0.00024330403084604768, 1.8503153324127197]"
F12013,10,26,0.01,"[31000.40575091697, 0.018890857696533203]"
F12013,10,26,0.1,"[3111.7918041514163, 0.1850283145904541]"
F12013,10,26,0.2,"[6.433135627048614e-05, 0.36972737312316895]"
F12013,10,26,0.3,"[8.69266311838146e-05, 0.5540523529052734]"
F12013,10,26,0.4,"[0.00026944885394186713, 0.7380547523498535]"
F12013,10,26,0.5,"[0.0011561955961951753, 0.9222218990325928]"
F12013,10,26,0.6,"[8.092140774351719e-05, 1.1069262027740479]"
F12013,10,26,0.7,"[0.0002160350175017811, 1.2916157245635986]"
F12013,10,26,0.8,"[0.00010418492456665263, 1.4762253761291504]"
F12013,10,26,0.9,"[0.00043534840688153054, 1.6605408191680908]"
F12013,10,26,1.0,"[0.00010360348483118287, 1.8448574542999268]"
F12013,10,27,0.01,"[42313.2070404372, 0.018889427185058594]"
F12013,10,27,0.1,"[8329.489361360047, 0.1857318878173828]"
F12013,10,27,0.2,"[132.82540134362966, 0.3706691265106201]"
F12013,10,27,0.3,"[2.7358896659279708e-06, 0.5553250312805176]"
F12013,10,27,0.4,"[0.0007061950368552061, 0.7400875091552734]"
F12013,10,27,0.5,"[0.00034897776254183555, 0.9247345924377441]"
F12013,10,27,0.6,"[0.0004165434681908664, 1.1098697185516357]"
F12013,10,27,0.7,"[4.5099443468643585e-05, 1.2949113845825195]"
F12013,10,27,0.8,"[0.00017774381149138208, 1.4789412021636963]"
F12013,10,27,0.9,"[0.00014699155212838377, 1.6628987789154053]"
F12013,10,27,1.0,"[7.771298101033608e-05, 1.8472590446472168]"
F12013,10,28,0.01,"[48549.66971904908, 0.018956899642944336]"
F12013,10,28,0.1,"[5746.8946640587155, 0.18597984313964844]"
F12013,10,28,0.2,"[0.12395885439491394, 0.3717029094696045]"
F12013,10,28,0.3,"[0, 0.462296724319458]"
F12013,10,28,0.4,"[0, 0.4622983932495117]"
F12013,10,28,0.5,"[0, 0.46230006217956543]"
F12013,10,28,0.6,"[0, 0.46230101585388184]"
F12013,10,28,0.7,"[0, 0.46230173110961914]"
F12013,10,28,0.8,"[0, 0.46230268478393555]"
F12013,10,28,0.9,"[0, 0.46230387687683105]"
F12013,10,28,1.0,"[0, 0.46230459213256836]"
F12013,10,29,0.01,"[73607.78582322718, 0.018843412399291992]"
F12013,10,29,0.1,"[10513.36316705021, 0.18575716018676758]"
F12013,10,29,0.2,"[4.519982421469194, 0.37059974670410156]"
F12013,10,29,0.3,"[0.00025918587380147073, 0.5550413131713867]"
F12013,10,29,0.4,"[0.0008737869368360407, 0.7395081520080566]"
F12013,10,29,0.5,"[0.00041820947581072687, 0.9241118431091309]"
F12013,10,29,0.6,"[0.0001573855677179381, 1.1095266342163086]"
F12013,10,29,0.7,"[0.00015102659290278098, 1.294767141342163]"
F12013,10,29,0.8,"[5.286073951538128e-05, 1.4786641597747803]"
F12013,10,29,0.9,"[0.0003654645322512806, 1.6624126434326172]"
F12013,10,29,1.0,"[0.0011564801629901922, 1.8462793827056885]"
F12013,10,30,0.01,"[49367.38595481585, 0.018949508666992188]"
F12013,10,30,0.1,"[4660.515824219899, 0.1858201026916504]"
F12013,10,30,0.2,"[0.000545193683137768, 0.3711414337158203]"
F12013,10,30,0.3,"[0, 0.40441322326660156]"
F12013,10,30,0.4,"[0, 0.40441465377807617]"
F12013,10,30,0.5,"[0, 0.4044160842895508]"
F12013,10,30,0.6,"[0, 0.4044172763824463]"
F12013,10,30,0.7,"[0, 0.4044182300567627]"
F12013,10,30,0.8,"[0, 0.4044191837310791]"
F12013,10,30,0.9,"[0, 0.4044201374053955]"
F12013,10,30,1.0,"[0, 0.404421329498291]"
F12013,10,31,0.01,"[80658.85286158309, 0.018968820571899414]"
F12013,10,31,0.1,"[12788.238001412283, 0.18573617935180664]"
F12013,10,31,0.2,"[9.442433239665888, 0.3710312843322754]"
F12013,10,31,0.3,"[0.0001976498169824481, 0.556316614151001]"
F12013,10,31,0.4,"[4.997526411898434e-05, 0.7423892021179199]"
F12013,10,31,0.5,"[3.415844321352779e-05, 0.9278066158294678]"
F12013,10,31,0.6,"[1.1026943639080855e-05, 1.1140084266662598]"
F12013,10,31,0.7,"[0.0002871267547561729, 1.2993402481079102]"
F12013,10,31,0.8,"[0.0006783943740629184, 1.483794927597046]"
F12013,10,31,0.9,"[0.00012164764257249772, 1.6686890125274658]"
F12013,10,31,1.0,"[0.0006607585164601915, 1.8536856174468994]"
F12013,10,32,0.01,"[61026.973425801196, 0.018814802169799805]"
F12013,10,32,0.1,"[11398.475685241065, 0.1847679615020752]"
F12013,10,32,0.2,"[40.67634702445025, 0.36951136589050293]"
F12013,10,32,0.3,"[5.8737948165799025e-05, 0.5540132522583008]"
F12013,10,32,0.4,"[0.00029292665885805036, 0.7386212348937988]"
F12013,10,32,0.5,"[0.00022312276769298478, 0.9234607219696045]"
F12013,10,32,0.6,"[0.0008403649471802055, 1.1087110042572021]"
F12013,10,32,0.7,"[0.0003336882734856772, 1.2926409244537354]"
F12013,10,32,0.8,"[0.0011132573633858556, 1.47593355178833]"
F12013,10,32,0.9,"[2.5295657451351872e-05, 1.659355640411377]"
F12013,10,32,1.0,"[6.314355005088146e-06, 1.8426299095153809]"
F12013,10,33,0.01,"[60743.718675768774, 0.022618770599365234]"
F12013,10,33,0.1,"[9134.989057006516, 0.222564697265625]"
F12013,10,33,0.2,"[18.502172035260628, 0.44470810890197754]"
F12013,10,33,0.3,"[3.433696315369161e-05, 0.6665785312652588]"
F12013,10,33,0.4,"[0.0008408492237776954, 0.8883852958679199]"
F12013,10,33,0.5,"[6.691058410979167e-05, 1.1115138530731201]"
F12013,10,33,0.6,"[0.0003344953611303936, 1.3324050903320312]"
F12013,10,33,0.7,"[0.0003474454674687877, 1.5539908409118652]"
F12013,10,33,0.8,"[5.203097771300236e-06, 1.7748112678527832]"
F12013,10,33,0.9,"[0.0001606122636985674, 1.9935660362243652]"
F12013,10,33,1.0,"[0.0007249292327742296, 2.1790945529937744]"
F12013,10,34,0.01,"[49128.68273352747, 0.018876314163208008]"
F12013,10,34,0.1,"[7408.765683036669, 0.18591022491455078]"
F12013,10,34,0.2,"[8.901506462115549, 0.3710050582885742]"
F12013,10,34,0.3,"[0.00013344869739739806, 0.5557765960693359]"
F12013,10,34,0.4,"[9.373546890856232e-05, 0.7405765056610107]"
F12013,10,34,0.5,"[0.0007418943760058028, 0.9252359867095947]"
F12013,10,34,0.6,"[0.0003538889188803296, 1.1108152866363525]"
F12013,10,34,0.7,"[0.00014202951842889888, 1.29652738571167]"
F12013,10,34,0.8,"[0.0007215926343633328, 1.4805545806884766]"
F12013,10,34,0.9,"[0.0007342104297549668, 1.6645972728729248]"
F12013,10,34,1.0,"[3.417771381464263e-05, 1.8485655784606934]"
F12013,10,35,0.01,"[34574.1784897548, 0.01886582374572754]"
F12013,10,35,0.1,"[2486.963918309117, 0.18538761138916016]"
F12013,10,35,0.2,"[0.00020363547014312644, 0.3706040382385254]"
F12013,10,35,0.3,"[7.449142799487163e-05, 0.5555243492126465]"
F12013,10,35,0.4,"[0.00030477218206215184, 0.7402315139770508]"
F12013,10,35,0.5,"[0.0005454379547700228, 0.9247736930847168]"
F12013,10,35,0.6,"[0.0001387968352446478, 1.110440731048584]"
F12013,10,35,0.7,"[0.00028603959094652964, 1.2958531379699707]"
F12013,10,35,0.8,"[0.00016037912473620963, 1.4811763763427734]"
F12013,10,35,0.9,"[0.00017807591075325035, 1.6662166118621826]"
F12013,10,35,1.0,"[0.00029577523059742816, 1.851142168045044]"
F12013,10,36,0.01,"[19059.501553806243, 0.018907785415649414]"
F12013,10,36,0.1,"[748.540307395231, 0.1856248378753662]"
F12013,10,36,0.2,"[9.447213005842059e-05, 0.37121057510375977]"
F12013,10,36,0.3,"[0.0006696645295960479, 0.556464672088623]"
F12013,10,36,0.4,"[0.00015149468231356877, 0.7415642738342285]"
F12013,10,36,0.5,"[0.00016416551920883649, 0.9266364574432373]"
F12013,10,36,0.6,"[7.895693056525488e-05, 1.112037181854248]"
F12013,10,36,0.7,"[0.00025910764452419244, 1.2969307899475098]"
F12013,10,36,0.8,"[9.195886195811909e-05, 1.4811246395111084]"
F12013,10,36,0.9,"[0.00026647257482181885, 1.6655147075653076]"
F12013,10,36,1.0,"[0.00023120489481698314, 1.8505768775939941]"
F12013,10,37,0.01,"[78089.17174023621, 0.01885986328125]"
F12013,10,37,0.1,"[13939.87044117732, 0.18550491333007812]"
F12013,10,37,0.2,"[241.00862252571278, 0.37082910537719727]"
F12013,10,37,0.3,"[0.00020951726128259907, 0.5559022426605225]"
F12013,10,37,0.4,"[0.0003388798413652694, 0.7406449317932129]"
F12013,10,37,0.5,"[4.15063534546789e-05, 0.9257180690765381]"
F12013,10,37,0.6,"[2.8129717748015537e-05, 1.1120567321777344]"
F12013,10,37,0.7,"[3.0509403586620465e-05, 1.2976977825164795]"
F12013,10,37,0.8,"[0.00024331353165507608, 1.4826462268829346]"
F12013,10,37,0.9,"[6.354272750286327e-05, 1.667402744293213]"
F12013,10,37,1.0,"[0.000471278053964852, 1.8518829345703125]"
F12013,10,38,0.01,"[44299.73770264426, 0.018917322158813477]"
F12013,10,38,0.1,"[6312.486137366336, 0.1855788230895996]"
F12013,10,38,0.2,"[2.4732740518302307, 0.3713076114654541]"
F12013,10,38,0.3,"[0.0002285750513237872, 0.5568816661834717]"
F12013,10,38,0.4,"[0.0001296686259593116, 0.7421488761901855]"
F12013,10,38,0.5,"[1.7492829101684038e-05, 0.9273347854614258]"
F12013,10,38,0.6,"[8.747632818995044e-05, 1.1137197017669678]"
F12013,10,38,0.7,"[9.80646291282028e-07, 1.2995917797088623]"
F12013,10,38,0.8,"[0.00040835729555510625, 1.4852166175842285]"
F12013,10,38,0.9,"[0.0005313415333603189, 1.6705248355865479]"
F12013,10,38,1.0,"[6.895627507219615e-05, 1.8561837673187256]"
F12013,10,39,0.01,"[6338.420419821578, 0.018925189971923828]"
F12013,10,39,0.1,"[125.19562366265313, 0.1855180263519287]"
F12013,10,39,0.2,"[0.00028015600878461555, 0.37033510208129883]"
F12013,10,39,0.3,"[0.000265262449374859, 0.5550751686096191]"
F12013,10,39,0.4,"[0.001657231282479188, 0.7406673431396484]"
F12013,10,39,0.5,"[4.99392956498923e-05, 0.9255199432373047]"
F12013,10,39,0.6,"[3.5801320564132766e-05, 1.111072301864624]"
F12013,10,39,0.7,"[0.0001277105754979857, 1.2962636947631836]"
F12013,10,39,0.8,"[7.277378904291254e-05, 1.4805293083190918]"
F12013,10,39,0.9,"[4.594540132529801e-05, 1.6654462814331055]"
F12013,10,39,1.0,"[0.0007939068086670886, 1.8503222465515137]"
F12013,10,40,0.01,"[34602.8525485736, 0.018924713134765625]"
F12013,10,40,0.1,"[3984.432221115268, 0.18580007553100586]"
F12013,10,40,0.2,"[0.6518502586832255, 0.37142252922058105]"
F12013,10,40,0.3,"[1.5876230463618413e-07, 0.5565145015716553]"
F12013,10,40,0.4,"[0.00028753312994922453, 0.7416188716888428]"
F12013,10,40,0.5,"[0.0007833289494101336, 0.9269769191741943]"
F12013,10,40,0.6,"[0.0001717545678729948, 1.1140103340148926]"
F12013,10,40,0.7,"[0.0010187123536979925, 1.3002896308898926]"
F12013,10,40,0.8,"[0.00010813951735144656, 1.485691785812378]"
F12013,10,40,0.9,"[0.000955907172510706, 1.6710572242736816]"
F12013,10,40,1.0,"[2.0752353293573833e-05, 1.8562121391296387]"
F12013,10,41,0.01,"[50394.37869719699, 0.01888418197631836]"
F12013,10,41,0.1,"[5333.247862435051, 0.18529295921325684]"
F12013,10,41,0.2,"[0.1076395600593969, 0.37038421630859375]"
F12013,10,41,0.3,"[0, 0.41258978843688965]"
F12013,10,41,0.4,"[0, 0.41259145736694336]"
F12013,10,41,0.5,"[0, 0.41259288787841797]"
F12013,10,41,0.6,"[0, 0.4125938415527344]"
F12013,10,41,0.7,"[0, 0.4125945568084717]"
F12013,10,41,0.8,"[0, 0.4125957489013672]"
F12013,10,41,0.9,"[0, 0.4125967025756836]"
F12013,10,41,1.0,"[0, 0.41259765625]"
F12013,10,42,0.01,"[52594.34432975968, 0.01883411407470703]"
F12013,10,42,0.1,"[4252.4576921764665, 0.1850733757019043]"
F12013,10,42,0.2,"[0.006228844025599756, 0.36984968185424805]"
F12013,10,42,0.3,"[0, 0.39980602264404297]"
F12013,10,42,0.4,"[0, 0.3998074531555176]"
F12013,10,42,0.5,"[0, 0.3998091220855713]"
F12013,10,42,0.6,"[0, 0.3998100757598877]"
F12013,10,42,0.7,"[0, 0.3998110294342041]"
F12013,10,42,0.8,"[0, 0.3998117446899414]"
F12013,10,42,0.9,"[0, 0.3998129367828369]"
F12013,10,42,1.0,"[0, 0.3998138904571533]"
F12013,10,43,0.01,"[32370.872009895356, 0.01878190040588379]"
F12013,10,43,0.1,"[2268.380629151574, 0.18461227416992188]"
F12013,10,43,0.2,"[2.340448190807365e-08, 0.3690042495727539]"
F12013,10,43,0.3,"[0, 0.3860313892364502]"
F12013,10,43,0.4,"[0, 0.3860328197479248]"
F12013,10,43,0.5,"[0, 0.3860344886779785]"
F12013,10,43,0.6,"[0, 0.386035680770874]"
F12013,10,43,0.7,"[0, 0.38603639602661133]"
F12013,10,43,0.8,"[0, 0.38603734970092773]"
F12013,10,43,0.9,"[0, 0.38603854179382324]"
F12013,10,43,1.0,"[0, 0.38603949546813965]"
F12013,10,44,0.01,"[20581.476526199192, 0.018594980239868164]"
F12013,10,44,0.1,"[726.8034551479968, 0.18265533447265625]"
F12013,10,44,0.2,"[0, 0.3565232753753662]"
F12013,10,44,0.3,"[0, 0.3565247058868408]"
F12013,10,44,0.4,"[0, 0.35652589797973633]"
F12013,10,44,0.5,"[0, 0.35652732849121094]"
F12013,10,44,0.6,"[0, 0.35652828216552734]"
F12013,10,44,0.7,"[0, 0.35652923583984375]"
F12013,10,44,0.8,"[0, 0.35653042793273926]"
F12013,10,44,0.9,"[0, 0.35653114318847656]"
F12013,10,44,1.0,"[0, 0.35653209686279297]"
F12013,10,45,0.01,"[22541.870689147327, 0.01859903335571289]"
F12013,10,45,0.1,"[386.644303930247, 0.1827554702758789]"
F12013,10,45,0.2,"[0, 0.30850744247436523]"
F12013,10,45,0.3,"[0, 0.30850934982299805]"
F12013,10,45,0.4,"[0, 0.30851030349731445]"
F12013,10,45,0.5,"[0, 0.30851173400878906]"
F12013,10,45,0.6,"[0, 0.30851292610168457]"
F12013,10,45,0.7,"[0, 0.3085136413574219]"
F12013,10,45,0.8,"[0, 0.3085145950317383]"
F12013,10,45,0.9,"[0, 0.3085153102874756]"
F12013,10,45,1.0,"[0, 0.3085165023803711]"
F12013,10,46,0.01,"[9447.292224416262, 0.0317225456237793]"
F12013,10,46,0.1,"[14.093903784192435, 0.22974944114685059]"
F12013,10,46,0.2,"[0, 0.30420899391174316]"
F12013,10,46,0.3,"[0, 0.3042106628417969]"
F12013,10,46,0.4,"[0, 0.3042120933532715]"
F12013,10,46,0.5,"[0, 0.304213285446167]"
F12013,10,46,0.6,"[0, 0.3042142391204834]"
F12013,10,46,0.7,"[0, 0.3042151927947998]"
F12013,10,46,0.8,"[0, 0.3042161464691162]"
F12013,10,46,0.9,"[0, 0.3042171001434326]"
F12013,10,46,1.0,"[0, 0.304218053817749]"
F12013,10,47,0.01,"[37722.0373113857, 0.051793575286865234]"
F12013,10,47,0.1,"[3704.124326089298, 0.23302412033081055]"
F12013,10,47,0.2,"[9.147025821221177e-06, 0.4155890941619873]"
F12013,10,47,0.3,"[0, 0.45432162284851074]"
F12013,10,47,0.4,"[0, 0.45432281494140625]"
F12013,10,47,0.5,"[0, 0.45432472229003906]"
F12013,10,47,0.6,"[0, 0.45432567596435547]"
F12013,10,47,0.7,"[0, 0.4543266296386719]"
F12013,10,47,0.8,"[0, 0.4543275833129883]"
F12013,10,47,0.9,"[0, 0.4543287754058838]"
F12013,10,47,1.0,"[0, 0.4543297290802002]"
F12013,10,48,0.01,"[43783.69867843697, 0.018780231475830078]"
F12013,10,48,0.1,"[4566.182127523052, 0.1852712631225586]"
F12013,10,48,0.2,"[1.420261321551834, 0.3693060874938965]"
F12013,10,48,0.3,"[0.0001247443326519715, 0.5542373657226562]"
F12013,10,48,0.4,"[3.1235638289217604e-05, 0.7409243583679199]"
F12013,10,48,0.5,"[0.0002551156708250346, 0.925539493560791]"
F12013,10,48,0.6,"[6.007591218804009e-05, 1.110520839691162]"
F12013,10,48,0.7,"[0.0001413750680967496, 1.295332431793213]"
F12013,10,48,0.8,"[0.00032480160507475375, 1.4802746772766113]"
F12013,10,48,0.9,"[0.0007845994011859148, 1.664980411529541]"
F12013,10,48,1.0,"[0.00034578711301946896, 1.8501744270324707]"
F12013,10,49,0.01,"[79125.05631946072, 0.018805980682373047]"
F12013,10,49,0.1,"[13877.182453004814, 0.18599390983581543]"
F12013,10,49,0.2,"[9.798954254663613, 0.37078166007995605]"
F12013,10,49,0.3,"[5.9944349914076156e-05, 0.5562255382537842]"
F12013,10,49,0.4,"[0.0008917756590562931, 0.7426645755767822]"
F12013,10,49,0.5,"[0.00013323845541890478, 0.9275944232940674]"
F12013,10,49,0.6,"[1.9985717244708212e-05, 1.1131253242492676]"
F12013,10,49,0.7,"[0.0008205968449601642, 1.2986640930175781]"
F12013,10,49,0.8,"[0.0005932206383931771, 1.4839816093444824]"
F12013,10,49,0.9,"[0.000673286550636476, 1.6689140796661377]"
F12013,10,49,1.0,"[4.4230930598132545e-06, 1.8541920185089111]"
F12013,10,50,0.01,"[49501.931298077, 0.019165754318237305]"
F12013,10,50,0.1,"[7915.749510664356, 0.18562531471252441]"
F12013,10,50,0.2,"[66.7473724588217, 0.3701961040496826]"
F12013,10,50,0.3,"[0.00021643248192049214, 0.5550644397735596]"
F12013,10,50,0.4,"[0.0001881059758943593, 0.7414190769195557]"
F12013,10,50,0.5,"[0.0010227664113244828, 0.9260234832763672]"
F12013,10,50,0.6,"[0.00023477154309148318, 1.110569953918457]"
F12013,10,50,0.7,"[4.552780455924221e-05, 1.2955820560455322]"
F12013,10,50,0.8,"[0.00071947155424823, 1.4804341793060303]"
F12013,10,50,0.9,"[0.00035115163814225525, 1.6651806831359863]"
F12013,10,50,1.0,"[0.00015950268016240443, 1.8503177165985107]"
F12013,30,0,0.01,"[139430.0519636369, 0.04934120178222656]"
F12013,30,0,0.1,"[12220.05922037964, 0.4881105422973633]"
F12013,30,0,0.2,"[0.2472046287230114, 0.9735023975372314]"
F12013,30,0,0.3,"[0.0016210100802709348, 1.4623966217041016]"
F12013,30,0,0.4,"[0.0007192207376647275, 1.9454939365386963]"
F12013,30,0,0.5,"[0.0004473023720947822, 2.429577350616455]"
F12013,30,0,0.6,"[0.0011722937317699689, 2.9122815132141113]"
F12013,30,0,0.7,"[0.0010465395780556719, 3.398132562637329]"
F12013,30,0,0.8,"[0.001844881523084041, 3.8823444843292236]"
F12013,30,0,0.9,"[0.0031285918867069995, 4.368981599807739]"
F12013,30,0,1.0,"[0.0008893550884749857, 4.853994131088257]"
F12013,30,1,0.01,"[175008.77036207533, 0.10321450233459473]"
F12013,30,1,0.1,"[21154.858683139853, 0.5399839878082275]"
F12013,30,1,0.2,"[14.453439652139878, 1.024684190750122]"
F12013,30,1,0.3,"[0.001147071794321164, 1.512455701828003]"
F12013,30,1,0.4,"[0.0012113788222904986, 1.9969456195831299]"
F12013,30,1,0.5,"[0.0008804183050870051, 2.483289957046509]"
F12013,30,1,0.6,"[0.0017523684502975811, 2.9682931900024414]"
F12013,30,1,0.7,"[0.0014055436486160033, 3.456181526184082]"
F12013,30,1,0.8,"[0.0009017064951422071, 3.941676616668701]"
F12013,30,1,0.9,"[0.0020907403345518105, 4.4277729988098145]"
F12013,30,1,1.0,"[0.0005601300640591944, 4.913468837738037]"
F12013,30,2,0.01,"[124804.21676646524, 0.04927968978881836]"
F12013,30,2,0.1,"[13428.229735379655, 0.4897594451904297]"
F12013,30,2,0.2,"[93.97396006945178, 0.9766566753387451]"
F12013,30,2,0.3,"[0.0003982469086167839, 1.4663655757904053]"
F12013,30,2,0.4,"[0.0008332208847150469, 1.9524900913238525]"
F12013,30,2,0.5,"[0.00276844297536627, 2.4393107891082764]"
F12013,30,2,0.6,"[0.0006731992132245068, 2.9269654750823975]"
F12013,30,2,0.7,"[0.0013565142489824211, 3.417367458343506]"
F12013,30,2,0.8,"[0.001056501148013922, 3.9038538932800293]"
F12013,30,2,0.9,"[0.0018426221363370132, 4.390089511871338]"
F12013,30,2,1.0,"[0.0010081572315812082, 4.874765157699585]"
F12013,30,3,0.01,"[176823.6113960077, 0.04924201965332031]"
F12013,30,3,0.1,"[17926.545386163885, 0.4889059066772461]"
F12013,30,3,0.2,"[56.46711537841361, 0.9763002395629883]"
F12013,30,3,0.3,"[0.00029788481197101646, 1.467707633972168]"
F12013,30,3,0.4,"[0.001999956966983518, 1.9535560607910156]"
F12013,30,3,0.5,"[0.0023173676645456, 2.43979549407959]"
F12013,30,3,0.6,"[0.002551894460566473, 2.9243667125701904]"
F12013,30,3,0.7,"[0.0013277588429900788, 3.4109742641448975]"
F12013,30,3,0.8,"[0.0004057776291119808, 3.8965961933135986]"
F12013,30,3,0.9,"[0.0010451940881921473, 4.38518214225769]"
F12013,30,3,1.0,"[0.00023359674173661915, 4.871286153793335]"
F12013,30,4,0.01,"[137137.92498453666, 0.0496370792388916]"
F12013,30,4,0.1,"[15921.916920802316, 0.615067720413208]"
F12013,30,4,0.2,"[10.459469647669493, 1.1035957336425781]"
F12013,30,4,0.3,"[0.0015217457421385916, 1.5947744846343994]"
F12013,30,4,0.4,"[0.0010844908265426056, 2.0844228267669678]"
F12013,30,4,0.5,"[0.0005483083818944579, 2.5747551918029785]"
F12013,30,4,0.6,"[0.0014822470479884942, 3.0645833015441895]"
F12013,30,4,0.7,"[0.0014190778770171164, 3.5548112392425537]"
F12013,30,4,0.8,"[0.002119477833275596, 4.043128728866577]"
F12013,30,4,0.9,"[0.001535466044288114, 4.533004283905029]"
F12013,30,4,1.0,"[0.0022559284223007126, 5.022137641906738]"
F12013,30,5,0.01,"[195030.54469969813, 0.049176692962646484]"
F12013,30,5,0.1,"[19767.40124149572, 0.49009203910827637]"
F12013,30,5,0.2,"[75.0342260728064, 0.9782524108886719]"
F12013,30,5,0.3,"[0.0006193193244143913, 1.469475269317627]"
F12013,30,5,0.4,"[0.001112889118530802, 1.9568593502044678]"
F12013,30,5,0.5,"[0.0006250189437650988, 2.4432785511016846]"
F12013,30,5,0.6,"[0.00017729694695844955, 2.9303903579711914]"
F12013,30,5,0.7,"[0.0007713487484579673, 3.421414375305176]"
F12013,30,5,0.8,"[0.0006633147104366799, 3.909359931945801]"
F12013,30,5,0.9,"[0.0005387491980854975, 4.396583795547485]"
F12013,30,5,1.0,"[0.0008951071449700976, 4.88130521774292]"
F12013,30,6,0.01,"[156319.9913145059, 0.049252986907958984]"
F12013,30,6,0.1,"[23092.56187653272, 0.4911041259765625]"
F12013,30,6,0.2,"[107.53091169216418, 0.9798858165740967]"
F12013,30,6,0.3,"[0.0007253785179273109, 1.474639654159546]"
F12013,30,6,0.4,"[0.0030090929933521693, 1.9651663303375244]"
F12013,30,6,0.5,"[0.0013219733459663985, 2.4541015625]"
F12013,30,6,0.6,"[0.0008990201451979374, 2.9423348903656006]"
F12013,30,6,0.7,"[0.0013391637355653074, 3.4331157207489014]"
F12013,30,6,0.8,"[0.0008565814046050946, 3.92352294921875]"
F12013,30,6,0.9,"[0.0015748662669921032, 4.414793014526367]"
F12013,30,6,1.0,"[0.0010439342586323619, 4.902958869934082]"
F12013,30,7,0.01,"[151689.0896970359, 0.09030628204345703]"
F12013,30,7,0.1,"[18473.218280130375, 0.6292726993560791]"
F12013,30,7,0.2,"[7.534023336149858, 1.118086576461792]"
F12013,30,7,0.3,"[0.001433262661066692, 1.6097831726074219]"
F12013,30,7,0.4,"[0.0003658392870420357, 2.0998055934906006]"
F12013,30,7,0.5,"[0.0013517364984636515, 2.59037709236145]"
F12013,30,7,0.6,"[0.0006005620657560939, 3.080137014389038]"
F12013,30,7,0.7,"[0.00040615806028654333, 3.571150302886963]"
F12013,30,7,0.8,"[0.0009082169810881169, 4.062564373016357]"
F12013,30,7,0.9,"[0.0008241690100021515, 4.553608417510986]"
F12013,30,7,1.0,"[0.0017212994887358946, 5.044710159301758]"
F12013,30,8,0.01,"[181658.45707378836, 0.04913830757141113]"
F12013,30,8,0.1,"[24034.894798074634, 0.48978519439697266]"
F12013,30,8,0.2,"[73.19012014759323, 0.9771432876586914]"
F12013,30,8,0.3,"[0.0001534694629299338, 1.466947317123413]"
F12013,30,8,0.4,"[0.0009020565182709106, 1.9546740055084229]"
F12013,30,8,0.5,"[0.0011353709087416064, 2.44252872467041]"
F12013,30,8,0.6,"[0.001919218020475455, 2.932870388031006]"
F12013,30,8,0.7,"[0.0003297642419965996, 3.4239847660064697]"
F12013,30,8,0.8,"[0.0010408875793928019, 3.910578727722168]"
F12013,30,8,0.9,"[0.000594807321249391, 4.397667407989502]"
F12013,30,8,1.0,"[0.0005591666765667469, 4.883872032165527]"
F12013,30,9,0.01,"[91734.95164845986, 0.04901313781738281]"
F12013,30,9,0.1,"[5760.464010285061, 0.49947547912597656]"
F12013,30,9,0.2,"[0.0001364515283057699, 0.984443187713623]"
F12013,30,9,0.3,"[0.002038655264868794, 1.4713249206542969]"
F12013,30,9,0.4,"[0.0010111652222803968, 1.9562511444091797]"
F12013,30,9,0.5,"[0.001022886383225341, 2.442086935043335]"
F12013,30,9,0.6,"[0.00119164911484404, 2.930213689804077]"
F12013,30,9,0.7,"[0.00033228922234229685, 3.4242496490478516]"
F12013,30,9,0.8,"[0.00024935218721111596, 3.9092535972595215]"
F12013,30,9,0.9,"[0.000541131584895993, 4.395806312561035]"
F12013,30,9,1.0,"[0.0005886512146844325, 4.881158351898193]"
F12013,30,10,0.01,"[182494.6489117239, 0.048824310302734375]"
F12013,30,10,0.1,"[24260.59645868056, 0.48760485649108887]"
F12013,30,10,0.2,"[12.717485215320039, 0.9743180274963379]"
F12013,30,10,0.3,"[0.0008699221325514372, 1.4623000621795654]"
F12013,30,10,0.4,"[0.002852608140983648, 1.947655200958252]"
F12013,30,10,0.5,"[0.0014407857484002307, 2.433012008666992]"
F12013,30,10,0.6,"[0.0017892720638883475, 2.9177329540252686]"
F12013,30,10,0.7,"[0.001381719295068251, 3.407655715942383]"
F12013,30,10,0.8,"[0.002144063557125264, 3.8938372135162354]"
F12013,30,10,0.9,"[0.0006383614124843007, 4.381128549575806]"
F12013,30,10,1.0,"[0.0009857200377609843, 4.868105888366699]"
F12013,30,11,0.01,"[158635.68202359136, 0.04903531074523926]"
F12013,30,11,0.1,"[15727.951180538657, 0.4878084659576416]"
F12013,30,11,0.2,"[2.8266663489787334, 0.973639726638794]"
F12013,30,11,0.3,"[0.0003513769322580629, 1.4618949890136719]"
F12013,30,11,0.4,"[0.0016772207497979252, 1.9474825859069824]"
F12013,30,11,0.5,"[0.0002939049654742121, 2.4345877170562744]"
F12013,30,11,0.6,"[0.0018787864928526687, 2.9209773540496826]"
F12013,30,11,0.7,"[0.0011298069362055685, 3.40982985496521]"
F12013,30,11,0.8,"[0.0006107571628035657, 3.8954994678497314]"
F12013,30,11,0.9,"[0.0012778857826560852, 4.382081508636475]"
F12013,30,11,1.0,"[0.00022304654135041346, 4.8677778244018555]"
F12013,30,12,0.01,"[142330.2437462571, 0.0490269660949707]"
F12013,30,12,0.1,"[16405.44827050928, 0.4902455806732178]"
F12013,30,12,0.2,"[51.72784154126816, 0.9796035289764404]"
F12013,30,12,0.3,"[0.0008489818642374303, 1.481048822402954]"
F12013,30,12,0.4,"[0.0020423651205874194, 1.9689176082611084]"
F12013,30,12,0.5,"[0.00044151291945127014, 2.4568121433258057]"
F12013,30,12,0.6,"[0.00401844823591091, 2.945873260498047]"
F12013,30,12,0.7,"[0.0005062127777364367, 3.4374845027923584]"
F12013,30,12,0.8,"[0.00040866775339054584, 3.9270741939544678]"
F12013,30,12,0.9,"[0.001995555838902874, 4.415480852127075]"
F12013,30,12,1.0,"[0.0008091161873835517, 4.902376413345337]"
F12013,30,13,0.01,"[205932.3556100998, 0.04897880554199219]"
F12013,30,13,0.1,"[27885.761933420516, 0.49025464057922363]"
F12013,30,13,0.2,"[150.78731289809184, 0.979295015335083]"
F12013,30,13,0.3,"[0.001963430769592378, 1.470677137374878]"
F12013,30,13,0.4,"[0.001385630939694238, 1.9578213691711426]"
F12013,30,13,0.5,"[0.0008155144223565003, 2.445077896118164]"
F12013,30,13,0.6,"[0.0008733572205983364, 2.9335381984710693]"
F12013,30,13,0.7,"[0.00029359344034673995, 3.4244327545166016]"
F12013,30,13,0.8,"[0.0010106190809437976, 3.912587881088257]"
F12013,30,13,0.9,"[0.001108471727320648, 4.400202751159668]"
F12013,30,13,1.0,"[0.0020827411578920874, 4.886483430862427]"
F12013,30,14,0.01,"[157435.41669433936, 0.0488886833190918]"
F12013,30,14,0.1,"[13348.148316742789, 0.48659825325012207]"
F12013,30,14,0.2,"[0.04472376303601777, 0.9723329544067383]"
F12013,30,14,0.3,"[0.0005214300335865119, 1.4596984386444092]"
F12013,30,14,0.4,"[0.00047107924501688103, 1.9450490474700928]"
F12013,30,14,0.5,"[0.0010018996929375135, 2.4309005737304688]"
F12013,30,14,0.6,"[0.0020702086926576158, 2.9185969829559326]"
F12013,30,14,0.7,"[0.0012365809284347051, 3.407273054122925]"
F12013,30,14,0.8,"[0.0007207568532976438, 3.8931427001953125]"
F12013,30,14,0.9,"[0.0004328449056174577, 4.381386756896973]"
F12013,30,14,1.0,"[0.0007565481630535942, 4.8680033683776855]"
F12013,30,15,0.01,"[134675.51843001356, 0.049102783203125]"
F12013,30,15,0.1,"[12282.657867099262, 0.4886007308959961]"
F12013,30,15,0.2,"[0.12332559532455889, 0.9756169319152832]"
F12013,30,15,0.3,"[0.0011778091304677218, 1.465728998184204]"
F12013,30,15,0.4,"[0.0013152706223991117, 1.9513816833496094]"
F12013,30,15,0.5,"[0.0017108946931330138, 2.437213659286499]"
F12013,30,15,0.6,"[0.00120358139020027, 2.9244179725646973]"
F12013,30,15,0.7,"[0.0008418661811901984, 3.413438558578491]"
F12013,30,15,0.8,"[0.002260466004599948, 3.8991453647613525]"
F12013,30,15,0.9,"[0.0016965437314411247, 4.38618278503418]"
F12013,30,15,1.0,"[0.0008649188048366341, 4.872672080993652]"
F12013,30,16,0.01,"[160590.02151588904, 0.04892444610595703]"
F12013,30,16,0.1,"[13794.05667430367, 0.48813676834106445]"
F12013,30,16,0.2,"[0.0006826722083133063, 0.9740712642669678]"
F12013,30,16,0.3,"[0.00141206685339057, 1.4606997966766357]"
F12013,30,16,0.4,"[0.0020145530575064186, 1.9448771476745605]"
F12013,30,16,0.5,"[0.0017345843939438055, 2.4305083751678467]"
F12013,30,16,0.6,"[0.0008835788905798836, 2.9157538414001465]"
F12013,30,16,0.7,"[0.001554413570829638, 3.402454137802124]"
F12013,30,16,0.8,"[0.0008237085776272579, 3.885059356689453]"
F12013,30,16,0.9,"[0.001167700138012151, 4.368549823760986]"
F12013,30,16,1.0,"[0.0013109964991144807, 4.852076530456543]"
F12013,30,17,0.01,"[112552.11539192773, 0.04874062538146973]"
F12013,30,17,0.1,"[10519.82698359051, 0.4849367141723633]"
F12013,30,17,0.2,"[34.954139104885144, 0.9690334796905518]"
F12013,30,17,0.3,"[0.000493253200829713, 1.4570841789245605]"
F12013,30,17,0.4,"[0.0011996361420187895, 1.941789150238037]"
F12013,30,17,0.5,"[0.0019496281636293133, 2.428008556365967]"
F12013,30,17,0.6,"[0.0011347565762207523, 2.9132027626037598]"
F12013,30,17,0.7,"[0.0010568336476808327, 3.4017632007598877]"
F12013,30,17,0.8,"[0.0009446425417536375, 3.8864901065826416]"
F12013,30,17,0.9,"[0.0007268648057561222, 4.372090578079224]"
F12013,30,17,1.0,"[0.00030416642539421446, 4.857967853546143]"
F12013,30,18,0.01,"[167083.26145433096, 0.04898428916931152]"
F12013,30,18,0.1,"[15602.573521916036, 0.48758864402770996]"
F12013,30,18,0.2,"[11.157730237072428, 0.9728786945343018]"
F12013,30,18,0.3,"[0.00019611295488175529, 1.4609589576721191]"
F12013,30,18,0.4,"[0.00156154159367361, 1.9459879398345947]"
F12013,30,18,0.5,"[0.0012197108519558242, 2.432267189025879]"
F12013,30,18,0.6,"[0.0014826533649738849, 2.9187371730804443]"
F12013,30,18,0.7,"[0.0009873386566141562, 3.4086198806762695]"
F12013,30,18,0.8,"[0.0014345704330480658, 3.8965628147125244]"
F12013,30,18,0.9,"[0.0009106401437293243, 4.386896371841431]"
F12013,30,18,1.0,"[0.0005637001270315523, 4.874624013900757]"
F12013,30,19,0.01,"[144279.65625178601, 0.09205389022827148]"
F12013,30,19,0.1,"[13601.730032530773, 0.5321304798126221]"
F12013,30,19,0.2,"[0.12285282393213492, 1.0209085941314697]"
F12013,30,19,0.3,"[0.0016465399710341444, 1.5123002529144287]"
F12013,30,19,0.4,"[0.0008570553588924668, 2.000520944595337]"
F12013,30,19,0.5,"[0.0009253138050553389, 2.4876389503479004]"
F12013,30,19,0.6,"[0.0003816004325472022, 2.974841833114624]"
F12013,30,19,0.7,"[0.0009268319754482945, 3.4640285968780518]"
F12013,30,19,0.8,"[0.001156305194399465, 3.952197790145874]"
F12013,30,19,0.9,"[0.0016210976100410335, 4.440862655639648]"
F12013,30,19,1.0,"[0.0012894017140752112, 4.926666975021362]"
F12013,30,20,0.01,"[154591.03908425244, 0.049314260482788086]"
F12013,30,20,0.1,"[18420.030876532226, 0.4905822277069092]"
F12013,30,20,0.2,"[8.55099922272393, 0.9796209335327148]"
F12013,30,20,0.3,"[0.0008059571816829703, 1.4715676307678223]"
F12013,30,20,0.4,"[0.0006229597631772776, 1.9611010551452637]"
F12013,30,20,0.5,"[0.0002548425743498228, 2.4499237537384033]"
F12013,30,20,0.6,"[0.0015734463690932898, 2.9379734992980957]"
F12013,30,20,0.7,"[0.0009712984767702437, 3.4294607639312744]"
F12013,30,20,0.8,"[0.0011340497014771245, 3.9203667640686035]"
F12013,30,20,0.9,"[0.0012282825073270942, 4.4115309715271]"
F12013,30,20,1.0,"[0.000708616905285453, 4.900419473648071]"
F12013,30,21,0.01,"[121276.84494061442, 0.04899954795837402]"
F12013,30,21,0.1,"[14174.094550258906, 0.4901444911956787]"
F12013,30,21,0.2,"[38.69564434630183, 0.9793610572814941]"
F12013,30,21,0.3,"[0.00031279917538995505, 1.469660997390747]"
F12013,30,21,0.4,"[0.00018763066395877104, 1.9564120769500732]"
F12013,30,21,0.5,"[0.0016046972523326986, 2.4436235427856445]"
F12013,30,21,0.6,"[0.001022711596760928, 2.9311463832855225]"
F12013,30,21,0.7,"[0.0006054814050457935, 3.4219565391540527]"
F12013,30,21,0.8,"[0.0006444426367124834, 3.9102437496185303]"
F12013,30,21,0.9,"[0.0010229401875676558, 4.39750337600708]"
F12013,30,21,1.0,"[0.0007487248983579775, 4.883028030395508]"
F12013,30,22,0.01,"[123396.82193803047, 0.04889535903930664]"
F12013,30,22,0.1,"[17905.31409015377, 0.48804688453674316]"
F12013,30,22,0.2,"[19.104501581076647, 0.974907398223877]"
F12013,30,22,0.3,"[0.0012662420856486278, 1.4639358520507812]"
F12013,30,22,0.4,"[0.0014719677358243644, 1.9491207599639893]"
F12013,30,22,0.5,"[0.0015083144583059038, 2.4356632232666016]"
F12013,30,22,0.6,"[0.0012198621859624836, 2.9233877658843994]"
F12013,30,22,0.7,"[0.0023027436950542324, 3.413470983505249]"
F12013,30,22,0.8,"[0.0005465326219109556, 3.901355504989624]"
F12013,30,22,0.9,"[0.0012284690931210207, 4.389068126678467]"
F12013,30,22,1.0,"[0.0012528670235951722, 4.873856544494629]"
F12013,30,23,0.01,"[160103.938560805, 0.04902029037475586]"
F12013,30,23,0.1,"[22395.284981147255, 0.4893178939819336]"
F12013,30,23,0.2,"[11.52049822168783, 0.9773430824279785]"
F12013,30,23,0.3,"[0.0014390907635970507, 1.4681007862091064]"
F12013,30,23,0.4,"[0.0019571344651012623, 1.9550530910491943]"
F12013,30,23,0.5,"[0.0015103136713605636, 2.441659688949585]"
F12013,30,23,0.6,"[0.0016745716413879563, 2.929184913635254]"
F12013,30,23,0.7,"[0.002290069573064102, 3.4197118282318115]"
F12013,30,23,0.8,"[0.0018409130102554627, 3.9074761867523193]"
F12013,30,23,0.9,"[0.0012006365286651999, 4.395209789276123]"
F12013,30,23,1.0,"[0.000251745606874465, 4.881253480911255]"
F12013,30,24,0.01,"[162144.56634498233, 0.04881763458251953]"
F12013,30,24,0.1,"[14438.435657817272, 0.4883873462677002]"
F12013,30,24,0.2,"[15.086925254164953, 0.9778909683227539]"
F12013,30,24,0.3,"[0.0005196681490815536, 1.4693880081176758]"
F12013,30,24,0.4,"[0.0013011961598294874, 1.9613797664642334]"
F12013,30,24,0.5,"[0.0006145177324015094, 2.4492952823638916]"
F12013,30,24,0.6,"[0.000689823024231373, 2.93821120262146]"
F12013,30,24,0.7,"[0.0016793139307083038, 3.429755449295044]"
F12013,30,24,0.8,"[0.0002961697923637985, 3.919721841812134]"
F12013,30,24,0.9,"[0.0021631225008604815, 4.408122539520264]"
F12013,30,24,1.0,"[0.0014239734919101465, 4.895447015762329]"
F12013,30,25,0.01,"[197653.1892487967, 0.04895639419555664]"
F12013,30,25,0.1,"[26115.303715271486, 0.48836708068847656]"
F12013,30,25,0.2,"[30.521187745591533, 0.975132942199707]"
F12013,30,25,0.3,"[0.00025281616922256944, 1.463738203048706]"
F12013,30,25,0.4,"[0.0016072202224677312, 1.9497020244598389]"
F12013,30,25,0.5,"[0.0004605785468356771, 2.4357898235321045]"
F12013,30,25,0.6,"[0.0005563523677665216, 2.9231514930725098]"
F12013,30,25,0.7,"[0.0014127798483514198, 3.4126508235931396]"
F12013,30,25,0.8,"[0.0007270072610481293, 3.898538827896118]"
F12013,30,25,0.9,"[0.0010498138281036518, 4.385117769241333]"
F12013,30,25,1.0,"[0.002321262638361077, 4.870493412017822]"
F12013,30,26,0.01,"[106945.96125549429, 0.04909467697143555]"
F12013,30,26,0.1,"[6413.432984234004, 0.48997950553894043]"
F12013,30,26,0.2,"[2.6244400714858784e-05, 0.978248119354248]"
F12013,30,26,0.3,"[0.0013167528647954896, 1.467890977859497]"
F12013,30,26,0.4,"[0.0012197712740089628, 1.9551453590393066]"
F12013,30,26,0.5,"[0.0013468648769503488, 2.4424996376037598]"
F12013,30,26,0.6,"[0.000926953257248897, 2.9308907985687256]"
F12013,30,26,0.7,"[0.0011977011836279416, 3.420614242553711]"
F12013,30,26,0.8,"[0.0013879243965675414, 3.906338930130005]"
F12013,30,26,0.9,"[0.0004784426191690727, 4.39278769493103]"
F12013,30,26,1.0,"[0.0008949339930950373, 4.877206802368164]"
F12013,30,27,0.01,"[175938.58415686048, 0.04941844940185547]"
F12013,30,27,0.1,"[17158.273137795182, 0.49206113815307617]"
F12013,30,27,0.2,"[2.6823942873093074, 0.9824116230010986]"
F12013,30,27,0.3,"[0.00037592582543766184, 1.4736814498901367]"
F12013,30,27,0.4,"[0.0005536353344268719, 1.9624536037445068]"
F12013,30,27,0.5,"[0.0012077293833954172, 2.453691244125366]"
F12013,30,27,0.6,"[0.0006661069194251468, 2.944267749786377]"
F12013,30,27,0.7,"[0.002101407797454158, 3.4350991249084473]"
F12013,30,27,0.8,"[0.0009098629802792857, 3.9231626987457275]"
F12013,30,27,0.9,"[0.0010669695473097818, 4.41218638420105]"
F12013,30,27,1.0,"[0.0008205732424357848, 4.901605129241943]"
F12013,30,28,0.01,"[87091.60870487957, 0.04912614822387695]"
F12013,30,28,0.1,"[6737.781613642044, 0.4889640808105469]"
F12013,30,28,0.2,"[0.16624411632551528, 0.9756815433502197]"
F12013,30,28,0.3,"[0.0007642936043339432, 1.4653313159942627]"
F12013,30,28,0.4,"[0.0004921328340969922, 1.9537816047668457]"
F12013,30,28,0.5,"[0.0011587117592171126, 2.4429562091827393]"
F12013,30,28,0.6,"[0.001205117190238525, 2.931493043899536]"
F12013,30,28,0.7,"[0.0018204415500804316, 3.4225456714630127]"
F12013,30,28,0.8,"[0.0011723871966751176, 3.9103190898895264]"
F12013,30,28,0.9,"[0.0022445220490681095, 4.399226903915405]"
F12013,30,28,1.0,"[0.0007747393065073993, 4.888129472732544]"
F12013,30,29,0.01,"[149986.2909408401, 0.049146413803100586]"
F12013,30,29,0.1,"[18836.492408586615, 0.4868278503417969]"
F12013,30,29,0.2,"[89.48920516249564, 0.971440315246582]"
F12013,30,29,0.3,"[0.000547746256870596, 1.4590468406677246]"
F12013,30,29,0.4,"[0.0010055416732939193, 1.9430241584777832]"
F12013,30,29,0.5,"[0.002708913850483441, 2.4278059005737305]"
F12013,30,29,0.6,"[0.0013831748506163422, 2.9113404750823975]"
F12013,30,29,0.7,"[0.00020521047508736956, 3.3972585201263428]"
F12013,30,29,0.8,"[0.0005542692999824794, 3.882291316986084]"
F12013,30,29,0.9,"[0.0009298533707351453, 4.368742227554321]"
F12013,30,29,1.0,"[0.0010092710856497433, 4.85376501083374]"
F12013,30,30,0.01,"[163436.05374935543, 0.04901432991027832]"
F12013,30,30,0.1,"[15532.615564314792, 0.49141430854797363]"
F12013,30,30,0.2,"[6.589998923510166, 0.9810197353363037]"
F12013,30,30,0.3,"[0.000576715691067875, 1.4705150127410889]"
F12013,30,30,0.4,"[0.0014849499680167355, 1.9571545124053955]"
F12013,30,30,0.5,"[0.001023422935304552, 2.443443536758423]"
F12013,30,30,0.6,"[0.0016587599802733166, 2.930922269821167]"
F12013,30,30,0.7,"[0.0012367058650397666, 3.42097806930542]"
F12013,30,30,0.8,"[0.0012418316887305991, 3.9092702865600586]"
F12013,30,30,0.9,"[0.0006615398067424394, 4.397388219833374]"
F12013,30,30,1.0,"[0.0008978396203929151, 4.884073972702026]"
F12013,30,31,0.01,"[117745.6714591769, 0.049080610275268555]"
F12013,30,31,0.1,"[9312.922164015934, 0.490262508392334]"
F12013,30,31,0.2,"[0.9818664081872157, 0.9789304733276367]"
F12013,30,31,0.3,"[0.0011473773320176406, 1.4687840938568115]"
F12013,30,31,0.4,"[0.000992224786841689, 1.9551525115966797]"
F12013,30,31,0.5,"[0.00014237795198823733, 2.441555976867676]"
F12013,30,31,0.6,"[0.0005291905501962901, 2.9289302825927734]"
F12013,30,31,0.7,"[0.0008646351989227696, 3.4182958602905273]"
F12013,30,31,0.8,"[0.001874233791795632, 3.9054958820343018]"
F12013,30,31,0.9,"[0.0019000810007128166, 4.391674518585205]"
F12013,30,31,1.0,"[0.0014592556410661928, 4.877170562744141]"
F12013,30,32,0.01,"[156666.33252246754, 0.049172163009643555]"
F12013,30,32,0.1,"[19775.18594994884, 0.4888932704925537]"
F12013,30,32,0.2,"[87.72329521599886, 0.9751887321472168]"
F12013,30,32,0.3,"[0.00045861909143241064, 1.4639713764190674]"
F12013,30,32,0.4,"[0.0009792185462629277, 1.951535940170288]"
F12013,30,32,0.5,"[0.000649336054948435, 2.439289093017578]"
F12013,30,32,0.6,"[0.0018071501892791275, 2.926676034927368]"
F12013,30,32,0.7,"[0.0016427207240212738, 3.4158709049224854]"
F12013,30,32,0.8,"[0.0006502706405626668, 3.903219699859619]"
F12013,30,32,0.9,"[0.0007486212891762989, 4.390739440917969]"
F12013,30,32,1.0,"[0.0012805489316178864, 4.878098964691162]"
F12013,30,33,0.01,"[143794.49988509092, 0.04934096336364746]"
F12013,30,33,0.1,"[18952.009726324824, 0.49045372009277344]"
F12013,30,33,0.2,"[99.30838745589222, 0.9788904190063477]"
F12013,30,33,0.3,"[0.0007369819975338032, 1.4708478450775146]"
F12013,30,33,0.4,"[0.0017091784827698575, 1.9594416618347168]"
F12013,30,33,0.5,"[0.0006470387834269786, 2.447096109390259]"
F12013,30,33,0.6,"[0.00126965415097402, 2.9345192909240723]"
F12013,30,33,0.7,"[0.0014275604944486986, 3.4235427379608154]"
F12013,30,33,0.8,"[0.0008835375292619574, 3.9114019870758057]"
F12013,30,33,0.9,"[0.0005310855269726744, 4.400418519973755]"
F12013,30,33,1.0,"[0.0007328765955207928, 4.886861324310303]"
F12013,30,34,0.01,"[172745.5720601768, 0.04885435104370117]"
F12013,30,34,0.1,"[20168.74695388504, 0.4827251434326172]"
F12013,30,34,0.2,"[22.19714333841307, 0.9633831977844238]"
F12013,30,34,0.3,"[0.0005771564906353888, 1.4466404914855957]"
F12013,30,34,0.4,"[0.0016485424314396369, 1.9272325038909912]"
F12013,30,34,0.5,"[0.001271533948056458, 2.4082772731781006]"
F12013,30,34,0.6,"[0.0017707345098187943, 2.8894412517547607]"
F12013,30,34,0.7,"[0.00029473286781467323, 3.3723766803741455]"
F12013,30,34,0.8,"[0.0017678894867003692, 3.8524229526519775]"
F12013,30,34,0.9,"[0.0003058252971186448, 4.336207151412964]"
F12013,30,34,1.0,"[0.0014312266048364108, 4.817728042602539]"
F12013,30,35,0.01,"[130484.28263149943, 0.04884982109069824]"
F12013,30,35,0.1,"[10742.363423847764, 0.4884331226348877]"
F12013,30,35,0.2,"[0.006927156522806399, 0.9756522178649902]"
F12013,30,35,0.3,"[0.000384109433298363, 1.4642419815063477]"
F12013,30,35,0.4,"[0.0002740433997132641, 1.9499342441558838]"
F12013,30,35,0.5,"[0.000867497032004394, 2.43673038482666]"
F12013,30,35,0.6,"[0.0007236748967898166, 2.9248406887054443]"
F12013,30,35,0.7,"[0.0016338104658188968, 3.4162933826446533]"
F12013,30,35,0.8,"[0.0009030008702666237, 3.9042744636535645]"
F12013,30,35,0.9,"[0.0008586067606302095, 4.391642332077026]"
F12013,30,35,1.0,"[0.0017828826050845237, 4.878108978271484]"
F12013,30,36,0.01,"[120360.24460036134, 0.04871368408203125]"
F12013,30,36,0.1,"[12753.478483923624, 0.48781609535217285]"
F12013,30,36,0.2,"[85.78309958946943, 0.974271297454834]"
F12013,30,36,0.3,"[0.0012536555502720148, 1.4640874862670898]"
F12013,30,36,0.4,"[0.0010858328482754587, 1.9498159885406494]"
F12013,30,36,0.5,"[0.0005441919927307026, 2.4356348514556885]"
F12013,30,36,0.6,"[0.0013007427655793435, 2.92073917388916]"
F12013,30,36,0.7,"[0.0018094599422511237, 3.408451795578003]"
F12013,30,36,0.8,"[0.0010843472532542364, 3.894852638244629]"
F12013,30,36,0.9,"[0.0003664340570139757, 4.381523370742798]"
F12013,30,36,1.0,"[0.0006785174673495931, 4.865859031677246]"
F12013,30,37,0.01,"[144617.46770221932, 0.04883432388305664]"
F12013,30,37,0.1,"[15191.824329682084, 0.48333215713500977]"
F12013,30,37,0.2,"[4.011414099123158, 0.9648630619049072]"
F12013,30,37,0.3,"[0.0008908325335141853, 1.447622537612915]"
F12013,30,37,0.4,"[0.0021275624246754887, 1.9289007186889648]"
F12013,30,37,0.5,"[0.0013573318242379173, 2.410423994064331]"
F12013,30,37,0.6,"[0.0011282354312243115, 2.8914172649383545]"
F12013,30,37,0.7,"[0.001327577421307069, 3.3730363845825195]"
F12013,30,37,0.8,"[0.0012139696036683745, 3.852468967437744]"
F12013,30,37,0.9,"[0.0010473086053934821, 4.332997798919678]"
F12013,30,37,1.0,"[0.0011745147794499644, 4.8143322467803955]"
F12013,30,38,0.01,"[135455.62907084703, 0.05881690979003906]"
F12013,30,38,0.1,"[15455.685119607633, 0.5849149227142334]"
F12013,30,38,0.2,"[13.919049973811298, 1.170990228652954]"
F12013,30,38,0.3,"[0.0005921485992530506, 1.7559452056884766]"
F12013,30,38,0.4,"[0.0007695785470787087, 2.3398611545562744]"
F12013,30,38,0.5,"[0.0016385142153012566, 2.923008680343628]"
F12013,30,38,0.6,"[0.0008249784641520819, 3.506986618041992]"
F12013,30,38,0.7,"[0.001974405823602865, 4.091374158859253]"
F12013,30,38,0.8,"[0.0010967560899644013, 4.673639297485352]"
F12013,30,38,0.9,"[0.0014776870079913351, 5.243605136871338]"
F12013,30,38,1.0,"[0.001987673109397292, 5.827756404876709]"
F12013,30,39,0.01,"[86278.53245143221, 0.04873967170715332]"
F12013,30,39,0.1,"[5287.275718387511, 0.4842703342437744]"
F12013,30,39,0.2,"[0.0001714568913939729, 0.967505693435669]"
F12013,30,39,0.3,"[6.83886619299301e-05, 1.452965259552002]"
F12013,30,39,0.4,"[0.0015039535562664241, 1.9350247383117676]"
F12013,30,39,0.5,"[0.0013478658302119584, 2.416620969772339]"
F12013,30,39,0.6,"[0.0004737385932003235, 2.896867513656616]"
F12013,30,39,0.7,"[0.0016834013358675293, 3.3796448707580566]"
F12013,30,39,0.8,"[0.00043855535227521614, 3.8620479106903076]"
F12013,30,39,0.9,"[0.0006818768483753956, 4.344976425170898]"
F12013,30,39,1.0,"[0.0011705823931151826, 4.826319694519043]"
F12013,30,40,0.01,"[180410.553288982, 0.04857993125915527]"
F12013,30,40,0.1,"[18796.317088071635, 0.48171210289001465]"
F12013,30,40,0.2,"[0.09875718288981261, 0.9614360332489014]"
F12013,30,40,0.3,"[0.0007142412009670807, 1.444725513458252]"
F12013,30,40,0.4,"[0.0010983130434851773, 1.9258098602294922]"
F12013,30,40,0.5,"[0.0018477716869256255, 2.4073448181152344]"
F12013,30,40,0.6,"[0.0015237204427194229, 2.888725519180298]"
F12013,30,40,0.7,"[0.0019214308379105205, 3.3713746070861816]"
F12013,30,40,0.8,"[0.0011511374284509657, 3.8519856929779053]"
F12013,30,40,0.9,"[0.0007351047215706785, 4.335017919540405]"
F12013,30,40,1.0,"[0.00048105707037393586, 4.816473007202148]"
F12013,30,41,0.01,"[121615.29759725483, 0.11958456039428711]"
F12013,30,41,0.1,"[12702.519436181037, 0.6840593814849854]"
F12013,30,41,0.2,"[1.4913081427253019, 1.1647627353668213]"
F12013,30,41,0.3,"[0.0007999856263722904, 1.6461622714996338]"
F12013,30,41,0.4,"[0.0006841918022928439, 2.125610589981079]"
F12013,30,41,0.5,"[0.0005282608437937597, 2.605586528778076]"
F12013,30,41,0.6,"[0.0011044281150134339, 3.0874342918395996]"
F12013,30,41,0.7,"[0.0012820544859550864, 3.5716874599456787]"
F12013,30,41,0.8,"[0.0012932483798522298, 4.052664041519165]"
F12013,30,41,0.9,"[0.0021066134954708104, 4.534562826156616]"
F12013,30,41,1.0,"[0.000640267659264282, 5.015373706817627]"
F12013,30,42,0.01,"[70089.09557568819, 0.22673726081848145]"
F12013,30,42,0.1,"[1927.9124680806713, 0.6606309413909912]"
F12013,30,42,0.2,"[0.00011890382461388072, 1.1402149200439453]"
F12013,30,42,0.3,"[0.0011721841913185926, 1.622070550918579]"
F12013,30,42,0.4,"[0.0004941639595017477, 2.1002750396728516]"
F12013,30,42,0.5,"[0.0005770005461727123, 2.579061269760132]"
F12013,30,42,0.6,"[0.0007489195470498089, 3.059427499771118]"
F12013,30,42,0.7,"[0.0010594069879061863, 3.540151834487915]"
F12013,30,42,0.8,"[0.001242537319967596, 4.0181708335876465]"
F12013,30,42,0.9,"[0.0006719020107084361, 4.49665904045105]"
F12013,30,42,1.0,"[0.0007614617813942459, 4.973691940307617]"
F12013,30,43,0.01,"[160861.11898671335, 0.15674161911010742]"
F12013,30,43,0.1,"[17565.24347964101, 0.7131977081298828]"
F12013,30,43,0.2,"[8.415408033349195, 1.1948492527008057]"
F12013,30,43,0.3,"[0.0006576198638867936, 1.6789557933807373]"
F12013,30,43,0.4,"[0.000955242918280419, 2.1590986251831055]"
F12013,30,43,0.5,"[0.0010688542245134158, 2.63970685005188]"
F12013,30,43,0.6,"[0.00042149356454501685, 3.119706153869629]"
F12013,30,43,0.7,"[0.0014044962649677473, 3.6021409034729004]"
F12013,30,43,0.8,"[0.0007840143027806334, 4.083053112030029]"
F12013,30,43,0.9,"[0.0007116171739198762, 4.563187599182129]"
F12013,30,43,1.0,"[0.00043086430514449603, 5.041465759277344]"
F12013,30,44,0.01,"[120051.6788108759, 0.15958189964294434]"
F12013,30,44,0.1,"[14704.7795552808, 0.6709001064300537]"
F12013,30,44,0.2,"[56.26342194548283, 1.1498634815216064]"
F12013,30,44,0.3,"[0.000862073584130485, 1.6320955753326416]"
F12013,30,44,0.4,"[0.0001667268957135093, 2.11321759223938]"
F12013,30,44,0.5,"[0.000875491835813591, 2.5944156646728516]"
F12013,30,44,0.6,"[0.0009228396329490351, 3.073320150375366]"
F12013,30,44,0.7,"[0.000664898326022012, 3.553300142288208]"
F12013,30,44,0.8,"[0.0022114928817700275, 4.030718564987183]"
F12013,30,44,0.9,"[0.001985097249644241, 4.509763479232788]"
F12013,30,44,1.0,"[0.0006736007480867556, 4.986126661300659]"
F12013,30,45,0.01,"[158467.2906438152, 0.23760581016540527]"
F12013,30,45,0.1,"[17771.691045257714, 0.6696591377258301]"
F12013,30,45,0.2,"[3.9976761982859443, 1.147611379623413]"
F12013,30,45,0.3,"[0.0012270608915514458, 1.6305184364318848]"
F12013,30,45,0.4,"[0.00048819466110217036, 2.1097347736358643]"
F12013,30,45,0.5,"[0.0018977630861627404, 2.590731143951416]"
F12013,30,45,0.6,"[0.0010175482689191995, 3.070493221282959]"
F12013,30,45,0.7,"[0.0009642937520766282, 3.553126096725464]"
F12013,30,45,0.8,"[0.0012160443238826701, 4.03296160697937]"
F12013,30,45,0.9,"[0.0007226007442113769, 4.514607906341553]"
F12013,30,45,1.0,"[0.000759876427537165, 4.994310140609741]"
F12013,30,46,0.01,"[139236.44450396526, 0.12070465087890625]"
F12013,30,46,0.1,"[17203.07831517906, 0.5543744564056396]"
F12013,30,46,0.2,"[141.07098753555306, 1.0340206623077393]"
F12013,30,46,0.3,"[0.0005095405319934798, 1.5178847312927246]"
F12013,30,46,0.4,"[8.147764083332731e-05, 2.0002448558807373]"
F12013,30,46,0.5,"[0.00019164076525157725, 2.4840354919433594]"
F12013,30,46,0.6,"[0.000283119787582109, 2.965989828109741]"
F12013,30,46,0.7,"[0.0008091577462892019, 3.4500062465667725]"
F12013,30,46,0.8,"[0.0011321940316975088, 3.9315059185028076]"
F12013,30,46,0.9,"[0.00040150481208911515, 4.415760278701782]"
F12013,30,46,1.0,"[0.0011085037381235452, 4.897050380706787]"
F12013,30,47,0.01,"[125033.12729432876, 0.16367220878601074]"
F12013,30,47,0.1,"[6893.478448662894, 0.5972254276275635]"
F12013,30,47,0.2,"[0.00017628644786782388, 1.077570915222168]"
F12013,30,47,0.3,"[0.0006184969811329211, 1.560117244720459]"
F12013,30,47,0.4,"[0.0015221491999000136, 2.0387465953826904]"
F12013,30,47,0.5,"[0.000951370759821657, 2.518833875656128]"
F12013,30,47,0.6,"[0.00015033938552733161, 2.9973766803741455]"
F12013,30,47,0.7,"[0.0012089258439118566, 3.4774363040924072]"
F12013,30,47,0.8,"[0.0013180430510146834, 3.957026481628418]"
F12013,30,47,0.9,"[0.0009263658484996995, 4.437511444091797]"
F12013,30,47,1.0,"[0.0009129911302352411, 4.9164605140686035]"
F12013,30,48,0.01,"[176632.62522633935, 0.04842042922973633]"
F12013,30,48,0.1,"[20218.15658897899, 0.4818117618560791]"
F12013,30,48,0.2,"[3.1300488275651333, 0.9628720283508301]"
F12013,30,48,0.3,"[0.0005872282526979689, 1.4440295696258545]"
F12013,30,48,0.4,"[0.0013849964880137122, 1.9262542724609375]"
F12013,30,48,0.5,"[0.0007557657802408357, 2.409992218017578]"
F12013,30,48,0.6,"[0.0012481944063438277, 2.8927855491638184]"
F12013,30,48,0.7,"[0.0016683985409144952, 3.376490354537964]"
F12013,30,48,0.8,"[0.001336240581167658, 3.858260154724121]"
F12013,30,48,0.9,"[0.00036170351336295425, 4.341382026672363]"
F12013,30,48,1.0,"[0.000762331106216152, 4.822146654129028]"
F12013,30,49,0.01,"[118776.7673605689, 0.04903864860534668]"
F12013,30,49,0.1,"[10001.774915544152, 0.4872419834136963]"
F12013,30,49,0.2,"[0.0013438805119676545, 0.9740133285522461]"
F12013,30,49,0.3,"[0.0009184254799947666, 1.4617669582366943]"
F12013,30,49,0.4,"[0.0017249130094114662, 1.949796199798584]"
F12013,30,49,0.5,"[0.0010137911388028442, 2.438646078109741]"
F12013,30,49,0.6,"[0.0018279532137057686, 2.925367832183838]"
F12013,30,49,0.7,"[0.0012782697292550438, 3.4131085872650146]"
F12013,30,49,0.8,"[0.0017630592712976068, 3.899625062942505]"
F12013,30,49,0.9,"[0.0006398116117907193, 4.385997772216797]"
F12013,30,49,1.0,"[0.0005490859143719717, 4.871505260467529]"
F12013,30,50,0.01,"[107635.04254506793, 0.04841494560241699]"
F12013,30,50,0.1,"[7394.452859427858, 0.481661319732666]"
F12013,30,50,0.2,"[0.0006781960573789547, 0.9618768692016602]"
F12013,30,50,0.3,"[0.0008130438191074063, 1.4436936378479004]"
F12013,30,50,0.4,"[0.0006804979311709758, 1.9254200458526611]"
F12013,30,50,0.5,"[0.001128946984636059, 2.4078729152679443]"
F12013,30,50,0.6,"[0.0005807980364807008, 2.8896052837371826]"
F12013,30,50,0.7,"[0.0007972915782374912, 3.3725602626800537]"
F12013,30,50,0.8,"[0.001038063754549512, 3.856071710586548]"
F12013,30,50,0.9,"[0.0011343455348651332, 4.338144063949585]"
F12013,30,50,1.0,"[0.00047044094071679865, 4.819202661514282]"
F12013,50,0,0.01,"[235725.2665100761, 0.07944607734680176]"
F12013,50,0,0.1,"[16503.845259482598, 0.7889792919158936]"
F12013,50,0,0.2,"[0.00022365234895005415, 1.5728731155395508]"
F12013,50,0,0.3,"[0.0010785459085127513, 2.353269100189209]"
F12013,50,0,0.4,"[0.0018167290727433283, 3.1348514556884766]"
F12013,50,0,0.5,"[0.001320547375598835, 3.9168481826782227]"
F12013,50,0,0.6,"[0.0011431245957282954, 4.6975998878479]"
F12013,50,0,0.7,"[0.0019233195127981162, 5.480407953262329]"
F12013,50,0,0.8,"[0.0019319024022479425, 6.261881589889526]"
F12013,50,0,0.9,"[0.002060213301319891, 7.042510986328125]"
F12013,50,0,1.0,"[0.0027388996868467075, 7.823566675186157]"
F12013,50,1,0.01,"[226655.4650259558, 0.07942318916320801]"
F12013,50,1,0.1,"[14881.936239615541, 0.7847073078155518]"
F12013,50,1,0.2,"[0.0010091957919939887, 1.5679023265838623]"
F12013,50,1,0.3,"[0.0015058612564189389, 2.3478596210479736]"
F12013,50,1,0.4,"[0.0010936722344467853, 3.130218029022217]"
F12013,50,1,0.5,"[0.0007983136167695193, 3.913409948348999]"
F12013,50,1,0.6,"[0.0026405816770420643, 4.6980814933776855]"
F12013,50,1,0.7,"[0.0015156422666677827, 5.479773998260498]"
F12013,50,1,0.8,"[0.0021158040860882465, 6.260034561157227]"
F12013,50,1,0.9,"[0.001808779315524589, 7.0405497550964355]"
F12013,50,1,1.0,"[0.0008881413405106287, 7.824299097061157]"
F12013,50,2,0.01,"[152661.5560570747, 0.07954072952270508]"
F12013,50,2,0.1,"[4429.616204803073, 0.7886860370635986]"
F12013,50,2,0.2,"[0.0004293845922802575, 1.5734014511108398]"
F12013,50,2,0.3,"[0.0010137127962934755, 2.356943130493164]"
F12013,50,2,0.4,"[0.00243197113354654, 3.1419336795806885]"
F12013,50,2,0.5,"[0.0016964908361387643, 3.927414655685425]"
F12013,50,2,0.6,"[0.0008107628361813113, 4.712010383605957]"
F12013,50,2,0.7,"[0.0020712801788249635, 5.499701261520386]"
F12013,50,2,0.8,"[0.0009521196070636506, 6.28586220741272]"
F12013,50,2,0.9,"[0.0009079261078568379, 7.069853782653809]"
F12013,50,2,1.0,"[0.0011769890520554327, 7.853609800338745]"
F12013,50,3,0.01,"[158966.116759311, 0.07923364639282227]"
F12013,50,3,0.1,"[10407.912680931484, 0.7836618423461914]"
F12013,50,3,0.2,"[0.029697162398406363, 1.5654752254486084]"
F12013,50,3,0.3,"[0.00283074287153795, 2.3436837196350098]"
F12013,50,3,0.4,"[0.0012589287650826009, 3.1229960918426514]"
F12013,50,3,0.5,"[0.002315005115860913, 3.903198003768921]"
F12013,50,3,0.6,"[0.002092071663355455, 4.68556809425354]"
F12013,50,3,0.7,"[0.0023358239166100248, 5.466817140579224]"
F12013,50,3,0.8,"[0.0005295023131566268, 6.246155500411987]"
F12013,50,3,0.9,"[0.0031022466423564765, 7.026641130447388]"
F12013,50,3,1.0,"[0.0024086645003080775, 7.806521415710449]"
F12013,50,4,0.01,"[171554.98360901748, 0.07925724983215332]"
F12013,50,4,0.1,"[12185.182668098034, 0.7853126525878906]"
F12013,50,4,0.2,"[0.6593664415304374, 1.57041597366333]"
F12013,50,4,0.3,"[0.001955401426357639, 2.3498923778533936]"
F12013,50,4,0.4,"[0.0016450892403554462, 3.130509853363037]"
F12013,50,4,0.5,"[0.001359143678428154, 3.911285161972046]"
F12013,50,4,0.6,"[0.0033017778721387003, 4.692115068435669]"
F12013,50,4,0.7,"[0.0023022829238925624, 5.475472688674927]"
F12013,50,4,0.8,"[0.0012190538254799321, 6.256900072097778]"
F12013,50,4,0.9,"[0.0020972911497665336, 7.038663864135742]"
F12013,50,4,1.0,"[0.0007743031126210553, 7.819409608840942]"
F12013,50,5,0.01,"[180765.88252762306, 0.10789370536804199]"
F12013,50,5,0.1,"[12467.11365457869, 0.8094236850738525]"
F12013,50,5,0.2,"[3.807524877983724, 1.5906362533569336]"
F12013,50,5,0.3,"[0.0012444853527995292, 2.369565010070801]"
F12013,50,5,0.4,"[0.0011902292824288452, 3.1505534648895264]"
F12013,50,5,0.5,"[0.0013803978347368684, 3.928814649581909]"
F12013,50,5,0.6,"[0.0009359157129438245, 4.707664966583252]"
F12013,50,5,0.7,"[0.0018190981281804852, 5.487423419952393]"
F12013,50,5,0.8,"[0.0017350367295421165, 6.266024827957153]"
F12013,50,5,0.9,"[0.0009342767059479229, 7.0477588176727295]"
F12013,50,5,1.0,"[0.0011164841364461608, 7.832159996032715]"
F12013,50,6,0.01,"[155983.53973674172, 0.07859253883361816]"
F12013,50,6,0.1,"[12323.03261625872, 0.7775483131408691]"
F12013,50,6,0.2,"[31.909186647053957, 1.5555336475372314]"
F12013,50,6,0.3,"[0.004111469045483318, 2.3305561542510986]"
F12013,50,6,0.4,"[0.0024052262958775827, 3.107581377029419]"
F12013,50,6,0.5,"[0.001669607591111344, 3.883784055709839]"
F12013,50,6,0.6,"[0.0015260501245393243, 4.662797927856445]"
F12013,50,6,0.7,"[0.0012516611061528238, 5.4415717124938965]"
F12013,50,6,0.8,"[0.003047742623493832, 6.2176408767700195]"
F12013,50,6,0.9,"[0.001272993594966465, 6.994219779968262]"
F12013,50,6,1.0,"[0.0007682573925649194, 7.770740747451782]"
F12013,50,7,0.01,"[214309.29033433754, 0.07979536056518555]"
F12013,50,7,0.1,"[18544.294826380064, 0.7857813835144043]"
F12013,50,7,0.2,"[6.759420455788586, 1.572601318359375]"
F12013,50,7,0.3,"[0.0019913014207304514, 2.3599164485931396]"
F12013,50,7,0.4,"[0.00044890955655318976, 3.144753932952881]"
F12013,50,7,0.5,"[0.0020153338505224383, 3.9279627799987793]"
F12013,50,7,0.6,"[0.0030823096067251754, 4.716296672821045]"
F12013,50,7,0.7,"[0.0022251151797263446, 5.502938270568848]"
F12013,50,7,0.8,"[0.003399132281401762, 6.289766550064087]"
F12013,50,7,0.9,"[0.001353455616708743, 7.073519229888916]"
F12013,50,7,1.0,"[0.0017846859382188995, 7.857376575469971]"
F12013,50,8,0.01,"[258819.35186876784, 0.07967233657836914]"
F12013,50,8,0.1,"[21950.48182305312, 0.7882399559020996]"
F12013,50,8,0.2,"[1.8308202334176258, 1.5773279666900635]"
F12013,50,8,0.3,"[0.0019408767102504498, 2.3647146224975586]"
F12013,50,8,0.4,"[0.002640996515083316, 3.151808977127075]"
F12013,50,8,0.5,"[0.0029795199652653537, 3.940478563308716]"
F12013,50,8,0.6,"[0.0015998910614598572, 4.731786489486694]"
F12013,50,8,0.7,"[0.003494325152814781, 5.523236036300659]"
F12013,50,8,0.8,"[0.0033986868672855053, 6.313883066177368]"
F12013,50,8,0.9,"[0.0013166978178560385, 7.102916240692139]"
F12013,50,8,1.0,"[0.0009418088779966638, 7.891845226287842]"
F12013,50,9,0.01,"[147883.2167120647, 0.07948136329650879]"
F12013,50,9,0.1,"[9183.480542752579, 0.7880823612213135]"
F12013,50,9,0.2,"[0.47768380032039204, 1.5770599842071533]"
F12013,50,9,0.3,"[0.0017103159937050805, 2.365337371826172]"
F12013,50,9,0.4,"[0.0011865433114053303, 3.155162811279297]"
F12013,50,9,0.5,"[0.0014292396651853778, 3.943683385848999]"
F12013,50,9,0.6,"[0.0010927474138497928, 4.733280420303345]"
F12013,50,9,0.7,"[0.001547627161244236, 5.522095441818237]"
F12013,50,9,0.8,"[0.0005708347134714131, 6.311537742614746]"
F12013,50,9,0.9,"[0.0014255294042868627, 7.102886915206909]"
F12013,50,9,1.0,"[0.0011715046837252885, 7.892986297607422]"
F12013,50,10,0.01,"[182461.85925985142, 0.0791466236114502]"
F12013,50,10,0.1,"[10249.812130411681, 0.7830793857574463]"
F12013,50,10,0.2,"[5.9460891634444124e-05, 1.5718207359313965]"
F12013,50,10,0.3,"[0.0016331438382621855, 2.359898328781128]"
F12013,50,10,0.4,"[0.0012547980604722397, 3.1497347354888916]"
F12013,50,10,0.5,"[0.001695677993211575, 3.93680477142334]"
F12013,50,10,0.6,"[0.0007717006055827369, 4.725013732910156]"
F12013,50,10,0.7,"[0.0014289877997271105, 5.512221097946167]"
F12013,50,10,0.8,"[0.0009572046162702463, 6.298070430755615]"
F12013,50,10,0.9,"[0.0015125970062399574, 7.08802056312561]"
F12013,50,10,1.0,"[0.0015346856096130068, 7.8775794506073]"
F12013,50,11,0.01,"[273123.67834295786, 0.07906556129455566]"
F12013,50,11,0.1,"[30919.842298036237, 0.7824664115905762]"
F12013,50,11,0.2,"[58.20061618068371, 1.5685334205627441]"
F12013,50,11,0.3,"[0.0011049478741824714, 2.3524465560913086]"
F12013,50,11,0.4,"[0.0005029636247400049, 3.1369059085845947]"
F12013,50,11,0.5,"[0.004714868053497412, 3.9199211597442627]"
F12013,50,11,0.6,"[0.0024636409082177124, 4.704998254776001]"
F12013,50,11,0.7,"[0.0024225698155078135, 5.489496231079102]"
F12013,50,11,0.8,"[0.002004914386816381, 6.272414445877075]"
F12013,50,11,0.9,"[0.0012213798445372959, 7.059307813644409]"
F12013,50,11,1.0,"[0.0013122192817718314, 7.846318483352661]"
F12013,50,12,0.01,"[176293.82009878577, 0.07948088645935059]"
F12013,50,12,0.1,"[13392.27831931172, 0.7883799076080322]"
F12013,50,12,0.2,"[4.206848564602751, 1.5736644268035889]"
F12013,50,12,0.3,"[0.0011623181726463372, 2.3585989475250244]"
F12013,50,12,0.4,"[0.0016143917748649983, 3.145573377609253]"
F12013,50,12,0.5,"[0.001367883136481396, 3.9330477714538574]"
F12013,50,12,0.6,"[0.0013311195989444968, 4.71773362159729]"
F12013,50,12,0.7,"[0.0005586347051576013, 5.5047643184661865]"
F12013,50,12,0.8,"[0.004376962473543244, 6.2901291847229]"
F12013,50,12,0.9,"[0.0023154989423801453, 7.073898553848267]"
F12013,50,12,1.0,"[0.0017681494998669223, 7.857986688613892]"
F12013,50,13,0.01,"[209711.3057511067, 0.07911229133605957]"
F12013,50,13,0.1,"[13269.975573993477, 0.7831845283508301]"
F12013,50,13,0.2,"[0.012020134927297477, 1.564180850982666]"
F12013,50,13,0.3,"[0.0030143430885800626, 2.3454315662384033]"
F12013,50,13,0.4,"[0.0016676147788530216, 3.1283671855926514]"
F12013,50,13,0.5,"[0.0021120599521964323, 3.9117915630340576]"
F12013,50,13,0.6,"[0.0018179552473611693, 4.693734645843506]"
F12013,50,13,0.7,"[0.002427624518986704, 5.478860378265381]"
F12013,50,13,0.8,"[0.0015739569366814976, 6.2620689868927]"
F12013,50,13,0.9,"[0.0009648242719322297, 7.045090436935425]"
F12013,50,13,1.0,"[0.0009337235508155572, 7.827727556228638]"
F12013,50,14,0.01,"[253912.62749222503, 0.08015179634094238]"
F12013,50,14,0.1,"[21135.502173722958, 0.7907853126525879]"
F12013,50,14,0.2,"[2.441424927272692, 1.5784685611724854]"
F12013,50,14,0.3,"[0.0011383691653463757, 2.364103078842163]"
F12013,50,14,0.4,"[0.001805022932785505, 3.1509487628936768]"
F12013,50,14,0.5,"[0.000624976537665134, 3.93898344039917]"
F12013,50,14,0.6,"[0.002014348486227391, 4.727068662643433]"
F12013,50,14,0.7,"[0.0015616894688719185, 5.516875267028809]"
F12013,50,14,0.8,"[0.0016080616244380508, 6.304591178894043]"
F12013,50,14,0.9,"[0.0010124538093805313, 7.091491460800171]"
F12013,50,14,1.0,"[0.0013115830627157266, 7.880110263824463]"
F12013,50,15,0.01,"[271346.44672453264, 0.07938647270202637]"
F12013,50,15,0.1,"[24449.59331181586, 0.7883200645446777]"
F12013,50,15,0.2,"[11.710208738693836, 1.5742895603179932]"
F12013,50,15,0.3,"[0.0010943463446437818, 2.360013961791992]"
F12013,50,15,0.4,"[0.001835475980215051, 3.149683952331543]"
F12013,50,15,0.5,"[0.00217426305562185, 3.9396562576293945]"
F12013,50,15,0.6,"[0.0020500491032180435, 4.726653337478638]"
F12013,50,15,0.7,"[0.002178390504241179, 5.517074108123779]"
F12013,50,15,0.8,"[0.0012686760103406414, 6.305076599121094]"
F12013,50,15,0.9,"[0.0022695601535360765, 7.091768741607666]"
F12013,50,15,1.0,"[0.0018021728155872552, 7.878440856933594]"
F12013,50,16,0.01,"[198462.23777470202, 0.07916688919067383]"
F12013,50,16,0.1,"[15936.331096368232, 0.7834286689758301]"
F12013,50,16,0.2,"[0.4145555206378049, 1.564953088760376]"
F12013,50,16,0.3,"[0.0007498380862216436, 2.3448410034179688]"
F12013,50,16,0.4,"[0.0007605863738717744, 3.1263444423675537]"
F12013,50,16,0.5,"[0.0013593399439741916, 3.910275936126709]"
F12013,50,16,0.6,"[0.001521452856650285, 4.694521188735962]"
F12013,50,16,0.7,"[0.0018249842569275643, 5.476372718811035]"
F12013,50,16,0.8,"[0.0006270617000154743, 6.256228923797607]"
F12013,50,16,0.9,"[0.0019180706838142214, 7.036818504333496]"
F12013,50,16,1.0,"[0.0016977876964574534, 7.819238185882568]"
F12013,50,17,0.01,"[294228.2514663483, 0.07961297035217285]"
F12013,50,17,0.1,"[26755.804708549564, 0.7873053550720215]"
F12013,50,17,0.2,"[6.790340469102375, 1.5721454620361328]"
F12013,50,17,0.3,"[0.001796625883798697, 2.3567261695861816]"
F12013,50,17,0.4,"[0.0027572087240059773, 3.143078327178955]"
F12013,50,17,0.5,"[0.0011404242673052067, 3.9288580417633057]"
F12013,50,17,0.6,"[0.0005428388242307847, 4.713535308837891]"
F12013,50,17,0.7,"[0.0021944281691048673, 5.500849723815918]"
F12013,50,17,0.8,"[0.0014183178327584756, 6.286030530929565]"
F12013,50,17,0.9,"[0.0015910818262909743, 7.071507215499878]"
F12013,50,17,1.0,"[0.00176931994383267, 7.857395172119141]"
F12013,50,18,0.01,"[106789.84532768297, 0.08040904998779297]"
F12013,50,18,0.1,"[2592.454003684454, 0.7909002304077148]"
F12013,50,18,0.2,"[0.0014002801492551953, 1.5822052955627441]"
F12013,50,18,0.3,"[0.0009360459478102712, 2.372516393661499]"
F12013,50,18,0.4,"[0.002301229897511803, 3.1639437675476074]"
F12013,50,18,0.5,"[0.001975478523036145, 3.954463481903076]"
F12013,50,18,0.6,"[0.0004429247351254162, 4.7515387535095215]"
F12013,50,18,0.7,"[0.0012542983167804778, 5.544464588165283]"
F12013,50,18,0.8,"[0.001497080642820947, 6.422123908996582]"
F12013,50,18,0.9,"[0.0021295518863553298, 7.32530403137207]"
F12013,50,18,1.0,"[0.002034587150092193, 8.114128589630127]"
F12013,50,19,0.01,"[232317.90093922103, 0.08008217811584473]"
F12013,50,19,0.1,"[16285.168211491511, 0.7926816940307617]"
F12013,50,19,0.2,"[7.612859028763296, 1.5866234302520752]"
F12013,50,19,0.3,"[0.0009409296933426958, 2.3751864433288574]"
F12013,50,19,0.4,"[0.002046377999249671, 3.164672374725342]"
F12013,50,19,0.5,"[0.002054530224086193, 3.9530603885650635]"
F12013,50,19,0.6,"[0.001380060575229436, 4.746697902679443]"
F12013,50,19,0.7,"[0.002408619473726503, 5.540863513946533]"
F12013,50,19,0.8,"[0.003476747297327165, 6.333441495895386]"
F12013,50,19,0.9,"[0.002449442775969146, 7.124280691146851]"
F12013,50,19,1.0,"[0.0016103367747746233, 7.915610313415527]"
F12013,50,20,0.01,"[170440.77849214282, 0.13044309616088867]"
F12013,50,20,0.1,"[9098.612744292703, 0.8418474197387695]"
F12013,50,20,0.2,"[0.0007227889980185864, 1.6321921348571777]"
F12013,50,20,0.3,"[0.0017107284622852603, 2.419102191925049]"
F12013,50,20,0.4,"[0.001480924090856206, 3.2071821689605713]"
F12013,50,20,0.5,"[0.0017651192520133918, 3.996159791946411]"
F12013,50,20,0.6,"[0.00208744070891953, 4.78526496887207]"
F12013,50,20,0.7,"[0.003167593294620019, 5.576091766357422]"
F12013,50,20,0.8,"[0.0012401114558997506, 6.36411714553833]"
F12013,50,20,0.9,"[0.0016094464026537025, 7.153533935546875]"
F12013,50,20,1.0,"[0.0001734681447942421, 7.940286636352539]"
F12013,50,21,0.01,"[173908.19934430986, 0.17513108253479004]"
F12013,50,21,0.1,"[9122.477477233599, 0.8832619190216064]"
F12013,50,21,0.2,"[0.00010571503867140564, 1.6695501804351807]"
F12013,50,21,0.3,"[0.0026053778276491357, 2.4521257877349854]"
F12013,50,21,0.4,"[0.0009314631186043698, 3.2362191677093506]"
F12013,50,21,0.5,"[0.002355779537538183, 4.019676685333252]"
F12013,50,21,0.6,"[0.0018335455640681175, 4.8059985637664795]"
F12013,50,21,0.7,"[0.002512083028022971, 5.592832088470459]"
F12013,50,21,0.8,"[0.0013223846913206216, 6.377807140350342]"
F12013,50,21,0.9,"[0.002198705952423552, 7.164700984954834]"
F12013,50,21,1.0,"[0.0014024948332007625, 7.948145389556885]"
F12013,50,22,0.01,"[158014.9549542343, 0.15362882614135742]"
F12013,50,22,0.1,"[5253.991078631055, 0.8692238330841064]"
F12013,50,22,0.2,"[0.0015259673091350123, 1.6569983959197998]"
F12013,50,22,0.3,"[0.0019043091292587633, 2.440446615219116]"
F12013,50,22,0.4,"[0.0009130774813002063, 3.2256953716278076]"
F12013,50,22,0.5,"[0.002322725884596366, 4.014001369476318]"
F12013,50,22,0.6,"[0.002354054036686648, 4.803258895874023]"
F12013,50,22,0.7,"[0.0025606512397189363, 5.590108633041382]"
F12013,50,22,0.8,"[0.0016062086444890156, 6.374771595001221]"
F12013,50,22,0.9,"[0.0016333412886524457, 7.160672664642334]"
F12013,50,22,1.0,"[0.0019362418661330594, 7.947851181030273]"
F12013,50,23,0.01,"[264459.7504232445, 0.0799560546875]"
F12013,50,23,0.1,"[27350.282156032103, 0.7889418601989746]"
F12013,50,23,0.2,"[5.81768958379007, 1.5760889053344727]"
F12013,50,23,0.3,"[0.001326172955259608, 2.361804246902466]"
F12013,50,23,0.4,"[0.0013178213230276015, 3.1484951972961426]"
F12013,50,23,0.5,"[0.001241527348611271, 3.938652515411377]"
F12013,50,23,0.6,"[0.0022609957434269745, 4.7292799949646]"
F12013,50,23,0.7,"[0.0034160570255608036, 5.516849994659424]"
F12013,50,23,0.8,"[0.002755069456725323, 6.303815603256226]"
F12013,50,23,0.9,"[0.0018877703889756958, 7.090866327285767]"
F12013,50,23,1.0,"[0.002498213449598552, 7.880844831466675]"
F12013,50,24,0.01,"[183610.10862101812, 0.11180472373962402]"
F12013,50,24,0.1,"[9127.41854828434, 0.8194711208343506]"
F12013,50,24,0.2,"[0.0011033845164547529, 1.6065223217010498]"
F12013,50,24,0.3,"[0.0018184799096161441, 2.391503095626831]"
F12013,50,24,0.4,"[0.0013752326290159544, 3.180912733078003]"
F12013,50,24,0.5,"[0.0013132726267031103, 3.9719505310058594]"
F12013,50,24,0.6,"[0.0018871285385557712, 4.764736890792847]"
F12013,50,24,0.7,"[0.0023471710089779663, 5.553092002868652]"
F12013,50,24,0.8,"[0.0006594991336896783, 6.340805768966675]"
F12013,50,24,0.9,"[0.0007938377691516507, 7.129638671875]"
F12013,50,24,1.0,"[0.0021602048120712425, 7.918152809143066]"
F12013,50,25,0.01,"[250652.08200868758, 0.07978296279907227]"
F12013,50,25,0.1,"[30740.07385062773, 0.7873120307922363]"
F12013,50,25,0.2,"[40.39294783502055, 1.5745716094970703]"
F12013,50,25,0.3,"[0.001090847443720122, 2.3595643043518066]"
F12013,50,25,0.4,"[0.0038931093924929883, 3.147932529449463]"
F12013,50,25,0.5,"[0.002020291179405831, 3.936467409133911]"
F12013,50,25,0.6,"[0.00047476751933572814, 4.726810693740845]"
F12013,50,25,0.7,"[0.0009986663815197971, 5.514358758926392]"
F12013,50,25,0.8,"[0.0015541812031187874, 6.298475742340088]"
F12013,50,25,0.9,"[0.0022878541633417626, 7.08602237701416]"
F12013,50,25,1.0,"[0.0017021180883602938, 7.873329162597656]"
F12013,50,26,0.01,"[208870.38861396094, 0.08009934425354004]"
F12013,50,26,0.1,"[16548.38747384843, 0.7911179065704346]"
F12013,50,26,0.2,"[0.04976132933984445, 1.5831258296966553]"
F12013,50,26,0.3,"[0.002458635534367204, 2.371924877166748]"
F12013,50,26,0.4,"[0.002341183645057754, 3.1602861881256104]"
F12013,50,26,0.5,"[0.0022909034307758702, 3.9487550258636475]"
F12013,50,26,0.6,"[0.0010396691384357837, 4.740480661392212]"
F12013,50,26,0.7,"[0.0011877292317876709, 5.53213095664978]"
F12013,50,26,0.8,"[0.0008990515032110125, 6.322678565979004]"
F12013,50,26,0.9,"[0.0014223316393326968, 7.114686489105225]"
F12013,50,26,1.0,"[0.002175931872216097, 7.903868913650513]"
F12013,50,27,0.01,"[171355.21312044264, 0.08055257797241211]"
F12013,50,27,0.1,"[12998.442114674734, 0.7924294471740723]"
F12013,50,27,0.2,"[11.937939792105226, 1.583390474319458]"
F12013,50,27,0.3,"[0.00196149147768665, 2.371103286743164]"
F12013,50,27,0.4,"[0.0005512216769147926, 3.15852689743042]"
F12013,50,27,0.5,"[0.0020054345388871297, 3.9470717906951904]"
F12013,50,27,0.6,"[0.002571569262954654, 4.738279819488525]"
F12013,50,27,0.7,"[0.0017464262705289002, 5.529791831970215]"
F12013,50,27,0.8,"[0.00103729619263504, 6.318557500839233]"
F12013,50,27,0.9,"[0.0028913667381402774, 7.106547117233276]"
F12013,50,27,1.0,"[0.000982582343112881, 7.895127534866333]"
F12013,50,28,0.01,"[200934.64481737075, 0.07934188842773438]"
F12013,50,28,0.1,"[20037.839455362082, 0.7848813533782959]"
F12013,50,28,0.2,"[25.88088221090493, 1.5685365200042725]"
F12013,50,28,0.3,"[0.0015544415543899959, 2.3500406742095947]"
F12013,50,28,0.4,"[0.003287074152922287, 3.1337385177612305]"
F12013,50,28,0.5,"[0.001597550910901191, 3.919482469558716]"
F12013,50,28,0.6,"[0.0014794775938753446, 4.7048375606536865]"
F12013,50,28,0.7,"[0.001930994947315412, 5.4889020919799805]"
F12013,50,28,0.8,"[0.00033395407331227034, 6.271909713745117]"
F12013,50,28,0.9,"[0.0013949095048246818, 7.057165861129761]"
F12013,50,28,1.0,"[0.0021639384269747097, 7.844336032867432]"
F12013,50,29,0.01,"[201403.26678063074, 0.07931208610534668]"
F12013,50,29,0.1,"[17147.304524715186, 0.7856953144073486]"
F12013,50,29,0.2,"[0.2906372097613712, 1.5694010257720947]"
F12013,50,29,0.3,"[0.0015988691714028391, 2.3504414558410645]"
F12013,50,29,0.4,"[0.0014132562414488348, 3.133237361907959]"
F12013,50,29,0.5,"[0.0009214959598011774, 3.91878604888916]"
F12013,50,29,0.6,"[0.0017745783736700105, 4.704513072967529]"
F12013,50,29,0.7,"[0.0023355999426257767, 5.4879255294799805]"
F12013,50,29,0.8,"[0.0018359923940352019, 6.270677328109741]"
F12013,50,29,0.9,"[0.0009869969353530905, 7.053760528564453]"
F12013,50,29,1.0,"[0.0018783450520913902, 7.840310573577881]"
F12013,50,30,0.01,"[226560.31857867373, 0.0799417495727539]"
F12013,50,30,0.1,"[16293.643538491284, 0.7904524803161621]"
F12013,50,30,0.2,"[13.72836263304066, 1.5795676708221436]"
F12013,50,30,0.3,"[0.0026088860747677245, 2.366631031036377]"
F12013,50,30,0.4,"[0.0016492559464040824, 3.1574792861938477]"
F12013,50,30,0.5,"[0.0011891423207543994, 3.9489965438842773]"
F12013,50,30,0.6,"[0.004022471500320535, 4.743262529373169]"
F12013,50,30,0.7,"[0.0019317417265938275, 5.531698703765869]"
F12013,50,30,0.8,"[0.0011753703247450176, 6.318336248397827]"
F12013,50,30,0.9,"[0.001747587714362453, 7.106335401535034]"
F12013,50,30,1.0,"[0.002087440053855971, 7.89718222618103]"
F12013,50,31,0.01,"[242974.36216662213, 0.07950901985168457]"
F12013,50,31,0.1,"[17945.583712130385, 0.787595272064209]"
F12013,50,31,0.2,"[1.1041300049062102, 1.5738673210144043]"
F12013,50,31,0.3,"[0.0024331330951099517, 2.3567700386047363]"
F12013,50,31,0.4,"[0.0007723217051989195, 3.1450681686401367]"
F12013,50,31,0.5,"[0.0007425088706440874, 3.9340264797210693]"
F12013,50,31,0.6,"[0.001389792005511481, 4.725930452346802]"
F12013,50,31,0.7,"[0.0017983525219733565, 5.513428449630737]"
F12013,50,31,0.8,"[0.0034768238817832753, 6.299053192138672]"
F12013,50,31,0.9,"[0.0021298018145898823, 7.086004018783569]"
F12013,50,31,1.0,"[0.0016241987498233357, 7.873541355133057]"
F12013,50,32,0.01,"[225002.83936755112, 0.07996392250061035]"
F12013,50,32,0.1,"[21238.10052368563, 0.7876362800598145]"
F12013,50,32,0.2,"[25.001158642467317, 1.5756089687347412]"
F12013,50,32,0.3,"[0.0003583834757137083, 2.3624255657196045]"
F12013,50,32,0.4,"[0.0022565016647604352, 3.1514275074005127]"
F12013,50,32,0.5,"[0.0006344231094317365, 3.937771797180176]"
F12013,50,32,0.6,"[0.0009761586466083827, 4.7252843379974365]"
F12013,50,32,0.7,"[0.0012879687333224865, 5.511574745178223]"
F12013,50,32,0.8,"[0.0027777726470503694, 6.294344186782837]"
F12013,50,32,0.9,"[0.0013095237795823778, 7.083835124969482]"
F12013,50,32,1.0,"[0.000914566905294123, 7.87161111831665]"
F12013,50,33,0.01,"[192627.27006957872, 0.0795140266418457]"
F12013,50,33,0.1,"[12723.491318926503, 0.7878239154815674]"
F12013,50,33,0.2,"[0.0023157212265232374, 1.5728178024291992]"
F12013,50,33,0.3,"[0.0032436769483865646, 2.354825496673584]"
F12013,50,33,0.4,"[0.0016359373996692739, 3.1371922492980957]"
F12013,50,33,0.5,"[0.0007075878797877522, 3.920222282409668]"
F12013,50,33,0.6,"[0.0010835341679467092, 4.704014778137207]"
F12013,50,33,0.7,"[0.0014585329192868812, 5.4903881549835205]"
F12013,50,33,0.8,"[0.0017846335842932604, 6.2730865478515625]"
F12013,50,33,0.9,"[0.0014857724061130284, 7.055348634719849]"
F12013,50,33,1.0,"[0.002809546729167778, 7.839599370956421]"
F12013,50,34,0.01,"[186714.08893265852, 0.07878327369689941]"
F12013,50,34,0.1,"[18845.878513454118, 0.7813036441802979]"
F12013,50,34,0.2,"[0.4674973586274973, 1.5598337650299072]"
F12013,50,34,0.3,"[0.0012362017087070853, 2.338858127593994]"
F12013,50,34,0.4,"[0.0013375176133649802, 3.118854284286499]"
F12013,50,34,0.5,"[0.0032898212916734337, 3.8982338905334473]"
F12013,50,34,0.6,"[0.0018085340923335025, 4.67704439163208]"
F12013,50,34,0.7,"[0.00024390960970777087, 5.457361459732056]"
F12013,50,34,0.8,"[0.0014339763035877695, 6.237160682678223]"
F12013,50,34,0.9,"[0.001835523652516713, 7.015637636184692]"
F12013,50,34,1.0,"[0.002067858737291317, 7.7969138622283936]"
F12013,50,35,0.01,"[248617.41598366117, 0.08009934425354004]"
F12013,50,35,0.1,"[16736.338897157824, 0.7889308929443359]"
F12013,50,35,0.2,"[0.0005999782590606628, 1.5796809196472168]"
F12013,50,35,0.3,"[0.0020081478614883963, 2.3691165447235107]"
F12013,50,35,0.4,"[0.0016129986747728253, 3.158331871032715]"
F12013,50,35,0.5,"[0.0005478860823586729, 3.948345184326172]"
F12013,50,35,0.6,"[0.0025376483347372414, 4.741745233535767]"
F12013,50,35,0.7,"[0.001926796085854221, 5.533456802368164]"
F12013,50,35,0.8,"[0.002121371322800769, 6.323479652404785]"
F12013,50,35,0.9,"[0.0018570010547591664, 7.113225698471069]"
F12013,50,35,1.0,"[0.0021460846212448814, 7.902873754501343]"
F12013,50,36,0.01,"[172796.76625404734, 0.07979798316955566]"
F12013,50,36,0.1,"[10629.511378934369, 0.78824782371521]"
F12013,50,36,0.2,"[0.020189571400578643, 1.578706979751587]"
F12013,50,36,0.3,"[0.001781525809519735, 2.3674519062042236]"
F12013,50,36,0.4,"[0.0032040256235177367, 3.156365156173706]"
F12013,50,36,0.5,"[0.0017801264923491544, 3.9452807903289795]"
F12013,50,36,0.6,"[0.0013597310901332094, 4.737854242324829]"
F12013,50,36,0.7,"[0.001925762658856911, 5.530088901519775]"
F12013,50,36,0.8,"[0.0015680707458614052, 6.320857524871826]"
F12013,50,36,0.9,"[0.0012181353490632318, 7.109854221343994]"
F12013,50,36,1.0,"[0.0005921149240748491, 7.898626327514648]"
F12013,50,37,0.01,"[190650.58365973734, 0.07964158058166504]"
F12013,50,37,0.1,"[14983.049182296929, 0.7871212959289551]"
F12013,50,37,0.2,"[0.09187689980126379, 1.5726656913757324]"
F12013,50,37,0.3,"[0.0021624870096275117, 2.355729579925537]"
F12013,50,37,0.4,"[0.0010048199817447312, 3.1399707794189453]"
F12013,50,37,0.5,"[0.0017920930204127217, 3.9262120723724365]"
F12013,50,37,0.6,"[0.0028043266572694847, 4.710512161254883]"
F12013,50,37,0.7,"[0.0014609598572405957, 5.497168064117432]"
F12013,50,37,0.8,"[0.001699468118204095, 6.280549764633179]"
F12013,50,37,0.9,"[0.0012659142510074162, 7.066821098327637]"
F12013,50,37,1.0,"[0.001110718408426692, 7.851184606552124]"
F12013,50,38,0.01,"[245837.09551257474, 0.07956194877624512]"
F12013,50,38,0.1,"[29184.507389439495, 0.7865340709686279]"
F12013,50,38,0.2,"[53.71841983205559, 1.5669066905975342]"
F12013,50,38,0.3,"[0.0011435055669153371, 2.343376636505127]"
F12013,50,38,0.4,"[0.0010192836055011867, 3.121380567550659]"
F12013,50,38,0.5,"[0.003421049544840571, 3.900695323944092]"
F12013,50,38,0.6,"[0.00196924910665075, 4.682244777679443]"
F12013,50,38,0.7,"[0.003023011353207039, 5.4661865234375]"
F12013,50,38,0.8,"[0.0021545068227624142, 6.248986005783081]"
F12013,50,38,0.9,"[0.0024054153977886017, 7.032593250274658]"
F12013,50,38,1.0,"[0.0017365302887810685, 7.812723875045776]"
F12013,50,39,0.01,"[235999.07492728933, 0.07976603507995605]"
F12013,50,39,0.1,"[19291.96776495374, 0.7862615585327148]"
F12013,50,39,0.2,"[8.035855993719679, 1.5686419010162354]"
F12013,50,39,0.3,"[0.002104786584595786, 2.3478147983551025]"
F12013,50,39,0.4,"[0.00107972937962586, 3.1273508071899414]"
F12013,50,39,0.5,"[0.0020068630492460215, 3.910311460494995]"
F12013,50,39,0.6,"[0.0008303005784000561, 4.694313287734985]"
F12013,50,39,0.7,"[0.0013678390150744235, 5.47509503364563]"
F12013,50,39,0.8,"[0.0010767247920284717, 6.252853155136108]"
F12013,50,39,0.9,"[0.0009109713694215316, 7.0330774784088135]"
F12013,50,39,1.0,"[0.0016878432327303017, 7.815816402435303]"
F12013,50,40,0.01,"[194293.60901698898, 0.0977320671081543]"
F12013,50,40,0.1,"[10285.070662024442, 0.9617860317230225]"
F12013,50,40,0.2,"[0.02020833368123931, 1.9197437763214111]"
F12013,50,40,0.3,"[0.003348847076040329, 2.874582052230835]"
F12013,50,40,0.4,"[0.002734737153559763, 3.8297882080078125]"
F12013,50,40,0.5,"[0.0024353032588351198, 4.786915063858032]"
F12013,50,40,0.6,"[0.0013910572308759583, 5.745725154876709]"
F12013,50,40,0.7,"[0.0019828086917641485, 6.606849193572998]"
F12013,50,40,0.8,"[0.0019338087236064894, 7.467662572860718]"
F12013,50,40,0.9,"[0.0027139628409713623, 8.421231269836426]"
F12013,50,40,1.0,"[0.001475332670224816, 9.378371477127075]"
F12013,50,41,0.01,"[242480.82141033016, 0.07956242561340332]"
F12013,50,41,0.1,"[21241.27538957212, 0.7866182327270508]"
F12013,50,41,0.2,"[1.3881373577428349, 1.5731520652770996]"
F12013,50,41,0.3,"[0.0006349667723952734, 2.3586316108703613]"
F12013,50,41,0.4,"[0.004427026420216862, 3.1496477127075195]"
F12013,50,41,0.5,"[0.002048282400210155, 3.940030336380005]"
F12013,50,41,0.6,"[0.0018893284848218173, 4.731073617935181]"
F12013,50,41,0.7,"[0.0009718521662307467, 5.519260406494141]"
F12013,50,41,0.8,"[0.002367119689779429, 6.3054039478302]"
F12013,50,41,0.9,"[0.00291802152969467, 7.093556642532349]"
F12013,50,41,1.0,"[0.0008296116925521346, 7.881941318511963]"
F12013,50,42,0.01,"[230186.4577065615, 0.07991290092468262]"
F12013,50,42,0.1,"[16337.826857333668, 0.7883117198944092]"
F12013,50,42,0.2,"[0.0003363026187344076, 1.5761277675628662]"
F12013,50,42,0.3,"[0.0007386034476439818, 2.3605551719665527]"
F12013,50,42,0.4,"[0.001972810023517013, 3.1487207412719727]"
F12013,50,42,0.5,"[0.0016435829013516923, 3.9365077018737793]"
F12013,50,42,0.6,"[0.0029676710803414608, 4.727714538574219]"
F12013,50,42,0.7,"[0.002276344018355303, 5.51494836807251]"
F12013,50,42,0.8,"[0.0023285215461328335, 6.302318334579468]"
F12013,50,42,0.9,"[0.003494669037991116, 7.089734315872192]"
F12013,50,42,1.0,"[0.0014356614949520008, 7.876902341842651]"
F12013,50,43,0.01,"[190487.41396204245, 0.0800790786743164]"
F12013,50,43,0.1,"[16014.832530403406, 0.7876052856445312]"
F12013,50,43,0.2,"[7.674503083692798, 1.5713722705841064]"
F12013,50,43,0.3,"[0.0016428164383341937, 2.3532681465148926]"
F12013,50,43,0.4,"[0.0019250202901730518, 3.1368675231933594]"
F12013,50,43,0.5,"[0.00408501643278214, 3.9227216243743896]"
F12013,50,43,0.6,"[0.002540087973784466, 4.708118677139282]"
F12013,50,43,0.7,"[0.0017800342436657957, 5.4955830574035645]"
F12013,50,43,0.8,"[0.002232471363413424, 6.280677080154419]"
F12013,50,43,0.9,"[0.0007932331102438184, 7.06738018989563]"
F12013,50,43,1.0,"[0.0014433517417273833, 7.851308584213257]"
F12013,50,44,0.01,"[187759.94254770817, 0.07971501350402832]"
F12013,50,44,0.1,"[15658.363460093617, 0.7876665592193604]"
F12013,50,44,0.2,"[0.0398820655086638, 1.571498155593872]"
F12013,50,44,0.3,"[0.0029247026823213673, 2.351381540298462]"
F12013,50,44,0.4,"[0.0032690510936390638, 3.1332461833953857]"
F12013,50,44,0.5,"[0.002504676860098698, 3.915785312652588]"
F12013,50,44,0.6,"[0.00047493892111560854, 4.700461149215698]"
F12013,50,44,0.7,"[0.0014498220036784915, 5.484483957290649]"
F12013,50,44,0.8,"[0.0022115942342679773, 6.265739440917969]"
F12013,50,44,0.9,"[0.0019468548837267008, 7.050151586532593]"
F12013,50,44,1.0,"[0.0026243477752814215, 7.83404278755188]"
F12013,50,45,0.01,"[300346.21243535413, 0.07986330986022949]"
F12013,50,45,0.1,"[29593.562461275866, 0.7853755950927734]"
F12013,50,45,0.2,"[3.4343056427574084, 1.569650411605835]"
F12013,50,45,0.3,"[0.0011221097101952182, 2.3523778915405273]"
F12013,50,45,0.4,"[0.0008087447420166427, 3.135160446166992]"
F12013,50,45,0.5,"[0.002401517475846049, 3.918454170227051]"
F12013,50,45,0.6,"[0.0005113952195188176, 4.700127840042114]"
F12013,50,45,0.7,"[0.002295608744589117, 5.480571746826172]"
F12013,50,45,0.8,"[0.0005473023020385881, 6.259582281112671]"
F12013,50,45,0.9,"[0.0026180228403518413, 7.0397257804870605]"
F12013,50,45,1.0,"[0.0022940012295293855, 7.821460247039795]"
F12013,50,46,0.01,"[166571.3932618328, 0.07950258255004883]"
F12013,50,46,0.1,"[8758.435495483107, 0.7865183353424072]"
F12013,50,46,0.2,"[0.0009816908843731653, 1.5685558319091797]"
F12013,50,46,0.3,"[0.0025756216830359335, 2.3496294021606445]"
F12013,50,46,0.4,"[0.0009641225649374974, 3.13057804107666]"
F12013,50,46,0.5,"[0.0026014037293862202, 3.912672281265259]"
F12013,50,46,0.6,"[0.002320054350548162, 4.694717168807983]"
F12013,50,46,0.7,"[0.0013578622777004057, 5.477257013320923]"
F12013,50,46,0.8,"[0.0024574309011313744, 6.258773326873779]"
F12013,50,46,0.9,"[0.001188956032592614, 7.03877854347229]"
F12013,50,46,1.0,"[0.00106177357542947, 7.817928791046143]"
F12013,50,47,0.01,"[188232.5096441689, 0.08025240898132324]"
F12013,50,47,0.1,"[10607.227844743553, 0.7894701957702637]"
F12013,50,47,0.2,"[0.31144077592762187, 1.5779082775115967]"
F12013,50,47,0.3,"[0.003256857326505269, 2.3674323558807373]"
F12013,50,47,0.4,"[0.0026901958121925418, 3.1550111770629883]"
F12013,50,47,0.5,"[0.002132552900548035, 3.943202018737793]"
F12013,50,47,0.6,"[0.0039755151385634235, 4.733623027801514]"
F12013,50,47,0.7,"[0.002670809933306373, 5.525458812713623]"
F12013,50,47,0.8,"[0.001929335583554348, 6.315593242645264]"
F12013,50,47,0.9,"[0.0004983401690878964, 7.1028807163238525]"
F12013,50,47,1.0,"[0.0014820724888977566, 7.892629861831665]"
F12013,50,48,0.01,"[218734.49410003176, 0.07908010482788086]"
F12013,50,48,0.1,"[18849.34123119363, 0.7824616432189941]"
F12013,50,48,0.2,"[1.5337047176517444, 1.562004566192627]"
F12013,50,48,0.3,"[0.0027620368357474945, 2.34319806098938]"
F12013,50,48,0.4,"[0.0009465820442073891, 3.1239469051361084]"
F12013,50,48,0.5,"[0.0020361424892598734, 3.903596878051758]"
F12013,50,48,0.6,"[0.0021668459330612677, 4.6851418018341064]"
F12013,50,48,0.7,"[0.0008267175708169816, 5.465419054031372]"
F12013,50,48,0.8,"[0.0017593125578514446, 6.247371673583984]"
F12013,50,48,0.9,"[0.002692155556360376, 7.029043674468994]"
F12013,50,48,1.0,"[0.001257414646261168, 7.812823057174683]"
F12013,50,49,0.01,"[268565.04013622977, 0.07997918128967285]"
F12013,50,49,0.1,"[22622.611874033948, 0.7922437191009521]"
F12013,50,49,0.2,"[0.015210570097224263, 1.5865554809570312]"
F12013,50,49,0.3,"[0.0009010786511680635, 2.3818795680999756]"
F12013,50,49,0.4,"[0.0006871466796383174, 3.176806688308716]"
F12013,50,49,0.5,"[0.001024778661530945, 3.9707839488983154]"
F12013,50,49,0.6,"[0.001296532772585124, 4.767811059951782]"
F12013,50,49,0.7,"[0.0008442350492714468, 5.5621337890625]"
F12013,50,49,0.8,"[0.0030209349781671335, 6.354462623596191]"
F12013,50,49,0.9,"[0.0010692996095258422, 7.145251035690308]"
F12013,50,49,1.0,"[0.0009170501512016926, 7.939358711242676]"
F12013,50,50,0.01,"[197043.1752321631, 0.07963418960571289]"
F12013,50,50,0.1,"[18131.8331991508, 0.7861499786376953]"
F12013,50,50,0.2,"[0.7616853150141196, 1.5718085765838623]"
F12013,50,50,0.3,"[0.0017492336207851622, 2.35886287689209]"
F12013,50,50,0.4,"[0.0007473771065633628, 3.1460535526275635]"
F12013,50,50,0.5,"[0.0012670562207404146, 3.9349374771118164]"
F12013,50,50,0.6,"[0.0027721218973510986, 4.723972320556641]"
F12013,50,50,0.7,"[0.0031835453964959015, 5.512391090393066]"
F12013,50,50,0.8,"[0.0014140309633603465, 6.300574541091919]"
F12013,50,50,0.9,"[0.0028823952916354756, 7.087202072143555]"
F12013,50,50,1.0,"[0.0012198765186894889, 7.8705809116363525]"
