function,dimension,run,checkpoint,error
F252013,10,0,0.01,"[391.58770547099334, 0.580801248550415]"
F252013,10,0,0.1,"[366.1225304186946, 5.752096652984619]"
F252013,10,0,0.2,"[375.3089966628472, 11.49684762954712]"
F252013,10,0,0.3,"[359.3753891517795, 17.242519855499268]"
F252013,10,0,0.4,"[363.6110176036807, 22.999809503555298]"
F252013,10,0,0.5,"[371.20008137463833, 28.75302815437317]"
F252013,10,0,0.6,"[350.3498813315002, 34.50847887992859]"
F252013,10,0,0.7,"[361.5477766527447, 40.26585912704468]"
F252013,10,0,0.8,"[355.4394678571766, 46.013365268707275]"
F252013,10,0,0.9,"[362.2410485386729, 51.75673794746399]"
F252013,10,0,1.0,"[355.2783075750067, 57.512842416763306]"
F252013,10,1,0.01,"[424.56375213782394, 0.6635782718658447]"
F252013,10,1,0.1,"[426.11754570416497, 6.56990647315979]"
F252013,10,1,0.2,"[419.569087919916, 13.125869035720825]"
F252013,10,1,0.3,"[410.5055476222906, 19.68388319015503]"
F252013,10,1,0.4,"[409.6692409590678, 26.248492002487183]"
F252013,10,1,0.5,"[402.9878054507301, 32.80978012084961]"
F252013,10,1,0.6,"[400.78522698806137, 39.375996589660645]"
F252013,10,1,0.7,"[391.27652543779504, 45.94388222694397]"
F252013,10,1,0.8,"[386.46014884754527, 52.50136661529541]"
F252013,10,1,0.9,"[379.104371221134, 59.06237745285034]"
F252013,10,1,1.0,"[369.9534862394587, 65.63311076164246]"
F252013,10,2,0.01,"[374.7598238298938, 0.5843582153320312]"
F252013,10,2,0.1,"[365.53536612768266, 5.732636213302612]"
F252013,10,2,0.2,"[358.20313398786743, 11.448001384735107]"
F252013,10,2,0.3,"[349.60234390044434, 17.17777180671692]"
F252013,10,2,0.4,"[354.48108046840935, 22.91071343421936]"
F252013,10,2,0.5,"[359.7654346143602, 28.641602039337158]"
F252013,10,2,0.6,"[356.0304268441432, 34.37535214424133]"
F252013,10,2,0.7,"[356.44232576009335, 40.10979342460632]"
F252013,10,2,0.8,"[352.8477785611917, 45.83610248565674]"
F252013,10,2,0.9,"[358.3580987425944, 51.55669593811035]"
F252013,10,2,1.0,"[356.25229894331983, 57.28419208526611]"
F252013,10,3,0.01,"[310.5094297495534, 0.57834792137146]"
F252013,10,3,0.1,"[307.2607264859562, 5.73810338973999]"
F252013,10,3,0.2,"[315.8805071835743, 11.482457160949707]"
F252013,10,3,0.3,"[313.62338186716283, 17.22450065612793]"
F252013,10,3,0.4,"[316.64438474700455, 22.961503505706787]"
F252013,10,3,0.5,"[297.26782310450244, 28.69945192337036]"
F252013,10,3,0.6,"[299.19035496879656, 34.444681882858276]"
F252013,10,3,0.7,"[298.5716589645285, 40.18857765197754]"
F252013,10,3,0.8,"[287.29849836304766, 45.9231972694397]"
F252013,10,3,0.9,"[291.88936890289415, 51.654555559158325]"
F252013,10,3,1.0,"[304.43798755177727, 57.396300077438354]"
F252013,10,4,0.01,"[252.48567456432897, 0.575767993927002]"
F252013,10,4,0.1,"[250.89564273106998, 5.702434539794922]"
F252013,10,4,0.2,"[250.55873134505237, 11.396424293518066]"
F252013,10,4,0.3,"[247.2762397947231, 17.09641194343567]"
F252013,10,4,0.4,"[250.87415844285715, 22.802477836608887]"
F252013,10,4,0.5,"[251.63951146278282, 28.502347469329834]"
F252013,10,4,0.6,"[255.8964479403553, 34.20346140861511]"
F252013,10,4,0.7,"[252.94261066932836, 39.907538414001465]"
F252013,10,4,0.8,"[255.22368310093475, 45.606382846832275]"
F252013,10,4,0.9,"[254.03294716116739, 51.30705666542053]"
F252013,10,4,1.0,"[255.50422570765886, 57.01441979408264]"
F252013,10,5,0.01,"[351.5302458261385, 0.5761504173278809]"
F252013,10,5,0.1,"[356.3881338874901, 5.717175006866455]"
F252013,10,5,0.2,"[350.6003841507056, 11.424418210983276]"
F252013,10,5,0.3,"[349.0954147173925, 17.133302450180054]"
F252013,10,5,0.4,"[342.20782371774203, 22.85396385192871]"
F252013,10,5,0.5,"[340.8168161357446, 28.568265438079834]"
F252013,10,5,0.6,"[335.90070041505146, 34.28365683555603]"
F252013,10,5,0.7,"[338.53484095290605, 40.00127553939819]"
F252013,10,5,0.8,"[338.0684905802193, 45.71083402633667]"
F252013,10,5,0.9,"[339.45697917301095, 51.423280477523804]"
F252013,10,5,1.0,"[347.7214636624569, 57.143367767333984]"
F252013,10,6,0.01,"[373.94696456837005, 0.5778312683105469]"
F252013,10,6,0.1,"[375.41201660745173, 5.727441072463989]"
F252013,10,6,0.2,"[369.2168510428785, 11.444838285446167]"
F252013,10,6,0.3,"[364.7774619603101, 17.16464853286743]"
F252013,10,6,0.4,"[360.39465324351613, 22.88954186439514]"
F252013,10,6,0.5,"[351.8418381566596, 28.609788179397583]"
F252013,10,6,0.6,"[361.7123707061305, 34.335426807403564]"
F252013,10,6,0.7,"[366.2901773593776, 40.06333947181702]"
F252013,10,6,0.8,"[353.0915670837221, 45.7849383354187]"
F252013,10,6,0.9,"[353.1616366230942, 51.50449061393738]"
F252013,10,6,1.0,"[362.87559774801025, 57.22834753990173]"
F252013,10,7,0.01,"[272.639529889424, 0.5865144729614258]"
F252013,10,7,0.1,"[271.7705354281077, 5.758976936340332]"
F252013,10,7,0.2,"[270.8585732992808, 11.503750801086426]"
F252013,10,7,0.3,"[270.169253064171, 17.247502088546753]"
F252013,10,7,0.4,"[264.34031904000017, 23.009793758392334]"
F252013,10,7,0.5,"[269.88564801971415, 28.769749402999878]"
F252013,10,7,0.6,"[267.9380012613101, 34.525864362716675]"
F252013,10,7,0.7,"[263.33327714626967, 40.286012411117554]"
F252013,10,7,0.8,"[260.8508762064498, 46.037479400634766]"
F252013,10,7,0.9,"[261.30919339208936, 51.78634715080261]"
F252013,10,7,1.0,"[260.5792493072149, 57.54205870628357]"
F252013,10,8,0.01,"[588.9250545448274, 0.5837466716766357]"
F252013,10,8,0.1,"[556.0113389559526, 5.763726711273193]"
F252013,10,8,0.2,"[517.8255189913168, 11.514999389648438]"
F252013,10,8,0.3,"[498.48315531589424, 17.26871109008789]"
F252013,10,8,0.4,"[475.89677909319926, 23.024927139282227]"
F252013,10,8,0.5,"[450.80295093484847, 28.775668144226074]"
F252013,10,8,0.6,"[448.79422577773335, 34.52763628959656]"
F252013,10,8,0.7,"[438.88064769141965, 40.2818865776062]"
F252013,10,8,0.8,"[418.30226805523716, 46.03011727333069]"
F252013,10,8,0.9,"[413.2315311263951, 51.77897381782532]"
F252013,10,8,1.0,"[410.21809072408996, 57.536733627319336]"
F252013,10,9,0.01,"[348.2098728613764, 0.5785858631134033]"
F252013,10,9,0.1,"[341.4952547641519, 5.738919258117676]"
F252013,10,9,0.2,"[340.3737814805777, 11.46548867225647]"
F252013,10,9,0.3,"[340.7927952365983, 17.196387767791748]"
F252013,10,9,0.4,"[342.86020706255863, 22.93601417541504]"
F252013,10,9,0.5,"[348.5529875114587, 28.670662879943848]"
F252013,10,9,0.6,"[341.8183694057682, 34.40802192687988]"
F252013,10,9,0.7,"[339.22068571446243, 40.148223876953125]"
F252013,10,9,0.8,"[373.09927006820044, 45.882455587387085]"
F252013,10,9,0.9,"[372.64489085950026, 51.61060810089111]"
F252013,10,9,1.0,"[368.6257368629365, 57.354618310928345]"
F252013,10,10,0.01,"[312.552548966926, 0.5796804428100586]"
F252013,10,10,0.1,"[314.51854953962425, 5.743999004364014]"
F252013,10,10,0.2,"[313.6319704211735, 11.48984980583191]"
F252013,10,10,0.3,"[314.5565273802017, 17.230355501174927]"
F252013,10,10,0.4,"[305.67625632550266, 22.9767644405365]"
F252013,10,10,0.5,"[307.3452062639676, 28.719211101531982]"
F252013,10,10,0.6,"[300.6798246448752, 34.46585750579834]"
F252013,10,10,0.7,"[304.65346725717654, 40.21884632110596]"
F252013,10,10,0.8,"[297.6809470270546, 45.96709966659546]"
F252013,10,10,0.9,"[299.4106193656162, 51.71543502807617]"
F252013,10,10,1.0,"[296.2673516269176, 57.46883010864258]"
F252013,10,11,0.01,"[296.2807424620735, 0.6159238815307617]"
F252013,10,11,0.1,"[294.11162814971976, 5.778101444244385]"
F252013,10,11,0.2,"[295.12316791157605, 11.497872352600098]"
F252013,10,11,0.3,"[292.8997487408046, 17.23192262649536]"
F252013,10,11,0.4,"[287.8673464185904, 22.970683097839355]"
F252013,10,11,0.5,"[283.7453492651914, 28.70520520210266]"
F252013,10,11,0.6,"[279.3446923104809, 34.43780994415283]"
F252013,10,11,0.7,"[281.70658245087066, 40.17289853096008]"
F252013,10,11,0.8,"[282.39463994375114, 45.896517753601074]"
F252013,10,11,0.9,"[279.2063693586763, 51.622862100601196]"
F252013,10,11,1.0,"[280.1850739707645, 57.36220693588257]"
F252013,10,12,0.01,"[554.7839722792132, 0.5822536945343018]"
F252013,10,12,0.1,"[513.658137073166, 5.778941869735718]"
F252013,10,12,0.2,"[498.6187289373531, 11.547687292098999]"
F252013,10,12,0.3,"[454.4686670579017, 17.3248291015625]"
F252013,10,12,0.4,"[450.1722809516905, 23.106581449508667]"
F252013,10,12,0.5,"[440.5622144860358, 28.88245391845703]"
F252013,10,12,0.6,"[431.45309524597997, 34.66060829162598]"
F252013,10,12,0.7,"[428.68363653404003, 40.440016746520996]"
F252013,10,12,0.8,"[414.1822125931301, 46.21532082557678]"
F252013,10,12,0.9,"[407.8856756228183, 51.98675775527954]"
F252013,10,12,1.0,"[397.849124418824, 57.768474102020264]"
F252013,10,13,0.01,"[316.144034881743, 0.6613574028015137]"
F252013,10,13,0.1,"[314.85659727953316, 5.8046486377716064]"
F252013,10,13,0.2,"[318.91822889876994, 11.518681526184082]"
F252013,10,13,0.3,"[319.5225379456331, 17.230714797973633]"
F252013,10,13,0.4,"[325.1645662105234, 22.95563268661499]"
F252013,10,13,0.5,"[312.8193432566127, 28.676729917526245]"
F252013,10,13,0.6,"[321.0367655878988, 34.39689517021179]"
F252013,10,13,0.7,"[308.80948093678444, 40.12296652793884]"
F252013,10,13,0.8,"[306.51956440951835, 45.841686964035034]"
F252013,10,13,0.9,"[304.0737699564338, 51.55838370323181]"
F252013,10,13,1.0,"[310.0838183296239, 57.28165316581726]"
F252013,10,14,0.01,"[316.68389324364944, 0.580230712890625]"
F252013,10,14,0.1,"[310.74487852820926, 5.7491514682769775]"
F252013,10,14,0.2,"[302.6605368505384, 11.487280130386353]"
F252013,10,14,0.3,"[299.40133423293014, 17.22746777534485]"
F252013,10,14,0.4,"[303.63562643348155, 22.972257137298584]"
F252013,10,14,0.5,"[299.8005476443152, 28.714294910430908]"
F252013,10,14,0.6,"[300.0563324321022, 34.458335161209106]"
F252013,10,14,0.7,"[295.24953204074995, 40.2053439617157]"
F252013,10,14,0.8,"[294.65537922885574, 45.94262075424194]"
F252013,10,14,0.9,"[295.68929226614773, 51.67564368247986]"
F252013,10,14,1.0,"[294.59280657915156, 57.42367959022522]"
F252013,10,15,0.01,"[350.434156868271, 0.6144571304321289]"
F252013,10,15,0.1,"[330.5617274445656, 5.805988311767578]"
F252013,10,15,0.2,"[323.56451412391107, 11.594291925430298]"
F252013,10,15,0.3,"[316.11581180474604, 17.37328600883484]"
F252013,10,15,0.4,"[319.0017434588226, 23.13554310798645]"
F252013,10,15,0.5,"[327.2328161861408, 28.89263939857483]"
F252013,10,15,0.6,"[336.55017961519366, 34.653650999069214]"
F252013,10,15,0.7,"[308.7585469053274, 40.41604423522949]"
F252013,10,15,0.8,"[314.29030392193386, 46.170389890670776]"
F252013,10,15,0.9,"[309.0936086249653, 51.92250108718872]"
F252013,10,15,1.0,"[318.64216578744936, 57.68686366081238]"
F252013,10,16,0.01,"[397.4384026615794, 0.6279993057250977]"
F252013,10,16,0.1,"[387.5260226016055, 5.817543268203735]"
F252013,10,16,0.2,"[378.54894273113723, 11.57429552078247]"
F252013,10,16,0.3,"[382.3759793003703, 17.32956624031067]"
F252013,10,16,0.4,"[371.6393041961355, 23.09205937385559]"
F252013,10,16,0.5,"[387.4095596060288, 28.85082697868347]"
F252013,10,16,0.6,"[383.5966694544086, 34.6072199344635]"
F252013,10,16,0.7,"[372.15073484396, 40.36525750160217]"
F252013,10,16,0.8,"[377.81163693832923, 46.11947321891785]"
F252013,10,16,0.9,"[355.77989054252816, 51.87266731262207]"
F252013,10,16,1.0,"[355.0215427973096, 57.63163208961487]"
F252013,10,17,0.01,"[370.9029543605693, 0.579185962677002]"
F252013,10,17,0.1,"[335.68994569389247, 5.743499279022217]"
F252013,10,17,0.2,"[339.32221363421104, 11.483336448669434]"
F252013,10,17,0.3,"[342.32286740293216, 17.219982624053955]"
F252013,10,17,0.4,"[337.86764723281453, 22.96656560897827]"
F252013,10,17,0.5,"[337.9600187461299, 28.712244033813477]"
F252013,10,17,0.6,"[339.42455887007554, 34.46681451797485]"
F252013,10,17,0.7,"[341.2151224203726, 40.21970748901367]"
F252013,10,17,0.8,"[339.86276764518175, 45.96610379219055]"
F252013,10,17,0.9,"[339.73485847050483, 51.705541133880615]"
F252013,10,17,1.0,"[338.38604016264935, 57.45584177970886]"
F252013,10,18,0.01,"[321.94633252997346, 0.579756498336792]"
F252013,10,18,0.1,"[291.0380227400483, 5.741389036178589]"
F252013,10,18,0.2,"[279.5528764304156, 11.470336675643921]"
F252013,10,18,0.3,"[286.07106871695714, 17.202953338623047]"
F252013,10,18,0.4,"[296.6208492536714, 22.945732355117798]"
F252013,10,18,0.5,"[280.6049831923126, 28.685186624526978]"
F252013,10,18,0.6,"[276.67927548646685, 34.42192077636719]"
F252013,10,18,0.7,"[286.3675780234023, 40.16379690170288]"
F252013,10,18,0.8,"[291.7161713955338, 45.899285554885864]"
F252013,10,18,0.9,"[283.5633192850985, 51.6381938457489]"
F252013,10,18,1.0,"[276.09105348175535, 57.37898373603821]"
F252013,10,19,0.01,"[390.68327222819653, 0.581669807434082]"
F252013,10,19,0.1,"[380.4932090215061, 5.7631800174713135]"
F252013,10,19,0.2,"[390.85451444815567, 11.521491289138794]"
F252013,10,19,0.3,"[377.8770494938585, 17.280096769332886]"
F252013,10,19,0.4,"[391.0126214616771, 23.050185680389404]"
F252013,10,19,0.5,"[395.47941019841073, 28.81376004219055]"
F252013,10,19,0.6,"[366.35304309955563, 34.58401346206665]"
F252013,10,19,0.7,"[373.30690825603915, 40.35399842262268]"
F252013,10,19,0.8,"[372.5780986834702, 46.11722183227539]"
F252013,10,19,0.9,"[359.64213239596825, 51.875760316848755]"
F252013,10,19,1.0,"[361.9166095726057, 57.644619941711426]"
F252013,10,20,0.01,"[268.0471983946097, 0.6017055511474609]"
F252013,10,20,0.1,"[263.1748857673076, 5.811627388000488]"
F252013,10,20,0.2,"[268.4581864563984, 11.567183017730713]"
F252013,10,20,0.3,"[266.51692605702306, 17.32773780822754]"
F252013,10,20,0.4,"[269.47956816382157, 23.09799289703369]"
F252013,10,20,0.5,"[267.07008012019514, 28.861760139465332]"
F252013,10,20,0.6,"[270.65018021920355, 34.630961656570435]"
F252013,10,20,0.7,"[263.2671390577161, 40.40057921409607]"
F252013,10,20,0.8,"[260.83479872342355, 46.16604280471802]"
F252013,10,20,0.9,"[264.31720840736125, 51.92608094215393]"
F252013,10,20,1.0,"[265.4711280182123, 57.6984601020813]"
F252013,10,21,0.01,"[288.0523529782017, 0.5823845863342285]"
F252013,10,21,0.1,"[283.6141534197743, 5.760854721069336]"
F252013,10,21,0.2,"[290.5045375127115, 11.507546186447144]"
F252013,10,21,0.3,"[287.7599481046236, 17.258466243743896]"
F252013,10,21,0.4,"[283.1526392270066, 23.023298740386963]"
F252013,10,21,0.5,"[282.65323525784197, 28.783819437026978]"
F252013,10,21,0.6,"[281.5587350204569, 34.551905393600464]"
F252013,10,21,0.7,"[284.27119104876965, 40.31819438934326]"
F252013,10,21,0.8,"[281.26505378794013, 46.07443141937256]"
F252013,10,21,0.9,"[283.0251741259424, 51.82813262939453]"
F252013,10,21,1.0,"[279.43053542470216, 57.58946895599365]"
F252013,10,22,0.01,"[402.1412691398664, 0.5817780494689941]"
F252013,10,22,0.1,"[376.96224169463494, 5.761365652084351]"
F252013,10,22,0.2,"[366.92854657157864, 11.512160539627075]"
F252013,10,22,0.3,"[373.61448014905955, 17.268579721450806]"
F252013,10,22,0.4,"[363.3434423620265, 23.03637719154358]"
F252013,10,22,0.5,"[364.0314195938472, 28.79916000366211]"
F252013,10,22,0.6,"[382.5252850994393, 34.567484617233276]"
F252013,10,22,0.7,"[366.5730700028696, 40.34140729904175]"
F252013,10,22,0.8,"[366.90192960506783, 46.10675120353699]"
F252013,10,22,0.9,"[368.6948432506847, 51.86955404281616]"
F252013,10,22,1.0,"[355.65712742039295, 57.64127492904663]"
F252013,10,23,0.01,"[284.6054813175897, 0.6295232772827148]"
F252013,10,23,0.1,"[282.91753109767, 5.817692041397095]"
F252013,10,23,0.2,"[277.8160396789699, 11.578646898269653]"
F252013,10,23,0.3,"[278.5539206165297, 17.345768928527832]"
F252013,10,23,0.4,"[281.47797144421656, 23.121350526809692]"
F252013,10,23,0.5,"[274.7745460257579, 28.89075994491577]"
F252013,10,23,0.6,"[286.4717081008473, 34.66666388511658]"
F252013,10,23,0.7,"[285.1980292672247, 40.44407606124878]"
F252013,10,23,0.8,"[286.74198458298633, 46.222583055496216]"
F252013,10,23,0.9,"[287.5859373812127, 51.998947620391846]"
F252013,10,23,1.0,"[283.7374989129819, 57.781943798065186]"
F252013,10,24,0.01,"[349.2577096376144, 0.6539664268493652]"
F252013,10,24,0.1,"[332.478336167414, 5.841196537017822]"
F252013,10,24,0.2,"[322.5875463297921, 11.611035585403442]"
F252013,10,24,0.3,"[323.732081867895, 17.378334999084473]"
F252013,10,24,0.4,"[320.48101318326644, 23.150130033493042]"
F252013,10,24,0.5,"[318.100866577121, 28.914331674575806]"
F252013,10,24,0.6,"[321.3363974531658, 34.6846182346344]"
F252013,10,24,0.7,"[321.935610751269, 40.453654289245605]"
F252013,10,24,0.8,"[314.0993936285927, 46.21759486198425]"
F252013,10,24,0.9,"[319.2203658372282, 51.98003911972046]"
F252013,10,24,1.0,"[305.3838126031196, 57.75326085090637]"
F252013,10,25,0.01,"[712.9666587456645, 0.6162514686584473]"
F252013,10,25,0.1,"[686.4292305444992, 5.774121999740601]"
F252013,10,25,0.2,"[651.0776082847724, 11.505229234695435]"
F252013,10,25,0.3,"[614.2885221593706, 17.237331867218018]"
F252013,10,25,0.4,"[596.7473288515757, 22.980296850204468]"
F252013,10,25,0.5,"[568.5058762045337, 28.72304344177246]"
F252013,10,25,0.6,"[544.7018605130279, 34.471999645233154]"
F252013,10,25,0.7,"[509.61596015342207, 40.21834945678711]"
F252013,10,25,0.8,"[502.2678669141569, 45.95446491241455]"
F252013,10,25,0.9,"[487.4036625150775, 51.688122510910034]"
F252013,10,25,1.0,"[482.6996328489081, 57.430171489715576]"
F252013,10,26,0.01,"[291.4051777570919, 0.5780680179595947]"
F252013,10,26,0.1,"[279.2931905973651, 5.728438854217529]"
F252013,10,26,0.2,"[276.98065509338585, 11.44946551322937]"
F252013,10,26,0.3,"[280.14264811429916, 17.17596459388733]"
F252013,10,26,0.4,"[279.43503354287486, 22.91027808189392]"
F252013,10,26,0.5,"[289.9350338535753, 28.64055299758911]"
F252013,10,26,0.6,"[279.0601669008108, 34.38084554672241]"
F252013,10,26,0.7,"[279.0692119287753, 40.1218044757843]"
F252013,10,26,0.8,"[281.52692079992903, 45.85452914237976]"
F252013,10,26,0.9,"[280.3101188276419, 51.58272123336792]"
F252013,10,26,1.0,"[277.05863627454755, 57.32113265991211]"
F252013,10,27,0.01,"[401.68189576363466, 0.5816173553466797]"
F252013,10,27,0.1,"[408.36335878591626, 5.766073703765869]"
F252013,10,27,0.2,"[398.06146522778454, 11.538209915161133]"
F252013,10,27,0.3,"[382.04777224252894, 17.302216053009033]"
F252013,10,27,0.4,"[375.69966727455426, 23.080166816711426]"
F252013,10,27,0.5,"[379.27927664573053, 28.855478048324585]"
F252013,10,27,0.6,"[375.50359789422146, 34.63085627555847]"
F252013,10,27,0.7,"[367.96924614168233, 40.41453742980957]"
F252013,10,27,0.8,"[360.44861789585684, 46.18320989608765]"
F252013,10,27,0.9,"[354.178383307833, 51.952714681625366]"
F252013,10,27,1.0,"[350.1124339199291, 57.85479426383972]"
F252013,10,28,0.01,"[394.8390612200317, 0.5821232795715332]"
F252013,10,28,0.1,"[386.53725820277396, 5.770740985870361]"
F252013,10,28,0.2,"[389.43900302954125, 11.537690877914429]"
F252013,10,28,0.3,"[388.2629607501033, 17.389958143234253]"
F252013,10,28,0.4,"[388.9182304450783, 23.1657931804657]"
F252013,10,28,0.5,"[382.33263889390605, 28.934348106384277]"
F252013,10,28,0.6,"[389.61943008721187, 34.71315383911133]"
F252013,10,28,0.7,"[389.3392312339156, 40.49362015724182]"
F252013,10,28,0.8,"[378.9505185641681, 46.26598882675171]"
F252013,10,28,0.9,"[373.13153830862166, 52.033974409103394]"
F252013,10,28,1.0,"[372.3444063108509, 57.80700159072876]"
F252013,10,29,0.01,"[601.7828238789239, 0.6585903167724609]"
F252013,10,29,0.1,"[546.8453166388881, 5.8601555824279785]"
F252013,10,29,0.2,"[546.3743645341394, 11.635480165481567]"
F252013,10,29,0.3,"[555.5446703858115, 17.41322636604309]"
F252013,10,29,0.4,"[521.6065176091236, 23.20399045944214]"
F252013,10,29,0.5,"[519.5836439957307, 28.993826150894165]"
F252013,10,29,0.6,"[525.8145911340887, 34.78780198097229]"
F252013,10,29,0.7,"[516.55082383834, 40.58296036720276]"
F252013,10,29,0.8,"[520.4656270140481, 46.36890387535095]"
F252013,10,29,0.9,"[521.3806251728233, 52.15360498428345]"
F252013,10,29,1.0,"[515.9762211175453, 57.94748330116272]"
F252013,10,30,0.01,"[340.9628908332875, 0.5817131996154785]"
F252013,10,30,0.1,"[334.24421356895414, 5.767523765563965]"
F252013,10,30,0.2,"[332.7932816205898, 11.52806282043457]"
F252013,10,30,0.3,"[342.3967744672143, 17.28981614112854]"
F252013,10,30,0.4,"[330.4820067138712, 23.066138982772827]"
F252013,10,30,0.5,"[344.9683508497783, 28.83906650543213]"
F252013,10,30,0.6,"[332.5166220761073, 34.619433641433716]"
F252013,10,30,0.7,"[324.2073094278917, 40.40290451049805]"
F252013,10,30,0.8,"[322.8544969556251, 46.17750406265259]"
F252013,10,30,0.9,"[319.48769007271585, 51.94914197921753]"
F252013,10,30,1.0,"[316.0648994160865, 57.72562313079834]"
F252013,10,31,0.01,"[532.748238335776, 0.5917880535125732]"
F252013,10,31,0.1,"[495.3554513080644, 5.783442497253418]"
F252013,10,31,0.2,"[482.9447526139345, 11.548431396484375]"
F252013,10,31,0.3,"[451.77214576101915, 17.31529474258423]"
F252013,10,31,0.4,"[430.0967911575799, 23.085782051086426]"
F252013,10,31,0.5,"[421.74758023167124, 28.855648279190063]"
F252013,10,31,0.6,"[406.3777143559346, 34.62859869003296]"
F252013,10,31,0.7,"[402.8072967127023, 40.40231490135193]"
F252013,10,31,0.8,"[392.9409151498294, 46.167560338974]"
F252013,10,31,0.9,"[374.1878137465819, 51.93286371231079]"
F252013,10,31,1.0,"[366.24572181511485, 57.714826583862305]"
F252013,10,32,0.01,"[489.74293769112, 0.5824685096740723]"
F252013,10,32,0.1,"[421.7456438354054, 5.775868892669678]"
F252013,10,32,0.2,"[420.37463904415904, 11.545965194702148]"
F252013,10,32,0.3,"[418.9940396086856, 17.313239097595215]"
F252013,10,32,0.4,"[422.86167304567243, 23.086317777633667]"
F252013,10,32,0.5,"[428.2868423825612, 28.853474855422974]"
F252013,10,32,0.6,"[425.15794970526304, 34.623626470565796]"
F252013,10,32,0.7,"[426.3959781672511, 40.39474606513977]"
F252013,10,32,0.8,"[415.0092402288283, 46.15882611274719]"
F252013,10,32,0.9,"[425.17222591519135, 51.9217267036438]"
F252013,10,32,1.0,"[433.48036173682067, 57.69719982147217]"
F252013,10,33,0.01,"[572.5277404152848, 0.5781452655792236]"
F252013,10,33,0.1,"[539.4946163828781, 5.716870546340942]"
F252013,10,33,0.2,"[508.95891949960765, 11.425395965576172]"
F252013,10,33,0.3,"[491.22522720852635, 17.141786098480225]"
F252013,10,33,0.4,"[475.21402693821483, 22.866315841674805]"
F252013,10,33,0.5,"[463.7997676461241, 28.58649492263794]"
F252013,10,33,0.6,"[450.88034327900505, 34.31155323982239]"
F252013,10,33,0.7,"[432.79145327012407, 40.03385019302368]"
F252013,10,33,0.8,"[411.7653590158827, 45.749876499176025]"
F252013,10,33,0.9,"[413.5388841290928, 51.464346408843994]"
F252013,10,33,1.0,"[401.5177899604207, 57.18352937698364]"
F252013,10,34,0.01,"[414.7650779133519, 0.6610150337219238]"
F252013,10,34,0.1,"[375.638775804885, 5.829383373260498]"
F252013,10,34,0.2,"[364.05442786335993, 11.539964199066162]"
F252013,10,34,0.3,"[372.41900932226395, 17.251834392547607]"
F252013,10,34,0.4,"[368.64047793908594, 22.97159719467163]"
F252013,10,34,0.5,"[357.0959014995458, 28.69017767906189]"
F252013,10,34,0.6,"[356.3993601415955, 34.41421937942505]"
F252013,10,34,0.7,"[357.16274265685956, 40.136881589889526]"
F252013,10,34,0.8,"[371.22085250347413, 45.852460861206055]"
F252013,10,34,0.9,"[368.34394397754704, 51.56328821182251]"
F252013,10,34,1.0,"[364.10916824626315, 57.28489398956299]"
F252013,10,35,0.01,"[423.5193733550368, 0.5791454315185547]"
F252013,10,35,0.1,"[421.0928637561042, 5.74480128288269]"
F252013,10,35,0.2,"[419.91380707654116, 11.48660135269165]"
F252013,10,35,0.3,"[423.8702261440842, 17.230687618255615]"
F252013,10,35,0.4,"[414.895521633538, 22.981260299682617]"
F252013,10,35,0.5,"[418.4549337387957, 28.729278326034546]"
F252013,10,35,0.6,"[411.29757665740703, 34.48215198516846]"
F252013,10,35,0.7,"[405.59963817872676, 40.226985454559326]"
F252013,10,35,0.8,"[414.13140663701233, 45.95512247085571]"
F252013,10,35,0.9,"[409.126507747608, 51.683401346206665]"
F252013,10,35,1.0,"[391.7745099570618, 57.42331600189209]"
F252013,10,36,0.01,"[417.3075182707662, 0.5775856971740723]"
F252013,10,36,0.1,"[395.7100691997671, 5.739929676055908]"
F252013,10,36,0.2,"[386.6748745241607, 11.46284031867981]"
F252013,10,36,0.3,"[390.42498320864365, 17.18995213508606]"
F252013,10,36,0.4,"[396.706558914324, 22.922471284866333]"
F252013,10,36,0.5,"[385.6438471349693, 28.651081800460815]"
F252013,10,36,0.6,"[385.19270489624637, 34.3834125995636]"
F252013,10,36,0.7,"[380.15116729741703, 40.11763286590576]"
F252013,10,36,0.8,"[376.60077161136564, 45.84302377700806]"
F252013,10,36,0.9,"[381.4452208846467, 51.566874980926514]"
F252013,10,36,1.0,"[395.3504433075559, 57.30156755447388]"
F252013,10,37,0.01,"[388.0534333908279, 0.5758259296417236]"
F252013,10,37,0.1,"[386.65724985605357, 5.702290773391724]"
F252013,10,37,0.2,"[389.62755756706565, 11.396781206130981]"
F252013,10,37,0.3,"[390.98449879390546, 17.098501205444336]"
F252013,10,37,0.4,"[369.4660288641471, 22.809062719345093]"
F252013,10,37,0.5,"[371.51223120289023, 28.519762754440308]"
F252013,10,37,0.6,"[370.8350463586812, 34.238967180252075]"
F252013,10,37,0.7,"[377.2946917297718, 39.95938062667847]"
F252013,10,37,0.8,"[376.02719342279806, 45.669666051864624]"
F252013,10,37,0.9,"[364.89036782113726, 51.369922399520874]"
F252013,10,37,1.0,"[359.39658904043426, 57.08383870124817]"
F252013,10,38,0.01,"[301.463227873561, 0.5897588729858398]"
F252013,10,38,0.1,"[307.7538563824173, 5.717069864273071]"
F252013,10,38,0.2,"[305.51866925706395, 11.411190748214722]"
F252013,10,38,0.3,"[305.69300099175643, 17.104692220687866]"
F252013,10,38,0.4,"[297.86190563831815, 22.81456732749939]"
F252013,10,38,0.5,"[297.19682230004673, 28.52125644683838]"
F252013,10,38,0.6,"[299.75561376056385, 34.227797746658325]"
F252013,10,38,0.7,"[296.13103533548065, 39.93473029136658]"
F252013,10,38,0.8,"[282.62040281550435, 45.63358283042908]"
F252013,10,38,0.9,"[283.3400375563783, 51.332579612731934]"
F252013,10,38,1.0,"[280.84081348198606, 57.04146909713745]"
F252013,10,39,0.01,"[634.9418424817352, 0.5796163082122803]"
F252013,10,39,0.1,"[583.0650243364034, 5.749828577041626]"
F252013,10,39,0.2,"[588.1950224482885, 11.49244236946106]"
F252013,10,39,0.3,"[569.4977693483097, 17.228511333465576]"
F252013,10,39,0.4,"[567.6079345838718, 22.970233917236328]"
F252013,10,39,0.5,"[566.8358783449223, 28.708840370178223]"
F252013,10,39,0.6,"[566.6749093415988, 34.441290855407715]"
F252013,10,39,0.7,"[537.4281435962371, 40.17425847053528]"
F252013,10,39,0.8,"[529.6638150236499, 45.90220832824707]"
F252013,10,39,0.9,"[524.8558030815711, 51.633172273635864]"
F252013,10,39,1.0,"[524.6046868065882, 57.36850714683533]"
F252013,10,40,0.01,"[637.9052503333578, 0.5777697563171387]"
F252013,10,40,0.1,"[597.8897368892508, 5.729581356048584]"
F252013,10,40,0.2,"[602.1105423667859, 11.453023910522461]"
F252013,10,40,0.3,"[580.4563087085617, 17.177184343338013]"
F252013,10,40,0.4,"[561.949109831839, 22.907050848007202]"
F252013,10,40,0.5,"[541.8222256356189, 28.63182306289673]"
F252013,10,40,0.6,"[556.4867308327844, 34.355185747146606]"
F252013,10,40,0.7,"[535.5759253622125, 40.08165144920349]"
F252013,10,40,0.8,"[528.4596195585186, 45.80064153671265]"
F252013,10,40,0.9,"[503.09997348047887, 51.5088324546814]"
F252013,10,40,1.0,"[484.9935557493843, 57.22566223144531]"
F252013,10,41,0.01,"[422.0983918136924, 0.5933337211608887]"
F252013,10,41,0.1,"[399.73260882382806, 5.721641778945923]"
F252013,10,41,0.2,"[391.6626819100686, 11.415079832077026]"
F252013,10,41,0.3,"[396.70374568236457, 17.115828037261963]"
F252013,10,41,0.4,"[386.4115837893364, 22.826767921447754]"
F252013,10,41,0.5,"[387.2045219762781, 28.536121368408203]"
F252013,10,41,0.6,"[378.18961731068293, 34.253706216812134]"
F252013,10,41,0.7,"[366.21501829206136, 39.96638202667236]"
F252013,10,41,0.8,"[367.16678969446457, 45.6710786819458]"
F252013,10,41,0.9,"[366.15833816774466, 51.37489056587219]"
F252013,10,41,1.0,"[369.5108101081023, 57.085548400878906]"
F252013,10,42,0.01,"[356.5317760207083, 0.5745868682861328]"
F252013,10,42,0.1,"[349.89084620091694, 5.689511775970459]"
F252013,10,42,0.2,"[339.5573197710928, 11.369154930114746]"
F252013,10,42,0.3,"[330.30855734299075, 17.053775548934937]"
F252013,10,42,0.4,"[334.28525082243914, 22.751744747161865]"
F252013,10,42,0.5,"[322.4526424587673, 28.447487354278564]"
F252013,10,42,0.6,"[331.3685048329212, 34.15224051475525]"
F252013,10,42,0.7,"[326.2360311829689, 39.85834550857544]"
F252013,10,42,0.8,"[326.6679686384664, 45.55363440513611]"
F252013,10,42,0.9,"[321.21856250418386, 51.24500799179077]"
F252013,10,42,1.0,"[320.59439153623043, 56.94611120223999]"
F252013,10,43,0.01,"[301.23829942585667, 0.588740348815918]"
F252013,10,43,0.1,"[299.4346122426723, 5.719227075576782]"
F252013,10,43,0.2,"[302.8055039969479, 11.418601274490356]"
F252013,10,43,0.3,"[296.2351984762072, 17.125073194503784]"
F252013,10,43,0.4,"[297.60031031071685, 22.83586812019348]"
F252013,10,43,0.5,"[297.4061145388505, 28.54362964630127]"
F252013,10,43,0.6,"[299.7843271200777, 34.25234770774841]"
F252013,10,43,0.7,"[297.9386215434347, 39.966683864593506]"
F252013,10,43,0.8,"[295.7145287000892, 45.673402070999146]"
F252013,10,43,0.9,"[294.55944213369776, 51.387125968933105]"
F252013,10,43,1.0,"[299.6723100419117, 57.10188937187195]"
F252013,10,44,0.01,"[311.76526229802175, 0.5905354022979736]"
F252013,10,44,0.1,"[315.53826392721567, 5.731817245483398]"
F252013,10,44,0.2,"[304.0556514619054, 11.44185471534729]"
F252013,10,44,0.3,"[314.43452179432916, 17.158366918563843]"
F252013,10,44,0.4,"[305.22746940115985, 22.885713577270508]"
F252013,10,44,0.5,"[310.24816205054344, 28.612290382385254]"
F252013,10,44,0.6,"[309.19839515064314, 34.345375299453735]"
F252013,10,44,0.7,"[310.60400459974903, 40.080105781555176]"
F252013,10,44,0.8,"[315.146734196313, 45.80257534980774]"
F252013,10,44,0.9,"[310.7457657700875, 51.52341103553772]"
F252013,10,44,1.0,"[298.8236351807327, 57.25004696846008]"
F252013,10,45,0.01,"[283.3583164184838, 0.588007926940918]"
F252013,10,45,0.1,"[285.2218119444983, 5.764999866485596]"
F252013,10,45,0.2,"[287.5117282142728, 11.51871633529663]"
F252013,10,45,0.3,"[289.4297696411129, 17.27952766418457]"
F252013,10,45,0.4,"[287.356975587732, 23.049468994140625]"
F252013,10,45,0.5,"[293.8516644301101, 28.813565969467163]"
F252013,10,45,0.6,"[288.9351682798774, 34.57194185256958]"
F252013,10,45,0.7,"[283.9222085307015, 40.330610036849976]"
F252013,10,45,0.8,"[285.10623220495677, 46.081443309783936]"
F252013,10,45,0.9,"[287.31291493058166, 51.839290380477905]"
F252013,10,45,1.0,"[286.40326115268135, 57.59671401977539]"
F252013,10,46,0.01,"[419.7808985708639, 0.5790154933929443]"
F252013,10,46,0.1,"[384.41914036055095, 5.741015195846558]"
F252013,10,46,0.2,"[374.13874469055395, 11.469516277313232]"
F252013,10,46,0.3,"[377.2344727577113, 17.199620246887207]"
F252013,10,46,0.4,"[369.09730893712685, 22.935343980789185]"
F252013,10,46,0.5,"[364.8788163371855, 28.669856786727905]"
F252013,10,46,0.6,"[372.24182264476894, 34.400816917419434]"
F252013,10,46,0.7,"[362.4949879970618, 40.135498046875]"
F252013,10,46,0.8,"[357.84909920791097, 45.86384034156799]"
F252013,10,46,0.9,"[373.40857167940317, 51.58962821960449]"
F252013,10,46,1.0,"[352.8474328689474, 57.32141351699829]"
F252013,10,47,0.01,"[346.0352438157347, 0.5750985145568848]"
F252013,10,47,0.1,"[329.927615663883, 5.695250749588013]"
F252013,10,47,0.2,"[333.57935870591064, 11.37984848022461]"
F252013,10,47,0.3,"[335.88090409272627, 17.07126235961914]"
F252013,10,47,0.4,"[332.32580254479444, 22.77611756324768]"
F252013,10,47,0.5,"[325.982000769, 28.47840642929077]"
F252013,10,47,0.6,"[319.38055158349016, 34.182159185409546]"
F252013,10,47,0.7,"[336.40190240986317, 39.89118933677673]"
F252013,10,47,0.8,"[331.21900614962306, 45.58740162849426]"
F252013,10,47,0.9,"[342.8045618341289, 51.280417680740356]"
F252013,10,47,1.0,"[361.3609288694156, 56.98363709449768]"
F252013,10,48,0.01,"[573.1266494276506, 0.6023430824279785]"
F252013,10,48,0.1,"[522.1416951324006, 5.762684106826782]"
F252013,10,48,0.2,"[523.2570248040815, 11.498440742492676]"
F252013,10,48,0.3,"[530.91445591715, 17.22979736328125]"
F252013,10,48,0.4,"[544.0015324266055, 22.963974952697754]"
F252013,10,48,0.5,"[505.1693903520413, 28.695640802383423]"
F252013,10,48,0.6,"[510.07390400764757, 34.42476487159729]"
F252013,10,48,0.7,"[502.76634780391396, 40.16797852516174]"
F252013,10,48,0.8,"[482.1657838784422, 45.89814782142639]"
F252013,10,48,0.9,"[486.9480030654163, 51.62785458564758]"
F252013,10,48,1.0,"[479.21921383871745, 57.36137318611145]"
F252013,10,49,0.01,"[408.42823371250824, 0.5742557048797607]"
F252013,10,49,0.1,"[402.1072167258317, 5.692281723022461]"
F252013,10,49,0.2,"[393.7088059871944, 11.367825746536255]"
F252013,10,49,0.3,"[356.6422138506341, 17.042492628097534]"
F252013,10,49,0.4,"[353.39756858363285, 22.723297119140625]"
F252013,10,49,0.5,"[346.2957385105892, 28.40046453475952]"
F252013,10,49,0.6,"[345.34568992141794, 34.077664613723755]"
F252013,10,49,0.7,"[339.7791790002666, 39.76287221908569]"
F252013,10,49,0.8,"[331.3509232317115, 45.44425892829895]"
F252013,10,49,0.9,"[331.8323800498299, 51.125715017318726]"
F252013,10,49,1.0,"[339.5049468811171, 56.815112829208374]"
F252013,10,50,0.01,"[510.73433423128836, 0.6483597755432129]"
F252013,10,50,0.1,"[499.15228232992104, 5.838329553604126]"
F252013,10,50,0.2,"[491.09158981734936, 11.595902681350708]"
F252013,10,50,0.3,"[471.22326339930896, 17.365506649017334]"
F252013,10,50,0.4,"[466.6985796221011, 23.135478258132935]"
F252013,10,50,0.5,"[454.9150659902655, 28.892626523971558]"
F252013,10,50,0.6,"[449.42718659108186, 34.65596055984497]"
F252013,10,50,0.7,"[439.9697632112707, 40.426196336746216]"
F252013,10,50,0.8,"[438.4823392983717, 46.193187952041626]"
F252013,10,50,0.9,"[421.5552220355653, 51.95584201812744]"
F252013,10,50,1.0,"[411.4367578158972, 57.728809118270874]"
F252013,30,0,0.01,"[597.2307308581512, 2.8379409313201904]"
F252013,30,0,0.1,"[588.4513973719556, 28.27442216873169]"
F252013,30,0,0.2,"[585.4116113703128, 56.51430034637451]"
F252013,30,0,0.3,"[573.551130988757, 84.71255540847778]"
F252013,30,0,0.4,"[569.6333620746764, 115.51440000534058]"
F252013,30,0,0.5,"[563.352096937564, 143.65054965019226]"
F252013,30,0,0.6,"[555.6237198284371, 171.55409622192383]"
F252013,30,0,0.7,"[542.9382611657136, 199.49616312980652]"
F252013,30,0,0.8,"[549.8009188022497, 227.42735838890076]"
F252013,30,0,0.9,"[525.9346279342587, 255.40699076652527]"
F252013,30,0,1.0,"[525.4549501274096, 283.3444609642029]"
F252013,30,1,0.01,"[791.672588884594, 2.834378719329834]"
F252013,30,1,0.1,"[781.3931343648132, 28.341530323028564]"
F252013,30,1,0.2,"[788.1355047300531, 56.629987478256226]"
F252013,30,1,0.3,"[797.2814679980775, 84.79790234565735]"
F252013,30,1,0.4,"[795.6297717406069, 112.92041516304016]"
F252013,30,1,0.5,"[770.8608819770161, 141.01339554786682]"
F252013,30,1,0.6,"[744.6884457474457, 169.03032398223877]"
F252013,30,1,0.7,"[737.1217974084127, 197.08399868011475]"
F252013,30,1,0.8,"[743.0683105939722, 224.99685430526733]"
F252013,30,1,0.9,"[746.9055528499971, 252.9312026500702]"
F252013,30,1,1.0,"[767.0577996721458, 280.86302876472473]"
F252013,30,2,0.01,"[648.5492819221686, 2.837193250656128]"
F252013,30,2,0.1,"[637.3377700979422, 28.293105363845825]"
F252013,30,2,0.2,"[649.2063430114022, 56.56627035140991]"
F252013,30,2,0.3,"[661.8678566555984, 84.77350091934204]"
F252013,30,2,0.4,"[648.9509602708356, 112.93349003791809]"
F252013,30,2,0.5,"[657.4432019421838, 141.11817073822021]"
F252013,30,2,0.6,"[629.3584413202036, 169.24237298965454]"
F252013,30,2,0.7,"[625.2238893563031, 197.3973114490509]"
F252013,30,2,0.8,"[637.8761783846189, 225.5687689781189]"
F252013,30,2,0.9,"[610.4966518521451, 253.75479912757874]"
F252013,30,2,1.0,"[612.3714109656855, 281.8845534324646]"
F252013,30,3,0.01,"[627.1845496399051, 2.837430715560913]"
F252013,30,3,0.1,"[609.9195066263708, 28.271024703979492]"
F252013,30,3,0.2,"[597.1271371922519, 56.52389478683472]"
F252013,30,3,0.3,"[591.0712926856058, 84.72259020805359]"
F252013,30,3,0.4,"[598.1145494445427, 114.04461145401001]"
F252013,30,3,0.5,"[600.1969898515415, 142.42757272720337]"
F252013,30,3,0.6,"[602.234938896722, 170.5009913444519]"
F252013,30,3,0.7,"[602.9503906798352, 198.62377309799194]"
F252013,30,3,0.8,"[606.7671957473799, 226.71995902061462]"
F252013,30,3,0.9,"[601.8454258263323, 254.86383032798767]"
F252013,30,3,1.0,"[611.2396817079225, 282.97220945358276]"
F252013,30,4,0.01,"[583.0966548102701, 2.838808059692383]"
F252013,30,4,0.1,"[583.3184939609102, 28.292625427246094]"
F252013,30,4,0.2,"[564.6425017700494, 56.574501276016235]"
F252013,30,4,0.3,"[562.4324129268398, 84.80622482299805]"
F252013,30,4,0.4,"[565.7582148530846, 113.52166938781738]"
F252013,30,4,0.5,"[560.1916316358636, 141.84144043922424]"
F252013,30,4,0.6,"[560.9830137936772, 169.91912531852722]"
F252013,30,4,0.7,"[567.0790576267548, 198.06034135818481]"
F252013,30,4,0.8,"[561.2764356064072, 226.19881916046143]"
F252013,30,4,0.9,"[545.0300759995789, 254.38885164260864]"
F252013,30,4,1.0,"[537.1443431671564, 282.5211329460144]"
F252013,30,5,0.01,"[541.917654220252, 2.8467743396759033]"
F252013,30,5,0.1,"[537.6865947144013, 28.40699577331543]"
F252013,30,5,0.2,"[532.1048056447694, 56.77244544029236]"
F252013,30,5,0.3,"[525.0788909288585, 85.08261203765869]"
F252013,30,5,0.4,"[519.801564792228, 113.31637358665466]"
F252013,30,5,0.5,"[532.1472707005419, 141.5574254989624]"
F252013,30,5,0.6,"[524.7436137631885, 169.78604364395142]"
F252013,30,5,0.7,"[513.5643382585263, 198.06919693946838]"
F252013,30,5,0.8,"[527.1858154986467, 226.30035853385925]"
F252013,30,5,0.9,"[523.6498692887046, 254.6047694683075]"
F252013,30,5,1.0,"[519.9569155350832, 282.9172444343567]"
F252013,30,6,0.01,"[718.5718616555519, 2.8515889644622803]"
F252013,30,6,0.1,"[682.9813060084489, 28.473308563232422]"
F252013,30,6,0.2,"[689.0661001631684, 56.88681244850159]"
F252013,30,6,0.3,"[668.3716759168635, 85.26030278205872]"
F252013,30,6,0.4,"[669.9932125366872, 113.55376625061035]"
F252013,30,6,0.5,"[655.6950753595156, 142.13336658477783]"
F252013,30,6,0.6,"[621.4763923396604, 170.36075973510742]"
F252013,30,6,0.7,"[622.2957519071781, 198.62341237068176]"
F252013,30,6,0.8,"[601.3361732232654, 226.85911750793457]"
F252013,30,6,0.9,"[602.812068284089, 255.12132573127747]"
F252013,30,6,1.0,"[588.4910373619555, 283.35797238349915]"
F252013,30,7,0.01,"[927.5419733008, 2.842500925064087]"
F252013,30,7,0.1,"[847.1444882959706, 28.34646224975586]"
F252013,30,7,0.2,"[826.8794642452117, 56.649036169052124]"
F252013,30,7,0.3,"[821.1830742252891, 84.90329504013062]"
F252013,30,7,0.4,"[806.5125241249002, 113.08036923408508]"
F252013,30,7,0.5,"[772.9208384152678, 141.2410008907318]"
F252013,30,7,0.6,"[729.8213778430381, 169.36450815200806]"
F252013,30,7,0.7,"[718.1922473491245, 197.54088282585144]"
F252013,30,7,0.8,"[671.634685070602, 225.68678069114685]"
F252013,30,7,0.9,"[650.9771799730797, 253.9039614200592]"
F252013,30,7,1.0,"[642.8834472140093, 282.1008689403534]"
F252013,30,8,0.01,"[977.4848554881282, 2.844230890274048]"
F252013,30,8,0.1,"[932.5873807271364, 28.36223578453064]"
F252013,30,8,0.2,"[889.994007187262, 56.68471574783325]"
F252013,30,8,0.3,"[852.4985643043417, 84.9381263256073]"
F252013,30,8,0.4,"[818.9507233865188, 113.13175320625305]"
F252013,30,8,0.5,"[815.6598419725733, 141.61874675750732]"
F252013,30,8,0.6,"[824.2515293753299, 169.7816858291626]"
F252013,30,8,0.7,"[776.8872367079093, 197.98241138458252]"
F252013,30,8,0.8,"[783.6521498188392, 226.15575528144836]"
F252013,30,8,0.9,"[759.152388928981, 254.36826300621033]"
F252013,30,8,1.0,"[716.7642000426467, 282.51992321014404]"
F252013,30,9,0.01,"[957.5881758544324, 2.8300328254699707]"
F252013,30,9,0.1,"[938.2168043623033, 28.21565866470337]"
F252013,30,9,0.2,"[911.8850074854656, 56.383678674697876]"
F252013,30,9,0.3,"[868.7499792162976, 84.49116492271423]"
F252013,30,9,0.4,"[880.1133297206047, 112.52663326263428]"
F252013,30,9,0.5,"[872.9606744357129, 140.59117650985718]"
F252013,30,9,0.6,"[863.9444782873811, 168.60234022140503]"
F252013,30,9,0.7,"[844.258784757925, 196.65708756446838]"
F252013,30,9,0.8,"[870.2465515270296, 224.6938395500183]"
F252013,30,9,0.9,"[833.0148056833218, 252.80259823799133]"
F252013,30,9,1.0,"[809.5425680734534, 280.8262314796448]"
F252013,30,10,0.01,"[1061.1276152038554, 2.849287509918213]"
F252013,30,10,0.1,"[993.7662746995793, 28.41990065574646]"
F252013,30,10,0.2,"[988.9334755007808, 56.82112383842468]"
F252013,30,10,0.3,"[1038.1929478608763, 85.37423467636108]"
F252013,30,10,0.4,"[1034.8528271932728, 113.64185547828674]"
F252013,30,10,0.5,"[981.9234326268365, 141.80465149879456]"
F252013,30,10,0.6,"[952.5859097197263, 169.96387362480164]"
F252013,30,10,0.7,"[964.282950352545, 198.16104316711426]"
F252013,30,10,0.8,"[961.6052741589524, 226.32225370407104]"
F252013,30,10,0.9,"[941.2605690479954, 254.53595161437988]"
F252013,30,10,1.0,"[922.7411306539261, 282.7066195011139]"
F252013,30,11,0.01,"[937.5256078384236, 2.84338641166687]"
F252013,30,11,0.1,"[903.4840151109468, 28.24893808364868]"
F252013,30,11,0.2,"[872.8261774206403, 56.45711350440979]"
F252013,30,11,0.3,"[826.8458890943548, 84.61202716827393]"
F252013,30,11,0.4,"[847.9502460949766, 112.70852732658386]"
F252013,30,11,0.5,"[835.9852964658612, 140.78192138671875]"
F252013,30,11,0.6,"[805.58748542579, 168.82200956344604]"
F252013,30,11,0.7,"[776.0653973259359, 196.90288996696472]"
F252013,30,11,0.8,"[752.1674129760977, 224.97696042060852]"
F252013,30,11,0.9,"[730.3789397451337, 253.0972945690155]"
F252013,30,11,1.0,"[718.4889546480003, 281.21712279319763]"
F252013,30,12,0.01,"[833.212528508812, 2.8448612689971924]"
F252013,30,12,0.1,"[818.0646693055901, 28.35828137397766]"
F252013,30,12,0.2,"[754.2480646122842, 56.65887451171875]"
F252013,30,12,0.3,"[755.3985479048922, 84.90468311309814]"
F252013,30,12,0.4,"[745.7513992362674, 113.0864405632019]"
F252013,30,12,0.5,"[712.8775960394905, 141.263689994812]"
F252013,30,12,0.6,"[703.3968404461348, 169.40052223205566]"
F252013,30,12,0.7,"[672.9946953025226, 197.58622550964355]"
F252013,30,12,0.8,"[673.7353846023218, 225.74188327789307]"
F252013,30,12,0.9,"[688.5617472793992, 253.94116926193237]"
F252013,30,12,1.0,"[711.8009322595153, 282.1023540496826]"
F252013,30,13,0.01,"[690.7198717560839, 2.848234176635742]"
F252013,30,13,0.1,"[689.9273677584758, 28.423476696014404]"
F252013,30,13,0.2,"[663.8427228760345, 56.78799533843994]"
F252013,30,13,0.3,"[637.9419666049116, 85.09083819389343]"
F252013,30,13,0.4,"[633.9053944699217, 113.66000866889954]"
F252013,30,13,0.5,"[616.5789492628087, 142.98746943473816]"
F252013,30,13,0.6,"[607.4653263368182, 171.19651198387146]"
F252013,30,13,0.7,"[597.6156244745644, 199.44473028182983]"
F252013,30,13,0.8,"[608.6198593532029, 227.6619462966919]"
F252013,30,13,0.9,"[591.821045874754, 255.92459273338318]"
F252013,30,13,1.0,"[580.1849973295882, 284.153657913208]"
F252013,30,14,0.01,"[917.6997090492691, 2.8372769355773926]"
F252013,30,14,0.1,"[896.512176036101, 28.30867028236389]"
F252013,30,14,0.2,"[863.0120197052906, 56.570552349090576]"
F252013,30,14,0.3,"[832.1507728245065, 84.77544021606445]"
F252013,30,14,0.4,"[826.2675068332844, 112.90829586982727]"
F252013,30,14,0.5,"[812.5811823299459, 141.04584646224976]"
F252013,30,14,0.6,"[773.4996489018486, 169.14621472358704]"
F252013,30,14,0.7,"[788.1196637537264, 197.27002334594727]"
F252013,30,14,0.8,"[769.1185116011293, 225.37406373023987]"
F252013,30,14,0.9,"[766.4013472623537, 253.53626251220703]"
F252013,30,14,1.0,"[736.8897964066323, 281.665785074234]"
F252013,30,15,0.01,"[729.1704563220192, 2.841193437576294]"
F252013,30,15,0.1,"[699.6244355717286, 28.333510637283325]"
F252013,30,15,0.2,"[718.0957171330219, 56.65459060668945]"
F252013,30,15,0.3,"[704.8336952603972, 84.920823097229]"
F252013,30,15,0.4,"[696.9579637565503, 113.1370587348938]"
F252013,30,15,0.5,"[679.0571252194104, 141.34660816192627]"
F252013,30,15,0.6,"[671.2667740125216, 169.51538944244385]"
F252013,30,15,0.7,"[661.1156089517676, 197.72595024108887]"
F252013,30,15,0.8,"[656.679035132066, 225.90430998802185]"
F252013,30,15,0.9,"[664.7765584524013, 254.13453459739685]"
F252013,30,15,1.0,"[654.1697187807126, 282.3692955970764]"
F252013,30,16,0.01,"[1070.4360231841329, 2.845824718475342]"
F252013,30,16,0.1,"[1009.2254742785312, 28.376771450042725]"
F252013,30,16,0.2,"[981.6536144692168, 56.73315930366516]"
F252013,30,16,0.3,"[966.8427383296239, 85.05207872390747]"
F252013,30,16,0.4,"[908.7386132806178, 114.4727942943573]"
F252013,30,16,0.5,"[937.3097116053075, 142.75874257087708]"
F252013,30,16,0.6,"[923.1361432812014, 170.93106365203857]"
F252013,30,16,0.7,"[895.0974070002683, 199.1422724723816]"
F252013,30,16,0.8,"[877.2658860767897, 227.31610250473022]"
F252013,30,16,0.9,"[836.7472265322554, 255.55020213127136]"
F252013,30,16,1.0,"[826.7961533527678, 283.7334282398224]"
F252013,30,17,0.01,"[1058.5498921956241, 2.8455352783203125]"
F252013,30,17,0.1,"[1022.8198092600669, 28.345441341400146]"
F252013,30,17,0.2,"[992.4275791951386, 56.697633266448975]"
F252013,30,17,0.3,"[955.8607047321493, 84.957843542099]"
F252013,30,17,0.4,"[914.2673677274179, 114.90395450592041]"
F252013,30,17,0.5,"[893.5760287088167, 143.42996311187744]"
F252013,30,17,0.6,"[854.1965238457697, 171.5067503452301]"
F252013,30,17,0.7,"[828.125431536826, 199.65718126296997]"
F252013,30,17,0.8,"[796.6713379209209, 227.80237650871277]"
F252013,30,17,0.9,"[792.7671366395341, 256.0625183582306]"
F252013,30,17,1.0,"[759.9659465457512, 284.25695610046387]"
F252013,30,18,0.01,"[754.7354368652104, 2.83842134475708]"
F252013,30,18,0.1,"[739.0081590194286, 28.3197124004364]"
F252013,30,18,0.2,"[717.1551791678194, 56.60845732688904]"
F252013,30,18,0.3,"[701.239024591194, 84.86690330505371]"
F252013,30,18,0.4,"[691.0017430754428, 114.80181360244751]"
F252013,30,18,0.5,"[701.8832054862096, 143.00973773002625]"
F252013,30,18,0.6,"[679.9199210023894, 171.1579520702362]"
F252013,30,18,0.7,"[688.0855287224636, 199.3415048122406]"
F252013,30,18,0.8,"[686.3226698171054, 227.49185037612915]"
F252013,30,18,0.9,"[678.881495154483, 255.69074821472168]"
F252013,30,18,1.0,"[669.6471729737536, 283.84560537338257]"
F252013,30,19,0.01,"[991.2247394501856, 2.8445358276367188]"
F252013,30,19,0.1,"[941.063757771024, 28.36516761779785]"
F252013,30,19,0.2,"[896.8517461561582, 56.74450755119324]"
F252013,30,19,0.3,"[852.6780858408492, 85.00815844535828]"
F252013,30,19,0.4,"[852.2553847066415, 113.21081972122192]"
F252013,30,19,0.5,"[805.7293696474273, 141.37642216682434]"
F252013,30,19,0.6,"[791.954038453463, 169.47812819480896]"
F252013,30,19,0.7,"[807.3311841514414, 197.6459858417511]"
F252013,30,19,0.8,"[790.9130331755962, 225.84666895866394]"
F252013,30,19,0.9,"[773.8379858242172, 254.0889241695404]"
F252013,30,19,1.0,"[760.3189408431394, 282.2621212005615]"
F252013,30,20,0.01,"[688.8900199230279, 2.8663010597229004]"
F252013,30,20,0.1,"[689.2897791158707, 28.230561017990112]"
F252013,30,20,0.2,"[660.9356735299921, 56.41444420814514]"
F252013,30,20,0.3,"[648.6931798302089, 84.55956888198853]"
F252013,30,20,0.4,"[634.9564640063622, 112.63786435127258]"
F252013,30,20,0.5,"[652.0303057409337, 140.7049868106842]"
F252013,30,20,0.6,"[648.8309104332179, 168.7401602268219]"
F252013,30,20,0.7,"[641.9860658587036, 196.81613612174988]"
F252013,30,20,0.8,"[647.7732672296195, 224.88075995445251]"
F252013,30,20,0.9,"[628.0248182058594, 252.9758129119873]"
F252013,30,20,1.0,"[631.1795530781153, 281.02440214157104]"
F252013,30,21,0.01,"[669.3692263865223, 2.859591007232666]"
F252013,30,21,0.1,"[674.203669415635, 28.15410089492798]"
F252013,30,21,0.2,"[664.3382344454931, 56.25852966308594]"
F252013,30,21,0.3,"[657.481700603314, 84.30647587776184]"
F252013,30,21,0.4,"[652.3916035848551, 112.29170680046082]"
F252013,30,21,0.5,"[657.4078763020391, 140.30867791175842]"
F252013,30,21,0.6,"[633.91880375599, 168.22539258003235]"
F252013,30,21,0.7,"[629.6930372323468, 196.19648051261902]"
F252013,30,21,0.8,"[613.8500328388175, 224.149183511734]"
F252013,30,21,0.9,"[625.1439669432493, 252.13436555862427]"
F252013,30,21,1.0,"[608.9577362759755, 280.0910177230835]"
F252013,30,22,0.01,"[792.9068236493335, 2.838822603225708]"
F252013,30,22,0.1,"[742.4393044496878, 28.21291971206665]"
F252013,30,22,0.2,"[698.1402532406644, 56.39372444152832]"
F252013,30,22,0.3,"[672.2936350422892, 84.53759217262268]"
F252013,30,22,0.4,"[658.8746986370734, 112.60792183876038]"
F252013,30,22,0.5,"[625.8684373586857, 140.65686964988708]"
F252013,30,22,0.6,"[618.0273474428573, 168.6530864238739]"
F252013,30,22,0.7,"[590.8748601470256, 196.70487093925476]"
F252013,30,22,0.8,"[595.9592069109415, 224.75659584999084]"
F252013,30,22,0.9,"[586.5858435364426, 252.83002471923828]"
F252013,30,22,1.0,"[565.9540977800598, 280.8827998638153]"
F252013,30,23,0.01,"[483.14985765688266, 2.901146411895752]"
F252013,30,23,0.1,"[481.85229059349035, 28.326956510543823]"
F252013,30,23,0.2,"[468.405015931231, 56.58508491516113]"
F252013,30,23,0.3,"[473.70272265008566, 84.78686022758484]"
F252013,30,23,0.4,"[462.2880928966965, 112.93343663215637]"
F252013,30,23,0.5,"[468.92926202325316, 141.07511830329895]"
F252013,30,23,0.6,"[468.10171294935935, 169.19150066375732]"
F252013,30,23,0.7,"[472.34542336152845, 197.35631370544434]"
F252013,30,23,0.8,"[465.5743044808512, 225.5194776058197]"
F252013,30,23,0.9,"[469.3621714052922, 253.69907760620117]"
F252013,30,23,1.0,"[462.0832241508174, 281.8942766189575]"
F252013,30,24,0.01,"[714.3327094750757, 2.8638405799865723]"
F252013,30,24,0.1,"[701.1448918552767, 28.375943899154663]"
F252013,30,24,0.2,"[673.9119088254902, 56.69451594352722]"
F252013,30,24,0.3,"[665.1120659121843, 84.98262858390808]"
F252013,30,24,0.4,"[646.4511925640018, 113.1503643989563]"
F252013,30,24,0.5,"[640.1190403816054, 141.3339512348175]"
F252013,30,24,0.6,"[640.0736995326115, 169.49922108650208]"
F252013,30,24,0.7,"[622.6811556140722, 197.68543815612793]"
F252013,30,24,0.8,"[619.9724100676729, 225.84256172180176]"
F252013,30,24,0.9,"[603.9665248902209, 254.0427122116089]"
F252013,30,24,1.0,"[589.5735573584568, 282.19546127319336]"
F252013,30,25,0.01,"[669.9513375445745, 2.8617725372314453]"
F252013,30,25,0.1,"[666.0015252255066, 28.373302936553955]"
F252013,30,25,0.2,"[645.2948223600579, 56.69217228889465]"
F252013,30,25,0.3,"[636.8704122985432, 84.965656042099]"
F252013,30,25,0.4,"[631.5878799661984, 113.17061853408813]"
F252013,30,25,0.5,"[637.1126552191015, 141.36233234405518]"
F252013,30,25,0.6,"[632.020990291137, 169.51343631744385]"
F252013,30,25,0.7,"[640.4852906612482, 197.715411901474]"
F252013,30,25,0.8,"[625.9240656478987, 225.89670729637146]"
F252013,30,25,0.9,"[624.4893573347906, 254.11681151390076]"
F252013,30,25,1.0,"[642.7118223022612, 282.28610587120056]"
F252013,30,26,0.01,"[512.460716042001, 2.845426082611084]"
F252013,30,26,0.1,"[505.96712587065304, 28.280834436416626]"
F252013,30,26,0.2,"[504.1373501812395, 56.51420259475708]"
F252013,30,26,0.3,"[503.91961965343353, 84.68609499931335]"
F252013,30,26,0.4,"[505.64787340984094, 112.77012991905212]"
F252013,30,26,0.5,"[492.3150620100341, 140.8163721561432]"
F252013,30,26,0.6,"[501.4153023235958, 168.82684111595154]"
F252013,30,26,0.7,"[493.8031560367849, 196.87284326553345]"
F252013,30,26,0.8,"[498.7447336206742, 224.92803573608398]"
F252013,30,26,0.9,"[486.52851556848236, 253.0187487602234]"
F252013,30,26,1.0,"[488.17481340732684, 281.0637307167053]"
F252013,30,27,0.01,"[758.525914048613, 2.884108066558838]"
F252013,30,27,0.1,"[740.6216829514769, 28.28032946586609]"
F252013,30,27,0.2,"[734.7154144728643, 56.48393130302429]"
F252013,30,27,0.3,"[729.580590319282, 84.62949538230896]"
F252013,30,27,0.4,"[715.9776110177515, 112.72122621536255]"
F252013,30,27,0.5,"[711.652518875565, 140.80701804161072]"
F252013,30,27,0.6,"[707.2811583275211, 168.86269283294678]"
F252013,30,27,0.7,"[693.8972720087561, 196.95406770706177]"
F252013,30,27,0.8,"[697.3263204933824, 225.02796483039856]"
F252013,30,27,0.9,"[668.9685591618561, 253.14527940750122]"
F252013,30,27,1.0,"[674.145716785905, 281.2114942073822]"
F252013,30,28,0.01,"[738.5916175781188, 3.268177032470703]"
F252013,30,28,0.1,"[729.2358029439874, 32.617058753967285]"
F252013,30,28,0.2,"[721.7083751377963, 65.1633951663971]"
F252013,30,28,0.3,"[706.4230438807085, 97.69720196723938]"
F252013,30,28,0.4,"[719.708897651291, 130.12869119644165]"
F252013,30,28,0.5,"[716.9027485276501, 158.90428352355957]"
F252013,30,28,0.6,"[701.0298260853485, 187.1075689792633]"
F252013,30,28,0.7,"[706.5241788328512, 215.35901069641113]"
F252013,30,28,0.8,"[670.5662692337346, 243.51806831359863]"
F252013,30,28,0.9,"[651.556622407762, 271.7379484176636]"
F252013,30,28,1.0,"[669.5933383927261, 299.90015935897827]"
F252013,30,29,0.01,"[843.005034080199, 2.8808672428131104]"
F252013,30,29,0.1,"[803.7791728665775, 28.202890396118164]"
F252013,30,29,0.2,"[791.4859451294963, 56.320805311203]"
F252013,30,29,0.3,"[790.5614428196859, 84.34265518188477]"
F252013,30,29,0.4,"[751.0448205554633, 112.28580331802368]"
F252013,30,29,0.5,"[708.943333524913, 140.23177409172058]"
F252013,30,29,0.6,"[701.4147498216155, 168.16387367248535]"
F252013,30,29,0.7,"[695.6644035956115, 196.128643989563]"
F252013,30,29,0.8,"[647.2073350650958, 224.0395703315735]"
F252013,30,29,0.9,"[645.1609400769794, 251.9859414100647]"
F252013,30,29,1.0,"[620.5617898497048, 279.8927013874054]"
F252013,30,30,0.01,"[715.7792827281323, 2.87311053276062]"
F252013,30,30,0.1,"[708.3082098545328, 28.38254714012146]"
F252013,30,30,0.2,"[694.2879560373603, 56.70297408103943]"
F252013,30,30,0.3,"[688.3190751385787, 84.93654203414917]"
F252013,30,30,0.4,"[676.675756185507, 113.09298419952393]"
F252013,30,30,0.5,"[679.0966261026078, 141.2738425731659]"
F252013,30,30,0.6,"[671.6993649955996, 169.4236671924591]"
F252013,30,30,0.7,"[680.6402928831203, 197.60832500457764]"
F252013,30,30,0.8,"[677.917152202509, 225.74351525306702]"
F252013,30,30,0.9,"[654.0085329373255, 253.91253566741943]"
F252013,30,30,1.0,"[631.7555213139053, 282.0573582649231]"
F252013,30,31,0.01,"[910.6263517904488, 2.8383231163024902]"
F252013,30,31,0.1,"[871.0900857178804, 28.332144737243652]"
F252013,30,31,0.2,"[849.0239726744671, 56.630088806152344]"
F252013,30,31,0.3,"[851.2581926197679, 85.29600119590759]"
F252013,30,31,0.4,"[836.5288230462099, 114.80604004859924]"
F252013,30,31,0.5,"[809.0128440611418, 143.78255987167358]"
F252013,30,31,0.6,"[803.424034740515, 171.88833284378052]"
F252013,30,31,0.7,"[787.8730653425328, 200.0364761352539]"
F252013,30,31,0.8,"[785.3807717268569, 228.1739547252655]"
F252013,30,31,0.9,"[739.2094049130351, 256.3585801124573]"
F252013,30,31,1.0,"[714.8142933993813, 284.48438787460327]"
F252013,30,32,0.01,"[723.3806635431151, 2.8380653858184814]"
F252013,30,32,0.1,"[714.2240238800209, 28.291792631149292]"
F252013,30,32,0.2,"[709.25158089753, 56.54864573478699]"
F252013,30,32,0.3,"[693.093123729273, 84.77492642402649]"
F252013,30,32,0.4,"[685.8151033834993, 113.58365845680237]"
F252013,30,32,0.5,"[689.4905395931492, 141.73786854743958]"
F252013,30,32,0.6,"[696.0986197250154, 169.80961847305298]"
F252013,30,32,0.7,"[670.6331526327642, 197.94060134887695]"
F252013,30,32,0.8,"[667.5728539038291, 226.07004070281982]"
F252013,30,32,0.9,"[658.5272270016665, 254.25132155418396]"
F252013,30,32,1.0,"[671.1173161036331, 282.3860487937927]"
F252013,30,33,0.01,"[566.1492954195155, 2.8434643745422363]"
F252013,30,33,0.1,"[545.8475716631933, 28.342846155166626]"
F252013,30,33,0.2,"[537.6926386306395, 56.664175033569336]"
F252013,30,33,0.3,"[550.7655097825227, 84.94594764709473]"
F252013,30,33,0.4,"[545.8441183916907, 114.18323802947998]"
F252013,30,33,0.5,"[541.1973817222063, 142.35116720199585]"
F252013,30,33,0.6,"[526.9855678129659, 170.48935985565186]"
F252013,30,33,0.7,"[521.8385725876765, 198.66689538955688]"
F252013,30,33,0.8,"[531.7142198021493, 226.84119820594788]"
F252013,30,33,0.9,"[523.4128221257356, 255.0558648109436]"
F252013,30,33,1.0,"[504.0617320405688, 283.217627286911]"
F252013,30,34,0.01,"[1027.6343132894694, 2.8297269344329834]"
F252013,30,34,0.1,"[1045.717320348771, 28.24919366836548]"
F252013,30,34,0.2,"[1009.4285534062492, 56.44616103172302]"
F252013,30,34,0.3,"[983.5757929253709, 85.65554237365723]"
F252013,30,34,0.4,"[983.7537081488299, 115.55525612831116]"
F252013,30,34,0.5,"[976.7200307047115, 143.62688946723938]"
F252013,30,34,0.6,"[952.7917147937396, 171.64832186698914]"
F252013,30,34,0.7,"[936.2623261736398, 199.70280408859253]"
F252013,30,34,0.8,"[881.5219574668467, 227.74378490447998]"
F252013,30,34,0.9,"[879.8446989697095, 255.8482973575592]"
F252013,30,34,1.0,"[843.7117175646172, 283.99565982818604]"
F252013,30,35,0.01,"[852.559304397214, 2.833001136779785]"
F252013,30,35,0.1,"[827.0046562232565, 28.245896339416504]"
F252013,30,35,0.2,"[812.9031094086354, 56.47399067878723]"
F252013,30,35,0.3,"[809.4536022621025, 85.02122211456299]"
F252013,30,35,0.4,"[789.6977707855572, 113.63060116767883]"
F252013,30,35,0.5,"[772.3203188153425, 142.07667350769043]"
F252013,30,35,0.6,"[742.6427701878915, 170.14521765708923]"
F252013,30,35,0.7,"[764.4526488761551, 198.24638652801514]"
F252013,30,35,0.8,"[774.0371909169589, 226.3176393508911]"
F252013,30,35,0.9,"[754.4879197876339, 254.4499523639679]"
F252013,30,35,1.0,"[746.813100919421, 282.54178953170776]"
F252013,30,36,0.01,"[715.8999931677683, 2.8368988037109375]"
F252013,30,36,0.1,"[682.6901620193817, 28.286980628967285]"
F252013,30,36,0.2,"[685.7330806329028, 56.539483070373535]"
F252013,30,36,0.3,"[668.5314572227471, 84.79228568077087]"
F252013,30,36,0.4,"[671.1801808305795, 112.97827816009521]"
F252013,30,36,0.5,"[670.2012949107784, 141.16653513908386]"
F252013,30,36,0.6,"[660.0155592419624, 169.27768445014954]"
F252013,30,36,0.7,"[649.4818498374423, 197.4241168498993]"
F252013,30,36,0.8,"[639.39918353191, 225.5689868927002]"
F252013,30,36,0.9,"[630.1304571240244, 253.74848079681396]"
F252013,30,36,1.0,"[606.4449477668927, 281.8903090953827]"
F252013,30,37,0.01,"[897.2121263112829, 2.8902244567871094]"
F252013,30,37,0.1,"[831.850598233299, 28.402822494506836]"
F252013,30,37,0.2,"[812.9879383618813, 56.73221158981323]"
F252013,30,37,0.3,"[781.4728949274322, 85.00928068161011]"
F252013,30,37,0.4,"[771.7864467694756, 113.20069694519043]"
F252013,30,37,0.5,"[747.0163762132559, 142.43237972259521]"
F252013,30,37,0.6,"[753.457599594014, 174.8998830318451]"
F252013,30,37,0.7,"[759.8861787963206, 207.44722890853882]"
F252013,30,37,0.8,"[748.1500031902765, 239.90726351737976]"
F252013,30,37,0.9,"[714.6694513399802, 272.46449613571167]"
F252013,30,37,1.0,"[719.610527137673, 301.95659160614014]"
F252013,30,38,0.01,"[649.6003307898079, 2.8894288539886475]"
F252013,30,38,0.1,"[631.2244858213385, 28.32124924659729]"
F252013,30,38,0.2,"[621.0878273491212, 56.569228410720825]"
F252013,30,38,0.3,"[614.919126884746, 84.76824069023132]"
F252013,30,38,0.4,"[608.7651943471251, 112.92821955680847]"
F252013,30,38,0.5,"[605.9405695335358, 141.08148622512817]"
F252013,30,38,0.6,"[586.9789194427631, 169.17509269714355]"
F252013,30,38,0.7,"[600.64081753339, 197.3204972743988]"
F252013,30,38,0.8,"[596.9901044249461, 225.47435903549194]"
F252013,30,38,0.9,"[576.0642483910021, 253.66146278381348]"
F252013,30,38,1.0,"[568.9263347742167, 281.8040189743042]"
F252013,30,39,0.01,"[1403.7511988126107, 2.8400161266326904]"
F252013,30,39,0.1,"[1223.7802625233498, 28.313779592514038]"
F252013,30,39,0.2,"[1157.1280634770028, 56.59769415855408]"
F252013,30,39,0.3,"[1053.3187562442909, 84.8199999332428]"
F252013,30,39,0.4,"[971.0016551675103, 112.97113871574402]"
F252013,30,39,0.5,"[868.12668678821, 141.1445653438568]"
F252013,30,39,0.6,"[866.3715274025435, 169.28264498710632]"
F252013,30,39,0.7,"[833.8799119322148, 197.45467376708984]"
F252013,30,39,0.8,"[792.015937752436, 225.58206748962402]"
F252013,30,39,0.9,"[777.8472986871711, 253.78751873970032]"
F252013,30,39,1.0,"[752.4764523620827, 281.9512460231781]"
F252013,30,40,0.01,"[914.4245384390154, 2.907965898513794]"
F252013,30,40,0.1,"[866.0854910134904, 28.38284468650818]"
F252013,30,40,0.2,"[845.731466669856, 56.66250467300415]"
F252013,30,40,0.3,"[879.033538664668, 84.89759159088135]"
F252013,30,40,0.4,"[859.1603847574029, 113.06608247756958]"
F252013,30,40,0.5,"[845.7453136258073, 141.19187664985657]"
F252013,30,40,0.6,"[846.7804928485155, 169.2707188129425]"
F252013,30,40,0.7,"[818.3342563819665, 197.42422008514404]"
F252013,30,40,0.8,"[809.7553952111884, 225.57567024230957]"
F252013,30,40,0.9,"[809.048777431944, 253.7727553844452]"
F252013,30,40,1.0,"[807.5613675538129, 281.9374759197235]"
F252013,30,41,0.01,"[560.5732238145888, 2.8618199825286865]"
F252013,30,41,0.1,"[554.1673731458425, 28.28565239906311]"
F252013,30,41,0.2,"[550.7359754156032, 56.533374309539795]"
F252013,30,41,0.3,"[559.5628931668566, 84.73162794113159]"
F252013,30,41,0.4,"[549.772167571718, 112.87103056907654]"
F252013,30,41,0.5,"[545.9304339037817, 140.97632384300232]"
F252013,30,41,0.6,"[523.0998807783278, 169.03249406814575]"
F252013,30,41,0.7,"[524.0230935024217, 197.14922165870667]"
F252013,30,41,0.8,"[512.1392982116349, 225.2727358341217]"
F252013,30,41,0.9,"[511.7768593947303, 253.4412956237793]"
F252013,30,41,1.0,"[503.57712074167875, 281.56293511390686]"
F252013,30,42,0.01,"[773.7116689247418, 2.8657712936401367]"
F252013,30,42,0.1,"[699.0553503844562, 28.346837282180786]"
F252013,30,42,0.2,"[729.8105505894478, 56.63844084739685]"
F252013,30,42,0.3,"[711.7896993792738, 84.87889099121094]"
F252013,30,42,0.4,"[722.2308016722036, 113.04511547088623]"
F252013,30,42,0.5,"[698.6471207162087, 141.21919012069702]"
F252013,30,42,0.6,"[692.5851070240676, 169.33945512771606]"
F252013,30,42,0.7,"[659.9232340033982, 197.51769638061523]"
F252013,30,42,0.8,"[651.3874025880436, 225.66390228271484]"
F252013,30,42,0.9,"[676.3029462561844, 253.85946416854858]"
F252013,30,42,1.0,"[632.1004762997513, 282.0224256515503]"
F252013,30,43,0.01,"[612.6084961173528, 2.863546848297119]"
F252013,30,43,0.1,"[582.4091471458119, 28.27133345603943]"
F252013,30,43,0.2,"[586.9634679730393, 56.48748755455017]"
F252013,30,43,0.3,"[593.0862633398324, 84.67003917694092]"
F252013,30,43,0.4,"[574.1381706692903, 112.76031541824341]"
F252013,30,43,0.5,"[564.4077910753185, 140.83467650413513]"
F252013,30,43,0.6,"[566.8647791748019, 168.88766479492188]"
F252013,30,43,0.7,"[553.6651894180068, 196.97825646400452]"
F252013,30,43,0.8,"[558.281048928046, 225.05553460121155]"
F252013,30,43,0.9,"[540.0777838694812, 253.18492770195007]"
F252013,30,43,1.0,"[545.2957598782839, 281.28853845596313]"
F252013,30,44,0.01,"[1104.561733259121, 2.9102866649627686]"
F252013,30,44,0.1,"[1094.878328916427, 28.323445558547974]"
F252013,30,44,0.2,"[1017.7780581792526, 56.54194974899292]"
F252013,30,44,0.3,"[1024.0342336335589, 84.7177345752716]"
F252013,30,44,0.4,"[1018.9961566516877, 112.85641860961914]"
F252013,30,44,0.5,"[983.6027439952368, 140.98725056648254]"
F252013,30,44,0.6,"[945.1681193048137, 169.06900262832642]"
F252013,30,44,0.7,"[938.2357127729197, 197.19828486442566]"
F252013,30,44,0.8,"[932.9460188022072, 225.3088264465332]"
F252013,30,44,0.9,"[910.2217940766159, 253.44698882102966]"
F252013,30,44,1.0,"[929.0446549625194, 281.5692648887634]"
F252013,30,45,0.01,"[1036.9076639284021, 2.851284980773926]"
F252013,30,45,0.1,"[987.1916697456436, 28.365637063980103]"
F252013,30,45,0.2,"[927.6099602106588, 56.597350120544434]"
F252013,30,45,0.3,"[891.229688749645, 86.30175518989563]"
F252013,30,45,0.4,"[893.2200724900786, 114.4287314414978]"
F252013,30,45,0.5,"[869.5225773017673, 142.54943537712097]"
F252013,30,45,0.6,"[845.9387429818371, 170.6242480278015]"
F252013,30,45,0.7,"[819.457027874455, 198.7337987422943]"
F252013,30,45,0.8,"[799.1632356290329, 226.8187611103058]"
F252013,30,45,0.9,"[791.4541177324745, 254.98215436935425]"
F252013,30,45,1.0,"[795.3357436016781, 283.1086235046387]"
F252013,30,46,0.01,"[1284.5053677573424, 2.8946211338043213]"
F252013,30,46,0.1,"[1237.8789682859388, 28.370537996292114]"
F252013,30,46,0.2,"[1198.2966442812726, 56.563923835754395]"
F252013,30,46,0.3,"[1132.128210640848, 86.20615482330322]"
F252013,30,46,0.4,"[1085.8019812520452, 114.2450475692749]"
F252013,30,46,0.5,"[1078.6448473823057, 142.2780966758728]"
F252013,30,46,0.6,"[1041.1329300549023, 170.26850581169128]"
F252013,30,46,0.7,"[1052.5740917116773, 198.30090379714966]"
F252013,30,46,0.8,"[1016.7061953244529, 226.32131934165955]"
F252013,30,46,0.9,"[969.5654856106248, 254.38543701171875]"
F252013,30,46,1.0,"[985.8634728334414, 282.4033987522125]"
F252013,30,47,0.01,"[1376.50603039639, 2.8937299251556396]"
F252013,30,47,0.1,"[1251.843361749301, 28.37613606452942]"
F252013,30,47,0.2,"[1152.803521108216, 56.675782203674316]"
F252013,30,47,0.3,"[1126.5636337351484, 84.92159271240234]"
F252013,30,47,0.4,"[1038.686933762433, 113.08237910270691]"
F252013,30,47,0.5,"[1005.2886043695707, 141.20272421836853]"
F252013,30,47,0.6,"[934.7967645604213, 169.2804136276245]"
F252013,30,47,0.7,"[910.8619160421299, 197.44411993026733]"
F252013,30,47,0.8,"[881.7039620764383, 225.57031893730164]"
F252013,30,47,0.9,"[837.4604815567293, 253.74906849861145]"
F252013,30,47,1.0,"[878.8551864748506, 281.87797570228577]"
F252013,30,48,0.01,"[1714.8353227236125, 2.8327369689941406]"
F252013,30,48,0.1,"[1598.2286320411272, 28.171866416931152]"
F252013,30,48,0.2,"[1452.1761100815493, 58.27819347381592]"
F252013,30,48,0.3,"[1376.5823797955363, 90.67939448356628]"
F252013,30,48,0.4,"[1281.7132956838823, 123.03965210914612]"
F252013,30,48,0.5,"[1125.0453544294446, 155.43029856681824]"
F252013,30,48,0.6,"[1043.4351146261815, 187.78766202926636]"
F252013,30,48,0.7,"[1020.2197294980188, 220.14791560173035]"
F252013,30,48,0.8,"[923.6736098868596, 252.48691487312317]"
F252013,30,48,0.9,"[938.9601566409174, 284.8484618663788]"
F252013,30,48,1.0,"[897.38047556736, 317.1828968524933]"
F252013,30,49,0.01,"[779.6699171182963, 2.8224129676818848]"
F252013,30,49,0.1,"[758.2793091242572, 28.14556050300598]"
F252013,30,49,0.2,"[749.1220302569318, 56.24628448486328]"
F252013,30,49,0.3,"[742.9643977463343, 84.35455322265625]"
F252013,30,49,0.4,"[729.7375574594489, 112.42389845848083]"
F252013,30,49,0.5,"[729.0752611010157, 140.51532554626465]"
F252013,30,49,0.6,"[682.9035493908834, 168.59216690063477]"
F252013,30,49,0.7,"[681.8828193900504, 196.670973777771]"
F252013,30,49,0.8,"[676.8462961477555, 224.71357464790344]"
F252013,30,49,0.9,"[667.4151983585734, 252.77236914634705]"
F252013,30,49,1.0,"[662.5663506246879, 280.7910506725311]"
F252013,30,50,0.01,"[650.8367274801692, 2.8305442333221436]"
F252013,30,50,0.1,"[663.3200186207387, 28.22689986228943]"
F252013,30,50,0.2,"[649.63723927091, 56.402302265167236]"
F252013,30,50,0.3,"[654.3569629921128, 84.58032965660095]"
F252013,30,50,0.4,"[648.0418837953914, 112.71739768981934]"
F252013,30,50,0.5,"[643.9419697508715, 140.89079594612122]"
F252013,30,50,0.6,"[629.7263245807189, 169.0226845741272]"
F252013,30,50,0.7,"[620.4814589324753, 197.18323612213135]"
F252013,30,50,0.8,"[608.5615632034178, 225.33163619041443]"
F252013,30,50,0.9,"[617.1829509642353, 253.52390480041504]"
F252013,30,50,1.0,"[584.9544026045892, 281.70235228538513]"
F252013,50,0,0.01,"[922.1887380357718, 6.546495676040649]"
F252013,50,0,0.1,"[900.1376722025059, 64.56565499305725]"
F252013,50,0,0.2,"[897.8053485801111, 129.01038002967834]"
F252013,50,0,0.3,"[890.8737170920076, 193.25148606300354]"
F252013,50,0,0.4,"[881.0544353414598, 257.5257074832916]"
F252013,50,0,0.5,"[846.0469290667957, 321.88420605659485]"
F252013,50,0,0.6,"[849.2239741750086, 386.27016139030457]"
F252013,50,0,0.7,"[849.9931149559861, 450.5602340698242]"
F252013,50,0,0.8,"[817.6499823027948, 514.9592773914337]"
F252013,50,0,0.9,"[820.1989608120491, 579.394148349762]"
F252013,50,0,1.0,"[814.8038735457553, 644.1378672122955]"
F252013,50,1,0.01,"[869.636158532893, 6.6617431640625]"
F252013,50,1,0.1,"[851.5764008625524, 64.59810256958008]"
F252013,50,1,0.2,"[859.5481674478124, 129.0844521522522]"
F252013,50,1,0.3,"[835.2693107161608, 194.46707010269165]"
F252013,50,1,0.4,"[814.1494965441011, 259.2482693195343]"
F252013,50,1,0.5,"[831.9695123281022, 323.4332478046417]"
F252013,50,1,0.6,"[821.8610021531244, 387.57901668548584]"
F252013,50,1,0.7,"[816.7464364723817, 451.69263672828674]"
F252013,50,1,0.8,"[827.4518578934203, 515.867436170578]"
F252013,50,1,0.9,"[807.0671896850145, 580.0752499103546]"
F252013,50,1,1.0,"[814.7253732028407, 644.4505455493927]"
F252013,50,2,0.01,"[1266.3719459660783, 6.513765811920166]"
F252013,50,2,0.1,"[1245.5347870513906, 64.48376274108887]"
F252013,50,2,0.2,"[1254.517212534649, 128.97904658317566]"
F252013,50,2,0.3,"[1238.2870790160755, 193.42768907546997]"
F252013,50,2,0.4,"[1175.1406497675134, 257.88098883628845]"
F252013,50,2,0.5,"[1152.7891547518102, 326.48447728157043]"
F252013,50,2,0.6,"[1138.0339053663592, 399.0965793132782]"
F252013,50,2,0.7,"[1106.6248388614163, 471.78118872642517]"
F252013,50,2,0.8,"[1076.526398373372, 544.5391416549683]"
F252013,50,2,0.9,"[1078.025804026276, 617.2462642192841]"
F252013,50,2,1.0,"[1090.7675297761743, 682.7438719272614]"
F252013,50,3,0.01,"[1149.132885105003, 6.4947569370269775]"
F252013,50,3,0.1,"[1100.673628331936, 64.25436615943909]"
F252013,50,3,0.2,"[1076.3092192281856, 128.50200390815735]"
F252013,50,3,0.3,"[1042.914361424991, 192.63578629493713]"
F252013,50,3,0.4,"[1000.9804282605155, 256.8427391052246]"
F252013,50,3,0.5,"[985.7040369531755, 321.0520279407501]"
F252013,50,3,0.6,"[970.2982583148091, 385.2870924472809]"
F252013,50,3,0.7,"[969.4288983002052, 449.1688380241394]"
F252013,50,3,0.8,"[941.8527316800396, 513.0436267852783]"
F252013,50,3,0.9,"[948.9617312055393, 577.007185459137]"
F252013,50,3,1.0,"[935.5166850972464, 641.1767344474792]"
F252013,50,4,0.01,"[1428.6542751318025, 6.513951778411865]"
F252013,50,4,0.1,"[1330.9382547798168, 64.57187747955322]"
F252013,50,4,0.2,"[1349.0443109532107, 129.14651203155518]"
F252013,50,4,0.3,"[1340.8617849588745, 193.62811493873596]"
F252013,50,4,0.4,"[1385.769547225903, 258.1544985771179]"
F252013,50,4,0.5,"[1306.5286035885292, 322.71212577819824]"
F252013,50,4,0.6,"[1283.9738847399476, 387.2628803253174]"
F252013,50,4,0.7,"[1292.9273814234812, 451.7187600135803]"
F252013,50,4,0.8,"[1265.251700677175, 516.2418622970581]"
F252013,50,4,0.9,"[1301.625061796246, 580.6079876422882]"
F252013,50,4,1.0,"[1248.0846542133395, 645.1402649879456]"
F252013,50,5,0.01,"[1007.4200335481887, 6.588296175003052]"
F252013,50,5,0.1,"[1014.8603889274459, 64.49986839294434]"
F252013,50,5,0.2,"[1019.885272419057, 128.92330384254456]"
F252013,50,5,0.3,"[1010.00156010812, 193.26724696159363]"
F252013,50,5,0.4,"[993.7219065679228, 257.68519163131714]"
F252013,50,5,0.5,"[983.5516255006705, 322.0461859703064]"
F252013,50,5,0.6,"[967.0039574807943, 386.43704104423523]"
F252013,50,5,0.7,"[948.8021572463285, 450.72982358932495]"
F252013,50,5,0.8,"[924.5744454739895, 515.101226568222]"
F252013,50,5,0.9,"[913.5590567453673, 579.6123666763306]"
F252013,50,5,1.0,"[920.3104461255889, 644.265787601471]"
F252013,50,6,0.01,"[1605.9899412356663, 6.693825960159302]"
F252013,50,6,0.1,"[1540.4607596881724, 64.68644905090332]"
F252013,50,6,0.2,"[1451.5185431449304, 129.17748069763184]"
F252013,50,6,0.3,"[1421.5764374460414, 193.5969259738922]"
F252013,50,6,0.4,"[1355.9771808362457, 258.0777039527893]"
F252013,50,6,0.5,"[1338.7978701070324, 322.5682291984558]"
F252013,50,6,0.6,"[1294.3089985358552, 387.1086013317108]"
F252013,50,6,0.7,"[1256.5105444445198, 451.5846619606018]"
F252013,50,6,0.8,"[1206.0319195789534, 516.0987622737885]"
F252013,50,6,0.9,"[1165.7811100801891, 580.6381230354309]"
F252013,50,6,1.0,"[1123.1385211914944, 645.3777306079865]"
F252013,50,7,0.01,"[1299.2011333419978, 6.627826690673828]"
F252013,50,7,0.1,"[1250.461476654451, 64.64505219459534]"
F252013,50,7,0.2,"[1164.7265834621908, 129.08113765716553]"
F252013,50,7,0.3,"[1142.7330311331407, 193.46026730537415]"
F252013,50,7,0.4,"[1130.0461493286375, 257.8817412853241]"
F252013,50,7,0.5,"[1104.7388527291237, 322.3815658092499]"
F252013,50,7,0.6,"[1041.8180514542723, 386.8510220050812]"
F252013,50,7,0.7,"[1027.585149552242, 451.25116443634033]"
F252013,50,7,0.8,"[1013.880938561796, 515.7380073070526]"
F252013,50,7,0.9,"[1025.8474864279333, 580.2830092906952]"
F252013,50,7,1.0,"[1016.1456782194559, 644.9719619750977]"
F252013,50,8,0.01,"[891.0479545066457, 6.495949029922485]"
F252013,50,8,0.1,"[885.5252369757377, 64.42353796958923]"
F252013,50,8,0.2,"[885.8165222064513, 128.87101554870605]"
F252013,50,8,0.3,"[852.8900169902429, 193.22155690193176]"
F252013,50,8,0.4,"[852.4843837614262, 257.6246962547302]"
F252013,50,8,0.5,"[832.0120931283291, 322.05144929885864]"
F252013,50,8,0.6,"[834.7212818375988, 386.493124961853]"
F252013,50,8,0.7,"[812.1463773395285, 450.84218549728394]"
F252013,50,8,0.8,"[826.663520177789, 515.2568933963776]"
F252013,50,8,0.9,"[824.3514782128368, 579.7035043239594]"
F252013,50,8,1.0,"[793.7310653792067, 644.4229936599731]"
F252013,50,9,0.01,"[856.9396108025007, 6.518840551376343]"
F252013,50,9,0.1,"[843.1498953032096, 64.59273743629456]"
F252013,50,9,0.2,"[838.0328763861521, 129.18928337097168]"
F252013,50,9,0.3,"[840.5784063381425, 193.73724174499512]"
F252013,50,9,0.4,"[843.4915935416661, 258.33804988861084]"
F252013,50,9,0.5,"[859.2279640445663, 322.82137084007263]"
F252013,50,9,0.6,"[841.412897048469, 387.2895245552063]"
F252013,50,9,0.7,"[818.4597822986048, 451.665420293808]"
F252013,50,9,0.8,"[810.0911997539961, 516.1167588233948]"
F252013,50,9,0.9,"[803.0971503446985, 580.58185338974]"
F252013,50,9,1.0,"[800.4566364732746, 646.383556842804]"
F252013,50,10,0.01,"[756.7729454996997, 6.473564386367798]"
F252013,50,10,0.1,"[742.0334606106467, 64.14151692390442]"
F252013,50,10,0.2,"[767.576840592933, 128.29970407485962]"
F252013,50,10,0.3,"[773.6990970211259, 192.33600425720215]"
F252013,50,10,0.4,"[779.6648034264042, 256.41218090057373]"
F252013,50,10,0.5,"[793.9915105590546, 320.5425717830658]"
F252013,50,10,0.6,"[781.3761290272255, 384.69786286354065]"
F252013,50,10,0.7,"[757.7806329609764, 448.7821021080017]"
F252013,50,10,0.8,"[744.1971010646362, 512.9708371162415]"
F252013,50,10,0.9,"[768.3704197929433, 577.2025737762451]"
F252013,50,10,1.0,"[768.2680532769457, 641.6539688110352]"
F252013,50,11,0.01,"[969.1798274755479, 6.499698877334595]"
F252013,50,11,0.1,"[948.0704627146702, 64.44940304756165]"
F252013,50,11,0.2,"[928.1539209703658, 128.90674877166748]"
F252013,50,11,0.3,"[927.1637603123227, 193.31841230392456]"
F252013,50,11,0.4,"[930.061534351292, 257.80222749710083]"
F252013,50,11,0.5,"[911.2001420591364, 322.38469982147217]"
F252013,50,11,0.6,"[918.5534226900936, 387.0659210681915]"
F252013,50,11,0.7,"[899.4152451681202, 451.6913721561432]"
F252013,50,11,0.8,"[886.5150637379804, 516.3674557209015]"
F252013,50,11,0.9,"[887.4751223768924, 581.038106918335]"
F252013,50,11,1.0,"[872.5024626828781, 645.8148853778839]"
F252013,50,12,0.01,"[802.376593656616, 6.5257673263549805]"
F252013,50,12,0.1,"[758.7319078844739, 64.49947690963745]"
F252013,50,12,0.2,"[751.2266835976764, 135.6146993637085]"
F252013,50,12,0.3,"[747.909239007708, 200.60844349861145]"
F252013,50,12,0.4,"[747.9842390950887, 265.14253330230713]"
F252013,50,12,0.5,"[746.4424907238663, 329.61542797088623]"
F252013,50,12,0.6,"[758.7589090599638, 394.11251997947693]"
F252013,50,12,0.7,"[737.52176182417, 458.58621740341187]"
F252013,50,12,0.8,"[727.9405891700524, 523.1389775276184]"
F252013,50,12,0.9,"[725.5288963762798, 587.7181854248047]"
F252013,50,12,1.0,"[720.8037793755302, 652.5287051200867]"
F252013,50,13,0.01,"[950.7595226825215, 6.507965087890625]"
F252013,50,13,0.1,"[925.4889954876555, 64.52052474021912]"
F252013,50,13,0.2,"[899.6896684163444, 129.04077816009521]"
F252013,50,13,0.3,"[864.2947639848185, 193.51539611816406]"
F252013,50,13,0.4,"[862.7204681802609, 258.1563036441803]"
F252013,50,13,0.5,"[857.2539425671616, 322.7078652381897]"
F252013,50,13,0.6,"[836.0288446405311, 387.3156373500824]"
F252013,50,13,0.7,"[844.3650350093333, 451.7731339931488]"
F252013,50,13,0.8,"[828.3476459571557, 516.2933824062347]"
F252013,50,13,0.9,"[831.4747702424361, 580.8181552886963]"
F252013,50,13,1.0,"[814.0000740394557, 645.7019951343536]"
F252013,50,14,0.01,"[848.5776218065953, 6.519212245941162]"
F252013,50,14,0.1,"[874.1015549638728, 64.19114398956299]"
F252013,50,14,0.2,"[877.4195466331032, 128.32967615127563]"
F252013,50,14,0.3,"[878.5033333995484, 192.409241437912]"
F252013,50,14,0.4,"[886.5177563978573, 256.56520080566406]"
F252013,50,14,0.5,"[887.2928179551682, 320.6974387168884]"
F252013,50,14,0.6,"[852.4681345668228, 384.93385314941406]"
F252013,50,14,0.7,"[872.472054239136, 449.0639684200287]"
F252013,50,14,0.8,"[877.7512639096308, 513.2254166603088]"
F252013,50,14,0.9,"[867.8130030558104, 577.3277115821838]"
F252013,50,14,1.0,"[866.5670861736571, 641.6694447994232]"
F252013,50,15,0.01,"[1242.7741315988696, 6.540360927581787]"
F252013,50,15,0.1,"[1214.1782436247981, 64.49241828918457]"
F252013,50,15,0.2,"[1179.1855372899772, 129.01832103729248]"
F252013,50,15,0.3,"[1166.9124853319, 193.42468118667603]"
F252013,50,15,0.4,"[1150.7382807695353, 257.857369184494]"
F252013,50,15,0.5,"[1143.9288492153873, 322.3175880908966]"
F252013,50,15,0.6,"[1115.2830468835891, 386.75275802612305]"
F252013,50,15,0.7,"[1095.0113924674488, 451.11295771598816]"
F252013,50,15,0.8,"[1102.8767956603465, 515.6175060272217]"
F252013,50,15,0.9,"[1074.0234587200862, 580.1653351783752]"
F252013,50,15,1.0,"[1059.1202492633565, 644.9418997764587]"
F252013,50,16,0.01,"[880.7385643302612, 6.511093616485596]"
F252013,50,16,0.1,"[845.6293446748439, 64.12590384483337]"
F252013,50,16,0.2,"[851.1994505971345, 128.20702838897705]"
F252013,50,16,0.3,"[841.3477175199769, 192.22848081588745]"
F252013,50,16,0.4,"[835.0465081175387, 264.008291721344]"
F252013,50,16,0.5,"[825.2049976293565, 331.0395917892456]"
F252013,50,16,0.6,"[822.6767110024196, 395.139954328537]"
F252013,50,16,0.7,"[810.9821541452143, 459.18170642852783]"
F252013,50,16,0.8,"[836.0686357144305, 523.2786314487457]"
F252013,50,16,0.9,"[812.0547989322727, 587.4133553504944]"
F252013,50,16,1.0,"[820.364319180971, 651.8006715774536]"
F252013,50,17,0.01,"[1530.932101140057, 6.526049375534058]"
F252013,50,17,0.1,"[1459.92622554414, 64.61984372138977]"
F252013,50,17,0.2,"[1418.8934197104036, 129.21934962272644]"
F252013,50,17,0.3,"[1364.5170685599478, 193.72411251068115]"
F252013,50,17,0.4,"[1338.3125474997532, 258.315171957016]"
F252013,50,17,0.5,"[1346.686730541991, 323.17706322669983]"
F252013,50,17,0.6,"[1331.4954357959987, 387.828191280365]"
F252013,50,17,0.7,"[1309.0936258190109, 452.37219524383545]"
F252013,50,17,0.8,"[1305.5867242109625, 517.0192482471466]"
F252013,50,17,0.9,"[1293.2236325328622, 581.699004650116]"
F252013,50,17,1.0,"[1282.4415509248865, 647.4651944637299]"
F252013,50,18,0.01,"[2819.3724381873467, 6.516496419906616]"
F252013,50,18,0.1,"[2636.994190892644, 64.58315563201904]"
F252013,50,18,0.2,"[2502.0474363618146, 129.16693258285522]"
F252013,50,18,0.3,"[2360.582695150132, 193.66913270950317]"
F252013,50,18,0.4,"[2143.411606784849, 258.22107696533203]"
F252013,50,18,0.5,"[1998.09636829275, 322.82201313972473]"
F252013,50,18,0.6,"[1771.0336751468685, 387.3679976463318]"
F252013,50,18,0.7,"[1577.067860978712, 451.84485936164856]"
F252013,50,18,0.8,"[1446.1760194277663, 516.4183180332184]"
F252013,50,18,0.9,"[1420.7899853713684, 581.0198917388916]"
F252013,50,18,1.0,"[1344.5477474899494, 645.8638136386871]"
F252013,50,19,0.01,"[1273.6997361265248, 6.555483102798462]"
F252013,50,19,0.1,"[1228.916432294664, 64.32608819007874]"
F252013,50,19,0.2,"[1210.4496481239066, 128.59965133666992]"
F252013,50,19,0.3,"[1204.632841480783, 198.32282304763794]"
F252013,50,19,0.4,"[1221.0898251300855, 262.6739022731781]"
F252013,50,19,0.5,"[1192.5387449800473, 326.9300925731659]"
F252013,50,19,0.6,"[1141.1240754587038, 391.26017689704895]"
F252013,50,19,0.7,"[1136.8083308227579, 455.4976601600647]"
F252013,50,19,0.8,"[1122.2116497570628, 519.83047747612]"
F252013,50,19,0.9,"[1105.3491681506084, 584.115730047226]"
F252013,50,19,1.0,"[1108.502436283874, 650.9775958061218]"
F252013,50,20,0.01,"[2194.000957616348, 6.488259315490723]"
F252013,50,20,0.1,"[2110.216108467879, 64.34193849563599]"
F252013,50,20,0.2,"[2040.1995006530897, 128.68468594551086]"
F252013,50,20,0.3,"[1941.3663474150244, 192.98668265342712]"
F252013,50,20,0.4,"[1826.699316519147, 257.35605216026306]"
F252013,50,20,0.5,"[1833.6065873995249, 321.6733889579773]"
F252013,50,20,0.6,"[1788.0203963499744, 385.9977796077728]"
F252013,50,20,0.7,"[1734.8750526766753, 450.25648283958435]"
F252013,50,20,0.8,"[1710.9340486484175, 514.5915403366089]"
F252013,50,20,0.9,"[1637.1932927385383, 578.9278657436371]"
F252013,50,20,1.0,"[1629.0801461374667, 643.4746747016907]"
F252013,50,21,0.01,"[1094.4802034358963, 6.506401777267456]"
F252013,50,21,0.1,"[1048.9348919593804, 64.46048831939697]"
F252013,50,21,0.2,"[1071.9883217184015, 128.8760850429535]"
F252013,50,21,0.3,"[1048.401031421562, 193.27873516082764]"
F252013,50,21,0.4,"[1015.2505461261212, 257.7254981994629]"
F252013,50,21,0.5,"[1016.7391499214514, 322.1628415584564]"
F252013,50,21,0.6,"[1029.5331030203029, 386.6337819099426]"
F252013,50,21,0.7,"[1004.2079587765807, 451.0492424964905]"
F252013,50,21,0.8,"[973.0549599752344, 515.5259039402008]"
F252013,50,21,0.9,"[966.2601593704699, 579.9954838752747]"
F252013,50,21,1.0,"[932.801557104423, 644.7758483886719]"
F252013,50,22,0.01,"[1108.6681117704475, 6.605829954147339]"
F252013,50,22,0.1,"[1093.695025763962, 64.82200455665588]"
F252013,50,22,0.2,"[1061.1968311503088, 129.4977831840515]"
F252013,50,22,0.3,"[1071.2739382062045, 194.13161897659302]"
F252013,50,22,0.4,"[1035.3182161028126, 258.84218096733093]"
F252013,50,22,0.5,"[1005.7372433519586, 323.4883670806885]"
F252013,50,22,0.6,"[987.4440041826806, 388.1203992366791]"
F252013,50,22,0.7,"[950.7267040755287, 452.66456151008606]"
F252013,50,22,0.8,"[954.1226688532824, 517.2860147953033]"
F252013,50,22,0.9,"[952.0979834952605, 581.9145557880402]"
F252013,50,22,1.0,"[963.5540409273963, 646.7808134555817]"
F252013,50,23,0.01,"[1188.2252983248031, 6.467900037765503]"
F252013,50,23,0.1,"[1184.5282814764105, 64.18260288238525]"
F252013,50,23,0.2,"[1160.935248241235, 128.36000084877014]"
F252013,50,23,0.3,"[1165.6009342846837, 192.50242710113525]"
F252013,50,23,0.4,"[1115.7032988833726, 256.7092707157135]"
F252013,50,23,0.5,"[1095.365730057113, 320.89101123809814]"
F252013,50,23,0.6,"[1120.8682278175056, 385.15826988220215]"
F252013,50,23,0.7,"[1084.6532415715415, 449.39630818367004]"
F252013,50,23,0.8,"[1032.3681412314772, 513.6186821460724]"
F252013,50,23,0.9,"[1025.4337669737556, 577.8376517295837]"
F252013,50,23,1.0,"[1024.6388203857523, 642.2467205524445]"
F252013,50,24,0.01,"[1194.9464375999387, 6.507034063339233]"
F252013,50,24,0.1,"[1196.0444233714425, 64.52788066864014]"
F252013,50,24,0.2,"[1112.5066964418988, 129.0224471092224]"
F252013,50,24,0.3,"[1070.0253703316248, 193.47132778167725]"
F252013,50,24,0.4,"[1045.7079896078885, 258.00070667266846]"
F252013,50,24,0.5,"[1038.5172338456096, 322.5127761363983]"
F252013,50,24,0.6,"[1008.0617815096389, 387.04113507270813]"
F252013,50,24,0.7,"[976.4907867412358, 451.50346064567566]"
F252013,50,24,0.8,"[978.9344233472593, 516.0259823799133]"
F252013,50,24,0.9,"[951.5802857744598, 580.5713675022125]"
F252013,50,24,1.0,"[917.3313560041945, 645.3242878913879]"
F252013,50,25,0.01,"[824.1618558485766, 6.511652708053589]"
F252013,50,25,0.1,"[811.2915742471707, 64.56348586082458]"
F252013,50,25,0.2,"[809.562032578161, 129.12528777122498]"
F252013,50,25,0.3,"[809.5881556733552, 193.6587691307068]"
F252013,50,25,0.4,"[816.7933809360361, 258.2279477119446]"
F252013,50,25,0.5,"[808.8153605607458, 322.774968624115]"
F252013,50,25,0.6,"[793.957157828441, 387.36589002609253]"
F252013,50,25,0.7,"[792.2845365285816, 451.89662432670593]"
F252013,50,25,0.8,"[797.8098433009136, 516.5108218193054]"
F252013,50,25,0.9,"[771.752016239398, 581.1331369876862]"
F252013,50,25,1.0,"[767.3645203237395, 646.0755090713501]"
F252013,50,26,0.01,"[1337.8322209751318, 6.494558572769165]"
F252013,50,26,0.1,"[1285.603800860128, 64.39464592933655]"
F252013,50,26,0.2,"[1290.3841284387618, 128.76491141319275]"
F252013,50,26,0.3,"[1280.0364426855676, 193.08667659759521]"
F252013,50,26,0.4,"[1283.0958481201678, 257.4712884426117]"
F252013,50,26,0.5,"[1215.0215537231752, 321.8526074886322]"
F252013,50,26,0.6,"[1206.4730367838429, 386.2866952419281]"
F252013,50,26,0.7,"[1186.0422240440416, 450.6287491321564]"
F252013,50,26,0.8,"[1156.1772416369054, 515.0661225318909]"
F252013,50,26,0.9,"[1126.6077004441877, 579.5074043273926]"
F252013,50,26,1.0,"[1105.7783008102256, 644.6169364452362]"
F252013,50,27,0.01,"[1568.5126253815342, 6.492834091186523]"
F252013,50,27,0.1,"[1479.2265440704514, 64.36249113082886]"
F252013,50,27,0.2,"[1348.7778148993852, 128.78874969482422]"
F252013,50,27,0.3,"[1333.4095755447443, 193.13012957572937]"
F252013,50,27,0.4,"[1230.9529493679875, 257.45668506622314]"
F252013,50,27,0.5,"[1180.6801060347639, 321.7746708393097]"
F252013,50,27,0.6,"[1151.2199039201837, 386.1575930118561]"
F252013,50,27,0.7,"[1147.654219235078, 450.54690885543823]"
F252013,50,27,0.8,"[1103.9812144302714, 514.9520072937012]"
F252013,50,27,0.9,"[1070.7990530341976, 579.3895795345306]"
F252013,50,27,1.0,"[1048.7568635854368, 644.0569314956665]"
F252013,50,28,0.01,"[2320.908548032268, 6.489803314208984]"
F252013,50,28,0.1,"[2138.797966485176, 64.36132574081421]"
F252013,50,28,0.2,"[2019.3338581423077, 128.70930576324463]"
F252013,50,28,0.3,"[1882.887961132304, 193.0310022830963]"
F252013,50,28,0.4,"[1853.7327099244158, 257.4206314086914]"
F252013,50,28,0.5,"[1738.9144786517732, 321.7893211841583]"
F252013,50,28,0.6,"[1723.2424696369721, 386.22082591056824]"
F252013,50,28,0.7,"[1666.3840485074616, 450.58672642707825]"
F252013,50,28,0.8,"[1611.1689812283485, 514.9622323513031]"
F252013,50,28,0.9,"[1529.3461269112622, 579.3353703022003]"
F252013,50,28,1.0,"[1484.7965923120923, 643.9196491241455]"
F252013,50,29,0.01,"[951.5741024245281, 6.516345500946045]"
F252013,50,29,0.1,"[923.5773690214523, 64.3628282546997]"
F252013,50,29,0.2,"[928.7946634547943, 128.68478870391846]"
F252013,50,29,0.3,"[935.5976428978865, 192.94758486747742]"
F252013,50,29,0.4,"[927.0893828066835, 257.23249983787537]"
F252013,50,29,0.5,"[914.3357361965159, 321.5549883842468]"
F252013,50,29,0.6,"[893.5951614228984, 385.8204810619354]"
F252013,50,29,0.7,"[890.0285246542094, 450.0389657020569]"
F252013,50,29,0.8,"[878.0183319657535, 514.3363888263702]"
F252013,50,29,0.9,"[848.6220906978037, 578.6587736606598]"
F252013,50,29,1.0,"[854.7524942245748, 643.3175945281982]"
F252013,50,30,0.01,"[1711.3385380225, 6.573477268218994]"
F252013,50,30,0.1,"[1630.1827360653938, 64.70592737197876]"
F252013,50,30,0.2,"[1554.0945435788472, 129.33110761642456]"
F252013,50,30,0.3,"[1525.7104875925434, 193.89359426498413]"
F252013,50,30,0.4,"[1450.5363668049476, 258.5572247505188]"
F252013,50,30,0.5,"[1382.128136043426, 323.32665157318115]"
F252013,50,30,0.6,"[1370.3920976052327, 388.0236659049988]"
F252013,50,30,0.7,"[1337.5684743666543, 452.67136096954346]"
F252013,50,30,0.8,"[1281.7310475663066, 517.3645794391632]"
F252013,50,30,0.9,"[1251.8126413867367, 582.0527408123016]"
F252013,50,30,1.0,"[1249.6723696640547, 647.0092997550964]"
F252013,50,31,0.01,"[1933.1425707958188, 6.5370612144470215]"
F252013,50,31,0.1,"[1824.886922629862, 64.40302467346191]"
F252013,50,31,0.2,"[1669.2199625977046, 128.77755641937256]"
F252013,50,31,0.3,"[1562.069665741159, 193.10208535194397]"
F252013,50,31,0.4,"[1494.6300087536456, 257.4824059009552]"
F252013,50,31,0.5,"[1412.8817055243098, 321.8465564250946]"
F252013,50,31,0.6,"[1324.6105747683891, 386.2608997821808]"
F252013,50,31,0.7,"[1294.02133509359, 450.59562611579895]"
F252013,50,31,0.8,"[1248.031259456177, 514.9814043045044]"
F252013,50,31,0.9,"[1227.6856479655871, 579.3882174491882]"
F252013,50,31,1.0,"[1205.5468451295756, 643.9988803863525]"
F252013,50,32,0.01,"[1402.6755792557447, 6.50030255317688]"
F252013,50,32,0.1,"[1358.4285711151551, 64.30173707008362]"
F252013,50,32,0.2,"[1372.0892949376757, 128.60932159423828]"
F252013,50,32,0.3,"[1308.2643700378435, 192.87713742256165]"
F252013,50,32,0.4,"[1303.472740039385, 257.18476581573486]"
F252013,50,32,0.5,"[1274.1720356927099, 321.5021331310272]"
F252013,50,32,0.6,"[1249.697314306416, 385.8692388534546]"
F252013,50,32,0.7,"[1214.7336693368584, 450.1790511608124]"
F252013,50,32,0.8,"[1178.0427287149887, 514.6910462379456]"
F252013,50,32,0.9,"[1137.987278079173, 579.0658278465271]"
F252013,50,32,1.0,"[1122.8263226091449, 643.6760437488556]"
F252013,50,33,0.01,"[1625.6031287782398, 6.476144313812256]"
F252013,50,33,0.1,"[1567.1390645955134, 64.16668367385864]"
F252013,50,33,0.2,"[1519.1321160429275, 128.31921291351318]"
F252013,50,33,0.3,"[1466.367190430566, 192.38065147399902]"
F252013,50,33,0.4,"[1389.2428370511452, 256.52100372314453]"
F252013,50,33,0.5,"[1359.4062247711418, 320.65441393852234]"
F252013,50,33,0.6,"[1310.5262037447992, 384.85220766067505]"
F252013,50,33,0.7,"[1289.6416342221983, 448.91950511932373]"
F252013,50,33,0.8,"[1255.8887898865369, 513.0829215049744]"
F252013,50,33,0.9,"[1265.0105163169178, 577.3161664009094]"
F252013,50,33,1.0,"[1207.4021939118547, 641.79256772995]"
F252013,50,34,0.01,"[2282.8729461115463, 6.555282354354858]"
F252013,50,34,0.1,"[2030.4386014340962, 64.38357877731323]"
F252013,50,34,0.2,"[1914.6148276848062, 128.65720915794373]"
F252013,50,34,0.3,"[1763.9126697253791, 192.87095165252686]"
F252013,50,34,0.4,"[1725.3544388702435, 257.20516300201416]"
F252013,50,34,0.5,"[1680.4848808892675, 321.50273966789246]"
F252013,50,34,0.6,"[1599.1113626504566, 385.83140683174133]"
F252013,50,34,0.7,"[1544.20644041369, 450.0791893005371]"
F252013,50,34,0.8,"[1528.9181990332586, 514.4536347389221]"
F252013,50,34,0.9,"[1485.3451469009606, 578.880649805069]"
F252013,50,34,1.0,"[1484.730737713708, 643.5195870399475]"
F252013,50,35,0.01,"[1159.737903254735, 6.489252090454102]"
F252013,50,35,0.1,"[1115.9409718715697, 64.31110000610352]"
F252013,50,35,0.2,"[1077.369638733633, 128.71413445472717]"
F252013,50,35,0.3,"[1071.8337377252492, 192.98566102981567]"
F252013,50,35,0.4,"[1090.125560370339, 257.28848671913147]"
F252013,50,35,0.5,"[1063.9724704020973, 321.56318521499634]"
F252013,50,35,0.6,"[1074.2021555106535, 385.85626196861267]"
F252013,50,35,0.7,"[1023.6869528403499, 450.0991630554199]"
F252013,50,35,0.8,"[1004.0388229827954, 514.4766800403595]"
F252013,50,35,0.9,"[1014.5967762239443, 578.9871146678925]"
F252013,50,35,1.0,"[1013.3353819686322, 643.6206715106964]"
F252013,50,36,0.01,"[1137.0794149743087, 6.508368968963623]"
F252013,50,36,0.1,"[1080.834930650497, 64.57253813743591]"
F252013,50,36,0.2,"[1030.4798048547432, 129.1207194328308]"
F252013,50,36,0.3,"[987.5945968581032, 193.60507321357727]"
F252013,50,36,0.4,"[979.3310116350276, 258.15795493125916]"
F252013,50,36,0.5,"[969.8513565356448, 322.6869921684265]"
F252013,50,36,0.6,"[972.2587284941355, 387.25695514678955]"
F252013,50,36,0.7,"[943.7076002070273, 451.7652885913849]"
F252013,50,36,0.8,"[933.7408643375654, 516.3414416313171]"
F252013,50,36,0.9,"[922.8276100775015, 580.9605669975281]"
F252013,50,36,1.0,"[899.4511892146222, 645.8108479976654]"
F252013,50,37,0.01,"[1234.6074974193261, 6.500808000564575]"
F252013,50,37,0.1,"[1175.38872720159, 64.4146900177002]"
F252013,50,37,0.2,"[1156.7732583571546, 128.79551005363464]"
F252013,50,37,0.3,"[1089.9716531444355, 193.16515254974365]"
F252013,50,37,0.4,"[1089.8969194729998, 257.5854661464691]"
F252013,50,37,0.5,"[1063.7226010468262, 321.97809410095215]"
F252013,50,37,0.6,"[1051.1234382880812, 386.4442868232727]"
F252013,50,37,0.7,"[1015.8609365090733, 450.78851413726807]"
F252013,50,37,0.8,"[1016.9246583209051, 515.2654395103455]"
F252013,50,37,0.9,"[992.8513767595523, 579.7441394329071]"
F252013,50,37,1.0,"[968.3452560007922, 644.4549300670624]"
F252013,50,38,0.01,"[1366.213497014437, 6.4875452518463135]"
F252013,50,38,0.1,"[1302.9018091090265, 64.27910375595093]"
F252013,50,38,0.2,"[1307.8723593003806, 128.55646395683289]"
F252013,50,38,0.3,"[1311.4575499759017, 192.8297984600067]"
F252013,50,38,0.4,"[1292.149019873962, 257.1103980541229]"
F252013,50,38,0.5,"[1268.5987899670563, 321.33599948883057]"
F252013,50,38,0.6,"[1265.8867147762826, 385.61655712127686]"
F252013,50,38,0.7,"[1266.0499374405936, 449.8123495578766]"
F252013,50,38,0.8,"[1240.3604167024155, 514.0867218971252]"
F252013,50,38,0.9,"[1225.5625536279304, 578.3577890396118]"
F252013,50,38,1.0,"[1242.969395683791, 642.8325629234314]"
F252013,50,39,0.01,"[1593.2888404660075, 6.493268013000488]"
F252013,50,39,0.1,"[1510.9094771230884, 64.32567000389099]"
F252013,50,39,0.2,"[1421.817535048498, 128.64908576011658]"
F252013,50,39,0.3,"[1391.751439502968, 192.87281608581543]"
F252013,50,39,0.4,"[1299.9055955387166, 257.1673376560211]"
F252013,50,39,0.5,"[1234.3097907384754, 321.4396848678589]"
F252013,50,39,0.6,"[1178.911387209463, 385.7275450229645]"
F252013,50,39,0.7,"[1191.9199070771565, 449.9555492401123]"
F252013,50,39,0.8,"[1186.6844674177237, 514.229957818985]"
F252013,50,39,0.9,"[1180.6252195484758, 578.5460376739502]"
F252013,50,39,1.0,"[1164.5761599864127, 643.1091148853302]"
F252013,50,40,0.01,"[1182.0812200791856, 6.643080711364746]"
F252013,50,40,0.1,"[1156.8955245704992, 64.43386125564575]"
F252013,50,40,0.2,"[1116.2548160623655, 128.70710825920105]"
F252013,50,40,0.3,"[1068.5503409497146, 192.92285132408142]"
F252013,50,40,0.4,"[1042.7481410504747, 257.1826148033142]"
F252013,50,40,0.5,"[1008.0360352615426, 321.485778093338]"
F252013,50,40,0.6,"[1001.1152734014331, 385.898686170578]"
F252013,50,40,0.7,"[992.1418033353752, 450.1305458545685]"
F252013,50,40,0.8,"[979.051693658485, 514.4352426528931]"
F252013,50,40,0.9,"[934.0902578134046, 578.7589268684387]"
F252013,50,40,1.0,"[909.0672235326574, 643.3393530845642]"
F252013,50,41,0.01,"[902.4146450245676, 6.66451358795166]"
F252013,50,41,0.1,"[909.785209198506, 64.5829668045044]"
F252013,50,41,0.2,"[917.9178195379013, 128.98779153823853]"
F252013,50,41,0.3,"[899.2105167705668, 193.3313751220703]"
F252013,50,41,0.4,"[880.2410420131359, 257.75016498565674]"
F252013,50,41,0.5,"[889.9878144324157, 322.17993903160095]"
F252013,50,41,0.6,"[870.7572377317888, 386.62140130996704]"
F252013,50,41,0.7,"[850.2886405882159, 450.97853422164917]"
F252013,50,41,0.8,"[824.3199782124868, 515.4079279899597]"
F252013,50,41,0.9,"[814.1756270242383, 579.8371303081512]"
F252013,50,41,1.0,"[828.8790992481067, 644.5540957450867]"
F252013,50,42,0.01,"[1664.2367138975897, 6.506673574447632]"
F252013,50,42,0.1,"[1644.5773352605602, 64.5121397972107]"
F252013,50,42,0.2,"[1576.9640314535072, 128.99962067604065]"
F252013,50,42,0.3,"[1506.6223104615874, 193.4375114440918]"
F252013,50,42,0.4,"[1456.1196775499002, 257.9692552089691]"
F252013,50,42,0.5,"[1415.0349232206595, 322.50954413414]"
F252013,50,42,0.6,"[1381.6882249093733, 387.02220034599304]"
F252013,50,42,0.7,"[1345.7581583258998, 451.4820988178253]"
F252013,50,42,0.8,"[1285.06551295611, 515.9966444969177]"
F252013,50,42,0.9,"[1254.714329805901, 580.5361657142639]"
F252013,50,42,1.0,"[1215.972222951791, 646.968385219574]"
F252013,50,43,0.01,"[903.706692054624, 6.5184407234191895]"
F252013,50,43,0.1,"[898.5192372913457, 64.58512783050537]"
F252013,50,43,0.2,"[923.7970323748173, 129.17884230613708]"
F252013,50,43,0.3,"[891.602895179783, 193.6933252811432]"
F252013,50,43,0.4,"[869.3148759167022, 258.2859880924225]"
F252013,50,43,0.5,"[851.587358195598, 322.88131070137024]"
F252013,50,43,0.6,"[851.7056143146556, 387.480765581131]"
F252013,50,43,0.7,"[851.7473738744266, 452.0073974132538]"
F252013,50,43,0.8,"[833.1070668389091, 516.5895953178406]"
F252013,50,43,0.9,"[832.717088960464, 581.1817836761475]"
F252013,50,43,1.0,"[844.6310346883895, 646.0545508861542]"
F252013,50,44,0.01,"[1821.042786601046, 6.506869077682495]"
F252013,50,44,0.1,"[1692.4724569634382, 64.47783994674683]"
F252013,50,44,0.2,"[1661.8206621022237, 128.92881107330322]"
F252013,50,44,0.3,"[1608.2063525348794, 193.29356908798218]"
F252013,50,44,0.4,"[1525.961691240639, 257.7297525405884]"
F252013,50,44,0.5,"[1513.0456237752705, 322.16445088386536]"
F252013,50,44,0.6,"[1552.8916274881158, 386.6262083053589]"
F252013,50,44,0.7,"[1485.6795103489353, 451.0298306941986]"
F252013,50,44,0.8,"[1464.4246015708004, 515.5140378475189]"
F252013,50,44,0.9,"[1450.5983580608345, 580.0210230350494]"
F252013,50,44,1.0,"[1460.99130361869, 644.8110752105713]"
F252013,50,45,0.01,"[933.514852245999, 6.52126669883728]"
F252013,50,45,0.1,"[933.5126132337502, 64.70835328102112]"
F252013,50,45,0.2,"[921.2184758267827, 129.36505794525146]"
F252013,50,45,0.3,"[907.6216682179202, 193.99744844436646]"
F252013,50,45,0.4,"[870.3552136247549, 258.72423672676086]"
F252013,50,45,0.5,"[864.3937454618176, 323.3959140777588]"
F252013,50,45,0.6,"[854.0435784778874, 388.0783770084381]"
F252013,50,45,0.7,"[833.5101926478806, 452.6551675796509]"
F252013,50,45,0.8,"[809.7400171055751, 517.3329801559448]"
F252013,50,45,0.9,"[806.1111209401301, 582.0082859992981]"
F252013,50,45,1.0,"[797.2309273478502, 646.8445513248444]"
F252013,50,46,0.01,"[1270.5307570986165, 6.508235216140747]"
F252013,50,46,0.1,"[1215.2051132049392, 64.58808445930481]"
F252013,50,46,0.2,"[1211.5687135654161, 129.1787166595459]"
F252013,50,46,0.3,"[1212.3171765189381, 193.7239110469818]"
F252013,50,46,0.4,"[1175.846014822655, 258.3301856517792]"
F252013,50,46,0.5,"[1163.3991235106514, 322.84553146362305]"
F252013,50,46,0.6,"[1118.5426131597346, 387.35316824913025]"
F252013,50,46,0.7,"[1133.3062088518318, 451.80281019210815]"
F252013,50,46,0.8,"[1087.8329784887019, 516.3437025547028]"
F252013,50,46,0.9,"[1072.6042696705172, 580.8621671199799]"
F252013,50,46,1.0,"[1059.1862117319365, 645.6104760169983]"
F252013,50,47,0.01,"[1606.080661211583, 7.3453497886657715]"
F252013,50,47,0.1,"[1588.6515994764886, 72.86864447593689]"
F252013,50,47,0.2,"[1526.0973378762865, 138.12963438034058]"
F252013,50,47,0.3,"[1500.8682785956871, 202.49857354164124]"
F252013,50,47,0.4,"[1488.0978837917874, 266.89039397239685]"
F252013,50,47,0.5,"[1490.5161182906863, 331.28516268730164]"
F252013,50,47,0.6,"[1440.0381666356784, 395.7711763381958]"
F252013,50,47,0.7,"[1469.9223028245842, 460.1341784000397]"
F252013,50,47,0.8,"[1434.9061064507737, 524.5548593997955]"
F252013,50,47,0.9,"[1388.997051025217, 588.973090171814]"
F252013,50,47,1.0,"[1386.299736851306, 653.790894985199]"
F252013,50,48,0.01,"[1072.9534430120066, 6.473520755767822]"
F252013,50,48,0.1,"[1042.8721982628417, 64.01803016662598]"
F252013,50,48,0.2,"[1035.347409396355, 128.01242423057556]"
F252013,50,48,0.3,"[1021.8055778094758, 191.92919397354126]"
F252013,50,48,0.4,"[1007.1172713401525, 255.90760898590088]"
F252013,50,48,0.5,"[988.9639976673907, 319.85701513290405]"
F252013,50,48,0.6,"[972.4447124550829, 383.8561227321625]"
F252013,50,48,0.7,"[965.4998887566535, 447.90496706962585]"
F252013,50,48,0.8,"[962.8611545490476, 512.0361926555634]"
F252013,50,48,0.9,"[944.49836333433, 576.1351373195648]"
F252013,50,48,1.0,"[947.6644000328874, 640.3665413856506]"
F252013,50,49,0.01,"[1052.7806405439346, 6.472515821456909]"
F252013,50,49,0.1,"[1050.5430607611347, 70.31336855888367]"
F252013,50,49,0.2,"[1031.963348598119, 142.821870803833]"
F252013,50,49,0.3,"[1017.2431336991094, 215.25662183761597]"
F252013,50,49,0.4,"[1000.5384542650918, 287.7843360900879]"
F252013,50,49,0.5,"[1003.3712771849032, 360.2294571399689]"
F252013,50,49,0.6,"[997.3661718262574, 432.74415016174316]"
F252013,50,49,0.7,"[972.1145566130704, 505.04219365119934]"
F252013,50,49,0.8,"[961.1507290055192, 577.241290807724]"
F252013,50,49,0.9,"[961.5247868087672, 649.4592370986938]"
F252013,50,49,1.0,"[930.3680600836278, 721.8216145038605]"
F252013,50,50,0.01,"[954.2540008740266, 6.482543468475342]"
F252013,50,50,0.1,"[981.7370728700389, 64.40436124801636]"
F252013,50,50,0.2,"[959.3598177418835, 128.83658838272095]"
F252013,50,50,0.3,"[934.3325285938395, 193.21069407463074]"
F252013,50,50,0.4,"[909.5345426409954, 257.64382576942444]"
F252013,50,50,0.5,"[885.8444240372055, 322.053724527359]"
F252013,50,50,0.6,"[859.9824225942202, 386.53304719924927]"
F252013,50,50,0.7,"[857.9136829689123, 451.0192868709564]"
F252013,50,50,0.8,"[827.572512776811, 515.6430380344391]"
F252013,50,50,0.9,"[853.9889725218363, 580.2189037799835]"
F252013,50,50,1.0,"[846.2117579061392, 644.9560692310333]"
