function,dimension,run,checkpoint,error
F132013,10,0,0.01,"[144.1414938997024, 0.49984192848205566]"
F132013,10,0,0.1,"[41.18040299893363, 4.98218035697937]"
F132013,10,0,0.2,"[26.386895461214664, 10.156149864196777]"
F132013,10,0,0.3,"[23.537872261613956, 15.697192192077637]"
F132013,10,0,0.4,"[21.086653129006322, 21.69006633758545]"
F132013,10,0,0.5,"[20.95564709694483, 28.399370670318604]"
F132013,10,0,0.6,"[20.870235728778624, 36.266093254089355]"
F132013,10,0,0.7,"[15.946217018268811, 45.76179099082947]"
F132013,10,0,0.8,"[13.642387553654117, 57.56918668746948]"
F132013,10,0,0.9,"[13.292398825945497, 71.58542823791504]"
F132013,10,0,1.0,"[13.29239316392625, 77.92830014228821]"
F132013,10,1,0.01,"[137.07287936696883, 0.5719671249389648]"
F132013,10,1,0.1,"[69.9792123605632, 5.029294490814209]"
F132013,10,1,0.2,"[54.60707218019442, 10.180612325668335]"
F132013,10,1,0.3,"[49.217508024467065, 15.690321207046509]"
F132013,10,1,0.4,"[48.94395797093921, 21.708266973495483]"
F132013,10,1,0.5,"[36.93276663976644, 28.59887409210205]"
F132013,10,1,0.6,"[36.882108270805304, 36.58995461463928]"
F132013,10,1,0.7,"[36.85887958038194, 46.07382369041443]"
F132013,10,1,0.8,"[36.82952408165704, 57.86259174346924]"
F132013,10,1,0.9,"[36.826043601926756, 72.09235501289368]"
F132013,10,1,1.0,"[36.826043601535275, 72.68206000328064]"
F132013,10,2,0.01,"[144.8894568298294, 0.49998927116394043]"
F132013,10,2,0.1,"[65.55968281225284, 5.427723169326782]"
F132013,10,2,0.2,"[44.39584595909457, 11.318565368652344]"
F132013,10,2,0.3,"[43.44169512730173, 17.119476556777954]"
F132013,10,2,0.4,"[43.42835476289923, 23.28128433227539]"
F132013,10,2,0.5,"[43.40298643867948, 30.173741817474365]"
F132013,10,2,0.6,"[40.5352993468081, 38.190064668655396]"
F132013,10,2,0.7,"[29.176808306674303, 47.68724489212036]"
F132013,10,2,0.8,"[20.641103779943535, 59.477232456207275]"
F132013,10,2,0.9,"[19.378522109806312, 73.65321159362793]"
F132013,10,2,1.0,"[19.378521331260885, 77.42264318466187]"
F132013,10,3,0.01,"[144.6250528443268, 0.4814314842224121]"
F132013,10,3,0.1,"[38.74448957737809, 4.965635776519775]"
F132013,10,3,0.2,"[29.89432377993913, 10.650235176086426]"
F132013,10,3,0.3,"[28.867612368462943, 16.442354917526245]"
F132013,10,3,0.4,"[28.830717911269346, 22.69231677055359]"
F132013,10,3,0.5,"[28.79373191640431, 29.489030599594116]"
F132013,10,3,0.6,"[28.74817280453405, 37.318572759628296]"
F132013,10,3,0.7,"[20.397886048389324, 46.75860023498535]"
F132013,10,3,0.8,"[18.439923072683683, 58.73926091194153]"
F132013,10,3,0.9,"[17.269744083123925, 72.76301860809326]"
F132013,10,3,1.0,"[17.26800882474822, 89.089604139328]"
F132013,10,4,0.01,"[155.96937602961515, 0.5057120323181152]"
F132013,10,4,0.1,"[40.992197698755945, 4.918129205703735]"
F132013,10,4,0.2,"[27.119485024103938, 10.18530797958374]"
F132013,10,4,0.3,"[26.06021257453321, 15.692203521728516]"
F132013,10,4,0.4,"[24.65333227907786, 21.716809272766113]"
F132013,10,4,0.5,"[23.045571872579956, 28.458786249160767]"
F132013,10,4,0.6,"[22.98353500312055, 36.33476543426514]"
F132013,10,4,0.7,"[22.90554758082729, 45.809078216552734]"
F132013,10,4,0.8,"[22.71810232572969, 57.61463665962219]"
F132013,10,4,0.9,"[22.618100907392744, 71.72172379493713]"
F132013,10,4,1.0,"[22.61783587033443, 83.24652600288391]"
F132013,10,5,0.01,"[108.6726920450499, 0.48784589767456055]"
F132013,10,5,0.1,"[46.01738526116594, 4.917829513549805]"
F132013,10,5,0.2,"[40.85285933805355, 10.145200967788696]"
F132013,10,5,0.3,"[25.782474043448218, 15.727368593215942]"
F132013,10,5,0.4,"[21.156112790953784, 21.79031229019165]"
F132013,10,5,0.5,"[20.869152096924125, 28.682617664337158]"
F132013,10,5,0.6,"[20.862268340168896, 36.58995842933655]"
F132013,10,5,0.7,"[20.842631416783462, 46.01551675796509]"
F132013,10,5,0.8,"[20.82262549807845, 57.77020978927612]"
F132013,10,5,0.9,"[20.81935845614666, 72.75349187850952]"
F132013,10,5,1.0,"[20.81935841289973, 73.84022426605225]"
F132013,10,6,0.01,"[112.24013889931688, 0.4908592700958252]"
F132013,10,6,0.1,"[51.81355539405442, 5.270196437835693]"
F132013,10,6,0.2,"[23.211295533459776, 10.702257633209229]"
F132013,10,6,0.3,"[20.67523096757361, 16.321149826049805]"
F132013,10,6,0.4,"[20.505823075526195, 22.415172338485718]"
F132013,10,6,0.5,"[20.320665012521346, 29.18526029586792]"
F132013,10,6,0.6,"[20.296430670643474, 37.08261728286743]"
F132013,10,6,0.7,"[20.289570091422604, 46.548447370529175]"
F132013,10,6,0.8,"[19.06972851300418, 58.2453989982605]"
F132013,10,6,0.9,"[18.337054188442494, 66.40914130210876]"
F132013,10,6,1.0,"[18.337054188442494, 66.40914559364319]"
F132013,10,7,0.01,"[128.86609746475511, 0.5149071216583252]"
F132013,10,7,0.1,"[51.588516634663165, 4.96456503868103]"
F132013,10,7,0.2,"[38.89376314008143, 10.12590503692627]"
F132013,10,7,0.3,"[35.24695139020645, 15.666885137557983]"
F132013,10,7,0.4,"[22.055638010463895, 21.80045247077942]"
F132013,10,7,0.5,"[21.6206017970392, 28.58967423439026]"
F132013,10,7,0.6,"[21.27244658842244, 36.41165232658386]"
F132013,10,7,0.7,"[21.240310486941866, 45.80768179893494]"
F132013,10,7,0.8,"[21.209362947026534, 57.48876714706421]"
F132013,10,7,0.9,"[21.19315645004974, 71.6363456249237]"
F132013,10,7,1.0,"[21.19315611138211, 74.03734159469604]"
F132013,10,8,0.01,"[142.38997462583626, 0.48436665534973145]"
F132013,10,8,0.1,"[50.485469878218, 4.935562372207642]"
F132013,10,8,0.2,"[39.608970608762036, 10.08845829963684]"
F132013,10,8,0.3,"[34.893696429407214, 15.572320938110352]"
F132013,10,8,0.4,"[34.846452704646964, 21.556771278381348]"
F132013,10,8,0.5,"[34.82570381515143, 28.35526752471924]"
F132013,10,8,0.6,"[34.82570381515143, 36.1722686290741]"
F132013,10,8,0.7,"[30.060736602031, 45.6083197593689]"
F132013,10,8,0.8,"[22.82383418091942, 57.37364339828491]"
F132013,10,8,0.9,"[22.804547268165436, 65.73485779762268]"
F132013,10,8,1.0,"[22.804547268165436, 65.73486185073853]"
F132013,10,9,0.01,"[141.40815465187978, 0.6194536685943604]"
F132013,10,9,0.1,"[51.41657229182084, 5.051954030990601]"
F132013,10,9,0.2,"[48.2219946033309, 10.202682495117188]"
F132013,10,9,0.3,"[48.133520161075126, 15.76983094215393]"
F132013,10,9,0.4,"[48.129995956272666, 21.88113236427307]"
F132013,10,9,0.5,"[46.61205408921751, 28.74600577354431]"
F132013,10,9,0.6,"[45.92440127816104, 36.695629596710205]"
F132013,10,9,0.7,"[37.72087760266231, 46.15175127983093]"
F132013,10,9,0.8,"[28.485041787746013, 57.92679738998413]"
F132013,10,9,0.9,"[28.46556506536035, 72.396733045578]"
F132013,10,9,1.0,"[28.465562654412793, 74.79139256477356]"
F132013,10,10,0.01,"[151.63230692959743, 0.6607856750488281]"
F132013,10,10,0.1,"[65.73334846435009, 4.906780242919922]"
F132013,10,10,0.2,"[57.49829763848447, 10.073424100875854]"
F132013,10,10,0.3,"[51.95306443579031, 15.703750133514404]"
F132013,10,10,0.4,"[51.44520460472859, 21.77106761932373]"
F132013,10,10,0.5,"[51.44002889045231, 28.503381490707397]"
F132013,10,10,0.6,"[51.43756160266972, 36.346447706222534]"
F132013,10,10,0.7,"[34.08752706975261, 45.8287467956543]"
F132013,10,10,0.8,"[22.742780615016613, 57.57205057144165]"
F132013,10,10,0.9,"[22.65052241615615, 68.19644117355347]"
F132013,10,10,1.0,"[22.65052241615615, 68.19644546508789]"
F132013,10,11,0.01,"[141.7503589535926, 0.6699278354644775]"
F132013,10,11,0.1,"[55.67362670125462, 5.332976579666138]"
F132013,10,11,0.2,"[39.96834011796571, 11.113449335098267]"
F132013,10,11,0.3,"[37.28689394282827, 18.31240940093994]"
F132013,10,11,0.4,"[35.28535925940764, 24.849552392959595]"
F132013,10,11,0.5,"[29.466658074377847, 32.38682579994202]"
F132013,10,11,0.6,"[21.796049441596182, 40.54547929763794]"
F132013,10,11,0.7,"[15.826745295621151, 50.06560778617859]"
F132013,10,11,0.8,"[15.532073697137207, 61.83200144767761]"
F132013,10,11,0.9,"[15.50242310713844, 75.84672522544861]"
F132013,10,11,1.0,"[15.502363671118303, 80.442800283432]"
F132013,10,12,0.01,"[167.54899224479652, 0.5206985473632812]"
F132013,10,12,0.1,"[41.43178459328405, 4.96037745475769]"
F132013,10,12,0.2,"[36.08371480549772, 10.137075424194336]"
F132013,10,12,0.3,"[33.55699178192947, 15.691746234893799]"
F132013,10,12,0.4,"[33.400670021461565, 21.821636199951172]"
F132013,10,12,0.5,"[33.34657721474173, 28.606103897094727]"
F132013,10,12,0.6,"[33.34467772331925, 36.490880250930786]"
F132013,10,12,0.7,"[33.34416852300649, 45.93496370315552]"
F132013,10,12,0.8,"[33.34416852300649, 57.63303327560425]"
F132013,10,12,0.9,"[33.3351560449907, 67.18441271781921]"
F132013,10,12,1.0,"[33.3351560449907, 67.18441724777222]"
F132013,10,13,0.01,"[152.42047342630096, 0.49018359184265137]"
F132013,10,13,0.1,"[50.48191849478388, 4.845546245574951]"
F132013,10,13,0.2,"[48.93222857633302, 9.884452104568481]"
F132013,10,13,0.3,"[48.87172875505158, 15.466232299804688]"
F132013,10,13,0.4,"[48.87043519086993, 21.624237537384033]"
F132013,10,13,0.5,"[43.07302174206387, 28.50953245162964]"
F132013,10,13,0.6,"[43.06902302993254, 36.524959564208984]"
F132013,10,13,0.7,"[43.068903977474776, 46.01609015464783]"
F132013,10,13,0.8,"[41.28260680803288, 57.75400924682617]"
F132013,10,13,0.9,"[41.23663426334704, 71.76257753372192]"
F132013,10,13,1.0,"[41.236634263347014, 88.14451360702515]"
F132013,10,14,0.01,"[139.8586974085327, 0.4958651065826416]"
F132013,10,14,0.1,"[52.505307179201935, 4.960567474365234]"
F132013,10,14,0.2,"[33.84236548537581, 10.081212043762207]"
F132013,10,14,0.3,"[31.839680726636374, 15.604819059371948]"
F132013,10,14,0.4,"[31.805055728982865, 21.609216690063477]"
F132013,10,14,0.5,"[31.79354191340596, 28.335322618484497]"
F132013,10,14,0.6,"[31.793269267255198, 36.16604495048523]"
F132013,10,14,0.7,"[31.7914447801642, 45.64928412437439]"
F132013,10,14,0.8,"[31.7914447801642, 57.45077466964722]"
F132013,10,14,0.9,"[31.791281412985228, 63.61111283302307]"
F132013,10,14,1.0,"[31.791281412985228, 63.61111664772034]"
F132013,10,15,0.01,"[154.86614826227026, 0.49645304679870605]"
F132013,10,15,0.1,"[47.3776815405368, 5.5927956104278564]"
F132013,10,15,0.2,"[38.63110793184018, 11.233085870742798]"
F132013,10,15,0.3,"[33.894033352230565, 17.031574964523315]"
F132013,10,15,0.4,"[33.20091165954963, 23.793825387954712]"
F132013,10,15,0.5,"[31.198383329339663, 30.66399049758911]"
F132013,10,15,0.6,"[28.586115480713858, 38.57537913322449]"
F132013,10,15,0.7,"[28.415664398131412, 48.075260639190674]"
F132013,10,15,0.8,"[28.341357207456042, 59.8376898765564]"
F132013,10,15,0.9,"[28.26599026172704, 73.91452407836914]"
F132013,10,15,1.0,"[28.265975590898705, 82.33590912818909]"
F132013,10,16,0.01,"[133.90697014094843, 0.510845422744751]"
F132013,10,16,0.1,"[52.8704269399949, 5.00986647605896]"
F132013,10,16,0.2,"[45.71730091529983, 10.15558409690857]"
F132013,10,16,0.3,"[37.32467055164091, 15.773903846740723]"
F132013,10,16,0.4,"[36.587181033446285, 21.7915198802948]"
F132013,10,16,0.5,"[36.570611572602445, 28.57804775238037]"
F132013,10,16,0.6,"[25.308639100759706, 36.388134717941284]"
F132013,10,16,0.7,"[22.919563238529662, 45.793031454086304]"
F132013,10,16,0.8,"[22.005841234437924, 57.628406047821045]"
F132013,10,16,0.9,"[21.360847352857462, 71.63903594017029]"
F132013,10,16,1.0,"[21.360844409307703, 74.89191126823425]"
F132013,10,17,0.01,"[149.2396184070105, 0.4912893772125244]"
F132013,10,17,0.1,"[38.222146823100104, 5.108765363693237]"
F132013,10,17,0.2,"[29.78040064248836, 11.49980640411377]"
F132013,10,17,0.3,"[29.248339117319347, 17.822920322418213]"
F132013,10,17,0.4,"[29.197623584384075, 24.086066007614136]"
F132013,10,17,0.5,"[29.176225817426314, 31.103577852249146]"
F132013,10,17,0.6,"[29.159616139963248, 39.24123454093933]"
F132013,10,17,0.7,"[29.159610668794443, 48.785789489746094]"
F132013,10,17,0.8,"[29.14216918761724, 60.47107696533203]"
F132013,10,17,0.9,"[29.14212683138271, 69.84166407585144]"
F132013,10,17,1.0,"[29.14212683138271, 69.84166836738586]"
F132013,10,18,0.01,"[116.25311877641184, 0.490741491317749]"
F132013,10,18,0.1,"[44.34345064520514, 5.079400300979614]"
F132013,10,18,0.2,"[38.052635008333766, 10.344487190246582]"
F132013,10,18,0.3,"[37.967609398663626, 15.942339420318604]"
F132013,10,18,0.4,"[37.967609398663626, 22.0178279876709]"
F132013,10,18,0.5,"[33.418152661675066, 28.847175359725952]"
F132013,10,18,0.6,"[33.392563565153125, 36.76339387893677]"
F132013,10,18,0.7,"[33.36944876752801, 46.21283316612244]"
F132013,10,18,0.8,"[33.34294954109049, 58.06797909736633]"
F132013,10,18,0.9,"[33.33016273000925, 69.89362025260925]"
F132013,10,18,1.0,"[33.33016273000925, 69.8936243057251]"
F132013,10,19,0.01,"[145.19839297324484, 0.5692338943481445]"
F132013,10,19,0.1,"[49.626187749702524, 5.0630152225494385]"
F132013,10,19,0.2,"[29.326943313077038, 10.179542779922485]"
F132013,10,19,0.3,"[28.104590295543602, 15.661049365997314]"
F132013,10,19,0.4,"[27.95729111888693, 21.67705488204956]"
F132013,10,19,0.5,"[27.92923170917328, 28.524368286132812]"
F132013,10,19,0.6,"[27.907609440766635, 36.48239064216614]"
F132013,10,19,0.7,"[27.894108500520133, 46.00052046775818]"
F132013,10,19,0.8,"[27.88819615388212, 57.77492690086365]"
F132013,10,19,0.9,"[27.884869050939614, 71.64932465553284]"
F132013,10,19,1.0,"[27.884869050939614, 71.6493284702301]"
F132013,10,20,0.01,"[140.64059181085034, 0.5700149536132812]"
F132013,10,20,0.1,"[52.721587509303674, 4.986408710479736]"
F132013,10,20,0.2,"[42.545906186701416, 10.160355806350708]"
F132013,10,20,0.3,"[29.38136958583516, 15.757121324539185]"
F132013,10,20,0.4,"[20.12534815855051, 21.91262698173523]"
F132013,10,20,0.5,"[19.76845053221342, 28.797367095947266]"
F132013,10,20,0.6,"[19.75061400425969, 36.812812089920044]"
F132013,10,20,0.7,"[19.75061400425969, 46.33675694465637]"
F132013,10,20,0.8,"[16.568248171334346, 58.16498041152954]"
F132013,10,20,0.9,"[16.326744427631183, 72.26820230484009]"
F132013,10,20,1.0,"[16.3267439137382, 76.97422742843628]"
F132013,10,21,0.01,"[110.66467342654185, 0.4986562728881836]"
F132013,10,21,0.1,"[65.13956118520434, 4.944343328475952]"
F132013,10,21,0.2,"[59.01354086646873, 10.147061586380005]"
F132013,10,21,0.3,"[57.67969049874824, 15.89159631729126]"
F132013,10,21,0.4,"[50.48361905963114, 22.013948917388916]"
F132013,10,21,0.5,"[41.28931561318623, 28.73955726623535]"
F132013,10,21,0.6,"[27.691945829941773, 36.57999134063721]"
F132013,10,21,0.7,"[27.394082198817813, 46.03662610054016]"
F132013,10,21,0.8,"[25.7427354930268, 57.76833415031433]"
F132013,10,21,0.9,"[25.60191360449619, 71.790766954422]"
F132013,10,21,1.0,"[25.601898825148282, 82.08885979652405]"
F132013,10,22,0.01,"[137.99628937236736, 0.5222818851470947]"
F132013,10,22,0.1,"[46.699560297175594, 4.941771745681763]"
F132013,10,22,0.2,"[36.54913986075073, 10.115174770355225]"
F132013,10,22,0.3,"[36.29431820395615, 15.745334148406982]"
F132013,10,22,0.4,"[36.25291967349824, 21.962764978408813]"
F132013,10,22,0.5,"[36.23604441750368, 28.948715925216675]"
F132013,10,22,0.6,"[34.875859426216806, 36.86310911178589]"
F132013,10,22,0.7,"[34.85257108643924, 46.36294937133789]"
F132013,10,22,0.8,"[29.282475927038604, 58.17248201370239]"
F132013,10,22,0.9,"[27.228964860978635, 72.32233572006226]"
F132013,10,22,1.0,"[27.228920206884652, 80.15304255485535]"
F132013,10,23,0.01,"[154.0342822531504, 0.4875054359436035]"
F132013,10,23,0.1,"[47.88192250260582, 4.9974775314331055]"
F132013,10,23,0.2,"[40.22682789362176, 10.40082859992981]"
F132013,10,23,0.3,"[39.55253079109258, 15.986423969268799]"
F132013,10,23,0.4,"[25.363425620942678, 22.064884185791016]"
F132013,10,23,0.5,"[25.29673232365687, 28.881649494171143]"
F132013,10,23,0.6,"[25.29271795595008, 36.89006304740906]"
F132013,10,23,0.7,"[25.289606769840162, 46.443782806396484]"
F132013,10,23,0.8,"[25.288750141949947, 58.2753210067749]"
F132013,10,23,0.9,"[25.280423263905334, 72.42588090896606]"
F132013,10,23,1.0,"[25.28042326390161, 72.95707750320435]"
F132013,10,24,0.01,"[143.3136551157247, 0.5283918380737305]"
F132013,10,24,0.1,"[35.457742208690206, 5.045182943344116]"
F132013,10,24,0.2,"[34.04465961935543, 10.284867286682129]"
F132013,10,24,0.3,"[34.02303847971737, 15.786664009094238]"
F132013,10,24,0.4,"[34.02249543384036, 21.70583462715149]"
F132013,10,24,0.5,"[34.02137253223961, 28.417239665985107]"
F132013,10,24,0.6,"[33.43605093985377, 36.291762590408325]"
F132013,10,24,0.7,"[22.606738835372653, 45.71076273918152]"
F132013,10,24,0.8,"[22.392495570857136, 57.415379762649536]"
F132013,10,24,0.9,"[22.392405734952575, 65.9406623840332]"
F132013,10,24,1.0,"[22.392405734952575, 65.94066643714905]"
F132013,10,25,0.01,"[125.35454404825099, 0.4969358444213867]"
F132013,10,25,0.1,"[63.11818537797842, 4.926620244979858]"
F132013,10,25,0.2,"[47.87892737199775, 10.156625509262085]"
F132013,10,25,0.3,"[43.8700029651456, 15.820925235748291]"
F132013,10,25,0.4,"[43.71258831820967, 21.97154688835144]"
F132013,10,25,0.5,"[40.888185327584154, 28.809346675872803]"
F132013,10,25,0.6,"[40.885753130824185, 36.70598101615906]"
F132013,10,25,0.7,"[40.8855197001248, 46.135178327560425]"
F132013,10,25,0.8,"[40.884867975073035, 57.99518013000488]"
F132013,10,25,0.9,"[34.68543512309043, 64.78834533691406]"
F132013,10,25,1.0,"[34.68543512309043, 64.78834939002991]"
F132013,10,26,0.01,"[140.48037291632644, 0.48780155181884766]"
F132013,10,26,0.1,"[34.95113029647371, 4.941579580307007]"
F132013,10,26,0.2,"[32.419119993061656, 10.150495767593384]"
F132013,10,26,0.3,"[31.55000840781051, 15.872553586959839]"
F132013,10,26,0.4,"[31.520664226597745, 22.128156661987305]"
F132013,10,26,0.5,"[19.963292560706634, 29.08785128593445]"
F132013,10,26,0.6,"[19.395005566648535, 37.01980805397034]"
F132013,10,26,0.7,"[19.255220224076425, 46.54520654678345]"
F132013,10,26,0.8,"[19.196154992019018, 58.47784686088562]"
F132013,10,26,0.9,"[19.181594762501618, 72.54184794425964]"
F132013,10,26,1.0,"[19.18157005714434, 78.64524388313293]"
F132013,10,27,0.01,"[161.65327523886359, 0.5010726451873779]"
F132013,10,27,0.1,"[29.2903584475047, 4.928367376327515]"
F132013,10,27,0.2,"[16.36526496645257, 10.208383321762085]"
F132013,10,27,0.3,"[13.86444931632306, 15.849921226501465]"
F132013,10,27,0.4,"[13.766615609643509, 21.879634380340576]"
F132013,10,27,0.5,"[13.717639225580058, 28.639727354049683]"
F132013,10,27,0.6,"[13.691016652574234, 36.6019926071167]"
F132013,10,27,0.7,"[13.688578945603155, 46.160706758499146]"
F132013,10,27,0.8,"[13.68017987433197, 57.911860942840576]"
F132013,10,27,0.9,"[13.680177431317787, 65.52963328361511]"
F132013,10,27,1.0,"[13.680177431317787, 65.52963757514954]"
F132013,10,28,0.01,"[115.6944269706266, 0.5421566963195801]"
F132013,10,28,0.1,"[57.208819177551106, 5.085581064224243]"
F132013,10,28,0.2,"[44.028720848716404, 10.368098258972168]"
F132013,10,28,0.3,"[40.90965775800146, 16.00071096420288]"
F132013,10,28,0.4,"[40.61730922085616, 22.23381495475769]"
F132013,10,28,0.5,"[39.616576923460116, 29.239019632339478]"
F132013,10,28,0.6,"[31.504328855511403, 37.22307801246643]"
F132013,10,28,0.7,"[23.931519746641698, 46.69607615470886]"
F132013,10,28,0.8,"[20.203035176627367, 58.450238943099976]"
F132013,10,28,0.9,"[20.20208357179274, 71.78570795059204]"
F132013,10,28,1.0,"[20.20208357179274, 71.78571248054504]"
F132013,10,29,0.01,"[157.58194036887002, 0.6150422096252441]"
F132013,10,29,0.1,"[42.50624763372892, 5.357990980148315]"
F132013,10,29,0.2,"[28.86587041565133, 10.777923583984375]"
F132013,10,29,0.3,"[28.103053537664124, 16.204886436462402]"
F132013,10,29,0.4,"[28.098286328877492, 22.22617530822754]"
F132013,10,29,0.5,"[28.096732512872677, 29.126841068267822]"
F132013,10,29,0.6,"[28.092420390082367, 37.12963151931763]"
F132013,10,29,0.7,"[28.086618227553316, 46.68768811225891]"
F132013,10,29,0.8,"[28.08491076151273, 58.423662424087524]"
F132013,10,29,0.9,"[20.905012318052798, 72.53799223899841]"
F132013,10,29,1.0,"[20.887709437453566, 88.87307548522949]"
F132013,10,30,0.01,"[122.30098619462082, 0.49813294410705566]"
F132013,10,30,0.1,"[73.020417959452, 4.804539203643799]"
F132013,10,30,0.2,"[42.76703056939343, 9.990689754486084]"
F132013,10,30,0.3,"[31.21871699784819, 15.585120677947998]"
F132013,10,30,0.4,"[30.789709541087177, 21.711730480194092]"
F132013,10,30,0.5,"[30.73504013617918, 28.59468913078308]"
F132013,10,30,0.6,"[30.73417631883234, 36.607359647750854]"
F132013,10,30,0.7,"[30.73417631883234, 46.17230224609375]"
F132013,10,30,0.8,"[30.731477392784, 58.075600385665894]"
F132013,10,30,0.9,"[30.71584984868042, 72.13186120986938]"
F132013,10,30,1.0,"[30.715848122916356, 78.66318655014038]"
F132013,10,31,0.01,"[127.49292672083807, 0.48694610595703125]"
F132013,10,31,0.1,"[30.342517015763747, 4.920689105987549]"
F132013,10,31,0.2,"[23.915670395566167, 10.116129398345947]"
F132013,10,31,0.3,"[22.718895408216497, 15.730405807495117]"
F132013,10,31,0.4,"[22.67462565025326, 21.856143474578857]"
F132013,10,31,0.5,"[22.587612868689945, 28.676918268203735]"
F132013,10,31,0.6,"[22.55197166043365, 36.57588076591492]"
F132013,10,31,0.7,"[22.539420660517294, 46.143803358078]"
F132013,10,31,0.8,"[22.53939522475943, 58.03142809867859]"
F132013,10,31,0.9,"[22.53631245098427, 72.20267844200134]"
F132013,10,31,1.0,"[22.536277426426352, 75.76410937309265]"
F132013,10,32,0.01,"[139.25068444542043, 0.4987044334411621]"
F132013,10,32,0.1,"[38.07070375763783, 5.0011305809021]"
F132013,10,32,0.2,"[35.15148715561446, 10.275673866271973]"
F132013,10,32,0.3,"[33.38232321005634, 15.861684322357178]"
F132013,10,32,0.4,"[28.339391477622286, 21.984410762786865]"
F132013,10,32,0.5,"[27.49929844601968, 28.854318618774414]"
F132013,10,32,0.6,"[27.47423744961995, 36.852030754089355]"
F132013,10,32,0.7,"[27.472345079758526, 46.225714921951294]"
F132013,10,32,0.8,"[27.46536849437973, 57.91053247451782]"
F132013,10,32,0.9,"[27.45673229668762, 71.94926834106445]"
F132013,10,32,1.0,"[27.456732296010756, 72.39202642440796]"
F132013,10,33,0.01,"[146.16809903227244, 0.48247599601745605]"
F132013,10,33,0.1,"[33.49228584594613, 4.9587242603302]"
F132013,10,33,0.2,"[27.708275501877125, 10.178264856338501]"
F132013,10,33,0.3,"[13.549353873258667, 15.81187391281128]"
F132013,10,33,0.4,"[13.373120821302706, 21.919015645980835]"
F132013,10,33,0.5,"[13.357322796914843, 28.68644428253174]"
F132013,10,33,0.6,"[13.353378607767667, 36.51146125793457]"
F132013,10,33,0.7,"[13.350092282659887, 45.97164583206177]"
F132013,10,33,0.8,"[13.336817227094826, 58.424670696258545]"
F132013,10,33,0.9,"[13.296039568860976, 72.48182201385498]"
F132013,10,33,1.0,"[13.295856812354486, 75.23663973808289]"
F132013,10,34,0.01,"[142.9509890544433, 0.4915187358856201]"
F132013,10,34,0.1,"[57.663841012010096, 4.945845127105713]"
F132013,10,34,0.2,"[47.540874808423155, 10.129050254821777]"
F132013,10,34,0.3,"[32.590044015716245, 15.770316362380981]"
F132013,10,34,0.4,"[32.58350363888633, 21.793937921524048]"
F132013,10,34,0.5,"[32.58274869155369, 28.665239095687866]"
F132013,10,34,0.6,"[24.559390612318538, 36.63723659515381]"
F132013,10,34,0.7,"[24.211659476348785, 46.09765982627869]"
F132013,10,34,0.8,"[24.20775893438247, 57.872196197509766]"
F132013,10,34,0.9,"[24.17449419322861, 68.85217952728271]"
F132013,10,34,1.0,"[24.17449419322861, 68.85218334197998]"
F132013,10,35,0.01,"[120.45218932513151, 0.49083852767944336]"
F132013,10,35,0.1,"[30.17759698398325, 5.605057239532471]"
F132013,10,35,0.2,"[24.493079496043322, 10.972907066345215]"
F132013,10,35,0.3,"[24.204909587418342, 17.061737298965454]"
F132013,10,35,0.4,"[24.204189130930274, 22.936919927597046]"
F132013,10,35,0.5,"[24.204189130930274, 29.593318462371826]"
F132013,10,35,0.6,"[24.202417442932955, 37.347222328186035]"
F132013,10,35,0.7,"[24.200524773108896, 46.66092109680176]"
F132013,10,35,0.8,"[24.2002143110289, 58.27533173561096]"
F132013,10,35,0.9,"[24.198442372067774, 72.75672721862793]"
F132013,10,35,1.0,"[24.19844146881266, 77.80840539932251]"
F132013,10,36,0.01,"[123.79198488933622, 0.4947936534881592]"
F132013,10,36,0.1,"[46.704513373559934, 5.54801344871521]"
F132013,10,36,0.2,"[29.77447960673615, 10.811444997787476]"
F132013,10,36,0.3,"[26.12897251159336, 16.34160327911377]"
F132013,10,36,0.4,"[22.468527339958683, 22.274850368499756]"
F132013,10,36,0.5,"[21.61769773368337, 28.958974361419678]"
F132013,10,36,0.6,"[21.561309209233116, 36.76285457611084]"
F132013,10,36,0.7,"[21.553290681465285, 46.19483733177185]"
F132013,10,36,0.8,"[21.5404618191686, 57.90943193435669]"
F132013,10,36,0.9,"[21.540412106898884, 63.364911794662476]"
F132013,10,36,1.0,"[21.540412106898884, 63.36491537094116]"
F132013,10,37,0.01,"[103.29652115472206, 0.5689492225646973]"
F132013,10,37,0.1,"[46.45315196516674, 5.4139320850372314]"
F132013,10,37,0.2,"[31.539364657345715, 11.187573432922363]"
F132013,10,37,0.3,"[19.34037957938972, 16.98647165298462]"
F132013,10,37,0.4,"[16.413783910621873, 24.020982027053833]"
F132013,10,37,0.5,"[15.515616024139092, 30.972156047821045]"
F132013,10,37,0.6,"[15.470539236756508, 38.9829523563385]"
F132013,10,37,0.7,"[15.464803631089524, 48.454479455947876]"
F132013,10,37,0.8,"[15.458972428689862, 60.18502497673035]"
F132013,10,37,0.9,"[15.407506465197315, 74.26060175895691]"
F132013,10,37,1.0,"[15.407355478339355, 84.89411759376526]"
F132013,10,38,0.01,"[136.3156890696902, 0.49996304512023926]"
F132013,10,38,0.1,"[41.068396773024546, 5.041229724884033]"
F132013,10,38,0.2,"[28.492363331562444, 10.45592188835144]"
F132013,10,38,0.3,"[28.461144251535217, 16.28439974784851]"
F132013,10,38,0.4,"[28.45284778666573, 22.27367663383484]"
F132013,10,38,0.5,"[28.452354642986904, 29.054039001464844]"
F132013,10,38,0.6,"[28.451467523309418, 37.017313957214355]"
F132013,10,38,0.7,"[13.486865506654965, 46.42689085006714]"
F132013,10,38,0.8,"[9.552758613766912, 58.11730933189392]"
F132013,10,38,0.9,"[9.36950076981148, 72.20851850509644]"
F132013,10,38,1.0,"[9.369149903556348, 83.00593829154968]"
F132013,10,39,0.01,"[125.51529823644128, 0.5366151332855225]"
F132013,10,39,0.1,"[38.96134773508942, 5.275335073471069]"
F132013,10,39,0.2,"[34.59258102334172, 10.497071743011475]"
F132013,10,39,0.3,"[29.367175982266644, 16.06169891357422]"
F132013,10,39,0.4,"[19.416874811826318, 22.0716655254364]"
F132013,10,39,0.5,"[14.242139712053103, 28.819132089614868]"
F132013,10,39,0.6,"[13.948588200561858, 36.58382487297058]"
F132013,10,39,0.7,"[13.923346879408882, 45.96377611160278]"
F132013,10,39,0.8,"[13.901215692484953, 57.66487455368042]"
F132013,10,39,0.9,"[13.87038605612446, 66.88581371307373]"
F132013,10,39,1.0,"[13.87038605612446, 66.885817527771]"
F132013,10,40,0.01,"[123.2542638209739, 0.49315333366394043]"
F132013,10,40,0.1,"[39.66124639690082, 4.950491428375244]"
F132013,10,40,0.2,"[34.99170025289786, 10.387938261032104]"
F132013,10,40,0.3,"[29.849736843239555, 16.096177101135254]"
F132013,10,40,0.4,"[29.301625996164688, 22.40183115005493]"
F132013,10,40,0.5,"[24.380209712029085, 29.476213932037354]"
F132013,10,40,0.6,"[24.28991807491647, 37.51711392402649]"
F132013,10,40,0.7,"[24.281132023356406, 47.06893992424011]"
F132013,10,40,0.8,"[24.278565132379327, 58.883137941360474]"
F132013,10,40,0.9,"[24.277825027304544, 73.00372695922852]"
F132013,10,40,1.0,"[24.277825027304544, 89.98706412315369]"
F132013,10,41,0.01,"[136.64975862456325, 0.5682101249694824]"
F132013,10,41,0.1,"[53.468378922325314, 4.979558944702148]"
F132013,10,41,0.2,"[30.123427023527142, 10.158945322036743]"
F132013,10,41,0.3,"[27.9412672322988, 15.779958724975586]"
F132013,10,41,0.4,"[27.479558522737392, 21.79781198501587]"
F132013,10,41,0.5,"[27.451371609393277, 28.595643043518066]"
F132013,10,41,0.6,"[27.436195197589626, 36.48386740684509]"
F132013,10,41,0.7,"[27.43313186177764, 45.94939565658569]"
F132013,10,41,0.8,"[27.426295630903553, 57.64044213294983]"
F132013,10,41,0.9,"[27.409361129427452, 71.91962766647339]"
F132013,10,41,1.0,"[27.409349459490244, 77.3012900352478]"
F132013,10,42,0.01,"[123.2465729636351, 0.4939391613006592]"
F132013,10,42,0.1,"[58.77267783449631, 5.066854476928711]"
F132013,10,42,0.2,"[50.295572335655834, 10.625333309173584]"
F132013,10,42,0.3,"[40.6106911732619, 16.471577644348145]"
F132013,10,42,0.4,"[36.254310217188845, 22.505832195281982]"
F132013,10,42,0.5,"[35.69386865335849, 29.33075499534607]"
F132013,10,42,0.6,"[35.65410064765683, 37.28544473648071]"
F132013,10,42,0.7,"[32.54368816385781, 46.74847078323364]"
F132013,10,42,0.8,"[30.975743729308675, 58.46579051017761]"
F132013,10,42,0.9,"[30.51584687216817, 72.47965264320374]"
F132013,10,42,1.0,"[30.51569033624702, 78.05344748497009]"
F132013,10,43,0.01,"[119.81189901902381, 0.4882214069366455]"
F132013,10,43,0.1,"[41.82412486351063, 5.154772043228149]"
F132013,10,43,0.2,"[37.62035409174692, 10.33906626701355]"
F132013,10,43,0.3,"[37.31831852387097, 16.804378509521484]"
F132013,10,43,0.4,"[37.14018217648447, 23.245396852493286]"
F132013,10,43,0.5,"[36.85764069458946, 29.99581527709961]"
F132013,10,43,0.6,"[36.80074303326964, 37.869749546051025]"
F132013,10,43,0.7,"[36.80074303326964, 47.29651618003845]"
F132013,10,43,0.8,"[33.67354984731443, 58.968281745910645]"
F132013,10,43,0.9,"[33.67354984731443, 73.02912664413452]"
F132013,10,43,1.0,"[33.67354984731443, 73.94661974906921]"
F132013,10,44,0.01,"[112.9241231370636, 0.6255965232849121]"
F132013,10,44,0.1,"[45.61014970426652, 5.046323537826538]"
F132013,10,44,0.2,"[38.9964407773825, 10.269196033477783]"
F132013,10,44,0.3,"[35.28123205163271, 15.864554643630981]"
F132013,10,44,0.4,"[24.908494392477223, 21.913124084472656]"
F132013,10,44,0.5,"[20.939690092823298, 28.69187617301941]"
F132013,10,44,0.6,"[20.883861588100956, 36.56848120689392]"
F132013,10,44,0.7,"[20.874004022828302, 46.06024408340454]"
F132013,10,44,0.8,"[20.871082827889666, 57.76232314109802]"
F132013,10,44,0.9,"[20.870084915153086, 71.83870339393616]"
F132013,10,44,1.0,"[20.87008491513535, 88.3263885974884]"
F132013,10,45,0.01,"[147.25615595081112, 0.49174046516418457]"
F132013,10,45,0.1,"[42.04226638348479, 5.126996278762817]"
F132013,10,45,0.2,"[37.15339351642652, 10.332271575927734]"
F132013,10,45,0.3,"[37.03441182928586, 15.85194730758667]"
F132013,10,45,0.4,"[37.029040194744226, 21.912830114364624]"
F132013,10,45,0.5,"[28.908748227738528, 28.758360624313354]"
F132013,10,45,0.6,"[28.89705532951092, 36.66607069969177]"
F132013,10,45,0.7,"[28.888002588483886, 46.136932134628296]"
F132013,10,45,0.8,"[28.872967211260914, 57.89655685424805]"
F132013,10,45,0.9,"[28.8510759580968, 71.9601092338562]"
F132013,10,45,1.0,"[28.851066908693042, 77.23113942146301]"
F132013,10,46,0.01,"[111.07080787919337, 0.48685503005981445]"
F132013,10,46,0.1,"[36.624384969344334, 5.053226470947266]"
F132013,10,46,0.2,"[26.379745791546952, 10.58126187324524]"
F132013,10,46,0.3,"[25.25060227070415, 16.690227031707764]"
F132013,10,46,0.4,"[25.08376438842086, 23.46932101249695]"
F132013,10,46,0.5,"[25.07834415192002, 30.835020065307617]"
F132013,10,46,0.6,"[25.07834415192002, 39.441601514816284]"
F132013,10,46,0.7,"[25.078229734625467, 49.776801109313965]"
F132013,10,46,0.8,"[25.07736862477867, 62.62962484359741]"
F132013,10,46,0.9,"[25.076412941323582, 76.48771286010742]"
F132013,10,46,1.0,"[25.076412941323582, 76.48772764205933]"
F132013,10,47,0.01,"[136.4490884060171, 0.5157878398895264]"
F132013,10,47,0.1,"[45.86364422405384, 5.156143665313721]"
F132013,10,47,0.2,"[26.22927885269118, 11.165369033813477]"
F132013,10,47,0.3,"[26.209595076454548, 16.864338159561157]"
F132013,10,47,0.4,"[26.20397393326172, 22.81386375427246]"
F132013,10,47,0.5,"[26.201982703808795, 29.57907509803772]"
F132013,10,47,0.6,"[26.199863948605497, 37.386977672576904]"
F132013,10,47,0.7,"[26.199863948605497, 46.821847915649414]"
F132013,10,47,0.8,"[26.199251248534978, 58.499154806137085]"
F132013,10,47,0.9,"[26.19906097798082, 64.04171752929688]"
F132013,10,47,1.0,"[26.19906097798082, 64.04172158241272]"
F132013,10,48,0.01,"[113.98503560251633, 0.501380205154419]"
F132013,10,48,0.1,"[36.85199124929039, 4.936311960220337]"
F132013,10,48,0.2,"[31.243720730821906, 10.05151629447937]"
F132013,10,48,0.3,"[28.121351682852975, 15.565573930740356]"
F132013,10,48,0.4,"[22.25143296985351, 21.623226404190063]"
F132013,10,48,0.5,"[21.886029257398945, 28.43407416343689]"
F132013,10,48,0.6,"[21.386471426943416, 36.27735996246338]"
F132013,10,48,0.7,"[21.099183652221114, 45.79239106178284]"
F132013,10,48,0.8,"[21.08728963941647, 57.51652717590332]"
F132013,10,48,0.9,"[21.078263184739683, 69.17636728286743]"
F132013,10,48,1.0,"[21.078263184739683, 69.17637777328491]"
F132013,10,49,0.01,"[170.0695974752553, 0.48921990394592285]"
F132013,10,49,0.1,"[54.351385136531746, 4.9753828048706055]"
F132013,10,49,0.2,"[48.5913306374818, 10.098718404769897]"
F132013,10,49,0.3,"[22.469181553545553, 15.542155981063843]"
F132013,10,49,0.4,"[22.437423336855545, 21.470056533813477]"
F132013,10,49,0.5,"[22.39684357636304, 28.08975052833557]"
F132013,10,49,0.6,"[22.362428254446797, 35.83027935028076]"
F132013,10,49,0.7,"[22.362428254446797, 45.27657413482666]"
F132013,10,49,0.8,"[22.357326464567933, 56.95309281349182]"
F132013,10,49,0.9,"[22.35719833844098, 62.93354415893555]"
F132013,10,49,1.0,"[22.35719833844098, 62.93354797363281]"
F132013,10,50,0.01,"[139.47479752398243, 0.4943227767944336]"
F132013,10,50,0.1,"[58.61129589800896, 4.942404508590698]"
F132013,10,50,0.2,"[26.50215684175629, 10.176833391189575]"
F132013,10,50,0.3,"[26.30271104083775, 15.761223554611206]"
F132013,10,50,0.4,"[26.30248189269605, 21.87787103652954]"
F132013,10,50,0.5,"[26.297960574691757, 28.687142848968506]"
F132013,10,50,0.6,"[26.297187635567667, 36.523478507995605]"
F132013,10,50,0.7,"[26.297131867639962, 45.99510979652405]"
F132013,10,50,0.8,"[22.370282174273427, 57.76660871505737]"
F132013,10,50,0.9,"[21.68214534898584, 71.82907223701477]"
F132013,10,50,1.0,"[21.676237301947197, 78.86251378059387]"
F132013,30,0,0.01,"[758.3863071225599, 4.1837310791015625]"
F132013,30,0,0.1,"[392.453946934437, 41.1061475276947]"
F132013,30,0,0.2,"[334.1073376510059, 79.23233389854431]"
F132013,30,0,0.3,"[323.38066900686505, 112.49159502983093]"
F132013,30,0,0.4,"[287.49007940066576, 127.63708829879761]"
F132013,30,0,0.5,"[257.8804985757401, 143.79895043373108]"
F132013,30,0,0.6,"[256.08238050148344, 162.25239443778992]"
F132013,30,0,0.7,"[254.25962319691837, 184.11306166648865]"
F132013,30,0,0.8,"[244.68031618588228, 211.04396176338196]"
F132013,30,0,0.9,"[215.29633182515002, 247.79520463943481]"
F132013,30,0,1.0,"[211.92546521090188, 278.1224834918976]"
F132013,30,1,0.01,"[847.1443199966069, 2.918945789337158]"
F132013,30,1,0.1,"[431.56884233812673, 28.68924832344055]"
F132013,30,1,0.2,"[372.4118605165086, 62.577635526657104]"
F132013,30,1,0.3,"[321.6102676457252, 95.69718909263611]"
F132013,30,1,0.4,"[311.6159911126114, 112.76929783821106]"
F132013,30,1,0.5,"[301.43970949937386, 129.34961581230164]"
F132013,30,1,0.6,"[291.548579202146, 147.88519024848938]"
F132013,30,1,0.7,"[273.2887390252122, 169.4112207889557]"
F132013,30,1,0.8,"[272.6874492185901, 196.22558283805847]"
F132013,30,1,0.9,"[229.71087967528052, 233.32762837409973]"
F132013,30,1,1.0,"[226.46091137271873, 266.03544998168945]"
F132013,30,2,0.01,"[737.5547645377352, 4.315324544906616]"
F132013,30,2,0.1,"[447.6731695993332, 47.186240434646606]"
F132013,30,2,0.2,"[387.7723859124442, 87.16098642349243]"
F132013,30,2,0.3,"[324.8922205881301, 113.75024342536926]"
F132013,30,2,0.4,"[295.0619485437308, 129.39773726463318]"
F132013,30,2,0.5,"[266.6429160821832, 146.18020248413086]"
F132013,30,2,0.6,"[263.31693613664225, 164.73204898834229]"
F132013,30,2,0.7,"[261.80031505447096, 186.61609506607056]"
F132013,30,2,0.8,"[261.65277866871907, 213.6900773048401]"
F132013,30,2,0.9,"[253.08055590950426, 251.11712312698364]"
F132013,30,2,1.0,"[248.43088912526287, 284.3379080295563]"
F132013,30,3,0.01,"[749.2531593273984, 4.099810361862183]"
F132013,30,3,0.1,"[459.92508633408414, 45.80505013465881]"
F132013,30,3,0.2,"[364.7283282852709, 82.4306526184082]"
F132013,30,3,0.3,"[323.9399300289329, 109.13213062286377]"
F132013,30,3,0.4,"[294.7194105349794, 124.53192353248596]"
F132013,30,3,0.5,"[291.5886883666483, 140.9975197315216]"
F132013,30,3,0.6,"[267.6126646553101, 159.62029266357422]"
F132013,30,3,0.7,"[264.1137212960281, 181.39165472984314]"
F132013,30,3,0.8,"[263.84362151678886, 208.3313980102539]"
F132013,30,3,0.9,"[263.79334777373134, 245.42951941490173]"
F132013,30,3,1.0,"[263.7693995188692, 281.71069407463074]"
F132013,30,4,0.01,"[810.0459037611637, 4.792325973510742]"
F132013,30,4,0.1,"[441.98072185767757, 43.902328968048096]"
F132013,30,4,0.2,"[352.5664160721479, 87.76392531394958]"
F132013,30,4,0.3,"[311.9288677261875, 115.44055533409119]"
F132013,30,4,0.4,"[279.745510089828, 130.949786901474]"
F132013,30,4,0.5,"[272.99933599639365, 147.73832654953003]"
F132013,30,4,0.6,"[272.6090072262479, 166.61416816711426]"
F132013,30,4,0.7,"[272.58269278685117, 188.3403284549713]"
F132013,30,4,0.8,"[233.48485747527275, 215.26776838302612]"
F132013,30,4,0.9,"[215.13728516643903, 252.38009357452393]"
F132013,30,4,1.0,"[205.8801965059437, 298.76166820526123]"
F132013,30,5,0.01,"[840.7216797502398, 2.9251091480255127]"
F132013,30,5,0.1,"[426.9971518253597, 35.174349546432495]"
F132013,30,5,0.2,"[361.5397496321238, 58.1854727268219]"
F132013,30,5,0.3,"[332.6412935934725, 91.27859306335449]"
F132013,30,5,0.4,"[318.11087536651274, 110.77969980239868]"
F132013,30,5,0.5,"[293.33544701814327, 127.88602662086487]"
F132013,30,5,0.6,"[290.4083131458782, 146.66748332977295]"
F132013,30,5,0.7,"[261.6163888888914, 168.40338683128357]"
F132013,30,5,0.8,"[260.44020748907786, 195.31993126869202]"
F132013,30,5,0.9,"[260.4018381028405, 232.50898241996765]"
F132013,30,5,1.0,"[260.40136722087885, 251.4727680683136]"
F132013,30,6,0.01,"[737.0406203072747, 3.868975877761841]"
F132013,30,6,0.1,"[445.9783281061005, 39.74439096450806]"
F132013,30,6,0.2,"[365.55692987683034, 78.18859386444092]"
F132013,30,6,0.3,"[303.03137149974197, 103.95110893249512]"
F132013,30,6,0.4,"[292.2019962085914, 119.63059163093567]"
F132013,30,6,0.5,"[284.87377473361096, 136.6405839920044]"
F132013,30,6,0.6,"[275.0756159557575, 155.40806889533997]"
F132013,30,6,0.7,"[235.8664573628967, 177.13354349136353]"
F132013,30,6,0.8,"[232.36087355881662, 204.27035093307495]"
F132013,30,6,0.9,"[232.2966433275853, 241.6206922531128]"
F132013,30,6,1.0,"[232.29183384281183, 281.24716877937317]"
F132013,30,7,0.01,"[791.4329427859517, 3.409639835357666]"
F132013,30,7,0.1,"[414.7498460395856, 32.24551343917847]"
F132013,30,7,0.2,"[331.31085068710615, 63.72374677658081]"
F132013,30,7,0.3,"[304.6386493560974, 93.74031329154968]"
F132013,30,7,0.4,"[289.34889935665313, 110.99539279937744]"
F132013,30,7,0.5,"[265.1558628813623, 127.58863663673401]"
F132013,30,7,0.6,"[264.5818007845406, 146.31977820396423]"
F132013,30,7,0.7,"[255.49663381845426, 168.08066940307617]"
F132013,30,7,0.8,"[247.20313515251377, 195.30188727378845]"
F132013,30,7,0.9,"[236.59735083752412, 232.7018382549286]"
F132013,30,7,1.0,"[236.4407117718236, 285.8391137123108]"
F132013,30,8,0.01,"[710.6445607089973, 3.0703210830688477]"
F132013,30,8,0.1,"[429.26919427348184, 32.811503648757935]"
F132013,30,8,0.2,"[325.32300062889914, 71.79059886932373]"
F132013,30,8,0.3,"[324.0654177457543, 99.74632525444031]"
F132013,30,8,0.4,"[310.7892605069474, 115.87409615516663]"
F132013,30,8,0.5,"[284.4570028672797, 132.89266705513]"
F132013,30,8,0.6,"[283.7568736432303, 151.99303317070007]"
F132013,30,8,0.7,"[274.7279403403092, 174.3916358947754]"
F132013,30,8,0.8,"[257.08994670671973, 201.9929895401001]"
F132013,30,8,0.9,"[188.02100705690106, 239.7848038673401]"
F132013,30,8,1.0,"[165.05825621288966, 286.60091733932495]"
F132013,30,9,0.01,"[820.123752651204, 3.3887054920196533]"
F132013,30,9,0.1,"[429.40829257571744, 33.41422486305237]"
F132013,30,9,0.2,"[337.20792222166466, 66.79237699508667]"
F132013,30,9,0.3,"[286.4828745296641, 94.45862030982971]"
F132013,30,9,0.4,"[283.0216283749841, 117.0929503440857]"
F132013,30,9,0.5,"[247.53888779165067, 134.22785210609436]"
F132013,30,9,0.6,"[242.9969257031657, 153.43910431861877]"
F132013,30,9,0.7,"[241.2078403704244, 175.6603765487671]"
F132013,30,9,0.8,"[219.36399245501855, 203.35102772712708]"
F132013,30,9,0.9,"[208.1098232997157, 240.67561674118042]"
F132013,30,9,1.0,"[207.31904343033426, 267.4572021961212]"
F132013,30,10,0.01,"[765.800399330667, 4.499313116073608]"
F132013,30,10,0.1,"[418.4224887669649, 44.598135471343994]"
F132013,30,10,0.2,"[371.1098086940516, 83.84689784049988]"
F132013,30,10,0.3,"[351.30932398060065, 113.05392122268677]"
F132013,30,10,0.4,"[314.0701758539955, 130.42409372329712]"
F132013,30,10,0.5,"[291.0337574067662, 148.80045413970947]"
F132013,30,10,0.6,"[262.15256472930577, 169.43550086021423]"
F132013,30,10,0.7,"[240.44441349944674, 193.16871047019958]"
F132013,30,10,0.8,"[231.8680302186341, 222.61935925483704]"
F132013,30,10,0.9,"[230.38440418971237, 263.26373171806335]"
F132013,30,10,1.0,"[230.2101563914212, 296.5722563266754]"
F132013,30,11,0.01,"[774.1099397650219, 4.496180772781372]"
F132013,30,11,0.1,"[425.0547343643632, 35.40324378013611]"
F132013,30,11,0.2,"[335.18147060908086, 71.87898111343384]"
F132013,30,11,0.3,"[267.55317294502237, 104.5384168624878]"
F132013,30,11,0.4,"[246.10309489945914, 122.80845808982849]"
F132013,30,11,0.5,"[239.5713025375985, 139.792236328125]"
F132013,30,11,0.6,"[239.51208438036917, 158.66166925430298]"
F132013,30,11,0.7,"[239.51208438036917, 180.2310655117035]"
F132013,30,11,0.8,"[222.2808900172846, 207.17361545562744]"
F132013,30,11,0.9,"[222.22891114384058, 244.3349425792694]"
F132013,30,11,1.0,"[222.22726158015013, 275.5526909828186]"
F132013,30,12,0.01,"[806.3881630729127, 3.240861415863037]"
F132013,30,12,0.1,"[427.51936152148005, 36.50663995742798]"
F132013,30,12,0.2,"[374.2244445399593, 73.24384427070618]"
F132013,30,12,0.3,"[336.8737333179529, 109.53162622451782]"
F132013,30,12,0.4,"[333.6742060677114, 125.96275639533997]"
F132013,30,12,0.5,"[331.5839460361708, 142.61685276031494]"
F132013,30,12,0.6,"[315.5132393399717, 161.11281824111938]"
F132013,30,12,0.7,"[290.96028895651324, 182.79557585716248]"
F132013,30,12,0.8,"[268.34347091457903, 209.7170422077179]"
F132013,30,12,0.9,"[243.04298776799178, 246.85320377349854]"
F132013,30,12,1.0,"[221.41793632301813, 273.30350613594055]"
F132013,30,13,0.01,"[801.6992457246635, 4.121715784072876]"
F132013,30,13,0.1,"[443.43863563804234, 36.230406284332275]"
F132013,30,13,0.2,"[390.16188765357975, 65.68343997001648]"
F132013,30,13,0.3,"[377.9399105875848, 89.82391333580017]"
F132013,30,13,0.4,"[344.3376261579633, 109.14591217041016]"
F132013,30,13,0.5,"[300.03139101621286, 125.56254458427429]"
F132013,30,13,0.6,"[298.8518594521984, 143.9879081249237]"
F132013,30,13,0.7,"[298.5819409525268, 165.54021048545837]"
F132013,30,13,0.8,"[298.5796566208257, 192.40647435188293]"
F132013,30,13,0.9,"[298.5723075190135, 229.47688722610474]"
F132013,30,13,1.0,"[298.5707847105935, 259.40479826927185]"
F132013,30,14,0.01,"[735.138236630153, 4.872750997543335]"
F132013,30,14,0.1,"[392.68940070614343, 34.60949754714966]"
F132013,30,14,0.2,"[356.1673802552048, 70.27942562103271]"
F132013,30,14,0.3,"[292.0969967628785, 102.17843103408813]"
F132013,30,14,0.4,"[279.79660502772145, 122.25705361366272]"
F132013,30,14,0.5,"[274.2956877379341, 138.91994380950928]"
F132013,30,14,0.6,"[273.3728196526473, 157.71001529693604]"
F132013,30,14,0.7,"[273.2843186179218, 179.61787629127502]"
F132013,30,14,0.8,"[260.50278354827446, 206.85762476921082]"
F132013,30,14,0.9,"[222.2395933762328, 244.18824553489685]"
F132013,30,14,1.0,"[205.46608712988842, 266.13488388061523]"
F132013,30,15,0.01,"[727.7442355334223, 3.76529860496521]"
F132013,30,15,0.1,"[413.90122370748367, 41.36450982093811]"
F132013,30,15,0.2,"[326.7329617007555, 82.75526762008667]"
F132013,30,15,0.3,"[302.47939002054716, 110.48030948638916]"
F132013,30,15,0.4,"[285.96283725372746, 126.07726120948792]"
F132013,30,15,0.5,"[282.618685490097, 142.72846341133118]"
F132013,30,15,0.6,"[267.423492455432, 161.38403415679932]"
F132013,30,15,0.7,"[243.60055136835584, 183.2679579257965]"
F132013,30,15,0.8,"[242.91631234995236, 210.24362325668335]"
F132013,30,15,0.9,"[242.80377162000624, 247.3569049835205]"
F132013,30,15,1.0,"[242.63298561145177, 301.83222126960754]"
F132013,30,16,0.01,"[769.334104656743, 5.31919002532959]"
F132013,30,16,0.1,"[456.837909059148, 44.42360305786133]"
F132013,30,16,0.2,"[362.13201450276205, 84.56839752197266]"
F132013,30,16,0.3,"[325.7454001913264, 116.5110535621643]"
F132013,30,16,0.4,"[299.2657280130274, 132.27835988998413]"
F132013,30,16,0.5,"[295.0089649063215, 149.4949381351471]"
F132013,30,16,0.6,"[290.9478781455524, 168.63015961647034]"
F132013,30,16,0.7,"[289.0888351483623, 190.68660759925842]"
F132013,30,16,0.8,"[271.76457609101357, 217.89274764060974]"
F132013,30,16,0.9,"[268.356570501803, 255.28110575675964]"
F132013,30,16,1.0,"[268.2964198372337, 306.94843316078186]"
F132013,30,17,0.01,"[713.9731517730168, 3.9405786991119385]"
F132013,30,17,0.1,"[376.47276274539934, 40.205466508865356]"
F132013,30,17,0.2,"[304.5288613869553, 79.91290402412415]"
F132013,30,17,0.3,"[286.3526843384736, 105.19113421440125]"
F132013,30,17,0.4,"[261.57967038002687, 121.02370285987854]"
F132013,30,17,0.5,"[248.060050640221, 137.65377187728882]"
F132013,30,17,0.6,"[231.45927607808935, 156.19287776947021]"
F132013,30,17,0.7,"[192.38212916247824, 177.93239998817444]"
F132013,30,17,0.8,"[186.397178003692, 205.07130885124207]"
F132013,30,17,0.9,"[186.2841127512177, 242.548264503479]"
F132013,30,17,1.0,"[186.27812144936289, 266.6392250061035]"
F132013,30,18,0.01,"[807.8015142114186, 3.290456533432007]"
F132013,30,18,0.1,"[402.54880668346243, 37.73303985595703]"
F132013,30,18,0.2,"[345.4894256330143, 76.84709358215332]"
F132013,30,18,0.3,"[295.8645766302651, 105.55333042144775]"
F132013,30,18,0.4,"[258.88089068054296, 120.90295934677124]"
F132013,30,18,0.5,"[249.45778681210336, 137.3182897567749]"
F132013,30,18,0.6,"[248.2871787617697, 155.9122052192688]"
F132013,30,18,0.7,"[247.89143481198522, 177.42744636535645]"
F132013,30,18,0.8,"[238.0547670906403, 204.34977293014526]"
F132013,30,18,0.9,"[234.12048591942565, 241.60957074165344]"
F132013,30,18,1.0,"[232.8126235886368, 272.82378244400024]"
F132013,30,19,0.01,"[760.2234207330051, 3.3929851055145264]"
F132013,30,19,0.1,"[419.15977645159035, 42.77176260948181]"
F132013,30,19,0.2,"[345.55600575549005, 78.74884176254272]"
F132013,30,19,0.3,"[322.73833642638533, 107.25814819335938]"
F132013,30,19,0.4,"[305.1438903585406, 122.57843160629272]"
F132013,30,19,0.5,"[301.2348852236493, 138.9483344554901]"
F132013,30,19,0.6,"[282.9466938082305, 157.32975149154663]"
F132013,30,19,0.7,"[222.25594006363917, 178.99369978904724]"
F132013,30,19,0.8,"[215.11013698063007, 206.25983500480652]"
F132013,30,19,0.9,"[210.44392495825164, 243.6110758781433]"
F132013,30,19,1.0,"[205.6124467172435, 278.6726338863373]"
F132013,30,20,0.01,"[853.154127472448, 3.516629219055176]"
F132013,30,20,0.1,"[452.11547893432254, 33.99300527572632]"
F132013,30,20,0.2,"[370.8512820826867, 67.99189925193787]"
F132013,30,20,0.3,"[315.2807290247163, 104.37272357940674]"
F132013,30,20,0.4,"[263.5549550657588, 123.04650330543518]"
F132013,30,20,0.5,"[254.43692478882105, 139.8296718597412]"
F132013,30,20,0.6,"[254.13458108097714, 158.2025020122528]"
F132013,30,20,0.7,"[251.74096209105122, 179.9303584098816]"
F132013,30,20,0.8,"[217.6062008085411, 207.09676218032837]"
F132013,30,20,0.9,"[216.6087680422076, 244.29809165000916]"
F132013,30,20,1.0,"[216.58408851235717, 274.7256426811218]"
F132013,30,21,0.01,"[821.8914004424578, 3.660228967666626]"
F132013,30,21,0.1,"[452.88255196183195, 40.0609405040741]"
F132013,30,21,0.2,"[355.6678047325844, 78.03909850120544]"
F132013,30,21,0.3,"[329.49337914195957, 108.98638820648193]"
F132013,30,21,0.4,"[317.58525041328437, 124.83420443534851]"
F132013,30,21,0.5,"[315.7080957328091, 141.46027946472168]"
F132013,30,21,0.6,"[315.67429840929424, 159.8602647781372]"
F132013,30,21,0.7,"[283.61985040471876, 181.43505382537842]"
F132013,30,21,0.8,"[281.8839363280573, 208.43579387664795]"
F132013,30,21,0.9,"[265.89310958768664, 245.57808113098145]"
F132013,30,21,1.0,"[257.0768705981985, 299.7757885456085]"
F132013,30,22,0.01,"[822.6788241141049, 4.712389230728149]"
F132013,30,22,0.1,"[462.05558989931103, 30.87509059906006]"
F132013,30,22,0.2,"[343.53031112657, 68.18294954299927]"
F132013,30,22,0.3,"[317.62627652164787, 97.20280408859253]"
F132013,30,22,0.4,"[293.73483570953687, 114.14774799346924]"
F132013,30,22,0.5,"[271.0579013349217, 130.86664152145386]"
F132013,30,22,0.6,"[261.02855156766407, 149.15999102592468]"
F132013,30,22,0.7,"[252.23553421766755, 170.3929159641266]"
F132013,30,22,0.8,"[249.23634016905413, 197.25142693519592]"
F132013,30,22,0.9,"[247.3023487014652, 234.3065700531006]"
F132013,30,22,1.0,"[247.30229588539282, 250.24928212165833]"
F132013,30,23,0.01,"[797.3433033717351, 4.092673301696777]"
F132013,30,23,0.1,"[389.87602133301584, 28.97113037109375]"
F132013,30,23,0.2,"[319.76146320431974, 67.28055047988892]"
F132013,30,23,0.3,"[293.6856024715366, 95.33216118812561]"
F132013,30,23,0.4,"[276.2770508052975, 111.27639579772949]"
F132013,30,23,0.5,"[274.68105050783345, 127.93776655197144]"
F132013,30,23,0.6,"[271.34584776826534, 146.41361021995544]"
F132013,30,23,0.7,"[270.5141721511237, 167.96003484725952]"
F132013,30,23,0.8,"[270.4993609054265, 194.87155532836914]"
F132013,30,23,0.9,"[215.7703415553436, 232.0259256362915]"
F132013,30,23,1.0,"[215.5779991331693, 264.32820439338684]"
F132013,30,24,0.01,"[805.101476618447, 3.8381173610687256]"
F132013,30,24,0.1,"[431.42292792630246, 32.43952488899231]"
F132013,30,24,0.2,"[331.6718364727419, 68.00479817390442]"
F132013,30,24,0.3,"[282.31714047556505, 101.79239797592163]"
F132013,30,24,0.4,"[277.4073798005048, 121.2453248500824]"
F132013,30,24,0.5,"[263.05278554143945, 137.8977246284485]"
F132013,30,24,0.6,"[251.77143517503083, 156.6008596420288]"
F132013,30,24,0.7,"[249.26184783160068, 178.0468225479126]"
F132013,30,24,0.8,"[221.62354386175767, 204.89875435829163]"
F132013,30,24,0.9,"[221.1884130696467, 241.9326355457306]"
F132013,30,24,1.0,"[221.16588059538665, 289.2539629936218]"
F132013,30,25,0.01,"[797.518367707509, 3.128164052963257]"
F132013,30,25,0.1,"[447.6809826364722, 38.1102294921875]"
F132013,30,25,0.2,"[366.68291117477725, 74.49642443656921]"
F132013,30,25,0.3,"[294.7427902786378, 106.68393683433533]"
F132013,30,25,0.4,"[287.0692438127238, 122.24564814567566]"
F132013,30,25,0.5,"[285.269533339158, 138.99115443229675]"
F132013,30,25,0.6,"[285.26225142914075, 157.79304480552673]"
F132013,30,25,0.7,"[280.64413054015796, 180.047709941864]"
F132013,30,25,0.8,"[280.1106582353112, 207.43381643295288]"
F132013,30,25,0.9,"[280.06769697501875, 244.64270949363708]"
F132013,30,25,1.0,"[279.2483476549793, 271.2383544445038]"
F132013,30,26,0.01,"[748.2851592001255, 4.1149303913116455]"
F132013,30,26,0.1,"[428.0842431437077, 41.9080548286438]"
F132013,30,26,0.2,"[329.764745473472, 83.62794423103333]"
F132013,30,26,0.3,"[281.61280402764504, 114.59236431121826]"
F132013,30,26,0.4,"[254.0286178598354, 129.98181056976318]"
F132013,30,26,0.5,"[250.11674456504852, 146.5749454498291]"
F132013,30,26,0.6,"[249.93263537727842, 165.00599765777588]"
F132013,30,26,0.7,"[249.87771048632507, 186.229567527771]"
F132013,30,26,0.8,"[249.70672113873383, 212.9049937725067]"
F132013,30,26,0.9,"[249.67500025545013, 249.93486404418945]"
F132013,30,26,1.0,"[249.66442803027593, 274.2763888835907]"
F132013,30,27,0.01,"[794.1433194398602, 3.514409303665161]"
F132013,30,27,0.1,"[359.8817652941158, 36.079739809036255]"
F132013,30,27,0.2,"[314.2800231911876, 70.12063932418823]"
F132013,30,27,0.3,"[273.9823419632803, 106.33666110038757]"
F132013,30,27,0.4,"[261.14596566222906, 123.32052278518677]"
F132013,30,27,0.5,"[260.5672309698399, 140.43821144104004]"
F132013,30,27,0.6,"[260.5636892243607, 159.2663552761078]"
F132013,30,27,0.7,"[249.9504728655722, 181.04144740104675]"
F132013,30,27,0.8,"[238.6948410927426, 208.1859667301178]"
F132013,30,27,0.9,"[237.68473402543552, 245.64975690841675]"
F132013,30,27,1.0,"[236.5357604556699, 269.88582158088684]"
F132013,30,28,0.01,"[810.7124812043586, 4.352001190185547]"
F132013,30,28,0.1,"[414.61987318998416, 40.84767270088196]"
F132013,30,28,0.2,"[353.4171591645971, 74.89080953598022]"
F132013,30,28,0.3,"[329.8549423962581, 106.39464092254639]"
F132013,30,28,0.4,"[294.5650608967777, 121.83730506896973]"
F132013,30,28,0.5,"[276.8271334054471, 138.40104961395264]"
F132013,30,28,0.6,"[269.35569790527063, 156.71623396873474]"
F132013,30,28,0.7,"[268.2531085943574, 178.32344937324524]"
F132013,30,28,0.8,"[255.80805705642666, 205.12852883338928]"
F132013,30,28,0.9,"[244.94044385371194, 242.30536365509033]"
F132013,30,28,1.0,"[243.801624397922, 278.8953535556793]"
F132013,30,29,0.01,"[673.7122031544136, 3.5156006813049316]"
F132013,30,29,0.1,"[464.58636478409596, 40.971938371658325]"
F132013,30,29,0.2,"[321.7626652125444, 80.95745015144348]"
F132013,30,29,0.3,"[271.87754502627945, 112.08621859550476]"
F132013,30,29,0.4,"[235.69975963350834, 127.51187562942505]"
F132013,30,29,0.5,"[202.54427538297452, 143.9721131324768]"
F132013,30,29,0.6,"[198.01669167163874, 162.65281176567078]"
F132013,30,29,0.7,"[194.53391690236742, 184.37776255607605]"
F132013,30,29,0.8,"[192.68844051009035, 211.26991367340088]"
F132013,30,29,0.9,"[192.65691339924646, 248.26789593696594]"
F132013,30,29,1.0,"[192.65473637999645, 273.6177999973297]"
F132013,30,30,0.01,"[791.6768896980743, 3.8334035873413086]"
F132013,30,30,0.1,"[436.577434816832, 47.41282939910889]"
F132013,30,30,0.2,"[364.59356285136937, 90.32972621917725]"
F132013,30,30,0.3,"[316.35466015756066, 117.82774066925049]"
F132013,30,30,0.4,"[262.91343788962735, 133.48875260353088]"
F132013,30,30,0.5,"[237.62044600024498, 150.08029127120972]"
F132013,30,30,0.6,"[237.05022238962056, 168.6366810798645]"
F132013,30,30,0.7,"[236.3462140619723, 190.38508248329163]"
F132013,30,30,0.8,"[236.1041952653045, 217.39208340644836]"
F132013,30,30,0.9,"[206.1004202418884, 254.573228597641]"
F132013,30,30,1.0,"[205.19673004876657, 284.9062659740448]"
F132013,30,31,0.01,"[835.6634186678009, 3.547483444213867]"
F132013,30,31,0.1,"[448.22889817916223, 48.420494556427]"
F132013,30,31,0.2,"[376.16053287180085, 87.34513211250305]"
F132013,30,31,0.3,"[323.5915648206509, 116.67219305038452]"
F132013,30,31,0.4,"[307.8280950914963, 131.87551379203796]"
F132013,30,31,0.5,"[301.40749798158413, 148.32518196105957]"
F132013,30,31,0.6,"[280.8532657658995, 166.83178877830505]"
F132013,30,31,0.7,"[251.4901158282022, 188.5169656276703]"
F132013,30,31,0.8,"[241.0883794344344, 215.41728115081787]"
F132013,30,31,0.9,"[239.9415437455727, 252.43782234191895]"
F132013,30,31,1.0,"[239.8864424970059, 288.3051426410675]"
F132013,30,32,0.01,"[803.6322013661805, 4.397859811782837]"
F132013,30,32,0.1,"[391.2183688051929, 46.71614146232605]"
F132013,30,32,0.2,"[325.9990041777918, 87.01787495613098]"
F132013,30,32,0.3,"[285.32902964005444, 114.34553003311157]"
F132013,30,32,0.4,"[262.9697812011361, 129.9624638557434]"
F132013,30,32,0.5,"[226.9470479275636, 146.801771402359]"
F132013,30,32,0.6,"[226.58929618293908, 165.19517135620117]"
F132013,30,32,0.7,"[226.37603781122306, 186.63276982307434]"
F132013,30,32,0.8,"[226.31009089624519, 213.42475605010986]"
F132013,30,32,0.9,"[226.28686063780032, 250.36399722099304]"
F132013,30,32,1.0,"[226.25776340543248, 277.18728494644165]"
F132013,30,33,0.01,"[800.2211449752529, 3.842852830886841]"
F132013,30,33,0.1,"[477.4336921297827, 35.50146675109863]"
F132013,30,33,0.2,"[334.1113632674894, 61.53683662414551]"
F132013,30,33,0.3,"[317.76964926835916, 91.81305384635925]"
F132013,30,33,0.4,"[299.0189209876961, 109.37383437156677]"
F132013,30,33,0.5,"[295.14808742839296, 126.41783452033997]"
F132013,30,33,0.6,"[280.6826112092107, 144.99747729301453]"
F132013,30,33,0.7,"[267.74356033566653, 166.49472379684448]"
F132013,30,33,0.8,"[246.6802945981649, 193.39850759506226]"
F132013,30,33,0.9,"[221.26946766434025, 230.46263360977173]"
F132013,30,33,1.0,"[221.1636744669648, 255.27378344535828]"
F132013,30,34,0.01,"[748.5497277879624, 3.0992822647094727]"
F132013,30,34,0.1,"[393.9659884913487, 28.58317470550537]"
F132013,30,34,0.2,"[295.45863551740746, 58.119664907455444]"
F132013,30,34,0.3,"[265.3249415142779, 97.21365809440613]"
F132013,30,34,0.4,"[257.63400730242495, 115.17880344390869]"
F132013,30,34,0.5,"[254.87121609217877, 132.44476628303528]"
F132013,30,34,0.6,"[253.127351803109, 151.776358127594]"
F132013,30,34,0.7,"[245.66628320168783, 174.107896566391]"
F132013,30,34,0.8,"[212.2229354222849, 201.5588674545288]"
F132013,30,34,0.9,"[202.0944229848197, 238.8942267894745]"
F132013,30,34,1.0,"[200.7472059217609, 286.2401931285858]"
F132013,30,35,0.01,"[804.9087359577163, 4.215403318405151]"
F132013,30,35,0.1,"[426.78998578112197, 43.29413723945618]"
F132013,30,35,0.2,"[394.51575555151885, 86.65835666656494]"
F132013,30,35,0.3,"[334.3463340018465, 114.18621397018433]"
F132013,30,35,0.4,"[319.70660357627827, 129.6442174911499]"
F132013,30,35,0.5,"[308.2222676403455, 146.101567029953]"
F132013,30,35,0.6,"[298.70689549099285, 164.90078020095825]"
F132013,30,35,0.7,"[297.18841479079623, 186.92005944252014]"
F132013,30,35,0.8,"[296.86810766697397, 213.93995571136475]"
F132013,30,35,0.9,"[277.8723266320745, 250.9263219833374]"
F132013,30,35,1.0,"[277.8378964944224, 273.0158214569092]"
F132013,30,36,0.01,"[848.9331018895999, 3.7148475646972656]"
F132013,30,36,0.1,"[372.418289414173, 49.16538763046265]"
F132013,30,36,0.2,"[327.0449201625212, 92.2987802028656]"
F132013,30,36,0.3,"[315.54147357751674, 117.14425730705261]"
F132013,30,36,0.4,"[307.8365538776903, 132.87293696403503]"
F132013,30,36,0.5,"[280.0292537622297, 149.67071890830994]"
F132013,30,36,0.6,"[272.0200735802878, 168.63368320465088]"
F132013,30,36,0.7,"[221.87061788138615, 190.66149163246155]"
F132013,30,36,0.8,"[214.28028047202383, 217.6445209980011]"
F132013,30,36,0.9,"[211.2845950707408, 254.8571743965149]"
F132013,30,36,1.0,"[210.7797159102748, 302.7335865497589]"
F132013,30,37,0.01,"[782.8795856484975, 3.906851291656494]"
F132013,30,37,0.1,"[384.2366367642692, 38.71331477165222]"
F132013,30,37,0.2,"[367.53109972848716, 75.12318325042725]"
F132013,30,37,0.3,"[346.3938680557285, 107.63331747055054]"
F132013,30,37,0.4,"[305.4148856306461, 123.16802287101746]"
F132013,30,37,0.5,"[301.19653613222084, 139.97271466255188]"
F132013,30,37,0.6,"[300.7800983276231, 158.50027775764465]"
F132013,30,37,0.7,"[300.73709647486373, 180.08512711524963]"
F132013,30,37,0.8,"[289.1775072640101, 207.01958560943604]"
F132013,30,37,0.9,"[238.7526373643393, 244.1614534854889]"
F132013,30,37,1.0,"[238.62170955059327, 286.84454321861267]"
F132013,30,38,0.01,"[831.140077588, 3.5689823627471924]"
F132013,30,38,0.1,"[419.07005525718375, 38.3856987953186]"
F132013,30,38,0.2,"[349.9065574043218, 77.71059536933899]"
F132013,30,38,0.3,"[314.55867569118254, 109.04816937446594]"
F132013,30,38,0.4,"[303.3193870287126, 124.83560609817505]"
F132013,30,38,0.5,"[285.5684040245659, 142.08566641807556]"
F132013,30,38,0.6,"[282.8752079881383, 161.35895085334778]"
F132013,30,38,0.7,"[282.2103364010753, 183.36149191856384]"
F132013,30,38,0.8,"[281.5391054799504, 210.67661571502686]"
F132013,30,38,0.9,"[281.41698349576023, 248.35383701324463]"
F132013,30,38,1.0,"[281.38286515693017, 303.2172152996063]"
F132013,30,39,0.01,"[777.7485396343918, 4.420190334320068]"
F132013,30,39,0.1,"[442.9824240373725, 43.28430533409119]"
F132013,30,39,0.2,"[306.666682000372, 85.58059430122375]"
F132013,30,39,0.3,"[289.56846199166336, 115.10541248321533]"
F132013,30,39,0.4,"[287.35647305949516, 130.61701679229736]"
F132013,30,39,0.5,"[272.6750135740972, 147.22282123565674]"
F132013,30,39,0.6,"[262.65298033570787, 165.89565110206604]"
F132013,30,39,0.7,"[245.53118386070392, 187.6056673526764]"
F132013,30,39,0.8,"[217.2487856204973, 214.67987537384033]"
F132013,30,39,0.9,"[198.58304017257865, 252.03208255767822]"
F132013,30,39,1.0,"[182.01231887519484, 281.05931878089905]"
F132013,30,40,0.01,"[748.5969369074847, 4.417844772338867]"
F132013,30,40,0.1,"[446.1108065793906, 39.04835247993469]"
F132013,30,40,0.2,"[367.444344810678, 77.72286701202393]"
F132013,30,40,0.3,"[302.5664537143966, 102.67655110359192]"
F132013,30,40,0.4,"[255.98620827329856, 118.56185674667358]"
F132013,30,40,0.5,"[244.9061230847023, 135.68084168434143]"
F132013,30,40,0.6,"[241.67697433275825, 154.14251828193665]"
F132013,30,40,0.7,"[235.7378543210337, 175.78369736671448]"
F132013,30,40,0.8,"[214.62877387177622, 202.8393292427063]"
F132013,30,40,0.9,"[149.5002589730789, 240.06843519210815]"
F132013,30,40,1.0,"[147.25283722562733, 295.4897413253784]"
F132013,30,41,0.01,"[858.6183880999197, 3.963408946990967]"
F132013,30,41,0.1,"[426.0556280076517, 38.18711805343628]"
F132013,30,41,0.2,"[326.59881379607765, 73.01919221878052]"
F132013,30,41,0.3,"[284.8203352702752, 105.66860580444336]"
F132013,30,41,0.4,"[269.86983664858997, 121.44874215126038]"
F132013,30,41,0.5,"[253.56293291737268, 138.41476464271545]"
F132013,30,41,0.6,"[248.8821728240777, 157.06567811965942]"
F132013,30,41,0.7,"[230.29092586570673, 178.56892895698547]"
F132013,30,41,0.8,"[224.82992335331906, 205.8162977695465]"
F132013,30,41,0.9,"[209.62461474451405, 243.16867566108704]"
F132013,30,41,1.0,"[208.52915500471903, 290.01909852027893]"
F132013,30,42,0.01,"[829.1015436180546, 3.6808178424835205]"
F132013,30,42,0.1,"[404.1613331166783, 36.361953258514404]"
F132013,30,42,0.2,"[349.4468094145513, 83.82249665260315]"
F132013,30,42,0.3,"[298.62394681778125, 114.00165557861328]"
F132013,30,42,0.4,"[297.75621877814126, 129.14298129081726]"
F132013,30,42,0.5,"[296.5672307411344, 145.2286241054535]"
F132013,30,42,0.6,"[296.1761447820995, 163.23108673095703]"
F132013,30,42,0.7,"[273.3749460215418, 184.52891421318054]"
F132013,30,42,0.8,"[230.08472742091374, 211.39946484565735]"
F132013,30,42,0.9,"[206.8470778355698, 248.493070602417]"
F132013,30,42,1.0,"[200.1451364156462, 281.58189725875854]"
F132013,30,43,0.01,"[819.788875156759, 4.242603302001953]"
F132013,30,43,0.1,"[431.22924534588145, 41.0376877784729]"
F132013,30,43,0.2,"[338.37716906049695, 76.07934236526489]"
F132013,30,43,0.3,"[297.7575185765729, 105.13323307037354]"
F132013,30,43,0.4,"[291.5193360543633, 122.41357159614563]"
F132013,30,43,0.5,"[264.88319188707914, 138.82134461402893]"
F132013,30,43,0.6,"[264.71336427015933, 157.0433132648468]"
F132013,30,43,0.7,"[255.945081856543, 178.83502340316772]"
F132013,30,43,0.8,"[202.54012968927725, 206.0929434299469]"
F132013,30,43,0.9,"[179.00719331010941, 243.5265588760376]"
F132013,30,43,1.0,"[178.89994848610343, 281.2225522994995]"
F132013,30,44,0.01,"[813.928115302661, 4.437001705169678]"
F132013,30,44,0.1,"[403.6165079292775, 32.846355676651]"
F132013,30,44,0.2,"[363.60297746389045, 63.98684859275818]"
F132013,30,44,0.3,"[323.88923137298355, 96.10061621665955]"
F132013,30,44,0.4,"[316.80600492421615, 113.3604531288147]"
F132013,30,44,0.5,"[297.20317738295313, 130.08215498924255]"
F132013,30,44,0.6,"[284.61409490123225, 148.80424785614014]"
F132013,30,44,0.7,"[249.26498280376623, 170.78586316108704]"
F132013,30,44,0.8,"[241.8125799220049, 197.94137620925903]"
F132013,30,44,0.9,"[237.7227423149329, 235.13845658302307]"
F132013,30,44,1.0,"[236.90730675912252, 268.149290561676]"
F132013,30,45,0.01,"[876.8280017955241, 4.424510717391968]"
F132013,30,45,0.1,"[414.6793064995171, 37.440406799316406]"
F132013,30,45,0.2,"[316.0490378609507, 78.07419443130493]"
F132013,30,45,0.3,"[303.70556036442184, 106.03368902206421]"
F132013,30,45,0.4,"[296.00185122616995, 121.84543132781982]"
F132013,30,45,0.5,"[289.68793149506007, 138.70274901390076]"
F132013,30,45,0.6,"[279.98276055337834, 157.89039134979248]"
F132013,30,45,0.7,"[232.1801001630633, 180.1632218360901]"
F132013,30,45,0.8,"[230.69573512105296, 207.7510871887207]"
F132013,30,45,0.9,"[230.10363840249323, 245.15249252319336]"
F132013,30,45,1.0,"[229.89497252565226, 284.13349437713623]"
F132013,30,46,0.01,"[803.0470932448419, 3.8358662128448486]"
F132013,30,46,0.1,"[434.88260782506, 40.21393322944641]"
F132013,30,46,0.2,"[343.44157647183494, 75.82933712005615]"
F132013,30,46,0.3,"[322.62729185909126, 108.62451577186584]"
F132013,30,46,0.4,"[265.8254406954504, 125.28950190544128]"
F132013,30,46,0.5,"[253.48024454038014, 142.2423083782196]"
F132013,30,46,0.6,"[247.11867922162833, 161.20461916923523]"
F132013,30,46,0.7,"[246.3125742607663, 182.80975246429443]"
F132013,30,46,0.8,"[246.0435996046669, 209.96029019355774]"
F132013,30,46,0.9,"[245.94587741720372, 247.53485918045044]"
F132013,30,46,1.0,"[245.903145202363, 285.3135440349579]"
F132013,30,47,0.01,"[732.4102145295163, 3.323519468307495]"
F132013,30,47,0.1,"[398.63434972909744, 33.925065755844116]"
F132013,30,47,0.2,"[324.7393172715652, 67.56954526901245]"
F132013,30,47,0.3,"[316.30147533984706, 100.92180466651917]"
F132013,30,47,0.4,"[304.92411376270167, 121.13400101661682]"
F132013,30,47,0.5,"[293.26638961218833, 137.87584710121155]"
F132013,30,47,0.6,"[253.0687920197239, 156.8173565864563]"
F132013,30,47,0.7,"[195.68020161478174, 178.59456849098206]"
F132013,30,47,0.8,"[186.50206737698585, 205.42171621322632]"
F132013,30,47,0.9,"[179.57111143843218, 242.47596335411072]"
F132013,30,47,1.0,"[177.31396883296503, 280.4309537410736]"
F132013,30,48,0.01,"[620.8811596759532, 1.551853895187378]"
F132013,30,48,0.1,"[419.2281836591943, 17.327417850494385]"
F132013,30,48,0.2,"[316.28749153326913, 31.42305850982666]"
F132013,30,48,0.3,"[304.9396725896173, 46.05181908607483]"
F132013,30,48,0.4,"[303.90016481026834, 62.43317937850952]"
F132013,30,48,0.5,"[294.0411816441797, 80.3972692489624]"
F132013,30,48,0.6,"[292.31730021172933, 100.12926745414734]"
F132013,30,48,0.7,"[257.82115939551437, 122.35250997543335]"
F132013,30,48,0.8,"[244.1723811123728, 149.36351919174194]"
F132013,30,48,0.9,"[238.2557236683977, 186.60220527648926]"
F132013,30,48,1.0,"[237.5099587443749, 236.1305046081543]"
F132013,30,49,0.01,"[773.4919602164339, 2.326361656188965]"
F132013,30,49,0.1,"[409.2164143622547, 19.2272732257843]"
F132013,30,49,0.2,"[368.15254942490117, 33.59716606140137]"
F132013,30,49,0.3,"[324.6835122966467, 48.26776099205017]"
F132013,30,49,0.4,"[323.69254102366034, 63.42810893058777]"
F132013,30,49,0.5,"[313.54201233615396, 79.59784889221191]"
F132013,30,49,0.6,"[300.9609975394014, 97.76585268974304]"
F132013,30,49,0.7,"[282.6891643843155, 119.05875873565674]"
F132013,30,49,0.8,"[279.3162042008283, 146.0581591129303]"
F132013,30,49,0.9,"[278.3678585552031, 183.09666109085083]"
F132013,30,49,1.0,"[278.36355926259694, 197.6208939552307]"
F132013,30,50,0.01,"[734.9298911883767, 1.6802399158477783]"
F132013,30,50,0.1,"[440.02202874152056, 15.454793214797974]"
F132013,30,50,0.2,"[307.99739323452945, 29.613142251968384]"
F132013,30,50,0.3,"[283.1191832533396, 44.203882932662964]"
F132013,30,50,0.4,"[252.92334711822502, 59.6064829826355]"
F132013,30,50,0.5,"[246.49585002280526, 76.26952600479126]"
F132013,30,50,0.6,"[244.0996018612282, 95.19855189323425]"
F132013,30,50,0.7,"[244.02906627888507, 117.19300556182861]"
F132013,30,50,0.8,"[244.02122084790818, 144.4964940547943]"
F132013,30,50,0.9,"[244.02069529058912, 182.12878680229187]"
F132013,30,50,1.0,"[244.02059818445406, 209.23415756225586]"
F132013,50,0,0.01,"[1158.735591794097, 54.4775869846344]"
F132013,50,0,0.1,"[911.6861056799288, 586.8589286804199]"
F132013,50,0,0.2,"[815.8809875810394, 1140.3819296360016]"
F132013,50,0,0.3,"[715.4545458721491, 1239.7279152870178]"
F132013,50,0,0.4,"[679.4360507639229, 1301.4785079956055]"
F132013,50,0,0.5,"[663.3509625065416, 1345.6569933891296]"
F132013,50,0,0.6,"[625.4611990432375, 1378.1383090019226]"
F132013,50,0,0.7,"[594.8722931472834, 1413.9904930591583]"
F132013,50,0,0.8,"[558.1088366311001, 1457.2206287384033]"
F132013,50,0,0.9,"[488.49708878584545, 1516.3058819770813]"
F132013,50,0,1.0,"[487.21054559635206, 1582.5510470867157]"
F132013,50,1,0.01,"[1112.9016962677276, 60.70358967781067]"
F132013,50,1,0.1,"[880.9886390576316, 573.3386342525482]"
F132013,50,1,0.2,"[728.1036120603742, 1093.6595985889435]"
F132013,50,1,0.3,"[713.420685777662, 1184.079828262329]"
F132013,50,1,0.4,"[692.3116805158104, 1245.9414842128754]"
F132013,50,1,0.5,"[674.1399059115084, 1293.9251930713654]"
F132013,50,1,0.6,"[662.830308642573, 1334.0373368263245]"
F132013,50,1,0.7,"[569.334048848257, 1370.4148015975952]"
F132013,50,1,0.8,"[480.69413748270625, 1414.4745252132416]"
F132013,50,1,0.9,"[447.22611061600617, 1473.3420782089233]"
F132013,50,1,1.0,"[445.8901809338302, 1603.7400195598602]"
F132013,50,2,0.01,"[1154.4889666859426, 56.801921129226685]"
F132013,50,2,0.1,"[995.3646351130485, 484.2248423099518]"
F132013,50,2,0.2,"[828.0689873526504, 981.371429681778]"
F132013,50,2,0.3,"[794.7087154097874, 1131.1271452903748]"
F132013,50,2,0.4,"[740.9295428281742, 1204.3102893829346]"
F132013,50,2,0.5,"[683.8279141404774, 1262.4379706382751]"
F132013,50,2,0.6,"[665.8324934975218, 1311.645610332489]"
F132013,50,2,0.7,"[646.6469822181867, 1353.8187365531921]"
F132013,50,2,0.8,"[606.7040390289353, 1396.975925207138]"
F132013,50,2,0.9,"[589.4705442276619, 1455.8877549171448]"
F132013,50,2,1.0,"[582.7603842263437, 1601.3595135211945]"
F132013,50,3,0.01,"[1148.6996163963665, 54.77602505683899]"
F132013,50,3,0.1,"[961.746643989478, 498.22536540031433]"
F132013,50,3,0.2,"[801.3420234693746, 989.7219834327698]"
F132013,50,3,0.3,"[776.4877627248995, 1129.217408657074]"
F132013,50,3,0.4,"[744.6203921407075, 1202.2426686286926]"
F132013,50,3,0.5,"[723.0819258940054, 1262.254259109497]"
F132013,50,3,0.6,"[624.0899515571061, 1312.4967215061188]"
F132013,50,3,0.7,"[558.4964524510152, 1354.073571920395]"
F132013,50,3,0.8,"[518.5674861496598, 1397.265596628189]"
F132013,50,3,0.9,"[463.2840041406438, 1456.26784491539]"
F132013,50,3,1.0,"[454.1951000928727, 1590.7485511302948]"
F132013,50,4,0.01,"[1098.5830784309626, 59.255836725234985]"
F132013,50,4,0.1,"[918.1935014664426, 581.2338008880615]"
F132013,50,4,0.2,"[811.939536186436, 1173.9750008583069]"
F132013,50,4,0.3,"[719.4573995101182, 1251.7417182922363]"
F132013,50,4,0.4,"[656.355420774941, 1317.7818262577057]"
F132013,50,4,0.5,"[618.887658744189, 1358.0387392044067]"
F132013,50,4,0.6,"[599.8578382037251, 1389.53013753891]"
F132013,50,4,0.7,"[593.6825001925979, 1425.5444767475128]"
F132013,50,4,0.8,"[489.1304841143105, 1468.95481300354]"
F132013,50,4,0.9,"[475.96754446465786, 1530.9185662269592]"
F132013,50,4,1.0,"[426.2515972830471, 1601.8755419254303]"
F132013,50,5,0.01,"[1128.2039072362809, 46.792712450027466]"
F132013,50,5,0.1,"[988.514360307237, 591.5215129852295]"
F132013,50,5,0.2,"[841.2489950988735, 1190.1426663398743]"
F132013,50,5,0.3,"[813.305673843728, 1256.151490688324]"
F132013,50,5,0.4,"[757.7445607607806, 1318.063648700714]"
F132013,50,5,0.5,"[643.5047842766921, 1358.8752992153168]"
F132013,50,5,0.6,"[635.7666965556139, 1391.00173163414]"
F132013,50,5,0.7,"[625.9267658910534, 1426.8061826229095]"
F132013,50,5,0.8,"[457.39351681012846, 1470.9851648807526]"
F132013,50,5,0.9,"[409.003727033135, 1533.2222311496735]"
F132013,50,5,1.0,"[408.7785823435796, 1584.6699905395508]"
F132013,50,6,0.01,"[1152.007827594498, 53.65600800514221]"
F132013,50,6,0.1,"[972.144197742273, 490.75774025917053]"
F132013,50,6,0.2,"[864.0726433497862, 989.5442833900452]"
F132013,50,6,0.3,"[750.9327656238131, 1141.7694165706635]"
F132013,50,6,0.4,"[692.5114288617616, 1207.3959443569183]"
F132013,50,6,0.5,"[670.7745710088208, 1270.182424068451]"
F132013,50,6,0.6,"[635.6426690725647, 1318.0683016777039]"
F132013,50,6,0.7,"[577.8557152248246, 1356.839099407196]"
F132013,50,6,0.8,"[492.97991203501687, 1399.8549559116364]"
F132013,50,6,0.9,"[464.2874077295125, 1458.6859307289124]"
F132013,50,6,1.0,"[447.1281286344202, 1543.3890163898468]"
F132013,50,7,0.01,"[1167.590472542661, 52.91628551483154]"
F132013,50,7,0.1,"[872.2274204580406, 541.6597530841827]"
F132013,50,7,0.2,"[790.4656391751524, 1068.8678994178772]"
F132013,50,7,0.3,"[732.2214740528309, 1224.4096579551697]"
F132013,50,7,0.4,"[677.681863270764, 1295.3212242126465]"
F132013,50,7,0.5,"[628.3954665274333, 1347.7191104888916]"
F132013,50,7,0.6,"[618.3639622585678, 1380.6300673484802]"
F132013,50,7,0.7,"[602.2015266753161, 1417.0750741958618]"
F132013,50,7,0.8,"[466.0315602088046, 1460.7832696437836]"
F132013,50,7,0.9,"[433.69967608580055, 1520.3414919376373]"
F132013,50,7,1.0,"[433.69090369729173, 1574.6501960754395]"
F132013,50,8,0.01,"[1111.2274464387547, 57.988375425338745]"
F132013,50,8,0.1,"[940.431922785611, 579.5899322032928]"
F132013,50,8,0.2,"[885.7588535140236, 1177.6686220169067]"
F132013,50,8,0.3,"[762.9784649333817, 1245.6331281661987]"
F132013,50,8,0.4,"[730.4846525747545, 1314.5108540058136]"
F132013,50,8,0.5,"[713.2507625288869, 1355.0723218917847]"
F132013,50,8,0.6,"[702.8292727319426, 1386.4085597991943]"
F132013,50,8,0.7,"[627.3995218773002, 1421.5412437915802]"
F132013,50,8,0.8,"[579.0360841150907, 1465.436779975891]"
F132013,50,8,0.9,"[489.81472226166665, 1524.5771362781525]"
F132013,50,8,1.0,"[466.31497336789414, 1597.7518842220306]"
F132013,50,9,0.01,"[1148.916852135797, 45.93631982803345]"
F132013,50,9,0.1,"[997.2803482683921, 566.5159132480621]"
F132013,50,9,0.2,"[720.4095768041341, 1180.2288494110107]"
F132013,50,9,0.3,"[690.1090734775785, 1249.7712168693542]"
F132013,50,9,0.4,"[663.8161842923886, 1316.872683763504]"
F132013,50,9,0.5,"[647.3925682047484, 1358.543205499649]"
F132013,50,9,0.6,"[635.5996526360927, 1392.3726732730865]"
F132013,50,9,0.7,"[622.0632607499798, 1429.3565440177917]"
F132013,50,9,0.8,"[508.4127899814375, 1472.8345675468445]"
F132013,50,9,0.9,"[487.2076128429167, 1536.0829701423645]"
F132013,50,9,1.0,"[470.782431534531, 1598.0046617984772]"
F132013,50,10,0.01,"[1099.8489553722513, 62.258655071258545]"
F132013,50,10,0.1,"[894.7925905202779, 568.6077928543091]"
F132013,50,10,0.2,"[828.1922686311756, 1115.5161848068237]"
F132013,50,10,0.3,"[790.0692066826382, 1233.0911800861359]"
F132013,50,10,0.4,"[733.0768465570152, 1302.8388018608093]"
F132013,50,10,0.5,"[709.0739163283274, 1350.882357597351]"
F132013,50,10,0.6,"[700.9754041166154, 1382.4189853668213]"
F132013,50,10,0.7,"[686.1837652276218, 1417.4372293949127]"
F132013,50,10,0.8,"[620.0019633615805, 1460.4353013038635]"
F132013,50,10,0.9,"[545.7929899716138, 1519.675805568695]"
F132013,50,10,1.0,"[541.461824839202, 1585.9922459125519]"
F132013,50,11,0.01,"[1166.2886171163923, 60.61809730529785]"
F132013,50,11,0.1,"[811.440628064583, 581.5368511676788]"
F132013,50,11,0.2,"[779.4109669955602, 1097.0147924423218]"
F132013,50,11,0.3,"[754.3602181229587, 1199.9299185276031]"
F132013,50,11,0.4,"[731.3823160060856, 1264.094642162323]"
F132013,50,11,0.5,"[702.8106866519577, 1305.3625600337982]"
F132013,50,11,0.6,"[691.6943632653695, 1347.378611087799]"
F132013,50,11,0.7,"[573.4073020309211, 1383.8613386154175]"
F132013,50,11,0.8,"[550.2262742203386, 1427.046443939209]"
F132013,50,11,0.9,"[470.59235447513987, 1489.8075094223022]"
F132013,50,11,1.0,"[469.33560939454935, 1625.9564273357391]"
F132013,50,12,0.01,"[1106.8981276688364, 54.15663242340088]"
F132013,50,12,0.1,"[874.39709733823, 577.9502949714661]"
F132013,50,12,0.2,"[676.0900946300859, 1177.2145714759827]"
F132013,50,12,0.3,"[658.686459393037, 1241.9939451217651]"
F132013,50,12,0.4,"[652.3441546908275, 1309.3278245925903]"
F132013,50,12,0.5,"[627.5309304146051, 1355.548499584198]"
F132013,50,12,0.6,"[603.3908633587248, 1387.3064198493958]"
F132013,50,12,0.7,"[559.5853298045489, 1422.9515080451965]"
F132013,50,12,0.8,"[403.19115045872076, 1466.6989169120789]"
F132013,50,12,0.9,"[401.7232562893093, 1526.8546929359436]"
F132013,50,12,1.0,"[370.19412587476717, 1589.9881870746613]"
F132013,50,13,0.01,"[1058.0463602417758, 55.03602409362793]"
F132013,50,13,0.1,"[890.7404648461631, 568.4329016208649]"
F132013,50,13,0.2,"[804.3265596224924, 1108.5994584560394]"
F132013,50,13,0.3,"[736.5609974189117, 1231.2856330871582]"
F132013,50,13,0.4,"[676.8085528191552, 1303.745528936386]"
F132013,50,13,0.5,"[637.7060934930232, 1353.164999961853]"
F132013,50,13,0.6,"[616.7867004612328, 1385.2398936748505]"
F132013,50,13,0.7,"[604.1175403286446, 1421.0635945796967]"
F132013,50,13,0.8,"[559.8322588243044, 1464.36878323555]"
F132013,50,13,0.9,"[546.6703264780583, 1523.659294128418]"
F132013,50,13,1.0,"[544.7702396008129, 1625.0874359607697]"
F132013,50,14,0.01,"[1119.907889764137, 52.042691707611084]"
F132013,50,14,0.1,"[937.6024601385657, 567.2711896896362]"
F132013,50,14,0.2,"[817.9671894539249, 1100.8282437324524]"
F132013,50,14,0.3,"[772.3282351692551, 1230.1997616291046]"
F132013,50,14,0.4,"[679.732127473442, 1300.1348667144775]"
F132013,50,14,0.5,"[638.8212563197666, 1352.0998558998108]"
F132013,50,14,0.6,"[613.8579685174684, 1384.640068769455]"
F132013,50,14,0.7,"[612.8807191263038, 1420.7816452980042]"
F132013,50,14,0.8,"[519.050408620289, 1463.5839340686798]"
F132013,50,14,0.9,"[424.3904512267012, 1523.5686619281769]"
F132013,50,14,1.0,"[393.95473827695434, 1623.6948969364166]"
F132013,50,15,0.01,"[1116.4020928862951, 58.91181421279907]"
F132013,50,15,0.1,"[983.5208875008958, 594.2755036354065]"
F132013,50,15,0.2,"[843.8214512430685, 1155.403939962387]"
F132013,50,15,0.3,"[726.2768646920922, 1243.0333168506622]"
F132013,50,15,0.4,"[706.0832340445922, 1314.160164117813]"
F132013,50,15,0.5,"[622.8678557034891, 1355.922791481018]"
F132013,50,15,0.6,"[574.2994399228076, 1388.1099455356598]"
F132013,50,15,0.7,"[568.9700004607213, 1424.6894953250885]"
F132013,50,15,0.8,"[562.0806008271156, 1469.2614715099335]"
F132013,50,15,0.9,"[534.4376531679519, 1528.756451845169]"
F132013,50,15,1.0,"[522.1731293406763, 1626.6956117153168]"
F132013,50,16,0.01,"[1143.6821629347655, 57.64830422401428]"
F132013,50,16,0.1,"[1028.6798833194975, 503.6102936267853]"
F132013,50,16,0.2,"[866.9326583709286, 1011.2340748310089]"
F132013,50,16,0.3,"[705.3745696413342, 1148.7353930473328]"
F132013,50,16,0.4,"[682.9413514981237, 1214.6189019680023]"
F132013,50,16,0.5,"[655.9079361327193, 1266.8447353839874]"
F132013,50,16,0.6,"[631.9020178936685, 1312.9674553871155]"
F132013,50,16,0.7,"[590.8454019741864, 1354.304979801178]"
F132013,50,16,0.8,"[400.9465599598796, 1397.9448556900024]"
F132013,50,16,0.9,"[348.2547516575607, 1456.6705675125122]"
F132013,50,16,1.0,"[346.3056603793383, 1576.9863288402557]"
F132013,50,17,0.01,"[1135.4335428479792, 54.820744037628174]"
F132013,50,17,0.1,"[887.481140934101, 593.4747061729431]"
F132013,50,17,0.2,"[831.0384282547556, 1181.9942405223846]"
F132013,50,17,0.3,"[771.0959392366199, 1258.3652799129486]"
F132013,50,17,0.4,"[715.2180613957867, 1318.980548620224]"
F132013,50,17,0.5,"[654.1597402916941, 1354.7909350395203]"
F132013,50,17,0.6,"[638.2824872787053, 1386.8073525428772]"
F132013,50,17,0.7,"[635.0876104088843, 1422.6514992713928]"
F132013,50,17,0.8,"[596.6758050718709, 1466.2709243297577]"
F132013,50,17,0.9,"[561.8167875565059, 1540.698175907135]"
F132013,50,17,1.0,"[557.8475812371901, 1672.6849677562714]"
F132013,50,18,0.01,"[1042.267867964018, 60.77614164352417]"
F132013,50,18,0.1,"[954.5283228735709, 578.0488681793213]"
F132013,50,18,0.2,"[808.9501142043094, 1117.9334070682526]"
F132013,50,18,0.3,"[746.7328340199242, 1201.8826611042023]"
F132013,50,18,0.4,"[716.2241930999016, 1262.2637016773224]"
F132013,50,18,0.5,"[709.447867272392, 1307.212866306305]"
F132013,50,18,0.6,"[702.791631992142, 1347.246108531952]"
F132013,50,18,0.7,"[653.3395407796056, 1383.6436882019043]"
F132013,50,18,0.8,"[468.5577006128137, 1428.362675666809]"
F132013,50,18,0.9,"[348.86372863641486, 1488.1480774879456]"
F132013,50,18,1.0,"[347.8253445750472, 1586.1935322284698]"
F132013,50,19,0.01,"[1155.2598642444475, 59.742640018463135]"
F132013,50,19,0.1,"[931.6559517228878, 583.3234658241272]"
F132013,50,19,0.2,"[821.7123899410751, 1110.3828375339508]"
F132013,50,19,0.3,"[758.7457443625713, 1203.8174188137054]"
F132013,50,19,0.4,"[744.9563019149995, 1268.999882698059]"
F132013,50,19,0.5,"[706.0863932188414, 1310.5534496307373]"
F132013,50,19,0.6,"[691.6708363338635, 1347.8825144767761]"
F132013,50,19,0.7,"[683.094417494364, 1382.9848909378052]"
F132013,50,19,0.8,"[573.6420519140819, 1426.2561976909637]"
F132013,50,19,0.9,"[562.0959820686569, 1485.354974269867]"
F132013,50,19,1.0,"[543.290097617236, 1593.975308895111]"
F132013,50,20,0.01,"[1134.0228705524466, 52.688210010528564]"
F132013,50,20,0.1,"[925.3837433734863, 547.7720048427582]"
F132013,50,20,0.2,"[834.2595763329731, 1107.7010974884033]"
F132013,50,20,0.3,"[765.7440185388912, 1195.9454185962677]"
F132013,50,20,0.4,"[696.9916175476288, 1254.909152507782]"
F132013,50,20,0.5,"[669.049504182821, 1297.2360208034515]"
F132013,50,20,0.6,"[639.6939969034065, 1336.5047962665558]"
F132013,50,20,0.7,"[620.5455540162059, 1374.1560909748077]"
F132013,50,20,0.8,"[618.9663891023944, 1418.6042258739471]"
F132013,50,20,0.9,"[617.7169400238382, 1477.7578716278076]"
F132013,50,20,1.0,"[617.5754558809666, 1617.7631092071533]"
F132013,50,21,0.01,"[1192.6264957928718, 56.61136722564697]"
F132013,50,21,0.1,"[931.8389083353778, 544.3716444969177]"
F132013,50,21,0.2,"[777.1426693527997, 1025.7540674209595]"
F132013,50,21,0.3,"[756.0147347676632, 1152.841129541397]"
F132013,50,21,0.4,"[740.3378525245467, 1220.4858191013336]"
F132013,50,21,0.5,"[698.4816992244582, 1274.2775168418884]"
F132013,50,21,0.6,"[616.3898827074718, 1320.2026460170746]"
F132013,50,21,0.7,"[611.5135718191724, 1358.6035039424896]"
F132013,50,21,0.8,"[600.3798106150772, 1401.406123638153]"
F132013,50,21,0.9,"[433.7828382319218, 1461.030621290207]"
F132013,50,21,1.0,"[425.8305004883565, 1597.2242271900177]"
F132013,50,22,0.01,"[1106.9067654667492, 57.29767966270447]"
F132013,50,22,0.1,"[935.2514730043497, 571.0615465641022]"
F132013,50,22,0.2,"[796.6923936203941, 1183.0682055950165]"
F132013,50,22,0.3,"[706.8657286983946, 1247.6537976264954]"
F132013,50,22,0.4,"[665.6345589108109, 1295.3864715099335]"
F132013,50,22,0.5,"[618.9744494726833, 1333.8719964027405]"
F132013,50,22,0.6,"[613.8433942055055, 1367.6229031085968]"
F132013,50,22,0.7,"[611.8434564592217, 1403.0442049503326]"
F132013,50,22,0.8,"[535.9721110118508, 1445.7350249290466]"
F132013,50,22,0.9,"[531.9925179818451, 1506.3068058490753]"
F132013,50,22,1.0,"[531.9723209919493, 1632.9932012557983]"
F132013,50,23,0.01,"[1140.237031105536, 57.990753173828125]"
F132013,50,23,0.1,"[956.2928787175999, 565.6962230205536]"
F132013,50,23,0.2,"[762.5667423394175, 1170.7633078098297]"
F132013,50,23,0.3,"[719.3944308240747, 1244.4525952339172]"
F132013,50,23,0.4,"[698.6334223210107, 1309.4953322410583]"
F132013,50,23,0.5,"[670.4774910496595, 1348.472408771515]"
F132013,50,23,0.6,"[630.038164887716, 1380.7706551551819]"
F132013,50,23,0.7,"[495.1790289417342, 1416.5919876098633]"
F132013,50,23,0.8,"[447.94650221814345, 1460.6956241130829]"
F132013,50,23,0.9,"[376.8334454930449, 1520.7454495429993]"
F132013,50,23,1.0,"[363.20357510411054, 1603.6291954517365]"
F132013,50,24,0.01,"[1127.2531254938556, 57.946189880371094]"
F132013,50,24,0.1,"[903.8547769888911, 568.8653826713562]"
F132013,50,24,0.2,"[811.2087248914688, 1107.7402610778809]"
F132013,50,24,0.3,"[779.9385886201811, 1201.7486917972565]"
F132013,50,24,0.4,"[683.9227775599212, 1267.9310648441315]"
F132013,50,24,0.5,"[658.7560021994976, 1306.1812393665314]"
F132013,50,24,0.6,"[646.173709635488, 1344.1852767467499]"
F132013,50,24,0.7,"[601.3899536643528, 1379.3429155349731]"
F132013,50,24,0.8,"[480.75804212750904, 1422.260801076889]"
F132013,50,24,0.9,"[440.21925467605274, 1481.1084377765656]"
F132013,50,24,1.0,"[419.22391786448514, 1616.7600719928741]"
F132013,50,25,0.01,"[1157.864909664223, 58.036765336990356]"
F132013,50,25,0.1,"[898.4872841680199, 580.9959745407104]"
F132013,50,25,0.2,"[827.3115299608572, 1119.4906497001648]"
F132013,50,25,0.3,"[771.7512284499841, 1239.4905388355255]"
F132013,50,25,0.4,"[726.9398660112079, 1302.8327593803406]"
F132013,50,25,0.5,"[690.8968732838273, 1352.465148448944]"
F132013,50,25,0.6,"[610.296604819948, 1384.1424472332]"
F132013,50,25,0.7,"[559.4011743931721, 1420.3117723464966]"
F132013,50,25,0.8,"[517.0292179803449, 1463.3718028068542]"
F132013,50,25,0.9,"[425.5377806274911, 1522.7370219230652]"
F132013,50,25,1.0,"[411.772684853707, 1626.3433237075806]"
F132013,50,26,0.01,"[1142.6084190075662, 59.45619511604309]"
F132013,50,26,0.1,"[913.5625172423978, 511.893354177475]"
F132013,50,26,0.2,"[881.819832832909, 1082.7304077148438]"
F132013,50,26,0.3,"[834.4476639925459, 1191.8369896411896]"
F132013,50,26,0.4,"[740.2509262078464, 1255.4300265312195]"
F132013,50,26,0.5,"[673.1957543171757, 1301.3572006225586]"
F132013,50,26,0.6,"[590.1412063405969, 1340.2907586097717]"
F132013,50,26,0.7,"[541.1365577215892, 1375.6850352287292]"
F132013,50,26,0.8,"[489.8992888485754, 1418.874805688858]"
F132013,50,26,0.9,"[477.5634072321287, 1477.8535859584808]"
F132013,50,26,1.0,"[473.1695011454304, 1615.51505112648]"
F132013,50,27,0.01,"[1126.9799336377134, 54.104650259017944]"
F132013,50,27,0.1,"[938.5118923512003, 584.2288775444031]"
F132013,50,27,0.2,"[779.1850562216406, 1189.3962984085083]"
F132013,50,27,0.3,"[769.8011953140345, 1251.1095762252808]"
F132013,50,27,0.4,"[723.158064049594, 1322.5406618118286]"
F132013,50,27,0.5,"[664.2463934606363, 1360.273150920868]"
F132013,50,27,0.6,"[610.0255097501536, 1391.7727825641632]"
F132013,50,27,0.7,"[565.3768620576142, 1427.0736644268036]"
F132013,50,27,0.8,"[506.7293782510809, 1470.2055599689484]"
F132013,50,27,0.9,"[495.92548625169974, 1531.7321741580963]"
F132013,50,27,1.0,"[495.5671626675339, 1611.5417728424072]"
F132013,50,28,0.01,"[1101.7134479178671, 61.13190484046936]"
F132013,50,28,0.1,"[996.3125834044105, 599.2415552139282]"
F132013,50,28,0.2,"[849.9354254263814, 1162.656786441803]"
F132013,50,28,0.3,"[798.1441245075304, 1246.287671327591]"
F132013,50,28,0.4,"[734.8654573454157, 1315.6146304607391]"
F132013,50,28,0.5,"[661.1997274358465, 1356.9366862773895]"
F132013,50,28,0.6,"[655.7431964787779, 1389.255716085434]"
F132013,50,28,0.7,"[639.4292264796607, 1425.5172426700592]"
F132013,50,28,0.8,"[600.1663557662085, 1468.7596623897552]"
F132013,50,28,0.9,"[478.5575298982656, 1531.72168302536]"
F132013,50,28,1.0,"[468.2396342161843, 1614.9311401844025]"
F132013,50,29,0.01,"[1159.558908682413, 57.67519974708557]"
F132013,50,29,0.1,"[896.432397422323, 583.5326561927795]"
F132013,50,29,0.2,"[851.0342875758029, 1171.6789073944092]"
F132013,50,29,0.3,"[792.1395983205116, 1246.5293633937836]"
F132013,50,29,0.4,"[741.4608387560838, 1310.7302958965302]"
F132013,50,29,0.5,"[681.7673673502569, 1350.371514081955]"
F132013,50,29,0.6,"[677.1371347051203, 1381.9094574451447]"
F132013,50,29,0.7,"[637.6427019308077, 1417.0311088562012]"
F132013,50,29,0.8,"[525.5798641247561, 1460.867190361023]"
F132013,50,29,0.9,"[507.17359279460464, 1520.4133410453796]"
F132013,50,29,1.0,"[469.9667939763519, 1615.167699098587]"
F132013,50,30,0.01,"[1135.2865926295594, 57.662604570388794]"
F132013,50,30,0.1,"[997.6079229304789, 568.986967086792]"
F132013,50,30,0.2,"[794.4993111492021, 1104.5541157722473]"
F132013,50,30,0.3,"[789.2211460335787, 1202.1666376590729]"
F132013,50,30,0.4,"[764.1671639195437, 1261.5911209583282]"
F132013,50,30,0.5,"[738.9889131424779, 1303.7615005970001]"
F132013,50,30,0.6,"[688.0447208651561, 1344.2503213882446]"
F132013,50,30,0.7,"[644.7231755560537, 1378.9095611572266]"
F132013,50,30,0.8,"[429.15449806452165, 1422.16526055336]"
F132013,50,30,0.9,"[348.3730215914079, 1481.0020093917847]"
F132013,50,30,1.0,"[347.4333482925453, 1554.6059122085571]"
F132013,50,31,0.01,"[1161.4095469177503, 58.10610580444336]"
F132013,50,31,0.1,"[899.2251431717054, 612.1855711936951]"
F132013,50,31,0.2,"[808.1339224769761, 1188.3063094615936]"
F132013,50,31,0.3,"[740.7012526058585, 1253.1066155433655]"
F132013,50,31,0.4,"[660.9383055033221, 1320.1280605793]"
F132013,50,31,0.5,"[640.1829328678058, 1356.9442603588104]"
F132013,50,31,0.6,"[635.1198379738605, 1389.4171595573425]"
F132013,50,31,0.7,"[629.4512539293966, 1425.6190102100372]"
F132013,50,31,0.8,"[530.4814373122155, 1468.717973947525]"
F132013,50,31,0.9,"[499.0280867938602, 1542.1507983207703]"
F132013,50,31,1.0,"[460.23334570646705, 1679.652988910675]"
F132013,50,32,0.01,"[1168.4110450423382, 56.39726638793945]"
F132013,50,32,0.1,"[957.66848354998, 473.3871202468872]"
F132013,50,32,0.2,"[815.0063385231887, 982.9136378765106]"
F132013,50,32,0.3,"[777.0065772948642, 1137.2107515335083]"
F132013,50,32,0.4,"[722.8250250810911, 1205.011135816574]"
F132013,50,32,0.5,"[706.9993347711546, 1262.598726272583]"
F132013,50,32,0.6,"[661.6739711399217, 1316.1451349258423]"
F132013,50,32,0.7,"[646.6862919096094, 1354.2794814109802]"
F132013,50,32,0.8,"[548.2011457811395, 1397.2937309741974]"
F132013,50,32,0.9,"[530.9829164879013, 1456.1083164215088]"
F132013,50,32,1.0,"[530.8952605412703, 1560.0558977127075]"
F132013,50,33,0.01,"[1145.4964730675417, 51.33739185333252]"
F132013,50,33,0.1,"[931.0231914827289, 574.1637678146362]"
F132013,50,33,0.2,"[863.0924585609733, 1116.8292074203491]"
F132013,50,33,0.3,"[801.3819166570914, 1237.3179504871368]"
F132013,50,33,0.4,"[707.965198920883, 1307.961986064911]"
F132013,50,33,0.5,"[605.2972542605296, 1354.406277179718]"
F132013,50,33,0.6,"[588.0387583722821, 1386.2454068660736]"
F132013,50,33,0.7,"[569.6365488906177, 1421.7167201042175]"
F132013,50,33,0.8,"[497.4358424280237, 1465.0265929698944]"
F132013,50,33,0.9,"[454.7754001306198, 1525.8585238456726]"
F132013,50,33,1.0,"[454.6155117208057, 1626.8652584552765]"
F132013,50,34,0.01,"[1179.2117456792903, 62.6636905670166]"
F132013,50,34,0.1,"[926.5297770708783, 598.1412930488586]"
F132013,50,34,0.2,"[844.8862961377539, 1124.5433020591736]"
F132013,50,34,0.3,"[751.7799702920927, 1210.8298757076263]"
F132013,50,34,0.4,"[711.9544569640043, 1274.535044670105]"
F132013,50,34,0.5,"[666.9596810442301, 1319.4942691326141]"
F132013,50,34,0.6,"[645.8089788728566, 1356.1061260700226]"
F132013,50,34,0.7,"[624.1020155222029, 1391.7313432693481]"
F132013,50,34,0.8,"[545.0882293338499, 1434.6250507831573]"
F132013,50,34,0.9,"[510.60106061752396, 1493.6470112800598]"
F132013,50,34,1.0,"[509.27003457290857, 1648.0256612300873]"
F132013,50,35,0.01,"[1102.2381807005227, 54.43186330795288]"
F132013,50,35,0.1,"[890.2245224513478, 567.9928977489471]"
F132013,50,35,0.2,"[809.988111916427, 1124.6096308231354]"
F132013,50,35,0.3,"[726.9102065831452, 1237.6641552448273]"
F132013,50,35,0.4,"[653.7092390649054, 1311.7853524684906]"
F132013,50,35,0.5,"[630.6464476663971, 1356.3342695236206]"
F132013,50,35,0.6,"[597.2063172621503, 1388.2167284488678]"
F132013,50,35,0.7,"[585.055623407025, 1423.9104425907135]"
F132013,50,35,0.8,"[451.49843095181274, 1467.1849796772003]"
F132013,50,35,0.9,"[364.067459549414, 1526.3542354106903]"
F132013,50,35,1.0,"[357.912644581048, 1606.7263038158417]"
F132013,50,36,0.01,"[1125.7594346479539, 63.0086145401001]"
F132013,50,36,0.1,"[987.5888597910491, 573.8719093799591]"
F132013,50,36,0.2,"[776.4490641562461, 1121.4997045993805]"
F132013,50,36,0.3,"[765.3047397011348, 1210.3713986873627]"
F132013,50,36,0.4,"[708.109652561722, 1268.9549140930176]"
F132013,50,36,0.5,"[649.3382126828894, 1306.214823961258]"
F132013,50,36,0.6,"[643.5704109150015, 1347.2012069225311]"
F132013,50,36,0.7,"[607.9987501714133, 1382.244397163391]"
F132013,50,36,0.8,"[539.5007454540063, 1425.1835205554962]"
F132013,50,36,0.9,"[493.49325107556496, 1484.2291598320007]"
F132013,50,36,1.0,"[493.069677866958, 1628.4123401641846]"
F132013,50,37,0.01,"[1167.1518762072656, 60.054389238357544]"
F132013,50,37,0.1,"[922.285523330545, 609.8984446525574]"
F132013,50,37,0.2,"[717.8495353987362, 1184.2579171657562]"
F132013,50,37,0.3,"[708.7889314048526, 1251.5113759040833]"
F132013,50,37,0.4,"[648.2431501322837, 1317.4067656993866]"
F132013,50,37,0.5,"[643.7186144944752, 1358.1922273635864]"
F132013,50,37,0.6,"[642.8387529727955, 1390.2058942317963]"
F132013,50,37,0.7,"[642.4047646556919, 1425.7753131389618]"
F132013,50,37,0.8,"[589.2174335027277, 1468.7574002742767]"
F132013,50,37,0.9,"[543.9122145088751, 1527.319991350174]"
F132013,50,37,1.0,"[532.486430941245, 1580.880909204483]"
F132013,50,38,0.01,"[1157.9396258237257, 60.86356258392334]"
F132013,50,38,0.1,"[944.48009214854, 573.605947971344]"
F132013,50,38,0.2,"[878.2829635418203, 1122.7690637111664]"
F132013,50,38,0.3,"[773.1452336048139, 1206.979140996933]"
F132013,50,38,0.4,"[668.2395277411654, 1266.6444249153137]"
F132013,50,38,0.5,"[662.8672820417313, 1306.8001127243042]"
F132013,50,38,0.6,"[660.0800423199256, 1345.7856924533844]"
F132013,50,38,0.7,"[596.236071577919, 1380.9130818843842]"
F132013,50,38,0.8,"[446.8930380043257, 1423.926884174347]"
F132013,50,38,0.9,"[416.35711963005264, 1482.3853430747986]"
F132013,50,38,1.0,"[410.25409583676065, 1563.7760293483734]"
F132013,50,39,0.01,"[1101.660777468574, 56.0589497089386]"
F132013,50,39,0.1,"[872.0655451065952, 609.3248405456543]"
F132013,50,39,0.2,"[863.0961428371504, 1073.5425016880035]"
F132013,50,39,0.3,"[810.1060357705272, 1179.822020292282]"
F132013,50,39,0.4,"[721.455869980717, 1245.425743818283]"
F132013,50,39,0.5,"[661.662301074183, 1294.4273159503937]"
F132013,50,39,0.6,"[636.6234194768639, 1336.8211629390717]"
F132013,50,39,0.7,"[618.8082494375582, 1372.5603330135345]"
F132013,50,39,0.8,"[533.0453950896508, 1415.6123449802399]"
F132013,50,39,0.9,"[484.87366048684873, 1474.282161474228]"
F132013,50,39,1.0,"[484.7705827158082, 1554.8430442810059]"
F132013,50,40,0.01,"[1085.334764520345, 61.56991004943848]"
F132013,50,40,0.1,"[806.9196380746095, 590.5756890773773]"
F132013,50,40,0.2,"[791.6281669102941, 1192.454617023468]"
F132013,50,40,0.3,"[763.3822416904901, 1254.74565243721]"
F132013,50,40,0.4,"[700.2143505997896, 1324.784960269928]"
F132013,50,40,0.5,"[660.18524796671, 1361.40225815773]"
F132013,50,40,0.6,"[617.1963219545099, 1393.5007109642029]"
F132013,50,40,0.7,"[548.7887168424398, 1428.9863922595978]"
F132013,50,40,0.8,"[451.9119905767644, 1473.2028667926788]"
F132013,50,40,0.9,"[372.8416885626614, 1535.2347886562347]"
F132013,50,40,1.0,"[363.31550944218606, 1607.9050545692444]"
F132013,50,41,0.01,"[1159.0073158980017, 57.40789985656738]"
F132013,50,41,0.1,"[993.7122746508638, 587.436062335968]"
F132013,50,41,0.2,"[862.2555576960585, 1126.021348953247]"
F132013,50,41,0.3,"[754.6044968243071, 1210.712515592575]"
F132013,50,41,0.4,"[684.9452705403701, 1270.8862836360931]"
F132013,50,41,0.5,"[628.0735745388057, 1306.8787698745728]"
F132013,50,41,0.6,"[602.649701425441, 1347.6546449661255]"
F132013,50,41,0.7,"[595.0851594942342, 1388.4314155578613]"
F132013,50,41,0.8,"[537.41760135015, 1436.0712885856628]"
F132013,50,41,0.9,"[482.7664581954917, 1495.8928623199463]"
F132013,50,41,1.0,"[477.97041764798485, 1645.2254476547241]"
F132013,50,42,0.01,"[1143.5082395066725, 52.36916637420654]"
F132013,50,42,0.1,"[973.3539385624771, 489.54619669914246]"
F132013,50,42,0.2,"[801.0491407292948, 984.2706940174103]"
F132013,50,42,0.3,"[654.0447603715338, 1111.8367493152618]"
F132013,50,42,0.4,"[594.5689285859487, 1191.6527316570282]"
F132013,50,42,0.5,"[567.4089908835507, 1253.0914688110352]"
F132013,50,42,0.6,"[556.15454290558, 1299.660813331604]"
F132013,50,42,0.7,"[533.1290438376836, 1341.637933254242]"
F132013,50,42,0.8,"[491.24769592188477, 1384.9365305900574]"
F132013,50,42,0.9,"[472.98423255255625, 1443.9756445884705]"
F132013,50,42,1.0,"[449.87799506958066, 1509.0620787143707]"
F132013,50,43,0.01,"[1173.43996254211, 55.326300859451294]"
F132013,50,43,0.1,"[912.0979204996994, 586.0174875259399]"
F132013,50,43,0.2,"[857.1204893690533, 1188.539190530777]"
F132013,50,43,0.3,"[683.9455677997458, 1259.2992014884949]"
F132013,50,43,0.4,"[672.9989727485992, 1326.4214062690735]"
F132013,50,43,0.5,"[650.9943036398945, 1362.4972043037415]"
F132013,50,43,0.6,"[637.9262958649474, 1396.4613003730774]"
F132013,50,43,0.7,"[613.9296425810068, 1433.2992882728577]"
F132013,50,43,0.8,"[534.8415358938366, 1476.9617800712585]"
F132013,50,43,0.9,"[493.96407890312804, 1538.0332987308502]"
F132013,50,43,1.0,"[490.0789770080705, 1595.1475312709808]"
F132013,50,44,0.01,"[1142.090432677602, 61.41069507598877]"
F132013,50,44,0.1,"[928.1582010227029, 586.9478871822357]"
F132013,50,44,0.2,"[778.9110172331475, 1120.115146636963]"
F132013,50,44,0.3,"[720.3744735221246, 1232.724736213684]"
F132013,50,44,0.4,"[684.9387740348689, 1304.6408088207245]"
F132013,50,44,0.5,"[600.0823113860077, 1350.4804048538208]"
F132013,50,44,0.6,"[550.7474171282154, 1382.6805548667908]"
F132013,50,44,0.7,"[528.1102645101392, 1418.9959807395935]"
F132013,50,44,0.8,"[499.3520740497468, 1463.2761602401733]"
F132013,50,44,0.9,"[426.52004256710984, 1523.3187708854675]"
F132013,50,44,1.0,"[422.52441372929746, 1585.9699099063873]"
F132013,50,45,0.01,"[1188.6545036887576, 56.934712171554565]"
F132013,50,45,0.1,"[919.4111153688017, 489.4290597438812]"
F132013,50,45,0.2,"[828.0731680999854, 976.15349817276]"
F132013,50,45,0.3,"[717.8124458037444, 1130.9055223464966]"
F132013,50,45,0.4,"[689.1697429448604, 1205.4535365104675]"
F132013,50,45,0.5,"[672.7656799169537, 1263.044476032257]"
F132013,50,45,0.6,"[622.9870295147796, 1321.2801868915558]"
F132013,50,45,0.7,"[596.287836737891, 1362.8909213542938]"
F132013,50,45,0.8,"[551.100781220432, 1406.5611689090729]"
F132013,50,45,0.9,"[410.08907466374905, 1465.6637308597565]"
F132013,50,45,1.0,"[405.66320728654097, 1562.2833740711212]"
F132013,50,46,0.01,"[1170.8296364350358, 60.73834586143494]"
F132013,50,46,0.1,"[1002.8334142309222, 562.9359004497528]"
F132013,50,46,0.2,"[903.5565002777462, 1174.135423898697]"
F132013,50,46,0.3,"[818.7172767860327, 1240.7906363010406]"
F132013,50,46,0.4,"[764.6566599141051, 1306.023669719696]"
F132013,50,46,0.5,"[717.1156417728948, 1352.6397154331207]"
F132013,50,46,0.6,"[682.6337065635147, 1385.637797832489]"
F132013,50,46,0.7,"[543.1097269644843, 1422.1618678569794]"
F132013,50,46,0.8,"[417.2247310353567, 1465.9066319465637]"
F132013,50,46,0.9,"[408.5773123905887, 1525.6497344970703]"
F132013,50,46,1.0,"[381.4258570248434, 1621.9342761039734]"
F132013,50,47,0.01,"[1171.339189158588, 58.837724447250366]"
F132013,50,47,0.1,"[960.1451205926837, 504.31341338157654]"
F132013,50,47,0.2,"[904.7729323748954, 998.7535355091095]"
F132013,50,47,0.3,"[858.7526362229241, 1135.245050907135]"
F132013,50,47,0.4,"[752.2036291878155, 1214.917730331421]"
F132013,50,47,0.5,"[672.0494200802643, 1268.209537267685]"
F132013,50,47,0.6,"[646.6554374073398, 1309.152702331543]"
F132013,50,47,0.7,"[566.710366058524, 1352.2021961212158]"
F132013,50,47,0.8,"[536.5097553607346, 1395.046557188034]"
F132013,50,47,0.9,"[524.3475044111606, 1453.5666732788086]"
F132013,50,47,1.0,"[509.0882767758765, 1501.7883434295654]"
F132013,50,48,0.01,"[1104.8305450794599, 6.620558261871338]"
F132013,50,48,0.1,"[952.3116482531391, 87.33974814414978]"
F132013,50,48,0.2,"[829.9086664214185, 154.3117015361786]"
F132013,50,48,0.3,"[787.2957520556647, 180.8978774547577]"
F132013,50,48,0.4,"[739.2316646219142, 208.28640246391296]"
F132013,50,48,0.5,"[688.8062692325365, 237.53186798095703]"
F132013,50,48,0.6,"[625.0290280271785, 269.0857608318329]"
F132013,50,48,0.7,"[534.257109426227, 304.63236451148987]"
F132013,50,48,0.8,"[470.3198532841056, 348.05374360084534]"
F132013,50,48,0.9,"[438.2605828759354, 406.2823374271393]"
F132013,50,48,1.0,"[418.93432916020913, 474.7646782398224]"
F132013,50,49,0.01,"[1177.453092749077, 8.884129524230957]"
F132013,50,49,0.1,"[923.2646515545456, 97.12777423858643]"
F132013,50,49,0.2,"[839.7164111853508, 152.8076992034912]"
F132013,50,49,0.3,"[789.3285234315246, 179.2239875793457]"
F132013,50,49,0.4,"[720.3242255896289, 206.51204228401184]"
F132013,50,49,0.5,"[681.2640584719161, 235.84877562522888]"
F132013,50,49,0.6,"[652.9672103607542, 268.4871549606323]"
F132013,50,49,0.7,"[644.9229056305481, 304.29024600982666]"
F132013,50,49,0.8,"[546.7915794851043, 347.1899697780609]"
F132013,50,49,0.9,"[512.2844299152287, 405.9952642917633]"
F132013,50,49,1.0,"[505.8734392421516, 475.68680238723755]"
F132013,50,50,0.01,"[1169.9788477444, 10.542908668518066]"
F132013,50,50,0.1,"[868.6192785206083, 87.32127380371094]"
F132013,50,50,0.2,"[759.3675716869129, 128.1330668926239]"
F132013,50,50,0.3,"[721.0408929337038, 154.41135954856873]"
F132013,50,50,0.4,"[666.3995820609609, 182.14384698867798]"
F132013,50,50,0.5,"[639.124731539385, 211.18831849098206]"
F132013,50,50,0.6,"[621.293177345634, 242.9055142402649]"
F132013,50,50,0.7,"[617.3040178108345, 278.76367592811584]"
F132013,50,50,0.8,"[508.99595233330626, 321.898389339447]"
F132013,50,50,0.9,"[478.32905472866116, 380.2059202194214]"
F132013,50,50,1.0,"[472.64470124998064, 443.10835242271423]"
