function,dimension,run,checkpoint,error
F82013,10,0,0.01,"[20.543815049688078, 0.4179234504699707]"
F82013,10,0,0.1,"[20.543815049688078, 4.231933355331421]"
F82013,10,0,0.2,"[20.543815049688078, 8.715651035308838]"
F82013,10,0,0.3,"[20.543815049688078, 13.518356323242188]"
F82013,10,0,0.4,"[20.43840021297831, 18.803144454956055]"
F82013,10,0,0.5,"[20.43840021297831, 24.883033990859985]"
F82013,10,0,0.6,"[20.43840021297831, 32.04815721511841]"
F82013,10,0,0.7,"[20.43840021297831, 40.796462535858154]"
F82013,10,0,0.8,"[20.43840021297831, 51.842122316360474]"
F82013,10,0,0.9,"[20.43840021297831, 65.25976634025574]"
F82013,10,0,1.0,"[20.43840021297831, 81.09253692626953]"
F82013,10,1,0.01,"[20.72667180649819, 0.4240076541900635]"
F82013,10,1,0.1,"[20.461888243248268, 4.391831398010254]"
F82013,10,1,0.2,"[20.461888243248268, 8.946078062057495]"
F82013,10,1,0.3,"[20.461888243248268, 13.884080410003662]"
F82013,10,1,0.4,"[20.461888243248268, 19.245693922042847]"
F82013,10,1,0.5,"[20.461888243248268, 25.35641598701477]"
F82013,10,1,0.6,"[20.461888243248268, 32.562427282333374]"
F82013,10,1,0.7,"[20.435398985165875, 41.3560848236084]"
F82013,10,1,0.8,"[20.435398985165875, 52.405654430389404]"
F82013,10,1,0.9,"[20.435398985165875, 65.81914496421814]"
F82013,10,1,1.0,"[20.435398985165875, 81.60410332679749]"
F82013,10,2,0.01,"[20.828032153291588, 0.42086267471313477]"
F82013,10,2,0.1,"[20.71122368712531, 4.410543441772461]"
F82013,10,2,0.2,"[20.498176756822886, 8.8949613571167]"
F82013,10,2,0.3,"[20.421629862449322, 13.787830352783203]"
F82013,10,2,0.4,"[20.421629862449322, 19.124241828918457]"
F82013,10,2,0.5,"[20.421629862449322, 25.151273727416992]"
F82013,10,2,0.6,"[20.421629862449322, 32.29680132865906]"
F82013,10,2,0.7,"[20.421629862449322, 41.05812621116638]"
F82013,10,2,0.8,"[20.421629862449322, 52.0989990234375]"
F82013,10,2,0.9,"[20.421629862449322, 65.52432703971863]"
F82013,10,2,1.0,"[20.421629862449322, 81.38390016555786]"
F82013,10,3,0.01,"[20.600625424230543, 0.4232296943664551]"
F82013,10,3,0.1,"[20.449841099438004, 4.363980531692505]"
F82013,10,3,0.2,"[20.449841099438004, 8.966090679168701]"
F82013,10,3,0.3,"[20.400477264838628, 13.871763944625854]"
F82013,10,3,0.4,"[20.400477264838628, 19.26714277267456]"
F82013,10,3,0.5,"[20.400477264838628, 25.380276679992676]"
F82013,10,3,0.6,"[20.400477264838628, 32.61093235015869]"
F82013,10,3,0.7,"[20.400477264838628, 41.40117359161377]"
F82013,10,3,0.8,"[20.400477264838628, 52.425968408584595]"
F82013,10,3,0.9,"[20.400477264838628, 65.80628395080566]"
F82013,10,3,1.0,"[20.400477264838628, 81.63443040847778]"
F82013,10,4,0.01,"[20.780397184256685, 0.421384334564209]"
F82013,10,4,0.1,"[20.66209285681748, 4.264516353607178]"
F82013,10,4,0.2,"[20.41756857203268, 8.786582231521606]"
F82013,10,4,0.3,"[20.41756857203268, 13.61798906326294]"
F82013,10,4,0.4,"[20.41756857203268, 18.861072063446045]"
F82013,10,4,0.5,"[20.36218279158686, 24.86983585357666]"
F82013,10,4,0.6,"[20.36218279158686, 31.96199631690979]"
F82013,10,4,0.7,"[20.36218279158686, 40.671101093292236]"
F82013,10,4,0.8,"[20.36218279158686, 51.651323080062866]"
F82013,10,4,0.9,"[20.36218279158686, 65.04487633705139]"
F82013,10,4,1.0,"[20.36218279158686, 80.826012134552]"
F82013,10,5,0.01,"[20.763497825663535, 0.4285407066345215]"
F82013,10,5,0.1,"[20.272126987606157, 4.316123962402344]"
F82013,10,5,0.2,"[20.272126987606157, 8.878112077713013]"
F82013,10,5,0.3,"[20.272126987606157, 13.72214674949646]"
F82013,10,5,0.4,"[20.272126987606157, 19.006972074508667]"
F82013,10,5,0.5,"[20.272126987606157, 25.06036138534546]"
F82013,10,5,0.6,"[20.272126987606157, 32.293048620224]"
F82013,10,5,0.7,"[20.272126987606157, 41.16166806221008]"
F82013,10,5,0.8,"[20.272126987606157, 52.21050667762756]"
F82013,10,5,0.9,"[20.272126987606157, 65.62275385856628]"
F82013,10,5,1.0,"[20.272126987606157, 81.41217374801636]"
F82013,10,6,0.01,"[20.86423071255365, 0.4197380542755127]"
F82013,10,6,0.1,"[20.639150380916703, 4.353359699249268]"
F82013,10,6,0.2,"[20.393340065723123, 8.865399599075317]"
F82013,10,6,0.3,"[20.393340065723123, 13.681704759597778]"
F82013,10,6,0.4,"[20.393340065723123, 18.961897611618042]"
F82013,10,6,0.5,"[20.393340065723123, 24.915567636489868]"
F82013,10,6,0.6,"[20.393340065723123, 31.98415207862854]"
F82013,10,6,0.7,"[20.393340065723123, 40.689722537994385]"
F82013,10,6,0.8,"[20.393340065723123, 51.61362957954407]"
F82013,10,6,0.9,"[20.393340065723123, 64.94581031799316]"
F82013,10,6,1.0,"[20.393340065723123, 80.61240839958191]"
F82013,10,7,0.01,"[20.910586052603207, 0.42345261573791504]"
F82013,10,7,0.1,"[20.577227534543454, 4.343877792358398]"
F82013,10,7,0.2,"[20.538929531806957, 8.958611011505127]"
F82013,10,7,0.3,"[20.430497585591525, 13.949081420898438]"
F82013,10,7,0.4,"[20.344408781424022, 19.343390703201294]"
F82013,10,7,0.5,"[20.344408781424022, 25.46363401412964]"
F82013,10,7,0.6,"[20.344408781424022, 32.69661474227905]"
F82013,10,7,0.7,"[20.344408781424022, 41.514835596084595]"
F82013,10,7,0.8,"[20.344408781424022, 52.531984090805054]"
F82013,10,7,0.9,"[20.344408781424022, 65.90344309806824]"
F82013,10,7,1.0,"[20.344408781424022, 81.66210436820984]"
F82013,10,8,0.01,"[20.780049821294483, 0.41764044761657715]"
F82013,10,8,0.1,"[20.44211111463676, 4.296471834182739]"
F82013,10,8,0.2,"[20.44211111463676, 8.843045949935913]"
F82013,10,8,0.3,"[20.44211111463676, 13.81322956085205]"
F82013,10,8,0.4,"[20.44211111463676, 19.188830614089966]"
F82013,10,8,0.5,"[20.44211111463676, 25.24301528930664]"
F82013,10,8,0.6,"[20.44211111463676, 32.36543822288513]"
F82013,10,8,0.7,"[20.404435402339004, 41.147634744644165]"
F82013,10,8,0.8,"[20.404435402339004, 52.20466351509094]"
F82013,10,8,0.9,"[20.404435402339004, 65.7532217502594]"
F82013,10,8,1.0,"[20.404435402339004, 81.64992094039917]"
F82013,10,9,0.01,"[20.687628755982814, 0.41977977752685547]"
F82013,10,9,0.1,"[20.507905495268574, 4.326146602630615]"
F82013,10,9,0.2,"[20.507905495268574, 8.8653883934021]"
F82013,10,9,0.3,"[20.507905495268574, 13.723814010620117]"
F82013,10,9,0.4,"[20.507905495268574, 19.20231866836548]"
F82013,10,9,0.5,"[20.48803852051151, 25.464449405670166]"
F82013,10,9,0.6,"[20.48803852051151, 32.7349328994751]"
F82013,10,9,0.7,"[20.48310135882616, 41.56782650947571]"
F82013,10,9,0.8,"[20.48310135882616, 52.63407588005066]"
F82013,10,9,0.9,"[20.48310135882616, 66.10634589195251]"
F82013,10,9,1.0,"[20.41389793326664, 81.98523235321045]"
F82013,10,10,0.01,"[20.811714610102285, 0.4239768981933594]"
F82013,10,10,0.1,"[20.377502281210127, 4.636778116226196]"
F82013,10,10,0.2,"[20.377502281210127, 9.17713975906372]"
F82013,10,10,0.3,"[20.377502281210127, 14.175951719284058]"
F82013,10,10,0.4,"[20.377502281210127, 19.65632200241089]"
F82013,10,10,0.5,"[20.377502281210127, 25.870957612991333]"
F82013,10,10,0.6,"[20.377502281210127, 33.10473108291626]"
F82013,10,10,0.7,"[20.377502281210127, 41.86725950241089]"
F82013,10,10,0.8,"[20.377502281210127, 52.89366316795349]"
F82013,10,10,0.9,"[20.33757232790026, 66.33298707008362]"
F82013,10,10,1.0,"[20.33757232790026, 82.1381607055664]"
F82013,10,11,0.01,"[20.648185588967408, 0.41963696479797363]"
F82013,10,11,0.1,"[20.538463077412302, 4.586511850357056]"
F82013,10,11,0.2,"[20.411547153136894, 9.164725542068481]"
F82013,10,11,0.3,"[20.334217365133554, 14.056307792663574]"
F82013,10,11,0.4,"[20.334217365133554, 19.410589456558228]"
F82013,10,11,0.5,"[20.334217365133554, 25.43656039237976]"
F82013,10,11,0.6,"[20.334217365133554, 32.54930758476257]"
F82013,10,11,0.7,"[20.334217365133554, 41.33528184890747]"
F82013,10,11,0.8,"[20.334217365133554, 52.36427545547485]"
F82013,10,11,0.9,"[20.334217365133554, 65.74974513053894]"
F82013,10,11,1.0,"[20.334216955220086, 81.4254355430603]"
F82013,10,12,0.01,"[20.77995076940317, 0.42584753036499023]"
F82013,10,12,0.1,"[20.417788667724267, 4.324118375778198]"
F82013,10,12,0.2,"[20.284964595910765, 8.878823280334473]"
F82013,10,12,0.3,"[20.284964595910765, 13.740829467773438]"
F82013,10,12,0.4,"[20.284964595910765, 19.02000904083252]"
F82013,10,12,0.5,"[20.284964595910765, 25.038536071777344]"
F82013,10,12,0.6,"[20.284964595910765, 32.168580293655396]"
F82013,10,12,0.7,"[20.284964595910765, 40.91373944282532]"
F82013,10,12,0.8,"[20.284964595910765, 51.94284224510193]"
F82013,10,12,0.9,"[20.284964595910765, 65.36964774131775]"
F82013,10,12,1.0,"[20.284964595910765, 81.1973192691803]"
F82013,10,13,0.01,"[20.796827512336677, 0.41637468338012695]"
F82013,10,13,0.1,"[20.50911039868879, 4.287384986877441]"
F82013,10,13,0.2,"[20.50911039868879, 8.883092403411865]"
F82013,10,13,0.3,"[20.50911039868879, 13.79639720916748]"
F82013,10,13,0.4,"[20.50911039868879, 19.072890758514404]"
F82013,10,13,0.5,"[20.457402372228216, 25.092089653015137]"
F82013,10,13,0.6,"[20.457402372228216, 32.230820417404175]"
F82013,10,13,0.7,"[20.443903305518916, 40.92918944358826]"
F82013,10,13,0.8,"[20.443903305518916, 51.90226936340332]"
F82013,10,13,0.9,"[20.443903305518916, 65.2439079284668]"
F82013,10,13,1.0,"[20.443903305518916, 81.02481389045715]"
F82013,10,14,0.01,"[20.833146842955102, 0.41506385803222656]"
F82013,10,14,0.1,"[20.478844941128614, 4.25661301612854]"
F82013,10,14,0.2,"[20.478844941128614, 8.719413042068481]"
F82013,10,14,0.3,"[20.478844941128614, 13.585052013397217]"
F82013,10,14,0.4,"[20.478844941128614, 18.933820486068726]"
F82013,10,14,0.5,"[20.478844941128614, 24.957170724868774]"
F82013,10,14,0.6,"[20.478844941128614, 32.06520438194275]"
F82013,10,14,0.7,"[20.354201083759108, 40.74352693557739]"
F82013,10,14,0.8,"[20.354201083759108, 51.69825077056885]"
F82013,10,14,0.9,"[20.354201083759108, 65.06936812400818]"
F82013,10,14,1.0,"[20.354201083759108, 80.8016357421875]"
F82013,10,15,0.01,"[20.795965796484325, 0.4330253601074219]"
F82013,10,15,0.1,"[20.61040571729211, 4.48590612411499]"
F82013,10,15,0.2,"[20.545819853647572, 9.14887022972107]"
F82013,10,15,0.3,"[20.545819853647572, 14.05357050895691]"
F82013,10,15,0.4,"[20.545819853647572, 19.395308017730713]"
F82013,10,15,0.5,"[20.452599749276033, 25.42206859588623]"
F82013,10,15,0.6,"[20.452599749276033, 32.59513449668884]"
F82013,10,15,0.7,"[20.452599749276033, 41.333340883255005]"
F82013,10,15,0.8,"[20.452599749276033, 52.34993028640747]"
F82013,10,15,0.9,"[20.432465420635822, 65.76227259635925]"
F82013,10,15,1.0,"[20.432465420635822, 81.57613348960876]"
F82013,10,16,0.01,"[20.705812067776492, 0.4186675548553467]"
F82013,10,16,0.1,"[20.508654130142077, 4.5120158195495605]"
F82013,10,16,0.2,"[20.508654130142077, 9.066492795944214]"
F82013,10,16,0.3,"[20.508654130142077, 14.014120101928711]"
F82013,10,16,0.4,"[20.508654130142077, 19.408992767333984]"
F82013,10,16,0.5,"[20.508654130142077, 25.53830575942993]"
F82013,10,16,0.6,"[20.508654130142077, 32.71202087402344]"
F82013,10,16,0.7,"[20.508654130142077, 41.47486901283264]"
F82013,10,16,0.8,"[20.508654130142077, 52.55394792556763]"
F82013,10,16,0.9,"[20.508654130142077, 66.00183939933777]"
F82013,10,16,1.0,"[20.508654130142077, 81.86180019378662]"
F82013,10,17,0.01,"[20.634173610793823, 0.4150705337524414]"
F82013,10,17,0.1,"[20.541872032742162, 4.368938684463501]"
F82013,10,17,0.2,"[20.37936449840265, 8.89038634300232]"
F82013,10,17,0.3,"[20.360905978093342, 13.821100950241089]"
F82013,10,17,0.4,"[20.35832457236984, 19.277480602264404]"
F82013,10,17,0.5,"[20.35832457236984, 25.510639190673828]"
F82013,10,17,0.6,"[20.305106027162765, 32.78161263465881]"
F82013,10,17,0.7,"[20.305106027162765, 41.6059250831604]"
F82013,10,17,0.8,"[20.305106027162765, 52.62312078475952]"
F82013,10,17,0.9,"[20.305106027162765, 66.0407567024231]"
F82013,10,17,1.0,"[20.305106027162765, 81.82806897163391]"
F82013,10,18,0.01,"[20.71943896328014, 0.42266178131103516]"
F82013,10,18,0.1,"[20.5605166257792, 4.291324138641357]"
F82013,10,18,0.2,"[20.5605166257792, 8.810825109481812]"
F82013,10,18,0.3,"[20.5605166257792, 13.703116655349731]"
F82013,10,18,0.4,"[20.5605166257792, 19.084307193756104]"
F82013,10,18,0.5,"[20.457479061957656, 25.185967683792114]"
F82013,10,18,0.6,"[20.43826100582055, 32.41424107551575]"
F82013,10,18,0.7,"[20.43826100582055, 41.21985197067261]"
F82013,10,18,0.8,"[20.43826100582055, 52.244261503219604]"
F82013,10,18,0.9,"[20.25164682519278, 65.63008666038513]"
F82013,10,18,1.0,"[20.25164682519278, 81.37078380584717]"
F82013,10,19,0.01,"[20.70080762682528, 0.43372321128845215]"
F82013,10,19,0.1,"[20.59218025423229, 4.645534038543701]"
F82013,10,19,0.2,"[20.547618062616152, 9.202839136123657]"
F82013,10,19,0.3,"[20.540349698319005, 14.005116701126099]"
F82013,10,19,0.4,"[20.50387172142564, 19.270061016082764]"
F82013,10,19,0.5,"[20.50387172142564, 25.298292875289917]"
F82013,10,19,0.6,"[20.50387172142564, 32.400978088378906]"
F82013,10,19,0.7,"[20.50387172142564, 41.09299302101135]"
F82013,10,19,0.8,"[20.50387172142564, 52.062910079956055]"
F82013,10,19,0.9,"[20.50387172142564, 65.42637586593628]"
F82013,10,19,1.0,"[20.501012865805706, 81.20902943611145]"
F82013,10,20,0.01,"[20.838987505610817, 0.41629648208618164]"
F82013,10,20,0.1,"[20.566885408999724, 4.91655969619751]"
F82013,10,20,0.2,"[20.487970566526542, 9.736731052398682]"
F82013,10,20,0.3,"[20.361483456407086, 14.784382104873657]"
F82013,10,20,0.4,"[20.361483456407086, 20.10362720489502]"
F82013,10,20,0.5,"[20.361483456407086, 26.1306734085083]"
F82013,10,20,0.6,"[20.361483456407086, 33.26778435707092]"
F82013,10,20,0.7,"[20.361483456407086, 42.0496506690979]"
F82013,10,20,0.8,"[20.361483456407086, 53.10495615005493]"
F82013,10,20,0.9,"[20.361483456407086, 66.5118191242218]"
F82013,10,20,1.0,"[20.361483456407086, 82.32414221763611]"
F82013,10,21,0.01,"[20.816950194919286, 0.41805195808410645]"
F82013,10,21,0.1,"[20.607696611920574, 4.2910802364349365]"
F82013,10,21,0.2,"[20.501235016146325, 8.842936754226685]"
F82013,10,21,0.3,"[20.45912217351122, 13.743141889572144]"
F82013,10,21,0.4,"[20.45912217351122, 19.090155124664307]"
F82013,10,21,0.5,"[20.45912217351122, 25.20613121986389]"
F82013,10,21,0.6,"[20.45912217351122, 32.4298894405365]"
F82013,10,21,0.7,"[20.327777220981602, 41.220234870910645]"
F82013,10,21,0.8,"[20.327777220981602, 52.27498912811279]"
F82013,10,21,0.9,"[20.327777220981602, 65.66038203239441]"
F82013,10,21,1.0,"[20.327777220981602, 81.42196393013]"
F82013,10,22,0.01,"[20.706646954197936, 0.41159510612487793]"
F82013,10,22,0.1,"[20.526339173167003, 4.19464898109436]"
F82013,10,22,0.2,"[20.526339173167003, 9.142573118209839]"
F82013,10,22,0.3,"[20.483575725893047, 14.592942953109741]"
F82013,10,22,0.4,"[20.483575725893047, 20.493395566940308]"
F82013,10,22,0.5,"[20.483575725893047, 27.161601305007935]"
F82013,10,22,0.6,"[20.483575725893047, 35.01639986038208]"
F82013,10,22,0.7,"[20.456504116204087, 44.55019474029541]"
F82013,10,22,0.8,"[20.418732486453337, 56.549251079559326]"
F82013,10,22,0.9,"[20.418732486453337, 71.15809988975525]"
F82013,10,22,1.0,"[20.418732486453337, 88.34394979476929]"
F82013,10,23,0.01,"[20.929533041729655, 0.4018230438232422]"
F82013,10,23,0.1,"[20.6548477056823, 4.246416807174683]"
F82013,10,23,0.2,"[20.589934936021223, 8.652532577514648]"
F82013,10,23,0.3,"[20.331145553926945, 13.413049459457397]"
F82013,10,23,0.4,"[20.331145553926945, 18.62793469429016]"
F82013,10,23,0.5,"[20.331145553926945, 24.61249852180481]"
F82013,10,23,0.6,"[20.331145553926945, 31.714865684509277]"
F82013,10,23,0.7,"[20.331145553926945, 40.430479288101196]"
F82013,10,23,0.8,"[20.331145553926945, 51.41680359840393]"
F82013,10,23,0.9,"[20.331145553926945, 64.81642198562622]"
F82013,10,23,1.0,"[20.331145553926945, 80.7174506187439]"
F82013,10,24,0.01,"[20.786013214206264, 0.41842031478881836]"
F82013,10,24,0.1,"[20.543063342761116, 4.424615144729614]"
F82013,10,24,0.2,"[20.543063342761116, 8.936707019805908]"
F82013,10,24,0.3,"[20.39957887988487, 13.837233781814575]"
F82013,10,24,0.4,"[20.39957887988487, 19.147462844848633]"
F82013,10,24,0.5,"[20.39957887988487, 25.231227159500122]"
F82013,10,24,0.6,"[20.39957887988487, 32.36552429199219]"
F82013,10,24,0.7,"[20.39957887988487, 41.13138699531555]"
F82013,10,24,0.8,"[20.39957887988487, 52.147581815719604]"
F82013,10,24,0.9,"[20.315389554473654, 65.57687711715698]"
F82013,10,24,1.0,"[20.315389554473654, 81.47201108932495]"
F82013,10,25,0.01,"[20.855172282892568, 0.4151155948638916]"
F82013,10,25,0.1,"[20.62123708715626, 4.240097284317017]"
F82013,10,25,0.2,"[20.575406767018762, 8.765522003173828]"
F82013,10,25,0.3,"[20.428878354420135, 13.632407665252686]"
F82013,10,25,0.4,"[20.428878354420135, 18.982767343521118]"
F82013,10,25,0.5,"[20.428878354420135, 25.106868028640747]"
F82013,10,25,0.6,"[20.428878354420135, 32.28649115562439]"
F82013,10,25,0.7,"[20.428878354420135, 41.090277910232544]"
F82013,10,25,0.8,"[20.352634576763194, 52.12094712257385]"
F82013,10,25,0.9,"[20.352634576763194, 65.5688054561615]"
F82013,10,25,1.0,"[20.352634576763194, 81.40537786483765]"
F82013,10,26,0.01,"[20.700096468057154, 0.4166896343231201]"
F82013,10,26,0.1,"[20.655615031113484, 4.344571352005005]"
F82013,10,26,0.2,"[20.506993923522828, 8.886460542678833]"
F82013,10,26,0.3,"[20.506993923522828, 13.82525634765625]"
F82013,10,26,0.4,"[20.506993923522828, 19.27060866355896]"
F82013,10,26,0.5,"[20.496584430646294, 25.353901863098145]"
F82013,10,26,0.6,"[20.485046175102525, 32.54457330703735]"
F82013,10,26,0.7,"[20.485046175102525, 41.37480807304382]"
F82013,10,26,0.8,"[20.485046175102525, 52.43997287750244]"
F82013,10,26,0.9,"[20.485046175102525, 65.89642286300659]"
F82013,10,26,1.0,"[20.45472222635135, 81.75267267227173]"
F82013,10,27,0.01,"[20.767441924166178, 0.46080517768859863]"
F82013,10,27,0.1,"[20.50670526158956, 4.336039304733276]"
F82013,10,27,0.2,"[20.50670526158956, 8.915448665618896]"
F82013,10,27,0.3,"[20.444322693538652, 13.832490921020508]"
F82013,10,27,0.4,"[20.444322693538652, 19.26966881752014]"
F82013,10,27,0.5,"[20.444322693538652, 25.473281383514404]"
F82013,10,27,0.6,"[20.444322693538652, 32.74986410140991]"
F82013,10,27,0.7,"[20.444322693538652, 41.5744252204895]"
F82013,10,27,0.8,"[20.444322693538652, 52.61289119720459]"
F82013,10,27,0.9,"[20.444322693538652, 66.02078223228455]"
F82013,10,27,1.0,"[20.444322693538652, 81.83187317848206]"
F82013,10,28,0.01,"[20.474543329253265, 0.41213107109069824]"
F82013,10,28,0.1,"[20.474543329253265, 4.390464782714844]"
F82013,10,28,0.2,"[20.441463316036675, 8.904358625411987]"
F82013,10,28,0.3,"[20.39855787883039, 13.825581312179565]"
F82013,10,28,0.4,"[20.39855787883039, 19.032017469406128]"
F82013,10,28,0.5,"[20.39855787883039, 25.058305263519287]"
F82013,10,28,0.6,"[20.39855787883039, 32.23438215255737]"
F82013,10,28,0.7,"[20.39855787883039, 41.04440379142761]"
F82013,10,28,0.8,"[20.39855787883039, 52.15810561180115]"
F82013,10,28,0.9,"[20.39855787883039, 65.67565488815308]"
F82013,10,28,1.0,"[20.39855787883039, 81.63965439796448]"
F82013,10,29,0.01,"[20.88386479785754, 0.4080808162689209]"
F82013,10,29,0.1,"[20.626430300276184, 4.348246097564697]"
F82013,10,29,0.2,"[20.626430300276184, 8.999861717224121]"
F82013,10,29,0.3,"[20.53697480779124, 14.015191316604614]"
F82013,10,29,0.4,"[20.44075102429929, 19.430628299713135]"
F82013,10,29,0.5,"[20.44075102429929, 25.592800855636597]"
F82013,10,29,0.6,"[20.416512315496902, 32.72694730758667]"
F82013,10,29,0.7,"[20.416512315496902, 41.46062088012695]"
F82013,10,29,0.8,"[20.416512315496902, 52.45172476768494]"
F82013,10,29,0.9,"[20.416512315496902, 65.83652901649475]"
F82013,10,29,1.0,"[20.416512315496902, 81.55325436592102]"
F82013,10,30,0.01,"[20.912141370293057, 0.41094207763671875]"
F82013,10,30,0.1,"[20.577215478103653, 4.692667007446289]"
F82013,10,30,0.2,"[20.550246868477757, 9.229805946350098]"
F82013,10,30,0.3,"[20.548148635921848, 14.063029050827026]"
F82013,10,30,0.4,"[20.510323140395144, 19.34073829650879]"
F82013,10,30,0.5,"[20.510323140395144, 25.454928874969482]"
F82013,10,30,0.6,"[20.50122286013402, 32.62455224990845]"
F82013,10,30,0.7,"[20.50122286013402, 41.37015771865845]"
F82013,10,30,0.8,"[20.50122286013402, 52.393118143081665]"
F82013,10,30,0.9,"[20.50122286013402, 65.8120629787445]"
F82013,10,30,1.0,"[20.50122286013402, 81.59495449066162]"
F82013,10,31,0.01,"[20.789827217733773, 0.41872406005859375]"
F82013,10,31,0.1,"[20.673386909721216, 4.364386558532715]"
F82013,10,31,0.2,"[20.654159526161152, 8.902632474899292]"
F82013,10,31,0.3,"[20.519138676728858, 13.841035842895508]"
F82013,10,31,0.4,"[20.49162706074685, 19.203303575515747]"
F82013,10,31,0.5,"[20.49162706074685, 25.29376244544983]"
F82013,10,31,0.6,"[20.441433578356623, 32.50445199012756]"
F82013,10,31,0.7,"[20.441433578356623, 41.32026219367981]"
F82013,10,31,0.8,"[20.329648477354226, 52.33755660057068]"
F82013,10,31,0.9,"[20.329648477354226, 65.75707912445068]"
F82013,10,31,1.0,"[20.329648477354226, 81.56161856651306]"
F82013,10,32,0.01,"[20.881426079896187, 0.4253275394439697]"
F82013,10,32,0.1,"[20.36476598291256, 4.298068046569824]"
F82013,10,32,0.2,"[20.36476598291256, 8.911253213882446]"
F82013,10,32,0.3,"[20.36476598291256, 13.88167119026184]"
F82013,10,32,0.4,"[20.36476598291256, 19.341206312179565]"
F82013,10,32,0.5,"[20.36476598291256, 25.60023546218872]"
F82013,10,32,0.6,"[20.36476598291256, 32.88364624977112]"
F82013,10,32,0.7,"[20.36476598291256, 41.74511957168579]"
F82013,10,32,0.8,"[20.36476598291256, 52.886823415756226]"
F82013,10,32,0.9,"[20.36476598291256, 66.43520426750183]"
F82013,10,32,1.0,"[20.36476598291256, 82.41951560974121]"
F82013,10,33,0.01,"[20.762334756265886, 0.41828060150146484]"
F82013,10,33,0.1,"[20.6789382596844, 4.258194923400879]"
F82013,10,33,0.2,"[20.550716299847977, 8.798349142074585]"
F82013,10,33,0.3,"[20.550716299847977, 13.688221216201782]"
F82013,10,33,0.4,"[20.331582159134882, 19.100401639938354]"
F82013,10,33,0.5,"[20.331582159134882, 25.312251091003418]"
F82013,10,33,0.6,"[20.331582159134882, 32.58539319038391]"
F82013,10,33,0.7,"[20.331582159134882, 41.405754804611206]"
F82013,10,33,0.8,"[20.331582159134882, 52.50217795372009]"
F82013,10,33,0.9,"[20.331582159134882, 65.98807430267334]"
F82013,10,33,1.0,"[20.331582159134882, 81.91961574554443]"
F82013,10,34,0.01,"[20.8191134491542, 0.42046427726745605]"
F82013,10,34,0.1,"[20.613794145639872, 4.367766857147217]"
F82013,10,34,0.2,"[20.5433638350745, 8.941948652267456]"
F82013,10,34,0.3,"[20.5433638350745, 13.919164419174194]"
F82013,10,34,0.4,"[20.5433638350745, 19.372462511062622]"
F82013,10,34,0.5,"[20.5433638350745, 25.47738814353943]"
F82013,10,34,0.6,"[20.5433638350745, 32.61874294281006]"
F82013,10,34,0.7,"[20.5433638350745, 41.42258620262146]"
F82013,10,34,0.8,"[20.5433638350745, 52.530933141708374]"
F82013,10,34,0.9,"[20.48842134125391, 63.749293088912964]"
F82013,10,34,1.0,"[20.48842134125391, 63.74929714202881]"
F82013,10,35,0.01,"[20.64809268940712, 0.4067497253417969]"
F82013,10,35,0.1,"[20.64809268940712, 4.526386976242065]"
F82013,10,35,0.2,"[20.6090606044462, 9.179700136184692]"
F82013,10,35,0.3,"[20.60574807846308, 14.220771074295044]"
F82013,10,35,0.4,"[20.464176088112595, 19.55410408973694]"
F82013,10,35,0.5,"[20.464176088112595, 25.567264080047607]"
F82013,10,35,0.6,"[20.464176088112595, 32.70556926727295]"
F82013,10,35,0.7,"[20.464176088112595, 41.500367641448975]"
F82013,10,35,0.8,"[20.464176088112595, 52.525113344192505]"
F82013,10,35,0.9,"[20.464176088112595, 65.93567037582397]"
F82013,10,35,1.0,"[20.464176088112595, 81.76788330078125]"
F82013,10,36,0.01,"[20.792165158378566, 0.42038965225219727]"
F82013,10,36,0.1,"[20.565820655324615, 4.312229156494141]"
F82013,10,36,0.2,"[20.565820655324615, 8.977191925048828]"
F82013,10,36,0.3,"[20.565820655324615, 14.007747888565063]"
F82013,10,36,0.4,"[20.565820655324615, 19.52603816986084]"
F82013,10,36,0.5,"[20.543481676776764, 25.737253427505493]"
F82013,10,36,0.6,"[20.543481676776764, 32.95870757102966]"
F82013,10,36,0.7,"[20.385866478723756, 41.77664017677307]"
F82013,10,36,0.8,"[20.337690009895255, 52.83643674850464]"
F82013,10,36,0.9,"[20.337690009895255, 66.2808198928833]"
F82013,10,36,1.0,"[20.337690009895255, 82.14470767974854]"
F82013,10,37,0.01,"[20.717565093044072, 0.4136984348297119]"
F82013,10,37,0.1,"[20.35338063894892, 4.256332874298096]"
F82013,10,37,0.2,"[20.35338063894892, 8.690099000930786]"
F82013,10,37,0.3,"[20.35338063894892, 13.516536235809326]"
F82013,10,37,0.4,"[20.35338063894892, 18.804401874542236]"
F82013,10,37,0.5,"[20.35338063894892, 24.81676197052002]"
F82013,10,37,0.6,"[20.35338063894892, 31.982275009155273]"
F82013,10,37,0.7,"[20.35338063894892, 40.71880388259888]"
F82013,10,37,0.8,"[20.34093748806697, 51.70195245742798]"
F82013,10,37,0.9,"[20.34093748806697, 65.05632185935974]"
F82013,10,37,1.0,"[20.34093748806697, 80.83912968635559]"
F82013,10,38,0.01,"[20.789102047685333, 0.4335160255432129]"
F82013,10,38,0.1,"[20.500223846942276, 4.343291997909546]"
F82013,10,38,0.2,"[20.373312218665774, 8.922228574752808]"
F82013,10,38,0.3,"[20.373312218665774, 13.900318384170532]"
F82013,10,38,0.4,"[20.373312218665774, 19.222458839416504]"
F82013,10,38,0.5,"[20.373312218665774, 25.29864478111267]"
F82013,10,38,0.6,"[20.373312218665774, 32.43816828727722]"
F82013,10,38,0.7,"[20.373312218665774, 41.19629716873169]"
F82013,10,38,0.8,"[20.373312218665774, 52.20992183685303]"
F82013,10,38,0.9,"[20.327194110430355, 65.58642387390137]"
F82013,10,38,1.0,"[20.327194110430355, 81.39684200286865]"
F82013,10,39,0.01,"[20.60557293891918, 0.41956233978271484]"
F82013,10,39,0.1,"[20.60557293891918, 4.421929836273193]"
F82013,10,39,0.2,"[20.517226384420496, 8.9329092502594]"
F82013,10,39,0.3,"[20.517226384420496, 13.81166672706604]"
F82013,10,39,0.4,"[20.450507477599103, 19.12717866897583]"
F82013,10,39,0.5,"[20.450507477599103, 25.247542142868042]"
F82013,10,39,0.6,"[20.450507477599103, 32.37880039215088]"
F82013,10,39,0.7,"[20.450507477599103, 41.086469888687134]"
F82013,10,39,0.8,"[20.450507477599103, 52.04238033294678]"
F82013,10,39,0.9,"[20.450507477599103, 65.39449095726013]"
F82013,10,39,1.0,"[20.450507477599103, 81.49890112876892]"
F82013,10,40,0.01,"[20.704973281825232, 0.4169495105743408]"
F82013,10,40,0.1,"[20.70220325301341, 4.427090644836426]"
F82013,10,40,0.2,"[20.556337862116834, 8.953776836395264]"
F82013,10,40,0.3,"[20.556337862116834, 13.825937986373901]"
F82013,10,40,0.4,"[20.258770554510193, 19.153281211853027]"
F82013,10,40,0.5,"[20.258770554510193, 25.19610333442688]"
F82013,10,40,0.6,"[20.258770554510193, 32.38052010536194]"
F82013,10,40,0.7,"[20.258770554510193, 41.10993528366089]"
F82013,10,40,0.8,"[20.258770554510193, 52.09132933616638]"
F82013,10,40,0.9,"[20.258770554510193, 65.4597373008728]"
F82013,10,40,1.0,"[20.258770554510193, 81.26673555374146]"
F82013,10,41,0.01,"[20.70021933701844, 0.4070720672607422]"
F82013,10,41,0.1,"[20.38774630720252, 4.274996042251587]"
F82013,10,41,0.2,"[20.17586452258638, 8.747191667556763]"
F82013,10,41,0.3,"[20.17586452258638, 13.623993873596191]"
F82013,10,41,0.4,"[20.17586452258638, 18.97194528579712]"
F82013,10,41,0.5,"[20.17586452258638, 25.12180495262146]"
F82013,10,41,0.6,"[20.17586452258638, 32.41238331794739]"
F82013,10,41,0.7,"[20.17586452258638, 41.25715661048889]"
F82013,10,41,0.8,"[20.17586452258638, 52.272950649261475]"
F82013,10,41,0.9,"[20.17586452258638, 65.66673445701599]"
F82013,10,41,1.0,"[20.17586452258638, 81.47733497619629]"
F82013,10,42,0.01,"[20.83517939830108, 0.4208979606628418]"
F82013,10,42,0.1,"[20.39085052895814, 4.2698516845703125]"
F82013,10,42,0.2,"[20.294668161418258, 8.936567783355713]"
F82013,10,42,0.3,"[20.294668161418258, 13.92129898071289]"
F82013,10,42,0.4,"[20.294668161418258, 19.14690923690796]"
F82013,10,42,0.5,"[20.294668161418258, 25.125855922698975]"
F82013,10,42,0.6,"[20.294668161418258, 32.26091480255127]"
F82013,10,42,0.7,"[20.294668161418258, 41.0094530582428]"
F82013,10,42,0.8,"[20.294668161418258, 52.00305771827698]"
F82013,10,42,0.9,"[20.294668161418258, 65.37683534622192]"
F82013,10,42,1.0,"[20.294668161418258, 81.19807004928589]"
F82013,10,43,0.01,"[20.862748375923502, 0.4182589054107666]"
F82013,10,43,0.1,"[20.562747139976523, 4.217127084732056]"
F82013,10,43,0.2,"[20.562747139976523, 8.684683322906494]"
F82013,10,43,0.3,"[20.562747139976523, 13.499045848846436]"
F82013,10,43,0.4,"[20.36233161220639, 18.732187747955322]"
F82013,10,43,0.5,"[20.36233161220639, 24.812600135803223]"
F82013,10,43,0.6,"[20.36233161220639, 31.970085859298706]"
F82013,10,43,0.7,"[20.36233161220639, 40.7096061706543]"
F82013,10,43,0.8,"[20.36233161220639, 51.700461626052856]"
F82013,10,43,0.9,"[20.36233161220639, 65.06561183929443]"
F82013,10,43,1.0,"[20.36233161220639, 80.88518047332764]"
F82013,10,44,0.01,"[20.7100872753972, 0.4149003028869629]"
F82013,10,44,0.1,"[20.433829608922224, 4.355605363845825]"
F82013,10,44,0.2,"[20.433829608922224, 9.04133677482605]"
F82013,10,44,0.3,"[20.433829608922224, 14.160744905471802]"
F82013,10,44,0.4,"[20.392243934356543, 19.70741581916809]"
F82013,10,44,0.5,"[20.382412274467583, 25.82103443145752]"
F82013,10,44,0.6,"[20.382412274467583, 32.96226930618286]"
F82013,10,44,0.7,"[20.382412274467583, 41.68313002586365]"
F82013,10,44,0.8,"[20.382412274467583, 52.70300102233887]"
F82013,10,44,0.9,"[20.382412274467583, 66.1063973903656]"
F82013,10,44,1.0,"[20.382412274467583, 81.95758152008057]"
F82013,10,45,0.01,"[20.480285574484924, 0.41411638259887695]"
F82013,10,45,0.1,"[20.44215320815738, 4.326266527175903]"
F82013,10,45,0.2,"[20.44215320815738, 8.770802736282349]"
F82013,10,45,0.3,"[20.44215320815738, 13.579598426818848]"
F82013,10,45,0.4,"[20.44215320815738, 18.888823747634888]"
F82013,10,45,0.5,"[20.44215320815738, 24.870438814163208]"
F82013,10,45,0.6,"[20.44215320815738, 31.98512601852417]"
F82013,10,45,0.7,"[20.44215320815738, 40.73721718788147]"
F82013,10,45,0.8,"[20.44215320815738, 51.74497103691101]"
F82013,10,45,0.9,"[20.44215320815738, 65.12445950508118]"
F82013,10,45,1.0,"[20.44215320815738, 80.95990633964539]"
F82013,10,46,0.01,"[20.682742163753915, 0.42607688903808594]"
F82013,10,46,0.1,"[20.484826434069532, 4.310738563537598]"
F82013,10,46,0.2,"[20.484826434069532, 8.880026578903198]"
F82013,10,46,0.3,"[20.45114384389501, 13.83431625366211]"
F82013,10,46,0.4,"[20.45114384389501, 19.181445360183716]"
F82013,10,46,0.5,"[20.45114384389501, 25.219363927841187]"
F82013,10,46,0.6,"[20.45114384389501, 32.318177461624146]"
F82013,10,46,0.7,"[20.45114384389501, 41.04444456100464]"
F82013,10,46,0.8,"[20.45114384389501, 52.01756763458252]"
F82013,10,46,0.9,"[20.45114384389501, 65.377676486969]"
F82013,10,46,1.0,"[20.45114384389501, 81.11136221885681]"
F82013,10,47,0.01,"[20.828218551391046, 0.4240891933441162]"
F82013,10,47,0.1,"[20.495531908516796, 4.293809652328491]"
F82013,10,47,0.2,"[20.495531908516796, 8.992478847503662]"
F82013,10,47,0.3,"[20.495531908516796, 13.92919921875]"
F82013,10,47,0.4,"[20.4522060918639, 19.402050733566284]"
F82013,10,47,0.5,"[20.4522060918639, 25.591197967529297]"
F82013,10,47,0.6,"[20.4522060918639, 32.89789366722107]"
F82013,10,47,0.7,"[20.4522060918639, 41.7721164226532]"
F82013,10,47,0.8,"[20.4522060918639, 52.8196063041687]"
F82013,10,47,0.9,"[20.4522060918639, 66.21559596061707]"
F82013,10,47,1.0,"[20.4522060918639, 82.04552865028381]"
F82013,10,48,0.01,"[20.892682804374545, 0.4095122814178467]"
F82013,10,48,0.1,"[20.611094482198496, 4.238407373428345]"
F82013,10,48,0.2,"[20.539021936875542, 8.689839839935303]"
F82013,10,48,0.3,"[20.400682402972052, 13.438549757003784]"
F82013,10,48,0.4,"[20.400682402972052, 18.671046495437622]"
F82013,10,48,0.5,"[20.400682402972052, 24.633304119110107]"
F82013,10,48,0.6,"[20.400682402972052, 31.686729907989502]"
F82013,10,48,0.7,"[20.400682402972052, 40.43219184875488]"
F82013,10,48,0.8,"[20.400682402972052, 51.44413924217224]"
F82013,10,48,0.9,"[20.400682402972052, 64.86155939102173]"
F82013,10,48,1.0,"[20.400682402972052, 80.70706272125244]"
F82013,10,49,0.01,"[20.926650620541523, 0.42539429664611816]"
F82013,10,49,0.1,"[20.57367077449078, 4.2868547439575195]"
F82013,10,49,0.2,"[20.57367077449078, 8.779743194580078]"
F82013,10,49,0.3,"[20.57367077449078, 13.627803564071655]"
F82013,10,49,0.4,"[20.508055284276793, 18.94771718978882]"
F82013,10,49,0.5,"[20.508055284276793, 24.931806325912476]"
F82013,10,49,0.6,"[20.333329464141798, 31.99203658103943]"
F82013,10,49,0.7,"[20.333329464141798, 40.671101570129395]"
F82013,10,49,0.8,"[20.333329464141798, 51.624661445617676]"
F82013,10,49,0.9,"[20.333329464141798, 64.91839361190796]"
F82013,10,49,1.0,"[20.333329464141798, 80.656747341156]"
F82013,10,50,0.01,"[20.8642880952533, 0.421464204788208]"
F82013,10,50,0.1,"[20.715685277205125, 4.301594257354736]"
F82013,10,50,0.2,"[20.556859820565137, 8.813992977142334]"
F82013,10,50,0.3,"[20.550585902073635, 13.643495559692383]"
F82013,10,50,0.4,"[20.550585902073635, 18.921252727508545]"
F82013,10,50,0.5,"[20.550585902073635, 24.96359920501709]"
F82013,10,50,0.6,"[20.343687478774314, 32.04072904586792]"
F82013,10,50,0.7,"[20.343687478774314, 40.73273849487305]"
F82013,10,50,0.8,"[20.343687478774314, 51.723937034606934]"
F82013,10,50,0.9,"[20.343687478774314, 65.13847756385803]"
F82013,10,50,1.0,"[20.343687478774314, 81.00797772407532]"
F82013,30,0,0.01,"[21.07450687519031, 2.146859884262085]"
F82013,30,0,0.1,"[21.02080715813429, 26.733025074005127]"
F82013,30,0,0.2,"[20.96377682465345, 52.58049273490906]"
F82013,30,0,0.3,"[20.96377682465345, 77.96428275108337]"
F82013,30,0,0.4,"[20.96377682465345, 89.54822635650635]"
F82013,30,0,0.5,"[20.96377682465345, 101.91616034507751]"
F82013,30,0,0.6,"[20.96377682465345, 116.06546902656555]"
F82013,30,0,0.7,"[20.96377682465345, 133.31128215789795]"
F82013,30,0,0.8,"[20.96377682465345, 155.9300856590271]"
F82013,30,0,0.9,"[20.96377682465345, 188.69665050506592]"
F82013,30,0,1.0,"[20.96377682465345, 236.19623374938965]"
F82013,30,1,0.01,"[21.158437638685882, 3.4422054290771484]"
F82013,30,1,0.1,"[21.128614138261014, 37.16737246513367]"
F82013,30,1,0.2,"[20.95980344030272, 68.92479801177979]"
F82013,30,1,0.3,"[20.921477611809905, 96.12296056747437]"
F82013,30,1,0.4,"[20.921477611809905, 107.63327360153198]"
F82013,30,1,0.5,"[20.921477611809905, 120.04447293281555]"
F82013,30,1,0.6,"[20.921477611809905, 134.16785788536072]"
F82013,30,1,0.7,"[20.921477611809905, 151.51529693603516]"
F82013,30,1,0.8,"[20.921477611809905, 174.13555645942688]"
F82013,30,1,0.9,"[20.921477611809905, 206.93729829788208]"
F82013,30,1,1.0,"[20.921477611809905, 253.023672580719]"
F82013,30,2,0.01,"[21.187279888536295, 2.6371841430664062]"
F82013,30,2,0.1,"[21.06258353554165, 31.31182360649109]"
F82013,30,2,0.2,"[21.06258353554165, 64.31476163864136]"
F82013,30,2,0.3,"[21.06258353554165, 84.71210956573486]"
F82013,30,2,0.4,"[21.0504065866088, 96.1584677696228]"
F82013,30,2,0.5,"[21.0241282693554, 108.57746863365173]"
F82013,30,2,0.6,"[21.0241282693554, 122.71620035171509]"
F82013,30,2,0.7,"[21.0241282693554, 139.82702565193176]"
F82013,30,2,0.8,"[21.0241282693554, 162.40315127372742]"
F82013,30,2,0.9,"[21.0241282693554, 195.21597051620483]"
F82013,30,2,1.0,"[21.0241282693554, 242.61821794509888]"
F82013,30,3,0.01,"[21.10393748767831, 2.3853139877319336]"
F82013,30,3,0.1,"[21.051843225851826, 22.072884798049927]"
F82013,30,3,0.2,"[21.051843225851826, 52.13271141052246]"
F82013,30,3,0.3,"[21.031776119809592, 76.8690333366394]"
F82013,30,3,0.4,"[21.031776119809592, 89.32465147972107]"
F82013,30,3,0.5,"[21.031776119809592, 101.91325449943542]"
F82013,30,3,0.6,"[21.031776119809592, 116.21743845939636]"
F82013,30,3,0.7,"[21.031776119809592, 133.70621800422668]"
F82013,30,3,0.8,"[21.02959726836707, 156.57028150558472]"
F82013,30,3,0.9,"[21.02959726836707, 189.5543248653412]"
F82013,30,3,1.0,"[21.02959726836707, 238.11383724212646]"
F82013,30,4,0.01,"[21.210107954255136, 3.3388516902923584]"
F82013,30,4,0.1,"[21.133918761314362, 31.259515523910522]"
F82013,30,4,0.2,"[21.010157806810753, 63.25864005088806]"
F82013,30,4,0.3,"[20.930720603658756, 86.12166690826416]"
F82013,30,4,0.4,"[20.930720603658756, 97.62260246276855]"
F82013,30,4,0.5,"[20.930720603658756, 110.07757019996643]"
F82013,30,4,0.6,"[20.930720603658756, 124.24690294265747]"
F82013,30,4,0.7,"[20.930720603658756, 141.4204547405243]"
F82013,30,4,0.8,"[20.930720603658756, 164.10217666625977]"
F82013,30,4,0.9,"[20.930720603658756, 196.98664736747742]"
F82013,30,4,1.0,"[20.930720603658756, 249.44366121292114]"
F82013,30,5,0.01,"[21.049668746419343, 2.907609462738037]"
F82013,30,5,0.1,"[21.049668746419343, 32.89768147468567]"
F82013,30,5,0.2,"[20.99218922592854, 62.72644305229187]"
F82013,30,5,0.3,"[20.99218922592854, 82.10958957672119]"
F82013,30,5,0.4,"[20.99218922592854, 93.86447358131409]"
F82013,30,5,0.5,"[20.99218922592854, 106.39338445663452]"
F82013,30,5,0.6,"[20.99218922592854, 120.60944867134094]"
F82013,30,5,0.7,"[20.99218922592854, 137.91715908050537]"
F82013,30,5,0.8,"[20.99218922592854, 160.58335494995117]"
F82013,30,5,0.9,"[20.99218922592854, 193.45527029037476]"
F82013,30,5,1.0,"[20.97272260165846, 243.74284291267395]"
F82013,30,6,0.01,"[21.227955051327058, 3.680044174194336]"
F82013,30,6,0.1,"[21.05011974304739, 30.315268516540527]"
F82013,30,6,0.2,"[21.05011974304739, 62.25908946990967]"
F82013,30,6,0.3,"[21.05011974304739, 78.56843996047974]"
F82013,30,6,0.4,"[21.020266256212153, 90.81846141815186]"
F82013,30,6,0.5,"[21.020266256212153, 103.42427778244019]"
F82013,30,6,0.6,"[21.020266256212153, 117.59508275985718]"
F82013,30,6,0.7,"[21.020266256212153, 134.78063225746155]"
F82013,30,6,0.8,"[20.956758465252733, 157.5083396434784]"
F82013,30,6,0.9,"[20.956758465252733, 190.6477723121643]"
F82013,30,6,1.0,"[20.956758465252733, 239.4772458076477]"
F82013,30,7,0.01,"[21.22871905904276, 3.142242193222046]"
F82013,30,7,0.1,"[21.02816728389064, 32.787285566329956]"
F82013,30,7,0.2,"[21.02816728389064, 60.100162982940674]"
F82013,30,7,0.3,"[21.02816728389064, 84.93464636802673]"
F82013,30,7,0.4,"[21.02816728389064, 96.83958578109741]"
F82013,30,7,0.5,"[21.02816728389064, 109.52200937271118]"
F82013,30,7,0.6,"[21.002411432140434, 123.93507146835327]"
F82013,30,7,0.7,"[20.991633551935934, 141.21760416030884]"
F82013,30,7,0.8,"[20.991633551935934, 163.95970702171326]"
F82013,30,7,0.9,"[20.865379393533317, 197.00198316574097]"
F82013,30,7,1.0,"[20.865379393533317, 245.42295575141907]"
F82013,30,8,0.01,"[21.130179851703247, 3.3294034004211426]"
F82013,30,8,0.1,"[21.041873879190916, 30.966694355010986]"
F82013,30,8,0.2,"[21.041873879190916, 62.02104616165161]"
F82013,30,8,0.3,"[21.014639225402902, 85.45362210273743]"
F82013,30,8,0.4,"[20.987106456815013, 96.82353019714355]"
F82013,30,8,0.5,"[20.987106456815013, 109.32150983810425]"
F82013,30,8,0.6,"[20.987106456815013, 123.3781509399414]"
F82013,30,8,0.7,"[20.987106456815013, 140.5782561302185]"
F82013,30,8,0.8,"[20.987106456815013, 163.20050859451294]"
F82013,30,8,0.9,"[20.9613842446264, 196.01191210746765]"
F82013,30,8,1.0,"[20.9613842446264, 242.76564121246338]"
F82013,30,9,0.01,"[21.019716587276775, 2.9207515716552734]"
F82013,30,9,0.1,"[21.019716587276775, 30.547996997833252]"
F82013,30,9,0.2,"[21.019716587276775, 61.05104112625122]"
F82013,30,9,0.3,"[21.019716587276775, 85.33530783653259]"
F82013,30,9,0.4,"[21.019716587276775, 96.84740447998047]"
F82013,30,9,0.5,"[21.019716587276775, 109.3453688621521]"
F82013,30,9,0.6,"[21.019716587276775, 123.45798683166504]"
F82013,30,9,0.7,"[20.909309642637027, 140.73947381973267]"
F82013,30,9,0.8,"[20.85113490060519, 163.39055824279785]"
F82013,30,9,0.9,"[20.85113490060519, 196.29601883888245]"
F82013,30,9,1.0,"[20.85113490060519, 243.73761343955994]"
F82013,30,10,0.01,"[21.225140218741785, 3.1532514095306396]"
F82013,30,10,0.1,"[21.077456090101578, 31.18602466583252]"
F82013,30,10,0.2,"[21.02411271060589, 56.31739807128906]"
F82013,30,10,0.3,"[21.02411271060589, 82.11336421966553]"
F82013,30,10,0.4,"[21.00850932924891, 93.83348894119263]"
F82013,30,10,0.5,"[20.998407268754022, 106.39429807662964]"
F82013,30,10,0.6,"[20.998407268754022, 120.72486519813538]"
F82013,30,10,0.7,"[20.975588340727995, 138.1422107219696]"
F82013,30,10,0.8,"[20.975588340727995, 160.96557068824768]"
F82013,30,10,0.9,"[20.975588340727995, 193.78859496116638]"
F82013,30,10,1.0,"[20.975588340727995, 241.1138243675232]"
F82013,30,11,0.01,"[21.060517735095686, 2.900573253631592]"
F82013,30,11,0.1,"[21.060517735095686, 30.03162384033203]"
F82013,30,11,0.2,"[21.060517735095686, 60.86465764045715]"
F82013,30,11,0.3,"[20.98026835432495, 84.12788844108582]"
F82013,30,11,0.4,"[20.98026835432495, 95.48586964607239]"
F82013,30,11,0.5,"[20.98026835432495, 107.8531322479248]"
F82013,30,11,0.6,"[20.97063579344683, 121.95600366592407]"
F82013,30,11,0.7,"[20.97063579344683, 139.18566131591797]"
F82013,30,11,0.8,"[20.97063579344683, 161.8722860813141]"
F82013,30,11,0.9,"[20.97063579344683, 194.64624571800232]"
F82013,30,11,1.0,"[20.97063579344683, 244.4127345085144]"
F82013,30,12,0.01,"[21.209132401825855, 1.5474634170532227]"
F82013,30,12,0.1,"[20.987318173593053, 31.997416257858276]"
F82013,30,12,0.2,"[20.91476034453865, 72.59103560447693]"
F82013,30,12,0.3,"[20.91476034453865, 94.04184293746948]"
F82013,30,12,0.4,"[20.91476034453865, 105.49576568603516]"
F82013,30,12,0.5,"[20.91476034453865, 118.02722024917603]"
F82013,30,12,0.6,"[20.91476034453865, 132.2152247428894]"
F82013,30,12,0.7,"[20.91476034453865, 149.33162307739258]"
F82013,30,12,0.8,"[20.91476034453865, 171.99647092819214]"
F82013,30,12,0.9,"[20.91476034453865, 204.90723419189453]"
F82013,30,12,1.0,"[20.91476034453865, 251.10610723495483]"
F82013,30,13,0.01,"[21.16045174639828, 3.566896915435791]"
F82013,30,13,0.1,"[21.096071572647134, 33.40386605262756]"
F82013,30,13,0.2,"[21.078961138853174, 69.7066376209259]"
F82013,30,13,0.3,"[21.047450369855483, 96.14660811424255]"
F82013,30,13,0.4,"[20.983932373927928, 107.49202680587769]"
F82013,30,13,0.5,"[20.983932373927928, 119.87832951545715]"
F82013,30,13,0.6,"[20.983932373927928, 134.07751870155334]"
F82013,30,13,0.7,"[20.983932373927928, 151.3967833518982]"
F82013,30,13,0.8,"[20.983932373927928, 174.05811047554016]"
F82013,30,13,0.9,"[20.983932373927928, 206.9273021221161]"
F82013,30,13,1.0,"[20.92800728099928, 252.8666968345642]"
F82013,30,14,0.01,"[21.17357388337382, 2.176095485687256]"
F82013,30,14,0.1,"[21.02231180087506, 33.989988803863525]"
F82013,30,14,0.2,"[21.02231180087506, 67.18824243545532]"
F82013,30,14,0.3,"[21.02231180087506, 94.91617345809937]"
F82013,30,14,0.4,"[21.02231180087506, 106.64768147468567]"
F82013,30,14,0.5,"[21.02231180087506, 119.28098225593567]"
F82013,30,14,0.6,"[20.983134274009785, 133.47897338867188]"
F82013,30,14,0.7,"[20.983134274009785, 150.76109886169434]"
F82013,30,14,0.8,"[20.983134274009785, 173.33457779884338]"
F82013,30,14,0.9,"[20.983134274009785, 206.1187994480133]"
F82013,30,14,1.0,"[20.983134274009785, 252.10119771957397]"
F82013,30,15,0.01,"[21.09842696275325, 3.2593159675598145]"
F82013,30,15,0.1,"[21.09842696275325, 31.11332130432129]"
F82013,30,15,0.2,"[21.081315304631516, 61.99528884887695]"
F82013,30,15,0.3,"[21.081181585458353, 78.6252977848053]"
F82013,30,15,0.4,"[20.972300486832978, 90.40993762016296]"
F82013,30,15,0.5,"[20.972300486832978, 103.01930809020996]"
F82013,30,15,0.6,"[20.972300486832978, 117.41394519805908]"
F82013,30,15,0.7,"[20.972300486832978, 134.81205081939697]"
F82013,30,15,0.8,"[20.972300486832978, 157.51230382919312]"
F82013,30,15,0.9,"[20.972300486832978, 190.4317545890808]"
F82013,30,15,1.0,"[20.972300486832978, 238.96629452705383]"
F82013,30,16,0.01,"[21.17816433229143, 3.0935637950897217]"
F82013,30,16,0.1,"[21.03757014608675, 33.83120346069336]"
F82013,30,16,0.2,"[21.03757014608675, 66.32286858558655]"
F82013,30,16,0.3,"[20.936043654196396, 94.40182948112488]"
F82013,30,16,0.4,"[20.936043654196396, 105.85554790496826]"
F82013,30,16,0.5,"[20.936043654196396, 118.23773431777954]"
F82013,30,16,0.6,"[20.936043654196396, 132.33870315551758]"
F82013,30,16,0.7,"[20.936043654196396, 149.54165816307068]"
F82013,30,16,0.8,"[20.936043654196396, 172.24048137664795]"
F82013,30,16,0.9,"[20.936043654196396, 205.1160717010498]"
F82013,30,16,1.0,"[20.936043654196396, 255.30158686637878]"
F82013,30,17,0.01,"[21.184672291191873, 3.420881748199463]"
F82013,30,17,0.1,"[21.057311714527145, 35.35970735549927]"
F82013,30,17,0.2,"[21.049833351839084, 67.36447739601135]"
F82013,30,17,0.3,"[21.049833351839084, 94.95926141738892]"
F82013,30,17,0.4,"[21.024309710440548, 106.42933917045593]"
F82013,30,17,0.5,"[20.98735164989671, 118.81837058067322]"
F82013,30,17,0.6,"[20.98735164989671, 132.92682671546936]"
F82013,30,17,0.7,"[20.98735164989671, 150.06753492355347]"
F82013,30,17,0.8,"[20.98735164989671, 172.5548312664032]"
F82013,30,17,0.9,"[20.98735164989671, 205.32138323783875]"
F82013,30,17,1.0,"[20.98735164989671, 251.21562314033508]"
F82013,30,18,0.01,"[21.159529515986037, 2.9804062843322754]"
F82013,30,18,0.1,"[21.116942402810196, 31.747462272644043]"
F82013,30,18,0.2,"[21.05759319440483, 61.238245248794556]"
F82013,30,18,0.3,"[21.05759319440483, 84.06548833847046]"
F82013,30,18,0.4,"[20.98550918598403, 95.72678709030151]"
F82013,30,18,0.5,"[20.98550918598403, 108.37169218063354]"
F82013,30,18,0.6,"[20.950421118261602, 122.91493916511536]"
F82013,30,18,0.7,"[20.950421118261602, 140.27599048614502]"
F82013,30,18,0.8,"[20.950421118261602, 162.96357035636902]"
F82013,30,18,0.9,"[20.950421118261602, 195.85368275642395]"
F82013,30,18,1.0,"[20.950421118261602, 243.04246950149536]"
F82013,30,19,0.01,"[21.175628549190264, 3.303583860397339]"
F82013,30,19,0.1,"[20.99329225737472, 36.454087018966675]"
F82013,30,19,0.2,"[20.99329225737472, 71.10851883888245]"
F82013,30,19,0.3,"[20.99329225737472, 95.57853293418884]"
F82013,30,19,0.4,"[20.99329225737472, 106.92369675636292]"
F82013,30,19,0.5,"[20.99329225737472, 119.44555854797363]"
F82013,30,19,0.6,"[20.99329225737472, 133.73568487167358]"
F82013,30,19,0.7,"[20.99329225737472, 151.25619411468506]"
F82013,30,19,0.8,"[20.99329225737472, 174.05018019676208]"
F82013,30,19,0.9,"[20.99329225737472, 207.04919576644897]"
F82013,30,19,1.0,"[20.971892593555594, 253.27609944343567]"
F82013,30,20,0.01,"[21.136064895596178, 3.207301378250122]"
F82013,30,20,0.1,"[21.00740829732308, 29.461780786514282]"
F82013,30,20,0.2,"[21.00740829732308, 54.93985056877136]"
F82013,30,20,0.3,"[20.917221512245305, 82.62368869781494]"
F82013,30,20,0.4,"[20.917221512245305, 94.17398023605347]"
F82013,30,20,0.5,"[20.917221512245305, 106.69645047187805]"
F82013,30,20,0.6,"[20.917221512245305, 120.90735363960266]"
F82013,30,20,0.7,"[20.917221512245305, 138.08285188674927]"
F82013,30,20,0.8,"[20.917221512245305, 160.68390560150146]"
F82013,30,20,0.9,"[20.917221512245305, 193.52241230010986]"
F82013,30,20,1.0,"[20.917221512245305, 245.62139296531677]"
F82013,30,21,0.01,"[21.15694525806009, 2.857357978820801]"
F82013,30,21,0.1,"[20.946607465492207, 36.585477352142334]"
F82013,30,21,0.2,"[20.946607465492207, 68.95628333091736]"
F82013,30,21,0.3,"[20.946607465492207, 95.33627653121948]"
F82013,30,21,0.4,"[20.946607465492207, 106.68887877464294]"
F82013,30,21,0.5,"[20.946607465492207, 119.22830939292908]"
F82013,30,21,0.6,"[20.946607465492207, 133.4651563167572]"
F82013,30,21,0.7,"[20.946607465492207, 150.73327827453613]"
F82013,30,21,0.8,"[20.946607465492207, 173.39091420173645]"
F82013,30,21,0.9,"[20.946607465492207, 206.35451126098633]"
F82013,30,21,1.0,"[20.946607465492207, 252.5042598247528]"
F82013,30,22,0.01,"[21.162667318157673, 3.41725754737854]"
F82013,30,22,0.1,"[20.88591210303207, 38.744210720062256]"
F82013,30,22,0.2,"[20.88591210303207, 71.06637287139893]"
F82013,30,22,0.3,"[20.88591210303207, 97.06633114814758]"
F82013,30,22,0.4,"[20.88591210303207, 108.52062368392944]"
F82013,30,22,0.5,"[20.88591210303207, 121.0447940826416]"
F82013,30,22,0.6,"[20.88591210303207, 135.31393432617188]"
F82013,30,22,0.7,"[20.88591210303207, 152.7808187007904]"
F82013,30,22,0.8,"[20.88591210303207, 175.51468300819397]"
F82013,30,22,0.9,"[20.88591210303207, 208.31189155578613]"
F82013,30,22,1.0,"[20.88591210303207, 254.63068795204163]"
F82013,30,23,0.01,"[21.125414702713897, 3.5628342628479004]"
F82013,30,23,0.1,"[21.00808998158584, 26.54280996322632]"
F82013,30,23,0.2,"[21.00808998158584, 49.533807039260864]"
F82013,30,23,0.3,"[21.00808998158584, 68.8558075428009]"
F82013,30,23,0.4,"[21.00808998158584, 82.40438318252563]"
F82013,30,23,0.5,"[21.00808998158584, 94.92245531082153]"
F82013,30,23,0.6,"[21.00808998158584, 109.03098011016846]"
F82013,30,23,0.7,"[21.00808998158584, 126.19799661636353]"
F82013,30,23,0.8,"[21.00808998158584, 148.75182390213013]"
F82013,30,23,0.9,"[21.00808998158584, 181.59088802337646]"
F82013,30,23,1.0,"[21.00808998158584, 227.52888345718384]"
F82013,30,24,0.01,"[21.19017940987635, 3.6547834873199463]"
F82013,30,24,0.1,"[21.002078185081132, 29.24056124687195]"
F82013,30,24,0.2,"[21.002078185081132, 58.91166663169861]"
F82013,30,24,0.3,"[21.002078185081132, 79.43650531768799]"
F82013,30,24,0.4,"[21.002078185081132, 91.16928553581238]"
F82013,30,24,0.5,"[21.002078185081132, 103.86065864562988]"
F82013,30,24,0.6,"[20.963104499480437, 118.23708581924438]"
F82013,30,24,0.7,"[20.963104499480437, 135.75732135772705]"
F82013,30,24,0.8,"[20.963104499480437, 158.5896646976471]"
F82013,30,24,0.9,"[20.963104499480437, 191.74668192863464]"
F82013,30,24,1.0,"[20.963104499480437, 239.62027788162231]"
F82013,30,25,0.01,"[21.280594701200926, 3.534134864807129]"
F82013,30,25,0.1,"[21.058126422094233, 36.622586250305176]"
F82013,30,25,0.2,"[21.014529916047763, 69.02603077888489]"
F82013,30,25,0.3,"[21.014529916047763, 95.09599184989929]"
F82013,30,25,0.4,"[21.014529916047763, 106.45609211921692]"
F82013,30,25,0.5,"[21.014529916047763, 118.86932706832886]"
F82013,30,25,0.6,"[21.014529916047763, 133.00234413146973]"
F82013,30,25,0.7,"[21.014529916047763, 150.32477235794067]"
F82013,30,25,0.8,"[21.014529916047763, 172.9642415046692]"
F82013,30,25,0.9,"[21.014529916047763, 205.88288140296936]"
F82013,30,25,1.0,"[21.014529916047763, 252.10303163528442]"
F82013,30,26,0.01,"[21.20061535227228, 3.2603023052215576]"
F82013,30,26,0.1,"[21.072062871945377, 19.08345127105713]"
F82013,30,26,0.2,"[21.072062871945377, 43.36050868034363]"
F82013,30,26,0.3,"[21.072062871945377, 72.692312002182]"
F82013,30,26,0.4,"[21.064725923937658, 85.90859699249268]"
F82013,30,26,0.5,"[21.064725923937658, 98.39167475700378]"
F82013,30,26,0.6,"[21.0201130005438, 112.55465006828308]"
F82013,30,26,0.7,"[21.0201130005438, 129.88651657104492]"
F82013,30,26,0.8,"[21.0201130005438, 152.57308387756348]"
F82013,30,26,0.9,"[21.0201130005438, 185.42521238327026]"
F82013,30,26,1.0,"[21.0201130005438, 233.2260241508484]"
F82013,30,27,0.01,"[21.20072482277385, 2.1919631958007812]"
F82013,30,27,0.1,"[21.033925768571635, 31.858428239822388]"
F82013,30,27,0.2,"[21.033925768571635, 58.392746448516846]"
F82013,30,27,0.3,"[21.033925768571635, 76.47087287902832]"
F82013,30,27,0.4,"[21.02823938702238, 88.09695553779602]"
F82013,30,27,0.5,"[21.02823938702238, 100.60395503044128]"
F82013,30,27,0.6,"[21.02823938702238, 114.77379035949707]"
F82013,30,27,0.7,"[21.02823938702238, 132.04400968551636]"
F82013,30,27,0.8,"[21.02823938702238, 154.71924591064453]"
F82013,30,27,0.9,"[21.02823938702238, 187.69582772254944]"
F82013,30,27,1.0,"[21.02823938702238, 235.61323142051697]"
F82013,30,28,0.01,"[21.211259670891195, 3.973376989364624]"
F82013,30,28,0.1,"[21.081951908655583, 28.547826528549194]"
F82013,30,28,0.2,"[21.014028582499805, 57.00423765182495]"
F82013,30,28,0.3,"[21.014028582499805, 78.13736128807068]"
F82013,30,28,0.4,"[21.014028582499805, 90.90066957473755]"
F82013,30,28,0.5,"[21.014028582499805, 103.35572648048401]"
F82013,30,28,0.6,"[21.014028582499805, 117.53601622581482]"
F82013,30,28,0.7,"[20.861186732742567, 134.6828899383545]"
F82013,30,28,0.8,"[20.861186732742567, 157.18207144737244]"
F82013,30,28,0.9,"[20.861186732742567, 189.89594292640686]"
F82013,30,28,1.0,"[20.861186732742567, 236.2654368877411]"
F82013,30,29,0.01,"[21.254498331131686, 3.780524253845215]"
F82013,30,29,0.1,"[20.93262912571288, 26.902886629104614]"
F82013,30,29,0.2,"[20.93262912571288, 58.047951459884644]"
F82013,30,29,0.3,"[20.93262912571288, 70.20203471183777]"
F82013,30,29,0.4,"[20.93262912571288, 84.22391247749329]"
F82013,30,29,0.5,"[20.93262912571288, 96.77235221862793]"
F82013,30,29,0.6,"[20.93262912571288, 110.96402430534363]"
F82013,30,29,0.7,"[20.93262912571288, 128.33027529716492]"
F82013,30,29,0.8,"[20.93262912571288, 151.1186807155609]"
F82013,30,29,0.9,"[20.93262912571288, 184.04869413375854]"
F82013,30,29,1.0,"[20.93262912571288, 230.67392086982727]"
F82013,30,30,0.01,"[21.206050328288484, 2.74298095703125]"
F82013,30,30,0.1,"[21.013626234013827, 25.24224853515625]"
F82013,30,30,0.2,"[21.013626234013827, 42.010902404785156]"
F82013,30,30,0.3,"[20.902194025931408, 61.76941514015198]"
F82013,30,30,0.4,"[20.902194025931408, 80.91134595870972]"
F82013,30,30,0.5,"[20.902194025931408, 94.11030459403992]"
F82013,30,30,0.6,"[20.902194025931408, 108.55292582511902]"
F82013,30,30,0.7,"[20.902194025931408, 125.87187361717224]"
F82013,30,30,0.8,"[20.902194025931408, 148.5086328983307]"
F82013,30,30,0.9,"[20.902194025931408, 181.35694241523743]"
F82013,30,30,1.0,"[20.902194025931408, 227.34396862983704]"
F82013,30,31,0.01,"[21.11110045890348, 3.5393617153167725]"
F82013,30,31,0.1,"[21.101572195134167, 35.4006724357605]"
F82013,30,31,0.2,"[21.09154366034113, 71.27878928184509]"
F82013,30,31,0.3,"[20.950625363424933, 96.43550610542297]"
F82013,30,31,0.4,"[20.950625363424933, 107.97028231620789]"
F82013,30,31,0.5,"[20.950625363424933, 120.7101616859436]"
F82013,30,31,0.6,"[20.950625363424933, 135.17783665657043]"
F82013,30,31,0.7,"[20.950625363424933, 152.73920440673828]"
F82013,30,31,0.8,"[20.950625363424933, 175.30843663215637]"
F82013,30,31,0.9,"[20.950625363424933, 208.1254017353058]"
F82013,30,31,1.0,"[20.950625363424933, 253.99053382873535]"
F82013,30,32,0.01,"[21.23696176917008, 3.5411672592163086]"
F82013,30,32,0.1,"[21.055185420453768, 31.65715503692627]"
F82013,30,32,0.2,"[21.001256919494153, 66.9708616733551]"
F82013,30,32,0.3,"[21.001256919494153, 94.51394891738892]"
F82013,30,32,0.4,"[21.001256919494153, 106.06644940376282]"
F82013,30,32,0.5,"[21.001256919494153, 118.57642364501953]"
F82013,30,32,0.6,"[21.001256919494153, 132.83362102508545]"
F82013,30,32,0.7,"[20.94391191229772, 150.14917826652527]"
F82013,30,32,0.8,"[20.94391191229772, 172.71824741363525]"
F82013,30,32,0.9,"[20.94391191229772, 205.50044345855713]"
F82013,30,32,1.0,"[20.94391031072439, 251.39037132263184]"
F82013,30,33,0.01,"[21.0884356482527, 3.2726898193359375]"
F82013,30,33,0.1,"[21.0884356482527, 32.15048027038574]"
F82013,30,33,0.2,"[21.004630423216327, 67.72200655937195]"
F82013,30,33,0.3,"[21.004630423216327, 95.60249209403992]"
F82013,30,33,0.4,"[21.004630423216327, 107.03807854652405]"
F82013,30,33,0.5,"[21.004630423216327, 119.61072826385498]"
F82013,30,33,0.6,"[21.004630423216327, 133.80792498588562]"
F82013,30,33,0.7,"[21.004630423216327, 150.87889909744263]"
F82013,30,33,0.8,"[20.994792439690286, 173.31049227714539]"
F82013,30,33,0.9,"[20.994792439690286, 206.0438301563263]"
F82013,30,33,1.0,"[20.994792439690286, 251.69422030448914]"
F82013,30,34,0.01,"[21.167134607774642, 3.079798460006714]"
F82013,30,34,0.1,"[21.038678260485767, 33.54671382904053]"
F82013,30,34,0.2,"[21.0105085012666, 70.12040543556213]"
F82013,30,34,0.3,"[21.0105085012666, 96.41426420211792]"
F82013,30,34,0.4,"[21.0105085012666, 107.9498679637909]"
F82013,30,34,0.5,"[21.0105085012666, 120.45226883888245]"
F82013,30,34,0.6,"[21.0105085012666, 134.64625024795532]"
F82013,30,34,0.7,"[20.949716661153502, 151.8407802581787]"
F82013,30,34,0.8,"[20.949716661153502, 174.32133388519287]"
F82013,30,34,0.9,"[20.949716661153502, 207.01998829841614]"
F82013,30,34,1.0,"[20.949716661153502, 253.18259644508362]"
F82013,30,35,0.01,"[21.13973921158197, 3.5224437713623047]"
F82013,30,35,0.1,"[20.8690788891422, 36.42646074295044]"
F82013,30,35,0.2,"[20.8690788891422, 69.3592426776886]"
F82013,30,35,0.3,"[20.8690788891422, 95.33811926841736]"
F82013,30,35,0.4,"[20.8690788891422, 106.91655206680298]"
F82013,30,35,0.5,"[20.8690788891422, 119.60775518417358]"
F82013,30,35,0.6,"[20.8690788891422, 134.07141733169556]"
F82013,30,35,0.7,"[20.8690788891422, 151.48674750328064]"
F82013,30,35,0.8,"[20.8690788891422, 174.05236268043518]"
F82013,30,35,0.9,"[20.8690788891422, 206.78862357139587]"
F82013,30,35,1.0,"[20.8690788891422, 252.59365797042847]"
F82013,30,36,0.01,"[21.158891498544335, 4.335094451904297]"
F82013,30,36,0.1,"[21.091188727729786, 35.58334040641785]"
F82013,30,36,0.2,"[21.091188727729786, 69.08883166313171]"
F82013,30,36,0.3,"[21.091188727729786, 95.00387263298035]"
F82013,30,36,0.4,"[21.038830505195847, 107.56604290008545]"
F82013,30,36,0.5,"[21.038830505195847, 121.32809019088745]"
F82013,30,36,0.6,"[21.038830505195847, 137.030179977417]"
F82013,30,36,0.7,"[21.038830505195847, 155.97159028053284]"
F82013,30,36,0.8,"[20.9919513418763, 180.48800039291382]"
F82013,30,36,0.9,"[20.9919513418763, 216.12307119369507]"
F82013,30,36,1.0,"[20.9919513418763, 263.4862868785858]"
F82013,30,37,0.01,"[21.204125962004582, 2.6681859493255615]"
F82013,30,37,0.1,"[20.97567485704883, 34.45822286605835]"
F82013,30,37,0.2,"[20.97567485704883, 69.86051774024963]"
F82013,30,37,0.3,"[20.97567485704883, 94.73826241493225]"
F82013,30,37,0.4,"[20.97567485704883, 106.38864660263062]"
F82013,30,37,0.5,"[20.97567485704883, 119.37624192237854]"
F82013,30,37,0.6,"[20.97567485704883, 133.5891044139862]"
F82013,30,37,0.7,"[20.97567485704883, 150.92755579948425]"
F82013,30,37,0.8,"[20.97567485704883, 173.72300672531128]"
F82013,30,37,0.9,"[20.97567485704883, 206.76861715316772]"
F82013,30,37,1.0,"[20.97567485704883, 254.6069724559784]"
F82013,30,38,0.01,"[21.11302760003639, 3.8647921085357666]"
F82013,30,38,0.1,"[21.108714349300385, 39.57580280303955]"
F82013,30,38,0.2,"[21.05835438785823, 73.7920138835907]"
F82013,30,38,0.3,"[21.05835438785823, 97.80182218551636]"
F82013,30,38,0.4,"[21.05835438785823, 109.21182060241699]"
F82013,30,38,0.5,"[21.0359416421295, 121.68680477142334]"
F82013,30,38,0.6,"[20.968526390886495, 135.7327709197998]"
F82013,30,38,0.7,"[20.968526390886495, 152.88523054122925]"
F82013,30,38,0.8,"[20.968526390886495, 175.45874094963074]"
F82013,30,38,0.9,"[20.968526390886495, 208.2906641960144]"
F82013,30,38,1.0,"[20.968526390886495, 256.44466257095337]"
F82013,30,39,0.01,"[21.19802221655425, 3.588941812515259]"
F82013,30,39,0.1,"[21.025124388163817, 21.289615869522095]"
F82013,30,39,0.2,"[20.954724760260206, 52.52115249633789]"
F82013,30,39,0.3,"[20.954724760260206, 85.74010062217712]"
F82013,30,39,0.4,"[20.954724760260206, 101.10737228393555]"
F82013,30,39,0.5,"[20.954724760260206, 113.77674078941345]"
F82013,30,39,0.6,"[20.954724760260206, 128.2467176914215]"
F82013,30,39,0.7,"[20.945786189050068, 145.65709042549133]"
F82013,30,39,0.8,"[20.945786189050068, 168.42428064346313]"
F82013,30,39,0.9,"[20.945786189050068, 201.53133487701416]"
F82013,30,39,1.0,"[20.945786189050068, 248.0778934955597]"
F82013,30,40,0.01,"[21.084749119784192, 3.1382598876953125]"
F82013,30,40,0.1,"[21.066189679427453, 28.359623432159424]"
F82013,30,40,0.2,"[21.066189679427453, 65.94094252586365]"
F82013,30,40,0.3,"[21.066189679427453, 95.01204252243042]"
F82013,30,40,0.4,"[21.06388285683056, 106.38384246826172]"
F82013,30,40,0.5,"[21.06388285683056, 118.94807004928589]"
F82013,30,40,0.6,"[21.06388285683056, 133.21145153045654]"
F82013,30,40,0.7,"[21.06388285683056, 150.62465262413025]"
F82013,30,40,0.8,"[21.017509685833375, 173.37064599990845]"
F82013,30,40,0.9,"[21.017509685833375, 206.27584958076477]"
F82013,30,40,1.0,"[21.017509685833375, 252.28426718711853]"
F82013,30,41,0.01,"[21.026165685306523, 2.628450870513916]"
F82013,30,41,0.1,"[20.8672887891654, 30.176755905151367]"
F82013,30,41,0.2,"[20.8672887891654, 63.66811943054199]"
F82013,30,41,0.3,"[20.8672887891654, 93.74012875556946]"
F82013,30,41,0.4,"[20.8672887891654, 105.11864256858826]"
F82013,30,41,0.5,"[20.8672887891654, 117.50284361839294]"
F82013,30,41,0.6,"[20.8672887891654, 131.57975125312805]"
F82013,30,41,0.7,"[20.8672887891654, 148.7495095729828]"
F82013,30,41,0.8,"[20.8672887891654, 171.273606300354]"
F82013,30,41,0.9,"[20.8672887891654, 204.04494047164917]"
F82013,30,41,1.0,"[20.8672887891654, 252.76019287109375]"
F82013,30,42,0.01,"[21.167842218275382, 2.9299769401550293]"
F82013,30,42,0.1,"[21.044567823644797, 25.47425389289856]"
F82013,30,42,0.2,"[21.044567823644797, 56.453903913497925]"
F82013,30,42,0.3,"[21.03435238422901, 83.62360286712646]"
F82013,30,42,0.4,"[21.03435238422901, 95.0140106678009]"
F82013,30,42,0.5,"[21.03435238422901, 107.50772905349731]"
F82013,30,42,0.6,"[21.03435238422901, 121.63133692741394]"
F82013,30,42,0.7,"[21.03435238422901, 138.80144882202148]"
F82013,30,42,0.8,"[21.001944376329334, 161.52163171768188]"
F82013,30,42,0.9,"[20.970462780205708, 194.46913743019104]"
F82013,30,42,1.0,"[20.970462780205708, 242.57534337043762]"
F82013,30,43,0.01,"[21.146750848076863, 1.9546680450439453]"
F82013,30,43,0.1,"[21.11750610745321, 34.34402108192444]"
F82013,30,43,0.2,"[21.05492229279855, 67.00154685974121]"
F82013,30,43,0.3,"[21.033574560989337, 93.73819923400879]"
F82013,30,43,0.4,"[21.033574560989337, 105.13390278816223]"
F82013,30,43,0.5,"[21.033574560989337, 117.51139760017395]"
F82013,30,43,0.6,"[21.033574560989337, 131.62640619277954]"
F82013,30,43,0.7,"[21.033574560989337, 148.8510320186615]"
F82013,30,43,0.8,"[21.033574560989337, 171.41932487487793]"
F82013,30,43,0.9,"[20.988272256886034, 204.13057160377502]"
F82013,30,43,1.0,"[20.988272256886034, 250.03051948547363]"
F82013,30,44,0.01,"[21.180765556014535, 3.3936688899993896]"
F82013,30,44,0.1,"[21.031794314578406, 35.93356251716614]"
F82013,30,44,0.2,"[21.026116051664303, 71.69305920600891]"
F82013,30,44,0.3,"[21.026116051664303, 96.20686745643616]"
F82013,30,44,0.4,"[21.026116051664303, 107.60965013504028]"
F82013,30,44,0.5,"[21.00024430208441, 120.05459117889404]"
F82013,30,44,0.6,"[21.00024430208441, 134.25244092941284]"
F82013,30,44,0.7,"[20.96229650255657, 151.5036962032318]"
F82013,30,44,0.8,"[20.96229650255657, 173.97505378723145]"
F82013,30,44,0.9,"[20.96229650255657, 206.65922856330872]"
F82013,30,44,1.0,"[20.96229650255657, 252.34859657287598]"
F82013,30,45,0.01,"[21.105579107133167, 2.3772358894348145]"
F82013,30,45,0.1,"[21.057155105794436, 36.20103454589844]"
F82013,30,45,0.2,"[21.057155105794436, 72.06430435180664]"
F82013,30,45,0.3,"[21.03788335299032, 96.44288635253906]"
F82013,30,45,0.4,"[20.990445882474205, 107.9315824508667]"
F82013,30,45,0.5,"[20.990445882474205, 120.42614769935608]"
F82013,30,45,0.6,"[20.990445882474205, 134.46343803405762]"
F82013,30,45,0.7,"[20.990445882474205, 151.76842093467712]"
F82013,30,45,0.8,"[20.990445882474205, 174.41858172416687]"
F82013,30,45,0.9,"[20.96978698575242, 207.08827900886536]"
F82013,30,45,1.0,"[20.96978698575242, 253.42145538330078]"
F82013,30,46,0.01,"[21.112088010277375, 3.920964479446411]"
F82013,30,46,0.1,"[21.098058522084102, 35.63371992111206]"
F82013,30,46,0.2,"[21.053627441855383, 66.10596632957458]"
F82013,30,46,0.3,"[21.053627441855383, 95.10137510299683]"
F82013,30,46,0.4,"[21.010391385350317, 106.48448443412781]"
F82013,30,46,0.5,"[20.931049389908367, 118.9758927822113]"
F82013,30,46,0.6,"[20.931049389908367, 133.2029960155487]"
F82013,30,46,0.7,"[20.931049389908367, 150.4230763912201]"
F82013,30,46,0.8,"[20.931049389908367, 173.00751948356628]"
F82013,30,46,0.9,"[20.931049389908367, 205.77377128601074]"
F82013,30,46,1.0,"[20.931049389908367, 251.92310905456543]"
F82013,30,47,0.01,"[21.2610657292837, 3.8368844985961914]"
F82013,30,47,0.1,"[21.011034995778118, 33.63961386680603]"
F82013,30,47,0.2,"[21.011034995778118, 69.60712790489197]"
F82013,30,47,0.3,"[21.011034995778118, 95.73545503616333]"
F82013,30,47,0.4,"[21.011034995778118, 107.45255827903748]"
F82013,30,47,0.5,"[21.011034995778118, 119.9525990486145]"
F82013,30,47,0.6,"[21.011034995778118, 134.1548776626587]"
F82013,30,47,0.7,"[21.003814307293624, 151.4324471950531]"
F82013,30,47,0.8,"[20.967706425655706, 173.98233294487]"
F82013,30,47,0.9,"[20.967706425655706, 206.71902918815613]"
F82013,30,47,1.0,"[20.967706425655706, 252.58877778053284]"
F82013,30,48,0.01,"[21.24929301812722, 1.1739881038665771]"
F82013,30,48,0.1,"[21.136611791499718, 13.034425258636475]"
F82013,30,48,0.2,"[21.061867752208855, 23.241697549819946]"
F82013,30,48,0.3,"[21.061867752208855, 33.9374098777771]"
F82013,30,48,0.4,"[21.061867752208855, 45.45100712776184]"
F82013,30,48,0.5,"[21.061867752208855, 58.190030336380005]"
F82013,30,48,0.6,"[21.061867752208855, 72.57281541824341]"
F82013,30,48,0.7,"[20.99966422277862, 89.96803593635559]"
F82013,30,48,0.8,"[20.99966422277862, 112.52797818183899]"
F82013,30,48,0.9,"[20.99966422277862, 145.20846009254456]"
F82013,30,48,1.0,"[20.99966422277862, 191.02268886566162]"
F82013,30,49,0.01,"[21.222002260145814, 1.764009952545166]"
F82013,30,49,0.1,"[21.086477865923825, 12.97384524345398]"
F82013,30,49,0.2,"[21.065408296451096, 23.270055532455444]"
F82013,30,49,0.3,"[21.065408296451096, 33.981284379959106]"
F82013,30,49,0.4,"[21.00933414155429, 45.37677621841431]"
F82013,30,49,0.5,"[20.989324223470362, 57.97059941291809]"
F82013,30,49,0.6,"[20.989324223470362, 72.20486402511597]"
F82013,30,49,0.7,"[20.989324223470362, 89.38430595397949]"
F82013,30,49,0.8,"[20.989324223470362, 111.96645307540894]"
F82013,30,49,0.9,"[20.989324223470362, 144.8019049167633]"
F82013,30,49,1.0,"[20.989324223470362, 190.8086154460907]"
F82013,30,50,0.01,"[21.180077097078765, 1.2273032665252686]"
F82013,30,50,0.1,"[21.087144925545772, 12.81991958618164]"
F82013,30,50,0.2,"[21.012989461300208, 23.098399877548218]"
F82013,30,50,0.3,"[21.012989461300208, 33.85113263130188]"
F82013,30,50,0.4,"[21.00938246472583, 45.10911226272583]"
F82013,30,50,0.5,"[21.00938246472583, 58.237642765045166]"
F82013,30,50,0.6,"[21.00938246472583, 72.45103764533997]"
F82013,30,50,0.7,"[20.99316934359433, 89.58868598937988]"
F82013,30,50,0.8,"[20.99316934359433, 114.1767430305481]"
F82013,30,50,0.9,"[20.981917158438932, 149.84005522727966]"
F82013,30,50,1.0,"[20.981917158438932, 199.7387351989746]"
F82013,50,0,0.01,"[21.24099832419313, 54.72100114822388]"
F82013,50,0,0.1,"[21.141094385771908, 545.0544209480286]"
F82013,50,0,0.2,"[21.141094385771908, 1088.6064581871033]"
F82013,50,0,0.3,"[21.141094385771908, 1191.7327427864075]"
F82013,50,0,0.4,"[21.141094385771908, 1251.1551396846771]"
F82013,50,0,0.5,"[21.141094385771908, 1292.7240240573883]"
F82013,50,0,0.6,"[21.115491728513234, 1313.6479408740997]"
F82013,50,0,0.7,"[21.115491728513234, 1337.9559164047241]"
F82013,50,0,0.8,"[21.115491728513234, 1369.7587895393372]"
F82013,50,0,0.9,"[21.115491728513234, 1418.1664576530457]"
F82013,50,0,1.0,"[21.115491728513234, 1520.8746378421783]"
F82013,50,1,0.01,"[21.201825625193692, 48.376617431640625]"
F82013,50,1,0.1,"[21.19226701674961, 525.2699506282806]"
F82013,50,1,0.2,"[21.185354663649832, 1082.353900194168]"
F82013,50,1,0.3,"[21.185354663649832, 1187.5882894992828]"
F82013,50,1,0.4,"[21.15938909989825, 1242.2575001716614]"
F82013,50,1,0.5,"[21.117577360683413, 1289.0975394248962]"
F82013,50,1,0.6,"[21.117577360683413, 1310.5304763317108]"
F82013,50,1,0.7,"[21.117577360683413, 1334.9223544597626]"
F82013,50,1,0.8,"[21.117577360683413, 1366.768286705017]"
F82013,50,1,0.9,"[21.06586254687545, 1414.9863991737366]"
F82013,50,1,1.0,"[21.06586254687545, 1517.7270891666412]"
F82013,50,2,0.01,"[21.29239567462014, 54.75965619087219]"
F82013,50,2,0.1,"[21.15673709672626, 546.2484092712402]"
F82013,50,2,0.2,"[21.15673709672626, 1089.4721021652222]"
F82013,50,2,0.3,"[21.15673709672626, 1193.1161894798279]"
F82013,50,2,0.4,"[21.15673709672626, 1251.1585228443146]"
F82013,50,2,0.5,"[21.125070934805763, 1292.3658511638641]"
F82013,50,2,0.6,"[21.125070934805763, 1313.3706867694855]"
F82013,50,2,0.7,"[21.125070934805763, 1337.901462316513]"
F82013,50,2,0.8,"[21.1142127718565, 1369.9125399589539]"
F82013,50,2,0.9,"[21.1142127718565, 1418.2564713954926]"
F82013,50,2,1.0,"[21.1142127718565, 1522.7487289905548]"
F82013,50,3,0.01,"[21.18557466911966, 53.34950256347656]"
F82013,50,3,0.1,"[21.18557466911966, 588.5666134357452]"
F82013,50,3,0.2,"[21.18557466911966, 1166.330803155899]"
F82013,50,3,0.3,"[21.18557466911966, 1219.5666069984436]"
F82013,50,3,0.4,"[21.178677435130908, 1276.0225439071655]"
F82013,50,3,0.5,"[21.178677435130908, 1300.6623675823212]"
F82013,50,3,0.6,"[21.17074936838219, 1321.6951169967651]"
F82013,50,3,0.7,"[21.17074936838219, 1346.201189994812]"
F82013,50,3,0.8,"[21.17074936838219, 1378.006370306015]"
F82013,50,3,0.9,"[21.17074936838219, 1436.374963760376]"
F82013,50,3,1.0,"[21.170749041433737, 1559.0628263950348]"
F82013,50,4,0.01,"[21.313918462757442, 55.66151022911072]"
F82013,50,4,0.1,"[21.15674925372275, 546.9008724689484]"
F82013,50,4,0.2,"[21.15674925372275, 1123.0681765079498]"
F82013,50,4,0.3,"[21.15674925372275, 1194.414597272873]"
F82013,50,4,0.4,"[21.15674925372275, 1252.7990283966064]"
F82013,50,4,0.5,"[21.15674925372275, 1292.9108481407166]"
F82013,50,4,0.6,"[21.15674925372275, 1313.8877389431]"
F82013,50,4,0.7,"[21.15674925372275, 1338.2496321201324]"
F82013,50,4,0.8,"[21.15674925372275, 1370.1425352096558]"
F82013,50,4,0.9,"[21.15674925372275, 1419.6023643016815]"
F82013,50,4,1.0,"[21.15674925372275, 1521.581429719925]"
F82013,50,5,0.01,"[21.309728389722068, 57.11139941215515]"
F82013,50,5,0.1,"[21.21085808870373, 526.6867423057556]"
F82013,50,5,0.2,"[21.21085808870373, 1070.1618449687958]"
F82013,50,5,0.3,"[21.191202266196797, 1186.6903941631317]"
F82013,50,5,0.4,"[21.165606844004287, 1241.9447479248047]"
F82013,50,5,0.5,"[21.165606844004287, 1290.4436819553375]"
F82013,50,5,0.6,"[21.165606844004287, 1311.7242710590363]"
F82013,50,5,0.7,"[21.134227418709315, 1336.2970683574677]"
F82013,50,5,0.8,"[21.134227418709315, 1368.2094767093658]"
F82013,50,5,0.9,"[21.134227418709315, 1416.2046175003052]"
F82013,50,5,1.0,"[21.134227418709315, 1519.3374862670898]"
F82013,50,6,0.01,"[21.33472658009009, 54.66650700569153]"
F82013,50,6,0.1,"[21.19692158998987, 505.89577555656433]"
F82013,50,6,0.2,"[21.19692158998987, 1023.8434495925903]"
F82013,50,6,0.3,"[21.190068477596242, 1091.4509763717651]"
F82013,50,6,0.4,"[21.190068477596242, 1173.8902020454407]"
F82013,50,6,0.5,"[21.190068477596242, 1202.4672284126282]"
F82013,50,6,0.6,"[21.170390582521122, 1228.3165318965912]"
F82013,50,6,0.7,"[21.170390582521122, 1253.799515247345]"
F82013,50,6,0.8,"[21.16340385217086, 1287.1132998466492]"
F82013,50,6,0.9,"[21.10419268759597, 1335.075266122818]"
F82013,50,6,1.0,"[21.10419268759597, 1415.3229012489319]"
F82013,50,7,0.01,"[21.31095455905472, 59.46384525299072]"
F82013,50,7,0.1,"[21.242868388960346, 539.7547359466553]"
F82013,50,7,0.2,"[21.197936847726055, 998.3675701618195]"
F82013,50,7,0.3,"[21.11217122894402, 1071.7040026187897]"
F82013,50,7,0.4,"[21.11217122894402, 1157.5564296245575]"
F82013,50,7,0.5,"[21.11217122894402, 1201.1383032798767]"
F82013,50,7,0.6,"[21.11217122894402, 1229.588686466217]"
F82013,50,7,0.7,"[21.11217122894402, 1255.7416310310364]"
F82013,50,7,0.8,"[21.11217122894402, 1288.286592245102]"
F82013,50,7,0.9,"[21.11217122894402, 1336.0382471084595]"
F82013,50,7,1.0,"[21.11217122894402, 1444.3052442073822]"
F82013,50,8,0.01,"[21.3399042138783, 36.18235468864441]"
F82013,50,8,0.1,"[21.208966039403094, 473.05580735206604]"
F82013,50,8,0.2,"[21.208966039403094, 994.2882969379425]"
F82013,50,8,0.3,"[21.208966039403094, 1096.1000580787659]"
F82013,50,8,0.4,"[21.12364573464299, 1163.8741426467896]"
F82013,50,8,0.5,"[21.12364573464299, 1203.6765248775482]"
F82013,50,8,0.6,"[21.12364573464299, 1230.4793484210968]"
F82013,50,8,0.7,"[21.12364573464299, 1257.660897731781]"
F82013,50,8,0.8,"[21.12364573464299, 1290.6128017902374]"
F82013,50,8,0.9,"[21.12364573464299, 1338.5459694862366]"
F82013,50,8,1.0,"[21.12364573464299, 1431.7839365005493]"
F82013,50,9,0.01,"[21.28795688446985, 50.11717367172241]"
F82013,50,9,0.1,"[21.1771335558567, 453.70858216285706]"
F82013,50,9,0.2,"[21.1771335558567, 938.1740028858185]"
F82013,50,9,0.3,"[21.03063639951472, 1058.7459700107574]"
F82013,50,9,0.4,"[21.03063639951472, 1136.0118417739868]"
F82013,50,9,0.5,"[21.03063639951472, 1193.2234151363373]"
F82013,50,9,0.6,"[21.03063639951472, 1220.0523586273193]"
F82013,50,9,0.7,"[21.03063639951472, 1250.5170848369598]"
F82013,50,9,0.8,"[21.03063639951472, 1282.9528861045837]"
F82013,50,9,0.9,"[21.03063639951472, 1331.1463413238525]"
F82013,50,9,1.0,"[21.03063639951472, 1425.729148387909]"
F82013,50,10,0.01,"[21.300052614257083, 63.74761343002319]"
F82013,50,10,0.1,"[21.257371381574103, 473.696049451828]"
F82013,50,10,0.2,"[21.160022858174216, 928.793740272522]"
F82013,50,10,0.3,"[21.120699043421382, 1040.7127141952515]"
F82013,50,10,0.4,"[21.120699043421382, 1127.191475391388]"
F82013,50,10,0.5,"[21.120699043421382, 1187.5646724700928]"
F82013,50,10,0.6,"[21.120699043421382, 1219.3467650413513]"
F82013,50,10,0.7,"[21.120699043421382, 1247.7837765216827]"
F82013,50,10,0.8,"[21.120699043421382, 1279.8830943107605]"
F82013,50,10,0.9,"[21.120699043421382, 1327.9419963359833]"
F82013,50,10,1.0,"[21.120699043421382, 1412.1194388866425]"
F82013,50,11,0.01,"[21.337126624667803, 54.51623511314392]"
F82013,50,11,0.1,"[21.250077473009355, 580.3684010505676]"
F82013,50,11,0.2,"[21.231806318116696, 1153.3305690288544]"
F82013,50,11,0.3,"[21.215873793669857, 1213.8940212726593]"
F82013,50,11,0.4,"[21.184181275983633, 1268.7253968715668]"
F82013,50,11,0.5,"[21.158355447047143, 1300.972620010376]"
F82013,50,11,0.6,"[21.158355447047143, 1322.4638786315918]"
F82013,50,11,0.7,"[21.158355447047143, 1347.1661269664764]"
F82013,50,11,0.8,"[21.158355447047143, 1379.261822938919]"
F82013,50,11,0.9,"[21.139620371897536, 1436.6281015872955]"
F82013,50,11,1.0,"[21.139620371897536, 1563.6987075805664]"
F82013,50,12,0.01,"[21.193874641286357, 54.12610697746277]"
F82013,50,12,0.1,"[21.1711062567382, 542.7433714866638]"
F82013,50,12,0.2,"[21.11351907483811, 1091.272663116455]"
F82013,50,12,0.3,"[21.11351907483811, 1192.7839176654816]"
F82013,50,12,0.4,"[21.11351907483811, 1254.65740442276]"
F82013,50,12,0.5,"[21.11351907483811, 1293.962920665741]"
F82013,50,12,0.6,"[21.11351907483811, 1315.1807880401611]"
F82013,50,12,0.7,"[21.11351907483811, 1339.7614889144897]"
F82013,50,12,0.8,"[21.11351907483811, 1371.7489190101624]"
F82013,50,12,0.9,"[21.11351907483811, 1424.569607257843]"
F82013,50,12,1.0,"[21.11351907483811, 1547.3268094062805]"
F82013,50,13,0.01,"[21.292154575055292, 46.761014223098755]"
F82013,50,13,0.1,"[21.159093565167495, 528.1194400787354]"
F82013,50,13,0.2,"[21.159093565167495, 1094.7286491394043]"
F82013,50,13,0.3,"[21.030356801772314, 1192.3955368995667]"
F82013,50,13,0.4,"[21.030356801772314, 1247.6391174793243]"
F82013,50,13,0.5,"[21.030356801772314, 1288.9961695671082]"
F82013,50,13,0.6,"[21.030356801772314, 1309.9782073497772]"
F82013,50,13,0.7,"[21.030356801772314, 1334.3366050720215]"
F82013,50,13,0.8,"[21.030356801772314, 1366.4247839450836]"
F82013,50,13,0.9,"[21.030356801772314, 1415.2760183811188]"
F82013,50,13,1.0,"[21.030356801772314, 1517.2101941108704]"
F82013,50,14,0.01,"[21.276144974632757, 46.899850368499756]"
F82013,50,14,0.1,"[21.175354910395527, 596.0840563774109]"
F82013,50,14,0.2,"[21.175354910395527, 1163.7295937538147]"
F82013,50,14,0.3,"[21.175354910395527, 1220.4140801429749]"
F82013,50,14,0.4,"[21.175354910395527, 1276.198228597641]"
F82013,50,14,0.5,"[21.175354910395527, 1302.7613580226898]"
F82013,50,14,0.6,"[21.175354910395527, 1323.7340199947357]"
F82013,50,14,0.7,"[21.170719195321567, 1348.047432899475]"
F82013,50,14,0.8,"[21.170719195321567, 1379.7996108531952]"
F82013,50,14,0.9,"[21.170719195321567, 1437.4933466911316]"
F82013,50,14,1.0,"[21.170719195321567, 1552.7516791820526]"
F82013,50,15,0.01,"[21.239942499729864, 54.2814404964447]"
F82013,50,15,0.1,"[21.219889063375717, 572.6376621723175]"
F82013,50,15,0.2,"[21.165517125152746, 1163.5300843715668]"
F82013,50,15,0.3,"[21.16247471591919, 1218.1458961963654]"
F82013,50,15,0.4,"[21.16247471591919, 1270.4974644184113]"
F82013,50,15,0.5,"[21.16247471591919, 1300.5849969387054]"
F82013,50,15,0.6,"[21.16247471591919, 1321.5193367004395]"
F82013,50,15,0.7,"[21.16247471591919, 1345.9778468608856]"
F82013,50,15,0.8,"[21.16247471591919, 1377.8319885730743]"
F82013,50,15,0.9,"[21.16247471591919, 1432.411670923233]"
F82013,50,15,1.0,"[21.16247471591919, 1556.8108825683594]"
F82013,50,16,0.01,"[21.26434851700958, 48.851802110672]"
F82013,50,16,0.1,"[21.221638615655024, 499.6384599208832]"
F82013,50,16,0.2,"[21.16056435750727, 986.6984052658081]"
F82013,50,16,0.3,"[21.16056435750727, 1073.0894105434418]"
F82013,50,16,0.4,"[21.128363453232964, 1153.4260222911835]"
F82013,50,16,0.5,"[21.128363453232964, 1198.253216266632]"
F82013,50,16,0.6,"[21.128363453232964, 1225.916053056717]"
F82013,50,16,0.7,"[21.128363453232964, 1253.4624376296997]"
F82013,50,16,0.8,"[21.128363453232964, 1286.5955181121826]"
F82013,50,16,0.9,"[21.128363453232964, 1334.5146479606628]"
F82013,50,16,1.0,"[21.128363453232964, 1436.3745098114014]"
F82013,50,17,0.01,"[21.227783951456445, 49.01587891578674]"
F82013,50,17,0.1,"[21.209777439555978, 525.0611319541931]"
F82013,50,17,0.2,"[21.200094392071264, 1075.6108984947205]"
F82013,50,17,0.3,"[21.200094392071264, 1185.244943857193]"
F82013,50,17,0.4,"[21.200094392071264, 1242.297871351242]"
F82013,50,17,0.5,"[21.195617021689372, 1289.208886384964]"
F82013,50,17,0.6,"[21.195617021689372, 1310.8305022716522]"
F82013,50,17,0.7,"[21.195617021689372, 1335.2974681854248]"
F82013,50,17,0.8,"[21.193263246699416, 1367.1876182556152]"
F82013,50,17,0.9,"[21.139328455465602, 1415.5217380523682]"
F82013,50,17,1.0,"[21.139328455465602, 1517.5079910755157]"
F82013,50,18,0.01,"[21.281401292330656, 53.18115496635437]"
F82013,50,18,0.1,"[21.196906816619958, 448.9008536338806]"
F82013,50,18,0.2,"[21.1344689525165, 934.9334542751312]"
F82013,50,18,0.3,"[21.1344689525165, 1048.4172594547272]"
F82013,50,18,0.4,"[21.1344689525165, 1148.8145492076874]"
F82013,50,18,0.5,"[21.126761953572554, 1198.1308481693268]"
F82013,50,18,0.6,"[21.1199658107123, 1228.1357040405273]"
F82013,50,18,0.7,"[21.1199658107123, 1254.2056126594543]"
F82013,50,18,0.8,"[21.1199658107123, 1287.128069639206]"
F82013,50,18,0.9,"[21.1199658107123, 1334.928331375122]"
F82013,50,18,1.0,"[21.1199658107123, 1420.7855932712555]"
F82013,50,19,0.01,"[21.244703431150242, 55.07512617111206]"
F82013,50,19,0.1,"[21.239973819767215, 604.4604170322418]"
F82013,50,19,0.2,"[21.207279254138825, 1164.1199142932892]"
F82013,50,19,0.3,"[21.207279254138825, 1215.889622926712]"
F82013,50,19,0.4,"[21.207279254138825, 1271.2357444763184]"
F82013,50,19,0.5,"[21.144931677344402, 1301.3913490772247]"
F82013,50,19,0.6,"[21.144931677344402, 1324.3839366436005]"
F82013,50,19,0.7,"[21.144931677344402, 1350.9159879684448]"
F82013,50,19,0.8,"[21.144931677344402, 1385.6861910820007]"
F82013,50,19,0.9,"[21.144931677344402, 1442.8307456970215]"
F82013,50,19,1.0,"[21.144931677344402, 1560.6839392185211]"
F82013,50,20,0.01,"[21.241668240801914, 46.842447996139526]"
F82013,50,20,0.1,"[21.206224763191926, 479.88446831703186]"
F82013,50,20,0.2,"[21.206224763191926, 1028.9308378696442]"
F82013,50,20,0.3,"[21.206224763191926, 1098.5153217315674]"
F82013,50,20,0.4,"[21.20123716519265, 1180.786460161209]"
F82013,50,20,0.5,"[21.20123716519265, 1207.4822628498077]"
F82013,50,20,0.6,"[21.20123716519265, 1233.151440858841]"
F82013,50,20,0.7,"[21.16110527720275, 1258.6190679073334]"
F82013,50,20,0.8,"[21.16110527720275, 1291.6939723491669]"
F82013,50,20,0.9,"[21.16110527720275, 1339.5755960941315]"
F82013,50,20,1.0,"[21.16110527720275, 1430.5068819522858]"
F82013,50,21,0.01,"[21.34786226772144, 57.08908224105835]"
F82013,50,21,0.1,"[21.181028593671385, 483.90016889572144]"
F82013,50,21,0.2,"[21.181028593671385, 1024.656133890152]"
F82013,50,21,0.3,"[21.181028593671385, 1087.9256007671356]"
F82013,50,21,0.4,"[21.181028593671385, 1164.2394981384277]"
F82013,50,21,0.5,"[21.181028593671385, 1201.7590594291687]"
F82013,50,21,0.6,"[21.155461666511314, 1230.4412808418274]"
F82013,50,21,0.7,"[21.155461666511314, 1255.9270460605621]"
F82013,50,21,0.8,"[21.155461666511314, 1288.569656610489]"
F82013,50,21,0.9,"[21.155461666511314, 1336.3875970840454]"
F82013,50,21,1.0,"[21.140027264372065, 1421.008409500122]"
F82013,50,22,0.01,"[21.29642082420662, 50.00246620178223]"
F82013,50,22,0.1,"[21.220262006585926, 544.9814722537994]"
F82013,50,22,0.2,"[21.14968893007938, 1070.9459791183472]"
F82013,50,22,0.3,"[21.14968893007938, 1185.3707916736603]"
F82013,50,22,0.4,"[21.14968893007938, 1245.906450510025]"
F82013,50,22,0.5,"[21.14968893007938, 1290.4453053474426]"
F82013,50,22,0.6,"[21.14968893007938, 1311.934425830841]"
F82013,50,22,0.7,"[21.14968893007938, 1336.7798447608948]"
F82013,50,22,0.8,"[21.14968893007938, 1369.1356682777405]"
F82013,50,22,0.9,"[21.14968893007938, 1418.309217453003]"
F82013,50,22,1.0,"[21.14968893007938, 1520.5472955703735]"
F82013,50,23,0.01,"[21.30051835766983, 55.10647892951965]"
F82013,50,23,0.1,"[21.189003352980876, 607.6908679008484]"
F82013,50,23,0.2,"[21.16383389752241, 1130.2862446308136]"
F82013,50,23,0.3,"[21.16383389752241, 1203.0968134403229]"
F82013,50,23,0.4,"[21.16383389752241, 1257.8200726509094]"
F82013,50,23,0.5,"[21.06778293509035, 1293.5751299858093]"
F82013,50,23,0.6,"[21.06778293509035, 1314.8248932361603]"
F82013,50,23,0.7,"[21.06778293509035, 1339.5205671787262]"
F82013,50,23,0.8,"[21.06778293509035, 1371.7030572891235]"
F82013,50,23,0.9,"[21.06778293509035, 1421.578549861908]"
F82013,50,23,1.0,"[21.06778293509035, 1526.0990166664124]"
F82013,50,24,0.01,"[21.233916653401366, 54.1826012134552]"
F82013,50,24,0.1,"[21.128901434552517, 602.2258102893829]"
F82013,50,24,0.2,"[21.128901434552517, 1154.786960363388]"
F82013,50,24,0.3,"[21.128901434552517, 1203.5060362815857]"
F82013,50,24,0.4,"[21.128901434552517, 1228.3149309158325]"
F82013,50,24,0.5,"[21.128901434552517, 1249.1699397563934]"
F82013,50,24,0.6,"[21.128901434552517, 1271.0742185115814]"
F82013,50,24,0.7,"[21.128901434552517, 1295.7053241729736]"
F82013,50,24,0.8,"[21.128901434552517, 1327.7542533874512]"
F82013,50,24,0.9,"[21.128901434552517, 1375.8635983467102]"
F82013,50,24,1.0,"[21.128901434552517, 1531.02943277359]"
F82013,50,25,0.01,"[21.25131858512634, 58.58943772315979]"
F82013,50,25,0.1,"[21.24275888668717, 600.8566043376923]"
F82013,50,25,0.2,"[21.1653192367462, 1149.4048643112183]"
F82013,50,25,0.3,"[21.1653192367462, 1191.9240682125092]"
F82013,50,25,0.4,"[21.1653192367462, 1217.5907254219055]"
F82013,50,25,0.5,"[21.1653192367462, 1240.6412162780762]"
F82013,50,25,0.6,"[21.1653192367462, 1262.2111403942108]"
F82013,50,25,0.7,"[21.1653192367462, 1287.0906777381897]"
F82013,50,25,0.8,"[21.1653192367462, 1319.188423871994]"
F82013,50,25,0.9,"[21.07724740668357, 1367.0807797908783]"
F82013,50,25,1.0,"[21.07724740668357, 1500.0216703414917]"
F82013,50,26,0.01,"[21.30142597380359, 65.927325963974]"
F82013,50,26,0.1,"[21.160565900660117, 624.0534906387329]"
F82013,50,26,0.2,"[21.160565900660117, 1172.9863636493683]"
F82013,50,26,0.3,"[21.160565900660117, 1225.5796601772308]"
F82013,50,26,0.4,"[21.160565900660117, 1276.7930135726929]"
F82013,50,26,0.5,"[21.160565900660117, 1303.8256487846375]"
F82013,50,26,0.6,"[21.160565900660117, 1324.9009029865265]"
F82013,50,26,0.7,"[21.160565900660117, 1349.3231310844421]"
F82013,50,26,0.8,"[21.160565900660117, 1381.2378129959106]"
F82013,50,26,0.9,"[21.160565900660117, 1441.4443674087524]"
F82013,50,26,1.0,"[21.160565900660117, 1564.8912978172302]"
F82013,50,27,0.01,"[21.260291130782548, 47.11859345436096]"
F82013,50,27,0.1,"[21.218967557919882, 467.08280205726624]"
F82013,50,27,0.2,"[21.218967557919882, 1023.9245271682739]"
F82013,50,27,0.3,"[21.218967557919882, 1111.9748215675354]"
F82013,50,27,0.4,"[21.126915826563277, 1192.2336835861206]"
F82013,50,27,0.5,"[21.126915826563277, 1219.1818294525146]"
F82013,50,27,0.6,"[21.126915826563277, 1243.9276530742645]"
F82013,50,27,0.7,"[21.082009865426585, 1268.6047496795654]"
F82013,50,27,0.8,"[21.082009865426585, 1300.6673896312714]"
F82013,50,27,0.9,"[21.082009865426585, 1348.4904570579529]"
F82013,50,27,1.0,"[21.082009865426585, 1453.011680841446]"
F82013,50,28,0.01,"[21.28935866522704, 63.35558557510376]"
F82013,50,28,0.1,"[21.227492636580678, 587.9036540985107]"
F82013,50,28,0.2,"[21.217948255381202, 1155.217229604721]"
F82013,50,28,0.3,"[21.132819277597264, 1198.429945230484]"
F82013,50,28,0.4,"[21.132819277597264, 1223.5185267925262]"
F82013,50,28,0.5,"[21.132819277597264, 1248.813155412674]"
F82013,50,28,0.6,"[21.132819277597264, 1270.16352891922]"
F82013,50,28,0.7,"[21.132819277597264, 1294.7259006500244]"
F82013,50,28,0.8,"[21.132819277597264, 1326.569596529007]"
F82013,50,28,0.9,"[21.132819277597264, 1374.2058293819427]"
F82013,50,28,1.0,"[21.132819277597264, 1536.6809992790222]"
F82013,50,29,0.01,"[21.26255037152373, 57.71512508392334]"
F82013,50,29,0.1,"[21.177482119079514, 601.9443597793579]"
F82013,50,29,0.2,"[21.177482119079514, 1167.176191329956]"
F82013,50,29,0.3,"[21.12514338223798, 1220.2531838417053]"
F82013,50,29,0.4,"[21.12514338223798, 1276.946504354477]"
F82013,50,29,0.5,"[21.12514338223798, 1303.3073682785034]"
F82013,50,29,0.6,"[21.12514338223798, 1324.0462763309479]"
F82013,50,29,0.7,"[21.12514338223798, 1348.2609848976135]"
F82013,50,29,0.8,"[21.12514338223798, 1380.0763337612152]"
F82013,50,29,0.9,"[21.12514338223798, 1438.5073261260986]"
F82013,50,29,1.0,"[21.12514338223798, 1559.6524186134338]"
F82013,50,30,0.01,"[21.210175308283397, 52.017680644989014]"
F82013,50,30,0.1,"[21.199611481525608, 510.11166882514954]"
F82013,50,30,0.2,"[21.19618731467699, 959.2681176662445]"
F82013,50,30,0.3,"[21.19618731467699, 1065.9974155426025]"
F82013,50,30,0.4,"[21.194184890759743, 1146.6589398384094]"
F82013,50,30,0.5,"[21.194184890759743, 1193.9686214923859]"
F82013,50,30,0.6,"[21.194184890759743, 1223.9913837909698]"
F82013,50,30,0.7,"[21.194184890759743, 1250.1658670902252]"
F82013,50,30,0.8,"[21.139265356936562, 1282.9862642288208]"
F82013,50,30,0.9,"[21.139265356936562, 1330.9514527320862]"
F82013,50,30,1.0,"[21.139265356936562, 1417.4662625789642]"
F82013,50,31,0.01,"[21.30256834216084, 50.481961488723755]"
F82013,50,31,0.1,"[21.194147307852063, 489.90591502189636]"
F82013,50,31,0.2,"[21.181124675470073, 1011.7190895080566]"
F82013,50,31,0.3,"[21.140579521487098, 1084.4217813014984]"
F82013,50,31,0.4,"[21.140579521487098, 1166.5883269309998]"
F82013,50,31,0.5,"[21.140579521487098, 1200.5052483081818]"
F82013,50,31,0.6,"[21.140579521487098, 1227.7248775959015]"
F82013,50,31,0.7,"[21.140579521487098, 1252.3712730407715]"
F82013,50,31,0.8,"[21.140579521487098, 1285.1566178798676]"
F82013,50,31,0.9,"[21.140579521487098, 1332.9188165664673]"
F82013,50,31,1.0,"[21.140579521487098, 1412.9961597919464]"
F82013,50,32,0.01,"[21.35792895920747, 52.53845739364624]"
F82013,50,32,0.1,"[21.219426606491766, 466.1788158416748]"
F82013,50,32,0.2,"[21.1241464244099, 952.622416973114]"
F82013,50,32,0.3,"[21.1241464244099, 1058.6896951198578]"
F82013,50,32,0.4,"[21.1241464244099, 1152.9274806976318]"
F82013,50,32,0.5,"[21.1241464244099, 1199.6931915283203]"
F82013,50,32,0.6,"[21.1241464244099, 1232.0572969913483]"
F82013,50,32,0.7,"[21.1241464244099, 1259.8277642726898]"
F82013,50,32,0.8,"[21.1241464244099, 1292.4563744068146]"
F82013,50,32,0.9,"[21.1241464244099, 1340.4054889678955]"
F82013,50,32,1.0,"[21.1241464244099, 1459.2250249385834]"
F82013,50,33,0.01,"[21.312758461166595, 61.43945550918579]"
F82013,50,33,0.1,"[21.247350526189052, 449.01350569725037]"
F82013,50,33,0.2,"[21.247350526189052, 930.4110820293427]"
F82013,50,33,0.3,"[21.187998770430795, 1071.7880141735077]"
F82013,50,33,0.4,"[21.187998770430795, 1156.333729505539]"
F82013,50,33,0.5,"[21.187998770430795, 1198.5595717430115]"
F82013,50,33,0.6,"[21.187998770430795, 1225.2978677749634]"
F82013,50,33,0.7,"[21.187998770430795, 1252.5320365428925]"
F82013,50,33,0.8,"[21.155446201801624, 1284.8605875968933]"
F82013,50,33,0.9,"[21.155446201801624, 1332.9613852500916]"
F82013,50,33,1.0,"[21.152554596611594, 1425.9187762737274]"
F82013,50,34,0.01,"[21.29446112746234, 60.099127531051636]"
F82013,50,34,0.1,"[21.034553359072333, 586.0460271835327]"
F82013,50,34,0.2,"[21.034553359072333, 1162.0575530529022]"
F82013,50,34,0.3,"[21.034553359072333, 1218.1163201332092]"
F82013,50,34,0.4,"[21.034553359072333, 1273.5521881580353]"
F82013,50,34,0.5,"[21.034553359072333, 1301.488450050354]"
F82013,50,34,0.6,"[21.034553359072333, 1322.4761838912964]"
F82013,50,34,0.7,"[21.034553359072333, 1346.906637430191]"
F82013,50,34,0.8,"[21.034553359072333, 1378.8906371593475]"
F82013,50,34,0.9,"[21.034553359072333, 1428.6379675865173]"
F82013,50,34,1.0,"[21.034553359072333, 1536.2118368148804]"
F82013,50,35,0.01,"[21.214099058830243, 57.483506202697754]"
F82013,50,35,0.1,"[21.20499190568796, 535.0752067565918]"
F82013,50,35,0.2,"[21.20499190568796, 1029.0463073253632]"
F82013,50,35,0.3,"[21.20499190568796, 1095.7902731895447]"
F82013,50,35,0.4,"[21.193127699934507, 1185.0896825790405]"
F82013,50,35,0.5,"[21.10612371543118, 1216.3820660114288]"
F82013,50,35,0.6,"[21.10612371543118, 1240.503002166748]"
F82013,50,35,0.7,"[21.10612371543118, 1266.5430147647858]"
F82013,50,35,0.8,"[21.10612371543118, 1298.8743937015533]"
F82013,50,35,0.9,"[21.10612371543118, 1347.305332183838]"
F82013,50,35,1.0,"[21.10612371543118, 1455.8800094127655]"
F82013,50,36,0.01,"[21.292396237475373, 51.89609479904175]"
F82013,50,36,0.1,"[21.237419563335038, 465.92482924461365]"
F82013,50,36,0.2,"[21.208635292499935, 934.8746750354767]"
F82013,50,36,0.3,"[21.208635292499935, 1061.937010526657]"
F82013,50,36,0.4,"[21.208635292499935, 1130.8214437961578]"
F82013,50,36,0.5,"[21.06461465786458, 1184.56618642807]"
F82013,50,36,0.6,"[21.06461465786458, 1216.4375295639038]"
F82013,50,36,0.7,"[21.06461465786458, 1244.0837376117706]"
F82013,50,36,0.8,"[21.06461465786458, 1276.8044040203094]"
F82013,50,36,0.9,"[21.06461465786458, 1325.1198647022247]"
F82013,50,36,1.0,"[21.06461465786458, 1401.5572624206543]"
F82013,50,37,0.01,"[21.264643540548605, 54.5170214176178]"
F82013,50,37,0.1,"[21.19202325978017, 519.6753134727478]"
F82013,50,37,0.2,"[21.19202325978017, 1034.2330932617188]"
F82013,50,37,0.3,"[21.19202325978017, 1103.0760252475739]"
F82013,50,37,0.4,"[21.114252788500835, 1176.4204592704773]"
F82013,50,37,0.5,"[21.114252788500835, 1208.5777220726013]"
F82013,50,37,0.6,"[21.114252788500835, 1233.7621874809265]"
F82013,50,37,0.7,"[21.114252788500835, 1258.6284222602844]"
F82013,50,37,0.8,"[21.114252788500835, 1291.2056677341461]"
F82013,50,37,0.9,"[21.114252788500835, 1339.5072553157806]"
F82013,50,37,1.0,"[21.114252788500835, 1435.919243812561]"
F82013,50,38,0.01,"[21.30066583763471, 58.25901460647583]"
F82013,50,38,0.1,"[21.17538438192628, 509.9501225948334]"
F82013,50,38,0.2,"[21.17538438192628, 1145.391905784607]"
F82013,50,38,0.3,"[21.17538438192628, 1211.0169749259949]"
F82013,50,38,0.4,"[21.17538438192628, 1262.1547424793243]"
F82013,50,38,0.5,"[21.17538438192628, 1296.496815443039]"
F82013,50,38,0.6,"[21.17538438192628, 1317.3650686740875]"
F82013,50,38,0.7,"[21.165004866026948, 1341.6514942646027]"
F82013,50,38,0.8,"[21.13518315429053, 1373.4895467758179]"
F82013,50,38,0.9,"[21.13518315429053, 1430.5769395828247]"
F82013,50,38,1.0,"[21.13518315429053, 1550.4414556026459]"
F82013,50,39,0.01,"[21.28181358804534, 54.268754720687866]"
F82013,50,39,0.1,"[21.260049324945726, 536.2834289073944]"
F82013,50,39,0.2,"[21.1915597011174, 1089.4628701210022]"
F82013,50,39,0.3,"[21.1915597011174, 1195.13520693779]"
F82013,50,39,0.4,"[21.1915597011174, 1246.7133667469025]"
F82013,50,39,0.5,"[21.1915597011174, 1289.259164571762]"
F82013,50,39,0.6,"[21.1915597011174, 1310.7544820308685]"
F82013,50,39,0.7,"[21.1915597011174, 1335.0761771202087]"
F82013,50,39,0.8,"[21.1915597011174, 1366.9420001506805]"
F82013,50,39,0.9,"[21.1915597011174, 1415.7245841026306]"
F82013,50,39,1.0,"[21.144906684424086, 1516.8565747737885]"
F82013,50,40,0.01,"[21.26325422664638, 54.283966302871704]"
F82013,50,40,0.1,"[21.23996170484861, 512.5172231197357]"
F82013,50,40,0.2,"[21.136539557457695, 1030.5557115077972]"
F82013,50,40,0.3,"[21.136539557457695, 1109.8057606220245]"
F82013,50,40,0.4,"[21.136539557457695, 1188.958958864212]"
F82013,50,40,0.5,"[21.136539557457695, 1217.3265979290009]"
F82013,50,40,0.6,"[21.136539557457695, 1245.1161365509033]"
F82013,50,40,0.7,"[21.136539557457695, 1269.398280620575]"
F82013,50,40,0.8,"[21.136539557457695, 1301.6623032093048]"
F82013,50,40,0.9,"[21.136539557457695, 1349.5138030052185]"
F82013,50,40,1.0,"[21.136539557457695, 1482.2588338851929]"
F82013,50,41,0.01,"[21.30548146160004, 59.45779252052307]"
F82013,50,41,0.1,"[21.25920852140348, 445.0463719367981]"
F82013,50,41,0.2,"[21.20904635134866, 934.7006506919861]"
F82013,50,41,0.3,"[21.189455720231763, 1032.73672413826]"
F82013,50,41,0.4,"[21.189455720231763, 1123.3389134407043]"
F82013,50,41,0.5,"[21.18012677610045, 1182.6960844993591]"
F82013,50,41,0.6,"[21.18012677610045, 1213.9773497581482]"
F82013,50,41,0.7,"[21.18012677610045, 1242.4749040603638]"
F82013,50,41,0.8,"[21.18012677610045, 1274.4822449684143]"
F82013,50,41,0.9,"[21.18012677610045, 1323.250938653946]"
F82013,50,41,1.0,"[21.18012677610045, 1398.3325140476227]"
F82013,50,42,0.01,"[21.275665756010426, 50.82335042953491]"
F82013,50,42,0.1,"[21.185172583342364, 588.3862717151642]"
F82013,50,42,0.2,"[21.138797226225506, 1165.3276755809784]"
F82013,50,42,0.3,"[21.138797226225506, 1216.282237291336]"
F82013,50,42,0.4,"[21.138797226225506, 1269.089611530304]"
F82013,50,42,0.5,"[21.138797226225506, 1298.7104194164276]"
F82013,50,42,0.6,"[21.138797226225506, 1319.6467502117157]"
F82013,50,42,0.7,"[21.138797226225506, 1343.9325025081635]"
F82013,50,42,0.8,"[21.138797226225506, 1375.7677111625671]"
F82013,50,42,0.9,"[21.138797226225506, 1432.570717573166]"
F82013,50,42,1.0,"[21.138797226225506, 1550.359891653061]"
F82013,50,43,0.01,"[21.301365415723694, 49.966540813446045]"
F82013,50,43,0.1,"[21.21858041455448, 538.2138404846191]"
F82013,50,43,0.2,"[21.13766845223938, 1083.2646074295044]"
F82013,50,43,0.3,"[21.13766845223938, 1186.5137994289398]"
F82013,50,43,0.4,"[21.13766845223938, 1245.3883605003357]"
F82013,50,43,0.5,"[21.13766845223938, 1289.6037123203278]"
F82013,50,43,0.6,"[21.13766845223938, 1311.5705261230469]"
F82013,50,43,0.7,"[21.13766845223938, 1335.9746794700623]"
F82013,50,43,0.8,"[21.13766845223938, 1367.7244112491608]"
F82013,50,43,0.9,"[21.13766845223938, 1420.0623261928558]"
F82013,50,43,1.0,"[21.13766845223938, 1539.1436636447906]"
F82013,50,44,0.01,"[21.322921416531358, 53.65377163887024]"
F82013,50,44,0.1,"[21.281851733357257, 595.5354247093201]"
F82013,50,44,0.2,"[21.18500199552068, 1113.6826202869415]"
F82013,50,44,0.3,"[21.18500199552068, 1194.045788526535]"
F82013,50,44,0.4,"[21.18500199552068, 1250.4187996387482]"
F82013,50,44,0.5,"[21.18500199552068, 1292.4428791999817]"
F82013,50,44,0.6,"[21.18500199552068, 1313.4775836467743]"
F82013,50,44,0.7,"[21.131374603264817, 1337.8821663856506]"
F82013,50,44,0.8,"[21.131374603264817, 1369.6805951595306]"
F82013,50,44,0.9,"[21.131374603264817, 1418.4911148548126]"
F82013,50,44,1.0,"[21.131374603264817, 1519.636120557785]"
F82013,50,45,0.01,"[21.331486188466215, 56.07971906661987]"
F82013,50,45,0.1,"[21.178968883201264, 600.3394839763641]"
F82013,50,45,0.2,"[21.15417658111471, 1168.60915517807]"
F82013,50,45,0.3,"[21.15417658111471, 1220.2541210651398]"
F82013,50,45,0.4,"[21.15417658111471, 1273.0049602985382]"
F82013,50,45,0.5,"[21.15417658111471, 1301.015867471695]"
F82013,50,45,0.6,"[21.15417658111471, 1322.064472913742]"
F82013,50,45,0.7,"[21.15417658111471, 1346.4577434062958]"
F82013,50,45,0.8,"[21.15417658111471, 1378.2135932445526]"
F82013,50,45,0.9,"[21.15417658111471, 1435.6169431209564]"
F82013,50,45,1.0,"[21.15417658111471, 1559.3048095703125]"
F82013,50,46,0.01,"[21.29267307396151, 54.93777370452881]"
F82013,50,46,0.1,"[21.153264103688343, 520.4216547012329]"
F82013,50,46,0.2,"[21.1410516747942, 1031.8390905857086]"
F82013,50,46,0.3,"[21.1410516747942, 1114.5709948539734]"
F82013,50,46,0.4,"[21.11975870352046, 1188.8547947406769]"
F82013,50,46,0.5,"[21.11975870352046, 1221.1179294586182]"
F82013,50,46,0.6,"[21.11975870352046, 1244.6314957141876]"
F82013,50,46,0.7,"[21.11975870352046, 1269.9624371528625]"
F82013,50,46,0.8,"[21.11975870352046, 1302.0809752941132]"
F82013,50,46,0.9,"[21.11975870352046, 1350.0794434547424]"
F82013,50,46,1.0,"[21.11975870352046, 1463.872400522232]"
F82013,50,47,0.01,"[21.19688784408902, 48.967196226119995]"
F82013,50,47,0.1,"[21.19688784408902, 506.4281244277954]"
F82013,50,47,0.2,"[21.19688784408902, 1024.6950733661652]"
F82013,50,47,0.3,"[21.14396699638678, 1111.5373187065125]"
F82013,50,47,0.4,"[21.14396699638678, 1181.0401875972748]"
F82013,50,47,0.5,"[21.14396699638678, 1212.2328305244446]"
F82013,50,47,0.6,"[21.14396699638678, 1241.7366297245026]"
F82013,50,47,0.7,"[21.14396699638678, 1266.587368965149]"
F82013,50,47,0.8,"[21.14396699638678, 1299.4678745269775]"
F82013,50,47,0.9,"[21.14396699638678, 1347.5115978717804]"
F82013,50,47,1.0,"[21.14396699638678, 1470.0824625492096]"
F82013,50,48,0.01,"[21.300929510166384, 5.707515239715576]"
F82013,50,48,0.1,"[21.13672887804114, 74.31822657585144]"
F82013,50,48,0.2,"[21.13672887804114, 138.78151965141296]"
F82013,50,48,0.3,"[21.13672887804114, 156.41828107833862]"
F82013,50,48,0.4,"[21.13672887804114, 174.3601233959198]"
F82013,50,48,0.5,"[21.13672887804114, 194.28179216384888]"
F82013,50,48,0.6,"[21.13672887804114, 217.2060306072235]"
F82013,50,48,0.7,"[21.13672887804114, 243.7337565422058]"
F82013,50,48,0.8,"[21.13672887804114, 278.11468267440796]"
F82013,50,48,0.9,"[21.13672887804114, 329.97769021987915]"
F82013,50,48,1.0,"[21.13672887804114, 411.35349774360657]"
F82013,50,49,0.01,"[21.263397436932905, 6.6812567710876465]"
F82013,50,49,0.1,"[21.22625979090094, 76.01508450508118]"
F82013,50,49,0.2,"[21.211198097981878, 135.47770380973816]"
F82013,50,49,0.3,"[21.211198097981878, 152.95009684562683]"
F82013,50,49,0.4,"[21.211198097981878, 171.00508832931519]"
F82013,50,49,0.5,"[21.211198097981878, 190.03708410263062]"
F82013,50,49,0.6,"[21.211198097981878, 210.98980355262756]"
F82013,50,49,0.7,"[21.211198097981878, 235.24318957328796]"
F82013,50,49,0.8,"[21.169888722491578, 266.9099657535553]"
F82013,50,49,0.9,"[21.169888722491578, 314.33615946769714]"
F82013,50,49,1.0,"[21.169888722491578, 388.61018562316895]"
F82013,50,50,0.01,"[21.278813029646585, 8.066615581512451]"
F82013,50,50,0.1,"[21.20691944107955, 72.82004833221436]"
F82013,50,50,0.2,"[21.186542587145027, 128.09275817871094]"
F82013,50,50,0.3,"[21.186542587145027, 145.1436722278595]"
F82013,50,50,0.4,"[21.186542587145027, 162.95192956924438]"
F82013,50,50,0.5,"[21.186542587145027, 181.8482904434204]"
F82013,50,50,0.6,"[21.16111697808276, 202.7033233642578]"
F82013,50,50,0.7,"[21.16111697808276, 227.11384463310242]"
F82013,50,50,0.8,"[21.16111697808276, 258.76982069015503]"
F82013,50,50,0.9,"[21.16111697808276, 306.35227847099304]"
F82013,50,50,1.0,"[21.16111697808276, 380.79661417007446]"
