function,dimension,run,checkpoint,error
F192013,10,0,0.01,"[898.3104393898523, 0.6841845512390137]"
F192013,10,0,0.1,"[2.6414622190972636, 6.669948101043701]"
F192013,10,0,0.2,"[0.9782534542549115, 13.60905146598816]"
F192013,10,0,0.3,"[0.6179986938356024, 20.96361804008484]"
F192013,10,0,0.4,"[0.6142922610375194, 28.81895399093628]"
F192013,10,0,0.5,"[0.6141141334614986, 37.40753531455994]"
F192013,10,0,0.6,"[0.6139063211853681, 47.04655051231384]"
F192013,10,0,0.7,"[0.6139063211853681, 58.22276425361633]"
F192013,10,0,0.8,"[0.6138987893996273, 71.54853773117065]"
F192013,10,0,0.9,"[0.6035164289747854, 87.13305854797363]"
F192013,10,0,1.0,"[0.6035148446921426, 88.96832656860352]"
F192013,10,1,0.01,"[1232.404555134241, 0.6710398197174072]"
F192013,10,1,0.1,"[1.792409797766652, 6.711028814315796]"
F192013,10,1,0.2,"[1.141328277449361, 13.692553758621216]"
F192013,10,1,0.3,"[1.141328277449361, 20.94689106941223]"
F192013,10,1,0.4,"[1.0611691482797596, 28.751626014709473]"
F192013,10,1,0.5,"[0.9323666917181868, 37.231324195861816]"
F192013,10,1,0.6,"[0.8879909130997135, 46.77159357070923]"
F192013,10,1,0.7,"[0.8702988154901732, 57.92041730880737]"
F192013,10,1,0.8,"[0.8354960801474363, 71.28667569160461]"
F192013,10,1,0.9,"[0.7994795771416534, 86.93759846687317]"
F192013,10,1,1.0,"[0.7994795771416534, 91.52107214927673]"
F192013,10,2,0.01,"[3147.5632238121725, 0.6747622489929199]"
F192013,10,2,0.1,"[3.319030035875869, 6.682066202163696]"
F192013,10,2,0.2,"[2.2104433218644317, 13.45573902130127]"
F192013,10,2,0.3,"[1.2468581871528954, 20.550172805786133]"
F192013,10,2,0.4,"[1.2094676735139274, 28.35507559776306]"
F192013,10,2,0.5,"[1.1378974435922942, 36.87125611305237]"
F192013,10,2,0.6,"[1.0981858520200376, 46.53633737564087]"
F192013,10,2,0.7,"[1.0087935905662562, 57.7895610332489]"
F192013,10,2,0.8,"[0.9443350907162085, 71.14030289649963]"
F192013,10,2,0.9,"[0.8414236421921828, 86.7513473033905]"
F192013,10,2,1.0,"[0.8414168145998246, 89.29122614860535]"
F192013,10,3,0.01,"[1936.3179338146565, 0.6769232749938965]"
F192013,10,3,0.1,"[2.6258960988893705, 6.713382005691528]"
F192013,10,3,0.2,"[1.4089697106296626, 13.660431623458862]"
F192013,10,3,0.3,"[1.1562693218328377, 20.957059383392334]"
F192013,10,3,0.4,"[1.029294060914367, 28.772682189941406]"
F192013,10,3,0.5,"[0.9939076469238444, 37.387221336364746]"
F192013,10,3,0.6,"[0.9900882272266927, 47.005470991134644]"
F192013,10,3,0.7,"[0.936228050925763, 58.15251970291138]"
F192013,10,3,0.8,"[0.9345650199502984, 71.46898245811462]"
F192013,10,3,0.9,"[0.8059201955785511, 87.0442841053009]"
F192013,10,3,1.0,"[0.804957912471707, 91.83406043052673]"
F192013,10,4,0.01,"[516.2796825494736, 0.6791822910308838]"
F192013,10,4,0.1,"[1.6077350596222573, 6.758801698684692]"
F192013,10,4,0.2,"[1.196935568572087, 13.77869462966919]"
F192013,10,4,0.3,"[1.0674336499265564, 21.1697199344635]"
F192013,10,4,0.4,"[1.0559584577731584, 28.93974804878235]"
F192013,10,4,0.5,"[1.0327904042160867, 37.46140432357788]"
F192013,10,4,0.6,"[1.0039390594376414, 47.13975191116333]"
F192013,10,4,0.7,"[0.9931658386490199, 58.33407020568848]"
F192013,10,4,0.8,"[0.9749829471666089, 71.71054339408875]"
F192013,10,4,0.9,"[0.9360604034998232, 87.36005902290344]"
F192013,10,4,1.0,"[0.9360597309936907, 88.81223940849304]"
F192013,10,5,0.01,"[1950.6784327788728, 0.683039665222168]"
F192013,10,5,0.1,"[2.4683639559038966, 6.738013505935669]"
F192013,10,5,0.2,"[1.5281218061067534, 13.724942445755005]"
F192013,10,5,0.3,"[1.3624280360699572, 21.08560347557068]"
F192013,10,5,0.4,"[1.1837590092636674, 28.893844842910767]"
F192013,10,5,0.5,"[1.1463378569204679, 37.429943323135376]"
F192013,10,5,0.6,"[1.1259612655606475, 47.03654885292053]"
F192013,10,5,0.7,"[1.1249923886525721, 58.11966943740845]"
F192013,10,5,0.8,"[1.0680311212866513, 71.42011404037476]"
F192013,10,5,0.9,"[0.8986551249644208, 87.01921653747559]"
F192013,10,5,1.0,"[0.8958810694653039, 104.8612539768219]"
F192013,10,6,0.01,"[2337.5857719426267, 0.6723001003265381]"
F192013,10,6,0.1,"[2.3314147349794325, 7.16072154045105]"
F192013,10,6,0.2,"[1.6967715636533285, 14.069916725158691]"
F192013,10,6,0.3,"[1.3122097392662226, 21.36693048477173]"
F192013,10,6,0.4,"[1.1281586273206017, 29.25735068321228]"
F192013,10,6,0.5,"[1.100288586672491, 37.83365821838379]"
F192013,10,6,0.6,"[1.0798506544672364, 47.54731345176697]"
F192013,10,6,0.7,"[0.9987172922702143, 58.72544574737549]"
F192013,10,6,0.8,"[0.857477359601944, 72.07160496711731]"
F192013,10,6,0.9,"[0.8045532585566662, 87.69132733345032]"
F192013,10,6,1.0,"[0.8043174130053785, 94.18602776527405]"
F192013,10,7,0.01,"[1392.855222713712, 0.7955882549285889]"
F192013,10,7,0.1,"[3.173227088681017, 6.848229646682739]"
F192013,10,7,0.2,"[0.8540490061971013, 13.83751630783081]"
F192013,10,7,0.3,"[0.7569344045697903, 21.29543161392212]"
F192013,10,7,0.4,"[0.7564584609073108, 29.133046865463257]"
F192013,10,7,0.5,"[0.6907361208801035, 37.685301303863525]"
F192013,10,7,0.6,"[0.6383167237634098, 47.32050132751465]"
F192013,10,7,0.7,"[0.6381794518566721, 58.46662998199463]"
F192013,10,7,0.8,"[0.6014283341252735, 71.75940608978271]"
F192013,10,7,0.9,"[0.5716484027203705, 87.25481033325195]"
F192013,10,7,1.0,"[0.5716476025787074, 88.80424618721008]"
F192013,10,8,0.01,"[797.1660561692318, 0.6849744319915771]"
F192013,10,8,0.1,"[2.621309966703393, 6.920289993286133]"
F192013,10,8,0.2,"[1.3749889451253239, 13.993015766143799]"
F192013,10,8,0.3,"[1.0361413617059156, 21.298887968063354]"
F192013,10,8,0.4,"[0.8477358799195827, 28.97607111930847]"
F192013,10,8,0.5,"[0.7342233317592672, 37.49734854698181]"
F192013,10,8,0.6,"[0.713848040241885, 47.16857886314392]"
F192013,10,8,0.7,"[0.7057565133196135, 58.347219467163086]"
F192013,10,8,0.8,"[0.6853070013793854, 71.7337896823883]"
F192013,10,8,0.9,"[0.6594076598181005, 87.43462014198303]"
F192013,10,8,1.0,"[0.6592258222584633, 93.76954054832458]"
F192013,10,9,0.01,"[4924.07603849481, 0.6884510517120361]"
F192013,10,9,0.1,"[2.76083946998034, 6.731049537658691]"
F192013,10,9,0.2,"[1.7699738929150044, 13.612435817718506]"
F192013,10,9,0.3,"[1.6891947863657037, 20.795400619506836]"
F192013,10,9,0.4,"[1.673202684516184, 28.43317699432373]"
F192013,10,9,0.5,"[1.4772807038484643, 36.84660744667053]"
F192013,10,9,0.6,"[1.3565775955943309, 46.41526770591736]"
F192013,10,9,0.7,"[1.3138378920357354, 57.6237530708313]"
F192013,10,9,0.8,"[1.2622169242699215, 71.07248830795288]"
F192013,10,9,0.9,"[1.1029027192295757, 86.74545335769653]"
F192013,10,9,1.0,"[1.1024842480780421, 88.13519096374512]"
F192013,10,10,0.01,"[686.7795101102283, 0.6801164150238037]"
F192013,10,10,0.1,"[2.911257888821922, 7.521411418914795]"
F192013,10,10,0.2,"[1.5596894835497892, 14.566328048706055]"
F192013,10,10,0.3,"[1.3230805941597055, 21.846312761306763]"
F192013,10,10,0.4,"[1.2496834438096585, 29.559127807617188]"
F192013,10,10,0.5,"[1.1801309725076976, 38.081984519958496]"
F192013,10,10,0.6,"[1.1673000462716345, 47.71698880195618]"
F192013,10,10,0.7,"[1.1654745001600872, 58.89703822135925]"
F192013,10,10,0.8,"[1.1588884176252918, 72.25337815284729]"
F192013,10,10,0.9,"[1.0676645462597207, 87.86496210098267]"
F192013,10,10,1.0,"[1.065757067377433, 97.95714569091797]"
F192013,10,11,0.01,"[148.59294054421184, 0.6734898090362549]"
F192013,10,11,0.1,"[2.4656752363270016, 6.707515001296997]"
F192013,10,11,0.2,"[1.3182815730310722, 13.524646520614624]"
F192013,10,11,0.3,"[0.9658631781194913, 20.62510085105896]"
F192013,10,11,0.4,"[0.8683254541962242, 28.190879106521606]"
F192013,10,11,0.5,"[0.8541973711417086, 36.49614596366882]"
F192013,10,11,0.6,"[0.8527400186772525, 45.97642660140991]"
F192013,10,11,0.7,"[0.8459281565892525, 57.0451717376709]"
F192013,10,11,0.8,"[0.8454767745895424, 70.32848358154297]"
F192013,10,11,0.9,"[0.7984383405269568, 85.91959118843079]"
F192013,10,11,1.0,"[0.7804770735261854, 93.54931998252869]"
F192013,10,12,0.01,"[722.131240311922, 0.6842315196990967]"
F192013,10,12,0.1,"[2.7728716133514695, 6.770137310028076]"
F192013,10,12,0.2,"[1.9004325835099962, 13.820170640945435]"
F192013,10,12,0.3,"[1.4296344640606549, 21.282227754592896]"
F192013,10,12,0.4,"[0.8897559308653058, 29.218075037002563]"
F192013,10,12,0.5,"[0.749920944271139, 37.81888151168823]"
F192013,10,12,0.6,"[0.6815486556592418, 47.43703365325928]"
F192013,10,12,0.7,"[0.6349108458668979, 58.5493860244751]"
F192013,10,12,0.8,"[0.6103310067833263, 71.88197469711304]"
F192013,10,12,0.9,"[0.6033565044102147, 85.8698034286499]"
F192013,10,12,1.0,"[0.6033565044102147, 85.86980676651001]"
F192013,10,13,0.01,"[659.4533173020573, 0.6798982620239258]"
F192013,10,13,0.1,"[2.4896388480516976, 6.714406490325928]"
F192013,10,13,0.2,"[1.356576554668436, 13.659103155136108]"
F192013,10,13,0.3,"[1.1160164892218063, 21.028494119644165]"
F192013,10,13,0.4,"[1.0358138905719443, 28.89675998687744]"
F192013,10,13,0.5,"[0.9930484149610947, 37.479897260665894]"
F192013,10,13,0.6,"[0.932124097799317, 47.10781812667847]"
F192013,10,13,0.7,"[0.8887719188223286, 58.22322058677673]"
F192013,10,13,0.8,"[0.8741009898263314, 71.4961473941803]"
F192013,10,13,0.9,"[0.8450934364447562, 87.05444979667664]"
F192013,10,13,1.0,"[0.8442098771594715, 89.22370553016663]"
F192013,10,14,0.01,"[4243.6139735529205, 0.6815528869628906]"
F192013,10,14,0.1,"[1.6541084392178504, 7.763116359710693]"
F192013,10,14,0.2,"[1.2709124867536161, 14.747024536132812]"
F192013,10,14,0.3,"[1.2083663058272123, 22.075953245162964]"
F192013,10,14,0.4,"[1.202190699542598, 30.040332555770874]"
F192013,10,14,0.5,"[1.1895682268553287, 38.749480962753296]"
F192013,10,14,0.6,"[1.1677562685694056, 48.458508014678955]"
F192013,10,14,0.7,"[1.147226865035634, 59.66670751571655]"
F192013,10,14,0.8,"[1.1300034784285344, 73.04199719429016]"
F192013,10,14,0.9,"[1.0664366797069533, 88.66984963417053]"
F192013,10,14,1.0,"[1.0632112663574276, 104.24221849441528]"
F192013,10,15,0.01,"[348.2776389521829, 0.6875813007354736]"
F192013,10,15,0.1,"[2.329424537502007, 6.785096883773804]"
F192013,10,15,0.2,"[1.6779775388627058, 13.742918729782104]"
F192013,10,15,0.3,"[1.4039793752309038, 21.085670948028564]"
F192013,10,15,0.4,"[1.328075558873934, 28.8833646774292]"
F192013,10,15,0.5,"[1.2992566552064773, 37.466389656066895]"
F192013,10,15,0.6,"[1.2638195191070736, 47.2041552066803]"
F192013,10,15,0.7,"[1.2546200337724827, 58.34298896789551]"
F192013,10,15,0.8,"[1.2052169811294107, 71.69577264785767]"
F192013,10,15,0.9,"[1.1174683474677067, 87.27875065803528]"
F192013,10,15,1.0,"[1.1138404051924908, 105.18997287750244]"
F192013,10,16,0.01,"[2890.877079202869, 0.6822500228881836]"
F192013,10,16,0.1,"[3.0214646925983857, 6.739603042602539]"
F192013,10,16,0.2,"[1.7184580202206803, 13.696101665496826]"
F192013,10,16,0.3,"[1.6819656422738376, 21.03896188735962]"
F192013,10,16,0.4,"[1.557436406544582, 28.824276208877563]"
F192013,10,16,0.5,"[1.5317464165562455, 37.37689757347107]"
F192013,10,16,0.6,"[1.48804770980189, 46.949612617492676]"
F192013,10,16,0.7,"[1.4532139382881724, 58.03648662567139]"
F192013,10,16,0.8,"[1.4493050922814064, 71.378408908844]"
F192013,10,16,0.9,"[1.426757738887943, 86.97777128219604]"
F192013,10,16,1.0,"[1.3781368282909057, 96.34998989105225]"
F192013,10,17,0.01,"[73.37527786223302, 0.6791117191314697]"
F192013,10,17,0.1,"[3.4261573471436577, 7.629922389984131]"
F192013,10,17,0.2,"[1.7101585169124291, 15.477211713790894]"
F192013,10,17,0.3,"[1.4085997871835048, 23.81164002418518]"
F192013,10,17,0.4,"[1.3520249006156746, 32.56238031387329]"
F192013,10,17,0.5,"[1.318220907928378, 41.26679253578186]"
F192013,10,17,0.6,"[1.3176118949857027, 50.9372079372406]"
F192013,10,17,0.7,"[1.2802350310776092, 62.067654848098755]"
F192013,10,17,0.8,"[1.2016960792172995, 75.3322536945343]"
F192013,10,17,0.9,"[1.0462711297347482, 90.91774821281433]"
F192013,10,17,1.0,"[1.0433672783134966, 95.03774523735046]"
F192013,10,18,0.01,"[2138.191268679141, 0.6769473552703857]"
F192013,10,18,0.1,"[2.9806532780114026, 6.72778058052063]"
F192013,10,18,0.2,"[1.5133880412878966, 13.685074806213379]"
F192013,10,18,0.3,"[1.2529292516044848, 20.98841619491577]"
F192013,10,18,0.4,"[1.1453481372257102, 28.68843913078308]"
F192013,10,18,0.5,"[1.0954587229796857, 37.207088470458984]"
F192013,10,18,0.6,"[1.095149348101188, 46.84619665145874]"
F192013,10,18,0.7,"[1.067143162089394, 57.98201012611389]"
F192013,10,18,0.8,"[1.0519044990417115, 71.31002235412598]"
F192013,10,18,0.9,"[0.9801306069106204, 86.94570326805115]"
F192013,10,18,1.0,"[0.9794317409217683, 92.60845446586609]"
F192013,10,19,0.01,"[1141.617468139852, 0.6839034557342529]"
F192013,10,19,0.1,"[2.474635984833185, 6.7414562702178955]"
F192013,10,19,0.2,"[1.670307959724596, 13.637390851974487]"
F192013,10,19,0.3,"[1.152846848034244, 20.83817768096924]"
F192013,10,19,0.4,"[0.9456777983608617, 28.60822629928589]"
F192013,10,19,0.5,"[0.9205033085057153, 37.20608925819397]"
F192013,10,19,0.6,"[0.9171625633348981, 46.91825580596924]"
F192013,10,19,0.7,"[0.9105962356088071, 58.10095548629761]"
F192013,10,19,0.8,"[0.8997779074011873, 71.44809746742249]"
F192013,10,19,0.9,"[0.8465417829619355, 87.08541798591614]"
F192013,10,19,1.0,"[0.8316685590866655, 96.08803057670593]"
F192013,10,20,0.01,"[4493.714495715675, 0.6727721691131592]"
F192013,10,20,0.1,"[3.2191727421160294, 6.997378349304199]"
F192013,10,20,0.2,"[1.7203199966430134, 13.878334045410156]"
F192013,10,20,0.3,"[1.1348236949532975, 21.08765697479248]"
F192013,10,20,0.4,"[1.1089817441541072, 28.810272932052612]"
F192013,10,20,0.5,"[1.078382506175501, 37.220404863357544]"
F192013,10,20,0.6,"[1.0762472221584858, 46.74209547042847]"
F192013,10,20,0.7,"[1.0356937692534416, 57.911943674087524]"
F192013,10,20,0.8,"[1.0314201792442645, 71.28881335258484]"
F192013,10,20,0.9,"[0.9800498804193012, 86.97821044921875]"
F192013,10,20,1.0,"[0.9781403067328824, 98.31927156448364]"
F192013,10,21,0.01,"[2445.5411912019563, 0.6734976768493652]"
F192013,10,21,0.1,"[2.196205076691797, 6.81764554977417]"
F192013,10,21,0.2,"[0.9767028448623591, 13.867927074432373]"
F192013,10,21,0.3,"[0.9134275366110955, 21.212595224380493]"
F192013,10,21,0.4,"[0.8533812657695421, 29.053056716918945]"
F192013,10,21,0.5,"[0.8221050082525494, 37.74321389198303]"
F192013,10,21,0.6,"[0.7821346764724808, 47.44060134887695]"
F192013,10,21,0.7,"[0.7706692195455958, 58.6474883556366]"
F192013,10,21,0.8,"[0.7625642411222202, 72.03747868537903]"
F192013,10,21,0.9,"[0.752918640561802, 87.67953681945801]"
F192013,10,21,1.0,"[0.7471070520915646, 105.56636166572571]"
F192013,10,22,0.01,"[1057.1561253057678, 0.6784145832061768]"
F192013,10,22,0.1,"[2.4435576496460953, 7.800615310668945]"
F192013,10,22,0.2,"[1.3066153284187294, 14.853156089782715]"
F192013,10,22,0.3,"[1.108638135284707, 22.261651754379272]"
F192013,10,22,0.4,"[1.0219067853582828, 30.23256802558899]"
F192013,10,22,0.5,"[0.9221798025760677, 38.988011837005615]"
F192013,10,22,0.6,"[0.8922327490161024, 48.73128938674927]"
F192013,10,22,0.7,"[0.8699329028720513, 59.99627923965454]"
F192013,10,22,0.8,"[0.8606772895604422, 73.39739775657654]"
F192013,10,22,0.9,"[0.7740193682522545, 89.03751373291016]"
F192013,10,22,1.0,"[0.773679463849021, 96.78600883483887]"
F192013,10,23,0.01,"[740.534590523403, 0.6904237270355225]"
F192013,10,23,0.1,"[2.906864482028766, 6.724812746047974]"
F192013,10,23,0.2,"[1.4797681196956773, 13.63179874420166]"
F192013,10,23,0.3,"[1.2464973115433509, 20.863919258117676]"
F192013,10,23,0.4,"[1.1629243938725153, 28.653971433639526]"
F192013,10,23,0.5,"[1.062147653682814, 37.094046115875244]"
F192013,10,23,0.6,"[0.9746920497920541, 46.58547496795654]"
F192013,10,23,0.7,"[0.9583097058778662, 57.68931579589844]"
F192013,10,23,0.8,"[0.9364174556633316, 71.02685832977295]"
F192013,10,23,0.9,"[0.8977873862612, 86.69909191131592]"
F192013,10,23,1.0,"[0.8954105412554441, 92.47577428817749]"
F192013,10,24,0.01,"[84.69694307395366, 0.6805548667907715]"
F192013,10,24,0.1,"[2.0154923611325444, 6.712981224060059]"
F192013,10,24,0.2,"[1.2243737768957317, 13.640719175338745]"
F192013,10,24,0.3,"[0.8956893089884375, 20.890572786331177]"
F192013,10,24,0.4,"[0.8799652348029667, 28.582305192947388]"
F192013,10,24,0.5,"[0.8631951287206903, 37.9292573928833]"
F192013,10,24,0.6,"[0.8515821674653239, 48.830394983291626]"
F192013,10,24,0.7,"[0.8343013674187318, 61.44201636314392]"
F192013,10,24,0.8,"[0.821090632240498, 76.44476222991943]"
F192013,10,24,0.9,"[0.7983542169558291, 93.62780117988586]"
F192013,10,24,1.0,"[0.7969084680878495, 105.49912023544312]"
F192013,10,25,0.01,"[8086.05190415236, 0.6772170066833496]"
F192013,10,25,0.1,"[2.314486137513825, 6.752658843994141]"
F192013,10,25,0.2,"[1.5762467681486214, 13.747064352035522]"
F192013,10,25,0.3,"[1.4650150736705996, 21.12832760810852]"
F192013,10,25,0.4,"[1.4016261429792394, 28.991389751434326]"
F192013,10,25,0.5,"[1.3340931191967798, 37.5196213722229]"
F192013,10,25,0.6,"[1.329894980435256, 47.08857250213623]"
F192013,10,25,0.7,"[1.318956172081755, 58.18536376953125]"
F192013,10,25,0.8,"[1.3115988432191443, 71.52376317977905]"
F192013,10,25,0.9,"[1.1772637067296046, 87.19214677810669]"
F192013,10,25,1.0,"[1.1752814859595446, 98.39671778678894]"
F192013,10,26,0.01,"[4808.921567952712, 0.6804726123809814]"
F192013,10,26,0.1,"[2.61499090966538, 6.676657676696777]"
F192013,10,26,0.2,"[1.471810625200419, 13.48639178276062]"
F192013,10,26,0.3,"[1.3279925690449659, 20.60905623435974]"
F192013,10,26,0.4,"[1.2993665900407336, 28.236358404159546]"
F192013,10,26,0.5,"[1.0392065426296426, 36.638466596603394]"
F192013,10,26,0.6,"[0.9762139094370355, 46.117050886154175]"
F192013,10,26,0.7,"[0.9546390687660846, 57.235958099365234]"
F192013,10,26,0.8,"[0.9459809374900487, 70.55265736579895]"
F192013,10,26,0.9,"[0.8881986974648726, 86.07893133163452]"
F192013,10,26,1.0,"[0.8788015870413233, 98.427321434021]"
F192013,10,27,0.01,"[259.26507620905613, 0.6775133609771729]"
F192013,10,27,0.1,"[2.0665259794470217, 6.743370056152344]"
F192013,10,27,0.2,"[1.6582311015768596, 13.77392029762268]"
F192013,10,27,0.3,"[1.1213665128542516, 21.167957544326782]"
F192013,10,27,0.4,"[0.6488510712579796, 29.06932830810547]"
F192013,10,27,0.5,"[0.5118712269711523, 37.63211107254028]"
F192013,10,27,0.6,"[0.4631039781143613, 47.24885439872742]"
F192013,10,27,0.7,"[0.43697428573517527, 58.49967885017395]"
F192013,10,27,0.8,"[0.39232478796594705, 71.93929743766785]"
F192013,10,27,0.9,"[0.3701607487583374, 87.27044773101807]"
F192013,10,27,1.0,"[0.3701607487583374, 87.27045154571533]"
F192013,10,28,0.01,"[320.6175256673222, 0.6834681034088135]"
F192013,10,28,0.1,"[2.3935007990824033, 6.6681413650512695]"
F192013,10,28,0.2,"[1.3921229519823441, 13.479341983795166]"
F192013,10,28,0.3,"[1.0697272822840205, 20.613609790802002]"
F192013,10,28,0.4,"[1.0130091554130445, 28.130253076553345]"
F192013,10,28,0.5,"[0.9699235030135469, 36.36335611343384]"
F192013,10,28,0.6,"[0.9699235030135469, 45.82948303222656]"
F192013,10,28,0.7,"[0.962459143831893, 56.975743532180786]"
F192013,10,28,0.8,"[0.912044242672323, 70.40375471115112]"
F192013,10,28,0.9,"[0.8064410195773348, 86.08297562599182]"
F192013,10,28,1.0,"[0.7993250767339077, 97.21688795089722]"
F192013,10,29,0.01,"[6383.546398102621, 0.6930174827575684]"
F192013,10,29,0.1,"[2.5911373767981445, 6.761350870132446]"
F192013,10,29,0.2,"[1.5050769852910548, 13.730610132217407]"
F192013,10,29,0.3,"[1.320720690952271, 21.059467315673828]"
F192013,10,29,0.4,"[1.315687957067155, 28.904940366744995]"
F192013,10,29,0.5,"[1.211564321992796, 37.52371907234192]"
F192013,10,29,0.6,"[1.1656758444595425, 47.17802119255066]"
F192013,10,29,0.7,"[1.1594672280747318, 58.3581645488739]"
F192013,10,29,0.8,"[1.1391986980789852, 71.68099570274353]"
F192013,10,29,0.9,"[1.0659117344220022, 87.32334494590759]"
F192013,10,29,1.0,"[1.0409831890164583, 101.21105909347534]"
F192013,10,30,0.01,"[1803.425679938327, 0.6720390319824219]"
F192013,10,30,0.1,"[2.397439962401961, 6.712010145187378]"
F192013,10,30,0.2,"[1.4486240002282216, 13.600300550460815]"
F192013,10,30,0.3,"[1.0790047002384995, 20.75351047515869]"
F192013,10,30,0.4,"[0.9207348924487064, 28.370001792907715]"
F192013,10,30,0.5,"[0.8741650477608687, 36.73748755455017]"
F192013,10,30,0.6,"[0.8741650477608687, 46.207367181777954]"
F192013,10,30,0.7,"[0.8714529759666334, 57.288384437561035]"
F192013,10,30,0.8,"[0.8649632117627561, 70.63759589195251]"
F192013,10,30,0.9,"[0.8301153545456259, 86.30536651611328]"
F192013,10,30,1.0,"[0.82908805407925, 93.08132672309875]"
F192013,10,31,0.01,"[2857.643411470701, 0.6710336208343506]"
F192013,10,31,0.1,"[2.536292927976149, 6.72482442855835]"
F192013,10,31,0.2,"[1.211652783762986, 13.702988624572754]"
F192013,10,31,0.3,"[1.055229813947733, 21.12767004966736]"
F192013,10,31,0.4,"[0.9349762098810857, 28.908761501312256]"
F192013,10,31,0.5,"[0.9061153824865755, 37.44722080230713]"
F192013,10,31,0.6,"[0.9039947018913495, 47.08154845237732]"
F192013,10,31,0.7,"[0.8953423871521977, 58.22085618972778]"
F192013,10,31,0.8,"[0.8883471583913547, 71.57186365127563]"
F192013,10,31,0.9,"[0.8740167479033971, 87.21419739723206]"
F192013,10,31,1.0,"[0.867724120528635, 93.88940525054932]"
F192013,10,32,0.01,"[591.6710352693985, 0.6862087249755859]"
F192013,10,32,0.1,"[1.8682477086077256, 6.689928293228149]"
F192013,10,32,0.2,"[1.4318493785912096, 13.599632263183594]"
F192013,10,32,0.3,"[1.0631138062819332, 20.785099506378174]"
F192013,10,32,0.4,"[0.9258552868964784, 28.507648944854736]"
F192013,10,32,0.5,"[0.762677570905737, 36.97174334526062]"
F192013,10,32,0.6,"[0.5681425685453974, 46.56420087814331]"
F192013,10,32,0.7,"[0.506064232354106, 57.756383180618286]"
F192013,10,32,0.8,"[0.4900535792610867, 71.18353939056396]"
F192013,10,32,0.9,"[0.4256729432926818, 86.93113613128662]"
F192013,10,32,1.0,"[0.42516900155106896, 94.18721675872803]"
F192013,10,33,0.01,"[1188.145917237729, 0.6751737594604492]"
F192013,10,33,0.1,"[2.8359689091036557, 6.697426080703735]"
F192013,10,33,0.2,"[2.4660299090406284, 13.68309736251831]"
F192013,10,33,0.3,"[1.9203719454852717, 21.148935079574585]"
F192013,10,33,0.4,"[1.7173253306593779, 29.04662847518921]"
F192013,10,33,0.5,"[1.6656155777883441, 37.532472133636475]"
F192013,10,33,0.6,"[1.5488718033063833, 47.09754729270935]"
F192013,10,33,0.7,"[1.4915946748259898, 58.30686807632446]"
F192013,10,33,0.8,"[1.3715193017168303, 71.72001528739929]"
F192013,10,33,0.9,"[1.1536621362207597, 87.43687152862549]"
F192013,10,33,1.0,"[1.1536609820552144, 89.48630714416504]"
F192013,10,34,0.01,"[903.288948865862, 0.6778857707977295]"
F192013,10,34,0.1,"[3.5499157434250606, 6.674570560455322]"
F192013,10,34,0.2,"[2.0329656363119852, 13.503873109817505]"
F192013,10,34,0.3,"[1.434388100421529, 20.659451246261597]"
F192013,10,34,0.4,"[1.1934746900271307, 28.35419726371765]"
F192013,10,34,0.5,"[1.143819009030608, 36.86639642715454]"
F192013,10,34,0.6,"[1.1423068922262019, 46.515098571777344]"
F192013,10,34,0.7,"[1.120074930539488, 57.66617441177368]"
F192013,10,34,0.8,"[1.1144268310165444, 71.04158186912537]"
F192013,10,34,0.9,"[1.093520502360036, 86.69877815246582]"
F192013,10,34,1.0,"[1.093509267111358, 89.93281364440918]"
F192013,10,35,0.01,"[2603.6972846719696, 0.6860029697418213]"
F192013,10,35,0.1,"[2.658728531810823, 6.650410175323486]"
F192013,10,35,0.2,"[1.7709407019343075, 13.450453758239746]"
F192013,10,35,0.3,"[1.4930378323961122, 20.604119062423706]"
F192013,10,35,0.4,"[1.3403941168435836, 28.23073649406433]"
F192013,10,35,0.5,"[1.2525857844835286, 36.56451725959778]"
F192013,10,35,0.6,"[1.2468825581281067, 45.97033143043518]"
F192013,10,35,0.7,"[1.222678529552752, 57.01361918449402]"
F192013,10,35,0.8,"[1.2222186514069904, 70.30973792076111]"
F192013,10,35,0.9,"[1.0706528826044632, 85.87043929100037]"
F192013,10,35,1.0,"[1.065736343327501, 103.71910905838013]"
F192013,10,36,0.01,"[1735.478888449712, 0.6772196292877197]"
F192013,10,36,0.1,"[2.215591644911626, 6.69339919090271]"
F192013,10,36,0.2,"[1.9101528911172636, 13.71352481842041]"
F192013,10,36,0.3,"[1.648098080278487, 20.989271640777588]"
F192013,10,36,0.4,"[1.5355138919327942, 28.696261405944824]"
F192013,10,36,0.5,"[1.3250383235844652, 37.10595774650574]"
F192013,10,36,0.6,"[1.0822581705016319, 46.515055418014526]"
F192013,10,36,0.7,"[0.9879637170192268, 57.51358103752136]"
F192013,10,36,0.8,"[0.9280657547902251, 70.75856876373291]"
F192013,10,36,0.9,"[0.614487021980267, 86.25873923301697]"
F192013,10,36,1.0,"[0.5682105947730065, 102.35319900512695]"
F192013,10,37,0.01,"[495.44490788134067, 0.6706192493438721]"
F192013,10,37,0.1,"[2.3466412795559677, 6.70456337928772]"
F192013,10,37,0.2,"[1.9213691667861212, 13.556635856628418]"
F192013,10,37,0.3,"[1.6831684686001154, 20.741960525512695]"
F192013,10,37,0.4,"[1.548896186812044, 28.340389013290405]"
F192013,10,37,0.5,"[1.472327362209171, 36.729671478271484]"
F192013,10,37,0.6,"[1.4359102076685417, 46.183024883270264]"
F192013,10,37,0.7,"[1.422627209237703, 57.275662899017334]"
F192013,10,37,0.8,"[1.3870268146494027, 70.60031342506409]"
F192013,10,37,0.9,"[1.2559456747762852, 86.19107341766357]"
F192013,10,37,1.0,"[1.2536943270045526, 94.47176671028137]"
F192013,10,38,0.01,"[1788.1790552496568, 0.6802270412445068]"
F192013,10,38,0.1,"[2.1905398105135987, 6.637419700622559]"
F192013,10,38,0.2,"[1.4246898416824365, 13.941909313201904]"
F192013,10,38,0.3,"[1.0190094665390461, 21.154513359069824]"
F192013,10,38,0.4,"[0.9801517642095519, 28.837080478668213]"
F192013,10,38,0.5,"[0.9711051708856075, 37.219916582107544]"
F192013,10,38,0.6,"[0.9711051708856075, 46.73485612869263]"
F192013,10,38,0.7,"[0.9654663026792036, 57.89882946014404]"
F192013,10,38,0.8,"[0.9654455344726784, 71.24235701560974]"
F192013,10,38,0.9,"[0.9638516120410259, 86.83026385307312]"
F192013,10,38,1.0,"[0.9631503062457796, 92.94716262817383]"
F192013,10,39,0.01,"[1120.396080661488, 0.671342134475708]"
F192013,10,39,0.1,"[1.5809280799974772, 6.686702489852905]"
F192013,10,39,0.2,"[1.1128629236307006, 13.633282661437988]"
F192013,10,39,0.3,"[0.9490634452029667, 20.988102197647095]"
F192013,10,39,0.4,"[0.9177007506464747, 28.79418683052063]"
F192013,10,39,0.5,"[0.8810353520684657, 37.33944821357727]"
F192013,10,39,0.6,"[0.8785508449319082, 47.03765368461609]"
F192013,10,39,0.7,"[0.8535697357597201, 58.300742864608765]"
F192013,10,39,0.8,"[0.8467632504417111, 71.66118550300598]"
F192013,10,39,0.9,"[0.7459196999557207, 87.31284046173096]"
F192013,10,39,1.0,"[0.7443651755659175, 105.199467420578]"
F192013,10,40,0.01,"[4158.319623074723, 0.6838653087615967]"
F192013,10,40,0.1,"[2.256740243292654, 6.679005861282349]"
F192013,10,40,0.2,"[1.1987673348920111, 13.579544305801392]"
F192013,10,40,0.3,"[0.8718273930402347, 20.896474361419678]"
F192013,10,40,0.4,"[0.8154707041606457, 28.6344211101532]"
F192013,10,40,0.5,"[0.7768539757457802, 37.172816038131714]"
F192013,10,40,0.6,"[0.7508264121947263, 46.782618045806885]"
F192013,10,40,0.7,"[0.7295875353470365, 57.99270153045654]"
F192013,10,40,0.8,"[0.725463994223901, 71.40642094612122]"
F192013,10,40,0.9,"[0.7040228559354205, 87.12311339378357]"
F192013,10,40,1.0,"[0.7005127884903004, 105.88385510444641]"
F192013,10,41,0.01,"[162.84405002489746, 0.6759107112884521]"
F192013,10,41,0.1,"[2.554344374189384, 6.729666471481323]"
F192013,10,41,0.2,"[1.7012668729461211, 13.596873998641968]"
F192013,10,41,0.3,"[1.5087149978502339, 20.827826976776123]"
F192013,10,41,0.4,"[1.4033666521328314, 28.619986534118652]"
F192013,10,41,0.5,"[1.3240864237160395, 37.22642540931702]"
F192013,10,41,0.6,"[1.2550652201741173, 46.98813557624817]"
F192013,10,41,0.7,"[1.2250608123186453, 58.161226987838745]"
F192013,10,41,0.8,"[1.1826978360699627, 71.47730994224548]"
F192013,10,41,0.9,"[1.0964718316695894, 87.08030438423157]"
F192013,10,41,1.0,"[1.042212930252731, 102.87069201469421]"
F192013,10,42,0.01,"[5871.208626326169, 0.68052077293396]"
F192013,10,42,0.1,"[3.3053526807016738, 7.022736310958862]"
F192013,10,42,0.2,"[1.2536536632589446, 14.701660633087158]"
F192013,10,42,0.3,"[0.9822251872661241, 22.01114320755005]"
F192013,10,42,0.4,"[0.9693539872461656, 29.973732471466064]"
F192013,10,42,0.5,"[0.6299702589656135, 38.55088257789612]"
F192013,10,42,0.6,"[0.615407237660861, 48.154953718185425]"
F192013,10,42,0.7,"[0.60063553305406, 59.36068153381348]"
F192013,10,42,0.8,"[0.5910830648070373, 72.7343327999115]"
F192013,10,42,0.9,"[0.5712704018795307, 88.35561060905457]"
F192013,10,42,1.0,"[0.5709340223160666, 93.2215838432312]"
F192013,10,43,0.01,"[1889.234142720507, 0.685636043548584]"
F192013,10,43,0.1,"[2.5993070577349613, 6.673644304275513]"
F192013,10,43,0.2,"[2.102659955638842, 13.575464963912964]"
F192013,10,43,0.3,"[1.612726645535588, 20.818122386932373]"
F192013,10,43,0.4,"[1.548413464625753, 28.450444221496582]"
F192013,10,43,0.5,"[1.3036810834159382, 36.867844343185425]"
F192013,10,43,0.6,"[1.2918167839554826, 46.376166343688965]"
F192013,10,43,0.7,"[1.1909712439846771, 57.510520696640015]"
F192013,10,43,0.8,"[1.184424521562562, 70.87970995903015]"
F192013,10,43,0.9,"[1.1052400424733264, 86.57512545585632]"
F192013,10,43,1.0,"[1.1051314268331112, 92.00140929222107]"
F192013,10,44,0.01,"[1791.7823780702493, 0.6796813011169434]"
F192013,10,44,0.1,"[2.412371776876398, 6.7177734375]"
F192013,10,44,0.2,"[1.4364744025360778, 13.655032634735107]"
F192013,10,44,0.3,"[1.1850738339077793, 21.001229286193848]"
F192013,10,44,0.4,"[1.0763111962677385, 28.868417263031006]"
F192013,10,44,0.5,"[1.0343383947788425, 37.35414791107178]"
F192013,10,44,0.6,"[0.9601116383179829, 47.00405669212341]"
F192013,10,44,0.7,"[0.9252513539660185, 58.091288805007935]"
F192013,10,44,0.8,"[0.9108287239246238, 71.4237928390503]"
F192013,10,44,0.9,"[0.8763750203693235, 87.07886028289795]"
F192013,10,44,1.0,"[0.8750005399673455, 94.76744508743286]"
F192013,10,45,0.01,"[84.57632794573976, 0.6738474369049072]"
F192013,10,45,0.1,"[2.8020570551179276, 6.6263439655303955]"
F192013,10,45,0.2,"[2.2552241537607642, 13.585463285446167]"
F192013,10,45,0.3,"[1.5158339622354902, 20.902483463287354]"
F192013,10,45,0.4,"[1.3065416451021292, 28.742838382720947]"
F192013,10,45,0.5,"[1.2416482113016514, 37.39570069313049]"
F192013,10,45,0.6,"[1.2301520192210091, 47.06820487976074]"
F192013,10,45,0.7,"[1.2246742539371098, 58.2692711353302]"
F192013,10,45,0.8,"[1.2071269351323508, 71.63617706298828]"
F192013,10,45,0.9,"[1.1829481058609304, 87.21724033355713]"
F192013,10,45,1.0,"[1.1814996333501995, 97.10886526107788]"
F192013,10,46,0.01,"[1721.1194028167251, 0.6729247570037842]"
F192013,10,46,0.1,"[2.4726432661132094, 6.694761276245117]"
F192013,10,46,0.2,"[1.6774361565240383, 13.686484813690186]"
F192013,10,46,0.3,"[1.3522126620599693, 20.93047833442688]"
F192013,10,46,0.4,"[1.0526147846559297, 28.725775957107544]"
F192013,10,46,0.5,"[0.9115312620272675, 37.36423444747925]"
F192013,10,46,0.6,"[0.8449916458303051, 47.06522226333618]"
F192013,10,46,0.7,"[0.8357315526627644, 58.314085483551025]"
F192013,10,46,0.8,"[0.787952165640263, 71.65802359580994]"
F192013,10,46,0.9,"[0.7600003600014134, 87.19219064712524]"
F192013,10,46,1.0,"[0.7599928747406466, 93.31584930419922]"
F192013,10,47,0.01,"[870.1355077665655, 0.6732356548309326]"
F192013,10,47,0.1,"[2.337799568557216, 6.670591115951538]"
F192013,10,47,0.2,"[1.7246884812503254, 13.517801284790039]"
F192013,10,47,0.3,"[1.2784283762902646, 20.677022218704224]"
F192013,10,47,0.4,"[1.1912832863039284, 28.37493634223938]"
F192013,10,47,0.5,"[1.079604429486892, 36.90049076080322]"
F192013,10,47,0.6,"[1.0794131244184655, 46.44614386558533]"
F192013,10,47,0.7,"[1.0669091525486465, 57.558953046798706]"
F192013,10,47,0.8,"[1.0253562191292076, 70.86182951927185]"
F192013,10,47,0.9,"[0.9764762910447189, 86.47880005836487]"
F192013,10,47,1.0,"[0.976165929012609, 90.62836480140686]"
F192013,10,48,0.01,"[3266.7044235720978, 0.6793839931488037]"
F192013,10,48,0.1,"[3.4645109709826443, 6.676828861236572]"
F192013,10,48,0.2,"[1.1611052618335407, 13.450628519058228]"
F192013,10,48,0.3,"[1.1243472928684923, 20.547484159469604]"
F192013,10,48,0.4,"[1.0315965151745559, 28.185599088668823]"
F192013,10,48,0.5,"[1.0299429340856818, 36.57372307777405]"
F192013,10,48,0.6,"[1.0294135881864008, 46.158945083618164]"
F192013,10,48,0.7,"[1.0271018793724807, 57.27919602394104]"
F192013,10,48,0.8,"[0.9772810034160102, 70.57031893730164]"
F192013,10,48,0.9,"[0.9608586996748159, 86.12753748893738]"
F192013,10,48,1.0,"[0.9608581259075777, 87.33546614646912]"
F192013,10,49,0.01,"[2112.7445994398277, 0.6829729080200195]"
F192013,10,49,0.1,"[3.4483400584772994, 6.749722003936768]"
F192013,10,49,0.2,"[1.8352818793964616, 13.672288179397583]"
F192013,10,49,0.3,"[1.6120437783346802, 21.008313179016113]"
F192013,10,49,0.4,"[1.1909580066416083, 28.87287998199463]"
F192013,10,49,0.5,"[0.8571603107598094, 37.49036145210266]"
F192013,10,49,0.6,"[0.8409284484753243, 47.15336060523987]"
F192013,10,49,0.7,"[0.8389364734155151, 58.40931844711304]"
F192013,10,49,0.8,"[0.834756542501907, 71.90233993530273]"
F192013,10,49,0.9,"[0.8261346796286944, 79.67753100395203]"
F192013,10,49,1.0,"[0.8261346796286944, 79.67753434181213]"
F192013,10,50,0.01,"[575.4328699441326, 0.6823556423187256]"
F192013,10,50,0.1,"[2.292280246721134, 6.7076146602630615]"
F192013,10,50,0.2,"[1.8333947601437899, 13.657851934432983]"
F192013,10,50,0.3,"[1.4052955624746915, 21.046732902526855]"
F192013,10,50,0.4,"[1.146750742478389, 28.86761975288391]"
F192013,10,50,0.5,"[0.8345480683770461, 37.31864857673645]"
F192013,10,50,0.6,"[0.7731905003818724, 46.84686756134033]"
F192013,10,50,0.7,"[0.732859063723879, 57.88510465621948]"
F192013,10,50,0.8,"[0.723386016126085, 71.17453098297119]"
F192013,10,50,0.9,"[0.7116378387404438, 86.77483081817627]"
F192013,10,50,1.0,"[0.711425200108124, 89.46247982978821]"
F192013,30,0,0.01,"[1829719.9496826811, 6.433703422546387]"
F192013,30,0,0.1,"[49.04907640209842, 75.91017532348633]"
F192013,30,0,0.2,"[18.55602013206351, 148.34829545021057]"
F192013,30,0,0.3,"[16.30662253039941, 198.1935224533081]"
F192013,30,0,0.4,"[12.260367879108571, 234.07868933677673]"
F192013,30,0,0.5,"[8.51292729517536, 270.4755766391754]"
F192013,30,0,0.6,"[7.598718663337081, 308.9121744632721]"
F192013,30,0,0.7,"[7.457407832001536, 350.4528453350067]"
F192013,30,0,0.8,"[6.976329175374474, 396.9214859008789]"
F192013,30,0,0.9,"[6.347137455180928, 453.4565603733063]"
F192013,30,0,1.0,"[5.746888804388618, 522.3690240383148]"
F192013,30,1,0.01,"[1378169.3615687608, 7.321103096008301]"
F192013,30,1,0.1,"[94.19580640978484, 67.59677600860596]"
F192013,30,1,0.2,"[21.290535171577858, 122.63242053985596]"
F192013,30,1,0.3,"[15.353764146120966, 180.36155104637146]"
F192013,30,1,0.4,"[8.321085520711222, 216.65422654151917]"
F192013,30,1,0.5,"[7.641967230811872, 253.24221348762512]"
F192013,30,1,0.6,"[5.45839843049805, 291.49910593032837]"
F192013,30,1,0.7,"[4.641294469974923, 332.757479429245]"
F192013,30,1,0.8,"[4.4195362192990615, 379.307954788208]"
F192013,30,1,0.9,"[3.624469147036791, 436.00867915153503]"
F192013,30,1,1.0,"[2.867944868590371, 494.7206621170044]"
F192013,30,2,0.01,"[1154106.0240127258, 6.423004865646362]"
F192013,30,2,0.1,"[92.38146519538941, 74.53563189506531]"
F192013,30,2,0.2,"[20.372607169418984, 150.68506360054016]"
F192013,30,2,0.3,"[14.933255209046365, 199.0632655620575]"
F192013,30,2,0.4,"[11.376948337137605, 234.9276885986328]"
F192013,30,2,0.5,"[8.62815184215134, 271.5518889427185]"
F192013,30,2,0.6,"[7.8333845866730485, 309.4786729812622]"
F192013,30,2,0.7,"[7.542918555540609, 350.5045099258423]"
F192013,30,2,0.8,"[7.0603744776692565, 396.80292439460754]"
F192013,30,2,0.9,"[6.577647356038824, 453.2201991081238]"
F192013,30,2,1.0,"[5.89139604349424, 498.4566445350647]"
F192013,30,3,0.01,"[2128277.300934542, 6.089523792266846]"
F192013,30,3,0.1,"[172.01951566877528, 56.609679222106934]"
F192013,30,3,0.2,"[19.93196418413379, 115.30563473701477]"
F192013,30,3,0.3,"[13.720763430377247, 170.05194187164307]"
F192013,30,3,0.4,"[11.504740734272389, 206.47229075431824]"
F192013,30,3,0.5,"[8.968099298651111, 243.18966555595398]"
F192013,30,3,0.6,"[8.411269530266509, 281.57815861701965]"
F192013,30,3,0.7,"[8.062800150963369, 322.8298134803772]"
F192013,30,3,0.8,"[7.542123306718111, 369.4306366443634]"
F192013,30,3,0.9,"[7.191768932060938, 426.1315543651581]"
F192013,30,3,1.0,"[6.882410168119918, 464.0912575721741]"
F192013,30,4,0.01,"[1369637.8455794952, 6.326528310775757]"
F192013,30,4,0.1,"[82.86510469259827, 72.26759076118469]"
F192013,30,4,0.2,"[16.79001663266388, 145.03610229492188]"
F192013,30,4,0.3,"[15.192590060883845, 195.3838860988617]"
F192013,30,4,0.4,"[10.977723156307718, 230.55944442749023]"
F192013,30,4,0.5,"[9.67358418666231, 266.65628123283386]"
F192013,30,4,0.6,"[9.394333405847988, 304.653133392334]"
F192013,30,4,0.7,"[9.217680451046078, 345.70577239990234]"
F192013,30,4,0.8,"[8.130591097277431, 392.0167899131775]"
F192013,30,4,0.9,"[7.8042062367096605, 448.5788748264313]"
F192013,30,4,1.0,"[6.909825123303108, 493.19830322265625]"
F192013,30,5,0.01,"[1864076.138490652, 5.986912727355957]"
F192013,30,5,0.1,"[118.12690437883202, 56.214641094207764]"
F192013,30,5,0.2,"[21.948793365098936, 113.41568660736084]"
F192013,30,5,0.3,"[12.868008553526238, 168.99545979499817]"
F192013,30,5,0.4,"[10.008913345153246, 204.5896589756012]"
F192013,30,5,0.5,"[8.51513270085502, 240.94738364219666]"
F192013,30,5,0.6,"[8.338999788230069, 278.9744737148285]"
F192013,30,5,0.7,"[8.021299773655244, 319.91281366348267]"
F192013,30,5,0.8,"[7.0976463174557125, 366.2620315551758]"
F192013,30,5,0.9,"[6.706405780450211, 422.7530736923218]"
F192013,30,5,1.0,"[6.259681284371425, 459.52320432662964]"
F192013,30,6,0.01,"[1275219.6135007124, 5.142230749130249]"
F192013,30,6,0.1,"[71.69013276648036, 74.35992741584778]"
F192013,30,6,0.2,"[18.08623788413979, 141.2377223968506]"
F192013,30,6,0.3,"[16.775574400463256, 191.19983386993408]"
F192013,30,6,0.4,"[11.323850495913291, 226.47397112846375]"
F192013,30,6,0.5,"[8.726871465034662, 262.80008912086487]"
F192013,30,6,0.6,"[7.643562250456455, 300.91335105895996]"
F192013,30,6,0.7,"[7.396072230960385, 342.17813873291016]"
F192013,30,6,0.8,"[7.213265144425748, 388.8044648170471]"
F192013,30,6,0.9,"[6.903462150367943, 445.72299814224243]"
F192013,30,6,1.0,"[6.536138148691919, 487.7609419822693]"
F192013,30,7,0.01,"[1573636.8065629767, 6.903139591217041]"
F192013,30,7,0.1,"[100.88680289480249, 65.04910731315613]"
F192013,30,7,0.2,"[17.097273987047856, 125.44974851608276]"
F192013,30,7,0.3,"[15.798390887406413, 186.06118965148926]"
F192013,30,7,0.4,"[11.754803992146321, 221.52908778190613]"
F192013,30,7,0.5,"[9.967641355225055, 258.32707262039185]"
F192013,30,7,0.6,"[9.698778364372743, 297.1212899684906]"
F192013,30,7,0.7,"[9.639411894614057, 338.62036633491516]"
F192013,30,7,0.8,"[9.459505938078848, 385.27938890457153]"
F192013,30,7,0.9,"[9.259373314118875, 442.0086028575897]"
F192013,30,7,1.0,"[8.747611128666108, 491.3253490924835]"
F192013,30,8,0.01,"[1694792.7462276795, 5.850881338119507]"
F192013,30,8,0.1,"[76.8096194342379, 54.90611147880554]"
F192013,30,8,0.2,"[19.600549947354693, 108.680016040802]"
F192013,30,8,0.3,"[15.256532210005389, 164.74494743347168]"
F192013,30,8,0.4,"[12.412623763880106, 204.115549325943]"
F192013,30,8,0.5,"[10.264944835766983, 240.71191239356995]"
F192013,30,8,0.6,"[9.945842980825148, 279.0511302947998]"
F192013,30,8,0.7,"[9.696256180819717, 320.19881105422974]"
F192013,30,8,0.8,"[9.065684803582542, 366.7260596752167]"
F192013,30,8,0.9,"[8.590494746143861, 423.35572242736816]"
F192013,30,8,1.0,"[8.080628612936948, 470.73532009124756]"
F192013,30,9,0.01,"[1490386.3985080505, 5.608769178390503]"
F192013,30,9,0.1,"[88.1226386214206, 54.396728515625]"
F192013,30,9,0.2,"[20.97723898558172, 113.10115694999695]"
F192013,30,9,0.3,"[16.65104922129956, 167.1131353378296]"
F192013,30,9,0.4,"[12.320037413207046, 204.78413915634155]"
F192013,30,9,0.5,"[10.656857125382203, 241.2968213558197]"
F192013,30,9,0.6,"[9.946841748683767, 279.343998670578]"
F192013,30,9,0.7,"[8.961983158481928, 320.52532386779785]"
F192013,30,9,0.8,"[8.506220105690204, 366.9679596424103]"
F192013,30,9,0.9,"[8.299329435934226, 423.41225600242615]"
F192013,30,9,1.0,"[8.051902200936524, 466.58840346336365]"
F192013,30,10,0.01,"[1571555.718930752, 5.5168092250823975]"
F192013,30,10,0.1,"[73.91178952593202, 70.2344388961792]"
F192013,30,10,0.2,"[20.78699619397878, 125.84079790115356]"
F192013,30,10,0.3,"[18.046423062265944, 175.6396839618683]"
F192013,30,10,0.4,"[11.010638980941337, 211.32123827934265]"
F192013,30,10,0.5,"[7.942148537311027, 247.91278290748596]"
F192013,30,10,0.6,"[7.7438048978569896, 286.21368646621704]"
F192013,30,10,0.7,"[7.408719420683838, 327.38882303237915]"
F192013,30,10,0.8,"[7.213350718964591, 373.7767241001129]"
F192013,30,10,0.9,"[6.481609518999278, 430.3225462436676]"
F192013,30,10,1.0,"[5.876261296947632, 478.7729730606079]"
F192013,30,11,0.01,"[955134.1732395496, 5.663682222366333]"
F192013,30,11,0.1,"[67.67731496403405, 60.7718768119812]"
F192013,30,11,0.2,"[18.514149725767652, 117.31329226493835]"
F192013,30,11,0.3,"[15.482328713154402, 174.52423691749573]"
F192013,30,11,0.4,"[12.598402056809391, 212.91457605361938]"
F192013,30,11,0.5,"[9.944206799851884, 249.10802817344666]"
F192013,30,11,0.6,"[8.314718259384847, 287.254269361496]"
F192013,30,11,0.7,"[7.892926918463047, 328.44341707229614]"
F192013,30,11,0.8,"[7.415909872635609, 375.0074007511139]"
F192013,30,11,0.9,"[7.145959409798991, 431.68335032463074]"
F192013,30,11,1.0,"[6.549417648346434, 492.1463797092438]"
F192013,30,12,0.01,"[1838984.4936154839, 6.653578758239746]"
F192013,30,12,0.1,"[73.65440054938449, 74.69044995307922]"
F192013,30,12,0.2,"[23.68737798472364, 148.89354538917542]"
F192013,30,12,0.3,"[17.067971533878335, 196.19028115272522]"
F192013,30,12,0.4,"[12.036730981332425, 232.5340051651001]"
F192013,30,12,0.5,"[10.320041175367123, 269.1011395454407]"
F192013,30,12,0.6,"[9.624719746966264, 307.66119146347046]"
F192013,30,12,0.7,"[9.156619897124415, 349.1850435733795]"
F192013,30,12,0.8,"[7.951778848039112, 395.58994126319885]"
F192013,30,12,0.9,"[7.476612730687918, 451.94112157821655]"
F192013,30,12,1.0,"[6.957472876343331, 509.51651787757874]"
F192013,30,13,0.01,"[1690942.291052946, 5.19943380355835]"
F192013,30,13,0.1,"[64.21408779602291, 69.78224897384644]"
F192013,30,13,0.2,"[19.529904930556995, 142.30394077301025]"
F192013,30,13,0.3,"[14.250134671315095, 193.12078022956848]"
F192013,30,13,0.4,"[8.1643578728345, 229.378178358078]"
F192013,30,13,0.5,"[6.871129765151466, 265.9418225288391]"
F192013,30,13,0.6,"[6.328949512964812, 304.19320011138916]"
F192013,30,13,0.7,"[6.218280689738265, 345.41116666793823]"
F192013,30,13,0.8,"[5.826498665270435, 391.81165504455566]"
F192013,30,13,0.9,"[5.561057308759189, 448.34465885162354]"
F192013,30,13,1.0,"[5.147056595424715, 495.3982672691345]"
F192013,30,14,0.01,"[2127137.0897445274, 5.376232624053955]"
F192013,30,14,0.1,"[98.97504729120578, 63.9978768825531]"
F192013,30,14,0.2,"[19.591145435574163, 120.26397657394409]"
F192013,30,14,0.3,"[16.073712331162596, 179.11798334121704]"
F192013,30,14,0.4,"[13.822177790384103, 215.30066180229187]"
F192013,30,14,0.5,"[11.92351450664819, 251.560063123703]"
F192013,30,14,0.6,"[11.05795333676815, 289.50174498558044]"
F192013,30,14,0.7,"[10.479932696593494, 330.50075507164]"
F192013,30,14,0.8,"[10.15986260276145, 376.7956762313843]"
F192013,30,14,0.9,"[9.508572655354783, 433.1975464820862]"
F192013,30,14,1.0,"[8.079285354238777, 478.18422746658325]"
F192013,30,15,0.01,"[1609315.3915635955, 6.136531591415405]"
F192013,30,15,0.1,"[78.1634605173532, 65.98276400566101]"
F192013,30,15,0.2,"[20.931577983950433, 121.305246591568]"
F192013,30,15,0.3,"[15.663514284544704, 182.76875352859497]"
F192013,30,15,0.4,"[11.194462255362623, 217.97526955604553]"
F192013,30,15,0.5,"[10.030155591395555, 254.39848470687866]"
F192013,30,15,0.6,"[9.529404082057567, 292.54764676094055]"
F192013,30,15,0.7,"[9.297124992736258, 333.6715831756592]"
F192013,30,15,0.8,"[8.969630067653156, 380.11568880081177]"
F192013,30,15,0.9,"[8.510223295226297, 436.6064603328705]"
F192013,30,15,1.0,"[7.880175395015783, 503.0319049358368]"
F192013,30,16,0.01,"[1287787.8104339626, 6.782215356826782]"
F192013,30,16,0.1,"[66.4231165500371, 75.40392422676086]"
F192013,30,16,0.2,"[21.100946250882316, 148.38008570671082]"
F192013,30,16,0.3,"[16.363120074438598, 197.99909019470215]"
F192013,30,16,0.4,"[15.352290695611373, 233.3007869720459]"
F192013,30,16,0.5,"[13.320961948281024, 269.55348539352417]"
F192013,30,16,0.6,"[12.61187499454445, 307.67838501930237]"
F192013,30,16,0.7,"[12.19318467000005, 348.9475519657135]"
F192013,30,16,0.8,"[10.79852905804529, 395.30816411972046]"
F192013,30,16,0.9,"[9.44922520438314, 451.608526468277]"
F192013,30,16,1.0,"[7.883594345390634, 488.3428530693054]"
F192013,30,17,0.01,"[1404080.4614703038, 6.0982582569122314]"
F192013,30,17,0.1,"[102.54459872210089, 53.725263357162476]"
F192013,30,17,0.2,"[21.229666297242602, 113.53024697303772]"
F192013,30,17,0.3,"[17.52681779745774, 166.12579703330994]"
F192013,30,17,0.4,"[9.447693657083619, 203.6237428188324]"
F192013,30,17,0.5,"[7.510608192726579, 240.56987023353577]"
F192013,30,17,0.6,"[6.676941185281862, 278.87104654312134]"
F192013,30,17,0.7,"[6.551349390370376, 320.051589012146]"
F192013,30,17,0.8,"[6.046262274154856, 366.45931363105774]"
F192013,30,17,0.9,"[5.467214221553149, 422.9076805114746]"
F192013,30,17,1.0,"[5.292939715916248, 461.9159734249115]"
F192013,30,18,0.01,"[2754120.8932747087, 5.794642925262451]"
F192013,30,18,0.1,"[94.13021169032368, 63.206239223480225]"
F192013,30,18,0.2,"[19.4609176846717, 119.0694625377655]"
F192013,30,18,0.3,"[14.521909612264267, 176.95181155204773]"
F192013,30,18,0.4,"[13.273982877518279, 213.88496088981628]"
F192013,30,18,0.5,"[11.724000788082378, 250.6727602481842]"
F192013,30,18,0.6,"[10.747506549805166, 289.47581720352173]"
F192013,30,18,0.7,"[9.318835310965369, 330.9074409008026]"
F192013,30,18,0.8,"[8.945386900952542, 377.5354640483856]"
F192013,30,18,0.9,"[8.649764268458625, 434.1314489841461]"
F192013,30,18,1.0,"[8.312800797614102, 474.63423919677734]"
F192013,30,19,0.01,"[1125044.1729816205, 6.294405221939087]"
F192013,30,19,0.1,"[57.46978977265837, 61.46280288696289]"
F192013,30,19,0.2,"[19.448220066354907, 119.27064800262451]"
F192013,30,19,0.3,"[16.346762271693365, 174.20208358764648]"
F192013,30,19,0.4,"[12.514146391856912, 212.08437848091125]"
F192013,30,19,0.5,"[10.94597342632602, 248.43680095672607]"
F192013,30,19,0.6,"[9.982040376484974, 286.7656292915344]"
F192013,30,19,0.7,"[9.780694607323426, 328.20774102211]"
F192013,30,19,0.8,"[9.102796629838679, 374.76512813568115]"
F192013,30,19,0.9,"[8.368783541537084, 431.45566630363464]"
F192013,30,19,1.0,"[7.630473084079767, 482.68790555000305]"
F192013,30,20,0.01,"[1397989.9914744953, 5.6574811935424805]"
F192013,30,20,0.1,"[73.12650924974571, 55.558127880096436]"
F192013,30,20,0.2,"[20.558433461601567, 114.6304063796997]"
F192013,30,20,0.3,"[13.79484520056144, 166.0935935974121]"
F192013,30,20,0.4,"[12.848984176557678, 201.8442747592926]"
F192013,30,20,0.5,"[10.478425030822848, 238.6615869998932]"
F192013,30,20,0.6,"[9.843066729887596, 277.2867822647095]"
F192013,30,20,0.7,"[9.283156569694427, 318.7481577396393]"
F192013,30,20,0.8,"[8.310918966772078, 365.3950753211975]"
F192013,30,20,0.9,"[7.7428663940006, 422.1156494617462]"
F192013,30,20,1.0,"[7.290304357969262, 484.0698733329773]"
F192013,30,21,0.01,"[1297326.6646551362, 5.621243000030518]"
F192013,30,21,0.1,"[63.678368799100326, 71.85207486152649]"
F192013,30,21,0.2,"[14.929330243193817, 143.93223667144775]"
F192013,30,21,0.3,"[11.791542703697587, 195.26754903793335]"
F192013,30,21,0.4,"[10.254338442239373, 230.90953469276428]"
F192013,30,21,0.5,"[9.359205559113207, 267.6615025997162]"
F192013,30,21,0.6,"[8.858432081342698, 306.0230417251587]"
F192013,30,21,0.7,"[8.563525856665933, 347.4193437099457]"
F192013,30,21,0.8,"[7.736182692823547, 394.1286790370941]"
F192013,30,21,0.9,"[7.121585097332286, 450.77403140068054]"
F192013,30,21,1.0,"[6.527319861601541, 512.459951877594]"
F192013,30,22,0.01,"[1424282.9753540133, 6.855137348175049]"
F192013,30,22,0.1,"[43.90610925307078, 67.0105209350586]"
F192013,30,22,0.2,"[16.45998543896485, 147.00203275680542]"
F192013,30,22,0.3,"[14.421873157816663, 197.29846334457397]"
F192013,30,22,0.4,"[10.638012906655604, 232.92904496192932]"
F192013,30,22,0.5,"[8.946985411231651, 269.5121259689331]"
F192013,30,22,0.6,"[8.623302209135659, 307.78366112709045]"
F192013,30,22,0.7,"[7.947106789849045, 349.1805510520935]"
F192013,30,22,0.8,"[7.565133865482153, 395.9268219470978]"
F192013,30,22,0.9,"[7.0973081077326015, 452.6075999736786]"
F192013,30,22,1.0,"[6.566471125653322, 521.9064564704895]"
F192013,30,23,0.01,"[1193504.8049523826, 6.0483033657073975]"
F192013,30,23,0.1,"[127.01956386856602, 53.64898705482483]"
F192013,30,23,0.2,"[23.67478296958427, 111.52199959754944]"
F192013,30,23,0.3,"[17.266882478955836, 165.84090065956116]"
F192013,30,23,0.4,"[14.239341597405996, 201.59106707572937]"
F192013,30,23,0.5,"[11.873128299018788, 238.16643381118774]"
F192013,30,23,0.6,"[11.53680560922379, 276.40614342689514]"
F192013,30,23,0.7,"[11.058181105828623, 317.66793990135193]"
F192013,30,23,0.8,"[10.614116283921078, 364.23328471183777]"
F192013,30,23,0.9,"[9.880931083436167, 420.79039096832275]"
F192013,30,23,1.0,"[9.158793415617993, 456.4957764148712]"
F192013,30,24,0.01,"[1570658.954319657, 6.050301551818848]"
F192013,30,24,0.1,"[50.86456603362308, 67.86847949028015]"
F192013,30,24,0.2,"[19.94234000032418, 126.37681555747986]"
F192013,30,24,0.3,"[14.734833020738165, 176.48249769210815]"
F192013,30,24,0.4,"[14.056351393293085, 211.57463884353638]"
F192013,30,24,0.5,"[11.810873691510835, 247.78571486473083]"
F192013,30,24,0.6,"[10.64854825907463, 285.79315304756165]"
F192013,30,24,0.7,"[10.201137615894766, 326.87262415885925]"
F192013,30,24,0.8,"[9.618735042922822, 373.36093187332153]"
F192013,30,24,0.9,"[9.093906064643818, 429.87428045272827]"
F192013,30,24,1.0,"[8.549401497228416, 496.9843919277191]"
F192013,30,25,0.01,"[1592245.7211015862, 6.01428484916687]"
F192013,30,25,0.1,"[61.25947790379041, 70.49665594100952]"
F192013,30,25,0.2,"[18.865258799391654, 140.1585066318512]"
F192013,30,25,0.3,"[15.186749605353953, 191.60564613342285]"
F192013,30,25,0.4,"[11.856566466923425, 228.28013610839844]"
F192013,30,25,0.5,"[10.116684540215545, 264.9172041416168]"
F192013,30,25,0.6,"[9.436768690560257, 303.10099148750305]"
F192013,30,25,0.7,"[9.0776676457902, 344.270859003067]"
F192013,30,25,0.8,"[8.541502254861655, 390.7753701210022]"
F192013,30,25,0.9,"[8.17764952121388, 447.33635091781616]"
F192013,30,25,1.0,"[7.377093001098558, 505.24001955986023]"
F192013,30,26,0.01,"[2180032.378751994, 6.821228981018066]"
F192013,30,26,0.1,"[162.21333112693037, 62.27197194099426]"
F192013,30,26,0.2,"[22.566584393296353, 119.42721652984619]"
F192013,30,26,0.3,"[16.90581188012311, 171.42990255355835]"
F192013,30,26,0.4,"[12.418155506034054, 208.3479039669037]"
F192013,30,26,0.5,"[10.859399981357171, 244.6066188812256]"
F192013,30,26,0.6,"[10.239180526071038, 282.37907695770264]"
F192013,30,26,0.7,"[10.005771673944196, 323.23568749427795]"
F192013,30,26,0.8,"[9.554579096679674, 369.49271297454834]"
F192013,30,26,0.9,"[8.49802606939761, 425.9128119945526]"
F192013,30,26,1.0,"[7.770791443534733, 484.72186255455017]"
F192013,30,27,0.01,"[2682867.4895756133, 5.741060018539429]"
F192013,30,27,0.1,"[53.45539546063446, 55.07563400268555]"
F192013,30,27,0.2,"[19.639519403694294, 111.86769509315491]"
F192013,30,27,0.3,"[15.949521600387357, 164.138418674469]"
F192013,30,27,0.4,"[13.531176602782466, 201.45375895500183]"
F192013,30,27,0.5,"[10.83626146736782, 244.08875274658203]"
F192013,30,27,0.6,"[9.920317970970586, 288.38748574256897]"
F192013,30,27,0.7,"[9.139425702691767, 335.93671560287476]"
F192013,30,27,0.8,"[8.36268813944389, 389.38314485549927]"
F192013,30,27,0.9,"[7.593351613069046, 453.79486894607544]"
F192013,30,27,1.0,"[7.012758483030893, 515.4613275527954]"
F192013,30,28,0.01,"[1309980.6944004754, 5.957146644592285]"
F192013,30,28,0.1,"[65.08268605790568, 61.92703557014465]"
F192013,30,28,0.2,"[18.23306737735993, 124.46277213096619]"
F192013,30,28,0.3,"[15.288718624328112, 179.97941136360168]"
F192013,30,28,0.4,"[12.094745914475993, 216.8061442375183]"
F192013,30,28,0.5,"[11.156717926869703, 253.28819370269775]"
F192013,30,28,0.6,"[10.746316711921224, 291.5618152618408]"
F192013,30,28,0.7,"[9.72342148254188, 332.74960350990295]"
F192013,30,28,0.8,"[8.315764995805864, 379.2643840312958]"
F192013,30,28,0.9,"[7.883185128486161, 435.7688181400299]"
F192013,30,28,1.0,"[7.1298360745127525, 488.187869310379]"
F192013,30,29,0.01,"[1745128.3999939281, 4.906520366668701]"
F192013,30,29,0.1,"[88.16409546968964, 69.43447518348694]"
F192013,30,29,0.2,"[18.21634419226234, 149.4482605457306]"
F192013,30,29,0.3,"[16.113622276680417, 199.32556438446045]"
F192013,30,29,0.4,"[13.832641239721852, 234.44131064414978]"
F192013,30,29,0.5,"[11.325641004111048, 270.6009986400604]"
F192013,30,29,0.6,"[10.718763893919117, 308.5842001438141]"
F192013,30,29,0.7,"[10.408025032660476, 349.64569067955017]"
F192013,30,29,0.8,"[9.531239035807232, 395.94623589515686]"
F192013,30,29,0.9,"[8.615524699391642, 452.2893042564392]"
F192013,30,29,1.0,"[8.082917908980107, 500.4944202899933]"
F192013,30,30,0.01,"[1665056.978201136, 6.127439498901367]"
F192013,30,30,0.1,"[191.51978186764518, 64.53704309463501]"
F192013,30,30,0.2,"[23.195218027678948, 121.99552202224731]"
F192013,30,30,0.3,"[17.735676727942177, 179.14986944198608]"
F192013,30,30,0.4,"[15.264295624547458, 214.96225881576538]"
F192013,30,30,0.5,"[12.69883307462294, 251.72509264945984]"
F192013,30,30,0.6,"[12.4512199203632, 290.68460869789124]"
F192013,30,30,0.7,"[11.93667534979744, 332.04816913604736]"
F192013,30,30,0.8,"[10.828528294891328, 378.5098412036896]"
F192013,30,30,0.9,"[9.974463961384117, 434.9720096588135]"
F192013,30,30,1.0,"[8.439641997982505, 492.3657548427582]"
F192013,30,31,0.01,"[1930266.5206761996, 6.388031244277954]"
F192013,30,31,0.1,"[76.50536445295029, 62.842076539993286]"
F192013,30,31,0.2,"[18.68997552046244, 121.63104605674744]"
F192013,30,31,0.3,"[15.438701846613299, 171.5784890651703]"
F192013,30,31,0.4,"[11.067517554143024, 207.54421520233154]"
F192013,30,31,0.5,"[10.01314308879381, 244.03033423423767]"
F192013,30,31,0.6,"[9.901410412790142, 282.13033080101013]"
F192013,30,31,0.7,"[9.569885631415048, 323.1368975639343]"
F192013,30,31,0.8,"[9.139290133086774, 369.61595821380615]"
F192013,30,31,0.9,"[8.221829564541736, 426.2350564002991]"
F192013,30,31,1.0,"[7.9250210102333085, 467.2049813270569]"
F192013,30,32,0.01,"[930268.6987723481, 6.295459747314453]"
F192013,30,32,0.1,"[62.22891599276238, 58.5823392868042]"
F192013,30,32,0.2,"[20.395699229711, 119.38062906265259]"
F192013,30,32,0.3,"[16.326143110638895, 169.3272898197174]"
F192013,30,32,0.4,"[11.892595645835513, 206.4001591205597]"
F192013,30,32,0.5,"[9.491139478703701, 242.63408970832825]"
F192013,30,32,0.6,"[7.632411411209205, 280.61472034454346]"
F192013,30,32,0.7,"[7.1719145094443775, 321.4501485824585]"
F192013,30,32,0.8,"[6.531902339771136, 367.60253977775574]"
F192013,30,32,0.9,"[5.621166312830553, 423.7686915397644]"
F192013,30,32,1.0,"[5.247188830035611, 465.9887568950653]"
F192013,30,33,0.01,"[1523791.4770879236, 5.924987316131592]"
F192013,30,33,0.1,"[114.75235251900904, 70.26979422569275]"
F192013,30,33,0.2,"[22.36239298541966, 136.24261379241943]"
F192013,30,33,0.3,"[17.22609833462991, 184.6381275653839]"
F192013,30,33,0.4,"[11.034001243450348, 219.8704228401184]"
F192013,30,33,0.5,"[7.967539996809478, 256.246910572052]"
F192013,30,33,0.6,"[7.937585089825177, 294.33522295951843]"
F192013,30,33,0.7,"[7.542593177421509, 335.317813873291]"
F192013,30,33,0.8,"[6.856535997805963, 381.5433654785156]"
F192013,30,33,0.9,"[5.969562879969146, 437.7286398410797]"
F192013,30,33,1.0,"[5.352132681628518, 473.5981237888336]"
F192013,30,34,0.01,"[862116.5870979476, 7.052217960357666]"
F192013,30,34,0.1,"[108.80108930517724, 75.68727445602417]"
F192013,30,34,0.2,"[19.82744509795191, 149.79727935791016]"
F192013,30,34,0.3,"[14.436497053716607, 199.3598403930664]"
F192013,30,34,0.4,"[12.036919571320482, 234.68503952026367]"
F192013,30,34,0.5,"[8.13992785456685, 271.04542684555054]"
F192013,30,34,0.6,"[7.474839904883197, 309.28614044189453]"
F192013,30,34,0.7,"[6.657683476287161, 350.3200445175171]"
F192013,30,34,0.8,"[6.278312808851126, 396.6725618839264]"
F192013,30,34,0.9,"[5.646069178784501, 452.9925117492676]"
F192013,30,34,1.0,"[5.169741279567916, 522.2008128166199]"
F192013,30,35,0.01,"[1958711.5088830763, 6.224478244781494]"
F192013,30,35,0.1,"[108.39891139771032, 57.09384250640869]"
F192013,30,35,0.2,"[17.78821223369448, 115.27942228317261]"
F192013,30,35,0.3,"[13.375021753486635, 169.13295364379883]"
F192013,30,35,0.4,"[11.683773958310383, 204.4995880126953]"
F192013,30,35,0.5,"[10.047637868716947, 240.81153869628906]"
F192013,30,35,0.6,"[9.642497217932657, 278.7975037097931]"
F192013,30,35,0.7,"[9.249321864646731, 319.6191780567169]"
F192013,30,35,0.8,"[9.016318667853398, 365.8940782546997]"
F192013,30,35,0.9,"[7.753295375891923, 422.2528693675995]"
F192013,30,35,1.0,"[6.890104685711037, 475.69449400901794]"
F192013,30,36,0.01,"[1724060.555537487, 7.8338611125946045]"
F192013,30,36,0.1,"[94.84378561631922, 75.75001645088196]"
F192013,30,36,0.2,"[22.401221148516697, 144.43413734436035]"
F192013,30,36,0.3,"[14.824827588199128, 191.6028413772583]"
F192013,30,36,0.4,"[11.593454838230002, 227.17770433425903]"
F192013,30,36,0.5,"[10.231644665060173, 263.8660538196564]"
F192013,30,36,0.6,"[8.381894698702922, 301.99696803092957]"
F192013,30,36,0.7,"[7.239133706170605, 343.03641390800476]"
F192013,30,36,0.8,"[6.522439466596836, 389.3657293319702]"
F192013,30,36,0.9,"[6.189410427684777, 445.61683535575867]"
F192013,30,36,1.0,"[5.891619048649545, 476.00562262535095]"
F192013,30,37,0.01,"[787531.4570630533, 7.855666875839233]"
F192013,30,37,0.1,"[113.64510192493515, 74.61663389205933]"
F192013,30,37,0.2,"[21.338929351556317, 144.11245155334473]"
F192013,30,37,0.3,"[16.28081955195887, 195.35939359664917]"
F192013,30,37,0.4,"[14.12028349853665, 230.67241191864014]"
F192013,30,37,0.5,"[11.476495982470567, 267.0573785305023]"
F192013,30,37,0.6,"[10.546395297623405, 305.25565934181213]"
F192013,30,37,0.7,"[9.884503118463783, 346.39248609542847]"
F192013,30,37,0.8,"[9.313202057352328, 392.91112065315247]"
F192013,30,37,0.9,"[8.184209978798037, 449.54246616363525]"
F192013,30,37,1.0,"[7.689370709642617, 485.6999521255493]"
F192013,30,38,0.01,"[1896507.9914264544, 6.284973859786987]"
F192013,30,38,0.1,"[57.94040561469774, 59.51445698738098]"
F192013,30,38,0.2,"[19.451638462823894, 116.55957078933716]"
F192013,30,38,0.3,"[15.920034468318704, 169.47953414916992]"
F192013,30,38,0.4,"[12.174241380180888, 204.94176959991455]"
F192013,30,38,0.5,"[10.189605003246186, 241.73722314834595]"
F192013,30,38,0.6,"[9.69345245005178, 280.2939336299896]"
F192013,30,38,0.7,"[9.650121437056214, 321.58728528022766]"
F192013,30,38,0.8,"[9.335463853705448, 368.207067489624]"
F192013,30,38,0.9,"[9.160735759120826, 424.86990213394165]"
F192013,30,38,1.0,"[8.538428708409583, 462.547354221344]"
F192013,30,39,0.01,"[1947610.203930739, 6.225266218185425]"
F192013,30,39,0.1,"[151.98848041348356, 54.90377163887024]"
F192013,30,39,0.2,"[18.909901365774203, 111.87055945396423]"
F192013,30,39,0.3,"[17.525637186303015, 162.1644036769867]"
F192013,30,39,0.4,"[11.402174455765191, 201.0600085258484]"
F192013,30,39,0.5,"[10.494925437765346, 237.37197160720825]"
F192013,30,39,0.6,"[9.93389869220755, 275.2424831390381]"
F192013,30,39,0.7,"[9.858507609067999, 316.34189653396606]"
F192013,30,39,0.8,"[9.656625031386, 362.782888174057]"
F192013,30,39,0.9,"[8.836456289247565, 419.41378688812256]"
F192013,30,39,1.0,"[8.24529739214205, 459.64530396461487]"
F192013,30,40,0.01,"[1307370.6696824913, 5.31261682510376]"
F192013,30,40,0.1,"[75.3279706529969, 57.33116888999939]"
F192013,30,40,0.2,"[20.518433463239262, 112.59258437156677]"
F192013,30,40,0.3,"[16.640472701878707, 166.05723881721497]"
F192013,30,40,0.4,"[13.870541238658461, 203.51649451255798]"
F192013,30,40,0.5,"[12.696978049383347, 239.90390610694885]"
F192013,30,40,0.6,"[11.411806121299605, 278.1135082244873]"
F192013,30,40,0.7,"[10.732957399455245, 319.0027582645416]"
F192013,30,40,0.8,"[9.012246581704062, 365.2075026035309]"
F192013,30,40,0.9,"[8.49201644479507, 421.38889050483704]"
F192013,30,40,1.0,"[7.597373604123334, 470.28677320480347]"
F192013,30,41,0.01,"[1801335.6128353463, 7.08699369430542]"
F192013,30,41,0.1,"[100.15516246456139, 65.15919327735901]"
F192013,30,41,0.2,"[17.133192329214012, 124.99505281448364]"
F192013,30,41,0.3,"[15.128780268527862, 183.80751252174377]"
F192013,30,41,0.4,"[12.455906881733085, 219.25102615356445]"
F192013,30,41,0.5,"[11.29720408881309, 255.90398263931274]"
F192013,30,41,0.6,"[10.376495903275782, 294.2658495903015]"
F192013,30,41,0.7,"[9.78405534954328, 335.4337875843048]"
F192013,30,41,0.8,"[9.362456876975159, 382.10161876678467]"
F192013,30,41,0.9,"[8.56821246018086, 438.5696198940277]"
F192013,30,41,1.0,"[6.964009646901047, 502.138573884964]"
F192013,30,42,0.01,"[1275302.6643002452, 6.6246514320373535]"
F192013,30,42,0.1,"[56.96271564632241, 60.43740129470825]"
F192013,30,42,0.2,"[20.95449312568246, 117.47703218460083]"
F192013,30,42,0.3,"[17.403079823515554, 171.02145195007324]"
F192013,30,42,0.4,"[13.409870555680072, 206.10783052444458]"
F192013,30,42,0.5,"[12.723318235648094, 242.35348629951477]"
F192013,30,42,0.6,"[12.284976468139917, 280.3593444824219]"
F192013,30,42,0.7,"[10.847467882185299, 321.45570707321167]"
F192013,30,42,0.8,"[10.037687306213343, 367.7872314453125]"
F192013,30,42,0.9,"[8.835315999702573, 424.26416063308716]"
F192013,30,42,1.0,"[6.739907271750496, 493.6930298805237]"
F192013,30,43,0.01,"[825153.9373614031, 6.553413391113281]"
F192013,30,43,0.1,"[108.0378870752179, 75.31379127502441]"
F192013,30,43,0.2,"[19.374688936769758, 147.50003099441528]"
F192013,30,43,0.3,"[15.234363353622484, 195.20498776435852]"
F192013,30,43,0.4,"[11.209286234900105, 230.31941890716553]"
F192013,30,43,0.5,"[8.162536444643308, 266.5782904624939]"
F192013,30,43,0.6,"[7.16473676272193, 304.720166683197]"
F192013,30,43,0.7,"[6.745132021641325, 345.6902508735657]"
F192013,30,43,0.8,"[5.894904357610642, 392.02515602111816]"
F192013,30,43,0.9,"[5.395736055871453, 448.3427448272705]"
F192013,30,43,1.0,"[5.111653207488359, 487.4269859790802]"
F192013,30,44,0.01,"[1953635.947355886, 5.427749395370483]"
F192013,30,44,0.1,"[153.5892709042074, 52.65069270133972]"
F192013,30,44,0.2,"[20.11511035187209, 109.76072764396667]"
F192013,30,44,0.3,"[13.523257448656182, 164.0426526069641]"
F192013,30,44,0.4,"[10.369556785486452, 201.94688296318054]"
F192013,30,44,0.5,"[9.298880472981693, 238.43025398254395]"
F192013,30,44,0.6,"[8.67714354182317, 276.3692343235016]"
F192013,30,44,0.7,"[8.50189427885141, 317.4422519207001]"
F192013,30,44,0.8,"[8.447946163940514, 363.927606344223]"
F192013,30,44,0.9,"[7.287374218863704, 420.3928825855255]"
F192013,30,44,1.0,"[6.153051455020545, 489.9729857444763]"
F192013,30,45,0.01,"[748646.42316637, 5.221331834793091]"
F192013,30,45,0.1,"[77.14362640431864, 57.4402334690094]"
F192013,30,45,0.2,"[17.32463425379865, 117.96731638908386]"
F192013,30,45,0.3,"[14.150120701912442, 171.0171718597412]"
F192013,30,45,0.4,"[13.104171978997329, 207.27883338928223]"
F192013,30,45,0.5,"[8.933693153425281, 243.49103331565857]"
F192013,30,45,0.6,"[8.652107314690795, 281.4409906864166]"
F192013,30,45,0.7,"[8.348121897017336, 322.5968379974365]"
F192013,30,45,0.8,"[8.099717651560297, 369.0733301639557]"
F192013,30,45,0.9,"[7.77076083284328, 425.465487241745]"
F192013,30,45,1.0,"[7.425180943060411, 475.0466318130493]"
F192013,30,46,0.01,"[2209458.6384287775, 6.60580849647522]"
F192013,30,46,0.1,"[98.72895457872175, 57.60374855995178]"
F192013,30,46,0.2,"[19.639825362391548, 116.3969316482544]"
F192013,30,46,0.3,"[16.490198347000955, 169.60411643981934]"
F192013,30,46,0.4,"[13.26035718558353, 205.15863943099976]"
F192013,30,46,0.5,"[11.416283064217225, 241.7651355266571]"
F192013,30,46,0.6,"[11.174385093847036, 279.84200501441956]"
F192013,30,46,0.7,"[9.888712959420957, 320.83606934547424]"
F192013,30,46,0.8,"[9.160169900010374, 367.2086019515991]"
F192013,30,46,0.9,"[7.471959072476807, 423.5647358894348]"
F192013,30,46,1.0,"[6.985931849734584, 493.7013695240021]"
F192013,30,47,0.01,"[1533127.6360136364, 7.937196254730225]"
F192013,30,47,0.1,"[94.12668201591725, 64.90863466262817]"
F192013,30,47,0.2,"[21.512492305605974, 122.69850420951843]"
F192013,30,47,0.3,"[13.639393342095445, 180.5441792011261]"
F192013,30,47,0.4,"[10.666524310768068, 216.92958974838257]"
F192013,30,47,0.5,"[9.824197661190226, 253.8396553993225]"
F192013,30,47,0.6,"[8.875960494558683, 292.0598406791687]"
F192013,30,47,0.7,"[8.33778935924812, 333.07755970954895]"
F192013,30,47,0.8,"[8.024078085501742, 379.44699358940125]"
F192013,30,47,0.9,"[7.619144537802583, 436.07759404182434]"
F192013,30,47,1.0,"[7.178165783086911, 483.4537880420685]"
F192013,30,48,0.01,"[2368541.3534320183, 3.570152759552002]"
F192013,30,48,0.1,"[103.78439435884752, 34.988779067993164]"
F192013,30,48,0.2,"[21.96909884848162, 69.14846348762512]"
F192013,30,48,0.3,"[17.14954968822485, 103.59281945228577]"
F192013,30,48,0.4,"[12.392780079318982, 139.01579189300537]"
F192013,30,48,0.5,"[9.169390059245018, 175.49344110488892]"
F192013,30,48,0.6,"[7.442278470298561, 213.92359519004822]"
F192013,30,48,0.7,"[7.217740647506389, 255.01434874534607]"
F192013,30,48,0.8,"[6.304115037164138, 301.37555503845215]"
F192013,30,48,0.9,"[5.6000921622880355, 357.83254885673523]"
F192013,30,48,1.0,"[5.292981209214986, 426.9165937900543]"
F192013,30,49,0.01,"[1902781.8472064242, 3.5964603424072266]"
F192013,30,49,0.1,"[76.03977978239254, 35.18579363822937]"
F192013,30,49,0.2,"[18.87047776970587, 69.17449998855591]"
F192013,30,49,0.3,"[13.776211728909743, 103.65175771713257]"
F192013,30,49,0.4,"[11.870237756887263, 139.0448775291443]"
F192013,30,49,0.5,"[8.199481894679366, 175.47911047935486]"
F192013,30,49,0.6,"[7.631548691509465, 213.70152521133423]"
F192013,30,49,0.7,"[7.435054175092034, 254.76816701889038]"
F192013,30,49,0.8,"[7.245259944110558, 301.1017973423004]"
F192013,30,49,0.9,"[6.974302503880267, 357.69262409210205]"
F192013,30,49,1.0,"[5.619639786122264, 427.2793650627136]"
F192013,30,50,0.01,"[1748136.0157901256, 3.7762207984924316]"
F192013,30,50,0.1,"[101.13631956463007, 34.25683379173279]"
F192013,30,50,0.2,"[17.62433338314213, 68.17439365386963]"
F192013,30,50,0.3,"[14.546859131496376, 102.48919081687927]"
F192013,30,50,0.4,"[11.041049971259326, 137.60203170776367]"
F192013,30,50,0.5,"[9.426227567201181, 174.07812404632568]"
F192013,30,50,0.6,"[8.75694895034053, 212.17029666900635]"
F192013,30,50,0.7,"[8.526780667695732, 253.07247233390808]"
F192013,30,50,0.8,"[8.077613194442677, 299.1564977169037]"
F192013,30,50,0.9,"[6.584811468169562, 355.5674567222595]"
F192013,30,50,1.0,"[5.465126425039784, 413.8449330329895]"
F192013,50,0,0.01,"[480461.9272017542, 62.28674340248108]"
F192013,50,0,0.1,"[1500.7039790714475, 652.5548210144043]"
F192013,50,0,0.2,"[63.59348227288865, 1376.4336142539978]"
F192013,50,0,0.3,"[39.27806705729438, 1541.4550335407257]"
F192013,50,0,0.4,"[34.471961600764416, 1668.9683148860931]"
F192013,50,0,0.5,"[32.23734179705127, 1779.5360765457153]"
F192013,50,0,0.6,"[28.962811273762327, 1865.0620684623718]"
F192013,50,0,0.7,"[27.72539138284276, 1953.844199180603]"
F192013,50,0,0.8,"[25.022047512793392, 2049.86922955513]"
F192013,50,0,0.9,"[23.153099461934403, 2161.4388377666473]"
F192013,50,0,1.0,"[21.051745435175462, 2262.7160696983337]"
F192013,50,1,0.01,"[327968.4538503497, 71.77198052406311]"
F192013,50,1,0.1,"[1707.9771729401564, 661.2813632488251]"
F192013,50,1,0.2,"[55.17165887516762, 1270.8796899318695]"
F192013,50,1,0.3,"[39.616922964519404, 1429.087736606598]"
F192013,50,1,0.4,"[35.12013634970049, 1547.938808441162]"
F192013,50,1,0.5,"[30.632269637488093, 1658.4395310878754]"
F192013,50,1,0.6,"[28.15429730004996, 1749.714450597763]"
F192013,50,1,0.7,"[27.207160146221668, 1838.5934045314789]"
F192013,50,1,0.8,"[26.13996271783651, 1934.8415565490723]"
F192013,50,1,0.9,"[24.294047434272102, 2046.8752958774567]"
F192013,50,1,1.0,"[21.681755387542125, 2145.7990005016327]"
F192013,50,2,0.01,"[380744.3594657153, 55.5550320148468]"
F192013,50,2,0.1,"[1623.0100074011143, 670.2707843780518]"
F192013,50,2,0.2,"[58.60719742216088, 1409.0379791259766]"
F192013,50,2,0.3,"[44.35306805173491, 1557.0561068058014]"
F192013,50,2,0.4,"[40.02118280910702, 1688.2954528331757]"
F192013,50,2,0.5,"[35.0734845942402, 1787.0468127727509]"
F192013,50,2,0.6,"[29.64860639733695, 1872.4310357570648]"
F192013,50,2,0.7,"[27.71218438653966, 1961.3125603199005]"
F192013,50,2,0.8,"[25.97317115212843, 2057.5014679431915]"
F192013,50,2,0.9,"[25.02292375993386, 2169.6188921928406]"
F192013,50,2,1.0,"[22.63807788920201, 2316.174391746521]"
F192013,50,3,0.01,"[348487.0314727912, 65.66472935676575]"
F192013,50,3,0.1,"[616.7024183615099, 719.6358103752136]"
F192013,50,3,0.2,"[56.86167248534764, 1407.8829128742218]"
F192013,50,3,0.3,"[41.87282058081837, 1555.9177112579346]"
F192013,50,3,0.4,"[35.70142405621675, 1688.8819992542267]"
F192013,50,3,0.5,"[29.756914762635688, 1787.8175151348114]"
F192013,50,3,0.6,"[27.991019717657082, 1873.661413192749]"
F192013,50,3,0.7,"[24.284546455044506, 1962.649287223816]"
F192013,50,3,0.8,"[22.323744612379755, 2059.1686458587646]"
F192013,50,3,0.9,"[20.759932414860828, 2171.5758674144745]"
F192013,50,3,1.0,"[20.405305219464708, 2285.6210956573486]"
F192013,50,4,0.01,"[463772.4974816553, 61.66892957687378]"
F192013,50,4,0.1,"[1299.931364270537, 656.3939921855927]"
F192013,50,4,0.2,"[56.844443115255785, 1387.9504935741425]"
F192013,50,4,0.3,"[41.46422521360796, 1530.7668421268463]"
F192013,50,4,0.4,"[33.06610525331894, 1665.13365650177]"
F192013,50,4,0.5,"[29.02712358386566, 1756.5318403244019]"
F192013,50,4,0.6,"[28.015379409442403, 1842.4015810489655]"
F192013,50,4,0.7,"[26.561981227935462, 1931.4616787433624]"
F192013,50,4,0.8,"[24.416028802752066, 2027.8642563819885]"
F192013,50,4,0.9,"[23.292768430235355, 2140.101418018341]"
F192013,50,4,1.0,"[20.90313882916041, 2273.591884613037]"
F192013,50,5,0.01,"[313347.3062479284, 57.25869297981262]"
F192013,50,5,0.1,"[1774.8108794036712, 628.5925559997559]"
F192013,50,5,0.2,"[59.76765924915094, 1321.4987359046936]"
F192013,50,5,0.3,"[41.50012740402008, 1456.4444046020508]"
F192013,50,5,0.4,"[34.24648527524414, 1584.9983932971954]"
F192013,50,5,0.5,"[29.390594079913512, 1692.807955980301]"
F192013,50,5,0.6,"[29.12612288119442, 1779.6771986484528]"
F192013,50,5,0.7,"[28.638715608740426, 1868.198293209076]"
F192013,50,5,0.8,"[27.001584484568298, 1964.327009677887]"
F192013,50,5,0.9,"[24.732356966096063, 2076.435122013092]"
F192013,50,5,1.0,"[22.867883346997473, 2215.2991366386414]"
F192013,50,6,0.01,"[342129.3385842591, 60.913264751434326]"
F192013,50,6,0.1,"[1304.5752227538594, 631.3119776248932]"
F192013,50,6,0.2,"[53.72566426798494, 1287.7749209403992]"
F192013,50,6,0.3,"[42.84833065907594, 1444.6094224452972]"
F192013,50,6,0.4,"[38.907639699528204, 1566.9004082679749]"
F192013,50,6,0.5,"[35.32163642608077, 1673.1320660114288]"
F192013,50,6,0.6,"[30.61922025390379, 1765.2739126682281]"
F192013,50,6,0.7,"[26.78919365069953, 1854.4495258331299]"
F192013,50,6,0.8,"[25.748512492891564, 1951.01531291008]"
F192013,50,6,0.9,"[23.922214857566132, 2063.208676338196]"
F192013,50,6,1.0,"[22.792126036717377, 2187.8493111133575]"
F192013,50,7,0.01,"[314365.3780131777, 63.98664045333862]"
F192013,50,7,0.1,"[1265.6103855117, 723.8105981349945]"
F192013,50,7,0.2,"[58.14887222374341, 1420.4727041721344]"
F192013,50,7,0.3,"[44.445937206069516, 1555.0223445892334]"
F192013,50,7,0.4,"[36.519005293900705, 1667.0500221252441]"
F192013,50,7,0.5,"[31.564737090468725, 1759.5742783546448]"
F192013,50,7,0.6,"[30.668172867901035, 1845.4578278064728]"
F192013,50,7,0.7,"[29.752895424049484, 1934.461494922638]"
F192013,50,7,0.8,"[28.343983714984006, 2030.6687586307526]"
F192013,50,7,0.9,"[27.260199068976362, 2142.8194777965546]"
F192013,50,7,1.0,"[23.91455462407839, 2327.458055496216]"
F192013,50,8,0.01,"[427485.96858956554, 72.9902274608612]"
F192013,50,8,0.1,"[1354.5993896437826, 669.1473083496094]"
F192013,50,8,0.2,"[67.00470350417652, 1328.976186990738]"
F192013,50,8,0.3,"[42.046911803057924, 1465.400532245636]"
F192013,50,8,0.4,"[36.0993589304868, 1595.4744918346405]"
F192013,50,8,0.5,"[31.655268950684672, 1706.109881401062]"
F192013,50,8,0.6,"[28.516038405365293, 1793.6530570983887]"
F192013,50,8,0.7,"[27.9710691371248, 1883.3052637577057]"
F192013,50,8,0.8,"[25.32850327538995, 1980.0247609615326]"
F192013,50,8,0.9,"[23.913485748142648, 2092.834058046341]"
F192013,50,8,1.0,"[22.393220804081352, 2279.7314620018005]"
F192013,50,9,0.01,"[398645.3653467605, 59.01331973075867]"
F192013,50,9,0.1,"[1002.6121845811465, 693.3598005771637]"
F192013,50,9,0.2,"[54.90657921945581, 1329.111138343811]"
F192013,50,9,0.3,"[41.39788630608632, 1463.5009207725525]"
F192013,50,9,0.4,"[33.043540450130195, 1582.8502266407013]"
F192013,50,9,0.5,"[31.459262911009432, 1685.5232598781586]"
F192013,50,9,0.6,"[29.005486102447776, 1777.1748909950256]"
F192013,50,9,0.7,"[26.890936962170258, 1866.0572626590729]"
F192013,50,9,0.8,"[23.323071540641763, 1962.2749290466309]"
F192013,50,9,0.9,"[19.733460460819515, 2074.3412795066833]"
F192013,50,9,1.0,"[18.441886746440673, 2254.3154895305634]"
F192013,50,10,0.01,"[374003.26329247816, 67.4555413722992]"
F192013,50,10,0.1,"[1555.9425774053552, 660.9880313873291]"
F192013,50,10,0.2,"[54.47625143070434, 1325.189296245575]"
F192013,50,10,0.3,"[41.717116121605955, 1458.0056812763214]"
F192013,50,10,0.4,"[33.767292904656415, 1584.6215181350708]"
F192013,50,10,0.5,"[30.815593590598382, 1694.8905248641968]"
F192013,50,10,0.6,"[30.038080872614728, 1782.1638276576996]"
F192013,50,10,0.7,"[29.899636105187824, 1871.492128610611]"
F192013,50,10,0.8,"[28.427886474952516, 1967.7368159294128]"
F192013,50,10,0.9,"[27.097745949437808, 2079.4949667453766]"
F192013,50,10,1.0,"[25.372706187842937, 2243.0320920944214]"
F192013,50,11,0.01,"[389027.03275829135, 61.59667229652405]"
F192013,50,11,0.1,"[1274.6693162910801, 656.7910916805267]"
F192013,50,11,0.2,"[57.876081476497916, 1403.4348220825195]"
F192013,50,11,0.3,"[43.585399758807625, 1550.2501652240753]"
F192013,50,11,0.4,"[40.33222836290872, 1690.8883926868439]"
F192013,50,11,0.5,"[35.52340087138896, 1788.8080427646637]"
F192013,50,11,0.6,"[34.5650523913132, 1874.0518310070038]"
F192013,50,11,0.7,"[32.02170708107724, 1963.0565326213837]"
F192013,50,11,0.8,"[31.005740141143633, 2059.2343275547028]"
F192013,50,11,0.9,"[29.19192463418881, 2171.1834783554077]"
F192013,50,11,1.0,"[26.80498297713325, 2295.4488911628723]"
F192013,50,12,0.01,"[308486.8868526997, 60.001286029815674]"
F192013,50,12,0.1,"[1180.8787829549701, 670.6173439025879]"
F192013,50,12,0.2,"[61.46844186250655, 1286.338012456894]"
F192013,50,12,0.3,"[42.86097925542367, 1431.2301542758942]"
F192013,50,12,0.4,"[30.33946489876871, 1553.612939119339]"
F192013,50,12,0.5,"[29.315968801173312, 1661.944641828537]"
F192013,50,12,0.6,"[28.47825986786961, 1753.0333895683289]"
F192013,50,12,0.7,"[28.179809500433635, 1841.8089277744293]"
F192013,50,12,0.8,"[26.74603197223655, 1938.0238325595856]"
F192013,50,12,0.9,"[23.550725370538203, 2049.7051060199738]"
F192013,50,12,1.0,"[22.024009096499412, 2211.7071719169617]"
F192013,50,13,0.01,"[247792.73160706283, 52.16126608848572]"
F192013,50,13,0.1,"[992.178205727655, 680.4075810909271]"
F192013,50,13,0.2,"[61.0701576264014, 1389.166430234909]"
F192013,50,13,0.3,"[46.620113839760734, 1539.9445247650146]"
F192013,50,13,0.4,"[37.52743800548387, 1675.8560528755188]"
F192013,50,13,0.5,"[35.02710817511911, 1782.1423871517181]"
F192013,50,13,0.6,"[30.886518966418407, 1867.7829599380493]"
F192013,50,13,0.7,"[29.083875925615757, 1956.6000716686249]"
F192013,50,13,0.8,"[27.725314788625155, 2052.641578435898]"
F192013,50,13,0.9,"[25.6559318460354, 2164.2859823703766]"
F192013,50,13,1.0,"[23.718938624357293, 2324.2657103538513]"
F192013,50,14,0.01,"[315846.62108333746, 52.82215166091919]"
F192013,50,14,0.1,"[1179.1406621889992, 697.4901945590973]"
F192013,50,14,0.2,"[57.65056717357129, 1400.791267156601]"
F192013,50,14,0.3,"[37.51604450290927, 1547.115535736084]"
F192013,50,14,0.4,"[34.77783268069061, 1682.6739525794983]"
F192013,50,14,0.5,"[31.61672507526407, 1784.5901637077332]"
F192013,50,14,0.6,"[29.664267333845828, 1869.830586194992]"
F192013,50,14,0.7,"[28.66541786632081, 1958.4779226779938]"
F192013,50,14,0.8,"[26.27057754092027, 2054.6516292095184]"
F192013,50,14,0.9,"[23.7277145996635, 2166.6432485580444]"
F192013,50,14,1.0,"[22.473668033215517, 2318.2270431518555]"
F192013,50,15,0.01,"[418463.1859217073, 66.94790458679199]"
F192013,50,15,0.1,"[1561.4244993931616, 651.6320288181305]"
F192013,50,15,0.2,"[56.012912430566644, 1405.539338350296]"
F192013,50,15,0.3,"[43.02443420404347, 1542.0490851402283]"
F192013,50,15,0.4,"[35.50770353204132, 1679.422755241394]"
F192013,50,15,0.5,"[30.347088063519095, 1784.7839255332947]"
F192013,50,15,0.6,"[28.51212742243729, 1869.8498530387878]"
F192013,50,15,0.7,"[27.882974365864015, 1958.4838633537292]"
F192013,50,15,0.8,"[26.37926162035444, 2054.456927537918]"
F192013,50,15,0.9,"[24.97153250250551, 2167.099059343338]"
F192013,50,15,1.0,"[23.134845175703617, 2280.621639728546]"
F192013,50,16,0.01,"[387321.39228739374, 57.219411849975586]"
F192013,50,16,0.1,"[1697.5606198151636, 692.4213979244232]"
F192013,50,16,0.2,"[58.122806974584705, 1396.2701253890991]"
F192013,50,16,0.3,"[44.76104289933278, 1543.1539070606232]"
F192013,50,16,0.4,"[36.94566828984239, 1676.4386224746704]"
F192013,50,16,0.5,"[32.2880074981299, 1778.9542536735535]"
F192013,50,16,0.6,"[28.996417146127442, 1864.5394015312195]"
F192013,50,16,0.7,"[26.983554224195018, 1953.225635766983]"
F192013,50,16,0.8,"[21.89556839253396, 2049.3532111644745]"
F192013,50,16,0.9,"[15.427357060115582, 2161.3274912834167]"
F192013,50,16,1.0,"[11.905069279660381, 2303.0546231269836]"
F192013,50,17,0.01,"[358060.6380372252, 62.793508768081665]"
F192013,50,17,0.1,"[984.1838536928685, 658.4693715572357]"
F192013,50,17,0.2,"[58.910604937850735, 1415.302053451538]"
F192013,50,17,0.3,"[37.134424135524114, 1545.740175485611]"
F192013,50,17,0.4,"[35.11623951176773, 1679.1300058364868]"
F192013,50,17,0.5,"[29.16861530270762, 1784.2950203418732]"
F192013,50,17,0.6,"[25.786695768042136, 1870.015777349472]"
F192013,50,17,0.7,"[25.318703890357483, 1958.6846520900726]"
F192013,50,17,0.8,"[23.856757359386165, 2054.6897552013397]"
F192013,50,17,0.9,"[21.495896660589324, 2166.937839269638]"
F192013,50,17,1.0,"[19.591447943961498, 2316.739652633667]"
F192013,50,18,0.01,"[410976.82040000416, 67.38135409355164]"
F192013,50,18,0.1,"[709.689602530723, 681.6922767162323]"
F192013,50,18,0.2,"[64.04687288825062, 1393.5894148349762]"
F192013,50,18,0.3,"[38.94764227636324, 1539.6756975650787]"
F192013,50,18,0.4,"[31.618135966236878, 1674.1369354724884]"
F192013,50,18,0.5,"[28.44203698511626, 1777.1026117801666]"
F192013,50,18,0.6,"[26.04706901432212, 1862.7871882915497]"
F192013,50,18,0.7,"[25.055221921367547, 1951.6226723194122]"
F192013,50,18,0.8,"[23.696638193129274, 2047.9908516407013]"
F192013,50,18,0.9,"[21.673656979010843, 2159.996156692505]"
F192013,50,18,1.0,"[19.61861520055936, 2270.4665899276733]"
F192013,50,19,0.01,"[219599.39935862675, 61.549253702163696]"
F192013,50,19,0.1,"[932.7377228542032, 675.7893755435944]"
F192013,50,19,0.2,"[63.65987833243162, 1413.9537765979767]"
F192013,50,19,0.3,"[38.555428307012335, 1551.2649943828583]"
F192013,50,19,0.4,"[34.669078369951876, 1685.8918030261993]"
F192013,50,19,0.5,"[27.506253658509536, 1785.449684381485]"
F192013,50,19,0.6,"[18.253920928068965, 1870.839242696762]"
F192013,50,19,0.7,"[17.534130560471112, 1959.680165052414]"
F192013,50,19,0.8,"[16.436004094166037, 2055.878044605255]"
F192013,50,19,0.9,"[14.982431631430813, 2167.6770238876343]"
F192013,50,19,1.0,"[14.29368366952508, 2285.6975412368774]"
F192013,50,20,0.01,"[397046.4555722095, 67.31363677978516]"
F192013,50,20,0.1,"[1524.8755265918016, 673.2585597038269]"
F192013,50,20,0.2,"[67.99334181055451, 1274.3048086166382]"
F192013,50,20,0.3,"[41.55267633369465, 1428.4822990894318]"
F192013,50,20,0.4,"[35.699772408499484, 1555.8965303897858]"
F192013,50,20,0.5,"[31.664943095198055, 1666.4262256622314]"
F192013,50,20,0.6,"[31.219555001446793, 1758.0377464294434]"
F192013,50,20,0.7,"[28.804681265237264, 1846.751831293106]"
F192013,50,20,0.8,"[27.95515057458465, 1943.0280747413635]"
F192013,50,20,0.9,"[26.886837991035804, 2054.835679769516]"
F192013,50,20,1.0,"[24.386500656104317, 2164.3080463409424]"
F192013,50,21,0.01,"[379349.31954662123, 66.7772867679596]"
F192013,50,21,0.1,"[1233.502023201399, 662.8731529712677]"
F192013,50,21,0.2,"[61.71009532246285, 1322.814572095871]"
F192013,50,21,0.3,"[43.12560993348677, 1457.9087688922882]"
F192013,50,21,0.4,"[34.77430338071929, 1591.9779651165009]"
F192013,50,21,0.5,"[31.67976814533995, 1698.8091304302216]"
F192013,50,21,0.6,"[28.653217795799264, 1787.9639444351196]"
F192013,50,21,0.7,"[24.62972643423666, 1876.7642102241516]"
F192013,50,21,0.8,"[22.134053672176947, 1972.9185099601746]"
F192013,50,21,0.9,"[20.519222589174547, 2085.095851421356]"
F192013,50,21,1.0,"[18.539134259455864, 2223.6953432559967]"
F192013,50,22,0.01,"[310294.8519855991, 62.674803495407104]"
F192013,50,22,0.1,"[1225.974574595733, 613.5554800033569]"
F192013,50,22,0.2,"[61.426576216744934, 1299.3351497650146]"
F192013,50,22,0.3,"[39.98405434526251, 1452.1279168128967]"
F192013,50,22,0.4,"[35.13235079292633, 1586.7499260902405]"
F192013,50,22,0.5,"[32.80759282843633, 1693.6005189418793]"
F192013,50,22,0.6,"[31.388564620197258, 1781.985701084137]"
F192013,50,22,0.7,"[29.690665280489497, 1870.926029920578]"
F192013,50,22,0.8,"[28.767169316253444, 1967.301329612732]"
F192013,50,22,0.9,"[27.191518803069016, 2079.3568127155304]"
F192013,50,22,1.0,"[24.287080546568745, 2260.253974914551]"
F192013,50,23,0.01,"[237419.12863080742, 65.61984658241272]"
F192013,50,23,0.1,"[660.6607992404874, 653.433153629303]"
F192013,50,23,0.2,"[55.12482406725155, 1320.1597645282745]"
F192013,50,23,0.3,"[40.54816891878488, 1462.8087882995605]"
F192013,50,23,0.4,"[32.24349779668489, 1593.6026000976562]"
F192013,50,23,0.5,"[24.448528070535872, 1698.016124010086]"
F192013,50,23,0.6,"[23.96458535677732, 1784.3518235683441]"
F192013,50,23,0.7,"[22.554486741378128, 1873.27077293396]"
F192013,50,23,0.8,"[21.51036810548237, 1969.4076869487762]"
F192013,50,23,0.9,"[19.4561582176525, 2081.1768872737885]"
F192013,50,23,1.0,"[17.731982444762252, 2252.044639110565]"
F192013,50,24,0.01,"[377647.7927394277, 69.99263834953308]"
F192013,50,24,0.1,"[1153.2806809776237, 712.9603259563446]"
F192013,50,24,0.2,"[62.69737534618662, 1303.3362600803375]"
F192013,50,24,0.3,"[38.660077917317494, 1446.1770541667938]"
F192013,50,24,0.4,"[35.219088990226396, 1563.349688053131]"
F192013,50,24,0.5,"[29.66908634516915, 1671.3477714061737]"
F192013,50,24,0.6,"[28.884901830413128, 1761.5710957050323]"
F192013,50,24,0.7,"[27.363351345244723, 1850.5942025184631]"
F192013,50,24,0.8,"[26.08043673558268, 1946.8503816127777]"
F192013,50,24,0.9,"[24.913592347466533, 2058.675459623337]"
F192013,50,24,1.0,"[22.562226778263152, 2192.676591873169]"
F192013,50,25,0.01,"[338417.35118644073, 65.36820268630981]"
F192013,50,25,0.1,"[889.8600639991819, 653.2721145153046]"
F192013,50,25,0.2,"[56.39427158789738, 1278.487765789032]"
F192013,50,25,0.3,"[41.54221004236024, 1436.536418914795]"
F192013,50,25,0.4,"[36.403091855617504, 1557.177940607071]"
F192013,50,25,0.5,"[34.42605160210064, 1664.3837869167328]"
F192013,50,25,0.6,"[30.620887500992012, 1755.6745402812958]"
F192013,50,25,0.7,"[29.949658402881482, 1844.863383769989]"
F192013,50,25,0.8,"[28.14772805259986, 1941.4998412132263]"
F192013,50,25,0.9,"[26.73531947281242, 2053.846647977829]"
F192013,50,25,1.0,"[24.701205213317508, 2194.68385887146]"
F192013,50,26,0.01,"[351680.53338382684, 50.98720645904541]"
F192013,50,26,0.1,"[1455.1977622153852, 642.5938720703125]"
F192013,50,26,0.2,"[56.288088021939984, 1310.8395998477936]"
F192013,50,26,0.3,"[42.61047669809159, 1453.1472775936127]"
F192013,50,26,0.4,"[37.807737830685255, 1584.930067062378]"
F192013,50,26,0.5,"[33.03789002966005, 1694.626193523407]"
F192013,50,26,0.6,"[31.12177566949299, 1781.780915737152]"
F192013,50,26,0.7,"[28.745577035314795, 1870.5565526485443]"
F192013,50,26,0.8,"[27.219169722762103, 1966.8000326156616]"
F192013,50,26,0.9,"[25.797694558674607, 2078.5683147907257]"
F192013,50,26,1.0,"[24.848299674041755, 2242.6391277313232]"
F192013,50,27,0.01,"[237246.47841403008, 61.50886845588684]"
F192013,50,27,0.1,"[1015.4063966031583, 687.9059240818024]"
F192013,50,27,0.2,"[65.94647113900328, 1297.0486721992493]"
F192013,50,27,0.3,"[41.359646726062124, 1445.1415441036224]"
F192013,50,27,0.4,"[36.02929584318463, 1579.2869753837585]"
F192013,50,27,0.5,"[32.609957117716704, 1689.6548771858215]"
F192013,50,27,0.6,"[30.631526745291808, 1776.2258100509644]"
F192013,50,27,0.7,"[29.986072869412965, 1864.975775718689]"
F192013,50,27,0.8,"[29.344291824463767, 1961.2898626327515]"
F192013,50,27,0.9,"[27.619041955072134, 2073.2923555374146]"
F192013,50,27,1.0,"[26.61024347173327, 2233.451933145523]"
F192013,50,28,0.01,"[247569.58645553383, 58.499215841293335]"
F192013,50,28,0.1,"[1546.3122469419943, 658.1693139076233]"
F192013,50,28,0.2,"[63.63463281101406, 1260.8991334438324]"
F192013,50,28,0.3,"[43.55375234563496, 1420.33921957016]"
F192013,50,28,0.4,"[34.42701238270274, 1541.2471041679382]"
F192013,50,28,0.5,"[31.39738565470418, 1648.2207567691803]"
F192013,50,28,0.6,"[29.287682178041223, 1742.4905517101288]"
F192013,50,28,0.7,"[28.223592815519055, 1831.9517183303833]"
F192013,50,28,0.8,"[25.50585900589533, 1928.8786418437958]"
F192013,50,28,0.9,"[24.112380794551314, 2041.2996952533722]"
F192013,50,28,1.0,"[22.265877055789247, 2200.284732103348]"
F192013,50,29,0.01,"[432367.59103632806, 63.357216596603394]"
F192013,50,29,0.1,"[1415.9881121908693, 697.0584628582001]"
F192013,50,29,0.2,"[56.28787052499115, 1393.1072912216187]"
F192013,50,29,0.3,"[38.75528846226132, 1546.3045682907104]"
F192013,50,29,0.4,"[32.46586824304018, 1662.9442701339722]"
F192013,50,29,0.5,"[30.159360326628416, 1758.2066931724548]"
F192013,50,29,0.6,"[28.504014858262963, 1843.6116058826447]"
F192013,50,29,0.7,"[27.240092176305552, 1932.0105493068695]"
F192013,50,29,0.8,"[26.249518904910246, 2027.8725266456604]"
F192013,50,29,0.9,"[24.506099550472186, 2139.458598136902]"
F192013,50,29,1.0,"[20.75205251245984, 2284.7531566619873]"
F192013,50,30,0.01,"[381563.25206870737, 69.76361513137817]"
F192013,50,30,0.1,"[1634.1615366655956, 654.3692650794983]"
F192013,50,30,0.2,"[57.63146391965381, 1413.2117393016815]"
F192013,50,30,0.3,"[44.62173795938156, 1550.631975889206]"
F192013,50,30,0.4,"[39.38145540929213, 1681.7184207439423]"
F192013,50,30,0.5,"[34.48068461899061, 1783.5278415679932]"
F192013,50,30,0.6,"[29.477299739221507, 1868.7716987133026]"
F192013,50,30,0.7,"[28.02704364546412, 1957.1913814544678]"
F192013,50,30,0.8,"[25.325661050742042, 2052.983219385147]"
F192013,50,30,0.9,"[22.158059334826362, 2164.8690214157104]"
F192013,50,30,1.0,"[18.53121989167323, 2307.748064517975]"
F192013,50,31,0.01,"[416560.9975351144, 52.33946514129639]"
F192013,50,31,0.1,"[771.1762027196837, 607.2547869682312]"
F192013,50,31,0.2,"[60.4420139173136, 1404.6629569530487]"
F192013,50,31,0.3,"[42.093021287322586, 1538.6209290027618]"
F192013,50,31,0.4,"[36.06843820424922, 1669.9903712272644]"
F192013,50,31,0.5,"[31.077375304362818, 1777.5783438682556]"
F192013,50,31,0.6,"[28.060562713709373, 1863.260344028473]"
F192013,50,31,0.7,"[26.764834185564382, 1952.25621175766]"
F192013,50,31,0.8,"[23.829244114892845, 2048.8170778751373]"
F192013,50,31,0.9,"[22.094817307229732, 2160.8858122825623]"
F192013,50,31,1.0,"[20.33829748997914, 2304.934321641922]"
F192013,50,32,0.01,"[253767.0508558068, 58.50261092185974]"
F192013,50,32,0.1,"[741.891729941341, 675.8055012226105]"
F192013,50,32,0.2,"[54.098447334092725, 1327.7464814186096]"
F192013,50,32,0.3,"[39.54406052051843, 1468.039917230606]"
F192013,50,32,0.4,"[33.29683957256418, 1599.9619309902191]"
F192013,50,32,0.5,"[28.281232885971235, 1705.9364688396454]"
F192013,50,32,0.6,"[25.339032757662835, 1794.1841115951538]"
F192013,50,32,0.7,"[23.457135028918287, 1882.9844632148743]"
F192013,50,32,0.8,"[22.505262117448865, 1979.0197260379791]"
F192013,50,32,0.9,"[20.682177532948344, 2090.6626496315002]"
F192013,50,32,1.0,"[17.75967684044838, 2262.5084505081177]"
F192013,50,33,0.01,"[410082.23550034227, 55.61395502090454]"
F192013,50,33,0.1,"[958.0417307877544, 667.680419921875]"
F192013,50,33,0.2,"[56.33533484061593, 1420.6194062232971]"
F192013,50,33,0.3,"[43.45757319508266, 1554.784095287323]"
F192013,50,33,0.4,"[38.74994097678484, 1688.8357100486755]"
F192013,50,33,0.5,"[28.89499515514467, 1791.4518609046936]"
F192013,50,33,0.6,"[28.398326224829475, 1876.9707527160645]"
F192013,50,33,0.7,"[27.06744336455438, 1965.7647523880005]"
F192013,50,33,0.8,"[25.399125220890483, 2061.7820620536804]"
F192013,50,33,0.9,"[23.787318316855703, 2174.0777266025543]"
F192013,50,33,1.0,"[22.192954031492604, 2325.0778052806854]"
F192013,50,34,0.01,"[476883.6757989518, 63.154637813568115]"
F192013,50,34,0.1,"[958.4721287512966, 689.1347289085388]"
F192013,50,34,0.2,"[63.829900529115434, 1418.4525735378265]"
F192013,50,34,0.3,"[38.439374575780334, 1562.6400084495544]"
F192013,50,34,0.4,"[34.53512235914707, 1695.2794151306152]"
F192013,50,34,0.5,"[29.07879619280004, 1792.7321276664734]"
F192013,50,34,0.6,"[26.815474936800342, 1877.9416530132294]"
F192013,50,34,0.7,"[23.631868023854622, 1966.5833477973938]"
F192013,50,34,0.8,"[22.46829506521442, 2062.923357963562]"
F192013,50,34,0.9,"[20.256943213384716, 2174.8050396442413]"
F192013,50,34,1.0,"[17.857039569106632, 2308.306929588318]"
F192013,50,35,0.01,"[275333.3205805627, 63.84809494018555]"
F192013,50,35,0.1,"[1145.8273151485616, 683.1177351474762]"
F192013,50,35,0.2,"[58.92361617522545, 1420.3187005519867]"
F192013,50,35,0.3,"[40.62085919898777, 1555.4333984851837]"
F192013,50,35,0.4,"[31.313846871548094, 1687.4233803749084]"
F192013,50,35,0.5,"[27.79461860123638, 1790.1822381019592]"
F192013,50,35,0.6,"[23.46862505901663, 1892.4539198875427]"
F192013,50,35,0.7,"[21.73771200889678, 1998.4633557796478]"
F192013,50,35,0.8,"[20.23387308755082, 2112.731802225113]"
F192013,50,35,0.9,"[17.649641997980098, 2248.284386396408]"
F192013,50,35,1.0,"[16.148954921722066, 2379.826728582382]"
F192013,50,36,0.01,"[411875.0910637834, 62.67534136772156]"
F192013,50,36,0.1,"[905.8858825175139, 662.054637670517]"
F192013,50,36,0.2,"[53.97952252713333, 1363.6156029701233]"
F192013,50,36,0.3,"[41.52990729430303, 1533.5578968524933]"
F192013,50,36,0.4,"[33.967977754130516, 1669.4805841445923]"
F192013,50,36,0.5,"[30.15327585307, 1774.4994204044342]"
F192013,50,36,0.6,"[28.64994069641807, 1860.1865239143372]"
F192013,50,36,0.7,"[28.374822379310103, 1949.0595700740814]"
F192013,50,36,0.8,"[22.465958612486133, 2045.1342706680298]"
F192013,50,36,0.9,"[18.68486913065169, 2156.7379171848297]"
F192013,50,36,1.0,"[18.099925038619745, 2250.383516550064]"
F192013,50,37,0.01,"[320823.5210546433, 53.690287351608276]"
F192013,50,37,0.1,"[742.9820735947669, 661.2249531745911]"
F192013,50,37,0.2,"[60.346871406968376, 1419.419564962387]"
F192013,50,37,0.3,"[42.74976876878236, 1554.6152186393738]"
F192013,50,37,0.4,"[37.000019041654355, 1683.9390149116516]"
F192013,50,37,0.5,"[34.37897343457689, 1786.1264016628265]"
F192013,50,37,0.6,"[33.79477822013746, 1871.3848006725311]"
F192013,50,37,0.7,"[33.03207126728114, 1960.0726644992828]"
F192013,50,37,0.8,"[32.091814581797735, 2056.1176478862762]"
F192013,50,37,0.9,"[31.003742113438534, 2168.326530456543]"
F192013,50,37,1.0,"[27.770144404822076, 2322.820150613785]"
F192013,50,38,0.01,"[425194.73736623774, 67.64138436317444]"
F192013,50,38,0.1,"[1519.4261370327456, 654.1824955940247]"
F192013,50,38,0.2,"[57.54932668450749, 1414.6115016937256]"
F192013,50,38,0.3,"[42.16487791944644, 1552.143658876419]"
F192013,50,38,0.4,"[38.45709194741312, 1680.478981256485]"
F192013,50,38,0.5,"[32.59795128135511, 1780.9578363895416]"
F192013,50,38,0.6,"[30.466412554103727, 1866.5064837932587]"
F192013,50,38,0.7,"[29.881239563755003, 1955.569133758545]"
F192013,50,38,0.8,"[27.409619503476733, 2052.0042736530304]"
F192013,50,38,0.9,"[24.96433752189546, 2164.2586901187897]"
F192013,50,38,1.0,"[23.968229495045875, 2289.8449413776398]"
F192013,50,39,0.01,"[388002.44336594053, 63.8490834236145]"
F192013,50,39,0.1,"[1524.8031855369572, 652.2769887447357]"
F192013,50,39,0.2,"[54.14783431392982, 1321.1869475841522]"
F192013,50,39,0.3,"[42.22254229633222, 1458.6432814598083]"
F192013,50,39,0.4,"[37.18107467323409, 1596.0549612045288]"
F192013,50,39,0.5,"[30.41221723499382, 1698.128491640091]"
F192013,50,39,0.6,"[29.176463668530232, 1787.0667326450348]"
F192013,50,39,0.7,"[28.13013744156899, 1876.0548119544983]"
F192013,50,39,0.8,"[26.24538135562227, 1972.2803332805634]"
F192013,50,39,0.9,"[23.966263193257646, 2084.46652674675]"
F192013,50,39,1.0,"[19.33277069736903, 2251.818701028824]"
F192013,50,40,0.01,"[166510.80898557368, 65.82525944709778]"
F192013,50,40,0.1,"[1051.0237525567784, 676.9523167610168]"
F192013,50,40,0.2,"[56.48780880204208, 1417.1750779151917]"
F192013,50,40,0.3,"[38.417543748366825, 1552.2539250850677]"
F192013,50,40,0.4,"[34.03721860739756, 1686.811500787735]"
F192013,50,40,0.5,"[28.924415280883295, 1785.9419038295746]"
F192013,50,40,0.6,"[27.887202224902012, 1871.549055814743]"
F192013,50,40,0.7,"[27.13511440438606, 1960.5797905921936]"
F192013,50,40,0.8,"[25.307036808711928, 2056.9270482063293]"
F192013,50,40,0.9,"[24.178926326144847, 2168.781200647354]"
F192013,50,40,1.0,"[23.30132515348555, 2326.6324365139008]"
F192013,50,41,0.01,"[429036.37853203027, 59.94054937362671]"
F192013,50,41,0.1,"[1220.7030809129562, 655.0808837413788]"
F192013,50,41,0.2,"[58.68141655390161, 1266.6877093315125]"
F192013,50,41,0.3,"[37.769828729920164, 1428.6977043151855]"
F192013,50,41,0.4,"[34.28306715577003, 1553.2432942390442]"
F192013,50,41,0.5,"[30.350345040581942, 1671.3590309619904]"
F192013,50,41,0.6,"[28.95611108189803, 1758.8095915317535]"
F192013,50,41,0.7,"[27.481776053506678, 1847.4657535552979]"
F192013,50,41,0.8,"[26.741923775189207, 1943.7915289402008]"
F192013,50,41,0.9,"[24.2033358606501, 2055.6476571559906]"
F192013,50,41,1.0,"[22.5657870859701, 2153.662939786911]"
F192013,50,42,0.01,"[326848.0127191413, 54.61850190162659]"
F192013,50,42,0.1,"[960.9802916736944, 671.8202140331268]"
F192013,50,42,0.2,"[55.64837472542331, 1412.6149713993073]"
F192013,50,42,0.3,"[41.001812706300825, 1552.6797194480896]"
F192013,50,42,0.4,"[31.979595578877593, 1684.391471862793]"
F192013,50,42,0.5,"[26.26539023790724, 1795.3242330551147]"
F192013,50,42,0.6,"[25.32347152935108, 1880.5646440982819]"
F192013,50,42,0.7,"[23.590727621769474, 1969.4693417549133]"
F192013,50,42,0.8,"[22.48727563382033, 2065.7958092689514]"
F192013,50,42,0.9,"[20.420355524359934, 2180.9696683883667]"
F192013,50,42,1.0,"[18.55498750522213, 2302.809497833252]"
F192013,50,43,0.01,"[412946.79180567665, 64.10348010063171]"
F192013,50,43,0.1,"[1117.2610995697842, 671.9846315383911]"
F192013,50,43,0.2,"[61.84297689396908, 1319.662903547287]"
F192013,50,43,0.3,"[43.90195940035403, 1457.7940363883972]"
F192013,50,43,0.4,"[40.336990534841334, 1588.5467307567596]"
F192013,50,43,0.5,"[29.78310360018952, 1696.8452792167664]"
F192013,50,43,0.6,"[25.502573336534283, 1783.751844406128]"
F192013,50,43,0.7,"[24.119722995740176, 1873.0972228050232]"
F192013,50,43,0.8,"[22.604663765381815, 1969.6949820518494]"
F192013,50,43,0.9,"[20.40959952952835, 2082.113345146179]"
F192013,50,43,1.0,"[20.13350324510361, 2206.872043132782]"
F192013,50,44,0.01,"[333043.21841438103, 60.16474223136902]"
F192013,50,44,0.1,"[1298.4212015400071, 689.281818151474]"
F192013,50,44,0.2,"[56.472425874578335, 1325.5466480255127]"
F192013,50,44,0.3,"[37.36974670296206, 1463.583330631256]"
F192013,50,44,0.4,"[33.70093865150898, 1595.1154429912567]"
F192013,50,44,0.5,"[28.421973348872825, 1699.1279425621033]"
F192013,50,44,0.6,"[26.97484342380244, 1786.5771262645721]"
F192013,50,44,0.7,"[26.860132289668627, 1875.674320936203]"
F192013,50,44,0.8,"[26.51998144904303, 1972.0868265628815]"
F192013,50,44,0.9,"[26.100867574094764, 2083.9641065597534]"
F192013,50,44,1.0,"[25.237732542410185, 2248.4220898151398]"
F192013,50,45,0.01,"[399136.58278916095, 59.620121717453]"
F192013,50,45,0.1,"[1681.6445070578056, 666.5820651054382]"
F192013,50,45,0.2,"[59.387241562026134, 1401.6132414340973]"
F192013,50,45,0.3,"[45.87686366066873, 1548.3018157482147]"
F192013,50,45,0.4,"[40.84461998858444, 1679.4870376586914]"
F192013,50,45,0.5,"[37.00997285956339, 1783.4130113124847]"
F192013,50,45,0.6,"[33.59089781108253, 1868.8578941822052]"
F192013,50,45,0.7,"[25.88178221741589, 1957.7259442806244]"
F192013,50,45,0.8,"[24.64713723862826, 2053.975375175476]"
F192013,50,45,0.9,"[22.433994447123155, 2168.268250465393]"
F192013,50,45,1.0,"[20.662861206644152, 2319.474097967148]"
F192013,50,46,0.01,"[298998.1984909173, 59.228365421295166]"
F192013,50,46,0.1,"[773.7117710329562, 606.9717240333557]"
F192013,50,46,0.2,"[58.39425174644964, 1217.5910754203796]"
F192013,50,46,0.3,"[40.69366631555397, 1420.27845287323]"
F192013,50,46,0.4,"[36.21432951211136, 1542.5460712909698]"
F192013,50,46,0.5,"[32.56540206940406, 1653.5084788799286]"
F192013,50,46,0.6,"[31.4645328274853, 1747.9168524742126]"
F192013,50,46,0.7,"[30.74541768471738, 1837.2119789123535]"
F192013,50,46,0.8,"[25.69773423068591, 1933.736575603485]"
F192013,50,46,0.9,"[23.443418038608456, 2045.81560754776]"
F192013,50,46,1.0,"[21.31150482687906, 2208.305361509323]"
F192013,50,47,0.01,"[383662.84996420296, 56.515791177749634]"
F192013,50,47,0.1,"[1114.9985808174044, 634.7584252357483]"
F192013,50,47,0.2,"[59.813414023939345, 1412.56725025177]"
F192013,50,47,0.3,"[43.584876692415946, 1542.2903590202332]"
F192013,50,47,0.4,"[35.942235364010344, 1672.5235364437103]"
F192013,50,47,0.5,"[33.61674357656523, 1778.0882408618927]"
F192013,50,47,0.6,"[32.22511046033901, 1863.6664922237396]"
F192013,50,47,0.7,"[31.607177664184064, 1952.7650003433228]"
F192013,50,47,0.8,"[24.02037096756169, 2049.216408729553]"
F192013,50,47,0.9,"[19.55417996814481, 2161.4391095638275]"
F192013,50,47,1.0,"[15.486018451763584, 2275.5843448638916]"
F192013,50,48,0.01,"[407791.64959907864, 14.364717245101929]"
F192013,50,48,0.1,"[1163.5341171074497, 148.3422658443451]"
F192013,50,48,0.2,"[59.460199619358036, 240.05479216575623]"
F192013,50,48,0.3,"[41.13370491818387, 321.39680671691895]"
F192013,50,48,0.4,"[38.80362582315399, 403.6779088973999]"
F192013,50,48,0.5,"[35.69904061090449, 487.0675265789032]"
F192013,50,48,0.6,"[31.361489111168908, 572.5742301940918]"
F192013,50,48,0.7,"[29.294221936505892, 661.4214417934418]"
F192013,50,48,0.8,"[26.988159851887872, 757.3605625629425]"
F192013,50,48,0.9,"[25.108174777021986, 868.9467911720276]"
F192013,50,48,1.0,"[23.234202020879707, 962.4862797260284]"
F192013,50,49,0.01,"[364567.6505923144, 14.180203676223755]"
F192013,50,49,0.1,"[1044.1779726510924, 138.2536962032318]"
F192013,50,49,0.2,"[58.157360180149226, 231.2903871536255]"
F192013,50,49,0.3,"[41.59109327422618, 323.14612770080566]"
F192013,50,49,0.4,"[37.630882595961, 419.46358013153076]"
F192013,50,49,0.5,"[31.97963858466653, 506.7072732448578]"
F192013,50,49,0.6,"[29.33090994637564, 608.2687437534332]"
F192013,50,49,0.7,"[25.512196160923963, 713.6921305656433]"
F192013,50,49,0.8,"[21.47321147471598, 827.0116860866547]"
F192013,50,49,0.9,"[19.46138012447227, 957.3558866977692]"
F192013,50,49,1.0,"[17.317298319460633, 1088.9092209339142]"
F192013,50,50,0.01,"[315930.36989718245, 17.17145538330078]"
F192013,50,50,0.1,"[1397.2037327244132, 141.1672191619873]"
F192013,50,50,0.2,"[54.85332399407582, 228.94300818443298]"
F192013,50,50,0.3,"[41.33101256367934, 310.12857484817505]"
F192013,50,50,0.4,"[34.727053096208465, 392.12366247177124]"
F192013,50,50,0.5,"[31.943394754670067, 475.07309103012085]"
F192013,50,50,0.6,"[30.26956970193305, 560.1280002593994]"
F192013,50,50,0.7,"[29.250724796924146, 648.7147059440613]"
F192013,50,50,0.8,"[26.252831547061533, 744.6749126911163]"
F192013,50,50,0.9,"[24.48480039892638, 856.4209721088409]"
F192013,50,50,1.0,"[21.775069076333693, 977.8775298595428]"
